HIERARCHY
ROOT Hips
{
  OFFSET 0.0000 92.1569 0.0000
  CHANNELS 6 Xposition Yposition Zposition Yrotation Xrotation Zrotation
  JOINT Spine
  {
    OFFSET 0.0000 12.8432 0.0000
    CHANNELS 3 Yrotation Xrotation Zrotation
    JOINT Spine1
    {
      OFFSET 0.0000 12.7668 0.0000
      CHANNELS 3 Yrotation Xrotation Zrotation
      JOINT Spine2
      {
        OFFSET 0.0000 12.9359 0.0000
        CHANNELS 3 Yrotation Xrotation Zrotation
        JOINT LeftShoulder
        {
          OFFSET 7.0928 10.5283 0.0000
          CHANNELS 3 Yrotation Xrotation Zrotation
          JOINT LeftArm
          {
            OFFSET 0.0000 13.4072 0.0000
            CHANNELS 3 Yrotation Xrotation Zrotation
            JOINT LeftForeArm
            {
              OFFSET -0.0001 23.6311 0.0000
              CHANNELS 3 Yrotation Xrotation Zrotation
              JOINT LeftHand
              {
                OFFSET 0.0000 26.0214 0.0000
                CHANNELS 3 Yrotation Xrotation Zrotation
                JOINT LeftHandIndex1
                {
                  OFFSET -2.3384 7.3717 0.0940
                  CHANNELS 3 Yrotation Xrotation Zrotation
                  JOINT LeftHandIndex2
                  {
                    OFFSET 0.0000 4.1821 0.0000
                    CHANNELS 3 Yrotation Xrotation Zrotation
                    JOINT LeftHandIndex3
                    {
                      OFFSET 0.0000 2.5729 0.0000
                      CHANNELS 3 Yrotation Xrotation Zrotation
                      End Site
                      {
                        OFFSET 0.0000 1.3566 0.0000
                      }
                    }
                  }
                }
                JOINT LeftHandMiddle1
                {
                  OFFSET -0.4976 7.4289 0.0940
                  CHANNELS 3 Yrotation Xrotation Zrotation
                  JOINT LeftHandMiddle2
                  {
                    OFFSET 0.0000 4.2934 0.0000
                    CHANNELS 3 Yrotation Xrotation Zrotation
                    JOINT LeftHandMiddle3
                    {
                      OFFSET 0.0000 2.8318 0.0000
                      CHANNELS 3 Yrotation Xrotation Zrotation
                      End Site
                      {
                        OFFSET 0.0000 1.4991 0.0000
                      }
                    }
                  }
                }
                JOINT LeftHandPinky1
                {
                  OFFSET 2.8640 6.4077 0.0941
                  CHANNELS 3 Yrotation Xrotation Zrotation
                  JOINT LeftHandPinky2
                  {
                    OFFSET 0.0000 3.2449 0.0000
                    CHANNELS 3 Yrotation Xrotation Zrotation
                    JOINT LeftHandPinky3
                    {
                      OFFSET 0.0000 2.0396 0.0000
                      CHANNELS 3 Yrotation Xrotation Zrotation
                      End Site
                      {
                        OFFSET 0.0000 1.1205 0.0000
                      }
                    }
                  }
                }
                JOINT LeftHandRing1
                {
                  OFFSET 1.3152 7.1278 0.0941
                  CHANNELS 3 Yrotation Xrotation Zrotation
                  JOINT LeftHandRing2
                  {
                    OFFSET 0.0000 4.0102 0.0000
                    CHANNELS 3 Yrotation Xrotation Zrotation
                    JOINT LeftHandRing3
                    {
                      OFFSET 0.0000 2.5863 0.0000
                      CHANNELS 3 Yrotation Xrotation Zrotation
                      End Site
                      {
                        OFFSET 0.0000 1.3500 0.0000
                      }
                    }
                  }
                }
                JOINT LeftHandThumb1
                {
                  OFFSET -2.5440 1.8982 0.0857
                  CHANNELS 3 Yrotation Xrotation Zrotation
                  JOINT LeftHandThumb2
                  {
                    OFFSET 0.0000 3.6174 0.0000
                    CHANNELS 3 Yrotation Xrotation Zrotation
                    JOINT LeftHandThumb3
                    {
                      OFFSET 0.0000 2.7456 0.0000
                      CHANNELS 3 Yrotation Xrotation Zrotation
                      End Site
                      {
                        OFFSET 0.0000 1.7295 0.0000
                      }
                    }
                  }
                }
              }
            }
          }
        }
        JOINT Neck
        {
          OFFSET 0.0000 18.3612 0.0000
          CHANNELS 3 Yrotation Xrotation Zrotation
          JOINT Head
          {
            OFFSET 0.0000 10.8799 0.0000
            CHANNELS 3 Yrotation Xrotation Zrotation
            End Site
            {
              OFFSET 0.0000 7.8269 0.0000
            }
          }
        }
        JOINT RightShoulder
        {
          OFFSET -7.0929 10.5283 0.0000
          CHANNELS 3 Yrotation Xrotation Zrotation
          JOINT RightArm
          {
            OFFSET 0.0000 13.4072 0.0000
            CHANNELS 3 Yrotation Xrotation Zrotation
            JOINT RightForeArm
            {
              OFFSET 0.0000 23.6311 0.0000
              CHANNELS 3 Yrotation Xrotation Zrotation
              JOINT RightHand
              {
                OFFSET -0.0001 26.0214 0.0000
                CHANNELS 3 Yrotation Xrotation Zrotation
                JOINT RightHandIndex1
                {
                  OFFSET 2.3384 7.3718 0.0941
                  CHANNELS 3 Yrotation Xrotation Zrotation
                  JOINT RightHandIndex2
                  {
                    OFFSET 0.0000 4.1821 0.0000
                    CHANNELS 3 Yrotation Xrotation Zrotation
                    JOINT RightHandIndex3
                    {
                      OFFSET 0.0000 2.5730 0.0000
                      CHANNELS 3 Yrotation Xrotation Zrotation
                      End Site
                      {
                        OFFSET 0.0000 1.3566 0.0000
                      }
                    }
                  }
                }
                JOINT RightHandMiddle1
                {
                  OFFSET 0.4976 7.4289 0.0941
                  CHANNELS 3 Yrotation Xrotation Zrotation
                  JOINT RightHandMiddle2
                  {
                    OFFSET 0.0000 4.2934 0.0000
                    CHANNELS 3 Yrotation Xrotation Zrotation
                    JOINT RightHandMiddle3
                    {
                      OFFSET 0.0000 2.8318 0.0000
                      CHANNELS 3 Yrotation Xrotation Zrotation
                      End Site
                      {
                        OFFSET 0.0000 1.4991 0.0000
                      }
                    }
                  }
                }
                JOINT RightHandPinky1
                {
                  OFFSET -2.8640 6.4077 0.0941
                  CHANNELS 3 Yrotation Xrotation Zrotation
                  JOINT RightHandPinky2
                  {
                    OFFSET 0.0000 3.2449 0.0000
                    CHANNELS 3 Yrotation Xrotation Zrotation
                    JOINT RightHandPinky3
                    {
                      OFFSET 0.0000 2.0397 0.0000
                      CHANNELS 3 Yrotation Xrotation Zrotation
                      End Site
                      {
                        OFFSET 0.0000 1.1205 0.0000
                      }
                    }
                  }
                }
                JOINT RightHandRing1
                {
                  OFFSET -1.3152 7.1278 0.0941
                  CHANNELS 3 Yrotation Xrotation Zrotation
                  JOINT RightHandRing2
                  {
                    OFFSET 0.0000 4.0102 0.0000
                    CHANNELS 3 Yrotation Xrotation Zrotation
                    JOINT RightHandRing3
                    {
                      OFFSET 0.0000 2.5863 0.0000
                      CHANNELS 3 Yrotation Xrotation Zrotation
                      End Site
                      {
                        OFFSET 0.0000 1.3500 0.0000
                      }
                    }
                  }
                }
                JOINT RightHandThumb1
                {
                  OFFSET 2.5440 1.8982 0.0856
                  CHANNELS 3 Yrotation Xrotation Zrotation
                  JOINT RightHandThumb2
                  {
                    OFFSET 0.0000 3.6173 0.0000
                    CHANNELS 3 Yrotation Xrotation Zrotation
                    JOINT RightHandThumb3
                    {
                      OFFSET 0.0000 2.7456 0.0000
                      CHANNELS 3 Yrotation Xrotation Zrotation
                      End Site
                      {
                        OFFSET 0.0000 1.7295 0.0000
                      }
                    }
                  }
                }
              }
            }
          }
        }
      }
    }
  }
  JOINT LeftUpLeg
  {
    OFFSET 7.9554 0.0000 0.0000
    CHANNELS 3 Yrotation Xrotation Zrotation
    JOINT LeftLeg
    {
      OFFSET 0.0000 42.3529 0.0000
      CHANNELS 3 Yrotation Xrotation Zrotation
      JOINT LeftFoot
      {
        OFFSET 0.0000 42.0403 0.0000
        CHANNELS 3 Yrotation Xrotation Zrotation
        JOINT LeftToe
        {
          OFFSET 0.0000 15.0850 0.0000
          CHANNELS 3 Yrotation Xrotation Zrotation
          End Site
          {
            OFFSET 0.0000 3.5000 0.0000
          }
        }
      }
    }
  }
  JOINT RightUpLeg
  {
    OFFSET -7.9554 0.0000 0.0000
    CHANNELS 3 Yrotation Xrotation Zrotation
    JOINT RightLeg
    {
      OFFSET 0.0000 42.3529 0.0000
      CHANNELS 3 Yrotation Xrotation Zrotation
      JOINT RightFoot
      {
        OFFSET 0.0000 42.0403 0.0000
        CHANNELS 3 Yrotation Xrotation Zrotation
        JOINT RightToe
        {
          OFFSET 0.0000 15.0850 0.0000
          CHANNELS 3 Yrotation Xrotation Zrotation
          End Site
          {
            OFFSET 0.0000 3.5000 0.0000
          }
        }
      }
    }
  }
}
MOTION
Frames: 620
Frame Time: 0.016667
0.0000 92.1569 0.0000 0.0000 0.0000 0.0000 0.0000 0.0000 0.0000 0.0000 0.0000 0.0000 0.0000 0.0000 0.0000 -270.0000 90.0000 0.0000 0.0000 0.0000 0.0000 0.0000 0.0000 0.0000 0.0000 0.0000 0.0000 0.0000 0.0000 0.0001 0.0000 0.0000 0.0000 0.0000 -0.0013 -0.0008 0.0000 -0.0004 0.0001 0.0000 0.0000 0.0000 0.0000 0.0000 0.0000 0.0000 0.0003 0.0000 0.0000 -0.0006 0.0003 0.0000 0.0004 -0.0006 0.0000 0.0000 0.0001 0.0000 0.0000 0.0000 0.0000 -0.0010 -0.0002 0.0000 0.0002 30.0001 -0.0001 0.0005 -29.9998 0.0000 0.0000 0.0000 0.0000 0.0000 0.0000 0.0000 0.0000 0.0000 270.0001 90.0000 0.0000 0.0000 0.0000 0.0000 0.0000 0.0000 0.0000 0.0000 0.0000 0.0000 0.0000 -0.0001 0.0001 0.0000 0.0000 0.0000 0.0000 -0.0006 0.0003 0.0000 -0.0001 0.0001 0.0000 0.0000 0.0000 0.0000 0.0000 0.0000 0.0000 0.0007 0.0001 0.0000 -0.0012 0.0001 0.0000 -0.0008 0.0003 0.0000 0.0001 0.0000 0.0000 0.0000 0.0000 0.0000 -0.0009 0.0000 0.0000 0.0002 -29.9997 -0.0001 -0.0003 29.9996 0.0000 0.0000 0.0000 0.0000 0.0000 179.9999 0.0000 0.0001 0.0826 -0.1744 64.6492 -0.1930 0.0000 25.3510 0.0000 0.0000 0.0000 180.0000 0.0000 0.0000 -0.0827 0.1745 64.6492 0.1931 0.0000 25.3508 -0.0001 
-7.3474 92.0828 4.4828 0.8965 -1.9997 0.0004 1.6708 0.5884 -0.0957 1.6712 0.5886 -0.0957 1.6758 0.5902 -0.0960 101.1775 90.0000 0.0000 72.3536 75.7674 66.6781 0.7502 1.2306 6.8636 -0.0341 0.5275 -0.2720 0.0000 0.0000 0.0001 0.0000 0.0000 0.0000 0.0000 -0.0013 -0.0008 0.0000 -0.0004 0.0001 0.0000 0.0000 0.0000 0.0000 0.0000 0.0000 0.0000 0.0002 0.0000 0.0000 -0.0006 0.0003 0.0000 0.0004 -0.0006 0.0000 0.0000 0.0001 0.0000 0.0000 0.0000 0.0000 -0.0010 -0.0002 0.0000 0.0002 30.0001 -0.0001 0.0005 -29.9998 0.0000 0.0000 0.0000 0.0608 1.2006 0.5994 0.0608 1.2006 0.5994 168.5327 86.6195 -79.4863 -77.1466 80.7767 -77.8164 -8.5375 -0.4595 -6.6084 0.0224 0.4092 0.3712 0.0000 -0.0001 0.0001 0.0000 0.0000 0.0000 0.0000 -0.0006 0.0003 0.0000 -0.0001 0.0001 0.0000 0.0000 0.0000 0.0000 0.0000 0.0000 0.0000 0.0007 0.0001 0.0000 -0.0012 0.0001 0.0000 -0.0008 0.0003 0.0000 0.0001 0.0000 0.0000 0.0000 0.0000 0.0000 -0.0009 0.0000 0.0000 0.0002 -29.9996 -0.0001 -0.0003 29.9996 0.0000 0.0000 0.0000 -0.6858 -1.5192 178.8951 0.0285 -9.0403 0.0805 -6.6075 69.4270 0.2426 0.0000 25.6674 0.0000 -2.7855 1.4568 -179.0995 -0.0059 -5.7662 -0.0824 6.6928 69.7084 1.7080 0.0000 25.0204 -0.0001 
-7.3475 92.0860 4.4848 0.8627 -2.0089 -0.0067 1.6671 0.5908 -0.0960 1.6675 0.5910 -0.0960 1.6721 0.5926 -0.0962 101.2043 90.0000 0.0000 72.4696 75.7347 66.7243 0.7895 1.2344 6.9738 -0.0347 0.5280 -0.2717 0.0000 0.0000 0.0001 0.0000 0.0000 0.0000 0.0000 -0.0013 -0.0008 0.0000 -0.0004 0.0001 0.0000 0.0000 0.0000 0.0000 0.0000 0.0000 0.0000 0.0002 0.0000 0.0000 -0.0006 0.0003 0.0000 0.0004 -0.0006 0.0000 0.0000 0.0001 0.0000 0.0000 0.0000 0.0000 -0.0010 -0.0002 0.0000 0.0002 30.0001 -0.0001 0.0005 -29.9998 0.0000 0.0000 0.0000 0.0954 1.2125 0.5951 0.0954 1.2125 0.5951 168.4619 86.6134 -79.5699 -77.1019 80.7756 -77.7616 -8.5091 -0.4673 -6.5917 0.0223 0.4092 0.3706 0.0000 -0.0001 0.0001 0.0000 0.0000 0.0000 0.0000 -0.0006 0.0003 0.0000 -0.0001 0.0001 0.0000 0.0000 0.0000 0.0000 0.0000 0.0000 0.0000 0.0007 0.0001 0.0000 -0.0012 0.0001 0.0000 -0.0008 0.0003 0.0000 0.0001 0.0000 0.0000 0.0000 0.0000 0.0000 -0.0009 0.0000 0.0000 0.0002 -29.9996 -0.0001 -0.0003 29.9996 0.0000 0.0000 0.0000 -0.7072 -1.5092 178.8981 0.0293 -9.0427 0.0805 -6.6595 69.4280 0.2475 0.0000 25.6579 0.0000 -2.7758 1.4793 -179.0868 -0.0059 -5.7414 -0.0824 6.6533 69.6988 1.6893 0.0000 25.0204 -0.0001 
-7.3521 92.0863 4.4871 0.8254 -2.0219 -0.0119 1.6607 0.5945 -0.0981 1.6611 0.5947 -0.0981 1.6657 0.5964 -0.0984 101.2395 90.0000 0.0000 72.6203 75.7038 66.7755 0.8414 1.2432 7.1268 -0.0353 0.5279 -0.2711 0.0000 0.0000 0.0001 0.0000 0.0000 0.0000 0.0000 -0.0013 -0.0008 0.0000 -0.0004 0.0001 0.0000 0.0000 0.0000 0.0000 0.0000 0.0000 0.0000 0.0002 0.0000 0.0000 -0.0006 0.0003 0.0000 0.0004 -0.0006 0.0000 0.0000 0.0001 0.0000 0.0000 0.0000 0.0000 -0.0010 -0.0002 0.0000 0.0002 30.0001 -0.0001 0.0005 -29.9998 0.0000 0.0000 0.0000 0.1404 1.2275 0.5904 0.1404 1.2275 0.5904 168.3687 86.6036 -79.6800 -77.0309 80.7811 -77.6762 -8.4709 -0.4736 -6.5751 0.0222 0.4091 0.3697 0.0000 -0.0001 0.0001 0.0000 0.0000 0.0000 0.0000 -0.0006 0.0003 0.0000 -0.0001 0.0001 0.0000 0.0000 0.0000 0.0000 0.0000 0.0000 0.0000 0.0007 0.0001 0.0000 -0.0012 0.0001 0.0000 -0.0008 0.0003 0.0000 0.0001 0.0000 0.0000 0.0000 0.0000 0.0000 -0.0009 0.0000 0.0000 0.0002 -29.9996 -0.0001 -0.0003 29.9996 0.0000 0.0000 0.0000 -0.7348 -1.4973 178.9016 0.0307 -9.0493 0.0804 -6.7298 69.4296 0.2432 0.0000 25.6688 0.0000 -2.7569 1.5121 -179.0616 -0.0045 -5.7043 -0.0825 6.5826 69.6860 1.6320 0.0000 25.0204 -0.0001 
-7.3578 92.0872 4.4924 0.7987 -2.0344 -0.0095 1.6519 0.5987 -0.1029 1.6523 0.5989 -0.1029 1.6569 0.6006 -0.1032 101.2750 90.0000 0.0000 72.7729 75.6852 66.8173 0.8845 1.2599 7.2887 -0.0361 0.5274 -0.2705 0.0000 0.0000 0.0001 0.0000 0.0000 0.0000 0.0000 -0.0013 -0.0008 0.0000 -0.0004 0.0001 0.0000 0.0000 0.0000 0.0000 0.0000 0.0000 0.0000 0.0002 0.0000 0.0000 -0.0006 0.0003 0.0000 0.0004 -0.0006 0.0000 0.0000 0.0001 0.0000 0.0000 0.0000 0.0000 -0.0010 -0.0002 0.0000 0.0003 30.0001 -0.0001 0.0005 -29.9998 0.0000 0.0000 0.0000 0.1842 1.2416 0.5869 0.1842 1.2416 0.5869 168.3146 86.5955 -79.7537 -76.9372 80.7963 -77.5658 -8.4354 -0.4730 -6.5663 0.0222 0.4091 0.3691 0.0000 -0.0001 0.0001 0.0000 0.0000 0.0000 0.0000 -0.0006 0.0003 0.0000 -0.0001 0.0001 0.0000 0.0000 0.0000 0.0000 0.0000 0.0000 0.0000 0.0007 0.0001 0.0000 -0.0012 0.0001 0.0000 -0.0008 0.0003 0.0000 0.0001 0.0000 0.0000 0.0000 0.0000 0.0000 -0.0009 0.0000 0.0000 0.0002 -29.9997 -0.0001 -0.0003 29.9996 0.0000 0.0000 0.0000 -0.7631 -1.4818 178.8986 0.0316 -9.0499 0.0803 -6.7915 69.4287 0.2370 0.0000 25.6720 0.0000 -2.7280 1.5602 -179.0356 -0.0021 -5.6418 -0.0826 6.5120 69.6645 1.5561 0.0000 25.0204 -0.0001 
-7.3635 92.0889 4.5001 0.7769 -2.0467 -0.0022 1.6420 0.6041 -0.1092 1.6424 0.6043 -0.1092 1.6469 0.6060 -0.1095 101.3094 90.0000 0.0000 72.9317 75.6744 66.8579 0.9050 1.2887 7.4553 -0.0368 0.5265 -0.2701 0.0000 0.0000 0.0001 0.0000 0.0000 0.0000 0.0000 -0.0013 -0.0008 0.0000 -0.0004 0.0001 0.0000 0.0000 0.0000 0.0000 0.0000 0.0000 0.0000 0.0002 0.0000 0.0000 -0.0006 0.0003 0.0000 0.0004 -0.0006 0.0000 0.0000 0.0001 0.0000 0.0000 0.0000 0.0000 -0.0010 -0.0002 0.0000 0.0002 30.0001 -0.0001 0.0005 -29.9998 0.0000 0.0000 0.0000 0.2279 1.2532 0.5840 0.2279 1.2532 0.5840 168.2990 86.5883 -79.7899 -76.8351 80.8163 -77.4453 -8.4020 -0.4677 -6.5643 0.0222 0.4091 0.3686 0.0000 -0.0001 0.0001 0.0000 0.0000 0.0000 0.0000 -0.0006 0.0003 0.0000 -0.0001 0.0001 0.0000 0.0000 0.0000 0.0000 0.0000 0.0000 0.0000 0.0007 0.0001 0.0000 -0.0012 0.0001 0.0000 -0.0008 0.0003 0.0000 0.0001 0.0000 0.0000 0.0000 0.0000 0.0000 -0.0009 0.0000 0.0000 0.0002 -29.9996 -0.0001 -0.0003 29.9996 0.0000 0.0000 0.0000 -0.7862 -1.4534 178.8913 0.0321 -9.0269 0.0802 -6.8406 69.4174 0.2325 0.0000 25.6738 0.0000 -2.6877 1.6079 -179.0148 0.0001 -5.5814 -0.0827 6.4634 69.6441 1.4884 0.0000 25.0204 -0.0001 
-7.3695 92.0913 4.5088 0.7599 -2.0600 0.0111 1.6314 0.6120 -0.1171 1.6318 0.6122 -0.1171 1.6363 0.6139 -0.1174 101.3422 90.0000 0.0000 73.1360 75.6688 66.9438 0.8678 1.3378 7.6001 -0.0374 0.5240 -0.2697 0.0000 0.0000 0.0001 0.0000 0.0000 0.0000 0.0000 -0.0013 -0.0008 0.0000 -0.0004 0.0001 0.0000 0.0000 0.0000 0.0000 0.0000 0.0000 0.0000 0.0002 0.0000 0.0000 -0.0006 0.0003 0.0000 0.0004 -0.0006 0.0000 0.0000 0.0001 0.0000 0.0000 0.0000 0.0000 -0.0010 -0.0002 0.0000 0.0002 30.0001 -0.0001 0.0005 -29.9998 0.0000 0.0000 0.0000 0.2695 1.2593 0.5820 0.2695 1.2593 0.5820 168.3336 86.5846 -79.7783 -76.7277 80.8356 -77.3172 -8.3733 -0.4558 -6.5741 0.0223 0.4093 0.3684 0.0000 -0.0001 0.0001 0.0000 0.0000 0.0000 0.0000 -0.0006 0.0003 0.0000 -0.0001 0.0001 0.0000 0.0000 0.0000 0.0000 0.0000 0.0000 0.0000 0.0007 0.0001 0.0000 -0.0011 0.0001 0.0000 -0.0008 0.0003 0.0000 0.0001 0.0000 0.0000 0.0000 0.0000 0.0000 -0.0009 0.0000 0.0000 0.0002 -29.9996 -0.0001 -0.0003 29.9996 0.0000 0.0000 0.0000 -0.7964 -1.4035 178.8794 0.0324 -8.9644 0.0802 -6.8674 69.3876 0.2319 0.0000 25.6796 0.0000 -2.6287 1.6333 -179.0119 0.0012 -5.5643 -0.0828 6.4831 69.6382 1.4720 0.0000 25.0204 -0.0001 
-7.3756 92.0943 4.5150 0.7441 -2.0732 0.0292 1.6216 0.6214 -0.1262 1.6220 0.6216 -0.1262 1.6265 0.6233 -0.1265 101.3737 90.0000 0.0000 73.4228 75.6455 67.1317 0.7365 1.4043 7.6798 -0.0377 0.5211 -0.2697 0.0000 0.0000 0.0001 0.0000 0.0000 0.0000 0.0000 -0.0013 -0.0008 0.0000 -0.0004 0.0001 0.0000 0.0000 0.0000 0.0000 0.0000 0.0000 0.0000 0.0002 0.0000 0.0000 -0.0006 0.0003 0.0000 0.0004 -0.0006 0.0000 0.0000 0.0001 0.0000 0.0000 0.0000 0.0000 -0.0010 -0.0002 0.0000 0.0002 30.0001 -0.0001 0.0005 -29.9998 0.0000 0.0000 0.0000 0.3089 1.2604 0.5806 0.3089 1.2604 0.5806 168.4139 86.5825 -79.7197 -76.6339 80.8479 -77.1998 -8.3493 -0.4398 -6.5932 0.0224 0.4092 0.3680 0.0000 -0.0001 0.0001 0.0000 0.0000 0.0000 0.0000 -0.0006 0.0003 0.0000 -0.0001 0.0001 0.0000 0.0000 0.0000 0.0000 0.0000 0.0000 0.0000 0.0007 0.0001 0.0000 -0.0012 0.0001 0.0000 -0.0008 0.0003 0.0000 0.0001 0.0000 0.0000 0.0000 0.0000 0.0000 -0.0009 0.0000 0.0000 0.0002 -29.9996 -0.0001 -0.0003 29.9996 0.0000 0.0000 0.0000 -0.7937 -1.3438 178.8636 0.0326 -8.8790 0.0803 -6.8759 69.3457 0.2357 0.0000 25.6842 0.0000 -2.5561 1.6311 -179.0215 0.0025 -5.5972 -0.0828 6.5467 69.6506 1.4920 0.0000 25.0203 -0.0001 
-7.3779 92.0979 4.5187 0.7272 -2.0842 0.0495 1.6127 0.6307 -0.1353 1.6131 0.6309 -0.1353 1.6176 0.6327 -0.1356 101.4021 90.0000 0.0000 73.8027 75.5913 67.4397 0.4998 1.4848 7.6757 -0.0375 0.5164 -0.2692 0.0000 0.0000 0.0001 0.0000 0.0000 0.0000 0.0000 -0.0013 -0.0008 0.0000 -0.0004 0.0001 0.0000 0.0000 0.0000 0.0000 0.0000 0.0000 0.0000 0.0002 0.0000 0.0000 -0.0006 0.0003 0.0000 0.0004 -0.0006 0.0000 0.0000 0.0001 0.0000 0.0000 0.0000 0.0000 -0.0010 -0.0002 0.0000 0.0002 30.0001 -0.0001 0.0005 -29.9998 0.0000 0.0000 0.0000 0.3482 1.2575 0.5784 0.3482 1.2575 0.5784 168.5509 86.5799 -79.6030 -76.5576 80.8514 -77.1007 -8.3288 -0.4213 -6.6172 0.0226 0.4095 0.3677 0.0000 -0.0001 0.0001 0.0000 0.0000 0.0000 0.0000 -0.0006 0.0003 0.0000 -0.0001 0.0001 0.0000 0.0000 0.0000 0.0000 0.0000 0.0000 0.0000 0.0007 0.0001 0.0000 -0.0011 0.0001 0.0000 -0.0008 0.0003 0.0000 0.0001 0.0000 0.0000 0.0000 0.0000 0.0000 -0.0008 0.0000 0.0000 0.0002 -29.9996 -0.0001 -0.0003 29.9996 0.0000 0.0000 0.0000 -0.7816 -1.2777 178.8436 0.0322 -8.7735 0.0803 -6.8656 69.2931 0.2505 0.0000 25.6885 0.0000 -2.4715 1.6031 -179.0379 0.0038 -5.6729 -0.0829 6.6411 69.6760 1.5410 0.0000 25.0203 -0.0001 
-7.3716 92.1026 4.5187 0.7043 -2.0911 0.0713 1.6060 0.6396 -0.1444 1.6064 0.6398 -0.1444 1.6109 0.6416 -0.1448 101.4234 90.0000 0.0000 74.2962 75.4911 67.9094 0.1104 1.5786 7.5259 -0.0368 0.5116 -0.2691 0.0000 0.0000 0.0001 0.0000 0.0000 0.0000 0.0000 -0.0013 -0.0008 0.0000 -0.0004 0.0001 0.0000 0.0000 0.0000 0.0000 0.0000 0.0000 0.0000 0.0002 0.0000 0.0000 -0.0006 0.0003 0.0000 0.0004 -0.0006 0.0000 0.0000 0.0001 0.0000 0.0000 0.0000 0.0000 -0.0010 -0.0002 0.0000 0.0003 30.0001 -0.0001 0.0005 -29.9998 0.0000 0.0000 0.0000 0.3897 1.2493 0.5734 0.3897 1.2493 0.5734 168.7126 86.5753 -79.4544 -76.5266 80.8362 -77.0532 -8.3061 -0.4009 -6.6409 0.0227 0.4094 0.3672 0.0000 -0.0001 0.0001 0.0000 0.0000 0.0000 0.0000 -0.0006 0.0003 0.0000 -0.0001 0.0001 0.0000 0.0000 0.0000 0.0000 0.0000 0.0000 0.0000 0.0007 0.0001 0.0000 -0.0012 0.0001 0.0000 -0.0008 0.0003 0.0000 0.0001 0.0000 0.0000 0.0000 0.0000 0.0000 -0.0009 0.0000 0.0000 0.0002 -29.9996 -0.0001 -0.0003 29.9996 0.0000 0.0000 0.0000 -0.7570 -1.2037 178.8166 0.0306 -8.6406 0.0805 -6.8285 69.2275 0.2873 0.0000 25.6882 0.0000 -2.3612 1.5460 -179.0620 0.0050 -5.7914 -0.0830 6.7834 69.7085 1.6329 0.0000 25.0202 -0.0001 
-7.3605 92.1083 4.5185 0.6727 -2.0949 0.0918 1.6024 0.6484 -0.1538 1.6028 0.6486 -0.1539 1.6072 0.6504 -0.1543 101.4358 90.0000 0.0000 74.8184 75.3884 68.4367 -0.3556 1.6753 7.2591 -0.0355 0.5059 -0.2684 0.0000 0.0000 0.0001 0.0000 0.0000 0.0000 0.0000 -0.0013 -0.0008 0.0000 -0.0004 0.0001 0.0000 0.0000 0.0000 0.0000 0.0000 0.0000 0.0000 0.0003 0.0000 0.0000 -0.0006 0.0003 0.0000 0.0004 -0.0006 0.0000 0.0000 0.0001 0.0000 0.0000 0.0000 0.0000 -0.0010 -0.0002 0.0000 0.0002 30.0001 -0.0001 0.0005 -29.9998 0.0000 0.0000 0.0000 0.4335 1.2374 0.5656 0.4335 1.2374 0.5656 168.7942 86.5684 -79.3686 -76.5357 80.7980 -77.0561 -8.2765 -0.3816 -6.6612 0.0228 0.4095 0.3671 0.0000 -0.0001 0.0001 0.0000 0.0000 0.0000 0.0000 -0.0006 0.0003 0.0000 -0.0001 0.0001 0.0000 0.0000 0.0000 0.0000 0.0000 0.0000 0.0000 0.0007 0.0001 0.0000 -0.0012 0.0001 0.0000 -0.0008 0.0003 0.0000 0.0001 0.0000 0.0000 0.0000 0.0000 0.0000 -0.0009 0.0000 0.0000 0.0002 -29.9996 -0.0001 -0.0003 29.9996 0.0000 0.0000 0.0000 -0.7106 -1.1155 178.7885 0.0285 -8.4754 0.0807 -6.7616 69.1499 0.3432 0.0000 25.6855 0.0000 -2.2297 1.4671 -179.0892 0.0061 -5.9453 -0.0830 6.9570 69.7480 1.7569 0.0000 25.0201 -0.0001 
-7.3489 92.1150 4.5194 0.6320 -2.0958 0.1106 1.5998 0.6579 -0.1635 1.6002 0.6581 -0.1636 1.6046 0.6599 -0.1640 101.4412 90.0000 0.0000 75.2899 75.3091 68.9306 -0.8438 1.7738 6.9067 -0.0338 0.5002 -0.2675 0.0000 0.0000 0.0001 0.0000 0.0000 0.0000 0.0000 -0.0013 -0.0008 0.0000 -0.0004 0.0001 0.0000 0.0000 0.0000 0.0000 0.0000 0.0000 0.0000 0.0002 0.0000 0.0000 -0.0006 0.0003 0.0000 0.0004 -0.0006 0.0000 0.0000 0.0001 0.0000 0.0000 0.0000 0.0000 -0.0010 -0.0002 0.0000 0.0002 30.0001 -0.0001 0.0005 -29.9998 0.0000 0.0000 0.0000 0.4822 1.2217 0.5548 0.4822 1.2217 0.5548 168.8101 86.5616 -79.3318 -76.5923 80.7383 -77.1174 -8.2433 -0.3647 -6.6775 0.0229 0.4097 0.3674 0.0000 -0.0001 0.0001 0.0000 0.0000 0.0000 0.0000 -0.0006 0.0003 0.0000 -0.0001 0.0001 0.0000 0.0000 0.0000 0.0000 0.0000 0.0000 0.0000 0.0007 0.0001 0.0000 -0.0012 0.0001 0.0000 -0.0008 0.0003 0.0000 0.0001 0.0000 0.0000 0.0000 0.0000 0.0000 -0.0009 0.0000 0.0000 0.0002 -29.9996 -0.0001 -0.0003 29.9996 0.0000 0.0000 0.0000 -0.6504 -1.0128 178.7622 0.0263 -8.2797 0.0809 -6.6810 69.0614 0.4092 0.0000 25.6821 0.0000 -2.0895 1.3743 -179.1170 0.0074 -6.1212 -0.0831 7.1372 69.7911 1.8976 0.0000 25.0199 -0.0001 
-7.3345 92.1229 4.5230 0.5772 -2.0923 0.1247 1.5923 0.6728 -0.1724 1.5927 0.6730 -0.1724 1.5971 0.6749 -0.1728 101.4357 90.0000 0.0000 75.5469 75.3016 69.2279 -1.2849 1.8677 6.4808 -0.0320 0.4950 -0.2665 0.0000 0.0000 0.0001 0.0000 0.0000 0.0000 0.0000 -0.0013 -0.0008 0.0000 -0.0004 0.0001 0.0000 0.0000 0.0000 0.0000 0.0000 0.0000 0.0000 0.0002 0.0000 0.0000 -0.0006 0.0003 0.0000 0.0004 -0.0006 0.0000 0.0000 0.0001 0.0000 0.0000 0.0000 0.0000 -0.0010 -0.0002 0.0000 0.0002 30.0001 -0.0001 0.0005 -29.9998 0.0000 0.0000 0.0000 0.5467 1.1935 0.5376 0.5467 1.1935 0.5376 168.7872 86.5638 -79.3159 -76.7435 80.6471 -77.2970 -8.2103 -0.3526 -6.6847 0.0230 0.4092 0.3679 0.0000 -0.0001 0.0001 0.0000 0.0000 0.0000 0.0000 -0.0006 0.0003 0.0000 -0.0001 0.0001 0.0000 0.0000 0.0000 0.0000 0.0000 0.0000 0.0000 0.0007 0.0001 0.0000 -0.0012 0.0001 0.0000 -0.0008 0.0003 0.0000 0.0001 0.0000 0.0000 0.0000 0.0000 0.0000 -0.0009 0.0000 0.0000 0.0002 -29.9996 -0.0001 -0.0003 29.9996 0.0000 0.0000 0.0000 -0.5868 -0.8918 178.7381 0.0236 -8.0455 0.0811 -6.5992 68.9585 0.4883 0.0000 25.6831 0.0000 -1.9459 1.2704 -179.1442 0.0083 -6.3119 -0.0832 7.3121 69.8335 2.0559 0.0000 25.0198 -0.0001 
-7.3157 92.1316 4.5285 0.5143 -2.0876 0.1338 1.5765 0.6968 -0.1801 1.5768 0.6970 -0.1801 1.5812 0.6989 -0.1806 101.4129 90.0000 0.0000 75.5303 75.3736 69.2814 -1.6496 1.9496 6.0411 -0.0301 0.4911 -0.2665 0.0000 0.0000 0.0001 0.0000 0.0000 0.0000 0.0000 -0.0013 -0.0008 0.0000 -0.0004 0.0001 0.0000 0.0000 0.0000 0.0000 0.0000 0.0000 0.0000 0.0002 0.0000 0.0000 -0.0006 0.0003 0.0000 0.0004 -0.0006 0.0000 0.0000 0.0001 0.0000 0.0000 0.0000 0.0000 -0.0010 -0.0002 0.0000 0.0002 30.0001 -0.0001 0.0005 -29.9998 0.0000 0.0000 0.0000 0.6267 1.1483 0.5138 0.6267 1.1483 0.5138 168.6543 86.5829 -79.3948 -76.9510 80.5252 -77.5597 -8.1773 -0.3433 -6.6829 0.0230 0.4091 0.3697 0.0000 -0.0001 0.0001 0.0000 0.0000 0.0000 0.0000 -0.0006 0.0003 0.0000 -0.0001 0.0001 0.0000 0.0000 0.0000 0.0000 0.0000 0.0000 0.0000 0.0007 0.0001 0.0000 -0.0012 0.0001 0.0000 -0.0008 0.0003 0.0000 0.0001 0.0000 0.0000 0.0000 0.0000 0.0000 -0.0009 0.0000 0.0000 0.0002 -29.9996 -0.0001 -0.0003 29.9996 0.0000 0.0000 0.0000 -0.5117 -0.7650 178.7162 0.0198 -7.8018 0.0814 -6.5001 68.8538 0.5827 0.0000 25.6817 0.0000 -1.8007 1.1758 -179.1700 0.0081 -6.4829 -0.0832 7.4830 69.8618 2.2225 0.0000 25.0196 -0.0001 
-7.2986 92.1407 4.5361 0.4486 -2.0849 0.1393 1.5507 0.7302 -0.1878 1.5510 0.7305 -0.1878 1.5553 0.7325 -0.1883 101.3767 90.0000 0.0000 75.2559 75.5082 69.1185 -1.9602 2.0314 5.5904 -0.0283 0.4884 -0.2673 0.0000 0.0000 0.0001 0.0000 0.0000 0.0000 0.0000 -0.0013 -0.0008 0.0000 -0.0004 0.0001 0.0000 0.0000 0.0000 0.0000 0.0000 0.0000 0.0000 0.0002 0.0000 0.0000 -0.0006 0.0003 0.0000 0.0004 -0.0006 0.0000 0.0000 0.0001 0.0000 0.0000 0.0000 0.0000 -0.0010 -0.0002 0.0000 0.0003 30.0001 -0.0001 0.0005 -29.9998 0.0000 0.0000 0.0000 0.7217 1.0856 0.4835 0.7217 1.0856 0.4835 168.2903 86.6135 -79.6936 -77.1679 80.3740 -77.8598 -8.1454 -0.3353 -6.6778 0.0230 0.4090 0.3724 0.0000 -0.0001 0.0001 0.0000 0.0000 0.0000 0.0000 -0.0006 0.0003 0.0000 -0.0001 0.0001 0.0000 0.0000 0.0000 0.0000 0.0000 0.0000 0.0000 0.0007 0.0001 0.0000 -0.0012 0.0001 0.0000 -0.0008 0.0003 0.0000 0.0001 0.0000 0.0000 0.0000 0.0000 0.0000 -0.0009 0.0000 0.0000 0.0002 -29.9996 -0.0001 -0.0003 29.9996 0.0000 0.0000 0.0000 -0.4295 -0.6392 178.6993 0.0170 -7.5671 0.0817 -6.3979 68.7549 0.6781 0.0000 25.6745 0.0000 -1.6573 1.1029 -179.1915 0.0072 -6.6176 -0.0831 7.6384 69.8730 2.3789 0.0000 25.0194 -0.0001 
-7.2827 92.1502 4.5485 0.3844 -2.0894 0.1415 1.5086 0.7784 -0.1975 1.5089 0.7786 -0.1976 1.5131 0.7808 -0.1981 101.3148 90.0000 0.0000 74.6241 75.6729 68.6755 -2.2299 2.1413 5.0945 -0.0266 0.4880 -0.2696 0.0000 0.0000 0.0001 0.0000 0.0000 0.0000 0.0000 -0.0013 -0.0008 0.0000 -0.0004 0.0001 0.0000 0.0000 0.0000 0.0000 0.0000 0.0000 0.0000 0.0002 0.0000 0.0000 -0.0006 0.0003 0.0000 0.0004 -0.0006 0.0000 0.0000 0.0001 0.0000 0.0000 0.0000 0.0000 -0.0010 -0.0002 0.0000 0.0002 30.0001 -0.0001 0.0005 -29.9998 0.0000 0.0000 0.0000 0.8382 0.9940 0.4453 0.8382 0.9940 0.4453 167.4829 86.6497 -80.4199 -77.3633 80.1835 -78.1831 -8.1257 -0.3261 -6.6783 0.0230 0.4084 0.3762 0.0000 -0.0001 0.0001 0.0000 0.0000 0.0000 0.0000 -0.0006 0.0003 0.0000 -0.0001 0.0001 0.0000 0.0000 0.0000 0.0000 0.0000 0.0000 0.0000 0.0007 0.0001 0.0000 -0.0012 0.0001 0.0000 -0.0008 0.0003 0.0000 0.0001 0.0000 0.0000 0.0000 0.0000 0.0000 -0.0009 0.0000 0.0000 0.0002 -29.9996 -0.0001 -0.0003 29.9996 0.0000 0.0000 0.0000 -0.3604 -0.5095 178.6849 0.0147 -7.3444 0.0818 -6.3076 68.6629 0.7748 0.0000 25.6644 0.0000 -1.5268 1.0723 -179.2102 0.0056 -6.6906 -0.0830 7.7690 69.8597 2.5186 0.0000 25.0192 -0.0001 
-7.2709 92.1604 4.5611 0.3238 -2.1023 0.1442 1.4549 0.8393 -0.2104 1.4552 0.8395 -0.2105 1.4592 0.8419 -0.2110 101.2100 90.0000 0.0000 73.7375 75.7858 68.0411 -2.4693 2.2356 4.5752 -0.0249 0.4910 -0.2730 0.0000 0.0000 0.0001 0.0000 0.0000 0.0000 0.0000 -0.0013 -0.0008 0.0000 -0.0004 0.0001 0.0000 0.0000 0.0000 0.0000 0.0000 0.0000 0.0000 0.0002 0.0000 0.0000 -0.0006 0.0003 0.0000 0.0004 -0.0006 0.0000 0.0000 0.0001 0.0000 0.0000 0.0000 0.0000 -0.0010 -0.0002 0.0000 0.0003 30.0001 -0.0001 0.0005 -29.9998 0.0000 0.0000 0.0000 0.9683 0.8771 0.4064 0.9683 0.8771 0.4064 166.3555 86.6799 -81.4463 -77.5391 79.9754 -78.5245 -8.1332 -0.3105 -6.6923 0.0231 0.4080 0.3813 0.0000 -0.0001 0.0001 0.0000 0.0000 0.0000 0.0000 -0.0006 0.0003 0.0000 -0.0001 0.0001 0.0000 0.0000 0.0000 0.0000 0.0000 0.0000 0.0000 0.0007 0.0001 0.0000 -0.0012 0.0001 0.0000 -0.0008 0.0003 0.0000 0.0001 0.0000 0.0000 0.0000 0.0000 0.0000 -0.0009 0.0000 0.0000 0.0002 -29.9996 -0.0001 -0.0003 29.9996 0.0000 0.0000 0.0000 -0.3168 -0.3636 178.6713 0.0129 -7.1043 0.0820 -6.2430 68.5599 0.8682 0.0000 25.6584 0.0000 -1.4111 1.0703 -179.2268 0.0040 -6.7249 -0.0829 7.8735 69.8319 2.6392 0.0000 25.0190 -0.0001 
-7.2563 92.1712 4.5714 0.2670 -2.1229 0.1468 1.3939 0.9108 -0.2257 1.3942 0.9110 -0.2257 1.3981 0.9136 -0.2263 101.0653 90.0000 0.0000 72.6702 75.8226 67.3079 -2.6435 2.2978 4.0272 -0.0232 0.4979 -0.2771 0.0000 0.0000 0.0001 0.0000 0.0000 0.0000 0.0000 -0.0013 -0.0008 0.0000 -0.0004 0.0001 0.0000 0.0000 0.0000 0.0000 0.0000 0.0000 0.0000 0.0002 0.0000 0.0000 -0.0006 0.0003 0.0000 0.0004 -0.0006 0.0000 0.0000 0.0001 0.0000 0.0000 0.0000 0.0000 -0.0010 -0.0002 0.0000 0.0002 30.0001 -0.0001 0.0005 -29.9998 0.0000 0.0000 0.0000 1.1062 0.7379 0.3691 1.1062 0.7379 0.3691 164.9340 86.7045 -82.7473 -77.6772 79.7588 -78.8580 -8.1741 -0.2860 -6.7196 0.0232 0.4071 0.3868 0.0000 -0.0001 0.0001 0.0000 0.0000 0.0000 0.0000 -0.0006 0.0003 0.0000 -0.0001 0.0001 0.0000 0.0000 0.0000 0.0000 0.0000 0.0000 0.0000 0.0007 0.0001 0.0000 -0.0012 0.0001 0.0000 -0.0008 0.0003 0.0000 0.0001 0.0000 0.0000 0.0000 0.0000 0.0000 -0.0009 0.0000 0.0000 0.0002 -29.9996 -0.0001 -0.0003 29.9996 0.0000 0.0000 0.0000 -0.2844 -0.1956 178.6549 0.0110 -6.8312 0.0821 -6.1734 68.4388 0.9758 0.0000 25.6544 0.0000 -1.3068 1.0844 -179.2454 0.0018 -6.7400 -0.0828 7.9724 69.7972 2.7577 0.0000 25.0188 -0.0001 
-7.2415 92.1829 4.5751 0.2124 -2.1547 0.1492 1.3262 0.9971 -0.2435 1.3265 0.9973 -0.2435 1.3302 1.0001 -0.2442 100.8918 90.0000 0.0000 71.4776 75.6970 66.5805 -2.6634 2.3109 3.4084 -0.0211 0.5103 -0.2814 0.0000 0.0000 0.0001 0.0000 0.0000 0.0000 0.0000 -0.0013 -0.0008 0.0000 -0.0004 0.0001 0.0000 0.0000 0.0000 0.0000 0.0000 0.0000 0.0000 0.0002 0.0000 0.0000 -0.0006 0.0003 0.0000 0.0004 -0.0006 0.0000 0.0000 0.0001 0.0000 0.0000 0.0000 0.0000 -0.0010 -0.0002 0.0000 0.0002 30.0001 -0.0001 0.0005 -29.9998 0.0000 0.0000 0.0000 1.2523 0.5672 0.3364 1.2523 0.5672 0.3364 163.0323 86.7241 -84.5048 -77.7303 79.5354 -79.1443 -8.2666 -0.2467 -6.7667 0.0234 0.4060 0.3935 0.0000 -0.0001 0.0001 0.0000 0.0000 0.0000 0.0000 -0.0006 0.0003 0.0000 -0.0001 0.0001 0.0000 0.0000 0.0000 0.0000 0.0000 0.0000 0.0000 0.0007 0.0001 0.0000 -0.0012 0.0001 0.0000 -0.0008 0.0003 0.0000 0.0001 0.0000 0.0000 0.0000 0.0000 0.0000 -0.0009 0.0000 0.0000 0.0002 -29.9997 -0.0001 -0.0003 29.9996 0.0000 0.0000 0.0000 -0.2698 0.0024 178.6373 0.0099 -6.5108 0.0822 -6.1109 68.2904 1.0945 0.0000 25.6541 0.0000 -1.2162 1.1157 -179.2637 -0.0006 -6.7348 -0.0827 8.0577 69.7559 2.8633 0.0000 25.0187 -0.0001 
-7.2260 92.1939 4.5740 0.1523 -2.1918 0.1502 1.2594 1.0928 -0.2612 1.2597 1.0931 -0.2612 1.2632 1.0962 -0.2619 100.7254 90.0000 0.0000 70.3117 75.3966 65.9774 -2.4921 2.2786 2.7225 -0.0187 0.5301 -0.2861 0.0000 0.0000 0.0001 0.0000 0.0000 0.0000 0.0000 -0.0013 -0.0008 0.0000 -0.0004 0.0001 0.0000 0.0000 0.0000 0.0000 0.0000 0.0000 0.0000 0.0002 0.0000 0.0000 -0.0006 0.0003 0.0000 0.0004 -0.0006 0.0000 0.0000 0.0001 0.0000 0.0000 0.0000 0.0000 -0.0010 -0.0002 0.0000 0.0002 30.0001 -0.0001 0.0005 -29.9998 0.0000 0.0000 0.0000 1.3975 0.3794 0.3108 1.3975 0.3794 0.3108 160.9243 86.7455 -86.4455 -77.7606 79.3027 -79.4245 -8.3943 -0.1948 -6.8280 0.0238 0.4049 0.4010 0.0000 -0.0001 0.0001 0.0000 0.0000 0.0000 0.0000 -0.0006 0.0003 0.0000 -0.0001 0.0001 0.0000 0.0000 0.0000 0.0000 0.0000 0.0000 0.0000 0.0007 0.0001 0.0000 -0.0012 0.0001 0.0000 -0.0008 0.0003 0.0000 0.0001 0.0000 0.0000 0.0000 0.0000 0.0000 -0.0009 0.0000 0.0000 0.0002 -29.9996 -0.0001 -0.0003 29.9996 0.0000 0.0000 0.0000 -0.2599 0.2011 178.6199 0.0085 -6.1935 0.0823 -6.0592 68.1412 1.2122 0.0000 25.6536 0.0000 -1.1384 1.1646 -179.2808 -0.0026 -6.6983 -0.0826 8.1174 69.7018 2.9505 0.0000 25.0185 -0.0001 
-7.2112 92.2038 4.5705 0.0849 -2.2310 0.1493 1.1937 1.1969 -0.2768 1.1940 1.1972 -0.2768 1.1973 1.2005 -0.2776 100.5817 90.0000 0.0000 69.2309 74.9559 65.5326 -2.1121 2.1806 2.0076 -0.0160 0.5564 -0.2909 0.0000 0.0000 0.0001 0.0000 0.0000 0.0000 0.0000 -0.0013 -0.0008 0.0000 -0.0004 0.0001 0.0000 0.0000 0.0000 0.0000 0.0000 0.0000 0.0000 0.0002 0.0000 0.0000 -0.0006 0.0003 0.0000 0.0004 -0.0006 0.0000 0.0000 0.0001 0.0000 0.0000 0.0000 0.0000 -0.0010 -0.0002 0.0000 0.0002 30.0001 -0.0001 0.0005 -29.9998 0.0000 0.0000 0.0000 1.5411 0.1801 0.2901 1.5411 0.1801 0.2901 158.7223 86.7821 -88.4676 -77.7918 79.0606 -79.7058 -8.5454 -0.1328 -6.9002 0.0242 0.4035 0.4086 0.0000 -0.0001 0.0001 0.0000 0.0000 0.0000 0.0000 -0.0006 0.0003 0.0000 -0.0001 0.0001 0.0000 0.0000 0.0000 0.0000 0.0000 0.0000 0.0000 0.0007 0.0001 0.0000 -0.0012 0.0001 0.0000 -0.0008 0.0003 0.0000 0.0001 0.0000 0.0000 0.0000 0.0000 0.0000 -0.0009 0.0000 0.0000 0.0002 -29.9996 -0.0001 -0.0003 29.9996 0.0000 0.0000 0.0000 -0.2441 0.3831 178.6051 0.0069 -5.9121 0.0824 -6.0183 68.0083 1.3191 0.0000 25.6501 0.0000 -1.0732 1.2303 -179.2946 -0.0039 -6.6283 -0.0825 8.1418 69.6344 3.0125 0.0000 25.0184 -0.0001 
-7.1939 92.2115 4.5628 0.0083 -2.2701 0.1460 1.1272 1.3122 -0.2859 1.1274 1.3126 -0.2860 1.1305 1.3162 -0.2867 100.5032 90.0000 0.0000 68.3021 74.3991 65.3259 -1.3962 1.9593 1.2971 -0.0127 0.5919 -0.2964 0.0000 0.0000 0.0001 0.0000 0.0000 0.0000 0.0000 -0.0013 -0.0008 0.0000 -0.0004 0.0001 0.0000 0.0000 0.0000 0.0000 0.0000 0.0000 0.0000 0.0002 0.0000 0.0000 -0.0006 0.0003 0.0000 0.0004 -0.0006 0.0000 0.0000 0.0001 0.0000 0.0000 0.0000 0.0000 -0.0010 -0.0002 0.0000 0.0002 30.0001 -0.0001 0.0005 -29.9998 0.0000 0.0000 0.0000 1.6846 -0.0286 0.2675 1.6846 -0.0286 0.2675 156.3996 86.8689 -90.6317 -77.7999 78.8175 -79.9455 -8.7122 -0.0644 -6.9792 0.0247 0.4033 0.4178 0.0000 -0.0001 0.0001 0.0000 0.0000 0.0000 0.0000 -0.0006 0.0003 0.0000 -0.0001 0.0001 0.0000 0.0000 0.0000 0.0000 0.0000 0.0000 0.0000 0.0007 0.0001 0.0000 -0.0012 0.0001 0.0000 -0.0008 0.0003 0.0000 0.0001 0.0000 0.0000 0.0000 0.0000 0.0000 -0.0009 0.0000 0.0000 0.0002 -29.9996 -0.0001 -0.0003 29.9996 0.0000 0.0000 0.0000 -0.2069 0.5251 178.5927 0.0054 -5.7065 0.0825 -5.9780 67.9102 1.4123 0.0000 25.6438 0.0000 -1.0266 1.3084 -179.3061 -0.0043 -6.5258 -0.0825 8.1261 69.5548 3.0475 0.0000 25.0323 -0.0001 
-7.1689 92.2176 4.5538 -0.0740 -2.3059 0.1439 1.0589 1.4337 -0.2896 1.0592 1.4341 -0.2896 1.0621 1.4380 -0.2904 100.5024 90.0000 0.0000 67.4561 73.7006 65.3131 -0.5809 1.7191 0.5428 -0.0089 0.6356 -0.3042 0.0000 0.0000 0.0001 0.0000 0.0000 0.0000 0.0000 -0.0013 -0.0008 0.0000 -0.0004 0.0001 0.0000 0.0000 0.0000 0.0000 0.0000 0.0000 0.0000 0.0002 0.0000 0.0000 -0.0006 0.0003 0.0000 0.0004 -0.0006 0.0000 0.0000 0.0001 0.0000 0.0000 0.0000 0.0000 -0.0010 -0.0002 0.0000 0.0003 30.0001 -0.0001 0.0005 -29.9998 0.0000 0.0000 0.0000 1.8301 -0.2393 0.2324 1.8301 -0.2393 0.2324 153.7959 86.9946 -93.1002 -77.7868 78.5620 -80.1413 -8.8766 -0.0031 -7.0593 0.0252 0.4034 0.4270 0.0000 -0.0001 0.0001 0.0000 0.0000 0.0000 0.0000 -0.0006 0.0003 0.0000 -0.0001 0.0001 0.0000 0.0000 0.0000 0.0000 0.0000 0.0000 0.0000 0.0007 0.0001 0.0000 -0.0012 0.0001 0.0000 -0.0008 0.0003 0.0000 0.0001 0.0000 0.0000 0.0000 0.0000 0.0000 -0.0008 0.0000 0.0000 0.0002 -29.9996 -0.0001 -0.0003 29.9996 0.0000 0.0000 0.0000 -0.1503 0.6399 178.5760 0.0036 -5.5486 0.0826 -5.9238 67.8342 1.5056 0.0000 25.6376 0.0000 -0.9976 1.3744 -179.3234 -0.0049 -6.4382 -0.0824 8.0994 69.4851 3.0853 0.0000 25.0474 -0.0001 
-7.1367 92.2225 4.5450 -0.1621 -2.3369 0.1432 0.9894 1.5569 -0.2880 0.9897 1.5573 -0.2880 0.9924 1.5616 -0.2888 33.3471 87.3896 -65.7520 66.6360 72.9190 65.3806 0.2595 1.4712 -0.2217 -0.0045 0.6871 -0.3150 0.0000 0.0000 0.0001 0.0000 0.0000 0.0000 0.0000 -0.0013 -0.0008 0.0000 -0.0004 0.0001 0.0000 0.0000 0.0000 0.0000 0.0000 0.0000 0.0000 0.0002 0.0000 0.0000 -0.0006 0.0003 0.0000 0.0004 -0.0006 0.0000 0.0000 0.0001 0.0000 0.0000 0.0000 0.0000 -0.0010 -0.0002 0.0000 0.0002 30.0001 -0.0001 0.0005 -29.9998 0.0000 0.0000 0.0000 1.9773 -0.4446 0.1832 1.9773 -0.4446 0.1832 150.8319 87.1476 -95.9515 -77.7367 78.3027 -80.2701 -9.0501 0.0469 -7.1489 0.0258 0.4046 0.4367 0.0000 -0.0001 0.0001 0.0000 0.0000 0.0000 0.0000 -0.0006 0.0003 0.0000 -0.0001 0.0001 0.0000 0.0000 0.0000 0.0000 0.0000 0.0000 0.0000 0.0007 0.0001 0.0000 -0.0012 0.0001 0.0000 -0.0008 0.0003 0.0000 0.0001 0.0000 0.0000 0.0000 0.0000 0.0000 -0.0008 0.0000 0.0000 0.0002 -29.9996 -0.0001 -0.0003 29.9996 0.0000 0.0000 0.0000 -0.0711 0.7433 178.5549 0.0013 -5.4053 0.0827 -5.8457 67.7647 1.6056 0.0000 25.6371 0.0000 -0.9868 1.4175 -179.3473 -0.0056 -6.3855 -0.0824 8.0649 69.4344 3.1335 0.0000 25.0545 -0.0001 
-7.1003 92.2262 4.5405 -0.2573 -2.3584 0.1454 0.9177 1.6775 -0.2780 0.9180 1.6781 -0.2781 0.9204 1.6826 -0.2788 32.9827 86.7421 -65.8823 65.6715 72.1204 65.3751 1.0713 1.1888 -0.9718 0.0006 0.7479 -0.3313 0.0000 0.0000 0.0001 0.0000 0.0000 0.0000 0.0000 -0.0013 -0.0008 0.0000 -0.0004 0.0001 0.0000 0.0000 0.0000 0.0000 0.0000 0.0000 0.0000 0.0002 0.0000 0.0000 -0.0006 0.0003 0.0000 0.0004 -0.0006 0.0000 0.0000 0.0001 0.0000 0.0000 0.0000 0.0000 -0.0010 -0.0002 0.0000 0.0002 30.0001 -0.0001 0.0005 -29.9998 0.0000 0.0000 0.0000 2.1280 -0.6387 0.1075 2.1280 -0.6387 0.1075 147.3616 87.3336 -99.3481 -77.5643 78.0603 -80.2171 -9.2760 0.0847 -7.2668 0.0265 0.4072 0.4457 0.0000 -0.0001 0.0001 0.0000 0.0000 0.0000 0.0000 -0.0006 0.0003 0.0000 -0.0001 0.0001 0.0000 0.0000 0.0000 0.0000 0.0000 0.0000 0.0000 0.0007 0.0001 0.0000 -0.0011 0.0001 0.0000 -0.0008 0.0003 0.0000 0.0001 0.0000 0.0000 0.0000 0.0000 0.0000 -0.0008 0.0000 0.0000 0.0002 -29.9996 -0.0001 -0.0002 29.9996 0.0000 0.0000 0.0000 0.0286 0.8389 178.5289 -0.0010 -5.2666 0.0828 -5.7490 67.6991 1.7097 0.0000 25.6448 0.0000 -1.0069 1.4279 -179.3793 -0.0064 -6.3841 -0.0824 8.0107 69.4140 3.1948 0.0000 25.0494 -0.0001 
-7.0634 92.2291 4.5391 -0.3616 -2.3718 0.1512 0.8456 1.7934 -0.2605 0.8459 1.7940 -0.2606 0.8482 1.7988 -0.2612 32.5682 86.0596 -66.0809 64.4151 71.4149 65.1300 1.8227 0.8807 -1.6962 0.0064 0.8176 -0.3536 0.0000 0.0000 0.0001 0.0000 0.0000 0.0000 0.0000 -0.0013 -0.0008 0.0000 -0.0004 0.0001 0.0000 0.0000 0.0000 0.0000 0.0000 0.0000 0.0000 0.0003 0.0000 0.0000 -0.0006 0.0003 0.0000 0.0004 -0.0006 0.0000 0.0000 0.0001 0.0000 0.0000 0.0000 0.0000 -0.0010 -0.0002 0.0000 0.0002 30.0001 -0.0001 0.0005 -29.9998 0.0000 0.0000 0.0000 2.2828 -0.8253 0.0099 2.2828 -0.8253 0.0099 248.1198 90.0000 0.0000 -77.2260 77.8420 -79.9551 -9.5776 0.1232 -7.4125 0.0275 0.4112 0.4538 0.0000 -0.0001 0.0001 0.0000 0.0000 0.0000 0.0000 -0.0006 0.0003 0.0000 -0.0001 0.0001 0.0000 0.0000 0.0000 0.0000 0.0000 0.0000 0.0000 0.0007 0.0001 0.0000 -0.0011 0.0001 0.0000 -0.0008 0.0003 0.0000 0.0001 0.0000 0.0000 0.0000 0.0000 0.0000 -0.0008 0.0000 0.0000 0.0002 -29.9996 -0.0001 -0.0003 29.9996 0.0000 0.0000 0.0000 0.1309 0.9184 178.4990 -0.0030 -5.1488 0.0829 -5.6617 67.6457 1.8102 0.0000 25.6504 0.0000 -1.0499 1.4218 -179.4174 -0.0069 -6.4024 -0.0823 7.9380 69.4065 3.2678 0.0000 25.0423 -0.0001 
-7.0224 92.2312 4.5364 -0.4783 -2.3790 0.1563 0.7750 1.9041 -0.2346 0.7753 1.9047 -0.2347 0.7773 1.9098 -0.2353 32.0591 85.3476 -66.3893 62.8117 70.7743 64.6083 2.4470 0.5873 -2.4289 0.0132 0.8972 -0.3839 0.0000 0.0000 0.0001 0.0000 0.0000 0.0000 0.0000 -0.0013 -0.0008 0.0000 -0.0004 0.0001 0.0000 0.0000 0.0000 0.0000 0.0000 0.0000 0.0000 0.0002 0.0000 0.0000 -0.0006 0.0003 0.0000 0.0004 -0.0006 0.0000 0.0000 0.0001 0.0000 0.0000 0.0000 0.0000 -0.0010 -0.0002 0.0000 0.0002 30.0001 -0.0001 0.0005 -29.9998 0.0000 0.0000 0.0000 2.4425 -1.0058 -0.1035 2.4425 -1.0058 -0.1035 248.1317 90.0000 0.0000 -76.7345 77.6329 -79.5129 -9.9497 0.1714 -7.5815 0.0286 0.4167 0.4612 0.0000 -0.0001 0.0001 0.0000 0.0000 0.0000 0.0000 -0.0006 0.0003 0.0000 -0.0001 0.0001 0.0000 0.0000 0.0000 0.0000 0.0000 0.0000 0.0000 0.0007 0.0001 0.0000 -0.0012 0.0001 0.0000 -0.0008 0.0003 0.0000 0.0001 0.0000 0.0000 0.0000 0.0000 0.0000 -0.0009 0.0000 0.0000 0.0002 -29.9996 -0.0001 -0.0003 29.9996 0.0000 0.0000 0.0000 0.2337 0.9807 178.4670 -0.0050 -5.0530 0.0830 -5.5844 67.6034 1.9120 0.0000 25.6565 0.0000 -1.1084 1.3995 -179.4592 -0.0075 -6.4372 -0.0823 7.8567 69.4070 3.3588 0.0000 25.0306 -0.0001 
-6.9706 92.2320 4.5291 -0.6191 -2.3803 0.1595 0.7068 2.0086 -0.1949 0.7070 2.0093 -0.1950 0.7089 2.0147 -0.1955 31.4235 84.6060 -66.8369 60.6545 70.3366 63.5692 2.8955 0.2690 -3.1070 0.0209 0.9876 -0.4271 0.0000 0.0000 0.0001 0.0000 0.0000 0.0000 0.0000 -0.0013 -0.0008 0.0000 -0.0004 0.0001 0.0000 0.0000 0.0000 0.0000 0.0000 0.0000 0.0000 0.0002 0.0000 0.0000 -0.0006 0.0003 0.0000 0.0004 -0.0006 0.0000 0.0000 0.0001 0.0000 0.0000 0.0000 0.0000 -0.0010 -0.0002 0.0000 0.0002 30.0001 -0.0002 0.0005 -29.9998 0.0000 0.0000 0.0000 2.6145 -1.1811 -0.2348 2.6145 -1.1811 -0.2348 248.1503 90.0000 0.0000 -75.9982 77.4021 -78.7961 -10.4061 0.2508 -7.7864 0.0302 0.4246 0.4674 0.0000 -0.0001 0.0001 0.0000 0.0000 0.0000 0.0000 -0.0006 0.0003 0.0000 -0.0001 0.0001 0.0000 0.0000 0.0000 0.0000 0.0000 0.0000 0.0000 0.0007 0.0001 0.0000 -0.0012 0.0001 0.0000 -0.0008 0.0003 0.0000 0.0001 0.0000 0.0000 0.0000 0.0000 0.0000 -0.0009 0.0000 0.0000 0.0002 -29.9997 -0.0001 -0.0003 29.9996 0.0000 0.0000 0.0000 0.3307 1.0033 178.4293 -0.0072 -5.0217 0.0831 -5.5330 67.5932 2.0158 0.0000 25.6559 0.0000 -1.1800 1.3632 -179.5080 -0.0085 -6.4776 -0.0822 7.7702 69.4070 3.4793 0.0000 25.0181 -0.0001 
-6.9083 92.2314 4.5190 -0.7829 -2.3826 0.1611 0.6411 2.1119 -0.1437 0.6413 2.1128 -0.1438 0.6430 2.1183 -0.1441 30.8813 83.8572 -67.1847 57.9836 70.0694 62.0410 3.2116 -0.0584 -3.6976 0.0291 1.0900 -0.4838 0.0000 0.0000 0.0001 0.0000 0.0000 0.0000 0.0000 -0.0013 -0.0008 0.0000 -0.0004 0.0001 0.0000 0.0000 0.0000 0.0000 0.0000 0.0000 0.0000 0.0002 0.0000 0.0000 -0.0006 0.0003 0.0000 0.0004 -0.0006 0.0000 0.0000 0.0001 0.0000 0.0000 0.0000 0.0000 -0.0010 -0.0002 0.0000 0.0002 30.0001 -0.0001 0.0005 -29.9998 0.0000 0.0000 0.0000 2.8013 -1.3556 -0.3765 2.8013 -1.3556 -0.3765 248.1878 90.0000 0.0000 -75.0995 77.1370 -77.8858 -10.8882 0.3680 -8.0185 0.0322 0.4337 0.4723 0.0000 -0.0001 0.0001 0.0000 0.0000 0.0000 0.0000 -0.0006 0.0003 0.0000 -0.0001 0.0001 0.0000 0.0000 0.0000 0.0000 0.0000 0.0000 0.0000 0.0007 0.0001 0.0000 -0.0012 0.0001 0.0000 -0.0008 0.0003 0.0000 0.0001 0.0000 0.0000 0.0000 0.0000 0.0000 -0.0009 0.0000 0.0000 0.0002 -29.9996 -0.0001 -0.0003 29.9996 0.0000 0.0000 0.0000 0.4201 1.0117 178.3864 -0.0096 -5.0198 0.0832 -5.5079 67.5986 2.1217 0.0000 25.6576 0.0000 -1.2530 1.3113 -179.5625 -0.0094 -6.5422 -0.0822 7.6912 69.4171 3.6301 0.0000 25.0180 -0.0001 
-6.8382 92.2295 4.5081 -0.9670 -2.3887 0.1636 0.5777 2.2158 -0.0837 0.5780 2.2167 -0.0837 0.5795 2.2225 -0.0839 30.4540 83.1004 -67.4027 54.8197 69.9314 60.0267 3.4273 -0.3865 -4.1794 0.0378 1.2060 -0.5556 0.0000 0.0000 0.0001 0.0000 0.0000 0.0000 0.0000 -0.0013 -0.0008 0.0000 -0.0004 0.0001 0.0000 0.0000 0.0000 0.0000 0.0000 0.0000 0.0000 0.0002 0.0000 0.0000 -0.0006 0.0003 0.0000 0.0004 -0.0006 0.0000 0.0000 0.0001 0.0000 0.0000 0.0000 0.0000 -0.0010 -0.0002 0.0000 0.0002 30.0001 -0.0001 0.0005 -29.9998 0.0000 0.0000 0.0000 3.0033 -1.5288 -0.5256 3.0033 -1.5288 -0.5256 248.2390 90.0000 0.0000 -74.1015 76.8166 -76.8592 -11.3627 0.5197 -8.2667 0.0345 0.4449 0.4771 0.0000 -0.0001 0.0001 0.0000 0.0000 0.0000 0.0000 -0.0006 0.0003 0.0000 -0.0001 0.0001 0.0000 0.0000 0.0000 0.0000 0.0000 0.0000 0.0000 0.0007 0.0001 0.0000 -0.0012 0.0001 0.0000 -0.0008 0.0003 0.0000 0.0001 0.0000 0.0000 0.0000 0.0000 0.0000 -0.0009 0.0000 0.0000 0.0002 -29.9996 -0.0001 -0.0003 29.9996 0.0000 0.0000 0.0000 0.5037 1.0070 178.3376 -0.0122 -5.0531 0.0833 -5.5097 67.6230 2.2241 0.0000 25.6576 0.0000 -1.3234 1.2526 -179.6230 -0.0102 -6.6225 -0.0821 7.6150 69.4341 3.8011 0.0000 25.0179 -0.0001 
-6.7581 92.2260 4.4936 -1.1785 -2.4017 0.1679 0.5182 2.3208 -0.0124 0.5185 2.3218 -0.0124 0.5198 2.3278 -0.0124 30.1381 82.2935 -67.4231 50.8661 69.9687 57.1976 3.4780 -0.6938 -4.4659 0.0459 1.3403 -0.6510 0.0000 0.0000 0.0001 0.0000 0.0000 0.0000 0.0000 -0.0013 -0.0008 0.0000 -0.0004 0.0001 0.0000 0.0000 0.0000 0.0000 0.0000 0.0000 0.0000 0.0003 0.0000 0.0000 -0.0006 0.0003 0.0000 0.0004 -0.0006 0.0000 0.0000 0.0001 0.0000 0.0000 0.0000 0.0000 -0.0010 -0.0002 0.0000 0.0002 30.0001 -0.0001 0.0005 -29.9998 0.0000 0.0000 0.0000 3.2292 -1.6978 -0.6849 3.2292 -1.6978 -0.6849 248.3167 90.0000 0.0000 -72.9894 76.3921 -75.7045 -11.7857 0.7185 -8.5315 0.0373 0.4575 0.4805 0.0000 -0.0001 0.0001 0.0000 0.0000 0.0000 0.0000 -0.0006 0.0003 0.0000 -0.0001 0.0001 0.0000 0.0000 0.0000 0.0000 0.0000 0.0000 0.0000 0.0007 0.0001 0.0000 -0.0011 0.0001 0.0000 -0.0008 0.0003 0.0000 0.0001 0.0000 0.0000 0.0000 0.0000 0.0000 -0.0009 0.0000 0.0000 0.0002 -29.9996 -0.0001 -0.0003 29.9996 0.0000 0.0000 0.0000 0.5793 0.9989 178.2803 -0.0148 -5.1049 0.0834 -5.5481 67.6565 2.3215 0.0000 25.6634 0.0000 -1.3836 1.1749 -179.6919 -0.0112 -6.7435 -0.0820 7.5582 69.4696 4.0064 0.0000 25.0178 -0.0001 
-6.6733 92.2215 4.4730 -1.4044 -2.4204 0.1730 0.4584 2.4267 0.0682 0.4587 2.4278 0.0683 0.4598 2.4340 0.0685 29.9364 81.4812 -67.2708 46.2930 70.0068 53.7655 3.3905 -0.9731 -4.5769 0.0530 1.4952 -0.7718 0.0000 0.0000 0.0001 0.0000 0.0000 0.0000 0.0000 -0.0013 -0.0008 0.0000 -0.0004 0.0001 0.0000 0.0000 0.0000 0.0000 0.0000 0.0000 0.0000 0.0002 0.0000 0.0000 -0.0006 0.0003 0.0000 0.0004 -0.0006 0.0000 0.0000 0.0001 0.0000 0.0000 0.0000 0.0000 -0.0010 -0.0002 0.0000 0.0002 30.0001 -0.0001 0.0005 -29.9998 0.0000 0.0000 0.0000 3.4788 -1.8603 -0.8572 3.4788 -1.8603 -0.8572 248.4284 90.0000 0.0000 -71.7910 75.8726 -74.4432 -12.1628 0.9521 -8.8232 0.0405 0.4720 0.4830 0.0000 -0.0001 0.0001 0.0000 0.0000 0.0000 0.0000 -0.0006 0.0003 0.0000 -0.0001 0.0001 0.0000 0.0000 0.0000 0.0000 0.0000 0.0000 0.0000 0.0007 0.0001 0.0000 -0.0012 0.0001 0.0000 -0.0008 0.0003 0.0000 0.0001 0.0000 0.0000 0.0000 0.0000 0.0000 -0.0009 0.0000 0.0000 0.0002 -29.9996 -0.0001 -0.0003 29.9996 0.0000 0.0000 0.0000 0.6518 0.9865 178.2195 -0.0172 -5.1694 0.0835 -5.6093 67.6933 2.4118 0.0000 25.6718 0.0000 -1.4319 1.0818 -179.7643 -0.0123 -6.8950 -0.0820 7.5178 69.5170 4.2283 0.0000 25.0177 -0.0001 
-6.5868 92.2163 4.4477 -1.6390 -2.4427 0.1789 0.3971 2.5319 0.1555 0.3973 2.5333 0.1555 0.3983 2.5396 0.1560 29.8645 80.6820 -66.9543 41.2884 69.9431 49.9351 3.1788 -1.2349 -4.5480 0.0593 1.6736 -0.9205 0.0000 0.0000 0.0001 0.0000 0.0000 0.0000 0.0000 -0.0013 -0.0008 0.0000 -0.0004 0.0001 0.0000 0.0000 0.0000 0.0000 0.0000 0.0000 0.0000 0.0002 0.0000 0.0000 -0.0006 0.0003 0.0000 0.0004 -0.0006 0.0000 0.0000 0.0001 0.0000 0.0000 0.0000 0.0000 -0.0010 -0.0002 0.0000 0.0002 30.0001 -0.0002 0.0005 -29.9998 0.0000 0.0000 0.0000 3.7491 -2.0147 -1.0392 3.7491 -2.0147 -1.0392 248.5757 90.0000 0.0000 -70.5143 75.2728 -73.0776 -12.5257 1.2137 -9.1619 0.0443 0.4889 0.4849 0.0000 -0.0001 0.0001 0.0000 0.0000 0.0000 0.0000 -0.0006 0.0003 0.0000 -0.0001 0.0001 0.0000 0.0000 0.0000 0.0000 0.0000 0.0000 0.0000 0.0007 0.0001 0.0000 -0.0012 0.0001 0.0000 -0.0008 0.0003 0.0000 0.0001 0.0000 0.0000 0.0000 0.0000 0.0000 -0.0009 0.0000 0.0000 0.0002 -29.9997 -0.0001 -0.0003 29.9996 0.0000 0.0000 0.0000 0.7299 0.9574 178.1577 -0.0194 -5.2687 0.0836 -5.6836 67.7445 2.4915 0.0000 25.6778 0.0000 -1.4706 0.9848 -179.8375 -0.0130 -7.0526 -0.0819 7.4831 69.5649 4.4539 0.0000 25.0177 -0.0001 
-6.4960 92.2096 4.4198 -1.8781 -2.4682 0.1805 0.3343 2.6307 0.2503 0.3345 2.6322 0.2505 0.3353 2.6386 0.2511 30.0438 79.9204 -66.3403 35.9238 69.6764 45.8217 2.7941 -1.4605 -4.3778 0.0638 1.8829 -1.1043 0.0000 0.0000 0.0001 0.0000 0.0000 0.0000 0.0000 -0.0013 -0.0008 0.0000 -0.0004 0.0001 0.0000 0.0000 0.0000 0.0000 0.0000 0.0000 0.0000 0.0002 0.0000 0.0000 -0.0006 0.0003 0.0000 0.0004 -0.0006 0.0000 0.0000 0.0001 0.0000 0.0000 0.0000 0.0000 -0.0010 -0.0002 0.0000 0.0002 30.0001 -0.0001 0.0005 -29.9998 0.0000 0.0000 0.0000 4.0412 -2.1499 -1.2265 4.0412 -2.1499 -1.2265 248.7700 90.0000 0.0000 -69.0610 74.5653 -71.4738 -12.9138 1.5187 -9.6129 0.0489 0.5079 0.4842 0.0000 -0.0001 0.0001 0.0000 0.0000 0.0000 0.0000 -0.0006 0.0003 0.0000 -0.0001 0.0001 0.0000 0.0000 0.0000 0.0000 0.0000 0.0000 0.0000 0.0007 0.0001 0.0000 -0.0012 0.0001 0.0000 -0.0008 0.0003 0.0000 0.0001 0.0000 0.0000 0.0000 0.0000 0.0000 -0.0009 0.0000 0.0000 0.0002 -29.9997 -0.0001 -0.0003 29.9996 0.0000 0.0000 0.0000 0.8281 0.9070 178.0988 -0.0217 -5.4145 0.0838 -5.7494 67.8153 2.5645 0.0000 25.6923 0.0000 -1.5031 0.8803 -179.9079 -0.0133 -7.2253 -0.0819 7.4593 69.6192 4.6876 0.0000 25.0175 -0.0001 
-6.3979 92.2014 4.3926 -2.1133 -2.4915 0.1762 0.2704 2.7216 0.3502 0.2706 2.7232 0.3504 0.2713 2.7298 0.3512 30.3859 79.1966 -65.5345 30.5839 69.1010 41.8250 2.2798 -1.5703 -4.2344 0.0675 2.1245 -1.3208 0.0000 0.0000 0.0001 0.0000 0.0000 0.0000 0.0000 -0.0013 -0.0008 0.0000 -0.0004 0.0001 0.0000 0.0000 0.0000 0.0000 0.0000 0.0000 0.0000 0.0002 0.0000 0.0000 -0.0006 0.0003 0.0000 0.0004 -0.0006 0.0000 0.0000 0.0001 0.0000 0.0000 0.0000 0.0000 -0.0010 -0.0002 0.0000 0.0002 30.0001 -0.0001 0.0005 -29.9998 0.0000 0.0000 0.0000 4.3432 -2.2678 -1.4108 4.3432 -2.2678 -1.4108 248.9938 90.0000 0.0000 -67.4279 73.7782 -69.6266 -13.3735 1.8753 -10.2058 0.0548 0.5292 0.4819 0.0000 -0.0001 0.0001 0.0000 0.0000 0.0000 0.0000 -0.0006 0.0003 0.0000 -0.0001 0.0001 0.0000 0.0000 0.0000 0.0000 0.0000 0.0000 0.0000 0.0007 0.0001 0.0000 -0.0012 0.0001 0.0000 -0.0008 0.0003 0.0000 0.0001 0.0000 0.0000 0.0000 0.0000 0.0000 -0.0009 0.0000 0.0000 0.0002 -29.9996 -0.0001 -0.0003 29.9996 0.0000 0.0000 0.0000 0.9465 0.8127 178.0421 -0.0246 -5.6442 0.0840 -5.7956 67.9266 2.6347 0.0000 25.7030 0.0000 -1.5380 0.7824 -179.9765 -0.0140 -7.3806 -0.0818 7.4501 69.6662 4.9317 0.0000 25.0175 -0.0001 
-6.2945 92.1918 4.3680 -2.3425 -2.5098 0.1651 0.2046 2.8050 0.4537 0.2047 2.8068 0.4540 0.2053 2.8135 0.4551 30.8237 78.5108 -64.6349 25.5715 68.2001 38.2441 1.6680 -1.6008 -4.1542 0.0709 2.4019 -1.5715 0.0000 0.0000 0.0001 0.0000 0.0000 0.0000 0.0000 -0.0013 -0.0008 0.0000 -0.0004 0.0001 0.0000 0.0000 0.0000 0.0000 0.0000 0.0000 0.0000 0.0002 0.0000 0.0000 -0.0006 0.0003 0.0000 0.0004 -0.0006 0.0000 0.0000 0.0001 0.0000 0.0000 0.0000 0.0000 -0.0010 -0.0002 0.0000 0.0002 30.0001 -0.0001 0.0005 -29.9998 0.0000 0.0000 0.0000 4.6525 -2.3714 -1.5875 4.6525 -2.3714 -1.5875 249.2397 90.0000 0.0000 -65.6752 72.9347 -67.6273 -13.9292 2.2870 -10.9528 0.0619 0.5527 0.4782 0.0000 -0.0001 0.0001 0.0000 0.0000 0.0000 0.0000 -0.0006 0.0003 0.0000 -0.0001 0.0001 0.0000 0.0000 0.0000 0.0000 0.0000 0.0000 0.0000 0.0007 0.0001 0.0000 -0.0011 0.0001 0.0000 -0.0008 0.0003 0.0000 0.0001 0.0000 0.0000 0.0000 0.0000 0.0000 -0.0008 0.0000 0.0000 0.0002 -29.9996 -0.0001 -0.0003 29.9996 0.0000 0.0000 0.0000 1.0826 0.6846 177.9898 -0.0281 -5.9335 0.0842 -5.8207 68.0676 2.7041 0.0000 25.7123 0.0000 -1.5785 0.6836 179.9586 -0.0148 -7.5306 -0.0817 7.4535 69.7121 5.1847 0.0000 25.0174 -0.0001 
-6.1901 92.1805 4.3506 -2.5614 -2.5177 0.1464 0.1339 2.8748 0.5599 0.1340 2.8767 0.5602 0.1343 2.8835 0.5616 31.3907 77.9047 -63.6596 21.1894 66.9148 35.4476 1.0042 -1.6352 -4.1518 0.0751 2.7289 -1.8588 0.0000 0.0000 0.0001 0.0000 0.0000 0.0000 0.0000 -0.0013 -0.0008 0.0000 -0.0004 0.0001 0.0000 0.0000 0.0000 0.0000 0.0000 0.0000 0.0000 0.0002 0.0000 0.0000 -0.0006 0.0003 0.0000 0.0004 -0.0006 0.0000 0.0000 0.0001 0.0000 0.0000 0.0000 0.0000 -0.0010 -0.0002 0.0000 0.0002 30.0001 -0.0001 0.0005 -29.9998 0.0000 0.0000 0.0000 4.9710 -2.4544 -1.7445 4.9710 -2.4544 -1.7445 249.5079 90.0000 0.0000 -63.6859 72.0297 -65.3630 -14.6518 2.8094 -11.9564 0.0712 0.5787 0.4728 0.0000 -0.0001 0.0001 0.0000 0.0000 0.0000 0.0000 -0.0006 0.0003 0.0000 -0.0001 0.0001 0.0000 0.0000 0.0000 0.0000 0.0000 0.0000 0.0000 0.0007 0.0001 0.0000 -0.0012 0.0001 0.0000 -0.0008 0.0003 0.0000 0.0001 0.0000 0.0000 0.0000 0.0000 0.0000 -0.0009 0.0000 0.0000 0.0002 -29.9996 -0.0001 -0.0003 29.9996 0.0000 0.0000 0.0000 1.2405 0.5104 177.9457 -0.0323 -6.3026 0.0845 -5.8262 68.2485 2.7610 0.0000 25.7225 0.0000 -1.6324 0.5835 179.9008 -0.0153 -7.6728 -0.0817 7.4531 69.7570 5.4344 0.0000 25.0173 -0.0001 
-6.0865 92.1682 4.3378 -2.7746 -2.5149 0.1205 0.0647 2.9306 0.6641 0.0648 2.9327 0.6646 0.0649 2.9395 0.6661 32.1620 77.3243 -62.4758 17.3171 65.3773 33.2457 0.4146 -1.6752 -4.2347 0.0807 3.1139 -2.1801 0.0000 0.0000 0.0001 0.0000 0.0000 0.0000 0.0000 -0.0013 -0.0008 0.0000 -0.0004 0.0001 0.0000 0.0000 0.0000 0.0000 0.0000 0.0000 0.0000 0.0002 0.0000 0.0000 -0.0006 0.0003 0.0000 0.0004 -0.0006 0.0000 0.0000 0.0001 0.0000 0.0000 0.0000 0.0000 -0.0010 -0.0002 0.0000 0.0002 30.0001 -0.0001 0.0005 -29.9998 0.0000 0.0000 0.0000 5.2835 -2.5180 -1.8797 5.2835 -2.5180 -1.8797 249.7709 90.0000 0.0000 -61.6589 71.0598 -63.0476 -15.4708 3.4190 -13.1924 0.0825 0.6057 0.4666 0.0000 -0.0001 0.0001 0.0000 0.0000 0.0000 0.0000 -0.0006 0.0003 0.0000 -0.0001 0.0001 0.0000 0.0000 0.0000 0.0000 0.0000 0.0000 0.0000 0.0007 0.0001 0.0000 -0.0011 0.0001 0.0000 -0.0008 0.0003 0.0000 0.0001 0.0000 0.0000 0.0000 0.0000 0.0000 -0.0008 0.0000 0.0000 0.0002 -29.9996 -0.0001 -0.0003 29.9996 0.0000 0.0000 0.0000 1.4021 0.3114 177.9099 -0.0367 -6.7046 0.0849 -5.8351 68.4441 2.8032 0.0000 25.7413 0.0000 -1.7017 0.4698 179.8507 -0.0154 -7.8262 -0.0817 7.4403 69.8081 5.6804 0.0000 25.0172 -0.0001 
-5.9797 92.1556 4.3259 -2.9860 -2.5048 0.0891 -0.0039 2.9759 0.7686 -0.0039 2.9781 0.7691 -0.0039 2.9849 0.7709 33.0156 76.7660 -61.2237 13.8764 63.6353 31.5452 -0.0701 -1.7254 -4.3878 0.0874 3.5588 -2.5352 0.0000 0.0000 0.0001 0.0000 0.0000 0.0000 0.0000 -0.0013 -0.0008 0.0000 -0.0004 0.0001 0.0000 0.0000 0.0000 0.0000 0.0000 0.0000 0.0000 0.0003 0.0000 0.0000 -0.0006 0.0003 0.0000 0.0004 -0.0006 0.0000 0.0000 0.0001 0.0000 0.0000 0.0000 0.0000 -0.0010 -0.0002 0.0000 0.0002 30.0001 -0.0001 0.0005 -29.9998 0.0000 0.0000 0.0000 5.5977 -2.5651 -1.9967 5.5977 -2.5651 -1.9967 250.0110 90.0000 0.0000 -59.6957 70.0182 -60.7980 -16.3498 4.0943 -14.6326 0.0958 0.6344 0.4604 0.0000 -0.0001 0.0001 0.0000 0.0000 0.0000 0.0000 -0.0006 0.0003 0.0000 -0.0001 0.0001 0.0000 0.0000 0.0000 0.0000 0.0000 0.0000 0.0000 0.0007 0.0001 0.0000 -0.0012 0.0001 0.0000 -0.0008 0.0003 0.0000 0.0001 0.0000 0.0000 0.0000 0.0000 0.0000 -0.0009 0.0000 0.0000 0.0002 -29.9996 -0.0001 -0.0003 29.9996 0.0000 0.0000 0.0000 1.5564 0.0962 177.8775 -0.0414 -7.1233 0.0853 -5.8543 68.6460 2.8391 0.0000 25.7589 0.0000 -1.7762 0.3392 179.8040 -0.0157 -7.9978 -0.0816 7.4297 69.8655 5.9321 0.0000 25.0171 -0.0001 
-5.8627 92.1418 4.3105 -3.2064 -2.4837 0.0508 -0.0665 3.0065 0.8708 -0.0665 3.0088 0.8714 -0.0666 3.0156 0.8734 33.9752 76.2324 -59.8959 10.8191 61.7389 30.2899 -0.3844 -1.8414 -4.5880 0.0962 4.0718 -2.9192 0.0000 0.0000 0.0001 0.0000 0.0000 0.0000 0.0000 -0.0013 -0.0008 0.0000 -0.0004 0.0001 0.0000 0.0000 0.0000 0.0000 0.0000 0.0000 0.0000 0.0003 0.0000 0.0000 -0.0006 0.0003 0.0000 0.0004 -0.0006 0.0000 0.0000 0.0001 0.0000 0.0000 0.0000 0.0000 -0.0010 -0.0002 0.0000 0.0002 30.0001 -0.0001 0.0005 -29.9998 0.0000 0.0000 0.0000 5.9113 -2.5893 -2.0858 5.9113 -2.5893 -2.0858 250.2108 90.0000 0.0000 -57.8306 68.8836 -58.6836 -17.2814 4.8455 -16.3363 0.1119 0.6652 0.4545 0.0000 -0.0001 0.0001 0.0000 0.0000 0.0000 0.0000 -0.0006 0.0003 0.0000 -0.0001 0.0001 0.0000 0.0000 0.0000 0.0000 0.0000 0.0000 0.0000 0.0007 0.0001 0.0000 -0.0011 0.0001 0.0000 -0.0008 0.0003 0.0000 0.0001 0.0000 0.0000 0.0000 0.0000 0.0000 -0.0008 0.0000 0.0000 0.0002 -29.9996 -0.0001 -0.0003 29.9996 0.0000 0.0000 0.0000 1.6944 -0.1478 177.8446 -0.0470 -7.5710 0.0859 -5.8996 68.8596 2.8728 0.0000 25.7741 0.0000 -1.8321 0.1903 179.7592 -0.0174 -8.1750 -0.0815 7.4434 69.9156 6.2011 0.0000 25.0170 -0.0001 
-5.7474 92.1277 4.3010 -3.4407 -2.4618 -0.0004 -0.1220 3.0285 0.9740 -0.1220 3.0309 0.9747 -0.1223 3.0377 0.9769 34.9751 75.7180 -58.5490 8.0937 59.8458 29.3325 -0.5858 -2.2251 -4.6912 0.1076 4.6454 -3.3342 0.0000 0.0000 0.0001 0.0000 0.0000 0.0000 0.0000 -0.0013 -0.0008 0.0000 -0.0004 0.0001 0.0000 0.0000 0.0000 0.0000 0.0000 0.0000 0.0000 0.0002 0.0000 0.0000 -0.0006 0.0003 0.0000 0.0004 -0.0006 0.0000 0.0000 0.0001 0.0000 0.0000 0.0000 0.0000 -0.0010 -0.0002 0.0000 0.0002 30.0001 -0.0001 0.0005 -29.9998 0.0000 0.0000 0.0000 6.2220 -2.5931 -2.1562 6.2220 -2.5930 -2.1562 250.3755 90.0000 0.0000 -56.2029 67.6996 -56.8306 -18.2436 5.5844 -18.2050 0.1302 0.6981 0.4494 0.0000 -0.0001 0.0001 0.0000 0.0000 0.0000 0.0000 -0.0006 0.0003 0.0000 -0.0001 0.0001 0.0000 0.0000 0.0000 0.0000 0.0000 0.0000 0.0000 0.0007 0.0001 0.0000 -0.0012 0.0001 0.0000 -0.0008 0.0003 0.0000 0.0001 0.0000 0.0000 0.0000 0.0000 0.0000 -0.0008 0.0000 0.0000 0.0002 -29.9997 -0.0001 -0.0003 29.9996 0.0000 0.0000 0.0000 1.8190 -0.3979 177.8246 -0.0529 -8.0370 0.0865 -5.9942 69.0833 2.8797 0.0000 25.7987 0.0000 -1.8585 0.0454 179.7293 -0.0199 -8.3478 -0.0813 7.4683 69.9622 6.4678 0.0000 25.0169 -0.0001 
-5.6423 92.1132 4.2977 -3.6935 -2.4425 -0.0660 -0.1702 3.0452 1.0792 -0.1703 3.0477 1.0800 -0.1706 3.0545 1.0824 35.9976 75.2200 -57.2042 5.6185 57.8503 28.6505 -0.7559 -2.6411 -4.8201 0.1203 5.2745 -3.7782 0.0000 0.0000 0.0001 0.0000 0.0000 0.0000 0.0000 -0.0013 -0.0008 0.0000 -0.0004 0.0001 0.0000 0.0000 0.0000 0.0000 0.0000 0.0000 0.0000 0.0002 -0.0001 0.0000 -0.0006 0.0003 0.0000 0.0004 -0.0006 0.0000 0.0000 0.0001 0.0000 0.0000 0.0000 0.0000 -0.0010 -0.0002 0.0000 0.0002 30.0001 -0.0001 0.0005 -29.9998 0.0000 0.0000 0.0000 6.5298 -2.5790 -2.2130 6.5298 -2.5790 -2.2130 250.5056 90.0000 0.0000 -54.8193 66.4647 -55.2312 -19.2095 6.2832 -20.2057 0.1507 0.7338 0.4451 0.0000 -0.0001 0.0001 0.0000 0.0000 0.0000 0.0000 -0.0006 0.0003 0.0000 -0.0001 0.0001 0.0000 0.0000 0.0000 0.0000 0.0000 0.0000 0.0000 0.0007 0.0001 0.0000 -0.0012 0.0001 0.0000 -0.0008 0.0003 0.0000 0.0001 0.0000 0.0000 0.0000 0.0000 0.0000 -0.0009 0.0000 0.0000 0.0002 -29.9996 -0.0001 -0.0003 29.9996 0.0000 0.0000 0.0000 1.9408 -0.6606 177.8258 -0.0582 -8.5421 0.0871 -6.1509 69.3269 2.8407 0.0000 25.8293 0.0000 -1.8511 -0.0805 179.7220 -0.0221 -8.4937 -0.0811 7.4825 69.9970 6.7091 0.0000 25.0168 -0.0001 
-5.5616 92.0981 4.3011 -3.9866 -2.4236 -0.1554 -0.2063 3.0551 1.1882 -0.2064 3.0577 1.1892 -0.2068 3.0644 1.1918 37.0632 74.7492 -55.8554 3.4367 55.7261 28.2027 -1.0199 -3.0710 -4.9280 0.1321 5.9499 -4.2250 0.0000 0.0000 0.0001 0.0000 0.0000 0.0000 0.0000 -0.0013 -0.0008 0.0000 -0.0004 0.0001 0.0000 0.0000 0.0000 0.0000 0.0000 0.0000 0.0000 0.0002 0.0000 0.0000 -0.0006 0.0003 0.0000 0.0004 -0.0006 0.0000 0.0000 0.0001 0.0000 0.0000 0.0000 0.0000 -0.0010 -0.0002 0.0000 0.0002 30.0001 -0.0001 0.0005 -29.9998 0.0000 0.0000 0.0000 6.8389 -2.5427 -2.2504 6.8389 -2.5427 -2.2504 250.5658 90.0000 0.0000 -53.6752 65.1281 -53.8744 -20.1463 6.9724 -22.3758 0.1747 0.7752 0.4420 0.0000 -0.0001 0.0001 0.0000 0.0000 0.0000 0.0000 -0.0006 0.0003 0.0000 -0.0001 0.0001 0.0000 0.0000 0.0000 0.0000 0.0000 0.0000 0.0000 0.0007 0.0001 0.0000 -0.0012 0.0001 0.0000 -0.0008 0.0003 0.0000 0.0001 0.0000 0.0000 0.0000 0.0000 0.0000 -0.0009 0.0000 0.0000 0.0002 -29.9996 -0.0001 -0.0003 29.9996 0.0000 0.0000 0.0000 2.0811 -0.9650 177.8683 -0.0612 -9.1436 0.0876 -6.4095 69.6194 2.7155 0.0000 25.8539 0.0000 -1.7812 -0.1794 179.7578 -0.0229 -8.5916 -0.0810 7.4557 70.0113 6.8848 0.0000 25.0167 -0.0001 
-5.4895 92.0805 4.3040 -4.3185 -2.4035 -0.2718 -0.2317 3.0624 1.3010 -0.2318 3.0651 1.3021 -0.2323 3.0717 1.3049 38.1508 74.2999 -54.5278 1.5038 53.5057 27.9370 -1.4305 -3.5035 -4.9980 0.1408 6.6486 -4.6783 0.0000 0.0000 0.0001 0.0000 0.0000 0.0000 0.0000 -0.0013 -0.0008 0.0000 -0.0004 0.0001 0.0000 0.0000 0.0000 0.0000 0.0000 0.0000 0.0000 0.0003 0.0000 0.0000 -0.0006 0.0003 0.0000 0.0004 -0.0006 0.0000 0.0000 0.0001 0.0000 0.0000 0.0000 0.0000 -0.0010 -0.0002 0.0000 0.0003 30.0001 -0.0001 0.0005 -29.9998 0.0000 0.0000 0.0000 7.1446 -2.4955 -2.2732 7.1445 -2.4955 -2.2732 250.5574 90.0000 0.0000 -52.7312 63.7226 -52.6923 -21.0723 7.6303 -24.6557 0.2022 0.8220 0.4398 0.0000 -0.0001 0.0001 0.0000 0.0000 0.0000 0.0000 -0.0006 0.0003 0.0000 -0.0001 0.0001 0.0000 0.0000 0.0000 0.0000 0.0000 0.0000 0.0000 0.0007 0.0001 0.0000 -0.0011 0.0001 0.0000 -0.0008 0.0003 0.0000 0.0001 0.0000 0.0000 0.0000 0.0000 0.0000 -0.0009 0.0000 0.0000 0.0002 -29.9996 -0.0001 -0.0003 29.9996 0.0000 0.0000 0.0000 2.2563 -1.3190 177.9453 -0.0635 -9.8435 0.0882 -6.7166 69.9588 2.5432 0.0000 25.8741 0.0000 -1.6504 -0.2698 179.8303 -0.0233 -8.6633 -0.0810 7.4155 70.0093 7.0235 0.0000 25.0166 -0.0001 
-5.4157 92.0587 4.3104 -4.6744 -2.3854 -0.4036 -0.2520 3.0682 1.4129 -0.2522 3.0709 1.4142 -0.2526 3.0774 1.4172 39.3355 73.8736 -53.1377 -0.0417 51.5479 27.7146 -1.9641 -3.9310 -5.0280 0.1537 7.0161 -4.8812 0.0000 0.0000 0.0001 0.0000 0.0000 0.0000 0.0000 -0.0013 -0.0008 0.0000 -0.0004 0.0001 0.0000 0.0000 0.0000 0.0000 0.0000 0.0000 0.0000 0.0002 0.0000 0.0000 -0.0006 0.0003 0.0000 0.0004 -0.0006 0.0000 0.0000 0.0001 0.0000 0.0000 0.0000 0.0000 -0.0010 -0.0002 0.0000 0.0003 30.0001 -0.0001 0.0005 -29.9998 0.0000 0.0000 0.0000 7.4435 -2.4408 -2.2851 7.4436 -2.4408 -2.2851 250.5069 90.0000 0.0000 -51.9165 62.2891 -51.6293 -21.9924 8.2486 -27.0136 0.2333 0.8741 0.4382 0.0000 -0.0001 0.0001 0.0000 0.0000 0.0000 0.0000 -0.0006 0.0003 0.0000 -0.0001 0.0001 0.0000 0.0000 0.0000 0.0000 0.0000 0.0000 0.0000 0.0007 0.0001 0.0000 -0.0012 0.0001 0.0000 -0.0008 0.0003 0.0000 0.0001 0.0000 0.0000 0.0000 0.0000 0.0000 -0.0008 0.0000 0.0000 0.0002 -29.9996 -0.0001 -0.0003 29.9996 0.0000 0.0000 0.0000 2.4593 -1.7083 178.0374 -0.0659 -10.6227 0.0889 -7.0367 70.3399 2.3543 0.0000 25.8790 0.0000 -1.4863 -0.3459 179.9193 -0.0243 -8.7089 -0.0809 7.3683 69.9941 7.1462 0.0000 25.0166 -0.0001 
-5.3330 92.0315 4.3193 -5.0641 -2.3692 -0.5506 -0.2675 3.0689 1.5208 -0.2677 3.0718 1.5222 -0.2682 3.0782 1.5254 40.6856 73.4757 -51.6465 -1.4087 49.6583 27.5310 -2.6488 -4.2134 -5.0832 0.1661 7.2059 -4.9590 0.0000 0.0000 0.0001 0.0000 0.0000 0.0000 0.0000 -0.0013 -0.0008 0.0000 -0.0004 0.0001 0.0000 0.0000 0.0000 0.0000 0.0000 0.0000 0.0000 0.0002 0.0000 0.0000 -0.0006 0.0003 0.0000 0.0004 -0.0006 0.0000 0.0000 0.0001 0.0000 0.0000 0.0000 0.0000 -0.0010 -0.0002 0.0000 0.0002 30.0001 -0.0001 0.0005 -29.9998 0.0000 0.0000 0.0000 7.7327 -2.3757 -2.2863 7.7327 -2.3757 -2.2863 250.4211 90.0000 0.0000 -51.1435 60.8696 -50.6206 -22.9073 8.8483 -29.4401 0.2689 0.9329 0.4377 0.0000 -0.0001 0.0001 0.0000 0.0000 0.0000 0.0000 -0.0006 0.0003 0.0000 -0.0001 0.0001 0.0000 0.0000 0.0000 0.0000 0.0000 0.0000 0.0000 0.0007 0.0001 0.0000 -0.0012 0.0001 0.0000 -0.0008 0.0003 0.0000 0.0001 0.0000 0.0000 0.0000 0.0000 0.0000 -0.0008 0.0000 0.0000 0.0002 -29.9996 -0.0001 -0.0003 29.9996 0.0000 0.0000 0.0000 2.7225 -2.0978 178.1400 -0.0684 -11.4134 0.0896 -7.3022 70.7359 2.2001 0.0000 25.8906 0.0000 -1.2754 -0.4388 -179.9802 -0.0265 -8.7860 -0.0807 7.3306 69.9905 7.2702 0.0000 25.0165 -0.0001 
-5.2473 92.0021 4.3306 -5.4751 -2.3512 -0.7055 -0.2751 3.0636 1.6200 -0.2753 3.0665 1.6215 -0.2758 3.0729 1.6248 42.1381 73.0872 -50.0913 -2.7445 47.7978 27.3834 -3.3628 -4.4072 -5.1804 0.1778 7.3795 -5.0346 0.0000 0.0000 0.0001 0.0000 0.0000 0.0000 0.0000 -0.0013 -0.0008 0.0000 -0.0004 0.0001 0.0000 0.0000 0.0000 0.0000 0.0000 0.0000 0.0000 0.0002 -0.0001 0.0000 -0.0006 0.0003 0.0000 0.0004 -0.0006 0.0000 0.0000 0.0001 0.0000 0.0000 0.0000 0.0000 -0.0010 -0.0002 0.0000 0.0002 30.0001 -0.0001 0.0005 -29.9998 0.0000 0.0000 0.0000 8.0033 -2.3052 -2.2690 8.0033 -2.3052 -2.2690 250.3204 90.0000 0.0000 -50.3436 59.4413 -49.5931 -23.7914 9.4395 -31.9408 0.3096 0.9977 0.4377 0.0000 -0.0001 0.0001 0.0000 0.0000 0.0000 0.0000 -0.0006 0.0003 0.0000 -0.0001 0.0001 0.0000 0.0000 0.0000 0.0000 0.0000 0.0000 0.0000 0.0007 0.0001 0.0000 -0.0012 0.0001 0.0000 -0.0008 0.0003 0.0000 0.0001 0.0000 0.0000 0.0000 0.0000 0.0000 -0.0008 0.0000 0.0000 0.0002 -29.9996 -0.0001 -0.0003 29.9996 0.0000 0.0000 0.0000 3.0293 -2.4530 178.2484 -0.0701 -12.1370 0.0902 -7.5044 71.1114 2.0943 0.0000 25.9095 0.0000 -1.0322 -0.5543 -179.8734 -0.0285 -8.9004 -0.0805 7.2995 70.0037 7.3959 0.0000 25.0166 -0.0001 
-5.1607 91.9724 4.3417 -5.8934 -2.3336 -0.8657 -0.2781 3.0527 1.7117 -0.2784 3.0557 1.7133 -0.2788 3.0620 1.7168 43.6525 72.7048 -48.5085 -4.0560 45.9921 27.2723 -4.0755 -4.5863 -5.3061 0.1910 7.5376 -5.1072 0.0000 0.0000 0.0001 0.0000 0.0000 0.0000 0.0000 -0.0013 -0.0008 0.0000 -0.0004 0.0001 0.0000 0.0000 0.0000 0.0000 0.0000 0.0000 0.0000 0.0002 0.0000 0.0000 -0.0006 0.0003 0.0000 0.0004 -0.0006 0.0000 0.0000 0.0001 0.0000 0.0000 0.0000 0.0000 -0.0010 -0.0002 0.0000 0.0002 30.0001 -0.0001 0.0005 -29.9998 0.0000 0.0000 0.0000 8.2552 -2.2293 -2.2379 8.2552 -2.2293 -2.2379 250.2339 90.0000 0.0000 -49.5185 58.0641 -48.5767 -24.6707 9.9693 -34.4721 0.3549 1.0672 0.4386 0.0000 -0.0001 0.0001 0.0000 0.0000 0.0000 0.0000 -0.0006 0.0003 0.0000 -0.0001 0.0001 0.0000 0.0000 0.0000 0.0000 0.0000 0.0000 0.0000 0.0007 0.0001 0.0000 -0.0012 0.0001 0.0000 -0.0008 0.0003 0.0000 0.0001 0.0000 0.0000 0.0000 0.0000 0.0000 -0.0009 0.0000 0.0000 0.0002 -29.9997 -0.0001 -0.0002 29.9996 0.0000 0.0000 0.0000 3.3340 -2.7665 178.3589 -0.0716 -12.7759 0.0908 -7.6799 71.4535 2.0302 0.0000 25.9398 0.0000 -0.7704 -0.6939 -179.7624 -0.0308 -9.0587 -0.0803 7.2787 70.0363 7.5267 0.0000 25.0166 -0.0001 
-5.0708 91.9424 4.3573 -6.2976 -2.3223 -1.0269 -0.2800 3.0349 1.7908 -0.2803 3.0379 1.7925 -0.2807 3.0441 1.7962 45.2682 72.3272 -46.8564 -5.3648 44.2945 27.2042 -4.7259 -4.7652 -5.4948 0.2088 7.6800 -5.1712 0.0000 0.0000 0.0001 0.0000 0.0000 0.0000 0.0000 -0.0013 -0.0008 0.0000 -0.0004 0.0001 0.0000 0.0000 0.0000 0.0000 0.0000 0.0000 0.0000 0.0002 0.0000 0.0000 -0.0006 0.0003 0.0000 0.0004 -0.0006 0.0000 0.0000 0.0001 0.0000 0.0000 0.0000 0.0000 -0.0010 -0.0002 0.0000 0.0002 30.0001 -0.0001 0.0005 -29.9998 0.0000 0.0000 0.0000 8.4780 -2.1463 -2.1910 8.4780 -2.1463 -2.1910 250.2024 90.0000 0.0000 -48.5656 56.8129 -47.5162 -25.5617 10.4182 -37.0411 0.4049 1.1403 0.4408 0.0000 -0.0001 0.0001 0.0000 0.0000 0.0000 0.0000 -0.0006 0.0003 0.0000 -0.0001 0.0001 0.0000 0.0000 0.0000 0.0000 0.0000 0.0000 0.0000 0.0007 0.0001 0.0000 -0.0012 0.0001 0.0000 -0.0008 0.0003 0.0000 0.0001 0.0000 0.0000 0.0000 0.0000 0.0000 -0.0009 0.0000 0.0000 0.0002 -29.9997 -0.0001 -0.0003 29.9996 0.0000 0.0000 0.0000 3.6134 -3.0381 178.4646 -0.0744 -13.3442 0.0914 -7.8221 71.7720 2.0182 0.0000 25.9707 0.0000 -0.5056 -0.8291 -179.6545 -0.0336 -9.2261 -0.0800 7.2744 70.0749 7.6678 0.0000 25.0166 -0.0001 
-4.9756 91.9110 4.3746 -6.6854 -2.3081 -1.1944 -0.2796 3.0106 1.8634 -0.2798 3.0136 1.8652 -0.2803 3.0197 1.8690 46.8425 71.9337 -45.2733 -6.5615 42.6517 27.2540 -5.2823 -4.9506 -5.7689 0.2336 7.8158 -5.2146 0.0000 0.0000 0.0001 0.0000 0.0000 0.0000 0.0000 -0.0013 -0.0008 0.0000 -0.0004 0.0001 0.0000 0.0000 0.0000 0.0000 0.0000 0.0000 0.0000 0.0002 0.0000 0.0000 -0.0006 0.0003 0.0000 0.0004 -0.0006 0.0000 0.0000 0.0001 0.0000 0.0000 0.0000 0.0000 -0.0010 -0.0002 0.0000 0.0002 30.0001 -0.0001 0.0005 -29.9998 0.0000 0.0000 0.0000 8.6767 -2.0608 -2.1388 8.6767 -2.0608 -2.1388 250.2183 90.0000 0.0000 -47.5401 55.6848 -46.4536 -26.4690 10.7554 -39.6541 0.4602 1.2170 0.4444 0.0000 -0.0001 0.0001 0.0000 0.0000 0.0000 0.0000 -0.0006 0.0003 0.0000 -0.0001 0.0001 0.0000 0.0000 0.0000 0.0000 0.0000 0.0000 0.0000 0.0007 0.0001 0.0000 -0.0011 0.0001 0.0000 -0.0008 0.0003 0.0000 0.0001 0.0000 0.0000 0.0000 0.0000 0.0000 -0.0008 0.0000 0.0000 0.0002 -29.9996 -0.0001 -0.0003 29.9996 0.0000 0.0000 0.0000 3.8797 -3.3152 178.5712 -0.0799 -13.9126 0.0925 -7.9328 72.0945 2.0383 0.0000 25.9883 0.0000 -0.2406 -0.9624 -179.5449 -0.0378 -9.3859 -0.0796 7.2918 70.1101 7.8196 0.0000 25.0167 -0.0001 
-4.8815 91.8776 4.3931 -7.0524 -2.2874 -1.3707 -0.2800 2.9826 1.9333 -0.2803 2.9855 1.9352 -0.2807 2.9916 1.9391 48.3566 71.5212 -43.7931 -7.6135 41.0454 27.4469 -5.7810 -5.1406 -6.1049 0.2637 7.9442 -5.2380 0.0000 0.0000 0.0001 0.0000 0.0000 0.0000 0.0000 -0.0013 -0.0008 0.0000 -0.0004 0.0001 0.0000 0.0000 0.0000 0.0000 0.0000 0.0000 0.0000 0.0002 0.0000 0.0000 -0.0006 0.0003 0.0000 0.0004 -0.0006 0.0000 0.0000 0.0001 0.0000 0.0000 0.0000 0.0000 -0.0010 -0.0002 0.0000 0.0002 30.0001 -0.0001 0.0005 -29.9998 0.0000 0.0000 0.0000 8.8600 -1.9794 -2.0864 8.8600 -1.9794 -2.0864 -32.1016 87.3748 76.2077 -46.4652 54.6309 -45.4091 -27.3826 10.9805 -42.3236 0.5217 1.2979 0.4494 0.0000 -0.0001 0.0001 0.0000 0.0000 0.0000 0.0000 -0.0006 0.0003 0.0000 -0.0001 0.0001 0.0000 0.0000 0.0000 0.0000 0.0000 0.0000 0.0000 0.0007 0.0001 0.0000 -0.0012 0.0001 0.0000 -0.0008 0.0003 0.0000 0.0001 0.0000 0.0000 0.0000 0.0000 0.0000 -0.0009 0.0000 0.0000 0.0002 -29.9996 -0.0001 -0.0003 29.9996 0.0000 0.0000 0.0000 4.1237 -3.6135 178.6852 -0.0867 -14.5036 0.0938 -8.0441 72.4280 2.0594 0.0000 25.9948 0.0000 0.0186 -1.1026 -179.4263 -0.0424 -9.5488 -0.0792 7.3187 70.1491 7.9665 0.0000 25.0167 -0.0001 
-4.7956 91.8389 4.4074 -7.3805 -2.2536 -1.5573 -0.2886 2.9541 2.0004 -0.2888 2.9571 2.0023 -0.2893 2.9630 2.0064 49.8438 71.0790 -42.4341 -8.4474 39.4469 27.8294 -6.2923 -5.3446 -6.4221 0.2945 8.0649 -5.2413 0.0000 0.0000 0.0001 0.0000 0.0000 0.0000 0.0000 -0.0013 -0.0008 0.0000 -0.0004 0.0001 0.0000 0.0000 0.0000 0.0000 0.0000 0.0000 0.0000 0.0003 0.0000 0.0000 -0.0006 0.0003 0.0000 0.0004 -0.0006 0.0000 0.0000 0.0001 0.0000 0.0000 0.0000 0.0000 -0.0010 -0.0002 0.0000 0.0002 30.0001 -0.0001 0.0005 -29.9998 0.0000 0.0000 0.0000 9.0305 -1.9198 -2.0490 9.0305 -1.9198 -2.0490 -39.7990 87.3628 68.1056 -45.2241 53.6400 -44.3318 -28.3357 11.1100 -45.1027 0.5912 1.3840 0.4577 0.0000 -0.0001 0.0001 0.0000 0.0000 0.0000 0.0000 -0.0006 0.0003 0.0000 -0.0001 0.0001 0.0000 0.0000 0.0000 0.0000 0.0000 0.0000 0.0000 0.0007 0.0001 0.0000 -0.0012 0.0001 0.0000 -0.0008 0.0003 0.0000 0.0001 0.0000 0.0000 0.0000 0.0000 0.0000 -0.0009 0.0000 0.0000 0.0002 -29.9996 -0.0001 -0.0003 29.9996 0.0000 0.0000 0.0000 4.3450 -3.9542 178.8130 -0.0946 -15.1383 0.0953 -8.1596 72.7751 2.0562 0.0000 26.0089 0.0000 0.2585 -1.2700 -179.2918 -0.0467 -9.7412 -0.0787 7.3460 70.2046 8.0894 0.0000 25.0168 -0.0001 
-4.7099 91.7962 4.4125 -7.6709 -2.2087 -1.7477 -0.3105 2.9291 2.0643 -0.3107 2.9320 2.0663 -0.3112 2.9379 2.0705 51.3386 70.5981 -41.1567 -9.1234 37.8691 28.3133 -6.8292 -5.5093 -6.6886 0.3211 8.1739 -5.2268 0.0000 0.0000 0.0001 0.0000 0.0000 0.0000 0.0000 -0.0013 -0.0008 0.0000 -0.0004 0.0001 0.0000 0.0000 0.0000 0.0000 0.0000 0.0000 0.0000 0.0002 0.0000 0.0000 -0.0007 0.0003 0.0000 0.0004 -0.0006 0.0000 0.0000 0.0001 0.0000 0.0000 0.0000 0.0000 -0.0010 -0.0002 0.0000 0.0002 30.0001 -0.0001 0.0005 -29.9998 0.0000 0.0000 0.0000 9.2014 -1.8925 -2.0314 9.2014 -1.8925 -2.0314 -47.9867 87.3656 59.4985 -43.8256 52.7032 -43.2133 -29.3501 11.1874 -48.0049 0.6707 1.4764 0.4701 0.0000 -0.0001 0.0001 0.0000 0.0000 0.0000 0.0000 -0.0006 0.0003 0.0000 -0.0001 0.0001 0.0000 0.0000 0.0000 0.0000 0.0000 0.0000 0.0000 0.0007 0.0001 0.0000 -0.0012 0.0001 0.0000 -0.0008 0.0003 0.0000 0.0001 0.0000 0.0000 0.0000 0.0000 0.0000 -0.0009 0.0000 0.0000 0.0002 -29.9996 -0.0001 -0.0003 29.9996 0.0000 0.0000 0.0000 4.5655 -4.3282 178.9455 -0.1051 -15.7978 0.0973 -8.2414 73.1258 2.0426 0.0000 26.0210 0.0000 0.4709 -1.4696 -179.1517 -0.0508 -9.9678 -0.0783 7.3831 70.2747 8.2069 0.0000 25.0169 -0.0001 
-4.6142 91.7507 4.4088 -7.9336 -2.1517 -1.9402 -0.3418 2.9061 2.1270 -0.3421 2.9091 2.1291 -0.3427 2.9149 2.1333 52.8303 70.0893 -39.9651 -9.6845 36.3563 28.8529 -7.3675 -5.6406 -6.8914 0.3425 8.2683 -5.1963 0.0000 0.0000 0.0001 0.0000 0.0000 0.0000 0.0000 -0.0013 -0.0008 0.0000 -0.0004 0.0001 0.0000 0.0000 0.0000 0.0000 0.0000 0.0000 0.0000 0.0002 0.0000 0.0000 -0.0006 0.0003 0.0000 0.0004 -0.0006 0.0000 0.0000 0.0001 0.0000 0.0000 0.0000 0.0000 -0.0010 -0.0002 0.0000 0.0002 30.0001 -0.0001 0.0005 -29.9998 0.0000 0.0000 0.0000 9.3741 -1.8966 -2.0358 9.3741 -1.8966 -2.0358 -56.7369 87.3391 50.3363 -42.3172 51.8035 -42.0869 -30.4240 11.2108 -51.0219 0.7617 1.5766 0.4865 0.0000 -0.0001 0.0001 0.0000 0.0000 0.0000 0.0000 -0.0006 0.0003 0.0000 -0.0001 0.0001 0.0000 0.0000 0.0000 0.0000 0.0000 0.0000 0.0000 0.0007 0.0001 0.0000 -0.0012 0.0001 0.0000 -0.0008 0.0003 0.0000 0.0001 0.0000 0.0000 0.0000 0.0000 0.0000 -0.0009 0.0000 0.0000 0.0002 -29.9996 -0.0001 -0.0003 29.9996 0.0000 0.0000 0.0000 4.7980 -4.7220 179.0750 -0.1199 -16.4555 0.1000 -8.2618 73.4693 2.0432 0.0000 26.0347 0.0000 0.6582 -1.7022 -179.0157 -0.0563 -10.2262 -0.0777 7.4424 70.3558 8.3383 0.0000 25.0170 -0.0001 
-4.4996 91.7039 4.4050 -8.1609 -2.0810 -2.1338 -0.3857 2.8861 2.1884 -0.3860 2.8891 2.1906 -0.3867 2.8949 2.1950 54.3796 69.5523 -38.8517 -10.1317 34.9798 29.4284 -7.9506 -5.7182 -6.9661 0.3529 8.3401 -5.1588 0.0000 0.0000 0.0001 0.0000 0.0000 0.0000 0.0000 -0.0013 -0.0008 0.0000 -0.0004 0.0001 0.0000 0.0000 0.0000 0.0000 0.0000 0.0000 0.0000 0.0002 0.0000 0.0000 -0.0006 0.0003 0.0000 0.0004 -0.0006 0.0000 0.0000 0.0001 0.0000 0.0000 0.0000 0.0000 -0.0010 -0.0002 0.0000 0.0002 30.0001 -0.0001 0.0005 -29.9998 0.0000 0.0000 0.0000 9.5540 -1.9469 -2.0711 9.5540 -1.9469 -2.0711 -66.0329 87.2955 40.6730 -40.6393 50.8969 -40.9538 -31.5909 11.1843 -54.2157 0.8685 1.6870 0.5091 0.0000 -0.0001 0.0001 0.0000 0.0000 0.0000 0.0000 -0.0006 0.0003 0.0000 -0.0001 0.0001 0.0000 0.0000 0.0000 0.0000 0.0000 0.0000 0.0000 0.0007 0.0001 0.0000 -0.0012 0.0001 0.0000 -0.0008 0.0003 0.0000 0.0001 0.0000 0.0000 0.0000 0.0000 0.0000 -0.0009 0.0000 0.0000 0.0002 -29.9996 -0.0001 -0.0003 29.9996 0.0000 0.0000 0.0000 5.0409 -5.1247 179.1956 -0.1400 -17.0983 0.1037 -8.2163 73.8019 2.0525 0.0000 26.0543 0.0000 0.7937 -1.9581 -178.8930 -0.0639 -10.5069 -0.0769 7.5262 70.4494 8.5015 0.0000 25.0171 -0.0001 
-4.3747 91.6560 4.4209 -8.3704 -2.0094 -2.3261 -0.4317 2.8704 2.2466 -0.4321 2.8734 2.2489 -0.4328 2.8791 2.2533 55.9215 69.0141 -37.8196 -10.5380 33.7341 29.9967 -8.5510 -5.7887 -6.9532 0.3567 8.3912 -5.1190 0.0000 0.0000 0.0001 0.0000 0.0000 0.0000 0.0000 -0.0013 -0.0008 0.0000 -0.0004 0.0001 0.0000 0.0000 0.0000 0.0000 0.0000 0.0000 0.0000 0.0003 0.0000 0.0000 -0.0007 0.0003 0.0000 0.0004 -0.0006 0.0000 0.0000 0.0001 0.0000 0.0000 0.0000 0.0000 -0.0010 -0.0002 0.0000 0.0003 30.0001 -0.0001 0.0005 -29.9998 0.0000 0.0000 0.0000 9.7350 -2.0313 -2.1191 9.7351 -2.0313 -2.1191 -74.6065 87.1998 31.7922 -38.8857 49.9483 -39.8413 -32.7927 11.1238 -57.5662 0.9928 1.8076 0.5388 0.0000 -0.0001 0.0001 0.0000 0.0000 0.0000 0.0000 -0.0006 0.0003 0.0000 -0.0001 0.0001 0.0000 0.0000 0.0000 0.0000 0.0000 0.0000 0.0000 0.0007 0.0001 0.0000 -0.0012 0.0001 0.0000 -0.0008 0.0003 0.0000 0.0001 0.0000 0.0000 0.0000 0.0000 0.0000 -0.0008 0.0000 0.0000 0.0002 -29.9996 -0.0001 -0.0003 29.9996 0.0000 0.0000 0.0000 5.3006 -5.5168 179.3111 -0.1631 -17.7405 0.1081 -8.1458 74.1459 2.0410 0.0000 26.0587 0.0000 0.8730 -2.2015 -178.7828 -0.0720 -10.7895 -0.0759 7.6073 70.5613 8.6921 0.0000 25.0172 -0.0001 
-4.2419 91.6049 4.4576 -8.5667 -1.9454 -2.5200 -0.4753 2.8597 2.3026 -0.4758 2.8628 2.3050 -0.4766 2.8684 2.3095 57.4020 68.4833 -36.8888 -10.9257 32.6115 30.5440 -9.1094 -5.8708 -6.8833 0.3569 8.4278 -5.0729 0.0000 0.0000 0.0001 0.0000 0.0000 0.0000 0.0000 -0.0013 -0.0008 0.0000 -0.0004 0.0001 0.0000 0.0000 0.0000 0.0000 0.0000 0.0000 0.0000 0.0002 0.0000 0.0000 -0.0006 0.0003 0.0000 0.0004 -0.0006 0.0000 0.0000 0.0001 0.0000 0.0000 0.0000 0.0000 -0.0010 -0.0002 0.0000 0.0003 30.0001 -0.0001 0.0005 -29.9998 0.0000 0.0000 0.0000 9.9107 -2.1374 -2.1713 9.9107 -2.1374 -2.1713 -81.7539 87.0356 24.3886 -37.1335 48.9771 -38.7877 -33.9925 11.0179 -61.0446 1.1371 1.9393 0.5767 0.0000 -0.0001 0.0001 0.0000 0.0000 0.0000 0.0000 -0.0006 0.0003 0.0000 -0.0001 0.0001 0.0000 0.0000 0.0000 0.0000 0.0000 0.0000 0.0000 0.0007 0.0001 0.0000 -0.0012 0.0001 0.0000 -0.0008 0.0003 0.0000 0.0001 0.0000 0.0000 0.0000 0.0000 0.0000 -0.0009 0.0000 0.0000 0.0002 -29.9996 -0.0001 -0.0003 29.9996 0.0000 0.0000 0.0000 5.5765 -5.8964 179.4258 -0.1892 -18.3975 0.1133 -8.0625 74.5107 2.0030 0.0000 26.0516 0.0000 0.8952 -2.4271 -178.6798 -0.0809 -11.0828 -0.0749 7.6736 70.6970 8.9035 0.0000 25.0173 -0.0001 
-4.0935 91.5464 4.5106 -8.7593 -1.8984 -2.7202 -0.5050 2.8532 2.3581 -0.5055 2.8564 2.3606 -0.5063 2.8619 2.3651 58.7866 67.9885 -36.0859 -11.3081 31.6891 31.0625 -9.5409 -5.9842 -6.7559 0.3543 8.4531 -5.0205 0.0000 0.0000 0.0001 0.0000 0.0000 0.0000 0.0000 -0.0013 -0.0008 0.0000 -0.0004 0.0001 0.0000 0.0000 0.0000 0.0000 0.0000 0.0000 0.0000 0.0002 0.0000 0.0000 -0.0006 0.0003 0.0000 0.0004 -0.0006 0.0000 0.0000 0.0001 0.0000 0.0000 0.0000 0.0000 -0.0010 -0.0002 0.0000 0.0002 30.0001 -0.0001 0.0005 -29.9998 0.0000 0.0000 0.0000 10.0701 -2.2513 -2.2204 10.0701 -2.2513 -2.2204 -86.5526 86.7879 19.4259 -35.4831 47.9664 -37.8779 -35.1763 10.8223 -64.7344 1.3094 2.0867 0.6279 0.0000 -0.0001 0.0001 0.0000 0.0000 0.0000 0.0000 -0.0006 0.0003 0.0000 -0.0001 0.0001 0.0000 0.0000 0.0000 0.0000 0.0000 0.0000 0.0000 0.0007 0.0001 0.0000 -0.0012 0.0001 0.0000 -0.0008 0.0003 0.0000 0.0001 0.0000 0.0000 0.0000 0.0000 0.0000 -0.0008 0.0000 0.0000 0.0002 -29.9996 -0.0001 -0.0003 29.9996 0.0000 0.0000 0.0000 5.8683 -6.2454 179.5403 -0.2196 -19.0439 0.1195 -7.9835 74.8801 1.9282 0.0000 26.0932 0.0000 0.8542 -2.6044 -178.5827 -0.0912 -11.3349 -0.0737 7.6970 70.8295 9.1134 0.0000 25.0175 -0.0001 
-3.9462 91.5008 4.5576 -8.9544 -1.8732 -2.9122 -0.5210 2.8522 2.4058 -0.5215 2.8553 2.4085 -0.5224 2.8608 2.4131 60.0045 67.5318 -35.4744 -11.6493 30.8925 31.6125 -9.8488 -6.1256 -6.6298 0.3529 8.4730 -4.9589 0.0000 0.0000 0.0001 0.0000 0.0000 0.0000 0.0000 -0.0013 -0.0008 0.0000 -0.0004 0.0001 0.0000 0.0000 0.0000 0.0000 0.0000 0.0000 0.0000 0.0002 0.0000 0.0000 -0.0006 0.0003 0.0000 0.0004 -0.0006 0.0000 0.0000 0.0001 0.0000 0.0000 0.0000 0.0000 -0.0010 -0.0002 0.0000 0.0002 30.0001 -0.0001 0.0005 -29.9998 0.0000 0.0000 0.0000 10.2155 -2.3650 -2.2587 10.2155 -2.3650 -2.2587 -89.3642 86.5017 16.5229 -33.9417 46.9147 -37.1233 -36.2882 10.4528 -68.7271 1.5198 2.2542 0.6986 0.0000 -0.0001 0.0001 0.0000 0.0000 0.0000 0.0000 -0.0006 0.0003 0.0000 -0.0001 0.0001 0.0000 0.0000 0.0000 0.0000 0.0000 0.0000 0.0000 0.0007 0.0001 0.0000 -0.0012 0.0001 0.0000 -0.0008 0.0003 0.0000 0.0001 0.0000 0.0000 0.0000 0.0000 0.0000 -0.0009 0.0000 0.0000 0.0002 -29.9996 -0.0001 -0.0003 29.9996 0.0000 0.0000 0.0000 6.1611 -6.5467 179.6518 -0.2479 -19.6301 0.1255 -7.9509 75.2128 1.8001 0.0000 26.0771 0.0000 0.7972 -2.7517 -178.4940 -0.1003 -11.5581 -0.0726 7.6844 70.9492 9.2867 0.0000 25.0177 -0.0001 
-3.7996 91.4672 4.5922 -9.1495 -1.8780 -3.0886 -0.5266 2.8601 2.4424 -0.5272 2.8634 2.4451 -0.5280 2.8688 2.4497 61.0554 67.1012 -35.0307 -11.9406 30.1899 32.1869 -10.0265 -6.2917 -6.5146 0.3535 8.4925 -4.8844 0.0000 0.0000 0.0001 0.0000 0.0000 0.0000 0.0000 -0.0013 -0.0008 0.0000 -0.0004 0.0001 0.0000 0.0000 0.0000 0.0000 0.0000 0.0000 0.0000 0.0002 0.0000 0.0000 -0.0006 0.0003 0.0000 0.0004 -0.0006 0.0000 0.0000 0.0001 0.0000 0.0000 0.0000 0.0000 -0.0010 -0.0002 0.0000 0.0002 30.0001 -0.0001 0.0005 -29.9998 0.0000 0.0000 0.0000 10.3494 -2.4756 -2.2842 10.3494 -2.4756 -2.2842 -90.7046 86.1954 15.1385 -32.4332 45.8515 -36.4677 -37.2803 10.0256 -72.8453 1.7695 2.4409 0.7885 0.0000 -0.0001 0.0001 0.0000 0.0000 0.0000 0.0000 -0.0006 0.0003 0.0000 -0.0001 0.0001 0.0000 0.0000 0.0000 0.0000 0.0000 0.0000 0.0000 0.0007 0.0001 0.0000 -0.0012 0.0001 0.0000 -0.0008 0.0003 0.0000 0.0001 0.0000 0.0000 0.0000 0.0000 0.0000 -0.0009 0.0000 0.0000 0.0002 -29.9996 -0.0001 -0.0003 29.9996 0.0000 0.0000 0.0000 6.4526 -6.7759 179.7540 -0.2738 -20.1151 0.1312 -7.9405 75.4860 1.6467 0.0000 26.0413 0.0000 0.7513 -2.8850 -178.4327 -0.1114 -11.7785 -0.0713 7.7072 71.0541 9.4721 0.0000 25.0180 -0.0001 
-3.6568 91.4520 4.6084 -9.3338 -1.9130 -3.2353 -0.5243 2.8789 2.4599 -0.5248 2.8822 2.4626 -0.5257 2.8876 2.4672 61.8156 66.7178 -34.8450 -12.1503 29.6092 32.7551 -10.0254 -6.4945 -6.3898 0.3549 8.5144 -4.7985 0.0000 0.0000 0.0001 0.0000 0.0000 0.0000 0.0000 -0.0013 -0.0008 0.0000 -0.0004 0.0001 0.0000 0.0000 0.0000 0.0000 0.0000 0.0000 0.0000 0.0002 0.0000 0.0000 -0.0006 0.0003 0.0000 0.0004 -0.0006 0.0000 0.0000 0.0001 0.0000 0.0000 0.0000 0.0000 -0.0010 -0.0002 0.0000 0.0002 30.0001 -0.0001 0.0005 -29.9998 0.0000 0.0000 0.0000 10.4749 -2.5808 -2.2972 10.4749 -2.5808 -2.2972 -90.7012 85.8516 15.1412 -30.8362 44.8433 -35.9114 -38.1858 9.5790 -77.0797 2.0738 2.6571 0.9090 0.0000 -0.0001 0.0001 0.0000 0.0000 0.0000 0.0000 -0.0006 0.0003 0.0000 -0.0001 0.0001 0.0000 0.0000 0.0000 0.0000 0.0000 0.0000 0.0000 0.0007 0.0001 0.0000 -0.0012 0.0001 0.0000 -0.0008 0.0003 0.0000 0.0001 0.0000 0.0000 0.0000 0.0000 0.0000 -0.0009 0.0000 0.0000 0.0002 -29.9996 -0.0001 -0.0003 29.9996 0.0000 0.0000 0.0000 6.7330 -6.9204 179.8364 -0.2954 -20.4700 0.1359 -7.9619 75.6810 1.4578 0.0000 25.9595 0.0000 0.7553 -3.1055 -178.4173 -0.1278 -12.1829 -0.0691 7.8657 71.2295 9.7205 0.0000 25.0184 -0.0001 
-3.5056 91.4314 4.6159 -9.5095 -1.9813 -3.3422 -0.5153 2.9072 2.4545 -0.5158 2.9106 2.4573 -0.5167 2.9161 2.4619 62.4183 66.3420 -34.8093 -12.3212 29.1138 33.3450 -9.9476 -6.6758 -6.2963 0.3574 8.5336 -4.7115 0.0000 0.0000 0.0001 0.0000 0.0000 0.0000 0.0000 -0.0013 -0.0008 0.0000 -0.0004 0.0001 0.0000 0.0000 0.0000 0.0000 0.0000 0.0000 0.0000 0.0002 0.0000 0.0000 -0.0006 0.0003 0.0000 0.0004 -0.0006 0.0000 0.0000 0.0001 0.0000 0.0000 0.0000 0.0000 -0.0010 -0.0002 0.0000 0.0002 30.0001 -0.0001 0.0005 -29.9998 0.0000 0.0000 0.0000 10.5998 -2.6808 -2.3022 10.5997 -2.6808 -2.3022 -90.2561 85.4852 15.6137 -29.0065 43.9319 -35.3994 -39.0343 9.2400 -81.3476 2.4415 2.9039 1.0662 0.0000 -0.0001 0.0001 0.0000 0.0000 0.0000 0.0000 -0.0006 0.0002 0.0000 -0.0001 0.0001 0.0000 0.0000 0.0000 0.0000 0.0000 0.0000 0.0000 0.0007 0.0001 0.0000 -0.0012 0.0001 0.0000 -0.0008 0.0003 0.0000 0.0001 0.0000 0.0000 0.0000 0.0000 0.0000 -0.0008 0.0000 0.0000 0.0002 -29.9996 -0.0001 -0.0003 29.9996 0.0000 0.0000 0.0000 7.0055 -7.0046 179.8783 -0.3177 -20.7651 0.1408 -7.9774 75.8401 1.2762 0.0000 25.9283 0.0000 0.8299 -3.3918 -178.4645 -0.1514 -12.7543 -0.0659 8.2038 71.4747 10.0694 0.0000 25.0188 -0.0001 
-3.3536 91.4067 4.6237 -9.6791 -2.0693 -3.4119 -0.5011 2.9386 2.4283 -0.5016 2.9420 2.4311 -0.5024 2.9475 2.4356 62.8843 65.9827 -34.8990 -12.4367 28.6796 33.9851 -9.7822 -6.8605 -6.2462 0.3629 8.5546 -4.6178 0.0000 0.0000 0.0001 0.0000 0.0000 0.0000 0.0000 -0.0013 -0.0008 0.0000 -0.0004 0.0001 0.0000 0.0000 0.0000 0.0000 0.0000 0.0000 0.0000 0.0002 -0.0001 0.0000 -0.0006 0.0003 0.0000 0.0004 -0.0006 0.0000 0.0000 0.0001 0.0000 0.0000 0.0000 0.0000 -0.0010 -0.0002 0.0000 0.0002 30.0001 -0.0001 0.0005 -29.9998 0.0000 0.0000 0.0000 10.7289 -2.7781 -2.3009 10.7289 -2.7781 -2.3009 -89.6856 85.0996 16.2225 -26.8974 43.1297 -34.9216 -39.8357 9.0430 -85.6386 2.8862 3.1841 1.2673 0.0000 -0.0001 0.0001 0.0000 0.0000 0.0000 0.0000 -0.0006 0.0003 0.0000 -0.0001 0.0001 0.0000 0.0000 0.0000 0.0000 0.0000 0.0000 0.0000 0.0007 0.0001 0.0000 -0.0012 0.0001 0.0000 -0.0008 0.0003 0.0000 0.0001 0.0000 0.0000 0.0000 0.0000 0.0000 -0.0009 0.0000 0.0000 0.0002 -29.9997 -0.0001 -0.0003 29.9996 0.0000 0.0000 0.0000 7.2721 -7.0526 179.8853 -0.3393 -21.0354 0.1455 -8.0067 75.9855 1.0835 0.0000 25.9109 0.0000 0.9643 -3.7345 -178.5575 -0.1790 -13.4794 -0.0616 8.6761 71.7949 10.4866 0.0000 25.0192 -0.0001 
-3.1960 91.3749 4.6337 -9.8400 -2.1875 -3.4312 -0.4798 2.9716 2.3750 -0.4803 2.9750 2.3777 -0.4810 2.9806 2.3821 63.2118 65.6490 -35.1060 -12.4603 28.3263 34.7200 -9.4479 -7.0404 -6.2795 0.3745 8.5867 -4.5061 0.0000 0.0000 0.0001 0.0000 0.0000 0.0000 0.0000 -0.0013 -0.0008 0.0000 -0.0004 0.0001 0.0000 0.0000 0.0000 0.0000 0.0000 0.0000 0.0000 0.0002 0.0000 0.0000 -0.0006 0.0003 0.0000 0.0004 -0.0006 0.0000 0.0000 0.0001 0.0000 0.0000 0.0000 0.0000 -0.0010 -0.0002 0.0000 0.0002 30.0001 -0.0001 0.0005 -29.9998 0.0000 0.0000 0.0000 10.8663 -2.8599 -2.2847 10.8663 -2.8599 -2.2847 -88.8977 84.6584 17.0541 -24.3220 42.5004 -34.4572 -40.6191 9.0249 -89.7256 3.4260 3.5149 1.5151 0.0000 -0.0001 0.0001 0.0000 0.0000 0.0000 0.0000 -0.0006 0.0003 0.0000 -0.0001 0.0001 0.0000 0.0000 0.0000 0.0000 0.0000 0.0000 0.0000 0.0007 0.0001 0.0000 -0.0012 0.0001 0.0000 -0.0008 0.0003 0.0000 0.0001 0.0000 0.0000 0.0000 0.0000 0.0000 -0.0008 0.0000 0.0000 0.0002 -29.9997 -0.0001 -0.0003 29.9996 0.0000 0.0000 0.0000 7.5405 -7.0632 179.8417 -0.3629 -21.3053 0.1508 -8.0347 76.1290 0.8899 0.0000 25.8946 0.0000 1.1756 -4.0949 -178.7278 -0.2172 -14.2914 -0.0556 9.3030 72.1284 10.9738 0.0000 25.0197 -0.0001 
-3.0396 91.3405 4.6476 -9.9965 -2.3209 -3.4341 -0.4463 2.9979 2.3109 -0.4467 3.0013 2.3135 -0.4475 3.0070 2.3178 63.4806 65.3417 -35.3610 -12.4554 28.0621 35.5237 -9.0534 -7.1790 -6.3529 0.3871 8.6204 -4.3964 0.0000 0.0000 0.0001 0.0000 0.0000 0.0000 0.0000 -0.0013 -0.0008 0.0000 -0.0004 0.0001 0.0000 0.0000 0.0000 0.0000 0.0000 0.0000 0.0000 0.0002 0.0000 0.0000 -0.0006 0.0003 0.0000 0.0004 -0.0006 0.0000 0.0000 0.0001 0.0000 0.0000 0.0000 0.0000 -0.0010 -0.0002 0.0000 0.0002 30.0001 -0.0001 0.0005 -29.9998 0.0000 0.0000 0.0000 11.0008 -2.9179 -2.2529 11.0009 -2.9179 -2.2529 -87.0775 84.1425 18.9615 -21.9380 42.0476 -34.2076 -41.4195 9.1529 -93.6251 3.7742 3.5933 1.7802 0.0000 -0.0001 0.0001 0.0000 0.0000 0.0000 0.0000 -0.0006 0.0003 0.0000 -0.0001 0.0001 0.0000 0.0000 0.0000 0.0000 0.0000 0.0000 0.0000 0.0007 0.0001 0.0000 -0.0012 0.0001 0.0000 -0.0008 0.0003 0.0000 0.0001 0.0000 0.0000 0.0000 0.0000 0.0000 -0.0008 0.0000 0.0000 0.0002 -29.9996 -0.0001 -0.0003 29.9996 0.0000 0.0000 0.0000 7.8258 -7.0490 179.7857 -0.3870 -21.5645 0.1562 -8.0415 76.2704 0.7045 0.0000 25.8824 0.0000 1.4329 -4.4764 -178.9182 -0.2617 -15.1696 -0.0480 9.9704 72.4768 11.4472 0.0000 25.0202 -0.0001 
-2.8878 91.3047 4.6708 -10.1530 -2.4736 -3.4274 -0.3966 3.0173 2.2388 -0.3970 3.0207 2.2413 -0.3977 3.0265 2.2455 63.7174 65.0541 -35.6393 -12.4463 27.8615 36.4116 -8.6475 -7.2586 -6.4665 0.4002 8.6535 -4.2952 0.0000 0.0000 0.0001 0.0000 0.0000 0.0000 0.0000 -0.0013 -0.0008 0.0000 -0.0004 0.0001 0.0000 0.0000 0.0000 0.0000 0.0000 0.0000 0.0000 0.0003 0.0000 0.0000 -0.0006 0.0003 0.0000 0.0004 -0.0006 0.0000 0.0000 0.0001 0.0000 0.0000 0.0000 0.0000 -0.0010 -0.0002 0.0000 0.0003 30.0001 -0.0001 0.0005 -29.9998 0.0000 0.0000 0.0000 11.1221 -2.9480 -2.2037 11.1221 -2.9480 -2.2037 -84.4915 83.5543 21.6792 -19.6111 41.7415 -34.1036 -42.1998 9.4019 -97.3963 4.0255 3.5447 2.0811 0.0000 -0.0001 0.0001 0.0000 0.0000 0.0000 0.0000 -0.0006 0.0003 0.0000 -0.0001 0.0001 0.0000 0.0000 0.0000 0.0000 0.0000 0.0000 0.0000 0.0007 0.0001 0.0000 -0.0012 0.0001 0.0000 -0.0008 0.0003 0.0000 0.0001 0.0000 0.0000 0.0000 0.0000 0.0000 -0.0008 0.0000 0.0000 0.0002 -29.9996 -0.0001 -0.0003 29.9996 0.0000 0.0000 0.0000 8.1394 -7.0114 179.7279 -0.4117 -21.8301 0.1619 -8.0433 76.4249 0.5022 0.0000 25.8491 0.0000 2.2421 -4.8323 -179.0852 -0.2946 -16.0340 -0.0414 11.3649 72.8044 12.1206 0.0000 25.0207 -0.0001 
-2.7613 91.2713 4.7247 -10.2985 -2.6433 -3.4297 -0.3236 3.0187 2.1652 -0.3239 3.0220 2.1675 -0.3244 3.0278 2.1717 63.8958 64.8004 -35.9338 -12.4176 27.8001 37.3961 -8.1715 -7.3099 -6.6076 0.4143 8.6914 -4.2035 0.0000 0.0000 0.0001 0.0000 0.0000 0.0000 0.0000 -0.0013 -0.0008 0.0000 -0.0004 0.0001 0.0000 0.0000 0.0000 0.0000 0.0000 0.0000 0.0000 0.0003 0.0000 0.0000 -0.0006 0.0003 0.0000 0.0004 -0.0006 0.0000 0.0000 0.0001 0.0000 0.0000 0.0000 0.0000 -0.0010 -0.0002 0.0000 0.0003 30.0001 -0.0001 0.0005 -29.9998 0.0000 0.0000 0.0000 11.2099 -2.9224 -2.1292 11.2099 -2.9224 -2.1292 -81.7834 82.8739 24.5260 -16.9357 41.6932 -34.0246 -42.9561 9.6868 -100.9541 4.3092 3.5071 2.4357 0.0000 -0.0001 0.0001 0.0000 0.0000 0.0000 0.0000 -0.0007 0.0003 0.0000 -0.0001 0.0001 0.0000 0.0000 0.0000 0.0000 0.0000 0.0000 0.0000 0.0007 0.0001 0.0000 -0.0012 0.0001 0.0000 -0.0008 0.0003 0.0000 0.0001 0.0000 0.0000 0.0000 0.0000 0.0000 -0.0008 0.0000 0.0000 0.0002 -29.9996 -0.0001 -0.0003 29.9996 0.0000 0.0000 0.0000 8.4868 -6.9350 179.7016 -0.4329 -22.0928 0.1670 -8.1250 76.6012 0.1731 0.0000 25.7988 0.0000 3.1245 -5.0872 -179.2083 -0.3209 -16.8195 -0.0354 12.7894 73.1286 12.7387 0.0000 25.0210 -0.0001 
-2.6605 91.2420 4.7926 -10.4071 -2.8179 -3.4402 -0.2378 3.0035 2.0939 -0.2380 3.0067 2.0960 -0.2384 3.0126 2.1002 63.9655 64.5782 -36.2706 -12.3618 27.8417 38.4122 -7.6875 -7.3405 -6.6966 0.4238 8.7303 -4.1289 0.0000 0.0000 0.0001 0.0000 0.0000 0.0000 0.0000 -0.0013 -0.0008 0.0000 -0.0004 0.0001 0.0000 0.0000 0.0000 0.0000 0.0000 0.0000 0.0000 0.0002 0.0000 0.0000 -0.0006 0.0003 0.0000 0.0004 -0.0006 0.0000 0.0000 0.0001 0.0000 0.0000 0.0000 0.0000 -0.0010 -0.0002 0.0000 0.0002 30.0001 -0.0001 0.0005 -29.9998 0.0000 0.0000 0.0000 11.2579 -2.8454 -2.0401 11.2579 -2.8454 -2.0401 -79.2579 82.1185 27.1687 -13.9301 41.8994 -33.9090 -43.5816 9.8886 -104.2378 4.6245 3.4841 2.8341 0.0000 -0.0001 0.0001 0.0000 0.0000 0.0000 0.0000 -0.0006 0.0003 0.0000 -0.0001 0.0001 0.0000 0.0000 0.0000 0.0000 0.0000 0.0000 0.0000 0.0007 0.0001 0.0000 -0.0012 0.0001 0.0000 -0.0008 0.0003 0.0000 0.0001 0.0000 0.0000 0.0000 0.0000 0.0000 -0.0008 0.0000 0.0000 0.0002 -29.9997 -0.0001 -0.0003 29.9996 0.0000 0.0000 0.0000 8.8347 -6.8447 179.7058 -0.4482 -22.3560 0.1710 -8.3363 76.7878 -0.3336 0.0000 25.7193 0.0000 3.9447 -5.2394 -179.2876 -0.3421 -17.4576 -0.0304 14.0565 73.4057 13.2258 0.0000 25.0213 -0.0001 
-2.5798 91.2179 4.8569 -10.4681 -2.9935 -3.4582 -0.1427 2.9765 2.0261 -0.1428 2.9795 2.0281 -0.1429 2.9855 2.0322 63.9057 64.3776 -36.6692 -12.2908 27.9614 39.4367 -7.2907 -7.3408 -6.7316 0.4276 8.7625 -4.0863 0.0000 0.0000 0.0001 0.0000 0.0000 0.0000 0.0000 -0.0013 -0.0008 0.0000 -0.0004 0.0001 0.0000 0.0000 0.0000 0.0000 0.0000 0.0000 0.0000 0.0002 0.0000 0.0000 -0.0006 0.0003 0.0000 0.0004 -0.0006 0.0000 0.0000 0.0001 0.0000 0.0000 0.0000 0.0000 -0.0010 -0.0002 0.0000 0.0002 30.0001 -0.0001 0.0005 -29.9998 0.0000 0.0000 0.0000 11.2632 -2.7277 -1.9446 11.2632 -2.7277 -1.9446 -76.8081 81.3094 29.7229 -10.6396 42.3281 -33.7355 -44.0629 10.0955 -107.2603 4.9687 3.4656 3.2809 0.0000 -0.0001 0.0001 0.0000 0.0000 0.0000 0.0000 -0.0006 0.0003 0.0000 -0.0001 0.0001 0.0000 0.0000 0.0000 0.0000 0.0000 0.0000 0.0000 0.0007 0.0001 0.0000 -0.0012 0.0001 0.0000 -0.0008 0.0003 0.0000 0.0001 0.0000 0.0000 0.0000 0.0000 0.0000 -0.0008 0.0000 0.0000 0.0002 -29.9996 -0.0001 -0.0003 29.9996 0.0000 0.0000 0.0000 9.1601 -6.7513 179.7371 -0.4578 -22.6082 0.1740 -8.6901 76.9701 -1.0205 0.0000 25.6025 0.0000 4.6889 -5.3201 -179.3245 -0.3574 -17.9637 -0.0264 15.1711 73.6376 13.5966 0.0000 25.0215 -0.0001 
-2.5264 91.2041 4.9139 -10.4394 -3.1569 -3.4803 -0.0387 2.9324 1.9591 -0.0387 2.9352 1.9610 -0.0386 2.9412 1.9650 63.6250 64.2091 -37.1738 -12.1974 28.1501 40.4684 -7.0578 -7.3162 -6.6955 0.4245 8.7830 -4.0935 0.0000 0.0000 0.0001 0.0000 0.0000 0.0000 0.0000 -0.0013 -0.0008 0.0000 -0.0004 0.0001 0.0000 0.0000 0.0000 0.0000 0.0000 0.0000 0.0000 0.0002 0.0000 0.0000 -0.0006 0.0003 0.0000 0.0004 -0.0006 0.0000 0.0000 0.0001 0.0000 0.0000 0.0000 0.0000 -0.0010 -0.0002 0.0000 0.0003 30.0001 -0.0001 0.0005 -29.9998 0.0000 0.0000 0.0000 11.1981 -2.5586 -1.8447 11.1981 -2.5586 -1.8447 -74.5764 80.4862 31.9956 -7.0019 43.0696 -33.4988 -44.2533 10.2612 -109.8537 5.3319 3.4526 3.7821 0.0000 -0.0001 0.0001 0.0000 0.0000 0.0000 0.0000 -0.0006 0.0002 0.0000 -0.0001 0.0001 0.0000 0.0000 0.0000 0.0000 0.0000 0.0000 0.0000 0.0007 0.0001 0.0000 -0.0012 0.0001 0.0000 -0.0008 0.0003 0.0000 0.0001 0.0000 0.0000 0.0000 0.0000 0.0000 -0.0009 0.0000 0.0000 0.0002 -29.9996 -0.0001 -0.0003 29.9996 0.0000 0.0000 0.0000 9.4146 -6.6527 179.7960 -0.4610 -22.8155 0.1755 -9.2857 77.1380 -1.9905 0.0000 25.4117 0.0000 5.2709 -5.3259 -179.3126 -0.3649 -18.2969 -0.0241 16.0296 73.8151 13.8010 0.0000 25.0216 -0.0001 
-2.4992 91.1976 4.9798 -10.3221 -3.2947 -3.4975 0.0704 2.8754 1.8868 0.0705 2.8780 1.8885 0.0707 2.8841 1.8924 63.1268 64.0624 -37.7898 -12.0936 28.3711 41.5078 -6.8406 -7.2869 -6.6331 0.4187 8.8004 -4.1244 0.0000 0.0000 0.0001 0.0000 0.0000 0.0000 0.0000 -0.0013 -0.0008 0.0000 -0.0004 0.0001 0.0000 0.0000 0.0000 0.0000 0.0000 0.0000 0.0000 0.0002 -0.0001 0.0000 -0.0006 0.0003 0.0000 0.0004 -0.0006 0.0000 0.0000 0.0001 0.0000 0.0000 0.0000 0.0000 -0.0010 -0.0002 0.0000 0.0002 30.0001 -0.0001 0.0005 -29.9998 0.0000 0.0000 0.0000 11.0706 -2.3682 -1.7434 11.0706 -2.3682 -1.7434 -73.0514 79.7024 33.4263 -3.0338 44.0588 -33.1318 -43.9889 10.2929 -111.9856 5.6942 3.4439 4.3205 0.0000 -0.0001 0.0001 0.0000 0.0000 0.0000 0.0000 -0.0006 0.0003 0.0000 -0.0001 0.0001 0.0000 0.0000 0.0000 0.0000 0.0000 0.0000 0.0000 0.0007 0.0001 0.0000 -0.0012 0.0001 0.0000 -0.0008 0.0003 0.0000 0.0001 0.0000 0.0000 0.0000 0.0000 0.0000 -0.0009 0.0000 0.0000 0.0002 -29.9997 -0.0001 -0.0003 29.9996 0.0000 0.0000 0.0000 9.5801 -6.5315 179.8647 -0.4581 -22.9426 0.1754 -10.1048 77.2834 -3.2019 0.0000 25.1921 0.0000 5.7037 -5.2750 -179.2892 -0.3717 -18.5148 -0.0223 16.7666 73.9669 13.9634 0.0000 25.0218 -0.0001 
-2.4978 91.1983 5.0612 -10.1263 -3.4046 -3.5070 0.1798 2.8107 1.8108 0.1800 2.8131 1.8124 0.1805 2.8192 1.8163 62.4535 63.9386 -38.5153 -11.9765 28.6258 42.5680 -6.6059 -7.2631 -6.5424 0.4107 8.8149 -4.1713 0.0000 0.0000 0.0001 0.0000 0.0000 0.0000 0.0000 -0.0013 -0.0008 0.0000 -0.0004 0.0001 0.0000 0.0000 0.0000 0.0000 0.0000 0.0000 0.0000 0.0002 0.0000 0.0000 -0.0006 0.0003 0.0000 0.0004 -0.0006 0.0000 0.0000 0.0001 0.0000 0.0000 0.0000 0.0000 -0.0010 -0.0002 0.0000 0.0002 30.0001 -0.0001 0.0005 -29.9998 0.0000 0.0000 0.0000 10.8963 -2.1735 -1.6472 10.8963 -2.1735 -1.6472 -71.7632 78.9291 34.5006 1.1125 45.1621 -32.6392 -43.2736 10.2282 -113.7081 6.0387 3.4325 4.8801 0.0000 -0.0001 0.0001 0.0000 0.0000 0.0000 0.0000 -0.0006 0.0003 0.0000 -0.0001 0.0001 0.0000 0.0000 0.0000 0.0000 0.0000 0.0000 0.0000 0.0007 0.0001 0.0000 -0.0011 0.0001 0.0000 -0.0008 0.0003 0.0000 0.0001 0.0000 0.0000 0.0000 0.0000 0.0000 -0.0009 0.0000 0.0000 0.0002 -29.9996 -0.0001 -0.0003 29.9996 0.0000 0.0000 0.0000 9.6533 -6.3824 179.9351 -0.4490 -22.9848 0.1737 -11.1482 77.4053 -4.6369 0.0000 25.0345 0.0000 6.0110 -5.1830 -179.2611 -0.3749 -18.6352 -0.0214 17.3873 74.0890 14.0756 0.0000 25.0218 -0.0001 
-2.5177 91.2092 5.1721 -9.8314 -3.4631 -3.5145 0.2956 2.7394 1.7326 0.2959 2.7416 1.7340 0.2966 2.7476 1.7378 61.5181 63.8356 -39.4177 -11.8542 28.9124 43.6729 -6.2869 -7.2376 -6.4847 0.4048 8.8278 -4.2315 0.0000 0.0000 0.0001 0.0000 0.0000 0.0000 0.0000 -0.0013 -0.0008 0.0000 -0.0004 0.0001 0.0000 0.0000 0.0000 0.0000 0.0000 0.0000 0.0000 0.0002 0.0000 0.0000 -0.0006 0.0003 0.0000 0.0004 -0.0006 0.0000 0.0000 0.0001 0.0000 0.0000 0.0000 0.0000 -0.0010 -0.0002 0.0000 0.0002 30.0001 -0.0001 0.0005 -29.9998 0.0000 0.0000 0.0000 10.6569 -1.9981 -1.5616 10.6569 -1.9981 -1.5616 -70.3255 78.1275 35.6288 5.0889 46.3618 -32.2169 -41.8622 9.9519 -114.8587 6.3268 3.4254 5.4419 0.0000 -0.0001 0.0001 0.0000 0.0000 0.0000 0.0000 -0.0006 0.0003 0.0000 -0.0001 0.0001 0.0000 0.0000 0.0000 0.0000 0.0000 0.0000 0.0000 0.0007 0.0001 0.0000 -0.0012 0.0001 0.0000 -0.0008 0.0003 0.0000 0.0001 0.0000 0.0000 0.0000 0.0000 0.0000 -0.0009 0.0000 0.0000 0.0002 -29.9997 -0.0001 -0.0003 29.9996 0.0000 0.0000 0.0000 9.6110 -6.1925 -179.9973 -0.4371 -22.8880 0.1709 -12.4232 77.4984 -6.2994 0.0000 25.0388 0.0000 6.1397 -5.0665 -179.2314 -0.3750 -18.6279 -0.0214 17.8202 74.1473 14.1058 0.0000 25.0219 -0.0001 
-2.5408 91.2291 5.2963 -9.4591 -3.4798 -3.5301 0.4178 2.6662 1.6517 0.4181 2.6683 1.6529 0.4192 2.6743 1.6567 60.4407 63.7357 -40.3918 -11.7579 29.2135 44.8063 -5.8462 -7.2140 -6.4687 0.4020 8.8426 -4.2912 0.0000 0.0000 0.0001 0.0000 0.0000 0.0000 0.0000 -0.0013 -0.0008 0.0000 -0.0004 0.0001 0.0000 0.0000 0.0000 0.0000 0.0000 0.0000 0.0000 0.0002 0.0000 0.0000 -0.0006 0.0003 0.0000 0.0004 -0.0006 0.0000 0.0000 0.0001 0.0000 0.0000 0.0000 0.0000 -0.0010 -0.0002 0.0000 0.0002 30.0001 -0.0001 0.0005 -29.9998 0.0000 0.0000 0.0000 10.3684 -1.8525 -1.4813 10.3684 -1.8525 -1.4813 -68.9881 77.3452 36.6528 8.7104 47.5252 -32.0151 -39.8055 9.4662 -115.5379 6.5367 3.4209 5.9811 0.0000 -0.0001 0.0001 0.0000 0.0000 0.0000 0.0000 -0.0006 0.0003 0.0000 -0.0001 0.0001 0.0000 0.0000 0.0000 0.0000 0.0000 0.0000 0.0000 0.0007 0.0001 0.0000 -0.0011 0.0001 0.0000 -0.0008 0.0003 0.0000 0.0001 0.0000 0.0000 0.0000 0.0000 0.0000 -0.0009 0.0000 0.0000 0.0002 -29.9997 -0.0001 -0.0003 29.9996 0.0000 0.0000 0.0000 9.4874 -5.9928 -179.9302 -0.4278 -22.7044 0.1684 -13.7387 77.5714 -7.9985 0.0000 25.0436 0.0000 6.0886 -4.9255 -179.1996 -0.3759 -18.5029 -0.0217 18.0511 74.1384 14.0520 0.0000 25.0219 -0.0001 
-2.5680 91.2557 5.4305 -9.0181 -3.4624 -3.5587 0.5463 2.5943 1.5694 0.5467 2.5963 1.5705 0.5480 2.6022 1.5741 59.2252 63.6314 -41.4383 -11.6678 29.5167 45.9651 -5.3104 -7.1961 -6.4833 0.4016 8.8581 -4.3508 0.0000 0.0000 0.0001 0.0000 0.0000 0.0000 0.0000 -0.0013 -0.0008 0.0000 -0.0004 0.0001 0.0000 0.0000 0.0000 0.0000 0.0000 0.0000 0.0000 0.0002 0.0000 0.0000 -0.0006 0.0003 0.0000 0.0004 -0.0006 0.0000 0.0000 0.0001 0.0000 0.0000 0.0000 0.0000 -0.0010 -0.0002 0.0000 0.0002 30.0001 -0.0001 0.0005 -29.9998 0.0000 0.0000 0.0000 10.0382 -1.7421 -1.4049 10.0382 -1.7421 -1.4049 -67.6186 76.5136 37.6576 11.9335 48.6241 -31.9632 -37.2180 8.7818 -115.8112 6.6601 3.4234 6.4824 0.0000 -0.0001 0.0001 0.0000 0.0000 0.0000 0.0000 -0.0006 0.0003 0.0000 -0.0001 0.0001 0.0000 0.0000 0.0000 0.0000 0.0000 0.0000 0.0000 0.0007 0.0001 0.0000 -0.0011 0.0001 0.0000 -0.0008 0.0003 0.0000 0.0001 0.0000 0.0000 0.0000 0.0000 0.0000 -0.0008 0.0000 0.0000 0.0002 -29.9996 -0.0001 -0.0003 29.9996 0.0000 0.0000 0.0000 9.2958 -5.7946 -179.8564 -0.4190 -22.4642 0.1657 -15.0344 77.6275 -9.6718 0.0000 25.0488 0.0000 5.8586 -4.7457 -179.1539 -0.3740 -18.2784 -0.0227 18.0705 74.0913 13.9083 0.0000 25.0220 -0.0001 
-2.6119 91.2877 5.5561 -8.4879 -3.3996 -3.6073 0.6817 2.5260 1.4881 0.6822 2.5278 1.4892 0.6839 2.5336 1.4927 57.8348 63.5285 -42.5844 -11.5773 29.8121 47.1631 -4.7066 -7.1946 -6.5366 0.4046 8.8714 -4.4166 0.0000 0.0000 0.0001 0.0000 0.0000 0.0000 0.0000 -0.0013 -0.0008 0.0000 -0.0004 0.0001 0.0000 0.0000 0.0000 0.0000 0.0000 0.0000 0.0000 0.0002 0.0000 0.0000 -0.0006 0.0003 0.0000 0.0004 -0.0006 0.0000 0.0000 0.0001 0.0000 0.0000 0.0000 0.0000 -0.0010 -0.0002 0.0000 0.0002 30.0001 -0.0001 0.0005 -29.9998 0.0000 0.0000 0.0000 9.6579 -1.6885 -1.3362 9.6579 -1.6885 -1.3362 -66.1096 75.6108 38.7900 14.3298 49.5803 -32.3546 -34.0409 7.9418 -115.5554 6.6759 3.4386 6.9191 0.0000 -0.0001 0.0001 0.0000 0.0000 0.0000 0.0000 -0.0006 0.0003 0.0000 -0.0001 0.0001 0.0000 0.0000 0.0000 0.0000 0.0000 0.0000 0.0000 0.0007 0.0001 0.0000 -0.0011 0.0001 0.0000 -0.0008 0.0003 0.0000 0.0001 0.0000 0.0000 0.0000 0.0000 0.0000 -0.0009 0.0000 0.0000 0.0002 -29.9996 -0.0001 -0.0003 29.9996 0.0000 0.0000 0.0000 9.0207 -5.6297 -179.7662 -0.4075 -22.1786 0.1624 -16.2198 77.6525 -11.2206 0.0000 25.0540 0.0000 5.3756 -4.5121 -179.0785 -0.3628 -17.9101 -0.0257 17.7424 73.9860 13.5923 0.0000 25.0219 -0.0001 
-2.6706 91.3237 5.6708 -7.8934 -3.3022 -3.6681 0.8233 2.4542 1.4049 0.8238 2.4559 1.4058 0.8258 2.4616 1.4092 56.4044 63.4332 -43.7013 -11.4403 30.1666 48.4109 -4.1308 -7.2089 -6.5922 0.4066 8.8066 -4.5071 0.0000 0.0000 0.0001 0.0000 0.0000 0.0000 0.0000 -0.0013 -0.0008 0.0000 -0.0004 0.0001 0.0000 0.0000 0.0000 0.0000 0.0000 0.0000 0.0000 0.0002 -0.0001 0.0000 -0.0006 0.0003 0.0000 0.0004 -0.0006 0.0000 0.0000 0.0001 0.0000 0.0000 0.0000 0.0000 -0.0010 -0.0002 0.0000 0.0002 30.0001 -0.0001 0.0005 -29.9998 0.0000 0.0000 0.0000 9.2363 -1.6684 -1.2631 9.2363 -1.6684 -1.2631 -64.6986 74.6964 39.8609 15.9828 50.3490 -33.1813 -30.6016 7.0373 -114.8651 6.5986 3.4644 7.2749 0.0000 -0.0001 0.0001 0.0000 0.0000 0.0000 0.0000 -0.0006 0.0003 0.0000 -0.0001 0.0001 0.0000 0.0000 0.0000 0.0000 0.0000 0.0000 0.0000 0.0007 0.0001 0.0000 -0.0011 0.0001 0.0000 -0.0008 0.0003 0.0000 0.0001 0.0000 0.0000 0.0000 0.0000 0.0000 -0.0008 0.0000 0.0000 0.0002 -29.9997 -0.0001 -0.0003 29.9996 0.0000 0.0000 0.0000 8.6951 -5.5015 -179.6679 -0.3956 -21.8715 0.1589 -17.2148 77.6509 -12.5716 0.0000 25.0588 0.0000 4.6981 -4.2615 -178.9888 -0.3463 -17.4705 -0.0297 17.1834 73.8440 13.1921 0.0000 25.0218 -0.0001 
-2.7389 91.3617 5.7693 -7.2447 -3.1782 -3.7334 0.9651 2.3780 1.3177 0.9657 2.3796 1.3186 0.9681 2.3852 1.3218 54.9945 63.3530 -44.7527 -11.2781 30.5421 49.6742 -3.6483 -7.2299 -6.6231 0.4060 8.6919 -4.6192 0.0000 0.0000 0.0001 0.0000 0.0000 0.0000 0.0000 -0.0013 -0.0008 0.0000 -0.0004 0.0001 0.0000 0.0000 0.0000 0.0000 0.0000 0.0000 0.0000 0.0002 0.0000 0.0000 -0.0006 0.0003 0.0000 0.0004 -0.0006 0.0000 0.0000 0.0001 0.0000 0.0000 0.0000 0.0000 -0.0010 -0.0002 0.0000 0.0003 30.0001 -0.0001 0.0005 -29.9998 0.0000 0.0000 0.0000 8.7814 -1.6683 -1.1790 8.7814 -1.6683 -1.1790 -63.5178 73.7967 40.7567 17.0291 50.9731 -34.2671 -27.1107 6.0138 -113.9154 6.4564 3.5077 7.5540 0.0000 -0.0001 0.0001 0.0000 0.0000 0.0000 0.0000 -0.0006 0.0002 0.0000 -0.0001 0.0001 0.0000 0.0000 0.0000 0.0000 0.0000 0.0000 0.0000 0.0007 0.0001 0.0000 -0.0011 0.0001 0.0000 -0.0008 0.0003 0.0000 0.0001 0.0000 0.0000 0.0000 0.0000 0.0000 -0.0009 0.0000 0.0000 0.0002 -29.9996 -0.0001 -0.0003 29.9996 0.0000 0.0000 0.0000 8.3261 -5.4025 -179.5699 -0.3846 -21.5378 0.1557 -17.9874 77.6192 -13.6906 0.0000 25.0631 0.0000 3.8669 -4.0254 -178.9086 -0.3326 -16.9903 -0.0332 16.5078 73.6542 12.7875 0.0000 25.0216 -0.0001 
-2.8244 91.4051 5.8566 -6.5119 -3.0239 -3.7935 1.0966 2.2972 1.2236 1.0973 2.2986 1.2243 1.1000 2.3041 1.2273 53.5029 63.3068 -45.8676 -11.0474 30.8288 50.9626 -3.3692 -7.2641 -6.5922 0.4013 8.5609 -4.7537 0.0000 0.0000 0.0001 0.0000 0.0000 0.0000 0.0000 -0.0013 -0.0008 0.0000 -0.0004 0.0001 0.0000 0.0000 0.0000 0.0000 0.0000 0.0000 0.0000 0.0002 0.0000 0.0000 -0.0006 0.0003 0.0000 0.0004 -0.0006 0.0000 0.0000 0.0001 0.0000 0.0000 0.0000 0.0000 -0.0010 -0.0002 0.0000 0.0002 30.0001 -0.0001 0.0005 -29.9998 0.0000 0.0000 0.0000 8.2914 -1.6935 -1.0813 8.2914 -1.6935 -1.0813 -62.5972 72.8965 41.4100 17.2239 51.4287 -35.8448 -23.6208 5.0550 -112.4726 6.2448 3.5564 7.7404 0.0000 -0.0001 0.0001 0.0000 0.0000 0.0000 0.0000 -0.0006 0.0003 0.0000 -0.0001 0.0001 0.0000 0.0000 0.0000 0.0000 0.0000 0.0000 0.0000 0.0007 0.0001 0.0000 -0.0011 0.0001 0.0000 -0.0008 0.0003 0.0000 0.0001 0.0000 0.0000 0.0000 0.0000 0.0000 -0.0009 0.0000 0.0000 0.0002 -29.9996 -0.0001 -0.0003 29.9996 0.0000 0.0000 0.0000 7.8812 -5.3251 -179.4792 -0.3731 -21.1627 0.1522 -18.4831 77.5477 -14.5141 0.0000 25.0666 0.0000 2.8597 -3.7851 -178.8501 -0.3220 -16.4832 -0.0362 15.7897 73.4395 12.4531 0.0000 25.0214 -0.0001 
-2.9259 91.4503 5.9316 -5.7469 -2.8461 -3.8369 1.2223 2.2127 1.1224 1.2230 2.2141 1.1231 1.2261 2.2194 1.1259 52.0489 63.2784 -46.9118 -10.8256 31.0966 52.2142 -3.1239 -7.2989 -6.5522 0.3963 8.4255 -4.8892 0.0000 0.0000 0.0001 0.0000 0.0000 0.0000 0.0000 -0.0013 -0.0008 0.0000 -0.0004 0.0001 0.0000 0.0000 0.0000 0.0000 0.0000 0.0000 0.0000 0.0003 0.0000 0.0000 -0.0006 0.0003 0.0000 0.0004 -0.0006 0.0000 0.0000 0.0001 0.0000 0.0000 0.0000 0.0000 -0.0010 -0.0002 0.0000 0.0002 30.0001 -0.0001 0.0005 -29.9998 0.0000 0.0000 0.0000 7.7849 -1.7328 -0.9705 7.7849 -1.7328 -0.9705 -62.0702 72.0755 41.6920 16.9108 51.7279 -37.8922 -20.2609 4.1903 -110.5384 5.9808 3.6046 7.8462 0.0000 -0.0001 0.0001 0.0000 0.0000 0.0000 0.0000 -0.0006 0.0003 0.0000 -0.0001 0.0001 0.0000 0.0000 0.0000 0.0000 0.0000 0.0000 0.0000 0.0007 0.0001 0.0000 -0.0011 0.0001 0.0000 -0.0008 0.0003 0.0000 0.0001 0.0000 0.0000 0.0000 0.0000 0.0000 -0.0009 0.0000 0.0000 0.0002 -29.9996 -0.0001 -0.0003 29.9996 0.0000 0.0000 0.0000 7.4050 -5.2627 -179.3979 -0.3592 -20.7535 0.1483 -18.8423 77.4403 -15.1863 0.0000 25.0697 0.0000 1.8012 -3.5604 -178.8049 -0.3084 -15.9599 -0.0396 15.0664 73.1980 12.1461 0.0000 25.0212 -0.0001 
-3.0403 91.4967 5.9969 -4.9655 -2.6509 -3.8635 1.3417 2.1262 1.0163 1.3425 2.1275 1.0169 1.3458 2.1326 1.0195 50.7158 63.2674 -47.8276 -10.6278 31.3747 53.4334 -2.8423 -7.3348 -6.5210 0.3925 8.2930 -5.0138 0.0000 0.0000 0.0001 0.0000 0.0000 0.0000 0.0000 -0.0013 -0.0008 0.0000 -0.0004 0.0001 0.0000 0.0000 0.0000 0.0000 0.0000 0.0000 0.0000 0.0002 0.0000 0.0000 -0.0006 0.0003 0.0000 0.0004 -0.0006 0.0000 0.0000 0.0001 0.0000 0.0000 0.0000 0.0000 -0.0010 -0.0002 0.0000 0.0002 30.0001 -0.0001 0.0006 -29.9998 0.0000 0.0000 0.0000 7.2709 -1.7793 -0.8486 7.2709 -1.7793 -0.8486 -61.9274 71.3462 41.6176 16.3390 51.9140 -40.2586 -17.1328 3.3974 -108.2022 5.6854 3.6506 7.8889 0.0000 -0.0001 0.0001 0.0000 0.0000 0.0000 0.0000 -0.0006 0.0003 0.0000 -0.0001 0.0001 0.0000 0.0000 0.0000 0.0000 0.0000 0.0000 0.0000 0.0007 0.0001 0.0000 -0.0012 0.0001 0.0000 -0.0008 0.0003 0.0000 0.0001 0.0000 0.0000 0.0000 0.0000 0.0000 -0.0008 0.0000 0.0000 0.0002 -29.9996 -0.0001 -0.0003 29.9996 0.0000 0.0000 0.0000 6.9040 -5.2151 -179.3257 -0.3427 -20.3267 0.1440 -19.1478 77.3068 -15.7886 0.0000 25.0724 0.0000 0.7299 -3.3446 -178.7657 -0.2922 -15.4360 -0.0433 14.3647 72.9504 11.8705 0.0000 25.0209 -0.0001 
-3.1610 91.5411 6.0239 -4.1768 -2.4362 -3.8690 1.4505 2.0412 0.9070 1.4512 2.0423 0.9076 1.4549 2.0474 0.9099 49.5446 63.2635 -48.5835 -10.4777 31.6634 54.5784 -2.4738 -7.3688 -6.5022 0.3904 8.1720 -5.1180 0.0000 0.0000 0.0001 0.0000 0.0000 0.0000 0.0000 -0.0013 -0.0008 0.0000 -0.0004 0.0001 0.0000 0.0000 0.0000 0.0000 0.0000 0.0000 0.0000 0.0002 0.0000 0.0000 -0.0006 0.0003 0.0000 0.0004 -0.0006 0.0000 0.0000 0.0001 0.0000 0.0000 0.0000 0.0000 -0.0010 -0.0002 0.0000 0.0002 30.0001 -0.0001 0.0005 -29.9998 0.0000 0.0000 0.0000 6.7577 -1.8356 -0.7137 6.7577 -1.8356 -0.7137 -62.1670 70.7024 41.2001 15.6842 52.0117 -42.5864 -14.4008 2.7734 -105.6569 5.3955 3.6862 7.8913 0.0000 -0.0001 0.0001 0.0000 0.0000 0.0000 0.0000 -0.0006 0.0003 0.0000 -0.0001 0.0001 0.0000 0.0000 0.0000 0.0000 0.0000 0.0000 0.0000 0.0007 0.0001 0.0000 -0.0011 0.0001 0.0000 -0.0008 0.0003 0.0000 0.0001 0.0000 0.0000 0.0000 0.0000 0.0000 -0.0009 0.0000 0.0000 0.0002 -29.9996 -0.0001 -0.0003 29.9996 0.0000 0.0000 0.0000 6.4002 -5.2093 -179.2701 -0.3261 -19.8918 0.1398 -19.3326 77.1338 -16.2691 0.0000 25.3510 0.0000 -0.1411 -3.1819 -178.7213 -0.2730 -14.9219 -0.0471 13.9482 72.6688 11.6835 0.0000 25.0204 -0.0001 
-3.2830 91.5850 6.0251 -3.3952 -2.2056 -3.8613 1.5535 1.9605 0.7951 1.5544 1.9616 0.7955 1.5582 1.9664 0.7976 48.3926 63.2354 -49.3146 -10.3187 31.9051 55.6774 -2.0798 -7.3999 -6.4877 0.3888 8.0584 -5.2090 0.0000 0.0000 0.0001 0.0000 0.0000 0.0000 0.0000 -0.0013 -0.0008 0.0000 -0.0004 0.0001 0.0000 0.0000 0.0000 0.0000 0.0000 0.0000 0.0000 0.0003 0.0000 0.0000 -0.0006 0.0003 0.0000 0.0004 -0.0006 0.0000 0.0000 0.0001 0.0000 0.0000 0.0000 0.0000 -0.0010 -0.0002 0.0000 0.0003 30.0001 -0.0001 0.0005 -29.9998 0.0000 0.0000 0.0000 6.2508 -1.9016 -0.5712 6.2508 -1.9016 -0.5712 -62.6768 70.1193 40.5441 15.0238 52.0272 -44.9906 -11.8811 2.2298 -102.8892 5.1056 3.7151 7.8688 0.0000 -0.0001 0.0001 0.0000 0.0000 0.0000 0.0000 -0.0006 0.0003 0.0000 -0.0001 0.0001 0.0000 0.0000 0.0000 0.0000 0.0000 0.0000 0.0000 0.0007 0.0001 0.0000 -0.0012 0.0001 0.0000 -0.0008 0.0003 0.0000 0.0001 0.0000 0.0000 0.0000 0.0000 0.0000 -0.0009 0.0000 0.0000 0.0002 -29.9997 -0.0001 -0.0002 29.9996 0.0000 0.0000 0.0000 5.9171 -5.2440 -179.2252 -0.3100 -19.4673 0.1358 -19.3949 76.9378 -16.6375 0.0000 25.3510 0.0000 -0.6111 -3.0737 -178.6468 -0.2487 -14.4383 -0.0513 14.0480 72.3758 11.6257 0.0000 25.0199 -0.0001 
-3.4068 91.6282 6.0074 -2.6172 -1.9642 -3.8367 1.6502 1.8843 0.6775 1.6510 1.8853 0.6779 1.6552 1.8900 0.6797 47.3495 63.1817 -49.9081 -10.2057 32.1342 56.7000 -1.6570 -7.4230 -6.4870 0.3882 7.9511 -5.2896 0.0000 0.0000 0.0001 0.0000 0.0000 0.0000 0.0000 -0.0013 -0.0008 0.0000 -0.0004 0.0001 0.0000 0.0000 0.0000 0.0000 0.0000 0.0000 0.0000 0.0002 0.0000 0.0000 -0.0006 0.0003 0.0000 0.0004 -0.0006 0.0000 0.0000 0.0001 0.0000 0.0000 0.0000 0.0000 -0.0010 -0.0002 0.0000 0.0002 30.0001 -0.0001 0.0005 -29.9998 0.0000 0.0000 0.0000 5.7520 -1.9741 -0.4212 5.7520 -1.9741 -0.4212 -63.3526 69.6179 39.7121 14.4437 51.9163 -47.4245 -9.4943 1.7357 -99.9349 4.8181 3.7381 7.8329 0.0000 -0.0001 0.0001 0.0000 0.0000 0.0000 0.0000 -0.0006 0.0003 0.0000 -0.0001 0.0001 0.0000 0.0000 0.0000 0.0000 0.0000 0.0000 0.0000 0.0007 0.0001 0.0000 -0.0012 0.0001 0.0000 -0.0008 0.0003 0.0000 0.0001 0.0000 0.0000 0.0000 0.0000 0.0000 -0.0008 0.0000 0.0000 0.0002 -29.9996 -0.0001 -0.0003 29.9996 0.0000 0.0000 0.0000 5.4555 -5.3134 -179.1933 -0.2940 -19.0612 0.1320 -19.3378 76.7281 -16.9025 0.0000 25.3510 0.0000 -1.0246 -3.0023 -178.5706 -0.2240 -13.9745 -0.0554 14.1632 72.0805 11.5218 0.0000 25.0194 -0.0001 
-3.5354 91.6692 5.9787 -1.8572 -1.7146 -3.7890 1.7469 1.8120 0.5511 1.7478 1.8129 0.5514 1.7521 1.8174 0.5529 46.4750 63.1193 -50.3333 -10.1135 32.3235 57.6830 -1.2576 -7.4357 -6.4997 0.3884 7.8512 -5.3592 0.0000 0.0000 0.0001 0.0000 0.0000 0.0000 0.0000 -0.0013 -0.0008 0.0000 -0.0004 0.0001 0.0000 0.0000 0.0000 0.0000 0.0000 0.0000 0.0000 0.0002 0.0000 0.0000 -0.0006 0.0003 0.0000 0.0004 -0.0006 0.0000 0.0000 0.0001 0.0000 0.0000 0.0000 0.0000 -0.0010 -0.0002 0.0000 0.0003 30.0001 -0.0001 0.0005 -29.9998 0.0000 0.0000 0.0000 5.2611 -2.0483 -0.2586 5.2611 -2.0483 -0.2586 -64.2196 69.2135 38.7143 14.0783 51.7226 -49.6731 -7.3129 1.3337 -96.9317 4.5495 3.7533 7.7966 0.0000 -0.0001 0.0001 0.0000 0.0000 0.0000 0.0000 -0.0006 0.0003 0.0000 -0.0001 0.0001 0.0000 0.0000 0.0000 0.0000 0.0000 0.0000 0.0000 0.0007 0.0001 0.0000 -0.0012 0.0001 0.0000 -0.0008 0.0003 0.0000 0.0001 0.0000 0.0000 0.0000 0.0000 0.0000 -0.0008 0.0000 0.0000 0.0002 -29.9996 -0.0001 -0.0003 29.9996 0.0000 0.0000 0.0000 5.0421 -5.4133 -179.1772 -0.2773 -18.6812 0.1282 -19.1268 76.5110 -17.0452 0.0000 25.3510 0.0000 -1.3646 -2.9867 -178.4978 -0.1980 -13.5606 -0.0593 14.2817 71.7943 11.3498 0.0000 25.0187 -0.0001 
-3.6622 91.7049 5.9405 -1.1031 -1.4630 -3.7258 1.8419 1.7422 0.4199 1.8428 1.7431 0.4201 1.8475 1.7474 0.4212 45.6139 63.0465 -50.7342 -9.9914 32.4916 58.6432 -0.9311 -7.4580 -6.5018 0.3883 7.7478 -5.4329 0.0000 0.0000 0.0001 0.0000 0.0000 0.0000 0.0000 -0.0013 -0.0008 0.0000 -0.0004 0.0001 0.0000 0.0000 0.0000 0.0000 0.0000 0.0000 0.0000 0.0003 -0.0001 0.0000 -0.0006 0.0003 0.0000 0.0004 -0.0006 0.0000 0.0000 0.0001 0.0000 0.0000 0.0000 0.0000 -0.0010 -0.0002 0.0000 0.0003 30.0001 -0.0001 0.0005 -29.9998 0.0000 0.0000 0.0000 4.7801 -2.1181 -0.0943 4.7801 -2.1181 -0.0943 -65.1935 68.8845 37.6583 13.9253 51.5134 -51.5651 -5.3224 0.8474 -94.1084 4.2791 3.7565 7.7001 0.0000 -0.0001 0.0001 0.0000 0.0000 0.0000 0.0000 -0.0006 0.0002 0.0000 -0.0001 0.0001 0.0000 0.0000 0.0000 0.0000 0.0000 0.0000 0.0000 0.0007 0.0001 0.0000 -0.0011 0.0001 0.0000 -0.0008 0.0003 0.0000 0.0002 0.0000 0.0000 0.0000 0.0000 0.0000 -0.0008 0.0000 0.0000 0.0002 -29.9996 -0.0001 -0.0003 29.9996 0.0000 0.0000 0.0000 4.6651 -5.5295 -179.1729 -0.2606 -18.3134 0.1246 -18.7846 76.2872 -17.0889 0.0000 25.3510 0.0000 -1.6914 -3.0174 -178.4498 -0.1763 -13.1958 -0.0624 14.4270 71.5080 11.1849 0.0000 25.0181 -0.0001 
-3.7840 91.7359 5.8960 -0.3504 -1.2133 -3.6491 1.9329 1.6753 0.2858 1.9339 1.6762 0.2860 1.9388 1.6804 0.2868 44.7840 62.9675 -51.0919 -9.8656 32.6478 59.5471 -0.7165 -7.4779 -6.4881 0.3873 7.6338 -5.4990 0.0000 0.0000 0.0001 0.0000 0.0000 0.0000 0.0000 -0.0013 -0.0008 0.0000 -0.0004 0.0001 0.0000 0.0000 0.0000 0.0000 0.0000 0.0000 0.0000 0.0002 0.0000 0.0000 -0.0006 0.0003 0.0000 0.0004 -0.0006 0.0000 0.0000 0.0001 0.0000 0.0000 0.0000 0.0000 -0.0010 -0.0002 0.0000 0.0002 30.0001 -0.0001 0.0005 -29.9998 0.0000 0.0000 0.0000 4.3132 -2.1806 0.0667 4.3132 -2.1806 0.0667 -66.2268 68.6287 36.5763 13.8948 51.3044 -53.4117 -3.5156 0.2998 -91.2827 4.0119 3.7556 7.5859 0.0000 -0.0001 0.0001 0.0000 0.0000 0.0000 0.0000 -0.0006 0.0003 0.0000 -0.0001 0.0001 0.0000 0.0000 0.0000 0.0000 0.0000 0.0000 0.0000 0.0007 0.0001 0.0000 -0.0012 0.0001 0.0000 -0.0008 0.0003 0.0000 0.0001 0.0000 0.0000 0.0000 0.0000 0.0000 -0.0009 0.0000 0.0000 0.0002 -29.9997 -0.0001 -0.0003 29.9996 0.0000 0.0000 0.0000 4.3080 -5.6527 -179.1810 -0.2440 -17.9524 0.1212 -18.3576 76.0586 -17.0684 0.0000 25.3510 0.0000 -2.0305 -3.0748 -178.4310 -0.1589 -12.8676 -0.0649 14.5932 71.2202 11.0458 0.0000 25.0173 -0.0001 
-3.8917 91.7626 5.8484 0.4016 -0.9762 -3.5465 2.0148 1.6137 0.1457 2.0158 1.6146 0.1458 2.0208 1.6186 0.1463 44.0525 62.8934 -51.3470 -9.7507 32.8005 60.3383 -0.6684 -7.4830 -6.4673 0.3854 7.5008 -5.5125 0.0000 0.0000 0.0001 0.0000 0.0000 0.0000 0.0000 -0.0013 -0.0008 0.0000 -0.0004 0.0001 0.0000 0.0000 0.0000 0.0000 0.0000 0.0000 0.0000 0.0002 0.0000 0.0000 -0.0006 0.0003 0.0000 0.0004 -0.0006 0.0000 0.0000 0.0001 0.0000 0.0000 0.0000 0.0000 -0.0010 -0.0002 0.0000 0.0002 30.0001 -0.0001 0.0005 -29.9998 0.0000 0.0000 0.0000 3.8764 -2.2283 0.2243 3.8764 -2.2283 0.2243 -67.2705 68.4732 35.4897 13.9465 51.0665 -55.3433 -1.9338 -0.2594 -88.3649 3.7476 3.7483 7.4582 0.0000 -0.0001 0.0001 0.0000 0.0000 0.0000 0.0000 -0.0006 0.0003 0.0000 -0.0001 0.0001 0.0000 0.0000 0.0000 0.0000 0.0000 0.0000 0.0000 0.0007 0.0001 0.0000 -0.0012 0.0001 0.0000 -0.0008 0.0003 0.0000 0.0001 0.0000 0.0000 0.0000 0.0000 0.0000 -0.0009 0.0000 0.0000 0.0002 -29.9996 -0.0001 -0.0002 29.9996 0.0000 0.0000 0.0000 3.9361 -5.7708 -179.2211 -0.2278 -17.6032 0.1179 -17.8879 75.8263 -16.9962 0.0000 25.3510 0.0000 -2.4254 -3.1286 -178.4672 -0.1461 -12.5634 -0.0667 14.7541 70.9298 10.9488 0.0000 25.0165 -0.0001 
-3.9824 91.7877 5.8021 1.1311 -0.7546 -3.4209 2.0955 1.5551 -0.0027 2.0966 1.5560 -0.0026 2.1018 1.5599 -0.0026 43.4348 62.8517 -51.4806 -9.6651 32.9855 61.0882 -0.6437 -7.4885 -6.4619 0.3846 7.3681 -5.5240 0.0000 0.0000 0.0001 0.0000 0.0000 0.0000 0.0000 -0.0013 -0.0008 0.0000 -0.0004 0.0001 0.0000 0.0000 0.0000 0.0000 0.0000 0.0000 0.0000 0.0002 -0.0001 0.0000 -0.0006 0.0003 0.0000 0.0004 -0.0006 0.0000 0.0000 0.0001 0.0000 0.0000 0.0000 0.0000 -0.0010 -0.0002 0.0000 0.0003 30.0001 -0.0001 0.0005 -29.9998 0.0000 0.0000 0.0000 3.4637 -2.2581 0.3890 3.4637 -2.2581 0.3890 -68.2880 68.3675 34.4466 14.0583 50.7932 -57.1472 -0.4948 -0.9180 -85.5886 3.5076 3.7518 7.3376 0.0000 -0.0001 0.0001 0.0000 0.0000 0.0000 0.0000 -0.0006 0.0003 0.0000 -0.0001 0.0001 0.0000 0.0000 0.0000 0.0000 0.0000 0.0000 0.0000 0.0007 0.0001 0.0000 -0.0012 0.0001 0.0000 -0.0008 0.0003 0.0000 0.0001 0.0000 0.0000 0.0000 0.0000 0.0000 -0.0009 0.0000 0.0000 0.0002 -29.9996 -0.0001 -0.0003 29.9996 0.0000 0.0000 0.0000 3.5351 -5.8755 -179.2932 -0.2129 -17.2625 0.1150 -17.4562 75.5911 -16.9154 0.0000 25.3510 0.0000 -2.8665 -3.1686 -178.5394 -0.1344 -12.2774 -0.0683 14.8549 70.6465 10.8514 0.0000 25.0155 -0.0001 
-4.0569 91.8113 5.7509 1.8327 -0.5420 -3.2873 2.1758 1.4971 -0.1554 2.1770 1.4980 -0.1555 2.1824 1.5017 -0.1558 42.8801 62.8278 -51.5454 -9.5861 33.2179 61.8036 -0.5962 -7.5040 -6.4646 0.3847 7.2377 -5.5304 0.0000 0.0000 0.0001 0.0000 0.0000 0.0000 0.0000 -0.0013 -0.0008 0.0000 -0.0004 0.0001 0.0000 0.0000 0.0000 0.0000 0.0000 0.0000 0.0000 0.0002 -0.0001 0.0000 -0.0006 0.0003 0.0000 0.0004 -0.0006 0.0000 0.0000 0.0001 0.0000 0.0000 0.0000 0.0000 -0.0010 -0.0002 0.0000 0.0002 30.0001 -0.0001 0.0005 -29.9998 0.0000 0.0000 0.0000 3.0715 -2.2703 0.5656 3.0715 -2.2703 0.5656 -69.3085 68.2895 33.4323 14.1583 50.4469 -58.9309 0.9116 -1.7379 -82.9183 3.2847 3.7708 7.2230 0.0000 -0.0001 0.0001 0.0000 0.0000 0.0000 0.0000 -0.0006 0.0003 0.0000 -0.0001 0.0001 0.0000 0.0000 0.0000 0.0000 0.0000 0.0000 0.0000 0.0007 0.0001 0.0000 -0.0012 0.0001 0.0000 -0.0008 0.0003 0.0000 0.0001 0.0000 0.0000 0.0000 0.0000 0.0000 -0.0009 0.0000 0.0000 0.0002 -29.9996 -0.0001 -0.0003 29.9996 0.0000 0.0000 0.0000 3.0966 -5.9723 -179.3839 -0.2003 -16.9167 0.1124 -17.0753 75.3434 -16.8248 0.0000 25.3510 0.0000 -3.3437 -3.2324 -178.6309 -0.1247 -12.0422 -0.0696 14.9065 70.3770 10.7580 0.0000 25.0181 -0.0001 
-4.1151 91.8332 5.6930 2.4882 -0.3330 -3.1524 2.2493 1.4384 -0.3105 2.2505 1.4392 -0.3107 2.2560 1.4428 -0.3113 42.4511 62.8166 -51.4977 -9.5563 33.5005 62.4464 -0.5237 -7.5179 -6.4566 0.3842 7.1131 -5.5324 0.0000 0.0000 0.0001 0.0000 0.0000 0.0000 0.0000 -0.0013 -0.0008 0.0000 -0.0004 0.0001 0.0000 0.0000 0.0000 0.0000 0.0000 0.0000 0.0000 0.0003 -0.0001 0.0000 -0.0006 0.0003 0.0000 0.0004 -0.0006 0.0000 0.0000 0.0001 0.0000 0.0000 0.0000 0.0000 -0.0010 -0.0002 0.0000 0.0003 30.0001 -0.0001 0.0005 -29.9998 0.0000 0.0000 0.0000 2.7129 -2.2579 0.7613 2.7128 -2.2579 0.7613 -70.3239 68.2469 32.4236 14.1265 49.9401 -60.7709 2.3800 -2.6855 -80.3258 3.0730 3.7985 7.1103 0.0000 -0.0001 0.0001 0.0000 0.0000 0.0000 0.0000 -0.0007 0.0003 0.0000 -0.0001 0.0001 0.0000 0.0000 0.0000 0.0000 0.0000 0.0000 0.0000 0.0007 0.0001 0.0000 -0.0012 0.0001 0.0000 -0.0008 0.0003 0.0000 0.0001 0.0000 0.0000 0.0000 0.0000 0.0000 -0.0009 0.0000 0.0000 0.0002 -29.9996 -0.0001 -0.0003 29.9996 0.0000 0.0000 0.0000 2.5943 -6.0751 -179.4883 -0.1914 -16.5795 0.1105 -16.8172 75.0840 -16.7589 0.0000 25.3510 0.0000 -3.8466 -3.3592 -178.7422 -0.1183 -11.8880 -0.0704 14.9152 70.1202 10.6784 0.0000 25.5409 -0.0001 
-4.1696 91.8539 5.6467 3.1075 -0.1303 -3.0209 2.3221 1.3816 -0.4699 2.3234 1.3824 -0.4702 2.3291 1.3858 -0.4713 42.0891 62.8025 -51.3871 -9.5364 33.7723 63.0631 -0.4216 -7.5215 -6.4411 0.3828 6.9960 -5.5232 0.0000 0.0000 0.0001 0.0000 0.0000 0.0000 0.0000 -0.0013 -0.0008 0.0000 -0.0004 0.0001 0.0000 0.0000 0.0000 0.0000 0.0000 0.0000 0.0000 0.0003 0.0000 0.0000 -0.0006 0.0003 0.0000 0.0004 -0.0006 0.0000 0.0000 0.0001 0.0000 0.0000 0.0000 0.0000 -0.0010 -0.0002 0.0000 0.0003 30.0001 -0.0001 0.0005 -29.9998 0.0000 0.0000 0.0000 2.3662 -2.2266 0.9800 2.3662 -2.2266 0.9800 -71.3206 68.2320 31.4239 13.9353 49.3286 -62.6614 3.8890 -3.7949 -77.7262 2.8645 3.8357 6.9935 0.0000 -0.0001 0.0001 0.0000 0.0000 0.0000 0.0000 -0.0006 0.0003 0.0000 -0.0001 0.0001 0.0000 0.0000 0.0000 0.0000 0.0000 0.0000 0.0000 0.0007 0.0001 0.0000 -0.0012 0.0001 0.0000 -0.0008 0.0003 0.0000 0.0001 0.0000 0.0000 0.0000 0.0000 0.0000 -0.0009 0.0000 0.0000 0.0002 -29.9996 -0.0001 -0.0003 29.9996 0.0000 0.0000 0.0000 2.0572 -6.1787 -179.5880 -0.1842 -16.2701 0.1090 -16.6783 74.8350 -16.7541 0.0000 25.3510 0.0000 -4.3357 -3.5221 -178.8643 -0.1151 -11.7858 -0.0709 14.9376 69.8831 10.6229 0.0000 26.0116 -0.0001 
-4.2222 91.8741 5.6226 3.6994 0.0751 -2.8952 2.3883 1.3237 -0.6289 2.3898 1.3246 -0.6292 2.3955 1.3278 -0.6307 41.7866 62.8017 -51.2323 -9.5197 34.0178 63.6566 -0.2487 -7.5205 -6.4248 0.3812 6.8927 -5.4981 0.0000 0.0000 0.0001 0.0000 0.0000 0.0000 0.0000 -0.0013 -0.0008 0.0000 -0.0004 0.0001 0.0000 0.0000 0.0000 0.0000 0.0000 0.0000 0.0000 0.0002 -0.0001 0.0000 -0.0006 0.0003 0.0000 0.0004 -0.0006 0.0000 0.0000 0.0001 0.0000 0.0000 0.0000 0.0000 -0.0010 -0.0002 0.0000 0.0002 30.0001 -0.0001 0.0005 -29.9998 0.0000 0.0000 0.0000 2.0337 -2.1790 1.2146 2.0337 -2.1790 1.2146 -72.2995 68.2220 30.4328 13.6359 48.6916 -64.6049 5.3651 -5.1161 -75.0578 2.6536 3.8843 6.8690 0.0000 -0.0001 0.0001 0.0000 0.0000 0.0000 0.0000 -0.0006 0.0003 0.0000 -0.0001 0.0001 0.0000 0.0000 0.0000 0.0000 0.0000 0.0000 0.0000 0.0007 0.0001 0.0000 -0.0012 0.0001 0.0000 -0.0008 0.0003 0.0000 0.0002 0.0000 0.0000 0.0000 0.0000 0.0000 -0.0008 0.0000 0.0000 0.0002 -29.9997 -0.0001 -0.0003 29.9996 0.0000 0.0000 0.0000 1.5035 -6.2915 -179.6768 -0.1781 -16.0019 0.1077 -16.6323 74.6140 -16.8083 0.0000 25.3511 0.0000 -4.8036 -3.6989 -178.9872 -0.1136 -11.6979 -0.0711 14.9758 69.6613 10.5764 0.0000 26.4381 -0.0001 
-4.2670 91.8922 5.6320 4.2643 0.2895 -2.7971 2.4428 1.2629 -0.7766 2.4443 1.2638 -0.7771 2.4501 1.2668 -0.7789 41.5512 62.7979 -51.0442 -9.4870 34.2200 64.2382 0.0274 -7.5086 -6.4272 0.3802 6.8104 -5.4520 0.0000 0.0000 0.0001 0.0000 0.0000 0.0000 0.0000 -0.0013 -0.0008 0.0000 -0.0004 0.0001 0.0000 0.0000 0.0000 0.0000 0.0000 0.0000 0.0000 0.0003 0.0000 0.0000 -0.0006 0.0003 0.0000 0.0004 -0.0006 0.0000 0.0000 0.0001 0.0000 0.0000 0.0000 0.0000 -0.0010 -0.0002 0.0000 0.0003 30.0001 -0.0001 0.0005 -29.9998 0.0000 0.0000 0.0000 1.7137 -2.1132 1.4664 1.7137 -2.1132 1.4664 -73.2469 68.2002 29.4665 13.2831 48.1634 -66.6211 6.6592 -6.6255 -72.1635 2.4317 3.9379 6.7308 0.0000 -0.0001 0.0001 0.0000 0.0000 0.0000 0.0000 -0.0006 0.0002 0.0000 -0.0001 0.0001 0.0000 0.0000 0.0000 0.0000 0.0000 0.0000 0.0000 0.0007 0.0001 0.0000 -0.0012 0.0001 0.0000 -0.0008 0.0003 0.0000 0.0002 0.0000 0.0000 0.0000 0.0000 0.0000 -0.0009 0.0000 0.0000 0.0002 -29.9996 -0.0001 -0.0003 29.9996 0.0000 0.0000 0.0000 0.9453 -6.4114 -179.7345 -0.1738 -15.7746 0.1067 -16.6544 74.4348 -16.9049 0.0000 25.3510 0.0000 -5.2465 -3.8906 -179.0797 -0.1120 -11.6278 -0.0714 15.0316 69.4706 10.5265 0.0000 26.7867 -0.0001 
-4.3045 91.9091 5.6528 4.8129 0.5025 -2.7277 2.4892 1.2042 -0.9089 2.4909 1.2050 -0.9094 2.4967 1.2079 -0.9115 41.3395 62.7732 -50.8649 -9.4228 34.3792 64.8236 0.3525 -7.4885 -6.4413 0.3795 6.7412 -5.3930 0.0000 0.0000 0.0001 0.0000 0.0000 0.0000 0.0000 -0.0013 -0.0008 0.0000 -0.0004 0.0001 0.0000 0.0000 0.0000 0.0000 0.0000 0.0000 0.0000 0.0002 0.0000 0.0000 -0.0006 0.0003 0.0000 0.0004 -0.0006 0.0000 0.0000 0.0001 0.0000 0.0000 0.0000 0.0000 -0.0010 -0.0002 0.0000 0.0003 30.0001 -0.0001 0.0005 -29.9998 0.0000 0.0000 0.0000 1.3950 -2.0405 1.7254 1.3950 -2.0405 1.7254 -74.0738 68.1578 28.5940 12.9305 47.8058 -68.6784 7.6431 -8.0861 -69.0323 2.2035 3.9725 6.5852 0.0000 -0.0001 0.0001 0.0000 0.0000 0.0000 0.0000 -0.0006 0.0003 0.0000 -0.0001 0.0001 0.0000 0.0000 0.0000 0.0000 0.0000 0.0000 0.0000 0.0007 0.0001 0.0000 -0.0011 0.0001 0.0000 -0.0008 0.0003 0.0000 0.0002 0.0000 0.0000 0.0000 0.0000 0.0000 -0.0009 0.0000 0.0000 0.0002 -29.9996 -0.0001 -0.0003 29.9996 0.0000 0.0000 0.0000 0.4225 -6.5322 -179.7648 -0.1720 -15.5650 0.1062 -16.6379 74.2824 -16.9774 0.0000 25.3510 0.0000 -5.6780 -4.0806 -179.1348 -0.1101 -11.5612 -0.0716 15.0934 69.3005 10.4672 0.0000 27.0665 -0.0001 
-4.3390 91.9252 5.6793 5.3497 0.7059 -2.6789 2.5300 1.1501 -1.0280 2.5317 1.1510 -1.0287 2.5376 1.1537 -1.0310 41.1520 62.7388 -50.6933 -9.3276 34.5180 65.4242 0.7136 -7.4683 -6.4573 0.3789 6.6805 -5.3249 0.0000 0.0000 0.0001 0.0000 0.0000 0.0000 0.0000 -0.0013 -0.0008 0.0000 -0.0004 0.0001 0.0000 0.0000 0.0000 0.0000 0.0000 0.0000 0.0000 0.0002 0.0000 0.0000 -0.0006 0.0003 0.0000 0.0004 -0.0006 0.0000 0.0000 0.0001 0.0000 0.0000 0.0000 0.0000 -0.0010 -0.0002 0.0000 0.0003 30.0001 -0.0001 0.0005 -29.9998 0.0000 0.0000 0.0000 1.0724 -1.9654 1.9908 1.0724 -1.9654 1.9908 -74.7360 68.0974 27.8613 12.5632 47.5963 -70.7591 8.3275 -9.3783 -65.7189 1.9771 3.9803 6.4393 0.0000 -0.0001 0.0001 0.0000 0.0000 0.0000 0.0000 -0.0006 0.0003 0.0000 -0.0001 0.0001 0.0000 0.0000 0.0000 0.0000 0.0000 0.0000 0.0000 0.0007 0.0001 0.0000 -0.0012 0.0001 0.0000 -0.0008 0.0003 0.0000 0.0001 0.0000 0.0000 0.0000 0.0000 0.0000 -0.0009 0.0000 0.0000 0.0002 -29.9996 -0.0001 -0.0003 29.9996 0.0000 0.0000 0.0000 -0.0348 -6.6501 -179.7740 -0.1716 -15.3751 0.1058 -16.5446 74.1561 -17.0180 0.0000 25.3510 0.0000 -6.1008 -4.2509 -179.1606 -0.1079 -11.4791 -0.0719 15.1578 69.1396 10.3971 0.0000 27.3013 -0.0001 
-4.3823 91.9417 5.7132 5.8880 0.8990 -2.6539 2.5605 1.0990 -1.1347 2.5623 1.0998 -1.1355 2.5682 1.1024 -1.1381 41.0220 62.7127 -50.5010 -9.1927 34.6561 66.0475 1.0909 -7.4646 -6.4843 0.3795 6.6271 -5.2508 0.0000 0.0000 0.0001 0.0000 0.0000 0.0000 0.0000 -0.0013 -0.0008 0.0000 -0.0004 0.0001 0.0000 0.0000 0.0000 0.0000 0.0000 0.0000 0.0000 0.0002 0.0000 0.0000 -0.0006 0.0003 0.0000 0.0004 -0.0006 0.0000 0.0000 0.0001 0.0000 0.0000 0.0000 0.0000 -0.0010 -0.0002 0.0000 0.0003 30.0001 -0.0001 0.0005 -29.9998 0.0000 0.0000 0.0000 0.7352 -1.8899 2.2743 0.7352 -1.8899 2.2743 -75.1806 68.0131 27.3698 12.1452 47.5871 -72.8582 8.6926 -10.2582 -62.2543 1.7625 3.9458 6.3022 0.0000 -0.0001 0.0001 0.0000 0.0000 0.0000 0.0000 -0.0006 0.0003 0.0000 -0.0001 0.0001 0.0000 0.0000 0.0000 0.0000 0.0000 0.0000 0.0000 0.0007 0.0001 0.0000 -0.0012 0.0001 0.0000 -0.0008 0.0003 0.0000 0.0001 0.0000 0.0000 0.0000 0.0000 0.0000 -0.0008 0.0000 0.0000 0.0002 -29.9996 -0.0001 -0.0003 29.9996 0.0000 0.0000 0.0000 -0.3685 -6.7710 -179.7528 -0.1695 -15.2196 0.1053 -16.3027 74.0712 -17.0183 0.0000 25.3510 0.0000 -6.5361 -4.3755 -179.1493 -0.1037 -11.3591 -0.0725 15.2177 68.9950 10.3146 0.0000 27.4746 -0.0001 
-4.4351 91.9586 5.7479 6.4269 1.0846 -2.6330 2.5860 1.0506 -1.2438 2.5879 1.0514 -1.2447 2.5937 1.0539 -1.2475 40.9123 62.6862 -50.3053 -9.0254 34.7911 66.6920 1.4504 -7.4759 -6.5055 0.3804 6.5741 -5.1754 0.0000 0.0000 0.0001 0.0000 0.0000 0.0000 0.0000 -0.0013 -0.0008 0.0000 -0.0004 0.0001 0.0000 0.0000 0.0000 0.0000 0.0000 0.0000 0.0000 0.0003 0.0000 0.0000 -0.0006 0.0003 0.0000 0.0004 -0.0006 0.0000 0.0000 0.0001 0.0000 0.0000 0.0000 0.0000 -0.0010 -0.0002 0.0000 0.0003 30.0001 -0.0001 0.0005 -29.9998 0.0000 0.0000 0.0000 0.3831 -1.8208 2.5783 0.3831 -1.8208 2.5783 -75.5302 67.9091 26.9609 11.7389 47.6389 -74.8637 8.9981 -10.7831 -58.7969 1.5653 3.8787 6.1857 0.0000 -0.0001 0.0001 0.0000 0.0000 0.0000 0.0000 -0.0006 0.0003 0.0000 -0.0001 0.0001 0.0000 0.0000 0.0000 0.0000 0.0000 0.0000 0.0000 0.0007 0.0001 0.0000 -0.0012 0.0001 0.0000 -0.0008 0.0003 0.0000 0.0001 0.0000 0.0000 0.0000 0.0000 0.0000 -0.0008 0.0000 0.0000 0.0002 -29.9996 -0.0001 -0.0003 29.9996 0.0000 0.0000 0.0000 -0.6644 -6.9016 -179.7203 -0.1653 -15.0995 0.1046 -16.0523 74.0137 -17.0354 0.0000 25.3510 0.0000 -6.9871 -4.4671 -179.1293 -0.0976 -11.2013 -0.0732 15.2698 68.8518 10.2363 0.0000 27.6191 -0.0001 
-4.4894 91.9749 5.7691 6.9698 1.2539 -2.6000 2.6104 1.0094 -1.3624 2.6123 1.0102 -1.3634 2.6182 1.0126 -1.3664 40.7812 62.6499 -50.1337 -8.8243 34.9257 67.3555 1.7698 -7.4973 -6.5092 0.3806 6.5162 -5.1024 0.0000 0.0000 0.0001 0.0000 0.0000 0.0000 0.0000 -0.0013 -0.0008 0.0000 -0.0004 0.0001 0.0000 0.0000 0.0000 0.0000 0.0000 0.0000 0.0000 0.0002 0.0000 0.0000 -0.0006 0.0003 0.0000 0.0004 -0.0006 0.0000 0.0000 0.0001 0.0000 0.0000 0.0000 0.0000 -0.0010 -0.0002 0.0000 0.0003 30.0001 -0.0001 0.0005 -29.9998 0.0000 0.0000 0.0000 0.0083 -1.7568 2.9130 0.0083 -1.7568 2.9130 -75.8492 67.8154 26.5819 11.3207 47.6829 -76.8045 9.3766 -11.0212 -55.4199 1.3852 3.7854 6.0911 0.0000 -0.0001 0.0001 0.0000 0.0000 0.0000 0.0000 -0.0006 0.0003 0.0000 -0.0001 0.0001 0.0000 0.0000 0.0000 0.0000 0.0000 0.0000 0.0000 0.0007 0.0001 0.0000 -0.0012 0.0001 0.0000 -0.0008 0.0003 0.0000 0.0001 0.0000 0.0000 0.0000 0.0000 0.0000 -0.0008 0.0000 0.0000 0.0002 -29.9997 -0.0001 -0.0003 29.9996 0.0000 0.0000 0.0000 -0.9440 -7.0351 -179.6986 -0.1609 -14.9989 0.1039 -15.7890 73.9618 -17.0492 0.0000 25.3510 0.0000 -7.4542 -4.5408 -179.1295 -0.0920 -11.0259 -0.0739 15.3401 68.7022 10.1931 0.0000 27.7584 -0.0001 
-4.5328 91.9863 5.7510 7.5214 1.4123 -2.5423 2.6286 0.9771 -1.4905 2.6306 0.9779 -1.4916 2.6364 0.9802 -1.4949 40.6579 62.6297 -49.9623 -8.6426 35.0821 68.0191 2.0260 -7.5284 -6.4751 0.3790 6.4487 -5.0385 0.0000 0.0000 0.0001 0.0000 0.0000 0.0000 0.0000 -0.0013 -0.0008 0.0000 -0.0004 0.0001 0.0000 0.0000 0.0000 0.0000 0.0000 0.0000 0.0000 0.0002 0.0000 0.0000 -0.0006 0.0003 0.0000 0.0004 -0.0006 0.0000 0.0000 0.0001 0.0000 0.0000 0.0000 0.0000 -0.0010 -0.0002 0.0000 0.0002 30.0001 -0.0001 0.0005 -29.9998 0.0000 0.0000 0.0000 -0.3892 -1.7059 3.2824 -0.3892 -1.7059 3.2824 -76.1721 67.7382 26.1808 10.8504 47.7251 -78.6632 9.9147 -10.9016 -52.2566 1.2254 3.6571 6.0206 0.0000 -0.0001 0.0001 0.0000 0.0000 0.0000 0.0000 -0.0006 0.0003 0.0000 -0.0001 0.0001 0.0000 0.0000 0.0000 0.0000 0.0000 0.0000 0.0000 0.0007 0.0001 0.0000 -0.0012 0.0001 0.0000 -0.0008 0.0003 0.0000 0.0001 0.0000 0.0000 0.0000 0.0000 0.0000 -0.0009 0.0000 0.0000 0.0002 -29.9996 -0.0001 -0.0003 29.9996 0.0000 0.0000 0.0000 -1.2254 -7.1758 -179.7101 -0.1592 -14.8787 0.1035 -15.4759 73.8797 -17.0094 0.0000 25.3511 0.0000 -7.9307 -4.6555 -179.1818 -0.0905 -10.8958 -0.0741 15.4977 68.5550 10.2564 0.0000 27.8917 -0.0001 
-4.5694 91.9912 5.7128 8.0808 1.5702 -2.4514 2.6364 0.9496 -1.6295 2.6385 0.9505 -1.6308 2.6443 0.9526 -1.6344 40.5896 62.6404 -49.7736 -8.4900 35.2432 68.7028 2.2077 -7.5583 -6.4351 0.3770 6.3754 -4.9833 0.0000 0.0000 0.0001 0.0000 0.0000 0.0000 0.0000 -0.0013 -0.0008 0.0000 -0.0004 0.0001 0.0000 0.0000 0.0000 0.0000 0.0000 0.0000 0.0000 0.0002 0.0000 0.0000 -0.0006 0.0003 0.0000 0.0004 -0.0006 0.0000 0.0000 0.0001 0.0000 0.0000 0.0000 0.0000 -0.0010 -0.0002 0.0000 0.0003 30.0001 -0.0002 0.0005 -29.9998 0.0000 0.0000 0.0000 -0.7923 -1.6663 3.6782 -0.7923 -1.6663 3.6782 -76.5383 67.6759 25.6973 10.3343 47.8548 -80.4422 10.5516 -10.6145 -49.3513 1.0808 3.5066 5.9676 0.0000 -0.0001 0.0001 0.0000 0.0000 0.0000 0.0000 -0.0006 0.0003 0.0000 -0.0001 0.0001 0.0000 0.0000 0.0000 0.0000 0.0000 0.0000 0.0000 0.0007 0.0001 0.0000 -0.0012 0.0001 0.0000 -0.0008 0.0003 0.0000 0.0001 0.0000 0.0000 0.0000 0.0000 0.0000 -0.0008 0.0000 0.0000 0.0002 -29.9996 -0.0001 -0.0003 29.9996 0.0000 0.0000 0.0000 -1.5351 -7.3271 -179.7594 -0.1587 -14.7490 0.1032 -15.1752 73.7785 -16.9580 0.0000 25.3510 0.0000 -8.3949 -4.8062 -179.2829 -0.0908 -10.7997 -0.0742 15.7257 68.4142 10.3884 0.0000 28.0617 -0.0001 
-4.6026 91.9904 5.6779 8.6339 1.7229 -2.3311 2.6406 0.9274 -1.7792 2.6429 0.9283 -1.7807 2.6485 0.9304 -1.7845 40.5441 62.6667 -49.5902 -8.3427 35.3918 69.4101 2.3537 -7.5846 -6.3936 0.3748 6.3004 -4.9304 0.0000 0.0000 0.0001 0.0000 0.0000 0.0000 0.0000 -0.0013 -0.0008 0.0000 -0.0004 0.0001 0.0000 0.0000 0.0000 0.0000 0.0000 0.0000 0.0000 0.0002 -0.0001 0.0000 -0.0006 0.0003 0.0000 0.0004 -0.0006 0.0000 0.0000 0.0001 0.0000 0.0000 0.0000 0.0000 -0.0010 -0.0002 0.0000 0.0003 30.0001 -0.0001 0.0005 -29.9998 0.0000 0.0000 0.0000 -1.2002 -1.6350 4.0980 -1.2002 -1.6350 4.0980 -76.9208 67.6113 25.1320 9.7616 48.1099 -82.1272 11.2784 -10.2557 -46.7016 0.9474 3.3390 5.9288 0.0000 -0.0001 0.0001 0.0000 0.0000 0.0000 0.0000 -0.0006 0.0003 0.0000 -0.0001 0.0001 0.0000 0.0000 0.0000 0.0000 0.0000 0.0000 0.0000 0.0007 0.0001 0.0000 -0.0012 0.0001 0.0000 -0.0008 0.0003 0.0000 0.0001 0.0000 0.0000 0.0000 0.0000 0.0000 -0.0009 0.0000 0.0000 0.0002 -29.9997 -0.0001 -0.0003 29.9996 0.0000 0.0000 0.0000 -1.8696 -7.4676 -179.8391 -0.1580 -14.6092 0.1029 -14.9252 73.6703 -16.9253 0.0000 25.3510 0.0000 -8.8319 -4.9847 -179.4199 -0.0915 -10.7498 -0.0741 16.0033 68.2964 10.5623 0.0000 28.2161 -0.0001 
-4.6298 91.9844 5.6644 9.1538 1.8619 -2.1822 2.6494 0.9124 -1.9349 2.6518 0.9133 -1.9366 2.6573 0.9153 -1.9407 40.4785 62.7007 -49.4643 -8.1741 35.5295 70.1578 2.4695 -7.6082 -6.3420 0.3718 6.2233 -4.8801 0.0000 0.0000 0.0001 0.0000 0.0000 0.0000 0.0000 -0.0013 -0.0008 0.0000 -0.0004 0.0001 0.0000 0.0000 0.0000 0.0000 0.0000 0.0000 0.0000 0.0002 0.0000 0.0000 -0.0006 0.0003 0.0000 0.0004 -0.0006 0.0000 0.0000 0.0001 0.0000 0.0000 0.0000 0.0000 -0.0010 -0.0002 0.0000 0.0002 30.0001 -0.0001 0.0005 -29.9998 0.0000 0.0000 0.0000 -1.6197 -1.6094 4.5505 -1.6197 -1.6094 4.5505 -77.2949 67.5571 24.5153 8.9719 48.6139 -83.8119 12.0147 -9.8710 -44.4314 0.8241 3.1507 5.9014 0.0000 -0.0001 0.0001 0.0000 0.0000 0.0000 0.0000 -0.0006 0.0003 0.0000 -0.0001 0.0001 0.0000 0.0000 0.0000 0.0000 0.0000 0.0000 0.0000 0.0007 0.0001 0.0000 -0.0012 0.0001 0.0000 -0.0008 0.0003 0.0000 0.0001 0.0000 0.0000 0.0000 0.0000 0.0000 -0.0008 0.0000 0.0000 0.0002 -29.9996 -0.0001 -0.0002 29.9996 0.0000 0.0000 0.0000 -2.2210 -7.5836 -179.9494 -0.1572 -14.4780 0.1027 -14.7756 73.5747 -16.9452 0.0000 25.3510 0.0000 -9.2188 -5.1767 -179.5887 -0.0924 -10.7465 -0.0741 16.3075 68.2120 10.7527 0.0000 28.2233 -0.0001 
-4.6460 91.9780 5.6591 9.6227 1.9963 -2.0411 2.6686 0.8998 -2.0787 2.6711 0.9008 -2.0806 2.6766 0.9027 -2.0849 40.3804 62.7478 -49.4114 -7.9746 35.6722 70.9535 2.5903 -7.6413 -6.2984 0.3697 6.1464 -4.8310 0.0000 0.0000 0.0001 0.0000 0.0000 0.0000 0.0000 -0.0013 -0.0008 0.0000 -0.0004 0.0001 0.0000 0.0000 0.0000 0.0000 0.0000 0.0000 0.0000 0.0002 0.0000 0.0000 -0.0006 0.0003 0.0000 0.0004 -0.0006 0.0000 0.0000 0.0001 0.0000 0.0000 0.0000 0.0000 -0.0010 -0.0002 0.0000 0.0002 30.0001 -0.0001 0.0005 -29.9998 0.0000 0.0000 0.0000 -2.0432 -1.5872 5.0083 -2.0432 -1.5872 5.0083 -77.6140 67.4882 23.9214 7.9320 49.3701 -85.5729 12.6748 -9.4935 -42.4745 0.7105 2.9498 5.8762 0.0000 -0.0001 0.0001 0.0000 0.0000 0.0000 0.0000 -0.0006 0.0003 0.0000 -0.0001 0.0001 0.0000 0.0000 0.0000 0.0000 0.0000 0.0000 0.0000 0.0007 0.0001 0.0000 -0.0012 0.0001 0.0000 -0.0008 0.0003 0.0000 0.0001 0.0000 0.0000 0.0000 0.0000 0.0000 -0.0008 0.0000 0.0000 0.0002 -29.9996 -0.0001 -0.0003 29.9996 0.0000 0.0000 0.0000 -2.5465 -7.6891 179.9418 -0.1591 -14.3514 0.1027 -14.6842 73.4939 -17.0024 0.0000 25.3510 0.0000 -9.5626 -5.3885 -179.7531 -0.0949 -10.7940 -0.0738 16.6125 68.1657 10.9435 0.0000 28.2202 -0.0001 
-4.6549 91.9731 5.6509 10.0473 2.1235 -1.9123 2.6952 0.8896 -2.2110 2.6979 0.8906 -2.2132 2.7033 0.8925 -2.2176 40.2772 62.8005 -49.3982 -7.7375 35.8044 71.7773 2.7385 -7.6823 -6.2535 0.3677 6.0749 -4.7778 0.0000 0.0000 0.0001 0.0000 0.0000 0.0000 0.0000 -0.0013 -0.0008 0.0000 -0.0004 0.0001 0.0000 0.0000 0.0000 0.0000 0.0000 0.0000 0.0000 0.0002 0.0000 0.0000 -0.0006 0.0003 0.0000 0.0004 -0.0006 0.0000 0.0000 0.0001 0.0000 0.0000 0.0000 0.0000 -0.0010 -0.0002 0.0000 0.0003 30.0001 -0.0001 0.0005 -29.9998 0.0000 0.0000 0.0000 -2.4658 -1.5663 5.4640 -2.4658 -1.5663 5.4640 -77.8845 67.4044 23.3558 6.6433 50.3393 -87.4311 13.2647 -9.1075 -40.7891 0.6065 2.7389 5.8502 0.0000 0.0000 0.0001 0.0000 0.0000 0.0000 0.0000 -0.0006 0.0003 0.0000 -0.0001 0.0001 0.0000 0.0000 0.0000 0.0000 0.0000 0.0000 0.0000 0.0007 0.0001 0.0000 -0.0012 0.0001 0.0000 -0.0008 0.0003 0.0000 0.0001 0.0000 0.0000 0.0000 0.0000 0.0000 -0.0009 0.0000 0.0000 0.0002 -29.9997 -0.0001 -0.0003 29.9996 0.0000 0.0000 0.0000 -2.8313 -7.7950 179.8408 -0.1630 -14.2407 0.1031 -14.6404 73.4297 -17.1084 0.0000 25.3510 0.0000 -9.8772 -5.6064 -179.9095 -0.0989 -10.8773 -0.0733 16.9114 68.1544 11.1309 0.0000 28.2050 -0.0001 
-4.6602 91.9703 5.6413 10.3999 2.2288 -1.8125 2.7382 0.8838 -2.3290 2.7411 0.8848 -2.3314 2.7464 0.8867 -2.3359 40.1728 62.8371 -49.4201 -7.4351 35.9103 72.6331 2.9081 -7.7193 -6.2200 0.3662 6.0113 -4.7181 0.0000 0.0000 0.0001 0.0000 0.0000 0.0000 0.0000 -0.0013 -0.0008 0.0000 -0.0004 0.0001 0.0000 0.0000 0.0000 0.0000 0.0000 0.0000 0.0000 0.0002 0.0000 0.0000 -0.0006 0.0003 0.0000 0.0004 -0.0006 0.0000 0.0000 0.0001 0.0000 0.0000 0.0000 0.0000 -0.0010 -0.0002 0.0000 0.0002 30.0001 -0.0001 0.0005 -29.9998 0.0000 0.0000 0.0000 -2.8925 -1.5418 5.9167 -2.8925 -1.5418 5.9167 -78.1476 67.3293 22.7880 5.0474 51.5384 -89.3823 13.7706 -8.6290 -39.4630 0.5166 2.5155 5.8238 0.0000 -0.0001 0.0001 0.0000 0.0000 0.0000 0.0000 -0.0006 0.0003 0.0000 -0.0001 0.0001 0.0000 0.0000 0.0000 0.0000 0.0000 0.0000 0.0000 0.0007 0.0001 0.0000 -0.0011 0.0001 0.0000 -0.0008 0.0003 0.0000 0.0001 0.0000 0.0000 0.0000 0.0000 0.0000 -0.0008 0.0000 0.0000 0.0002 -29.9996 -0.0001 -0.0003 29.9996 0.0000 0.0000 0.0000 -3.0343 -7.9039 179.7662 -0.1670 -14.1896 0.1035 -14.7019 73.4083 -17.3387 0.0000 25.3510 0.0000 -10.1558 -5.8041 179.9554 -0.1042 -10.9825 -0.0727 17.1770 68.1883 11.2952 0.0000 28.1644 -0.0001 
-4.6621 91.9676 5.6366 10.7186 2.3213 -1.7349 2.7846 0.8788 -2.4347 2.7877 0.8799 -2.4373 2.7929 0.8817 -2.4419 40.0505 62.8570 -49.4569 -7.1231 36.0132 73.4644 3.0539 -7.7445 -6.1887 0.3642 5.9477 -4.6616 0.0000 0.0000 0.0001 0.0000 0.0000 0.0000 0.0000 -0.0013 -0.0008 0.0000 -0.0004 0.0001 0.0000 0.0000 0.0000 0.0000 0.0000 0.0000 0.0000 0.0002 0.0000 0.0000 -0.0006 0.0003 0.0000 0.0004 -0.0006 0.0000 0.0000 0.0001 0.0000 0.0000 0.0000 0.0000 -0.0010 -0.0002 0.0000 0.0002 30.0001 -0.0001 0.0005 -29.9998 0.0000 0.0000 0.0000 -3.3188 -1.5107 6.3666 -3.3188 -1.5107 6.3666 -78.4074 67.2644 22.2354 3.1557 52.7978 -91.4733 14.2713 -8.1121 -38.3697 0.4381 2.2911 5.7928 0.0000 -0.0001 0.0001 0.0000 0.0000 0.0000 0.0000 -0.0006 0.0003 0.0000 -0.0001 0.0001 0.0000 0.0000 0.0000 0.0000 0.0000 0.0000 0.0000 0.0007 0.0001 0.0000 -0.0012 0.0001 0.0000 -0.0008 0.0003 0.0000 0.0002 0.0000 0.0000 0.0000 0.0000 0.0000 -0.0008 0.0000 0.0000 0.0002 -29.9996 -0.0001 -0.0003 29.9996 0.0000 0.0000 0.0000 -3.2002 -8.0246 179.7139 -0.1704 -14.2048 0.1039 -14.8728 73.4229 -17.6899 0.0000 25.3510 0.0000 -10.4226 -5.9859 179.8386 -0.1092 -11.1022 -0.0721 17.4355 68.2674 11.4563 0.0000 28.0941 -0.0001 
-4.6548 91.9634 5.6323 11.0180 2.3978 -1.6700 2.8263 0.8761 -2.5310 2.8296 0.8772 -2.5339 2.8347 0.8790 -2.5385 39.9345 62.8777 -49.5120 -6.8051 36.1395 74.2850 3.1906 -7.7686 -6.1465 0.3617 5.8846 -4.6094 0.0000 0.0000 0.0001 0.0000 0.0000 0.0000 0.0000 -0.0013 -0.0008 0.0000 -0.0004 0.0001 0.0000 0.0000 0.0000 0.0000 0.0000 0.0000 0.0000 0.0002 0.0000 0.0000 -0.0006 0.0003 0.0000 0.0004 -0.0006 0.0000 0.0000 0.0001 0.0000 0.0000 0.0000 0.0000 -0.0010 -0.0002 0.0000 0.0002 30.0001 -0.0001 0.0005 -29.9998 0.0000 0.0000 0.0000 -3.7366 -1.4740 6.8132 -3.7366 -1.4740 6.8132 -78.6618 67.2081 21.6947 0.9688 54.0514 -93.7367 14.7690 -7.6040 -37.4367 0.3683 2.0723 5.7541 0.0000 -0.0001 0.0001 0.0000 0.0000 0.0000 0.0000 -0.0006 0.0003 0.0000 -0.0001 0.0001 0.0000 0.0000 0.0000 0.0000 0.0000 0.0000 0.0000 0.0007 0.0001 0.0000 -0.0012 0.0001 0.0000 -0.0008 0.0003 0.0000 0.0001 0.0000 0.0000 0.0000 0.0000 0.0000 -0.0008 0.0000 0.0000 0.0002 -29.9996 -0.0001 -0.0003 29.9996 0.0000 0.0000 0.0000 -3.3342 -8.1482 179.6693 -0.1745 -14.2646 0.1045 -15.1055 73.4591 -18.1170 0.0000 25.3510 0.0000 -10.6792 -6.1617 179.7271 -0.1143 -11.2569 -0.0715 17.7246 68.3943 11.6473 0.0000 27.9975 -0.0001 
-4.6267 91.9537 5.6235 11.3020 2.4465 -1.6098 2.8549 0.8789 -2.6187 2.8583 0.8801 -2.6219 2.8634 0.8817 -2.6265 39.8261 62.8858 -49.5875 -6.4661 36.2952 75.0720 3.3492 -7.7947 -6.0904 0.3587 5.8271 -4.5594 0.0000 0.0000 0.0001 0.0000 0.0000 0.0000 0.0000 -0.0013 -0.0008 0.0000 -0.0004 0.0001 0.0000 0.0000 0.0000 0.0000 0.0000 0.0000 0.0000 0.0002 0.0000 0.0000 -0.0006 0.0003 0.0000 0.0004 -0.0006 0.0000 0.0000 0.0001 0.0000 0.0000 0.0000 0.0000 -0.0010 -0.0002 0.0000 0.0002 30.0001 -0.0001 0.0005 -29.9998 0.0000 0.0000 0.0000 -4.1373 -1.4310 7.2515 -4.1373 -1.4310 7.2515 -78.9445 67.1726 21.1197 -1.5424 55.2556 -96.1467 15.2320 -7.1120 -36.6833 0.3094 1.8682 5.7058 0.0000 -0.0001 0.0001 0.0000 0.0000 0.0000 0.0000 -0.0006 0.0003 0.0000 -0.0001 0.0001 0.0000 0.0000 0.0000 0.0000 0.0000 0.0000 0.0000 0.0007 0.0001 0.0000 -0.0011 0.0001 0.0000 -0.0008 0.0003 0.0000 0.0001 0.0000 0.0000 0.0000 0.0000 0.0000 -0.0009 0.0000 0.0000 0.0002 -29.9996 -0.0001 -0.0003 29.9996 0.0000 0.0000 0.0000 -3.3950 -8.2717 179.6141 -0.1805 -14.3782 0.1054 -15.3570 73.5156 -18.6171 0.0000 25.3510 0.0000 -10.9065 -6.3184 179.5941 -0.1233 -11.4619 -0.0704 18.1270 68.5849 11.9323 0.0000 27.8266 -0.0001 
-4.5873 91.9387 5.6055 11.5694 2.4666 -1.5437 2.8767 0.8890 -2.7048 2.8803 0.8903 -2.7081 2.8853 0.8920 -2.7128 39.6113 62.8506 -49.7880 -6.0513 36.4187 75.8546 3.5036 -7.8189 -6.0323 0.3555 5.7743 -4.5100 0.0000 0.0000 0.0001 0.0000 0.0000 0.0000 0.0000 -0.0013 -0.0008 0.0000 -0.0004 0.0001 0.0000 0.0000 0.0000 0.0000 0.0000 0.0000 0.0000 0.0002 0.0000 0.0000 -0.0006 0.0003 0.0000 0.0004 -0.0006 0.0000 0.0000 0.0001 0.0000 0.0000 0.0000 0.0000 -0.0010 -0.0002 0.0000 0.0002 30.0001 -0.0001 0.0005 -29.9998 0.0000 0.0000 0.0000 -4.5263 -1.3808 7.6776 -4.5263 -1.3808 7.6776 -79.2221 67.1626 20.5515 -4.3154 56.3369 -98.6703 15.6439 -6.6567 -36.0287 0.2610 1.6874 5.6485 0.0000 -0.0001 0.0001 0.0000 0.0000 0.0000 0.0000 -0.0006 0.0003 0.0000 -0.0001 0.0001 0.0000 0.0000 0.0000 0.0000 0.0000 0.0000 0.0000 0.0007 0.0001 0.0000 -0.0012 0.0001 0.0000 -0.0008 0.0003 0.0000 0.0001 0.0000 0.0000 0.0000 0.0000 0.0000 -0.0008 0.0000 0.0000 0.0002 -29.9997 -0.0001 -0.0003 29.9996 0.0000 0.0000 0.0000 -3.4319 -8.3815 179.5436 -0.1871 -14.5075 0.1065 -15.6434 73.5639 -19.1552 0.0000 25.3510 0.0000 -11.0693 -6.4927 179.4434 -0.1337 -11.7412 -0.0690 18.6358 68.8150 12.2738 0.0000 27.4167 -0.0001 
-4.5414 91.9192 5.5878 11.8268 2.4629 -1.4632 2.8904 0.9064 -2.7888 2.8941 0.9077 -2.7924 2.8990 0.9094 -2.7971 39.2867 62.7852 -50.1132 -5.5907 36.4971 76.6160 3.6355 -7.8369 -5.9617 0.3516 5.7243 -4.4641 0.0000 0.0000 0.0001 0.0000 0.0000 0.0000 0.0000 -0.0013 -0.0008 0.0000 -0.0004 0.0001 0.0000 0.0000 0.0000 0.0000 0.0000 0.0000 0.0000 0.0002 0.0000 0.0000 -0.0006 0.0003 0.0000 0.0004 -0.0006 0.0000 0.0000 0.0001 0.0000 0.0000 0.0000 0.0000 -0.0010 -0.0002 0.0000 0.0002 30.0001 -0.0001 0.0005 -29.9998 0.0000 0.0000 0.0000 -4.9005 -1.3228 8.0807 -4.9005 -1.3228 8.0807 -79.4759 67.1622 20.0107 -7.3047 57.2764 -101.2806 15.9504 -6.2436 -35.4230 0.2236 1.5363 5.5817 0.0000 -0.0001 0.0001 0.0000 0.0000 0.0000 0.0000 -0.0006 0.0003 0.0000 -0.0001 0.0001 0.0000 0.0000 0.0000 0.0000 0.0000 0.0000 0.0000 0.0007 0.0001 0.0000 -0.0012 0.0001 0.0000 -0.0008 0.0003 0.0000 0.0001 0.0000 0.0000 0.0000 0.0000 0.0000 -0.0009 0.0000 0.0000 0.0002 -29.9996 -0.0001 -0.0003 29.9996 0.0000 0.0000 0.0000 -3.4504 -8.4772 179.4535 -0.1936 -14.6555 0.1076 -15.9410 73.6087 -19.7075 0.0000 25.3510 0.0000 -11.1705 -6.6785 179.2681 -0.1452 -12.0712 -0.0674 19.2474 69.0600 12.6730 0.0000 27.0137 -0.0001 
-4.4938 91.8960 5.5720 12.0603 2.4192 -1.3635 2.8897 0.9336 -2.8654 2.8935 0.9350 -2.8692 2.8983 0.9367 -2.8739 38.9438 62.7207 -50.4877 -5.1499 36.5272 77.2902 3.7478 -7.8576 -5.8570 0.3463 5.6832 -4.4235 0.0000 0.0000 0.0001 0.0000 0.0000 0.0000 0.0000 -0.0013 -0.0008 0.0000 -0.0004 0.0001 0.0000 0.0000 0.0000 0.0000 0.0000 0.0000 0.0000 0.0002 0.0000 0.0000 -0.0006 0.0003 0.0000 0.0004 -0.0006 0.0000 0.0000 0.0001 0.0000 0.0000 0.0000 0.0000 -0.0010 -0.0002 0.0000 0.0002 30.0001 -0.0001 0.0005 -29.9998 0.0000 0.0000 0.0000 -5.2364 -1.2521 8.4310 -5.2364 -1.2521 8.4310 -79.6519 67.1489 19.5599 -10.4636 58.0491 -103.8938 15.9770 -5.9229 -34.8308 0.2016 1.4372 5.5025 0.0000 -0.0001 0.0001 0.0000 0.0000 0.0000 0.0000 -0.0007 0.0003 0.0000 -0.0001 0.0001 0.0000 0.0000 0.0000 0.0000 0.0000 0.0000 0.0000 0.0007 0.0001 0.0000 -0.0011 0.0001 0.0000 -0.0008 0.0003 0.0000 0.0001 0.0000 0.0000 0.0000 0.0000 0.0000 -0.0008 0.0000 0.0000 0.0002 -29.9996 -0.0001 -0.0003 29.9996 0.0000 0.0000 0.0000 -3.4186 -8.5341 179.3398 -0.1981 -14.8097 0.1084 -16.2029 73.6466 -20.2375 0.0000 25.3510 0.0000 -11.1772 -6.8938 179.0709 -0.1554 -12.4977 -0.0657 19.9514 69.3178 13.1082 0.0000 26.6413 -0.0001 
-4.4402 91.8717 5.5591 12.2597 2.3445 -1.2523 2.8822 0.9698 -2.9313 2.8861 0.9712 -2.9353 2.8907 0.9729 -2.9401 38.5824 62.6560 -50.8926 -4.7318 36.4962 77.8782 3.8788 -7.8770 -5.7630 0.3417 5.6545 -4.3831 0.0000 0.0000 0.0001 0.0000 0.0000 0.0000 0.0000 -0.0013 -0.0008 0.0000 -0.0004 0.0001 0.0000 0.0000 0.0000 0.0000 0.0000 0.0000 0.0000 0.0002 0.0000 0.0000 -0.0006 0.0003 0.0000 0.0004 -0.0006 0.0000 0.0000 0.0001 0.0000 0.0000 0.0000 0.0000 -0.0010 -0.0002 0.0000 0.0002 30.0001 -0.0001 0.0005 -29.9998 0.0000 0.0000 0.0000 -5.5329 -1.1788 8.7246 -5.5329 -1.1788 8.7246 -79.8016 67.1148 19.1554 -13.5527 58.6258 -106.3554 15.7488 -5.7078 -34.2669 0.1927 1.3890 5.4178 0.0000 -0.0001 0.0001 0.0000 0.0000 0.0000 0.0000 -0.0006 0.0003 0.0000 -0.0001 0.0001 0.0000 0.0000 0.0000 0.0000 0.0000 0.0000 0.0000 0.0007 0.0001 0.0000 -0.0012 0.0001 0.0000 -0.0008 0.0003 0.0000 0.0001 0.0000 0.0000 0.0000 0.0000 0.0000 -0.0008 0.0000 0.0000 0.0002 -29.9997 -0.0001 -0.0003 29.9996 0.0000 0.0000 0.0000 -3.3502 -8.5478 179.2053 -0.2021 -14.9480 0.1092 -16.4378 73.6791 -20.7345 0.0000 25.3510 0.0000 -11.1056 -7.1116 178.8430 -0.1689 -12.9904 -0.0636 20.7450 69.5841 13.5989 0.0000 26.2839 -0.0001 
-4.3814 91.8473 5.5497 12.4262 2.2429 -1.1322 2.8694 1.0141 -2.9880 2.8734 1.0157 -2.9922 2.8780 1.0175 -2.9969 38.2094 62.5897 -51.3075 -4.3606 36.4011 78.3681 4.0364 -7.8910 -5.6859 0.3377 5.6378 -4.3419 0.0000 0.0000 0.0001 0.0000 0.0000 0.0000 0.0000 -0.0013 -0.0008 0.0000 -0.0004 0.0001 0.0000 0.0000 0.0000 0.0000 0.0000 0.0000 0.0000 0.0002 0.0000 0.0000 -0.0006 0.0003 0.0000 0.0004 -0.0006 0.0000 0.0000 0.0001 0.0000 0.0000 0.0000 0.0000 -0.0010 -0.0002 0.0000 0.0002 30.0001 -0.0001 0.0005 -29.9998 0.0000 0.0000 0.0000 -5.7903 -1.1056 8.9679 -5.7903 -1.1056 8.9679 -79.8808 67.0560 18.8600 -16.4940 59.0028 -108.6031 15.2535 -5.5993 -33.7263 0.1961 1.3907 5.3297 0.0000 -0.0001 0.0001 0.0000 0.0000 0.0000 0.0000 -0.0006 0.0003 0.0000 -0.0001 0.0001 0.0000 0.0000 0.0000 0.0000 0.0000 0.0000 0.0000 0.0007 0.0001 0.0000 -0.0011 0.0001 0.0000 -0.0008 0.0003 0.0000 0.0001 0.0000 0.0000 0.0000 0.0000 0.0000 -0.0009 0.0000 0.0000 0.0002 -29.9997 -0.0001 -0.0003 29.9996 0.0000 0.0000 0.0000 -3.2426 -8.5226 179.0537 -0.2060 -15.0721 0.1099 -16.6272 73.7100 -21.1887 0.0000 25.3510 0.0000 -10.9678 -7.3193 178.5913 -0.1839 -13.5226 -0.0610 21.6030 69.8511 14.1324 0.0000 25.9370 -0.0001 
-4.3143 91.8209 5.5437 12.5379 2.1041 -1.0055 2.8481 1.0683 -3.0276 2.8521 1.0700 -3.0319 2.8566 1.0718 -3.0366 37.8928 62.5503 -51.6637 -4.1208 36.2285 78.6653 4.1860 -7.9044 -5.6097 0.3340 5.6366 -4.3062 0.0000 0.0000 0.0001 0.0000 0.0000 0.0000 0.0000 -0.0013 -0.0008 0.0000 -0.0004 0.0001 0.0000 0.0000 0.0000 0.0000 0.0000 0.0000 0.0000 0.0003 0.0000 0.0000 -0.0006 0.0003 0.0000 0.0004 -0.0006 0.0000 0.0000 0.0001 0.0000 0.0000 0.0000 0.0000 -0.0010 -0.0002 0.0000 0.0003 30.0001 -0.0001 0.0005 -29.9998 0.0000 0.0000 0.0000 -5.9797 -1.0329 9.1321 -5.9797 -1.0329 9.1321 -79.8462 66.9564 18.7340 -19.0549 59.1439 -110.4018 14.3412 -5.6645 -33.2493 0.2151 1.4626 5.2362 0.0000 -0.0001 0.0001 0.0000 0.0000 0.0000 0.0000 -0.0006 0.0003 0.0000 -0.0001 0.0001 0.0000 0.0000 0.0000 0.0000 0.0000 0.0000 0.0000 0.0007 0.0001 0.0000 -0.0011 0.0001 0.0000 -0.0008 0.0003 0.0000 0.0001 0.0000 0.0000 0.0000 0.0000 0.0000 -0.0008 0.0000 0.0000 0.0002 -29.9996 -0.0001 -0.0003 29.9996 0.0000 0.0000 0.0000 -3.0746 -8.4474 178.8848 -0.2089 -15.1849 0.1105 -16.7091 73.7403 -21.5371 0.0000 25.3510 0.0000 -10.7637 -7.4904 178.3109 -0.2001 -14.0755 -0.0581 22.5020 70.1077 14.7205 0.0000 25.6386 -0.0001 
-4.2417 91.7915 5.5434 12.6039 1.9407 -0.8887 2.8185 1.1255 -3.0487 2.8225 1.1273 -3.0530 2.8269 1.1292 -3.0578 37.7472 62.5629 -51.8613 -4.0490 36.0699 78.8060 4.2957 -7.9153 -5.5610 0.3318 5.6434 -4.2834 0.0000 0.0000 0.0001 0.0000 0.0000 0.0000 0.0000 -0.0013 -0.0008 0.0000 -0.0004 0.0001 0.0000 0.0000 0.0000 0.0000 0.0000 0.0000 0.0000 0.0002 0.0000 0.0000 -0.0006 0.0003 0.0000 0.0004 -0.0006 0.0000 0.0000 0.0001 0.0000 0.0000 0.0000 0.0000 -0.0010 -0.0002 0.0000 0.0002 30.0001 -0.0001 0.0005 -29.9998 0.0000 0.0000 0.0000 -6.1085 -0.9624 9.2319 -6.1085 -0.9624 9.2319 -79.7287 66.8054 18.7430 -21.2539 59.1215 -111.8246 13.1988 -5.8561 -32.8719 0.2420 1.5751 5.1415 0.0000 -0.0001 0.0001 0.0000 0.0000 0.0000 0.0000 -0.0006 0.0003 0.0000 -0.0001 0.0001 0.0000 0.0000 0.0000 0.0000 0.0000 0.0000 0.0000 0.0007 0.0001 0.0000 -0.0011 0.0001 0.0000 -0.0008 0.0003 0.0000 0.0001 0.0000 0.0000 0.0000 0.0000 0.0000 -0.0008 0.0000 0.0000 0.0002 -29.9996 -0.0001 -0.0003 29.9996 0.0000 0.0000 0.0000 -2.8814 -8.3452 178.7196 -0.2092 -15.3095 0.1108 -16.7239 73.7772 -21.7892 0.0000 25.3510 0.0000 -10.5452 -7.6114 178.0229 -0.2173 -14.6218 -0.0549 23.3797 70.3565 15.3394 0.0000 25.3821 -0.0001 
-4.1644 91.7595 5.5419 12.6247 1.7620 -0.7877 2.7860 1.1828 -3.0540 2.7900 1.1847 -3.0583 2.7943 1.1866 -3.0631 37.6437 62.5920 -52.0237 -4.0355 35.9330 78.8598 4.4083 -7.9329 -5.5630 0.3324 5.6578 -4.2686 0.0000 0.0000 0.0001 0.0000 0.0000 0.0000 0.0000 -0.0013 -0.0008 0.0000 -0.0004 0.0001 0.0000 0.0000 0.0000 0.0000 0.0000 0.0000 0.0000 0.0002 0.0000 0.0000 -0.0006 0.0003 0.0000 0.0004 -0.0006 0.0000 0.0000 0.0001 0.0000 0.0000 0.0000 0.0000 -0.0010 -0.0002 0.0000 0.0002 30.0001 -0.0002 0.0005 -29.9998 0.0000 0.0000 0.0000 -6.1903 -0.8997 9.2846 -6.1903 -0.8997 9.2847 -79.5458 66.6113 18.8834 -23.1508 58.9410 -112.9502 11.9421 -6.1672 -32.6050 0.2729 1.7139 5.0463 0.0000 -0.0001 0.0001 0.0000 0.0000 0.0000 0.0000 -0.0006 0.0003 0.0000 -0.0001 0.0001 0.0000 0.0000 0.0000 0.0000 0.0000 0.0000 0.0000 0.0007 0.0001 0.0000 -0.0012 0.0001 0.0000 -0.0008 0.0003 0.0000 0.0001 0.0000 0.0000 0.0000 0.0000 0.0000 -0.0008 0.0000 0.0000 0.0002 -29.9996 -0.0001 -0.0003 29.9996 0.0000 0.0000 0.0000 -2.6812 -8.2369 178.5636 -0.2083 -15.4581 0.1109 -16.7134 73.8240 -21.9670 0.0000 25.3510 0.0000 -10.2183 -7.6825 177.7389 -0.2346 -15.1455 -0.0516 24.3521 70.5858 16.0044 0.0000 25.1637 -0.0001 
-4.0824 91.7266 5.5372 12.5845 1.5661 -0.7115 2.7544 1.2368 -3.0453 2.7582 1.2388 -3.0495 2.7625 1.2408 -3.0543 37.5984 62.6170 -52.1242 -4.0537 35.8293 78.8202 4.8109 -7.9507 -5.6649 0.3377 5.7022 -4.2325 0.0000 0.0000 0.0001 0.0000 0.0000 0.0000 0.0000 -0.0013 -0.0008 0.0000 -0.0004 0.0001 0.0000 0.0000 0.0000 0.0000 0.0000 0.0000 0.0000 0.0002 0.0000 0.0000 -0.0006 0.0003 0.0000 0.0004 -0.0006 0.0000 0.0000 0.0001 0.0000 0.0000 0.0000 0.0000 -0.0010 -0.0002 0.0000 0.0002 30.0001 -0.0001 0.0005 -29.9998 0.0000 0.0000 0.0000 -6.2163 -0.8480 9.2940 -6.2163 -0.8480 9.2940 -79.3117 66.3896 19.1553 -24.6449 58.6090 -113.7070 10.6344 -6.5760 -32.5233 0.3074 1.8702 4.9529 0.0000 -0.0001 0.0001 0.0000 0.0000 0.0000 0.0000 -0.0006 0.0003 0.0000 -0.0001 0.0001 0.0000 0.0000 0.0000 0.0000 0.0000 0.0000 0.0000 0.0007 0.0001 0.0000 -0.0011 0.0001 0.0000 -0.0008 0.0003 0.0000 0.0001 0.0000 0.0000 0.0000 0.0000 0.0000 -0.0009 0.0000 0.0000 0.0002 -29.9996 -0.0001 -0.0003 29.9996 0.0000 0.0000 0.0000 -2.4751 -8.1291 178.4226 -0.2080 -15.6444 0.1112 -16.6505 73.8868 -22.0232 0.0000 25.3510 0.0000 -9.5269 -7.6832 177.4785 -0.2463 -15.6137 -0.0491 25.6862 70.7488 16.7531 0.0000 25.0240 -0.0001 
-4.0047 91.6954 5.5419 12.5008 1.3625 -0.6595 2.7270 1.2850 -3.0279 2.7308 1.2870 -3.0321 2.7351 1.2892 -3.0369 37.6158 62.6382 -52.1612 -4.0622 35.7220 78.7348 5.5663 -7.9688 -5.8614 0.3475 5.7810 -4.1610 0.0000 0.0000 0.0001 0.0000 0.0000 0.0000 0.0000 -0.0013 -0.0008 0.0000 -0.0004 0.0001 0.0000 0.0000 0.0000 0.0000 0.0000 0.0000 0.0000 0.0002 0.0000 0.0000 -0.0006 0.0003 0.0000 0.0004 -0.0006 0.0000 0.0000 0.0001 0.0000 0.0000 0.0000 0.0000 -0.0010 -0.0002 0.0000 0.0002 30.0001 -0.0001 0.0005 -29.9998 0.0000 0.0000 0.0000 -6.2114 -0.7971 9.2792 -6.2114 -0.7971 9.2792 -79.0416 66.1717 19.5011 -25.8944 58.2807 -114.2550 9.4643 -6.9351 -32.6803 0.3408 2.0051 4.8707 0.0000 -0.0001 0.0001 0.0000 0.0000 0.0000 0.0000 -0.0006 0.0003 0.0000 -0.0001 0.0001 0.0000 0.0000 0.0000 0.0000 0.0000 0.0000 0.0000 0.0007 0.0001 0.0000 -0.0012 0.0001 0.0000 -0.0008 0.0003 0.0000 0.0001 0.0000 0.0000 0.0000 0.0000 0.0000 -0.0009 0.0000 0.0000 0.0002 -29.9996 -0.0001 -0.0003 29.9996 0.0000 0.0000 0.0000 -2.2725 -8.0139 178.3058 -0.2071 -15.8481 0.1115 -16.5365 73.9589 -21.9753 0.0000 25.3510 0.0000 -8.9031 -7.6436 177.2599 -0.2550 -16.0159 -0.0470 26.7981 70.8645 17.3954 0.0000 25.0161 -0.0001 
-3.9363 91.6665 5.5601 12.3890 1.1575 -0.6270 2.7053 1.3243 -3.0041 2.7090 1.3263 -3.0083 2.7133 1.3285 -3.0130 37.7118 62.6662 -52.1250 -4.0615 35.6240 78.6173 6.4149 -7.9852 -6.0885 0.3590 5.8724 -4.0775 0.0000 0.0000 0.0001 0.0000 0.0000 0.0000 0.0000 -0.0013 -0.0008 0.0000 -0.0004 0.0001 0.0000 0.0000 0.0000 0.0000 0.0000 0.0000 0.0000 0.0002 -0.0001 0.0000 -0.0006 0.0003 0.0000 0.0004 -0.0006 0.0000 0.0000 0.0001 0.0000 0.0000 0.0000 0.0000 -0.0010 -0.0002 0.0000 0.0002 30.0001 -0.0001 0.0005 -29.9998 0.0000 0.0000 0.0000 -6.1882 -0.7426 9.2491 -6.1882 -0.7426 9.2491 -78.7845 65.9688 19.8639 -26.9823 58.0515 -114.6604 8.4045 -7.1698 -33.0554 0.3750 2.1135 4.8026 0.0000 -0.0001 0.0001 0.0000 0.0000 0.0000 0.0000 -0.0006 0.0003 0.0000 -0.0001 0.0001 0.0000 0.0000 0.0000 0.0000 0.0000 0.0000 0.0000 0.0007 0.0001 0.0000 -0.0012 0.0001 0.0000 -0.0008 0.0003 0.0000 0.0001 0.0000 0.0000 0.0000 0.0000 0.0000 -0.0009 0.0000 0.0000 0.0002 -29.9996 -0.0001 -0.0003 29.9996 0.0000 0.0000 0.0000 -2.0879 -7.8855 178.2144 -0.2041 -16.0470 0.1114 -16.3773 74.0265 -21.8361 0.0000 25.3510 0.0000 -8.3545 -7.5809 177.0802 -0.2606 -16.3655 -0.0454 27.7051 70.9442 17.9365 0.0000 25.0159 -0.0001 
-3.8832 91.6404 5.5963 12.2548 0.9513 -0.6074 2.6924 1.3499 -2.9775 2.6961 1.3519 -2.9816 2.7004 1.3542 -2.9864 37.8393 62.7026 -52.0371 -4.0237 35.5027 78.4615 7.3078 -7.9654 -6.3526 0.3717 5.9743 -3.9819 0.0000 0.0000 0.0001 0.0000 0.0000 0.0000 0.0000 -0.0013 -0.0008 0.0000 -0.0004 0.0001 0.0000 0.0000 0.0000 0.0000 0.0000 0.0000 0.0000 0.0003 -0.0001 0.0000 -0.0007 0.0003 0.0000 0.0004 -0.0006 0.0000 0.0000 0.0001 0.0000 0.0000 0.0000 0.0000 -0.0010 -0.0002 0.0000 0.0002 30.0001 -0.0001 0.0005 -29.9998 0.0000 0.0000 0.0000 -6.1490 -0.6789 9.2116 -6.1490 -0.6789 9.2116 -78.5661 65.7926 20.2351 -27.8615 58.0051 -114.9048 7.5118 -7.1560 -33.7015 0.4118 2.1820 4.7583 0.0000 -0.0001 0.0001 0.0000 0.0000 0.0000 0.0000 -0.0006 0.0003 0.0000 -0.0001 0.0001 0.0000 0.0000 0.0000 0.0000 0.0000 0.0000 0.0000 0.0007 0.0001 0.0000 -0.0012 0.0001 0.0000 -0.0008 0.0003 0.0000 0.0001 0.0000 0.0000 0.0000 0.0000 0.0000 -0.0008 0.0000 0.0000 0.0002 -29.9996 -0.0001 -0.0002 29.9996 0.0000 0.0000 0.0000 -1.9615 -7.7309 178.1452 -0.1987 -16.2135 0.1110 -16.1612 74.0689 -21.5660 0.0000 25.3510 0.0000 -7.9426 -7.4790 176.9333 -0.2654 -16.6402 -0.0440 28.3617 70.9918 18.3819 0.0000 25.0157 -0.0001 
-3.8371 91.6162 5.6371 12.1009 0.7497 -0.5879 2.6814 1.3656 -2.9471 2.6850 1.3676 -2.9511 2.6893 1.3699 -2.9559 37.8886 62.7362 -51.9988 -3.9459 35.3430 78.2417 8.1277 -7.9162 -6.5800 0.3822 6.0754 -3.8885 0.0000 0.0000 0.0001 0.0000 0.0000 0.0000 0.0000 -0.0013 -0.0008 0.0000 -0.0004 0.0001 0.0000 0.0000 0.0000 0.0000 0.0000 0.0000 0.0000 0.0002 0.0000 0.0000 -0.0006 0.0003 0.0000 0.0004 -0.0006 0.0000 0.0000 0.0001 0.0000 0.0000 0.0000 0.0000 -0.0010 -0.0002 0.0000 0.0002 30.0001 -0.0001 0.0005 -29.9998 0.0000 0.0000 0.0000 -6.0902 -0.6056 9.1677 -6.0902 -0.6056 9.1677 -78.3776 65.6120 20.6126 -28.4933 58.0007 -114.9546 6.8166 -7.0030 -34.5447 0.4505 2.2267 4.7311 0.0000 -0.0001 0.0001 0.0000 0.0000 0.0000 0.0000 -0.0006 0.0003 0.0000 -0.0001 0.0001 0.0000 0.0000 0.0000 0.0000 0.0000 0.0000 0.0000 0.0007 0.0001 0.0000 -0.0012 0.0001 0.0000 -0.0008 0.0003 0.0000 0.0001 0.0000 0.0000 0.0000 0.0000 0.0000 -0.0008 0.0000 0.0000 0.0002 -29.9996 -0.0001 -0.0003 29.9996 0.0000 0.0000 0.0000 -1.8849 -7.5635 178.0776 -0.1941 -16.3433 0.1105 -15.9264 74.0882 -21.2153 0.0000 25.3510 0.0000 -7.6062 -7.3485 176.7994 -0.2701 -16.8563 -0.0428 28.9099 71.0130 18.8132 0.0000 25.0953 -0.0001 
-3.7938 91.5952 5.6842 11.9206 0.5566 -0.5685 2.6673 1.3722 -2.9091 2.6709 1.3742 -2.9130 2.6752 1.3766 -2.9177 37.8590 62.7781 -52.0283 -3.8760 35.1912 77.9246 8.6794 -7.8522 -6.7202 0.3884 6.1610 -3.8267 0.0000 0.0000 0.0001 0.0000 0.0000 0.0000 0.0000 -0.0013 -0.0008 0.0000 -0.0004 0.0001 0.0000 0.0000 0.0000 0.0000 0.0000 0.0000 0.0000 0.0002 0.0000 0.0000 -0.0006 0.0003 0.0000 0.0004 -0.0006 0.0000 0.0000 0.0001 0.0000 0.0000 0.0000 0.0000 -0.0010 -0.0002 0.0000 0.0002 30.0001 -0.0001 0.0005 -29.9998 0.0000 0.0000 0.0000 -6.0047 -0.5188 9.1068 -6.0047 -0.5188 9.1068 -78.2052 65.4068 21.0183 -28.9709 57.9800 -114.9275 6.2399 -6.8215 -35.4979 0.4888 2.2598 4.7122 0.0000 -0.0001 0.0001 0.0000 0.0000 0.0000 0.0000 -0.0006 0.0003 0.0000 -0.0001 0.0001 0.0000 0.0000 0.0000 0.0000 0.0000 0.0000 0.0000 0.0007 0.0001 0.0000 -0.0012 0.0001 0.0000 -0.0008 0.0003 0.0000 0.0002 0.0000 0.0000 0.0000 0.0000 0.0000 -0.0008 0.0000 0.0000 0.0002 -29.9996 -0.0001 -0.0003 29.9996 0.0000 0.0000 0.0000 -1.8295 -7.3886 178.0100 -0.1913 -16.4473 0.1103 -15.6854 74.0950 -20.8198 0.0000 25.3510 0.0000 -7.3234 -7.1945 176.6771 -0.2734 -17.0268 -0.0419 29.3929 71.0218 19.2643 0.0000 25.2271 -0.0001 
-3.7542 91.5820 5.7486 11.6933 0.3830 -0.5510 2.6444 1.3610 -2.8578 2.6478 1.3630 -2.8615 2.6522 1.3654 -2.8663 37.7629 62.8284 -52.1382 -3.8493 35.1359 77.4466 8.3715 -7.8086 -6.6182 0.3829 6.1906 -3.8715 0.0000 0.0000 0.0001 0.0000 0.0000 0.0000 0.0000 -0.0013 -0.0008 0.0000 -0.0004 0.0001 0.0000 0.0000 0.0000 0.0000 0.0000 0.0000 0.0000 0.0002 0.0000 0.0000 -0.0006 0.0003 0.0000 0.0004 -0.0006 0.0000 0.0000 0.0001 0.0000 0.0000 0.0000 0.0000 -0.0010 -0.0002 0.0000 0.0003 30.0001 -0.0001 0.0005 -29.9998 0.0000 0.0000 0.0000 -5.8741 -0.4076 9.0122 -5.8741 -0.4076 9.0122 -78.1226 65.1787 21.3912 -29.0650 57.8981 -114.6470 5.6734 -6.5604 -36.4735 0.5340 2.2991 4.6929 0.0000 -0.0001 0.0001 0.0000 0.0000 0.0000 0.0000 -0.0006 0.0003 0.0000 -0.0001 0.0001 0.0000 0.0000 0.0000 0.0000 0.0000 0.0000 0.0000 0.0007 0.0001 0.0000 -0.0012 0.0001 0.0000 -0.0008 0.0003 0.0000 0.0001 0.0000 0.0000 0.0000 0.0000 0.0000 -0.0009 0.0000 0.0000 0.0002 -29.9996 -0.0001 -0.0002 29.9996 0.0000 0.0000 0.0000 -1.7649 -7.2156 177.9484 -0.1907 -16.5447 0.1104 -15.4727 74.1106 -20.4295 0.0000 25.3510 0.0000 -7.1267 -7.0162 176.5664 -0.2768 -17.1341 -0.0411 29.7833 71.0272 19.7616 0.0000 25.3265 -0.0001 
-3.7260 91.5756 5.8174 11.4270 0.2213 -0.5358 2.6108 1.3362 -2.7976 2.6141 1.3380 -2.8011 2.6186 1.3404 -2.8059 37.6355 62.8734 -52.2965 -3.8602 35.1592 76.8755 7.6938 -7.7527 -6.4309 0.3725 6.1957 -3.9690 0.0000 0.0000 0.0001 0.0000 0.0000 0.0000 0.0000 -0.0013 -0.0008 0.0000 -0.0004 0.0001 0.0000 0.0000 0.0000 0.0000 0.0000 0.0000 0.0000 0.0003 -0.0001 0.0000 -0.0006 0.0003 0.0000 0.0004 -0.0006 0.0000 0.0000 0.0001 0.0000 0.0000 0.0000 0.0000 -0.0010 -0.0002 0.0000 0.0003 30.0001 -0.0001 0.0005 -29.9998 0.0000 0.0000 0.0000 -5.6978 -0.2813 8.8893 -5.6978 -0.2813 8.8893 -78.1027 64.9119 21.7590 -28.8548 57.6834 -114.1982 5.1809 -6.2054 -37.3595 0.5849 2.3448 4.6686 0.0000 -0.0001 0.0001 0.0000 0.0000 0.0000 0.0000 -0.0006 0.0002 0.0000 -0.0001 0.0001 0.0000 0.0000 0.0000 0.0000 0.0000 0.0000 0.0000 0.0007 0.0001 0.0000 -0.0012 0.0001 0.0000 -0.0008 0.0003 0.0000 0.0001 0.0000 0.0000 0.0000 0.0000 0.0000 -0.0008 0.0000 0.0000 0.0002 -29.9996 -0.0001 -0.0003 29.9996 0.0000 0.0000 0.0000 -1.6766 -7.0507 177.9006 -0.1899 -16.6488 0.1104 -15.3497 74.1412 -20.1257 0.0000 25.3510 0.0000 -6.9879 -6.8416 176.4714 -0.2791 -17.1879 -0.0407 30.0474 71.0055 20.2332 0.0000 25.4153 -0.0001 
-3.7101 91.5758 5.8817 11.1217 0.0699 -0.5263 2.5672 1.3018 -2.7292 2.5703 1.3035 -2.7325 2.5749 1.3059 -2.7373 37.5118 62.8996 -52.4547 -3.8944 35.2369 76.2340 6.9858 -7.7145 -6.2424 0.3627 6.1989 -4.0796 0.0000 0.0000 0.0001 0.0000 0.0000 0.0000 0.0000 -0.0013 -0.0008 0.0000 -0.0004 0.0001 0.0000 0.0000 0.0000 0.0000 0.0000 0.0000 0.0000 0.0002 -0.0001 0.0000 -0.0006 0.0003 0.0000 0.0004 -0.0006 0.0000 0.0000 0.0001 0.0000 0.0000 0.0000 0.0000 -0.0010 -0.0002 0.0000 0.0002 30.0001 -0.0001 0.0005 -29.9998 0.0000 0.0000 0.0000 -5.4789 -0.1478 8.7452 -5.4789 -0.1478 8.7452 -78.1067 64.6188 22.1369 -28.3885 57.2925 -113.5801 4.8338 -5.8085 -38.2346 0.6395 2.3936 4.6417 0.0000 -0.0001 0.0001 0.0000 0.0000 0.0000 0.0000 -0.0006 0.0003 0.0000 -0.0001 0.0001 0.0000 0.0000 0.0000 0.0000 0.0000 0.0000 0.0000 0.0007 0.0001 0.0000 -0.0012 0.0001 0.0000 -0.0008 0.0003 0.0000 0.0001 0.0000 0.0000 0.0000 0.0000 0.0000 -0.0009 0.0000 0.0000 0.0002 -29.9996 -0.0001 -0.0003 29.9996 0.0000 0.0000 0.0000 -1.5642 -6.8834 177.8704 -0.1875 -16.7287 0.1102 -15.3334 74.1712 -19.9221 0.0000 25.3510 0.0000 -6.8889 -6.6801 176.3967 -0.2807 -17.1912 -0.0404 30.1545 70.9419 20.6294 0.0000 25.5220 -0.0001 
-3.7056 91.5880 5.9357 10.7526 -0.0579 -0.5280 2.5152 1.2531 -2.6536 2.5181 1.2547 -2.6566 2.5227 1.2571 -2.6615 37.4661 62.9196 -52.5460 -3.9796 35.3137 75.5105 6.3521 -7.7216 -6.0924 0.3565 6.2142 -4.1873 0.0000 0.0000 0.0001 0.0000 0.0000 0.0000 0.0000 -0.0013 -0.0008 0.0000 -0.0004 0.0001 0.0000 0.0000 0.0000 0.0000 0.0000 0.0000 0.0000 0.0002 -0.0001 0.0000 -0.0006 0.0003 0.0000 0.0004 -0.0006 0.0000 0.0000 0.0001 0.0000 0.0000 0.0000 0.0000 -0.0010 -0.0002 0.0000 0.0002 30.0001 -0.0001 0.0005 -29.9998 0.0000 0.0000 0.0000 -5.2034 -0.0095 8.5786 -5.2034 -0.0095 8.5786 -78.1238 64.3363 22.5301 -27.7437 56.7437 -112.8956 4.5634 -5.4953 -39.1182 0.6930 2.4463 4.6113 0.0000 -0.0001 0.0001 0.0000 0.0000 0.0000 0.0000 -0.0006 0.0003 0.0000 -0.0001 0.0001 0.0000 0.0000 0.0000 0.0000 0.0000 0.0000 0.0000 0.0007 0.0001 0.0000 -0.0011 0.0001 0.0000 -0.0008 0.0003 0.0000 0.0002 0.0000 0.0000 0.0000 0.0000 0.0000 -0.0008 0.0000 0.0000 0.0002 -29.9996 -0.0001 -0.0003 29.9996 0.0000 0.0000 0.0000 -1.4067 -6.6955 177.8649 -0.1823 -16.7186 0.1095 -15.4144 74.1706 -19.8107 0.0000 25.3510 0.0000 -6.8355 -6.5366 176.3665 -0.2770 -17.1096 -0.0412 29.9639 70.8299 20.8343 0.0000 25.6446 -0.0001 
-3.6934 91.6110 5.9849 10.3410 -0.1658 -0.5349 2.4633 1.1970 -2.5779 2.4659 1.1984 -2.5807 2.4706 1.2008 -2.5856 37.4564 62.9058 -52.6138 -4.0390 35.2855 74.7601 5.8764 -7.7680 -5.9625 0.3527 6.2517 -4.2691 0.0000 0.0000 0.0001 0.0000 0.0000 0.0000 0.0000 -0.0013 -0.0008 0.0000 -0.0004 0.0001 0.0000 0.0000 0.0000 0.0000 0.0000 0.0000 0.0000 0.0002 0.0000 0.0000 -0.0006 0.0003 0.0000 0.0004 -0.0006 0.0000 0.0000 0.0001 0.0000 0.0000 0.0000 0.0000 -0.0010 -0.0002 0.0000 0.0002 30.0001 -0.0001 0.0005 -29.9998 0.0000 0.0000 0.0000 -4.8949 0.1235 8.4034 -4.8949 0.1235 8.4034 -78.1552 64.1160 22.8677 -27.0273 56.2569 -112.1844 4.2071 -5.2920 -40.0858 0.7437 2.4974 4.5830 0.0000 0.0000 0.0001 0.0000 0.0000 0.0000 0.0000 -0.0006 0.0003 0.0000 -0.0001 0.0001 0.0000 0.0000 0.0000 0.0000 0.0000 0.0000 0.0000 0.0007 0.0001 0.0000 -0.0012 0.0001 0.0000 -0.0008 0.0003 0.0000 0.0002 0.0000 0.0000 0.0000 0.0000 0.0000 -0.0008 0.0000 0.0000 0.0002 -29.9996 -0.0001 -0.0003 29.9996 0.0000 0.0000 0.0000 -1.2204 -6.4763 177.8625 -0.1779 -16.6106 0.1086 -15.4884 74.1365 -19.6855 0.0000 25.3510 0.0000 -6.8224 -6.3735 176.3601 -0.2713 -16.9645 -0.0424 29.5840 70.7201 20.9259 0.0000 25.7332 -0.0001 
-3.6711 91.6387 6.0228 9.9014 -0.2597 -0.5442 2.4128 1.1391 -2.5018 2.4153 1.1404 -2.5043 2.4200 1.1427 -2.5092 37.4366 62.8621 -52.6984 -4.0634 35.1269 74.0053 5.6192 -7.8037 -5.8746 0.3506 6.3161 -4.3155 0.0000 0.0000 0.0001 0.0000 0.0000 0.0000 0.0000 -0.0013 -0.0008 0.0000 -0.0004 0.0001 0.0000 0.0000 0.0000 0.0000 0.0000 0.0000 0.0000 0.0002 -0.0001 0.0000 -0.0006 0.0003 0.0000 0.0004 -0.0006 0.0000 0.0000 0.0001 0.0000 0.0000 0.0000 0.0000 -0.0010 -0.0002 0.0000 0.0002 30.0001 -0.0001 0.0005 -29.9998 0.0000 0.0000 0.0000 -4.5634 0.2421 8.2248 -4.5634 0.2421 8.2248 -78.1709 63.9429 23.1896 -26.3125 55.8709 -111.4828 3.7725 -5.1667 -41.1710 0.7921 2.5425 4.5606 0.0000 0.0000 0.0001 0.0000 0.0000 0.0000 0.0000 -0.0006 0.0003 0.0000 -0.0001 0.0001 0.0000 0.0000 0.0000 0.0000 0.0000 0.0000 0.0000 0.0007 0.0001 0.0000 -0.0012 0.0001 0.0000 -0.0008 0.0003 0.0000 0.0002 0.0000 0.0000 0.0000 0.0000 0.0000 -0.0008 0.0000 0.0000 0.0002 -29.9996 -0.0001 -0.0003 29.9996 0.0000 0.0000 0.0000 -1.0296 -6.2444 177.8546 -0.1755 -16.4405 0.1080 -15.5494 74.0791 -19.5265 0.0000 25.3510 0.0000 -6.8441 -6.1944 176.3627 -0.2670 -16.7784 -0.0435 29.0824 70.6096 20.9516 0.0000 25.8229 -0.0001 
-3.6415 91.6656 6.0305 9.4253 -0.3334 -0.5630 2.3672 1.0826 -2.4217 2.3695 1.0838 -2.4240 2.3743 1.0861 -2.4289 37.3953 62.7977 -52.8178 -4.0690 34.8069 73.2599 5.6474 -7.8160 -5.8826 0.3526 6.4153 -4.3177 0.0000 0.0000 0.0001 0.0000 0.0000 0.0000 0.0000 -0.0013 -0.0008 0.0000 -0.0004 0.0001 0.0000 0.0000 0.0000 0.0000 0.0000 0.0000 0.0000 0.0002 0.0000 0.0000 -0.0006 0.0003 0.0000 0.0004 -0.0006 0.0000 0.0000 0.0001 0.0000 0.0000 0.0000 0.0000 -0.0010 -0.0002 0.0000 0.0002 30.0001 -0.0001 0.0005 -29.9998 0.0000 0.0000 0.0000 -4.2086 0.3305 8.0481 -4.2087 0.3305 8.0481 -78.1594 63.8329 23.4975 -25.6279 55.6305 -110.8287 3.2811 -5.1128 -42.4231 0.8356 2.5722 4.5502 0.0000 -0.0001 0.0001 0.0000 0.0000 0.0000 0.0000 -0.0006 0.0003 0.0000 -0.0001 0.0001 0.0000 0.0000 0.0000 0.0000 0.0000 0.0000 0.0000 0.0007 0.0001 0.0000 -0.0012 0.0001 0.0000 -0.0008 0.0003 0.0000 0.0001 0.0000 0.0000 0.0000 0.0000 0.0000 -0.0008 0.0000 0.0000 0.0002 -29.9996 -0.0001 -0.0003 29.9996 0.0000 0.0000 0.0000 -0.8501 -6.0336 177.8443 -0.1750 -16.2366 0.1076 -15.6156 74.0015 -19.3240 0.0000 25.3510 0.0000 -6.9117 -6.0304 176.3750 -0.2667 -16.5763 -0.0440 28.4314 70.4922 20.8956 0.0000 25.9467 -0.0001 
-3.6167 91.6883 6.0043 8.9187 -0.3949 -0.5950 2.3272 1.0285 -2.3368 2.3293 1.0295 -2.3389 2.3341 1.0317 -2.3437 37.3515 62.7341 -52.9541 -4.1235 34.4436 72.4711 5.5584 -7.8483 -5.9088 0.3564 6.5118 -4.3344 0.0000 0.0000 0.0001 0.0000 0.0000 0.0000 0.0000 -0.0013 -0.0008 0.0000 -0.0004 0.0001 0.0000 0.0000 0.0000 0.0000 0.0000 0.0000 0.0000 0.0002 0.0000 0.0000 -0.0006 0.0003 0.0000 0.0004 -0.0006 0.0000 0.0000 0.0001 0.0000 0.0000 0.0000 0.0000 -0.0010 -0.0002 0.0000 0.0002 30.0001 -0.0001 0.0005 -29.9998 0.0000 0.0000 0.0000 -3.8444 0.3956 7.8806 -3.8444 0.3956 7.8806 -78.1268 63.7674 23.8132 -24.9107 55.4341 -110.1770 2.8650 -5.0717 -43.7957 0.8755 2.5864 4.5542 0.0000 -0.0001 0.0001 0.0000 0.0000 0.0000 0.0000 -0.0006 0.0003 0.0000 -0.0001 0.0001 0.0000 0.0000 0.0000 0.0000 0.0000 0.0000 0.0000 0.0007 0.0001 0.0000 -0.0012 0.0001 0.0000 -0.0008 0.0003 0.0000 0.0001 0.0000 0.0000 0.0000 0.0000 0.0000 -0.0009 0.0000 0.0000 0.0002 -29.9996 -0.0001 -0.0003 29.9996 0.0000 0.0000 0.0000 -0.6747 -5.8666 177.8445 -0.1738 -16.0524 0.1072 -15.7037 73.9198 -19.1033 0.0000 25.3510 0.0000 -7.0114 -5.9058 176.4001 -0.2670 -16.3828 -0.0444 27.6572 70.3692 20.7602 0.0000 26.0780 -0.0001 
-3.5950 91.7097 5.9574 8.3908 -0.4578 -0.6382 2.2914 0.9796 -2.2481 2.2933 0.9805 -2.2500 2.2982 0.9827 -2.2548 37.2851 62.6632 -53.1299 -4.1772 34.0825 71.6602 5.3749 -7.8716 -5.8981 0.3579 6.6025 -4.3632 0.0000 0.0000 0.0001 0.0000 0.0000 0.0000 0.0000 -0.0013 -0.0008 0.0000 -0.0004 0.0001 0.0000 0.0000 0.0000 0.0000 0.0000 0.0000 0.0000 0.0002 0.0000 0.0000 -0.0006 0.0003 0.0000 0.0004 -0.0006 0.0000 0.0000 0.0001 0.0000 0.0000 0.0000 0.0000 -0.0010 -0.0002 0.0000 0.0002 30.0001 -0.0001 0.0005 -29.9998 0.0000 0.0000 0.0000 -3.4765 0.4433 7.7227 -3.4765 0.4433 7.7227 -78.0821 63.7263 24.1416 -24.1506 55.2556 -109.5199 2.5267 -5.0222 -45.2634 0.9132 2.5891 4.5713 0.0000 -0.0001 0.0001 0.0000 0.0000 0.0000 0.0000 -0.0006 0.0003 0.0000 -0.0001 0.0001 0.0000 0.0000 0.0000 0.0000 0.0000 0.0000 0.0000 0.0007 0.0001 0.0000 -0.0012 0.0001 0.0000 -0.0008 0.0003 0.0000 0.0001 0.0000 0.0000 0.0000 0.0000 0.0000 -0.0008 0.0000 0.0000 0.0002 -29.9996 -0.0001 -0.0003 29.9996 0.0000 0.0000 0.0000 -0.4947 -5.7274 177.8562 -0.1731 -15.8999 0.1068 -15.8153 73.8449 -18.8856 0.0000 25.3510 0.0000 -7.1370 -5.7898 176.4370 -0.2663 -16.1904 -0.0450 26.8070 70.2507 20.5796 0.0000 26.1875 -0.0001 
-3.5787 91.7316 5.9076 7.8417 -0.5322 -0.6995 2.2574 0.9388 -2.1545 2.2592 0.9396 -2.1562 2.2641 0.9418 -2.1609 37.2010 62.5886 -53.3537 -4.2384 33.7757 70.8250 5.1473 -7.8785 -5.8758 0.3582 6.6895 -4.4051 0.0000 0.0000 0.0001 0.0000 0.0000 0.0000 0.0000 -0.0013 -0.0008 0.0000 -0.0004 0.0001 0.0000 0.0000 0.0000 0.0000 0.0000 0.0000 0.0000 0.0002 -0.0001 0.0000 -0.0006 0.0003 0.0000 0.0004 -0.0006 0.0000 0.0000 0.0001 0.0000 0.0000 0.0000 0.0000 -0.0010 -0.0002 0.0000 0.0003 30.0001 -0.0001 0.0005 -29.9998 0.0000 0.0000 0.0000 -3.1063 0.4741 7.5759 -3.1063 0.4741 7.5759 -77.9848 63.7001 24.5372 -23.3214 55.0694 -108.8345 2.2735 -4.9666 -46.7672 0.9492 2.5851 4.6012 0.0000 -0.0001 0.0001 0.0000 0.0000 0.0000 0.0000 -0.0006 0.0003 0.0000 -0.0001 0.0001 0.0000 0.0000 0.0000 0.0000 0.0000 0.0000 0.0000 0.0007 0.0001 0.0000 -0.0012 0.0001 0.0000 -0.0008 0.0003 0.0000 0.0001 0.0000 0.0000 0.0000 0.0000 0.0000 -0.0008 0.0000 0.0000 0.0002 -29.9996 -0.0001 -0.0003 29.9996 0.0000 0.0000 0.0000 -0.3014 -5.5999 177.8904 -0.1729 -15.7914 0.1067 -15.9695 73.7902 -18.7080 0.0000 25.3510 0.0000 -7.3030 -5.6534 176.4898 -0.2661 -15.9886 -0.0455 25.8880 70.1454 20.3672 0.0000 26.2515 -0.0001 
-3.5708 91.7542 5.8791 7.2831 -0.6187 -0.7750 2.2279 0.9046 -2.0596 2.2296 0.9054 -2.0612 2.2345 0.9075 -2.0657 37.1370 62.5208 -53.5691 -4.3277 33.4994 70.0115 4.8723 -7.8713 -5.9075 0.3609 6.7707 -4.4565 0.0000 0.0000 0.0001 0.0000 0.0000 0.0000 0.0000 -0.0013 -0.0008 0.0000 -0.0004 0.0001 0.0000 0.0000 0.0000 0.0000 0.0000 0.0000 0.0000 0.0002 0.0000 0.0000 -0.0006 0.0003 0.0000 0.0004 -0.0006 0.0000 0.0000 0.0001 0.0000 0.0000 0.0000 0.0000 -0.0010 -0.0002 0.0000 0.0002 30.0001 -0.0001 0.0005 -29.9998 0.0000 0.0000 0.0000 -2.7475 0.5025 7.4333 -2.7475 0.5025 7.4333 -77.8461 63.6798 25.0028 -22.4514 54.8458 -108.1421 2.1960 -4.8751 -48.2354 0.9822 2.5733 4.6468 0.0000 -0.0001 0.0001 0.0000 0.0000 0.0000 0.0000 -0.0006 0.0003 0.0000 -0.0001 0.0001 0.0000 0.0000 0.0000 0.0000 0.0000 0.0000 0.0000 0.0007 0.0001 0.0000 -0.0012 0.0001 0.0000 -0.0008 0.0003 0.0000 0.0001 0.0000 0.0000 0.0000 0.0000 0.0000 -0.0009 0.0000 0.0000 0.0002 -29.9996 -0.0001 -0.0003 29.9996 0.0000 0.0000 0.0000 -0.0966 -5.4586 177.9483 -0.1711 -15.7073 0.1063 -16.1572 73.7551 -18.5763 0.0000 25.3510 0.0000 -7.4847 -5.5018 176.5607 -0.2667 -15.7835 -0.0459 24.9303 70.0507 20.1203 0.0000 26.2759 -0.0001 
-3.5759 91.7772 5.8655 6.7211 -0.7148 -0.8566 2.2036 0.8758 -1.9674 2.2052 0.8765 -1.9688 2.2102 0.8786 -1.9733 37.0791 62.4560 -53.7658 -4.4330 33.2357 69.1999 4.5548 -7.8941 -5.9774 0.3668 6.8470 -4.5152 0.0000 0.0000 0.0001 0.0000 0.0000 0.0000 0.0000 -0.0013 -0.0008 0.0000 -0.0004 0.0001 0.0000 0.0000 0.0000 0.0000 0.0000 0.0000 0.0000 0.0003 0.0000 0.0000 -0.0006 0.0003 0.0000 0.0004 -0.0006 0.0000 0.0000 0.0001 0.0000 0.0000 0.0000 0.0000 -0.0010 -0.0002 0.0000 0.0003 30.0001 -0.0001 0.0005 -29.9998 0.0000 0.0000 0.0000 -2.4055 0.5358 7.2925 -2.4055 0.5358 7.2925 -77.6732 63.6672 25.5287 -21.5638 54.5830 -107.4650 2.3356 -4.7411 -49.6662 1.0107 2.5505 4.7111 0.0000 -0.0001 0.0001 0.0000 0.0000 0.0000 0.0000 -0.0006 0.0003 0.0000 -0.0001 0.0001 0.0000 0.0000 0.0000 0.0000 0.0000 0.0000 0.0000 0.0007 0.0001 0.0000 -0.0011 0.0001 0.0000 -0.0008 0.0003 0.0000 0.0001 0.0000 0.0000 0.0000 0.0000 0.0000 -0.0008 0.0000 0.0000 0.0002 -29.9996 -0.0001 -0.0003 29.9996 0.0000 0.0000 0.0000 0.1137 -5.3093 178.0245 -0.1668 -15.6432 0.1056 -16.3787 73.7334 -18.4874 0.0000 25.3510 0.0000 -7.6588 -5.3480 176.6506 -0.2660 -15.5776 -0.0465 23.9401 69.9614 19.8213 0.0000 26.2744 -0.0001 
-3.6017 91.7992 5.8556 6.1676 -0.8192 -0.9340 2.1848 0.8534 -1.8844 2.1863 0.8540 -1.8856 2.1914 0.8561 -1.8900 36.9679 62.3902 -53.9793 -4.5035 32.9656 68.3937 4.3302 -7.8760 -6.0004 0.3685 6.9251 -4.5582 0.0000 0.0000 0.0001 0.0000 0.0000 0.0000 0.0000 -0.0013 -0.0008 0.0000 -0.0004 0.0001 0.0000 0.0000 0.0000 0.0000 0.0000 0.0000 0.0000 0.0002 0.0000 0.0000 -0.0006 0.0003 0.0000 0.0004 -0.0006 0.0000 0.0000 0.0001 0.0000 0.0000 0.0000 0.0000 -0.0010 -0.0002 0.0000 0.0002 30.0001 -0.0001 0.0005 -29.9998 0.0000 0.0000 0.0000 -2.0915 0.5852 7.1492 -2.0915 0.5852 7.1492 -77.4682 63.6568 26.1076 -20.7229 54.3133 -106.8678 2.7544 -4.5421 -51.0439 1.0304 2.5073 4.8000 0.0000 -0.0001 0.0001 0.0000 0.0000 0.0000 0.0000 -0.0006 0.0003 0.0000 -0.0001 0.0001 0.0000 0.0000 0.0000 0.0000 0.0000 0.0000 0.0000 0.0007 0.0001 0.0000 -0.0012 0.0001 0.0000 -0.0008 0.0003 0.0000 0.0001 0.0000 0.0000 0.0000 0.0000 0.0000 -0.0009 0.0000 0.0000 0.0002 -29.9997 -0.0001 -0.0003 29.9996 0.0000 0.0000 0.0000 0.3126 -5.1575 178.1128 -0.1596 -15.5896 0.1045 -16.6474 73.7139 -18.4509 0.0000 25.3510 0.0000 -7.8054 -5.2080 176.7668 -0.2618 -15.3728 -0.0475 22.9035 69.8780 19.4230 0.0000 26.2601 -0.0001 
-3.6362 91.8210 5.8443 5.6335 -0.9188 -1.0010 2.1682 0.8324 -1.8112 2.1696 0.8331 -1.8124 2.1747 0.8351 -1.8166 36.7957 62.3246 -54.2338 -4.5283 32.6714 67.6215 4.1236 -7.8482 -6.0184 0.3694 7.0019 -4.5945 0.0000 0.0000 0.0001 0.0000 0.0000 0.0000 0.0000 -0.0013 -0.0008 0.0000 -0.0004 0.0001 0.0000 0.0000 0.0000 0.0000 0.0000 0.0000 0.0000 0.0003 -0.0001 0.0000 -0.0006 0.0003 0.0000 0.0004 -0.0006 0.0000 0.0000 0.0001 0.0000 0.0000 0.0000 0.0000 -0.0010 -0.0002 0.0000 0.0003 30.0001 -0.0001 0.0005 -29.9998 0.0000 0.0000 0.0000 -1.8015 0.6546 7.0028 -1.8015 0.6546 7.0028 -77.2797 63.6452 26.6781 -19.9981 54.1216 -106.4046 3.3128 -4.2633 -52.3300 1.0422 2.4467 4.9059 0.0000 -0.0001 0.0001 0.0000 0.0000 0.0000 0.0000 -0.0006 0.0003 0.0000 -0.0001 0.0001 0.0000 0.0000 0.0000 0.0000 0.0000 0.0000 0.0000 0.0007 0.0001 0.0000 -0.0011 0.0001 0.0000 -0.0008 0.0003 0.0000 0.0002 0.0000 0.0000 0.0000 0.0000 0.0000 -0.0009 0.0000 0.0000 0.0002 -29.9996 -0.0001 -0.0003 29.9996 0.0000 0.0000 0.0000 0.4898 -4.9992 178.1970 -0.1522 -15.5078 0.1034 -16.9316 73.6819 -18.4327 0.0000 25.3510 0.0000 -7.9244 -5.0863 176.8925 -0.2555 -15.1647 -0.0488 21.8685 69.7919 18.9718 0.0000 26.2400 -0.0001 
-3.6734 91.8426 5.8405 5.1196 -1.0112 -1.0599 2.1558 0.8111 -1.7469 2.1572 0.8117 -1.7480 2.1623 0.8137 -1.7521 36.5786 62.2586 -54.5048 -4.5417 32.3644 66.8716 3.9155 -7.8050 -6.0440 0.3701 7.0742 -4.6287 0.0000 0.0000 0.0001 0.0000 0.0000 0.0000 0.0000 -0.0013 -0.0008 0.0000 -0.0004 0.0001 0.0000 0.0000 0.0000 0.0000 0.0000 0.0000 0.0000 0.0002 -0.0001 0.0000 -0.0006 0.0003 0.0000 0.0004 -0.0006 0.0000 0.0000 0.0001 0.0000 0.0000 0.0000 0.0000 -0.0010 -0.0002 0.0000 0.0003 30.0001 -0.0001 0.0005 -29.9998 0.0000 0.0000 0.0000 -1.5347 0.7392 6.8594 -1.5347 0.7392 6.8594 -77.1180 63.6279 27.2306 -19.4078 54.0320 -106.0745 3.9629 -3.8518 -53.5433 1.0481 2.3662 5.0266 0.0000 -0.0001 0.0001 0.0000 0.0000 0.0000 0.0000 -0.0006 0.0003 0.0000 -0.0001 0.0001 0.0000 0.0000 0.0000 0.0000 0.0000 0.0000 0.0000 0.0007 0.0001 0.0000 -0.0012 0.0001 0.0000 -0.0008 0.0003 0.0000 0.0001 0.0000 0.0000 0.0000 0.0000 0.0000 -0.0009 0.0000 0.0000 0.0002 -29.9997 -0.0001 -0.0003 29.9996 0.0000 0.0000 0.0000 0.6486 -4.8199 178.2758 -0.1449 -15.3786 0.1023 -17.2128 73.6366 -18.4146 0.0000 25.3510 0.0000 -7.7731 -4.9663 177.0284 -0.2453 -14.9503 -0.0506 21.1910 69.6854 18.5949 0.0000 26.2103 -0.0001 
-3.7077 91.8653 5.8464 4.6536 -1.0957 -1.1035 2.1498 0.7905 -1.6956 2.1512 0.7911 -1.6967 2.1563 0.7930 -1.7007 36.3012 62.1995 -54.7758 -4.5300 32.0659 66.1536 3.7403 -7.7472 -6.0746 0.3704 7.1402 -4.6568 0.0000 0.0000 0.0001 0.0000 0.0000 0.0000 0.0000 -0.0013 -0.0008 0.0000 -0.0004 0.0001 0.0000 0.0000 0.0000 0.0000 0.0000 0.0000 0.0000 0.0002 0.0000 0.0000 -0.0006 0.0003 0.0000 0.0004 -0.0006 0.0000 0.0000 0.0001 0.0000 0.0000 0.0000 0.0000 -0.0010 -0.0002 0.0000 0.0002 30.0001 -0.0001 0.0005 -29.9998 0.0000 0.0000 0.0000 -1.3028 0.8504 6.7181 -1.3028 0.8504 6.7181 -77.0246 63.5980 27.7396 -19.0037 54.0810 -105.9158 4.6573 -3.2889 -54.6976 1.0487 2.2643 5.1601 0.0000 -0.0001 0.0001 0.0000 0.0000 0.0000 0.0000 -0.0006 0.0003 0.0000 -0.0001 0.0001 0.0000 0.0000 0.0000 0.0000 0.0000 0.0000 0.0000 0.0007 0.0001 0.0000 -0.0012 0.0001 0.0000 -0.0008 0.0003 0.0000 0.0001 0.0000 0.0000 0.0000 0.0000 0.0000 -0.0008 0.0000 0.0000 0.0002 -29.9997 -0.0001 -0.0003 29.9996 0.0000 0.0000 0.0000 0.7741 -4.6101 178.3383 -0.1390 -15.1838 0.1012 -17.4735 73.5759 -18.3867 0.0000 25.3510 0.0000 -7.6134 -4.8487 177.1401 -0.2373 -14.7137 -0.0522 20.6062 69.5654 18.2591 0.0000 26.1587 -0.0001 
-3.7441 91.8875 5.8477 4.2314 -1.1743 -1.1325 2.1417 0.7696 -1.6512 2.1430 0.7701 -1.6522 2.1481 0.7720 -1.6561 35.9954 62.1531 -55.0453 -4.4961 31.7894 65.4477 3.6092 -7.6898 -6.0975 0.3702 7.2046 -4.6794 0.0000 0.0000 0.0001 0.0000 0.0000 0.0000 0.0000 -0.0013 -0.0008 0.0000 -0.0004 0.0001 0.0000 0.0000 0.0000 0.0000 0.0000 0.0000 0.0000 0.0002 0.0000 0.0000 -0.0006 0.0003 0.0000 0.0004 -0.0006 0.0000 0.0000 0.0001 0.0000 0.0000 0.0000 0.0000 -0.0010 -0.0002 0.0000 0.0003 30.0001 -0.0001 0.0005 -29.9998 0.0000 0.0000 0.0000 -1.0834 0.9760 6.5835 -1.0834 0.9760 6.5835 -76.9940 63.5582 28.1744 -18.7175 54.1870 -105.8506 5.2797 -2.7725 -55.8197 1.0465 2.1643 5.2912 0.0000 -0.0001 0.0001 0.0000 0.0000 0.0000 0.0000 -0.0006 0.0003 0.0000 -0.0001 0.0001 0.0000 0.0000 0.0000 0.0000 0.0000 0.0000 0.0000 0.0007 0.0001 0.0000 -0.0011 0.0001 0.0000 -0.0008 0.0003 0.0000 0.0001 0.0000 0.0000 0.0000 0.0000 0.0000 -0.0009 0.0000 0.0000 0.0002 -29.9996 -0.0001 -0.0003 29.9996 0.0000 0.0000 0.0000 0.8675 -4.3991 178.3869 -0.1333 -14.9641 0.1002 -17.7479 73.5063 -18.3802 0.0000 25.3510 0.0000 -7.4760 -4.7220 177.2267 -0.2306 -14.4571 -0.0536 20.0923 69.4402 17.9805 0.0000 26.1046 -0.0001 
-3.7831 91.9084 5.8381 3.8446 -1.2460 -1.1495 2.1327 0.7487 -1.6121 2.1339 0.7492 -1.6130 2.1391 0.7510 -1.6169 35.6809 62.1097 -55.3021 -4.4473 31.5202 64.7632 3.4902 -7.6336 -6.1209 0.3700 7.2662 -4.6986 0.0000 0.0000 0.0001 0.0000 0.0000 0.0000 0.0000 -0.0013 -0.0008 0.0000 -0.0004 0.0001 0.0000 0.0000 0.0000 0.0000 0.0000 0.0000 0.0000 0.0002 0.0000 0.0000 -0.0006 0.0003 0.0000 0.0004 -0.0006 0.0000 0.0000 0.0001 0.0000 0.0000 0.0000 0.0000 -0.0010 -0.0002 0.0000 0.0002 30.0001 -0.0001 0.0005 -29.9998 0.0000 0.0000 0.0000 -0.8702 1.1133 6.4536 -0.8702 1.1133 6.4536 -77.0159 63.5172 28.5474 -18.5484 54.3188 -105.8684 5.7919 -2.3901 -56.9335 1.0425 2.0762 5.4165 0.0000 -0.0001 0.0001 0.0000 0.0000 0.0000 0.0000 -0.0006 0.0003 0.0000 -0.0001 0.0001 0.0000 0.0000 0.0000 0.0000 0.0000 0.0000 0.0000 0.0007 0.0001 0.0000 -0.0012 0.0001 0.0000 -0.0008 0.0003 0.0000 0.0001 0.0000 0.0000 0.0000 0.0000 0.0000 -0.0008 0.0000 0.0000 0.0002 -29.9996 -0.0001 -0.0003 29.9996 0.0000 0.0000 0.0000 0.9386 -4.1988 178.4243 -0.1277 -14.7332 0.0992 -18.0272 73.4296 -18.3870 0.0000 25.3511 0.0000 -7.3670 -4.5915 177.2981 -0.2234 -14.1922 -0.0550 19.6104 69.3158 17.7342 0.0000 26.0634 -0.0001 
-3.8227 91.9265 5.8154 3.4954 -1.3082 -1.1508 2.1246 0.7298 -1.5778 2.1259 0.7303 -1.5787 2.1310 0.7321 -1.5825 35.3486 62.0611 -55.5498 -4.3931 31.2440 64.1036 3.3755 -7.5712 -6.1513 0.3700 7.3239 -4.7149 0.0000 0.0000 0.0001 0.0000 0.0000 0.0000 0.0000 -0.0013 -0.0008 0.0000 -0.0004 0.0001 0.0000 0.0000 0.0000 0.0000 0.0000 0.0000 0.0000 0.0002 0.0000 0.0000 -0.0006 0.0003 0.0000 0.0004 -0.0006 0.0000 0.0000 0.0001 0.0000 0.0000 0.0000 0.0000 -0.0010 -0.0002 0.0000 0.0002 30.0001 -0.0001 0.0005 -29.9998 0.0000 0.0000 0.0000 -0.6584 1.2572 6.3270 -0.6584 1.2572 6.3270 -77.0651 63.4726 28.8752 -18.5842 54.4589 -106.0161 6.1256 -2.2813 -58.0654 1.0365 2.0137 5.5294 0.0000 -0.0001 0.0001 0.0000 0.0000 0.0000 0.0000 -0.0006 0.0003 0.0000 -0.0001 0.0001 0.0000 0.0000 0.0000 0.0000 0.0000 0.0000 0.0000 0.0007 0.0001 0.0000 -0.0012 0.0001 0.0000 -0.0008 0.0003 0.0000 0.0001 0.0000 0.0000 0.0000 0.0000 0.0000 -0.0009 0.0000 0.0000 0.0002 -29.9996 -0.0001 -0.0003 29.9996 0.0000 0.0000 0.0000 0.9966 -4.0101 178.4456 -0.1219 -14.4862 0.0982 -18.2816 73.3441 -18.3834 0.0000 25.3510 0.0000 -7.2900 -4.4740 177.3584 -0.2138 -13.9419 -0.0567 19.1355 69.2010 17.5003 0.0000 26.0502 -0.0001 
-3.8586 91.9402 5.7833 3.1626 -1.3689 -1.1402 2.1192 0.7159 -1.5435 2.1204 0.7164 -1.5444 2.1255 0.7182 -1.5481 35.0011 62.0086 -55.8085 -4.3399 30.9580 63.4509 3.2427 -7.5035 -6.1676 0.3689 7.3782 -4.7325 0.0000 0.0000 0.0001 0.0000 0.0000 0.0000 0.0000 -0.0013 -0.0008 0.0000 -0.0004 0.0001 0.0000 0.0000 0.0000 0.0000 0.0000 0.0000 0.0000 0.0002 0.0000 0.0000 -0.0006 0.0003 0.0000 0.0004 -0.0006 0.0000 0.0000 0.0001 0.0000 0.0000 0.0000 0.0000 -0.0010 -0.0002 0.0000 0.0002 30.0001 -0.0001 0.0005 -29.9998 0.0000 0.0000 0.0000 -0.4433 1.3993 6.1921 -0.4433 1.3993 6.1921 -77.1053 63.4299 29.1889 -18.8000 54.5765 -106.2849 6.3774 -2.3369 -59.1738 1.0272 1.9659 5.6329 0.0000 -0.0001 0.0001 0.0000 0.0000 0.0000 0.0000 -0.0006 0.0003 0.0000 -0.0001 0.0001 0.0000 0.0000 0.0000 0.0000 0.0000 0.0000 0.0000 0.0007 0.0001 0.0000 -0.0012 0.0001 0.0000 -0.0008 0.0003 0.0000 0.0001 0.0000 0.0000 0.0000 0.0000 0.0000 -0.0008 0.0000 0.0000 0.0002 -29.9996 -0.0001 -0.0003 29.9996 0.0000 0.0000 0.0000 1.0518 -3.8234 178.4513 -0.1164 -14.2283 0.0972 -18.4932 73.2531 -18.3388 0.0000 25.3510 0.0000 -7.2166 -4.3799 177.4085 -0.2047 -13.7285 -0.0581 18.6784 69.0995 17.2808 0.0000 26.0584 -0.0001 
-3.8913 91.9499 5.7387 2.8335 -1.4331 -1.1191 2.1173 0.7081 -1.5083 2.1185 0.7086 -1.5092 2.1236 0.7104 -1.5128 34.6544 61.9522 -56.0662 -4.2954 30.6755 62.8032 3.0925 -7.4381 -6.1748 0.3672 7.4290 -4.7529 0.0000 0.0000 0.0001 0.0000 0.0000 0.0000 0.0000 -0.0013 -0.0008 0.0000 -0.0004 0.0001 0.0000 0.0000 0.0000 0.0000 0.0000 0.0000 0.0000 0.0002 0.0000 0.0000 -0.0006 0.0003 0.0000 0.0004 -0.0006 0.0000 0.0000 0.0001 0.0000 0.0000 0.0000 0.0000 -0.0010 -0.0002 0.0000 0.0002 30.0001 -0.0001 0.0005 -29.9998 0.0000 0.0000 0.0000 -0.2244 1.5349 6.0480 -0.2244 1.5349 6.0480 -77.1388 63.3955 29.4778 -19.2065 54.6761 -106.7009 6.5749 -2.4872 -60.2122 1.0135 1.9251 5.7254 0.0000 0.0000 0.0001 0.0000 0.0000 0.0000 0.0000 -0.0006 0.0003 0.0000 -0.0001 0.0001 0.0000 0.0000 0.0000 0.0000 0.0000 0.0000 0.0000 0.0007 0.0001 0.0000 -0.0012 0.0001 0.0000 -0.0008 0.0003 0.0000 0.0002 0.0000 0.0000 0.0000 0.0000 0.0000 -0.0008 0.0000 0.0000 0.0002 -29.9996 -0.0001 -0.0003 29.9996 0.0000 0.0000 0.0000 1.1112 -3.6452 178.4422 -0.1113 -13.9787 0.0964 -18.6697 73.1641 -18.2548 0.0000 25.3510 0.0000 -7.1266 -4.3053 177.4462 -0.1973 -13.5503 -0.0594 18.2559 69.0074 17.0853 0.0000 26.0807 -0.0001 
-3.9226 91.9543 5.6721 2.4913 -1.5085 -1.0880 2.1229 0.7117 -1.4699 2.1240 0.7122 -1.4707 2.1292 0.7140 -1.4743 34.3230 61.8915 -56.3130 -4.2778 30.3838 62.1468 2.9085 -7.3910 -6.1621 0.3649 7.4764 -4.7779 0.0000 0.0000 0.0001 0.0000 0.0000 0.0000 0.0000 -0.0013 -0.0008 0.0000 -0.0004 0.0001 0.0000 0.0000 0.0000 0.0000 0.0000 0.0000 0.0000 0.0002 0.0000 0.0000 -0.0006 0.0003 0.0000 0.0004 -0.0006 0.0000 0.0000 0.0001 0.0000 0.0000 0.0000 0.0000 -0.0010 -0.0002 0.0000 0.0002 30.0001 -0.0001 0.0005 -29.9998 0.0000 0.0000 0.0000 0.0019 1.6520 5.8907 0.0019 1.6520 5.8907 -77.1517 63.3733 29.7218 -19.9782 54.8146 -107.4194 6.6039 -2.7614 -61.0691 0.9917 1.8922 5.7922 0.0000 -0.0001 0.0001 0.0000 0.0000 0.0000 0.0000 -0.0006 0.0003 0.0000 -0.0001 0.0001 0.0000 0.0000 0.0000 0.0000 0.0000 0.0000 0.0000 0.0007 0.0001 0.0000 -0.0012 0.0001 0.0000 -0.0008 0.0003 0.0000 0.0001 0.0000 0.0000 0.0000 0.0000 0.0000 -0.0009 0.0000 0.0000 0.0002 -29.9996 -0.0001 -0.0003 29.9996 0.0000 0.0000 0.0000 1.2005 -3.4835 178.4189 -0.1066 -13.7562 0.0956 -18.7813 73.0840 -18.1013 0.0000 25.3510 0.0000 -6.9789 -4.2651 177.4668 -0.1918 -13.4375 -0.0602 17.9218 68.9292 16.9555 0.0000 26.1027 -0.0001 
-3.9532 91.9561 5.5942 2.1366 -1.6010 -1.0481 2.1334 0.7282 -1.4294 2.1346 0.7287 -1.4301 2.1398 0.7305 -1.4336 34.0045 61.8280 -56.5522 -4.2766 30.0578 61.4830 2.7224 -7.3605 -6.1430 0.3628 7.5257 -4.8007 0.0000 0.0000 0.0001 0.0000 0.0000 0.0000 0.0000 -0.0013 -0.0008 0.0000 -0.0004 0.0001 0.0000 0.0000 0.0000 0.0000 0.0000 0.0000 0.0000 0.0002 0.0000 0.0000 -0.0006 0.0003 0.0000 0.0004 -0.0006 0.0000 0.0000 0.0001 0.0000 0.0000 0.0000 0.0000 -0.0010 -0.0002 0.0000 0.0003 30.0001 -0.0001 0.0005 -29.9998 0.0000 0.0000 0.0000 0.2350 1.7515 5.7179 0.2350 1.7515 5.7179 -77.1027 63.3464 29.9584 -21.0902 55.0476 -108.3921 6.3797 -3.1873 -61.7342 0.9648 1.8746 5.8312 0.0000 -0.0001 0.0001 0.0000 0.0000 0.0000 0.0000 -0.0006 0.0003 0.0000 -0.0001 0.0001 0.0000 0.0000 0.0000 0.0000 0.0000 0.0000 0.0000 0.0007 0.0001 0.0000 -0.0012 0.0001 0.0000 -0.0008 0.0003 0.0000 0.0001 0.0000 0.0000 0.0000 0.0000 0.0000 -0.0008 0.0000 0.0000 0.0002 -29.9996 -0.0001 -0.0003 29.9996 0.0000 0.0000 0.0000 1.3080 -3.3268 178.3832 -0.1020 -13.5631 0.0949 -18.8427 73.0183 -17.8810 0.0000 25.3510 0.0000 -6.7763 -4.2457 177.4668 -0.1872 -13.3748 -0.0608 17.6930 68.8616 16.9135 0.0000 26.0921 -0.0001 
-3.9782 91.9552 5.5130 1.7737 -1.7109 -0.9966 2.1470 0.7570 -1.3882 2.1482 0.7575 -1.3890 2.1535 0.7594 -1.3924 33.6975 61.7645 -56.7882 -4.2903 29.6989 60.8213 2.5459 -7.3338 -6.1375 0.3618 7.5783 -4.8199 0.0000 0.0000 0.0001 0.0000 0.0000 0.0000 0.0000 -0.0013 -0.0008 0.0000 -0.0004 0.0001 0.0000 0.0000 0.0000 0.0000 0.0000 0.0000 0.0000 0.0002 0.0000 0.0000 -0.0006 0.0003 0.0000 0.0004 -0.0006 0.0000 0.0000 0.0001 0.0000 0.0000 0.0000 0.0000 -0.0010 -0.0002 0.0000 0.0002 30.0001 -0.0001 0.0005 -29.9998 0.0000 0.0000 0.0000 0.4739 1.8307 5.5334 0.4739 1.8307 5.5334 -77.0196 63.3296 30.1793 -22.4619 55.3336 -109.5701 5.9170 -3.7930 -62.2098 0.9347 1.8778 5.8428 0.0000 -0.0001 0.0001 0.0000 0.0000 0.0000 0.0000 -0.0006 0.0003 0.0000 -0.0001 0.0001 0.0000 0.0000 0.0000 0.0000 0.0000 0.0000 0.0000 0.0007 0.0001 0.0000 -0.0012 0.0001 0.0000 -0.0008 0.0003 0.0000 0.0001 0.0000 0.0000 0.0000 0.0000 0.0000 -0.0008 0.0000 0.0000 0.0002 -29.9996 -0.0001 -0.0003 29.9996 0.0000 0.0000 0.0000 1.4225 -3.1585 178.3295 -0.0977 -13.3779 0.0942 -18.8490 72.9624 -17.5795 0.0000 25.3510 0.0000 -6.5313 -4.2397 177.4381 -0.1848 -13.3642 -0.0611 17.5840 68.8166 16.9822 0.0000 26.0346 -0.0001 
-3.9852 91.9478 5.4307 1.4072 -1.8476 -0.9184 2.1622 0.8049 -1.3505 2.1634 0.8054 -1.3513 2.1686 0.8074 -1.3545 33.4210 61.7028 -57.0042 -4.3405 29.3069 60.1647 2.3807 -7.3092 -6.1580 0.3625 7.6338 -4.8358 0.0000 0.0000 0.0001 0.0000 0.0000 0.0000 0.0000 -0.0013 -0.0008 0.0000 -0.0004 0.0001 0.0000 0.0000 0.0000 0.0000 0.0000 0.0000 0.0000 0.0002 0.0000 0.0000 -0.0006 0.0003 0.0000 0.0004 -0.0006 0.0000 0.0000 0.0001 0.0000 0.0000 0.0000 0.0000 -0.0010 -0.0002 0.0000 0.0002 30.0001 -0.0001 0.0005 -29.9998 0.0000 0.0000 0.0000 0.7205 1.8751 5.3362 0.7205 1.8751 5.3362 -76.9164 63.3382 30.3429 -24.0825 55.6468 -110.9667 5.1293 -4.6739 -62.3537 0.9029 1.9161 5.8095 0.0000 -0.0001 0.0001 0.0000 0.0000 0.0000 0.0000 -0.0006 0.0003 0.0000 -0.0001 0.0001 0.0000 0.0000 0.0000 0.0000 0.0000 0.0000 0.0000 0.0007 0.0001 0.0000 -0.0012 0.0001 0.0000 -0.0008 0.0003 0.0000 0.0001 0.0000 0.0000 0.0000 0.0000 0.0000 -0.0008 0.0000 0.0000 0.0002 -29.9997 -0.0001 -0.0003 29.9996 0.0000 0.0000 0.0000 1.5143 -2.9535 178.2291 -0.0948 -13.1713 0.0937 -18.7499 72.9104 -17.1095 0.0000 25.3510 0.0000 -6.2412 -4.2472 177.3511 -0.1866 -13.4383 -0.0608 17.6713 68.8152 17.2410 0.0000 25.9318 -0.0001 
-3.9728 91.9349 5.3437 1.0395 -2.0046 -0.8153 2.1743 0.8688 -1.3157 2.1755 0.8694 -1.3165 2.1808 0.8715 -1.3196 33.1739 61.6399 -57.2100 -4.4136 28.8981 59.5098 2.2145 -7.2967 -6.1746 0.3635 7.6906 -4.8508 0.0000 0.0000 0.0001 0.0000 0.0000 0.0000 0.0000 -0.0013 -0.0008 0.0000 -0.0004 0.0001 0.0000 0.0000 0.0000 0.0000 0.0000 0.0000 0.0000 0.0002 0.0000 0.0000 -0.0006 0.0003 0.0000 0.0004 -0.0006 0.0000 0.0000 0.0001 0.0000 0.0000 0.0000 0.0000 -0.0010 -0.0002 0.0000 0.0002 30.0001 -0.0001 0.0005 -29.9998 0.0000 0.0000 0.0000 0.9745 1.8888 5.1334 0.9746 1.8888 5.1334 -76.7525 63.3558 30.5038 -25.8571 55.8652 -112.4904 4.1622 -5.7067 -62.1933 0.8720 1.9776 5.7363 0.0000 -0.0001 0.0001 0.0000 0.0000 0.0000 0.0000 -0.0006 0.0003 0.0000 -0.0001 0.0001 0.0000 0.0000 0.0000 0.0000 0.0000 0.0000 0.0000 0.0007 0.0001 0.0000 -0.0012 0.0001 0.0000 -0.0008 0.0003 0.0000 0.0001 0.0000 0.0000 0.0000 0.0000 0.0000 -0.0008 0.0000 0.0000 0.0002 -29.9996 -0.0001 -0.0003 29.9996 0.0000 0.0000 0.0000 1.5915 -2.7111 178.0847 -0.0958 -12.9240 0.0936 -18.5298 72.8478 -16.4855 0.0000 25.3511 0.0000 -5.9339 -4.2748 177.2173 -0.1905 -13.6003 -0.0601 17.8991 68.8633 17.6503 0.0000 25.7825 -0.0001 
-3.9463 91.9164 5.2565 0.6625 -2.1772 -0.6839 2.1869 0.9464 -1.2869 2.1882 0.9470 -1.2876 2.1935 0.9493 -1.2907 32.9508 61.5697 -57.3930 -4.5091 28.4705 58.8421 2.0355 -7.2903 -6.1844 0.3643 7.7477 -4.8659 0.0000 0.0000 0.0001 0.0000 0.0000 0.0000 0.0000 -0.0013 -0.0008 0.0000 -0.0004 0.0001 0.0000 0.0000 0.0000 0.0000 0.0000 0.0000 0.0000 0.0002 0.0000 0.0000 -0.0006 0.0003 0.0000 0.0004 -0.0006 0.0000 0.0000 0.0001 0.0000 0.0000 0.0000 0.0000 -0.0010 -0.0002 0.0000 0.0002 30.0001 -0.0001 0.0005 -29.9998 0.0000 0.0000 0.0000 1.2323 1.8753 4.9321 1.2323 1.8753 4.9321 -76.4824 63.3681 30.7269 -27.7354 55.9787 -114.0822 3.0740 -6.7748 -61.7571 0.8438 2.0505 5.6318 0.0000 -0.0001 0.0001 0.0000 0.0000 0.0000 0.0000 -0.0006 0.0003 0.0000 -0.0001 0.0001 0.0000 0.0000 0.0000 0.0000 0.0000 0.0000 0.0000 0.0007 0.0001 0.0000 -0.0012 0.0001 0.0000 -0.0008 0.0003 0.0000 0.0001 0.0000 0.0000 0.0000 0.0000 0.0000 -0.0008 0.0000 0.0000 0.0002 -29.9997 -0.0001 -0.0003 29.9996 0.0000 0.0000 0.0000 1.6705 -2.4420 177.9006 -0.1007 -12.6566 0.0939 -18.2373 72.7787 -15.7777 0.0000 25.3511 0.0000 -5.6168 -4.3236 177.0440 -0.1941 -13.8358 -0.0592 18.1915 68.9511 18.1382 0.0000 25.6228 -0.0001 
-3.8992 91.8919 5.1649 0.2786 -2.3678 -0.5140 2.1979 1.0411 -1.2678 2.1992 1.0417 -1.2685 2.2045 1.0443 -1.2716 32.7617 61.4922 -57.5625 -4.6321 28.0207 58.1938 1.8026 -7.2784 -6.1952 0.3648 7.8009 -4.8864 0.0000 0.0000 0.0001 0.0000 0.0000 0.0000 0.0000 -0.0013 -0.0008 0.0000 -0.0004 0.0001 0.0000 0.0000 0.0000 0.0000 0.0000 0.0000 0.0000 0.0002 0.0000 0.0000 -0.0006 0.0003 0.0000 0.0004 -0.0006 0.0000 0.0000 0.0001 0.0000 0.0000 0.0000 0.0000 -0.0010 -0.0002 0.0000 0.0002 30.0001 -0.0001 0.0005 -29.9998 0.0000 0.0000 0.0000 1.4923 1.8235 4.7410 1.4923 1.8235 4.7410 -76.0169 63.3619 31.0953 -29.6737 55.9164 -115.6787 1.9357 -7.7822 -60.9890 0.8196 2.1272 5.4952 0.0000 -0.0001 0.0001 0.0000 0.0000 0.0000 0.0000 -0.0006 0.0003 0.0000 -0.0001 0.0001 0.0000 0.0000 0.0000 0.0000 0.0000 0.0000 0.0000 0.0007 0.0001 0.0000 -0.0011 0.0001 0.0000 -0.0008 0.0003 0.0000 0.0001 0.0000 0.0000 0.0000 0.0000 0.0000 -0.0009 0.0000 0.0000 0.0002 -29.9996 -0.0001 -0.0003 29.9996 0.0000 0.0000 0.0000 1.7677 -2.1583 177.6695 -0.1106 -12.3942 0.0947 -17.8961 72.7065 -15.0422 0.0000 25.3510 0.0000 -5.2917 -4.4147 176.8203 -0.1983 -14.1763 -0.0581 18.4965 69.0793 18.6363 0.0000 25.4802 -0.0001 
-3.8272 91.8636 5.0566 -0.1036 -2.5765 -0.3180 2.2092 1.1466 -1.2575 2.2105 1.1474 -1.2583 2.2158 1.1502 -1.2613 32.5946 61.4224 -57.7128 -4.7743 27.5742 57.5657 1.5206 -7.2756 -6.1926 0.3647 7.8473 -4.9135 0.0000 0.0000 0.0001 0.0000 0.0000 0.0000 0.0000 -0.0013 -0.0008 0.0000 -0.0004 0.0001 0.0000 0.0000 0.0000 0.0000 0.0000 0.0000 0.0000 0.0002 0.0000 0.0000 -0.0006 0.0003 0.0000 0.0004 -0.0006 0.0000 0.0000 0.0001 0.0000 0.0000 0.0000 0.0000 -0.0010 -0.0002 0.0000 0.0002 30.0001 -0.0001 0.0005 -29.9998 0.0000 0.0000 0.0000 1.7443 1.7495 4.5647 1.7443 1.7495 4.5647 -75.4658 63.3532 31.4985 -31.5873 55.7044 -117.2053 0.8559 -8.6736 -60.0165 0.7974 2.1963 5.3431 0.0000 -0.0001 0.0001 0.0000 0.0000 0.0000 0.0000 -0.0006 0.0003 0.0000 -0.0001 0.0001 0.0000 0.0000 0.0000 0.0000 0.0000 0.0000 0.0000 0.0007 0.0001 0.0000 -0.0012 0.0001 0.0000 -0.0008 0.0003 0.0000 0.0001 0.0000 0.0000 0.0000 0.0000 0.0000 -0.0009 0.0000 0.0000 0.0002 -29.9996 -0.0001 -0.0002 29.9996 0.0000 0.0000 0.0000 1.8842 -1.8855 177.4064 -0.1230 -12.1719 0.0958 -17.5350 72.6310 -14.3247 0.0000 25.3510 0.0000 -4.9368 -4.5389 176.5625 -0.2057 -14.5895 -0.0565 18.7748 69.2066 19.0564 0.0000 25.4068 -0.0001 
-3.7299 91.8343 4.9269 -0.4728 -2.8027 -0.1124 2.2192 1.2585 -1.2501 2.2205 1.2593 -1.2508 2.2258 1.2624 -1.2537 32.4498 61.3694 -57.8459 -4.9135 27.1457 56.9619 1.2011 -7.2944 -6.1648 0.3638 7.8878 -4.9455 0.0000 0.0000 0.0001 0.0000 0.0000 0.0000 0.0000 -0.0013 -0.0008 0.0000 -0.0004 0.0001 0.0000 0.0000 0.0000 0.0000 0.0000 0.0000 0.0000 0.0002 0.0000 0.0000 -0.0006 0.0003 0.0000 0.0004 -0.0006 0.0000 0.0000 0.0001 0.0000 0.0000 0.0000 0.0000 -0.0010 -0.0002 0.0000 0.0002 30.0001 -0.0001 0.0005 -29.9998 0.0000 0.0000 0.0000 1.9855 1.6665 4.3997 1.9855 1.6665 4.3997 -74.8433 63.3340 31.9404 -33.5629 55.3746 -118.7286 -0.2200 -9.4729 -58.8692 0.7772 2.2596 5.1774 0.0000 -0.0001 0.0001 0.0000 0.0000 0.0000 0.0000 -0.0006 0.0003 0.0000 -0.0001 0.0001 0.0000 0.0000 0.0000 0.0000 0.0000 0.0000 0.0000 0.0007 0.0001 0.0000 -0.0012 0.0001 0.0000 -0.0008 0.0003 0.0000 0.0001 0.0000 0.0000 0.0000 0.0000 0.0000 -0.0008 0.0000 0.0000 0.0002 -29.9996 -0.0001 -0.0003 29.9996 0.0000 0.0000 0.0000 2.0284 -1.6233 177.1275 -0.1370 -11.9796 0.0971 -17.1145 72.5408 -13.5990 0.0000 25.3510 0.0000 -4.5456 -4.6973 176.2898 -0.2160 -15.0749 -0.0542 19.0455 69.3303 19.4034 0.0000 25.3545 -0.0001 
-3.5942 91.8035 4.7805 -0.7929 -3.0547 0.0916 2.2205 1.3732 -1.2403 2.2220 1.3742 -1.2411 2.2272 1.3775 -1.2440 32.3574 61.3535 -57.9310 -5.0544 26.7657 56.3989 0.8649 -7.3331 -6.1173 0.3622 7.9218 -4.9803 0.0000 0.0000 0.0001 0.0000 0.0000 0.0000 0.0000 -0.0013 -0.0008 0.0000 -0.0004 0.0001 0.0000 0.0000 0.0000 0.0000 0.0000 0.0000 0.0000 0.0002 0.0000 0.0000 -0.0006 0.0003 0.0000 0.0004 -0.0006 0.0000 0.0000 0.0001 0.0000 0.0000 0.0000 0.0000 -0.0010 -0.0002 0.0000 0.0002 30.0001 -0.0001 0.0005 -29.9998 0.0000 0.0000 0.0000 2.2102 1.5916 4.2460 2.2102 1.5916 4.2460 -74.1251 63.2603 32.4540 -35.7152 55.0032 -120.3092 -1.4016 -10.1572 -57.5323 0.7615 2.3204 4.9960 0.0000 -0.0001 0.0001 0.0000 0.0000 0.0000 0.0000 -0.0006 0.0003 0.0000 -0.0001 0.0001 0.0000 0.0000 0.0000 0.0000 0.0000 0.0000 0.0000 0.0007 0.0001 0.0000 -0.0012 0.0001 0.0000 -0.0008 0.0003 0.0000 0.0002 0.0000 0.0000 0.0000 0.0000 0.0000 -0.0008 0.0000 0.0000 0.0002 -29.9997 -0.0001 -0.0003 29.9996 0.0000 0.0000 0.0000 2.2084 -1.3909 176.8345 -0.1534 -11.8743 0.0987 -16.5608 72.4520 -12.8145 0.0000 25.3510 0.0000 -3.6342 -4.8325 176.0326 -0.2193 -15.6148 -0.0527 19.9733 69.4179 19.8468 0.0000 25.3312 -0.0001 
-3.4318 91.7701 4.6490 -1.0437 -3.3248 0.2794 2.2140 1.4861 -1.2287 2.2154 1.4872 -1.2295 2.2206 1.4907 -1.2323 32.3171 61.3634 -57.9426 -5.1970 26.4271 55.8807 0.5512 -7.3718 -6.0741 0.3609 7.9499 -5.0056 0.0000 0.0000 0.0001 0.0000 0.0000 0.0000 0.0000 -0.0013 -0.0008 0.0000 -0.0004 0.0001 0.0000 0.0000 0.0000 0.0000 0.0000 0.0000 0.0000 0.0002 0.0000 0.0000 -0.0006 0.0003 0.0000 0.0004 -0.0006 0.0000 0.0000 0.0001 0.0000 0.0000 0.0000 0.0000 -0.0010 -0.0002 0.0000 0.0003 30.0001 -0.0001 0.0005 -29.9998 0.0000 0.0000 0.0000 2.4136 1.5395 4.1071 2.4136 1.5395 4.1071 -73.4288 63.1640 32.9554 -37.8442 54.6267 -121.7929 -2.6089 -10.7394 -56.1662 0.7518 2.3810 4.8173 0.0000 -0.0001 0.0001 0.0000 0.0000 0.0000 0.0000 -0.0006 0.0003 0.0000 -0.0001 0.0001 0.0000 0.0000 0.0000 0.0000 0.0000 0.0000 0.0000 0.0007 0.0001 0.0000 -0.0012 0.0001 0.0000 -0.0008 0.0003 0.0000 0.0001 0.0000 0.0000 0.0000 0.0000 0.0000 -0.0008 0.0000 0.0000 0.0002 -29.9997 -0.0001 -0.0003 29.9996 0.0000 0.0000 0.0000 2.3660 -1.1992 176.5349 -0.1708 -11.8897 0.1005 -15.8636 72.4017 -11.8946 0.0000 25.3510 0.0000 -2.7153 -4.9133 175.7788 -0.2232 -16.1359 -0.0512 21.0060 69.4903 20.3227 0.0000 25.3281 -0.0001 
-3.2456 91.7326 4.5330 -1.2262 -3.6098 0.4443 2.1993 1.5959 -1.2121 2.2008 1.5971 -1.2129 2.2059 1.6008 -1.2156 32.3115 61.3933 -57.9040 -5.3272 26.1259 55.3875 0.2691 -7.3986 -6.0294 0.3592 7.9698 -5.0013 0.0000 0.0000 0.0001 0.0000 0.0000 0.0000 0.0000 -0.0013 -0.0008 0.0000 -0.0004 0.0001 0.0000 0.0000 0.0000 0.0000 0.0000 0.0000 0.0000 0.0002 0.0000 0.0000 -0.0006 0.0003 0.0000 0.0004 -0.0006 0.0000 0.0000 0.0001 0.0000 0.0000 0.0000 0.0000 -0.0010 -0.0002 0.0000 0.0002 30.0001 -0.0001 0.0005 -29.9998 0.0000 0.0000 0.0000 2.5979 1.5120 3.9805 2.5979 1.5120 3.9805 -72.7979 63.0659 33.4099 -39.8565 54.2012 -123.1039 -3.7426 -11.1893 -54.8496 0.7481 2.4385 4.6471 0.0000 -0.0001 0.0001 0.0000 0.0000 0.0000 0.0000 -0.0006 0.0003 0.0000 -0.0001 0.0001 0.0000 0.0000 0.0000 0.0000 0.0000 0.0000 0.0000 0.0007 0.0001 0.0000 -0.0012 0.0001 0.0000 -0.0008 0.0003 0.0000 0.0002 0.0000 0.0000 0.0000 0.0000 0.0000 -0.0009 0.0000 0.0000 0.0002 -29.9997 -0.0001 -0.0003 29.9996 0.0000 0.0000 0.0000 2.4945 -1.0510 176.2303 -0.1920 -12.0199 0.1029 -15.0301 72.3949 -10.8489 0.0000 25.3510 0.0000 -1.8308 -4.9232 175.5304 -0.2304 -16.6029 -0.0492 22.1273 69.5381 20.8656 0.0000 25.3544 -0.0001 
-3.0950 91.6960 4.4677 -1.3203 -3.9077 0.5668 2.1738 1.6976 -1.1830 2.1753 1.6988 -1.1837 2.1803 1.7028 -1.1864 32.3505 61.4438 -57.8122 -5.4348 25.8856 54.9693 0.0708 -7.4179 -5.9883 0.3575 7.9903 -4.9909 0.0000 0.0000 0.0001 0.0000 0.0000 0.0000 0.0000 -0.0013 -0.0008 0.0000 -0.0004 0.0001 0.0000 0.0000 0.0000 0.0000 0.0000 0.0000 0.0000 0.0002 0.0000 0.0000 -0.0006 0.0003 0.0000 0.0004 -0.0006 0.0000 0.0000 0.0001 0.0000 0.0000 0.0000 0.0000 -0.0010 -0.0002 0.0000 0.0002 30.0001 -0.0001 0.0005 -29.9998 0.0000 0.0000 0.0000 2.7604 1.5199 3.8674 2.7604 1.5199 3.8674 -72.2596 62.9666 33.8248 -41.6695 53.7218 -124.1654 -4.7917 -11.3966 -53.6857 0.7558 2.4907 4.4889 0.0000 -0.0001 0.0001 0.0000 0.0000 0.0000 0.0000 -0.0006 0.0003 0.0000 -0.0001 0.0001 0.0000 0.0000 0.0000 0.0000 0.0000 0.0000 0.0000 0.0007 0.0001 0.0000 -0.0012 0.0001 0.0000 -0.0008 0.0003 0.0000 0.0001 0.0000 0.0000 0.0000 0.0000 0.0000 -0.0008 0.0000 0.0000 0.0002 -29.9996 -0.0001 -0.0003 29.9996 0.0000 0.0000 0.0000 2.6082 -0.9381 175.9825 -0.2121 -12.2925 0.1055 -14.1461 72.4522 -9.8070 0.0000 25.3510 0.0000 -1.0184 -4.8224 175.3296 -0.2356 -16.9872 -0.0476 23.3206 69.5833 21.4851 0.0000 25.3825 -0.0001 
-3.0091 91.6621 4.4333 -1.3569 -4.2014 0.6642 2.1365 1.7898 -1.1460 2.1380 1.7912 -1.1468 2.1428 1.7953 -1.1494 32.4281 61.5003 -57.6945 -5.5277 25.6855 54.6069 -0.0439 -7.4242 -5.9578 0.3560 8.0143 -4.9718 0.0000 0.0000 0.0001 0.0000 0.0000 0.0000 0.0000 -0.0013 -0.0008 0.0000 -0.0004 0.0001 0.0000 0.0000 0.0000 0.0000 0.0000 0.0000 0.0000 0.0002 0.0000 0.0000 -0.0006 0.0003 0.0000 0.0004 -0.0006 0.0000 0.0000 0.0001 0.0000 0.0000 0.0000 0.0000 -0.0010 -0.0002 0.0000 0.0002 30.0001 -0.0001 0.0005 -29.9998 0.0000 0.0000 0.0000 2.9140 1.5490 3.7615 2.9140 1.5490 3.7615 -71.7530 62.8482 34.2509 -43.2982 53.2464 -125.0228 -5.8102 -11.4111 -52.7181 0.7722 2.5375 4.3445 0.0000 -0.0001 0.0001 0.0000 0.0000 0.0000 0.0000 -0.0006 0.0003 0.0000 -0.0001 0.0001 0.0000 0.0000 0.0000 0.0000 0.0000 0.0000 0.0000 0.0007 0.0001 0.0000 -0.0012 0.0001 0.0000 -0.0008 0.0003 0.0000 0.0001 0.0000 0.0000 0.0000 0.0000 0.0000 -0.0009 0.0000 0.0000 0.0002 -29.9996 -0.0001 -0.0003 29.9996 0.0000 0.0000 0.0000 2.7227 -0.8355 175.8075 -0.2272 -12.6137 0.1078 -13.3529 72.5321 -8.9268 0.0000 25.3510 0.0000 -0.2824 -4.6863 175.1697 -0.2365 -17.3404 -0.0468 24.5197 69.6324 22.1482 0.0000 25.3784 -0.0001 
-2.9891 91.6325 4.4220 -1.3555 -4.4849 0.7547 2.0895 1.8747 -1.1099 2.0909 1.8761 -1.1107 2.0957 1.8805 -1.1131 32.5262 61.5487 -57.5648 -5.6152 25.5111 54.2802 -0.0929 -7.4223 -5.9335 0.3547 8.0411 -4.9463 0.0000 0.0000 0.0001 0.0000 0.0000 0.0000 0.0000 -0.0013 -0.0008 0.0000 -0.0004 0.0001 0.0000 0.0000 0.0000 0.0000 0.0000 0.0000 0.0000 0.0003 0.0000 0.0000 -0.0006 0.0003 0.0000 0.0004 -0.0006 0.0000 0.0000 0.0001 0.0000 0.0000 0.0000 0.0000 -0.0010 -0.0002 0.0000 0.0002 30.0001 -0.0001 0.0005 -29.9998 0.0000 0.0000 0.0000 3.0635 1.5889 3.6667 3.0635 1.5890 3.6667 -71.2744 62.7287 34.6704 -44.6917 52.7984 -125.6350 -6.7998 -11.2746 -51.9812 0.7964 2.5808 4.2142 0.0000 -0.0001 0.0001 0.0000 0.0000 0.0000 0.0000 -0.0006 0.0003 0.0000 -0.0001 0.0001 0.0000 0.0000 0.0000 0.0000 0.0000 0.0000 0.0000 0.0007 0.0001 0.0000 -0.0012 0.0001 0.0000 -0.0008 0.0003 0.0000 0.0001 0.0000 0.0000 0.0000 0.0000 0.0000 -0.0008 0.0000 0.0000 0.0002 -29.9996 -0.0001 -0.0003 29.9996 0.0000 0.0000 0.0000 2.8342 -0.7318 175.6968 -0.2341 -12.9491 0.1092 -12.7384 72.6238 -8.2872 0.0000 25.3510 0.0000 0.3918 -4.5459 175.0434 -0.2296 -17.6912 -0.0471 25.6754 69.6944 22.8016 0.0000 25.3473 -0.0001 
-2.9976 91.6059 4.4157 -1.3209 -4.7496 0.8574 2.0258 1.9489 -1.0804 2.0272 1.9504 -1.0811 2.0319 1.9549 -1.0836 32.6091 61.5856 -57.4799 -5.6867 25.3497 53.9874 -0.0839 -7.4213 -5.9056 0.3533 8.0711 -4.9147 0.0000 0.0000 0.0001 0.0000 0.0000 0.0000 0.0000 -0.0013 -0.0008 0.0000 -0.0004 0.0001 0.0000 0.0000 0.0000 0.0000 0.0000 0.0000 0.0000 0.0002 -0.0001 0.0000 -0.0006 0.0003 0.0000 0.0004 -0.0006 0.0000 0.0000 0.0001 0.0000 0.0000 0.0000 0.0000 -0.0010 -0.0002 0.0000 0.0002 30.0001 -0.0001 0.0005 -29.9998 0.0000 0.0000 0.0000 3.2220 1.6354 3.5836 3.2220 1.6354 3.5836 -70.8072 62.6145 35.0970 -45.7279 52.3631 -125.8815 -7.7338 -10.9951 -51.6464 0.8314 2.6203 4.1015 0.0000 -0.0001 0.0001 0.0000 0.0000 0.0000 0.0000 -0.0006 0.0003 0.0000 -0.0001 0.0001 0.0000 0.0000 0.0000 0.0000 0.0000 0.0000 0.0000 0.0007 0.0001 0.0000 -0.0011 0.0001 0.0000 -0.0008 0.0003 0.0000 0.0001 0.0000 0.0000 0.0000 0.0000 0.0000 -0.0009 0.0000 0.0000 0.0002 -29.9996 -0.0001 -0.0003 29.9996 0.0000 0.0000 0.0000 2.9466 -0.6054 175.6100 -0.2374 -13.2207 0.1102 -12.3058 72.6998 -7.9203 0.0000 25.3511 0.0000 0.9897 -4.4475 174.9040 -0.2263 -18.0649 -0.0469 26.7749 69.7420 23.4486 0.0000 25.3136 -0.0001 
-2.9931 91.5803 4.4085 -1.2787 -4.9921 0.9863 1.9507 2.0110 -1.0624 1.9520 2.0125 -1.0631 1.9565 2.0172 -1.0655 32.6682 61.6172 -57.4445 -5.7328 25.1828 53.7066 -0.0347 -7.4329 -5.8802 0.3526 8.1061 -4.8758 0.0000 0.0000 0.0001 0.0000 0.0000 0.0000 0.0000 -0.0013 -0.0008 0.0000 -0.0004 0.0001 0.0000 0.0000 0.0000 0.0000 0.0000 0.0000 0.0000 0.0002 0.0000 0.0000 -0.0006 0.0003 0.0000 0.0004 -0.0006 0.0000 0.0000 0.0001 0.0000 0.0000 0.0000 0.0000 -0.0010 -0.0002 0.0000 0.0002 30.0001 -0.0001 0.0005 -29.9998 0.0000 0.0000 0.0000 3.3918 1.6858 3.5060 3.3918 1.6858 3.5060 -70.3758 62.4980 35.5019 -46.4745 51.9632 -125.8582 -8.6568 -10.6006 -51.6618 0.8750 2.6552 4.0017 0.0000 0.0000 0.0001 0.0000 0.0000 0.0000 0.0000 -0.0006 0.0003 0.0000 -0.0001 0.0001 0.0000 0.0000 0.0000 0.0000 0.0000 0.0000 0.0000 0.0007 0.0001 0.0000 -0.0012 0.0001 0.0000 -0.0008 0.0003 0.0000 0.0001 0.0000 0.0000 0.0000 0.0000 0.0000 -0.0009 0.0000 0.0000 0.0002 -29.9996 -0.0001 -0.0003 29.9996 0.0000 0.0000 0.0000 3.0665 -0.4408 175.4980 -0.2418 -13.3827 0.1110 -11.9309 72.7372 -7.6610 0.0000 25.3510 0.0000 1.5767 -4.3901 174.7378 -0.2268 -18.4708 -0.0460 27.8560 69.7816 24.0719 0.0000 25.3071 -0.0001 
-2.9736 91.5550 4.4056 -1.2379 -5.2125 1.1380 1.8688 2.0607 -1.0548 1.8700 2.0622 -1.0555 1.8743 2.0670 -1.0579 32.7056 61.6453 -57.4445 -5.7595 25.0113 53.4273 0.0364 -7.4546 -5.8642 0.3530 8.1443 -4.8323 0.0000 0.0000 0.0001 0.0000 0.0000 0.0000 0.0000 -0.0013 -0.0008 0.0000 -0.0004 0.0001 0.0000 0.0000 0.0000 0.0000 0.0000 0.0000 0.0000 0.0002 0.0000 0.0000 -0.0006 0.0003 0.0000 0.0004 -0.0006 0.0000 0.0000 0.0001 0.0000 0.0000 0.0000 0.0000 -0.0010 -0.0002 0.0000 0.0002 30.0001 -0.0001 0.0005 -29.9998 0.0000 0.0000 0.0000 3.5694 1.7423 3.4308 3.5694 1.7423 3.4308 -69.9927 62.3715 35.8833 -47.0096 51.6122 -125.6486 -9.5713 -10.0766 -51.9951 0.9259 2.6822 3.9147 0.0000 0.0000 0.0001 0.0000 0.0000 0.0000 0.0000 -0.0006 0.0003 0.0000 0.0000 0.0001 0.0000 0.0000 0.0000 0.0000 0.0000 0.0000 0.0000 0.0007 0.0001 0.0000 -0.0012 0.0001 0.0000 -0.0008 0.0003 0.0000 0.0001 0.0000 0.0000 0.0000 0.0000 0.0000 -0.0008 0.0000 0.0000 0.0002 -29.9997 -0.0001 -0.0003 29.9996 0.0000 0.0000 0.0000 3.1814 -0.2442 175.3556 -0.2465 -13.4496 0.1117 -11.5867 72.7431 -7.4438 0.0000 25.3511 0.0000 2.1698 -4.3611 174.5464 -0.2293 -18.9002 -0.0447 28.9510 69.8220 24.6947 0.0000 25.3058 -0.0001 
-2.9388 91.5273 4.4052 -1.2149 -5.4047 1.3110 1.7842 2.0943 -1.0568 1.7853 2.0958 -1.0575 1.7895 2.1007 -1.0599 32.7197 61.6689 -57.4838 -5.7778 24.8405 53.1328 0.0891 -7.4703 -5.8624 0.3542 8.1826 -4.7906 0.0000 0.0000 0.0001 0.0000 0.0000 0.0000 0.0000 -0.0013 -0.0008 0.0000 -0.0004 0.0001 0.0000 0.0000 0.0000 0.0000 0.0000 0.0000 0.0000 0.0003 0.0000 0.0000 -0.0006 0.0003 0.0000 0.0004 -0.0006 0.0000 0.0000 0.0001 0.0000 0.0000 0.0000 0.0000 -0.0010 -0.0002 0.0000 0.0003 30.0001 -0.0001 0.0005 -29.9998 0.0000 0.0000 0.0000 3.7533 1.8093 3.3528 3.7533 1.8093 3.3528 -69.6848 62.2144 36.2407 -47.3169 51.3315 -125.2633 -10.4355 -9.3256 -52.7368 0.9859 2.6927 3.8486 0.0000 -0.0001 0.0001 0.0000 0.0000 0.0000 0.0000 -0.0006 0.0003 0.0000 -0.0001 0.0001 0.0000 0.0000 0.0000 0.0000 0.0000 0.0000 0.0000 0.0007 0.0001 0.0000 -0.0012 0.0001 0.0000 -0.0008 0.0003 0.0000 0.0001 0.0000 0.0000 0.0000 0.0000 0.0000 -0.0008 0.0000 0.0000 0.0002 -29.9996 -0.0001 -0.0003 29.9996 0.0000 0.0000 0.0000 3.2769 -0.0339 175.1774 -0.2501 -13.4381 0.1121 -11.2855 72.7229 -7.2379 0.0000 25.0618 0.0000 2.7820 -4.3472 174.3386 -0.2301 -19.3390 -0.0436 30.0614 69.8760 25.3176 0.0000 25.3253 -0.0001 
-2.9035 91.5003 4.4083 -1.2211 -5.5820 1.4843 1.7052 2.1170 -1.0604 1.7064 2.1185 -1.0611 1.7103 2.1235 -1.0635 32.7370 61.6905 -57.5292 -5.7952 24.6971 52.8289 0.1425 -7.4927 -5.8715 0.3564 8.2204 -4.7506 0.0000 0.0000 0.0001 0.0000 0.0000 0.0000 0.0000 -0.0013 -0.0008 0.0000 -0.0004 0.0001 0.0000 0.0000 0.0000 0.0000 0.0000 0.0000 0.0000 0.0002 0.0000 0.0000 -0.0006 0.0003 0.0000 0.0004 -0.0006 0.0000 0.0000 0.0001 0.0000 0.0000 0.0000 0.0000 -0.0010 -0.0002 0.0000 0.0002 30.0001 -0.0001 0.0005 -29.9998 0.0000 0.0000 0.0000 3.9376 1.8829 3.2630 3.9376 1.8829 3.2630 -69.4616 62.0447 36.5670 -47.3854 51.0774 -124.6895 -11.1707 -8.3989 -53.7966 1.0529 2.6908 3.8039 0.0000 -0.0001 0.0001 0.0000 0.0000 0.0000 0.0000 -0.0006 0.0003 0.0000 -0.0001 0.0001 0.0000 0.0000 0.0000 0.0000 0.0000 0.0000 0.0000 0.0007 0.0001 0.0000 -0.0012 0.0001 0.0000 -0.0008 0.0003 0.0000 0.0001 0.0000 0.0000 0.0000 0.0000 0.0000 -0.0008 0.0000 0.0000 0.0002 -29.9996 -0.0001 -0.0003 29.9996 0.0000 0.0000 0.0000 3.3550 0.1590 174.9935 -0.2515 -13.4342 0.1123 -11.0386 72.7081 -7.0342 0.0000 25.0615 0.0000 3.3820 -4.3135 174.1385 -0.2296 -19.7466 -0.0429 31.1272 69.9309 25.9226 0.0000 25.3680 -0.0001 
-2.8701 91.4765 4.4122 -1.2556 -5.7470 1.6497 1.6331 2.1312 -1.0625 1.6342 2.1326 -1.0632 1.6380 2.1377 -1.0656 32.7699 61.7115 -57.5664 -5.8054 24.5735 52.5147 0.2154 -7.5208 -5.8888 0.3594 8.2604 -4.7074 0.0000 0.0000 0.0001 0.0000 0.0000 0.0000 0.0000 -0.0013 -0.0008 0.0000 -0.0004 0.0001 0.0000 0.0000 0.0000 0.0000 0.0000 0.0000 0.0000 0.0002 0.0000 0.0000 -0.0006 0.0003 0.0000 0.0004 -0.0006 0.0000 0.0000 0.0001 0.0000 0.0000 0.0000 0.0000 -0.0010 -0.0002 0.0000 0.0002 30.0001 -0.0001 0.0005 -29.9998 0.0000 0.0000 0.0000 4.1160 1.9594 3.1593 4.1160 1.9594 3.1593 -69.3081 61.8640 36.8770 -47.2507 50.8312 -123.9686 -11.7533 -7.3717 -55.1338 1.1241 2.6779 3.7821 0.0000 -0.0001 0.0001 0.0000 0.0000 0.0000 0.0000 -0.0006 0.0003 0.0000 -0.0001 0.0001 0.0000 0.0000 0.0000 0.0000 0.0000 0.0000 0.0000 0.0007 0.0001 0.0000 -0.0012 0.0001 0.0000 -0.0008 0.0003 0.0000 0.0001 0.0000 0.0000 0.0000 0.0000 0.0000 -0.0009 0.0000 0.0000 0.0002 -29.9996 -0.0001 -0.0003 29.9996 0.0000 0.0000 0.0000 3.4205 0.3275 174.8153 -0.2518 -13.4535 0.1124 -10.8353 72.7022 -6.8274 0.0000 25.0610 0.0000 3.9445 -4.2607 173.9505 -0.2289 -20.1115 -0.0423 32.1010 69.9766 26.4882 0.0000 25.4236 -0.0001 
-2.8407 91.4582 4.4150 -1.3308 -5.9019 1.7926 1.5686 2.1383 -1.0542 1.5696 2.1397 -1.0548 1.5733 2.1448 -1.0572 32.8310 61.7338 -57.5975 -5.8152 24.4726 52.1842 0.3045 -7.5486 -5.9180 0.3633 8.3036 -4.6609 0.0000 0.0000 0.0001 0.0000 0.0000 0.0000 0.0000 -0.0013 -0.0008 0.0000 -0.0004 0.0001 0.0000 0.0000 0.0000 0.0000 0.0000 0.0000 0.0000 0.0002 0.0000 0.0000 -0.0006 0.0003 0.0000 0.0004 -0.0006 0.0000 0.0000 0.0001 0.0000 0.0000 0.0000 0.0000 -0.0010 -0.0002 0.0000 0.0002 30.0001 -0.0001 0.0005 -29.9998 0.0000 0.0000 0.0000 4.2903 2.0359 3.0286 4.2903 2.0359 3.0286 -69.1977 61.6673 37.1935 -46.8996 50.6033 -123.0973 -12.0896 -6.3325 -56.8139 1.1959 2.6513 3.7954 0.0000 -0.0001 0.0001 0.0000 0.0000 0.0000 0.0000 -0.0006 0.0003 0.0000 -0.0001 0.0001 0.0000 0.0000 0.0000 0.0000 0.0000 0.0000 0.0000 0.0007 0.0001 0.0000 -0.0012 0.0001 0.0000 -0.0008 0.0003 0.0000 0.0001 0.0000 0.0000 0.0000 0.0000 0.0000 -0.0009 0.0000 0.0000 0.0002 -29.9996 -0.0001 -0.0003 29.9996 0.0000 0.0000 0.0000 3.4758 0.4763 174.6593 -0.2514 -13.4870 0.1124 -10.6759 72.6972 -6.6089 0.0000 25.0603 0.0000 4.4349 -4.1895 173.7870 -0.2298 -20.4146 -0.0415 32.9130 70.0090 26.9857 0.0000 25.4677 -0.0001 
-2.8154 91.4449 4.4249 -1.4323 -6.0565 1.9171 1.5032 2.1455 -1.0335 1.5041 2.1469 -1.0341 1.5076 2.1521 -1.0365 32.9012 61.7557 -57.6460 -5.8318 24.3878 51.8346 0.3719 -7.5733 -5.9490 0.3672 8.3462 -4.6174 0.0000 0.0000 0.0001 0.0000 0.0000 0.0000 0.0000 -0.0013 -0.0008 0.0000 -0.0004 0.0001 0.0000 0.0000 0.0000 0.0000 0.0000 0.0000 0.0000 0.0002 0.0000 0.0000 -0.0006 0.0003 0.0000 0.0004 -0.0006 0.0000 0.0000 0.0001 0.0000 0.0000 0.0000 0.0000 -0.0010 -0.0002 0.0000 0.0002 30.0001 -0.0001 0.0005 -29.9998 0.0000 0.0000 0.0000 4.4709 2.1116 2.8687 4.4709 2.1116 2.8687 -69.0754 61.4638 37.5308 -46.4923 50.4291 -122.1974 -12.2847 -5.3223 -58.6742 1.2648 2.6133 3.8363 0.0000 -0.0001 0.0001 0.0000 0.0000 0.0000 0.0000 -0.0006 0.0003 0.0000 -0.0001 0.0001 0.0000 0.0000 0.0000 0.0000 0.0000 0.0000 0.0000 0.0007 0.0001 0.0000 -0.0011 0.0001 0.0000 -0.0008 0.0003 0.0000 0.0001 0.0000 0.0000 0.0000 0.0000 0.0000 -0.0008 0.0000 0.0000 0.0002 -29.9996 -0.0001 -0.0003 29.9996 0.0000 0.0000 0.0000 3.5234 0.6397 174.5235 -0.2513 -13.4973 0.1124 -10.5508 72.6841 -6.3958 0.0000 25.0596 0.0000 4.8607 -4.0975 173.6461 -0.2340 -20.6737 -0.0402 33.6075 70.0349 27.4463 0.0000 25.4932 -0.0001 
-2.7981 91.4352 4.4475 -1.5523 -6.2109 2.0305 1.4347 2.1531 -1.0050 1.4355 2.1545 -1.0056 1.4389 2.1597 -1.0080 32.9820 61.7743 -57.7036 -5.8503 24.3112 51.4626 0.4366 -7.5963 -5.9743 0.3707 8.3901 -4.5733 0.0000 0.0000 0.0001 0.0000 0.0000 0.0000 0.0000 -0.0013 -0.0008 0.0000 -0.0004 0.0001 0.0000 0.0000 0.0000 0.0000 0.0000 0.0000 0.0000 0.0002 0.0000 0.0000 -0.0006 0.0003 0.0000 0.0004 -0.0006 0.0000 0.0000 0.0001 0.0000 0.0000 0.0000 0.0000 -0.0010 -0.0002 0.0000 0.0002 30.0001 -0.0001 0.0005 -29.9998 0.0000 0.0000 0.0000 4.6605 2.1880 2.6874 4.6605 2.1880 2.6874 -68.9392 61.2689 37.8806 -46.0651 50.3408 -121.3000 -12.4133 -4.2948 -60.6445 1.3313 2.5637 3.9012 0.0000 -0.0001 0.0001 0.0000 0.0000 0.0000 0.0000 -0.0006 0.0003 0.0000 -0.0001 0.0001 0.0000 0.0000 0.0000 0.0000 0.0000 0.0000 0.0000 0.0007 0.0001 0.0000 -0.0012 0.0001 0.0000 -0.0008 0.0003 0.0000 0.0001 0.0000 0.0000 0.0000 0.0000 0.0000 -0.0009 0.0000 0.0000 0.0002 -29.9996 -0.0001 -0.0003 29.9996 0.0000 0.0000 0.0000 3.5664 0.8284 174.4042 -0.2507 -13.4733 0.1123 -10.4659 72.6636 -6.2092 0.0000 25.0589 0.0000 5.2136 -3.9813 173.5220 -0.2395 -20.8919 -0.0387 34.1886 70.0657 27.8734 0.0000 25.5135 -0.0001 
-2.7976 91.4301 4.4883 -1.6908 -6.3608 2.1291 1.3609 2.1591 -0.9701 1.3616 2.1604 -0.9706 1.3649 2.1657 -0.9729 33.0790 61.7848 -57.7577 -5.8653 24.2289 51.0605 0.5008 -7.6116 -5.9980 0.3739 8.4372 -4.5255 0.0000 0.0000 0.0001 0.0000 0.0000 0.0000 0.0000 -0.0013 -0.0008 0.0000 -0.0004 0.0001 0.0000 0.0000 0.0000 0.0000 0.0000 0.0000 0.0000 0.0002 0.0000 0.0000 -0.0006 0.0003 0.0000 0.0004 -0.0006 0.0000 0.0000 0.0001 0.0000 0.0000 0.0000 0.0000 -0.0010 -0.0002 0.0000 0.0002 30.0001 -0.0001 0.0005 -29.9998 0.0000 0.0000 0.0000 4.8651 2.2658 2.4916 4.8651 2.2658 2.4916 -68.7939 61.1029 38.2419 -45.5265 50.4132 -120.3299 -12.5010 -3.2917 -62.7867 1.3977 2.5063 3.9981 0.0000 -0.0001 0.0001 0.0000 0.0000 0.0000 0.0000 -0.0006 0.0003 0.0000 -0.0001 0.0001 0.0000 0.0000 0.0000 0.0000 0.0000 0.0000 0.0000 0.0007 0.0001 0.0000 -0.0012 0.0001 0.0000 -0.0008 0.0003 0.0000 0.0002 0.0000 0.0000 0.0000 0.0000 0.0000 -0.0008 0.0000 0.0000 0.0002 -29.9996 -0.0001 -0.0003 29.9996 0.0000 0.0000 0.0000 3.6139 1.0497 174.3142 -0.2492 -13.4030 0.1119 -10.4498 72.6351 -6.0965 0.0000 25.0583 0.0000 5.4431 -3.8355 173.4208 -0.2442 -21.0448 -0.0375 34.5728 70.1112 28.2211 0.0000 25.5305 -0.0001 
-2.8096 91.4280 4.5297 -1.8372 -6.5027 2.2078 1.2839 2.1611 -0.9292 1.2846 2.1624 -0.9297 1.2878 2.1677 -0.9319 33.1647 61.7926 -57.8200 -5.8736 24.1306 50.6438 0.5446 -7.6197 -6.0250 0.3771 8.4841 -4.4783 0.0000 0.0000 0.0001 0.0000 0.0000 0.0000 0.0000 -0.0013 -0.0008 0.0000 -0.0004 0.0001 0.0000 0.0000 0.0000 0.0000 0.0000 0.0000 0.0000 0.0002 0.0000 0.0000 -0.0006 0.0003 0.0000 0.0004 -0.0006 0.0000 0.0000 0.0001 0.0000 0.0000 0.0000 0.0000 -0.0010 -0.0002 0.0000 0.0002 30.0001 -0.0001 0.0005 -29.9998 0.0000 0.0000 0.0000 5.0790 2.3462 2.2996 5.0790 2.3462 2.2996 -68.6654 60.9712 38.5881 -44.8493 50.5885 -119.3175 -12.5758 -2.4781 -64.9921 1.4618 2.4537 4.1161 0.0000 -0.0001 0.0001 0.0000 0.0000 0.0000 0.0000 -0.0006 0.0003 0.0000 -0.0001 0.0001 0.0000 0.0000 0.0000 0.0000 0.0000 0.0000 0.0000 0.0007 0.0001 0.0000 -0.0012 0.0001 0.0000 -0.0008 0.0003 0.0000 0.0001 0.0000 0.0000 0.0000 0.0000 0.0000 -0.0008 0.0000 0.0000 0.0002 -29.9996 -0.0001 -0.0003 29.9996 0.0000 0.0000 0.0000 3.6686 1.2724 174.2566 -0.2460 -13.3181 0.1114 -10.4954 72.6034 -6.0602 0.0000 25.0580 0.0000 5.5824 -3.6845 173.3447 -0.2483 -21.1395 -0.0365 34.7900 70.1558 28.4738 0.0000 25.5364 -0.0001 
-2.8235 91.4284 4.5641 -1.9894 -6.6383 2.2652 1.2065 2.1589 -0.8815 1.2071 2.1601 -0.8820 1.2100 2.1655 -0.8841 33.2240 61.8001 -57.8994 -5.8705 24.0244 50.2171 0.5633 -7.6282 -6.0475 0.3800 8.5288 -4.4344 0.0000 0.0000 0.0001 0.0000 0.0000 0.0000 0.0000 -0.0013 -0.0008 0.0000 -0.0004 0.0001 0.0000 0.0000 0.0000 0.0000 0.0000 0.0000 0.0000 0.0002 0.0000 0.0000 -0.0006 0.0003 0.0000 0.0004 -0.0006 0.0000 0.0000 0.0001 0.0000 0.0000 0.0000 0.0000 -0.0010 -0.0002 0.0000 0.0002 30.0001 -0.0001 0.0005 -29.9998 0.0000 0.0000 0.0000 5.2967 2.4314 2.1122 5.2967 2.4314 2.1122 -68.5678 60.8622 38.8857 -44.0003 50.8507 -118.2249 -12.6182 -1.8223 -67.1960 1.5255 2.4090 4.2503 0.0000 -0.0001 0.0001 0.0000 0.0000 0.0000 0.0000 -0.0006 0.0003 0.0000 -0.0001 0.0001 0.0000 0.0000 0.0000 0.0000 0.0000 0.0000 0.0000 0.0007 0.0001 0.0000 -0.0012 0.0001 0.0000 -0.0008 0.0003 0.0000 0.0001 0.0000 0.0000 0.0000 0.0000 0.0000 -0.0008 0.0000 0.0000 0.0002 -29.9996 -0.0001 -0.0003 29.9996 0.0000 0.0000 0.0000 3.7238 1.4834 174.2246 -0.2422 -13.2352 0.1108 -10.5897 72.5719 -6.0781 0.0000 25.0578 0.0000 5.6549 -3.5301 173.2919 -0.2528 -21.1816 -0.0356 34.8729 70.1907 28.6453 0.0000 25.5371 -0.0001 
-2.8283 91.4365 4.5878 -2.1436 -6.7655 2.2901 1.1319 2.1483 -0.8266 1.1324 2.1495 -0.8270 1.1352 2.1548 -0.8290 33.2563 61.8115 -57.9797 -5.8432 23.9098 49.7795 0.5678 -7.6435 -6.0568 0.3823 8.5722 -4.3915 0.0000 0.0000 0.0001 0.0000 0.0000 0.0000 0.0000 -0.0013 -0.0008 0.0000 -0.0004 0.0001 0.0000 0.0000 0.0000 0.0000 0.0000 0.0000 0.0000 0.0002 0.0000 0.0000 -0.0006 0.0003 0.0000 0.0004 -0.0006 0.0000 0.0000 0.0001 0.0000 0.0000 0.0000 0.0000 -0.0010 -0.0002 0.0000 0.0002 30.0001 -0.0001 0.0005 -29.9998 0.0000 0.0000 0.0000 5.5112 2.5258 1.9398 5.5112 2.5258 1.9398 -68.5544 60.7782 39.1500 -42.9166 51.1421 -117.0719 -12.5557 -1.1992 -69.2798 1.5908 2.3698 4.3994 0.0000 -0.0001 0.0001 0.0000 0.0000 0.0000 0.0000 -0.0006 0.0003 0.0000 -0.0001 0.0001 0.0000 0.0000 0.0000 0.0000 0.0000 0.0000 0.0000 0.0007 0.0001 0.0000 -0.0011 0.0001 0.0000 -0.0008 0.0003 0.0000 0.0002 0.0000 0.0000 0.0000 0.0000 0.0000 -0.0008 0.0000 0.0000 0.0002 -29.9996 -0.0001 -0.0003 29.9996 0.0000 0.0000 0.0000 3.7685 1.6705 174.2199 -0.2385 -13.1648 0.1102 -10.7243 72.5452 -6.1325 0.0000 25.0578 0.0000 5.6273 -3.3639 173.2690 -0.2575 -21.1477 -0.0348 34.7826 70.2128 28.7232 0.0000 25.4996 -0.0001 
-2.8229 91.4488 4.6116 -2.2915 -6.8844 2.2919 1.0611 2.1282 -0.7696 1.0616 2.1293 -0.7700 1.0643 2.1347 -0.7718 33.2667 61.8215 -58.0386 -5.7769 23.7666 49.3361 0.5880 -7.6607 -6.0702 0.3850 8.6178 -4.3416 0.0000 0.0000 0.0001 0.0000 0.0000 0.0000 0.0000 -0.0013 -0.0008 0.0000 -0.0004 0.0001 0.0000 0.0000 0.0000 0.0000 0.0000 0.0000 0.0000 0.0002 0.0000 0.0000 -0.0006 0.0003 0.0000 0.0004 -0.0006 0.0000 0.0000 0.0001 0.0000 0.0000 0.0000 0.0000 -0.0010 -0.0002 0.0000 0.0002 30.0001 -0.0001 0.0005 -29.9998 0.0000 0.0000 0.0000 5.7164 2.6289 1.7836 5.7164 2.6289 1.7836 -68.6105 60.6945 39.4235 -41.5939 51.3147 -115.8475 -12.2457 -0.4178 -71.2219 1.6587 2.3226 4.5645 0.0000 -0.0001 0.0001 0.0000 0.0000 0.0000 0.0000 -0.0006 0.0003 0.0000 -0.0001 0.0001 0.0000 0.0000 0.0000 0.0000 0.0000 0.0000 0.0000 0.0007 0.0001 0.0000 -0.0012 0.0001 0.0000 -0.0008 0.0003 0.0000 0.0002 0.0000 0.0000 0.0000 0.0000 0.0000 -0.0009 0.0000 0.0000 0.0002 -29.9996 -0.0001 -0.0003 29.9996 0.0000 0.0000 0.0000 3.7866 1.8488 174.2272 -0.2350 -13.0873 0.1096 -10.8682 72.5164 -6.1776 0.0000 25.0579 0.0000 5.5174 -3.1847 173.2668 -0.2625 -21.0537 -0.0341 34.5525 70.2228 28.7228 0.0000 25.4682 -0.0001 
-2.8144 91.4645 4.6379 -2.4344 -6.9933 2.2741 0.9950 2.1032 -0.7095 0.9955 2.1042 -0.7098 0.9980 2.1096 -0.7115 33.2409 61.8217 -58.0957 -5.6790 23.6026 48.8951 0.6277 -7.6781 -6.0958 0.3887 8.6644 -4.2869 0.0000 0.0000 0.0001 0.0000 0.0000 0.0000 0.0000 -0.0013 -0.0008 0.0000 -0.0004 0.0001 0.0000 0.0000 0.0000 0.0000 0.0000 0.0000 0.0000 0.0002 0.0000 0.0000 -0.0006 0.0003 0.0000 0.0004 -0.0006 0.0000 0.0000 0.0001 0.0000 0.0000 0.0000 0.0000 -0.0010 -0.0002 0.0000 0.0002 30.0001 -0.0001 0.0005 -29.9998 0.0000 0.0000 0.0000 5.9099 2.7352 1.6384 5.9099 2.7352 1.6384 -68.7115 60.6034 39.7039 -40.0718 51.3655 -114.5669 -11.7128 0.5246 -73.0477 1.7284 2.2632 4.7451 0.0000 0.0000 0.0001 0.0000 0.0000 0.0000 0.0000 -0.0006 0.0003 0.0000 -0.0001 0.0001 0.0000 0.0000 0.0000 0.0000 0.0000 0.0000 0.0000 0.0007 0.0001 0.0000 -0.0012 0.0001 0.0000 -0.0008 0.0003 0.0000 0.0002 0.0000 0.0000 0.0000 0.0000 0.0000 -0.0008 0.0000 0.0000 0.0002 -29.9997 -0.0001 -0.0003 29.9996 0.0000 0.0000 0.0000 3.7771 2.0270 174.2464 -0.2307 -12.9858 0.1089 -11.0171 72.4784 -6.2049 0.0000 25.0578 0.0000 5.3551 -3.0024 173.2881 -0.2674 -20.9135 -0.0335 34.2057 70.2205 28.6413 0.0000 25.4486 -0.0001 
-2.8163 91.4828 4.6663 -2.5782 -7.0833 2.2351 0.9342 2.0733 -0.6436 0.9346 2.0743 -0.6438 0.9369 2.0796 -0.6455 33.1662 61.8161 -58.1653 -5.5700 23.4258 48.4485 0.6793 -7.6907 -6.1287 0.3928 8.7097 -4.2320 0.0000 0.0000 0.0001 0.0000 0.0000 0.0000 0.0000 -0.0013 -0.0008 0.0000 -0.0004 0.0001 0.0000 0.0000 0.0000 0.0000 0.0000 0.0000 0.0000 0.0002 0.0000 0.0000 -0.0006 0.0003 0.0000 0.0004 -0.0006 0.0000 0.0000 0.0001 0.0000 0.0000 0.0000 0.0000 -0.0010 -0.0002 0.0000 0.0002 30.0001 -0.0001 0.0005 -29.9998 0.0000 0.0000 0.0000 6.0883 2.8479 1.5045 6.0883 2.8479 1.5045 -68.8277 60.4951 39.9958 -38.4259 51.3077 -113.3085 -10.9528 1.5919 -74.7121 1.7944 2.1872 4.9400 0.0000 0.0000 0.0001 0.0000 0.0000 0.0000 0.0000 -0.0006 0.0003 0.0000 -0.0001 0.0001 0.0000 0.0000 0.0000 0.0000 0.0000 0.0000 0.0000 0.0007 0.0001 0.0000 -0.0012 0.0001 0.0000 -0.0008 0.0003 0.0000 0.0002 0.0000 0.0000 0.0000 0.0000 0.0000 -0.0008 0.0000 0.0000 0.0002 -29.9996 -0.0001 -0.0003 29.9996 0.0000 0.0000 0.0000 3.7306 2.2100 174.2851 -0.2242 -12.8307 0.1079 -11.1922 72.4187 -6.2196 0.0000 25.0578 0.0000 5.1613 -2.8248 173.3523 -0.2689 -20.7069 -0.0337 33.6970 70.1975 28.4151 0.0000 25.4731 -0.0001 
-2.8334 91.5060 4.6944 -2.7325 -7.1533 2.1876 0.8802 2.0384 -0.5776 0.8805 2.0392 -0.5778 0.8828 2.0445 -0.5793 33.0765 61.8080 -58.2225 -5.4615 23.2511 47.9925 0.7146 -7.6984 -6.1570 0.3964 8.7516 -4.1814 0.0000 0.0000 0.0001 0.0000 0.0000 0.0000 0.0000 -0.0013 -0.0008 0.0000 -0.0004 0.0001 0.0000 0.0000 0.0000 0.0000 0.0000 0.0000 0.0000 0.0003 0.0000 0.0000 -0.0006 0.0003 0.0000 0.0004 -0.0006 0.0000 0.0000 0.0001 0.0000 0.0000 0.0000 0.0000 -0.0010 -0.0002 0.0000 0.0003 30.0001 -0.0001 0.0005 -29.9998 0.0000 0.0000 0.0000 6.2533 2.9671 1.3861 6.2533 2.9671 1.3861 -68.9624 60.3955 40.2968 -36.8800 51.2623 -112.2283 -10.2009 2.6242 -76.2337 1.8540 2.1037 5.1400 0.0000 -0.0001 0.0001 0.0000 0.0000 0.0000 0.0000 -0.0006 0.0003 0.0000 0.0000 0.0001 0.0000 0.0000 0.0000 0.0000 0.0000 0.0000 0.0000 0.0007 0.0001 0.0000 -0.0012 0.0001 0.0000 -0.0008 0.0003 0.0000 0.0001 0.0000 0.0000 0.0000 0.0000 0.0000 -0.0009 0.0000 0.0000 0.0002 -29.9996 -0.0001 -0.0003 29.9996 0.0000 0.0000 0.0000 3.6788 2.3949 174.3395 -0.2168 -12.6311 0.1067 -11.3885 72.3436 -6.2418 0.0000 25.0576 0.0000 4.9715 -2.6514 173.4462 -0.2681 -20.4517 -0.0345 33.0958 70.1661 28.0879 0.0000 25.4975 -0.0001 
-2.8648 91.5330 4.7222 -2.8998 -7.2018 2.1353 0.8348 1.9970 -0.5143 0.8351 1.9979 -0.5145 0.8372 2.0031 -0.5158 32.9866 61.7980 -58.2543 -5.3511 23.0778 47.5359 0.7420 -7.7008 -6.1867 0.3999 8.7912 -4.1327 0.0000 0.0000 0.0001 0.0000 0.0000 0.0000 0.0000 -0.0013 -0.0008 0.0000 -0.0004 0.0001 0.0000 0.0000 0.0000 0.0000 0.0000 0.0000 0.0000 0.0002 0.0000 0.0000 -0.0006 0.0003 0.0000 0.0004 -0.0006 0.0000 0.0000 0.0001 0.0000 0.0000 0.0000 0.0000 -0.0010 -0.0002 0.0000 0.0002 30.0001 -0.0001 0.0005 -29.9998 0.0000 0.0000 0.0000 6.4040 3.0911 1.2852 6.4040 3.0911 1.2852 -69.1178 60.3167 40.6015 -35.4771 51.2779 -111.3498 -9.5014 3.5631 -77.6422 1.9057 2.0153 5.3454 0.0000 -0.0001 0.0001 0.0000 0.0000 0.0000 0.0000 -0.0006 0.0003 0.0000 -0.0001 0.0001 0.0000 0.0000 0.0000 0.0000 0.0000 0.0000 0.0000 0.0007 0.0001 0.0000 -0.0011 0.0001 0.0000 -0.0008 0.0003 0.0000 0.0001 0.0000 0.0000 0.0000 0.0000 0.0000 -0.0008 0.0000 0.0000 0.0002 -29.9996 -0.0001 -0.0003 29.9996 0.0000 0.0000 0.0000 3.6394 2.5812 174.4088 -0.2085 -12.3896 0.1053 -11.5977 72.2549 -6.2801 0.0000 25.0574 0.0000 4.7873 -2.4894 173.5593 -0.2670 -20.1625 -0.0354 32.4268 70.1307 27.6839 0.0000 25.5103 -0.0001 
-2.9100 91.5647 4.7426 -3.0898 -7.2163 2.0755 0.8026 1.9493 -0.4520 0.8029 1.9501 -0.4522 0.8050 1.9553 -0.4533 32.8930 61.7808 -58.2665 -5.2476 22.9068 47.0838 0.7490 -7.6932 -6.2140 0.4027 8.8268 -4.0895 0.0000 0.0000 0.0001 0.0000 0.0000 0.0000 0.0000 -0.0013 -0.0008 0.0000 -0.0004 0.0001 0.0000 0.0000 0.0000 0.0000 0.0000 0.0000 0.0000 0.0003 0.0000 0.0000 -0.0006 0.0003 0.0000 0.0004 -0.0006 0.0000 0.0000 0.0001 0.0000 0.0000 0.0000 0.0000 -0.0010 -0.0002 0.0000 0.0003 30.0001 -0.0001 0.0005 -29.9998 0.0000 0.0000 0.0000 6.5346 3.2122 1.2040 6.5346 3.2122 1.2040 -69.2660 60.2589 40.8919 -34.3171 51.4560 -110.7501 -8.9405 4.1169 -78.9139 1.9429 1.9431 5.5483 0.0000 -0.0001 0.0001 0.0000 0.0000 0.0000 0.0000 -0.0006 0.0003 0.0000 -0.0001 0.0001 0.0000 0.0000 0.0000 0.0000 0.0000 0.0000 0.0000 0.0007 0.0001 0.0000 -0.0011 0.0001 0.0000 -0.0008 0.0003 0.0000 0.0001 0.0000 0.0000 0.0000 0.0000 0.0000 -0.0008 0.0000 0.0000 0.0002 -29.9996 -0.0001 -0.0003 29.9996 0.0000 0.0000 0.0000 3.6309 2.7624 174.4980 -0.1998 -12.0903 0.1038 -11.8148 72.1449 -6.3405 0.0000 25.0574 0.0000 4.6171 -2.3584 173.6913 -0.2666 -19.8438 -0.0362 31.6823 70.0925 27.1920 0.0000 25.4815 -0.0001 
-2.9583 91.5973 4.7544 -3.2900 -7.2083 2.0096 0.7725 1.8987 -0.3872 0.7728 1.8994 -0.3873 0.7748 1.9045 -0.3883 32.7979 61.7715 -58.2887 -5.1597 22.7345 46.6358 0.7179 -7.6799 -6.2279 0.4043 8.8585 -4.0538 0.0000 0.0000 0.0001 0.0000 0.0000 0.0000 0.0000 -0.0013 -0.0008 0.0000 -0.0004 0.0001 0.0000 0.0000 0.0000 0.0000 0.0000 0.0000 0.0000 0.0002 -0.0001 0.0000 -0.0006 0.0003 0.0000 0.0004 -0.0006 0.0000 0.0000 0.0001 0.0000 0.0000 0.0000 0.0000 -0.0010 -0.0002 0.0000 0.0002 30.0001 -0.0001 0.0005 -29.9998 0.0000 0.0000 0.0000 6.6567 3.3298 1.1299 6.6567 3.3298 1.1299 -69.3760 60.2030 41.1828 -33.3833 51.7667 -110.3857 -8.4626 4.3274 -80.0549 1.9658 1.8876 5.7489 0.0000 -0.0001 0.0001 0.0000 0.0000 0.0000 0.0000 -0.0006 0.0003 0.0000 -0.0001 0.0001 0.0000 0.0000 0.0000 0.0000 0.0000 0.0000 0.0000 0.0007 0.0001 0.0000 -0.0012 0.0001 0.0000 -0.0008 0.0003 0.0000 0.0001 0.0000 0.0000 0.0000 0.0000 0.0000 -0.0008 0.0000 0.0000 0.0002 -29.9997 -0.0001 -0.0003 29.9996 0.0000 0.0000 0.0000 3.6447 2.9428 174.5982 -0.1912 -11.7430 0.1024 -12.0154 72.0170 -6.3972 0.0000 25.0574 0.0000 4.4447 -2.2539 173.8293 -0.2661 -19.5153 -0.0371 30.8934 70.0535 26.6607 0.0000 25.4223 -0.0001 
-3.0055 91.6303 4.7575 -3.4942 -7.1899 1.9421 0.7417 1.8470 -0.3219 0.7420 1.8476 -0.3220 0.7439 1.8526 -0.3228 32.7023 61.7639 -58.3100 -5.0708 22.5566 46.1786 0.6514 -7.6663 -6.2270 0.4047 8.8880 -4.0227 0.0000 0.0000 0.0001 0.0000 0.0000 0.0000 0.0000 -0.0013 -0.0008 0.0000 -0.0004 0.0001 0.0000 0.0000 0.0000 0.0000 0.0000 0.0000 0.0000 0.0003 0.0000 0.0000 -0.0006 0.0003 0.0000 0.0004 -0.0006 0.0000 0.0000 0.0001 0.0000 0.0000 0.0000 0.0000 -0.0010 -0.0002 0.0000 0.0002 30.0001 -0.0001 0.0005 -29.9998 0.0000 0.0000 0.0000 6.7732 3.4464 1.0594 6.7732 3.4464 1.0594 -69.4587 60.1467 41.4796 -32.6493 52.1270 -110.2161 -7.9984 4.3890 -81.0646 1.9766 1.8363 5.9472 0.0000 -0.0001 0.0001 0.0000 0.0000 0.0000 0.0000 -0.0006 0.0003 0.0000 -0.0001 0.0001 0.0000 0.0000 0.0000 0.0000 0.0000 0.0000 0.0000 0.0007 0.0001 0.0000 -0.0012 0.0001 0.0000 -0.0008 0.0003 0.0000 0.0001 0.0000 0.0000 0.0000 0.0000 0.0000 -0.0008 0.0000 0.0000 0.0002 -29.9997 -0.0001 -0.0003 29.9996 0.0000 0.0000 0.0000 3.6712 3.1234 174.7003 -0.1829 -11.3670 0.1009 -12.1938 71.8785 -6.4384 0.0000 25.0573 0.0000 4.2585 -2.1594 173.9619 -0.2663 -19.1770 -0.0379 30.0767 70.0097 26.1194 0.0000 25.3448 -0.0001 
-3.0472 91.6611 4.7503 -3.6967 -7.1651 1.8779 0.7081 1.7960 -0.2596 0.7083 1.7965 -0.2596 0.7103 1.8014 -0.2603 32.6347 61.7598 -58.3022 -4.9714 22.3618 45.7121 0.5844 -7.6536 -6.2208 0.4049 8.9201 -3.9861 0.0000 0.0000 0.0001 0.0000 0.0000 0.0000 0.0000 -0.0013 -0.0008 0.0000 -0.0004 0.0001 0.0000 0.0000 0.0000 0.0000 0.0000 0.0000 0.0000 0.0002 0.0000 0.0000 -0.0006 0.0003 0.0000 0.0004 -0.0006 0.0000 0.0000 0.0001 0.0000 0.0000 0.0000 0.0000 -0.0010 -0.0002 0.0000 0.0002 30.0001 -0.0001 0.0005 -29.9998 0.0000 0.0000 0.0000 6.8837 3.5615 0.9919 6.8837 3.5615 0.9919 -69.4912 60.0842 41.8060 -32.1800 52.4635 -110.2741 -7.4984 4.5660 -81.9242 1.9725 1.7625 6.1424 0.0000 -0.0001 0.0001 0.0000 0.0000 0.0000 0.0000 -0.0006 0.0003 0.0000 -0.0001 0.0001 0.0000 0.0000 0.0000 0.0000 0.0000 0.0000 0.0000 0.0007 0.0001 0.0000 -0.0012 0.0001 0.0000 -0.0008 0.0003 0.0000 0.0001 0.0000 0.0000 0.0000 0.0000 0.0000 -0.0008 0.0000 0.0000 0.0002 -29.9996 -0.0001 -0.0003 29.9996 0.0000 0.0000 0.0000 3.7060 3.3041 174.7948 -0.1752 -10.9671 0.0995 -12.3399 71.7337 -6.4521 0.0000 25.0573 0.0000 4.0498 -2.0731 174.0759 -0.2680 -18.8292 -0.0384 29.2391 69.9489 25.5892 0.0000 25.2820 -0.0001 
-3.0865 91.6899 4.7342 -3.8959 -7.1398 1.8214 0.6705 1.7492 -0.2003 0.6707 1.7498 -0.2004 0.6725 1.7545 -0.2009 32.5825 61.7563 -58.2774 -4.8665 22.1501 45.2324 0.5452 -7.6360 -6.2276 0.4061 8.9564 -3.9409 0.0000 0.0000 0.0001 0.0000 0.0000 0.0000 0.0000 -0.0013 -0.0008 0.0000 -0.0004 0.0001 0.0000 0.0000 0.0000 0.0000 0.0000 0.0000 0.0000 0.0002 0.0000 0.0000 -0.0006 0.0003 0.0000 0.0004 -0.0006 0.0000 0.0000 0.0001 0.0000 0.0000 0.0000 0.0000 -0.0010 -0.0002 0.0000 0.0002 30.0001 -0.0001 0.0005 -29.9998 0.0000 0.0000 0.0000 6.9916 3.6700 0.9231 6.9916 3.6700 0.9231 -69.4653 60.0055 42.1648 -31.8744 52.7295 -110.4032 -6.9553 4.9339 -82.7363 1.9588 1.6636 6.3064 0.0000 -0.0001 0.0001 0.0000 0.0000 0.0000 0.0000 -0.0006 0.0003 0.0000 -0.0001 0.0001 0.0000 0.0000 0.0000 0.0000 0.0000 0.0000 0.0000 0.0007 0.0001 0.0000 -0.0012 0.0001 0.0000 -0.0008 0.0003 0.0000 0.0001 0.0000 0.0000 0.0000 0.0000 0.0000 -0.0009 0.0000 0.0000 0.0002 -29.9996 -0.0001 -0.0003 29.9996 0.0000 0.0000 0.0000 3.7344 3.4860 174.8772 -0.1675 -10.5515 0.0982 -12.4701 71.5812 -6.4416 0.0000 25.0573 0.0000 3.8390 -2.0000 174.1755 -0.2690 -18.4929 -0.0391 28.4065 69.8708 25.0815 0.0000 25.2437 -0.0001 
-3.1236 91.7160 4.7098 -4.0973 -7.1154 1.7727 0.6302 1.7078 -0.1432 0.6304 1.7083 -0.1432 0.6321 1.7130 -0.1436 32.5355 61.7544 -58.2480 -4.7618 21.9355 44.7372 0.5055 -7.6159 -6.2426 0.4080 8.9937 -3.8942 0.0000 0.0000 0.0001 0.0000 0.0000 0.0000 0.0000 -0.0013 -0.0008 0.0000 -0.0004 0.0001 0.0000 0.0000 0.0000 0.0000 0.0000 0.0000 0.0000 0.0003 -0.0001 0.0000 -0.0006 0.0003 0.0000 0.0004 -0.0006 0.0000 0.0000 0.0001 0.0000 0.0000 0.0000 0.0000 -0.0010 -0.0002 0.0000 0.0002 30.0001 -0.0001 0.0005 -29.9998 0.0000 0.0000 0.0000 7.0977 3.7703 0.8523 7.0977 3.7703 0.8523 -69.4012 59.9191 42.5312 -31.6899 52.9401 -110.5543 -6.4002 5.3941 -83.5543 1.9374 1.5503 6.4334 0.0000 -0.0001 0.0001 0.0000 0.0000 0.0000 0.0000 -0.0006 0.0003 0.0000 -0.0001 0.0001 0.0000 0.0000 0.0000 0.0000 0.0000 0.0000 0.0000 0.0007 0.0001 0.0000 -0.0012 0.0001 0.0000 -0.0008 0.0003 0.0000 0.0001 0.0000 0.0000 0.0000 0.0000 0.0000 -0.0008 0.0000 0.0000 0.0002 -29.9996 -0.0001 -0.0003 29.9996 0.0000 0.0000 0.0000 3.7622 3.6738 174.9495 -0.1598 -10.1158 0.0969 -12.5831 71.4171 -6.4065 0.0000 25.0572 0.0000 3.6451 -1.9424 174.2666 -0.2683 -18.1788 -0.0399 27.5975 69.7817 24.6010 0.0000 25.2279 -0.0001 
-3.1599 91.7397 4.6746 -4.3173 -7.0941 1.7342 0.5911 1.6742 -0.0879 0.5913 1.6746 -0.0879 0.5929 1.6792 -0.0881 32.4945 61.7574 -58.2165 -4.6682 21.7313 44.2140 0.4455 -7.5982 -6.2602 0.4100 9.0301 -3.8513 0.0000 0.0000 0.0001 0.0000 0.0000 0.0000 0.0000 -0.0013 -0.0008 0.0000 -0.0004 0.0001 0.0000 0.0000 0.0000 0.0000 0.0000 0.0000 0.0000 0.0002 0.0000 0.0000 -0.0006 0.0003 0.0000 0.0004 -0.0006 0.0000 0.0000 0.0001 0.0000 0.0000 0.0000 0.0000 -0.0010 -0.0002 0.0000 0.0002 30.0001 -0.0001 0.0005 -29.9998 0.0000 0.0000 0.0000 7.2003 3.8573 0.7792 7.2003 3.8573 0.7792 -69.3010 59.8475 42.8929 -31.6950 53.0831 -110.7830 -5.8699 5.7744 -84.4582 1.9091 1.4355 6.5532 0.0000 -0.0001 0.0001 0.0000 0.0000 0.0000 0.0000 -0.0006 0.0003 0.0000 -0.0001 0.0001 0.0000 0.0000 0.0000 0.0000 0.0000 0.0000 0.0000 0.0007 0.0001 0.0000 -0.0012 0.0001 0.0000 -0.0008 0.0003 0.0000 0.0001 0.0000 0.0000 0.0000 0.0000 0.0000 -0.0009 0.0000 0.0000 0.0002 -29.9996 -0.0001 -0.0003 29.9996 0.0000 0.0000 0.0000 3.8064 3.8720 175.0135 -0.1515 -9.6562 0.0955 -12.6827 71.2367 -6.3520 0.0000 25.0572 0.0000 3.5064 -1.9084 174.3513 -0.2665 -17.9126 -0.0408 26.8581 69.6887 24.1744 0.0000 25.2210 -0.0001 
-3.1951 91.7607 4.6305 -4.5659 -7.0728 1.7007 0.5574 1.6460 -0.0324 0.5576 1.6464 -0.0324 0.5591 1.6510 -0.0325 32.4634 61.7668 -58.1881 -4.5735 21.5290 43.6809 0.3970 -7.5829 -6.2838 0.4128 9.0685 -3.8051 0.0000 0.0000 0.0001 0.0000 0.0000 0.0000 0.0000 -0.0013 -0.0008 0.0000 -0.0004 0.0001 0.0000 0.0000 0.0000 0.0000 0.0000 0.0000 0.0000 0.0002 0.0000 0.0000 -0.0006 0.0003 0.0000 0.0004 -0.0006 0.0000 0.0000 0.0001 0.0000 0.0000 0.0000 0.0000 -0.0010 -0.0002 0.0000 0.0002 30.0001 -0.0001 0.0005 -29.9998 0.0000 0.0000 0.0000 7.3032 3.9280 0.7047 7.3032 3.9280 0.7047 -69.1946 59.7992 43.2421 -31.9129 53.2245 -111.1208 -5.4582 5.9214 -85.4703 1.8767 1.3391 6.6633 0.0000 -0.0001 0.0001 0.0000 0.0000 0.0000 0.0000 -0.0006 0.0003 0.0000 -0.0001 0.0001 0.0000 0.0000 0.0000 0.0000 0.0000 0.0000 0.0000 0.0007 0.0001 0.0000 -0.0012 0.0001 0.0000 -0.0008 0.0003 0.0000 0.0001 0.0000 0.0000 0.0000 0.0000 0.0000 -0.0008 0.0000 0.0000 0.0002 -29.9997 -0.0001 -0.0003 29.9996 0.0000 0.0000 0.0000 3.8775 4.0621 175.0757 -0.1433 -9.2070 0.0943 -12.7915 71.0567 -6.3018 0.0000 25.3510 0.0000 3.4338 -1.8909 174.4355 -0.2651 -17.6826 -0.0416 26.1929 69.5974 23.7933 0.0000 25.2160 -0.0001 
-3.2285 91.7798 4.5806 -4.8397 -7.0501 1.6671 0.5279 1.6224 0.0252 0.5280 1.6228 0.0252 0.5294 1.6274 0.0253 32.4464 61.7825 -58.1617 -4.4811 21.3306 43.1444 0.3722 -7.5609 -6.3251 0.4169 9.1094 -3.7540 0.0000 0.0000 0.0001 0.0000 0.0000 0.0000 0.0000 -0.0013 -0.0008 0.0000 -0.0004 0.0001 0.0000 0.0000 0.0000 0.0000 0.0000 0.0000 0.0000 0.0002 0.0000 0.0000 -0.0006 0.0003 0.0000 0.0004 -0.0006 0.0000 0.0000 0.0001 0.0000 0.0000 0.0000 0.0000 -0.0010 -0.0002 0.0000 0.0002 30.0001 -0.0001 0.0005 -29.9998 0.0000 0.0000 0.0000 7.4077 3.9817 0.6282 7.4077 3.9817 0.6282 -69.0871 59.7654 43.5805 -32.3323 53.3905 -111.5659 -5.2065 5.8368 -86.5823 1.8432 1.2665 6.7629 0.0000 -0.0001 0.0001 0.0000 0.0000 0.0000 0.0000 -0.0006 0.0003 0.0000 -0.0001 0.0001 0.0000 0.0000 0.0000 0.0000 0.0000 0.0000 0.0000 0.0007 0.0001 0.0000 -0.0011 0.0001 0.0000 -0.0008 0.0003 0.0000 0.0001 0.0000 0.0000 0.0000 0.0000 0.0000 -0.0009 0.0000 0.0000 0.0002 -29.9997 -0.0001 -0.0003 29.9996 0.0000 0.0000 0.0000 3.9762 4.2302 175.1400 -0.1357 -8.7964 0.0932 -12.9098 70.8915 -6.2606 0.0000 25.3510 0.0000 3.4134 -1.8853 174.5241 -0.2640 -17.4776 -0.0423 25.5788 69.5085 23.4391 0.0000 25.2084 -0.0001 
-3.2584 91.7952 4.5289 -5.1427 -7.0277 1.6278 0.5000 1.6070 0.0881 0.5001 1.6074 0.0881 0.5015 1.6119 0.0884 32.4587 61.8074 -58.1350 -4.4194 21.1566 42.5950 0.3404 -7.5324 -6.3796 0.4218 9.1497 -3.7065 0.0000 0.0000 0.0001 0.0000 0.0000 0.0000 0.0000 -0.0013 -0.0008 0.0000 -0.0004 0.0001 0.0000 0.0000 0.0000 0.0000 0.0000 0.0000 0.0000 0.0003 0.0000 0.0000 -0.0006 0.0003 0.0000 0.0004 -0.0006 0.0000 0.0000 0.0001 0.0000 0.0000 0.0000 0.0000 -0.0010 -0.0002 0.0000 0.0002 30.0001 -0.0001 0.0005 -29.9998 0.0000 0.0000 0.0000 7.5188 4.0089 0.5471 7.5188 4.0089 0.5471 -68.9752 59.7458 43.8973 -33.0116 53.5870 -112.1257 -5.2315 5.3787 -87.8303 1.8150 1.2408 6.8414 0.0000 -0.0001 0.0001 0.0000 0.0000 0.0000 0.0000 -0.0006 0.0003 0.0000 -0.0001 0.0001 0.0000 0.0000 0.0000 0.0000 0.0000 0.0000 0.0000 0.0007 0.0001 0.0000 -0.0012 0.0001 0.0000 -0.0008 0.0003 0.0000 0.0001 0.0000 0.0000 0.0000 0.0000 0.0000 -0.0008 0.0000 0.0000 0.0002 -29.9997 -0.0001 -0.0003 29.9996 0.0000 0.0000 0.0000 4.1182 4.3629 175.2126 -0.1298 -8.4612 0.0923 -13.0282 70.7588 -6.2290 0.0000 25.3510 0.0000 3.4450 -1.8862 174.6244 -0.2628 -17.2976 -0.0429 25.0065 69.4205 23.0974 0.0000 25.2287 -0.0001 
-3.2872 91.8108 4.4815 -5.4601 -7.0102 1.5761 0.4693 1.5986 0.1575 0.4694 1.5990 0.1575 0.4707 1.6034 0.1580 32.5049 61.8389 -58.1052 -4.3892 21.0097 42.0317 0.2768 -7.5096 -6.4174 0.4255 9.1873 -3.6673 0.0000 0.0000 0.0001 0.0000 0.0000 0.0000 0.0000 -0.0013 -0.0008 0.0000 -0.0004 0.0001 0.0000 0.0000 0.0000 0.0000 0.0000 0.0000 0.0000 0.0002 -0.0001 0.0000 -0.0006 0.0003 0.0000 0.0004 -0.0006 0.0000 0.0000 0.0001 0.0000 0.0000 0.0000 0.0000 -0.0010 -0.0002 0.0000 0.0002 30.0001 -0.0001 0.0005 -29.9998 0.0000 0.0000 0.0000 7.6397 4.0191 0.4601 7.6397 4.0191 0.4601 -68.8622 59.7414 44.1892 -33.8347 53.7657 -112.7148 -5.4646 4.6103 -89.1741 1.7964 1.2618 6.8991 0.0000 -0.0001 0.0001 0.0000 0.0000 0.0000 0.0000 -0.0006 0.0003 0.0000 -0.0001 0.0001 0.0000 0.0000 0.0000 0.0000 0.0000 0.0000 0.0000 0.0007 0.0001 0.0000 -0.0011 0.0001 0.0000 -0.0008 0.0003 0.0000 0.0001 0.0000 0.0000 0.0000 0.0000 0.0000 -0.0008 0.0000 0.0000 0.0002 -29.9997 -0.0001 -0.0003 29.9996 0.0000 0.0000 0.0000 4.2917 4.4820 175.3007 -0.1246 -8.1710 0.0916 -13.1315 70.6475 -6.1927 0.0000 25.3510 0.0000 3.5034 -1.8919 174.7409 -0.2613 -17.1432 -0.0435 24.4732 69.3340 22.7768 0.0000 25.2381 -0.0001 
-3.3173 91.8272 4.4368 -5.7843 -7.0012 1.5173 0.4344 1.5972 0.2300 0.4345 1.5976 0.2301 0.4357 1.6020 0.2307 32.5910 61.8765 -58.0637 -4.3762 20.8741 41.4652 0.2068 -7.4897 -6.4460 0.4286 9.2250 -3.6288 0.0000 0.0000 0.0001 0.0000 0.0000 0.0000 0.0000 -0.0013 -0.0008 0.0000 -0.0004 0.0001 0.0000 0.0000 0.0000 0.0000 0.0000 0.0000 0.0000 0.0002 -0.0001 0.0000 -0.0006 0.0003 0.0000 0.0004 -0.0006 0.0000 0.0000 0.0001 0.0000 0.0000 0.0000 0.0000 -0.0010 -0.0002 0.0000 0.0002 30.0001 -0.0001 0.0005 -29.9998 0.0000 0.0000 0.0000 7.7697 4.0188 0.3677 7.7697 4.0188 0.3677 -68.7461 59.7466 44.4639 -34.7503 53.9036 -113.2950 -5.8461 3.5785 -90.5965 1.7890 1.3259 6.9373 0.0000 -0.0001 0.0001 0.0000 0.0000 0.0000 0.0000 -0.0006 0.0003 0.0000 -0.0001 0.0001 0.0000 0.0000 0.0000 0.0000 0.0000 0.0000 0.0000 0.0007 0.0001 0.0000 -0.0012 0.0001 0.0000 -0.0008 0.0003 0.0000 0.0001 0.0000 0.0000 0.0000 0.0000 0.0000 -0.0009 0.0000 0.0000 0.0002 -29.9997 -0.0001 -0.0003 29.9996 0.0000 0.0000 0.0000 4.4865 4.5942 175.3993 -0.1195 -7.9156 0.0910 -13.2207 70.5519 -6.1506 0.0000 25.3510 0.0000 3.5837 -1.8982 174.8669 -0.2589 -17.0114 -0.0441 23.9848 69.2472 22.4830 0.0000 25.2340 -0.0001 
-3.3464 91.8435 4.3975 -6.1082 -7.0080 1.4573 0.3927 1.6050 0.3019 0.3928 1.6054 0.3020 0.3939 1.6098 0.3028 32.7519 61.9239 -57.9837 -4.3828 20.7490 40.9140 0.1556 -7.4649 -6.4899 0.4330 9.2651 -3.5847 0.0000 0.0000 0.0001 0.0000 0.0000 0.0000 0.0000 -0.0013 -0.0008 0.0000 -0.0004 0.0001 0.0000 0.0000 0.0000 0.0000 0.0000 0.0000 0.0000 0.0002 -0.0001 0.0000 -0.0006 0.0003 0.0000 0.0004 -0.0006 0.0000 0.0000 0.0001 0.0000 0.0000 0.0000 0.0000 -0.0010 -0.0002 0.0000 0.0002 30.0001 -0.0001 0.0005 -29.9998 0.0000 0.0000 0.0000 7.9089 4.0097 0.2694 7.9089 4.0097 0.2694 -68.6293 59.7574 44.7093 -35.7453 53.9616 -113.8032 -6.3863 2.1964 -92.1116 1.8000 1.4496 6.9461 0.0000 -0.0001 0.0001 0.0000 0.0000 0.0000 0.0000 -0.0006 0.0003 0.0000 -0.0001 0.0001 0.0000 0.0000 0.0000 0.0000 0.0000 0.0000 0.0000 0.0007 0.0001 0.0000 -0.0012 0.0001 0.0000 -0.0008 0.0003 0.0000 0.0001 0.0000 0.0000 0.0000 0.0000 0.0000 -0.0009 0.0000 0.0000 0.0002 -29.9996 -0.0001 -0.0003 29.9996 0.0000 0.0000 0.0000 4.7043 4.7140 175.5017 -0.1153 -7.6838 0.0905 -13.2778 70.4682 -6.0933 0.0000 25.3510 0.0000 3.6914 -1.9118 174.9872 -0.2570 -16.9269 -0.0446 23.6010 69.1559 22.2677 0.0000 25.2202 -0.0001 
-3.3713 91.8572 4.3632 -6.4204 -7.0299 1.4082 0.3438 1.6199 0.3676 0.3439 1.6203 0.3677 0.3449 1.6248 0.3688 32.9567 61.9755 -57.8753 -4.4016 20.6333 40.3747 0.1066 -7.4407 -6.5409 0.4380 9.3052 -3.5396 0.0000 0.0000 0.0001 0.0000 0.0000 0.0000 0.0000 -0.0013 -0.0008 0.0000 -0.0004 0.0001 0.0000 0.0000 0.0000 0.0000 0.0000 0.0000 0.0000 0.0002 0.0000 0.0000 -0.0006 0.0003 0.0000 0.0004 -0.0006 0.0000 0.0000 0.0001 0.0000 0.0000 0.0000 0.0000 -0.0010 -0.0002 0.0000 0.0002 30.0001 -0.0001 0.0005 -29.9998 0.0000 0.0000 0.0000 8.0508 3.9965 0.1707 8.0509 3.9965 0.1707 -68.5091 59.7705 44.9255 -36.7830 53.9396 -114.2233 -6.9441 0.5923 -93.6744 1.8232 1.6112 6.9344 0.0000 -0.0001 0.0001 0.0000 0.0000 0.0000 0.0000 -0.0006 0.0003 0.0000 -0.0001 0.0001 0.0000 0.0000 0.0000 0.0000 0.0000 0.0000 0.0000 0.0007 0.0001 0.0000 -0.0012 0.0001 0.0000 -0.0008 0.0003 0.0000 0.0001 0.0000 0.0000 0.0000 0.0000 0.0000 -0.0008 0.0000 0.0000 0.0002 -29.9996 -0.0001 -0.0003 29.9996 0.0000 0.0000 0.0000 4.9281 4.8479 175.5920 -0.1117 -7.4613 0.0900 -13.3128 70.3899 -6.0312 0.0000 25.3510 0.0000 3.8191 -1.9312 175.0847 -0.2563 -16.8871 -0.0448 23.3254 69.0568 22.1344 0.0000 25.2312 -0.0001 
-3.3883 91.8678 4.3325 -6.7272 -7.0602 1.3690 0.2904 1.6384 0.4286 0.2905 1.6389 0.4287 0.2913 1.6434 0.4299 33.1917 62.0335 -57.7568 -4.4293 20.5270 39.8491 0.0213 -7.4187 -6.5824 0.4423 9.3426 -3.5006 0.0000 0.0000 0.0001 0.0000 0.0000 0.0000 0.0000 -0.0013 -0.0008 0.0000 -0.0004 0.0001 0.0000 0.0000 0.0000 0.0000 0.0000 0.0000 0.0000 0.0002 0.0000 0.0000 -0.0006 0.0003 0.0000 0.0004 -0.0006 0.0000 0.0000 0.0001 0.0000 0.0000 0.0000 0.0000 -0.0010 -0.0002 0.0000 0.0002 30.0001 -0.0001 0.0005 -29.9998 0.0000 0.0000 0.0000 8.1947 3.9814 0.0722 8.1947 3.9814 0.0722 -68.3869 59.7920 45.1095 -37.8785 53.8498 -114.5946 -7.4718 -1.1211 -95.2426 1.8520 1.7922 6.9061 0.0000 -0.0001 0.0001 0.0000 0.0000 0.0000 0.0000 -0.0006 0.0003 0.0000 -0.0001 0.0001 0.0000 0.0000 0.0000 0.0000 0.0000 0.0000 0.0000 0.0007 0.0001 0.0000 -0.0011 0.0001 0.0000 -0.0008 0.0003 0.0000 0.0002 0.0000 0.0000 0.0000 0.0000 0.0000 -0.0009 0.0000 0.0000 0.0002 -29.9996 -0.0001 -0.0003 29.9996 0.0000 0.0000 0.0000 5.1561 4.9998 175.6691 -0.1082 -7.2251 0.0896 -13.3268 70.3064 -5.9572 0.0000 25.3510 0.0000 3.9788 -1.9686 175.1621 -0.2566 -16.8996 -0.0447 23.1672 68.9584 22.0908 0.0000 25.2475 -0.0001 
-3.3860 91.8738 4.2985 -7.0315 -7.1003 1.3490 0.2324 1.6604 0.4826 0.2325 1.6608 0.4827 0.2331 1.6654 0.4840 33.4581 62.1058 -57.6478 -4.4678 20.4322 39.3596 -0.0969 -7.3965 -6.6067 0.4451 9.3770 -3.4678 0.0000 0.0000 0.0001 0.0000 0.0000 0.0000 0.0000 -0.0013 -0.0008 0.0000 -0.0004 0.0001 0.0000 0.0000 0.0000 0.0000 0.0000 0.0000 0.0000 0.0002 0.0000 0.0000 -0.0006 0.0003 0.0000 0.0004 -0.0006 0.0000 0.0000 0.0001 0.0000 0.0000 0.0000 0.0000 -0.0010 -0.0002 0.0000 0.0002 30.0001 -0.0001 0.0005 -29.9998 0.0000 0.0000 0.0000 8.3417 3.9631 -0.0266 8.3417 3.9631 -0.0266 -68.2529 59.8286 45.2473 -39.1184 53.6963 -114.9726 -8.0021 -2.7804 -96.7384 1.8792 1.9687 6.8603 0.0000 -0.0001 0.0001 0.0000 0.0000 0.0000 0.0000 -0.0006 0.0003 0.0000 -0.0001 0.0001 0.0000 0.0000 0.0000 0.0000 0.0000 0.0000 0.0000 0.0007 0.0001 0.0000 -0.0012 0.0001 0.0000 -0.0008 0.0003 0.0000 0.0001 0.0000 0.0000 0.0000 0.0000 0.0000 -0.0009 0.0000 0.0000 0.0002 -29.9996 -0.0001 -0.0003 29.9996 0.0000 0.0000 0.0000 5.3823 5.1578 175.7171 -0.1057 -6.9941 0.0892 -13.3202 70.2239 -5.8630 0.0000 25.3510 0.0000 4.1988 -2.0362 175.2088 -0.2568 -16.9853 -0.0445 23.1586 68.8703 22.1517 0.0000 25.2511 -0.0001 
-3.3651 91.8752 4.2560 -7.3431 -7.1488 1.3485 0.1739 1.6856 0.5315 0.1740 1.6860 0.5316 0.1745 1.6907 0.5331 33.7414 62.1881 -57.5555 -4.5098 20.3512 38.9072 -0.2002 -7.3710 -6.6369 0.4483 9.4112 -3.4342 0.0000 0.0000 0.0001 0.0000 0.0000 0.0000 0.0000 -0.0013 -0.0008 0.0000 -0.0004 0.0001 0.0000 0.0000 0.0000 0.0000 0.0000 0.0000 0.0000 0.0002 0.0000 0.0000 -0.0006 0.0003 0.0000 0.0004 -0.0006 0.0000 0.0000 0.0001 0.0000 0.0000 0.0000 0.0000 -0.0010 -0.0002 0.0000 0.0002 30.0001 -0.0001 0.0005 -29.9998 0.0000 0.0000 0.0000 8.4921 3.9375 -0.1259 8.4921 3.9375 -0.1259 -68.0818 59.8669 45.3670 -40.6161 53.5675 -115.4683 -8.6511 -4.2685 -98.0881 1.8986 2.1227 6.7997 0.0000 -0.0001 0.0001 0.0000 0.0000 0.0000 0.0000 -0.0006 0.0003 0.0000 -0.0001 0.0001 0.0000 0.0000 0.0000 0.0000 0.0000 0.0000 0.0000 0.0007 0.0001 0.0000 -0.0012 0.0001 0.0000 -0.0008 0.0003 0.0000 0.0001 0.0000 0.0000 0.0000 0.0000 0.0000 -0.0009 0.0000 0.0000 0.0002 -29.9996 -0.0001 -0.0003 29.9996 0.0000 0.0000 0.0000 5.6084 5.2881 175.7356 -0.1053 -6.8259 0.0890 -13.3199 70.1662 -5.7691 0.0000 25.3510 0.0000 4.4770 -2.1226 175.2316 -0.2564 -17.1209 -0.0442 23.2349 68.7874 22.2536 0.0000 25.2735 -0.0001 
-3.3292 91.8711 4.2010 -7.6573 -7.2064 1.3620 0.1177 1.7150 0.5763 0.1177 1.7155 0.5764 0.1181 1.7202 0.5780 34.0253 62.2743 -57.4717 -4.5309 20.3187 38.5003 -0.2869 -7.3456 -6.6669 0.4501 9.4002 -3.4135 0.0000 0.0000 0.0001 0.0000 0.0000 0.0000 0.0000 -0.0013 -0.0008 0.0000 -0.0004 0.0001 0.0000 0.0000 0.0000 0.0000 0.0000 0.0000 0.0000 0.0002 0.0000 0.0000 -0.0006 0.0003 0.0000 0.0004 -0.0006 0.0000 0.0000 0.0001 0.0000 0.0000 0.0000 0.0000 -0.0010 -0.0002 0.0000 0.0003 30.0001 -0.0001 0.0005 -29.9998 0.0000 0.0000 0.0000 8.6414 3.9019 -0.2233 8.6414 3.9019 -0.2233 -67.8658 59.8971 45.4936 -42.3546 53.4890 -116.0623 -9.4626 -5.5505 -99.2889 1.9118 2.2509 6.7276 0.0000 -0.0001 0.0001 0.0000 0.0000 0.0000 0.0000 -0.0006 0.0003 0.0000 -0.0001 0.0001 0.0000 0.0000 0.0000 0.0000 0.0000 0.0000 0.0000 0.0007 0.0001 0.0000 -0.0012 0.0001 0.0000 -0.0008 0.0003 0.0000 0.0001 0.0000 0.0000 0.0000 0.0000 0.0000 -0.0008 0.0000 0.0000 0.0002 -29.9996 -0.0001 -0.0002 29.9996 0.0000 0.0000 0.0000 5.8305 5.3866 175.7311 -0.1067 -6.7224 0.0890 -13.3202 70.1294 -5.6696 0.0000 25.3510 0.0000 4.8035 -2.2226 175.2375 -0.2563 -17.2928 -0.0439 23.3664 68.7065 22.3684 0.0000 25.3228 -0.0001 
-3.2800 91.8620 4.1404 -7.9650 -7.2792 1.3898 0.0597 1.7523 0.6178 0.0598 1.7529 0.6180 0.0599 1.7577 0.6197 34.3117 62.3656 -57.3994 -4.5658 20.3026 38.1190 -0.4085 -7.3221 -6.6860 0.4506 9.3823 -3.4038 0.0000 0.0000 0.0001 0.0000 0.0000 0.0000 0.0000 -0.0013 -0.0008 0.0000 -0.0004 0.0001 0.0000 0.0000 0.0000 0.0000 0.0000 0.0000 0.0000 0.0002 0.0000 0.0000 -0.0006 0.0003 0.0000 0.0004 -0.0006 0.0000 0.0000 0.0001 0.0000 0.0000 0.0000 0.0000 -0.0010 -0.0002 0.0000 0.0002 30.0001 -0.0001 0.0005 -29.9998 0.0000 0.0000 0.0000 8.7928 3.8508 -0.3226 8.7928 3.8508 -0.3226 -67.5561 59.8989 45.6444 -44.3402 53.4763 -116.6885 -10.5061 -6.4719 -100.2968 1.9199 2.3366 6.6478 0.0000 -0.0001 0.0001 0.0000 0.0000 0.0000 0.0000 -0.0006 0.0003 0.0000 -0.0001 0.0001 0.0000 0.0000 0.0000 0.0000 0.0000 0.0000 0.0000 0.0007 0.0001 0.0000 -0.0011 0.0001 0.0000 -0.0008 0.0003 0.0000 0.0001 0.0000 0.0000 0.0000 0.0000 0.0000 -0.0008 0.0000 0.0000 0.0002 -29.9996 -0.0001 -0.0003 29.9996 0.0000 0.0000 0.0000 6.0305 5.4423 175.7019 -0.1098 -6.7236 0.0892 -13.3293 70.1296 -5.5628 0.0000 25.3510 0.0000 5.1971 -2.3231 175.2321 -0.2539 -17.5025 -0.0438 23.5625 68.6430 22.4822 0.0000 25.3808 -0.0001 
-3.2150 91.8486 4.0802 -8.2648 -7.3627 1.4191 0.0013 1.7952 0.6606 0.0013 1.7957 0.6608 0.0014 1.8006 0.6626 34.5941 62.4648 -57.3383 -4.6063 20.2900 37.7625 -0.5336 -7.3012 -6.6975 0.4506 9.3634 -3.3970 0.0000 0.0000 0.0001 0.0000 0.0000 0.0000 0.0000 -0.0013 -0.0008 0.0000 -0.0004 0.0001 0.0000 0.0000 0.0000 0.0000 0.0000 0.0000 0.0000 0.0002 0.0000 0.0000 -0.0006 0.0003 0.0000 0.0004 -0.0006 0.0000 0.0000 0.0001 0.0000 0.0000 0.0000 0.0000 -0.0010 -0.0002 0.0000 0.0002 30.0001 -0.0001 0.0005 -29.9998 0.0000 0.0000 0.0000 8.9441 3.7927 -0.4280 8.9441 3.7927 -0.4280 -67.1807 59.8781 45.8341 -46.4274 53.4265 -117.2726 -11.6302 -7.1976 -101.1675 1.9256 2.3995 6.5604 0.0000 -0.0001 0.0001 0.0000 0.0000 0.0000 0.0000 -0.0006 0.0003 0.0000 -0.0001 0.0001 0.0000 0.0000 0.0000 0.0000 0.0000 0.0000 0.0000 0.0007 0.0001 0.0000 -0.0011 0.0001 0.0000 -0.0008 0.0003 0.0000 0.0001 0.0000 0.0000 0.0000 0.0000 0.0000 -0.0009 0.0000 0.0000 0.0002 -29.9996 -0.0001 -0.0003 29.9996 0.0000 0.0000 0.0000 6.2142 5.4650 175.6593 -0.1151 -6.8062 0.0896 -13.3165 70.1585 -5.4208 0.0000 25.3511 0.0000 5.6362 -2.4132 175.2231 -0.2501 -17.7234 -0.0438 23.8090 68.5983 22.6023 0.0000 25.4197 -0.0001 
-3.1322 91.8317 4.0286 -8.5582 -7.4543 1.4439 -0.0573 1.8420 0.7067 -0.0573 1.8426 0.7069 -0.0574 1.8476 0.7088 34.8784 62.5672 -57.2941 -4.6283 20.2800 37.4434 -0.6229 -7.2834 -6.7129 0.4511 9.3465 -3.3835 0.0000 0.0000 0.0001 0.0000 0.0000 0.0000 0.0000 -0.0013 -0.0008 0.0000 -0.0004 0.0001 0.0000 0.0000 0.0000 0.0000 0.0000 0.0000 0.0000 0.0002 0.0000 0.0000 -0.0006 0.0003 0.0000 0.0004 -0.0006 0.0000 0.0000 0.0001 0.0000 0.0000 0.0000 0.0000 -0.0010 -0.0002 0.0000 0.0002 30.0001 -0.0001 0.0005 -29.9998 0.0000 0.0000 0.0000 9.0977 3.7337 -0.5395 9.0977 3.7337 -0.5395 -66.7639 59.8318 46.0546 -48.6101 53.3237 -117.8269 -12.7878 -7.8534 -101.9298 1.9280 2.4523 6.4633 0.0000 -0.0001 0.0001 0.0000 0.0000 0.0000 0.0000 -0.0006 0.0003 0.0000 -0.0001 0.0001 0.0000 0.0000 0.0000 0.0000 0.0000 0.0000 0.0000 0.0007 0.0001 0.0000 -0.0011 0.0001 0.0000 -0.0008 0.0003 0.0000 0.0001 0.0000 0.0000 0.0000 0.0000 0.0000 -0.0008 0.0000 0.0000 0.0002 -29.9996 -0.0001 -0.0003 29.9996 0.0000 0.0000 0.0000 6.3939 5.4375 175.6091 -0.1241 -7.0105 0.0903 -13.2867 70.2438 -5.2589 0.0000 25.3510 0.0000 6.1063 -2.4814 175.2117 -0.2456 -17.9369 -0.0441 24.1002 68.5657 22.7375 0.0000 25.4467 -0.0001 
-3.0188 91.8058 3.9876 -8.8320 -7.5486 1.4438 -0.1162 1.8912 0.7633 -0.1162 1.8919 0.7635 -0.1165 1.8969 0.7656 35.1642 62.6728 -57.2626 -4.6376 20.2822 37.1716 -0.6559 -7.2663 -6.7451 0.4533 9.3329 -3.3618 0.0000 0.0000 0.0001 0.0000 0.0000 0.0000 0.0000 -0.0013 -0.0008 0.0000 -0.0004 0.0001 0.0000 0.0000 0.0000 0.0000 0.0000 0.0000 0.0000 0.0002 0.0000 0.0000 -0.0006 0.0003 0.0000 0.0004 -0.0006 0.0000 0.0000 0.0001 0.0000 0.0000 0.0000 0.0000 -0.0010 -0.0002 0.0000 0.0002 30.0001 -0.0001 0.0005 -29.9998 0.0000 0.0000 0.0000 9.2441 3.6728 -0.6618 9.2442 3.6728 -0.6618 -66.2957 59.7545 46.3224 -50.8225 53.1321 -118.2523 -13.9050 -8.4363 -102.6219 1.9303 2.4965 6.3616 0.0000 -0.0001 0.0001 0.0000 0.0000 0.0000 0.0000 -0.0006 0.0003 0.0000 -0.0001 0.0001 0.0000 0.0000 0.0000 0.0000 0.0000 0.0000 0.0000 0.0007 0.0001 0.0000 -0.0012 0.0001 0.0000 -0.0008 0.0003 0.0000 0.0001 0.0000 0.0000 0.0000 0.0000 0.0000 -0.0009 0.0000 0.0000 0.0002 -29.9997 -0.0001 -0.0003 29.9996 0.0000 0.0000 0.0000 6.5771 5.2998 175.5621 -0.1402 -7.4418 0.0919 -13.2244 70.4352 -5.0779 0.0000 25.3510 0.0000 6.6000 -2.5189 175.2070 -0.2416 -18.1196 -0.0443 24.4537 68.5369 22.9033 0.0000 25.4901 -0.0001 
-2.8885 91.7732 3.9621 -9.0843 -7.6365 1.4209 -0.1812 1.9390 0.8303 -0.1812 1.9397 0.8306 -0.1817 1.9449 0.8328 35.4558 62.7861 -57.2529 -4.6579 20.3096 36.9335 -0.6944 -7.2478 -6.7782 0.4552 9.3168 -3.3459 0.0000 0.0000 0.0001 0.0000 0.0000 0.0000 0.0000 -0.0013 -0.0008 0.0000 -0.0004 0.0001 0.0000 0.0000 0.0000 0.0000 0.0000 0.0000 0.0000 0.0002 0.0000 0.0000 -0.0006 0.0003 0.0000 0.0004 -0.0006 0.0000 0.0000 0.0001 0.0000 0.0000 0.0000 0.0000 -0.0010 -0.0002 0.0000 0.0002 30.0001 -0.0001 0.0005 -29.9998 0.0000 0.0000 0.0000 9.3882 3.6117 -0.7926 9.3882 3.6117 -0.7926 -65.7510 59.6419 46.6429 -52.9321 52.8625 -118.5093 -14.9208 -8.9516 -103.2738 1.9323 2.5328 6.2613 0.0000 -0.0001 0.0001 0.0000 0.0000 0.0000 0.0000 -0.0006 0.0003 0.0000 -0.0001 0.0001 0.0000 0.0000 0.0000 0.0000 0.0000 0.0000 0.0000 0.0007 0.0001 0.0000 -0.0011 0.0001 0.0000 -0.0008 0.0003 0.0000 0.0001 0.0000 0.0000 0.0000 0.0000 0.0000 -0.0009 0.0000 0.0000 0.0002 -29.9996 -0.0001 -0.0003 29.9996 0.0000 0.0000 0.0000 6.7753 5.0593 175.5267 -0.1633 -8.0784 0.0943 -13.1535 70.7298 -4.9194 0.0000 25.3510 0.0000 7.0969 -2.5309 175.2128 -0.2373 -18.2645 -0.0447 24.8283 68.5111 23.0763 0.0000 25.5576 -0.0001 
-2.7505 91.7362 3.9513 -9.3204 -7.7154 1.3823 -0.2485 1.9839 0.9053 -0.2486 1.9847 0.9056 -0.2492 1.9899 0.9080 35.7359 62.9065 -57.2791 -4.6858 20.3646 36.7275 -0.7475 -7.2300 -6.8003 0.4561 9.2980 -3.3383 0.0000 0.0000 0.0001 0.0000 0.0000 0.0000 0.0000 -0.0013 -0.0008 0.0000 -0.0004 0.0001 0.0000 0.0000 0.0000 0.0000 0.0000 0.0000 0.0000 0.0002 0.0000 0.0000 -0.0006 0.0003 0.0000 0.0004 -0.0006 0.0000 0.0000 0.0001 0.0000 0.0000 0.0000 0.0000 -0.0010 -0.0002 0.0000 0.0002 30.0001 -0.0001 0.0005 -29.9998 0.0000 0.0000 0.0000 9.5280 3.5519 -0.9281 9.5280 3.5519 -0.9281 -65.1397 59.4961 47.0237 -54.9888 52.5421 -118.6580 -15.8776 -9.4323 -103.8721 1.9332 2.5641 6.1596 0.0000 -0.0001 0.0001 0.0000 0.0000 0.0000 0.0000 -0.0006 0.0003 0.0000 -0.0001 0.0001 0.0000 0.0000 0.0000 0.0000 0.0000 0.0000 0.0000 0.0007 0.0001 0.0000 -0.0011 0.0001 0.0000 -0.0008 0.0003 0.0000 0.0001 0.0000 0.0000 0.0000 0.0000 0.0000 -0.0009 0.0000 0.0000 0.0002 -29.9996 -0.0001 -0.0003 29.9996 0.0000 0.0000 0.0000 6.9917 4.7571 175.5033 -0.1917 -8.8367 0.0975 -13.0730 71.0889 -4.7846 0.0000 25.3510 0.0000 7.5941 -2.5334 175.2284 -0.2317 -18.3935 -0.0453 25.2130 68.4946 23.2496 0.0000 25.6363 -0.0001 
-2.6060 91.6937 3.9585 -9.5296 -7.7825 1.3291 -0.3194 2.0256 0.9881 -0.3195 2.0265 0.9885 -0.3203 2.0318 0.9910 35.9867 63.0279 -57.3805 -4.7110 20.4648 36.5821 -0.7985 -7.2169 -6.8074 0.4557 9.2765 -3.3393 0.0000 0.0000 0.0001 0.0000 0.0000 0.0000 0.0000 -0.0013 -0.0008 0.0000 -0.0004 0.0001 0.0000 0.0000 0.0000 0.0000 0.0000 0.0000 0.0000 0.0002 0.0000 0.0000 -0.0006 0.0003 0.0000 0.0004 -0.0006 0.0000 0.0000 0.0001 0.0000 0.0000 0.0000 0.0000 -0.0010 -0.0002 0.0000 0.0002 30.0001 -0.0001 0.0005 -29.9998 0.0000 0.0000 0.0000 9.6626 3.4925 -1.0641 9.6626 3.4925 -1.0641 -64.5235 59.3435 47.3684 -57.0689 52.3063 -118.6995 -16.9151 -9.8290 -104.4387 1.9352 2.5867 6.0596 0.0000 -0.0001 0.0001 0.0000 0.0000 0.0000 0.0000 -0.0006 0.0003 0.0000 -0.0001 0.0001 0.0000 0.0000 0.0000 0.0000 0.0000 0.0000 0.0000 0.0007 0.0001 0.0000 -0.0011 0.0001 0.0000 -0.0008 0.0003 0.0000 0.0001 0.0000 0.0000 0.0000 0.0000 0.0000 -0.0008 0.0000 0.0000 0.0002 -29.9996 -0.0001 -0.0003 29.9996 0.0000 0.0000 0.0000 7.2238 4.4247 175.4921 -0.2237 -9.6539 0.1016 -12.9663 71.4848 -4.6659 0.0000 25.3510 0.0000 8.0810 -2.5436 175.2523 -0.2258 -18.5390 -0.0460 25.6130 68.5011 23.4261 0.0000 25.7235 -0.0001 
-2.4552 91.6475 3.9708 -9.7083 -7.8459 1.2725 -0.3908 2.0694 1.0704 -0.3910 2.0703 1.0708 -0.3919 2.0757 1.0736 36.2260 63.1368 -57.5102 -4.7440 20.5997 36.4821 -0.8418 -7.2043 -6.8096 0.4547 9.2536 -3.3463 0.0000 0.0000 0.0001 0.0000 0.0000 0.0000 0.0000 -0.0013 -0.0008 0.0000 -0.0004 0.0001 0.0000 0.0000 0.0000 0.0000 0.0000 0.0000 0.0000 0.0002 0.0000 0.0000 -0.0006 0.0003 0.0000 0.0004 -0.0006 0.0000 0.0000 0.0001 0.0000 0.0000 0.0000 0.0000 -0.0010 -0.0002 0.0000 0.0002 30.0001 -0.0001 0.0005 -29.9998 0.0000 0.0000 0.0000 9.7855 3.4245 -1.1941 9.7855 3.4245 -1.1941 -63.9453 59.2620 47.6277 -59.0867 52.2698 -118.5317 -18.2049 -10.0571 -105.0253 1.9481 2.5985 5.9629 0.0000 0.0000 0.0001 0.0000 0.0000 0.0000 0.0000 -0.0006 0.0003 0.0000 -0.0001 0.0001 0.0000 0.0000 0.0000 0.0000 0.0000 0.0000 0.0000 0.0007 0.0001 0.0000 -0.0011 0.0001 0.0000 -0.0008 0.0003 0.0000 0.0002 0.0000 0.0000 0.0000 0.0000 0.0000 -0.0008 0.0000 0.0000 0.0002 -29.9997 -0.0001 -0.0003 29.9996 0.0000 0.0000 0.0000 7.4457 4.1115 175.4795 -0.2565 -10.4280 0.1061 -12.8157 71.8619 -4.5236 0.0000 25.3510 0.0000 8.5522 -2.5786 175.2744 -0.2216 -18.7372 -0.0463 26.0512 68.5362 23.6330 0.0000 25.7853 -0.0001 
-2.2965 91.5973 3.9878 -9.8563 -7.9104 1.2152 -0.4607 2.1162 1.1500 -0.4609 2.1172 1.1506 -0.4621 2.1226 1.1535 36.4548 63.2338 -57.6494 -4.7824 20.7534 36.4177 -0.8887 -7.1894 -6.8081 0.4533 9.2299 -3.3587 0.0000 0.0000 0.0001 0.0000 0.0000 0.0000 0.0000 -0.0013 -0.0008 0.0000 -0.0004 0.0001 0.0000 0.0000 0.0000 0.0000 0.0000 0.0000 0.0000 0.0002 0.0000 0.0000 -0.0006 0.0003 0.0000 0.0004 -0.0006 0.0000 0.0000 0.0001 0.0000 0.0000 0.0000 0.0000 -0.0010 -0.0002 0.0000 0.0002 30.0001 -0.0001 0.0005 -29.9998 0.0000 0.0000 0.0000 9.8934 3.3472 -1.3177 9.8934 3.3472 -1.3177 -63.4154 59.2447 47.8169 -60.8756 52.3948 -118.1997 -19.6916 -10.0476 -105.5179 1.9696 2.5925 5.8691 0.0000 -0.0001 0.0001 0.0000 0.0000 0.0000 0.0000 -0.0006 0.0003 0.0000 -0.0001 0.0001 0.0000 0.0000 0.0000 0.0000 0.0000 0.0000 0.0000 0.0007 0.0001 0.0000 -0.0012 0.0001 0.0000 -0.0008 0.0003 0.0000 0.0001 0.0000 0.0000 0.0000 0.0000 0.0000 -0.0008 0.0000 0.0000 0.0002 -29.9996 -0.0001 -0.0002 29.9996 0.0000 0.0000 0.0000 7.6496 3.8177 175.4606 -0.2908 -11.1666 0.1111 -12.6217 72.2252 -4.3498 0.0000 25.3510 0.0000 9.0107 -2.6261 175.2910 -0.2201 -18.9762 -0.0460 26.5524 68.5969 23.8902 0.0000 25.8190 -0.0001 
-2.1336 91.5407 4.0158 -9.9574 -7.9786 1.1565 -0.5280 2.1658 1.2263 -0.5283 2.1669 1.2269 -0.5296 2.1724 1.2300 36.6718 63.3193 -57.7956 -4.8228 20.9235 36.4033 -0.9420 -7.1714 -6.7996 0.4511 9.2065 -3.3763 0.0000 0.0000 0.0001 0.0000 0.0000 0.0000 0.0000 -0.0013 -0.0008 0.0000 -0.0004 0.0001 0.0000 0.0000 0.0000 0.0000 0.0000 0.0000 0.0000 0.0002 0.0000 0.0000 -0.0006 0.0003 0.0000 0.0004 -0.0006 0.0000 0.0000 0.0001 0.0000 0.0000 0.0000 0.0000 -0.0010 -0.0002 0.0000 0.0002 30.0001 -0.0001 0.0005 -29.9998 0.0000 0.0000 0.0000 9.9801 3.2599 -1.4360 9.9801 3.2599 -1.4360 -63.0018 59.3327 47.8860 -62.3058 52.7026 -117.5344 -21.3506 -9.7961 -106.0222 2.0106 2.5763 5.7851 0.0000 -0.0001 0.0001 0.0000 0.0000 0.0000 0.0000 -0.0006 0.0003 0.0000 -0.0001 0.0001 0.0000 0.0000 0.0000 0.0000 0.0000 0.0000 0.0000 0.0007 0.0001 0.0000 -0.0012 0.0001 0.0000 -0.0008 0.0003 0.0000 0.0001 0.0000 0.0000 0.0000 0.0000 0.0000 -0.0008 0.0000 0.0000 0.0002 -29.9996 -0.0001 -0.0003 29.9996 0.0000 0.0000 0.0000 7.8204 3.5298 175.4347 -0.3270 -11.9072 0.1167 -12.3907 72.5950 -4.1514 0.0000 25.3511 0.0000 9.4397 -2.6649 175.3026 -0.2214 -19.2348 -0.0453 27.1352 68.6838 24.2143 0.0000 25.8461 -0.0001 
-1.9777 91.4796 4.0577 -10.0157 -8.0538 1.0905 -0.5940 2.2151 1.3024 -0.5943 2.2163 1.3031 -0.5957 2.2218 1.3063 36.8852 63.4096 -57.9378 -4.8640 21.1044 36.4317 -0.9651 -7.1561 -6.7944 0.4494 9.1860 -3.3912 0.0000 0.0000 0.0001 0.0000 0.0000 0.0000 0.0000 -0.0013 -0.0008 0.0000 -0.0004 0.0001 0.0000 0.0000 0.0000 0.0000 0.0000 0.0000 0.0000 0.0002 0.0000 0.0000 -0.0006 0.0003 0.0000 0.0004 -0.0006 0.0000 0.0000 0.0001 0.0000 0.0000 0.0000 0.0000 -0.0010 -0.0002 0.0000 0.0003 30.0001 -0.0001 0.0005 -29.9998 0.0000 0.0000 0.0000 10.0495 3.1709 -1.5541 10.0495 3.1709 -1.5541 -62.7662 59.5495 47.7585 -63.2995 53.0837 -116.4477 -23.0107 -9.3857 -106.6119 2.0682 2.5562 5.7135 0.0000 -0.0001 0.0001 0.0000 0.0000 0.0000 0.0000 -0.0006 0.0003 0.0000 -0.0001 0.0001 0.0000 0.0000 0.0000 0.0000 0.0000 0.0000 0.0000 0.0007 0.0001 0.0000 -0.0011 0.0001 0.0000 -0.0008 0.0003 0.0000 0.0001 0.0000 0.0000 0.0000 0.0000 0.0000 -0.0009 0.0000 0.0000 0.0002 -29.9996 -0.0001 -0.0003 29.9996 0.0000 0.0000 0.0000 7.9521 3.2368 175.4143 -0.3647 -12.6822 0.1231 -12.1598 72.9835 -3.9550 0.0000 25.0513 0.0000 9.8198 -2.6738 175.3209 -0.2240 -19.4761 -0.0444 27.7438 68.7828 24.5672 0.0000 25.8952 -0.0001 
-1.8341 91.4163 4.1102 -10.0396 -8.1316 1.0125 -0.6574 2.2619 1.3801 -0.6577 2.2633 1.3809 -0.6593 2.2688 1.3842 37.1043 63.5032 -58.0632 -4.9008 21.2963 36.4929 -0.9505 -7.1437 -6.7951 0.4484 9.1693 -3.4006 0.0000 0.0000 0.0001 0.0000 0.0000 0.0000 0.0000 -0.0013 -0.0008 0.0000 -0.0004 0.0001 0.0000 0.0000 0.0000 0.0000 0.0000 0.0000 0.0000 0.0002 0.0000 0.0000 -0.0006 0.0003 0.0000 0.0004 -0.0006 0.0000 0.0000 0.0001 0.0000 0.0000 0.0000 0.0000 -0.0010 -0.0002 0.0000 0.0002 30.0001 -0.0001 0.0005 -29.9998 0.0000 0.0000 0.0000 10.1048 3.0826 -1.6691 10.1048 3.0826 -1.6691 -62.7065 59.8811 47.4425 -63.7841 53.5025 -114.9769 -24.6678 -8.7357 -107.2098 2.1400 2.5230 5.6538 0.0000 -0.0001 0.0001 0.0000 0.0000 0.0000 0.0000 -0.0006 0.0003 0.0000 -0.0001 0.0001 0.0000 0.0000 0.0000 0.0000 0.0000 0.0000 0.0000 0.0007 0.0001 0.0000 -0.0011 0.0001 0.0000 -0.0008 0.0003 0.0000 0.0001 0.0000 0.0000 0.0000 0.0000 0.0000 -0.0008 0.0000 0.0000 0.0002 -29.9996 -0.0001 -0.0003 29.9996 0.0000 0.0000 0.0000 8.0535 2.9391 175.4090 -0.4027 -13.4772 0.1302 -11.9349 73.3832 -3.7662 0.0000 25.0509 0.0000 10.1559 -2.6630 175.3555 -0.2276 -19.7006 -0.0433 28.3561 68.8889 24.9271 0.0000 25.9575 -0.0001 
-1.7188 91.3561 4.1721 -10.0153 -8.2092 0.9123 -0.7166 2.3039 1.4621 -0.7171 2.3053 1.4630 -0.7187 2.3109 1.4665 37.3224 63.5961 -58.1628 -4.9286 21.4987 36.5830 -0.8977 -7.1325 -6.8001 0.4481 9.1576 -3.4044 0.0000 0.0000 0.0001 0.0000 0.0000 0.0000 0.0000 -0.0013 -0.0008 0.0000 -0.0004 0.0001 0.0000 0.0000 0.0000 0.0000 0.0000 0.0000 0.0000 0.0002 0.0000 0.0000 -0.0006 0.0003 0.0000 0.0004 -0.0006 0.0000 0.0000 0.0001 0.0000 0.0000 0.0000 0.0000 -0.0010 -0.0002 0.0000 0.0003 30.0001 -0.0001 0.0005 -29.9998 0.0000 0.0000 0.0000 10.1435 2.9973 -1.7810 10.1435 2.9973 -1.7810 -62.8118 60.3103 46.9838 -63.5810 53.9267 -113.0656 -26.2798 -7.7118 -107.7510 2.2309 2.4685 5.6120 0.0000 -0.0001 0.0001 0.0000 0.0000 0.0000 0.0000 -0.0006 0.0003 0.0000 -0.0001 0.0001 0.0000 0.0000 0.0000 0.0000 0.0000 0.0000 0.0000 0.0007 0.0001 0.0000 -0.0011 0.0001 0.0000 -0.0008 0.0003 0.0000 0.0001 0.0000 0.0000 0.0000 0.0000 0.0000 -0.0009 0.0000 0.0000 0.0002 -29.9997 -0.0001 -0.0003 29.9996 0.0000 0.0000 0.0000 8.1213 2.6458 175.4393 -0.4381 -14.2640 0.1374 -11.7259 73.7774 -3.6066 0.0000 25.0504 0.0000 10.4254 -2.6420 175.4252 -0.2314 -19.9135 -0.0422 28.9515 69.0095 25.2747 0.0000 25.9846 -0.0001 
-1.6313 91.2993 4.2390 -9.9563 -8.2813 0.8030 -0.7734 2.3395 1.5446 -0.7739 2.3411 1.5456 -0.7756 2.3467 1.5492 37.5330 63.6895 -58.2411 -4.9624 21.7049 36.6843 -0.8439 -7.1212 -6.8120 0.4483 9.1473 -3.4098 0.0000 0.0000 0.0001 0.0000 0.0000 0.0000 0.0000 -0.0013 -0.0008 0.0000 -0.0004 0.0001 0.0000 0.0000 0.0000 0.0000 0.0000 0.0000 0.0000 0.0002 0.0000 0.0000 -0.0006 0.0003 0.0000 0.0004 -0.0006 0.0000 0.0000 0.0001 0.0000 0.0000 0.0000 0.0000 -0.0010 -0.0002 0.0000 0.0003 30.0001 -0.0001 0.0005 -29.9998 0.0000 0.0000 0.0000 10.1747 2.9191 -1.8919 10.1747 2.9191 -1.8919 -63.0122 60.7731 46.4430 -62.9807 54.4325 -110.8387 -27.8419 -6.5835 -108.3373 2.3351 2.4142 5.5869 0.0000 -0.0001 0.0001 0.0000 0.0000 0.0000 0.0000 -0.0006 0.0003 0.0000 -0.0001 0.0001 0.0000 0.0000 0.0000 0.0000 0.0000 0.0000 0.0000 0.0007 0.0001 0.0000 -0.0011 0.0001 0.0000 -0.0008 0.0003 0.0000 0.0001 0.0000 0.0000 0.0000 0.0000 0.0000 -0.0008 0.0000 0.0000 0.0002 -29.9996 -0.0001 -0.0003 29.9995 0.0000 0.0000 0.0000 8.1747 2.3680 175.4947 -0.4706 -15.0111 0.1445 -11.5289 74.1502 -3.4835 0.0000 25.0498 0.0000 10.6367 -2.6239 175.5167 -0.2344 -20.1250 -0.0413 29.5083 69.1381 25.5950 0.0000 26.0029 -0.0001 
-1.5674 91.2458 4.3097 -9.8693 -8.3467 0.6947 -0.8286 2.3694 1.6236 -0.8291 2.3711 1.6247 -0.8310 2.3766 1.6284 37.7349 63.7802 -58.3036 -5.0028 21.9166 36.7942 -0.7918 -7.1107 -6.8292 0.4489 9.1379 -3.4175 0.0000 0.0000 0.0001 0.0000 0.0000 0.0000 0.0000 -0.0013 -0.0008 0.0000 -0.0004 0.0001 0.0000 0.0000 0.0000 0.0000 0.0000 0.0000 0.0000 0.0002 0.0000 0.0000 -0.0006 0.0003 0.0000 0.0004 -0.0006 0.0000 0.0000 0.0001 0.0000 0.0000 0.0000 0.0000 -0.0010 -0.0002 0.0000 0.0002 30.0001 -0.0001 0.0005 -29.9998 0.0000 0.0000 0.0000 10.2008 2.8494 -1.9998 10.2008 2.8494 -1.9998 -63.2460 61.2527 45.8705 -62.0225 55.0343 -108.2938 -29.3454 -5.4223 -109.0040 2.4518 2.3648 5.5808 0.0000 -0.0001 0.0001 0.0000 0.0000 0.0000 0.0000 -0.0006 0.0003 0.0000 -0.0001 0.0001 0.0000 0.0000 0.0000 0.0000 0.0000 0.0000 0.0000 0.0007 0.0001 0.0000 -0.0012 0.0001 0.0000 -0.0008 0.0003 0.0000 0.0002 0.0000 0.0000 0.0000 0.0000 0.0000 -0.0008 0.0000 0.0000 0.0002 -29.9996 -0.0001 -0.0003 29.9996 0.0000 0.0000 0.0000 8.2208 2.1061 175.5638 -0.4999 -15.7193 0.1515 -11.3456 74.5040 -3.4005 0.0000 25.0494 0.0000 10.7953 -2.6069 175.6165 -0.2372 -20.3311 -0.0403 30.0210 69.2719 25.8847 0.0000 26.0249 -0.0001 
-1.5306 91.1960 4.3803 -9.7508 -8.3961 0.5924 -0.8797 2.3901 1.6948 -0.8803 2.3919 1.6960 -0.8822 2.3974 1.6999 37.9092 63.8536 -58.3561 -5.0440 22.1371 36.9070 -0.7384 -7.1015 -6.8428 0.4492 9.1297 -3.4285 0.0000 0.0000 0.0001 0.0000 0.0000 0.0000 0.0000 -0.0013 -0.0008 0.0000 -0.0004 0.0001 0.0000 0.0000 0.0000 0.0000 0.0000 0.0000 0.0000 0.0002 0.0000 0.0000 -0.0006 0.0003 0.0000 0.0004 -0.0006 0.0000 0.0000 0.0001 0.0000 0.0000 0.0000 0.0000 -0.0010 -0.0002 0.0000 0.0002 30.0001 -0.0001 0.0005 -29.9998 0.0000 0.0000 0.0000 10.2176 2.7934 -2.0933 10.2176 2.7934 -2.0933 -63.5161 61.7289 45.3086 -60.5771 55.7610 -105.4114 -30.6662 -4.2091 -109.7680 2.5849 2.3198 5.6140 0.0000 -0.0001 0.0001 0.0000 0.0000 0.0000 0.0000 -0.0006 0.0003 0.0000 -0.0001 0.0001 0.0000 0.0000 0.0000 0.0000 0.0000 0.0000 0.0000 0.0007 0.0001 0.0000 -0.0011 0.0001 0.0000 -0.0008 0.0003 0.0000 0.0001 0.0000 0.0000 0.0000 0.0000 0.0000 -0.0009 0.0000 0.0000 0.0002 -29.9996 -0.0001 -0.0003 29.9996 0.0000 0.0000 0.0000 8.2533 1.8734 175.6434 -0.5228 -16.3417 0.1576 -11.1956 74.8190 -3.3780 0.0000 25.0491 0.0000 10.9008 -2.5983 175.7197 -0.2411 -20.5282 -0.0392 30.4976 69.4085 26.1472 0.0000 26.0548 -0.0001 
-1.5077 91.1518 4.4446 -9.6172 -8.4323 0.4977 -0.9247 2.4025 1.7583 -0.9253 2.4043 1.7596 -0.9273 2.4098 1.7635 38.0660 63.9125 -58.3978 -5.0860 22.3533 37.0197 -0.6982 -7.0891 -6.8466 0.4487 9.1219 -3.4427 0.0000 0.0000 0.0001 0.0000 0.0000 0.0000 0.0000 -0.0013 -0.0008 0.0000 -0.0004 0.0001 0.0000 0.0000 0.0000 0.0000 0.0000 0.0000 0.0000 0.0002 0.0000 0.0000 -0.0006 0.0003 0.0000 0.0004 -0.0006 0.0000 0.0000 0.0001 0.0000 0.0000 0.0000 0.0000 -0.0010 -0.0002 0.0000 0.0002 30.0001 -0.0001 0.0005 -29.9998 0.0000 0.0000 0.0000 10.2220 2.7490 -2.1715 10.2220 2.7490 -2.1715 -63.7554 62.1588 44.8956 -58.8500 56.5589 -102.3552 -31.8593 -3.0840 -110.6027 2.7301 2.2875 5.6728 0.0000 -0.0001 0.0001 0.0000 0.0000 0.0000 0.0000 -0.0006 0.0003 0.0000 -0.0001 0.0001 0.0000 0.0000 0.0000 0.0000 0.0000 0.0000 0.0000 0.0007 0.0001 0.0000 -0.0012 0.0001 0.0000 -0.0008 0.0003 0.0000 0.0001 0.0000 0.0000 0.0000 0.0000 0.0000 -0.0009 0.0000 0.0000 0.0002 -29.9996 -0.0001 -0.0003 29.9996 0.0000 0.0000 0.0000 8.2674 1.6710 175.7231 -0.5401 -16.8726 0.1626 -11.0810 75.0927 -3.3950 0.0000 25.0489 0.0000 10.9783 -2.5951 175.8188 -0.2449 -20.7060 -0.0381 30.9657 69.5390 26.4109 0.0000 26.0610 -0.0001 
-1.4930 91.1139 4.5024 -9.4767 -8.4578 0.4084 -0.9629 2.4044 1.8169 -0.9636 2.4063 1.8183 -0.9657 2.4117 1.8223 38.2179 63.9743 -58.4159 -5.1360 22.5573 37.1325 -0.6697 -7.0721 -6.8509 0.4480 9.1151 -3.4583 0.0000 0.0000 0.0001 0.0000 0.0000 0.0000 0.0000 -0.0013 -0.0008 0.0000 -0.0004 0.0001 0.0000 0.0000 0.0000 0.0000 0.0000 0.0000 0.0000 0.0002 0.0000 0.0000 -0.0006 0.0003 0.0000 0.0004 -0.0006 0.0000 0.0000 0.0001 0.0000 0.0000 0.0000 0.0000 -0.0010 -0.0002 0.0000 0.0002 30.0001 -0.0001 0.0005 -29.9998 0.0000 0.0000 0.0000 10.2121 2.7195 -2.2379 10.2121 2.7195 -2.2379 -63.9540 62.5237 44.6462 -56.8623 57.4111 -99.1541 -32.9448 -2.0795 -111.5140 2.8883 2.2698 5.7542 0.0000 -0.0001 0.0001 0.0000 0.0000 0.0000 0.0000 -0.0006 0.0003 0.0000 -0.0001 0.0001 0.0000 0.0000 0.0000 0.0000 0.0000 0.0000 0.0000 0.0007 0.0001 0.0000 -0.0011 0.0001 0.0000 -0.0008 0.0003 0.0000 0.0001 0.0000 0.0000 0.0000 0.0000 0.0000 -0.0008 0.0000 0.0000 0.0002 -29.9996 -0.0001 -0.0003 29.9996 0.0000 0.0000 0.0000 8.2658 1.4962 175.8016 -0.5537 -17.3206 0.1668 -10.9932 75.3290 -3.4359 0.0000 25.0489 0.0000 11.0252 -2.5935 175.9122 -0.2485 -20.8585 -0.0371 31.4093 69.6600 26.6729 0.0000 26.0365 -0.0001 
-1.4865 91.0836 4.5542 -9.3346 -8.4693 0.3253 -0.9907 2.3865 1.8712 -0.9915 2.3884 1.8726 -0.9936 2.3937 1.8767 38.3676 64.0546 -58.3961 -5.1887 22.7407 37.2500 -0.6396 -7.0552 -6.8645 0.4482 9.1117 -3.4710 0.0000 0.0000 0.0001 0.0000 0.0000 0.0000 0.0000 -0.0013 -0.0008 0.0000 -0.0004 0.0001 0.0000 0.0000 0.0000 0.0000 0.0000 0.0000 0.0000 0.0002 0.0000 0.0000 -0.0006 0.0003 0.0000 0.0004 -0.0006 0.0000 0.0000 0.0001 0.0000 0.0000 0.0000 0.0000 -0.0010 -0.0002 0.0000 0.0003 30.0001 -0.0001 0.0005 -29.9998 0.0000 0.0000 0.0000 10.1793 2.7210 -2.2888 10.1793 2.7210 -2.2888 -64.0815 62.7737 44.6573 -54.4792 58.3081 -95.7569 -33.8052 -1.1791 -112.5652 3.0719 2.2691 5.8788 0.0000 -0.0001 0.0001 0.0000 0.0000 0.0000 0.0000 -0.0006 0.0003 0.0000 -0.0001 0.0001 0.0000 0.0000 0.0000 0.0000 0.0000 0.0000 0.0000 0.0007 0.0001 0.0000 -0.0011 0.0001 0.0000 -0.0008 0.0003 0.0000 0.0001 0.0000 0.0000 0.0000 0.0000 0.0000 -0.0009 0.0000 0.0000 0.0002 -29.9996 -0.0001 -0.0003 29.9996 0.0000 0.0000 0.0000 8.2469 1.3532 175.8762 -0.5638 -17.6712 0.1701 -10.9408 75.5248 -3.5033 0.0000 25.0489 0.0000 11.0102 -2.5831 175.9929 -0.2528 -20.9552 -0.0361 31.7637 69.7612 26.9031 0.0000 26.0035 -0.0001 
-1.4904 91.0592 4.6004 -9.1969 -8.4712 0.2474 -1.0104 2.3541 1.9216 -1.0111 2.3560 1.9231 -1.0133 2.3612 1.9273 38.5015 64.1446 -58.3684 -5.2297 22.9129 37.3756 -0.5861 -7.0499 -6.8797 0.4490 9.1120 -3.4781 0.0000 0.0000 0.0001 0.0000 0.0000 0.0000 0.0000 -0.0013 -0.0008 0.0000 -0.0004 0.0001 0.0000 0.0000 0.0000 0.0000 0.0000 0.0000 0.0000 0.0003 -0.0001 0.0000 -0.0006 0.0003 0.0000 0.0004 -0.0006 0.0000 0.0000 0.0001 0.0000 0.0000 0.0000 0.0000 -0.0010 -0.0002 0.0000 0.0002 30.0001 -0.0001 0.0005 -29.9998 0.0000 0.0000 0.0000 10.1288 2.7496 -2.3243 10.1288 2.7496 -2.3243 -64.1810 62.9227 44.8481 -51.8003 59.1841 -92.2446 -34.5077 -0.2967 -113.6686 3.2739 2.2713 6.0347 0.0000 -0.0001 0.0001 0.0000 0.0000 0.0000 0.0000 -0.0006 0.0003 0.0000 -0.0001 0.0001 0.0000 0.0000 0.0000 0.0000 0.0000 0.0000 0.0000 0.0007 0.0001 0.0000 -0.0011 0.0001 0.0000 -0.0008 0.0003 0.0000 0.0001 0.0000 0.0000 0.0000 0.0000 0.0000 -0.0009 0.0000 0.0000 0.0002 -29.9996 -0.0001 -0.0003 29.9996 0.0000 0.0000 0.0000 8.2065 1.2239 175.9471 -0.5701 -17.9678 0.1726 -10.9432 75.6962 -3.6033 0.0000 25.0490 0.0000 10.9377 -2.5673 176.0642 -0.2587 -21.0089 -0.0349 31.9991 69.8451 27.0718 0.0000 25.9859 -0.0001 
-1.5082 91.0395 4.6399 -9.0655 -8.4660 0.1750 -1.0238 2.3106 1.9679 -1.0246 2.3125 1.9695 -1.0268 2.3177 1.9738 38.6186 64.2393 -58.3374 -5.2630 23.0751 37.5031 -0.5259 -7.0544 -6.8941 0.4502 9.1142 -3.4830 0.0000 0.0000 0.0001 0.0000 0.0000 0.0000 0.0000 -0.0013 -0.0008 0.0000 -0.0004 0.0001 0.0000 0.0000 0.0000 0.0000 0.0000 0.0000 0.0000 0.0002 0.0000 0.0000 -0.0006 0.0003 0.0000 0.0004 -0.0006 0.0000 0.0000 0.0001 0.0000 0.0000 0.0000 0.0000 -0.0010 -0.0002 0.0000 0.0002 30.0001 -0.0001 0.0005 -29.9998 0.0000 0.0000 0.0000 10.0656 2.8031 -2.3448 10.0656 2.8031 -2.3448 -64.2503 62.9838 45.1851 -48.8829 60.0377 -88.6548 -35.1406 0.6096 -114.7629 3.4906 2.2695 6.2114 0.0000 -0.0001 0.0001 0.0000 0.0000 0.0000 0.0000 -0.0006 0.0003 0.0000 -0.0001 0.0001 0.0000 0.0000 0.0000 0.0000 0.0000 0.0000 0.0000 0.0007 0.0001 0.0000 -0.0012 0.0001 0.0000 -0.0008 0.0003 0.0000 0.0001 0.0000 0.0000 0.0000 0.0000 0.0000 -0.0008 0.0000 0.0000 0.0002 -29.9996 -0.0001 -0.0003 29.9996 0.0000 0.0000 0.0000 8.1447 1.1087 176.0174 -0.5720 -18.2133 0.1741 -11.0087 75.8414 -3.7416 0.0000 25.0492 0.0000 10.8251 -2.5526 176.1322 -0.2648 -21.0357 -0.0337 32.1252 69.9156 27.1743 0.0000 25.9875 -0.0001 
-1.5520 91.0304 4.6719 -8.9465 -8.4490 0.1106 -1.0327 2.2564 2.0078 -1.0335 2.2583 2.0094 -1.0357 2.2633 2.0138 38.7054 64.3321 -58.3132 -5.2970 23.2239 37.6202 -0.4803 -7.0677 -6.9082 0.4516 9.1159 -3.4906 0.0000 0.0000 0.0001 0.0000 0.0000 0.0000 0.0000 -0.0013 -0.0008 0.0000 -0.0004 0.0001 0.0000 0.0000 0.0000 0.0000 0.0000 0.0000 0.0000 0.0002 0.0000 0.0000 -0.0006 0.0003 0.0000 0.0004 -0.0006 0.0000 0.0000 0.0001 0.0000 0.0000 0.0000 0.0000 -0.0010 -0.0002 0.0000 0.0002 30.0001 -0.0001 0.0005 -29.9998 0.0000 0.0000 0.0000 9.9930 2.8880 -2.3443 9.9930 2.8880 -2.3443 -64.2931 62.9380 45.6527 -45.6937 60.9387 -85.0375 -35.6948 1.5846 -115.8309 3.7223 2.2566 6.4195 0.0000 -0.0001 0.0001 0.0000 0.0000 0.0000 0.0000 -0.0006 0.0003 0.0000 -0.0001 0.0001 0.0000 0.0000 0.0000 0.0000 0.0000 0.0000 0.0000 0.0007 0.0001 0.0000 -0.0012 0.0001 0.0000 -0.0008 0.0003 0.0000 0.0001 0.0000 0.0000 0.0000 0.0000 0.0000 -0.0009 0.0000 0.0000 0.0002 -29.9996 -0.0001 -0.0003 29.9996 0.0000 0.0000 0.0000 8.0613 1.0281 176.0935 -0.5666 -18.3577 0.1740 -11.1619 75.9371 -3.9383 0.0000 25.0493 0.0000 10.6691 -2.5471 176.2019 -0.2698 -21.0356 -0.0328 32.1056 69.9764 27.1803 0.0000 25.9740 -0.0001 
-1.6166 91.0331 4.7089 -8.8402 -8.4193 0.0527 -1.0408 2.1973 2.0422 -1.0416 2.1991 2.0437 -1.0438 2.2040 2.0482 38.7572 64.4146 -58.3096 -5.3498 23.3717 37.7077 -0.4667 -7.0871 -6.9068 0.4516 9.1140 -3.5076 0.0000 0.0000 0.0001 0.0000 0.0000 0.0000 0.0000 -0.0013 -0.0008 0.0000 -0.0004 0.0001 0.0000 0.0000 0.0000 0.0000 0.0000 0.0000 0.0000 0.0002 0.0000 0.0000 -0.0006 0.0003 0.0000 0.0004 -0.0006 0.0000 0.0000 0.0001 0.0000 0.0000 0.0000 0.0000 -0.0010 -0.0002 0.0000 0.0002 30.0001 -0.0001 0.0005 -29.9998 0.0000 0.0000 0.0000 9.9211 2.9906 -2.3309 9.9211 2.9906 -2.3309 -64.3020 62.8380 46.1727 -42.1964 61.8328 -81.3062 -36.1004 2.5678 -116.8945 3.9655 2.2339 6.6579 0.0000 -0.0001 0.0001 0.0000 0.0000 0.0000 0.0000 -0.0006 0.0003 0.0000 -0.0001 0.0001 0.0000 0.0000 0.0000 0.0000 0.0000 0.0000 0.0000 0.0007 0.0001 0.0000 -0.0011 0.0001 0.0000 -0.0008 0.0003 0.0000 0.0001 0.0000 0.0000 0.0000 0.0000 0.0000 -0.0008 0.0000 0.0000 0.0002 -29.9996 -0.0001 -0.0003 29.9996 0.0000 0.0000 0.0000 7.9709 0.9964 176.1756 -0.5553 -18.3895 0.1724 -11.3692 75.9870 -4.1750 0.0000 25.0495 0.0000 10.4751 -2.5379 176.2728 -0.2756 -21.0016 -0.0318 31.9665 70.0315 27.1075 0.0000 25.9383 -0.0001 
-1.7011 91.0466 4.7535 -8.7473 -8.3769 0.0000 -1.0481 2.1353 2.0719 -1.0489 2.1370 2.0735 -1.0512 2.1419 2.0781 38.7758 64.4852 -58.3329 -5.4055 23.5115 37.7746 -0.4887 -7.1110 -6.8881 0.4502 9.1087 -3.5320 0.0000 0.0000 0.0001 0.0000 0.0000 0.0000 0.0000 -0.0013 -0.0008 0.0000 -0.0004 0.0001 0.0000 0.0000 0.0000 0.0000 0.0000 0.0000 0.0000 0.0003 0.0000 0.0000 -0.0006 0.0003 0.0000 0.0004 -0.0006 0.0000 0.0000 0.0001 0.0000 0.0000 0.0000 0.0000 -0.0010 -0.0002 0.0000 0.0002 30.0001 -0.0001 0.0005 -29.9998 0.0000 0.0000 0.0000 9.8506 3.1044 -2.3078 9.8506 3.1044 -2.3078 -64.2828 62.6900 46.7201 -38.4593 62.6702 -77.4803 -36.3404 3.5237 -117.9517 4.2167 2.2019 6.9208 0.0000 -0.0001 0.0001 0.0000 0.0000 0.0000 0.0000 -0.0006 0.0003 0.0000 -0.0001 0.0001 0.0000 0.0000 0.0000 0.0000 0.0000 0.0000 0.0000 0.0007 0.0001 0.0000 -0.0011 0.0001 0.0000 -0.0008 0.0003 0.0000 0.0001 0.0000 0.0000 0.0000 0.0000 0.0000 -0.0009 0.0000 0.0000 0.0002 -29.9996 -0.0001 -0.0003 29.9996 0.0000 0.0000 0.0000 7.8765 1.0086 176.2645 -0.5378 -18.3222 0.1692 -11.6284 75.9981 -4.4514 0.0000 25.0497 0.0000 10.2515 -2.5122 176.3466 -0.2829 -20.9149 -0.0307 31.7140 70.0771 26.9508 0.0000 25.8946 -0.0001 
-1.8214 91.0751 4.8080 -8.6737 -8.3146 -0.0544 -1.0548 2.0715 2.0988 -1.0556 2.0731 2.1003 -1.0579 2.0778 2.1050 38.7431 64.5367 -58.3992 -5.4542 23.6244 37.8124 -0.5360 -7.1329 -6.8550 0.4476 9.1008 -3.5603 0.0000 0.0000 0.0001 0.0000 0.0000 0.0000 0.0000 -0.0013 -0.0008 0.0000 -0.0004 0.0001 0.0000 0.0000 0.0000 0.0000 0.0000 0.0000 0.0000 0.0002 0.0000 0.0000 -0.0006 0.0003 0.0000 0.0004 -0.0006 0.0000 0.0000 0.0001 0.0000 0.0000 0.0000 0.0000 -0.0010 -0.0002 0.0000 0.0002 30.0001 -0.0001 0.0005 -29.9998 0.0000 0.0000 0.0000 9.7809 3.2280 -2.2737 9.7809 3.2280 -2.2737 -64.2354 62.5012 47.2646 -34.5291 63.4502 -73.6338 -36.3134 4.4240 -119.0412 4.4710 2.1557 7.2225 0.0000 -0.0001 0.0001 0.0000 0.0000 0.0000 0.0000 -0.0006 0.0003 0.0000 -0.0001 0.0001 0.0000 0.0000 0.0000 0.0000 0.0000 0.0000 0.0000 0.0007 0.0001 0.0000 -0.0012 0.0001 0.0000 -0.0008 0.0003 0.0000 0.0001 0.0000 0.0000 0.0000 0.0000 0.0000 -0.0009 0.0000 0.0000 0.0002 -29.9997 -0.0001 -0.0003 29.9996 0.0000 0.0000 0.0000 7.7761 1.0690 176.3758 -0.5102 -18.1354 0.1639 -11.9806 75.9607 -4.8018 0.0000 25.0499 0.0000 10.0004 -2.4497 176.4410 -0.2897 -20.7219 -0.0299 31.3012 70.1020 26.6593 0.0000 25.8511 -0.0001 
-1.9649 91.1131 4.8605 -8.6095 -8.2347 -0.1194 -1.0619 2.0050 2.1273 -1.0626 2.0065 2.1288 -1.0650 2.0111 2.1336 38.6790 64.5815 -58.4893 -5.4866 23.7044 37.8345 -0.5779 -7.1509 -6.8231 0.4450 9.0938 -3.5842 0.0000 0.0000 0.0001 0.0000 0.0000 0.0000 0.0000 -0.0013 -0.0008 0.0000 -0.0004 0.0001 0.0000 0.0000 0.0000 0.0000 0.0000 0.0000 0.0000 0.0002 0.0000 0.0000 -0.0006 0.0003 0.0000 0.0004 -0.0006 0.0000 0.0000 0.0001 0.0000 0.0000 0.0000 0.0000 -0.0010 -0.0002 0.0000 0.0002 30.0001 -0.0001 0.0005 -29.9998 0.0000 0.0000 0.0000 9.7107 3.3536 -2.2360 9.7107 3.3536 -2.2360 -64.1769 62.2953 47.7975 -30.4511 64.1328 -69.7407 -36.0141 5.2402 -120.1771 4.7277 2.0967 7.5597 0.0000 -0.0001 0.0001 0.0000 0.0000 0.0000 0.0000 -0.0006 0.0003 0.0000 -0.0001 0.0001 0.0000 0.0000 0.0000 0.0000 0.0000 0.0000 0.0000 0.0007 0.0001 0.0000 -0.0012 0.0001 0.0000 -0.0008 0.0003 0.0000 0.0001 0.0000 0.0000 0.0000 0.0000 0.0000 -0.0008 0.0000 0.0000 0.0002 -29.9997 -0.0001 -0.0003 29.9996 0.0000 0.0000 0.0000 7.6671 1.1397 176.5098 -0.4776 -17.8892 0.1577 -12.3811 75.8941 -5.1846 0.0000 25.0501 0.0000 9.7259 -2.3624 176.5569 -0.2938 -20.4360 -0.0299 30.7734 70.1035 26.2739 0.0000 25.7975 -0.0001 
-2.0964 91.1564 4.8994 -8.5520 -8.1435 -0.1930 -1.0676 1.9369 2.1568 -1.0684 1.9384 2.1583 -1.0707 1.9428 2.1632 38.6022 64.6261 -58.5833 -5.5098 23.7626 37.8456 -0.6012 -7.1670 -6.7965 0.4430 9.0888 -3.6021 0.0000 0.0000 0.0001 0.0000 0.0000 0.0000 0.0000 -0.0013 -0.0008 0.0000 -0.0004 0.0001 0.0000 0.0000 0.0000 0.0000 0.0000 0.0000 0.0000 0.0002 0.0000 0.0000 -0.0006 0.0003 0.0000 0.0004 -0.0006 0.0000 0.0000 0.0001 0.0000 0.0000 0.0000 0.0000 -0.0010 -0.0002 0.0000 0.0002 30.0001 -0.0001 0.0005 -29.9998 0.0000 0.0000 0.0000 9.6365 3.4781 -2.1979 9.6365 3.4781 -2.1979 -64.1064 62.0820 48.3286 -26.2800 64.7195 -65.7970 -35.5878 5.9660 -121.3358 4.9849 2.0281 7.9128 0.0000 -0.0001 0.0001 0.0000 0.0000 0.0000 0.0000 -0.0006 0.0003 0.0000 -0.0001 0.0001 0.0000 0.0000 0.0000 0.0000 0.0000 0.0000 0.0000 0.0007 0.0001 0.0000 -0.0011 0.0001 0.0000 -0.0008 0.0003 0.0000 0.0001 0.0000 0.0000 0.0000 0.0000 0.0000 -0.0009 0.0000 0.0000 0.0002 -29.9997 -0.0001 -0.0003 29.9996 0.0000 0.0000 0.0000 7.5535 1.2038 176.6424 -0.4488 -17.6126 0.1520 -12.7302 75.8076 -5.5034 0.0000 25.0502 0.0000 9.4180 -2.2621 176.6819 -0.2967 -20.0824 -0.0303 30.1438 70.0799 25.8208 0.0000 25.7389 -0.0001 
-2.1961 91.2022 4.9160 -8.4983 -8.0390 -0.2770 -1.0704 1.8664 2.1869 -1.0712 1.8678 2.1885 -1.0735 1.8721 2.1935 38.5076 64.6731 -58.6838 -5.5012 23.7897 37.8568 -0.6149 -7.1835 -6.7771 0.4418 9.0867 -3.6125 0.0000 0.0000 0.0001 0.0000 0.0000 0.0000 0.0000 -0.0013 -0.0008 0.0000 -0.0004 0.0001 0.0000 0.0000 0.0000 0.0000 0.0000 0.0000 0.0000 0.0002 0.0000 0.0000 -0.0006 0.0003 0.0000 0.0004 -0.0006 0.0000 0.0000 0.0001 0.0000 0.0000 0.0000 0.0000 -0.0010 -0.0002 0.0000 0.0003 30.0001 -0.0001 0.0005 -29.9998 0.0000 0.0000 0.0000 9.5498 3.5977 -2.1598 9.5498 3.5977 -2.1598 -64.0554 61.8802 48.8245 -22.1043 65.2643 -61.8532 -35.0417 6.5361 -122.5217 5.2343 1.9552 8.2810 0.0000 -0.0001 0.0001 0.0000 0.0000 0.0000 0.0000 -0.0006 0.0003 0.0000 -0.0001 0.0001 0.0000 0.0000 0.0000 0.0000 0.0000 0.0000 0.0000 0.0007 0.0001 0.0000 -0.0012 0.0001 0.0000 -0.0008 0.0003 0.0000 0.0001 0.0000 0.0000 0.0000 0.0000 0.0000 -0.0009 0.0000 0.0000 0.0002 -29.9996 -0.0001 -0.0003 29.9996 0.0000 0.0000 0.0000 7.4402 1.2527 176.7626 -0.4288 -17.3056 0.1478 -12.9520 75.6968 -5.6892 0.0000 25.0503 0.0000 9.0398 -2.1633 176.8151 -0.2984 -19.6694 -0.0311 29.3530 70.0302 25.2744 0.0000 25.6908 -0.0001 
-2.2731 91.2479 4.9155 -8.4421 -7.9294 -0.3623 -1.0729 1.7985 2.2146 -1.0736 1.7998 2.2162 -1.0760 1.8040 2.2212 38.3932 64.7152 -58.8014 -5.4811 23.8146 37.8649 -0.5964 -7.2012 -6.7621 0.4411 9.0867 -3.6176 0.0000 0.0000 0.0001 0.0000 0.0000 0.0000 0.0000 -0.0013 -0.0008 0.0000 -0.0004 0.0001 0.0000 0.0000 0.0000 0.0000 0.0000 0.0000 0.0000 0.0002 0.0000 0.0000 -0.0006 0.0003 0.0000 0.0004 -0.0006 0.0000 0.0000 0.0001 0.0000 0.0000 0.0000 0.0000 -0.0010 -0.0002 0.0000 0.0003 30.0001 -0.0001 0.0005 -29.9998 0.0000 0.0000 0.0000 9.4495 3.7085 -2.1186 9.4495 3.7084 -2.1186 -64.0423 61.6978 49.2878 -17.9164 65.7820 -57.8324 -34.4935 7.0254 -123.6903 5.4737 1.8726 8.6528 0.0000 -0.0001 0.0001 0.0000 0.0000 0.0000 0.0000 -0.0006 0.0003 0.0000 -0.0001 0.0001 0.0000 0.0000 0.0000 0.0000 0.0000 0.0000 0.0000 0.0007 0.0001 0.0000 -0.0012 0.0001 0.0000 -0.0008 0.0003 0.0000 0.0001 0.0000 0.0000 0.0000 0.0000 0.0000 -0.0009 0.0000 0.0000 0.0002 -29.9996 -0.0001 -0.0003 29.9996 0.0000 0.0000 0.0000 7.3282 1.2924 176.8687 -0.4139 -16.9828 0.1443 -13.0683 75.5670 -5.7707 0.0000 25.3510 0.0000 8.6251 -2.0812 176.9574 -0.2954 -19.2429 -0.0328 28.4593 69.9632 24.6610 0.0000 25.6556 -0.0001 
-2.3556 91.2931 4.9110 -8.3826 -7.8185 -0.4448 -1.0765 1.7346 2.2387 -1.0772 1.7359 2.2402 -1.0796 1.7399 2.2453 38.2685 64.7538 -58.9288 -5.4657 23.8501 37.8611 -0.5592 -7.2226 -6.7438 0.4402 9.0868 -3.6221 0.0000 0.0000 0.0001 0.0000 0.0000 0.0000 0.0000 -0.0013 -0.0008 0.0000 -0.0004 0.0001 0.0000 0.0000 0.0000 0.0000 0.0000 0.0000 0.0000 0.0002 0.0000 0.0000 -0.0006 0.0003 0.0000 0.0004 -0.0006 0.0000 0.0000 0.0001 0.0000 0.0000 0.0000 0.0000 -0.0010 -0.0002 0.0000 0.0002 30.0001 -0.0001 0.0005 -29.9998 0.0000 0.0000 0.0000 9.3402 3.8060 -2.0775 9.3402 3.8060 -2.0775 -64.0733 61.5493 49.7099 -13.6917 66.2571 -53.6897 -33.9940 7.4764 -124.8178 5.7017 1.7775 9.0209 0.0000 -0.0001 0.0001 0.0000 0.0000 0.0000 0.0000 -0.0006 0.0003 0.0000 -0.0001 0.0001 0.0000 0.0000 0.0000 0.0000 0.0000 0.0000 0.0000 0.0007 0.0001 0.0000 -0.0012 0.0001 0.0000 -0.0008 0.0003 0.0000 0.0001 0.0000 0.0000 0.0000 0.0000 0.0000 -0.0008 0.0000 0.0000 0.0002 -29.9996 -0.0001 -0.0002 29.9996 0.0000 0.0000 0.0000 7.2136 1.3357 176.9756 -0.3977 -16.6458 0.1407 -13.1625 75.4234 -5.8298 0.0000 25.3510 0.0000 8.1929 -2.0061 177.1143 -0.2842 -18.8149 -0.0358 27.4940 69.8914 23.9952 0.0000 25.6387 -0.0001 
-2.4378 91.3369 4.9052 -8.3237 -7.7120 -0.5162 -1.0826 1.6795 2.2573 -1.0834 1.6807 2.2588 -1.0858 1.6846 2.2640 38.1443 64.7942 -59.0620 -5.4691 23.9048 37.8335 -0.5160 -7.2429 -6.7215 0.4390 9.0851 -3.6295 0.0000 0.0000 0.0001 0.0000 0.0000 0.0000 0.0000 -0.0013 -0.0008 0.0000 -0.0004 0.0001 0.0000 0.0000 0.0000 0.0000 0.0000 0.0000 0.0000 0.0002 0.0000 0.0000 -0.0006 0.0003 0.0000 0.0004 -0.0006 0.0000 0.0000 0.0001 0.0000 0.0000 0.0000 0.0000 -0.0010 -0.0002 0.0000 0.0002 30.0001 -0.0001 0.0005 -29.9998 0.0000 0.0000 0.0000 9.2217 3.8829 -2.0427 9.2217 3.8829 -2.0427 -64.1743 61.4577 50.0755 -9.6136 66.7443 -49.5154 -33.7025 7.8290 -125.8571 5.9043 1.6836 9.3589 0.0000 -0.0001 0.0001 0.0000 0.0000 0.0000 0.0000 -0.0006 0.0003 0.0000 -0.0001 0.0001 0.0000 0.0000 0.0000 0.0000 0.0000 0.0000 0.0000 0.0007 0.0001 0.0000 -0.0012 0.0001 0.0000 -0.0008 0.0003 0.0000 0.0001 0.0000 0.0000 0.0000 0.0000 0.0000 -0.0009 0.0000 0.0000 0.0002 -29.9996 -0.0001 -0.0003 29.9996 0.0000 0.0000 0.0000 7.0980 1.3860 177.0720 -0.3817 -16.3041 0.1372 -13.2295 75.2726 -5.8563 0.0000 25.3510 0.0000 7.7413 -1.9253 177.2694 -0.2680 -18.3929 -0.0395 26.4850 69.8188 23.3143 0.0000 25.6513 -0.0001 
-2.5135 91.3784 4.9021 -8.2741 -7.6086 -0.5802 -1.0907 1.6312 2.2743 -1.0914 1.6324 2.2759 -1.0938 1.6362 2.2811 38.0207 64.8380 -59.2094 -5.4837 23.9691 37.7897 -0.4798 -7.2547 -6.7060 0.4378 9.0807 -3.6402 0.0000 0.0000 0.0001 0.0000 0.0000 0.0000 0.0000 -0.0013 -0.0008 0.0000 -0.0004 0.0001 0.0000 0.0000 0.0000 0.0000 0.0000 0.0000 0.0000 0.0002 0.0000 0.0000 -0.0006 0.0003 0.0000 0.0004 -0.0006 0.0000 0.0000 0.0001 0.0000 0.0000 0.0000 0.0000 -0.0010 -0.0002 0.0000 0.0002 30.0001 -0.0001 0.0005 -29.9998 0.0000 0.0000 0.0000 9.1012 3.9436 -2.0197 9.1012 3.9436 -2.0197 -64.3181 61.4166 50.3824 -5.6611 67.1955 -45.2911 -33.5308 8.0882 -126.8048 6.0847 1.5961 9.6692 0.0000 -0.0001 0.0001 0.0000 0.0000 0.0000 0.0000 -0.0006 0.0003 0.0000 -0.0001 0.0001 0.0000 0.0000 0.0000 0.0000 0.0000 0.0000 0.0000 0.0007 0.0001 0.0000 -0.0011 0.0001 0.0000 -0.0008 0.0003 0.0000 0.0001 0.0000 0.0000 0.0000 0.0000 0.0000 -0.0009 0.0000 0.0000 0.0002 -29.9996 -0.0001 -0.0003 29.9996 0.0000 0.0000 0.0000 6.9921 1.4408 177.1577 -0.3675 -15.9649 0.1341 -13.2640 75.1243 -5.8477 0.0000 25.3510 0.0000 7.2911 -1.8389 177.4168 -0.2535 -17.9899 -0.0427 25.4944 69.7510 22.6655 0.0000 25.6789 -0.0001 
-2.5858 91.4178 4.9027 -8.2374 -7.5080 -0.6408 -1.1022 1.5894 2.2918 -1.1029 1.5905 2.2934 -1.1054 1.5943 2.2987 37.8979 64.8847 -59.3749 -5.5061 24.0395 37.7307 -0.4400 -7.2607 -6.7018 0.4373 9.0744 -3.6517 0.0000 0.0000 0.0001 0.0000 0.0000 0.0000 0.0000 -0.0013 -0.0008 0.0000 -0.0004 0.0001 0.0000 0.0000 0.0000 0.0000 0.0000 0.0000 0.0000 0.0002 0.0000 0.0000 -0.0006 0.0003 0.0000 0.0004 -0.0006 0.0000 0.0000 0.0001 0.0000 0.0000 0.0000 0.0000 -0.0010 -0.0002 0.0000 0.0003 30.0001 -0.0001 0.0005 -29.9998 0.0000 0.0000 0.0000 8.9852 3.9910 -2.0092 8.9852 3.9910 -2.0092 -64.4559 61.4049 50.6689 -1.8979 67.5876 -41.0588 -33.4039 8.2161 -127.6812 6.2454 1.5254 9.9554 0.0000 -0.0001 0.0001 0.0000 0.0000 0.0000 0.0000 -0.0006 0.0003 0.0000 -0.0001 0.0001 0.0000 0.0000 0.0000 0.0000 0.0000 0.0000 0.0000 0.0007 0.0001 0.0000 -0.0012 0.0001 0.0000 -0.0008 0.0003 0.0000 0.0001 0.0000 0.0000 0.0000 0.0000 0.0000 -0.0009 0.0000 0.0000 0.0002 -29.9996 -0.0001 -0.0003 29.9996 0.0000 0.0000 0.0000 6.8985 1.4976 177.2390 -0.3545 -15.6336 0.1313 -13.2782 74.9809 -5.8162 0.0000 25.3510 0.0000 6.8586 -1.7545 177.5588 -0.2421 -17.6105 -0.0453 24.5454 69.6848 22.0580 0.0000 25.7089 -0.0001 
-2.6634 91.4542 4.9067 -8.2254 -7.4100 -0.6981 -1.1186 1.5536 2.3107 -1.1194 1.5547 2.3123 -1.1219 1.5584 2.3176 37.7959 64.9441 -59.5474 -5.5322 24.1126 37.6522 -0.3776 -7.2628 -6.7178 0.4383 9.0675 -3.6584 0.0000 0.0000 0.0001 0.0000 0.0000 0.0000 0.0000 -0.0013 -0.0008 0.0000 -0.0004 0.0001 0.0000 0.0000 0.0000 0.0000 0.0000 0.0000 0.0000 0.0002 -0.0001 0.0000 -0.0006 0.0003 0.0000 0.0004 -0.0006 0.0000 0.0000 0.0001 0.0000 0.0000 0.0000 0.0000 -0.0010 -0.0002 0.0000 0.0003 30.0001 -0.0001 0.0005 -29.9998 0.0000 0.0000 0.0000 8.8792 4.0275 -2.0154 8.8792 4.0275 -2.0154 -64.5553 61.4418 50.9180 1.4664 67.9371 -36.8946 -33.3469 8.1205 -128.4697 6.3771 1.4940 10.2036 0.0000 0.0000 0.0001 0.0000 0.0000 0.0000 0.0000 -0.0006 0.0003 0.0000 -0.0001 0.0001 0.0000 0.0000 0.0000 0.0000 0.0000 0.0000 0.0000 0.0007 0.0001 0.0000 -0.0012 0.0001 0.0000 -0.0008 0.0003 0.0000 0.0002 0.0000 0.0000 0.0000 0.0000 0.0000 -0.0009 0.0000 0.0000 0.0002 -29.9996 -0.0001 -0.0003 29.9996 0.0000 0.0000 0.0000 6.8199 1.5506 177.3221 -0.3409 -15.3230 0.1285 -13.3155 74.8461 -5.7953 0.0000 25.3510 0.0000 6.4715 -1.6927 177.7017 -0.2315 -17.2781 -0.0476 23.6529 69.6233 21.4903 0.0000 25.7317 -0.0001 
-2.7470 91.4891 4.9114 -8.2344 -7.3112 -0.7517 -1.1389 1.5197 2.3300 -1.1397 1.5208 2.3316 -1.1422 1.5244 2.3370 37.7134 65.0159 -59.7278 -5.5480 24.1786 37.5709 -0.3056 -7.2590 -6.7485 0.4403 9.0605 -3.6600 0.0000 0.0000 0.0001 0.0000 0.0000 0.0000 0.0000 -0.0013 -0.0008 0.0000 -0.0004 0.0001 0.0000 0.0000 0.0000 0.0000 0.0000 0.0000 0.0000 0.0002 0.0000 0.0000 -0.0006 0.0003 0.0000 0.0004 -0.0006 0.0000 0.0000 0.0001 0.0000 0.0000 0.0000 0.0000 -0.0010 -0.0002 0.0000 0.0002 30.0001 -0.0001 0.0005 -29.9998 0.0000 0.0000 0.0000 8.7789 4.0618 -2.0285 8.7789 4.0618 -2.0285 -64.6200 61.5196 51.1335 4.4675 68.2391 -32.8102 -33.3850 7.8673 -129.1791 6.4831 1.4950 10.4154 0.0000 -0.0001 0.0001 0.0000 0.0000 0.0000 0.0000 -0.0006 0.0003 0.0000 -0.0001 0.0001 0.0000 0.0000 0.0000 0.0000 0.0000 0.0000 0.0000 0.0007 0.0001 0.0000 -0.0012 0.0001 0.0000 -0.0008 0.0003 0.0000 0.0001 0.0000 0.0000 0.0000 0.0000 0.0000 -0.0009 0.0000 0.0000 0.0002 -29.9996 -0.0001 -0.0003 29.9996 0.0000 0.0000 0.0000 6.7542 1.5936 177.4073 -0.3275 -15.0348 0.1258 -13.3897 74.7210 -5.8022 0.0000 25.3510 0.0000 6.1097 -1.6533 177.8422 -0.2226 -16.9914 -0.0496 22.7935 69.5746 20.9510 0.0000 25.7342 -0.0001 
-2.8335 91.5230 4.9166 -8.2621 -7.2110 -0.8024 -1.1611 1.4863 2.3490 -1.1619 1.4874 2.3507 -1.1645 1.4909 2.3560 37.6471 65.0982 -59.9191 -5.5575 24.2472 37.4915 -0.2410 -7.2525 -6.7815 0.4424 9.0521 -3.6614 0.0000 0.0000 0.0001 0.0000 0.0000 0.0000 0.0000 -0.0013 -0.0008 0.0000 -0.0004 0.0001 0.0000 0.0000 0.0000 0.0000 0.0000 0.0000 0.0000 0.0002 0.0000 0.0000 -0.0006 0.0003 0.0000 0.0004 -0.0006 0.0000 0.0000 0.0001 0.0000 0.0000 0.0000 0.0000 -0.0010 -0.0002 0.0000 0.0003 30.0001 -0.0001 0.0005 -29.9998 0.0000 0.0000 0.0000 8.6785 4.0965 -2.0418 8.6785 4.0965 -2.0418 -64.6498 61.6205 51.3398 7.0741 68.5130 -28.8503 -33.5240 7.4791 -129.8111 6.5623 1.5267 10.5905 0.0000 -0.0001 0.0001 0.0000 0.0000 0.0000 0.0000 -0.0006 0.0003 0.0000 -0.0001 0.0001 0.0000 0.0000 0.0000 0.0000 0.0000 0.0000 0.0000 0.0007 0.0001 0.0000 -0.0012 0.0001 0.0000 -0.0008 0.0003 0.0000 0.0001 0.0000 0.0000 0.0000 0.0000 0.0000 -0.0008 0.0000 0.0000 0.0002 -29.9996 -0.0001 -0.0003 29.9996 0.0000 0.0000 0.0000 6.7044 1.6275 177.4939 -0.3154 -14.7654 0.1235 -13.4843 74.6053 -5.8280 0.0000 25.3510 0.0000 5.7791 -1.6349 177.9801 -0.2151 -16.7481 -0.0511 21.9799 69.5386 20.4437 0.0000 25.7106 -0.0001 
-2.9226 91.5528 4.9279 -8.3142 -7.1086 -0.8489 -1.1833 1.4516 2.3670 -1.1841 1.4527 2.3687 -1.1867 1.4561 2.3741 37.5949 65.1944 -60.1328 -5.5669 24.3387 37.4140 -0.1947 -7.2529 -6.7964 0.4431 9.0405 -3.6672 0.0000 0.0000 0.0001 0.0000 0.0000 0.0000 0.0000 -0.0013 -0.0008 0.0000 -0.0004 0.0001 0.0000 0.0000 0.0000 0.0000 0.0000 0.0000 0.0000 0.0003 0.0000 0.0000 -0.0006 0.0003 0.0000 0.0004 -0.0006 0.0000 0.0000 0.0001 0.0000 0.0000 0.0000 0.0000 -0.0010 -0.0002 0.0000 0.0003 30.0001 -0.0001 0.0005 -29.9998 0.0000 0.0000 0.0000 8.5693 4.1352 -2.0495 8.5693 4.1352 -2.0495 -64.6414 61.7410 51.5375 8.9606 68.8018 -25.1840 -33.8585 6.9236 -130.3026 6.5959 1.6007 10.6987 0.0000 -0.0001 0.0001 0.0000 0.0000 0.0000 0.0000 -0.0006 0.0003 0.0000 -0.0001 0.0001 0.0000 0.0000 0.0000 0.0000 0.0000 0.0000 0.0000 0.0007 0.0001 0.0000 -0.0012 0.0001 0.0000 -0.0008 0.0003 0.0000 0.0002 0.0000 0.0000 0.0000 0.0000 0.0000 -0.0008 0.0000 0.0000 0.0002 -29.9997 -0.0001 -0.0003 29.9996 0.0000 0.0000 0.0000 6.6833 1.6581 177.5815 -0.3054 -14.5110 0.1215 -13.5925 74.5014 -5.8759 0.0000 25.3510 0.0000 5.4937 -1.6467 178.1111 -0.2099 -16.5589 -0.0523 21.2380 69.5180 19.9882 0.0000 25.6706 -0.0001 
-3.0140 91.5803 4.9488 -8.3812 -7.0058 -0.8900 -1.2023 1.4162 2.3828 -1.2031 1.4172 2.3845 -1.2058 1.4206 2.3900 37.5493 65.2964 -60.3604 -5.5719 24.4568 37.3410 -0.1424 -7.2725 -6.7877 0.4426 9.0280 -3.6741 0.0000 0.0000 0.0001 0.0000 0.0000 0.0000 0.0000 -0.0013 -0.0008 0.0000 -0.0004 0.0001 0.0000 0.0000 0.0000 0.0000 0.0000 0.0000 0.0000 0.0003 -0.0001 0.0000 -0.0006 0.0003 0.0000 0.0004 -0.0006 0.0000 0.0000 0.0001 0.0000 0.0000 0.0000 0.0000 -0.0010 -0.0002 0.0000 0.0002 30.0001 -0.0001 0.0005 -29.9998 0.0000 0.0000 0.0000 8.4445 4.1767 -2.0529 8.4445 4.1767 -2.0529 -64.6057 61.8696 51.7278 10.1221 69.1137 -21.8500 -34.3817 6.2693 -130.6268 6.5760 1.7021 10.7335 0.0000 -0.0001 0.0001 0.0000 0.0000 0.0000 0.0000 -0.0006 0.0003 0.0000 -0.0001 0.0001 0.0000 0.0000 0.0000 0.0000 0.0000 0.0000 0.0000 0.0007 0.0001 0.0000 -0.0012 0.0001 0.0000 -0.0008 0.0003 0.0000 0.0001 0.0000 0.0000 0.0000 0.0000 0.0000 -0.0009 0.0000 0.0000 0.0002 -29.9996 -0.0001 -0.0003 29.9996 0.0000 0.0000 0.0000 6.6774 1.6924 177.6674 -0.2962 -14.2651 0.1197 -13.7250 74.4077 -5.9520 0.0000 25.3510 0.0000 5.2454 -1.6753 178.2319 -0.2054 -16.4031 -0.0532 20.5683 69.5074 19.5871 0.0000 25.6070 -0.0001 
-3.1062 91.6058 4.9730 -8.4588 -6.9050 -0.9262 -1.2191 1.3825 2.3970 -1.2199 1.3836 2.3986 -1.2226 1.3868 2.4041 37.5025 65.3985 -60.6063 -5.5683 24.5952 37.2751 -0.0764 -7.3070 -6.7675 0.4417 9.0153 -3.6805 0.0000 0.0000 0.0001 0.0000 0.0000 0.0000 0.0000 -0.0013 -0.0008 0.0000 -0.0004 0.0001 0.0000 0.0000 0.0000 0.0000 0.0000 0.0000 0.0000 0.0003 0.0000 0.0000 -0.0006 0.0003 0.0000 0.0004 -0.0006 0.0000 0.0000 0.0001 0.0000 0.0000 0.0000 0.0000 -0.0010 -0.0002 0.0000 0.0002 30.0001 -0.0001 0.0005 -29.9998 0.0000 0.0000 0.0000 8.3057 4.2176 -2.0566 8.3057 4.2176 -2.0566 -64.5474 62.0066 51.9081 10.5226 69.4491 -18.9334 -35.0390 5.5248 -130.7621 6.4952 1.8259 10.6874 0.0000 -0.0001 0.0001 0.0000 0.0000 0.0000 0.0000 -0.0006 0.0003 0.0000 -0.0001 0.0001 0.0000 0.0000 0.0000 0.0000 0.0000 0.0000 0.0000 0.0007 0.0001 0.0000 -0.0012 0.0001 0.0000 -0.0008 0.0003 0.0000 0.0001 0.0000 0.0000 0.0000 0.0000 0.0000 -0.0009 0.0000 0.0000 0.0002 -29.9996 -0.0001 -0.0003 29.9996 0.0000 0.0000 0.0000 6.6797 1.7299 177.7508 -0.2876 -14.0249 0.1180 -13.8763 74.3187 -6.0468 0.0000 25.3510 0.0000 5.0299 -1.7162 178.3418 -0.2019 -16.2736 -0.0539 19.9673 69.5018 19.2379 0.0000 25.5270 -0.0001 
-3.1930 91.6308 4.9902 -8.5471 -6.8125 -0.9568 -1.2350 1.3553 2.4104 -1.2359 1.3563 2.4121 -1.2387 1.3595 2.4176 37.4419 65.4977 -60.8828 -5.5619 24.7649 37.2064 0.0123 -7.3653 -6.7355 0.4406 9.0015 -3.6876 0.0000 0.0000 0.0001 0.0000 0.0000 0.0000 0.0000 -0.0013 -0.0008 0.0000 -0.0004 0.0001 0.0000 0.0000 0.0000 0.0000 0.0000 0.0000 0.0000 0.0002 -0.0001 0.0000 -0.0006 0.0003 0.0000 0.0004 -0.0006 0.0000 0.0000 0.0001 0.0000 0.0000 0.0000 0.0000 -0.0010 -0.0002 0.0000 0.0003 30.0001 -0.0001 0.0005 -29.9998 0.0000 0.0000 0.0000 8.1459 4.2527 -2.0675 8.1459 4.2527 -2.0675 -64.4654 62.1524 52.0753 9.4844 69.7893 -17.0312 -35.8124 4.7377 -130.5855 6.3275 1.9595 10.5154 0.0000 -0.0001 0.0001 0.0000 0.0000 0.0000 0.0000 -0.0006 0.0003 0.0000 -0.0001 0.0001 0.0000 0.0000 0.0000 0.0000 0.0000 0.0000 0.0000 0.0007 0.0001 0.0000 -0.0012 0.0001 0.0000 -0.0008 0.0003 0.0000 0.0001 0.0000 0.0000 0.0000 0.0000 0.0000 -0.0009 0.0000 0.0000 0.0002 -29.9997 -0.0001 -0.0003 29.9996 0.0000 0.0000 0.0000 6.6862 1.7625 177.8274 -0.2803 -13.8038 0.1166 -14.0356 74.2332 -6.1452 0.0000 25.3510 0.0000 4.8641 -1.7741 178.4387 -0.2005 -16.1844 -0.0543 19.4696 69.4988 18.9608 0.0000 25.4165 -0.0001 
-3.2782 91.6539 4.9933 -8.6380 -6.7301 -0.9831 -1.2523 1.3354 2.4245 -1.2531 1.3365 2.4262 -1.2559 1.3396 2.4317 37.3597 65.5945 -61.1871 -5.5576 24.9462 37.1303 0.1035 -7.4359 -6.6972 0.4394 8.9863 -3.6971 0.0000 0.0000 0.0001 0.0000 0.0000 0.0000 0.0000 -0.0013 -0.0008 0.0000 -0.0004 0.0001 0.0000 0.0000 0.0000 0.0000 0.0000 0.0000 0.0000 0.0002 0.0000 0.0000 -0.0006 0.0003 0.0000 0.0004 -0.0006 0.0000 0.0000 0.0001 0.0000 0.0000 0.0000 0.0000 -0.0010 -0.0002 0.0000 0.0002 30.0001 -0.0001 0.0005 -29.9998 0.0000 0.0000 0.0000 7.9645 4.2805 -2.0873 7.9645 4.2805 -2.0873 -64.3426 62.2973 52.2539 6.8955 70.1015 -16.3703 -36.5433 3.9893 -130.1242 6.0791 2.0727 10.2369 0.0000 -0.0001 0.0001 0.0000 0.0000 0.0000 0.0000 -0.0006 0.0003 0.0000 -0.0001 0.0001 0.0000 0.0000 0.0000 0.0000 0.0000 0.0000 0.0000 0.0007 0.0001 0.0000 -0.0012 0.0001 0.0000 -0.0008 0.0003 0.0000 0.0001 0.0000 0.0000 0.0000 0.0000 0.0000 -0.0008 0.0000 0.0000 0.0002 -29.9997 -0.0001 -0.0003 29.9996 0.0000 0.0000 0.0000 6.6897 1.7798 177.8998 -0.2741 -13.6139 0.1154 -14.2009 74.1496 -6.2452 0.0000 25.3510 0.0000 4.7473 -1.8424 178.5335 -0.1985 -16.1209 -0.0547 19.0489 69.4918 18.7192 0.0000 25.3051 -0.0001 
-3.3649 91.6734 4.9872 -8.7291 -6.6560 -1.0044 -1.2711 1.3219 2.4389 -1.2720 1.3229 2.4407 -1.2749 1.3260 2.4462 37.2613 65.6910 -61.5106 -5.5492 25.1340 37.0477 0.1972 -7.5167 -6.6532 0.4380 8.9702 -3.7074 0.0000 0.0000 0.0001 0.0000 0.0000 0.0000 0.0000 -0.0013 -0.0008 0.0000 -0.0004 0.0001 0.0000 0.0000 0.0000 0.0000 0.0000 0.0000 0.0000 0.0003 -0.0001 0.0000 -0.0006 0.0003 0.0000 0.0004 -0.0006 0.0000 0.0000 0.0001 0.0000 0.0000 0.0000 0.0000 -0.0010 -0.0002 0.0000 0.0002 30.0001 -0.0001 0.0005 -29.9998 0.0000 0.0000 0.0000 7.7617 4.3020 -2.1139 7.7617 4.3020 -2.1139 -64.1985 62.4498 52.4313 2.8136 70.3775 -16.9523 -37.1244 3.2594 -129.3956 5.7581 2.1606 9.8660 0.0000 -0.0001 0.0001 0.0000 0.0000 0.0000 0.0000 -0.0006 0.0003 0.0000 -0.0001 0.0001 0.0000 0.0000 0.0000 0.0000 0.0000 0.0000 0.0000 0.0007 0.0001 0.0000 -0.0012 0.0001 0.0000 -0.0008 0.0003 0.0000 0.0001 0.0000 0.0000 0.0000 0.0000 0.0000 -0.0008 0.0000 0.0000 0.0002 -29.9997 -0.0001 -0.0003 29.9996 0.0000 0.0000 0.0000 6.6862 1.7828 177.9680 -0.2682 -13.4571 0.1143 -14.3823 74.0705 -6.3546 0.0000 25.3510 0.0000 4.6724 -1.9106 178.6210 -0.1971 -16.0677 -0.0550 18.7066 69.4791 18.5177 0.0000 25.2118 -0.0001 
-3.4556 91.6898 4.9779 -8.8210 -6.5932 -1.0155 -1.2915 1.3155 2.4539 -1.2924 1.3165 2.4557 -1.2953 1.3196 2.4613 37.1556 65.7950 -61.8462 -5.5316 25.3402 36.9468 0.2960 -7.6160 -6.5856 0.4355 8.9538 -3.7178 0.0000 0.0000 0.0001 0.0000 0.0000 0.0000 0.0000 -0.0013 -0.0008 0.0000 -0.0004 0.0001 0.0000 0.0000 0.0000 0.0000 0.0000 0.0000 0.0000 0.0003 0.0000 0.0000 -0.0006 0.0003 0.0000 0.0004 -0.0006 0.0000 0.0000 0.0001 0.0000 0.0000 0.0000 0.0000 -0.0010 -0.0002 0.0000 0.0002 30.0001 -0.0001 0.0005 -29.9998 0.0000 0.0000 0.0000 7.5405 4.3153 -2.1509 7.5405 4.3153 -2.1509 -64.0646 62.6279 52.5715 -3.0857 70.5986 -19.1365 -37.4809 2.5781 -128.2656 5.3588 2.2128 9.3869 0.0000 -0.0001 0.0001 0.0000 0.0000 0.0000 0.0000 -0.0006 0.0003 0.0000 -0.0001 0.0001 0.0000 0.0000 0.0000 0.0000 0.0000 0.0000 0.0000 0.0007 0.0001 0.0000 -0.0012 0.0001 0.0000 -0.0008 0.0003 0.0000 0.0001 0.0000 0.0000 0.0000 0.0000 0.0000 -0.0009 0.0000 0.0000 0.0002 -29.9996 -0.0001 -0.0003 29.9996 0.0000 0.0000 0.0000 6.6728 1.7721 178.0280 -0.2623 -13.3454 0.1133 -14.5932 74.0032 -6.4829 0.0000 25.3511 0.0000 4.6523 -1.9609 178.6942 -0.1961 -16.0068 -0.0552 18.4676 69.4597 18.3674 0.0000 25.1426 -0.0001 
-3.5425 91.7027 4.9712 -8.9178 -6.5390 -1.0147 -1.3126 1.3128 2.4697 -1.3135 1.3138 2.4715 -1.3164 1.3168 2.4771 37.0671 65.9103 -62.1783 -5.5078 25.5605 36.8342 0.3776 -7.7252 -6.4818 0.4306 8.9361 -3.7302 0.0000 0.0000 0.0001 0.0000 0.0000 0.0000 0.0000 -0.0013 -0.0008 0.0000 -0.0004 0.0001 0.0000 0.0000 0.0000 0.0000 0.0000 0.0000 0.0000 0.0003 0.0000 0.0000 -0.0006 0.0003 0.0000 0.0004 -0.0006 0.0000 0.0000 0.0001 0.0000 0.0000 0.0000 0.0000 -0.0010 -0.0002 0.0000 0.0002 30.0001 -0.0001 0.0005 -29.9998 0.0000 0.0000 0.0000 7.2954 4.3237 -2.1993 7.2954 4.3237 -2.1993 -63.9963 62.8480 52.6382 -9.9465 70.7612 -22.2729 -37.7510 2.0248 -126.8078 4.9159 2.2130 8.8457 0.0000 -0.0001 0.0001 0.0000 0.0000 0.0000 0.0000 -0.0006 0.0003 0.0000 -0.0001 0.0001 0.0000 0.0000 0.0000 0.0000 0.0000 0.0000 0.0000 0.0007 0.0001 0.0000 -0.0012 0.0001 0.0000 -0.0008 0.0003 0.0000 0.0001 0.0000 0.0000 0.0000 0.0000 0.0000 -0.0009 0.0000 0.0000 0.0002 -29.9997 -0.0001 -0.0003 29.9996 0.0000 0.0000 0.0000 6.6606 1.7632 178.0744 -0.2571 -13.2534 0.1125 -14.7981 73.9430 -6.6012 0.0000 25.3510 0.0000 4.6584 -1.9930 178.7474 -0.1966 -15.9371 -0.0553 18.2941 69.4392 18.2619 0.0000 25.0972 -0.0001 
-3.6222 91.7137 4.9645 -9.0228 -6.4924 -1.0012 -1.3329 1.3129 2.4862 -1.3339 1.3140 2.4881 -1.3368 1.3170 2.4936 36.9928 66.0374 -62.5073 -5.4785 25.7876 36.7070 0.4322 -7.8394 -6.3301 0.4222 8.9169 -3.7454 0.0000 0.0000 0.0001 0.0000 0.0000 0.0000 0.0000 -0.0013 -0.0008 0.0000 -0.0004 0.0001 0.0000 0.0000 0.0000 0.0000 0.0000 0.0000 0.0000 0.0002 0.0000 0.0000 -0.0006 0.0003 0.0000 0.0004 -0.0006 0.0000 0.0000 0.0001 0.0000 0.0000 0.0000 0.0000 -0.0010 -0.0002 0.0000 0.0003 30.0001 -0.0001 0.0005 -29.9998 0.0000 0.0000 0.0000 7.0223 4.3264 -2.2588 7.0223 4.3264 -2.2588 -63.9620 63.0904 52.6658 -17.3872 70.8429 -26.0229 -37.9560 1.6235 -125.0884 4.4572 2.1628 8.2772 0.0000 -0.0001 0.0001 0.0000 0.0000 0.0000 0.0000 -0.0006 0.0003 0.0000 -0.0001 0.0001 0.0000 0.0000 0.0000 0.0000 0.0000 0.0000 0.0000 0.0007 0.0001 0.0000 -0.0011 0.0001 0.0000 -0.0008 0.0003 0.0000 0.0001 0.0000 0.0000 0.0000 0.0000 0.0000 -0.0008 0.0000 0.0000 0.0002 -29.9996 -0.0001 -0.0003 29.9996 0.0000 0.0000 0.0000 6.6579 1.7554 178.1055 -0.2532 -13.1775 0.1119 -14.9841 73.8880 -6.7023 0.0000 25.3510 0.0000 4.6812 -2.0182 178.7857 -0.1965 -15.8718 -0.0554 18.1406 69.4215 18.1656 0.0000 25.0685 -0.0001 
-3.6889 91.7198 4.9520 -9.1465 -6.4564 -0.9700 -1.3484 1.3157 2.5041 -1.3494 1.3168 2.5060 -1.3524 1.3198 2.5116 36.9329 66.1842 -62.8308 -5.4276 26.0137 36.5505 0.4492 -7.9618 -6.0872 0.4074 8.8971 -3.7619 0.0000 0.0000 0.0001 0.0000 0.0000 0.0000 0.0000 -0.0013 -0.0008 0.0000 -0.0004 0.0001 0.0000 0.0000 0.0000 0.0000 0.0000 0.0000 0.0000 0.0002 0.0000 0.0000 -0.0006 0.0003 0.0000 0.0004 -0.0006 0.0000 0.0000 0.0001 0.0000 0.0000 0.0000 0.0000 -0.0010 -0.0002 0.0000 0.0002 30.0001 -0.0001 0.0005 -29.9998 0.0000 0.0000 0.0000 6.7056 4.3205 -2.3293 6.7056 4.3205 -2.3293 -63.9727 63.4082 52.6286 -24.9178 70.8812 -30.0270 -38.0404 1.3379 -123.0702 4.0050 2.0813 7.7045 0.0000 -0.0001 0.0001 0.0000 0.0000 0.0000 0.0000 -0.0006 0.0003 0.0000 -0.0001 0.0001 0.0000 0.0000 0.0000 0.0000 0.0000 0.0000 0.0000 0.0007 0.0001 0.0000 -0.0012 0.0001 0.0000 -0.0008 0.0003 0.0000 0.0001 0.0000 0.0000 0.0000 0.0000 0.0000 -0.0008 0.0000 0.0000 0.0002 -29.9997 -0.0001 -0.0003 29.9996 0.0000 0.0000 0.0000 6.6740 1.7474 178.1144 -0.2517 -13.1206 0.1116 -15.1485 73.8360 -6.7845 0.0000 25.3510 0.0000 4.7232 -2.0592 178.8013 -0.1946 -15.8497 -0.0557 18.0061 69.4222 18.0867 0.0000 25.0462 -0.0001 
-3.7425 91.7221 4.9367 -9.2895 -6.4309 -0.9250 -1.3608 1.3245 2.5241 -1.3618 1.3256 2.5260 -1.3648 1.3287 2.5316 36.8860 66.3432 -63.1497 -5.3421 26.2441 36.3515 0.4391 -8.1079 -5.7304 0.3851 8.8778 -3.7774 0.0000 0.0000 0.0001 0.0000 0.0000 0.0000 0.0000 -0.0013 -0.0008 0.0000 -0.0004 0.0001 0.0000 0.0000 0.0000 0.0000 0.0000 0.0000 0.0000 0.0002 -0.0001 0.0000 -0.0006 0.0003 0.0000 0.0004 -0.0006 0.0000 0.0000 0.0001 0.0000 0.0000 0.0000 0.0000 -0.0010 -0.0002 0.0000 0.0002 30.0001 -0.0001 0.0005 -29.9998 0.0000 0.0000 0.0000 6.3580 4.3045 -2.4012 6.3580 4.3045 -2.4012 -63.9766 63.8107 52.5742 -31.7525 70.9093 -33.6162 -38.0762 1.1183 -120.8129 3.5947 1.9948 7.1522 0.0000 -0.0001 0.0001 0.0000 0.0000 0.0000 0.0000 -0.0006 0.0003 0.0000 -0.0001 0.0001 0.0000 0.0000 0.0000 0.0000 0.0000 0.0000 0.0000 0.0007 0.0001 0.0000 -0.0012 0.0001 0.0000 -0.0008 0.0003 0.0000 0.0002 0.0000 0.0000 0.0000 0.0000 0.0000 -0.0009 0.0000 0.0000 0.0002 -29.9996 -0.0001 -0.0002 29.9996 0.0000 0.0000 0.0000 6.7045 1.7366 178.1044 -0.2522 -13.0906 0.1116 -15.3109 73.7950 -6.8636 0.0000 25.3510 0.0000 4.7861 -2.1226 178.7989 -0.1915 -15.8841 -0.0561 17.8971 69.4468 18.0321 0.0000 25.0008 -0.0001 
-3.7809 91.7211 4.9229 -9.4499 -6.4160 -0.8686 -1.3704 1.3393 2.5459 -1.3715 1.3404 2.5479 -1.3745 1.3435 2.5535 36.8368 66.5072 -63.4755 -5.2112 26.4565 36.1122 0.3818 -8.2580 -5.2449 0.3535 8.8589 -3.7925 0.0000 0.0000 0.0001 0.0000 0.0000 0.0000 0.0000 -0.0013 -0.0008 0.0000 -0.0004 0.0001 0.0000 0.0000 0.0000 0.0000 0.0000 0.0000 0.0000 0.0002 0.0000 0.0000 -0.0006 0.0003 0.0000 0.0004 -0.0006 0.0000 0.0000 0.0001 0.0000 0.0000 0.0000 0.0000 -0.0010 -0.0002 0.0000 0.0002 30.0001 -0.0001 0.0005 -29.9998 0.0000 0.0000 0.0000 5.9791 4.2820 -2.4696 5.9791 4.2820 -2.4696 -63.9896 64.3015 52.4911 -37.9781 71.0193 -36.7908 -38.1193 0.8770 -118.4113 3.2162 1.9081 6.6287 0.0000 -0.0001 0.0001 0.0000 0.0000 0.0000 0.0000 -0.0006 0.0003 0.0000 -0.0001 0.0001 0.0000 0.0000 0.0000 0.0000 0.0000 0.0000 0.0000 0.0007 0.0001 0.0000 -0.0012 0.0001 0.0000 -0.0008 0.0003 0.0000 0.0001 0.0000 0.0000 0.0000 0.0000 0.0000 -0.0009 0.0000 0.0000 0.0002 -29.9996 -0.0001 -0.0003 29.9996 0.0000 0.0000 0.0000 6.7461 1.7212 178.0760 -0.2551 -13.0970 0.1119 -15.4762 73.7728 -6.9417 0.0000 25.3511 0.0000 4.8738 -2.2062 178.7795 -0.1884 -15.9766 -0.0564 17.8294 69.4952 18.0129 0.0000 25.0007 -0.0001 
-3.7958 91.7097 4.9125 -9.6329 -6.4206 -0.7974 -1.3770 1.3646 2.5714 -1.3781 1.3658 2.5734 -1.3810 1.3689 2.5790 36.8123 66.6683 -63.7797 -5.0138 26.6640 35.7653 0.2032 -8.3960 -4.4834 0.3014 8.8375 -3.8161 0.0000 0.0000 0.0001 0.0000 0.0000 0.0000 0.0000 -0.0013 -0.0008 0.0000 -0.0004 0.0001 0.0000 0.0000 0.0000 0.0000 0.0000 0.0000 0.0000 0.0003 0.0000 0.0000 -0.0006 0.0003 0.0000 0.0004 -0.0006 0.0000 0.0000 0.0001 0.0000 0.0000 0.0000 0.0000 -0.0010 -0.0002 0.0000 0.0002 30.0001 -0.0001 0.0005 -29.9998 0.0000 0.0000 0.0000 5.5424 4.2558 -2.5326 5.5424 4.2558 -2.5326 -63.9395 64.8999 52.4551 -42.5509 71.2146 -38.8087 -38.4701 0.9225 -115.8602 2.9123 1.8147 6.1552 0.0000 -0.0001 0.0001 0.0000 0.0000 0.0000 0.0000 -0.0006 0.0002 0.0000 -0.0001 0.0001 0.0000 0.0000 0.0000 0.0000 0.0000 0.0000 0.0000 0.0007 0.0001 0.0000 -0.0012 0.0001 0.0000 -0.0008 0.0003 0.0000 0.0001 0.0000 0.0000 0.0000 0.0000 0.0000 -0.0009 0.0000 0.0000 0.0002 -29.9996 -0.0001 -0.0003 29.9996 0.0000 0.0000 0.0000 6.7950 1.6967 178.0209 -0.2619 -13.1688 0.1129 -15.6526 73.7840 -7.0187 0.0000 25.3510 0.0000 5.0013 -2.3077 178.7365 -0.1869 -16.1430 -0.0563 17.8340 69.5714 18.0504 0.0000 25.0008 -0.0001 
-3.7951 91.6931 4.9019 -9.8294 -6.4386 -0.7238 -1.3826 1.3958 2.6015 -1.3837 1.3970 2.6036 -1.3866 1.4002 2.6093 36.8646 66.8316 -64.0082 -4.7806 26.9124 35.2794 -0.1211 -8.5184 -3.4024 0.2256 8.8105 -3.8563 0.0000 0.0000 0.0001 0.0000 0.0000 0.0000 0.0000 -0.0013 -0.0008 0.0000 -0.0004 0.0001 0.0000 0.0000 0.0000 0.0000 0.0000 0.0000 0.0000 0.0002 0.0000 0.0000 -0.0006 0.0003 0.0000 0.0004 -0.0006 0.0000 0.0000 0.0001 0.0000 0.0000 0.0000 0.0000 -0.0010 -0.0002 0.0000 0.0002 30.0001 -0.0001 0.0005 -29.9998 0.0000 0.0000 0.0000 5.0820 4.2327 -2.5890 5.0820 4.2327 -2.5890 -63.8649 65.5983 52.4442 -45.6261 71.4753 -39.6887 -39.1433 1.2226 -113.2506 2.6693 1.7216 5.7210 0.0000 -0.0001 0.0001 0.0000 0.0000 0.0000 0.0000 -0.0006 0.0003 0.0000 -0.0001 0.0001 0.0000 0.0000 0.0000 0.0000 0.0000 0.0000 0.0000 0.0007 0.0001 0.0000 -0.0012 0.0001 0.0000 -0.0008 0.0003 0.0000 0.0001 0.0000 0.0000 0.0000 0.0000 0.0000 -0.0009 0.0000 0.0000 0.0002 -29.9996 -0.0001 -0.0003 29.9996 0.0000 0.0000 0.0000 6.8418 1.6585 177.9538 -0.2715 -13.2948 0.1143 -15.8413 73.8191 -7.0937 0.0000 25.3510 0.0000 5.1555 -2.4223 178.6843 -0.1851 -16.3597 -0.0562 17.9012 69.6678 18.1415 0.0000 25.0008 -0.0001 
-3.7802 91.6716 4.8920 -10.0348 -6.4673 -0.6481 -1.3858 1.4304 2.6330 -1.3869 1.4317 2.6352 -1.3899 1.4349 2.6408 37.0241 67.0087 -64.1229 -4.5477 27.2246 34.6545 -0.5642 -8.6163 -2.0066 0.1266 8.7782 -3.9129 0.0000 0.0000 0.0001 0.0000 0.0000 0.0000 0.0000 -0.0013 -0.0008 0.0000 -0.0004 0.0001 0.0000 0.0000 0.0000 0.0000 0.0000 0.0000 0.0000 0.0002 -0.0001 0.0000 -0.0006 0.0003 0.0000 0.0004 -0.0006 0.0000 0.0000 0.0001 0.0000 0.0000 0.0000 0.0000 -0.0010 -0.0002 0.0000 0.0002 30.0001 -0.0001 0.0005 -29.9998 0.0000 0.0000 0.0000 4.5975 4.2125 -2.6385 4.5975 4.2125 -2.6385 -63.8638 66.3607 52.3945 -47.6208 71.8170 -39.7784 -40.0880 1.7336 -110.5806 2.4688 1.6322 5.3160 0.0000 -0.0001 0.0001 0.0000 0.0000 0.0000 0.0000 -0.0006 0.0003 0.0000 -0.0001 0.0000 0.0000 0.0000 0.0000 0.0000 0.0000 0.0000 0.0000 0.0007 0.0001 0.0000 -0.0012 0.0001 0.0000 -0.0008 0.0003 0.0000 0.0001 0.0000 0.0000 0.0000 0.0000 0.0000 -0.0009 0.0000 0.0000 0.0002 -29.9997 -0.0001 -0.0003 29.9996 0.0000 0.0000 0.0000 6.8858 1.6110 177.8754 -0.2836 -13.4603 0.1161 -16.0311 73.8716 -7.1581 0.0000 25.3510 0.0000 5.3261 -2.5369 178.6223 -0.1826 -16.5971 -0.0562 18.0248 69.7723 18.2887 0.0000 25.0008 -0.0001 
-3.7377 91.6479 4.8900 -10.2481 -6.5131 -0.5637 -1.3843 1.4688 2.6596 -1.3855 1.4701 2.6619 -1.3884 1.4734 2.6676 37.3287 67.1988 -64.0790 -4.3575 27.6474 33.8063 -1.1005 -8.6453 -0.1329 -0.0083 8.7403 -3.9893 0.0000 0.0000 0.0001 0.0000 0.0000 0.0000 0.0000 -0.0013 -0.0008 0.0000 -0.0004 0.0001 0.0000 0.0000 0.0000 0.0000 0.0000 0.0000 0.0000 0.0002 0.0000 0.0000 -0.0006 0.0003 0.0000 0.0004 -0.0006 0.0000 0.0000 0.0001 0.0000 0.0000 0.0000 0.0000 -0.0010 -0.0002 0.0000 0.0002 30.0001 -0.0001 0.0005 -29.9998 0.0000 0.0000 0.0000 4.0829 4.1923 -2.6789 4.0829 4.1923 -2.6789 -63.9591 67.1238 52.2905 -48.8213 72.2106 -39.2825 -41.3136 2.5134 -107.8683 2.3000 1.5414 4.9334 0.0000 -0.0001 0.0001 0.0000 0.0000 0.0000 0.0000 -0.0006 0.0003 0.0000 -0.0001 0.0000 0.0000 0.0000 0.0000 0.0000 0.0000 0.0000 0.0000 0.0007 0.0001 0.0000 -0.0011 0.0001 0.0000 -0.0008 0.0003 0.0000 0.0001 0.0000 0.0000 0.0000 0.0000 0.0000 -0.0008 0.0000 0.0000 0.0002 -29.9997 -0.0001 -0.0003 29.9996 0.0000 0.0000 0.0000 6.9304 1.5573 177.7709 -0.3006 -13.6811 0.1187 -16.1961 73.9557 -7.1863 0.0000 25.3510 0.0000 5.5067 -2.6395 178.5334 -0.1816 -16.8536 -0.0559 18.2452 69.8847 18.5456 0.0000 25.0008 -0.0001 
-3.6689 91.6189 4.9006 -10.4622 -6.5734 -0.4739 -1.3775 1.5098 2.6782 -1.3787 1.5112 2.6806 -1.3815 1.5145 2.6862 37.7491 67.3885 -63.9032 -4.2295 28.1651 32.7789 -1.6372 -8.5970 2.1146 -0.1717 8.6997 -4.0751 0.0000 0.0000 0.0001 0.0000 0.0000 0.0000 0.0000 -0.0013 -0.0008 0.0000 -0.0004 0.0001 0.0000 0.0000 0.0000 0.0000 0.0000 0.0000 0.0000 0.0002 0.0000 0.0000 -0.0006 0.0003 0.0000 0.0004 -0.0006 0.0000 0.0000 0.0001 0.0000 0.0000 0.0000 0.0000 -0.0010 -0.0002 0.0000 0.0002 30.0001 -0.0001 0.0005 -29.9998 0.0000 0.0000 0.0000 3.5493 4.1599 -2.7074 3.5493 4.1599 -2.7074 -64.1940 67.8836 52.0813 -49.3735 72.4745 -38.4646 -42.5354 3.7032 -105.1743 2.1771 1.4545 4.5906 0.0000 -0.0001 0.0001 0.0000 0.0000 0.0000 0.0000 -0.0006 0.0003 0.0000 -0.0001 0.0001 0.0000 0.0000 0.0000 0.0000 0.0000 0.0000 0.0000 0.0007 0.0001 0.0000 -0.0012 0.0001 0.0000 -0.0008 0.0003 0.0000 0.0001 0.0000 0.0000 0.0000 0.0000 0.0000 -0.0008 0.0000 0.0000 0.0002 -29.9996 -0.0001 -0.0003 29.9996 0.0000 0.0000 0.0000 6.9779 1.5214 177.6443 -0.3221 -13.9107 0.1219 -16.3000 74.0567 -7.1504 0.0000 25.3511 0.0000 5.6866 -2.7346 178.4198 -0.1851 -17.1409 -0.0549 18.5453 70.0060 18.8971 0.0000 25.0006 -0.0001 
-3.5952 91.5874 4.9169 -10.6743 -6.6473 -0.3833 -1.3638 1.5524 2.6881 -1.3650 1.5539 2.6905 -1.3678 1.5572 2.6961 38.2927 67.5845 -63.5750 -4.1583 28.7621 31.6018 -2.1493 -8.4868 4.6725 -0.3581 8.6582 -4.1644 0.0000 0.0000 0.0001 0.0000 0.0000 0.0000 0.0000 -0.0013 -0.0008 0.0000 -0.0004 0.0001 0.0000 0.0000 0.0000 0.0000 0.0000 0.0000 0.0000 0.0002 0.0000 0.0000 -0.0006 0.0003 0.0000 0.0004 -0.0006 0.0000 0.0000 0.0001 0.0000 0.0000 0.0000 0.0000 -0.0010 -0.0002 0.0000 0.0002 30.0001 -0.0001 0.0005 -29.9998 0.0000 0.0000 0.0000 2.9995 4.1122 -2.7159 2.9995 4.1122 -2.7159 -64.5824 68.6099 51.7417 -49.9682 72.6241 -37.8015 -43.5116 5.0359 -102.5596 2.0751 1.3792 4.2798 0.0000 -0.0001 0.0001 0.0000 0.0000 0.0000 0.0000 -0.0006 0.0003 0.0000 -0.0001 0.0001 0.0000 0.0000 0.0000 0.0000 0.0000 0.0000 0.0000 0.0007 0.0001 0.0000 -0.0012 0.0001 0.0000 -0.0008 0.0003 0.0000 0.0001 0.0000 0.0000 0.0000 0.0000 0.0000 -0.0009 0.0000 0.0000 0.0002 -29.9996 -0.0001 -0.0003 29.9996 0.0000 0.0000 0.0000 7.0289 1.5070 177.5151 -0.3438 -14.1316 0.1252 -16.3773 74.1598 -7.0894 0.0000 25.3510 0.0000 5.8777 -2.8328 178.3023 -0.1888 -17.4700 -0.0538 18.8898 70.1385 19.2913 0.0000 25.0003 -0.0001 
-3.5359 91.5558 4.9290 -10.8721 -6.7406 -0.2948 -1.3414 1.5995 2.6850 -1.3426 1.6011 2.6874 -1.3453 1.6045 2.6931 38.9791 67.8067 -63.0390 -4.1368 29.4364 30.2316 -2.6390 -8.3029 7.6452 -0.5758 8.6184 -4.2558 0.0000 0.0000 0.0001 0.0000 0.0000 0.0000 0.0000 -0.0013 -0.0008 0.0000 -0.0004 0.0001 0.0000 0.0000 0.0000 0.0000 0.0000 0.0000 0.0000 0.0002 0.0000 0.0000 -0.0006 0.0003 0.0000 0.0004 -0.0006 0.0000 0.0000 0.0001 0.0000 0.0000 0.0000 0.0000 -0.0010 -0.0002 0.0000 0.0002 30.0001 -0.0001 0.0005 -29.9998 0.0000 0.0000 0.0000 2.4324 4.0344 -2.6827 2.4325 4.0344 -2.6827 -65.1834 69.2517 51.2189 -50.8359 72.6569 -37.4779 -44.0832 6.3173 -100.0600 1.9920 1.3273 4.0000 0.0000 -0.0001 0.0001 0.0000 0.0000 0.0000 0.0000 -0.0006 0.0003 0.0000 -0.0001 0.0001 0.0000 0.0000 0.0000 0.0000 0.0000 0.0000 0.0000 0.0007 0.0001 0.0000 -0.0011 0.0001 0.0000 -0.0008 0.0003 0.0000 0.0001 0.0000 0.0000 0.0000 0.0000 0.0000 -0.0009 0.0000 0.0000 0.0002 -29.9996 -0.0001 -0.0003 29.9996 0.0000 0.0000 0.0000 7.0818 1.5226 177.3997 -0.3614 -14.3270 0.1280 -16.4468 74.2470 -7.0313 0.0000 25.3511 0.0000 6.1082 -2.9431 178.1868 -0.1914 -17.8622 -0.0527 19.3208 70.2794 19.7346 0.0000 25.0000 -0.0001 
-3.4895 91.5247 4.9263 -11.0443 -6.8529 -0.2048 -1.3146 1.6519 2.6712 -1.3158 1.6534 2.6735 -1.3185 1.6570 2.6791 39.7567 68.0559 -62.3508 -4.1186 30.1578 28.7342 -3.1037 -8.0846 10.8499 -0.8105 8.5787 -4.3445 0.0000 0.0000 0.0001 0.0000 0.0000 0.0000 0.0000 -0.0013 -0.0008 0.0000 -0.0004 0.0001 0.0000 0.0000 0.0000 0.0000 0.0000 0.0000 0.0000 0.0002 0.0000 0.0000 -0.0006 0.0003 0.0000 0.0004 -0.0006 0.0000 0.0000 0.0001 0.0000 0.0000 0.0000 0.0000 -0.0010 -0.0002 0.0000 0.0002 30.0001 -0.0001 0.0005 -29.9998 0.0000 0.0000 0.0000 1.8600 3.9352 -2.6118 1.8600 3.9352 -2.6118 -65.7862 69.7898 50.7140 -51.6275 72.5264 -37.2248 -44.3075 7.5950 -97.6093 1.9385 1.3061 3.7520 0.0000 -0.0001 0.0001 0.0000 0.0000 0.0000 0.0000 -0.0006 0.0003 0.0000 -0.0001 0.0001 0.0000 0.0000 0.0000 0.0000 0.0000 0.0000 0.0000 0.0007 0.0001 0.0000 -0.0012 0.0001 0.0000 -0.0008 0.0003 0.0000 0.0001 0.0000 0.0000 0.0000 0.0000 0.0000 -0.0009 0.0000 0.0000 0.0002 -29.9996 -0.0001 -0.0003 29.9996 0.0000 0.0000 0.0000 7.1263 1.5370 177.2936 -0.3761 -14.5410 0.1306 -16.5270 74.3283 -6.9944 0.0000 25.0440 0.0000 6.3753 -3.0482 178.0694 -0.1937 -18.2722 -0.0517 19.8264 70.4034 20.2009 0.0000 24.9997 -0.0001 
-3.4420 91.4937 4.9150 -11.1876 -6.9799 -0.1166 -1.2877 1.7092 2.6509 -1.2888 1.7108 2.6532 -1.2915 1.7144 2.6588 40.5598 68.3347 -61.5838 -4.1010 30.9163 27.1363 -3.5484 -7.8369 14.2365 -1.0582 8.5352 -4.4348 0.0000 0.0000 0.0001 0.0000 0.0000 0.0000 0.0000 -0.0013 -0.0008 0.0000 -0.0004 0.0001 0.0000 0.0000 0.0000 0.0000 0.0000 0.0000 0.0000 0.0002 0.0000 0.0000 -0.0006 0.0003 0.0000 0.0004 -0.0006 0.0000 0.0000 0.0001 0.0000 0.0000 0.0000 0.0000 -0.0010 -0.0002 0.0000 0.0002 30.0001 -0.0001 0.0005 -29.9998 0.0000 0.0000 0.0000 1.2911 3.8226 -2.5109 1.2911 3.8226 -2.5109 -66.4003 70.2721 50.2126 -52.2553 72.2538 -36.9470 -44.2695 8.7583 -95.2144 1.9050 1.3148 3.5270 0.0000 -0.0001 0.0001 0.0000 0.0000 0.0000 0.0000 -0.0006 0.0003 0.0000 -0.0001 0.0001 0.0000 0.0000 0.0000 0.0000 0.0000 0.0000 0.0000 0.0007 0.0001 0.0000 -0.0011 0.0001 0.0000 -0.0008 0.0003 0.0000 0.0002 0.0000 0.0000 0.0000 0.0000 0.0000 -0.0009 0.0000 0.0000 0.0002 -29.9996 -0.0001 -0.0003 29.9996 0.0000 0.0000 0.0000 7.1567 1.5437 177.1885 -0.3904 -14.7826 0.1332 -16.5871 74.4115 -6.9434 0.0000 25.0438 0.0000 6.6624 -3.1411 177.9407 -0.2001 -18.6834 -0.0499 20.4196 70.5024 20.7155 0.0000 24.9993 -0.0001 
-3.3864 91.4626 4.9115 -11.2900 -7.1246 -0.0351 -1.2590 1.7720 2.6236 -1.2601 1.7737 2.6259 -1.2627 1.7775 2.6314 41.3752 68.6559 -60.7440 -4.0997 31.7725 25.4145 -4.0005 -7.5191 17.9247 -1.3281 8.4801 -4.5427 0.0000 0.0000 0.0001 0.0000 0.0000 0.0000 0.0000 -0.0013 -0.0008 0.0000 -0.0004 0.0001 0.0000 0.0000 0.0000 0.0000 0.0000 0.0000 0.0000 0.0002 0.0000 0.0000 -0.0006 0.0003 0.0000 0.0004 -0.0006 0.0000 0.0000 0.0001 0.0000 0.0000 0.0000 0.0000 -0.0010 -0.0002 0.0000 0.0002 30.0001 -0.0001 0.0005 -29.9998 0.0000 0.0000 0.0000 0.7316 3.7022 -2.3751 0.7316 3.7022 -2.3751 -66.9953 70.6511 49.7183 -52.5717 71.8025 -36.5142 -44.0326 9.6983 -92.9239 1.8951 1.3618 3.3195 0.0000 -0.0001 0.0001 0.0000 0.0000 0.0000 0.0000 -0.0006 0.0003 0.0000 -0.0001 0.0001 0.0000 0.0000 0.0000 0.0000 0.0000 0.0000 0.0000 0.0007 0.0001 0.0000 -0.0011 0.0001 0.0000 -0.0008 0.0003 0.0000 0.0001 0.0000 0.0000 0.0000 0.0000 0.0000 -0.0009 0.0000 0.0000 0.0002 -29.9996 -0.0001 -0.0003 29.9996 0.0000 0.0000 0.0000 7.1609 1.5563 177.0816 -0.4049 -15.0455 0.1360 -16.5914 74.4978 -6.8366 0.0000 25.0433 0.0000 6.9564 -3.1937 177.8064 -0.2100 -19.0707 -0.0476 21.1025 70.5756 21.2809 0.0000 24.9989 -0.0001 
-3.3355 91.4347 4.9332 -11.3664 -7.2801 0.0431 -1.2275 1.8396 2.5908 -1.2286 1.8413 2.5931 -1.2310 1.8453 2.5986 42.4083 69.0286 -59.6670 -4.2178 32.8224 23.5981 -4.4194 -7.1276 21.7755 -1.6083 8.4055 -4.6726 0.0000 0.0000 0.0001 0.0000 0.0000 0.0000 0.0000 -0.0013 -0.0008 0.0000 -0.0004 0.0001 0.0000 0.0000 0.0000 0.0000 0.0000 0.0000 0.0000 0.0003 0.0000 0.0000 -0.0006 0.0003 0.0000 0.0004 -0.0006 0.0000 0.0000 0.0001 0.0000 0.0000 0.0000 0.0000 -0.0010 -0.0002 0.0000 0.0002 30.0001 -0.0001 0.0005 -29.9998 0.0000 0.0000 0.0000 0.1821 3.5805 -2.2204 0.1821 3.5805 -2.2204 -67.4602 70.9614 49.3388 -52.6777 71.1585 -35.9166 -43.7702 10.5384 -90.7502 1.8517 1.3900 3.0797 0.0000 -0.0001 0.0001 0.0000 0.0000 0.0000 0.0000 -0.0006 0.0003 0.0000 -0.0001 0.0001 0.0000 0.0000 0.0000 0.0000 0.0000 0.0000 0.0000 0.0007 0.0001 0.0000 -0.0012 0.0001 0.0000 -0.0008 0.0003 0.0000 0.0001 0.0000 0.0000 0.0000 0.0000 0.0000 -0.0009 0.0000 0.0000 0.0002 -29.9997 -0.0001 -0.0003 29.9996 0.0000 0.0000 0.0000 7.1467 1.6018 176.9768 -0.4176 -15.2905 0.1386 -16.5568 74.5783 -6.6887 0.0000 25.0427 0.0000 7.2366 -3.1897 177.6765 -0.2185 -19.4207 -0.0454 21.8274 70.6498 21.8809 0.0000 24.9984 -0.0001 
-3.2923 91.4099 4.9769 -11.4265 -7.4454 0.1169 -1.1898 1.9104 2.5522 -1.1908 1.9122 2.5545 -1.1932 1.9163 2.5599 43.5767 69.4448 -58.4332 -4.4733 34.0449 21.7005 -4.7350 -6.6799 25.7017 -1.8909 8.3108 -4.8194 0.0000 0.0000 0.0001 0.0000 0.0000 0.0000 0.0000 -0.0013 -0.0008 0.0000 -0.0004 0.0001 0.0000 0.0000 0.0000 0.0000 0.0000 0.0000 0.0000 0.0002 0.0000 0.0000 -0.0006 0.0003 0.0000 0.0004 -0.0006 0.0000 0.0000 0.0001 0.0000 0.0000 0.0000 0.0000 -0.0010 -0.0002 0.0000 0.0002 30.0001 -0.0001 0.0006 -29.9998 0.0000 0.0000 0.0000 -0.3617 3.4590 -2.0500 -0.3617 3.4590 -2.0500 -67.8905 71.2322 49.0055 -52.9299 70.3098 -35.4182 -43.5250 11.3804 -88.6993 1.6963 1.3197 2.7405 0.0000 -0.0001 0.0001 0.0000 0.0000 0.0000 0.0000 -0.0007 0.0003 0.0000 -0.0001 0.0001 0.0000 0.0000 0.0000 0.0000 0.0000 0.0000 0.0000 0.0007 0.0001 0.0000 -0.0012 0.0001 0.0000 -0.0008 0.0003 0.0000 0.0001 0.0000 0.0000 0.0000 0.0000 0.0000 -0.0008 0.0000 0.0000 0.0002 -29.9996 -0.0001 -0.0003 29.9996 0.0000 0.0000 0.0000 7.1329 1.6842 176.8798 -0.4289 -15.5067 0.1410 -16.4758 74.6510 -6.5051 0.0000 25.0420 0.0000 7.4938 -3.1384 177.5571 -0.2248 -19.7443 -0.0437 22.5640 70.7321 22.5011 0.0000 24.9978 -0.0001 
-3.2654 91.3885 5.0397 -11.5119 -7.6218 0.1980 -1.1288 1.9840 2.5001 -1.1297 1.9859 2.5023 -1.1320 1.9901 2.5076 44.7239 69.9161 -57.1870 -4.8970 35.4519 19.7135 -4.8607 -6.1821 29.6417 -2.1690 8.1926 -4.9838 0.0000 0.0000 0.0001 0.0000 0.0000 0.0000 0.0000 -0.0013 -0.0008 0.0000 -0.0004 0.0001 0.0000 0.0000 0.0000 0.0000 0.0000 0.0000 0.0000 0.0003 0.0000 0.0000 -0.0006 0.0003 0.0000 0.0004 -0.0006 0.0000 0.0000 0.0001 0.0000 0.0000 0.0000 0.0000 -0.0010 -0.0002 0.0000 0.0002 30.0001 -0.0001 0.0005 -29.9998 0.0000 0.0000 0.0000 -0.8977 3.3376 -1.8600 -0.8977 3.3376 -1.8600 -68.2740 71.4628 48.7238 -52.8744 69.2442 -34.7984 -43.3593 12.3018 -86.9079 1.5813 1.2748 2.4422 0.0000 -0.0001 0.0001 0.0000 0.0000 0.0000 0.0000 -0.0006 0.0003 0.0000 -0.0001 0.0001 0.0000 0.0000 0.0000 0.0000 0.0000 0.0000 0.0000 0.0007 0.0001 0.0000 -0.0011 0.0001 0.0000 -0.0008 0.0003 0.0000 0.0001 0.0000 0.0000 0.0000 0.0000 0.0000 -0.0009 0.0000 0.0000 0.0002 -29.9996 -0.0001 -0.0003 29.9996 0.0000 0.0000 0.0000 7.1885 1.8051 176.7967 -0.4390 -15.7052 0.1431 -16.3403 74.7296 -6.3095 0.0000 25.0413 0.0000 7.7490 -3.0491 177.4435 -0.2285 -20.0413 -0.0425 23.2672 70.8191 23.1130 0.0000 24.9971 -0.0001 
-3.2502 91.3658 5.1036 -11.6556 -7.7899 0.3183 -1.0455 2.0529 2.4288 -1.0464 2.0547 2.4309 -1.0485 2.0592 2.4361 45.9422 70.4228 -55.9026 -5.4591 36.9623 17.7779 -4.7514 -5.5568 33.4821 -2.4374 8.0537 -5.1534 0.0000 0.0000 0.0001 0.0000 0.0000 0.0000 0.0000 -0.0013 -0.0008 0.0000 -0.0004 0.0001 0.0000 0.0000 0.0000 0.0000 0.0000 0.0000 0.0000 0.0002 0.0000 0.0000 -0.0006 0.0003 0.0000 0.0004 -0.0006 0.0000 0.0000 0.0001 0.0000 0.0000 0.0000 0.0000 -0.0010 -0.0002 0.0000 0.0002 30.0001 -0.0001 0.0005 -29.9998 0.0000 0.0000 0.0000 -1.4166 3.2183 -1.6591 -1.4166 3.2183 -1.6591 -68.6158 71.6429 48.4509 -52.6316 68.0019 -34.1284 -43.3211 13.3121 -85.4437 1.4980 1.2483 2.1821 0.0000 -0.0001 0.0001 0.0000 0.0000 0.0000 0.0000 -0.0007 0.0003 0.0000 -0.0001 0.0001 0.0000 0.0000 0.0000 0.0000 0.0000 0.0000 0.0000 0.0007 0.0001 0.0000 -0.0012 0.0001 0.0000 -0.0008 0.0003 0.0000 0.0001 0.0000 0.0000 0.0000 0.0000 0.0000 -0.0008 0.0000 0.0000 0.0002 -29.9997 -0.0001 -0.0003 29.9996 0.0000 0.0000 0.0000 7.3480 1.9402 176.6996 -0.4483 -15.8877 0.1451 -16.1681 74.8139 -6.1302 0.0000 25.0405 0.0000 8.0550 -2.9785 177.2999 -0.2318 -20.3448 -0.0413 23.9530 70.9031 23.7150 0.0000 24.9965 -0.0001 
-3.2395 91.3414 5.1624 -11.8092 -7.9668 0.4753 -0.9591 2.1203 2.3397 -0.9599 2.1222 2.3416 -0.9619 2.1268 2.3467 47.2534 70.9276 -54.5562 -6.0775 38.5732 15.8914 -4.4282 -4.8773 37.1203 -2.6848 7.8966 -5.3162 0.0000 0.0000 0.0001 0.0000 0.0000 0.0000 0.0000 -0.0013 -0.0008 0.0000 -0.0004 0.0001 0.0000 0.0000 0.0000 0.0000 0.0000 0.0000 0.0000 0.0002 0.0000 0.0000 -0.0006 0.0003 0.0000 0.0004 -0.0006 0.0000 0.0000 0.0001 0.0000 0.0000 0.0000 0.0000 -0.0010 -0.0002 0.0000 0.0002 30.0001 -0.0001 0.0005 -29.9998 0.0000 0.0000 0.0000 -1.9139 3.1057 -1.4540 -1.9139 3.1057 -1.4540 -68.9028 71.7706 48.1936 -52.2059 66.6050 -33.3980 -43.3985 14.3609 -84.3401 1.4439 1.2414 1.9589 0.0000 -0.0001 0.0001 0.0000 0.0000 0.0000 0.0000 -0.0006 0.0003 0.0000 -0.0001 0.0001 0.0000 0.0000 0.0000 0.0000 0.0000 0.0000 0.0000 0.0007 0.0001 0.0000 -0.0012 0.0001 0.0000 -0.0008 0.0003 0.0000 0.0001 0.0000 0.0000 0.0000 0.0000 0.0000 -0.0008 0.0000 0.0000 0.0002 -29.9996 -0.0001 -0.0003 29.9996 0.0000 0.0000 0.0000 7.5563 2.1211 176.5823 -0.4559 -16.0092 0.1467 -15.9391 74.8766 -5.9404 0.0000 25.0399 0.0000 8.3865 -2.9250 177.1234 -0.2355 -20.6880 -0.0399 24.6640 70.9940 24.3283 0.0000 24.9960 -0.0001 
-3.2198 91.3120 5.2082 -11.9262 -8.1863 0.6211 -0.8823 2.1949 2.2388 -0.8830 2.1968 2.2406 -0.8849 2.2016 2.2455 48.4061 71.4038 -53.3711 -6.6448 40.2898 14.0222 -3.8874 -4.1824 40.4995 -2.9028 7.7195 -5.4682 0.0000 0.0000 0.0001 0.0000 0.0000 0.0000 0.0000 -0.0013 -0.0008 0.0000 -0.0004 0.0001 0.0000 0.0000 0.0000 0.0000 0.0000 0.0000 0.0000 0.0002 0.0000 0.0000 -0.0006 0.0003 0.0000 0.0004 -0.0006 0.0000 0.0000 0.0001 0.0000 0.0000 0.0000 0.0000 -0.0010 -0.0002 0.0000 0.0002 30.0001 -0.0001 0.0005 -29.9998 0.0000 0.0000 0.0000 -2.3684 3.0092 -1.2420 -2.3684 3.0092 -1.2420 -69.0742 71.8329 48.0099 -51.5259 65.0049 -32.5800 -43.6117 15.4288 -83.7712 1.4288 1.2608 1.7811 0.0000 -0.0001 0.0001 0.0000 0.0000 0.0000 0.0000 -0.0007 0.0003 0.0000 -0.0001 0.0001 0.0000 0.0000 0.0000 0.0000 0.0000 0.0000 0.0000 0.0007 0.0001 0.0000 -0.0012 0.0001 0.0000 -0.0008 0.0003 0.0000 0.0001 0.0000 0.0000 0.0000 0.0000 0.0000 -0.0009 0.0000 0.0000 0.0002 -29.9996 -0.0001 -0.0003 29.9996 0.0000 0.0000 0.0000 7.7781 2.4164 176.4845 -0.4608 -15.9736 0.1472 -15.5904 74.8707 -5.6888 0.0000 25.0395 0.0000 8.7302 -2.9004 176.9609 -0.2408 -21.1292 -0.0379 25.4444 71.0999 24.9608 0.0000 24.9957 -0.0001 
-3.1838 91.2855 5.2451 -12.0371 -8.4198 0.7448 -0.8040 2.2745 2.1307 -0.8046 2.2764 2.1324 -0.8062 2.2815 2.1371 49.1904 71.8984 -52.4994 -7.1749 41.9943 12.1479 -3.2075 -3.5012 43.6210 -3.0892 7.5234 -5.6122 0.0000 0.0000 0.0001 0.0000 0.0000 0.0000 0.0000 -0.0013 -0.0008 0.0000 -0.0004 0.0001 0.0000 0.0000 0.0000 0.0000 0.0000 0.0000 0.0000 0.0002 0.0000 0.0000 -0.0006 0.0003 0.0000 0.0004 -0.0006 0.0000 0.0000 0.0001 0.0000 0.0000 0.0000 0.0000 -0.0010 -0.0002 0.0000 0.0002 30.0001 -0.0001 0.0006 -29.9998 0.0000 0.0000 0.0000 -2.8080 2.9184 -1.0107 -2.8080 2.9184 -1.0107 -69.0841 71.8532 47.9394 -50.6041 63.2844 -31.6773 -43.9460 16.4952 -83.6065 1.4435 1.3023 1.6384 0.0000 -0.0001 0.0001 0.0000 0.0000 0.0000 0.0000 -0.0006 0.0003 0.0000 -0.0001 0.0001 0.0000 0.0000 0.0000 0.0000 0.0000 0.0000 0.0000 0.0007 0.0001 0.0000 -0.0012 0.0001 0.0000 -0.0008 0.0003 0.0000 0.0001 0.0000 0.0000 0.0000 0.0000 0.0000 -0.0008 0.0000 0.0000 0.0002 -29.9996 -0.0001 -0.0003 29.9996 0.0000 0.0000 0.0000 8.0165 2.7203 176.4075 -0.4673 -15.9357 0.1479 -15.2319 74.8715 -5.4548 0.0000 25.0392 0.0000 9.1133 -2.8815 176.8295 -0.2454 -21.5700 -0.0361 26.2232 71.1796 25.5385 0.0000 24.9955 -0.0001 
-3.1384 91.2629 5.2801 -12.1359 -8.6657 0.8682 -0.7238 2.3603 2.0107 -0.7243 2.3622 2.0123 -0.7259 2.3675 2.0167 49.6496 72.3813 -51.9195 -7.6133 43.7191 10.3265 -2.4106 -2.8355 46.4648 -3.2409 7.3088 -5.7452 0.0000 0.0000 0.0001 0.0000 0.0000 0.0000 0.0000 -0.0013 -0.0008 0.0000 -0.0004 0.0001 0.0000 0.0000 0.0000 0.0000 0.0000 0.0000 0.0000 0.0002 -0.0001 0.0000 -0.0006 0.0003 0.0000 0.0004 -0.0006 0.0000 0.0000 0.0001 0.0000 0.0000 0.0000 0.0000 -0.0010 -0.0002 0.0000 0.0002 30.0001 -0.0001 0.0005 -29.9998 0.0000 0.0000 0.0000 -3.2388 2.8350 -0.7629 -3.2388 2.8350 -0.7629 -68.9939 71.8320 47.9001 -49.4411 61.4977 -30.6926 -44.3971 17.4550 -83.7817 1.4857 1.3686 1.5216 0.0000 -0.0001 0.0001 0.0000 0.0000 0.0000 0.0000 -0.0006 0.0003 0.0000 -0.0001 0.0001 0.0000 0.0000 0.0000 0.0000 0.0000 0.0000 0.0000 0.0007 0.0001 0.0000 -0.0012 0.0001 0.0000 -0.0008 0.0003 0.0000 0.0001 0.0000 0.0000 0.0000 0.0000 0.0000 -0.0009 0.0000 0.0000 0.0002 -29.9997 -0.0001 -0.0003 29.9996 0.0000 0.0000 0.0000 8.2436 2.9910 176.3283 -0.4766 -15.9854 0.1495 -14.9362 74.9205 -5.2883 0.0000 25.0391 0.0000 9.5199 -2.8124 176.7115 -0.2471 -21.9466 -0.0349 26.9786 71.2276 26.0509 0.0000 24.9954 -0.0001 
-3.0922 91.2438 5.3163 -12.1512 -8.9289 0.9708 -0.6719 2.4544 1.8794 -0.6724 2.4563 1.8808 -0.6738 2.4618 1.8850 49.6978 72.8343 -51.7685 -7.7796 45.4660 8.7067 -1.5355 -2.1222 48.8818 -3.3479 7.0731 -5.8588 0.0000 0.0000 0.0001 0.0000 0.0000 0.0000 0.0000 -0.0013 -0.0008 0.0000 -0.0004 0.0001 0.0000 0.0000 0.0000 0.0000 0.0000 0.0000 0.0000 0.0002 0.0000 0.0000 -0.0006 0.0003 0.0000 0.0004 -0.0006 0.0000 0.0000 0.0001 0.0000 0.0000 0.0000 0.0000 -0.0010 -0.0002 0.0000 0.0002 30.0001 -0.0001 0.0005 -29.9998 0.0000 0.0000 0.0000 -3.6500 2.7699 -0.5015 -3.6500 2.7699 -0.5015 -68.8001 71.7475 47.8556 -47.9465 59.6015 -29.6077 -44.9563 18.0878 -84.3992 1.5719 1.4780 1.4308 0.0000 -0.0001 0.0001 0.0000 0.0000 0.0000 0.0000 -0.0006 0.0003 0.0000 -0.0001 0.0001 0.0000 0.0000 0.0000 0.0000 0.0000 0.0000 0.0000 0.0007 0.0001 0.0000 -0.0012 0.0001 0.0000 -0.0008 0.0003 0.0000 0.0001 0.0000 0.0000 0.0000 0.0000 0.0000 -0.0009 0.0000 0.0000 0.0002 -29.9997 -0.0001 -0.0003 29.9996 0.0000 0.0000 0.0000 8.3673 3.2060 176.2555 -0.4882 -16.1603 0.1518 -14.7507 75.0284 -5.2119 0.0000 25.0391 0.0000 9.8756 -2.6338 176.6271 -0.2438 -22.2144 -0.0350 27.7027 71.2573 26.4904 0.0000 24.9954 -0.0001 
-3.0560 91.2224 5.3547 -12.1198 -9.1930 1.0386 -0.6329 2.5416 1.7452 -0.6334 2.5436 1.7465 -0.6347 2.5494 1.7504 49.5923 73.2829 -51.8187 -7.7399 47.2790 7.2281 -0.5681 -1.3883 51.0048 -3.4178 6.8175 -5.9466 0.0000 0.0000 0.0001 0.0000 0.0000 0.0000 0.0000 -0.0013 -0.0008 0.0000 -0.0004 0.0001 0.0000 0.0000 0.0000 0.0000 0.0000 0.0000 0.0000 0.0002 0.0000 0.0000 -0.0006 0.0003 0.0000 0.0004 -0.0006 0.0000 0.0000 0.0001 0.0000 0.0000 0.0000 0.0000 -0.0010 -0.0002 0.0000 0.0002 30.0001 -0.0001 0.0005 -29.9998 0.0000 0.0000 0.0000 -4.0523 2.7395 -0.2280 -4.0523 2.7395 -0.2280 -68.6916 71.6660 47.7010 -46.2095 57.5690 -28.4778 -45.6981 18.5020 -85.3181 1.6859 1.6166 1.3411 0.0000 -0.0001 0.0001 0.0000 0.0000 0.0000 0.0000 -0.0006 0.0003 0.0000 -0.0001 0.0001 0.0000 0.0000 0.0000 0.0000 0.0000 0.0000 0.0000 0.0007 0.0001 0.0000 -0.0012 0.0001 0.0000 -0.0008 0.0003 0.0000 0.0001 0.0000 0.0000 0.0000 0.0000 0.0000 -0.0008 0.0000 0.0000 0.0002 -29.9996 -0.0001 -0.0003 29.9996 0.0000 0.0000 0.0000 8.4255 3.4264 176.2115 -0.4970 -16.3102 0.1537 -14.5941 75.1208 -5.1403 0.0000 25.0391 0.0000 10.1970 -2.4093 176.5855 -0.2392 -22.4459 -0.0354 28.4491 71.2999 26.9373 0.0000 24.9953 -0.0001 
-3.0285 91.1975 5.3971 -12.0786 -9.4189 1.0950 -0.5899 2.6077 1.6074 -0.5903 2.6097 1.6086 -0.5916 2.6156 1.6122 49.5453 73.7556 -51.8337 -7.5329 49.1002 5.9991 0.4527 -0.6074 52.7464 -3.4505 6.5518 -6.0049 0.0000 0.0000 0.0001 0.0000 0.0000 0.0000 0.0000 -0.0013 -0.0008 0.0000 -0.0004 0.0001 0.0000 0.0000 0.0000 0.0000 0.0000 0.0000 0.0000 0.0002 0.0000 0.0000 -0.0006 0.0003 0.0000 0.0004 -0.0006 0.0000 0.0000 0.0001 0.0000 0.0000 0.0000 0.0000 -0.0010 -0.0002 0.0000 0.0002 30.0001 -0.0001 0.0005 -29.9998 0.0000 0.0000 0.0000 -4.4698 2.7399 0.0536 -4.4698 2.7399 0.0536 -68.7697 71.5916 47.3483 -44.2025 55.4057 -27.2725 -46.7234 18.7973 -86.5064 1.8227 1.7792 1.2390 0.0000 -0.0001 0.0001 0.0000 0.0000 0.0000 0.0000 -0.0007 0.0003 0.0000 -0.0001 0.0001 0.0000 0.0000 0.0000 0.0000 0.0000 0.0000 0.0000 0.0007 0.0001 0.0000 -0.0012 0.0001 0.0000 -0.0008 0.0003 0.0000 0.0001 0.0000 0.0000 0.0000 0.0000 0.0000 -0.0008 0.0000 0.0000 0.0002 -29.9996 -0.0001 -0.0003 29.9996 0.0000 0.0000 0.0000 8.4691 3.6461 176.1752 -0.5028 -16.3872 0.1549 -14.4163 75.1797 -5.0377 0.0000 25.0390 0.0000 10.5136 -2.2126 176.5559 -0.2351 -22.6744 -0.0357 29.2227 71.3538 27.4094 0.0000 24.9952 -0.0001 
-3.0129 91.1738 5.4484 -11.9936 -9.5846 1.1787 -0.5555 2.6387 1.4590 -0.5559 2.6407 1.4600 -0.5571 2.6467 1.4633 49.3425 74.2368 -52.0147 -6.7845 50.8730 5.2974 1.3989 0.1925 53.9602 -3.4407 6.2883 -6.0182 0.0000 0.0000 0.0001 0.0000 0.0000 0.0000 0.0000 -0.0013 -0.0008 0.0000 -0.0004 0.0001 0.0000 0.0000 0.0000 0.0000 0.0000 0.0000 0.0000 0.0002 0.0000 0.0000 -0.0006 0.0003 0.0000 0.0004 -0.0006 0.0000 0.0000 0.0001 0.0000 0.0000 0.0000 0.0000 -0.0010 -0.0002 0.0000 0.0002 30.0001 -0.0001 0.0005 -29.9998 0.0000 0.0000 0.0000 -4.8874 2.7843 0.3213 -4.8874 2.7843 0.3213 -69.0929 71.4812 46.7165 -41.7816 52.9918 -25.8866 -48.1683 18.8589 -88.1161 1.9968 1.9819 1.1066 0.0000 -0.0001 0.0001 0.0000 0.0000 0.0000 0.0000 -0.0006 0.0003 0.0000 -0.0001 0.0001 0.0000 0.0000 0.0000 0.0000 0.0000 0.0000 0.0000 0.0007 0.0001 0.0000 -0.0012 0.0001 0.0000 -0.0008 0.0003 0.0000 0.0001 0.0000 0.0000 0.0000 0.0000 0.0000 -0.0009 0.0000 0.0000 0.0002 -29.9996 -0.0001 -0.0003 29.9996 0.0000 0.0000 0.0000 8.4848 3.8310 176.1053 -0.5072 -16.4285 0.1557 -14.1959 75.2227 -4.9047 0.0000 25.0389 0.0000 10.7800 -2.0478 176.4886 -0.2325 -22.8561 -0.0358 29.9610 71.3971 27.8562 0.0000 25.1103 -0.0001 
-3.0057 91.1537 5.5035 -11.8351 -9.7065 1.2707 -0.5498 2.6409 1.3058 -0.5501 2.6427 1.3067 -0.5513 2.6489 1.3097 49.2998 74.7024 -52.0517 -5.4521 52.6071 5.1087 2.2624 0.9249 54.8117 -3.4051 6.0486 -5.9525 0.0000 0.0000 0.0001 0.0000 0.0000 0.0000 0.0000 -0.0013 -0.0008 0.0000 -0.0004 0.0001 0.0000 0.0000 0.0000 0.0000 0.0000 0.0000 0.0000 0.0003 -0.0001 0.0000 -0.0007 0.0003 0.0000 0.0004 -0.0006 0.0000 0.0000 0.0001 0.0000 0.0000 0.0000 0.0000 -0.0010 -0.0002 0.0000 0.0002 30.0001 -0.0002 0.0005 -29.9998 0.0000 0.0000 0.0000 -5.2868 2.8658 0.5773 -5.2868 2.8658 0.5773 -69.4150 71.2980 46.0545 -39.3919 50.2700 -24.5903 -49.7026 18.5893 -90.0835 2.2101 2.2258 0.9336 0.0000 -0.0001 0.0001 0.0000 0.0000 0.0000 0.0000 -0.0006 0.0003 0.0000 -0.0001 0.0001 0.0000 0.0000 0.0000 0.0000 0.0000 0.0000 0.0000 0.0007 0.0001 0.0000 -0.0011 0.0001 0.0000 -0.0008 0.0003 0.0000 0.0001 0.0000 0.0000 0.0000 0.0000 0.0000 -0.0009 0.0000 0.0000 0.0002 -29.9996 -0.0001 -0.0003 29.9996 0.0000 0.0000 0.0000 8.4646 3.9699 176.0207 -0.5115 -16.4743 0.1566 -13.9175 75.2607 -4.7482 0.0000 25.0387 0.0000 10.9825 -1.9113 176.4079 -0.2296 -22.9974 -0.0362 30.6417 71.4266 28.2348 0.0000 25.2496 -0.0001 
-3.0069 91.1373 5.5578 -11.6187 -9.7880 1.3633 -0.5606 2.6135 1.1460 -0.5610 2.6153 1.1468 -0.5622 2.6214 1.1494 49.3779 75.1806 -51.9672 -3.5917 54.2479 5.3955 3.0697 1.5621 55.4070 -3.3529 5.8385 -5.8046 0.0000 0.0000 0.0001 0.0000 0.0000 0.0000 0.0000 -0.0013 -0.0008 0.0000 -0.0004 0.0001 0.0000 0.0000 0.0000 0.0000 0.0000 0.0000 0.0000 0.0002 0.0000 0.0000 -0.0006 0.0003 0.0000 0.0004 -0.0006 0.0000 0.0000 0.0001 0.0000 0.0000 0.0000 0.0000 -0.0010 -0.0002 0.0000 0.0002 30.0001 -0.0001 0.0005 -29.9998 0.0000 0.0000 0.0000 -5.6743 2.9839 0.8373 -5.6743 2.9839 0.8373 -69.7485 71.0965 45.4124 -37.1227 47.2410 -23.4609 -51.1908 18.0574 -92.3493 2.4612 2.5041 0.7134 0.0000 -0.0001 0.0001 0.0000 0.0000 0.0000 0.0000 -0.0006 0.0003 0.0000 -0.0001 0.0001 0.0000 0.0000 0.0000 0.0000 0.0000 0.0000 0.0000 0.0007 0.0001 0.0000 -0.0012 0.0001 0.0000 -0.0008 0.0003 0.0000 0.0001 0.0000 0.0000 0.0000 0.0000 0.0000 -0.0009 0.0000 0.0000 0.0002 -29.9996 -0.0001 -0.0003 29.9996 0.0000 0.0000 0.0000 8.4124 4.0725 175.9301 -0.5145 -16.5053 0.1571 -13.5970 75.2804 -4.5735 0.0000 25.0384 0.0000 11.1468 -1.8056 176.3306 -0.2243 -23.1057 -0.0370 31.2669 71.4443 28.5346 0.0000 25.3966 -0.0001 
-3.0213 91.1374 5.6072 -11.3205 -9.8182 1.4387 -0.5809 2.5544 0.9792 -0.5812 2.5560 0.9797 -0.5825 2.5621 0.9821 49.6504 75.6324 -51.6280 -1.1145 55.8082 6.2962 3.7763 2.0272 55.6959 -3.2818 5.6603 -5.6058 0.0000 0.0000 0.0001 0.0000 0.0000 0.0000 0.0000 -0.0013 -0.0008 0.0000 -0.0004 0.0001 0.0000 0.0000 0.0000 0.0000 0.0000 0.0000 0.0000 0.0002 -0.0001 0.0000 -0.0006 0.0003 0.0000 0.0004 -0.0006 0.0000 0.0000 0.0001 0.0000 0.0000 0.0000 0.0000 -0.0010 -0.0002 0.0000 0.0002 30.0001 -0.0001 0.0005 -29.9998 0.0000 0.0000 0.0000 -6.0687 3.1329 1.1190 -6.0687 3.1329 1.1190 -70.1637 70.8816 44.7481 -34.8165 43.9178 -22.3647 -52.6055 17.2465 -94.9709 2.7668 2.8245 0.4370 0.0000 -0.0001 0.0001 0.0000 0.0000 0.0000 0.0000 -0.0006 0.0003 0.0000 -0.0001 0.0001 0.0000 0.0000 0.0000 0.0000 0.0000 0.0000 0.0000 0.0007 0.0001 0.0000 -0.0012 0.0001 0.0000 -0.0008 0.0003 0.0000 0.0002 0.0000 0.0000 0.0000 0.0000 0.0000 -0.0009 0.0000 0.0000 0.0002 -29.9997 -0.0001 -0.0003 29.9996 0.0000 0.0000 0.0000 8.3132 4.1457 175.8513 -0.5137 -16.4706 0.1569 -13.2145 75.2511 -4.3694 0.0000 25.0382 0.0000 11.2543 -1.7286 176.2806 -0.2146 -23.1644 -0.0389 31.8197 71.4602 28.7283 0.0000 25.4541 -0.0001 
-3.0479 91.1456 5.6658 -10.9751 -9.8151 1.5077 -0.6031 2.4842 0.8023 -0.6034 2.4857 0.8027 -0.6048 2.4918 0.8047 49.8793 76.0809 -51.3041 1.8386 57.2553 7.7055 4.3608 2.3472 55.7994 -3.1964 5.4985 -5.3849 0.0000 0.0000 0.0001 0.0000 0.0000 0.0000 0.0000 -0.0013 -0.0008 0.0000 -0.0004 0.0001 0.0000 0.0000 0.0000 0.0000 0.0000 0.0000 0.0000 0.0002 -0.0001 0.0000 -0.0006 0.0003 0.0000 0.0004 -0.0006 0.0000 0.0000 0.0001 0.0000 0.0000 0.0000 0.0000 -0.0010 -0.0002 0.0000 0.0002 30.0001 -0.0001 0.0005 -29.9998 0.0000 0.0000 0.0000 -6.4710 3.2853 1.4247 -6.4710 3.2853 1.4247 -70.3531 70.5728 44.4081 -32.9172 40.4921 -21.4597 -53.8783 16.2302 -97.7963 2.9032 2.9529 0.0933 0.0000 -0.0001 0.0001 0.0000 0.0000 0.0000 0.0000 -0.0006 0.0003 0.0000 -0.0001 0.0001 0.0000 0.0000 0.0000 0.0000 0.0000 0.0000 0.0000 0.0007 0.0001 0.0000 -0.0012 0.0001 0.0000 -0.0008 0.0003 0.0000 0.0001 0.0000 0.0000 0.0000 0.0000 0.0000 -0.0008 0.0000 0.0000 0.0002 -29.9996 -0.0001 -0.0003 29.9996 0.0000 0.0000 0.0000 8.1856 4.2313 175.7780 -0.5088 -16.3494 0.1556 -12.8064 75.1813 -4.1605 0.0000 25.0379 0.0000 11.3173 -1.6429 176.2396 -0.2062 -23.1726 -0.0406 32.3346 71.4825 28.8704 0.0000 25.4954 -0.0001 
-3.0863 91.1622 5.7369 -10.6086 -9.7862 1.5860 -0.6145 2.4062 0.6119 -0.6148 2.4074 0.6122 -0.6163 2.4135 0.6137 50.0884 76.5095 -50.9793 5.2318 58.5941 9.5941 4.8172 2.5636 55.7568 -3.1004 5.3463 -5.1528 0.0000 0.0000 0.0001 0.0000 0.0000 0.0000 0.0000 -0.0013 -0.0008 0.0000 -0.0004 0.0001 0.0000 0.0000 0.0000 0.0000 0.0000 0.0000 0.0000 0.0002 -0.0001 0.0000 -0.0006 0.0003 0.0000 0.0004 -0.0006 0.0000 0.0000 0.0001 0.0000 0.0000 0.0000 0.0000 -0.0010 -0.0002 0.0000 0.0002 30.0001 -0.0001 0.0005 -29.9998 0.0000 0.0000 0.0000 -6.8898 3.4408 1.7525 -6.8898 3.4408 1.7525 -70.4146 70.2049 44.3297 -31.0468 37.0243 -20.6374 -54.9714 15.0560 -100.7290 3.0312 3.0517 -0.2638 0.0000 -0.0001 0.0001 0.0000 0.0000 0.0000 0.0000 -0.0006 0.0003 0.0000 -0.0001 0.0001 0.0000 0.0000 0.0000 0.0000 0.0000 0.0000 0.0000 0.0007 0.0001 0.0000 -0.0011 0.0001 0.0000 -0.0008 0.0003 0.0000 0.0001 0.0000 0.0000 0.0000 0.0000 0.0000 -0.0009 0.0000 0.0000 0.0002 -29.9997 -0.0001 -0.0003 29.9996 0.0000 0.0000 0.0000 8.0426 4.3255 175.6985 -0.5010 -16.1767 0.1537 -12.4177 75.0949 -3.9821 0.0000 25.0378 0.0000 11.3583 -1.5346 176.1932 -0.2017 -23.1296 -0.0416 32.8361 71.5107 28.9895 0.0000 25.5296 -0.0001 
-3.1431 91.1796 5.8291 -10.2287 -9.7241 1.6779 -0.5908 2.3174 0.4070 -0.5910 2.3185 0.4071 -0.5925 2.3245 0.4081 50.2809 76.9308 -50.6662 9.3603 59.9838 12.1317 5.1443 2.6847 55.4948 -2.8645 5.0014 -4.7208 0.0000 0.0000 0.0001 0.0000 0.0000 0.0000 0.0000 -0.0013 -0.0008 0.0000 -0.0004 0.0001 0.0000 0.0000 0.0000 0.0000 0.0000 0.0000 0.0000 0.0003 -0.0001 0.0000 -0.0006 0.0003 0.0000 0.0004 -0.0006 0.0000 0.0000 0.0001 0.0000 0.0000 0.0000 0.0000 -0.0010 -0.0002 0.0000 0.0003 30.0001 -0.0001 0.0005 -29.9998 0.0000 0.0000 0.0000 -7.3545 3.6011 2.1054 -7.3545 3.6011 2.1054 -70.4093 69.6428 44.6100 -29.1299 33.6197 -19.8899 -55.9377 13.7321 -103.7844 3.1789 3.1423 -0.6237 0.0000 -0.0001 0.0001 0.0000 0.0000 0.0000 0.0000 -0.0006 0.0003 0.0000 -0.0001 0.0001 0.0000 0.0000 0.0000 0.0000 0.0000 0.0000 0.0000 0.0007 0.0001 0.0000 -0.0011 0.0001 0.0000 -0.0008 0.0003 0.0000 0.0001 0.0000 0.0000 0.0000 0.0000 0.0000 -0.0009 0.0000 0.0000 0.0002 -29.9996 -0.0001 -0.0003 29.9996 0.0000 0.0000 0.0000 7.8728 4.4501 175.6091 -0.4881 -15.9094 0.1507 -12.0884 74.9799 -3.8606 0.0000 25.0377 0.0000 11.3702 -1.4047 176.1380 -0.2038 -23.0345 -0.0413 33.3340 71.5564 29.1061 0.0000 25.6007 -0.0001 
-3.2146 91.2051 5.9254 -9.8401 -9.6348 1.7791 -0.5290 2.2202 0.1992 -0.5292 2.2211 0.1992 -0.5305 2.2269 0.1997 50.3855 77.3810 -50.3916 13.7720 61.3413 14.9886 5.4815 2.8172 55.0702 -2.5536 4.5362 -4.1990 0.0000 0.0000 0.0001 0.0000 0.0000 0.0000 0.0000 -0.0013 -0.0008 0.0000 -0.0004 0.0001 0.0000 0.0000 0.0000 0.0000 0.0000 0.0000 0.0000 0.0002 0.0000 0.0000 -0.0006 0.0003 0.0000 0.0004 -0.0006 0.0000 0.0000 0.0001 0.0000 0.0000 0.0000 0.0000 -0.0010 -0.0002 0.0000 0.0002 30.0001 -0.0001 0.0005 -29.9998 0.0000 0.0000 0.0000 -7.8759 3.7612 2.4595 -7.8759 3.7612 2.4595 -70.5525 69.1203 44.8434 -26.8808 30.3092 -18.9922 -56.6751 12.2851 -106.8802 3.3549 3.2325 -0.9871 0.0000 -0.0001 0.0001 0.0000 0.0000 0.0000 0.0000 -0.0006 0.0003 0.0000 -0.0001 0.0001 0.0000 0.0000 0.0000 0.0000 0.0000 0.0000 0.0000 0.0007 0.0001 0.0000 -0.0012 0.0001 0.0000 -0.0008 0.0003 0.0000 0.0001 0.0000 0.0000 0.0000 0.0000 0.0000 -0.0009 0.0000 0.0000 0.0002 -29.9996 -0.0001 -0.0003 29.9996 0.0000 0.0000 0.0000 7.6738 4.6107 175.5135 -0.4699 -15.5217 0.1466 -11.8053 74.8154 -3.7732 0.0000 25.0377 0.0000 11.3117 -1.2809 176.0710 -0.2057 -22.9126 -0.0411 33.7326 71.6194 29.1757 0.0000 25.6305 -0.0001 
-3.2892 91.2411 6.0132 -9.4484 -9.5285 1.9085 -0.4279 2.1280 -0.0196 -0.4280 2.1288 -0.0196 -0.4292 2.1345 -0.0197 50.3042 77.8403 -50.2428 18.1503 62.5299 17.9842 5.8627 2.9811 54.5456 -2.2673 4.0988 -3.7341 0.0000 0.0000 0.0001 0.0000 0.0000 0.0000 0.0000 -0.0013 -0.0008 0.0000 -0.0004 0.0001 0.0000 0.0000 0.0000 0.0000 0.0000 0.0000 0.0000 0.0002 -0.0001 0.0000 -0.0006 0.0003 0.0000 0.0004 -0.0006 0.0000 0.0000 0.0001 0.0000 0.0000 0.0000 0.0000 -0.0010 -0.0002 0.0000 0.0002 30.0001 -0.0001 0.0005 -29.9998 0.0000 0.0000 0.0000 -8.4528 3.9052 2.8171 -8.4528 3.9052 2.8171 -70.6759 68.4969 45.1667 -24.5275 27.1651 -18.0516 -57.0938 10.7998 -109.9457 3.5677 3.3293 -1.3490 0.0000 -0.0001 0.0001 0.0000 0.0000 0.0000 0.0000 -0.0006 0.0003 0.0000 -0.0001 0.0001 0.0000 0.0000 0.0000 0.0000 0.0000 0.0000 0.0000 0.0007 0.0001 0.0000 -0.0011 0.0001 0.0000 -0.0008 0.0003 0.0000 0.0001 0.0000 0.0000 0.0000 0.0000 0.0000 -0.0009 0.0000 0.0000 0.0002 -29.9996 -0.0001 -0.0003 29.9996 0.0000 0.0000 0.0000 7.4601 4.8127 175.3902 -0.4490 -15.0097 0.1417 -11.5198 74.5928 -3.6810 0.0000 25.0378 0.0000 11.1909 -1.1605 175.9667 -0.2112 -22.7580 -0.0403 34.0158 71.6766 29.1787 0.0000 25.6359 -0.0001 
-3.3718 91.2899 6.0900 -9.0582 -9.3947 2.0815 -0.2815 2.0403 -0.2500 -0.2816 2.0410 -0.2501 -0.2824 2.0465 -0.2508 50.0413 78.2959 -50.1663 22.1689 63.5845 20.7843 6.3684 3.1798 53.9527 -2.0110 3.6985 -3.3258 0.0000 0.0000 0.0001 0.0000 0.0000 0.0000 0.0000 -0.0013 -0.0008 0.0000 -0.0004 0.0001 0.0000 0.0000 0.0000 0.0000 0.0000 0.0000 0.0000 0.0003 0.0000 0.0000 -0.0006 0.0003 0.0000 0.0004 -0.0006 0.0000 0.0000 0.0001 0.0000 0.0000 0.0000 0.0000 -0.0010 -0.0002 0.0000 0.0002 30.0001 -0.0001 0.0005 -29.9998 0.0000 0.0000 0.0000 -9.0898 4.0196 3.1684 -9.0898 4.0196 3.1684 -70.7924 67.7482 45.5861 -22.0529 24.2616 -17.0785 -57.0815 9.3783 -112.8510 3.8420 3.4565 -1.6975 0.0000 -0.0001 0.0001 0.0000 0.0000 0.0000 0.0000 -0.0006 0.0003 0.0000 -0.0001 0.0001 0.0000 0.0000 0.0000 0.0000 0.0000 0.0000 0.0000 0.0007 0.0001 0.0000 -0.0012 0.0001 0.0000 -0.0008 0.0003 0.0000 0.0001 0.0000 0.0000 0.0000 0.0000 0.0000 -0.0009 0.0000 0.0000 0.0002 -29.9996 -0.0001 -0.0003 29.9996 0.0000 0.0000 0.0000 7.2161 5.0976 175.2238 -0.4226 -14.2676 0.1355 -11.2549 74.2608 -3.5928 0.0000 25.0380 0.0000 11.0013 -1.0610 175.8093 -0.2215 -22.5793 -0.0386 34.1529 71.7252 29.0944 0.0000 25.6236 -0.0001 
-3.4675 91.3457 6.1555 -8.6711 -9.2374 2.2728 -0.1117 1.9530 -0.4846 -0.1118 1.9537 -0.4847 -0.1121 1.9590 -0.4861 49.5644 78.7635 -50.2638 25.8700 64.4601 23.3619 7.0398 3.4037 53.3367 -1.7838 3.3362 -2.9567 0.0000 0.0000 0.0001 0.0000 0.0000 0.0000 0.0000 -0.0013 -0.0008 0.0000 -0.0004 0.0001 0.0000 0.0000 0.0000 0.0000 0.0000 0.0000 0.0000 0.0003 0.0000 0.0000 -0.0006 0.0003 0.0000 0.0004 -0.0006 0.0000 0.0000 0.0001 0.0000 0.0000 0.0000 0.0000 -0.0010 -0.0002 0.0000 0.0003 30.0001 -0.0001 0.0005 -29.9998 0.0000 0.0000 0.0000 -9.7534 4.1129 3.5102 -9.7534 4.1129 3.5102 -71.0772 66.9899 45.8493 -19.5259 21.5507 -16.1407 -56.4538 8.0766 -115.5081 4.1886 3.6271 -2.0346 0.0000 -0.0001 0.0001 0.0000 0.0000 0.0000 0.0000 -0.0006 0.0003 0.0000 -0.0001 0.0001 0.0000 0.0000 0.0000 0.0000 0.0000 0.0000 0.0000 0.0007 0.0001 0.0000 -0.0012 0.0001 0.0000 -0.0008 0.0003 0.0000 0.0001 0.0000 0.0000 0.0000 0.0000 0.0000 -0.0008 0.0000 0.0000 0.0002 -29.9997 -0.0001 -0.0003 29.9996 0.0000 0.0000 0.0000 6.9443 5.4495 175.0431 -0.3905 -13.3288 0.1282 -11.0279 73.8327 -3.5256 0.0000 25.0384 0.0000 10.7614 -1.0010 175.6304 -0.2318 -22.4099 -0.0369 34.1894 71.7760 28.9585 0.0000 25.5803 -0.0001 
-3.5818 91.4034 6.2189 -8.2730 -9.0612 2.4729 0.0622 1.8657 -0.7231 0.0622 1.8663 -0.7233 0.0624 1.8714 -0.7252 48.9204 79.2089 -50.5518 29.3255 65.1713 25.7512 7.8621 3.6391 52.7233 -1.5851 3.0129 -2.6241 0.0000 0.0000 0.0001 0.0000 0.0000 0.0000 0.0000 -0.0013 -0.0008 0.0000 -0.0004 0.0001 0.0000 0.0000 0.0000 0.0000 0.0000 0.0000 0.0000 0.0002 0.0000 0.0000 -0.0006 0.0003 0.0000 0.0004 -0.0006 0.0000 0.0000 0.0001 0.0000 0.0000 0.0000 0.0000 -0.0010 -0.0002 0.0000 0.0002 30.0001 -0.0001 0.0005 -29.9998 0.0000 0.0000 0.0000 -10.4214 4.1890 3.8432 -10.4214 4.1890 3.8432 -71.5222 66.3495 45.8864 -16.8857 18.9991 -15.1905 -55.1700 6.9401 -117.8683 4.6231 3.8547 -2.3522 0.0000 -0.0001 0.0001 0.0000 0.0000 0.0000 0.0000 -0.0006 0.0003 0.0000 -0.0001 0.0001 0.0000 0.0000 0.0000 0.0000 0.0000 0.0000 0.0000 0.0007 0.0001 0.0000 -0.0012 0.0001 0.0000 -0.0008 0.0003 0.0000 0.0001 0.0000 0.0000 0.0000 0.0000 0.0000 -0.0008 0.0000 0.0000 0.0002 -29.9996 -0.0001 -0.0003 29.9996 0.0000 0.0000 0.0000 6.6261 5.8620 174.8584 -0.3525 -12.2222 0.1204 -10.8629 73.3238 -3.4989 0.0000 25.0388 0.0000 10.4473 -0.9688 175.4393 -0.2371 -22.2447 -0.0363 34.1111 71.8345 28.7700 0.0000 25.5441 -0.0001 
-3.7094 91.4684 6.2769 -7.8415 -8.8609 2.6698 0.2256 1.7869 -0.9682 0.2256 1.7875 -0.9685 0.2262 1.7923 -0.9711 48.2036 79.5705 -50.9767 32.3278 65.6763 27.8029 8.7930 3.9089 52.1705 -1.4254 2.7471 -2.3445 0.0000 0.0000 0.0001 0.0000 0.0000 0.0000 0.0000 -0.0013 -0.0008 0.0000 -0.0004 0.0001 0.0000 0.0000 0.0000 0.0000 0.0000 0.0000 0.0000 0.0002 0.0000 0.0000 -0.0006 0.0003 0.0000 0.0004 -0.0006 0.0000 0.0000 0.0001 0.0000 0.0000 0.0000 0.0000 -0.0010 -0.0002 0.0000 0.0002 30.0001 -0.0001 0.0005 -29.9998 0.0000 0.0000 0.0000 -11.0746 4.2273 4.1745 -11.0746 4.2273 4.1745 -72.0922 65.7577 45.7498 -14.1489 16.8602 -14.2819 -53.0532 6.0437 -119.7037 5.1828 4.1752 -2.5981 0.0000 -0.0001 0.0001 0.0000 0.0000 0.0000 0.0000 -0.0006 0.0003 0.0000 -0.0001 0.0001 0.0000 0.0000 0.0000 0.0000 0.0000 0.0000 0.0000 0.0007 0.0001 0.0000 -0.0012 0.0001 0.0000 -0.0008 0.0003 0.0000 0.0001 0.0000 0.0000 0.0000 0.0000 0.0000 -0.0009 0.0000 0.0000 0.0002 -29.9997 -0.0001 -0.0003 29.9996 0.0000 0.0000 0.0000 6.2207 6.3465 174.6714 -0.3088 -10.8983 0.1121 -10.7472 72.7032 -3.4832 0.0000 25.0393 0.0000 10.0044 -0.9513 175.2341 -0.2401 -22.0340 -0.0361 33.8626 71.8695 28.5033 0.0000 25.5287 -0.0001 
-3.8314 91.5423 6.3341 -7.3674 -8.6393 2.8483 0.3671 1.7114 -1.2124 0.3672 1.7121 -1.2128 0.3681 1.7167 -1.2161 47.6274 79.8929 -51.2856 35.1618 66.0649 29.7133 9.5678 4.1321 51.7225 -1.2941 2.5233 -2.1114 0.0000 0.0000 0.0001 0.0000 0.0000 0.0000 0.0000 -0.0013 -0.0008 0.0000 -0.0004 0.0001 0.0000 0.0000 0.0000 0.0000 0.0000 0.0000 0.0000 0.0002 0.0000 0.0000 -0.0006 0.0003 0.0000 0.0004 -0.0006 0.0000 0.0000 0.0001 0.0000 0.0000 0.0000 0.0000 -0.0010 -0.0002 0.0000 0.0002 30.0001 -0.0001 0.0005 -29.9998 0.0000 0.0000 0.0000 -11.6974 4.2458 4.5001 -11.6974 4.2458 4.5001 -72.7929 65.2781 45.5198 -11.2663 15.0406 -13.5127 -50.2982 5.4726 -121.0477 5.8525 4.5852 -2.7525 0.0000 -0.0001 0.0001 0.0000 0.0000 0.0000 0.0000 -0.0006 0.0003 0.0000 -0.0001 0.0001 0.0000 0.0000 0.0000 0.0000 0.0000 0.0000 0.0000 0.0007 0.0001 0.0000 -0.0012 0.0001 0.0000 -0.0008 0.0003 0.0000 0.0001 0.0000 0.0000 0.0000 0.0000 0.0000 -0.0009 0.0000 0.0000 0.0002 -29.9997 -0.0001 -0.0003 29.9996 0.0000 0.0000 0.0000 5.7209 6.9001 174.4837 -0.2619 -9.3632 0.1041 -10.6187 71.9733 -3.4091 0.0000 25.0398 0.0000 9.4304 -0.9252 175.0188 -0.2474 -21.7366 -0.0354 33.4671 71.8528 28.1753 0.0000 25.5485 -0.0001 
-3.9528 91.6257 6.3940 -6.8565 -8.3886 2.9958 0.4894 1.6322 -1.4480 0.4896 1.6328 -1.4486 0.4908 1.6371 -1.4523 47.2489 80.2003 -51.4127 38.0100 66.3685 31.6241 10.1173 4.3012 51.3717 -1.1824 2.3283 -1.9132 0.0000 0.0000 0.0001 0.0000 0.0000 0.0000 0.0000 -0.0013 -0.0008 0.0000 -0.0004 0.0001 0.0000 0.0000 0.0000 0.0000 0.0000 0.0000 0.0000 0.0003 0.0000 0.0000 -0.0006 0.0003 0.0000 0.0004 -0.0006 0.0000 0.0000 0.0001 0.0000 0.0000 0.0000 0.0000 -0.0010 -0.0002 0.0000 0.0002 30.0001 -0.0001 0.0005 -29.9998 0.0000 0.0000 0.0000 -12.2951 4.2547 4.8173 -12.2951 4.2547 4.8173 -73.6589 64.9443 45.0923 -8.2596 13.5178 -12.8130 -46.9882 5.2063 -121.8993 6.5980 5.0657 -2.7997 0.0000 -0.0001 0.0001 0.0000 0.0000 0.0000 0.0000 -0.0006 0.0003 0.0000 -0.0001 0.0001 0.0000 0.0000 0.0000 0.0000 0.0000 0.0000 0.0000 0.0007 0.0001 0.0000 -0.0012 0.0001 0.0000 -0.0008 0.0003 0.0000 0.0001 0.0000 0.0000 0.0000 0.0000 0.0000 -0.0009 0.0000 0.0000 0.0002 -29.9996 -0.0001 -0.0003 29.9996 0.0000 0.0000 0.0000 5.1303 7.5808 174.3110 -0.2070 -7.4874 0.0963 -10.4470 71.0712 -3.2405 0.0000 25.0403 0.0000 8.7333 -0.9127 174.8106 -0.2583 -21.3778 -0.0341 32.9354 71.8002 27.7946 0.0000 25.5557 -0.0001 
-4.0847 91.7213 6.4635 -6.2994 -8.0984 3.0986 0.5910 1.5495 -1.6689 0.5912 1.5503 -1.6696 0.5927 1.5543 -1.6739 47.1984 80.4622 -51.2651 40.9403 66.6009 33.5997 10.3896 4.4333 51.1545 -1.0902 2.1614 -1.7513 0.0000 0.0000 0.0001 0.0000 0.0000 0.0000 0.0000 -0.0013 -0.0008 0.0000 -0.0004 0.0001 0.0000 0.0000 0.0000 0.0000 0.0000 0.0000 0.0000 0.0002 0.0000 0.0000 -0.0006 0.0003 0.0000 0.0004 -0.0006 0.0000 0.0000 0.0001 0.0000 0.0000 0.0000 0.0000 -0.0010 -0.0002 0.0000 0.0002 30.0001 -0.0001 0.0005 -29.9998 0.0000 0.0000 0.0000 -12.8722 4.2470 5.1333 -12.8722 4.2470 5.1333 -74.6162 64.7806 44.5317 -5.2485 12.4380 -12.2342 -42.9274 5.2653 -122.0099 7.3891 5.6105 -2.6700 0.0000 -0.0001 0.0001 0.0000 0.0000 0.0000 0.0000 -0.0006 0.0003 0.0000 -0.0001 0.0001 0.0000 0.0000 0.0000 0.0000 0.0000 0.0000 0.0000 0.0007 0.0001 0.0000 -0.0012 0.0001 0.0000 -0.0008 0.0003 0.0000 0.0001 0.0000 0.0000 0.0000 0.0000 0.0000 -0.0008 0.0000 0.0000 0.0002 -29.9997 -0.0001 -0.0003 29.9996 0.0000 0.0000 0.0000 4.4013 8.7249 174.1653 -0.1250 -4.5795 0.0878 -10.0916 69.6521 -2.8026 0.0000 25.0406 0.0000 7.8708 -0.9201 174.6310 -0.2696 -20.9482 -0.0330 32.1984 71.7070 27.3244 0.0000 25.5609 -0.0001 
-4.2414 91.8159 6.5349 -5.7175 -7.7954 3.1674 0.6760 1.4710 -1.8737 0.6763 1.4718 -1.8745 0.6780 1.4755 -1.8793 47.6653 80.7051 -50.6667 43.6394 66.8488 35.4069 10.6112 4.5949 51.0459 -1.0125 2.0139 -1.6161 0.0000 0.0000 0.0001 0.0000 0.0000 0.0000 0.0000 -0.0013 -0.0008 0.0000 -0.0004 0.0001 0.0000 0.0000 0.0000 0.0000 0.0000 0.0000 0.0000 0.0002 0.0000 0.0000 -0.0006 0.0003 0.0000 0.0004 -0.0006 0.0000 0.0000 0.0001 0.0000 0.0000 0.0000 0.0000 -0.0010 -0.0002 0.0000 0.0002 30.0001 -0.0001 0.0005 -29.9998 0.0000 0.0000 0.0000 -13.4278 4.2301 5.4480 -13.4278 4.2301 5.4480 -75.4455 64.6866 44.0613 -2.4724 11.6623 -11.8263 -38.4610 5.6178 -121.4873 8.1257 6.1518 -2.3817 0.0000 -0.0001 0.0001 0.0000 0.0000 0.0000 0.0000 -0.0007 0.0003 0.0000 -0.0001 0.0001 0.0000 0.0000 0.0000 0.0000 0.0000 0.0000 0.0000 0.0007 0.0001 0.0000 -0.0011 0.0001 0.0000 -0.0008 0.0003 0.0000 0.0001 0.0000 0.0000 0.0000 0.0000 0.0000 -0.0009 0.0000 0.0000 0.0002 -29.9997 -0.0001 -0.0003 29.9996 0.0000 0.0000 0.0000 3.6494 9.6584 174.0691 -0.0550 -2.0484 0.0838 -9.8804 68.4038 -2.5024 0.0000 25.0407 0.0000 6.9167 -0.9418 174.5111 -0.2706 -20.4949 -0.0340 31.2886 71.6038 26.7437 0.0000 25.6225 -0.0001 
-4.4154 91.9077 6.6014 -5.1229 -7.4859 3.2170 0.7491 1.3962 -2.0615 0.7495 1.3970 -2.0626 0.7513 1.4005 -2.0677 48.3264 80.9164 -49.9373 46.0616 67.1339 36.9566 10.8692 4.7404 51.0601 -0.9466 1.8834 -1.5023 0.0000 0.0000 0.0001 0.0000 0.0000 0.0000 0.0000 -0.0013 -0.0008 0.0000 -0.0004 0.0001 0.0000 0.0000 0.0000 0.0000 0.0000 0.0000 0.0000 0.0003 0.0000 0.0000 -0.0007 0.0003 0.0000 0.0004 -0.0006 0.0000 0.0000 0.0001 0.0000 0.0000 0.0000 0.0000 -0.0010 -0.0002 0.0000 0.0003 30.0001 -0.0001 0.0005 -29.9998 0.0000 0.0000 0.0000 -13.9662 4.2069 5.7528 -13.9662 4.2069 5.7528 -76.1231 64.6029 43.6915 -0.0755 11.1022 -11.5857 -33.7220 6.1998 -120.3784 8.7377 6.6422 -1.9664 0.0000 -0.0001 0.0001 0.0000 0.0000 0.0000 0.0000 -0.0006 0.0003 0.0000 -0.0001 0.0001 0.0000 0.0000 0.0000 0.0000 0.0000 0.0000 0.0000 0.0007 0.0001 0.0000 -0.0012 0.0001 0.0000 -0.0008 0.0003 0.0000 0.0001 0.0000 0.0000 0.0000 0.0000 0.0000 -0.0008 0.0000 0.0000 0.0002 -29.9996 -0.0001 -0.0003 29.9996 0.0000 0.0000 0.0000 2.9246 10.2295 174.0141 -0.0056 -0.2122 0.0828 -9.8231 67.4889 -2.3815 0.0000 25.0406 0.0000 5.9154 -0.9823 174.4335 -0.2668 -20.0318 -0.0357 30.2727 71.4838 26.0879 0.0000 25.7338 -0.0001 
-4.6078 91.9912 6.6532 -4.5501 -7.1555 3.2351 0.8113 1.3193 -2.2146 0.8118 1.3201 -2.2158 0.8137 1.3234 -2.2212 48.6823 81.0342 -49.6448 48.2736 67.5230 38.1905 11.2402 4.9045 51.2202 -0.8880 1.7600 -1.4069 0.0000 0.0000 0.0001 0.0000 0.0000 0.0000 0.0000 -0.0013 -0.0008 0.0000 -0.0004 0.0001 0.0000 0.0000 0.0000 0.0000 0.0000 0.0000 0.0000 0.0003 0.0000 0.0000 -0.0006 0.0003 0.0000 0.0004 -0.0006 0.0000 0.0000 0.0001 0.0000 0.0000 0.0000 0.0000 -0.0010 -0.0002 0.0000 0.0002 30.0001 -0.0001 0.0005 -29.9998 0.0000 0.0000 0.0000 -14.4722 4.1738 6.0313 -14.4722 4.1738 6.0313 -76.5257 64.5025 43.4798 1.6643 10.7820 -11.5994 -28.7253 7.1665 -118.4903 9.1641 7.0607 -1.4062 0.0000 -0.0001 0.0001 0.0000 0.0000 0.0000 0.0000 -0.0006 0.0003 0.0000 -0.0001 0.0001 0.0000 0.0000 0.0000 0.0000 0.0000 0.0000 0.0000 0.0007 0.0001 0.0000 -0.0011 0.0001 0.0000 -0.0008 0.0003 0.0000 0.0001 0.0000 0.0000 0.0000 0.0000 0.0000 -0.0009 0.0000 0.0000 0.0002 -29.9996 -0.0001 -0.0003 29.9996 0.0000 0.0000 0.0000 2.3310 9.9612 174.0293 0.0000 0.0001 0.0828 -10.0652 67.3676 -2.6402 0.0000 25.0406 0.0000 4.9256 -1.0797 174.4181 -0.2623 -19.5710 -0.0376 29.1673 71.3327 25.3493 0.0000 25.9076 -0.0001 
-4.8065 92.0737 6.6975 -4.0227 -6.8211 3.2233 0.8683 1.2471 -2.3334 0.8688 1.2479 -2.3348 0.8709 1.2509 -2.3404 48.7294 81.0885 -49.7672 50.2167 67.9491 39.1414 11.6983 5.1156 51.4409 -0.8364 1.6466 -1.3275 0.0000 0.0000 0.0001 0.0000 0.0000 0.0000 0.0000 -0.0013 -0.0008 0.0000 -0.0004 0.0001 0.0000 0.0000 0.0000 0.0000 0.0000 0.0000 0.0000 0.0002 0.0000 0.0000 -0.0006 0.0003 0.0000 0.0004 -0.0006 0.0000 0.0000 0.0001 0.0000 0.0000 0.0000 0.0000 -0.0010 -0.0002 0.0000 0.0002 30.0001 -0.0001 0.0005 -29.9998 0.0000 0.0000 0.0000 -14.9498 4.1289 6.2854 -14.9497 4.1289 6.2854 -76.5994 64.3552 43.4996 2.8268 10.5999 -11.8442 -23.7438 8.4217 -115.9394 9.3861 7.3831 -0.7609 0.0000 -0.0001 0.0001 0.0000 0.0000 0.0000 0.0000 -0.0006 0.0003 0.0000 -0.0001 0.0001 0.0000 0.0000 0.0000 0.0000 0.0000 0.0000 0.0000 0.0007 0.0001 0.0000 -0.0011 0.0001 0.0000 -0.0008 0.0003 0.0000 0.0001 0.0000 0.0000 0.0000 0.0000 0.0000 -0.0009 0.0000 0.0000 0.0002 -29.9996 -0.0001 -0.0002 29.9996 0.0000 0.0000 0.0000 1.8519 9.5889 174.1023 0.0000 0.0000 0.0828 -10.3161 67.3553 -2.9664 0.0000 25.0406 0.0000 3.9918 -1.2056 174.4552 -0.2601 -19.1164 -0.0390 28.0741 71.1593 24.6148 0.0000 26.0452 -0.0001 
-5.0102 92.1587 6.7343 -3.5304 -6.4996 3.1915 0.9153 1.1867 -2.4259 0.9158 1.1875 -2.4274 0.9180 1.1903 -2.4331 48.6102 81.1062 -50.1284 52.0111 68.4112 39.9297 12.1613 5.3170 51.7177 -0.7901 1.5424 -1.2612 0.0000 0.0000 0.0001 0.0000 0.0000 0.0000 0.0000 -0.0013 -0.0008 0.0000 -0.0004 0.0001 0.0000 0.0000 0.0000 0.0000 0.0000 0.0000 0.0000 0.0002 0.0000 0.0000 -0.0006 0.0003 0.0000 0.0004 -0.0006 0.0000 0.0000 0.0001 0.0000 0.0000 0.0000 0.0000 -0.0010 -0.0002 0.0000 0.0002 30.0001 -0.0001 0.0005 -29.9998 0.0000 0.0000 0.0000 -15.3876 4.0758 6.5189 -15.3876 4.0758 6.5189 -76.3969 64.1695 43.6987 3.5816 10.4908 -12.1946 -18.8076 9.8159 -112.8773 9.4354 7.6110 -0.0746 0.0000 -0.0001 0.0001 0.0000 0.0000 0.0000 0.0000 -0.0006 0.0003 0.0000 -0.0001 0.0001 0.0000 0.0000 0.0000 0.0000 0.0000 0.0000 0.0000 0.0007 0.0001 0.0000 -0.0012 0.0001 0.0000 -0.0008 0.0003 0.0000 0.0001 0.0000 0.0000 0.0000 0.0000 0.0000 -0.0009 0.0000 0.0000 0.0002 -29.9997 -0.0001 -0.0003 29.9996 0.0000 0.0000 0.0000 1.4657 9.2105 174.2191 -0.0012 -0.0487 0.0828 -10.5460 67.3712 -3.3237 0.0000 25.0407 0.0000 3.0966 -1.3073 174.5440 -0.2545 -18.6383 -0.0411 26.9691 70.9780 23.8631 0.0000 26.1420 -0.0001 
-5.2167 92.2449 6.7513 -3.0747 -6.1958 3.1328 0.9472 1.1425 -2.4858 0.9478 1.1433 -2.4874 0.9500 1.1461 -2.4933 48.3357 81.0871 -50.7131 53.7500 68.8921 40.6411 12.4955 5.4774 52.0660 -0.7503 1.4496 -1.2111 0.0000 0.0000 0.0001 0.0000 0.0000 0.0000 0.0000 -0.0013 -0.0008 0.0000 -0.0004 0.0001 0.0000 0.0000 0.0000 0.0000 0.0000 0.0000 0.0000 0.0002 0.0000 0.0000 -0.0006 0.0003 0.0000 0.0004 -0.0006 0.0000 0.0000 0.0001 0.0000 0.0000 0.0000 0.0000 -0.0010 -0.0002 0.0000 0.0002 30.0001 -0.0001 0.0005 -29.9998 0.0000 0.0000 0.0000 -15.7734 4.0122 6.7273 -15.7734 4.0122 6.7273 -75.9007 63.9448 44.0543 4.0867 10.4767 -12.6821 -14.0811 11.4967 -109.2064 9.3248 7.7556 0.6602 0.0000 -0.0001 0.0001 0.0000 0.0000 0.0000 0.0000 -0.0006 0.0003 0.0000 -0.0001 0.0001 0.0000 0.0000 0.0000 0.0000 0.0000 0.0000 0.0000 0.0007 0.0001 0.0000 -0.0012 0.0001 0.0000 -0.0008 0.0003 0.0000 0.0001 0.0000 0.0000 0.0000 0.0000 0.0000 -0.0009 0.0000 0.0000 0.0002 -29.9996 -0.0001 -0.0003 29.9996 0.0000 0.0000 0.0000 1.1673 8.8962 174.3824 0.0000 0.0001 0.0828 -10.7275 67.3404 -3.6768 0.0000 25.0408 0.0000 2.2343 -1.3467 174.7021 -0.2421 -18.1032 -0.0443 25.8223 70.8031 23.0652 0.0000 26.2008 -0.0001 
-5.4188 92.3313 6.7495 -2.6457 -5.8948 3.0602 0.9770 1.1057 -2.5309 0.9777 1.1065 -2.5325 0.9799 1.1091 -2.5384 48.0779 81.0505 -51.2846 55.4664 69.3631 41.3202 12.6737 5.6619 52.4304 -0.7147 1.3647 -1.1701 0.0000 0.0000 0.0001 0.0000 0.0000 0.0000 0.0000 -0.0013 -0.0008 0.0000 -0.0004 0.0001 0.0000 0.0000 0.0000 0.0000 0.0000 0.0000 0.0000 0.0002 0.0000 0.0000 -0.0006 0.0003 0.0000 0.0004 -0.0006 0.0000 0.0000 0.0001 0.0000 0.0000 0.0000 0.0000 -0.0010 -0.0002 0.0000 0.0003 30.0001 -0.0001 0.0005 -29.9998 0.0000 0.0000 0.0000 -16.1351 3.9439 6.9268 -16.1351 3.9439 6.9268 -75.3429 63.7430 44.3870 4.5846 10.4862 -13.2028 -9.4955 13.1556 -105.0961 9.0973 7.8288 1.3787 0.0000 -0.0001 0.0001 0.0000 0.0000 0.0000 0.0000 -0.0006 0.0003 0.0000 -0.0001 0.0001 0.0000 0.0000 0.0000 0.0000 0.0000 0.0000 0.0000 0.0007 0.0001 0.0000 -0.0011 0.0001 0.0000 -0.0008 0.0003 0.0000 0.0001 0.0000 0.0000 0.0000 0.0000 0.0000 -0.0009 0.0000 0.0000 0.0002 -29.9996 -0.0001 -0.0003 29.9996 0.0000 0.0000 0.0000 0.9185 8.5526 174.5654 0.0000 0.0000 0.0828 -10.8930 67.3312 -4.0307 0.0000 25.0409 0.0000 1.3966 -1.3458 174.8988 -0.2257 -17.5083 -0.0481 24.6616 70.6155 22.2569 0.0000 26.2356 -0.0001 
-5.6146 92.4127 6.7380 -2.2315 -5.5954 2.9801 1.0094 1.0746 -2.5689 1.0100 1.0754 -2.5706 1.0123 1.0779 -2.5766 48.1576 81.0103 -51.5047 57.1290 69.8368 41.9931 12.7478 5.8813 52.7904 -0.6831 1.2881 -1.1352 0.0000 0.0000 0.0001 0.0000 0.0000 0.0000 0.0000 -0.0013 -0.0008 0.0000 -0.0004 0.0001 0.0000 0.0000 0.0000 0.0000 0.0000 0.0000 0.0000 0.0002 0.0000 0.0000 -0.0006 0.0003 0.0000 0.0004 -0.0006 0.0000 0.0000 0.0001 0.0000 0.0000 0.0000 0.0000 -0.0010 -0.0002 0.0000 0.0002 30.0001 -0.0001 0.0005 -29.9998 0.0000 0.0000 0.0000 -16.4869 3.8705 7.1247 -16.4869 3.8705 7.1247 -74.7957 63.5739 44.6448 5.1200 10.5268 -13.7157 -4.9562 14.5546 -100.6310 8.7844 7.8480 2.0492 0.0000 -0.0001 0.0001 0.0000 0.0000 0.0000 0.0000 -0.0006 0.0003 0.0000 -0.0001 0.0001 0.0000 0.0000 0.0000 0.0000 0.0000 0.0000 0.0000 0.0007 0.0001 0.0000 -0.0012 0.0001 0.0000 -0.0008 0.0003 0.0000 0.0001 0.0000 0.0000 0.0000 0.0000 0.0000 -0.0009 0.0000 0.0000 0.0002 -29.9997 -0.0001 -0.0003 29.9996 0.0000 0.0000 0.0000 0.6977 8.2070 174.7562 0.0000 0.0001 0.0828 -11.0270 67.3198 -4.3622 0.0000 25.0410 0.0000 0.5730 -1.3281 175.1129 -0.2080 -16.8764 -0.0520 23.5226 70.4067 21.4819 0.0000 26.2693 -0.0001 
-5.7975 92.4889 6.7286 -1.8128 -5.3028 2.9114 1.0512 1.0518 -2.6096 1.0519 1.0526 -2.6114 1.0542 1.0551 -2.6174 48.5066 80.9760 -51.4298 58.5012 70.2762 42.4737 12.7833 6.1231 53.1227 -0.6571 1.2240 -1.1049 0.0000 0.0000 0.0001 0.0000 0.0000 0.0000 0.0000 -0.0013 -0.0008 0.0000 -0.0004 0.0001 0.0000 0.0000 0.0000 0.0000 0.0000 0.0000 0.0000 0.0002 -0.0001 0.0000 -0.0006 0.0003 0.0000 0.0004 -0.0006 0.0000 0.0000 0.0001 0.0000 0.0000 0.0000 0.0000 -0.0010 -0.0002 0.0000 0.0002 30.0001 -0.0001 0.0005 -29.9998 0.0000 0.0000 0.0000 -16.8470 3.7844 7.3254 -16.8470 3.7844 7.3254 -74.3449 63.4553 44.7527 5.7349 10.6023 -14.1989 -0.5163 15.5499 -95.8717 8.4066 7.8349 2.6468 0.0000 -0.0001 0.0001 0.0000 0.0000 0.0000 0.0000 -0.0006 0.0003 0.0000 -0.0001 0.0001 0.0000 0.0000 0.0000 0.0000 0.0000 0.0000 0.0000 0.0007 0.0001 0.0000 -0.0012 0.0001 0.0000 -0.0008 0.0003 0.0000 0.0001 0.0000 0.0000 0.0000 0.0000 0.0000 -0.0009 0.0000 0.0000 0.0002 -29.9996 -0.0001 -0.0002 29.9996 0.0000 0.0000 0.0000 0.4745 7.8688 174.9281 0.0000 0.0000 0.0828 -11.1256 67.3099 -4.6557 0.0000 25.0411 0.0000 -0.2666 -1.3009 175.3050 -0.1915 -16.2131 -0.0555 22.4406 70.1683 20.7989 0.0000 26.3011 -0.0001 
-5.9644 92.5615 6.7261 -1.3742 -5.0041 2.8613 1.1079 1.0316 -2.6556 1.1087 1.0324 -2.6575 1.1112 1.0349 -2.6635 48.3747 80.9062 -51.8025 59.4602 70.6381 42.5585 12.9161 6.4024 53.4049 -0.6354 1.1700 -1.0751 0.0000 0.0000 0.0001 0.0000 0.0000 0.0000 0.0000 -0.0013 -0.0008 0.0000 -0.0004 0.0001 0.0000 0.0000 0.0000 0.0000 0.0000 0.0000 0.0000 0.0002 -0.0001 0.0000 -0.0006 0.0003 0.0000 0.0004 -0.0006 0.0000 0.0000 0.0001 0.0000 0.0000 0.0000 0.0000 -0.0010 -0.0002 0.0000 0.0002 30.0001 -0.0001 0.0005 -29.9998 0.0000 0.0000 0.0000 -17.2351 3.6794 7.5264 -17.2351 3.6794 7.5264 -74.0139 63.3765 44.7185 6.4040 10.6716 -14.6732 3.8196 15.9207 -90.9220 7.9839 7.8157 3.1401 0.0000 -0.0001 0.0001 0.0000 0.0000 0.0000 0.0000 -0.0006 0.0003 0.0000 -0.0001 0.0001 0.0000 0.0000 0.0000 0.0000 0.0000 0.0000 0.0000 0.0007 0.0001 0.0000 -0.0011 0.0001 0.0000 -0.0008 0.0003 0.0000 0.0001 0.0000 0.0000 0.0000 0.0000 0.0000 -0.0009 0.0000 0.0000 0.0002 -29.9997 -0.0001 -0.0002 29.9996 0.0000 0.0000 0.0000 0.2270 7.5254 175.0705 0.0000 0.0000 0.0828 -11.2034 67.3061 -4.9208 0.0000 25.3510 0.0000 -1.1314 -1.2838 175.4660 -0.1770 -15.5480 -0.0586 21.4334 69.9157 20.2162 0.0000 26.3249 -0.0001 
-6.1149 92.6309 6.7270 -0.9172 -4.6892 2.8333 1.1782 1.0118 -2.7058 1.1790 1.0126 -2.7079 1.1816 1.0150 -2.7139 47.9061 80.8104 -52.4798 60.0527 70.9377 42.3169 13.1632 6.6993 53.6530 -0.6170 1.1244 -1.0457 0.0000 0.0000 0.0001 0.0000 0.0000 0.0000 0.0000 -0.0013 -0.0008 0.0000 -0.0004 0.0001 0.0000 0.0000 0.0000 0.0000 0.0000 0.0000 0.0000 0.0002 0.0000 0.0000 -0.0006 0.0003 0.0000 0.0004 -0.0006 0.0000 0.0000 0.0001 0.0000 0.0000 0.0000 0.0000 -0.0010 -0.0002 0.0000 0.0002 30.0001 -0.0001 0.0005 -29.9998 0.0000 0.0000 0.0000 -17.6501 3.5520 7.7246 -17.6501 3.5520 7.7246 -73.7679 63.3215 44.5767 7.0933 10.7188 -15.1249 7.9750 15.5991 -85.9050 7.5336 7.8065 3.5268 0.0000 -0.0001 0.0001 0.0000 0.0000 0.0000 0.0000 -0.0006 0.0003 0.0000 -0.0001 0.0001 0.0000 0.0000 0.0000 0.0000 0.0000 0.0000 0.0000 0.0007 0.0001 0.0000 -0.0012 0.0001 0.0000 -0.0008 0.0003 0.0000 0.0002 0.0000 0.0000 0.0000 0.0000 0.0000 -0.0008 0.0000 0.0000 0.0002 -29.9996 -0.0001 -0.0003 29.9996 0.0000 0.0000 0.0000 -0.0367 7.1650 175.1810 0.0000 0.0001 0.0828 -11.2593 67.3112 -5.1635 0.0000 25.3510 0.0000 -2.0035 -1.2874 175.6049 -0.1624 -14.8880 -0.0616 20.4914 69.6545 19.7027 0.0000 26.3537 -0.0001 
-6.2459 92.6977 6.7277 -0.4314 -4.3406 2.8391 1.2632 0.9933 -2.7603 1.2641 0.9942 -2.7625 1.2669 0.9964 -2.7686 47.2066 80.6833 -53.3539 60.2917 71.1279 41.8104 13.5308 6.9886 53.8803 -0.6036 1.0901 -1.0182 0.0000 0.0000 0.0001 0.0000 0.0000 0.0000 0.0000 -0.0013 -0.0008 0.0000 -0.0004 0.0001 0.0000 0.0000 0.0000 0.0000 0.0000 0.0000 0.0000 0.0002 0.0000 0.0000 -0.0006 0.0003 0.0000 0.0004 -0.0006 0.0000 0.0000 0.0001 0.0000 0.0000 0.0000 0.0000 -0.0010 -0.0002 0.0000 0.0003 30.0001 -0.0001 0.0005 -29.9998 0.0000 0.0000 0.0000 -18.0995 3.3841 7.9174 -18.0995 3.3842 7.9174 -73.5916 63.2797 44.3466 7.6523 10.7276 -15.5374 11.7507 14.5357 -80.9789 7.0724 7.8290 3.7826 0.0000 -0.0001 0.0001 0.0000 0.0000 0.0000 0.0000 -0.0006 0.0003 0.0000 -0.0001 0.0001 0.0000 0.0000 0.0000 0.0000 0.0000 0.0000 0.0000 0.0007 0.0001 0.0000 -0.0011 0.0001 0.0000 -0.0008 0.0003 0.0000 0.0001 0.0000 0.0000 0.0000 0.0000 0.0000 -0.0009 0.0000 0.0000 0.0002 -29.9996 -0.0001 -0.0003 29.9996 0.0000 0.0000 0.0000 -0.3041 6.7606 175.2486 -0.0003 -0.0163 0.0828 -11.2783 67.3393 -5.3908 0.0000 25.3511 0.0000 -2.6581 -1.3295 175.7456 -0.1418 -14.2547 -0.0650 19.8839 69.3854 19.3018 0.0000 26.3879 -0.0001 
-6.3598 92.7560 6.7218 0.0545 -3.9828 2.8731 1.3601 0.9869 -2.8175 1.3612 0.9878 -2.8198 1.3641 0.9900 -2.8259 46.4472 80.5317 -54.2388 60.4118 71.2505 41.2851 13.8338 7.2578 54.0688 -0.5945 1.0653 -0.9969 0.0000 0.0000 0.0001 0.0000 0.0000 0.0000 0.0000 -0.0013 -0.0008 0.0000 -0.0004 0.0001 0.0000 0.0000 0.0000 0.0000 0.0000 0.0000 0.0000 0.0002 0.0000 0.0000 -0.0006 0.0003 0.0000 0.0004 -0.0006 0.0000 0.0000 0.0001 0.0000 0.0000 0.0000 0.0000 -0.0010 -0.0002 0.0000 0.0003 30.0001 -0.0001 0.0005 -29.9998 0.0000 0.0000 0.0000 -18.5681 3.1800 8.1135 -18.5680 3.1799 8.1135 -73.4172 63.2581 44.1338 8.0773 10.6712 -15.9816 15.0760 13.0021 -76.1809 6.6088 7.8746 3.9435 0.0000 -0.0001 0.0001 0.0000 0.0000 0.0000 0.0000 -0.0006 0.0003 0.0000 -0.0001 0.0001 0.0000 0.0000 0.0000 0.0000 0.0000 0.0000 0.0000 0.0007 0.0001 0.0000 -0.0012 0.0001 0.0000 -0.0008 0.0003 0.0000 0.0001 0.0000 0.0000 0.0000 0.0000 0.0000 -0.0008 0.0000 0.0000 0.0002 -29.9997 -0.0001 -0.0003 29.9996 0.0000 0.0000 0.0000 -0.5506 6.3374 175.2819 -0.0010 -0.0487 0.0828 -11.2710 67.3868 -5.6093 0.0000 25.3510 0.0000 -3.1253 -1.4043 175.8840 -0.1183 -13.6576 -0.0686 19.4980 69.1140 18.9446 0.0000 26.4593 -0.0001 
-6.4555 92.8092 6.6998 0.5420 -3.6237 2.9326 1.4622 0.9950 -2.8771 1.4635 0.9960 -2.8796 1.4666 0.9982 -2.8857 45.7110 80.3532 -55.0773 60.5406 71.3256 40.8731 13.9914 7.5006 54.2253 -0.5894 1.0487 -0.9845 0.0000 0.0000 0.0001 0.0000 0.0000 0.0000 0.0000 -0.0013 -0.0008 0.0000 -0.0004 0.0001 0.0000 0.0000 0.0000 0.0000 0.0000 0.0000 0.0000 0.0002 0.0000 0.0000 -0.0006 0.0003 0.0000 0.0004 -0.0006 0.0000 0.0000 0.0001 0.0000 0.0000 0.0000 0.0000 -0.0010 -0.0002 0.0000 0.0002 30.0001 -0.0001 0.0005 -29.9998 0.0000 0.0000 0.0000 -19.0479 2.9444 8.3174 -19.0479 2.9444 8.3174 -73.2376 63.2575 43.9468 8.3508 10.6128 -16.4254 17.8901 11.1755 -71.4903 6.0738 7.8666 3.9338 0.0000 -0.0001 0.0001 0.0000 0.0000 0.0000 0.0000 -0.0006 0.0003 0.0000 -0.0001 0.0001 0.0000 0.0000 0.0000 0.0000 0.0000 0.0000 0.0000 0.0007 0.0001 0.0000 -0.0011 0.0001 0.0000 -0.0008 0.0003 0.0000 0.0001 0.0000 0.0000 0.0000 0.0000 0.0000 -0.0009 0.0000 0.0000 0.0002 -29.9997 -0.0001 -0.0003 29.9996 0.0000 0.0000 0.0000 -0.7819 5.9369 175.2827 -0.0004 -0.0163 0.0828 -11.2075 67.4045 -5.7823 0.0000 25.3510 0.0000 -3.5808 -1.5288 175.9918 -0.0974 -13.1150 -0.0716 19.1238 68.8534 18.5853 0.0000 26.5349 -0.0001 
-6.5196 92.8565 6.6481 1.0393 -3.2834 3.0316 1.5699 1.0344 -2.9444 1.5714 1.0355 -2.9471 1.5746 1.0377 -2.9532 45.2123 80.1304 -55.6352 60.7571 71.3506 40.7589 13.8638 7.6858 54.3620 -0.5920 1.0462 -0.9905 0.0000 0.0000 0.0001 0.0000 0.0000 0.0000 0.0000 -0.0013 -0.0008 0.0000 -0.0004 0.0001 0.0000 0.0000 0.0000 0.0000 0.0000 0.0000 0.0000 0.0002 0.0000 0.0000 -0.0006 0.0003 0.0000 0.0004 -0.0006 0.0000 0.0000 0.0001 0.0000 0.0000 0.0000 0.0000 -0.0010 -0.0002 0.0000 0.0002 30.0001 -0.0001 0.0005 -29.9998 0.0000 0.0000 0.0000 -19.5462 2.6661 8.5423 -19.5462 2.6661 8.5423 -73.0419 63.2746 43.8739 8.5008 10.4988 -16.9402 20.0363 9.1715 -66.8452 5.5190 7.8371 3.8046 0.0000 -0.0001 0.0001 0.0000 0.0000 0.0000 0.0000 -0.0006 0.0003 0.0000 -0.0001 0.0001 0.0000 0.0000 0.0000 0.0000 0.0000 0.0000 0.0000 0.0007 0.0001 0.0000 -0.0012 0.0001 0.0000 -0.0008 0.0003 0.0000 0.0001 0.0000 0.0000 0.0000 0.0000 0.0000 -0.0009 0.0000 0.0000 0.0002 -29.9996 -0.0001 -0.0003 29.9996 0.0000 0.0000 0.0000 -1.0092 5.5263 175.2273 0.0000 0.0001 0.0828 -11.0585 67.4163 -5.8696 0.0000 25.3510 0.0000 -4.0120 -1.7148 176.0313 -0.0817 -12.6687 -0.0737 18.8083 68.6096 18.2501 0.0000 26.6177 -0.0001 
-6.5569 92.9053 6.5806 1.5424 -2.9693 3.1671 1.6747 1.1010 -3.0225 1.6763 1.1023 -3.0255 1.6796 1.1045 -3.0315 44.8628 79.8651 -56.0243 60.8211 71.3763 40.6404 13.6156 7.8968 54.4923 -0.6008 1.0532 -1.0103 0.0000 0.0000 0.0001 0.0000 0.0000 0.0000 0.0000 -0.0013 -0.0008 0.0000 -0.0004 0.0001 0.0000 0.0000 0.0000 0.0000 0.0000 0.0000 0.0000 0.0003 0.0000 0.0000 -0.0006 0.0003 0.0000 0.0004 -0.0006 0.0000 0.0000 0.0001 0.0000 0.0000 0.0000 0.0000 -0.0010 -0.0002 0.0000 0.0002 30.0001 -0.0001 0.0005 -29.9998 0.0000 0.0000 0.0000 -20.0487 2.3664 8.7907 -20.0487 2.3664 8.7907 -72.8436 63.3135 43.8321 8.5744 10.3295 -17.5093 21.6624 7.0190 -62.2371 4.9833 7.8075 3.6311 0.0000 -0.0001 0.0001 0.0000 0.0000 0.0000 0.0000 -0.0006 0.0003 0.0000 -0.0001 0.0001 0.0000 0.0000 0.0000 0.0000 0.0000 0.0000 0.0000 0.0007 0.0001 0.0000 -0.0012 0.0001 0.0000 -0.0008 0.0003 0.0000 0.0001 0.0000 0.0000 0.0000 0.0000 0.0000 -0.0008 0.0000 0.0000 0.0002 -29.9996 -0.0001 -0.0003 29.9996 0.0000 0.0000 0.0000 -1.2349 5.0942 175.1198 -0.0010 -0.0485 0.0828 -10.8185 67.4354 -5.8583 0.0000 25.3510 0.0000 -4.4189 -1.9462 176.0056 -0.0697 -12.3265 -0.0752 18.5622 68.3925 17.9647 0.0000 26.6647 -0.0001 
-6.5728 92.9535 6.5100 2.0286 -2.6886 3.3350 1.7780 1.1920 -3.1083 1.7799 1.1934 -3.1117 1.7833 1.1958 -3.1176 44.4870 79.5609 -56.4084 60.5664 71.4278 40.3064 13.3429 8.1517 54.6145 -0.6145 1.0674 -1.0409 0.0000 0.0000 0.0001 0.0000 0.0000 0.0000 0.0000 -0.0013 -0.0008 0.0000 -0.0004 0.0001 0.0000 0.0000 0.0000 0.0000 0.0000 0.0000 0.0000 0.0002 0.0000 0.0000 -0.0006 0.0003 0.0000 0.0004 -0.0006 0.0000 0.0000 0.0001 0.0000 0.0000 0.0000 0.0000 -0.0010 -0.0002 0.0000 0.0003 30.0001 -0.0001 0.0005 -29.9998 0.0000 0.0000 0.0000 -20.5470 2.0567 9.0574 -20.5470 2.0567 9.0574 -72.6604 63.3842 43.7672 8.6318 10.1202 -18.1250 22.8215 4.7845 -57.6494 4.4705 7.7736 3.4358 0.0000 -0.0001 0.0001 0.0000 0.0000 0.0000 0.0000 -0.0006 0.0003 0.0000 -0.0001 0.0001 0.0000 0.0000 0.0000 0.0000 0.0000 0.0000 0.0000 0.0007 0.0001 0.0000 -0.0012 0.0001 0.0000 -0.0008 0.0003 0.0000 0.0001 0.0000 0.0000 0.0000 0.0000 0.0000 -0.0008 0.0000 0.0000 0.0002 -29.9996 -0.0001 -0.0003 29.9996 0.0000 0.0000 0.0000 -1.4370 4.7404 174.9666 0.0000 0.0001 0.0828 -10.4544 67.3851 -5.7188 0.0000 25.3511 0.0000 -4.7896 -2.2070 175.9238 -0.0588 -12.0826 -0.0765 18.3641 68.2034 17.7204 0.0000 26.7024 -0.0001 
-6.5589 92.9966 6.4359 2.4805 -2.4467 3.5412 1.8744 1.3063 -3.1977 1.8766 1.3079 -3.2015 1.8799 1.3104 -3.2073 43.9899 79.2341 -56.9280 59.8893 71.4319 39.6954 13.1673 8.4433 54.7475 -0.6341 1.0897 -1.0815 0.0000 0.0000 0.0001 0.0000 0.0000 0.0000 0.0000 -0.0013 -0.0008 0.0000 -0.0004 0.0001 0.0000 0.0000 0.0000 0.0000 0.0000 0.0000 0.0000 0.0002 0.0000 0.0000 -0.0006 0.0003 0.0000 0.0004 -0.0006 0.0000 0.0000 0.0001 0.0000 0.0000 0.0000 0.0000 -0.0010 -0.0002 0.0000 0.0002 30.0001 -0.0001 0.0005 -29.9998 0.0000 0.0000 0.0000 -21.0238 1.7443 9.3301 -21.0238 1.7443 9.3301 -72.5174 63.4763 43.6190 8.7413 9.9310 -18.7941 23.3874 2.5153 -53.0212 3.9803 7.7413 3.2206 0.0000 -0.0001 0.0001 0.0000 0.0000 0.0000 0.0000 -0.0006 0.0002 0.0000 -0.0001 0.0001 0.0000 0.0000 0.0000 0.0000 0.0000 0.0000 0.0000 0.0007 0.0001 0.0000 -0.0011 0.0001 0.0000 -0.0008 0.0003 0.0000 0.0001 0.0000 0.0000 0.0000 0.0000 0.0000 -0.0008 0.0000 0.0000 0.0002 -29.9996 -0.0001 -0.0003 29.9996 0.0000 0.0000 0.0000 -1.6894 4.3887 174.7467 0.0000 0.0001 0.0828 -10.0498 67.3205 -5.4384 0.0000 25.3510 0.0000 -5.1121 -2.5195 175.7593 -0.0501 -11.9948 -0.0775 18.2503 68.0594 17.5666 0.0000 26.7634 -0.0001 
-6.5270 93.0339 6.3486 2.8843 -2.2316 3.7656 1.9701 1.4390 -3.2835 1.9726 1.4410 -3.2877 1.9759 1.4435 -3.2933 43.3776 78.9025 -57.5560 58.9834 71.3225 38.9540 13.1895 8.7200 54.9011 -0.6575 1.1188 -1.1233 0.0000 0.0000 0.0001 0.0000 0.0000 0.0000 0.0000 -0.0013 -0.0008 0.0000 -0.0004 0.0001 0.0000 0.0000 0.0000 0.0000 0.0000 0.0000 0.0000 0.0003 0.0000 0.0000 -0.0006 0.0003 0.0000 0.0004 -0.0006 0.0000 0.0000 0.0001 0.0000 0.0000 0.0000 0.0000 -0.0010 -0.0002 0.0000 0.0002 30.0001 -0.0001 0.0005 -29.9998 0.0000 0.0000 0.0000 -21.4781 1.4296 9.5978 -21.4781 1.4296 9.5979 -72.3580 63.5471 43.4387 8.8729 9.8202 -19.4586 23.5113 0.2281 -48.3894 3.5138 7.7016 3.0084 0.0000 -0.0001 0.0001 0.0000 0.0000 0.0000 0.0000 -0.0006 0.0003 0.0000 -0.0001 0.0001 0.0000 0.0000 0.0000 0.0000 0.0000 0.0000 0.0000 0.0007 0.0001 0.0000 -0.0012 0.0001 0.0000 -0.0008 0.0003 0.0000 0.0001 0.0000 0.0000 0.0000 0.0000 0.0000 -0.0008 0.0000 0.0000 0.0002 -29.9996 -0.0001 -0.0003 29.9996 0.0000 0.0000 0.0000 -1.9794 4.0176 174.4915 -0.0012 -0.0624 0.0828 -9.6645 67.2547 -5.0825 0.0000 25.3510 0.0000 -5.3800 -2.8746 175.5329 -0.0465 -12.0342 -0.0778 18.2252 67.9463 17.5124 0.0000 26.8546 -0.0001 
-6.4860 93.0655 6.2513 3.2309 -2.0341 4.0027 2.0632 1.5821 -3.3652 2.0660 1.5845 -3.3698 2.0693 1.5871 -3.3752 42.7575 78.5791 -58.1903 58.0509 71.0902 38.2523 13.3759 8.9949 55.0461 -0.6825 1.1515 -1.1612 0.0000 0.0000 0.0001 0.0000 0.0000 0.0000 0.0000 -0.0013 -0.0008 0.0000 -0.0004 0.0001 0.0000 0.0000 0.0000 0.0000 0.0000 0.0000 0.0000 0.0002 0.0000 0.0000 -0.0006 0.0003 0.0000 0.0004 -0.0006 0.0000 0.0000 0.0001 0.0000 0.0000 0.0000 0.0000 -0.0010 -0.0002 0.0000 0.0003 30.0001 -0.0001 0.0005 -29.9998 0.0000 0.0000 0.0000 -21.9050 1.1168 9.8612 -21.9050 1.1168 9.8612 -72.1899 63.6145 43.1814 9.0448 9.7684 -20.0867 23.3312 -1.9796 -43.7812 3.0743 7.6520 2.8196 0.0000 -0.0001 0.0001 0.0000 0.0000 0.0000 0.0000 -0.0006 0.0003 0.0000 -0.0001 0.0001 0.0000 0.0000 0.0000 0.0000 0.0000 0.0000 0.0000 0.0007 0.0001 0.0000 -0.0012 0.0001 0.0000 -0.0008 0.0003 0.0000 0.0001 0.0000 0.0000 0.0000 0.0000 0.0000 -0.0009 0.0000 0.0000 0.0002 -29.9996 -0.0001 -0.0003 29.9996 0.0000 0.0000 0.0000 -2.2896 3.7182 174.2156 0.0000 0.0000 0.0828 -9.2983 67.1093 -4.6704 0.0000 25.3510 0.0000 -5.5879 -3.2571 175.2623 -0.0471 -12.1682 -0.0777 18.2552 67.8610 17.5234 0.0000 26.9822 -0.0001 
-6.4428 93.0886 6.1510 3.4781 -1.8540 4.2511 2.1520 1.7295 -3.4412 2.1551 1.7323 -3.4464 2.1583 1.7349 -3.4515 42.2785 78.3003 -58.6824 57.3367 70.6822 37.8176 13.6896 9.2073 55.1980 -0.7082 1.1882 -1.1893 0.0000 0.0000 0.0001 0.0000 0.0000 0.0000 0.0000 -0.0013 -0.0008 0.0000 -0.0004 0.0001 0.0000 0.0000 0.0000 0.0000 0.0000 0.0000 0.0000 0.0002 0.0000 0.0000 -0.0006 0.0003 0.0000 0.0004 -0.0006 0.0000 0.0000 0.0001 0.0000 0.0000 0.0000 0.0000 -0.0010 -0.0002 0.0000 0.0002 30.0001 -0.0001 0.0005 -29.9998 0.0000 0.0000 0.0000 -22.2744 0.8180 10.1078 -22.2744 0.8180 10.1078 -72.0175 63.7146 42.7471 9.3890 9.8219 -20.6385 22.9677 -3.8863 -39.2836 2.6720 7.5910 2.6994 0.0000 -0.0001 0.0001 0.0000 0.0000 0.0000 0.0000 -0.0006 0.0003 0.0000 -0.0001 0.0001 0.0000 0.0000 0.0000 0.0000 0.0000 0.0000 0.0000 0.0007 0.0001 0.0000 -0.0012 0.0001 0.0000 -0.0008 0.0003 0.0000 0.0001 0.0000 0.0000 0.0000 0.0000 0.0000 -0.0009 0.0000 0.0000 0.0002 -29.9996 -0.0001 -0.0003 29.9996 0.0000 0.0000 0.0000 -2.5699 3.3849 173.9286 -0.0010 -0.0487 0.0828 -9.0507 67.0108 -4.3218 0.0000 25.3510 0.0000 -5.7051 -3.6668 174.9586 -0.0496 -12.4206 -0.0773 18.2951 67.8322 17.5616 0.0000 27.1421 -0.0001 
-6.4017 93.1074 6.0656 3.6594 -1.6901 4.5047 2.2462 1.8823 -3.5138 2.2497 1.8855 -3.5195 2.2528 1.8882 -3.5243 41.8282 78.0695 -59.1103 57.0945 70.0890 37.8781 13.8875 9.3557 55.3579 -0.7344 1.2280 -1.2125 0.0000 0.0000 0.0001 0.0000 0.0000 0.0000 0.0000 -0.0013 -0.0008 0.0000 -0.0004 0.0001 0.0000 0.0000 0.0000 0.0000 0.0000 0.0000 0.0000 0.0002 0.0000 0.0000 -0.0006 0.0003 0.0000 0.0004 -0.0006 0.0000 0.0000 0.0001 0.0000 0.0000 0.0000 0.0000 -0.0010 -0.0002 0.0000 0.0002 30.0001 -0.0001 0.0005 -29.9998 0.0000 0.0000 0.0000 -22.6259 0.5219 10.3563 -22.6260 0.5219 10.3563 -71.8451 63.8254 42.3083 9.9100 10.0896 -21.2096 22.5377 -5.4960 -34.9675 2.3045 7.5144 2.6588 0.0000 -0.0001 0.0001 0.0000 0.0000 0.0000 0.0000 -0.0006 0.0003 0.0000 -0.0001 0.0001 0.0000 0.0000 0.0000 0.0000 0.0000 0.0000 0.0000 0.0007 0.0001 0.0000 -0.0012 0.0001 0.0000 -0.0008 0.0003 0.0000 0.0001 0.0000 0.0000 0.0000 0.0000 0.0000 -0.0009 0.0000 0.0000 0.0002 -29.9996 -0.0001 -0.0003 29.9996 0.0000 0.0000 0.0000 -2.8144 3.1021 173.6422 -0.0013 -0.0625 0.0828 -8.8834 66.9072 -4.0411 0.0000 25.3510 0.0000 -5.7752 -4.0795 174.6467 -0.0522 -12.7424 -0.0769 18.2715 67.8491 17.5504 0.0000 27.3195 -0.0001 
-6.3553 93.1240 5.9970 3.8045 -1.5391 4.7574 2.3433 2.0420 -3.5837 2.3473 2.0458 -3.5899 2.3501 2.0484 -3.5944 41.3073 77.8673 -59.5778 57.1973 69.3635 38.2779 13.9484 9.4610 55.5266 -0.7615 1.2702 -1.2339 0.0000 0.0000 0.0001 0.0000 0.0000 0.0000 0.0000 -0.0013 -0.0008 0.0000 -0.0004 0.0001 0.0000 0.0000 0.0000 0.0000 0.0000 0.0000 0.0000 0.0002 0.0000 0.0000 -0.0006 0.0003 0.0000 0.0004 -0.0006 0.0000 0.0000 0.0001 0.0000 0.0000 0.0000 0.0000 -0.0010 -0.0002 0.0000 0.0002 30.0001 -0.0001 0.0005 -29.9998 0.0000 0.0000 0.0000 -22.9711 0.2227 10.6164 -22.9711 0.2227 10.6164 -71.6470 63.9517 41.9139 10.5781 10.5435 -21.7661 22.1246 -6.8327 -30.8735 1.9692 7.4230 2.6912 0.0000 -0.0001 0.0001 0.0000 0.0000 0.0000 0.0000 -0.0006 0.0003 0.0000 -0.0001 0.0001 0.0000 0.0000 0.0000 0.0000 0.0000 0.0000 0.0000 0.0007 0.0001 0.0000 -0.0012 0.0001 0.0000 -0.0008 0.0003 0.0000 0.0001 0.0000 0.0000 0.0000 0.0000 0.0000 -0.0009 0.0000 0.0000 0.0002 -29.9997 -0.0001 -0.0003 29.9996 0.0000 0.0000 0.0000 -3.0304 2.8864 173.3569 0.0000 0.0000 0.0828 -8.7458 66.7788 -3.7935 0.0000 25.3511 0.0000 -5.8240 -4.5004 174.3302 -0.0570 -13.1240 -0.0762 18.1941 67.9057 17.4926 0.0000 27.4799 -0.0001 
-6.2934 93.1362 5.9497 3.9323 -1.3980 5.0031 2.4344 2.1981 -3.6469 2.4389 2.2024 -3.6536 2.4416 2.2050 -3.6577 40.8753 77.7271 -59.9443 57.5906 68.5470 38.9649 13.8382 9.5415 55.7157 -0.7883 1.3116 -1.2535 0.0000 0.0000 0.0001 0.0000 0.0000 0.0000 0.0000 -0.0013 -0.0008 0.0000 -0.0004 0.0001 0.0000 0.0000 0.0000 0.0000 0.0000 0.0000 0.0000 0.0002 0.0000 0.0000 -0.0006 0.0003 0.0000 0.0004 -0.0006 0.0000 0.0000 0.0001 0.0000 0.0000 0.0000 0.0000 -0.0010 -0.0002 0.0000 0.0002 30.0001 -0.0001 0.0005 -29.9998 0.0000 0.0000 0.0000 -23.3171 -0.0744 10.8943 -23.3171 -0.0744 10.8943 -71.4789 64.1206 41.5286 11.3726 11.2000 -22.3275 21.9860 -7.7678 -27.1802 1.6768 7.3150 2.8236 0.0000 -0.0001 0.0001 0.0000 0.0000 0.0000 0.0000 -0.0006 0.0003 0.0000 -0.0001 0.0001 0.0000 0.0000 0.0000 0.0000 0.0000 0.0000 0.0000 0.0007 0.0001 0.0000 -0.0012 0.0001 0.0000 -0.0008 0.0003 0.0000 0.0001 0.0000 0.0000 0.0000 0.0000 0.0000 -0.0009 0.0000 0.0000 0.0002 -29.9996 -0.0001 -0.0003 29.9996 0.0000 0.0000 0.0000 -3.1898 2.6450 173.0737 -0.0010 -0.0487 0.0828 -8.6221 66.7176 -3.5991 0.0000 25.3510 0.0000 -5.8731 -4.9362 174.0098 -0.0664 -13.5655 -0.0748 18.0490 68.0013 17.3719 0.0000 27.6311 -0.0001 
-6.2206 93.1475 5.9107 4.0669 -1.2675 5.2437 2.5174 2.3475 -3.7036 2.5222 2.3524 -3.7109 2.5247 2.3549 -3.7146 40.6566 77.6280 -60.1033 57.9403 67.7813 39.6287 13.7098 9.6303 55.9421 -0.8152 1.3515 -1.2746 0.0000 0.0000 0.0001 0.0000 0.0000 0.0000 0.0000 -0.0013 -0.0008 0.0000 -0.0004 0.0001 0.0000 0.0000 0.0000 0.0000 0.0000 0.0000 0.0000 0.0002 0.0000 0.0000 -0.0006 0.0003 0.0000 0.0004 -0.0006 0.0000 0.0000 0.0001 0.0000 0.0000 0.0000 0.0000 -0.0010 -0.0002 0.0000 0.0002 30.0001 -0.0001 0.0005 -29.9998 0.0000 0.0000 0.0000 -23.6702 -0.3620 11.1831 -23.6702 -0.3620 11.1831 -71.3656 64.3094 41.1518 12.1895 11.9734 -22.9198 22.0485 -8.4531 -23.8517 1.4209 7.2025 3.0103 0.0000 -0.0001 0.0001 0.0000 0.0000 0.0000 0.0000 -0.0006 0.0003 0.0000 -0.0001 0.0001 0.0000 0.0000 0.0000 0.0000 0.0000 0.0000 0.0000 0.0007 0.0001 0.0000 -0.0012 0.0001 0.0000 -0.0008 0.0003 0.0000 0.0001 0.0000 0.0000 0.0000 0.0000 0.0000 -0.0009 0.0000 0.0000 0.0002 -29.9996 -0.0001 -0.0003 29.9996 0.0000 0.0000 0.0000 -3.2961 2.4729 172.7912 0.0000 0.0000 0.0828 -8.4302 66.6104 -3.3878 0.0000 25.3511 0.0000 -5.9413 -5.3759 173.6856 -0.0776 -14.0278 -0.0732 17.8230 68.1025 17.1794 0.0000 27.7878 -0.0001 
-6.1431 93.1579 5.8743 4.2126 -1.1491 5.4751 2.5909 2.4911 -3.7515 2.5962 2.4965 -3.7593 2.5985 2.4989 -3.7626 40.5134 77.5328 -60.2051 58.1506 67.0989 40.1505 13.6460 9.7398 56.2003 -0.8422 1.3890 -1.2973 0.0000 0.0000 0.0001 0.0000 0.0000 0.0000 0.0000 -0.0013 -0.0008 0.0000 -0.0004 0.0001 0.0000 0.0000 0.0000 0.0000 0.0000 0.0000 0.0000 0.0002 0.0000 0.0000 -0.0006 0.0003 0.0000 0.0004 -0.0006 0.0000 0.0000 0.0001 0.0000 0.0000 0.0000 0.0000 -0.0010 -0.0002 0.0000 0.0002 30.0001 -0.0001 0.0005 -29.9998 0.0000 0.0000 0.0000 -24.0386 -0.6433 11.4870 -24.0385 -0.6433 11.4869 -71.3032 64.4867 40.8088 12.9461 12.8381 -23.5230 22.1593 -8.9892 -20.8564 1.1970 7.0954 3.2130 0.0000 -0.0001 0.0001 0.0000 0.0000 0.0000 0.0000 -0.0007 0.0003 0.0000 -0.0001 0.0001 0.0000 0.0000 0.0000 0.0000 0.0000 0.0000 0.0000 0.0007 0.0001 0.0000 -0.0012 0.0001 0.0000 -0.0008 0.0003 0.0000 0.0001 0.0000 0.0000 0.0000 0.0000 0.0000 -0.0008 0.0000 0.0000 0.0002 -29.9996 -0.0001 -0.0003 29.9996 0.0000 0.0000 0.0000 -3.3510 2.2598 172.5147 -0.0015 -0.0682 0.0828 -8.2095 66.5624 -3.1920 0.0000 25.3510 0.0000 -6.0203 -5.8178 173.3578 -0.0911 -14.5061 -0.0712 17.5558 68.1980 16.9501 0.0000 27.9483 -0.0001 
-6.0636 93.1695 5.8407 4.3722 -1.0491 5.6815 2.6456 2.6257 -3.7801 2.6512 2.6317 -3.7882 2.6533 2.6339 -3.7912 40.5001 77.4309 -60.2162 58.1077 66.5879 40.4404 13.7679 9.8825 56.4814 -0.8681 1.4218 -1.3220 0.0000 0.0000 0.0001 0.0000 0.0000 0.0000 0.0000 -0.0013 -0.0008 0.0000 -0.0004 0.0001 0.0000 0.0000 0.0000 0.0000 0.0000 0.0000 0.0000 0.0002 0.0000 0.0000 -0.0006 0.0003 0.0000 0.0004 -0.0006 0.0000 0.0000 0.0001 0.0000 0.0000 0.0000 0.0000 -0.0010 -0.0002 0.0000 0.0002 30.0001 -0.0001 0.0005 -29.9998 0.0000 0.0000 0.0000 -24.4150 -0.9211 11.7983 -24.4150 -0.9211 11.7983 -71.4017 64.6650 40.4173 13.5995 13.7554 -24.0211 22.1168 -9.2755 -18.4042 1.0229 7.0134 3.3942 0.0000 -0.0001 0.0001 0.0000 0.0000 0.0000 0.0000 -0.0006 0.0003 0.0000 -0.0001 0.0001 0.0000 0.0000 0.0000 0.0000 0.0000 0.0000 0.0000 0.0007 0.0001 0.0000 -0.0012 0.0001 0.0000 -0.0008 0.0003 0.0000 0.0001 0.0000 0.0000 0.0000 0.0000 0.0000 -0.0009 0.0000 0.0000 0.0002 -29.9996 -0.0001 -0.0003 29.9996 0.0000 0.0000 0.0000 -3.3605 2.1414 172.2573 0.0000 0.0001 0.0828 -7.9056 66.4537 -2.9541 0.0000 25.3510 0.0000 -6.0785 -6.2495 173.0308 -0.1087 -14.9933 -0.0685 17.3087 68.2762 16.7275 0.0000 28.0813 -0.0001 
-5.9888 93.1795 5.8098 4.5320 -0.9758 5.8583 2.6790 2.7557 -3.7893 2.6849 2.7622 -3.7977 2.6868 2.7643 -3.8005 40.6804 77.3177 -60.0679 57.9477 66.2164 40.6189 14.0368 10.0604 56.7832 -0.8926 1.4501 -1.3467 0.0000 0.0000 0.0001 0.0000 0.0000 0.0000 0.0000 -0.0013 -0.0008 0.0000 -0.0004 0.0001 0.0000 0.0000 0.0000 0.0000 0.0000 0.0000 0.0000 0.0002 0.0000 0.0000 -0.0006 0.0003 0.0000 0.0004 -0.0006 0.0000 0.0000 0.0001 0.0000 0.0000 0.0000 0.0000 -0.0010 -0.0002 0.0000 0.0002 30.0001 -0.0002 0.0005 -29.9998 0.0000 0.0000 0.0000 -24.7800 -1.1981 12.1043 -24.7800 -1.1981 12.1043 -71.6328 64.8789 39.9492 14.1502 14.6144 -24.4214 21.9051 -9.4406 -16.4394 0.8907 6.9640 3.5364 0.0000 -0.0001 0.0001 0.0000 0.0000 0.0000 0.0000 -0.0006 0.0003 0.0000 -0.0001 0.0001 0.0000 0.0000 0.0000 0.0000 0.0000 0.0000 0.0000 0.0007 0.0001 0.0000 -0.0012 0.0001 0.0000 -0.0008 0.0003 0.0000 0.0001 0.0000 0.0000 0.0000 0.0000 0.0000 -0.0008 0.0000 0.0000 0.0002 -29.9997 -0.0001 -0.0003 29.9996 0.0000 0.0000 0.0000 -3.3327 1.9898 172.0278 -0.0016 -0.0686 0.0828 -7.6034 66.4248 -2.7389 0.0000 25.3511 0.0000 -6.0823 -6.6418 172.7200 -0.1281 -15.4761 -0.0654 17.1515 68.3465 16.5685 0.0000 28.1789 -0.0001 
-5.9223 93.1886 5.7811 4.6789 -0.9301 6.0169 2.6929 2.8820 -3.7871 2.6989 2.8890 -3.7958 2.7007 2.8910 -3.7983 40.9738 77.1728 -59.8388 57.7850 65.9249 40.7624 14.3846 10.2965 57.1117 -0.9164 1.4739 -1.3714 0.0000 0.0000 0.0001 0.0000 0.0000 0.0000 0.0000 -0.0013 -0.0008 0.0000 -0.0004 0.0001 0.0000 0.0000 0.0000 0.0000 0.0000 0.0000 0.0000 0.0002 0.0000 0.0000 -0.0006 0.0003 0.0000 0.0004 -0.0006 0.0000 0.0000 0.0001 0.0000 0.0000 0.0000 0.0000 -0.0010 -0.0002 0.0000 0.0002 30.0001 -0.0001 0.0005 -29.9998 0.0000 0.0000 0.0000 -25.1239 -1.4707 12.4026 -25.1239 -1.4707 12.4026 -71.9414 65.1226 39.4651 14.6374 15.4557 -24.7612 21.4186 -9.5265 -14.8904 0.7933 6.9502 3.6360 0.0000 -0.0001 0.0001 0.0000 0.0000 0.0000 0.0000 -0.0006 0.0003 0.0000 -0.0001 0.0001 0.0000 0.0000 0.0000 0.0000 0.0000 0.0000 0.0000 0.0007 0.0001 0.0000 -0.0012 0.0001 0.0000 -0.0008 0.0003 0.0000 0.0001 0.0000 0.0000 0.0000 0.0000 0.0000 -0.0008 0.0000 0.0000 0.0002 -29.9997 -0.0001 -0.0003 29.9996 0.0000 0.0000 0.0000 -3.2875 1.9425 171.8191 0.0000 0.0000 0.0828 -7.2928 66.3410 -2.5208 0.0000 25.3511 0.0000 -5.9364 -6.9565 172.4262 -0.1449 -15.9200 -0.0625 17.1642 68.3982 16.4718 0.0000 28.2793 -0.0001 
-5.8711 93.1926 5.7548 4.7785 -0.9267 6.1520 2.6808 3.0038 -3.7735 2.6869 3.0112 -3.7823 2.6885 3.0131 -3.7846 41.3204 76.9535 -59.6031 57.7226 65.6780 40.9074 14.7681 10.6552 57.5085 -0.9409 1.4925 -1.3983 0.0000 0.0000 0.0001 0.0000 0.0000 0.0000 0.0000 -0.0013 -0.0008 0.0000 -0.0004 0.0001 0.0000 0.0000 0.0000 0.0000 0.0000 0.0000 0.0000 0.0002 0.0000 0.0000 -0.0006 0.0003 0.0000 0.0004 -0.0006 0.0000 0.0000 0.0001 0.0000 0.0000 0.0000 0.0000 -0.0010 -0.0002 0.0000 0.0002 30.0001 -0.0001 0.0005 -29.9998 0.0000 0.0000 0.0000 -25.4153 -1.7342 12.6788 -25.4152 -1.7342 12.6787 -72.3113 65.4120 39.0190 15.0444 16.3116 -25.0571 20.4451 -9.5049 -13.9123 0.7426 6.9918 3.6702 0.0000 -0.0001 0.0001 0.0000 0.0000 0.0000 0.0000 -0.0006 0.0003 0.0000 -0.0001 0.0001 0.0000 0.0000 0.0000 0.0000 0.0000 0.0000 0.0000 0.0007 0.0001 0.0000 -0.0012 0.0001 0.0000 -0.0008 0.0003 0.0000 0.0001 0.0000 0.0000 0.0000 0.0000 0.0000 -0.0008 0.0000 0.0000 0.0002 -29.9996 -0.0001 -0.0003 29.9996 0.0000 0.0000 0.0000 -3.2058 1.9151 171.6416 0.0000 0.0001 0.0828 -7.0523 66.3096 -2.3652 0.0000 25.3510 0.0000 -5.6086 -7.1501 172.1689 -0.1547 -16.2977 -0.0606 17.3503 68.4408 16.4438 0.0000 28.3966 -0.0001 
-5.8273 93.1968 5.7322 4.8165 -0.9486 6.2654 2.6530 3.1203 -3.7474 2.6591 3.1281 -3.7563 2.6607 3.1300 -3.7585 41.7149 76.6560 -59.3347 57.8284 65.4395 41.1269 15.1479 11.0532 58.0426 -0.9692 1.5110 -1.4306 0.0000 0.0000 0.0001 0.0000 0.0000 0.0000 0.0000 -0.0013 -0.0008 0.0000 -0.0004 0.0001 0.0000 0.0000 0.0000 0.0000 0.0000 0.0000 0.0000 0.0002 -0.0001 0.0000 -0.0006 0.0003 0.0000 0.0004 -0.0006 0.0000 0.0000 0.0001 0.0000 0.0000 0.0000 0.0000 -0.0010 -0.0002 0.0000 0.0002 30.0001 -0.0001 0.0005 -29.9998 0.0000 0.0000 0.0000 -25.6460 -1.9919 12.9186 -25.6460 -1.9919 12.9186 -72.7483 65.7538 38.5500 15.4772 17.1505 -25.3343 19.2438 -9.4472 -13.3075 0.7193 7.0629 3.6722 0.0000 -0.0001 0.0001 0.0000 0.0000 0.0000 0.0000 -0.0006 0.0003 0.0000 -0.0001 0.0001 0.0000 0.0000 0.0000 0.0000 0.0000 0.0000 0.0000 0.0007 0.0001 0.0000 -0.0012 0.0001 0.0000 -0.0008 0.0003 0.0000 0.0001 0.0000 0.0000 0.0000 0.0000 0.0000 -0.0009 0.0000 0.0000 0.0002 -29.9996 -0.0001 -0.0003 29.9996 0.0000 0.0000 0.0000 -3.0971 1.9248 171.4892 0.0000 0.0001 0.0828 -6.8670 66.2919 -2.2411 0.0000 25.3511 0.0000 -5.2184 -7.2706 171.9429 -0.1631 -16.6231 -0.0590 17.5942 68.4866 16.4737 0.0000 28.4557 -0.0001 
-5.7886 93.2001 5.7180 4.8022 -0.9840 6.3607 2.6106 3.2294 -3.7093 2.6167 3.2375 -3.7181 2.6182 3.2394 -3.7203 42.0786 76.2841 -59.0850 58.0735 65.1819 41.4018 15.5098 11.4369 58.7381 -1.0042 1.5338 -1.4705 0.0000 0.0000 0.0001 0.0000 0.0000 0.0000 0.0000 -0.0013 -0.0008 0.0000 -0.0004 0.0001 0.0000 0.0000 0.0000 0.0000 0.0000 0.0000 0.0000 0.0002 0.0000 0.0000 -0.0006 0.0003 0.0000 0.0004 -0.0006 0.0000 0.0000 0.0001 0.0000 0.0000 0.0000 0.0000 -0.0010 -0.0002 0.0000 0.0002 30.0001 -0.0001 0.0005 -29.9998 0.0000 0.0000 0.0000 -25.8151 -2.2408 13.1168 -25.8151 -2.2408 13.1168 -73.2087 66.1215 38.0811 15.8936 17.9831 -25.6739 17.9451 -9.4715 -12.9234 0.7089 7.1537 3.6531 0.0000 -0.0001 0.0001 0.0000 0.0000 0.0000 0.0000 -0.0006 0.0003 0.0000 -0.0001 0.0001 0.0000 0.0000 0.0000 0.0000 0.0000 0.0000 0.0000 0.0007 0.0001 0.0000 -0.0012 0.0001 0.0000 -0.0008 0.0003 0.0000 0.0001 0.0000 0.0000 0.0000 0.0000 0.0000 -0.0008 0.0000 0.0000 0.0002 -29.9996 -0.0001 -0.0003 29.9996 0.0000 0.0000 0.0000 -2.9641 1.9618 171.3581 0.0000 0.0000 0.0828 -6.7243 66.2871 -2.1435 0.0000 25.3510 0.0000 -4.8094 -7.3464 171.7471 -0.1696 -16.9214 -0.0576 17.8602 68.5507 16.5468 0.0000 28.4558 -0.0001 
-5.7517 93.2074 5.7205 4.7076 -1.0321 6.4453 2.5540 3.3251 -3.6590 2.5599 3.3334 -3.6676 2.5613 3.3354 -3.6698 42.4652 75.8019 -58.7653 58.5217 64.8493 41.8366 15.8115 11.7863 59.6525 -1.0524 1.5691 -1.5250 0.0000 0.0000 0.0001 0.0000 0.0000 0.0000 0.0000 -0.0013 -0.0008 0.0000 -0.0004 0.0001 0.0000 0.0000 0.0000 0.0000 0.0000 0.0000 0.0000 0.0002 0.0000 0.0000 -0.0006 0.0003 0.0000 0.0004 -0.0006 0.0000 0.0000 0.0001 0.0000 0.0000 0.0000 0.0000 -0.0010 -0.0002 0.0000 0.0002 30.0001 -0.0001 0.0005 -29.9998 0.0000 0.0000 0.0000 -25.8946 -2.4679 13.2427 -25.8946 -2.4679 13.2427 -73.6189 66.4773 37.6787 16.2274 18.8230 -26.1629 16.6480 -9.6152 -12.7023 0.7065 7.2604 3.6225 0.0000 -0.0001 0.0001 0.0000 0.0000 0.0000 0.0000 -0.0006 0.0003 0.0000 -0.0001 0.0001 0.0000 0.0000 0.0000 0.0000 0.0000 0.0000 0.0000 0.0007 0.0001 0.0000 -0.0011 0.0001 0.0000 -0.0008 0.0003 0.0000 0.0001 0.0000 0.0000 0.0000 0.0000 0.0000 -0.0009 0.0000 0.0000 0.0002 -29.9996 -0.0001 -0.0003 29.9996 0.0000 0.0000 0.0000 -2.7820 2.0367 171.2417 0.0000 0.0000 0.0828 -6.6284 66.3031 -2.0822 0.0000 25.3510 0.0000 -4.4310 -7.3753 171.5734 -0.1755 -17.1778 -0.0563 18.0916 68.6404 16.6595 0.0000 28.3540 -0.0001 
-5.7113 93.2148 5.7354 4.5610 -1.0855 6.5247 2.4890 3.4107 -3.5981 2.4947 3.4192 -3.6066 2.4962 3.4213 -3.6087 42.8815 75.2481 -58.3572 58.9980 64.4183 42.4255 16.1975 12.0036 60.8554 -1.1205 1.6256 -1.6009 0.0000 0.0000 0.0001 0.0000 0.0000 0.0000 0.0000 -0.0013 -0.0008 0.0000 -0.0004 0.0001 0.0000 0.0000 0.0000 0.0000 0.0000 0.0000 0.0000 0.0002 0.0000 0.0000 -0.0006 0.0003 0.0000 0.0004 -0.0006 0.0000 0.0000 0.0001 0.0000 0.0000 0.0000 0.0000 -0.0010 -0.0002 0.0000 0.0002 30.0001 -0.0001 0.0005 -29.9998 0.0000 0.0000 0.0000 -25.9067 -2.6765 13.3104 -25.9067 -2.6765 13.3104 -74.0166 66.7806 37.2815 16.5250 19.6633 -26.7619 15.5212 -9.7590 -12.5095 0.7048 7.3645 3.6066 0.0000 -0.0001 0.0001 0.0000 0.0000 0.0000 0.0000 -0.0006 0.0003 0.0000 -0.0001 0.0001 0.0000 0.0000 0.0000 0.0000 0.0000 0.0000 0.0000 0.0007 0.0001 0.0000 -0.0012 0.0001 0.0000 -0.0008 0.0003 0.0000 0.0001 0.0000 0.0000 0.0000 0.0000 0.0000 -0.0009 0.0000 0.0000 0.0002 -29.9996 -0.0001 -0.0003 29.9996 0.0000 0.0000 0.0000 -2.5689 2.1353 171.1314 0.0000 0.0001 0.0828 -6.5564 66.3380 -2.0419 0.0000 25.3510 0.0000 -4.1272 -7.3817 171.4111 -0.1812 -17.4017 -0.0551 18.2560 68.7488 16.7888 0.0000 28.2029 -0.0001 
-5.6661 93.2227 5.7545 4.3803 -1.1444 6.5987 2.4160 3.4901 -3.5239 2.4215 3.4986 -3.5321 2.4229 3.5009 -3.5343 43.2777 74.6361 -57.9011 59.4755 63.8673 43.1992 16.6495 12.0931 62.3304 -1.2122 1.7060 -1.7020 0.0000 0.0000 0.0001 0.0000 0.0000 0.0000 0.0000 -0.0013 -0.0008 0.0000 -0.0004 0.0001 0.0000 0.0000 0.0000 0.0000 0.0000 0.0000 0.0000 0.0002 0.0000 0.0000 -0.0006 0.0003 0.0000 0.0004 -0.0006 0.0000 0.0000 0.0001 0.0000 0.0000 0.0000 0.0000 -0.0010 -0.0002 0.0000 0.0002 30.0001 -0.0001 0.0005 -29.9998 0.0000 0.0000 0.0000 -25.8640 -2.8730 13.3284 -25.8640 -2.8730 13.3284 -74.3987 67.0312 36.8576 16.8657 20.4933 -27.4075 14.5900 -9.8957 -12.3084 0.7006 7.4579 3.6152 0.0000 -0.0001 0.0001 0.0000 0.0000 0.0000 0.0000 -0.0006 0.0003 0.0000 -0.0001 0.0001 0.0000 0.0000 0.0000 0.0000 0.0000 0.0000 0.0000 0.0007 0.0001 0.0000 -0.0012 0.0001 0.0000 -0.0008 0.0003 0.0000 0.0001 0.0000 0.0000 0.0000 0.0000 0.0000 -0.0009 0.0000 0.0000 0.0002 -29.9996 -0.0001 -0.0003 29.9996 0.0000 0.0000 0.0000 -2.3404 2.2487 171.0261 0.0000 0.0001 0.0828 -6.4979 66.3844 -2.0121 0.0000 25.3510 0.0000 -3.9094 -7.3801 171.2563 -0.1894 -17.5971 -0.0535 18.3439 68.8618 16.9212 0.0000 28.0139 -0.0001 
-5.6174 93.2230 5.7740 4.1780 -1.2133 6.6652 2.3362 3.5616 -3.4362 2.3414 3.5701 -3.4440 2.3429 3.5726 -3.4463 43.7487 73.9624 -57.1740 59.8974 63.1107 44.2928 17.1283 12.0318 64.2154 -1.3467 1.8294 -1.8470 0.0000 0.0000 0.0001 0.0000 0.0000 0.0000 0.0000 -0.0013 -0.0008 0.0000 -0.0004 0.0001 0.0000 0.0000 0.0000 0.0000 0.0000 0.0000 0.0000 0.0002 0.0000 0.0000 -0.0006 0.0003 0.0000 0.0004 -0.0006 0.0000 0.0000 0.0001 0.0000 0.0000 0.0000 0.0000 -0.0010 -0.0002 0.0000 0.0002 30.0001 -0.0001 0.0005 -29.9998 0.0000 0.0000 0.0000 -25.7653 -3.0449 13.2961 -25.7653 -3.0449 13.2961 -74.6941 67.2102 36.4911 17.3265 21.3852 -28.1086 13.8811 -10.0014 -12.0808 0.6918 7.5304 3.6705 0.0000 -0.0001 0.0001 0.0000 0.0000 0.0000 0.0000 -0.0006 0.0003 0.0000 -0.0001 0.0001 0.0000 0.0000 0.0000 0.0000 0.0000 0.0000 0.0000 0.0007 0.0001 0.0000 -0.0012 0.0001 0.0000 -0.0008 0.0003 0.0000 0.0001 0.0000 0.0000 0.0000 0.0000 0.0000 -0.0008 0.0000 0.0000 0.0002 -29.9996 -0.0001 -0.0003 29.9996 0.0000 0.0000 0.0000 -2.1200 2.3753 170.9281 0.0000 0.0001 0.0828 -6.4583 66.4375 -1.9938 0.0000 25.3510 0.0000 -3.8249 -7.3645 171.1172 -0.1993 -17.7401 -0.0517 18.3081 68.9676 17.0298 0.0000 27.8661 -0.0001 
-5.5737 93.2237 5.7907 3.9779 -1.2971 6.7235 2.2538 3.6283 -3.3413 2.2587 3.6368 -3.3487 2.2602 3.6394 -3.3511 44.2632 73.3287 -56.2846 60.1595 62.1983 45.5895 17.6282 11.8178 66.4600 -1.5220 1.9875 -2.0315 0.0000 0.0000 0.0001 0.0000 0.0000 0.0000 0.0000 -0.0013 -0.0008 0.0000 -0.0004 0.0001 0.0000 0.0000 0.0000 0.0000 0.0000 0.0000 0.0000 0.0002 0.0000 0.0000 -0.0006 0.0003 0.0000 0.0004 -0.0006 0.0000 0.0000 0.0001 0.0000 0.0000 0.0000 0.0000 -0.0010 -0.0002 0.0000 0.0002 30.0001 -0.0001 0.0005 -29.9998 0.0000 0.0000 0.0000 -25.6402 -3.1920 13.2428 -25.6402 -3.1920 13.2428 -74.9148 67.3448 36.1784 17.8672 22.3602 -28.8187 13.3458 -10.0667 -11.8608 0.6812 7.5842 3.7670 0.0000 -0.0001 0.0001 0.0000 0.0000 0.0000 0.0000 -0.0006 0.0003 0.0000 -0.0001 0.0001 0.0000 0.0000 0.0000 0.0000 0.0000 0.0000 0.0000 0.0007 0.0001 0.0000 -0.0012 0.0001 0.0000 -0.0008 0.0003 0.0000 0.0001 0.0000 0.0000 0.0000 0.0000 0.0000 -0.0009 0.0000 0.0000 0.0002 -29.9997 -0.0001 -0.0003 29.9996 0.0000 0.0000 0.0000 -1.9374 2.4856 170.8423 -0.0013 -0.0487 0.0828 -6.4611 66.5141 -1.9944 0.0000 25.3510 0.0000 -3.8376 -7.3269 171.0043 -0.2055 -17.8249 -0.0506 18.1524 69.0532 17.0776 0.0000 27.7346 -0.0001 
-5.5335 93.2233 5.8028 3.7870 -1.3976 6.7755 2.1694 3.6927 -3.2404 2.1740 3.7012 -3.2475 2.1756 3.7041 -3.2500 44.7079 72.7221 -55.3841 60.1639 61.0017 47.0769 18.0421 11.6036 68.9982 -1.7518 2.1876 -2.2648 0.0000 0.0000 0.0001 0.0000 0.0000 0.0000 0.0000 -0.0013 -0.0008 0.0000 -0.0004 0.0001 0.0000 0.0000 0.0000 0.0000 0.0000 0.0000 0.0000 0.0002 0.0000 0.0000 -0.0006 0.0003 0.0000 0.0004 -0.0006 0.0000 0.0000 0.0001 0.0000 0.0000 0.0000 0.0000 -0.0010 -0.0002 0.0000 0.0002 30.0001 -0.0001 0.0005 -29.9998 0.0000 0.0000 0.0000 -25.4986 -3.3187 13.1776 -25.4986 -3.3187 13.1777 -75.0689 67.4472 35.9127 18.4707 23.3535 -29.5021 12.9413 -10.0736 -11.6612 0.6710 7.6214 3.8914 0.0000 -0.0001 0.0001 0.0000 0.0000 0.0000 0.0000 -0.0006 0.0003 0.0000 -0.0001 0.0001 0.0000 0.0000 0.0000 0.0000 0.0000 0.0000 0.0000 0.0007 0.0001 0.0000 -0.0012 0.0001 0.0000 -0.0008 0.0003 0.0000 0.0001 0.0000 0.0000 0.0000 0.0000 0.0000 -0.0009 0.0000 0.0000 0.0002 -29.9996 -0.0001 -0.0003 29.9996 0.0000 0.0000 0.0000 -1.8097 2.6503 170.7641 0.0000 0.0001 0.0828 -6.4874 66.5380 -1.9872 0.0000 25.3510 0.0000 -3.9241 -7.2567 170.9104 -0.2082 -17.8426 -0.0501 17.9077 69.1092 17.0727 0.0000 27.6496 -0.0001 
-5.4929 93.2292 5.8069 3.6236 -1.5209 6.8173 2.0802 3.7535 -3.1313 2.0846 3.7619 -3.1380 2.0862 3.7650 -3.1405 44.9992 72.1466 -54.5576 59.6753 59.4207 48.7628 18.3069 11.6322 71.8204 -2.0620 2.4397 -2.5735 0.0000 0.0000 0.0001 0.0000 0.0000 0.0000 0.0000 -0.0013 -0.0008 0.0000 -0.0004 0.0001 0.0000 0.0000 0.0000 0.0000 0.0000 0.0000 0.0000 0.0002 0.0000 0.0000 -0.0006 0.0003 0.0000 0.0004 -0.0006 0.0000 0.0000 0.0001 0.0000 0.0000 0.0000 0.0000 -0.0010 -0.0002 0.0000 0.0002 30.0001 -0.0001 0.0005 -29.9998 0.0000 0.0000 0.0000 -25.3406 -3.4176 13.1002 -25.3406 -3.4176 13.1002 -75.1847 67.5158 35.6656 19.1072 24.3183 -30.1377 12.6151 -10.0355 -11.4865 0.6622 7.6469 4.0267 0.0000 -0.0001 0.0001 0.0000 0.0000 0.0000 0.0000 -0.0006 0.0003 0.0000 -0.0001 0.0001 0.0000 0.0000 0.0000 0.0000 0.0000 0.0000 0.0000 0.0007 0.0001 0.0000 -0.0012 0.0001 0.0000 -0.0008 0.0003 0.0000 0.0001 0.0000 0.0000 0.0000 0.0000 0.0000 -0.0009 0.0000 0.0000 0.0002 -29.9996 -0.0001 -0.0003 29.9996 0.0000 0.0000 0.0000 -1.7596 2.7942 170.6934 0.0000 0.0001 0.0828 -6.5558 66.5762 -1.9791 0.0000 25.3510 0.0000 -4.0956 -7.1417 170.8349 -0.2088 -17.7719 -0.0502 17.5999 69.1169 17.0317 0.0000 27.5735 -0.0001 
-5.4476 93.2343 5.8062 3.4933 -1.6652 6.8518 1.9877 3.8105 -3.0201 1.9917 3.8188 -3.0265 1.9933 3.8221 -3.0290 45.3119 71.5830 -53.6459 58.5784 57.7019 50.4964 18.4700 11.9033 74.7421 -2.4563 2.7386 -2.9501 0.0000 0.0000 0.0001 0.0000 0.0000 0.0000 0.0000 -0.0013 -0.0008 0.0000 -0.0004 0.0001 0.0000 0.0000 0.0000 0.0000 0.0000 0.0000 0.0000 0.0002 -0.0001 0.0000 -0.0006 0.0003 0.0000 0.0004 -0.0006 0.0000 0.0000 0.0001 0.0000 0.0000 0.0000 0.0000 -0.0010 -0.0002 0.0000 0.0002 30.0001 -0.0001 0.0005 -29.9998 0.0000 0.0000 0.0000 -25.1792 -3.4839 13.0221 -25.1793 -3.4839 13.0221 -75.3291 67.5649 35.3757 19.7151 25.2334 -30.7221 12.2428 -9.9989 -11.3104 0.6539 7.6741 4.1455 0.0000 -0.0001 0.0001 0.0000 0.0000 0.0000 0.0000 -0.0006 0.0003 0.0000 -0.0001 0.0001 0.0000 0.0000 0.0000 0.0000 0.0000 0.0000 0.0000 0.0007 0.0001 0.0000 -0.0012 0.0001 0.0000 -0.0008 0.0003 0.0000 0.0001 0.0000 0.0000 0.0000 0.0000 0.0000 -0.0008 0.0000 0.0000 0.0002 -29.9996 -0.0001 -0.0003 29.9996 0.0000 0.0000 0.0000 -1.7784 2.9428 170.6223 0.0000 0.0000 0.0828 -6.6303 66.6049 -1.9445 0.0000 25.3510 0.0000 -4.3112 -6.9944 170.7613 -0.2112 -17.6662 -0.0500 17.3348 69.1018 17.0306 0.0000 27.5202 -0.0001 
-5.4013 93.2366 5.8044 3.3984 -1.8250 6.8816 1.8909 3.8622 -2.9090 1.8946 3.8705 -2.9150 1.8963 3.8740 -2.9176 45.4830 71.0340 -52.8771 56.8506 55.9199 52.1880 18.5937 12.3551 77.6504 -2.9351 3.0781 -3.3793 0.0000 0.0000 0.0001 0.0000 0.0000 0.0000 0.0000 -0.0013 -0.0008 0.0000 -0.0004 0.0001 0.0000 0.0000 0.0000 0.0000 0.0000 0.0000 0.0000 0.0002 -0.0001 0.0000 -0.0006 0.0003 0.0000 0.0004 -0.0006 0.0000 0.0000 0.0001 0.0000 0.0000 0.0000 0.0000 -0.0010 -0.0002 0.0000 0.0002 30.0001 -0.0001 0.0005 -29.9998 0.0000 0.0000 0.0000 -25.0155 -3.5219 12.9416 -25.0155 -3.5219 12.9416 -75.5608 67.6164 34.9988 20.3005 26.0798 -31.2660 11.7936 -9.9908 -11.1340 0.6457 7.7074 4.2388 0.0000 -0.0001 0.0001 0.0000 0.0000 0.0000 0.0000 -0.0006 0.0003 0.0000 -0.0001 0.0001 0.0000 0.0000 0.0000 0.0000 0.0000 0.0000 0.0000 0.0007 0.0001 0.0000 -0.0012 0.0001 0.0000 -0.0008 0.0003 0.0000 0.0001 0.0000 0.0000 0.0000 0.0000 0.0000 -0.0008 0.0000 0.0000 0.0002 -29.9996 -0.0001 -0.0003 29.9996 0.0000 0.0000 0.0000 -1.8556 3.0947 170.5510 0.0000 0.0001 0.0828 -6.7060 66.6267 -1.8878 0.0000 25.3510 0.0000 -4.5516 -6.8294 170.6892 -0.2136 -17.5562 -0.0498 17.1391 69.0813 17.0809 0.0000 27.4833 -0.0001 
-5.3621 93.2394 5.7995 3.3608 -2.0040 6.9082 1.7867 3.9059 -2.7977 1.7902 3.9140 -2.8033 1.7918 3.9179 -2.8059 45.2894 70.4416 -52.4909 55.1351 53.9805 54.3539 18.7778 13.1819 80.3049 -3.1359 3.0628 -3.6332 0.0000 0.0000 0.0001 0.0000 0.0000 0.0000 0.0000 -0.0013 -0.0008 0.0000 -0.0004 0.0001 0.0000 0.0000 0.0000 0.0000 0.0000 0.0000 0.0000 0.0003 0.0000 0.0000 -0.0006 0.0003 0.0000 0.0004 -0.0006 0.0000 0.0000 0.0001 0.0000 0.0000 0.0000 0.0000 -0.0010 -0.0002 0.0000 0.0003 30.0001 -0.0001 0.0005 -29.9998 0.0000 0.0000 0.0000 -24.8490 -3.5257 12.8515 -24.8490 -3.5257 12.8515 -75.8929 67.6554 34.5044 20.8216 26.7713 -31.7265 11.1764 -10.0255 -10.9809 0.6407 7.7595 4.2791 0.0000 -0.0001 0.0001 0.0000 0.0000 0.0000 0.0000 -0.0006 0.0003 0.0000 -0.0001 0.0001 0.0000 0.0000 0.0000 0.0000 0.0000 0.0000 0.0000 0.0007 0.0001 0.0000 -0.0012 0.0001 0.0000 -0.0008 0.0003 0.0000 0.0001 0.0000 0.0000 0.0000 0.0000 0.0000 -0.0008 0.0000 0.0000 0.0002 -29.9996 -0.0001 -0.0003 29.9996 0.0000 0.0000 0.0000 -1.9940 3.2248 170.4827 -0.0013 -0.0487 0.0828 -6.7858 66.6573 -1.8265 0.0000 25.3510 0.0000 -4.8172 -6.6571 170.6218 -0.2138 -17.4708 -0.0500 17.0418 69.0694 17.1920 0.0000 27.4197 -0.0001 
-5.3359 93.2418 5.7866 3.3663 -2.1923 6.9338 1.6782 3.9439 -2.6884 1.6813 3.9519 -2.6936 1.6829 3.9559 -2.6963 44.7643 69.8178 -52.4249 52.8507 52.1393 56.5451 19.0857 14.1038 82.6503 -3.2763 2.9768 -3.8663 0.0000 0.0000 0.0001 0.0000 0.0000 0.0000 0.0000 -0.0013 -0.0008 0.0000 -0.0004 0.0001 0.0000 0.0000 0.0000 0.0000 0.0000 0.0000 0.0000 0.0002 0.0000 0.0000 -0.0006 0.0003 0.0000 0.0004 -0.0006 0.0000 0.0000 0.0001 0.0000 0.0000 0.0000 0.0000 -0.0010 -0.0002 0.0000 0.0002 30.0001 -0.0001 0.0005 -29.9998 0.0000 0.0000 0.0000 -24.6816 -3.5063 12.7535 -24.6816 -3.5063 12.7535 -76.2873 67.6831 33.9315 21.2809 27.4028 -32.1517 10.3807 -10.1337 -10.8187 0.6353 7.8301 4.2776 0.0000 -0.0001 0.0001 0.0000 0.0000 0.0000 0.0000 -0.0006 0.0003 0.0000 -0.0001 0.0001 0.0000 0.0000 0.0000 0.0000 0.0000 0.0000 0.0000 0.0007 0.0001 0.0000 -0.0011 0.0001 0.0000 -0.0008 0.0003 0.0000 0.0001 0.0000 0.0000 0.0000 0.0000 0.0000 -0.0009 0.0000 0.0000 0.0002 -29.9996 -0.0001 -0.0003 29.9996 0.0000 0.0000 0.0000 -2.1632 3.3999 170.4220 0.0000 0.0000 0.0828 -6.8535 66.6279 -1.7681 0.0000 25.3510 0.0000 -5.0969 -6.4829 170.5621 -0.2110 -17.3949 -0.0505 16.9947 69.0614 17.3213 0.0000 27.3453 -0.0001 
-5.3205 93.2459 5.7659 3.4066 -2.3842 6.9575 1.5655 3.9761 -2.5829 1.5683 3.9839 -2.5878 1.5699 3.9882 -2.5905 44.0127 69.1628 -52.5343 50.0235 50.5143 58.6651 19.4576 14.9693 84.6671 -3.3967 2.8803 -4.0940 0.0000 0.0000 0.0001 0.0000 0.0000 0.0000 0.0000 -0.0013 -0.0008 0.0000 -0.0004 0.0001 0.0000 0.0000 0.0000 0.0000 0.0000 0.0000 0.0000 0.0002 -0.0001 0.0000 -0.0006 0.0003 0.0000 0.0004 -0.0006 0.0000 0.0000 0.0001 0.0000 0.0000 0.0000 0.0000 -0.0010 -0.0002 0.0000 0.0002 30.0001 -0.0001 0.0005 -29.9998 0.0000 0.0000 0.0000 -24.5137 -3.4624 12.6542 -24.5137 -3.4624 12.6542 -76.7125 67.7069 33.3101 21.6742 27.9510 -32.5528 9.5496 -10.2423 -10.6371 0.6297 7.9083 4.2547 0.0000 -0.0001 0.0001 0.0000 0.0000 0.0000 0.0000 -0.0006 0.0003 0.0000 -0.0001 0.0001 0.0000 0.0000 0.0000 0.0000 0.0000 0.0000 0.0000 0.0007 0.0001 0.0000 -0.0012 0.0001 0.0000 -0.0008 0.0003 0.0000 0.0001 0.0000 0.0000 0.0000 0.0000 0.0000 -0.0009 0.0000 0.0000 0.0002 -29.9996 -0.0001 -0.0003 29.9996 0.0000 0.0000 0.0000 -2.3350 3.5373 170.3705 -0.0004 -0.0163 0.0828 -6.9207 66.6253 -1.7377 0.0000 25.3510 0.0000 -5.3863 -6.3050 170.5102 -0.2054 -17.3155 -0.0515 16.9693 69.0511 17.4472 0.0000 27.2607 -0.0001 
-5.3137 93.2494 5.7424 3.4851 -2.5704 6.9820 1.4419 3.9978 -2.4857 1.4445 4.0054 -2.4903 1.4460 4.0099 -2.4930 42.8634 68.4930 -52.9156 46.5299 49.2094 60.5832 19.8815 15.6301 86.1133 -3.4898 2.7970 -4.2985 0.0000 0.0000 0.0001 0.0000 0.0000 0.0000 0.0000 -0.0013 -0.0008 0.0000 -0.0004 0.0001 0.0000 0.0000 0.0000 0.0000 0.0000 0.0000 0.0000 0.0002 0.0000 0.0000 -0.0006 0.0003 0.0000 0.0004 -0.0006 0.0000 0.0000 0.0001 0.0000 0.0000 0.0000 0.0000 -0.0010 -0.0002 0.0000 0.0002 30.0001 -0.0001 0.0005 -29.9998 0.0000 0.0000 0.0000 -24.3319 -3.3882 12.5524 -24.3319 -3.3882 12.5524 -77.2022 67.7459 32.6142 22.0090 28.4069 -32.9589 8.8143 -10.2923 -10.4352 0.6246 7.9849 4.2290 0.0000 -0.0001 0.0001 0.0000 0.0000 0.0000 0.0000 -0.0006 0.0003 0.0000 -0.0001 0.0001 0.0000 0.0000 0.0000 0.0000 0.0000 0.0000 0.0000 0.0007 0.0001 0.0000 -0.0012 0.0001 0.0000 -0.0008 0.0003 0.0000 0.0001 0.0000 0.0000 0.0000 0.0000 0.0000 -0.0009 0.0000 0.0000 0.0002 -29.9997 -0.0001 -0.0003 29.9995 0.0000 0.0000 0.0000 -2.4931 3.6849 170.3262 0.0000 0.0000 0.0828 -6.9576 66.6098 -1.7296 0.0000 25.3510 0.0000 -5.6797 -6.1106 170.4625 -0.1990 -17.1994 -0.0527 16.9888 69.0311 17.5766 0.0000 27.1951 -0.0001 
-5.3088 93.2547 5.7210 3.5677 -2.7394 7.0094 1.3003 4.0145 -2.3977 1.3025 4.0219 -2.4020 1.3040 4.0267 -2.4048 41.5382 67.7937 -53.3810 42.6818 48.2312 62.3002 20.2018 15.9810 87.0887 -3.5509 2.7305 -4.4670 0.0000 0.0000 0.0001 0.0000 0.0000 0.0000 0.0000 -0.0013 -0.0008 0.0000 -0.0004 0.0001 0.0000 0.0000 0.0000 0.0000 0.0000 0.0000 0.0000 0.0002 0.0000 0.0000 -0.0006 0.0003 0.0000 0.0004 -0.0006 0.0000 0.0000 0.0001 0.0000 0.0000 0.0000 0.0000 -0.0010 -0.0002 0.0000 0.0002 30.0001 -0.0001 0.0005 -29.9998 0.0000 0.0000 0.0000 -24.1176 -3.3026 12.4529 -24.1176 -3.3026 12.4529 -77.7319 67.7797 31.8327 22.3156 28.8622 -33.3713 8.1760 -10.3484 -10.2607 0.6204 8.0597 4.2130 0.0000 -0.0001 0.0001 0.0000 0.0000 0.0000 0.0000 -0.0006 0.0003 0.0000 -0.0001 0.0001 0.0000 0.0000 0.0000 0.0000 0.0000 0.0000 0.0000 0.0007 0.0001 0.0000 -0.0012 0.0001 0.0000 -0.0008 0.0003 0.0000 0.0001 0.0000 0.0000 0.0000 0.0000 0.0000 -0.0009 0.0000 0.0000 0.0002 -29.9996 -0.0001 -0.0003 29.9996 0.0000 0.0000 0.0000 -2.6081 3.8173 170.2835 0.0000 0.0000 0.0828 -6.9672 66.6127 -1.7396 0.0000 25.3510 0.0000 -5.9722 -5.9128 170.4136 -0.1926 -17.0473 -0.0539 17.0030 69.0040 17.6891 0.0000 27.1289 -0.0001 
-5.3055 93.2639 5.7006 3.6327 -2.8846 7.0360 1.1329 4.0290 -2.3160 1.1347 4.0362 -2.3200 1.1360 4.0412 -2.3228 40.2414 67.0535 -53.7397 38.5802 47.5872 63.7351 20.3643 16.0152 87.6811 -3.5839 2.6933 -4.5756 0.0000 0.0000 0.0001 0.0000 0.0000 0.0000 0.0000 -0.0013 -0.0008 0.0000 -0.0004 0.0001 0.0000 0.0000 0.0000 0.0000 0.0000 0.0000 0.0000 0.0002 0.0000 0.0000 -0.0006 0.0003 0.0000 0.0004 -0.0006 0.0000 0.0000 0.0001 0.0000 0.0000 0.0000 0.0000 -0.0010 -0.0002 0.0000 0.0002 30.0001 -0.0001 0.0005 -29.9998 0.0000 0.0000 0.0000 -23.8528 -3.2198 12.3559 -23.8528 -3.2198 12.3559 -78.1833 67.8017 31.0420 22.6091 29.3298 -33.7990 7.6101 -10.4251 -10.1138 0.6167 8.1330 4.2126 0.0000 -0.0001 0.0001 0.0000 0.0000 0.0000 0.0000 -0.0006 0.0003 0.0000 -0.0001 0.0001 0.0000 0.0000 0.0000 0.0000 0.0000 0.0000 0.0000 0.0007 0.0001 0.0000 -0.0012 0.0001 0.0000 -0.0008 0.0003 0.0000 0.0001 0.0000 0.0000 0.0000 0.0000 0.0000 -0.0009 0.0000 0.0000 0.0002 -29.9996 -0.0001 -0.0003 29.9996 0.0000 0.0000 0.0000 -2.6794 3.9113 170.2457 -0.0012 -0.0487 0.0828 -6.9740 66.6514 -1.7696 0.0000 25.3510 0.0000 -6.2639 -5.7338 170.3685 -0.1857 -16.8809 -0.0552 16.9760 68.9782 17.7733 0.0000 27.0265 -0.0001 
-5.3048 93.2712 5.6777 3.6381 -2.9888 7.0596 0.9108 4.0457 -2.2418 0.9122 4.0527 -2.2456 0.9133 4.0580 -2.2484 39.1207 66.2026 -53.8779 34.3675 47.3897 64.8458 20.1888 15.5816 87.7318 -3.5773 2.6865 -4.6480 0.0000 0.0000 0.0001 0.0000 0.0000 0.0000 0.0000 -0.0013 -0.0008 0.0000 -0.0004 0.0001 0.0000 0.0000 0.0000 0.0000 0.0000 0.0000 0.0000 0.0003 0.0000 0.0000 -0.0006 0.0003 0.0000 0.0004 -0.0006 0.0000 0.0000 0.0001 0.0000 0.0000 0.0000 0.0000 -0.0010 -0.0002 0.0000 0.0002 30.0001 -0.0001 0.0005 -29.9998 0.0000 0.0000 0.0000 -23.4764 -3.1624 12.2673 -23.4764 -3.1624 12.2673 -78.4917 67.8120 30.2346 22.9225 29.7469 -34.2675 7.2519 -10.4305 -10.0233 0.6178 8.1986 4.2516 0.0000 -0.0001 0.0001 0.0000 0.0000 0.0000 0.0000 -0.0006 0.0003 0.0000 -0.0001 0.0001 0.0000 0.0000 0.0000 0.0000 0.0000 0.0000 0.0000 0.0007 0.0001 0.0000 -0.0011 0.0001 0.0000 -0.0008 0.0003 0.0000 0.0001 0.0000 0.0000 0.0000 0.0000 0.0000 -0.0008 0.0000 0.0000 0.0002 -29.9996 -0.0001 -0.0003 29.9996 0.0000 0.0000 0.0000 -2.7050 4.0231 170.2151 0.0000 0.0000 0.0828 -6.9853 66.6604 -1.7941 0.0000 25.3510 0.0000 -6.5591 -5.6082 170.3337 -0.1774 -16.7158 -0.0567 16.8297 68.9591 17.7941 0.0000 26.9143 -0.0001 
-5.3000 93.2775 5.6675 3.5387 -3.0736 7.0947 0.6439 4.0737 -2.1779 0.6448 4.0806 -2.1815 0.6456 4.0860 -2.1844 38.2211 65.2160 -53.8680 30.3073 47.4351 65.7375 19.6502 14.8254 87.3498 -3.5311 2.6922 -4.6953 0.0000 0.0000 0.0001 0.0000 0.0000 0.0000 0.0000 -0.0013 -0.0008 0.0000 -0.0004 0.0001 0.0000 0.0000 0.0000 0.0000 0.0000 0.0000 0.0000 0.0002 0.0000 0.0000 -0.0007 0.0003 0.0000 0.0004 -0.0006 0.0000 0.0000 0.0001 0.0000 0.0000 0.0000 0.0000 -0.0010 -0.0002 0.0000 0.0002 30.0001 -0.0001 0.0005 -29.9998 0.0000 0.0000 0.0000 -22.9886 -3.1402 12.1919 -22.9886 -3.1402 12.1919 -78.7438 67.8191 29.3553 23.3465 30.1883 -34.7897 7.0044 -10.3936 -9.9675 0.6212 8.2559 4.3287 0.0000 -0.0001 0.0001 0.0000 0.0000 0.0000 0.0000 -0.0006 0.0003 0.0000 -0.0001 0.0001 0.0000 0.0000 0.0000 0.0000 0.0000 0.0000 0.0000 0.0007 0.0001 0.0000 -0.0011 0.0001 0.0000 -0.0008 0.0003 0.0000 0.0001 0.0000 0.0000 0.0000 0.0000 0.0000 -0.0008 0.0000 0.0000 0.0002 -29.9997 -0.0001 -0.0003 29.9996 0.0000 0.0000 0.0000 -2.6821 4.1121 170.1717 0.0000 0.0000 0.0828 -7.0555 66.7187 -1.8253 0.0000 25.3511 0.0000 -6.8358 -5.5037 170.2888 -0.1702 -16.5448 -0.0580 16.5632 68.9427 17.7694 0.0000 26.8178 -0.0001 
-5.2911 93.2826 5.6804 3.3284 -3.1298 7.1340 0.3442 4.1047 -2.1180 0.3447 4.1115 -2.1215 0.3450 4.1171 -2.1243 37.5779 64.1025 -53.7123 26.4852 47.6445 66.4710 18.8275 13.8312 86.5684 -3.4482 2.7036 -4.7238 0.0000 0.0000 0.0001 0.0000 0.0000 0.0000 0.0000 -0.0013 -0.0008 0.0000 -0.0004 0.0001 0.0000 0.0000 0.0000 0.0000 0.0000 0.0000 0.0000 0.0002 -0.0001 0.0000 -0.0006 0.0003 0.0000 0.0004 -0.0006 0.0000 0.0000 0.0001 0.0000 0.0000 0.0000 0.0000 -0.0010 -0.0002 0.0000 0.0002 30.0001 -0.0001 0.0005 -29.9998 0.0000 0.0000 0.0000 -22.4055 -3.1510 12.1237 -22.4055 -3.1510 12.1237 -78.8714 67.8047 28.4938 23.8219 30.6604 -35.3809 6.7608 -10.3756 -9.9381 0.6252 8.3107 4.4257 0.0000 -0.0001 0.0001 0.0000 0.0000 0.0000 0.0000 -0.0006 0.0003 0.0000 -0.0001 0.0001 0.0000 0.0000 0.0000 0.0000 0.0000 0.0000 0.0000 0.0007 0.0001 0.0000 -0.0012 0.0001 0.0000 -0.0008 0.0003 0.0000 0.0002 0.0000 0.0000 0.0000 0.0000 0.0000 -0.0008 0.0000 0.0000 0.0002 -29.9996 -0.0001 -0.0003 29.9996 0.0000 0.0000 0.0000 -2.6235 4.1999 170.1224 0.0000 0.0000 0.0828 -7.2007 66.8083 -1.8656 0.0000 25.3511 0.0000 -7.0968 -5.4245 170.2416 -0.1642 -16.3715 -0.0592 16.1770 68.9324 17.7115 0.0000 26.7366 -0.0001 
-5.2808 93.2938 5.7355 2.9409 -3.1282 7.1643 0.0147 4.1306 -2.0551 0.0146 4.1374 -2.0585 0.0145 4.1431 -2.0613 37.3693 62.8663 -53.2820 23.0488 48.0894 67.1290 17.6383 12.6557 85.1887 -3.3269 2.7217 -4.7439 0.0000 0.0000 0.0001 0.0000 0.0000 0.0000 0.0000 -0.0013 -0.0008 0.0000 -0.0004 0.0001 0.0000 0.0000 0.0000 0.0000 0.0000 0.0000 0.0000 0.0002 0.0000 0.0000 -0.0006 0.0003 0.0000 0.0004 -0.0006 0.0000 0.0000 0.0001 0.0000 0.0000 0.0000 0.0000 -0.0010 -0.0002 0.0000 0.0002 30.0001 -0.0001 0.0005 -29.9998 0.0000 0.0000 0.0000 -21.7022 -3.2097 12.0638 -21.7022 -3.2097 12.0638 -78.7382 67.7442 27.7352 24.3138 31.1396 -36.0583 6.4461 -10.4190 -9.9263 0.6283 8.3685 4.5335 0.0000 -0.0001 0.0001 0.0000 0.0000 0.0000 0.0000 -0.0006 0.0003 0.0000 -0.0001 0.0001 0.0000 0.0000 0.0000 0.0000 0.0000 0.0000 0.0000 0.0007 0.0001 0.0000 -0.0012 0.0001 0.0000 -0.0008 0.0003 0.0000 0.0001 0.0000 0.0000 0.0000 0.0000 0.0000 -0.0008 0.0000 0.0000 0.0002 -29.9996 -0.0001 -0.0003 29.9996 0.0000 0.0000 0.0000 -2.5143 4.2774 170.0828 0.0000 0.0001 0.0828 -7.4980 66.9491 -1.9523 0.0000 25.3510 0.0000 -7.3482 -5.3912 170.2095 -0.1602 -16.1870 -0.0600 15.5734 68.9289 17.5959 0.0000 26.6164 -0.0001 
-5.2812 93.3077 5.8051 2.3749 -3.0866 7.1872 -0.3013 4.1527 -1.9873 -0.3019 4.1595 -1.9905 -0.3024 4.1652 -1.9933 37.3500 61.5730 -52.8250 20.0370 48.5077 67.8761 16.2679 11.4919 83.3353 -3.1761 2.7343 -4.7497 0.0000 0.0000 0.0001 0.0000 0.0000 0.0000 0.0000 -0.0013 -0.0008 0.0000 -0.0004 0.0001 0.0000 0.0000 0.0000 0.0000 0.0000 0.0000 0.0000 0.0003 -0.0001 0.0000 -0.0006 0.0003 0.0000 0.0004 -0.0006 0.0000 0.0000 0.0001 0.0000 0.0000 0.0000 0.0000 -0.0010 -0.0002 0.0000 0.0003 30.0001 -0.0001 0.0005 -29.9998 0.0000 0.0000 0.0000 -20.9392 -3.2999 12.0078 -20.9392 -3.2999 12.0078 -78.4203 67.6301 27.1054 24.7527 31.5856 -36.8012 6.1065 -10.4580 -9.9062 0.6306 8.4235 4.6430 0.0000 -0.0001 0.0001 0.0000 0.0000 0.0000 0.0000 -0.0006 0.0003 0.0000 -0.0001 0.0001 0.0000 0.0000 0.0000 0.0000 0.0000 0.0000 0.0000 0.0007 0.0001 0.0000 -0.0012 0.0001 0.0000 -0.0008 0.0003 0.0000 0.0001 0.0000 0.0000 0.0000 0.0000 0.0000 -0.0008 0.0000 0.0000 0.0002 -29.9996 -0.0001 -0.0003 29.9996 0.0000 0.0000 0.0000 -2.2941 4.3455 170.0630 -0.0004 -0.0163 0.0828 -7.9174 67.1283 -2.1161 0.0000 25.3510 0.0000 -7.5401 -5.3913 170.1990 -0.1561 -15.9821 -0.0609 14.8011 68.9112 17.4275 0.0000 26.4861 -0.0001 
-5.2936 93.3219 5.8592 1.6499 -3.0089 7.1936 -0.5859 4.1698 -1.9125 -0.5870 4.1767 -1.9157 -0.5879 4.1824 -1.9184 37.5316 60.2921 -52.2912 17.3448 48.7637 68.7226 14.7633 10.3827 81.1271 -3.0091 2.7418 -4.7432 0.0000 0.0000 0.0001 0.0000 0.0000 0.0000 0.0000 -0.0013 -0.0008 0.0000 -0.0004 0.0001 0.0000 0.0000 0.0000 0.0000 0.0000 0.0000 0.0000 0.0003 -0.0001 0.0000 -0.0007 0.0003 0.0000 0.0004 -0.0006 0.0000 0.0000 0.0001 0.0000 0.0000 0.0000 0.0000 -0.0010 -0.0002 0.0000 0.0002 30.0001 -0.0001 0.0005 -29.9998 0.0000 0.0000 0.0000 -20.1489 -3.4089 11.9545 -20.1489 -3.4089 11.9545 -78.0288 67.4647 26.5494 25.1323 32.0372 -37.6050 5.7734 -10.5046 -9.8693 0.6305 8.4712 4.7558 0.0000 -0.0001 0.0001 0.0000 0.0000 0.0000 0.0000 -0.0006 0.0003 0.0000 -0.0001 0.0001 0.0000 0.0000 0.0000 0.0000 0.0000 0.0000 0.0000 0.0007 0.0001 0.0000 -0.0011 0.0001 0.0000 -0.0008 0.0003 0.0000 0.0001 0.0000 0.0000 0.0000 0.0000 0.0000 -0.0008 0.0000 0.0000 0.0002 -29.9996 -0.0001 -0.0003 29.9996 0.0000 0.0000 0.0000 -1.9920 4.4066 170.0702 0.0000 0.0001 0.0828 -8.4530 67.2946 -2.3351 0.0000 25.3510 0.0000 -7.6515 -5.4182 170.2134 -0.1534 -15.7651 -0.0615 13.9393 68.8764 17.2500 0.0000 26.3527 -0.0001 
-5.3121 93.3345 5.8828 0.7070 -2.8482 7.1339 -0.7962 4.1638 -1.8104 -0.7976 4.1706 -1.8134 -0.7988 4.1764 -1.8160 37.8530 59.0868 -51.7965 15.1743 48.5977 69.8917 12.9093 9.4365 78.5045 -2.8307 2.7409 -4.7270 0.0000 0.0000 0.0001 0.0000 0.0000 0.0000 0.0000 -0.0013 -0.0008 0.0000 -0.0004 0.0001 0.0000 0.0000 0.0000 0.0000 0.0000 0.0000 0.0000 0.0002 0.0000 0.0000 -0.0006 0.0003 0.0000 0.0004 -0.0006 0.0000 0.0000 0.0001 0.0000 0.0000 0.0000 0.0000 -0.0010 -0.0002 0.0000 0.0002 30.0001 -0.0001 0.0005 -29.9998 0.0000 0.0000 0.0000 -19.3603 -3.5316 11.8952 -19.3603 -3.5316 11.8952 -77.5230 67.2102 26.1628 25.3950 32.5064 -38.4674 5.4667 -10.5613 -9.8259 0.6283 8.5094 4.8687 0.0000 -0.0001 0.0001 0.0000 0.0000 0.0000 0.0000 -0.0006 0.0003 0.0000 -0.0001 0.0001 0.0000 0.0000 0.0000 0.0000 0.0000 0.0000 0.0000 0.0007 0.0001 0.0000 -0.0011 0.0001 0.0000 -0.0008 0.0003 0.0000 0.0001 0.0000 0.0000 0.0000 0.0000 0.0000 -0.0008 0.0000 0.0000 0.0002 -29.9996 -0.0001 -0.0003 29.9996 0.0000 0.0000 0.0000 -1.5472 4.3836 170.1528 -0.0005 -0.0163 0.0828 -9.1145 67.4679 -2.6061 0.0000 25.3511 0.0000 -7.6036 -5.4853 170.2978 -0.1562 -15.5287 -0.0615 13.0616 68.8180 17.1268 0.0000 26.1986 -0.0001 
-5.3161 93.3443 5.8793 -0.3818 -2.6140 6.9885 -0.9417 4.1435 -1.6737 -0.9433 4.1502 -1.6765 -0.9447 4.1560 -1.6789 38.1878 58.0295 -51.4373 13.3120 48.0214 71.2826 10.8496 8.5387 75.6297 -2.6497 2.7376 -4.7067 0.0000 0.0000 0.0001 0.0000 0.0000 0.0000 0.0000 -0.0013 -0.0008 0.0000 -0.0004 0.0001 0.0000 0.0000 0.0000 0.0000 0.0000 0.0000 0.0000 0.0002 0.0000 0.0000 -0.0006 0.0003 0.0000 0.0004 -0.0006 0.0000 0.0000 0.0001 0.0000 0.0000 0.0000 0.0000 -0.0010 -0.0002 0.0000 0.0002 30.0001 -0.0001 0.0005 -29.9998 0.0000 0.0000 0.0000 -18.5904 -3.6670 11.8274 -18.5904 -3.6670 11.8274 -77.0013 66.8857 25.7981 25.6374 32.9599 -39.2699 5.1777 -10.6244 -9.8129 0.6269 8.5393 4.9812 0.0000 -0.0001 0.0001 0.0000 0.0000 0.0000 0.0000 -0.0006 0.0003 0.0000 -0.0001 0.0001 0.0000 0.0000 0.0000 0.0000 0.0000 0.0000 0.0000 0.0007 0.0001 0.0000 -0.0012 0.0001 0.0000 -0.0008 0.0003 0.0000 0.0001 0.0000 0.0000 0.0000 0.0000 0.0000 -0.0008 0.0000 0.0000 0.0002 -29.9996 -0.0001 -0.0003 29.9996 0.0000 0.0000 0.0000 -0.9592 4.3149 170.3144 0.0000 0.0001 0.0828 -9.7580 67.6100 -2.8400 0.0000 25.3510 0.0000 -7.3861 -5.5952 170.4641 -0.1646 -15.3033 -0.0607 12.2828 68.7462 17.0972 0.0000 25.9867 -0.0001 
-5.3023 93.3529 5.8697 -1.5882 -2.3321 6.7792 -1.0298 4.1212 -1.5106 -1.0315 4.1277 -1.5130 -1.0331 4.1336 -1.5153 38.4095 57.0997 -51.3375 11.7671 47.1118 72.8736 8.7262 7.5564 72.6094 -2.4717 2.7411 -4.6845 0.0000 0.0000 0.0001 0.0000 0.0000 0.0000 0.0000 -0.0013 -0.0008 0.0000 -0.0004 0.0001 0.0000 0.0000 0.0000 0.0000 0.0000 0.0000 0.0000 0.0003 0.0000 0.0000 -0.0006 0.0003 0.0000 0.0004 -0.0006 0.0000 0.0000 0.0001 0.0000 0.0000 0.0000 0.0000 -0.0010 -0.0002 0.0000 0.0003 30.0001 -0.0001 0.0005 -29.9998 0.0000 0.0000 0.0000 -17.8453 -3.8164 11.7524 -17.8453 -3.8164 11.7524 -76.4307 66.5071 25.4927 25.8202 33.3793 -40.0408 4.9228 -10.6849 -9.8216 0.6225 8.5331 5.0939 0.0000 -0.0001 0.0001 0.0000 0.0000 0.0000 0.0000 -0.0006 0.0003 0.0000 -0.0001 0.0001 0.0000 0.0000 0.0000 0.0000 0.0000 0.0000 0.0000 0.0007 0.0001 0.0000 -0.0011 0.0001 0.0000 -0.0008 0.0003 0.0000 0.0001 0.0000 0.0000 0.0000 0.0000 0.0000 -0.0009 0.0000 0.0000 0.0002 -29.9996 -0.0001 -0.0003 29.9996 0.0000 0.0000 0.0000 -0.2295 4.1848 170.5288 -0.0014 -0.0485 0.0828 -10.3585 67.7794 -3.0345 0.0000 25.3510 0.0000 -6.9675 -5.7174 170.6958 -0.1732 -15.0613 -0.0599 11.6384 68.6375 17.1357 0.0000 25.7595 -0.0001 
-5.2736 93.3589 5.8489 -2.8800 -1.9956 6.4706 -1.0479 4.0975 -1.3122 -1.0496 4.1036 -1.3142 -1.0512 4.1098 -1.3162 38.3864 56.3841 -51.6896 10.6707 45.7480 74.6508 6.5681 6.3737 69.6333 -2.3092 2.7686 -4.6598 0.0000 0.0000 0.0001 0.0000 0.0000 0.0000 0.0000 -0.0013 -0.0008 0.0000 -0.0004 0.0001 0.0000 0.0000 0.0000 0.0000 0.0000 0.0000 0.0000 0.0002 0.0000 0.0000 -0.0006 0.0003 0.0000 0.0004 -0.0006 0.0000 0.0000 0.0001 0.0000 0.0000 0.0000 0.0000 -0.0010 -0.0002 0.0000 0.0002 30.0001 -0.0001 0.0005 -29.9998 0.0000 0.0000 0.0000 -17.1654 -3.9757 11.6714 -17.1654 -3.9757 11.6714 -75.8511 66.0854 25.2831 25.8508 33.7836 -40.8463 4.7219 -10.7418 -9.8333 0.6037 8.4132 5.1977 0.0000 -0.0001 0.0001 0.0000 0.0000 0.0000 0.0000 -0.0006 0.0003 0.0000 -0.0001 0.0001 0.0000 0.0000 0.0000 0.0000 0.0000 0.0000 0.0000 0.0007 0.0001 0.0000 -0.0012 0.0001 0.0000 -0.0008 0.0003 0.0000 0.0001 0.0000 0.0000 0.0000 0.0000 0.0000 -0.0008 0.0000 0.0000 0.0002 -29.9997 -0.0001 -0.0003 29.9996 0.0000 0.0000 0.0000 0.6210 4.0548 170.8282 0.0000 0.0001 0.0828 -10.8244 67.8796 -3.0972 0.0000 25.3510 0.0000 -6.2791 -5.8758 171.0365 -0.1758 -14.8316 -0.0599 11.2239 68.4774 17.2513 0.0000 25.5094 -0.0001 
-5.2405 93.3636 5.8341 -4.1639 -1.6399 6.0876 -1.0330 4.0734 -1.0933 -1.0346 4.0793 -1.0950 -1.0362 4.0857 -1.0967 38.0933 55.7998 -52.4534 9.8265 43.9441 76.6575 4.4142 5.0942 66.5590 -2.1538 2.8109 -4.6280 0.0000 0.0000 0.0001 0.0000 0.0000 0.0000 0.0000 -0.0013 -0.0008 0.0000 -0.0004 0.0001 0.0000 0.0000 0.0000 0.0000 0.0000 0.0000 0.0000 0.0002 0.0000 0.0000 -0.0006 0.0003 0.0000 0.0004 -0.0006 0.0000 0.0000 0.0001 0.0000 0.0000 0.0000 0.0000 -0.0010 -0.0002 0.0000 0.0002 30.0001 -0.0001 0.0005 -29.9998 0.0000 0.0000 0.0000 -16.5422 -4.1279 11.5868 -16.5422 -4.1279 11.5868 -75.3038 65.6475 25.1252 25.8754 34.1168 -41.6103 4.5501 -10.8088 -9.8453 0.5858 8.3041 5.2903 0.0000 -0.0001 0.0001 0.0000 0.0000 0.0000 0.0000 -0.0006 0.0003 0.0000 -0.0001 0.0001 0.0000 0.0000 0.0000 0.0000 0.0000 0.0000 0.0000 0.0007 0.0001 0.0000 -0.0012 0.0001 0.0000 -0.0008 0.0003 0.0000 0.0001 0.0000 0.0000 0.0000 0.0000 0.0000 -0.0008 0.0000 0.0000 0.0002 -29.9996 -0.0001 -0.0003 29.9996 0.0000 0.0000 0.0000 1.5004 3.8660 171.1896 -0.0005 -0.0163 0.0828 -11.2048 67.9924 -3.0795 0.0000 25.3510 0.0000 -5.5095 -6.0497 171.4471 -0.1765 -14.6148 -0.0602 10.9197 68.2904 17.4108 0.0000 25.2529 -0.0001 
-5.2101 93.3669 5.8281 -5.3974 -1.2950 5.6741 -1.0070 4.0546 -0.8719 -1.0085 4.0602 -0.8731 -1.0101 4.0668 -0.8746 37.4176 55.2802 -53.6747 9.2041 41.7818 78.7665 2.3581 3.7166 63.4395 -2.0071 2.8693 -4.5908 0.0000 0.0000 0.0001 0.0000 0.0000 0.0000 0.0000 -0.0013 -0.0008 0.0000 -0.0004 0.0001 0.0000 0.0000 0.0000 0.0000 0.0000 0.0000 0.0000 0.0002 -0.0001 0.0000 -0.0006 0.0003 0.0000 0.0004 -0.0006 0.0000 0.0000 0.0001 0.0000 0.0000 0.0000 0.0000 -0.0010 -0.0002 0.0000 0.0003 30.0001 -0.0001 0.0005 -29.9998 0.0000 0.0000 0.0000 -15.9670 -4.2678 11.5034 -15.9670 -4.2678 11.5034 -74.7678 65.2146 25.0084 25.9053 34.3895 -42.3128 4.4020 -10.8891 -9.8761 0.5694 8.2029 5.3765 0.0000 -0.0001 0.0001 0.0000 0.0000 0.0000 0.0000 -0.0006 0.0003 0.0000 -0.0001 0.0001 0.0000 0.0000 0.0000 0.0000 0.0000 0.0000 0.0000 0.0007 0.0001 0.0000 -0.0012 0.0001 0.0000 -0.0008 0.0003 0.0000 0.0001 0.0000 0.0000 0.0000 0.0000 0.0000 -0.0008 0.0000 0.0000 0.0002 -29.9996 -0.0001 -0.0003 29.9996 0.0000 0.0000 0.0000 2.3572 3.6890 171.5734 0.0000 0.0000 0.0828 -11.5031 68.0691 -2.9904 0.0000 25.3510 0.0000 -4.7151 -6.2052 171.8824 -0.1761 -14.3877 -0.0606 10.6885 68.0797 17.5812 0.0000 25.0395 -0.0001 
-5.2016 93.3642 5.8513 -6.4848 -0.9933 5.2849 -0.9942 4.0432 -0.6731 -0.9956 4.0487 -0.6740 -0.9973 4.0554 -0.6752 36.4016 54.8494 -55.3118 8.7481 39.2980 80.9381 0.4779 2.2925 60.3060 -1.8721 2.9457 -4.5436 0.0000 0.0000 0.0001 0.0000 0.0000 0.0000 0.0000 -0.0013 -0.0008 0.0000 -0.0004 0.0001 0.0000 0.0000 0.0000 0.0000 0.0000 0.0000 0.0000 0.0002 0.0000 0.0000 -0.0006 0.0003 0.0000 0.0004 -0.0006 0.0000 0.0000 0.0001 0.0000 0.0000 0.0000 0.0000 -0.0010 -0.0002 0.0000 0.0002 30.0001 -0.0002 0.0005 -29.9998 0.0000 0.0000 0.0000 -15.4598 -4.3789 11.4273 -15.4598 -4.3789 11.4273 -74.2165 64.8198 24.9883 25.8997 34.5750 -42.9621 4.3188 -10.9804 -9.9240 0.5547 8.1116 5.4566 0.0000 -0.0001 0.0001 0.0000 0.0000 0.0000 0.0000 -0.0006 0.0003 0.0000 -0.0001 0.0001 0.0000 0.0000 0.0000 0.0000 0.0000 0.0000 0.0000 0.0007 0.0001 0.0000 -0.0012 0.0001 0.0000 -0.0008 0.0003 0.0000 0.0001 0.0000 0.0000 0.0000 0.0000 0.0000 -0.0009 0.0000 0.0000 0.0002 -29.9996 -0.0001 -0.0003 29.9996 0.0000 0.0000 0.0000 3.1077 3.5226 171.9378 -0.0005 -0.0163 0.0828 -11.7546 68.1365 -2.8827 0.0000 25.3510 0.0000 -3.9718 -6.3087 172.2973 -0.1708 -14.1383 -0.0616 10.5048 67.8411 17.7198 0.0000 24.9687 -0.0001 
-5.2172 93.3579 5.8941 -7.3958 -0.7556 4.9536 -1.0065 4.0394 -0.5126 -1.0079 4.0449 -0.5134 -1.0096 4.0516 -0.5143 35.4296 54.4749 -56.8804 8.2397 36.7358 83.0959 -1.1670 0.8325 57.1613 -1.7439 3.0333 -4.4851 0.0000 0.0000 0.0001 0.0000 0.0000 0.0000 0.0000 -0.0013 -0.0008 0.0000 -0.0004 0.0001 0.0000 0.0000 0.0000 0.0000 0.0000 0.0000 0.0000 0.0003 0.0000 0.0000 -0.0006 0.0003 0.0000 0.0004 -0.0006 0.0000 0.0000 0.0001 0.0000 0.0000 0.0000 0.0000 -0.0010 -0.0002 0.0000 0.0002 30.0001 -0.0002 0.0005 -29.9998 0.0000 0.0000 0.0000 -15.0139 -4.4514 11.3650 -15.0139 -4.4514 11.3650 -73.7356 64.4825 25.0132 25.8605 34.7364 -43.6085 4.2582 -11.0709 -9.9529 0.5401 8.0304 5.5285 0.0000 -0.0001 0.0001 0.0000 0.0000 0.0000 0.0000 -0.0006 0.0003 0.0000 -0.0001 0.0001 0.0000 0.0000 0.0000 0.0000 0.0000 0.0000 0.0000 0.0007 0.0001 0.0000 -0.0012 0.0001 0.0000 -0.0008 0.0003 0.0000 0.0002 0.0000 0.0000 0.0000 0.0000 0.0000 -0.0009 0.0000 0.0000 0.0002 -29.9996 -0.0001 -0.0003 29.9996 0.0000 0.0000 0.0000 3.6896 3.4039 172.2545 -0.0005 -0.0162 0.0828 -12.0062 68.1689 -2.7861 0.0000 25.3510 0.0000 -3.3638 -6.3675 172.6569 -0.1604 -13.8936 -0.0632 10.3230 67.5906 17.8344 0.0000 25.1087 -0.0001 
-5.2452 93.3479 5.9520 -8.1506 -0.5789 4.6879 -1.0528 4.0432 -0.3874 -1.0543 4.0486 -0.3880 -1.0561 4.0554 -0.3887 34.5419 54.1350 -58.3498 7.6107 34.0982 85.3223 -2.6364 -0.6186 53.8807 -1.6162 3.1257 -4.4190 0.0000 0.0000 0.0001 0.0000 0.0000 0.0000 0.0000 -0.0013 -0.0008 0.0000 -0.0004 0.0001 0.0000 0.0000 0.0000 0.0000 0.0000 0.0000 0.0000 0.0003 0.0000 0.0000 -0.0006 0.0003 0.0000 0.0004 -0.0006 0.0000 0.0000 0.0001 0.0000 0.0000 0.0000 0.0000 -0.0010 -0.0002 0.0000 0.0002 30.0001 -0.0001 0.0005 -29.9998 0.0000 0.0000 0.0000 -14.5993 -4.4914 11.3120 -14.5993 -4.4914 11.3120 -73.3202 64.1789 25.0250 25.8167 34.9018 -44.2341 4.2335 -11.1672 -9.9645 0.5240 7.9514 5.6007 0.0000 -0.0001 0.0001 0.0000 0.0000 0.0000 0.0000 -0.0006 0.0003 0.0000 -0.0001 0.0001 0.0000 0.0000 0.0000 0.0000 0.0000 0.0000 0.0000 0.0007 0.0001 0.0000 -0.0011 0.0001 0.0000 -0.0008 0.0003 0.0000 0.0001 0.0000 0.0000 0.0000 0.0000 0.0000 -0.0009 0.0000 0.0000 0.0002 -29.9996 -0.0001 -0.0003 29.9996 0.0000 0.0000 0.0000 4.1388 3.3386 172.5132 0.0000 0.0000 0.0828 -12.2360 68.1753 -2.6945 0.0000 25.3510 0.0000 -2.8900 -6.4021 172.9382 -0.1505 -13.6823 -0.0647 10.1656 67.3400 17.9727 0.0000 25.3288 -0.0001 
-5.2650 93.3401 6.0203 -8.7049 -0.4786 4.5451 -1.1456 4.0550 -0.3173 -1.1471 4.0606 -0.3178 -1.1490 4.0672 -0.3184 33.6747 53.8068 -59.7231 6.9185 31.5355 87.4173 -3.8655 -1.9803 50.6487 -1.4966 3.2201 -4.3521 0.0000 0.0000 0.0001 0.0000 0.0000 0.0000 0.0000 -0.0013 -0.0008 0.0000 -0.0004 0.0001 0.0000 0.0000 0.0000 0.0000 0.0000 0.0000 0.0000 0.0002 0.0000 0.0000 -0.0006 0.0003 0.0000 0.0004 -0.0006 0.0000 0.0000 0.0001 0.0000 0.0000 0.0000 0.0000 -0.0010 -0.0002 0.0000 0.0002 30.0001 -0.0001 0.0005 -29.9998 0.0000 0.0000 0.0000 -14.2205 -4.4907 11.2683 -14.2205 -4.4907 11.2683 -72.9738 63.9302 25.0001 25.7939 35.0618 -44.7948 4.2583 -11.2542 -9.9807 0.5083 7.8724 5.6758 0.0000 -0.0001 0.0001 0.0000 0.0000 0.0000 0.0000 -0.0006 0.0003 0.0000 -0.0001 0.0001 0.0000 0.0000 0.0000 0.0000 0.0000 0.0000 0.0000 0.0007 0.0001 0.0000 -0.0012 0.0001 0.0000 -0.0008 0.0003 0.0000 0.0001 0.0000 0.0000 0.0000 0.0000 0.0000 -0.0009 0.0000 0.0000 0.0002 -29.9996 -0.0001 -0.0003 29.9996 0.0000 0.0000 0.0000 4.4244 3.2895 172.6476 -0.0021 -0.0682 0.0828 -12.4259 68.2079 -2.5989 0.0000 25.3510 0.0000 -2.5886 -6.4335 173.0649 -0.1488 -13.5732 -0.0651 10.0714 67.1210 18.1810 0.0000 25.6286 -0.0001 
-5.2793 93.3397 6.1034 -9.1429 -0.4193 4.4934 -1.2630 4.0688 -0.2829 -1.2648 4.0745 -0.2833 -1.2668 4.0810 -0.2839 33.0289 53.5355 -60.8401 6.0931 29.2968 89.4153 -4.7867 -3.2429 47.4677 -1.3820 3.3113 -4.2936 0.0000 0.0000 0.0001 0.0000 0.0000 0.0000 0.0000 -0.0013 -0.0008 0.0000 -0.0004 0.0001 0.0000 0.0000 0.0000 0.0000 0.0000 0.0000 0.0000 0.0002 0.0000 0.0000 -0.0006 0.0003 0.0000 0.0004 -0.0006 0.0000 0.0000 0.0001 0.0000 0.0000 0.0000 0.0000 -0.0010 -0.0002 0.0000 0.0003 30.0001 -0.0001 0.0005 -29.9998 0.0000 0.0000 0.0000 -13.8680 -4.4612 11.2232 -13.8680 -4.4612 11.2232 -72.6638 63.7203 24.9461 25.7715 35.1900 -45.3092 4.3003 -11.3309 -10.0019 0.4938 7.7962 5.7476 0.0000 -0.0001 0.0001 0.0000 0.0000 0.0000 0.0000 -0.0006 0.0003 0.0000 -0.0001 0.0001 0.0000 0.0000 0.0000 0.0000 0.0000 0.0000 0.0000 0.0007 0.0001 0.0000 -0.0012 0.0001 0.0000 -0.0008 0.0003 0.0000 0.0001 0.0000 0.0000 0.0000 0.0000 0.0000 -0.0008 0.0000 0.0000 0.0002 -29.9996 -0.0001 -0.0003 29.9996 0.0000 0.0000 0.0000 4.6096 3.3243 172.6884 -0.0015 -0.0487 0.0828 -12.5488 68.2034 -2.4568 0.0000 25.3510 0.0000 -2.3861 -6.4952 173.0856 -0.1525 -13.5997 -0.0646 10.0241 66.9717 18.4440 0.0000 25.8879 -0.0001 
-5.2965 93.3451 6.1961 -9.5126 -0.3818 4.5002 -1.3928 4.0813 -0.2700 -1.3948 4.0872 -0.2704 -1.3971 4.0936 -0.2709 32.5937 53.3308 -61.6843 5.1788 27.4429 91.3204 -5.4224 -4.3746 44.3489 -1.2708 3.3930 -4.2456 0.0000 0.0000 0.0001 0.0000 0.0000 0.0000 0.0000 -0.0013 -0.0008 0.0000 -0.0004 0.0001 0.0000 0.0000 0.0000 0.0000 0.0000 0.0000 0.0000 0.0002 -0.0001 0.0000 -0.0006 0.0003 0.0000 0.0004 -0.0006 0.0000 0.0000 0.0001 0.0000 0.0000 0.0000 0.0000 -0.0010 -0.0002 0.0000 0.0002 30.0001 -0.0001 0.0005 -29.9998 0.0000 0.0000 0.0000 -13.5293 -4.4093 11.1703 -13.5293 -4.4093 11.1703 -72.3950 63.5289 24.8659 25.7335 35.2981 -45.8065 4.3272 -11.3996 -10.0066 0.4793 7.7244 5.8044 0.0000 -0.0001 0.0001 0.0000 0.0000 0.0000 0.0000 -0.0006 0.0003 0.0000 -0.0001 0.0001 0.0000 0.0000 0.0000 0.0000 0.0000 0.0000 0.0000 0.0007 0.0001 0.0000 -0.0012 0.0001 0.0000 -0.0008 0.0003 0.0000 0.0001 0.0000 0.0000 0.0000 0.0000 0.0000 -0.0009 0.0000 0.0000 0.0002 -29.9996 -0.0001 -0.0003 29.9996 0.0000 0.0000 0.0000 4.7636 3.4006 172.6739 0.0000 0.0001 0.0828 -12.6086 68.1869 -2.2926 0.0000 25.3510 0.0000 -2.2387 -6.6092 173.0486 -0.1571 -13.7830 -0.0638 10.0030 66.9134 18.7425 0.0000 26.0556 -0.0001 
-5.3211 93.3553 6.2877 -9.8600 -0.3438 4.5594 -1.5166 4.0862 -0.2747 -1.5189 4.0922 -0.2752 -1.5212 4.0985 -0.2757 32.2636 53.1584 -62.3440 4.4068 26.1571 93.1031 -5.8089 -5.2745 41.4957 -1.1653 3.4462 -4.2216 0.0000 0.0000 0.0001 0.0000 0.0000 0.0000 0.0000 -0.0013 -0.0008 0.0000 -0.0004 0.0001 0.0000 0.0000 0.0000 0.0000 0.0000 0.0000 0.0000 0.0003 -0.0001 0.0000 -0.0006 0.0003 0.0000 0.0004 -0.0006 0.0000 0.0000 0.0001 0.0000 0.0000 0.0000 0.0000 -0.0010 -0.0002 0.0000 0.0002 30.0001 -0.0001 0.0005 -29.9998 0.0000 0.0000 0.0000 -13.2042 -4.3332 11.1025 -13.2042 -4.3332 11.1025 -72.1991 63.3478 24.7332 25.6700 35.4105 -46.2464 4.3404 -11.4707 -9.9974 0.4650 7.6482 5.7974 0.0000 0.0000 0.0001 0.0000 0.0000 0.0000 0.0000 -0.0006 0.0003 0.0000 -0.0001 0.0001 0.0000 0.0000 0.0000 0.0000 0.0000 0.0000 0.0000 0.0007 0.0001 0.0000 -0.0012 0.0001 0.0000 -0.0008 0.0003 0.0000 0.0002 0.0000 0.0000 0.0000 0.0000 0.0000 -0.0008 0.0000 0.0000 0.0002 -29.9996 -0.0001 -0.0003 29.9996 0.0000 0.0000 0.0000 4.8724 3.4494 172.6087 0.0000 0.0001 0.0828 -12.6884 68.1916 -2.1230 0.0000 25.3510 0.0000 -2.0989 -6.7954 172.9709 -0.1602 -14.1108 -0.0629 9.9783 66.9476 19.0477 0.0000 26.1047 -0.0001 
-5.3470 93.3622 6.3654 -10.2387 -0.2902 4.6242 -1.6191 4.0838 -0.2815 -1.6215 4.0899 -0.2820 -1.6240 4.0962 -0.2825 31.8950 52.9626 -62.9916 3.8790 25.3087 94.8022 -6.0676 -6.0023 38.9830 -1.0666 3.4722 -4.2257 0.0000 0.0000 0.0001 0.0000 0.0000 0.0000 0.0000 -0.0013 -0.0008 0.0000 -0.0004 0.0001 0.0000 0.0000 0.0000 0.0000 0.0000 0.0000 0.0000 0.0002 0.0000 0.0000 -0.0006 0.0003 0.0000 0.0004 -0.0006 0.0000 0.0000 0.0001 0.0000 0.0000 0.0000 0.0000 -0.0010 -0.0002 0.0000 0.0002 30.0001 -0.0001 0.0005 -29.9998 0.0000 0.0000 0.0000 -12.8880 -4.2432 11.0180 -12.8880 -4.2432 11.0180 -72.0287 63.1831 24.5809 25.6147 35.5242 -46.6650 4.3700 -11.5334 -10.0078 0.4523 7.5713 5.7919 0.0000 -0.0001 0.0001 0.0000 0.0000 0.0000 0.0000 -0.0006 0.0003 0.0000 -0.0001 0.0001 0.0000 0.0000 0.0000 0.0000 0.0000 0.0000 0.0000 0.0007 0.0001 0.0000 -0.0011 0.0001 0.0000 -0.0008 0.0003 0.0000 0.0001 0.0000 0.0000 0.0000 0.0000 0.0000 -0.0009 0.0000 0.0000 0.0002 -29.9996 -0.0001 -0.0003 29.9996 0.0000 0.0000 0.0000 4.9956 3.4765 172.5363 0.0000 0.0000 0.0828 -12.7754 68.2000 -1.9351 0.0000 25.3510 0.0000 -1.9146 -7.0018 172.8897 -0.1653 -14.4366 -0.0618 9.9340 66.9994 19.3197 0.0000 26.1182 -0.0001 
-5.3708 93.3665 6.4365 -10.6587 -0.2193 4.6792 -1.6988 4.0740 -0.2856 -1.7014 4.0801 -0.2861 -1.7039 4.0863 -0.2866 31.5508 52.7809 -63.5465 3.5587 24.8575 96.4225 -6.2283 -6.6761 36.7680 -0.9711 3.4754 -4.2525 0.0000 0.0000 0.0001 0.0000 0.0000 0.0000 0.0000 -0.0013 -0.0008 0.0000 -0.0004 0.0001 0.0000 0.0000 0.0000 0.0000 0.0000 0.0000 0.0000 0.0002 0.0000 0.0000 -0.0006 0.0003 0.0000 0.0004 -0.0006 0.0000 0.0000 0.0001 0.0000 0.0000 0.0000 0.0000 -0.0010 -0.0002 0.0000 0.0002 30.0001 -0.0001 0.0005 -29.9998 0.0000 0.0000 0.0000 -12.5768 -4.1400 10.9178 -12.5768 -4.1400 10.9178 -71.8766 63.0387 24.4194 25.5692 35.6513 -47.0688 4.4130 -11.5787 -10.0374 0.4412 7.4918 5.7893 0.0000 -0.0001 0.0001 0.0000 0.0000 0.0000 0.0000 -0.0006 0.0003 0.0000 -0.0001 0.0001 0.0000 0.0000 0.0000 0.0000 0.0000 0.0000 0.0000 0.0007 0.0001 0.0000 -0.0012 0.0001 0.0000 -0.0008 0.0003 0.0000 0.0002 0.0000 0.0000 0.0000 0.0000 0.0000 -0.0009 0.0000 0.0000 0.0002 -29.9996 -0.0001 -0.0003 29.9996 0.0000 0.0000 0.0000 5.1512 3.4622 172.4698 -0.0015 -0.0487 0.0828 -12.8828 68.2435 -1.7534 0.0000 25.3510 0.0000 -1.6864 -7.2012 172.8198 -0.1710 -14.7117 -0.0607 9.8682 67.0412 19.5612 0.0000 26.1230 -0.0001 
-5.3909 93.3653 6.5081 -11.1401 -0.1284 4.7068 -1.7438 4.0570 -0.2830 -1.7464 4.0631 -0.2835 -1.7491 4.0692 -0.2840 31.2605 52.6486 -63.9386 3.6322 24.9561 97.9940 -6.2404 -7.4747 34.9646 -0.8725 3.4479 -4.3013 0.0000 0.0000 0.0001 0.0000 0.0000 0.0000 0.0000 -0.0013 -0.0008 0.0000 -0.0004 0.0001 0.0000 0.0000 0.0000 0.0000 0.0000 0.0000 0.0000 0.0002 0.0000 0.0000 -0.0006 0.0003 0.0000 0.0004 -0.0006 0.0000 0.0000 0.0001 0.0000 0.0000 0.0000 0.0000 -0.0010 -0.0002 0.0000 0.0002 30.0001 -0.0001 0.0005 -29.9998 0.0000 0.0000 0.0000 -12.2712 -4.0184 10.8049 -12.2712 -4.0184 10.8049 -71.7629 62.9259 24.2540 25.5297 35.8157 -47.4748 4.4628 -11.5973 -10.0791 0.4316 7.4099 5.7906 0.0000 -0.0001 0.0001 0.0000 0.0000 0.0000 0.0000 -0.0006 0.0003 0.0000 -0.0001 0.0001 0.0000 0.0000 0.0000 0.0000 0.0000 0.0000 0.0000 0.0007 0.0001 0.0000 -0.0012 0.0001 0.0000 -0.0008 0.0003 0.0000 0.0001 0.0000 0.0000 0.0000 0.0000 0.0000 -0.0009 0.0000 0.0000 0.0002 -29.9996 -0.0001 -0.0003 29.9996 0.0000 0.0000 0.0000 5.3509 3.4857 172.4237 0.0000 0.0000 0.0828 -12.9885 68.2607 -1.5546 0.0000 25.3511 0.0000 -1.3912 -7.3777 172.7769 -0.1748 -14.9100 -0.0599 9.8065 67.0537 19.7882 0.0000 26.1610 -0.0001 
-5.3951 93.3618 6.5738 -11.6437 -0.0358 4.7152 -1.7717 4.0409 -0.2788 -1.7744 4.0469 -0.2793 -1.7771 4.0531 -0.2798 31.0135 52.5667 -64.2026 4.0251 25.4347 99.5287 -6.1574 -8.3179 33.5157 -0.7741 3.3927 -4.3629 0.0000 0.0000 0.0001 0.0000 0.0000 0.0000 0.0000 -0.0013 -0.0008 0.0000 -0.0004 0.0001 0.0000 0.0000 0.0000 0.0000 0.0000 0.0000 0.0000 0.0003 0.0000 0.0000 -0.0007 0.0003 0.0000 0.0004 -0.0006 0.0000 0.0000 0.0001 0.0000 0.0000 0.0000 0.0000 -0.0010 -0.0002 0.0000 0.0002 30.0001 -0.0001 0.0005 -29.9998 0.0000 0.0000 0.0000 -11.9651 -3.8828 10.6920 -11.9651 -3.8828 10.6920 -71.6714 62.8322 24.1004 25.4957 36.0038 -47.8822 4.5121 -11.6060 -10.1224 0.4227 7.3286 5.7939 0.0000 -0.0001 0.0001 0.0000 0.0000 0.0000 0.0000 -0.0006 0.0003 0.0000 -0.0001 0.0001 0.0000 0.0000 0.0000 0.0000 0.0000 0.0000 0.0000 0.0007 0.0001 0.0000 -0.0012 0.0001 0.0000 -0.0008 0.0003 0.0000 0.0001 0.0000 0.0000 0.0000 0.0000 0.0000 -0.0008 0.0000 0.0000 0.0002 -29.9997 -0.0001 -0.0003 29.9996 0.0000 0.0000 0.0000 5.5830 3.4760 172.3866 -0.0005 -0.0163 0.0828 -13.0993 68.3206 -1.3665 0.0000 25.3510 0.0000 -1.0670 -7.5548 172.7454 -0.1777 -15.0939 -0.0592 9.7958 67.0396 20.0586 0.0000 26.2105 -0.0001 
-5.3749 93.3594 6.6291 -12.1477 0.0501 4.7118 -1.7905 4.0283 -0.2771 -1.7932 4.0343 -0.2776 -1.7959 4.0404 -0.2782 30.8033 52.5276 -64.3517 4.6511 26.1570 101.0189 -6.0261 -9.1788 32.3457 -0.6769 3.3158 -4.4315 0.0000 0.0000 0.0001 0.0000 0.0000 0.0000 0.0000 -0.0013 -0.0008 0.0000 -0.0004 0.0001 0.0000 0.0000 0.0000 0.0000 0.0000 0.0000 0.0000 0.0002 0.0000 0.0000 -0.0006 0.0003 0.0000 0.0004 -0.0006 0.0000 0.0000 0.0001 0.0000 0.0000 0.0000 0.0000 -0.0010 -0.0002 0.0000 0.0002 30.0001 -0.0001 0.0005 -29.9998 0.0000 0.0000 0.0000 -11.6595 -3.7345 10.5842 -11.6595 -3.7345 10.5842 -71.5698 62.7572 23.9669 25.4730 36.1832 -48.2609 4.5525 -11.6235 -10.1662 0.4137 7.2511 5.7973 0.0000 -0.0001 0.0001 0.0000 0.0000 0.0000 0.0000 -0.0006 0.0003 0.0000 -0.0001 0.0001 0.0000 0.0000 0.0000 0.0000 0.0000 0.0000 0.0000 0.0007 0.0001 0.0000 -0.0012 0.0001 0.0000 -0.0008 0.0003 0.0000 0.0001 0.0000 0.0000 0.0000 0.0000 0.0000 -0.0009 0.0000 0.0000 0.0002 -29.9996 -0.0001 -0.0003 29.9996 0.0000 0.0000 0.0000 5.8215 3.4737 172.3469 -0.0005 -0.0162 0.0828 -13.1613 68.3807 -1.1290 0.0000 25.3510 0.0000 -0.7393 -7.7433 172.7087 -0.1832 -15.2872 -0.0582 9.8512 67.0035 20.3953 0.0000 26.2347 -0.0001 
-5.3144 93.3609 6.6767 -12.6278 0.1206 4.7006 -1.8020 4.0223 -0.2840 -1.8047 4.0283 -0.2845 -1.8075 4.0344 -0.2850 30.6264 52.5442 -64.3608 5.5765 27.0678 102.4768 -5.9523 -9.9701 31.4733 -0.5810 3.2045 -4.4996 0.0000 0.0000 0.0001 0.0000 0.0000 0.0000 0.0000 -0.0013 -0.0008 0.0000 -0.0004 0.0001 0.0000 0.0000 0.0000 0.0000 0.0000 0.0000 0.0000 0.0002 0.0000 0.0000 -0.0006 0.0003 0.0000 0.0004 -0.0006 0.0000 0.0000 0.0001 0.0000 0.0000 0.0000 0.0000 -0.0010 -0.0002 0.0000 0.0002 30.0001 -0.0001 0.0005 -29.9998 0.0000 0.0000 0.0000 -11.3571 -3.5666 10.4914 -11.3572 -3.5666 10.4914 -71.4603 62.7130 23.8629 25.4644 36.3407 -48.5848 4.5832 -11.6441 -10.2117 0.4057 7.1815 5.8017 0.0000 -0.0001 0.0001 0.0000 0.0000 0.0000 0.0000 -0.0006 0.0003 0.0000 -0.0001 0.0001 0.0000 0.0000 0.0000 0.0000 0.0000 0.0000 0.0000 0.0007 0.0001 0.0000 -0.0012 0.0001 0.0000 -0.0008 0.0003 0.0000 0.0001 0.0000 0.0000 0.0000 0.0000 0.0000 -0.0009 0.0000 0.0000 0.0002 -29.9997 -0.0001 -0.0003 29.9996 0.0000 0.0000 0.0000 6.0393 3.4469 172.2899 -0.0023 -0.0682 0.0828 -13.1402 68.4651 -0.8034 0.0000 25.3510 0.0000 -0.4484 -7.9450 172.6501 -0.1955 -15.5010 -0.0562 9.9965 66.9403 20.8429 0.0000 26.2155 -0.0001 
-5.2349 93.3660 6.7329 -13.0692 0.1752 4.6961 -1.8141 4.0239 -0.3013 -1.8169 4.0300 -0.3019 -1.8196 4.0361 -0.3024 30.4670 52.5928 -64.3007 6.6722 27.9852 103.9206 -5.9882 -10.5942 30.7597 -0.4905 3.0684 -4.5581 0.0000 0.0000 0.0001 0.0000 0.0000 0.0000 0.0000 -0.0013 -0.0008 0.0000 -0.0004 0.0001 0.0000 0.0000 0.0000 0.0000 0.0000 0.0000 0.0000 0.0002 0.0000 0.0000 -0.0006 0.0003 0.0000 0.0004 -0.0006 0.0000 0.0000 0.0001 0.0000 0.0000 0.0000 0.0000 -0.0010 -0.0002 0.0000 0.0002 30.0001 -0.0001 0.0005 -29.9998 0.0000 0.0000 0.0000 -11.0607 -3.3872 10.4157 -11.0607 -3.3872 10.4157 -71.3711 62.6913 23.7589 25.4568 36.4669 -48.8724 4.6372 -11.6612 -10.2571 0.3986 7.1180 5.8078 0.0000 -0.0001 0.0001 0.0000 0.0000 0.0000 0.0000 -0.0006 0.0003 0.0000 -0.0001 0.0001 0.0000 0.0000 0.0000 0.0000 0.0000 0.0000 0.0000 0.0007 0.0001 0.0000 -0.0012 0.0001 0.0000 -0.0008 0.0003 0.0000 0.0001 0.0000 0.0000 0.0000 0.0000 0.0000 -0.0009 0.0000 0.0000 0.0002 -29.9996 -0.0001 -0.0003 29.9996 0.0000 0.0000 0.0000 6.2072 3.4906 172.2110 0.0000 0.0001 0.0828 -13.0116 68.4739 -0.3571 0.0000 25.3510 0.0000 -0.2198 -8.1321 172.5665 -0.2112 -15.7148 -0.0537 10.2119 66.8522 21.3866 0.0000 26.2058 -0.0001 
-5.1467 93.3729 6.7975 -13.4716 0.2136 4.7016 -1.8317 4.0337 -0.3276 -1.8345 4.0398 -0.3282 -1.8373 4.0459 -0.3288 30.3163 52.6569 -64.2161 7.8105 28.8179 105.2631 -6.1203 -11.0321 30.1861 -0.4109 2.9236 -4.6036 0.0000 0.0000 0.0001 0.0000 0.0000 0.0000 0.0000 -0.0013 -0.0008 0.0000 -0.0004 0.0001 0.0000 0.0000 0.0000 0.0000 0.0000 0.0000 0.0000 0.0002 0.0000 0.0000 -0.0006 0.0003 0.0000 0.0004 -0.0006 0.0000 0.0000 0.0001 0.0000 0.0000 0.0000 0.0000 -0.0010 -0.0002 0.0000 0.0002 30.0001 -0.0001 0.0005 -29.9998 0.0000 0.0000 0.0000 -10.7675 -3.2025 10.3538 -10.7675 -3.2025 10.3538 -71.2894 62.6773 23.6623 25.4378 36.5645 -49.1364 4.7136 -11.6859 -10.3055 0.3920 7.0598 5.8140 0.0000 -0.0001 0.0001 0.0000 0.0000 0.0000 0.0000 -0.0006 0.0003 0.0000 -0.0001 0.0001 0.0000 0.0000 0.0000 0.0000 0.0000 0.0000 0.0000 0.0007 0.0001 0.0000 -0.0012 0.0001 0.0000 -0.0008 0.0003 0.0000 0.0001 0.0000 0.0000 0.0000 0.0000 0.0000 -0.0008 0.0000 0.0000 0.0002 -29.9996 -0.0001 -0.0003 29.9996 0.0000 0.0000 0.0000 6.3445 3.4884 172.1151 -0.0018 -0.0487 0.0828 -12.8450 68.5164 0.1269 0.0000 25.3510 0.0000 -0.0162 -8.2955 172.4639 -0.2264 -15.9253 -0.0512 10.5319 66.7447 22.0263 0.0000 26.2112 -0.0001 
-5.0505 93.3840 6.8695 -13.8315 0.2331 4.7182 -1.8556 4.0539 -0.3626 -1.8585 4.0602 -0.3633 -1.8613 4.0662 -0.3639 30.1798 52.7234 -64.1274 8.9728 29.4930 106.4822 -6.2191 -11.3118 29.6741 -0.3462 2.7892 -4.6180 0.0000 0.0000 0.0001 0.0000 0.0000 0.0000 0.0000 -0.0013 -0.0008 0.0000 -0.0004 0.0001 0.0000 0.0000 0.0000 0.0000 0.0000 0.0000 0.0000 0.0002 0.0000 0.0000 -0.0006 0.0003 0.0000 0.0004 -0.0006 0.0000 0.0000 0.0001 0.0000 0.0000 0.0000 0.0000 -0.0010 -0.0002 0.0000 0.0002 30.0001 -0.0001 0.0005 -29.9998 0.0000 0.0000 0.0000 -10.4783 -3.0198 10.3039 -10.4783 -3.0198 10.3039 -71.1926 62.6657 23.5929 25.3925 36.6182 -49.3695 4.8042 -11.7213 -10.3655 0.3866 7.0098 5.8181 0.0000 -0.0001 0.0001 0.0000 0.0000 0.0000 0.0000 -0.0006 0.0003 0.0000 -0.0001 0.0001 0.0000 0.0000 0.0000 0.0000 0.0000 0.0000 0.0000 0.0007 0.0001 0.0000 -0.0012 0.0001 0.0000 -0.0008 0.0003 0.0000 0.0001 0.0000 0.0000 0.0000 0.0000 0.0000 -0.0008 0.0000 0.0000 0.0002 -29.9996 -0.0001 -0.0003 29.9996 0.0000 0.0000 0.0000 6.4555 3.5412 172.0022 -0.0006 -0.0163 0.0828 -12.5397 68.4843 0.7466 0.0000 25.0287 0.0000 0.1401 -8.4511 172.3429 -0.2426 -16.1596 -0.0484 10.9165 66.6450 22.7403 0.0000 26.1600 -0.0001 
-4.9826 93.3898 6.9374 -14.1752 0.2387 4.7433 -1.8774 4.0818 -0.4014 -1.8803 4.0882 -0.4021 -1.8831 4.0941 -0.4028 30.0802 52.7830 -64.0264 10.0473 30.0239 107.5804 -6.1747 -11.5196 29.1447 -0.2949 2.6806 -4.6061 0.0000 0.0000 0.0001 0.0000 0.0000 0.0000 0.0000 -0.0013 -0.0008 0.0000 -0.0004 0.0001 0.0000 0.0000 0.0000 0.0000 0.0000 0.0000 0.0000 0.0002 -0.0001 0.0000 -0.0006 0.0003 0.0000 0.0004 -0.0006 0.0000 0.0000 0.0001 0.0000 0.0000 0.0000 0.0000 -0.0010 -0.0002 0.0000 0.0002 30.0001 -0.0001 0.0005 -29.9998 0.0000 0.0000 0.0000 -10.1954 -2.8466 10.2545 -10.1954 -2.8466 10.2545 -71.0830 62.6543 23.5446 25.3394 36.6466 -49.5693 4.9056 -11.7344 -10.4344 0.3834 6.9639 5.8220 0.0000 -0.0001 0.0001 0.0000 0.0000 0.0000 0.0000 -0.0006 0.0003 0.0000 -0.0001 0.0001 0.0000 0.0000 0.0000 0.0000 0.0000 0.0000 0.0000 0.0007 0.0001 0.0000 -0.0012 0.0001 0.0000 -0.0008 0.0003 0.0000 0.0001 0.0000 0.0000 0.0000 0.0000 0.0000 -0.0008 0.0000 0.0000 0.0002 -29.9997 -0.0001 -0.0003 29.9996 0.0000 0.0000 0.0000 6.5870 3.5904 171.9010 -0.0006 -0.0163 0.0828 -12.2113 68.4365 1.3612 0.0000 25.0275 0.0000 0.2709 -8.5958 172.2299 -0.2566 -16.4049 -0.0458 11.2464 66.5677 23.3954 0.0000 26.1303 -0.0001 
-4.9449 93.3864 7.0010 -14.5107 0.2311 4.7777 -1.8966 4.1153 -0.4418 -1.8996 4.1218 -0.4426 -1.9024 4.1277 -0.4434 30.0282 52.8517 -63.8959 10.9962 30.4621 108.5470 -5.9548 -11.6794 28.5713 -0.2553 2.5990 -4.5729 0.0000 0.0000 0.0001 0.0000 0.0000 0.0000 0.0000 -0.0013 -0.0008 0.0000 -0.0004 0.0001 0.0000 0.0000 0.0000 0.0000 0.0000 0.0000 0.0000 0.0002 0.0000 0.0000 -0.0006 0.0003 0.0000 0.0004 -0.0006 0.0000 0.0000 0.0001 0.0000 0.0000 0.0000 0.0000 -0.0010 -0.0002 0.0000 0.0002 30.0001 -0.0001 0.0005 -29.9998 0.0000 0.0000 0.0000 -9.9156 -2.6819 10.1986 -9.9156 -2.6819 10.1986 -70.9781 62.6430 23.4928 25.2850 36.6615 -49.7465 5.0155 -11.7343 -10.5033 0.3811 6.9204 5.8260 0.0000 -0.0001 0.0001 0.0000 0.0000 0.0000 0.0000 -0.0006 0.0003 0.0000 -0.0001 0.0001 0.0000 0.0000 0.0000 0.0000 0.0000 0.0000 0.0000 0.0007 0.0001 0.0000 -0.0012 0.0001 0.0000 -0.0008 0.0003 0.0000 0.0001 0.0000 0.0000 0.0000 0.0000 0.0000 -0.0008 0.0000 0.0000 0.0002 -29.9996 -0.0001 -0.0003 29.9996 0.0000 0.0000 0.0000 6.7481 3.6388 171.8121 -0.0020 -0.0485 0.0828 -11.8845 68.3812 1.9405 0.0000 25.0263 0.0000 0.4028 -8.7113 172.1206 -0.2679 -16.6460 -0.0436 11.5469 66.5124 23.9966 0.0000 26.1694 -0.0001 
-4.9527 93.3660 7.0515 -14.8434 0.2069 4.8173 -1.9105 4.1537 -0.4807 -1.9137 4.1604 -0.4816 -1.9164 4.1662 -0.4824 30.1047 52.9584 -63.6698 11.7802 30.8838 109.3441 -5.4093 -11.8414 27.8804 -0.2277 2.5574 -4.5117 0.0000 0.0000 0.0001 0.0000 0.0000 0.0000 0.0000 -0.0013 -0.0008 0.0000 -0.0004 0.0001 0.0000 0.0000 0.0000 0.0000 0.0000 0.0000 0.0000 0.0003 0.0000 0.0000 -0.0006 0.0003 0.0000 0.0004 -0.0006 0.0000 0.0000 0.0001 0.0000 0.0000 0.0000 0.0000 -0.0010 -0.0002 0.0000 0.0002 30.0001 -0.0001 0.0005 -29.9998 0.0000 0.0000 0.0000 -9.6361 -2.5290 10.1258 -9.6361 -2.5290 10.1258 -70.9161 62.6292 23.4031 25.2377 36.6922 -49.9018 5.0768 -11.7631 -10.5639 0.3782 6.8844 5.8240 0.0000 -0.0001 0.0001 0.0000 0.0000 0.0000 0.0000 -0.0006 0.0003 0.0000 -0.0001 0.0001 0.0000 0.0000 0.0000 0.0000 0.0000 0.0000 0.0000 0.0007 0.0001 0.0000 -0.0012 0.0001 0.0000 -0.0008 0.0003 0.0000 0.0001 0.0000 0.0000 0.0000 0.0000 0.0000 -0.0008 0.0000 0.0000 0.0002 -29.9996 -0.0001 -0.0003 29.9996 0.0000 0.0000 0.0000 6.9429 3.7446 171.7507 0.0000 0.0001 0.0828 -11.5646 68.2513 2.4714 0.0000 25.0251 0.0000 0.5730 -8.7673 172.0289 -0.2710 -16.8414 -0.0427 11.8006 66.4773 24.4874 0.0000 26.3489 -0.0001 
-4.9583 93.3378 7.0886 -15.1749 0.1718 4.8471 -1.9162 4.1932 -0.5161 -1.9194 4.2001 -0.5171 -1.9220 4.2058 -0.5179 30.2885 53.0905 -63.3483 12.5902 31.3656 110.1335 -4.5953 -12.0826 27.0861 -0.2029 2.5377 -4.4310 0.0000 0.0000 0.0001 0.0000 0.0000 0.0000 0.0000 -0.0013 -0.0008 0.0000 -0.0004 0.0001 0.0000 0.0000 0.0000 0.0000 0.0000 0.0000 0.0000 0.0002 0.0000 0.0000 -0.0006 0.0003 0.0000 0.0004 -0.0006 0.0000 0.0000 0.0001 0.0000 0.0000 0.0000 0.0000 -0.0010 -0.0002 0.0000 0.0002 30.0001 -0.0001 0.0005 -29.9998 0.0000 0.0000 0.0000 -9.3650 -2.3911 10.0416 -9.3650 -2.3911 10.0416 -70.9168 62.6250 23.2576 25.2098 36.7364 -50.0352 5.0951 -11.8004 -10.6115 0.3751 6.8547 5.8176 0.0000 -0.0001 0.0001 0.0000 0.0000 0.0000 0.0000 -0.0006 0.0003 0.0000 -0.0001 0.0001 0.0000 0.0000 0.0000 0.0000 0.0000 0.0000 0.0000 0.0007 0.0001 0.0000 -0.0012 0.0001 0.0000 -0.0008 0.0003 0.0000 0.0001 0.0000 0.0000 0.0000 0.0000 0.0000 -0.0008 0.0000 0.0000 0.0002 -29.9996 -0.0001 -0.0003 29.9996 0.0000 0.0000 0.0000 7.1729 3.8004 171.7042 -0.0026 -0.0625 0.0828 -11.2602 68.1431 2.9485 0.0000 25.0240 0.0000 0.8059 -8.8050 171.9360 -0.2774 -17.0279 -0.0413 12.0512 66.4784 24.8991 0.0000 26.5028 -0.0001 
-4.9588 93.3088 7.1152 -15.4980 0.1247 4.8712 -1.9172 4.2334 -0.5488 -1.9205 4.2405 -0.5498 -1.9231 4.2462 -0.5507 30.5594 53.2524 -62.9423 13.4384 31.9079 110.9301 -3.6269 -12.3272 26.2664 -0.1814 2.5263 -4.3394 0.0000 0.0000 0.0001 0.0000 0.0000 0.0000 0.0000 -0.0013 -0.0008 0.0000 -0.0004 0.0001 0.0000 0.0000 0.0000 0.0000 0.0000 0.0000 0.0000 0.0003 0.0000 0.0000 -0.0006 0.0003 0.0000 0.0004 -0.0006 0.0000 0.0000 0.0001 0.0000 0.0000 0.0000 0.0000 -0.0010 -0.0002 0.0000 0.0002 30.0001 -0.0001 0.0005 -29.9998 0.0000 0.0000 0.0000 -9.0961 -2.2600 9.9388 -9.0961 -2.2600 9.9388 -70.9755 62.6286 23.0515 25.2033 36.7855 -50.1389 5.1033 -11.8269 -10.6556 0.3727 6.8275 5.8102 0.0000 -0.0001 0.0001 0.0000 0.0000 0.0000 0.0000 -0.0006 0.0003 0.0000 -0.0001 0.0001 0.0000 0.0000 0.0000 0.0000 0.0000 0.0000 0.0000 0.0007 0.0001 0.0000 -0.0012 0.0001 0.0000 -0.0008 0.0003 0.0000 0.0001 0.0000 0.0000 0.0000 0.0000 0.0000 -0.0009 0.0000 0.0000 0.0002 -29.9996 -0.0001 -0.0003 29.9996 0.0000 0.0000 0.0000 7.4165 3.9242 171.6675 0.0000 0.0000 0.0828 -10.9356 67.9565 3.4197 0.0000 25.0229 0.0000 1.0990 -8.8330 171.8434 -0.2876 -17.2074 -0.0394 12.2819 66.5107 25.2046 0.0000 26.5882 -0.0001 
-4.9594 93.2820 7.1383 -15.7972 0.0605 4.8912 -1.9111 4.2745 -0.5775 -1.9143 4.2818 -0.5786 -1.9169 4.2873 -0.5795 30.8780 53.4356 -62.4881 14.3634 32.5902 111.6854 -2.5981 -12.4293 25.5770 -0.1670 2.5083 -4.2465 0.0000 0.0000 0.0001 0.0000 0.0000 0.0000 0.0000 -0.0013 -0.0008 0.0000 -0.0004 0.0001 0.0000 0.0000 0.0000 0.0000 0.0000 0.0000 0.0000 0.0002 0.0000 0.0000 -0.0006 0.0003 0.0000 0.0004 -0.0006 0.0000 0.0000 0.0001 0.0000 0.0000 0.0000 0.0000 -0.0010 -0.0002 0.0000 0.0002 30.0001 -0.0001 0.0005 -29.9998 0.0000 0.0000 0.0000 -8.8419 -2.1381 9.8119 -8.8419 -2.1381 9.8119 -71.1394 62.6480 22.7527 25.2391 36.8387 -50.1977 5.1161 -11.8378 -10.6993 0.3715 6.8040 5.8039 0.0000 -0.0001 0.0001 0.0000 0.0000 0.0000 0.0000 -0.0006 0.0003 0.0000 -0.0001 0.0001 0.0000 0.0000 0.0000 0.0000 0.0000 0.0000 0.0000 0.0007 0.0001 0.0000 -0.0012 0.0001 0.0000 -0.0008 0.0003 0.0000 0.0001 0.0000 0.0000 0.0000 0.0000 0.0000 -0.0009 0.0000 0.0000 0.0002 -29.9997 -0.0001 -0.0003 29.9996 0.0000 0.0000 0.0000 7.6654 4.0294 171.6440 0.0000 0.0000 0.0828 -10.6873 67.8061 3.7729 0.0000 25.0219 0.0000 1.4804 -8.8452 171.7670 -0.2972 -17.3996 -0.0374 12.4882 66.6037 25.3463 0.0000 26.5708 -0.0001 
-4.9688 93.2548 7.1706 -16.0664 -0.0115 4.9082 -1.9029 4.3145 -0.6046 -1.9062 4.3219 -0.6057 -1.9087 4.3275 -0.6066 31.2421 53.6407 -62.0105 15.3549 33.3312 112.3976 -1.6874 -12.3917 25.0478 -0.1585 2.4798 -4.1580 0.0000 0.0000 0.0001 0.0000 0.0000 0.0000 0.0000 -0.0013 -0.0008 0.0000 -0.0004 0.0001 0.0000 0.0000 0.0000 0.0000 0.0000 0.0000 0.0000 0.0002 0.0000 0.0000 -0.0006 0.0003 0.0000 0.0004 -0.0006 0.0000 0.0000 0.0001 0.0000 0.0000 0.0000 0.0000 -0.0010 -0.0002 0.0000 0.0002 30.0001 -0.0001 0.0005 -29.9998 0.0000 0.0000 0.0000 -8.6078 -2.0222 9.6749 -8.6078 -2.0222 9.6749 -71.3735 62.6846 22.4076 25.2817 36.9165 -50.2566 5.1007 -11.8650 -10.7339 0.3698 6.7855 5.7956 0.0000 -0.0001 0.0001 0.0000 0.0000 0.0000 0.0000 -0.0006 0.0003 0.0000 -0.0001 0.0001 0.0000 0.0000 0.0000 0.0000 0.0000 0.0000 0.0000 0.0007 0.0001 0.0000 -0.0012 0.0001 0.0000 -0.0008 0.0003 0.0000 0.0001 0.0000 0.0000 0.0000 0.0000 0.0000 -0.0008 0.0000 0.0000 0.0002 -29.9996 -0.0001 -0.0003 29.9996 0.0000 0.0000 0.0000 7.9211 4.1093 171.6341 -0.0036 -0.0836 0.0828 -10.5239 67.7221 3.9854 0.0000 25.0210 0.0000 1.9190 -8.8459 171.7169 -0.2974 -17.6079 -0.0368 12.6859 66.7357 25.3771 0.0000 26.5274 -0.0001 
-4.9771 93.2250 7.2072 -16.3001 -0.0897 4.9234 -1.8935 4.3528 -0.6300 -1.8968 4.3605 -0.6312 -1.8992 4.3659 -0.6321 31.6276 53.8617 -61.5389 16.3846 34.0403 113.0617 -0.9597 -12.2616 24.6827 -0.1546 2.4440 -4.0754 0.0000 0.0000 0.0001 0.0000 0.0000 0.0000 0.0000 -0.0013 -0.0008 0.0000 -0.0004 0.0001 0.0000 0.0000 0.0000 0.0000 0.0000 0.0000 0.0000 0.0002 0.0000 0.0000 -0.0006 0.0003 0.0000 0.0004 -0.0006 0.0000 0.0000 0.0001 0.0000 0.0000 0.0000 0.0000 -0.0010 -0.0002 0.0000 0.0002 30.0001 -0.0002 0.0005 -29.9998 0.0000 0.0000 0.0000 -8.3994 -1.9135 9.5326 -8.3994 -1.9135 9.5326 -71.6570 62.7350 22.0423 25.3297 37.0173 -50.3105 5.0625 -11.8918 -10.7675 0.3687 6.7713 5.7867 0.0000 -0.0001 0.0001 0.0000 0.0000 0.0000 0.0000 -0.0006 0.0003 0.0000 -0.0001 0.0001 0.0000 0.0000 0.0000 0.0000 0.0000 0.0000 0.0000 0.0007 0.0001 0.0000 -0.0011 0.0001 0.0000 -0.0008 0.0003 0.0000 0.0001 0.0000 0.0000 0.0000 0.0000 0.0000 -0.0009 0.0000 0.0000 0.0002 -29.9996 -0.0001 -0.0003 29.9996 0.0000 0.0000 0.0000 8.1807 4.2878 171.6307 0.0000 0.0001 0.0828 -10.3526 67.5868 4.1521 0.0000 25.0203 0.0000 2.3876 -8.8602 171.6705 -0.2945 -17.8415 -0.0366 12.9053 66.8794 25.3646 0.0000 26.4707 -0.0001 
-4.9680 93.1892 7.2461 -16.4676 -0.1805 4.9407 -1.8882 4.3899 -0.6499 -1.8916 4.3978 -0.6512 -1.8940 4.4032 -0.6521 31.9936 54.0882 -61.1343 17.3873 34.6506 113.6071 -0.5282 -12.0452 24.5810 -0.1561 2.4019 -4.0076 0.0000 0.0000 0.0001 0.0000 0.0000 0.0000 0.0000 -0.0013 -0.0008 0.0000 -0.0004 0.0001 0.0000 0.0000 0.0000 0.0000 0.0000 0.0000 0.0000 0.0003 0.0000 0.0000 -0.0007 0.0003 0.0000 0.0004 -0.0006 0.0000 0.0000 0.0001 0.0000 0.0000 0.0000 0.0000 -0.0010 -0.0002 0.0000 0.0003 30.0001 -0.0001 0.0005 -29.9998 0.0000 0.0000 0.0000 -8.2248 -1.8157 9.3768 -8.2248 -1.8157 9.3768 -71.9718 62.7909 21.6860 25.3707 37.1142 -50.3495 5.0813 -11.8774 -10.8225 0.3706 6.7569 5.7845 0.0000 -0.0001 0.0001 0.0000 0.0000 0.0000 0.0000 -0.0006 0.0003 0.0000 -0.0001 0.0001 0.0000 0.0000 0.0000 0.0000 0.0000 0.0000 0.0000 0.0007 0.0001 0.0000 -0.0012 0.0001 0.0000 -0.0008 0.0003 0.0000 0.0001 0.0000 0.0000 0.0000 0.0000 0.0000 -0.0009 0.0000 0.0000 0.0002 -29.9996 -0.0001 -0.0003 29.9996 0.0000 0.0000 0.0000 8.4383 4.4430 171.6238 0.0000 0.0001 0.0828 -10.2117 67.5572 4.2186 0.0000 25.0199 0.0000 2.8462 -8.9058 171.5895 -0.3002 -18.1102 -0.0350 13.2042 67.0078 25.3882 0.0000 26.4197 -0.0001 
-4.9369 93.1543 7.2875 -16.5774 -0.2785 4.9636 -1.8892 4.4247 -0.6668 -1.8926 4.4327 -0.6681 -1.8949 4.4380 -0.6690 32.3640 54.3149 -60.7747 18.3177 35.2555 114.0509 -0.1924 -11.8106 24.6651 -0.1614 2.3635 -3.9546 0.0000 0.0000 0.0001 0.0000 0.0000 0.0000 0.0000 -0.0013 -0.0008 0.0000 -0.0004 0.0001 0.0000 0.0000 0.0000 0.0000 0.0000 0.0000 0.0000 0.0002 0.0000 0.0000 -0.0006 0.0003 0.0000 0.0004 -0.0006 0.0000 0.0000 0.0001 0.0000 0.0000 0.0000 0.0000 -0.0010 -0.0002 0.0000 0.0002 30.0001 -0.0001 0.0005 -29.9998 0.0000 0.0000 0.0000 -8.0803 -1.7288 9.2180 -8.0803 -1.7288 9.2180 -72.2616 62.8460 21.3894 25.3975 37.2165 -50.3660 5.1366 -11.8347 -10.9033 0.3750 6.7428 5.7889 0.0000 -0.0001 0.0001 0.0000 0.0000 0.0000 0.0000 -0.0006 0.0003 0.0000 -0.0001 0.0001 0.0000 0.0000 0.0000 0.0000 0.0000 0.0000 0.0000 0.0007 0.0001 0.0000 -0.0012 0.0001 0.0000 -0.0008 0.0003 0.0000 0.0001 0.0000 0.0000 0.0000 0.0000 0.0000 -0.0009 0.0000 0.0000 0.0002 -29.9997 -0.0001 -0.0003 29.9996 0.0000 0.0000 0.0000 8.6706 4.5701 171.6013 -0.0030 -0.0682 0.0828 -10.0826 67.6108 4.2358 0.0000 25.0199 0.0000 3.2648 -8.9518 171.4777 -0.3129 -18.3782 -0.0323 13.5673 67.1118 25.4717 0.0000 26.3769 -0.0001 
-4.8971 93.1202 7.3301 -16.6363 -0.3809 4.9934 -1.8941 4.4563 -0.6845 -1.8976 4.4644 -0.6858 -1.8999 4.4697 -0.6867 32.7615 54.5339 -60.4315 19.1807 35.8628 114.3932 0.0984 -11.5754 24.8909 -0.1700 2.3323 -3.9114 0.0000 0.0000 0.0001 0.0000 0.0000 0.0000 0.0000 -0.0013 -0.0008 0.0000 -0.0004 0.0001 0.0000 0.0000 0.0000 0.0000 0.0000 0.0000 0.0000 0.0002 0.0000 0.0000 -0.0006 0.0003 0.0000 0.0004 -0.0006 0.0000 0.0000 0.0001 0.0000 0.0000 0.0000 0.0000 -0.0010 -0.0002 0.0000 0.0002 30.0001 -0.0001 0.0005 -29.9998 0.0000 0.0000 0.0000 -7.9636 -1.6483 9.0713 -7.9636 -1.6483 9.0713 -72.5170 62.9063 21.1542 25.4234 37.3248 -50.3522 5.1012 -11.7684 -10.9659 0.3816 6.7400 5.7870 0.0000 -0.0001 0.0001 0.0000 0.0000 0.0000 0.0000 -0.0006 0.0003 0.0000 -0.0001 0.0001 0.0000 0.0000 0.0000 0.0000 0.0000 0.0000 0.0000 0.0007 0.0001 0.0000 -0.0012 0.0001 0.0000 -0.0008 0.0003 0.0000 0.0001 0.0000 0.0000 0.0000 0.0000 0.0000 -0.0008 0.0000 0.0000 0.0002 -29.9997 -0.0001 -0.0003 29.9996 0.0000 0.0000 0.0000 8.8654 4.7668 171.5676 0.0000 0.0000 0.0828 -9.9251 67.6195 4.2589 0.0000 25.0199 0.0000 3.6309 -8.9710 171.3641 -0.3211 -18.6307 -0.0302 13.9355 67.2135 25.5693 0.0000 26.3690 -0.0001 
-4.8556 93.0921 7.3657 -16.6276 -0.4858 5.0339 -1.8986 4.4807 -0.7021 -1.9021 4.4890 -0.7035 -1.9044 4.4942 -0.7044 33.1748 54.7337 -60.1144 19.9238 36.4260 114.5557 0.2172 -11.2899 25.3548 -0.1841 2.3042 -3.8830 0.0000 0.0000 0.0001 0.0000 0.0000 0.0000 0.0000 -0.0013 -0.0008 0.0000 -0.0004 0.0001 0.0000 0.0000 0.0000 0.0000 0.0000 0.0000 0.0000 0.0002 0.0000 0.0000 -0.0006 0.0003 0.0000 0.0004 -0.0006 0.0000 0.0000 0.0001 0.0000 0.0000 0.0000 0.0000 -0.0010 -0.0002 0.0000 0.0002 30.0001 -0.0001 0.0005 -29.9998 0.0000 0.0000 0.0000 -7.8878 -1.5716 8.9558 -7.8878 -1.5716 8.9558 -72.7474 62.9634 20.9665 25.4695 37.4283 -50.2675 4.2895 -11.7076 -10.8236 0.3912 6.8178 5.6992 0.0000 -0.0001 0.0001 0.0000 0.0000 0.0000 0.0000 -0.0006 0.0003 0.0000 -0.0001 0.0001 0.0000 0.0000 0.0000 0.0000 0.0000 0.0000 0.0000 0.0007 0.0001 0.0000 -0.0011 0.0001 0.0000 -0.0008 0.0003 0.0000 0.0001 0.0000 0.0000 0.0000 0.0000 0.0000 -0.0008 0.0000 0.0000 0.0002 -29.9997 -0.0001 -0.0003 29.9996 0.0000 0.0000 0.0000 8.9947 4.9176 171.5224 0.0000 0.0000 0.0828 -9.7949 67.6648 4.2487 0.0000 25.0201 0.0000 3.8921 -8.9412 171.2630 -0.3211 -18.8384 -0.0296 14.2118 67.3312 25.6140 0.0000 26.3826 -0.0001 
-4.8136 93.0668 7.3911 -16.5785 -0.5918 5.0787 -1.8982 4.5021 -0.7161 -1.9018 4.5105 -0.7176 -1.9040 4.5157 -0.7185 33.5725 54.9020 -59.8361 20.5852 36.9603 114.6049 0.0992 -10.9322 26.0452 -0.2008 2.2673 -3.8753 0.0000 0.0000 0.0001 0.0000 0.0000 0.0000 0.0000 -0.0013 -0.0008 0.0000 -0.0004 0.0001 0.0000 0.0000 0.0000 0.0000 0.0000 0.0000 0.0000 0.0003 0.0000 0.0000 -0.0006 0.0003 0.0000 0.0004 -0.0006 0.0000 0.0000 0.0001 0.0000 0.0000 0.0000 0.0000 -0.0010 -0.0002 0.0000 0.0002 30.0001 -0.0001 0.0005 -29.9998 0.0000 0.0000 0.0000 -7.8376 -1.4981 8.8658 -7.8376 -1.4981 8.8658 -72.9990 63.0230 20.7533 25.4896 37.4662 -50.1689 2.8767 -11.7496 -10.4627 0.3954 6.9649 5.5326 0.0000 -0.0001 0.0001 0.0000 0.0000 0.0000 0.0000 -0.0006 0.0003 0.0000 -0.0001 0.0001 0.0000 0.0000 0.0000 0.0000 0.0000 0.0000 0.0000 0.0007 0.0001 0.0000 -0.0012 0.0001 0.0000 -0.0008 0.0003 0.0000 0.0001 0.0000 0.0000 0.0000 0.0000 0.0000 -0.0009 0.0000 0.0000 0.0002 -29.9996 -0.0001 -0.0003 29.9996 0.0000 0.0000 0.0000 9.0410 5.0494 171.4707 0.0000 0.0000 0.0828 -9.7123 67.7034 4.2345 0.0000 25.0203 0.0000 4.0788 -8.8867 171.1724 -0.3226 -19.0083 -0.0289 14.4059 67.4653 25.5988 0.0000 26.3808 -0.0001 
-4.7734 93.0430 7.4090 -16.5054 -0.6950 5.1256 -1.8912 4.5212 -0.7277 -1.8948 4.5297 -0.7292 -1.8970 4.5348 -0.7301 33.9607 55.0445 -59.5857 21.1979 37.4664 114.5937 -0.1225 -10.5578 26.8723 -0.2186 2.2282 -3.8798 0.0000 0.0000 0.0001 0.0000 0.0000 0.0000 0.0000 -0.0013 -0.0008 0.0000 -0.0004 0.0001 0.0000 0.0000 0.0000 0.0000 0.0000 0.0000 0.0000 0.0003 -0.0001 0.0000 -0.0006 0.0003 0.0000 0.0004 -0.0006 0.0000 0.0000 0.0001 0.0000 0.0000 0.0000 0.0000 -0.0010 -0.0002 0.0000 0.0003 30.0001 -0.0001 0.0005 -29.9998 0.0000 0.0000 0.0000 -7.8061 -1.4273 8.7992 -7.8061 -1.4273 8.7992 -73.2689 63.0872 20.5211 25.4436 37.4423 -50.0910 1.3318 -11.8756 -9.9796 0.3913 7.1348 5.3379 0.0000 -0.0001 0.0001 0.0000 0.0000 0.0000 0.0000 -0.0006 0.0003 0.0000 -0.0001 0.0001 0.0000 0.0000 0.0000 0.0000 0.0000 0.0000 0.0000 0.0007 0.0001 0.0000 -0.0012 0.0001 0.0000 -0.0008 0.0003 0.0000 0.0001 0.0000 0.0000 0.0000 0.0000 0.0000 -0.0008 0.0000 0.0000 0.0002 -29.9996 -0.0001 -0.0003 29.9996 0.0000 0.0000 0.0000 9.0313 5.1564 171.4155 -0.0007 -0.0163 0.0828 -9.6820 67.7459 4.1993 0.0000 25.0205 0.0000 4.2281 -8.8138 171.0932 -0.3264 -19.1465 -0.0278 14.5602 67.6094 25.5428 0.0000 26.3733 -0.0001 
-4.7476 93.0189 7.4193 -16.4085 -0.7887 5.1749 -1.8703 4.5358 -0.7386 -1.8739 4.5444 -0.7402 -1.8761 4.5495 -0.7411 34.3726 55.1833 -59.3365 21.6569 37.9380 114.4780 -0.3842 -10.1582 27.8510 -0.2395 2.1918 -3.8956 0.0000 0.0000 0.0001 0.0000 0.0000 0.0000 0.0000 -0.0013 -0.0008 0.0000 -0.0004 0.0001 0.0000 0.0000 0.0000 0.0000 0.0000 0.0000 0.0000 0.0002 0.0000 0.0000 -0.0006 0.0003 0.0000 0.0004 -0.0006 0.0000 0.0000 0.0001 0.0000 0.0000 0.0000 0.0000 -0.0010 -0.0002 0.0000 0.0002 30.0001 -0.0001 0.0005 -29.9998 0.0000 0.0000 0.0000 -7.7995 -1.3629 8.7703 -7.7995 -1.3629 8.7704 -73.6236 63.1741 20.1847 25.4315 37.3208 -49.9200 0.2906 -11.9311 -9.5981 0.3886 7.2691 5.1951 0.0000 -0.0001 0.0001 0.0000 0.0000 0.0000 0.0000 -0.0006 0.0003 0.0000 -0.0001 0.0001 0.0000 0.0000 0.0000 0.0000 0.0000 0.0000 0.0000 0.0007 0.0001 0.0000 -0.0011 0.0001 0.0000 -0.0008 0.0003 0.0000 0.0001 0.0000 0.0000 0.0000 0.0000 0.0000 -0.0009 0.0000 0.0000 0.0002 -29.9996 -0.0001 -0.0003 29.9996 0.0000 0.0000 0.0000 8.9765 5.2355 171.3638 -0.0021 -0.0487 0.0828 -9.7263 67.7901 4.1050 0.0000 25.0208 0.0000 4.3633 -8.7148 171.0377 -0.3266 -19.2303 -0.0276 14.6827 67.7593 25.4272 0.0000 26.3870 -0.0001 
-4.7351 92.9985 7.4267 -16.2896 -0.8732 5.2220 -1.8365 4.5448 -0.7486 -1.8400 4.5533 -0.7502 -1.8421 4.5585 -0.7511 34.7834 55.3333 -59.1013 21.9576 38.3005 114.2382 -0.7329 -9.7633 29.0235 -0.2632 2.1575 -3.9218 0.0000 0.0000 0.0001 0.0000 0.0000 0.0000 0.0000 -0.0013 -0.0008 0.0000 -0.0004 0.0001 0.0000 0.0000 0.0000 0.0000 0.0000 0.0000 0.0000 0.0003 0.0000 0.0000 -0.0006 0.0003 0.0000 0.0004 -0.0006 0.0000 0.0000 0.0001 0.0000 0.0000 0.0000 0.0000 -0.0010 -0.0002 0.0000 0.0002 30.0001 -0.0001 0.0005 -29.9998 0.0000 0.0000 0.0000 -7.8167 -1.3079 8.7696 -7.8167 -1.3079 8.7696 -74.0728 63.2835 19.7528 25.5375 37.2582 -49.5962 -0.1606 -11.8625 -9.4653 0.3955 7.3458 5.1358 0.0000 -0.0001 0.0001 0.0000 0.0000 0.0000 0.0000 -0.0006 0.0003 0.0000 -0.0001 0.0001 0.0000 0.0000 0.0000 0.0000 0.0000 0.0000 0.0000 0.0007 0.0001 0.0000 -0.0012 0.0001 0.0000 -0.0008 0.0003 0.0000 0.0001 0.0000 0.0000 0.0000 0.0000 0.0000 -0.0008 0.0000 0.0000 0.0002 -29.9996 -0.0001 -0.0003 29.9996 0.0000 0.0000 0.0000 8.9059 5.3437 171.3221 0.0000 0.0001 0.0828 -9.7853 67.7946 3.9846 0.0000 25.0211 0.0000 4.4706 -8.5901 171.0014 -0.3211 -19.2573 -0.0284 14.7903 67.8977 25.2925 0.0000 26.4101 -0.0001 
-4.7230 92.9836 7.4363 -16.1427 -0.9543 5.2630 -1.7926 4.5502 -0.7568 -1.7960 4.5587 -0.7583 -1.7981 4.5639 -0.7593 35.1757 55.4908 -58.8813 22.1484 38.5427 113.9049 -1.1052 -9.4700 30.3614 -0.2870 2.1298 -3.9551 0.0000 0.0000 0.0001 0.0000 0.0000 0.0000 0.0000 -0.0013 -0.0008 0.0000 -0.0004 0.0001 0.0000 0.0000 0.0000 0.0000 0.0000 0.0000 0.0000 0.0003 0.0000 0.0000 -0.0006 0.0003 0.0000 0.0004 -0.0006 0.0000 0.0000 0.0001 0.0000 0.0000 0.0000 0.0000 -0.0010 -0.0002 0.0000 0.0003 30.0001 -0.0001 0.0005 -29.9998 0.0000 0.0000 0.0000 -7.8602 -1.2615 8.7849 -7.8602 -1.2615 8.7849 -74.5598 63.4051 19.3115 25.7147 37.2837 -49.1771 -0.0482 -11.7484 -9.5659 0.4088 7.3694 5.1601 0.0000 -0.0001 0.0001 0.0000 0.0000 0.0000 0.0000 -0.0006 0.0003 0.0000 -0.0001 0.0001 0.0000 0.0000 0.0000 0.0000 0.0000 0.0000 0.0000 0.0007 0.0001 0.0000 -0.0011 0.0001 0.0000 -0.0008 0.0003 0.0000 0.0001 0.0000 0.0000 0.0000 0.0000 0.0000 -0.0009 0.0000 0.0000 0.0002 -29.9996 -0.0001 -0.0003 29.9996 0.0000 0.0000 0.0000 8.8299 5.4234 171.2880 0.0000 0.0001 0.0828 -9.8472 67.8305 3.8387 0.0000 25.0215 0.0000 4.5199 -8.4457 170.9703 -0.3173 -19.2316 -0.0291 14.9025 68.0120 25.1873 0.0000 26.4167 -0.0001 
-4.7005 92.9785 7.4482 -15.9400 -1.0382 5.2894 -1.7408 4.5513 -0.7595 -1.7441 4.5598 -0.7610 -1.7462 4.5650 -0.7620 35.5010 55.6361 -58.7468 22.2171 38.5889 113.4800 -1.3283 -9.4297 31.8521 -0.3115 2.1273 -3.9892 0.0000 0.0000 0.0001 0.0000 0.0000 0.0000 0.0000 -0.0013 -0.0008 0.0000 -0.0004 0.0001 0.0000 0.0000 0.0000 0.0000 0.0000 0.0000 0.0000 0.0002 0.0000 0.0000 -0.0007 0.0003 0.0000 0.0004 -0.0006 0.0000 0.0000 0.0001 0.0000 0.0000 0.0000 0.0000 -0.0010 -0.0002 0.0000 0.0002 30.0001 -0.0001 0.0005 -29.9998 0.0000 0.0000 0.0000 -7.9446 -1.2290 8.8137 -7.9446 -1.2290 8.8136 -75.0067 63.5370 18.9608 25.8861 37.3307 -48.7045 0.9425 -11.5511 -9.9583 0.4303 7.3177 5.3012 0.0000 -0.0001 0.0001 0.0000 0.0000 0.0000 0.0000 -0.0006 0.0003 0.0000 -0.0001 0.0001 0.0000 0.0000 0.0000 0.0000 0.0000 0.0000 0.0000 0.0007 0.0001 0.0000 -0.0012 0.0001 0.0000 -0.0008 0.0003 0.0000 0.0001 0.0000 0.0000 0.0000 0.0000 0.0000 -0.0009 0.0000 0.0000 0.0002 -29.9996 -0.0001 -0.0003 29.9996 0.0000 0.0000 0.0000 8.7369 5.5002 171.2638 0.0000 0.0000 0.0828 -9.8698 67.8777 3.6948 0.0000 25.0219 0.0000 4.4406 -8.2824 170.9411 -0.3202 -19.1482 -0.0289 15.0181 68.0867 25.1571 0.0000 26.3781 -0.0001 
-4.6787 92.9782 7.4514 -15.6880 -1.1265 5.3016 -1.6843 4.5490 -0.7560 -1.6874 4.5574 -0.7575 -1.6895 4.5627 -0.7584 35.7489 55.7652 -58.6851 22.0697 38.4915 112.8850 -1.4851 -9.4126 33.4577 -0.3421 2.1407 -4.0253 0.0000 0.0000 0.0001 0.0000 0.0000 0.0000 0.0000 -0.0013 -0.0009 0.0000 -0.0004 0.0001 0.0000 0.0000 0.0000 0.0000 0.0000 0.0000 0.0000 0.0002 0.0000 0.0000 -0.0006 0.0003 0.0000 0.0004 -0.0006 0.0000 0.0000 0.0001 0.0000 0.0000 0.0000 0.0000 -0.0010 -0.0002 0.0000 0.0002 30.0001 -0.0001 0.0005 -29.9998 0.0000 0.0000 0.0000 -8.0654 -1.2052 8.8480 -8.0654 -1.2052 8.8480 -75.3559 63.6562 18.7454 25.9962 37.2798 -48.2091 1.9980 -11.1635 -10.4203 0.4648 7.2646 5.4422 0.0000 -0.0001 0.0001 0.0000 0.0000 0.0000 0.0000 -0.0006 0.0003 0.0000 -0.0001 0.0001 0.0000 0.0000 0.0000 0.0000 0.0000 0.0000 0.0000 0.0007 0.0001 0.0000 -0.0012 0.0001 0.0000 -0.0008 0.0003 0.0000 0.0001 0.0000 0.0000 0.0000 0.0000 0.0000 -0.0008 0.0000 0.0000 0.0002 -29.9996 -0.0001 -0.0003 29.9996 0.0000 0.0000 0.0000 8.6287 5.5702 171.2558 0.0000 0.0001 0.0828 -9.8655 67.9231 3.5434 0.0000 25.0225 0.0000 4.2590 -8.1185 170.9212 -0.3257 -19.0411 -0.0283 15.1212 68.1335 25.1731 0.0000 26.3157 -0.0001 
-4.6737 92.9813 7.4418 -15.3952 -1.2173 5.3041 -1.6251 4.5431 -0.7494 -1.6281 4.5514 -0.7509 -1.6301 4.5568 -0.7518 35.9022 55.8732 -58.7013 21.7293 38.2586 112.1098 -1.6791 -9.3326 35.2068 -0.3799 2.1606 -4.0670 0.0000 0.0000 0.0001 0.0000 0.0000 0.0000 0.0000 -0.0013 -0.0008 0.0000 -0.0004 0.0001 0.0000 0.0000 0.0000 0.0000 0.0000 0.0000 0.0000 0.0002 0.0000 0.0000 -0.0006 0.0003 0.0000 0.0004 -0.0006 0.0000 0.0000 0.0001 0.0000 0.0000 0.0000 0.0000 -0.0010 -0.0002 0.0000 0.0002 30.0001 -0.0001 0.0005 -29.9998 0.0000 0.0000 0.0000 -8.2145 -1.1833 8.8875 -8.2145 -1.1833 8.8875 -75.6029 63.7712 18.6646 26.0165 37.1672 -47.7436 2.5853 -10.7819 -10.7787 0.5019 7.2606 5.5178 0.0000 -0.0001 0.0001 0.0000 0.0000 0.0000 0.0000 -0.0006 0.0003 0.0000 -0.0001 0.0001 0.0000 0.0000 0.0000 0.0000 0.0000 0.0000 0.0000 0.0007 0.0001 0.0000 -0.0012 0.0001 0.0000 -0.0008 0.0003 0.0000 0.0001 0.0000 0.0000 0.0000 0.0000 0.0000 -0.0008 0.0000 0.0000 0.0002 -29.9996 -0.0001 -0.0003 29.9996 0.0000 0.0000 0.0000 8.5126 5.6322 171.2702 0.0000 0.0000 0.0828 -9.8556 67.9635 3.3630 0.0000 25.0230 0.0000 4.0003 -7.9592 170.9179 -0.3296 -18.9221 -0.0280 15.1992 68.1605 25.2049 0.0000 26.2467 -0.0001 
-4.7022 92.9868 7.4119 -15.0419 -1.3108 5.2987 -1.5732 4.5322 -0.7384 -1.5761 4.5404 -0.7398 -1.5780 4.5459 -0.7408 35.9287 55.9439 -58.8434 21.2311 37.8529 111.2097 -1.9152 -9.2341 37.0762 -0.4238 2.1881 -4.1156 0.0000 0.0000 0.0001 0.0000 0.0000 0.0000 0.0000 -0.0013 -0.0008 0.0000 -0.0004 0.0001 0.0000 0.0000 0.0000 0.0000 0.0000 0.0000 0.0000 0.0002 0.0000 0.0000 -0.0006 0.0003 0.0000 0.0004 -0.0006 0.0000 0.0000 0.0001 0.0000 0.0000 0.0000 0.0000 -0.0010 -0.0002 0.0000 0.0002 30.0001 -0.0001 0.0005 -29.9998 0.0000 0.0000 0.0000 -8.3880 -1.1549 8.9297 -8.3880 -1.1549 8.9297 -75.6882 63.8691 18.7858 25.8475 36.9321 -47.4355 2.2467 -10.7129 -10.7460 0.5196 7.3678 5.4595 0.0000 -0.0001 0.0001 0.0000 0.0000 0.0000 0.0000 -0.0006 0.0003 0.0000 -0.0001 0.0001 0.0000 0.0000 0.0000 0.0000 0.0000 0.0000 0.0000 0.0007 0.0001 0.0000 -0.0012 0.0001 0.0000 -0.0008 0.0003 0.0000 0.0001 0.0000 0.0000 0.0000 0.0000 0.0000 -0.0008 0.0000 0.0000 0.0002 -29.9996 -0.0001 -0.0003 29.9996 0.0000 0.0000 0.0000 8.3774 5.6567 171.3175 -0.0020 -0.0487 0.0828 -9.8649 68.0217 3.1204 0.0000 25.0236 0.0000 3.6568 -7.8069 170.9416 -0.3308 -18.7950 -0.0281 15.2537 68.1649 25.2399 0.0000 26.1931 -0.0001 
-4.7550 92.9941 7.3679 -14.6492 -1.4002 5.2878 -1.5319 4.5158 -0.7234 -1.5347 4.5239 -0.7247 -1.5366 4.5294 -0.7257 35.9065 56.0005 -59.0598 20.5858 37.3394 110.1948 -2.2719 -9.1180 39.0168 -0.4721 2.2210 -4.1760 0.0000 0.0000 0.0001 0.0000 0.0000 0.0000 0.0000 -0.0013 -0.0008 0.0000 -0.0004 0.0001 0.0000 0.0000 0.0000 0.0000 0.0000 0.0000 0.0000 0.0002 0.0000 0.0000 -0.0006 0.0003 0.0000 0.0004 -0.0006 0.0000 0.0000 0.0001 0.0000 0.0000 0.0000 0.0000 -0.0010 -0.0002 0.0000 0.0002 30.0001 -0.0001 0.0005 -29.9998 0.0000 0.0000 0.0000 -8.5669 -1.1194 8.9720 -8.5669 -1.1194 8.9720 -75.7036 63.9571 18.9709 25.5811 36.5832 -47.1963 1.9428 -10.7396 -10.6345 0.5296 7.4860 5.3885 0.0000 -0.0001 0.0001 0.0000 0.0000 0.0000 0.0000 -0.0006 0.0003 0.0000 -0.0001 0.0001 0.0000 0.0000 0.0000 0.0000 0.0000 0.0000 0.0000 0.0007 0.0001 0.0000 -0.0012 0.0001 0.0000 -0.0008 0.0003 0.0000 0.0001 0.0000 0.0000 0.0000 0.0000 0.0000 -0.0009 0.0000 0.0000 0.0002 -29.9996 -0.0001 -0.0003 29.9996 0.0000 0.0000 0.0000 8.2170 5.6820 171.3861 -0.0025 -0.0624 0.0828 -9.8896 68.0596 2.8432 0.0000 25.0243 0.0000 3.2919 -7.6663 170.9866 -0.3308 -18.6742 -0.0285 15.3101 68.1669 25.2526 0.0000 26.1353 -0.0001 
-4.8204 93.0026 7.3098 -14.2338 -1.4796 5.2742 -1.4969 4.4930 -0.7095 -1.4995 4.5009 -0.7108 -1.5014 4.5065 -0.7118 35.8649 56.0476 -59.2978 19.8828 36.7731 109.1440 -2.7521 -8.9697 41.0291 -0.5228 2.2508 -4.2492 0.0000 0.0000 0.0001 0.0000 0.0000 0.0000 0.0000 -0.0013 -0.0008 0.0000 -0.0004 0.0001 0.0000 0.0000 0.0000 0.0000 0.0000 0.0000 0.0000 0.0002 0.0000 0.0000 -0.0006 0.0003 0.0000 0.0004 -0.0006 0.0000 0.0000 0.0001 0.0000 0.0000 0.0000 0.0000 -0.0010 -0.0002 0.0000 0.0003 30.0001 -0.0001 0.0005 -29.9998 0.0000 0.0000 0.0000 -8.7480 -1.0798 9.0193 -8.7480 -1.0798 9.0193 -75.6872 64.0436 19.1850 25.3293 36.2451 -46.9330 1.8065 -10.7456 -10.5542 0.5392 7.5871 5.3406 0.0000 -0.0001 0.0001 0.0000 0.0000 0.0000 0.0000 -0.0006 0.0003 0.0000 -0.0001 0.0001 0.0000 0.0000 0.0000 0.0000 0.0000 0.0000 0.0000 0.0007 0.0001 0.0000 -0.0012 0.0001 0.0000 -0.0008 0.0003 0.0000 0.0001 0.0000 0.0000 0.0000 0.0000 0.0000 -0.0009 0.0000 0.0000 0.0002 -29.9996 -0.0001 -0.0003 29.9996 0.0000 0.0000 0.0000 8.0295 5.7231 171.4633 0.0000 0.0001 0.0828 -9.9200 68.0500 2.5554 0.0000 25.0249 0.0000 2.9348 -7.5390 171.0442 -0.3302 -18.5528 -0.0290 15.3824 68.1633 25.2453 0.0000 26.0737 -0.0001 
-4.8938 93.0161 7.2295 -13.7935 -1.5458 5.2652 -1.4661 4.4618 -0.7043 -1.4687 4.4695 -0.7057 -1.4706 4.4753 -0.7066 35.7824 56.0772 -59.5698 19.2295 36.2140 108.1073 -3.2613 -8.8692 43.1867 -0.5742 2.2790 -4.3369 0.0000 0.0000 0.0001 0.0000 0.0000 0.0000 0.0000 -0.0013 -0.0008 0.0000 -0.0004 0.0001 0.0000 0.0000 0.0000 0.0000 0.0000 0.0000 0.0000 0.0002 0.0000 0.0000 -0.0006 0.0003 0.0000 0.0004 -0.0006 0.0000 0.0000 0.0001 0.0000 0.0000 0.0000 0.0000 -0.0010 -0.0002 0.0000 0.0002 30.0001 -0.0001 0.0005 -29.9998 0.0000 0.0000 0.0000 -8.9377 -1.0348 9.0784 -8.9377 -1.0348 9.0784 -75.6505 64.1374 19.4337 25.2327 36.0520 -46.5543 1.7996 -10.7858 -10.5729 0.5489 7.6623 5.3344 0.0000 -0.0001 0.0001 0.0000 0.0000 0.0000 0.0000 -0.0006 0.0003 0.0000 -0.0001 0.0001 0.0000 0.0000 0.0000 0.0000 0.0000 0.0000 0.0000 0.0007 0.0001 0.0000 -0.0012 0.0001 0.0000 -0.0008 0.0003 0.0000 0.0001 0.0000 0.0000 0.0000 0.0000 0.0000 -0.0008 0.0000 0.0000 0.0002 -29.9996 -0.0001 -0.0003 29.9995 0.0000 0.0000 0.0000 7.8016 5.6996 171.5398 0.0000 0.0000 0.0828 -10.0241 68.0496 2.1982 0.0000 25.0257 0.0000 2.5846 -7.4181 171.1082 -0.3286 -18.4015 -0.0297 15.4547 68.1385 25.1998 0.0000 26.0095 -0.0001 
-4.9736 93.0361 7.1347 -13.3321 -1.6043 5.2585 -1.4420 4.4245 -0.7041 -1.4445 4.4320 -0.7053 -1.4465 4.4378 -0.7063 35.6833 56.1015 -59.8793 18.6796 35.7424 107.1300 -3.6721 -8.9336 45.4516 -0.6250 2.3160 -4.4365 0.0000 0.0000 0.0001 0.0000 0.0000 0.0000 0.0000 -0.0013 -0.0008 0.0000 -0.0004 0.0001 0.0000 0.0000 0.0000 0.0000 0.0000 0.0000 0.0000 0.0002 0.0000 0.0000 -0.0006 0.0003 0.0000 0.0004 -0.0006 0.0000 0.0000 0.0001 0.0000 0.0000 0.0000 0.0000 -0.0010 -0.0002 0.0000 0.0002 30.0001 -0.0001 0.0005 -29.9998 0.0000 0.0000 0.0000 -9.1251 -0.9883 9.1452 -9.1251 -0.9883 9.1452 -75.6136 64.2236 19.6791 25.1906 35.8597 -46.1239 1.9282 -10.9084 -10.5828 0.5527 7.7301 5.3490 0.0000 -0.0001 0.0001 0.0000 0.0000 0.0000 0.0000 -0.0006 0.0003 0.0000 -0.0001 0.0001 0.0000 0.0000 0.0000 0.0000 0.0000 0.0000 0.0000 0.0007 0.0001 0.0000 -0.0012 0.0001 0.0000 -0.0008 0.0003 0.0000 0.0001 0.0000 0.0000 0.0000 0.0000 0.0000 -0.0009 0.0000 0.0000 0.0002 -29.9996 -0.0001 -0.0003 29.9996 0.0000 0.0000 0.0000 7.5248 5.6198 171.6177 -0.0023 -0.0624 0.0828 -10.2297 68.0688 1.7604 0.0000 25.0265 0.0000 2.2012 -7.2828 171.1761 -0.3257 -18.1877 -0.0307 15.4587 68.0922 25.0900 0.0000 25.9351 -0.0001 
-5.0492 93.0616 7.0462 -12.8615 -1.6558 5.2477 -1.4175 4.3811 -0.7050 -1.4199 4.3884 -0.7062 -1.4218 4.3943 -0.7072 35.5755 56.1315 -60.2004 18.1528 35.3245 106.1286 -4.1246 -9.0464 47.7829 -0.6769 2.3559 -4.5499 0.0000 0.0000 0.0001 0.0000 0.0000 0.0000 0.0000 -0.0013 -0.0008 0.0000 -0.0004 0.0001 0.0000 0.0000 0.0000 0.0000 0.0000 0.0000 0.0000 0.0003 0.0000 0.0000 -0.0006 0.0003 0.0000 0.0004 -0.0006 0.0000 0.0000 0.0001 0.0000 0.0000 0.0000 0.0000 -0.0010 -0.0002 0.0000 0.0003 30.0001 -0.0001 0.0005 -29.9998 0.0000 0.0000 0.0000 -9.3167 -0.9392 9.2169 -9.3167 -0.9392 9.2169 -75.5917 64.2964 19.9096 25.1402 35.6025 -45.6609 2.2725 -10.9504 -10.6526 0.5620 7.7851 5.3836 0.0000 -0.0001 0.0001 0.0000 0.0000 0.0000 0.0000 -0.0006 0.0003 0.0000 -0.0001 0.0001 0.0000 0.0000 0.0000 0.0000 0.0000 0.0000 0.0000 0.0007 0.0001 0.0000 -0.0012 0.0001 0.0000 -0.0008 0.0003 0.0000 0.0001 0.0000 0.0000 0.0000 0.0000 0.0000 -0.0008 0.0000 0.0000 0.0002 -29.9996 -0.0001 -0.0003 29.9996 0.0000 0.0000 0.0000 7.2000 5.5924 171.6939 0.0000 0.0000 0.0828 -10.4748 68.0286 1.3114 0.0000 25.0274 0.0000 1.7817 -7.1201 171.2430 -0.3252 -17.9073 -0.0317 15.4086 68.0376 24.9466 0.0000 25.8286 -0.0001 
-5.1188 93.0923 6.9830 -12.3947 -1.6961 5.2230 -1.3864 4.3293 -0.7074 -1.3886 4.3363 -0.7086 -1.3906 4.3423 -0.7097 35.4526 56.1716 -60.5335 17.7350 34.9814 105.2157 -4.6264 -9.1430 50.0838 -0.7258 2.3875 -4.6736 0.0000 0.0000 0.0001 0.0000 0.0000 0.0000 0.0000 -0.0013 -0.0008 0.0000 -0.0004 0.0001 0.0000 0.0000 0.0000 0.0000 0.0000 0.0000 0.0000 0.0002 0.0000 0.0000 -0.0006 0.0003 0.0000 0.0004 -0.0006 0.0000 0.0000 0.0001 0.0000 0.0000 0.0000 0.0000 -0.0010 -0.0002 0.0000 0.0002 30.0001 -0.0001 0.0005 -29.9998 0.0000 0.0000 0.0000 -9.5161 -0.8817 9.3000 -9.5161 -0.8817 9.3000 -75.5782 64.3593 20.1356 25.0375 35.2593 -45.1825 2.4812 -10.9562 -10.6720 0.5738 7.8646 5.3865 0.0000 -0.0001 0.0001 0.0000 0.0000 0.0000 0.0000 -0.0006 0.0003 0.0000 -0.0001 0.0001 0.0000 0.0000 0.0000 0.0000 0.0000 0.0000 0.0000 0.0007 0.0001 0.0000 -0.0012 0.0001 0.0000 -0.0008 0.0003 0.0000 0.0001 0.0000 0.0000 0.0000 0.0000 0.0000 -0.0009 0.0000 0.0000 0.0002 -29.9996 -0.0001 -0.0003 29.9996 0.0000 0.0000 0.0000 6.8342 5.5319 171.7753 0.0000 0.0000 0.0828 -10.8137 68.0228 0.8050 0.0000 25.0284 0.0000 1.3197 -6.9221 171.3409 -0.3199 -17.5359 -0.0335 15.1988 67.9798 24.6812 0.0000 25.7008 -0.0001 
-5.1849 93.1253 6.9389 -11.9247 -1.7354 5.1913 -1.3539 4.2730 -0.7129 -1.3561 4.2798 -0.7141 -1.3581 4.2859 -0.7152 35.3052 56.2156 -60.9030 17.3523 34.6767 104.3745 -5.1305 -9.1854 52.2484 -0.7737 2.4156 -4.8001 0.0000 0.0000 0.0001 0.0000 0.0000 0.0000 0.0000 -0.0013 -0.0008 0.0000 -0.0004 0.0001 0.0000 0.0000 0.0000 0.0000 0.0000 0.0000 0.0000 0.0002 0.0000 0.0000 -0.0006 0.0003 0.0000 0.0004 -0.0006 0.0000 0.0000 0.0001 0.0000 0.0000 0.0000 0.0000 -0.0010 -0.0002 0.0000 0.0002 30.0001 -0.0001 0.0005 -29.9998 0.0000 0.0000 0.0000 -9.7221 -0.8133 9.3916 -9.7221 -0.8134 9.3916 -75.5505 64.4098 20.3784 24.8746 34.8570 -44.7208 2.3425 -11.0164 -10.5851 0.5832 7.9855 5.3292 0.0000 -0.0001 0.0001 0.0000 0.0000 0.0000 0.0000 -0.0006 0.0003 0.0000 -0.0001 0.0001 0.0000 0.0000 0.0000 0.0000 0.0000 0.0000 0.0000 0.0007 0.0001 0.0000 -0.0012 0.0001 0.0000 -0.0008 0.0003 0.0000 0.0001 0.0000 0.0000 0.0000 0.0000 0.0000 -0.0009 0.0000 0.0000 0.0002 -29.9996 -0.0001 -0.0003 29.9996 0.0000 0.0000 0.0000 6.4487 5.4704 171.8579 -0.0005 -0.0163 0.0828 -11.1820 68.0253 0.2874 0.0000 25.0295 0.0000 0.8403 -6.6924 171.4633 -0.3091 -17.1072 -0.0364 14.8966 67.9147 24.3373 0.0000 25.5801 -0.0001 
-5.2551 93.1604 6.9000 -11.4468 -1.7747 5.1533 -1.3248 4.2139 -0.7198 -1.3268 4.2204 -0.7210 -1.3288 4.2266 -0.7222 35.1497 56.2695 -61.2850 16.9458 34.4128 103.5609 -5.6585 -9.1764 54.2372 -0.8203 2.4411 -4.9296 0.0000 0.0000 0.0001 0.0000 0.0000 0.0000 0.0000 -0.0013 -0.0008 0.0000 -0.0004 0.0001 0.0000 0.0000 0.0000 0.0000 0.0000 0.0000 0.0000 0.0002 0.0000 0.0000 -0.0006 0.0003 0.0000 0.0004 -0.0006 0.0000 0.0000 0.0001 0.0000 0.0000 0.0000 0.0000 -0.0010 -0.0002 0.0000 0.0002 30.0001 -0.0001 0.0005 -29.9998 0.0000 0.0000 0.0000 -9.9286 -0.7351 9.4884 -9.9286 -0.7351 9.4884 -75.5144 64.4482 20.6145 24.6340 34.3951 -44.2250 2.1746 -11.0955 -10.4600 0.5902 8.1040 5.1958 0.0000 -0.0001 0.0001 0.0000 0.0000 0.0000 0.0000 -0.0006 0.0003 0.0000 -0.0001 0.0001 0.0000 0.0000 0.0000 0.0000 0.0000 0.0000 0.0000 0.0007 0.0001 0.0000 -0.0012 0.0001 0.0000 -0.0008 0.0003 0.0000 0.0001 0.0000 0.0000 0.0000 0.0000 0.0000 -0.0009 0.0000 0.0000 0.0002 -29.9997 -0.0001 -0.0003 29.9996 0.0000 0.0000 0.0000 6.0546 5.4254 171.9474 0.0000 0.0001 0.0828 -11.5309 68.0073 -0.2037 0.0000 25.0306 0.0000 0.3651 -6.4555 171.6165 -0.2899 -16.6569 -0.0404 14.5334 67.8414 23.9226 0.0000 25.4564 -0.0001 
-5.3253 93.1981 6.8634 -10.9549 -1.8132 5.1090 -1.3047 4.1504 -0.7288 -1.3067 4.1566 -0.7300 -1.3088 4.1629 -0.7312 35.0137 56.3361 -61.6514 16.5085 34.2026 102.7914 -6.3003 -8.9726 55.9338 -0.8623 2.4481 -5.0620 0.0000 0.0000 0.0001 0.0000 0.0000 0.0000 0.0000 -0.0013 -0.0008 0.0000 -0.0004 0.0001 0.0000 0.0000 0.0000 0.0000 0.0000 0.0000 0.0000 0.0002 0.0000 0.0000 -0.0006 0.0003 0.0000 0.0004 -0.0006 0.0000 0.0000 0.0001 0.0000 0.0000 0.0000 0.0000 -0.0010 -0.0002 0.0000 0.0002 30.0001 -0.0001 0.0005 -29.9998 0.0000 0.0000 0.0000 -10.1372 -0.6375 9.5843 -10.1372 -0.6375 9.5842 -75.4731 64.4750 20.8264 24.3859 33.9062 -43.6899 2.2269 -11.1402 -10.3699 0.5977 8.2031 5.0849 0.0000 -0.0001 0.0001 0.0000 0.0000 0.0000 0.0000 -0.0006 0.0003 0.0000 -0.0001 0.0001 0.0000 0.0000 0.0000 0.0000 0.0000 0.0000 0.0000 0.0007 0.0001 0.0000 -0.0012 0.0001 0.0000 -0.0008 0.0003 0.0000 0.0001 0.0000 0.0000 0.0000 0.0000 0.0000 -0.0008 0.0000 0.0000 0.0002 -29.9996 -0.0001 -0.0003 29.9996 0.0000 0.0000 0.0000 5.6600 5.3604 172.0395 -0.0005 -0.0163 0.0828 -11.8064 67.9925 -0.6212 0.0000 25.0315 0.0000 -0.0848 -6.2218 171.7794 -0.2674 -16.2044 -0.0448 14.2089 67.7513 23.5171 0.0000 25.3084 -0.0001 
-5.3850 93.2356 6.8307 -10.4470 -1.8536 5.0636 -1.2940 4.0851 -0.7423 -1.2959 4.0910 -0.7435 -1.2980 4.0974 -0.7447 34.8846 56.3866 -62.0429 16.1355 34.0296 102.1333 -7.0356 -8.5109 57.3889 -0.9001 2.4286 -5.1959 0.0000 0.0000 0.0001 0.0000 0.0000 0.0000 0.0000 -0.0013 -0.0008 0.0000 -0.0004 0.0001 0.0000 0.0000 0.0000 0.0000 0.0000 0.0000 0.0000 0.0003 0.0000 0.0000 -0.0006 0.0003 0.0000 0.0004 -0.0006 0.0000 0.0000 0.0001 0.0000 0.0000 0.0000 0.0000 -0.0010 -0.0002 0.0000 0.0002 30.0001 -0.0001 0.0005 -29.9998 0.0000 0.0000 0.0000 -10.3507 -0.5236 9.6795 -10.3507 -0.5236 9.6795 -75.4256 64.4983 21.0337 24.2055 33.5074 -43.1036 2.4472 -11.1349 -10.3665 0.6088 8.2753 5.0136 0.0000 -0.0001 0.0001 0.0000 0.0000 0.0000 0.0000 -0.0006 0.0003 0.0000 -0.0001 0.0001 0.0000 0.0000 0.0000 0.0000 0.0000 0.0000 0.0000 0.0007 0.0001 0.0000 -0.0012 0.0001 0.0000 -0.0008 0.0003 0.0000 0.0001 0.0000 0.0000 0.0000 0.0000 0.0000 -0.0009 0.0000 0.0000 0.0002 -29.9997 -0.0001 -0.0003 29.9996 0.0000 0.0000 0.0000 5.2590 5.3129 172.1218 0.0000 0.0001 0.0828 -11.9912 67.9516 -0.9460 0.0000 25.0322 0.0000 -0.5055 -5.9943 171.9355 -0.2467 -15.7634 -0.0487 13.9716 67.6401 23.1620 0.0000 25.1686 -0.0001 
-5.4387 93.2717 6.7996 -9.9267 -1.8953 5.0190 -1.2889 4.0190 -0.7612 -1.2907 4.0247 -0.7623 -1.2928 4.0311 -0.7636 34.7593 56.4240 -62.4333 15.7901 33.9229 101.5610 -7.7904 -7.8062 58.6112 -0.9340 2.3833 -5.3292 0.0000 0.0000 0.0001 0.0000 0.0000 0.0000 0.0000 -0.0013 -0.0008 0.0000 -0.0004 0.0001 0.0000 0.0000 0.0000 0.0000 0.0000 0.0000 0.0000 0.0002 0.0000 0.0000 -0.0006 0.0003 0.0000 0.0004 -0.0006 0.0000 0.0000 0.0001 0.0000 0.0000 0.0000 0.0000 -0.0010 -0.0002 0.0000 0.0002 30.0001 -0.0001 0.0005 -29.9998 0.0000 0.0000 0.0000 -10.5730 -0.3968 9.7734 -10.5730 -0.3968 9.7734 -75.3857 64.5192 21.2340 24.0687 33.1756 -42.4962 2.7000 -11.1175 -10.4012 0.6211 8.3367 4.9582 0.0000 -0.0001 0.0001 0.0000 0.0000 0.0000 0.0000 -0.0006 0.0003 0.0000 -0.0001 0.0001 0.0000 0.0000 0.0000 0.0000 0.0000 0.0000 0.0000 0.0007 0.0001 0.0000 -0.0012 0.0001 0.0000 -0.0008 0.0003 0.0000 0.0001 0.0000 0.0000 0.0000 0.0000 0.0000 -0.0008 0.0000 0.0000 0.0002 -29.9996 -0.0001 -0.0003 29.9996 0.0000 0.0000 0.0000 4.8640 5.2596 172.1979 0.0000 0.0001 0.0828 -12.1259 67.9116 -1.2301 0.0000 25.0329 0.0000 -0.8928 -5.7589 172.0876 -0.2269 -15.3184 -0.0523 13.8196 67.5050 22.8505 0.0000 25.0655 -0.0001 
-5.4983 93.3091 6.7708 -9.4021 -1.9357 4.9691 -1.2861 3.9515 -0.7841 -1.2879 3.9569 -0.7852 -1.2901 3.9634 -0.7866 34.6325 56.4566 -62.7800 15.4451 34.0080 101.0632 -8.4245 -6.8047 59.5270 -0.9625 2.3059 -5.4558 0.0000 0.0000 0.0001 0.0000 0.0000 0.0000 0.0000 -0.0013 -0.0008 0.0000 -0.0004 0.0001 0.0000 0.0000 0.0000 0.0000 0.0000 0.0000 0.0000 0.0002 0.0000 0.0000 -0.0007 0.0003 0.0000 0.0004 -0.0006 0.0000 0.0000 0.0001 0.0000 0.0000 0.0000 0.0000 -0.0010 -0.0002 0.0000 0.0002 30.0001 -0.0001 0.0005 -29.9998 0.0000 0.0000 0.0000 -10.8107 -0.2540 9.8584 -10.8107 -0.2540 9.8584 -75.3924 64.5385 21.3960 23.9300 32.8547 -41.9174 2.9862 -11.0801 -10.4245 0.6329 8.3938 4.9075 0.0000 -0.0001 0.0001 0.0000 0.0000 0.0000 0.0000 -0.0006 0.0003 0.0000 -0.0001 0.0001 0.0000 0.0000 0.0000 0.0000 0.0000 0.0000 0.0000 0.0007 0.0001 0.0000 -0.0012 0.0001 0.0000 -0.0008 0.0003 0.0000 0.0002 0.0000 0.0000 0.0000 0.0000 0.0000 -0.0009 0.0000 0.0000 0.0002 -29.9996 -0.0001 -0.0003 29.9996 0.0000 0.0000 0.0000 4.4971 5.2014 172.2851 -0.0005 -0.0163 0.0828 -12.2419 67.8724 -1.5203 0.0000 25.0336 0.0000 -1.2362 -5.4865 172.2570 -0.2027 -14.8574 -0.0564 13.7612 67.3594 22.5830 0.0000 24.9369 -0.0001 
-5.5691 93.3475 6.7446 -8.8923 -1.9687 4.9068 -1.2803 3.8807 -0.8060 -1.2820 3.8859 -0.8071 -1.2842 3.8924 -0.8086 34.5139 56.5090 -63.0914 15.1245 34.3343 100.6265 -8.7117 -5.7435 60.2998 -0.9912 2.2235 -5.5685 0.0000 0.0000 0.0001 0.0000 0.0000 0.0000 0.0000 -0.0013 -0.0008 0.0000 -0.0004 0.0001 0.0000 0.0000 0.0000 0.0000 0.0000 0.0000 0.0000 0.0002 0.0000 0.0000 -0.0006 0.0003 0.0000 0.0004 -0.0006 0.0000 0.0000 0.0001 0.0000 0.0000 0.0000 0.0000 -0.0010 -0.0002 0.0000 0.0002 30.0001 -0.0001 0.0005 -29.9998 0.0000 0.0000 0.0000 -11.0567 -0.0984 9.9312 -11.0567 -0.0984 9.9312 -75.4470 64.5558 21.5419 23.7500 32.5212 -41.4072 3.3446 -11.0248 -10.4420 0.6444 8.4473 4.8615 0.0000 -0.0001 0.0001 0.0000 0.0000 0.0000 0.0000 -0.0006 0.0003 0.0000 -0.0001 0.0001 0.0000 0.0000 0.0000 0.0000 0.0000 0.0000 0.0000 0.0007 0.0001 0.0000 -0.0011 0.0001 0.0000 -0.0008 0.0003 0.0000 0.0001 0.0000 0.0000 0.0000 0.0000 0.0000 -0.0008 0.0000 0.0000 0.0002 -29.9996 -0.0001 -0.0003 29.9996 0.0000 0.0000 0.0000 4.1833 5.1608 172.3966 0.0000 0.0001 0.0828 -12.3552 67.8178 -1.8452 0.0000 25.0343 0.0000 -1.4279 -5.1663 172.4538 -0.1722 -14.3667 -0.0611 13.8854 67.2067 22.3615 0.0000 24.9366 -0.0001 
-5.6473 93.3865 6.7223 -8.4025 -1.9938 4.8333 -1.2702 3.8068 -0.8268 -1.2718 3.8117 -0.8279 -1.2741 3.8183 -0.8294 34.4098 56.5787 -63.3834 14.8715 34.8672 100.2490 -8.5864 -4.8465 61.0423 -1.0226 2.1600 -5.6636 0.0000 0.0000 0.0001 0.0000 0.0000 0.0000 0.0000 -0.0013 -0.0008 0.0000 -0.0004 0.0001 0.0000 0.0000 0.0000 0.0000 0.0000 0.0000 0.0000 0.0003 0.0000 0.0000 -0.0006 0.0003 0.0000 0.0004 -0.0006 0.0000 0.0000 0.0001 0.0000 0.0000 0.0000 0.0000 -0.0010 -0.0002 0.0000 0.0003 30.0001 -0.0001 0.0005 -29.9998 0.0000 0.0000 0.0000 -11.3068 0.0674 9.9937 -11.3068 0.0674 9.9937 -75.5351 64.5702 21.6947 23.5415 32.2174 -40.9649 3.7212 -10.9467 -10.4656 0.6566 8.4973 4.8192 0.0000 -0.0001 0.0001 0.0000 0.0000 0.0000 0.0000 -0.0006 0.0003 0.0000 -0.0001 0.0001 0.0000 0.0000 0.0000 0.0000 0.0000 0.0000 0.0000 0.0007 0.0001 0.0000 -0.0011 0.0001 0.0000 -0.0008 0.0003 0.0000 0.0001 0.0000 0.0000 0.0000 0.0000 0.0000 -0.0008 0.0000 0.0000 0.0002 -29.9996 -0.0001 -0.0003 29.9996 0.0000 0.0000 0.0000 3.9281 5.1147 172.5287 0.0000 0.0001 0.0828 -12.4773 67.7771 -2.2172 0.0000 25.0352 0.0000 -1.6444 -4.8397 172.6516 -0.1471 -13.8531 -0.0649 13.9825 67.0453 22.1518 0.0000 24.9361 -0.0001 
-5.7261 93.4203 6.7039 -7.9490 -2.0135 4.7496 -1.2530 3.7310 -0.8475 -1.2546 3.7357 -0.8486 -1.2569 3.7423 -0.8501 34.3513 56.6792 -63.6221 14.7665 35.6107 99.9473 -7.8486 -4.5707 61.8943 -1.0586 2.1624 -5.7286 0.0000 0.0000 0.0001 0.0000 0.0000 0.0000 0.0000 -0.0013 -0.0008 0.0000 -0.0004 0.0001 0.0000 0.0000 0.0000 0.0000 0.0000 0.0000 0.0000 0.0003 0.0000 0.0000 -0.0006 0.0003 0.0000 0.0004 -0.0006 0.0000 0.0000 0.0001 0.0000 0.0000 0.0000 0.0000 -0.0010 -0.0002 0.0000 0.0002 30.0001 -0.0001 0.0005 -29.9998 0.0000 0.0000 0.0000 -11.5583 0.2441 10.0434 -11.5584 0.2441 10.0434 -75.6590 64.5831 21.8639 23.3455 31.9975 -40.5953 4.0269 -10.8589 -10.4991 0.6696 8.5448 4.7776 0.0000 -0.0001 0.0001 0.0000 0.0000 0.0000 0.0000 -0.0006 0.0003 0.0000 -0.0001 0.0001 0.0000 0.0000 0.0000 0.0000 0.0000 0.0000 0.0000 0.0007 0.0001 0.0000 -0.0011 0.0001 0.0000 -0.0008 0.0003 0.0000 0.0001 0.0000 0.0000 0.0000 0.0000 0.0000 -0.0009 0.0000 0.0000 0.0002 -29.9996 -0.0001 -0.0003 29.9996 0.0000 0.0000 0.0000 3.7438 5.0773 172.6756 0.0000 0.0001 0.0828 -12.5864 67.7456 -2.6116 0.0000 25.0361 0.0000 -1.8890 -4.5185 172.8245 -0.1332 -13.3050 -0.0672 14.0703 66.8460 21.9919 0.0000 24.9356 -0.0001 
-5.7995 93.4489 6.6856 -7.5222 -2.0375 4.6671 -1.2331 3.6569 -0.8717 -1.2346 3.6613 -0.8727 -1.2369 3.6679 -0.8744 34.3372 56.8044 -63.7731 14.8109 36.4195 99.6504 -6.7021 -5.0629 62.9561 -1.0978 2.2416 -5.7669 0.0000 0.0000 0.0001 0.0000 0.0000 0.0000 0.0000 -0.0013 -0.0008 0.0000 -0.0004 0.0001 0.0000 0.0000 0.0000 0.0000 0.0000 0.0000 0.0000 0.0002 0.0000 0.0000 -0.0006 0.0003 0.0000 0.0004 -0.0006 0.0000 0.0000 0.0001 0.0000 0.0000 0.0000 0.0000 -0.0010 -0.0002 0.0000 0.0002 30.0001 -0.0001 0.0005 -29.9998 0.0000 0.0000 0.0000 -11.8049 0.4296 10.0856 -11.8049 0.4296 10.0856 -75.8013 64.5963 22.0336 23.1793 31.8187 -40.2569 4.3314 -10.7618 -10.5320 0.6820 8.5867 4.7439 0.0000 -0.0001 0.0001 0.0000 0.0000 0.0000 0.0000 -0.0006 0.0003 0.0000 -0.0001 0.0001 0.0000 0.0000 0.0000 0.0000 0.0000 0.0000 0.0000 0.0007 0.0001 0.0000 -0.0011 0.0001 0.0000 -0.0008 0.0003 0.0000 0.0001 0.0000 0.0000 0.0000 0.0000 0.0000 -0.0009 0.0000 0.0000 0.0002 -29.9997 -0.0001 -0.0003 29.9996 0.0000 0.0000 0.0000 3.5939 5.0510 172.8185 0.0000 0.0001 0.0828 -12.6631 67.7187 -2.9777 0.0000 25.0370 0.0000 -2.1726 -4.2104 172.9732 -0.1250 -12.7571 -0.0688 14.1195 66.6302 21.8570 0.0000 24.9351 -0.0001 
-5.8656 93.4756 6.6625 -7.1172 -2.0706 4.5937 -1.2110 3.5862 -0.9019 -1.2125 3.5904 -0.9030 -1.2148 3.5970 -0.9048 34.3517 56.9450 -63.8778 15.0387 37.2415 99.3900 -5.3093 -6.2848 64.2233 -1.1378 2.3896 -5.7828 0.0000 0.0000 0.0001 0.0000 0.0000 0.0000 0.0000 -0.0013 -0.0008 0.0000 -0.0004 0.0001 0.0000 0.0000 0.0000 0.0000 0.0000 0.0000 0.0000 0.0002 0.0000 0.0000 -0.0006 0.0003 0.0000 0.0004 -0.0006 0.0000 0.0000 0.0001 0.0000 0.0000 0.0000 0.0000 -0.0010 -0.0002 0.0000 0.0003 30.0001 -0.0001 0.0005 -29.9998 0.0000 0.0000 0.0000 -12.0456 0.6238 10.1247 -12.0455 0.6238 10.1247 -75.9652 64.6122 22.1928 23.0339 31.6577 -39.9424 4.6725 -10.6579 -10.5633 0.6936 8.6227 4.7198 0.0000 -0.0001 0.0001 0.0000 0.0000 0.0000 0.0000 -0.0006 0.0003 0.0000 -0.0001 0.0001 0.0000 0.0000 0.0000 0.0000 0.0000 0.0000 0.0000 0.0007 0.0001 0.0000 -0.0012 0.0001 0.0000 -0.0008 0.0003 0.0000 0.0001 0.0000 0.0000 0.0000 0.0000 0.0000 -0.0008 0.0000 0.0000 0.0002 -29.9996 -0.0001 -0.0003 29.9996 0.0000 0.0000 0.0000 3.4565 5.0334 172.9470 0.0000 0.0000 0.0828 -12.7059 67.6930 -3.2961 0.0000 25.3510 0.0000 -2.4892 -3.9160 173.1020 -0.1189 -12.2286 -0.0700 14.1227 66.4139 21.7301 0.0000 24.9344 -0.0001 
-5.9169 93.5003 6.6275 -6.7431 -2.1219 4.5389 -1.1843 3.5232 -0.9433 -1.1857 3.5272 -0.9444 -1.1880 3.5338 -0.9463 34.3898 57.0946 -63.9101 15.6175 38.0465 99.2060 -3.8147 -8.4287 65.7381 -1.1707 2.6119 -5.7703 0.0000 0.0000 0.0001 0.0000 0.0000 0.0000 0.0000 -0.0013 -0.0008 0.0000 -0.0004 0.0001 0.0000 0.0000 0.0000 0.0000 0.0000 0.0000 0.0000 0.0002 0.0000 0.0000 -0.0006 0.0003 0.0000 0.0004 -0.0006 0.0000 0.0000 0.0001 0.0000 0.0000 0.0000 0.0000 -0.0010 -0.0002 0.0000 0.0002 30.0001 -0.0001 0.0005 -29.9998 0.0000 0.0000 0.0000 -12.2777 0.8320 10.1667 -12.2777 0.8320 10.1666 -76.1929 64.6516 22.2984 22.9411 31.5026 -39.6582 5.0490 -10.5396 -10.5880 0.7042 8.6518 4.7066 0.0000 -0.0001 0.0001 0.0000 0.0000 0.0000 0.0000 -0.0006 0.0003 0.0000 -0.0001 0.0001 0.0000 0.0000 0.0000 0.0000 0.0000 0.0000 0.0000 0.0007 0.0001 0.0000 -0.0012 0.0001 0.0000 -0.0008 0.0003 0.0000 0.0001 0.0000 0.0000 0.0000 0.0000 0.0000 -0.0008 0.0000 0.0000 0.0002 -29.9996 -0.0001 -0.0003 29.9996 0.0000 0.0000 0.0000 3.2984 5.0238 173.0426 0.0000 0.0000 0.0828 -12.7109 67.6657 -3.5175 0.0000 25.3510 0.0000 -2.8218 -3.6541 173.2005 -0.1143 -11.7560 -0.0710 14.0871 66.2038 21.6128 0.0000 24.9338 -0.0001 
-5.9561 93.5228 6.5894 -6.3951 -2.1935 4.4980 -1.1505 3.4685 -0.9940 -1.1518 3.4723 -0.9951 -1.1541 3.4790 -0.9971 34.4107 57.2478 -63.8847 16.5131 38.7764 99.1346 -2.5683 -10.8553 67.3098 -1.1886 2.8374 -5.7430 0.0000 0.0000 0.0001 0.0000 0.0000 0.0000 0.0000 -0.0013 -0.0008 0.0000 -0.0004 0.0001 0.0000 0.0000 0.0000 0.0000 0.0000 0.0000 0.0000 0.0003 0.0000 0.0000 -0.0007 0.0003 0.0000 0.0004 -0.0006 0.0000 0.0000 0.0001 0.0000 0.0000 0.0000 0.0000 -0.0010 -0.0002 0.0000 0.0002 30.0001 -0.0002 0.0005 -29.9998 0.0000 0.0000 0.0000 -12.5045 1.0546 10.2147 -12.5045 1.0546 10.2146 -76.4866 64.7106 22.3339 22.9090 31.3624 -39.3716 5.4330 -10.4379 -10.6053 0.7130 8.6772 4.7000 0.0000 -0.0001 0.0001 0.0000 0.0000 0.0000 0.0000 -0.0006 0.0003 0.0000 -0.0001 0.0001 0.0000 0.0000 0.0000 0.0000 0.0000 0.0000 0.0000 0.0007 0.0001 0.0000 -0.0012 0.0001 0.0000 -0.0008 0.0003 0.0000 0.0001 0.0000 0.0000 0.0000 0.0000 0.0000 -0.0009 0.0000 0.0000 0.0002 -29.9996 -0.0001 -0.0003 29.9996 0.0000 0.0000 0.0000 3.1004 5.0032 173.1104 -0.0012 -0.0485 0.0828 -12.7228 67.6601 -3.6749 0.0000 25.3511 0.0000 -3.1529 -3.4201 173.2671 -0.1129 -11.3425 -0.0715 14.0642 65.9983 21.5368 0.0000 24.9331 -0.0001 
-5.9879 93.5412 6.5531 -6.0761 -2.2758 4.4654 -1.1027 3.4183 -1.0537 -1.1039 3.4220 -1.0549 -1.1061 3.4286 -1.0570 34.3804 57.4116 -63.8116 17.6984 39.4715 99.1633 -1.5970 -13.1798 68.9304 -1.1922 3.0295 -5.7126 0.0000 0.0000 0.0001 0.0000 0.0000 0.0000 0.0000 -0.0013 -0.0008 0.0000 -0.0004 0.0001 0.0000 0.0000 0.0000 0.0000 0.0000 0.0000 0.0000 0.0002 0.0000 0.0000 -0.0006 0.0003 0.0000 0.0004 -0.0006 0.0000 0.0000 0.0001 0.0000 0.0000 0.0000 0.0000 -0.0010 -0.0002 0.0000 0.0002 30.0001 -0.0001 0.0005 -29.9998 0.0000 0.0000 0.0000 -12.7341 1.2920 10.2705 -12.7341 1.2920 10.2705 -76.8497 64.7887 22.3085 22.9175 31.2463 -39.0732 5.7950 -10.3547 -10.6248 0.7213 8.7027 4.6938 0.0000 0.0000 0.0001 0.0000 0.0000 0.0000 0.0000 -0.0006 0.0003 0.0000 -0.0001 0.0001 0.0000 0.0000 0.0000 0.0000 0.0000 0.0000 0.0000 0.0007 0.0001 0.0000 -0.0012 0.0001 0.0000 -0.0008 0.0003 0.0000 0.0002 0.0000 0.0000 0.0000 0.0000 0.0000 -0.0009 0.0000 0.0000 0.0002 -29.9996 -0.0001 -0.0003 29.9996 0.0000 0.0000 0.0000 2.8781 5.0340 173.1607 -0.0004 -0.0163 0.0828 -12.7123 67.6181 -3.7548 0.0000 25.3511 0.0000 -3.4775 -3.2082 173.3130 -0.1130 -10.9750 -0.0719 14.0470 65.7995 21.4927 0.0000 24.9323 -0.0001 
-6.0187 93.5549 6.5231 -5.8085 -2.3648 4.4376 -1.0315 3.3745 -1.1244 -1.0326 3.3781 -1.1256 -1.0347 3.3847 -1.1279 34.2029 57.5853 -63.7366 19.3479 40.2644 99.2943 -0.8998 -14.8414 70.6562 -1.1778 3.1267 -5.7011 0.0000 0.0000 0.0001 0.0000 0.0000 0.0000 0.0000 -0.0013 -0.0008 0.0000 -0.0004 0.0001 0.0000 0.0000 0.0000 0.0000 0.0000 0.0000 0.0000 0.0002 0.0000 0.0000 -0.0006 0.0003 0.0000 0.0004 -0.0006 0.0000 0.0000 0.0001 0.0000 0.0000 0.0000 0.0000 -0.0010 -0.0002 0.0000 0.0002 30.0001 -0.0001 0.0005 -29.9998 0.0000 0.0000 0.0000 -12.9683 1.5443 10.3373 -12.9683 1.5443 10.3373 -77.2870 64.9004 22.2141 22.9619 31.1397 -38.7533 6.1398 -10.2697 -10.6490 0.7300 8.7287 4.6874 0.0000 -0.0001 0.0001 0.0000 0.0000 0.0000 0.0000 -0.0006 0.0003 0.0000 -0.0001 0.0001 0.0000 0.0000 0.0000 0.0000 0.0000 0.0000 0.0000 0.0007 0.0001 0.0000 -0.0012 0.0001 0.0000 -0.0008 0.0003 0.0000 0.0001 0.0000 0.0000 0.0000 0.0000 0.0000 -0.0009 0.0000 0.0000 0.0002 -29.9996 -0.0001 -0.0003 29.9996 0.0000 0.0000 0.0000 2.6604 5.0720 173.2026 0.0000 0.0001 0.0828 -12.7156 67.5951 -3.8005 0.0000 25.3511 0.0000 -3.7808 -3.0229 173.3417 -0.1142 -10.6725 -0.0721 14.0302 65.6253 21.4825 0.0000 24.9314 -0.0001 
-6.0524 93.5645 6.4904 -5.5792 -2.4591 4.4118 -0.9466 3.3383 -1.2027 -0.9476 3.3418 -1.2040 -0.9495 3.3483 -1.2064 33.9254 57.7704 -63.6552 21.2306 41.1795 99.4272 -0.3507 -15.6662 72.4257 -1.1560 3.1310 -5.7160 0.0000 0.0000 0.0001 0.0000 0.0000 0.0000 0.0000 -0.0013 -0.0008 0.0000 -0.0004 0.0001 0.0000 0.0000 0.0000 0.0000 0.0000 0.0000 0.0000 0.0003 0.0000 0.0000 -0.0007 0.0003 0.0000 0.0004 -0.0006 0.0000 0.0000 0.0001 0.0000 0.0000 0.0000 0.0000 -0.0010 -0.0002 0.0000 0.0002 30.0001 -0.0001 0.0005 -29.9998 0.0000 0.0000 0.0000 -13.2029 1.7998 10.4161 -13.2029 1.7998 10.4161 -77.7747 65.0306 22.0833 22.9966 31.0164 -38.4448 6.4906 -10.1887 -10.6657 0.7383 8.7568 4.6776 0.0000 -0.0001 0.0001 0.0000 0.0000 0.0000 0.0000 -0.0006 0.0003 0.0000 -0.0001 0.0001 0.0000 0.0000 0.0000 0.0000 0.0000 0.0000 0.0000 0.0007 0.0001 0.0000 -0.0012 0.0001 0.0000 -0.0008 0.0003 0.0000 0.0001 0.0000 0.0000 0.0000 0.0000 0.0000 -0.0009 0.0000 0.0000 0.0002 -29.9996 -0.0001 -0.0003 29.9996 0.0000 0.0000 0.0000 2.4548 5.1097 173.2436 0.0000 0.0000 0.0828 -12.7411 67.5820 -3.8450 0.0000 25.3511 0.0000 -4.0555 -2.8586 173.3613 -0.1160 -10.4290 -0.0722 14.0121 65.4788 21.4826 0.0000 24.9306 -0.0001 
-6.0837 93.5696 6.4486 -5.3758 -2.5618 4.3866 -0.8579 3.3107 -1.2843 -0.8588 3.3141 -1.2856 -0.8606 3.3207 -1.2883 33.5793 57.9715 -63.5726 23.1800 42.1468 99.4836 0.1494 -15.7785 74.2016 -1.1360 3.0684 -5.7487 0.0000 0.0000 0.0001 0.0000 0.0000 0.0000 0.0000 -0.0013 -0.0008 0.0000 -0.0004 0.0001 0.0000 0.0000 0.0000 0.0000 0.0000 0.0000 0.0000 0.0002 0.0000 0.0000 -0.0006 0.0003 0.0000 0.0004 -0.0006 0.0000 0.0000 0.0001 0.0000 0.0000 0.0000 0.0000 -0.0010 -0.0002 0.0000 0.0002 30.0001 -0.0001 0.0005 -29.9998 0.0000 0.0000 0.0000 -13.4305 2.0487 10.5021 -13.4305 2.0487 10.5021 -78.2960 65.1632 21.9212 23.0088 30.8794 -38.1597 6.8150 -10.1205 -10.6656 0.7454 8.7891 4.6595 0.0000 -0.0001 0.0001 0.0000 0.0000 0.0000 0.0000 -0.0006 0.0003 0.0000 -0.0001 0.0001 0.0000 0.0000 0.0000 0.0000 0.0000 0.0000 0.0000 0.0007 0.0001 0.0000 -0.0011 0.0001 0.0000 -0.0008 0.0003 0.0000 0.0001 0.0000 0.0000 0.0000 0.0000 0.0000 -0.0009 0.0000 0.0000 0.0002 -29.9996 -0.0001 -0.0003 29.9996 0.0000 0.0000 0.0000 2.2621 5.1529 173.2830 0.0000 0.0001 0.0828 -12.7705 67.5624 -3.8820 0.0000 25.3510 0.0000 -4.3051 -2.7108 173.3791 -0.1176 -10.2454 -0.0722 13.9871 65.3650 21.4763 0.0000 24.9300 -0.0001 
-6.1023 93.5718 6.3918 -5.2117 -2.6741 4.3606 -0.7718 3.2950 -1.3655 -0.7726 3.2984 -1.3669 -0.7742 3.3049 -1.3697 33.2103 58.1893 -63.4636 24.9522 43.0692 99.2624 0.6899 -15.1338 75.9814 -1.1370 2.9559 -5.7867 0.0000 0.0000 0.0001 0.0000 0.0000 0.0000 0.0000 -0.0013 -0.0008 0.0000 -0.0004 0.0001 0.0000 0.0000 0.0000 0.0000 0.0000 0.0000 0.0000 0.0002 0.0000 0.0000 -0.0006 0.0003 0.0000 0.0004 -0.0006 0.0000 0.0000 0.0001 0.0000 0.0000 0.0000 0.0000 -0.0010 -0.0002 0.0000 0.0002 30.0001 -0.0001 0.0005 -29.9998 0.0000 0.0000 0.0000 -13.6416 2.2847 10.5936 -13.6416 2.2847 10.5936 -78.8327 65.2801 21.7196 22.9993 30.7454 -37.8987 7.0547 -10.0739 -10.6527 0.7516 8.8269 4.6277 0.0000 -0.0001 0.0001 0.0000 0.0000 0.0000 0.0000 -0.0006 0.0003 0.0000 -0.0001 0.0001 0.0000 0.0000 0.0000 0.0000 0.0000 0.0000 0.0000 0.0007 0.0001 0.0000 -0.0012 0.0001 0.0000 -0.0008 0.0003 0.0000 0.0001 0.0000 0.0000 0.0000 0.0000 0.0000 -0.0009 0.0000 0.0000 0.0002 -29.9996 -0.0001 -0.0003 29.9996 0.0000 0.0000 0.0000 2.1098 5.2010 173.3178 0.0000 0.0001 0.0828 -12.7720 67.5242 -3.8920 0.0000 25.3510 0.0000 -4.5057 -2.5971 173.3976 -0.1191 -10.1557 -0.0722 13.9578 65.3004 21.4564 0.0000 24.9298 -0.0001 
-6.1058 93.5709 6.3296 -5.0625 -2.7986 4.3501 -0.7032 3.2910 -1.4462 -0.7039 3.2944 -1.4477 -0.7054 3.3009 -1.4506 32.8930 58.4049 -63.3391 26.5337 43.8916 98.7841 1.2853 -14.3044 77.7213 -1.1605 2.8532 -5.8122 0.0000 0.0000 0.0001 0.0000 0.0000 0.0000 0.0000 -0.0013 -0.0008 0.0000 -0.0004 0.0001 0.0000 0.0000 0.0000 0.0000 0.0000 0.0000 0.0000 0.0002 0.0000 0.0000 -0.0006 0.0003 0.0000 0.0004 -0.0006 0.0000 0.0000 0.0001 0.0000 0.0000 0.0000 0.0000 -0.0010 -0.0002 0.0000 0.0002 30.0001 -0.0001 0.0005 -29.9998 0.0000 0.0000 0.0000 -13.8297 2.5018 10.6828 -13.8298 2.5018 10.6828 -79.3539 65.3836 21.4829 22.9759 30.6535 -37.6774 7.2641 -10.0260 -10.6353 0.7512 8.8179 4.6030 0.0000 -0.0001 0.0001 0.0000 0.0000 0.0000 0.0000 -0.0006 0.0003 0.0000 -0.0001 0.0001 0.0000 0.0000 0.0000 0.0000 0.0000 0.0000 0.0000 0.0007 0.0001 0.0000 -0.0012 0.0001 0.0000 -0.0008 0.0003 0.0000 0.0001 0.0000 0.0000 0.0000 0.0000 0.0000 -0.0009 0.0000 0.0000 0.0002 -29.9996 -0.0001 -0.0003 29.9996 0.0000 0.0000 0.0000 1.9698 5.2584 173.3288 0.0000 0.0000 0.0828 -12.7357 67.4635 -3.8629 0.0000 25.3510 0.0000 -4.6848 -2.4874 173.3995 -0.1191 -10.1042 -0.0722 13.9142 65.2614 21.4173 0.0000 24.9299 -0.0001 
-6.0934 93.5688 6.2664 -4.9158 -2.9385 4.3621 -0.6516 3.2950 -1.5300 -0.6523 3.2985 -1.5316 -0.6537 3.3050 -1.5346 32.6677 58.6259 -63.1831 27.8636 44.5715 98.1281 1.8953 -13.5141 79.3203 -1.2011 2.7776 -5.8213 0.0000 0.0000 0.0001 0.0000 0.0000 0.0000 0.0000 -0.0013 -0.0008 0.0000 -0.0004 0.0001 0.0000 0.0000 0.0000 0.0000 0.0000 0.0000 0.0000 0.0002 0.0000 0.0000 -0.0006 0.0003 0.0000 0.0004 -0.0006 0.0000 0.0000 0.0001 0.0000 0.0000 0.0000 0.0000 -0.0010 -0.0002 0.0000 0.0002 30.0001 -0.0002 0.0005 -29.9998 0.0000 0.0000 0.0000 -14.0012 2.7056 10.7674 -14.0012 2.7056 10.7674 -79.8654 65.4805 21.2192 22.9684 30.5815 -37.4741 7.4628 -9.9787 -10.6174 0.7503 8.8058 4.5842 0.0000 -0.0001 0.0001 0.0000 0.0000 0.0000 0.0000 -0.0006 0.0003 0.0000 -0.0001 0.0001 0.0000 0.0000 0.0000 0.0000 0.0000 0.0000 0.0000 0.0007 0.0001 0.0000 -0.0012 0.0001 0.0000 -0.0008 0.0003 0.0000 0.0001 0.0000 0.0000 0.0000 0.0000 0.0000 -0.0008 0.0000 0.0000 0.0002 -29.9996 -0.0001 -0.0003 29.9996 0.0000 0.0000 0.0000 1.8365 5.3052 173.3080 -0.0011 -0.0487 0.0828 -12.6674 67.4050 -3.8068 0.0000 25.3510 0.0000 -4.8615 -2.3903 173.3672 -0.1195 -10.1001 -0.0722 13.8753 65.2444 21.3894 0.0000 24.9302 -0.0001 
-6.0543 93.5616 6.2051 -4.7729 -3.0993 4.4093 -0.6147 3.3080 -1.6204 -0.6154 3.3116 -1.6221 -0.6166 3.3180 -1.6253 32.6224 58.8581 -62.9418 28.8629 45.1562 97.3122 2.5858 -12.9289 80.7075 -1.2620 2.7487 -5.8043 0.0000 0.0000 0.0001 0.0000 0.0000 0.0000 0.0000 -0.0013 -0.0008 0.0000 -0.0004 0.0001 0.0000 0.0000 0.0000 0.0000 0.0000 0.0000 0.0000 0.0002 -0.0001 0.0000 -0.0006 0.0003 0.0000 0.0004 -0.0006 0.0000 0.0000 0.0001 0.0000 0.0000 0.0000 0.0000 -0.0010 -0.0002 0.0000 0.0002 30.0001 -0.0001 0.0005 -29.9998 0.0000 0.0000 0.0000 -14.1615 2.8904 10.8402 -14.1615 2.8904 10.8402 -80.3814 65.5815 20.9277 22.9947 30.5659 -37.2979 7.6342 -9.9462 -10.5953 0.7483 8.7926 4.5739 0.0000 -0.0001 0.0001 0.0000 0.0000 0.0000 0.0000 -0.0006 0.0003 0.0000 -0.0001 0.0001 0.0000 0.0000 0.0000 0.0000 0.0000 0.0000 0.0000 0.0007 0.0001 0.0000 -0.0011 0.0001 0.0000 -0.0008 0.0003 0.0000 0.0002 0.0000 0.0000 0.0000 0.0000 0.0000 -0.0009 0.0000 0.0000 0.0002 -29.9996 -0.0001 -0.0003 29.9996 0.0000 0.0000 0.0000 1.6943 5.4202 173.2333 0.0000 0.0000 0.0828 -12.5156 67.2762 -3.6547 0.0000 25.3510 0.0000 -5.0506 -2.3261 173.2776 -0.1219 -10.1896 -0.0719 13.8445 65.2696 21.3976 0.0000 24.9307 -0.0001 
-5.9924 93.5532 6.1508 -4.6485 -3.2695 4.4773 -0.5746 3.3261 -1.7143 -0.5752 3.3298 -1.7162 -0.5764 3.3361 -1.7195 32.6917 59.0972 -62.6514 29.7633 45.8240 96.4935 3.5333 -12.4536 81.9337 -1.3347 2.7445 -5.7652 0.0000 0.0000 0.0001 0.0000 0.0000 0.0000 0.0000 -0.0013 -0.0008 0.0000 -0.0004 0.0001 0.0000 0.0000 0.0000 0.0000 0.0000 0.0000 0.0000 0.0002 0.0000 0.0000 -0.0006 0.0003 0.0000 0.0004 -0.0006 0.0000 0.0000 0.0001 0.0000 0.0000 0.0000 0.0000 -0.0010 -0.0002 0.0000 0.0002 30.0001 -0.0001 0.0005 -29.9998 0.0000 0.0000 0.0000 -14.3226 3.0606 10.9010 -14.3226 3.0606 10.9010 -80.8853 65.6905 20.6480 23.0508 30.5965 -37.1243 7.7652 -9.9205 -10.5848 0.7467 8.7783 4.5681 0.0000 -0.0001 0.0001 0.0000 0.0000 0.0000 0.0000 -0.0006 0.0003 0.0000 -0.0001 0.0001 0.0000 0.0000 0.0000 0.0000 0.0000 0.0000 0.0000 0.0007 0.0001 0.0000 -0.0011 0.0001 0.0000 -0.0008 0.0003 0.0000 0.0001 0.0000 0.0000 0.0000 0.0000 0.0000 -0.0009 0.0000 0.0000 0.0002 -29.9996 -0.0001 -0.0003 29.9996 0.0000 0.0000 0.0000 1.5491 5.5231 173.1206 0.0000 0.0000 0.0828 -12.3441 67.1633 -3.4577 0.0000 25.3510 0.0000 -5.2398 -2.3133 173.1484 -0.1275 -10.3935 -0.0712 13.8287 65.3469 21.4497 0.0000 24.9314 -0.0001 
-5.9180 93.5450 6.1082 -4.5421 -3.4473 4.5614 -0.5277 3.3485 -1.8114 -0.5283 3.3523 -1.8134 -0.5294 3.3586 -1.8168 32.8476 59.3470 -62.3049 30.6441 46.5992 95.7021 4.6494 -12.0824 83.0607 -1.4106 2.7545 -5.7158 0.0000 0.0000 0.0001 0.0000 0.0000 0.0000 0.0000 -0.0013 -0.0008 0.0000 -0.0004 0.0001 0.0000 0.0000 0.0000 0.0000 0.0000 0.0000 0.0000 0.0002 0.0000 0.0000 -0.0006 0.0003 0.0000 0.0004 -0.0006 0.0000 0.0000 0.0001 0.0000 0.0000 0.0000 0.0000 -0.0010 -0.0002 0.0000 0.0002 30.0001 -0.0001 0.0005 -29.9998 0.0000 0.0000 0.0000 -14.4871 3.2165 10.9553 -14.4871 3.2165 10.9553 -81.3816 65.8068 20.3831 23.1193 30.6487 -36.9529 7.8838 -9.9001 -10.5788 0.7450 8.7622 4.5654 0.0000 -0.0001 0.0001 0.0000 0.0000 0.0000 0.0000 -0.0006 0.0003 0.0000 -0.0001 0.0001 0.0000 0.0000 0.0000 0.0000 0.0000 0.0000 0.0000 0.0007 0.0001 0.0000 -0.0012 0.0001 0.0000 -0.0008 0.0003 0.0000 0.0001 0.0000 0.0000 0.0000 0.0000 0.0000 -0.0009 0.0000 0.0000 0.0002 -29.9996 -0.0001 -0.0003 29.9996 0.0000 0.0000 0.0000 1.3964 5.6400 172.9808 0.0000 0.0001 0.0828 -12.1640 67.0484 -3.2254 0.0000 25.0386 0.0000 -5.4249 -2.3239 172.9921 -0.1348 -10.6619 -0.0702 13.8209 65.4552 21.5307 0.0000 24.9320 -0.0001 
-5.8381 93.5370 6.0837 -4.4722 -3.6327 4.6543 -0.4648 3.3761 -1.9110 -0.4654 3.3801 -1.9132 -0.4664 3.3863 -1.9168 33.0985 59.6518 -61.8393 31.3956 47.5261 94.8337 5.9933 -11.5571 84.0431 -1.4925 2.7563 -5.6554 0.0000 0.0000 0.0001 0.0000 0.0000 0.0000 0.0000 -0.0013 -0.0008 0.0000 -0.0004 0.0001 0.0000 0.0000 0.0000 0.0000 0.0000 0.0000 0.0000 0.0002 0.0000 0.0000 -0.0006 0.0003 0.0000 0.0004 -0.0006 0.0000 0.0000 0.0001 0.0000 0.0000 0.0000 0.0000 -0.0010 -0.0002 0.0000 0.0002 30.0001 -0.0001 0.0005 -29.9998 0.0000 0.0000 0.0000 -14.6557 3.3507 11.0074 -14.6557 3.3507 11.0074 -81.8802 65.9434 20.1372 23.1846 30.7180 -36.8059 7.9736 -9.8879 -10.5674 0.7426 8.7462 4.5617 0.0000 -0.0001 0.0001 0.0000 0.0000 0.0000 0.0000 -0.0006 0.0003 0.0000 -0.0001 0.0001 0.0000 0.0000 0.0000 0.0000 0.0000 0.0000 0.0000 0.0007 0.0001 0.0000 -0.0012 0.0001 0.0000 -0.0008 0.0003 0.0000 0.0001 0.0000 0.0000 0.0000 0.0000 0.0000 -0.0009 0.0000 0.0000 0.0002 -29.9996 -0.0001 -0.0003 29.9996 0.0000 0.0000 0.0000 1.2534 5.7468 172.8262 -0.0015 -0.0624 0.0828 -12.0108 66.9739 -2.9896 0.0000 25.0383 0.0000 -5.5824 -2.3288 172.8222 -0.1428 -10.9492 -0.0691 13.8148 65.5734 21.6262 0.0000 24.9326 -0.0001 
-5.7611 93.5289 6.0659 -4.4495 -3.8179 4.7327 -0.3879 3.4082 -2.0033 -0.3885 3.4124 -2.0057 -0.3893 3.4185 -2.0094 33.4142 59.9991 -61.2791 31.9213 48.5138 93.7919 7.4649 -10.7441 84.9754 -1.5842 2.7413 -5.5986 0.0000 0.0000 0.0001 0.0000 0.0000 0.0000 0.0000 -0.0013 -0.0008 0.0000 -0.0004 0.0001 0.0000 0.0000 0.0000 0.0000 0.0000 0.0000 0.0000 0.0003 -0.0001 0.0000 -0.0006 0.0003 0.0000 0.0004 -0.0006 0.0000 0.0000 0.0001 0.0000 0.0000 0.0000 0.0000 -0.0010 -0.0002 0.0000 0.0003 30.0001 -0.0001 0.0005 -29.9998 0.0000 0.0000 0.0000 -14.8182 3.4635 11.0601 -14.8182 3.4635 11.0601 -82.3670 66.0882 19.9143 23.2364 30.7862 -36.6947 8.0237 -9.8871 -10.5488 0.7397 8.7331 4.5530 0.0000 -0.0001 0.0001 0.0000 0.0000 0.0000 0.0000 -0.0006 0.0003 0.0000 -0.0001 0.0001 0.0000 0.0000 0.0000 0.0000 0.0000 0.0000 0.0000 0.0007 0.0001 0.0000 -0.0012 0.0001 0.0000 -0.0008 0.0003 0.0000 0.0001 0.0000 0.0000 0.0000 0.0000 0.0000 -0.0009 0.0000 0.0000 0.0002 -29.9996 -0.0001 -0.0003 29.9996 0.0000 0.0000 0.0000 1.1328 5.9253 172.6868 0.0000 0.0001 0.0828 -11.8589 66.8527 -2.7297 0.0000 25.0378 0.0000 -5.6766 -2.3106 172.6715 -0.1510 -11.2043 -0.0680 13.8230 65.6741 21.7161 0.0000 24.9331 -0.0001 
-5.6879 93.5182 6.0494 -4.4641 -4.0016 4.7888 -0.3042 3.4437 -2.0823 -0.3046 3.4480 -2.0849 -0.3053 3.4541 -2.0885 33.8020 60.3828 -60.6658 32.2401 49.4648 92.6225 9.0150 -9.6797 85.8371 -1.6861 2.7142 -5.5428 0.0000 0.0000 0.0001 0.0000 0.0000 0.0000 0.0000 -0.0013 -0.0008 0.0000 -0.0004 0.0001 0.0000 0.0000 0.0000 0.0000 0.0000 0.0000 0.0000 0.0003 -0.0001 0.0000 -0.0006 0.0003 0.0000 0.0004 -0.0006 0.0000 0.0000 0.0001 0.0000 0.0000 0.0000 0.0000 -0.0010 -0.0002 0.0000 0.0002 30.0001 -0.0001 0.0005 -29.9998 0.0000 0.0000 0.0000 -14.9708 3.5539 11.1117 -14.9708 3.5539 11.1117 -82.8322 66.2258 19.7205 23.2713 30.8571 -36.6165 8.0338 -9.8968 -10.5328 0.7369 8.7233 4.5388 0.0000 -0.0001 0.0001 0.0000 0.0000 0.0000 0.0000 -0.0006 0.0003 0.0000 -0.0001 0.0001 0.0000 0.0000 0.0000 0.0000 0.0000 0.0000 0.0000 0.0007 0.0001 0.0000 -0.0012 0.0001 0.0000 -0.0008 0.0003 0.0000 0.0001 0.0000 0.0000 0.0000 0.0000 0.0000 -0.0009 0.0000 0.0000 0.0002 -29.9996 -0.0001 -0.0003 29.9995 0.0000 0.0000 0.0000 1.0485 6.0430 172.5736 -0.0018 -0.0682 0.0828 -11.7596 66.8067 -2.5162 0.0000 25.0374 0.0000 -5.7054 -2.2684 172.5486 -0.1595 -11.4221 -0.0668 13.8618 65.7562 21.8037 0.0000 24.9337 -0.0001 
-5.6237 93.5037 6.0294 -4.5126 -4.1740 4.8110 -0.2209 3.4781 -2.1404 -0.2213 3.4826 -2.1431 -0.2218 3.4886 -2.1468 34.3141 60.8187 -59.9968 32.2842 50.1507 91.2943 10.3915 -8.4859 86.6556 -1.8002 2.6895 -5.4895 0.0000 0.0000 0.0001 0.0000 0.0000 0.0000 0.0000 -0.0013 -0.0008 0.0000 -0.0004 0.0001 0.0000 0.0000 0.0000 0.0000 0.0000 0.0000 0.0000 0.0002 0.0000 0.0000 -0.0006 0.0003 0.0000 0.0004 -0.0006 0.0000 0.0000 0.0001 0.0000 0.0000 0.0000 0.0000 -0.0010 -0.0002 0.0000 0.0002 30.0001 -0.0001 0.0005 -29.9998 0.0000 0.0000 0.0000 -15.1063 3.6147 11.1620 -15.1063 3.6147 11.1620 -83.2932 66.3507 19.5154 23.3022 30.9282 -36.5687 7.9955 -9.9267 -10.5220 0.7345 8.7190 4.5180 0.0000 -0.0001 0.0001 0.0000 0.0000 0.0000 0.0000 -0.0006 0.0003 0.0000 -0.0001 0.0001 0.0000 0.0000 0.0000 0.0000 0.0000 0.0000 0.0000 0.0007 0.0001 0.0000 -0.0012 0.0001 0.0000 -0.0008 0.0003 0.0000 0.0001 0.0000 0.0000 0.0000 0.0000 0.0000 -0.0009 0.0000 0.0000 0.0002 -29.9997 -0.0001 -0.0003 29.9995 0.0000 0.0000 0.0000 1.0020 6.2236 172.5017 0.0000 0.0001 0.0828 -11.6457 66.7084 -2.2891 0.0000 25.0370 0.0000 -5.6437 -2.1984 172.4721 -0.1668 -11.5835 -0.0658 13.9687 65.8143 21.9003 0.0000 24.9341 -0.0001 
-5.5623 93.4849 6.0043 -4.5649 -4.3285 4.8145 -0.1452 3.5063 -2.1883 -0.1455 3.5109 -2.1911 -0.1458 3.5169 -2.1949 34.9647 61.3010 -59.2542 32.0504 50.5183 89.8378 11.5482 -7.1752 87.3638 -1.9246 2.6683 -5.4336 0.0000 0.0000 0.0001 0.0000 0.0000 0.0000 0.0000 -0.0013 -0.0008 0.0000 -0.0004 0.0001 0.0000 0.0000 0.0000 0.0000 0.0000 0.0000 0.0000 0.0002 -0.0001 0.0000 -0.0006 0.0003 0.0000 0.0004 -0.0006 0.0000 0.0000 0.0001 0.0000 0.0000 0.0000 0.0000 -0.0010 -0.0002 0.0000 0.0002 30.0001 -0.0001 0.0005 -29.9998 0.0000 0.0000 0.0000 -15.2306 3.6607 11.2108 -15.2306 3.6607 11.2108 -83.7696 66.4753 19.2610 23.3497 31.0019 -36.5168 7.9453 -9.9551 -10.5144 0.7327 8.7164 4.4985 0.0000 -0.0001 0.0001 0.0000 0.0000 0.0000 0.0000 -0.0006 0.0003 0.0000 -0.0001 0.0001 0.0000 0.0000 0.0000 0.0000 0.0000 0.0000 0.0000 0.0007 0.0001 0.0000 -0.0012 0.0001 0.0000 -0.0008 0.0003 0.0000 0.0001 0.0000 0.0000 0.0000 0.0000 0.0000 -0.0009 0.0000 0.0000 0.0002 -29.9996 -0.0001 -0.0003 29.9996 0.0000 0.0000 0.0000 0.9952 6.3546 172.4535 0.0000 0.0000 0.0828 -11.5274 66.6527 -2.0866 0.0000 25.0367 0.0000 -5.5344 -2.1237 172.4219 -0.1728 -11.7125 -0.0651 14.1191 65.8609 21.9999 0.0000 24.9346 -0.0001 
-5.4973 93.4622 5.9711 -4.6066 -4.4676 4.8088 -0.0787 3.5284 -2.2300 -0.0789 3.5331 -2.2330 -0.0791 3.5390 -2.2367 35.7073 61.7830 -58.4781 31.6786 50.6647 88.3602 12.5712 -5.8127 87.9579 -2.0537 2.6518 -5.3743 0.0000 0.0000 0.0001 0.0000 0.0000 0.0000 0.0000 -0.0013 -0.0008 0.0000 -0.0004 0.0001 0.0000 0.0000 0.0000 0.0000 0.0000 0.0000 0.0000 0.0002 0.0000 0.0000 -0.0006 0.0003 0.0000 0.0004 -0.0006 0.0000 0.0000 0.0001 0.0000 0.0000 0.0000 0.0000 -0.0010 -0.0002 0.0000 0.0002 30.0001 -0.0001 0.0005 -29.9998 0.0000 0.0000 0.0000 -15.3499 3.6964 11.2557 -15.3500 3.6964 11.2557 -84.2615 66.5984 18.9699 23.4014 31.0715 -36.4628 7.9014 -9.9725 -10.5090 0.7315 8.7144 4.4807 0.0000 -0.0001 0.0001 0.0000 0.0000 0.0000 0.0000 -0.0006 0.0003 0.0000 -0.0001 0.0001 0.0000 0.0000 0.0000 0.0000 0.0000 0.0000 0.0000 0.0007 0.0001 0.0000 -0.0012 0.0001 0.0000 -0.0008 0.0003 0.0000 0.0001 0.0000 0.0000 0.0000 0.0000 0.0000 -0.0009 0.0000 0.0000 0.0002 -29.9997 -0.0001 -0.0003 29.9996 0.0000 0.0000 0.0000 1.0102 6.4675 172.4140 0.0000 0.0001 0.0828 -11.3773 66.5981 -1.8805 0.0000 25.0364 0.0000 -5.4015 -2.0607 172.3827 -0.1787 -11.8358 -0.0643 14.2955 65.9040 22.0957 0.0000 24.9353 -0.0001 
-5.4196 93.4370 5.9203 -4.6205 -4.5865 4.8006 -0.0262 3.5427 -2.2657 -0.0263 3.5475 -2.2688 -0.0265 3.5534 -2.2725 36.5440 62.2236 -57.7119 31.2592 50.6365 87.0356 13.4976 -4.4764 88.3250 -2.1799 2.6442 -5.3039 0.0000 0.0000 0.0001 0.0000 0.0000 0.0000 0.0000 -0.0013 -0.0008 0.0000 -0.0004 0.0001 0.0000 0.0000 0.0000 0.0000 0.0000 0.0000 0.0000 0.0002 0.0000 0.0000 -0.0006 0.0003 0.0000 0.0004 -0.0006 0.0000 0.0000 0.0001 0.0000 0.0000 0.0000 0.0000 -0.0010 -0.0002 0.0000 0.0002 30.0001 -0.0001 0.0005 -29.9998 0.0000 0.0000 0.0000 -15.4694 3.7179 11.2947 -15.4694 3.7179 11.2947 -84.7761 66.7113 18.6408 23.4468 31.1300 -36.4077 7.8687 -9.9837 -10.5060 0.7309 8.7138 4.4620 0.0000 -0.0001 0.0001 0.0000 0.0000 0.0000 0.0000 -0.0006 0.0003 0.0000 -0.0001 0.0001 0.0000 0.0000 0.0000 0.0000 0.0000 0.0000 0.0000 0.0007 0.0001 0.0000 -0.0012 0.0001 0.0000 -0.0008 0.0003 0.0000 0.0001 0.0000 0.0000 0.0000 0.0000 0.0000 -0.0009 0.0000 0.0000 0.0002 -29.9996 -0.0001 -0.0003 29.9996 0.0000 0.0000 0.0000 1.0495 6.5498 172.3716 0.0000 0.0000 0.0828 -11.1644 66.5368 -1.6591 0.0000 25.0361 0.0000 -5.2575 -2.0518 172.3424 -0.1853 -12.0095 -0.0633 14.4966 65.9620 22.1909 0.0000 24.9362 -0.0001 
-5.3293 93.4089 5.8628 -4.6116 -4.6913 4.8013 0.0152 3.5526 -2.2997 0.0151 3.5575 -2.3029 0.0150 3.5633 -2.3066 37.3777 62.6110 -56.9640 30.7576 50.5473 85.7611 14.4184 -3.2128 88.4967 -2.3028 2.6498 -5.2195 0.0000 0.0000 0.0001 0.0000 0.0000 0.0000 0.0000 -0.0013 -0.0008 0.0000 -0.0004 0.0001 0.0000 0.0000 0.0000 0.0000 0.0000 0.0000 0.0000 0.0002 0.0000 0.0000 -0.0006 0.0003 0.0000 0.0004 -0.0006 0.0000 0.0000 0.0001 0.0000 0.0000 0.0000 0.0000 -0.0010 -0.0002 0.0000 0.0002 30.0001 -0.0001 0.0005 -29.9998 0.0000 0.0000 0.0000 -15.5888 3.7279 11.3288 -15.5888 3.7279 11.3288 -85.2949 66.8099 18.2813 23.5013 31.1811 -36.3361 7.8274 -9.9971 -10.4964 0.7300 8.7151 4.4415 0.0000 -0.0001 0.0001 0.0000 0.0000 0.0000 0.0000 -0.0006 0.0003 0.0000 -0.0001 0.0001 0.0000 0.0000 0.0000 0.0000 0.0000 0.0000 0.0000 0.0007 0.0001 0.0000 -0.0012 0.0001 0.0000 -0.0008 0.0003 0.0000 0.0001 0.0000 0.0000 0.0000 0.0000 0.0000 -0.0009 0.0000 0.0000 0.0002 -29.9996 -0.0001 -0.0003 29.9996 0.0000 0.0000 0.0000 1.1003 6.6141 172.3150 0.0000 0.0000 0.0828 -10.9059 66.4737 -1.4272 0.0000 25.0358 0.0000 -5.1190 -2.0943 172.2864 -0.1926 -12.2460 -0.0621 14.7149 66.0437 22.2989 0.0000 24.9373 -0.0001 
-5.2282 93.3795 5.8093 -4.5892 -4.7874 4.8120 0.0472 3.5604 -2.3329 0.0472 3.5654 -2.3361 0.0472 3.5712 -2.3399 38.1530 62.9443 -56.2592 30.1455 50.3976 84.4776 15.3223 -2.0513 88.5329 -2.4236 2.6717 -5.1239 0.0000 0.0000 0.0001 0.0000 0.0000 0.0000 0.0000 -0.0013 -0.0008 0.0000 -0.0004 0.0001 0.0000 0.0000 0.0000 0.0000 0.0000 0.0000 0.0000 0.0003 -0.0001 0.0000 -0.0006 0.0003 0.0000 0.0004 -0.0006 0.0000 0.0000 0.0001 0.0000 0.0000 0.0000 0.0000 -0.0010 -0.0002 0.0000 0.0003 30.0001 -0.0001 0.0005 -29.9998 0.0000 0.0000 0.0000 -15.7038 3.7282 11.3571 -15.7038 3.7282 11.3571 -85.7959 66.8951 17.9072 23.5640 31.2262 -36.2490 7.7740 -10.0054 -10.4790 0.7289 8.7180 4.4204 0.0000 -0.0001 0.0001 0.0000 0.0000 0.0000 0.0000 -0.0006 0.0003 0.0000 -0.0001 0.0001 0.0000 0.0000 0.0000 0.0000 0.0000 0.0000 0.0000 0.0007 0.0001 0.0000 -0.0012 0.0001 0.0000 -0.0008 0.0003 0.0000 0.0001 0.0000 0.0000 0.0000 0.0000 0.0000 -0.0009 0.0000 0.0000 0.0002 -29.9996 -0.0001 -0.0003 29.9996 0.0000 0.0000 0.0000 1.1536 6.6381 172.2431 -0.0021 -0.0682 0.0828 -10.6425 66.4475 -1.2093 0.0000 25.0357 0.0000 -4.9921 -2.1710 172.2126 -0.2011 -12.5330 -0.0607 14.9485 66.1477 22.4294 0.0000 24.9384 -0.0001 
-5.1133 93.3470 5.7783 -4.5623 -4.8737 4.8339 0.0680 3.5665 -2.3612 0.0680 3.5715 -2.3645 0.0679 3.5773 -2.3683 38.7534 63.1754 -55.7068 29.4374 50.1656 83.2260 16.2130 -1.1166 88.3464 -2.5392 2.7219 -5.0039 0.0000 0.0000 0.0001 0.0000 0.0000 0.0000 0.0000 -0.0013 -0.0008 0.0000 -0.0004 0.0001 0.0000 0.0000 0.0000 0.0000 0.0000 0.0000 0.0000 0.0002 0.0000 0.0000 -0.0006 0.0003 0.0000 0.0004 -0.0006 0.0000 0.0000 0.0001 0.0000 0.0000 0.0000 0.0000 -0.0010 -0.0002 0.0000 0.0002 30.0001 -0.0001 0.0005 -29.9998 0.0000 0.0000 0.0000 -15.8063 3.7136 11.3695 -15.8063 3.7136 11.3695 -86.2284 66.9559 17.5564 23.6188 31.2671 -36.1599 7.7006 -10.0072 -10.4545 0.7280 8.7240 4.3986 0.0000 -0.0001 0.0001 0.0000 0.0000 0.0000 0.0000 -0.0006 0.0003 0.0000 -0.0001 0.0001 0.0000 0.0000 0.0000 0.0000 0.0000 0.0000 0.0000 0.0007 0.0001 0.0000 -0.0012 0.0001 0.0000 -0.0008 0.0003 0.0000 0.0001 0.0000 0.0000 0.0000 0.0000 0.0000 -0.0009 0.0000 0.0000 0.0002 -29.9996 -0.0001 -0.0003 29.9996 0.0000 0.0000 0.0000 1.1860 6.7353 172.1498 0.0000 0.0001 0.0828 -10.3650 66.3739 -0.9731 0.0000 25.0355 0.0000 -4.8246 -2.2522 172.1188 -0.2109 -12.8475 -0.0591 15.2814 66.2688 22.6216 0.0000 24.9394 -0.0001 
-4.9970 93.3163 5.7724 -4.5476 -4.9522 4.8558 0.0833 3.5697 -2.3817 0.0834 3.5748 -2.3850 0.0834 3.5805 -2.3888 39.2217 63.3384 -55.3109 28.6591 49.7731 82.0202 17.0070 -0.3939 88.0231 -2.6520 2.7987 -4.8674 0.0000 0.0000 0.0001 0.0000 0.0000 0.0000 0.0000 -0.0013 -0.0008 0.0000 -0.0004 0.0001 0.0000 0.0000 0.0000 0.0000 0.0000 0.0000 0.0000 0.0002 0.0000 0.0000 -0.0006 0.0003 0.0000 0.0004 -0.0006 0.0000 0.0000 0.0001 0.0000 0.0000 0.0000 0.0000 -0.0010 -0.0002 0.0000 0.0002 30.0001 -0.0001 0.0005 -29.9998 0.0000 0.0000 0.0000 -15.8944 3.6871 11.3644 -15.8944 3.6871 11.3644 -86.5794 66.9954 17.2478 23.6641 31.3030 -36.0688 7.6151 -10.0102 -10.4331 0.7274 8.7318 4.3772 0.0000 -0.0001 0.0001 0.0000 0.0000 0.0000 0.0000 -0.0007 0.0003 0.0000 -0.0001 0.0001 0.0000 0.0000 0.0000 0.0000 0.0000 0.0000 0.0000 0.0007 0.0001 0.0000 -0.0012 0.0001 0.0000 -0.0008 0.0003 0.0000 0.0001 0.0000 0.0000 0.0000 0.0000 0.0000 -0.0009 0.0000 0.0000 0.0002 -29.9996 -0.0001 -0.0003 29.9996 0.0000 0.0000 0.0000 1.2083 6.8071 172.0546 0.0000 0.0000 0.0828 -10.1429 66.3599 -0.7774 0.0000 25.0355 0.0000 -4.6855 -2.3171 172.0201 -0.2218 -13.1387 -0.0573 15.6082 66.3948 22.8442 0.0000 24.9403 -0.0001 
-4.8909 93.2881 5.7842 -4.5450 -5.0224 4.8754 0.0954 3.5691 -2.3955 0.0954 3.5742 -2.3989 0.0954 3.5799 -2.4027 39.5653 63.4525 -55.0588 27.8187 49.1762 80.8413 17.6179 0.1701 87.6227 -2.7624 2.8948 -4.7237 0.0000 0.0000 0.0001 0.0000 0.0000 0.0000 0.0000 -0.0013 -0.0008 0.0000 -0.0004 0.0001 0.0000 0.0000 0.0000 0.0000 0.0000 0.0000 0.0000 0.0003 -0.0001 0.0000 -0.0007 0.0003 0.0000 0.0004 -0.0006 0.0000 0.0000 0.0001 0.0000 0.0000 0.0000 0.0000 -0.0010 -0.0002 0.0000 0.0002 30.0001 -0.0001 0.0005 -29.9998 0.0000 0.0000 0.0000 -15.9687 3.6526 11.3453 -15.9687 3.6526 11.3453 -86.8602 67.0186 16.9736 23.7025 31.3294 -35.9729 7.5213 -10.0131 -10.4115 0.7271 8.7411 4.3561 0.0000 -0.0001 0.0001 0.0000 0.0000 0.0000 0.0000 -0.0006 0.0003 0.0000 -0.0001 0.0001 0.0000 0.0000 0.0000 0.0000 0.0000 0.0000 0.0000 0.0007 0.0001 0.0000 -0.0012 0.0001 0.0000 -0.0008 0.0003 0.0000 0.0001 0.0000 0.0000 0.0000 0.0000 0.0000 -0.0009 0.0000 0.0000 0.0002 -29.9996 -0.0001 -0.0003 29.9996 0.0000 0.0000 0.0000 1.2177 6.8822 171.9664 0.0000 0.0000 0.0828 -9.9691 66.3645 -0.6122 0.0000 25.0356 0.0000 -4.5902 -2.3646 171.9265 -0.2326 -13.3916 -0.0555 15.8854 66.5184 23.0634 0.0000 24.9411 -0.0001 
-4.8099 93.2622 5.8116 -4.5531 -5.0786 4.8893 0.1031 3.5610 -2.4012 0.1031 3.5661 -2.4046 0.1032 3.5717 -2.4084 39.7334 63.5018 -54.9905 26.9442 48.2990 79.6985 17.8452 0.5445 87.1843 -2.8672 3.0057 -4.5867 0.0000 0.0000 0.0001 0.0000 0.0000 0.0000 0.0000 -0.0013 -0.0008 0.0000 -0.0004 0.0001 0.0000 0.0000 0.0000 0.0000 0.0000 0.0000 0.0000 0.0002 0.0000 0.0000 -0.0006 0.0003 0.0000 0.0004 -0.0006 0.0000 0.0000 0.0001 0.0000 0.0000 0.0000 0.0000 -0.0010 -0.0002 0.0000 0.0002 30.0001 -0.0001 0.0005 -29.9998 0.0000 0.0000 0.0000 -16.0225 3.6152 11.3119 -16.0225 3.6152 11.3120 -87.0775 67.0239 16.7158 23.7380 31.3428 -35.8704 7.4100 -10.0133 -10.3788 0.7264 8.7534 4.3337 0.0000 -0.0001 0.0001 0.0000 0.0000 0.0000 0.0000 -0.0006 0.0003 0.0000 -0.0001 0.0001 0.0000 0.0000 0.0000 0.0000 0.0000 0.0000 0.0000 0.0007 0.0001 0.0000 -0.0012 0.0001 0.0000 -0.0008 0.0003 0.0000 0.0001 0.0000 0.0000 0.0000 0.0000 0.0000 -0.0009 0.0000 0.0000 0.0002 -29.9996 -0.0001 -0.0003 29.9996 0.0000 0.0000 0.0000 1.2006 6.9521 171.8964 0.0000 0.0000 0.0828 -9.8726 66.3844 -0.4954 0.0000 25.0356 0.0000 -4.5646 -2.3955 171.8506 -0.2421 -13.5897 -0.0540 16.0582 66.6356 23.2406 0.0000 24.9418 -0.0001 
-4.7506 93.2371 5.8369 -4.5630 -5.1218 4.8966 0.1076 3.5453 -2.4010 0.1077 3.5503 -2.4043 0.1077 3.5560 -2.4082 39.7803 63.5012 -55.0604 26.1348 47.3104 78.6137 17.7716 0.8373 86.8282 -2.9646 3.1129 -4.4763 0.0000 0.0000 0.0001 0.0000 0.0000 0.0000 0.0000 -0.0013 -0.0008 0.0000 -0.0004 0.0001 0.0000 0.0000 0.0000 0.0000 0.0000 0.0000 0.0000 0.0003 0.0000 0.0000 -0.0007 0.0003 0.0000 0.0004 -0.0006 0.0000 0.0000 0.0001 0.0000 0.0000 0.0000 0.0000 -0.0010 -0.0002 0.0000 0.0003 30.0001 -0.0001 0.0005 -29.9998 0.0000 0.0000 0.0000 -16.0595 3.5861 11.2706 -16.0595 3.5861 11.2706 -87.2565 67.0184 16.4672 23.7733 31.3531 -35.7690 7.2949 -10.0119 -10.3369 0.7252 8.7667 4.3124 0.0000 -0.0001 0.0001 0.0000 0.0000 0.0000 0.0000 -0.0006 0.0003 0.0000 -0.0001 0.0001 0.0000 0.0000 0.0000 0.0000 0.0000 0.0000 0.0000 0.0007 0.0001 0.0000 -0.0012 0.0001 0.0000 -0.0008 0.0003 0.0000 0.0001 0.0000 0.0000 0.0000 0.0000 0.0000 -0.0008 0.0000 0.0000 0.0002 -29.9996 -0.0001 -0.0003 29.9996 0.0000 0.0000 0.0000 1.1701 6.9820 171.8451 -0.0017 -0.0485 0.0828 -9.8308 66.4289 -0.4215 0.0000 25.0356 0.0000 -4.5893 -2.4357 171.7948 -0.2493 -13.7686 -0.0527 16.1396 66.7503 23.3683 0.0000 24.9424 -0.0001 
-4.7020 93.2119 5.8566 -4.5732 -5.1535 4.8972 0.1107 3.5225 -2.3956 0.1108 3.5274 -2.3989 0.1108 3.5331 -2.4028 39.7526 63.4679 -55.2236 25.3630 46.3385 77.5450 17.5014 1.1088 86.6204 -3.0577 3.2094 -4.4016 0.0000 0.0000 0.0001 0.0000 0.0000 0.0000 0.0000 -0.0013 -0.0008 0.0000 -0.0004 0.0001 0.0000 0.0000 0.0000 0.0000 0.0000 0.0000 0.0000 0.0002 0.0000 0.0000 -0.0006 0.0003 0.0000 0.0004 -0.0006 0.0000 0.0000 0.0001 0.0000 0.0000 0.0000 0.0000 -0.0010 -0.0002 0.0000 0.0002 30.0001 -0.0001 0.0005 -29.9998 0.0000 0.0000 0.0000 -16.0829 3.5643 11.2213 -16.0829 3.5643 11.2213 -87.3922 67.0038 16.2445 23.8054 31.3647 -35.6677 7.1909 -10.0066 -10.2963 0.7241 8.7793 4.2946 0.0000 -0.0001 0.0001 0.0000 0.0000 0.0000 0.0000 -0.0006 0.0003 0.0000 -0.0001 0.0001 0.0000 0.0000 0.0000 0.0000 0.0000 0.0000 0.0000 0.0007 0.0001 0.0000 -0.0012 0.0001 0.0000 -0.0008 0.0003 0.0000 0.0001 0.0000 0.0000 0.0000 0.0000 0.0000 -0.0009 0.0000 0.0000 0.0002 -29.9996 -0.0001 -0.0003 29.9996 0.0000 0.0000 0.0000 1.1270 7.0445 171.8061 0.0000 0.0001 0.0828 -9.7909 66.4236 -0.3424 0.0000 25.0356 0.0000 -4.6485 -2.4915 171.7526 -0.2554 -13.9406 -0.0516 16.1586 66.8620 23.4626 0.0000 24.9430 -0.0001 
-4.6580 93.1889 5.8691 -4.5823 -5.1696 4.8885 0.1148 3.4892 -2.3842 0.1149 3.4940 -2.3874 0.1149 3.4997 -2.3913 39.6341 63.4102 -55.4926 24.5626 45.6222 76.3985 17.1121 1.3661 86.7109 -3.1472 3.2834 -4.3918 0.0000 0.0000 0.0001 0.0000 0.0000 0.0000 0.0000 -0.0013 -0.0008 0.0000 -0.0004 0.0001 0.0000 0.0000 0.0000 0.0000 0.0000 0.0000 0.0000 0.0002 0.0000 0.0000 -0.0006 0.0003 0.0000 0.0004 -0.0006 0.0000 0.0000 0.0001 0.0000 0.0000 0.0000 0.0000 -0.0010 -0.0002 0.0000 0.0003 30.0001 -0.0001 0.0005 -29.9998 0.0000 0.0000 0.0000 -16.0901 3.5555 11.1645 -16.0901 3.5555 11.1645 -87.4884 66.9813 16.0548 23.8326 31.3800 -35.5698 7.0952 -9.9979 -10.2631 0.7236 8.7909 4.2796 0.0000 -0.0001 0.0001 0.0000 0.0000 0.0000 0.0000 -0.0006 0.0003 0.0000 -0.0001 0.0001 0.0000 0.0000 0.0000 0.0000 0.0000 0.0000 0.0000 0.0007 0.0001 0.0000 -0.0012 0.0001 0.0000 -0.0008 0.0003 0.0000 0.0001 0.0000 0.0000 0.0000 0.0000 0.0000 -0.0009 0.0000 0.0000 0.0002 -29.9996 -0.0001 -0.0003 29.9996 0.0000 0.0000 0.0000 1.0894 7.0547 171.7811 -0.0006 -0.0163 0.0828 -9.7723 66.4501 -0.2967 0.0000 25.0358 0.0000 -4.7421 -2.5625 171.7227 -0.2624 -14.0936 -0.0504 16.1290 66.9629 23.5328 0.0000 24.9437 -0.0001 
-4.6261 93.1695 5.8838 -4.5919 -5.1700 4.8688 0.1224 3.4458 -2.3692 0.1225 3.4505 -2.3724 0.1225 3.4562 -2.3763 39.4520 63.3504 -55.8135 23.7580 45.3175 75.2020 16.8135 1.5668 87.0276 -3.2288 3.3361 -4.4328 0.0000 0.0000 0.0001 0.0000 0.0000 0.0000 0.0000 -0.0013 -0.0008 0.0000 -0.0004 0.0001 0.0000 0.0000 0.0000 0.0000 0.0000 0.0000 0.0000 0.0002 0.0000 0.0000 -0.0006 0.0003 0.0000 0.0004 -0.0006 0.0000 0.0000 0.0001 0.0000 0.0000 0.0000 0.0000 -0.0010 -0.0002 0.0000 0.0002 30.0001 -0.0001 0.0005 -29.9998 0.0000 0.0000 0.0000 -16.0858 3.5598 11.1076 -16.0858 3.5598 11.1076 -87.5831 66.9529 15.8687 23.8583 31.4022 -35.4751 6.9860 -9.9927 -10.2307 0.7231 8.8036 4.2628 0.0000 -0.0001 0.0001 0.0000 0.0000 0.0000 0.0000 -0.0006 0.0003 0.0000 -0.0001 0.0001 0.0000 0.0000 0.0000 0.0000 0.0000 0.0000 0.0000 0.0007 0.0001 0.0000 -0.0012 0.0001 0.0000 -0.0008 0.0003 0.0000 0.0001 0.0000 0.0000 0.0000 0.0000 0.0000 -0.0009 0.0000 0.0000 0.0002 -29.9996 -0.0001 -0.0003 29.9996 0.0000 0.0000 0.0000 1.0612 7.0699 171.7777 0.0000 0.0001 0.0828 -9.7811 66.4697 -0.3000 0.0000 25.0360 0.0000 -4.8602 -2.6254 171.7114 -0.2688 -14.2002 -0.0494 16.0609 67.0486 23.5769 0.0000 24.9442 -0.0001 
-4.6154 93.1536 5.9060 -4.6006 -5.1569 4.8382 0.1335 3.3931 -2.3520 0.1336 3.3976 -2.3550 0.1337 3.4033 -2.3590 39.2251 63.2953 -56.1681 22.9197 45.3525 73.9269 16.6320 1.7397 87.5359 -3.3066 3.3715 -4.5138 0.0000 0.0000 0.0001 0.0000 0.0000 0.0000 0.0000 -0.0013 -0.0008 0.0000 -0.0004 0.0001 0.0000 0.0000 0.0000 0.0000 0.0000 0.0000 0.0000 0.0002 0.0000 0.0000 -0.0006 0.0003 0.0000 0.0004 -0.0006 0.0000 0.0000 0.0001 0.0000 0.0000 0.0000 0.0000 -0.0010 -0.0002 0.0000 0.0002 30.0001 -0.0001 0.0005 -29.9998 0.0000 0.0000 0.0000 -16.0733 3.5770 11.0518 -16.0732 3.5770 11.0517 -87.6815 66.9211 15.6830 23.8799 31.4314 -35.3852 6.8756 -9.9895 -10.2002 0.7226 8.8164 4.2455 0.0000 -0.0001 0.0001 0.0000 0.0000 0.0000 0.0000 -0.0006 0.0003 0.0000 -0.0001 0.0001 0.0000 0.0000 0.0000 0.0000 0.0000 0.0000 0.0000 0.0007 0.0001 0.0000 -0.0012 0.0001 0.0000 -0.0008 0.0003 0.0000 0.0001 0.0000 0.0000 0.0000 0.0000 0.0000 -0.0009 0.0000 0.0000 0.0002 -29.9996 -0.0001 -0.0003 29.9996 0.0000 0.0000 0.0000 1.0393 7.0717 171.8020 0.0000 0.0000 0.0828 -9.8491 66.5112 -0.3839 0.0000 25.0363 0.0000 -5.0068 -2.6670 171.7243 -0.2720 -14.2479 -0.0488 15.9444 67.1190 23.5881 0.0000 24.9447 -0.0001 
-4.6401 93.1435 5.9402 -4.6036 -5.1278 4.7956 0.1500 3.3280 -2.3336 0.1501 3.3322 -2.3365 0.1503 3.3380 -2.3406 38.9697 63.2599 -56.5358 21.9896 45.7497 72.5122 16.5561 1.8781 88.3383 -3.3832 3.3853 -4.6472 0.0000 0.0000 0.0001 0.0000 0.0000 0.0000 0.0000 -0.0013 -0.0008 0.0000 -0.0004 0.0001 0.0000 0.0000 0.0000 0.0000 0.0000 0.0000 0.0000 0.0002 0.0000 0.0000 -0.0006 0.0003 0.0000 0.0004 -0.0006 0.0000 0.0000 0.0001 0.0000 0.0000 0.0000 0.0000 -0.0010 -0.0002 0.0000 0.0002 30.0001 -0.0001 0.0005 -29.9998 0.0000 0.0000 0.0000 -16.0548 3.6098 10.9936 -16.0548 3.6098 10.9936 -87.7814 66.8854 15.5143 23.8904 31.4736 -35.3098 6.7840 -9.9864 -10.1755 0.7224 8.8275 4.2309 0.0000 -0.0001 0.0001 0.0000 0.0000 0.0000 0.0000 -0.0006 0.0003 0.0000 -0.0001 0.0001 0.0000 0.0000 0.0000 0.0000 0.0000 0.0000 0.0000 0.0007 0.0001 0.0000 -0.0011 0.0001 0.0000 -0.0008 0.0003 0.0000 0.0001 0.0000 0.0000 0.0000 0.0000 0.0000 -0.0008 0.0000 0.0000 0.0002 -29.9997 -0.0001 -0.0003 29.9996 0.0000 0.0000 0.0000 1.0124 7.0690 171.8652 0.0000 0.0001 0.0828 -10.0186 66.5759 -0.5930 0.0000 25.0369 0.0000 -5.2104 -2.6705 171.7698 -0.2688 -14.2022 -0.0493 15.7329 67.1659 23.5404 0.0000 24.9450 -0.0001 
-4.6722 93.1363 5.9716 -4.5980 -5.0881 4.7459 0.1707 3.2544 -2.3147 0.1708 3.2585 -2.3175 0.1710 3.2643 -2.3216 38.7189 63.2473 -56.8945 21.0083 46.2677 71.0147 16.4783 2.0022 89.3224 -3.4611 3.3861 -4.8120 0.0000 0.0000 0.0001 0.0000 0.0000 0.0000 0.0000 -0.0013 -0.0008 0.0000 -0.0004 0.0001 0.0000 0.0000 0.0000 0.0000 0.0000 0.0000 0.0000 0.0002 0.0000 0.0000 -0.0006 0.0003 0.0000 0.0004 -0.0006 0.0000 0.0000 0.0001 0.0000 0.0000 0.0000 0.0000 -0.0010 -0.0002 0.0000 0.0003 30.0001 -0.0001 0.0005 -29.9998 0.0000 0.0000 0.0000 -16.0372 3.6523 10.9290 -16.0372 3.6523 10.9290 -87.8897 66.8444 15.3624 23.8957 31.5254 -35.2488 6.7060 -9.9805 -10.1584 0.7226 8.8369 4.2175 0.0000 -0.0001 0.0001 0.0000 0.0000 0.0000 0.0000 -0.0006 0.0003 0.0000 -0.0001 0.0001 0.0000 0.0000 0.0000 0.0000 0.0000 0.0000 0.0000 0.0007 0.0001 0.0000 -0.0012 0.0001 0.0000 -0.0008 0.0003 0.0000 0.0001 0.0000 0.0000 0.0000 0.0000 0.0000 -0.0008 0.0000 0.0000 0.0002 -29.9996 -0.0001 -0.0003 29.9996 0.0000 0.0000 0.0000 0.9727 7.0297 171.9420 -0.0017 -0.0487 0.0828 -10.2534 66.6741 -0.8730 0.0000 25.0377 0.0000 -5.4344 -2.6620 171.8272 -0.2645 -14.1092 -0.0501 15.5031 67.1901 23.4833 0.0000 24.9452 -0.0001 
-4.7014 93.1320 5.9923 -4.5827 -5.0404 4.6929 0.1939 3.1747 -2.2961 0.1941 3.1785 -2.2988 0.1943 3.1843 -2.3029 38.4785 63.2552 -57.2420 20.0146 46.7949 69.4652 16.3545 2.1364 90.4328 -3.5412 3.3771 -4.9987 0.0000 0.0000 0.0001 0.0000 0.0000 0.0000 0.0000 -0.0013 -0.0008 0.0000 -0.0004 0.0001 0.0000 0.0000 0.0000 0.0000 0.0000 0.0000 0.0000 0.0002 -0.0001 0.0000 -0.0006 0.0003 0.0000 0.0004 -0.0006 0.0000 0.0000 0.0001 0.0000 0.0000 0.0000 0.0000 -0.0010 -0.0002 0.0000 0.0002 30.0001 -0.0001 0.0005 -29.9998 0.0000 0.0000 0.0000 -16.0220 3.7009 10.8580 -16.0220 3.7009 10.8580 -88.0030 66.7980 15.2288 23.9018 31.5843 -35.1980 6.6406 -9.9715 -10.1495 0.7232 8.8445 4.2057 0.0000 -0.0001 0.0001 0.0000 0.0000 0.0000 0.0000 -0.0006 0.0003 0.0000 -0.0001 0.0001 0.0000 0.0000 0.0000 0.0000 0.0000 0.0000 0.0000 0.0007 0.0001 0.0000 -0.0012 0.0001 0.0000 -0.0008 0.0003 0.0000 0.0001 0.0000 0.0000 0.0000 0.0000 0.0000 -0.0008 0.0000 0.0000 0.0002 -29.9996 -0.0001 -0.0003 29.9996 0.0000 0.0000 0.0000 0.9135 7.0227 172.0199 0.0000 0.0001 0.0828 -10.4922 66.7250 -1.1537 0.0000 25.0386 0.0000 -5.5824 -2.6456 171.8924 -0.2597 -13.9950 -0.0509 15.3883 67.1907 23.4623 0.0000 24.9452 -0.0001 
-4.7317 93.1319 5.9966 -4.5507 -4.9814 4.6395 0.2203 3.0880 -2.2798 0.2205 3.0916 -2.2824 0.2208 3.0974 -2.2867 38.2640 63.2867 -57.5628 19.0511 47.2231 67.8630 16.1124 2.2762 91.6991 -3.6286 3.3614 -5.2052 0.0000 0.0000 0.0001 0.0000 0.0000 0.0000 0.0000 -0.0013 -0.0008 0.0000 -0.0004 0.0001 0.0000 0.0000 0.0000 0.0000 0.0000 0.0000 0.0000 0.0002 0.0000 0.0000 -0.0006 0.0003 0.0000 0.0004 -0.0006 0.0000 0.0000 0.0001 0.0000 0.0000 0.0000 0.0000 -0.0010 -0.0002 0.0000 0.0003 30.0001 -0.0001 0.0005 -29.9998 0.0000 0.0000 0.0000 -16.0116 3.7539 10.7765 -16.0116 3.7539 10.7765 -88.1164 66.7478 15.1287 23.9118 31.6529 -35.1604 6.5998 -9.9590 -10.1523 0.7244 8.8485 4.1980 0.0000 -0.0001 0.0001 0.0000 0.0000 0.0000 0.0000 -0.0006 0.0003 0.0000 -0.0001 0.0001 0.0000 0.0000 0.0000 0.0000 0.0000 0.0000 0.0000 0.0007 0.0001 0.0000 -0.0012 0.0001 0.0000 -0.0008 0.0003 0.0000 0.0001 0.0000 0.0000 0.0000 0.0000 0.0000 -0.0008 0.0000 0.0000 0.0002 -29.9996 -0.0001 -0.0003 29.9996 0.0000 0.0000 0.0000 0.8340 6.9655 172.0977 0.0000 0.0000 0.0828 -10.7533 66.7944 -1.4513 0.0000 25.0395 0.0000 -5.7258 -2.6465 171.9592 -0.2558 -13.8762 -0.0517 15.2940 67.1700 23.4557 0.0000 24.9449 -0.0001 
-4.7796 93.1362 5.9914 -4.5073 -4.9178 4.5897 0.2506 2.9992 -2.2678 0.2508 3.0025 -2.2702 0.2512 3.0082 -2.2746 38.0915 63.3363 -57.8451 18.1025 47.5600 66.2155 15.7915 2.3784 93.0899 -3.7247 3.3462 -5.4241 0.0000 0.0000 0.0001 0.0000 0.0000 0.0000 0.0000 -0.0013 -0.0008 0.0000 -0.0004 0.0001 0.0000 0.0000 0.0000 0.0000 0.0000 0.0000 0.0000 0.0002 0.0000 0.0000 -0.0006 0.0003 0.0000 0.0004 -0.0006 0.0000 0.0000 0.0001 0.0000 0.0000 0.0000 0.0000 -0.0010 -0.0002 0.0000 0.0002 30.0001 -0.0002 0.0005 -29.9998 0.0000 0.0000 0.0000 -16.0067 3.8090 10.6878 -16.0067 3.8090 10.6878 -88.2248 66.6994 15.0669 23.9207 31.7259 -35.1365 6.5754 -9.9447 -10.1601 0.7257 8.8495 4.1927 0.0000 -0.0001 0.0001 0.0000 0.0000 0.0000 0.0000 -0.0006 0.0003 0.0000 -0.0001 0.0001 0.0000 0.0000 0.0000 0.0000 0.0000 0.0000 0.0000 0.0007 0.0001 0.0000 -0.0011 0.0001 0.0000 -0.0008 0.0003 0.0000 0.0001 0.0000 0.0000 0.0000 0.0000 0.0000 -0.0008 0.0000 0.0000 0.0002 -29.9996 -0.0001 -0.0003 29.9996 0.0000 0.0000 0.0000 0.7399 6.8950 172.1810 0.0000 0.0000 0.0828 -11.0312 66.8585 -1.7562 0.0000 25.0404 0.0000 -5.8558 -2.6495 172.0339 -0.2502 -13.7494 -0.0526 15.1948 67.1375 23.4283 0.0000 24.9446 -0.0001 
-4.8459 93.1437 5.9832 -4.4569 -4.8504 4.5403 0.2858 2.9095 -2.2591 0.2860 2.9126 -2.2614 0.2864 2.9183 -2.2658 37.9709 63.4078 -58.0826 17.1419 47.8616 64.5216 15.4473 2.4357 94.5826 -3.8289 3.3325 -5.6544 0.0000 0.0000 0.0001 0.0000 0.0000 0.0000 0.0000 -0.0013 -0.0008 0.0000 -0.0004 0.0001 0.0000 0.0000 0.0000 0.0000 0.0000 0.0000 0.0000 0.0002 0.0000 0.0000 -0.0006 0.0003 0.0000 0.0004 -0.0006 0.0000 0.0000 0.0001 0.0000 0.0000 0.0000 0.0000 -0.0010 -0.0002 0.0000 0.0002 30.0001 -0.0001 0.0005 -29.9998 0.0000 0.0000 0.0000 -16.0069 3.8664 10.5951 -16.0069 3.8664 10.5951 -88.3255 66.6542 15.0413 23.9287 31.7984 -35.1200 6.5568 -9.9305 -10.1707 0.7269 8.8485 4.1878 0.0000 -0.0001 0.0001 0.0000 0.0000 0.0000 0.0000 -0.0006 0.0003 0.0000 -0.0001 0.0001 0.0000 0.0000 0.0000 0.0000 0.0000 0.0000 0.0000 0.0007 0.0001 0.0000 -0.0012 0.0001 0.0000 -0.0008 0.0003 0.0000 0.0001 0.0000 0.0000 0.0000 0.0000 0.0000 -0.0009 0.0000 0.0000 0.0002 -29.9996 -0.0001 -0.0003 29.9996 0.0000 0.0000 0.0000 0.6959 6.8008 172.2803 -0.0016 -0.0485 0.0828 -11.2788 66.9433 -2.0800 0.0000 25.0412 0.0000 -5.9631 -2.6463 172.1214 -0.2429 -13.6115 -0.0538 15.0985 67.0967 23.3790 0.0000 24.9441 -0.0001 
-4.9276 93.1530 5.9675 -4.3957 -4.7817 4.4884 0.3292 2.8205 -2.2558 0.3295 2.8234 -2.2581 0.3301 2.8290 -2.2626 37.9530 63.5306 -58.2490 16.1383 48.2284 62.7865 15.1748 2.3864 96.1681 -3.9399 3.3257 -5.8929 0.0000 0.0000 0.0001 0.0000 0.0000 0.0000 0.0000 -0.0013 -0.0008 0.0000 -0.0004 0.0001 0.0000 0.0000 0.0000 0.0000 0.0000 0.0000 0.0000 0.0002 0.0000 0.0000 -0.0007 0.0003 0.0000 0.0004 -0.0006 0.0000 0.0000 0.0001 0.0000 0.0000 0.0000 0.0000 -0.0010 -0.0002 0.0000 0.0002 30.0001 -0.0001 0.0005 -29.9998 0.0000 0.0000 0.0000 -16.0147 3.9307 10.5059 -16.0147 3.9307 10.5059 -88.4258 66.6176 15.0581 23.9342 31.8671 -35.1098 6.5316 -9.9217 -10.1795 0.7276 8.8457 4.1803 0.0000 -0.0001 0.0001 0.0000 0.0000 0.0000 0.0000 -0.0006 0.0003 0.0000 -0.0001 0.0001 0.0000 0.0000 0.0000 0.0000 0.0000 0.0000 0.0000 0.0007 0.0001 0.0000 -0.0012 0.0001 0.0000 -0.0008 0.0003 0.0000 0.0001 0.0000 0.0000 0.0000 0.0000 0.0000 -0.0009 0.0000 0.0000 0.0002 -29.9997 -0.0001 -0.0003 29.9996 0.0000 0.0000 0.0000 0.7007 6.7555 172.3951 0.0000 0.0001 0.0828 -11.4376 66.9738 -2.3612 0.0000 25.0419 0.0000 -6.0253 -2.6301 172.2253 -0.2348 -13.4553 -0.0551 15.0329 67.0407 23.3101 0.0000 24.9435 -0.0001 
-5.0119 93.1624 5.9464 -4.3223 -4.7166 4.4329 0.3798 2.7339 -2.2583 0.3801 2.7366 -2.2605 0.3808 2.7422 -2.2651 38.0126 63.6949 -58.3481 15.0551 48.7155 61.0001 14.9987 2.2410 97.7825 -4.0521 3.3245 -6.1381 0.0000 0.0000 0.0001 0.0000 0.0000 0.0000 0.0000 -0.0013 -0.0008 0.0000 -0.0004 0.0001 0.0000 0.0000 0.0000 0.0000 0.0000 0.0000 0.0000 0.0003 -0.0001 0.0000 -0.0006 0.0003 0.0000 0.0004 -0.0006 0.0000 0.0000 0.0001 0.0000 0.0000 0.0000 0.0000 -0.0010 -0.0002 0.0000 0.0002 30.0001 -0.0001 0.0005 -29.9998 0.0000 0.0000 0.0000 -16.0293 4.0050 10.4269 -16.0293 4.0050 10.4269 -88.5376 66.5906 15.1003 23.9279 31.9312 -35.1060 6.5012 -9.9214 -10.1808 0.7273 8.8421 4.1691 0.0000 -0.0001 0.0001 0.0000 0.0000 0.0000 0.0000 -0.0006 0.0003 0.0000 -0.0001 0.0001 0.0000 0.0000 0.0000 0.0000 0.0000 0.0000 0.0000 0.0007 0.0001 0.0000 -0.0011 0.0001 0.0000 -0.0008 0.0003 0.0000 0.0001 0.0000 0.0000 0.0000 0.0000 0.0000 -0.0008 0.0000 0.0000 0.0002 -29.9996 -0.0001 -0.0003 29.9996 0.0000 0.0000 0.0000 0.7071 6.6844 172.5136 0.0000 0.0000 0.0828 -11.5709 67.0205 -2.6152 0.0000 25.3510 0.0000 -6.0539 -2.6019 172.3377 -0.2274 -13.2893 -0.0563 15.0049 66.9749 23.2362 0.0000 24.9429 -0.0001 
-5.0971 93.1718 5.9165 -4.2349 -4.6602 4.3744 0.4366 2.6512 -2.2660 0.4369 2.6538 -2.2681 0.4377 2.6593 -2.2728 38.1307 63.8941 -58.4053 13.9010 49.3058 59.1824 14.9084 2.0359 99.3993 -4.1634 3.3261 -6.3903 0.0000 0.0000 0.0001 0.0000 0.0000 0.0000 0.0000 -0.0013 -0.0008 0.0000 -0.0004 0.0001 0.0000 0.0000 0.0000 0.0000 0.0000 0.0000 0.0000 0.0003 0.0000 0.0000 -0.0006 0.0003 0.0000 0.0004 -0.0006 0.0000 0.0000 0.0001 0.0000 0.0000 0.0000 0.0000 -0.0010 -0.0002 0.0000 0.0003 30.0001 -0.0001 0.0005 -29.9998 0.0000 0.0000 0.0000 -16.0513 4.0897 10.3585 -16.0513 4.0897 10.3585 -88.6644 66.5705 15.1585 23.9097 31.9905 -35.1029 6.4772 -9.9249 -10.1762 0.7263 8.8371 4.1556 0.0000 -0.0001 0.0001 0.0000 0.0000 0.0000 0.0000 -0.0006 0.0003 0.0000 -0.0001 0.0001 0.0000 0.0000 0.0000 0.0000 0.0000 0.0000 0.0000 0.0007 0.0001 0.0000 -0.0012 0.0001 0.0000 -0.0008 0.0003 0.0000 0.0001 0.0000 0.0000 0.0000 0.0000 0.0000 -0.0009 0.0000 0.0000 0.0002 -29.9996 -0.0001 -0.0003 29.9996 0.0000 0.0000 0.0000 0.7029 6.6127 172.6333 0.0000 0.0001 0.0828 -11.6789 67.0533 -2.8345 0.0000 25.3510 0.0000 -6.0559 -2.5640 172.4555 -0.2205 -13.1212 -0.0574 15.0105 66.9014 23.1583 0.0000 24.9424 -0.0001 
-5.1890 93.1816 5.8709 -4.1160 -4.6240 4.3146 0.4993 2.5769 -2.2823 0.4998 2.5793 -2.2844 0.5007 2.5847 -2.2891 38.3205 64.1214 -58.3799 12.7183 50.0059 57.4064 14.8923 1.7839 100.9128 -4.2632 3.3285 -6.6380 0.0000 0.0000 0.0001 0.0000 0.0000 0.0000 0.0000 -0.0013 -0.0008 0.0000 -0.0004 0.0001 0.0000 0.0000 0.0000 0.0000 0.0000 0.0000 0.0000 0.0002 0.0000 0.0000 -0.0006 0.0003 0.0000 0.0004 -0.0006 0.0000 0.0000 0.0001 0.0000 0.0000 0.0000 0.0000 -0.0010 -0.0002 0.0000 0.0002 30.0001 -0.0001 0.0005 -29.9998 0.0000 0.0000 0.0000 -16.0851 4.1898 10.3049 -16.0851 4.1898 10.3049 -88.8216 66.5620 15.2213 23.8853 32.0412 -35.0870 6.4714 -9.9270 -10.1626 0.7243 8.8294 4.1411 0.0000 -0.0001 0.0001 0.0000 0.0000 0.0000 0.0000 -0.0006 0.0003 0.0000 -0.0001 0.0001 0.0000 0.0000 0.0000 0.0000 0.0000 0.0000 0.0000 0.0007 0.0001 0.0000 -0.0012 0.0001 0.0000 -0.0008 0.0003 0.0000 0.0002 0.0000 0.0000 0.0000 0.0000 0.0000 -0.0009 0.0000 0.0000 0.0002 -29.9996 -0.0001 -0.0003 29.9996 0.0000 0.0000 0.0000 0.6664 6.5426 172.7541 0.0000 0.0000 0.0828 -11.7634 67.0565 -3.0131 0.0000 25.3511 0.0000 -6.0241 -2.5084 172.5797 -0.2120 -12.9555 -0.0587 15.0650 66.8209 23.0693 0.0000 24.9419 -0.0001 
-5.2834 93.1915 5.8115 -3.9681 -4.6058 4.2570 0.5655 2.5088 -2.3056 0.5660 2.5112 -2.3077 0.5670 2.5164 -2.3125 38.5437 64.3821 -58.3578 11.5366 50.7672 55.6752 14.9886 1.5005 102.3428 -4.3570 3.3352 -6.8762 0.0000 0.0000 0.0001 0.0000 0.0000 0.0000 0.0000 -0.0013 -0.0008 0.0000 -0.0004 0.0001 0.0000 0.0000 0.0000 0.0000 0.0000 0.0000 0.0000 0.0002 0.0000 0.0000 -0.0006 0.0003 0.0000 0.0004 -0.0006 0.0000 0.0000 0.0001 0.0000 0.0000 0.0000 0.0000 -0.0010 -0.0002 0.0000 0.0002 30.0001 -0.0002 0.0005 -29.9998 0.0000 0.0000 0.0000 -16.1290 4.3029 10.2595 -16.1290 4.3029 10.2595 -89.0179 66.5607 15.2715 23.8559 32.0862 -35.0645 6.4737 -9.9270 -10.1353 0.7213 8.8203 4.1243 0.0000 -0.0001 0.0001 0.0000 0.0000 0.0000 0.0000 -0.0006 0.0003 0.0000 -0.0001 0.0001 0.0000 0.0000 0.0000 0.0000 0.0000 0.0000 0.0000 0.0007 0.0001 0.0000 -0.0012 0.0001 0.0000 -0.0008 0.0003 0.0000 0.0001 0.0000 0.0000 0.0000 0.0000 0.0000 -0.0008 0.0000 0.0000 0.0002 -29.9996 -0.0001 -0.0003 29.9996 0.0000 0.0000 0.0000 0.6042 6.4745 172.8708 0.0000 0.0000 0.0828 -11.8157 67.0319 -3.1518 0.0000 25.3510 0.0000 -5.9683 -2.4392 172.7031 -0.2029 -12.7938 -0.0600 15.1608 66.7341 22.9783 0.0000 24.9414 -0.0001 
-5.3740 93.2016 5.7446 -3.7978 -4.6009 4.2021 0.6344 2.4454 -2.3340 0.6349 2.4477 -2.3361 0.6362 2.4528 -2.3410 38.7852 64.6523 -58.3062 10.3098 51.5488 53.8595 15.1960 1.1994 103.7134 -4.4462 3.3476 -7.0772 0.0000 0.0000 0.0001 0.0000 0.0000 0.0000 0.0000 -0.0013 -0.0008 0.0000 -0.0004 0.0001 0.0000 0.0000 0.0000 0.0000 0.0000 0.0000 0.0000 0.0002 0.0000 0.0000 -0.0006 0.0003 0.0000 0.0004 -0.0006 0.0000 0.0000 0.0001 0.0000 0.0000 0.0000 0.0000 -0.0010 -0.0002 0.0000 0.0002 30.0001 -0.0001 0.0005 -29.9998 0.0000 0.0000 0.0000 -16.1811 4.4260 10.2171 -16.1811 4.4260 10.2171 -89.2470 66.5622 15.3091 23.8193 32.1264 -35.0405 6.4815 -9.9248 -10.0956 0.7174 8.8105 4.1050 0.0000 -0.0001 0.0001 0.0000 0.0000 0.0000 0.0000 -0.0006 0.0003 0.0000 -0.0001 0.0001 0.0000 0.0000 0.0000 0.0000 0.0000 0.0000 0.0000 0.0007 0.0001 0.0000 -0.0012 0.0001 0.0000 -0.0008 0.0003 0.0000 0.0002 0.0000 0.0000 0.0000 0.0000 0.0000 -0.0009 0.0000 0.0000 0.0002 -29.9996 -0.0001 -0.0003 29.9996 0.0000 0.0000 0.0000 0.5275 6.3754 172.9801 -0.0018 -0.0682 0.0828 -11.8451 67.0185 -3.2643 0.0000 25.3510 0.0000 -5.8945 -2.3588 172.8202 -0.1946 -12.6340 -0.0612 15.2978 66.6414 22.8976 0.0000 24.9409 -0.0001 
-5.4550 93.2122 5.6785 -3.6019 -4.6097 4.1519 0.7091 2.3861 -2.3664 0.7097 2.3883 -2.3685 0.7111 2.3934 -2.3734 39.0532 64.9284 -58.2030 9.1196 52.2564 51.9932 15.5262 0.9007 105.0061 -4.5354 3.3690 -7.2229 0.0000 0.0000 0.0001 0.0000 0.0000 0.0000 0.0000 -0.0013 -0.0008 0.0000 -0.0004 0.0001 0.0000 0.0000 0.0000 0.0000 0.0000 0.0000 0.0000 0.0003 0.0000 0.0000 -0.0006 0.0003 0.0000 0.0004 -0.0006 0.0000 0.0000 0.0001 0.0000 0.0000 0.0000 0.0000 -0.0010 -0.0002 0.0000 0.0002 30.0001 -0.0001 0.0005 -29.9998 0.0000 0.0000 0.0000 -16.2466 4.5605 10.1713 -16.2465 4.5605 10.1713 -89.5307 66.5660 15.3184 23.7771 32.1649 -35.0144 6.4989 -9.9218 -10.0505 0.7130 8.7999 4.0832 0.0000 -0.0001 0.0001 0.0000 0.0000 0.0000 0.0000 -0.0006 0.0003 0.0000 -0.0001 0.0001 0.0000 0.0000 0.0000 0.0000 0.0000 0.0000 0.0000 0.0007 0.0001 0.0000 -0.0012 0.0001 0.0000 -0.0008 0.0003 0.0000 0.0001 0.0000 0.0000 0.0000 0.0000 0.0000 -0.0009 0.0000 0.0000 0.0002 -29.9996 -0.0001 -0.0003 29.9996 0.0000 0.0000 0.0000 0.4309 6.3454 173.0750 -0.0004 -0.0163 0.0828 -11.7893 66.9249 -3.2839 0.0000 25.3510 0.0000 -5.8045 -2.2605 172.9233 -0.1886 -12.4745 -0.0622 15.4898 66.5466 22.8418 0.0000 24.9404 -0.0001 
-5.5343 93.2237 5.6252 -3.3957 -4.6235 4.1056 0.7847 2.3291 -2.3975 0.7854 2.3313 -2.3996 0.7869 2.3362 -2.4046 39.3390 65.2022 -58.0698 8.0202 52.8300 50.1406 15.8704 0.6221 106.2031 -4.6306 3.3998 -7.3456 0.0000 0.0000 0.0001 0.0000 0.0000 0.0000 0.0000 -0.0013 -0.0008 0.0000 -0.0004 0.0001 0.0000 0.0000 0.0000 0.0000 0.0000 0.0000 0.0000 0.0002 -0.0001 0.0000 -0.0006 0.0003 0.0000 0.0004 -0.0006 0.0000 0.0000 0.0001 0.0000 0.0000 0.0000 0.0000 -0.0010 -0.0002 0.0000 0.0002 30.0001 -0.0001 0.0005 -29.9998 0.0000 0.0000 0.0000 -16.3153 4.6958 10.1144 -16.3153 4.6958 10.1144 -89.8384 66.5662 15.3115 23.7342 32.2113 -34.9955 6.5234 -9.9221 -10.0113 0.7089 8.7888 4.0619 0.0000 -0.0001 0.0001 0.0000 0.0000 0.0000 0.0000 -0.0006 0.0003 0.0000 -0.0001 0.0001 0.0000 0.0000 0.0000 0.0000 0.0000 0.0000 0.0000 0.0007 0.0001 0.0000 -0.0012 0.0001 0.0000 -0.0008 0.0003 0.0000 0.0001 0.0000 0.0000 0.0000 0.0000 0.0000 -0.0009 0.0000 0.0000 0.0002 -29.9996 -0.0001 -0.0003 29.9996 0.0000 0.0000 0.0000 0.3366 6.3089 173.1631 0.0000 0.0000 0.0828 -11.7076 66.8446 -3.2796 0.0000 25.3511 0.0000 -5.7128 -2.1481 173.0182 -0.1830 -12.3150 -0.0630 15.7048 66.4594 22.8011 0.0000 24.9399 -0.0001 
-5.6146 93.2355 5.5858 -3.1880 -4.6387 4.0628 0.8602 2.2735 -2.4257 0.8609 2.2757 -2.4279 0.8626 2.2805 -2.4330 39.6016 65.4793 -57.9809 7.0517 53.2752 48.3396 16.2265 0.3295 107.3257 -4.7318 3.4426 -7.4455 0.0000 0.0000 0.0001 0.0000 0.0000 0.0000 0.0000 -0.0013 -0.0008 0.0000 -0.0004 0.0001 0.0000 0.0000 0.0000 0.0000 0.0000 0.0000 0.0000 0.0003 0.0000 0.0000 -0.0006 0.0003 0.0000 0.0004 -0.0006 0.0000 0.0000 0.0001 0.0000 0.0000 0.0000 0.0000 -0.0010 -0.0002 0.0000 0.0003 30.0001 -0.0001 0.0005 -29.9998 0.0000 0.0000 0.0000 -16.3841 4.8287 10.0439 -16.3841 4.8287 10.0439 -90.1577 66.5591 15.2949 23.6871 32.2661 -34.9868 6.5558 -9.9255 -9.9815 0.7054 8.7776 4.0416 0.0000 -0.0001 0.0001 0.0000 0.0000 0.0000 0.0000 -0.0006 0.0003 0.0000 -0.0001 0.0001 0.0000 0.0000 0.0000 0.0000 0.0000 0.0000 0.0000 0.0007 0.0001 0.0000 -0.0012 0.0001 0.0000 -0.0008 0.0003 0.0000 0.0001 0.0000 0.0000 0.0000 0.0000 0.0000 -0.0009 0.0000 0.0000 0.0002 -29.9996 -0.0001 -0.0003 29.9996 0.0000 0.0000 0.0000 0.2547 6.2746 173.2472 0.0000 0.0000 0.0828 -11.6006 66.7726 -3.2551 0.0000 25.3510 0.0000 -5.6293 -2.0280 173.1082 -0.1771 -12.1582 -0.0639 15.9171 66.3816 22.7696 0.0000 24.9394 -0.0001 
-5.6902 93.2461 5.5626 -2.9935 -4.6535 4.0249 0.9365 2.2200 -2.4491 0.9373 2.2221 -2.4513 0.9391 2.2268 -2.4564 39.7643 65.7254 -57.9447 6.1661 53.5788 46.4269 16.5982 -0.0060 108.3964 -4.8465 3.5049 -7.5201 0.0000 0.0000 0.0001 0.0000 0.0000 0.0000 0.0000 -0.0013 -0.0008 0.0000 -0.0004 0.0001 0.0000 0.0000 0.0000 0.0000 0.0000 0.0000 0.0000 0.0002 0.0000 0.0000 -0.0006 0.0003 0.0000 0.0004 -0.0006 0.0000 0.0000 0.0001 0.0000 0.0000 0.0000 0.0000 -0.0010 -0.0002 0.0000 0.0003 30.0001 -0.0001 0.0005 -29.9998 0.0000 0.0000 0.0000 -16.4553 4.9537 9.9567 -16.4553 4.9537 9.9567 -90.4813 66.5423 15.2645 23.6370 32.3263 -34.9895 6.6088 -9.9285 -9.9749 0.7035 8.7664 4.0244 0.0000 -0.0001 0.0001 0.0000 0.0000 0.0000 0.0000 -0.0006 0.0003 0.0000 -0.0001 0.0001 0.0000 0.0000 0.0000 0.0000 0.0000 0.0000 0.0000 0.0007 0.0001 0.0000 -0.0012 0.0001 0.0000 -0.0008 0.0003 0.0000 0.0001 0.0000 0.0000 0.0000 0.0000 0.0000 -0.0009 0.0000 0.0000 0.0002 -29.9996 -0.0001 -0.0003 29.9996 0.0000 0.0000 0.0000 0.1916 6.2432 173.3212 -0.0004 -0.0163 0.0828 -11.4611 66.7106 -3.1915 0.0000 25.3511 0.0000 -5.5645 -1.9104 173.1870 -0.1727 -12.0158 -0.0646 16.1171 66.3180 22.7617 0.0000 24.9388 -0.0001 
-5.7565 93.2543 5.5432 -2.8145 -4.6684 3.9897 1.0106 2.1700 -2.4696 1.0114 2.1720 -2.4718 1.0135 2.1766 -2.4770 39.8495 65.9419 -57.9571 5.4564 53.6957 44.6053 16.8328 -0.3474 109.3596 -4.9644 3.5768 -7.5776 0.0000 0.0000 0.0001 0.0000 0.0000 0.0000 0.0000 -0.0013 -0.0008 0.0000 -0.0004 0.0001 0.0000 0.0000 0.0000 0.0000 0.0000 0.0000 0.0000 0.0003 0.0000 0.0000 -0.0006 0.0003 0.0000 0.0004 -0.0006 0.0000 0.0000 0.0001 0.0000 0.0000 0.0000 0.0000 -0.0010 -0.0002 0.0000 0.0003 30.0001 -0.0001 0.0005 -29.9998 0.0000 0.0000 0.0000 -16.5196 5.0701 9.8550 -16.5196 5.0701 9.8550 -90.8023 66.5273 15.2196 23.5896 32.3859 -35.0009 6.6836 -9.9240 -9.9937 0.7037 8.7547 4.0125 0.0000 -0.0001 0.0001 0.0000 0.0000 0.0000 0.0000 -0.0006 0.0003 0.0000 -0.0001 0.0001 0.0000 0.0000 0.0000 0.0000 0.0000 0.0000 0.0000 0.0007 0.0001 0.0000 -0.0012 0.0001 0.0000 -0.0008 0.0003 0.0000 0.0001 0.0000 0.0000 0.0000 0.0000 0.0000 -0.0009 0.0000 0.0000 0.0002 -29.9997 -0.0001 -0.0003 29.9996 0.0000 0.0000 0.0000 0.1339 6.2313 173.3845 0.0000 0.0001 0.0828 -11.2938 66.6361 -3.0823 0.0000 25.3510 0.0000 -5.5195 -1.8108 173.2549 -0.1706 -11.9025 -0.0650 16.3020 66.2680 22.7717 0.0000 24.9381 -0.0001 
-5.8179 93.2599 5.5258 -2.6542 -4.6826 3.9562 1.0812 2.1240 -2.4882 1.0821 2.1260 -2.4904 1.0843 2.1305 -2.4956 39.8755 66.1357 -58.0164 4.8607 53.6825 42.8229 16.9549 -0.7220 110.2455 -5.0865 3.6606 -7.6217 0.0000 0.0000 0.0001 0.0000 0.0000 0.0000 0.0000 -0.0013 -0.0008 0.0000 -0.0004 0.0001 0.0000 0.0000 0.0000 0.0000 0.0000 0.0000 0.0000 0.0002 -0.0001 0.0000 -0.0006 0.0003 0.0000 0.0004 -0.0006 0.0000 0.0000 0.0001 0.0000 0.0000 0.0000 0.0000 -0.0010 -0.0002 0.0000 0.0002 30.0001 -0.0001 0.0005 -29.9998 0.0000 0.0000 0.0000 -16.5710 5.1792 9.7420 -16.5710 5.1792 9.7420 -91.1210 66.5168 15.1603 23.5430 32.4473 -35.0292 6.7730 -9.9157 -10.0299 0.7053 8.7432 4.0049 0.0000 -0.0001 0.0001 0.0000 0.0000 0.0000 0.0000 -0.0006 0.0003 0.0000 -0.0001 0.0001 0.0000 0.0000 0.0000 0.0000 0.0000 0.0000 0.0000 0.0007 0.0001 0.0000 -0.0012 0.0001 0.0000 -0.0008 0.0003 0.0000 0.0001 0.0000 0.0000 0.0000 0.0000 0.0000 -0.0009 0.0000 0.0000 0.0002 -29.9996 -0.0001 -0.0003 29.9996 0.0000 0.0000 0.0000 0.0893 6.1893 173.4426 -0.0011 -0.0487 0.0828 -11.1360 66.5993 -2.9747 0.0000 25.3511 0.0000 -5.4850 -1.7319 173.3166 -0.1698 -11.8223 -0.0652 16.4694 66.2331 22.7901 0.0000 24.9376 -0.0001 
-5.8769 93.2610 5.5090 -2.5259 -4.6983 3.9281 1.1415 2.0868 -2.5062 1.1425 2.0888 -2.5085 1.1448 2.0932 -2.5137 39.8458 66.2960 -58.1298 4.3382 53.5744 41.0134 17.0563 -1.1450 111.0603 -5.2169 3.7613 -7.6443 0.0000 0.0000 0.0001 0.0000 0.0000 0.0000 0.0000 -0.0013 -0.0008 0.0000 -0.0004 0.0001 0.0000 0.0000 0.0000 0.0000 0.0000 0.0000 0.0000 0.0002 0.0000 0.0000 -0.0006 0.0003 0.0000 0.0004 -0.0006 0.0000 0.0000 0.0001 0.0000 0.0000 0.0000 0.0000 -0.0010 -0.0002 0.0000 0.0002 30.0001 -0.0001 0.0005 -29.9998 0.0000 0.0000 0.0000 -16.5942 5.2773 9.6206 -16.5942 5.2773 9.6206 -91.4207 66.5143 15.0824 23.5077 32.5166 -35.0866 6.8617 -9.9046 -10.0756 0.7079 8.7332 4.0032 0.0000 -0.0001 0.0001 0.0000 0.0000 0.0000 0.0000 -0.0006 0.0003 0.0000 -0.0001 0.0001 0.0000 0.0000 0.0000 0.0000 0.0000 0.0000 0.0000 0.0007 0.0001 0.0000 -0.0012 0.0001 0.0000 -0.0008 0.0003 0.0000 0.0001 0.0000 0.0000 0.0000 0.0000 0.0000 -0.0009 0.0000 0.0000 0.0002 -29.9996 -0.0001 -0.0003 29.9996 0.0000 0.0000 0.0000 0.0523 6.2018 173.4946 0.0000 0.0001 0.0828 -10.9853 66.5236 -2.8606 0.0000 25.3510 0.0000 -5.4627 -1.6849 173.3730 -0.1687 -11.7951 -0.0654 16.5897 66.2225 22.8010 0.0000 24.9371 -0.0001 
-5.9232 93.2589 5.4925 -2.4223 -4.7191 3.9106 1.1947 2.0566 -2.5286 1.1957 2.0586 -2.5310 1.1981 2.0629 -2.5362 39.8115 66.4351 -58.2517 3.8232 53.4266 39.1603 17.2401 -1.5171 111.8270 -5.3529 3.8616 -7.6525 0.0000 0.0000 0.0001 0.0000 0.0000 0.0000 0.0000 -0.0013 -0.0008 0.0000 -0.0004 0.0001 0.0000 0.0000 0.0000 0.0000 0.0000 0.0000 0.0000 0.0002 0.0000 0.0000 -0.0006 0.0003 0.0000 0.0004 -0.0006 0.0000 0.0000 0.0001 0.0000 0.0000 0.0000 0.0000 -0.0010 -0.0002 0.0000 0.0002 30.0001 -0.0001 0.0005 -29.9998 0.0000 0.0000 0.0000 -16.5972 5.3718 9.5053 -16.5971 5.3718 9.5053 -91.7193 66.5253 14.9831 23.4851 32.5984 -35.1650 6.9351 -9.8944 -10.1233 0.7107 8.7248 4.0049 0.0000 -0.0001 0.0001 0.0000 0.0000 0.0000 0.0000 -0.0006 0.0003 0.0000 -0.0001 0.0001 0.0000 0.0000 0.0000 0.0000 0.0000 0.0000 0.0000 0.0007 0.0001 0.0000 -0.0012 0.0001 0.0000 -0.0008 0.0003 0.0000 0.0001 0.0000 0.0000 0.0000 0.0000 0.0000 -0.0009 0.0000 0.0000 0.0002 -29.9996 -0.0001 -0.0003 29.9996 0.0000 0.0000 0.0000 0.0168 6.1982 173.5306 0.0000 0.0000 0.0828 -10.8762 66.4827 -2.7774 0.0000 25.3510 0.0000 -5.4487 -1.6605 173.4120 -0.1685 -11.8091 -0.0653 16.6830 66.2299 22.8121 0.0000 24.9367 -0.0001 
-5.9494 93.2543 5.4735 -2.3383 -4.7461 3.9045 1.2406 2.0333 -2.5556 1.2417 2.0353 -2.5580 1.2442 2.0395 -2.5632 39.7738 66.5583 -58.3896 3.3489 53.2206 37.3058 17.4889 -1.8044 112.5736 -5.4940 3.9543 -7.6523 0.0000 0.0000 0.0001 0.0000 0.0000 0.0000 0.0000 -0.0013 -0.0008 0.0000 -0.0004 0.0001 0.0000 0.0000 0.0000 0.0000 0.0000 0.0000 0.0000 0.0002 0.0000 0.0000 -0.0006 0.0003 0.0000 0.0004 -0.0006 0.0000 0.0000 0.0001 0.0000 0.0000 0.0000 0.0000 -0.0010 -0.0002 0.0000 0.0002 30.0001 -0.0001 0.0005 -29.9998 0.0000 0.0000 0.0000 -16.5816 5.4632 9.3990 -16.5816 5.4632 9.3991 -92.0085 66.5465 14.8748 23.4714 32.6971 -35.2617 6.9807 -9.8920 -10.1723 0.7135 8.7183 4.0078 0.0000 -0.0001 0.0001 0.0000 0.0000 0.0000 0.0000 -0.0006 0.0003 0.0000 -0.0001 0.0001 0.0000 0.0000 0.0000 0.0000 0.0000 0.0000 0.0000 0.0007 0.0001 0.0000 -0.0012 0.0001 0.0000 -0.0008 0.0003 0.0000 0.0001 0.0000 0.0000 0.0000 0.0000 0.0000 -0.0008 0.0000 0.0000 0.0002 -29.9997 -0.0001 -0.0003 29.9996 0.0000 0.0000 0.0000 -0.0230 6.2009 173.5448 0.0000 0.0000 0.0828 -10.7835 66.4511 -2.6978 0.0000 25.3510 0.0000 -5.4374 -1.6572 173.4278 -0.1705 -11.8613 -0.0651 16.7680 66.2501 22.8323 0.0000 24.9366 -0.0001 
-5.9463 93.2472 5.4553 -2.2802 -4.7828 3.9124 1.2785 2.0199 -2.5878 1.2797 2.0219 -2.5902 1.2822 2.0261 -2.5955 39.7364 66.6655 -58.5396 3.0531 52.8977 35.5492 17.8152 -1.9807 113.2597 -5.6404 4.0383 -7.6297 0.0000 0.0000 0.0001 0.0000 0.0000 0.0000 0.0000 -0.0013 -0.0008 0.0000 -0.0004 0.0001 0.0000 0.0000 0.0000 0.0000 0.0000 0.0000 0.0000 0.0002 0.0000 0.0000 -0.0006 0.0003 0.0000 0.0004 -0.0006 0.0000 0.0000 0.0001 0.0000 0.0000 0.0000 0.0000 -0.0010 -0.0002 0.0000 0.0002 30.0001 -0.0001 0.0005 -29.9998 0.0000 0.0000 0.0000 -16.5426 5.5511 9.3030 -16.5426 5.5511 9.3030 -92.2789 66.5759 14.7622 23.4669 32.8225 -35.3785 6.9747 -9.9156 -10.2188 0.7157 8.7154 4.0095 0.0000 -0.0001 0.0001 0.0000 0.0000 0.0000 0.0000 -0.0006 0.0003 0.0000 -0.0001 0.0001 0.0000 0.0000 0.0000 0.0000 0.0000 0.0000 0.0000 0.0007 0.0001 0.0000 -0.0011 0.0001 0.0000 -0.0008 0.0003 0.0000 0.0001 0.0000 0.0000 0.0000 0.0000 0.0000 -0.0008 0.0000 0.0000 0.0002 -29.9996 -0.0001 -0.0003 29.9996 0.0000 0.0000 0.0000 -0.0570 6.1928 173.5297 -0.0011 -0.0485 0.0828 -10.7119 66.4568 -2.6333 0.0000 25.3510 0.0000 -5.4234 -1.6809 173.4112 -0.1756 -11.9728 -0.0644 16.8599 66.2944 22.8776 0.0000 24.9367 -0.0001 
-5.9313 93.2383 5.4449 -2.2399 -4.8303 3.9296 1.3122 2.0142 -2.6223 1.3134 2.0162 -2.6248 1.3160 2.0204 -2.6301 39.6512 66.7593 -58.7330 2.9932 52.4463 33.9512 18.1623 -2.0549 113.8644 -5.7862 4.1118 -7.5862 0.0000 0.0000 0.0001 0.0000 0.0000 0.0000 0.0000 -0.0013 -0.0008 0.0000 -0.0004 0.0001 0.0000 0.0000 0.0000 0.0000 0.0000 0.0000 0.0000 0.0002 0.0000 0.0000 -0.0006 0.0003 0.0000 0.0004 -0.0006 0.0000 0.0000 0.0001 0.0000 0.0000 0.0000 0.0000 -0.0010 -0.0002 0.0000 0.0002 30.0001 -0.0001 0.0005 -29.9998 0.0000 0.0000 0.0000 -16.5001 5.6376 9.2208 -16.5001 5.6376 9.2208 -92.5445 66.6081 14.6303 23.4723 32.9500 -35.4955 6.9477 -9.9456 -10.2619 0.7177 8.7146 4.0105 0.0000 -0.0001 0.0001 0.0000 0.0000 0.0000 0.0000 -0.0006 0.0003 0.0000 -0.0001 0.0001 0.0000 0.0000 0.0000 0.0000 0.0000 0.0000 0.0000 0.0007 0.0001 0.0000 -0.0012 0.0001 0.0000 -0.0008 0.0003 0.0000 0.0001 0.0000 0.0000 0.0000 0.0000 0.0000 -0.0008 0.0000 0.0000 0.0002 -29.9996 -0.0001 -0.0003 29.9996 0.0000 0.0000 0.0000 -0.0880 6.2511 173.4982 0.0000 0.0001 0.0828 -10.6309 66.4237 -2.5550 0.0000 25.3511 0.0000 -5.4065 -1.7099 173.3776 -0.1812 -12.1194 -0.0635 16.9518 66.3581 22.9349 0.0000 24.9369 -0.0001 
-5.9088 93.2281 5.4393 -2.2124 -4.8886 3.9530 1.3435 2.0142 -2.6583 1.3448 2.0163 -2.6609 1.3474 2.0204 -2.6662 39.5000 66.8423 -58.9669 3.1506 51.8856 32.5025 18.5107 -2.0372 114.3721 -5.9266 4.1743 -7.5237 0.0000 0.0000 0.0001 0.0000 0.0000 0.0000 0.0000 -0.0013 -0.0008 0.0000 -0.0004 0.0001 0.0000 0.0000 0.0000 0.0000 0.0000 0.0000 0.0000 0.0002 0.0000 0.0000 -0.0006 0.0003 0.0000 0.0004 -0.0006 0.0000 0.0000 0.0001 0.0000 0.0000 0.0000 0.0000 -0.0010 -0.0002 0.0000 0.0002 30.0001 -0.0001 0.0005 -29.9998 0.0000 0.0000 0.0000 -16.4582 5.7257 9.1458 -16.4582 5.7257 9.1458 -92.8150 66.6443 14.4724 23.4829 33.0743 -35.6080 6.9103 -9.9743 -10.3015 0.7197 8.7154 4.0111 0.0000 -0.0001 0.0001 0.0000 0.0000 0.0000 0.0000 -0.0006 0.0003 0.0000 -0.0001 0.0001 0.0000 0.0000 0.0000 0.0000 0.0000 0.0000 0.0000 0.0007 0.0001 0.0000 -0.0012 0.0001 0.0000 -0.0008 0.0003 0.0000 0.0001 0.0000 0.0000 0.0000 0.0000 0.0000 -0.0009 0.0000 0.0000 0.0002 -29.9996 -0.0001 -0.0003 29.9996 0.0000 0.0000 0.0000 -0.1132 6.2755 173.4556 -0.0011 -0.0485 0.0828 -10.5746 66.4428 -2.4953 0.0000 25.3510 0.0000 -5.3894 -1.7368 173.3324 -0.1865 -12.2842 -0.0627 17.0410 66.4308 22.9995 0.0000 24.9372 -0.0001 
-5.8680 93.2156 5.4328 -2.2012 -4.9616 3.9788 1.3745 2.0212 -2.6932 1.3759 2.0233 -2.6960 1.3785 2.0274 -2.7013 39.2178 66.8980 -59.2884 3.6616 51.1658 31.2898 18.7944 -1.9348 114.7570 -6.0592 4.2276 -7.4360 0.0000 0.0000 0.0001 0.0000 0.0000 0.0000 0.0000 -0.0013 -0.0008 0.0000 -0.0004 0.0001 0.0000 0.0000 0.0000 0.0000 0.0000 0.0000 0.0000 0.0002 0.0000 0.0000 -0.0006 0.0003 0.0000 0.0004 -0.0006 0.0000 0.0000 0.0001 0.0000 0.0000 0.0000 0.0000 -0.0010 -0.0002 0.0000 0.0002 30.0001 -0.0001 0.0005 -29.9998 0.0000 0.0000 0.0000 -16.4224 5.8179 9.0722 -16.4224 5.8179 9.0722 -93.1089 66.6854 14.2726 23.5006 33.1946 -35.7144 6.8447 -9.9953 -10.3397 0.7223 8.7194 4.0082 0.0000 -0.0001 0.0001 0.0000 0.0000 0.0000 0.0000 -0.0006 0.0003 0.0000 -0.0001 0.0001 0.0000 0.0000 0.0000 0.0000 0.0000 0.0000 0.0000 0.0007 0.0001 0.0000 -0.0011 0.0001 0.0000 -0.0008 0.0003 0.0000 0.0001 0.0000 0.0000 0.0000 0.0000 0.0000 -0.0009 0.0000 0.0000 0.0002 -29.9997 -0.0001 -0.0003 29.9996 0.0000 0.0000 0.0000 -0.1458 6.3615 173.3961 0.0000 0.0000 0.0828 -10.4826 66.4141 -2.3736 0.0000 25.3511 0.0000 -5.3717 -1.7612 173.2723 -0.1927 -12.4627 -0.0617 17.1337 66.5011 23.0793 0.0000 24.9376 -0.0001 
-5.8099 93.2015 5.4250 -2.2062 -5.0433 3.9982 1.4068 2.0325 -2.7228 1.4082 2.0347 -2.7257 1.4108 2.0388 -2.7310 38.8659 66.9383 -59.6581 4.4024 50.3314 30.2282 19.0527 -1.8183 115.0151 -6.1852 4.2835 -7.3151 0.0000 0.0000 0.0001 0.0000 0.0000 0.0000 0.0000 -0.0013 -0.0008 0.0000 -0.0004 0.0001 0.0000 0.0000 0.0000 0.0000 0.0000 0.0000 0.0000 0.0003 0.0000 0.0000 -0.0007 0.0003 0.0000 0.0004 -0.0006 0.0000 0.0000 0.0001 0.0000 0.0000 0.0000 0.0000 -0.0010 -0.0002 0.0000 0.0002 30.0001 -0.0001 0.0005 -29.9998 0.0000 0.0000 0.0000 -16.3906 5.9094 8.9915 -16.3906 5.9094 8.9915 -93.4242 66.7231 14.0480 23.5249 33.3192 -35.8291 6.7600 -10.0093 -10.3757 0.7252 8.7252 4.0030 0.0000 -0.0001 0.0001 0.0000 0.0000 0.0000 0.0000 -0.0006 0.0003 0.0000 -0.0001 0.0001 0.0000 0.0000 0.0000 0.0000 0.0000 0.0000 0.0000 0.0007 0.0001 0.0000 -0.0012 0.0001 0.0000 -0.0008 0.0003 0.0000 0.0001 0.0000 0.0000 0.0000 0.0000 0.0000 -0.0009 0.0000 0.0000 0.0002 -29.9996 -0.0001 -0.0003 29.9996 0.0000 0.0000 0.0000 -0.1511 6.4336 173.3330 0.0000 0.0001 0.0828 -10.3523 66.4034 -2.2182 0.0000 25.3510 0.0000 -5.3499 -1.7873 173.2073 -0.2003 -12.6529 -0.0606 17.2392 66.5685 23.1814 0.0000 24.9379 -0.0001 
-5.7410 93.1856 5.4254 -2.2263 -5.1311 4.0119 1.4391 2.0476 -2.7469 1.4406 2.0498 -2.7498 1.4433 2.0539 -2.7550 38.4776 66.9684 -60.0666 5.2772 49.4331 29.2602 19.3248 -1.6754 115.1618 -6.3029 4.3390 -7.1681 0.0000 0.0000 0.0001 0.0000 0.0000 0.0000 0.0000 -0.0013 -0.0008 0.0000 -0.0004 0.0001 0.0000 0.0000 0.0000 0.0000 0.0000 0.0000 0.0000 0.0002 0.0000 0.0000 -0.0006 0.0003 0.0000 0.0004 -0.0006 0.0000 0.0000 0.0001 0.0000 0.0000 0.0000 0.0000 -0.0010 -0.0002 0.0000 0.0003 30.0001 -0.0001 0.0005 -29.9998 0.0000 0.0000 0.0000 -16.3590 5.9950 8.9043 -16.3590 5.9950 8.9043 -93.7603 66.7568 13.8037 23.5542 33.4462 -35.9530 6.6750 -10.0142 -10.4200 0.7290 8.7316 3.9980 0.0000 -0.0001 0.0001 0.0000 0.0000 0.0000 0.0000 -0.0006 0.0003 0.0000 -0.0001 0.0001 0.0000 0.0000 0.0000 0.0000 0.0000 0.0000 0.0000 0.0007 0.0001 0.0000 -0.0011 0.0001 0.0000 -0.0008 0.0003 0.0000 0.0001 0.0000 0.0000 0.0000 0.0000 0.0000 -0.0008 0.0000 0.0000 0.0002 -29.9996 -0.0001 -0.0003 29.9996 0.0000 0.0000 0.0000 -0.1376 6.4876 173.2693 -0.0016 -0.0625 0.0828 -10.2071 66.4225 -2.0478 0.0000 25.3510 0.0000 -5.3234 -1.8092 173.1408 -0.2085 -12.8529 -0.0593 17.3589 66.6402 23.3067 0.0000 24.9382 -0.0001 
-5.6651 93.1664 5.4439 -2.2674 -5.2288 4.0219 1.4692 2.0695 -2.7642 1.4708 2.0718 -2.7672 1.4735 2.0759 -2.7724 38.0416 66.9817 -60.5389 6.2320 48.5079 28.3431 19.6744 -1.4802 115.1412 -6.4066 4.3920 -6.9925 0.0000 0.0000 0.0001 0.0000 0.0000 0.0000 0.0000 -0.0013 -0.0008 0.0000 -0.0004 0.0001 0.0000 0.0000 0.0000 0.0000 0.0000 0.0000 0.0000 0.0002 0.0000 0.0000 -0.0006 0.0003 0.0000 0.0004 -0.0006 0.0000 0.0000 0.0001 0.0000 0.0000 0.0000 0.0000 -0.0010 -0.0002 0.0000 0.0002 30.0001 -0.0001 0.0005 -29.9998 0.0000 0.0000 0.0000 -16.3212 6.0614 8.8113 -16.3212 6.0614 8.8113 -94.0955 66.7834 13.5717 23.5902 33.5981 -36.0994 6.5787 -10.0239 -10.4848 0.7343 8.7381 3.9946 0.0000 0.0000 0.0001 0.0000 0.0000 0.0000 0.0000 -0.0006 0.0003 0.0000 -0.0001 0.0001 0.0000 0.0000 0.0000 0.0000 0.0000 0.0000 0.0000 0.0007 0.0001 0.0000 -0.0012 0.0001 0.0000 -0.0008 0.0003 0.0000 0.0001 0.0000 0.0000 0.0000 0.0000 0.0000 -0.0009 0.0000 0.0000 0.0002 -29.9996 -0.0001 -0.0003 29.9996 0.0000 0.0000 0.0000 -0.1291 6.6259 173.2030 0.0000 0.0000 0.0828 -10.0382 66.3832 -1.8290 0.0000 25.0371 0.0000 -5.2980 -1.8174 173.0719 -0.2164 -13.0643 -0.0580 17.4890 66.7270 23.4618 0.0000 24.9385 -0.0001 
-5.5834 93.1432 5.4665 -2.3261 -5.3361 4.0334 1.4972 2.0996 -2.7783 1.4989 2.1020 -2.7813 1.5016 2.1061 -2.7865 37.5459 66.9638 -61.0880 7.2338 47.5594 27.4226 20.0814 -1.2154 115.0149 -6.5006 4.4397 -6.8013 0.0000 0.0000 0.0001 0.0000 0.0000 0.0000 0.0000 -0.0013 -0.0008 0.0000 -0.0004 0.0001 0.0000 0.0000 0.0000 0.0000 0.0000 0.0000 0.0000 0.0003 0.0000 0.0000 -0.0006 0.0003 0.0000 0.0004 -0.0006 0.0000 0.0000 0.0001 0.0000 0.0000 0.0000 0.0000 -0.0010 -0.0002 0.0000 0.0003 30.0001 -0.0001 0.0005 -29.9998 0.0000 0.0000 0.0000 -16.2738 6.1019 8.7181 -16.2738 6.1019 8.7181 -94.3962 66.8052 13.3859 23.6371 33.7805 -36.2536 6.4572 -10.0532 -10.5836 0.7412 8.7443 3.9928 0.0000 -0.0001 0.0001 0.0000 0.0000 0.0000 0.0000 -0.0006 0.0003 0.0000 -0.0001 0.0001 0.0000 0.0000 0.0000 0.0000 0.0000 0.0000 0.0000 0.0007 0.0001 0.0000 -0.0012 0.0001 0.0000 -0.0008 0.0003 0.0000 0.0001 0.0000 0.0000 0.0000 0.0000 0.0000 -0.0009 0.0000 0.0000 0.0002 -29.9996 -0.0001 -0.0003 29.9996 0.0000 0.0000 0.0000 -0.1167 6.7207 173.1315 -0.0013 -0.0485 0.0828 -9.8972 66.3945 -1.6248 0.0000 25.0368 0.0000 -5.2747 -1.8248 172.9964 -0.2246 -13.2939 -0.0566 17.6185 66.8304 23.6334 0.0000 24.9389 -0.0001 
-5.4918 93.1154 5.4821 -2.4010 -5.4526 4.0488 1.5236 2.1380 -2.7910 1.5252 2.1405 -2.7941 1.5280 2.1446 -2.7993 37.0211 66.9209 -61.6758 8.2342 46.5769 26.4689 20.5344 -0.8575 114.8224 -6.5891 4.4806 -6.6025 0.0000 0.0000 0.0001 0.0000 0.0000 0.0000 0.0000 -0.0013 -0.0008 0.0000 -0.0004 0.0001 0.0000 0.0000 0.0000 0.0000 0.0000 0.0000 0.0000 0.0003 -0.0001 0.0000 -0.0006 0.0003 0.0000 0.0004 -0.0006 0.0000 0.0000 0.0001 0.0000 0.0000 0.0000 0.0000 -0.0010 -0.0002 0.0000 0.0003 30.0001 -0.0001 0.0005 -29.9998 0.0000 0.0000 0.0000 -16.2171 6.1158 8.6268 -16.2171 6.1158 8.6268 -94.6589 66.8247 13.2450 23.6889 33.9780 -36.4072 6.3297 -10.0954 -10.7194 0.7503 8.7494 3.9934 0.0000 -0.0001 0.0001 0.0000 0.0000 0.0000 0.0000 -0.0006 0.0003 0.0000 -0.0001 0.0001 0.0000 0.0000 0.0000 0.0000 0.0000 0.0000 0.0000 0.0007 0.0001 0.0000 -0.0012 0.0001 0.0000 -0.0008 0.0003 0.0000 0.0001 0.0000 0.0000 0.0000 0.0000 0.0000 -0.0008 0.0000 0.0000 0.0002 -29.9996 -0.0001 -0.0003 29.9996 0.0000 0.0000 0.0000 -0.1053 6.8690 173.0496 0.0000 0.0000 0.0828 -9.7345 66.3480 -1.3851 0.0000 25.0365 0.0000 -5.2461 -1.8433 172.9107 -0.2341 -13.5505 -0.0550 17.7487 66.9487 23.8136 0.0000 24.9395 -0.0001 
-5.3869 93.0798 5.4773 -2.4980 -5.5829 4.0739 1.5472 2.1893 -2.8044 1.5490 2.1920 -2.8076 1.5517 2.1961 -2.8127 36.5076 66.8612 -62.2684 9.1465 45.5584 25.4531 21.0116 -0.3869 114.5608 -6.6760 4.5164 -6.4036 0.0000 0.0000 0.0001 0.0000 0.0000 0.0000 0.0000 -0.0013 -0.0008 0.0000 -0.0004 0.0001 0.0000 0.0000 0.0000 0.0000 0.0000 0.0000 0.0000 0.0003 -0.0001 0.0000 -0.0007 0.0003 0.0000 0.0004 -0.0006 0.0000 0.0000 0.0001 0.0000 0.0000 0.0000 0.0000 -0.0010 -0.0002 0.0000 0.0002 30.0001 -0.0001 0.0005 -29.9998 0.0000 0.0000 0.0000 -16.1478 6.0885 8.5412 -16.1478 6.0885 8.5411 -94.8647 66.8462 13.1637 23.7257 34.1692 -36.5548 6.2140 -10.1581 -10.9170 0.7631 8.7536 3.9957 0.0000 -0.0001 0.0001 0.0000 0.0000 0.0000 0.0000 -0.0006 0.0003 0.0000 -0.0001 0.0001 0.0000 0.0000 0.0000 0.0000 0.0000 0.0000 0.0000 0.0007 0.0001 0.0000 -0.0012 0.0001 0.0000 -0.0008 0.0003 0.0000 0.0001 0.0000 0.0000 0.0000 0.0000 0.0000 -0.0009 0.0000 0.0000 0.0002 -29.9996 -0.0001 -0.0003 29.9996 0.0000 0.0000 0.0000 -0.0807 6.9703 172.9519 -0.0014 -0.0487 0.0828 -9.5815 66.3288 -1.1462 0.0000 25.0362 0.0000 -5.1961 -1.8910 172.8109 -0.2456 -13.8616 -0.0530 17.8696 67.0861 23.9845 0.0000 24.9405 -0.0001 
-5.2749 93.0392 5.4572 -2.6094 -5.7235 4.1066 1.5682 2.2504 -2.8189 1.5700 2.2532 -2.8222 1.5727 2.2573 -2.8273 36.0483 66.8040 -62.8192 9.9289 44.5570 24.4106 21.4709 0.0660 114.2301 -6.7561 4.5602 -6.1996 0.0000 0.0000 0.0001 0.0000 0.0000 0.0000 0.0000 -0.0013 -0.0008 0.0000 -0.0004 0.0001 0.0000 0.0000 0.0000 0.0000 0.0000 0.0000 0.0000 0.0003 0.0000 0.0000 -0.0006 0.0003 0.0000 0.0004 -0.0006 0.0000 0.0000 0.0001 0.0000 0.0000 0.0000 0.0000 -0.0010 -0.0002 0.0000 0.0003 30.0001 -0.0001 0.0005 -29.9998 0.0000 0.0000 0.0000 -16.0719 6.0317 8.4598 -16.0719 6.0317 8.4598 -95.0373 66.8751 13.0970 23.7455 34.3194 -36.6739 6.0984 -10.2322 -11.1640 0.7794 8.7596 3.9935 0.0000 -0.0001 0.0001 0.0000 0.0000 0.0000 0.0000 -0.0006 0.0003 0.0000 -0.0001 0.0001 0.0000 0.0000 0.0000 0.0000 0.0000 0.0000 0.0000 0.0007 0.0001 0.0000 -0.0012 0.0001 0.0000 -0.0008 0.0003 0.0000 0.0001 0.0000 0.0000 0.0000 0.0000 0.0000 -0.0008 0.0000 0.0000 0.0002 -29.9997 -0.0001 -0.0003 29.9996 0.0000 0.0000 0.0000 -0.0587 7.1124 172.8423 -0.0005 -0.0163 0.0828 -9.4162 66.2548 -0.8798 0.0000 25.0359 0.0000 -5.1166 -1.9633 172.7046 -0.2571 -14.2221 -0.0507 17.9876 67.2401 24.1402 0.0000 24.9417 -0.0001 
-5.1525 92.9948 5.4278 -2.7300 -5.8699 4.1437 1.5848 2.3179 -2.8338 1.5867 2.3209 -2.8372 1.5894 2.3250 -2.8422 35.6597 66.7520 -63.3175 10.6049 43.5498 23.2903 21.8658 0.4418 113.9385 -6.8390 4.6166 -5.9934 0.0000 0.0000 0.0001 0.0000 0.0000 0.0000 0.0000 -0.0013 -0.0008 0.0000 -0.0004 0.0001 0.0000 0.0000 0.0000 0.0000 0.0000 0.0000 0.0000 0.0002 0.0000 0.0000 -0.0006 0.0003 0.0000 0.0004 -0.0006 0.0000 0.0000 0.0001 0.0000 0.0000 0.0000 0.0000 -0.0010 -0.0002 0.0000 0.0002 30.0001 -0.0001 0.0005 -29.9998 0.0000 0.0000 0.0000 -15.9911 5.9556 8.3815 -15.9911 5.9556 8.3815 -95.1822 66.9115 13.0261 23.7443 34.4076 -36.7588 5.9900 -10.3000 -11.4443 0.7989 8.7686 3.9854 0.0000 -0.0001 0.0001 0.0000 0.0000 0.0000 0.0000 -0.0006 0.0003 0.0000 -0.0001 0.0001 0.0000 0.0000 0.0000 0.0000 0.0000 0.0000 0.0000 0.0007 0.0001 0.0000 -0.0012 0.0001 0.0000 -0.0008 0.0003 0.0000 0.0001 0.0000 0.0000 0.0000 0.0000 0.0000 -0.0009 0.0000 0.0000 0.0002 -29.9996 -0.0001 -0.0003 29.9996 0.0000 0.0000 0.0000 -0.0318 7.2216 172.7223 -0.0015 -0.0485 0.0828 -9.2531 66.2009 -0.6095 0.0000 25.0356 0.0000 -5.0100 -2.0548 172.5915 -0.2691 -14.6205 -0.0483 18.1165 67.4056 24.2928 0.0000 24.9430 -0.0001 
-5.0043 92.9458 5.3921 -2.8537 -6.0185 4.1829 1.5950 2.3862 -2.8487 1.5970 2.3893 -2.8523 1.5997 2.3936 -2.8572 35.4051 66.7232 -63.7015 11.1511 42.5659 22.0798 22.1053 0.6902 113.7224 -6.9274 4.6876 -5.7947 0.0000 0.0000 0.0001 0.0000 0.0000 0.0000 0.0000 -0.0013 -0.0008 0.0000 -0.0004 0.0001 0.0000 0.0000 0.0000 0.0000 0.0000 0.0000 0.0000 0.0002 -0.0001 0.0000 -0.0006 0.0003 0.0000 0.0004 -0.0006 0.0000 0.0000 0.0001 0.0000 0.0000 0.0000 0.0000 -0.0010 -0.0002 0.0000 0.0002 30.0001 -0.0001 0.0005 -29.9998 0.0000 0.0000 0.0000 -15.9110 5.8731 8.3068 -15.9110 5.8731 8.3068 -95.3212 66.9527 12.9144 23.6938 34.3934 -36.8073 5.8948 -10.3424 -11.7366 0.8210 8.7835 3.9646 0.0000 -0.0001 0.0001 0.0000 0.0000 0.0000 0.0000 -0.0006 0.0003 0.0000 -0.0001 0.0001 0.0000 0.0000 0.0000 0.0000 0.0000 0.0000 0.0000 0.0007 0.0001 0.0000 -0.0012 0.0001 0.0000 -0.0008 0.0003 0.0000 0.0001 0.0000 0.0000 0.0000 0.0000 0.0000 -0.0008 0.0000 0.0000 0.0002 -29.9996 -0.0001 -0.0003 29.9996 0.0000 0.0000 0.0000 -0.0014 7.3432 172.5832 -0.0016 -0.0487 0.0828 -9.0412 66.1180 -0.2887 0.0000 25.0352 0.0000 -4.7647 -2.1501 172.4723 -0.2818 -15.0505 -0.0456 18.4273 67.5684 24.5026 0.0000 24.9446 -0.0001 
-4.8362 92.8945 5.3644 -2.9686 -6.1595 4.2184 1.5998 2.4479 -2.8627 1.6018 2.4512 -2.8663 1.6044 2.4554 -2.8712 35.2400 66.7173 -64.0092 11.6282 41.6474 20.8196 22.1743 0.8310 113.5574 -7.0138 4.7651 -5.6104 0.0000 0.0000 0.0001 0.0000 0.0000 0.0000 0.0000 -0.0013 -0.0008 0.0000 -0.0004 0.0001 0.0000 0.0000 0.0000 0.0000 0.0000 0.0000 0.0000 0.0002 0.0000 0.0000 -0.0006 0.0003 0.0000 0.0004 -0.0006 0.0000 0.0000 0.0001 0.0000 0.0000 0.0000 0.0000 -0.0010 -0.0002 0.0000 0.0002 30.0001 -0.0002 0.0006 -29.9998 0.0000 0.0000 0.0000 -15.8376 5.8041 8.2351 -15.8376 5.8041 8.2351 -95.4649 66.9913 12.7671 23.6095 34.3218 -36.8329 5.7862 -10.3716 -12.0076 0.8430 8.8035 3.9321 0.0000 -0.0001 0.0001 0.0000 0.0000 0.0000 0.0000 -0.0006 0.0003 0.0000 -0.0001 0.0001 0.0000 0.0000 0.0000 0.0000 0.0000 0.0000 0.0000 0.0007 0.0001 0.0000 -0.0012 0.0001 0.0000 -0.0008 0.0003 0.0000 0.0001 0.0000 0.0000 0.0000 0.0000 0.0000 -0.0009 0.0000 0.0000 0.0002 -29.9996 -0.0001 -0.0003 29.9996 0.0000 0.0000 0.0000 0.0334 7.4861 172.4349 0.0000 0.0001 0.0828 -8.7772 66.0108 0.0721 0.0000 25.0349 0.0000 -4.4442 -2.2341 172.3501 -0.2960 -15.4739 -0.0426 18.8747 67.7174 24.7752 0.0000 24.9462 -0.0001 
-4.6634 92.8441 5.3532 -3.0723 -6.2900 4.2480 1.6008 2.5009 -2.8744 1.6029 2.5043 -2.8782 1.6054 2.5086 -2.8830 35.1400 66.7302 -64.2593 12.0324 40.8126 19.4989 22.0789 0.8880 113.4531 -7.0988 4.8442 -5.4480 0.0000 0.0000 0.0001 0.0000 0.0000 0.0000 0.0000 -0.0013 -0.0008 0.0000 -0.0004 0.0001 0.0000 0.0000 0.0000 0.0000 0.0000 0.0000 0.0000 0.0002 0.0000 0.0000 -0.0006 0.0003 0.0000 0.0004 -0.0006 0.0000 0.0000 0.0001 0.0000 0.0000 0.0000 0.0000 -0.0010 -0.0002 0.0000 0.0002 30.0001 -0.0001 0.0005 -29.9998 0.0000 0.0000 0.0000 -15.7727 5.7533 8.1670 -15.7728 5.7533 8.1670 -95.6186 67.0229 12.5835 23.5198 34.2236 -36.8282 5.6592 -10.3931 -12.2500 0.8637 8.8267 3.8921 0.0000 -0.0001 0.0001 0.0000 0.0000 0.0000 0.0000 -0.0006 0.0003 0.0000 -0.0001 0.0001 0.0000 0.0000 0.0000 0.0000 0.0000 0.0000 0.0000 0.0007 0.0001 0.0000 -0.0012 0.0001 0.0000 -0.0008 0.0003 0.0000 0.0001 0.0000 0.0000 0.0000 0.0000 0.0000 -0.0008 0.0000 0.0000 0.0002 -29.9997 -0.0001 -0.0003 29.9996 0.0000 0.0000 0.0000 0.0776 7.6053 172.2910 0.0000 0.0001 0.0828 -8.5011 65.9353 0.4247 0.0000 25.0345 0.0000 -4.1310 -2.3031 172.2297 -0.3105 -15.8717 -0.0396 19.3499 67.8563 25.0763 0.0000 24.9475 -0.0001 
-4.5057 92.8002 5.3774 -3.1574 -6.4009 4.2682 1.5981 2.5377 -2.8831 1.6002 2.5412 -2.8870 1.6027 2.5455 -2.8917 35.1452 66.7644 -64.4055 12.2496 40.1340 17.9661 21.7817 0.8736 113.5301 -7.1933 4.9172 -5.3379 0.0000 0.0000 0.0001 0.0000 0.0000 0.0000 0.0000 -0.0013 -0.0008 0.0000 -0.0004 0.0001 0.0000 0.0000 0.0000 0.0000 0.0000 0.0000 0.0000 0.0002 0.0000 0.0000 -0.0006 0.0003 0.0000 0.0004 -0.0006 0.0000 0.0000 0.0001 0.0000 0.0000 0.0000 0.0000 -0.0010 -0.0002 0.0000 0.0002 30.0001 -0.0001 0.0005 -29.9998 0.0000 0.0000 0.0000 -15.7202 5.7386 8.0979 -15.7202 5.7386 8.0979 -95.7726 67.0415 12.3701 23.4517 34.1296 -36.7809 5.5217 -10.3962 -12.4282 0.8804 8.8496 3.8517 0.0000 -0.0001 0.0001 0.0000 0.0000 0.0000 0.0000 -0.0006 0.0003 0.0000 -0.0001 0.0001 0.0000 0.0000 0.0000 0.0000 0.0000 0.0000 0.0000 0.0007 0.0001 0.0000 -0.0012 0.0001 0.0000 -0.0008 0.0003 0.0000 0.0001 0.0000 0.0000 0.0000 0.0000 0.0000 -0.0008 0.0000 0.0000 0.0002 -29.9996 -0.0001 -0.0003 29.9996 0.0000 0.0000 0.0000 0.1337 7.7307 172.1686 0.0000 0.0001 0.0828 -8.2333 65.8852 0.7323 0.0000 25.0341 0.0000 -3.8671 -2.3384 172.1228 -0.3232 -16.2083 -0.0369 19.7962 67.9863 25.3758 0.0000 24.9487 -0.0001 
-4.3729 92.7637 5.4231 -3.2313 -6.4939 4.2826 1.5974 2.5589 -2.8908 1.5995 2.5625 -2.8947 1.6020 2.5668 -2.8994 35.2036 66.8072 -64.4946 12.2392 39.6310 16.2422 21.4279 0.8710 113.7173 -7.2904 4.9768 -5.2776 0.0000 0.0000 0.0001 0.0000 0.0000 0.0000 0.0000 -0.0013 -0.0008 0.0000 -0.0004 0.0001 0.0000 0.0000 0.0000 0.0000 0.0000 0.0000 0.0000 0.0003 0.0000 0.0000 -0.0006 0.0003 0.0000 0.0004 -0.0006 0.0000 0.0000 0.0001 0.0000 0.0000 0.0000 0.0000 -0.0010 -0.0002 0.0000 0.0002 30.0001 -0.0001 0.0005 -29.9998 0.0000 0.0000 0.0000 -15.6779 5.7551 8.0262 -15.6779 5.7551 8.0262 -95.9264 67.0476 12.1568 23.4099 34.0828 -36.7202 5.3829 -10.3941 -12.5306 0.8910 8.8690 3.8174 0.0000 -0.0001 0.0001 0.0000 0.0000 0.0000 0.0000 -0.0006 0.0003 0.0000 -0.0001 0.0001 0.0000 0.0000 0.0000 0.0000 0.0000 0.0000 0.0000 0.0007 0.0001 0.0000 -0.0012 0.0001 0.0000 -0.0008 0.0003 0.0000 0.0001 0.0000 0.0000 0.0000 0.0000 0.0000 -0.0008 0.0000 0.0000 0.0002 -29.9996 -0.0001 -0.0003 29.9996 0.0000 0.0000 0.0000 0.2015 7.8214 172.0706 -0.0026 -0.0682 0.0828 -8.0099 65.8938 0.9657 0.0000 25.0338 0.0000 -3.6527 -2.3508 172.0334 -0.3336 -16.4883 -0.0345 20.1674 68.1065 25.6262 0.0000 24.9498 -0.0001 
-4.2630 92.7334 5.4778 -3.2995 -6.5703 4.2912 1.6022 2.5669 -2.8973 1.6043 2.5705 -2.9012 1.6068 2.5748 -2.9060 35.2819 66.8540 -64.5644 11.9975 39.2815 14.3685 21.0794 0.8942 113.9692 -7.3873 5.0239 -5.2590 0.0000 0.0000 0.0001 0.0000 0.0000 0.0000 0.0000 -0.0013 -0.0008 0.0000 -0.0004 0.0001 0.0000 0.0000 0.0000 0.0000 0.0000 0.0000 0.0000 0.0002 0.0000 0.0000 -0.0006 0.0003 0.0000 0.0004 -0.0006 0.0000 0.0000 0.0001 0.0000 0.0000 0.0000 0.0000 -0.0010 -0.0002 0.0000 0.0002 30.0001 -0.0001 0.0005 -29.9998 0.0000 0.0000 0.0000 -15.6451 5.7930 7.9519 -15.6451 5.7930 7.9519 -96.0839 67.0438 11.9489 23.3958 34.0878 -36.6470 5.2369 -10.4003 -12.5678 0.8961 8.8848 3.7882 0.0000 -0.0001 0.0001 0.0000 0.0000 0.0000 0.0000 -0.0006 0.0003 0.0000 -0.0001 0.0001 0.0000 0.0000 0.0000 0.0000 0.0000 0.0000 0.0000 0.0007 0.0001 0.0000 -0.0012 0.0001 0.0000 -0.0008 0.0003 0.0000 0.0001 0.0000 0.0000 0.0000 0.0000 0.0000 -0.0008 0.0000 0.0000 0.0002 -29.9996 -0.0001 -0.0003 29.9996 0.0000 0.0000 0.0000 0.2666 7.9642 171.9938 -0.0006 -0.0163 0.0828 -7.8095 65.8612 1.1642 0.0000 25.0336 0.0000 -3.4724 -2.3520 171.9641 -0.3421 -16.7223 -0.0326 20.4697 68.2155 25.8260 0.0000 24.9508 -0.0001 
-4.1885 92.7111 5.5295 -3.3643 -6.6247 4.2915 1.6174 2.5598 -2.9018 1.6195 2.5634 -2.9057 1.6220 2.5677 -2.9104 35.3833 66.9036 -64.6266 11.3708 39.1157 12.2959 20.7861 0.9279 114.3036 -7.4867 5.0586 -5.2944 0.0000 0.0000 0.0001 0.0000 0.0000 0.0000 0.0000 -0.0013 -0.0008 0.0000 -0.0004 0.0001 0.0000 0.0000 0.0000 0.0000 0.0000 0.0000 0.0000 0.0002 -0.0001 0.0000 -0.0006 0.0003 0.0000 0.0004 -0.0006 0.0000 0.0000 0.0001 0.0000 0.0000 0.0000 0.0000 -0.0010 -0.0002 0.0000 0.0003 30.0001 -0.0001 0.0005 -29.9998 0.0000 0.0000 0.0000 -15.6249 5.8482 7.8762 -15.6249 5.8482 7.8762 -96.2442 67.0272 11.7529 23.4165 34.1471 -36.5528 5.1028 -10.4200 -12.5236 0.8937 8.8949 3.7670 0.0000 -0.0001 0.0001 0.0000 0.0000 0.0000 0.0000 -0.0006 0.0003 0.0000 -0.0001 0.0001 0.0000 0.0000 0.0000 0.0000 0.0000 0.0000 0.0000 0.0007 0.0001 0.0000 -0.0012 0.0001 0.0000 -0.0008 0.0003 0.0000 0.0001 0.0000 0.0000 0.0000 0.0000 0.0000 -0.0008 0.0000 0.0000 0.0002 -29.9996 -0.0001 -0.0003 29.9996 0.0000 0.0000 0.0000 0.3329 8.0365 171.9503 -0.0025 -0.0624 0.0828 -7.6955 65.8946 1.2660 0.0000 25.0336 0.0000 -3.3264 -2.3455 171.9273 -0.3472 -16.8912 -0.0313 20.6745 68.3015 25.9472 0.0000 24.9515 -0.0001 
-4.1368 92.6947 5.5698 -3.4256 -6.6639 4.2850 1.6420 2.5436 -2.9053 1.6441 2.5472 -2.9092 1.6467 2.5514 -2.9139 35.5204 66.9508 -64.6638 10.4845 39.0473 10.1231 20.5309 0.9621 114.6910 -7.5878 5.0856 -5.3629 0.0000 0.0000 0.0001 0.0000 0.0000 0.0000 0.0000 -0.0013 -0.0008 0.0000 -0.0004 0.0001 0.0000 0.0000 0.0000 0.0000 0.0000 0.0000 0.0000 0.0002 0.0000 0.0000 -0.0006 0.0003 0.0000 0.0004 -0.0006 0.0000 0.0000 0.0001 0.0000 0.0000 0.0000 0.0000 -0.0010 -0.0002 0.0000 0.0002 30.0001 -0.0001 0.0005 -29.9998 0.0000 0.0000 0.0000 -15.6144 5.9089 7.8016 -15.6144 5.9089 7.8016 -96.3987 67.0059 11.5793 23.4487 34.2185 -36.4463 5.0081 -10.4400 -12.4284 0.8868 8.8997 3.7524 0.0000 -0.0001 0.0001 0.0000 0.0000 0.0000 0.0000 -0.0006 0.0003 0.0000 -0.0001 0.0001 0.0000 0.0000 0.0000 0.0000 0.0000 0.0000 0.0000 0.0007 0.0001 0.0000 -0.0012 0.0001 0.0000 -0.0008 0.0003 0.0000 0.0001 0.0000 0.0000 0.0000 0.0000 0.0000 -0.0008 0.0000 0.0000 0.0002 -29.9997 -0.0001 -0.0003 29.9996 0.0000 0.0000 0.0000 0.3801 8.1060 171.9275 -0.0028 -0.0682 0.0828 -7.6403 65.9172 1.3215 0.0000 25.0336 0.0000 -3.1983 -2.3306 171.9129 -0.3502 -17.0000 -0.0305 20.8212 68.3603 26.0157 0.0000 24.9522 -0.0001 
-4.1058 92.6843 5.5983 -3.4809 -6.6901 4.2712 1.6746 2.5207 -2.9077 1.6768 2.5243 -2.9116 1.6794 2.5285 -2.9163 35.6725 66.9956 -64.6862 9.4406 39.0310 7.9091 20.2984 0.9981 115.1177 -7.6883 5.1054 -5.4538 0.0000 0.0000 0.0001 0.0000 0.0000 0.0000 0.0000 -0.0013 -0.0008 0.0000 -0.0004 0.0001 0.0000 0.0000 0.0000 0.0000 0.0000 0.0000 0.0000 0.0002 0.0000 0.0000 -0.0006 0.0003 0.0000 0.0004 -0.0006 0.0000 0.0000 0.0001 0.0000 0.0000 0.0000 0.0000 -0.0010 -0.0002 0.0000 0.0003 30.0001 -0.0001 0.0005 -29.9998 0.0000 0.0000 0.0000 -15.6120 5.9717 7.7315 -15.6120 5.9717 7.7315 -96.5461 66.9843 11.4334 23.4833 34.2878 -36.3327 4.9499 -10.4551 -12.2981 0.8767 8.9000 3.7422 0.0000 -0.0001 0.0001 0.0000 0.0000 0.0000 0.0000 -0.0006 0.0003 0.0000 -0.0001 0.0001 0.0000 0.0000 0.0000 0.0000 0.0000 0.0000 0.0000 0.0007 0.0001 0.0000 -0.0012 0.0001 0.0000 -0.0008 0.0003 0.0000 0.0001 0.0000 0.0000 0.0000 0.0000 0.0000 -0.0008 0.0000 0.0000 0.0002 -29.9997 -0.0001 -0.0003 29.9996 0.0000 0.0000 0.0000 0.4071 8.1904 171.9239 0.0000 0.0000 0.0828 -7.6283 65.9084 1.3455 0.0000 25.0337 0.0000 -3.0881 -2.3059 171.9187 -0.3515 -17.0497 -0.0302 20.9152 68.3924 26.0351 0.0000 24.9528 -0.0001 
-4.1062 92.6830 5.6180 -3.5192 -6.6978 4.2435 1.7182 2.4899 -2.9077 1.7204 2.4934 -2.9116 1.7231 2.4976 -2.9163 35.8296 67.0372 -64.7043 8.2862 39.0676 5.7194 20.1250 1.0213 115.5960 -7.7834 5.1155 -5.5621 0.0000 0.0000 0.0001 0.0000 0.0000 0.0000 0.0000 -0.0013 -0.0008 0.0000 -0.0004 0.0001 0.0000 0.0000 0.0000 0.0000 0.0000 0.0000 0.0000 0.0002 0.0000 0.0000 -0.0006 0.0003 0.0000 0.0004 -0.0006 0.0000 0.0000 0.0001 0.0000 0.0000 0.0000 0.0000 -0.0010 -0.0002 0.0000 0.0003 30.0001 -0.0001 0.0005 -29.9998 0.0000 0.0000 0.0000 -15.6222 6.0340 7.6747 -15.6222 6.0340 7.6747 -96.6946 66.9671 11.3260 23.5146 34.3459 -36.2108 4.9215 -10.4667 -12.1351 0.8637 8.8957 3.7333 0.0000 -0.0001 0.0001 0.0000 0.0000 0.0000 0.0000 -0.0006 0.0003 0.0000 -0.0001 0.0001 0.0000 0.0000 0.0000 0.0000 0.0000 0.0000 0.0000 0.0007 0.0001 0.0000 -0.0012 0.0001 0.0000 -0.0008 0.0003 0.0000 0.0001 0.0000 0.0000 0.0000 0.0000 0.0000 -0.0008 0.0000 0.0000 0.0002 -29.9996 -0.0001 -0.0003 29.9996 0.0000 0.0000 0.0000 0.4126 8.2141 171.9522 0.0000 0.0001 0.0828 -7.6894 65.9401 1.3008 0.0000 25.0339 0.0000 -3.0174 -2.2618 171.9554 -0.3503 -17.0149 -0.0305 20.9414 68.3928 26.0017 0.0000 24.9532 -0.0001 
-4.1303 92.6874 5.6326 -3.5343 -6.6925 4.2050 1.7675 2.4541 -2.9055 1.7698 2.4575 -2.9094 1.7726 2.4616 -2.9142 35.9849 67.0807 -64.7266 7.0797 39.0798 3.5775 19.9257 1.0652 116.0608 -7.8784 5.1224 -5.6809 0.0000 0.0000 0.0001 0.0000 0.0000 0.0000 0.0000 -0.0013 -0.0008 0.0000 -0.0004 0.0001 0.0000 0.0000 0.0000 0.0000 0.0000 0.0000 0.0000 0.0003 0.0000 0.0000 -0.0006 0.0003 0.0000 0.0004 -0.0006 0.0000 0.0000 0.0001 0.0000 0.0000 0.0000 0.0000 -0.0010 -0.0002 0.0000 0.0002 30.0001 -0.0001 0.0005 -29.9998 0.0000 0.0000 0.0000 -15.6418 6.0955 7.6306 -15.6418 6.0955 7.6306 -96.8566 66.9528 11.2376 23.5451 34.3953 -36.0783 4.9024 -10.4796 -11.9649 0.8498 8.8889 3.7228 0.0000 -0.0001 0.0001 0.0000 0.0000 0.0000 0.0000 -0.0006 0.0003 0.0000 -0.0001 0.0001 0.0000 0.0000 0.0000 0.0000 0.0000 0.0000 0.0000 0.0007 0.0001 0.0000 -0.0012 0.0001 0.0000 -0.0008 0.0003 0.0000 0.0001 0.0000 0.0000 0.0000 0.0000 0.0000 -0.0008 0.0000 0.0000 0.0002 -29.9996 -0.0001 -0.0003 29.9996 0.0000 0.0000 0.0000 0.3973 8.2191 172.0040 0.0000 0.0001 0.0828 -7.7830 65.9739 1.2222 0.0000 25.0341 0.0000 -2.9918 -2.2045 172.0145 -0.3462 -16.9218 -0.0314 20.9105 68.3737 25.9304 0.0000 24.9534 -0.0001 
-4.1697 92.6951 5.6398 -3.5286 -6.6759 4.1581 1.8210 2.4144 -2.9017 1.8234 2.4178 -2.9055 1.8263 2.4219 -2.9103 36.1559 67.1248 -64.7400 5.8464 39.0565 1.4944 19.7423 1.1120 116.5215 -7.9721 5.1274 -5.7994 0.0000 0.0000 0.0001 0.0000 0.0000 0.0000 0.0000 -0.0013 -0.0008 0.0000 -0.0004 0.0001 0.0000 0.0000 0.0000 0.0000 0.0000 0.0000 0.0000 0.0002 0.0000 0.0000 -0.0006 0.0003 0.0000 0.0004 -0.0006 0.0000 0.0000 0.0001 0.0000 0.0000 0.0000 0.0000 -0.0010 -0.0002 0.0000 0.0002 30.0001 -0.0001 0.0005 -29.9998 0.0000 0.0000 0.0000 -15.6678 6.1548 7.5974 -15.6678 6.1548 7.5974 -97.0240 66.9417 11.1719 23.5726 34.4376 -35.9379 4.8940 -10.4930 -11.7980 0.8358 8.8798 3.7116 0.0000 -0.0001 0.0001 0.0000 0.0000 0.0000 0.0000 -0.0006 0.0003 0.0000 -0.0001 0.0001 0.0000 0.0000 0.0000 0.0000 0.0000 0.0000 0.0000 0.0007 0.0001 0.0000 -0.0011 0.0001 0.0000 -0.0008 0.0003 0.0000 0.0001 0.0000 0.0000 0.0000 0.0000 0.0000 -0.0009 0.0000 0.0000 0.0002 -29.9996 -0.0001 -0.0003 29.9996 0.0000 0.0000 0.0000 0.3663 8.1975 172.0722 -0.0006 -0.0163 0.0828 -7.8962 66.0160 1.1218 0.0000 25.0343 0.0000 -3.0059 -2.1447 172.0885 -0.3406 -16.7903 -0.0326 20.8316 68.3402 25.8280 0.0000 24.9535 -0.0001 
-4.2185 92.7046 5.6253 -3.4933 -6.6427 4.0999 1.8786 2.3702 -2.8948 1.8811 2.3736 -2.8987 1.8841 2.3775 -2.9034 36.3376 67.1703 -64.7537 4.6220 38.9886 -0.4720 19.6254 1.1926 116.9676 -8.0621 5.1274 -5.9135 0.0000 0.0000 0.0001 0.0000 0.0000 0.0000 0.0000 -0.0013 -0.0008 0.0000 -0.0004 0.0001 0.0000 0.0000 0.0000 0.0000 0.0000 0.0000 0.0000 0.0002 0.0000 0.0000 -0.0006 0.0003 0.0000 0.0004 -0.0006 0.0000 0.0000 0.0001 0.0000 0.0000 0.0000 0.0000 -0.0010 -0.0002 0.0000 0.0002 30.0001 -0.0001 0.0005 -29.9998 0.0000 0.0000 0.0000 -15.7000 6.2074 7.5780 -15.7000 6.2074 7.5780 -97.2121 66.9364 11.1228 23.6036 34.4707 -35.7867 4.9029 -10.5051 -11.6419 0.8223 8.8675 3.7004 0.0000 -0.0001 0.0001 0.0000 0.0000 0.0000 0.0000 -0.0006 0.0003 0.0000 -0.0001 0.0001 0.0000 0.0000 0.0000 0.0000 0.0000 0.0000 0.0000 0.0007 0.0001 0.0000 -0.0012 0.0001 0.0000 -0.0008 0.0003 0.0000 0.0001 0.0000 0.0000 0.0000 0.0000 0.0000 -0.0008 0.0000 0.0000 0.0002 -29.9997 -0.0001 -0.0003 29.9996 0.0000 0.0000 0.0000 0.3229 8.1592 172.1568 0.0000 0.0001 0.0828 -8.0002 66.0361 1.0188 0.0000 25.0345 0.0000 -3.0620 -2.0984 172.1770 -0.3363 -16.6242 -0.0337 20.7067 68.2869 25.6905 0.0000 24.9536 -0.0001 
-4.2786 92.7141 5.5936 -3.4373 -6.5998 4.0363 1.9386 2.3243 -2.8868 1.9412 2.3275 -2.8906 1.9443 2.3315 -2.8953 36.4985 67.2098 -64.7884 3.4809 38.8734 -2.3109 19.5498 1.3137 117.3973 -8.1477 5.1214 -6.0210 0.0000 0.0000 0.0001 0.0000 0.0000 0.0000 0.0000 -0.0013 -0.0008 0.0000 -0.0004 0.0001 0.0000 0.0000 0.0000 0.0000 0.0000 0.0000 0.0000 0.0002 0.0000 0.0000 -0.0006 0.0003 0.0000 0.0004 -0.0006 0.0000 0.0000 0.0001 0.0000 0.0000 0.0000 0.0000 -0.0010 -0.0002 0.0000 0.0003 30.0001 -0.0001 0.0005 -29.9998 0.0000 0.0000 0.0000 -15.7358 6.2539 7.5666 -15.7357 6.2538 7.5666 -97.3996 66.9353 11.0939 23.6271 34.4950 -35.6278 4.9205 -10.5167 -11.4956 0.8094 8.8535 3.6886 0.0000 -0.0001 0.0001 0.0000 0.0000 0.0000 0.0000 -0.0006 0.0003 0.0000 -0.0001 0.0001 0.0000 0.0000 0.0000 0.0000 0.0000 0.0000 0.0000 0.0007 0.0001 0.0000 -0.0012 0.0001 0.0000 -0.0008 0.0003 0.0000 0.0001 0.0000 0.0000 0.0000 0.0000 0.0000 -0.0008 0.0000 0.0000 0.0002 -29.9996 -0.0001 -0.0003 29.9996 0.0000 0.0000 0.0000 0.2837 8.0924 172.2554 0.0000 0.0001 0.0828 -8.0988 66.0615 0.8979 0.0000 25.0347 0.0000 -3.1360 -2.0641 172.2781 -0.3323 -16.4442 -0.0349 20.5484 68.2284 25.5145 0.0000 24.9538 -0.0001 
-4.3554 92.7231 5.5501 -3.3616 -6.5514 3.9701 1.9979 2.2781 -2.8781 2.0005 2.2813 -2.8820 2.0037 2.2851 -2.8867 36.6269 67.2417 -64.8557 2.4563 38.7016 -4.0220 19.4265 1.4841 117.7934 -8.2329 5.1119 -6.1267 0.0000 0.0000 0.0001 0.0000 0.0000 0.0000 0.0000 -0.0013 -0.0008 0.0000 -0.0004 0.0001 0.0000 0.0000 0.0000 0.0000 0.0000 0.0000 0.0000 0.0003 0.0000 0.0000 -0.0006 0.0003 0.0000 0.0004 -0.0006 0.0000 0.0000 0.0001 0.0000 0.0000 0.0000 0.0000 -0.0010 -0.0002 0.0000 0.0002 30.0001 -0.0001 0.0005 -29.9998 0.0000 0.0000 0.0000 -15.7728 6.2951 7.5592 -15.7728 6.2951 7.5592 -97.5838 66.9366 11.0780 23.6381 34.5083 -35.4651 4.9482 -10.5282 -11.3626 0.7974 8.8386 3.6759 0.0000 -0.0001 0.0001 0.0000 0.0000 0.0000 0.0000 -0.0006 0.0003 0.0000 -0.0001 0.0001 0.0000 0.0000 0.0000 0.0000 0.0000 0.0000 0.0000 0.0007 0.0001 0.0000 -0.0012 0.0001 0.0000 -0.0008 0.0003 0.0000 0.0001 0.0000 0.0000 0.0000 0.0000 0.0000 -0.0008 0.0000 0.0000 0.0002 -29.9997 -0.0001 -0.0003 29.9996 0.0000 0.0000 0.0000 0.2476 8.0052 172.3690 -0.0006 -0.0163 0.0828 -8.2035 66.0937 0.7470 0.0000 25.0350 0.0000 -3.2163 -2.0344 172.3939 -0.3268 -16.2555 -0.0362 20.3644 68.1730 25.2961 0.0000 24.9542 -0.0001 
-4.4586 92.7310 5.4916 -3.2560 -6.4964 3.9017 2.0520 2.2322 -2.8690 2.0547 2.2354 -2.8728 2.0580 2.2392 -2.8775 36.7326 67.2756 -64.9389 1.6542 38.5041 -5.4709 19.2280 1.6355 118.1638 -8.3128 5.1037 -6.2183 0.0000 0.0000 0.0001 0.0000 0.0000 0.0000 0.0000 -0.0013 -0.0008 0.0000 -0.0004 0.0001 0.0000 0.0000 0.0000 0.0000 0.0000 0.0000 0.0000 0.0002 0.0000 0.0000 -0.0006 0.0003 0.0000 0.0004 -0.0006 0.0000 0.0000 0.0001 0.0000 0.0000 0.0000 0.0000 -0.0010 -0.0002 0.0000 0.0002 30.0001 -0.0001 0.0005 -29.9998 0.0000 0.0000 0.0000 -15.8091 6.3307 7.5539 -15.8091 6.3308 7.5540 -97.7520 66.9408 11.0878 23.6228 34.5057 -35.3020 5.0057 -10.5318 -11.2645 0.7880 8.8222 3.6646 0.0000 -0.0001 0.0001 0.0000 0.0000 0.0000 0.0000 -0.0006 0.0003 0.0000 -0.0001 0.0001 0.0000 0.0000 0.0000 0.0000 0.0000 0.0000 0.0000 0.0007 0.0001 0.0000 -0.0012 0.0001 0.0000 -0.0008 0.0003 0.0000 0.0001 0.0000 0.0000 0.0000 0.0000 0.0000 -0.0008 0.0000 0.0000 0.0002 -29.9997 -0.0001 -0.0003 29.9996 0.0000 0.0000 0.0000 0.2124 7.9119 172.5042 -0.0006 -0.0162 0.0828 -8.3191 66.1133 0.5511 0.0000 25.0353 0.0000 -3.2979 -2.0078 172.5328 -0.3178 -16.0557 -0.0380 20.1472 68.1256 25.0113 0.0000 24.9548 -0.0001 
-4.5691 92.7379 5.4220 -3.1252 -6.4388 3.8321 2.1005 2.1865 -2.8600 2.1033 2.1895 -2.8638 2.1067 2.1933 -2.8685 36.8396 67.3151 -65.0096 1.0326 38.3267 -6.7583 18.9883 1.7418 118.5404 -8.3848 5.0957 -6.2956 0.0000 0.0000 0.0001 0.0000 0.0000 0.0000 0.0000 -0.0013 -0.0008 0.0000 -0.0004 0.0001 0.0000 0.0000 0.0000 0.0000 0.0000 0.0000 0.0000 0.0002 0.0000 0.0000 -0.0006 0.0003 0.0000 0.0004 -0.0006 0.0000 0.0000 0.0001 0.0000 0.0000 0.0000 0.0000 -0.0010 -0.0002 0.0000 0.0002 30.0001 -0.0001 0.0005 -29.9998 0.0000 0.0000 0.0000 -15.8458 6.3672 7.5483 -15.8458 6.3672 7.5483 -97.9120 66.9468 11.1134 23.5952 34.5016 -35.1362 5.0912 -10.5202 -11.2011 0.7815 8.8038 3.6573 0.0000 -0.0001 0.0001 0.0000 0.0000 0.0000 0.0000 -0.0006 0.0003 0.0000 -0.0001 0.0001 0.0000 0.0000 0.0000 0.0000 0.0000 0.0000 0.0000 0.0007 0.0001 0.0000 -0.0012 0.0001 0.0000 -0.0008 0.0003 0.0000 0.0001 0.0000 0.0000 0.0000 0.0000 0.0000 -0.0008 0.0000 0.0000 0.0002 -29.9997 -0.0001 -0.0003 29.9996 0.0000 0.0000 0.0000 0.1733 7.7911 172.6461 -0.0017 -0.0487 0.0828 -8.4413 66.1447 0.3272 0.0000 25.0357 0.0000 -3.3853 -1.9802 172.6790 -0.3074 -15.8432 -0.0401 19.9173 68.0774 24.6939 0.0000 24.9556 -0.0001 
-4.6733 92.7445 5.3471 -2.9723 -6.3817 3.7624 2.1444 2.1409 -2.8513 2.1472 2.1439 -2.8551 2.1507 2.1475 -2.8598 36.9414 67.3594 -65.0624 0.5544 38.1800 -7.9550 18.7259 1.7965 118.9444 -8.4501 5.0878 -6.3601 0.0000 0.0000 0.0001 0.0000 0.0000 0.0000 0.0000 -0.0013 -0.0008 0.0000 -0.0004 0.0001 0.0000 0.0000 0.0000 0.0000 0.0000 0.0000 0.0000 0.0002 0.0000 0.0000 -0.0006 0.0003 0.0000 0.0004 -0.0006 0.0000 0.0000 0.0001 0.0000 0.0000 0.0000 0.0000 -0.0010 -0.0002 0.0000 0.0003 30.0001 -0.0001 0.0005 -29.9998 0.0000 0.0000 0.0000 -15.8845 6.4070 7.5414 -15.8845 6.4070 7.5414 -98.0575 66.9518 11.1587 23.5624 34.5061 -34.9628 5.1937 -10.4926 -11.1655 0.7772 8.7836 3.6541 0.0000 -0.0001 0.0001 0.0000 0.0000 0.0000 0.0000 -0.0006 0.0003 0.0000 -0.0001 0.0001 0.0000 0.0000 0.0000 0.0000 0.0000 0.0000 0.0000 0.0007 0.0001 0.0000 -0.0012 0.0001 0.0000 -0.0008 0.0003 0.0000 0.0001 0.0000 0.0000 0.0000 0.0000 0.0000 -0.0008 0.0000 0.0000 0.0002 -29.9996 -0.0001 -0.0003 29.9996 0.0000 0.0000 0.0000 0.1224 7.7060 172.7834 0.0000 0.0000 0.0828 -8.5348 66.1343 0.1212 0.0000 25.0360 0.0000 -3.4880 -1.9460 172.8196 -0.2975 -15.6143 -0.0421 19.6887 68.0228 24.3740 0.0000 24.9564 -0.0001 
-4.7562 92.7525 5.2800 -2.7894 -6.3286 3.6919 2.1803 2.0960 -2.8414 2.1831 2.0989 -2.8451 2.1867 2.1025 -2.8498 37.0442 67.4227 -65.0834 0.2611 38.0956 -9.0520 18.4630 1.7635 119.3793 -8.5020 5.0811 -6.4014 0.0000 0.0000 0.0001 0.0000 0.0000 0.0000 0.0000 -0.0013 -0.0008 0.0000 -0.0004 0.0001 0.0000 0.0000 0.0000 0.0000 0.0000 0.0000 0.0000 0.0002 0.0000 0.0000 -0.0006 0.0003 0.0000 0.0004 -0.0006 0.0000 0.0000 0.0001 0.0000 0.0000 0.0000 0.0000 -0.0010 -0.0002 0.0000 0.0003 30.0001 -0.0001 0.0005 -29.9998 0.0000 0.0000 0.0000 -15.9262 6.4527 7.5288 -15.9262 6.4527 7.5288 -98.1870 66.9549 11.2197 23.5316 34.5260 -34.7737 5.3045 -10.4494 -11.1662 0.7759 8.7619 3.6553 0.0000 -0.0001 0.0001 0.0000 0.0000 0.0000 0.0000 -0.0006 0.0003 0.0000 -0.0001 0.0001 0.0000 0.0000 0.0000 0.0000 0.0000 0.0000 0.0000 0.0007 0.0001 0.0000 -0.0012 0.0001 0.0000 -0.0008 0.0003 0.0000 0.0001 0.0000 0.0000 0.0000 0.0000 0.0000 -0.0008 0.0000 0.0000 0.0002 -29.9996 -0.0001 -0.0003 29.9996 0.0000 0.0000 0.0000 0.0622 7.5771 172.9065 -0.0016 -0.0487 0.0828 -8.5996 66.1751 -0.0737 0.0000 25.0364 0.0000 -3.6349 -1.8900 172.9396 -0.2902 -15.3555 -0.0437 19.4752 67.9576 24.0903 0.0000 24.9573 -0.0001 
-4.8259 92.7627 5.2335 -2.5867 -6.2749 3.6190 2.2122 2.0494 -2.8289 2.2151 2.0523 -2.8326 2.2187 2.0558 -2.8373 37.1721 67.5202 -65.0568 0.0872 38.0700 -10.0772 18.2497 1.7098 119.8221 -8.5396 5.0693 -6.4258 0.0000 0.0000 0.0001 0.0000 0.0000 0.0000 0.0000 -0.0013 -0.0008 0.0000 -0.0004 0.0001 0.0000 0.0000 0.0000 0.0000 0.0000 0.0000 0.0000 0.0003 -0.0001 0.0000 -0.0007 0.0003 0.0000 0.0004 -0.0006 0.0000 0.0000 0.0001 0.0000 0.0000 0.0000 0.0000 -0.0010 -0.0002 0.0000 0.0003 30.0001 -0.0001 0.0005 -29.9998 0.0000 0.0000 0.0000 -15.9734 6.5029 7.5090 -15.9734 6.5029 7.5090 -98.3121 66.9574 11.2898 23.4932 34.5549 -34.5824 5.4168 -10.3990 -11.1853 0.7761 8.7397 3.6575 0.0000 -0.0001 0.0001 0.0000 0.0000 0.0000 0.0000 -0.0006 0.0003 0.0000 -0.0001 0.0001 0.0000 0.0000 0.0000 0.0000 0.0000 0.0000 0.0000 0.0007 0.0001 0.0000 -0.0011 0.0001 0.0000 -0.0008 0.0003 0.0000 0.0001 0.0000 0.0000 0.0000 0.0000 0.0000 -0.0008 0.0000 0.0000 0.0002 -29.9996 -0.0001 -0.0003 29.9996 0.0000 0.0000 0.0000 -0.0159 7.5078 173.0209 0.0000 0.0001 0.0828 -8.6267 66.1757 -0.2329 0.0000 25.0367 0.0000 -3.8293 -1.8114 173.0453 -0.2838 -15.0716 -0.0453 19.2701 67.8879 23.8494 0.0000 24.9580 -0.0001 
-4.8928 92.7747 5.2045 -2.3754 -6.2209 3.5453 2.2444 2.0009 -2.8144 2.2473 2.0037 -2.8181 2.2510 2.0072 -2.8228 37.3365 67.6497 -64.9762 0.0065 38.0959 -11.0537 18.1143 1.6699 120.2713 -8.5638 5.0491 -6.4359 0.0000 0.0000 0.0001 0.0000 0.0000 0.0000 0.0000 -0.0013 -0.0008 0.0000 -0.0004 0.0001 0.0000 0.0000 0.0000 0.0000 0.0000 0.0000 0.0000 0.0002 0.0000 0.0000 -0.0007 0.0003 0.0000 0.0004 -0.0006 0.0000 0.0000 0.0001 0.0000 0.0000 0.0000 0.0000 -0.0010 -0.0002 0.0000 0.0002 30.0001 -0.0001 0.0005 -29.9998 0.0000 0.0000 0.0000 -16.0269 6.5561 7.4826 -16.0269 6.5561 7.4826 -98.4357 66.9625 11.3722 23.4449 34.5897 -34.3972 5.5263 -10.3440 -11.2148 0.7771 8.7171 3.6598 0.0000 -0.0001 0.0001 0.0000 0.0000 0.0000 0.0000 -0.0006 0.0003 0.0000 -0.0001 0.0001 0.0000 0.0000 0.0000 0.0000 0.0000 0.0000 0.0000 0.0007 0.0001 0.0000 -0.0012 0.0001 0.0000 -0.0008 0.0003 0.0000 0.0001 0.0000 0.0000 0.0000 0.0000 0.0000 -0.0008 0.0000 0.0000 0.0002 -29.9996 -0.0001 -0.0003 29.9996 0.0000 0.0000 0.0000 -0.0994 7.4158 173.1331 -0.0005 -0.0163 0.0828 -8.6613 66.2193 -0.4030 0.0000 25.0371 0.0000 -4.0200 -1.7103 173.1476 -0.2762 -14.7698 -0.0470 19.1107 67.8149 23.6473 0.0000 24.9586 -0.0001 
-4.9649 92.7879 5.1889 -2.1656 -6.1663 3.4740 2.2780 1.9503 -2.7976 2.2809 1.9530 -2.8012 2.2847 1.9564 -2.8059 37.5379 67.8211 -64.8434 0.0324 38.1918 -12.0284 18.1143 1.6698 120.7465 -8.5694 5.0130 -6.4304 0.0000 0.0000 0.0001 0.0000 0.0000 0.0000 0.0000 -0.0013 -0.0008 0.0000 -0.0004 0.0001 0.0000 0.0000 0.0000 0.0000 0.0000 0.0000 0.0000 0.0002 0.0000 0.0000 -0.0007 0.0003 0.0000 0.0004 -0.0006 0.0000 0.0000 0.0001 0.0000 0.0000 0.0000 0.0000 -0.0010 -0.0002 0.0000 0.0002 30.0001 -0.0001 0.0006 -29.9998 0.0000 0.0000 0.0000 -16.0829 6.6084 7.4464 -16.0829 6.6084 7.4464 -98.5430 66.9718 11.4858 23.3875 34.6446 -34.2308 5.6150 -10.2910 -11.2513 0.7786 8.6945 3.6619 0.0000 -0.0001 0.0001 0.0000 0.0000 0.0000 0.0000 -0.0006 0.0003 0.0000 -0.0001 0.0001 0.0000 0.0000 0.0000 0.0000 0.0000 0.0000 0.0000 0.0007 0.0001 0.0000 -0.0011 0.0001 0.0000 -0.0008 0.0003 0.0000 0.0001 0.0000 0.0000 0.0000 0.0000 0.0000 -0.0008 0.0000 0.0000 0.0002 -29.9997 -0.0001 -0.0003 29.9996 0.0000 0.0000 0.0000 -0.1841 7.3405 173.2460 -0.0005 -0.0163 0.0828 -8.7077 66.2653 -0.5852 0.0000 25.0374 0.0000 -4.1248 -1.5852 173.2578 -0.2649 -14.4576 -0.0492 19.0815 67.7361 23.4974 0.0000 24.9589 -0.0001 
-5.0388 92.8005 5.1713 -1.9706 -6.1094 3.4070 2.3165 1.8983 -2.7803 2.3194 1.9009 -2.7838 2.3233 1.9042 -2.7885 37.7520 68.0313 -64.6921 0.1834 38.3376 -12.9152 18.1272 1.6882 121.1719 -8.5574 4.9705 -6.4098 0.0000 0.0000 0.0001 0.0000 0.0000 0.0000 0.0000 -0.0013 -0.0008 0.0000 -0.0004 0.0001 0.0000 0.0000 0.0000 0.0000 0.0000 0.0000 0.0000 0.0002 0.0000 0.0000 -0.0006 0.0003 0.0000 0.0004 -0.0006 0.0000 0.0000 0.0001 0.0000 0.0000 0.0000 0.0000 -0.0010 -0.0002 0.0000 0.0002 30.0001 -0.0001 0.0005 -29.9998 0.0000 0.0000 0.0000 -16.1413 6.6570 7.4042 -16.1413 6.6570 7.4042 -98.6587 66.9846 11.6011 23.3399 34.7223 -34.0733 5.6683 -10.2496 -11.2843 0.7795 8.6728 3.6621 0.0000 -0.0001 0.0001 0.0000 0.0000 0.0000 0.0000 -0.0006 0.0003 0.0000 -0.0001 0.0001 0.0000 0.0000 0.0000 0.0000 0.0000 0.0000 0.0000 0.0007 0.0001 0.0000 -0.0012 0.0001 0.0000 -0.0008 0.0003 0.0000 0.0001 0.0000 0.0000 0.0000 0.0000 0.0000 -0.0008 0.0000 0.0000 0.0002 -29.9996 -0.0001 -0.0003 29.9996 0.0000 0.0000 0.0000 -0.2574 7.2721 173.3575 0.0000 0.0001 0.0828 -8.7594 66.3022 -0.7714 0.0000 25.3510 0.0000 -4.2415 -1.4750 173.3639 -0.2536 -14.1602 -0.0513 19.0303 67.6590 23.3529 0.0000 24.9591 -0.0001 
-5.1094 92.8118 5.1478 -1.7953 -6.0517 3.3458 2.3606 1.8457 -2.7634 2.3636 1.8482 -2.7670 2.3676 1.8514 -2.7716 37.9771 68.2746 -64.5303 0.4218 38.5309 -13.7515 18.1354 1.7103 121.5552 -8.5301 4.9236 -6.3773 0.0000 0.0000 0.0001 0.0000 0.0000 0.0000 0.0000 -0.0013 -0.0008 0.0000 -0.0004 0.0001 0.0000 0.0000 0.0000 0.0000 0.0000 0.0000 0.0000 0.0002 0.0000 0.0000 -0.0006 0.0003 0.0000 0.0004 -0.0006 0.0000 0.0000 0.0001 0.0000 0.0000 0.0000 0.0000 -0.0010 -0.0002 0.0000 0.0002 30.0001 -0.0001 0.0005 -29.9998 0.0000 0.0000 0.0000 -16.1993 6.7015 7.3567 -16.1993 6.7015 7.3567 -98.7926 67.0006 11.7045 23.3014 34.8132 -33.9247 5.6903 -10.2189 -11.3069 0.7795 8.6521 3.6596 0.0000 -0.0001 0.0001 0.0000 0.0000 0.0000 0.0000 -0.0006 0.0003 0.0000 -0.0001 0.0001 0.0000 0.0000 0.0000 0.0000 0.0000 0.0000 0.0000 0.0007 0.0001 0.0000 -0.0012 0.0001 0.0000 -0.0008 0.0003 0.0000 0.0001 0.0000 0.0000 0.0000 0.0000 0.0000 -0.0008 0.0000 0.0000 0.0002 -29.9996 -0.0001 -0.0003 29.9996 0.0000 0.0000 0.0000 -0.3195 7.1683 173.4628 -0.0013 -0.0485 0.0828 -8.8287 66.3643 -0.9657 0.0000 25.3510 0.0000 -4.3590 -1.3868 173.4627 -0.2431 -13.8887 -0.0532 18.9629 67.5845 23.2142 0.0000 24.9592 -0.0001 
-5.1645 92.8200 5.1133 -1.6589 -5.9979 3.2960 2.4107 1.7953 -2.7476 2.4138 1.7977 -2.7511 2.4178 1.8009 -2.7558 38.2707 68.5745 -64.3419 0.7356 38.8143 -14.5278 18.1309 1.7204 121.8612 -8.4776 4.8719 -6.3293 0.0000 0.0000 0.0001 0.0000 0.0000 0.0000 0.0000 -0.0013 -0.0008 0.0000 -0.0004 0.0001 0.0000 0.0000 0.0000 0.0000 0.0000 0.0000 0.0000 0.0002 -0.0001 0.0000 -0.0006 0.0003 0.0000 0.0004 -0.0006 0.0000 0.0000 0.0001 0.0000 0.0000 0.0000 0.0000 -0.0010 -0.0002 0.0000 0.0002 30.0001 -0.0001 0.0005 -29.9998 0.0000 0.0000 0.0000 -16.2439 6.7365 7.2987 -16.2439 6.7365 7.2987 -98.9474 67.0190 11.7809 23.2668 34.9067 -33.7959 5.6714 -10.2023 -11.3047 0.7777 8.6347 3.6515 0.0000 -0.0001 0.0001 0.0000 0.0000 0.0000 0.0000 -0.0006 0.0003 0.0000 -0.0001 0.0001 0.0000 0.0000 0.0000 0.0000 0.0000 0.0000 0.0000 0.0007 0.0001 0.0000 -0.0011 0.0001 0.0000 -0.0008 0.0003 0.0000 0.0001 0.0000 0.0000 0.0000 0.0000 0.0000 -0.0009 0.0000 0.0000 0.0002 -29.9996 -0.0001 -0.0003 29.9996 0.0000 0.0000 0.0000 -0.3734 7.0868 173.5474 -0.0013 -0.0487 0.0828 -8.8875 66.3878 -1.1166 0.0000 25.3510 0.0000 -4.4647 -1.3349 173.5417 -0.2345 -13.6688 -0.0547 18.8848 67.5151 23.0952 0.0000 24.9593 -0.0001 
-5.1991 92.8255 5.0722 -1.5607 -5.9526 3.2547 2.4625 1.7499 -2.7332 2.4656 1.7523 -2.7366 2.4698 1.7554 -2.7413 38.6127 68.9034 -64.1436 1.0836 39.2037 -15.3029 18.1442 1.6970 122.0686 -8.3948 4.8163 -6.2640 0.0000 0.0000 0.0001 0.0000 0.0000 0.0000 0.0000 -0.0013 -0.0008 0.0000 -0.0004 0.0001 0.0000 0.0000 0.0000 0.0000 0.0000 0.0000 0.0000 0.0002 0.0000 0.0000 -0.0006 0.0003 0.0000 0.0004 -0.0006 0.0000 0.0000 0.0001 0.0000 0.0000 0.0000 0.0000 -0.0010 -0.0002 0.0000 0.0002 30.0001 -0.0001 0.0005 -29.9998 0.0000 0.0000 0.0000 -16.2695 6.7646 7.2340 -16.2695 6.7646 7.2340 -99.1154 67.0387 11.8214 23.2329 34.9924 -33.6818 5.6255 -10.1979 -11.2824 0.7746 8.6209 3.6388 0.0000 -0.0001 0.0001 0.0000 0.0000 0.0000 0.0000 -0.0006 0.0003 0.0000 -0.0001 0.0001 0.0000 0.0000 0.0000 0.0000 0.0000 0.0000 0.0000 0.0007 0.0001 0.0000 -0.0012 0.0001 0.0000 -0.0008 0.0003 0.0000 0.0001 0.0000 0.0000 0.0000 0.0000 0.0000 -0.0009 0.0000 0.0000 0.0002 -29.9996 -0.0001 -0.0003 29.9996 0.0000 0.0000 0.0000 -0.4157 7.0099 173.6097 -0.0013 -0.0485 0.0828 -8.9266 66.3979 -1.2166 0.0000 25.3510 0.0000 -4.5521 -1.3098 173.6006 -0.2282 -13.4979 -0.0558 18.8104 67.4516 23.0031 0.0000 24.9594 -0.0001 
-5.2144 92.8285 5.0318 -1.4958 -5.9161 3.2193 2.5182 1.7090 -2.7204 2.5214 1.7114 -2.7239 2.5256 1.7144 -2.7285 38.9976 69.2614 -63.9117 1.4500 39.7047 -16.0995 18.2125 1.6695 122.1623 -8.2780 4.7523 -6.1815 0.0000 0.0000 0.0001 0.0000 0.0000 0.0000 0.0000 -0.0013 -0.0008 0.0000 -0.0004 0.0001 0.0000 0.0000 0.0000 0.0000 0.0000 0.0000 0.0000 0.0002 0.0000 0.0000 -0.0006 0.0003 0.0000 0.0004 -0.0006 0.0000 0.0000 0.0001 0.0000 0.0000 0.0000 0.0000 -0.0010 -0.0002 0.0000 0.0002 30.0001 -0.0001 0.0005 -29.9998 0.0000 0.0000 0.0000 -16.2821 6.7906 7.1657 -16.2821 6.7906 7.1657 -99.3161 67.0618 11.8127 23.2016 35.0674 -33.5764 5.5630 -10.2015 -11.2434 0.7705 8.6100 3.6222 0.0000 -0.0001 0.0001 0.0000 0.0000 0.0000 0.0000 -0.0006 0.0003 0.0000 -0.0001 0.0001 0.0000 0.0000 0.0000 0.0000 0.0000 0.0000 0.0000 0.0007 0.0001 0.0000 -0.0012 0.0001 0.0000 -0.0008 0.0003 0.0000 0.0001 0.0000 0.0000 0.0000 0.0000 0.0000 -0.0008 0.0000 0.0000 0.0002 -29.9997 -0.0001 -0.0003 29.9996 0.0000 0.0000 0.0000 -0.4513 6.9664 173.6524 0.0000 0.0001 0.0828 -8.9382 66.3767 -1.2593 0.0000 25.3510 0.0000 -4.6228 -1.3028 173.6425 -0.2242 -13.3703 -0.0565 18.7469 67.3974 22.9418 0.0000 24.9595 -0.0001 
-5.2070 92.8269 4.9998 -1.4733 -5.8936 3.1906 2.5771 1.6744 -2.7103 2.5804 1.6768 -2.7138 2.5847 1.6797 -2.7183 39.4803 69.6600 -63.5890 1.8579 40.3703 -16.9166 18.4144 1.7219 122.0648 -8.1105 4.6670 -6.0767 0.0000 0.0000 0.0001 0.0000 0.0000 0.0000 0.0000 -0.0013 -0.0008 0.0000 -0.0004 0.0001 0.0000 0.0000 0.0000 0.0000 0.0000 0.0000 0.0000 0.0002 0.0000 0.0000 -0.0006 0.0003 0.0000 0.0004 -0.0006 0.0000 0.0000 0.0001 0.0000 0.0000 0.0000 0.0000 -0.0010 -0.0002 0.0000 0.0002 30.0001 -0.0001 0.0005 -29.9998 0.0000 0.0000 0.0000 -16.2746 6.8181 7.0941 -16.2746 6.8181 7.0941 -99.5716 67.0928 11.7288 23.1668 35.1205 -33.4943 5.5023 -10.2077 -11.1839 0.7652 8.6020 3.6027 0.0000 -0.0001 0.0001 0.0000 0.0000 0.0000 0.0000 -0.0006 0.0003 0.0000 -0.0001 0.0001 0.0000 0.0000 0.0000 0.0000 0.0000 0.0000 0.0000 0.0007 0.0001 0.0000 -0.0012 0.0001 0.0000 -0.0008 0.0003 0.0000 0.0001 0.0000 0.0000 0.0000 0.0000 0.0000 -0.0008 0.0000 0.0000 0.0002 -29.9996 -0.0001 -0.0003 29.9996 0.0000 0.0000 0.0000 -0.4834 6.9177 173.6711 0.0000 0.0000 0.0828 -8.9399 66.3710 -1.2477 0.0000 25.3510 0.0000 -4.6722 -1.3120 173.6633 -0.2223 -13.3012 -0.0569 18.6973 67.3619 22.9203 0.0000 24.9596 -0.0001 
-5.1842 92.8210 4.9706 -1.4777 -5.8839 3.1679 2.6359 1.6454 -2.7025 2.6393 1.6477 -2.7060 2.6437 1.6506 -2.7105 40.0640 70.0989 -63.1731 2.3374 41.1491 -17.7124 18.6726 1.8301 121.7977 -7.9051 4.5686 -5.9463 0.0000 0.0000 0.0001 0.0000 0.0000 0.0000 0.0000 -0.0013 -0.0008 0.0000 -0.0004 0.0001 0.0000 0.0000 0.0000 0.0000 0.0000 0.0000 0.0000 0.0003 -0.0001 0.0000 -0.0006 0.0003 0.0000 0.0004 -0.0006 0.0000 0.0000 0.0001 0.0000 0.0000 0.0000 0.0000 -0.0010 -0.0002 0.0000 0.0003 30.0001 -0.0001 0.0005 -29.9998 0.0000 0.0000 0.0000 -16.2455 6.8472 7.0187 -16.2455 6.8472 7.0187 -99.8663 67.1289 11.5965 23.1233 35.1707 -33.4340 5.4533 -10.2177 -11.1279 0.7602 8.5955 3.5835 0.0000 -0.0001 0.0001 0.0000 0.0000 0.0000 0.0000 -0.0006 0.0003 0.0000 -0.0001 0.0001 0.0000 0.0000 0.0000 0.0000 0.0000 0.0000 0.0000 0.0007 0.0001 0.0000 -0.0011 0.0001 0.0000 -0.0008 0.0003 0.0000 0.0001 0.0000 0.0000 0.0000 0.0000 0.0000 -0.0008 0.0000 0.0000 0.0002 -29.9996 -0.0001 -0.0003 29.9996 0.0000 0.0000 0.0000 -0.5152 6.8595 173.6726 -0.0012 -0.0487 0.0828 -8.9381 66.3829 -1.2010 0.0000 25.3511 0.0000 -4.7029 -1.3339 173.6686 -0.2213 -13.2790 -0.0570 18.6642 67.3411 22.9282 0.0000 24.9597 -0.0001 
-5.1452 92.8110 4.9364 -1.5002 -5.8863 3.1503 2.6937 1.6212 -2.6968 2.6973 1.6235 -2.7004 2.7017 1.6264 -2.7048 40.7132 70.5712 -62.6903 2.8926 42.0144 -18.4632 18.9121 1.9169 121.3601 -7.6688 4.4694 -5.7860 0.0000 0.0000 0.0001 0.0000 0.0000 0.0000 0.0000 -0.0013 -0.0008 0.0000 -0.0004 0.0001 0.0000 0.0000 0.0000 0.0000 0.0000 0.0000 0.0000 0.0002 0.0000 0.0000 -0.0006 0.0003 0.0000 0.0004 -0.0006 0.0000 0.0000 0.0001 0.0000 0.0000 0.0000 0.0000 -0.0010 -0.0002 0.0000 0.0002 30.0001 -0.0001 0.0005 -29.9998 0.0000 0.0000 0.0000 -16.2032 6.8791 6.9423 -16.2032 6.8791 6.9423 -100.1966 67.1665 11.4226 23.0856 35.2325 -33.3828 5.4005 -10.2338 -11.0819 0.7559 8.5901 3.5648 0.0000 -0.0001 0.0001 0.0000 0.0000 0.0000 0.0000 -0.0006 0.0003 0.0000 -0.0001 0.0001 0.0000 0.0000 0.0000 0.0000 0.0000 0.0000 0.0000 0.0007 0.0001 0.0000 -0.0012 0.0001 0.0000 -0.0008 0.0003 0.0000 0.0001 0.0000 0.0000 0.0000 0.0000 0.0000 -0.0009 0.0000 0.0000 0.0002 -29.9996 -0.0001 -0.0003 29.9996 0.0000 0.0000 0.0000 -0.5467 6.8347 173.6580 -0.0012 -0.0487 0.0828 -8.9062 66.3627 -1.1025 0.0000 25.3510 0.0000 -4.7145 -1.3714 173.6590 -0.2218 -13.3007 -0.0569 18.6552 67.3307 22.9637 0.0000 24.9599 -0.0001 
-5.0838 92.7964 4.8927 -1.5373 -5.9069 3.1381 2.7495 1.6045 -2.6938 2.7531 1.6068 -2.6974 2.7576 1.6095 -2.7018 41.4270 71.0737 -62.1246 3.5828 42.9890 -19.1114 19.0293 1.8743 120.6412 -7.3954 4.3849 -5.5768 0.0000 0.0000 0.0001 0.0000 0.0000 0.0000 0.0000 -0.0013 -0.0008 0.0000 -0.0004 0.0001 0.0000 0.0000 0.0000 0.0000 0.0000 0.0000 0.0000 0.0003 0.0000 0.0000 -0.0006 0.0003 0.0000 0.0004 -0.0006 0.0000 0.0000 0.0001 0.0000 0.0000 0.0000 0.0000 -0.0010 -0.0002 0.0000 0.0002 30.0001 -0.0001 0.0005 -29.9998 0.0000 0.0000 0.0000 -16.1466 6.9141 6.8650 -16.1466 6.9141 6.8650 -100.5670 67.2033 11.2009 23.0732 35.3187 -33.3243 5.3267 -10.2573 -11.0513 0.7527 8.5862 3.5465 0.0000 -0.0001 0.0001 0.0000 0.0000 0.0000 0.0000 -0.0006 0.0003 0.0000 -0.0001 0.0001 0.0000 0.0000 0.0000 0.0000 0.0000 0.0000 0.0000 0.0007 0.0001 0.0000 -0.0012 0.0001 0.0000 -0.0008 0.0003 0.0000 0.0001 0.0000 0.0000 0.0000 0.0000 0.0000 -0.0008 0.0000 0.0000 0.0002 -29.9996 -0.0001 -0.0003 29.9996 0.0000 0.0000 0.0000 -0.5785 6.8449 173.6218 0.0000 0.0001 0.0828 -8.8267 66.3051 -0.9357 0.0000 25.3510 0.0000 -4.7007 -1.4312 173.6305 -0.2250 -13.3867 -0.0564 18.6894 67.3380 23.0380 0.0000 24.9602 -0.0001 
-5.0118 92.7783 4.8506 -1.5757 -5.9421 3.1305 2.8009 1.5947 -2.6925 2.8046 1.5971 -2.6961 2.8092 1.5998 -2.7004 42.1880 71.5813 -61.5231 4.4354 44.0227 -19.5921 18.9818 1.6902 119.6844 -7.1029 4.3190 -5.3283 0.0000 0.0000 0.0001 0.0000 0.0000 0.0000 0.0000 -0.0013 -0.0008 0.0000 -0.0004 0.0001 0.0000 0.0000 0.0000 0.0000 0.0000 0.0000 0.0000 0.0003 -0.0001 0.0000 -0.0007 0.0003 0.0000 0.0004 -0.0006 0.0000 0.0000 0.0001 0.0000 0.0000 0.0000 0.0000 -0.0010 -0.0002 0.0000 0.0002 30.0001 -0.0001 0.0005 -29.9998 0.0000 0.0000 0.0000 -16.0807 6.9495 6.7860 -16.0807 6.9495 6.7860 -100.9441 67.2349 10.9621 23.0689 35.4106 -33.2601 5.2414 -10.2818 -11.0256 0.7500 8.5834 3.5275 0.0000 -0.0001 0.0001 0.0000 0.0000 0.0000 0.0000 -0.0006 0.0003 0.0000 -0.0001 0.0001 0.0000 0.0000 0.0000 0.0000 0.0000 0.0000 0.0000 0.0007 0.0001 0.0000 -0.0011 0.0001 0.0000 -0.0008 0.0003 0.0000 0.0001 0.0000 0.0000 0.0000 0.0000 0.0000 -0.0009 0.0000 0.0000 0.0002 -29.9996 -0.0001 -0.0003 29.9996 0.0000 0.0000 0.0000 -0.6064 6.8204 173.5729 -0.0012 -0.0487 0.0828 -8.7353 66.2888 -0.7529 0.0000 25.3510 0.0000 -4.6764 -1.4963 173.5904 -0.2292 -13.5137 -0.0557 18.7499 67.3640 23.1329 0.0000 24.9605 -0.0001 
-4.9334 92.7573 4.8146 -1.6102 -5.9901 3.1264 2.8470 1.5919 -2.6922 2.8509 1.5943 -2.6959 2.8554 1.5970 -2.7002 42.9505 72.0836 -60.9156 5.4018 45.0863 -19.9293 18.7743 1.3750 118.5152 -6.8032 4.2698 -5.0543 0.0000 0.0000 0.0001 0.0000 0.0000 0.0000 0.0000 -0.0013 -0.0008 0.0000 -0.0004 0.0001 0.0000 0.0000 0.0000 0.0000 0.0000 0.0000 0.0000 0.0003 0.0000 0.0000 -0.0006 0.0003 0.0000 0.0004 -0.0006 0.0000 0.0000 0.0001 0.0000 0.0000 0.0000 0.0000 -0.0010 -0.0002 0.0000 0.0002 30.0001 -0.0001 0.0005 -29.9998 0.0000 0.0000 0.0000 -16.0087 6.9852 6.7050 -16.0087 6.9852 6.7050 -101.3119 67.2617 10.7190 23.0576 35.4968 -33.1909 5.1501 -10.3069 -11.0072 0.7480 8.5822 3.5065 0.0000 -0.0001 0.0001 0.0000 0.0000 0.0000 0.0000 -0.0006 0.0003 0.0000 -0.0001 0.0001 0.0000 0.0000 0.0000 0.0000 0.0000 0.0000 0.0000 0.0007 0.0001 0.0000 -0.0012 0.0001 0.0000 -0.0008 0.0003 0.0000 0.0001 0.0000 0.0000 0.0000 0.0000 0.0000 -0.0008 0.0000 0.0000 0.0002 -29.9996 -0.0001 -0.0003 29.9996 0.0000 0.0000 0.0000 -0.6367 6.8359 173.5147 -0.0012 -0.0487 0.0828 -8.6102 66.2446 -0.5348 0.0000 25.3510 0.0000 -4.6475 -1.5579 173.5421 -0.2336 -13.6685 -0.0548 18.8305 67.4073 23.2414 0.0000 24.9610 -0.0001 
-4.8435 92.7313 4.7843 -1.6306 -6.0560 3.1233 2.8858 1.6003 -2.6922 2.8898 1.6027 -2.6959 2.8944 1.6054 -2.7002 43.6521 72.5771 -60.3470 6.4727 46.1888 -20.0755 18.3657 0.8348 117.0189 -6.4936 4.2476 -4.7505 0.0000 0.0000 0.0001 0.0000 0.0000 0.0000 0.0000 -0.0013 -0.0008 0.0000 -0.0004 0.0001 0.0000 0.0000 0.0000 0.0000 0.0000 0.0000 0.0000 0.0002 0.0000 0.0000 -0.0006 0.0003 0.0000 0.0004 -0.0006 0.0000 0.0000 0.0001 0.0000 0.0000 0.0000 0.0000 -0.0010 -0.0002 0.0000 0.0003 30.0001 -0.0001 0.0005 -29.9998 0.0000 0.0000 0.0000 -15.9348 7.0206 6.6221 -15.9348 7.0206 6.6221 -101.6514 67.2824 10.4883 23.0334 35.5647 -33.1149 5.0509 -10.3292 -10.9998 0.7471 8.5829 3.4821 0.0000 -0.0001 0.0001 0.0000 0.0000 0.0000 0.0000 -0.0006 0.0003 0.0000 -0.0001 0.0001 0.0000 0.0000 0.0000 0.0000 0.0000 0.0000 0.0000 0.0007 0.0001 0.0000 -0.0011 0.0001 0.0000 -0.0008 0.0003 0.0000 0.0001 0.0000 0.0000 0.0000 0.0000 0.0000 -0.0009 0.0000 0.0000 0.0002 -29.9996 -0.0001 -0.0003 29.9996 0.0000 0.0000 0.0000 -0.6673 6.8957 173.4463 0.0000 0.0000 0.0828 -8.4242 66.1685 -0.2637 0.0000 25.3510 0.0000 -4.6177 -1.6133 173.4836 -0.2389 -13.8566 -0.0538 18.9409 67.4709 23.3662 0.0000 24.9616 -0.0001 
-4.7386 92.7010 4.7509 -1.6318 -6.1333 3.1175 2.9194 1.6171 -2.6914 2.9235 1.6196 -2.6951 2.9280 1.6223 -2.6993 44.2732 73.0442 -59.8429 7.6476 47.3368 -20.0316 17.8579 0.1381 115.2261 -6.1770 4.2385 -4.4309 0.0000 0.0000 0.0001 0.0000 0.0000 0.0000 0.0000 -0.0013 -0.0008 0.0000 -0.0004 0.0001 0.0000 0.0000 0.0000 0.0000 0.0000 0.0000 0.0000 0.0002 0.0000 0.0000 -0.0006 0.0003 0.0000 0.0004 -0.0006 0.0000 0.0000 0.0001 0.0000 0.0000 0.0000 0.0000 -0.0010 -0.0002 0.0000 0.0002 30.0001 -0.0001 0.0005 -29.9998 0.0000 0.0000 0.0000 -15.8638 7.0557 6.5399 -15.8638 7.0557 6.5399 -101.9654 67.3011 10.2826 22.9995 35.6188 -33.0366 4.9618 -10.3465 -11.0066 0.7474 8.5833 3.4576 0.0000 -0.0001 0.0001 0.0000 0.0000 0.0000 0.0000 -0.0006 0.0003 0.0000 -0.0001 0.0001 0.0000 0.0000 0.0000 0.0000 0.0000 0.0000 0.0000 0.0007 0.0001 0.0000 -0.0011 0.0001 0.0000 -0.0008 0.0003 0.0000 0.0001 0.0000 0.0000 0.0000 0.0000 0.0000 -0.0009 0.0000 0.0000 0.0002 -29.9996 -0.0001 -0.0003 29.9996 0.0000 0.0000 0.0000 -0.6954 6.9387 173.3703 0.0000 0.0001 0.0828 -8.1894 66.1062 0.0423 0.0000 25.3510 0.0000 -4.5872 -1.6710 173.4172 -0.2452 -14.0715 -0.0526 19.0864 67.5450 23.5087 0.0000 24.9624 -0.0001 
-4.6192 92.6667 4.7149 -1.6140 -6.2195 3.1100 2.9474 1.6403 -2.6898 2.9516 1.6428 -2.6936 2.9561 1.6455 -2.6977 44.8152 73.4850 -59.4031 8.9333 48.5091 -19.8104 17.3193 -0.6267 113.1782 -5.8604 4.2322 -4.1065 0.0000 0.0000 0.0001 0.0000 0.0000 0.0000 0.0000 -0.0013 -0.0008 0.0000 -0.0004 0.0001 0.0000 0.0000 0.0000 0.0000 0.0000 0.0000 0.0000 0.0002 0.0000 0.0000 -0.0006 0.0003 0.0000 0.0004 -0.0006 0.0000 0.0000 0.0001 0.0000 0.0000 0.0000 0.0000 -0.0010 -0.0002 0.0000 0.0002 30.0001 -0.0001 0.0005 -29.9998 0.0000 0.0000 0.0000 -15.7929 7.0896 6.4587 -15.7929 7.0896 6.4587 -102.2595 67.3185 10.0988 22.9582 35.6649 -32.9614 4.8932 -10.3588 -11.0318 0.7490 8.5826 3.4354 0.0000 -0.0001 0.0001 0.0000 0.0000 0.0000 0.0000 -0.0006 0.0003 0.0000 -0.0001 0.0001 0.0000 0.0000 0.0000 0.0000 0.0000 0.0000 0.0000 0.0007 0.0001 0.0000 -0.0011 0.0001 0.0000 -0.0008 0.0003 0.0000 0.0001 0.0000 0.0000 0.0000 0.0000 0.0000 -0.0009 0.0000 0.0000 0.0002 -29.9996 -0.0001 -0.0003 29.9996 0.0000 0.0000 0.0000 -0.7249 6.9868 173.2853 0.0000 0.0001 0.0828 -7.9064 66.0353 0.3839 0.0000 25.3510 0.0000 -4.5553 -1.7310 173.3427 -0.2528 -14.3088 -0.0511 19.2686 67.6266 23.6713 0.0000 24.9633 -0.0001 
-4.4841 92.6274 4.6792 -1.5664 -6.3177 3.1024 2.9665 1.6710 -2.6872 2.9708 1.6736 -2.6911 2.9753 1.6763 -2.6952 45.1659 73.8815 -59.1191 10.2998 49.6674 -19.4074 16.8547 -1.3885 110.7535 -5.5426 4.2281 -3.7798 0.0000 0.0000 0.0001 0.0000 0.0000 0.0000 0.0000 -0.0013 -0.0008 0.0000 -0.0004 0.0001 0.0000 0.0000 0.0000 0.0000 0.0000 0.0000 0.0000 0.0002 0.0000 0.0000 -0.0006 0.0003 0.0000 0.0004 -0.0006 0.0000 0.0000 0.0001 0.0000 0.0000 0.0000 0.0000 -0.0010 -0.0002 0.0000 0.0002 30.0001 -0.0001 0.0005 -29.9998 0.0000 0.0000 0.0000 -15.7144 7.1190 6.3780 -15.7143 7.1190 6.3780 -102.5249 67.3336 9.9487 22.9114 35.7112 -32.8898 4.8584 -10.3660 -11.0984 0.7534 8.5800 3.4187 0.0000 -0.0001 0.0001 0.0000 0.0000 0.0000 0.0000 -0.0006 0.0003 0.0000 -0.0001 0.0001 0.0000 0.0000 0.0000 0.0000 0.0000 0.0000 0.0000 0.0007 0.0001 0.0000 -0.0011 0.0001 0.0000 -0.0008 0.0003 0.0000 0.0001 0.0000 0.0000 0.0000 0.0000 0.0000 -0.0009 0.0000 0.0000 0.0002 -29.9996 -0.0001 -0.0003 29.9996 0.0000 0.0000 0.0000 -0.7534 7.0137 173.1894 -0.0018 -0.0624 0.0828 -7.5756 65.9851 0.7462 0.0000 25.3510 0.0000 -4.5204 -1.7893 173.2571 -0.2611 -14.5742 -0.0494 19.5043 67.7189 23.8599 0.0000 24.9643 -0.0001 
-4.3409 92.5860 4.6456 -1.4953 -6.4250 3.0954 2.9787 1.7066 -2.6827 2.9830 1.7092 -2.6865 2.9875 1.7120 -2.6906 45.3675 74.2447 -58.9545 11.6389 50.7294 -18.9021 16.5257 -2.0710 108.0415 -5.2395 4.2257 -3.4630 0.0000 0.0000 0.0001 0.0000 0.0000 0.0000 0.0000 -0.0013 -0.0008 0.0000 -0.0004 0.0001 0.0000 0.0000 0.0000 0.0000 0.0000 0.0000 0.0000 0.0002 0.0000 0.0000 -0.0007 0.0003 0.0000 0.0004 -0.0006 0.0000 0.0000 0.0001 0.0000 0.0000 0.0000 0.0000 -0.0010 -0.0002 0.0000 0.0003 30.0001 -0.0001 0.0005 -29.9998 0.0000 0.0000 0.0000 -15.6201 7.1398 6.2945 -15.6201 7.1398 6.2945 -102.7633 67.3482 9.8269 22.8712 35.7651 -32.8112 4.8335 -10.3762 -11.2144 0.7612 8.5765 3.4057 0.0000 -0.0001 0.0001 0.0000 0.0000 0.0000 0.0000 -0.0006 0.0003 0.0000 -0.0001 0.0001 0.0000 0.0000 0.0000 0.0000 0.0000 0.0000 0.0000 0.0007 0.0001 0.0000 -0.0011 0.0001 0.0000 -0.0008 0.0003 0.0000 0.0001 0.0000 0.0000 0.0000 0.0000 0.0000 -0.0009 0.0000 0.0000 0.0002 -29.9996 -0.0001 -0.0003 29.9996 0.0000 0.0000 0.0000 -0.7865 7.1043 173.0872 -0.0005 -0.0163 0.0828 -7.2005 65.8746 1.1319 0.0000 25.0359 0.0000 -4.4496 -1.8395 173.1678 -0.2690 -14.8583 -0.0478 19.8193 67.8158 24.0739 0.0000 24.9654 -0.0001 
-4.1931 92.5441 4.6130 -1.4059 -6.5381 3.0889 2.9850 1.7455 -2.6760 2.9894 1.7482 -2.6799 2.9939 1.7510 -2.6839 45.4330 74.5802 -58.9099 13.0054 51.7487 -18.2781 16.2614 -2.7555 105.0941 -4.9475 4.2258 -3.1563 0.0000 0.0000 0.0001 0.0000 0.0000 0.0000 0.0000 -0.0013 -0.0008 0.0000 -0.0004 0.0001 0.0000 0.0000 0.0000 0.0000 0.0000 0.0000 0.0000 0.0003 0.0000 0.0000 -0.0006 0.0003 0.0000 0.0004 -0.0006 0.0000 0.0000 0.0001 0.0000 0.0000 0.0000 0.0000 -0.0010 -0.0002 0.0000 0.0003 30.0001 -0.0001 0.0005 -29.9998 0.0000 0.0000 0.0000 -15.5061 7.1514 6.2070 -15.5061 7.1514 6.2070 -102.9713 67.3628 9.7380 22.8332 35.8230 -32.7280 4.8075 -10.3900 -11.3840 0.7726 8.5731 3.3943 0.0000 -0.0001 0.0001 0.0000 0.0000 0.0000 0.0000 -0.0006 0.0003 0.0000 -0.0001 0.0001 0.0000 0.0000 0.0000 0.0000 0.0000 0.0000 0.0000 0.0007 0.0001 0.0000 -0.0012 0.0001 0.0000 -0.0008 0.0003 0.0000 0.0001 0.0000 0.0000 0.0000 0.0000 0.0000 -0.0009 0.0000 0.0000 0.0002 -29.9996 -0.0001 -0.0003 29.9996 0.0000 0.0000 0.0000 -0.8160 7.1863 172.9827 0.0000 0.0000 0.0828 -6.8119 65.7745 1.5095 0.0000 25.0354 0.0000 -4.2606 -1.8723 173.0856 -0.2745 -15.1542 -0.0463 20.3150 67.9101 24.3394 0.0000 24.9665 -0.0001 
-4.0380 92.5024 4.5877 -1.2963 -6.6559 3.0837 2.9829 1.7863 -2.6673 2.9873 1.7891 -2.6712 2.9918 1.7919 -2.6751 45.3675 74.8814 -58.9757 14.4007 52.7058 -17.5074 16.1012 -3.5148 101.7912 -4.6620 4.2366 -2.8448 0.0000 0.0000 0.0001 0.0000 0.0000 0.0000 0.0000 -0.0013 -0.0008 0.0000 -0.0004 0.0001 0.0000 0.0000 0.0000 0.0000 0.0000 0.0000 0.0000 0.0003 0.0000 0.0000 -0.0007 0.0003 0.0000 0.0004 -0.0006 0.0000 0.0000 0.0001 0.0000 0.0000 0.0000 0.0000 -0.0010 -0.0002 0.0000 0.0002 30.0001 -0.0001 0.0005 -29.9998 0.0000 0.0000 0.0000 -15.3546 7.1521 6.1149 -15.3546 7.1521 6.1149 -103.1341 67.3786 9.6974 22.7861 35.8763 -32.6421 4.7734 -10.4067 -11.6529 0.7913 8.5716 3.3821 0.0000 -0.0001 0.0001 0.0000 0.0000 0.0000 0.0000 -0.0006 0.0003 0.0000 -0.0001 0.0001 0.0000 0.0000 0.0000 0.0000 0.0000 0.0000 0.0000 0.0007 0.0001 0.0000 -0.0011 0.0001 0.0000 -0.0008 0.0003 0.0000 0.0001 0.0000 0.0000 0.0000 0.0000 0.0000 -0.0009 0.0000 0.0000 0.0002 -29.9996 -0.0001 -0.0003 29.9996 0.0000 0.0000 0.0000 -0.8387 7.2616 172.8739 -0.0005 -0.0163 0.0828 -6.4069 65.6929 1.8749 0.0000 25.0350 0.0000 -4.0661 -1.8957 172.9968 -0.2803 -15.4570 -0.0448 20.8627 68.0059 24.6361 0.0000 24.9675 -0.0001 
-3.8789 92.4604 4.5753 -1.1738 -6.7724 3.0805 2.9739 1.8254 -2.6580 2.9783 1.8283 -2.6619 2.9827 1.8311 -2.6659 45.1681 75.1408 -59.1567 15.8038 53.5872 -16.6072 16.0371 -4.2498 98.2807 -4.3926 4.2518 -2.5496 0.0000 0.0000 0.0001 0.0000 0.0000 0.0000 0.0000 -0.0013 -0.0008 0.0000 -0.0004 0.0001 0.0000 0.0000 0.0000 0.0000 0.0000 0.0000 0.0000 0.0002 0.0000 0.0000 -0.0006 0.0003 0.0000 0.0004 -0.0006 0.0000 0.0000 0.0001 0.0000 0.0000 0.0000 0.0000 -0.0010 -0.0002 0.0000 0.0002 30.0001 -0.0001 0.0005 -29.9998 0.0000 0.0000 0.0000 -15.1679 7.1482 6.0237 -15.1679 7.1482 6.0237 -103.2782 67.3956 9.6786 22.7273 35.9167 -32.5537 4.7365 -10.4167 -12.0306 0.8184 8.5724 3.3683 0.0000 -0.0001 0.0001 0.0000 0.0000 0.0000 0.0000 -0.0006 0.0003 0.0000 -0.0001 0.0001 0.0000 0.0000 0.0000 0.0000 0.0000 0.0000 0.0000 0.0007 0.0001 0.0000 -0.0011 0.0001 0.0000 -0.0008 0.0003 0.0000 0.0001 0.0000 0.0000 0.0000 0.0000 0.0000 -0.0009 0.0000 0.0000 0.0002 -29.9996 -0.0001 -0.0003 29.9996 0.0000 0.0000 0.0000 -0.8615 7.3612 172.7603 0.0000 0.0001 0.0828 -5.9920 65.6068 2.2337 0.0000 25.0347 0.0000 -3.8737 -1.9071 172.9027 -0.2867 -15.7555 -0.0432 21.4407 68.1003 24.9549 0.0000 24.9685 -0.0001 
-3.7213 92.4187 4.5704 -1.0424 -6.8857 3.0792 2.9593 1.8617 -2.6491 2.9636 1.8646 -2.6529 2.9680 1.8676 -2.6569 44.8650 75.3611 -59.4258 17.2212 54.4040 -15.5929 16.0676 -4.8729 94.5839 -4.1369 4.2668 -2.2755 0.0000 0.0000 0.0001 0.0000 0.0000 0.0000 0.0000 -0.0013 -0.0008 0.0000 -0.0004 0.0001 0.0000 0.0000 0.0000 0.0000 0.0000 0.0000 0.0000 0.0002 0.0000 0.0000 -0.0006 0.0003 0.0000 0.0004 -0.0006 0.0000 0.0000 0.0001 0.0000 0.0000 0.0000 0.0000 -0.0010 -0.0002 0.0000 0.0003 30.0001 -0.0001 0.0005 -29.9998 0.0000 0.0000 0.0000 -14.9479 7.1422 5.9358 -14.9479 7.1422 5.9358 -103.4169 67.4148 9.6673 22.6640 35.9460 -32.4545 4.7075 -10.4116 -12.5263 0.8546 8.5749 3.3548 0.0000 -0.0001 0.0001 0.0000 0.0000 0.0000 0.0000 -0.0006 0.0003 0.0000 -0.0001 0.0001 0.0000 0.0000 0.0000 0.0000 0.0000 0.0000 0.0000 0.0007 0.0001 0.0000 -0.0012 0.0001 0.0000 -0.0008 0.0003 0.0000 0.0001 0.0000 0.0000 0.0000 0.0000 0.0000 -0.0009 0.0000 0.0000 0.0002 -29.9996 -0.0001 -0.0003 29.9996 0.0000 0.0000 0.0000 -0.8847 7.4551 172.6455 0.0000 0.0001 0.0828 -5.5838 65.5384 2.5746 0.0000 25.0343 0.0000 -3.6821 -1.9125 172.8078 -0.2929 -16.0501 -0.0416 22.0289 68.1930 25.2768 0.0000 24.9695 -0.0001 
-3.5725 92.3786 4.5650 -0.9049 -6.9903 3.0801 2.9400 1.8912 -2.6405 2.9443 1.8941 -2.6443 2.9487 1.8971 -2.6483 44.4956 75.5309 -59.7451 18.7153 55.2360 -14.3584 16.1986 -5.2894 90.4625 -3.8792 4.2807 -2.0224 0.0000 0.0000 0.0001 0.0000 0.0000 0.0000 0.0000 -0.0013 -0.0008 0.0000 -0.0004 0.0001 0.0000 0.0000 0.0000 0.0000 0.0000 0.0000 0.0000 0.0002 0.0000 0.0000 -0.0006 0.0003 0.0000 0.0004 -0.0006 0.0000 0.0000 0.0001 0.0000 0.0000 0.0000 0.0000 -0.0010 -0.0002 0.0000 0.0002 30.0001 -0.0001 0.0005 -29.9998 0.0000 0.0000 0.0000 -14.6963 7.1370 5.8546 -14.6963 7.1370 5.8546 -103.5719 67.4423 9.6434 22.6145 35.9604 -32.3153 4.6994 -10.3668 -13.2194 0.9064 8.5783 3.3453 0.0000 -0.0001 0.0001 0.0000 0.0000 0.0000 0.0000 -0.0006 0.0003 0.0000 -0.0001 0.0001 0.0000 0.0000 0.0000 0.0000 0.0000 0.0000 0.0000 0.0007 0.0001 0.0000 -0.0012 0.0001 0.0000 -0.0008 0.0003 0.0000 0.0001 0.0000 0.0000 0.0000 0.0000 0.0000 -0.0009 0.0000 0.0000 0.0002 -29.9996 -0.0001 -0.0003 29.9996 0.0000 0.0000 0.0000 -0.9110 7.5416 172.5345 0.0000 0.0001 0.0828 -5.1962 65.4812 2.8877 0.0000 25.0341 0.0000 -3.4922 -1.9219 172.7175 -0.2983 -16.3381 -0.0400 22.5957 68.2803 25.5699 0.0000 24.9706 -0.0001 
-3.4356 92.3419 4.5550 -0.7692 -7.0850 3.0824 2.9170 1.9130 -2.6308 2.9212 1.9159 -2.6347 2.9256 1.9190 -2.6386 44.0949 75.6723 -60.0960 20.7197 56.3901 -12.8919 16.3595 -5.4582 86.0577 -3.3098 3.9285 -1.5802 0.0000 0.0000 0.0001 0.0000 0.0000 0.0000 0.0000 -0.0013 -0.0008 0.0000 -0.0004 0.0001 0.0000 0.0000 0.0000 0.0000 0.0000 0.0000 0.0000 0.0003 0.0000 0.0000 -0.0007 0.0003 0.0000 0.0004 -0.0006 0.0000 0.0000 0.0001 0.0000 0.0000 0.0000 0.0000 -0.0010 -0.0002 0.0000 0.0002 30.0001 -0.0001 0.0005 -29.9998 0.0000 0.0000 0.0000 -14.4042 7.1332 5.7751 -14.4042 7.1332 5.7751 -103.7384 67.4737 9.6103 22.5825 35.9746 -32.1361 4.6887 -10.2904 -14.0791 0.9713 8.5830 3.3380 0.0000 -0.0001 0.0001 0.0000 0.0000 0.0000 0.0000 -0.0006 0.0003 0.0000 -0.0001 0.0001 0.0000 0.0000 0.0000 0.0000 0.0000 0.0000 0.0000 0.0007 0.0001 0.0000 -0.0011 0.0001 0.0000 -0.0008 0.0003 0.0000 0.0001 0.0000 0.0000 0.0000 0.0000 0.0000 -0.0008 0.0000 0.0000 0.0002 -29.9997 -0.0001 -0.0003 29.9996 0.0000 0.0000 0.0000 -0.9405 7.6167 172.4308 0.0000 0.0000 0.0828 -4.8374 65.4322 3.1726 0.0000 25.0339 0.0000 -3.3017 -1.9367 172.6367 -0.3028 -16.6121 -0.0387 23.1227 68.3584 25.8192 0.0000 24.9716 -0.0001 
-3.3111 92.3093 4.5467 -0.6387 -7.1696 3.0858 2.8899 1.9273 -2.6202 2.8940 1.9302 -2.6240 2.8984 1.9333 -2.6279 43.7187 75.8079 -60.4247 22.5994 57.5379 -11.3515 16.5332 -5.4046 81.4518 -2.8007 3.5829 -1.2098 0.0000 0.0000 0.0001 0.0000 0.0000 0.0000 0.0000 -0.0013 -0.0008 0.0000 -0.0004 0.0001 0.0000 0.0000 0.0000 0.0000 0.0000 0.0000 0.0000 0.0002 0.0000 0.0000 -0.0006 0.0003 0.0000 0.0004 -0.0006 0.0000 0.0000 0.0001 0.0000 0.0000 0.0000 0.0000 -0.0010 -0.0002 0.0000 0.0003 30.0001 -0.0001 0.0005 -29.9998 0.0000 0.0000 0.0000 -14.0657 7.1300 5.6952 -14.0657 7.1300 5.6952 -103.9277 67.5119 9.5509 22.5654 35.9863 -31.9244 4.6665 -10.1872 -15.0796 1.0477 8.5899 3.3314 0.0000 -0.0001 0.0001 0.0000 0.0000 0.0000 0.0000 -0.0006 0.0003 0.0000 -0.0001 0.0001 0.0000 0.0000 0.0000 0.0000 0.0000 0.0000 0.0000 0.0007 0.0001 0.0000 -0.0011 0.0001 0.0000 -0.0008 0.0003 0.0000 0.0001 0.0000 0.0000 0.0000 0.0000 0.0000 -0.0008 0.0000 0.0000 0.0002 -29.9996 -0.0001 -0.0003 29.9996 0.0000 0.0000 0.0000 -0.9735 7.6840 172.3346 0.0000 0.0000 0.0828 -4.5136 65.3944 3.4263 0.0000 25.0337 0.0000 -3.1105 -1.9479 172.5660 -0.3064 -16.8616 -0.0374 23.6062 68.4271 26.0233 0.0000 24.9726 -0.0001 
-3.2088 92.2840 4.5501 -0.5230 -7.2372 3.0890 2.8579 1.9293 -2.6078 2.8620 1.9322 -2.6115 2.8664 1.9353 -2.6155 43.4508 75.9654 -60.6524 24.1797 58.7149 -9.8410 16.7162 -5.1776 76.6488 -2.3541 3.2578 -0.9116 0.0000 0.0000 0.0001 0.0000 0.0000 0.0000 0.0000 -0.0013 -0.0008 0.0000 -0.0004 0.0001 0.0000 0.0000 0.0000 0.0000 0.0000 0.0000 0.0000 0.0002 -0.0001 0.0000 -0.0006 0.0003 0.0000 0.0004 -0.0006 0.0000 0.0000 0.0001 0.0000 0.0000 0.0000 0.0000 -0.0010 -0.0002 0.0000 0.0002 30.0001 -0.0001 0.0005 -29.9998 0.0000 0.0000 0.0000 -13.6546 7.1284 5.6130 -13.6546 7.1284 5.6130 -104.1686 67.5613 9.4336 22.5474 35.9861 -31.6798 4.6579 -10.0398 -16.2799 1.1406 8.5991 3.3272 0.0000 -0.0001 0.0001 0.0000 0.0000 0.0000 0.0000 -0.0006 0.0003 0.0000 -0.0001 0.0001 0.0000 0.0000 0.0000 0.0000 0.0000 0.0000 0.0000 0.0007 0.0001 0.0000 -0.0011 0.0001 0.0000 -0.0008 0.0003 0.0000 0.0001 0.0000 0.0000 0.0000 0.0000 0.0000 -0.0008 0.0000 0.0000 0.0002 -29.9996 -0.0001 -0.0003 29.9996 0.0000 0.0000 0.0000 -1.0058 7.7196 172.2545 -0.0018 -0.0487 0.0828 -4.2560 65.4009 3.6203 0.0000 25.0336 0.0000 -2.9271 -1.9407 172.5125 -0.3085 -17.0538 -0.0366 24.0111 68.4835 26.1576 0.0000 24.9737 -0.0001 
-3.1266 92.2653 4.5642 -0.4292 -7.2888 3.0864 2.8286 1.9211 -2.5933 2.8326 1.9240 -2.5969 2.8370 1.9271 -2.6009 43.2644 76.1477 -60.8018 25.4628 59.9506 -8.3814 16.8933 -4.9019 71.5432 -1.9575 2.9522 -0.6647 0.0000 0.0000 0.0001 0.0000 0.0000 0.0000 0.0000 -0.0013 -0.0008 0.0000 -0.0004 0.0001 0.0000 0.0000 0.0000 0.0000 0.0000 0.0000 0.0000 0.0002 0.0000 0.0000 -0.0006 0.0003 0.0000 0.0004 -0.0006 0.0000 0.0000 0.0001 0.0000 0.0000 0.0000 0.0000 -0.0010 -0.0002 0.0000 0.0003 30.0001 -0.0001 0.0005 -29.9998 0.0000 0.0000 0.0000 -13.1907 7.1295 5.5310 -13.1907 7.1294 5.5310 -104.4633 67.6231 9.2716 22.5183 35.9824 -31.4149 4.6882 -9.8450 -17.6376 1.2465 8.6073 3.3298 0.0000 -0.0001 0.0001 0.0000 0.0000 0.0000 0.0000 -0.0006 0.0003 0.0000 -0.0001 0.0001 0.0000 0.0000 0.0000 0.0000 0.0000 0.0000 0.0000 0.0007 0.0001 0.0000 -0.0011 0.0001 0.0000 -0.0008 0.0003 0.0000 0.0001 0.0000 0.0000 0.0000 0.0000 0.0000 -0.0008 0.0000 0.0000 0.0002 -29.9996 -0.0001 -0.0003 29.9996 0.0000 0.0000 0.0000 -1.0400 7.7970 172.1940 0.0000 0.0001 0.0828 -4.0549 65.3748 3.7733 0.0000 25.0335 0.0000 -2.7650 -1.9151 172.4781 -0.3088 -17.1841 -0.0362 24.3341 68.5284 26.2404 0.0000 24.9747 -0.0001 
-3.0604 92.2521 4.5909 -0.3549 -7.3253 3.0747 2.8034 1.9052 -2.5756 2.8073 1.9080 -2.5792 2.8117 1.9111 -2.5832 43.1437 76.3465 -60.9013 26.4337 61.2346 -7.0025 17.0008 -4.6188 66.3339 -1.6202 2.6776 -0.4737 0.0000 0.0000 0.0001 0.0000 0.0000 0.0000 0.0000 -0.0013 -0.0008 0.0000 -0.0004 0.0001 0.0000 0.0000 0.0000 0.0000 0.0000 0.0000 0.0000 0.0002 0.0000 0.0000 -0.0006 0.0003 0.0000 0.0004 -0.0006 0.0000 0.0000 0.0001 0.0000 0.0000 0.0000 0.0000 -0.0010 -0.0002 0.0000 0.0002 30.0001 -0.0001 0.0005 -29.9998 0.0000 0.0000 0.0000 -12.6826 7.1302 5.4492 -12.6826 7.1302 5.4492 -104.7906 67.6931 9.0922 22.4930 35.9987 -31.1250 4.7534 -9.6043 -19.1315 1.3637 8.6120 3.3430 0.0000 -0.0001 0.0001 0.0000 0.0000 0.0000 0.0000 -0.0006 0.0003 0.0000 -0.0001 0.0001 0.0000 0.0000 0.0000 0.0000 0.0000 0.0000 0.0000 0.0007 0.0001 0.0000 -0.0012 0.0001 0.0000 -0.0008 0.0003 0.0000 0.0001 0.0000 0.0000 0.0000 0.0000 0.0000 -0.0008 0.0000 0.0000 0.0002 -29.9997 -0.0001 -0.0003 29.9996 0.0000 0.0000 0.0000 -1.0715 7.8449 172.1542 0.0000 0.0000 0.0828 -3.9123 65.3881 3.8820 0.0000 25.0336 0.0000 -2.6424 -1.8706 172.4600 -0.3084 -17.2524 -0.0361 24.5739 68.5623 26.2888 0.0000 24.9756 -0.0001 
-3.0139 92.2467 4.6326 -0.3063 -7.3371 3.0402 2.7834 1.8787 -2.5493 2.7872 1.8814 -2.5527 2.7917 1.8846 -2.5568 43.1249 76.6018 -60.9394 26.8041 62.6224 -5.8385 17.0892 -4.3027 60.8257 -1.3259 2.4263 -0.3333 0.0000 0.0000 0.0001 0.0000 0.0000 0.0000 0.0000 -0.0013 -0.0008 0.0000 -0.0004 0.0001 0.0000 0.0000 0.0000 0.0000 0.0000 0.0000 0.0000 0.0003 0.0000 0.0000 -0.0006 0.0003 0.0000 0.0004 -0.0006 0.0000 0.0000 0.0001 0.0000 0.0000 0.0000 0.0000 -0.0010 -0.0002 0.0000 0.0002 30.0001 -0.0001 0.0005 -29.9998 0.0000 0.0000 0.0000 -12.1054 7.1259 5.3618 -12.1054 7.1259 5.3618 -105.1349 67.7725 8.8971 22.5138 36.0635 -30.7590 4.8948 -9.2721 -20.8247 1.4971 8.6078 3.3831 0.0000 -0.0001 0.0001 0.0000 0.0000 0.0000 0.0000 -0.0006 0.0003 0.0000 -0.0001 0.0001 0.0000 0.0000 0.0000 0.0000 0.0000 0.0000 0.0000 0.0007 0.0001 0.0000 -0.0012 0.0001 0.0000 -0.0008 0.0003 0.0000 0.0002 0.0000 0.0000 0.0000 0.0000 0.0000 -0.0008 0.0000 0.0000 0.0002 -29.9996 -0.0001 -0.0003 29.9995 0.0000 0.0000 0.0000 -1.1007 7.8799 172.1513 0.0000 0.0000 0.0828 -3.8437 65.4199 3.9381 0.0000 25.0336 0.0000 -2.5984 -1.8030 172.4697 -0.3078 -17.2238 -0.0363 24.6785 68.5753 26.2936 0.0000 24.9763 -0.0001 
-2.9856 92.2466 4.6809 -0.2721 -7.3294 2.9824 2.7694 1.8442 -2.5137 2.7730 1.8469 -2.5170 2.7776 1.8500 -2.5211 42.9676 76.9258 -61.1007 26.5329 64.0492 -4.9861 17.1040 -3.7804 54.9272 -1.0662 2.1918 -0.2326 0.0000 0.0000 0.0001 0.0000 0.0000 0.0000 0.0000 -0.0013 -0.0008 0.0000 -0.0004 0.0001 0.0000 0.0000 0.0000 0.0000 0.0000 0.0000 0.0000 0.0002 0.0000 0.0000 -0.0006 0.0003 0.0000 0.0004 -0.0006 0.0000 0.0000 0.0001 0.0000 0.0000 0.0000 0.0000 -0.0010 -0.0002 0.0000 0.0003 30.0001 -0.0001 0.0005 -29.9998 0.0000 0.0000 0.0000 -11.5093 7.1232 5.2712 -11.5093 7.1232 5.2712 -105.4779 67.8563 8.6904 22.5914 36.1752 -30.2997 5.1234 -8.8376 -22.6681 1.6430 8.5919 3.4535 0.0000 -0.0001 0.0001 0.0000 0.0000 0.0000 0.0000 -0.0006 0.0003 0.0000 -0.0001 0.0001 0.0000 0.0000 0.0000 0.0000 0.0000 0.0000 0.0000 0.0007 0.0001 0.0000 -0.0012 0.0001 0.0000 -0.0008 0.0003 0.0000 0.0001 0.0000 0.0000 0.0000 0.0000 0.0000 -0.0009 0.0000 0.0000 0.0002 -29.9996 -0.0001 -0.0003 29.9996 0.0000 0.0000 0.0000 -1.1206 7.8775 172.1853 -0.0019 -0.0487 0.0828 -3.8252 65.4857 3.9496 0.0000 25.0338 0.0000 -2.6307 -1.7190 172.5059 -0.3062 -17.1146 -0.0368 24.6593 68.5697 26.2542 0.0000 24.9768 -0.0001 
-2.9744 92.2489 4.7231 -0.2470 -7.3064 2.9033 2.7603 1.8032 -2.4696 2.7639 1.8057 -2.4728 2.7685 1.8089 -2.4769 42.4770 77.3045 -61.5467 25.7592 65.4676 -4.4244 16.8690 -2.9974 48.6880 -0.8401 1.9741 -0.1640 0.0000 0.0000 0.0001 0.0000 0.0000 0.0000 0.0000 -0.0013 -0.0008 0.0000 -0.0004 0.0001 0.0000 0.0000 0.0000 0.0000 0.0000 0.0000 0.0000 0.0002 0.0000 0.0000 -0.0006 0.0003 0.0000 0.0004 -0.0006 0.0000 0.0000 0.0001 0.0000 0.0000 0.0000 0.0000 -0.0010 -0.0002 0.0000 0.0002 30.0001 -0.0001 0.0005 -29.9998 0.0000 0.0000 0.0000 -10.9021 7.1257 5.1741 -10.9021 7.1257 5.1741 -105.8295 67.9390 8.4599 22.7433 36.3449 -29.7455 5.3992 -8.3108 -24.6208 1.7984 8.5645 3.5506 0.0000 -0.0001 0.0001 0.0000 0.0000 0.0000 0.0000 -0.0006 0.0003 0.0000 -0.0001 0.0001 0.0000 0.0000 0.0000 0.0000 0.0000 0.0000 0.0000 0.0007 0.0001 0.0000 -0.0012 0.0001 0.0000 -0.0008 0.0003 0.0000 0.0001 0.0000 0.0000 0.0000 0.0000 0.0000 -0.0008 0.0000 0.0000 0.0002 -29.9996 -0.0001 -0.0003 29.9996 0.0000 0.0000 0.0000 -1.1402 7.9059 172.2522 0.0000 0.0000 0.0828 -3.8381 65.5039 3.9372 0.0000 25.0339 0.0000 -2.7285 -1.6321 172.5675 -0.3030 -16.9457 -0.0377 24.5265 68.5460 26.1684 0.0000 24.9773 -0.0001 
-2.9837 92.2519 4.7419 -0.2292 -7.2656 2.7969 2.7556 1.7556 -2.4138 2.7591 1.7580 -2.4168 2.7638 1.7612 -2.4209 41.2829 77.7440 -62.6153 24.5570 66.7809 -4.0684 16.1001 -1.7931 41.9977 -0.6431 1.7724 -0.1267 0.0000 0.0000 0.0001 0.0000 0.0000 0.0000 0.0000 -0.0013 -0.0008 0.0000 -0.0004 0.0001 0.0000 0.0000 0.0000 0.0000 0.0000 0.0000 0.0000 0.0002 0.0000 0.0000 -0.0006 0.0003 0.0000 0.0004 -0.0006 0.0000 0.0000 0.0001 0.0000 0.0000 0.0000 0.0000 -0.0010 -0.0002 0.0000 0.0002 30.0001 -0.0001 0.0005 -29.9998 0.0000 0.0000 0.0000 -10.2897 7.1376 5.0572 -10.2897 7.1376 5.0572 -106.1892 68.0273 8.1864 23.0308 36.6130 -29.0435 5.6965 -7.6845 -26.6902 1.9633 8.5219 3.6825 0.0000 -0.0001 0.0001 0.0000 0.0000 0.0000 0.0000 -0.0006 0.0003 0.0000 -0.0001 0.0001 0.0000 0.0000 0.0000 0.0000 0.0000 0.0000 0.0000 0.0007 0.0001 0.0000 -0.0012 0.0001 0.0000 -0.0008 0.0003 0.0000 0.0001 0.0000 0.0000 0.0000 0.0000 0.0000 -0.0009 0.0000 0.0000 0.0002 -29.9997 -0.0001 -0.0003 29.9996 0.0000 0.0000 0.0000 -1.1464 7.8545 172.3617 -0.0018 -0.0485 0.0828 -3.8900 65.5628 3.8851 0.0000 25.0341 0.0000 -2.9039 -1.5564 172.6622 -0.2978 -16.7158 -0.0391 24.2519 68.4949 26.0187 0.0000 24.9775 -0.0001 
-3.0006 92.2535 4.7336 -0.2145 -7.2135 2.6780 2.7475 1.7062 -2.3514 2.7508 1.7085 -2.3543 2.7556 1.7116 -2.3584 39.3134 78.1879 -64.4310 23.2632 67.9391 -3.7412 14.7259 -0.4588 35.0491 -0.4776 1.5925 -0.1076 0.0000 0.0000 0.0001 0.0000 0.0000 0.0000 0.0000 -0.0013 -0.0008 0.0000 -0.0004 0.0001 0.0000 0.0000 0.0000 0.0000 0.0000 0.0000 0.0000 0.0003 0.0000 0.0000 -0.0006 0.0003 0.0000 0.0004 -0.0006 0.0000 0.0000 0.0001 0.0000 0.0000 0.0000 0.0000 -0.0010 -0.0002 0.0000 0.0002 30.0001 -0.0001 0.0005 -29.9998 0.0000 0.0000 0.0000 -9.6786 7.1545 4.9143 -9.6786 7.1545 4.9143 -106.5246 68.1319 7.9095 23.3874 36.9441 -28.2746 5.9488 -7.0178 -28.7821 2.1304 8.4702 3.8307 0.0000 -0.0001 0.0001 0.0000 0.0000 0.0000 0.0000 -0.0006 0.0003 0.0000 -0.0001 0.0001 0.0000 0.0000 0.0000 0.0000 0.0000 0.0000 0.0000 0.0007 0.0001 0.0000 -0.0012 0.0001 0.0000 -0.0008 0.0003 0.0000 0.0001 0.0000 0.0000 0.0000 0.0000 0.0000 -0.0009 0.0000 0.0000 0.0002 -29.9996 -0.0001 -0.0003 29.9996 0.0000 0.0000 0.0000 -1.1506 7.8238 172.4893 0.0000 0.0000 0.0828 -3.9446 65.5648 3.8317 0.0000 25.0343 0.0000 -3.1099 -1.5028 172.7728 -0.2924 -16.4661 -0.0405 23.9108 68.4264 25.8321 0.0000 24.9778 -0.0001 
-3.0229 92.2545 4.7029 -0.2019 -7.1558 2.5529 2.7321 1.6578 -2.2858 2.7353 1.6599 -2.2884 2.7402 1.6630 -2.2925 36.5805 78.6202 -67.0055 21.9273 68.9377 -3.4332 12.8188 0.7474 27.9554 -0.3411 1.4358 -0.0989 0.0000 0.0000 0.0001 0.0000 0.0000 0.0000 0.0000 -0.0013 -0.0008 0.0000 -0.0004 0.0001 0.0000 0.0000 0.0000 0.0000 0.0000 0.0000 0.0000 0.0003 0.0000 0.0000 -0.0006 0.0003 0.0000 0.0004 -0.0006 0.0000 0.0000 0.0001 0.0000 0.0000 0.0000 0.0000 -0.0010 -0.0002 0.0000 0.0002 30.0001 -0.0001 0.0005 -29.9998 0.0000 0.0000 0.0000 -9.0702 7.1729 4.7501 -9.0701 7.1729 4.7501 -106.8572 68.2586 7.6174 23.7806 37.3142 -27.4905 6.1026 -6.3605 -30.8376 2.2947 8.4151 3.9797 0.0000 -0.0001 0.0001 0.0000 0.0000 0.0000 0.0000 -0.0006 0.0003 0.0000 -0.0001 0.0001 0.0000 0.0000 0.0000 0.0000 0.0000 0.0000 0.0000 0.0007 0.0001 0.0000 -0.0012 0.0001 0.0000 -0.0008 0.0003 0.0000 0.0001 0.0000 0.0000 0.0000 0.0000 0.0000 -0.0008 0.0000 0.0000 0.0002 -29.9996 -0.0001 -0.0003 29.9996 0.0000 0.0000 0.0000 -1.1463 7.7155 172.6280 -0.0024 -0.0682 0.0828 -4.0118 65.6197 3.7625 0.0000 25.0345 0.0000 -3.3247 -1.4687 172.8940 -0.2869 -16.2136 -0.0420 23.5368 68.3513 25.6189 0.0000 24.9780 -0.0001 
-3.0560 92.2542 4.6487 -0.1950 -7.0988 2.4285 2.7016 1.6165 -2.2209 2.7047 1.6184 -2.2234 2.7096 1.6215 -2.2275 32.8637 79.0336 -70.5637 20.7570 69.7285 -3.0377 10.3927 1.5761 20.9514 -0.2317 1.3051 -0.0963 0.0000 0.0000 0.0001 0.0000 0.0000 0.0000 0.0000 -0.0013 -0.0008 0.0000 -0.0004 0.0001 0.0000 0.0000 0.0000 0.0000 0.0000 0.0000 0.0000 0.0002 0.0000 0.0000 -0.0006 0.0003 0.0000 0.0004 -0.0006 0.0000 0.0000 0.0001 0.0000 0.0000 0.0000 0.0000 -0.0010 -0.0002 0.0000 0.0002 30.0001 -0.0002 0.0005 -29.9998 0.0000 0.0000 0.0000 -8.4687 7.1825 4.5603 -8.4687 7.1825 4.5603 -107.2505 68.4219 7.2412 24.2266 37.7365 -26.7284 6.0540 -5.8265 -32.7767 2.4485 8.3666 4.1115 0.0000 -0.0001 0.0001 0.0000 0.0000 0.0000 0.0000 -0.0006 0.0003 0.0000 -0.0001 0.0001 0.0000 0.0000 0.0000 0.0000 0.0000 0.0000 0.0000 0.0007 0.0001 0.0000 -0.0011 0.0001 0.0000 -0.0008 0.0003 0.0000 0.0001 0.0000 0.0000 0.0000 0.0000 0.0000 -0.0009 0.0000 0.0000 0.0002 -29.9996 -0.0001 -0.0003 29.9996 0.0000 0.0000 0.0000 -1.1530 7.6614 172.7725 0.0000 0.0000 0.0828 -4.0967 65.6069 3.6861 0.0000 25.0347 0.0000 -3.5336 -1.4516 173.0257 -0.2801 -15.9680 -0.0436 23.1284 68.2784 25.3612 0.0000 24.9785 -0.0001 
-3.1000 92.2522 4.5868 -0.1971 -7.0510 2.3114 2.6548 1.5842 -2.1583 2.6577 1.5860 -2.1606 2.6627 1.5891 -2.1646 28.4422 79.3989 -74.8079 19.7830 70.3703 -2.5820 7.6854 1.8701 14.3698 -0.1464 1.2004 -0.0967 0.0000 0.0000 0.0001 0.0000 0.0000 0.0000 0.0000 -0.0013 -0.0008 0.0000 -0.0004 0.0001 0.0000 0.0000 0.0000 0.0000 0.0000 0.0000 0.0000 0.0002 0.0000 0.0000 -0.0006 0.0003 0.0000 0.0004 -0.0006 0.0000 0.0000 0.0001 0.0000 0.0000 0.0000 0.0000 -0.0010 -0.0002 0.0000 0.0002 30.0001 -0.0001 0.0005 -29.9998 0.0000 0.0000 0.0000 -7.8739 7.1791 4.3555 -7.8739 7.1791 4.3555 -107.7102 68.6099 6.7502 24.7186 38.1901 -25.9819 5.8469 -5.4334 -34.5964 2.5911 8.3264 4.2264 0.0000 -0.0001 0.0001 0.0000 0.0000 0.0000 0.0000 -0.0006 0.0003 0.0000 -0.0001 0.0001 0.0000 0.0000 0.0000 0.0000 0.0000 0.0000 0.0000 0.0007 0.0001 0.0000 -0.0011 0.0001 0.0000 -0.0008 0.0003 0.0000 0.0001 0.0000 0.0000 0.0000 0.0000 0.0000 -0.0009 0.0000 0.0000 0.0002 -29.9996 -0.0001 -0.0003 29.9996 0.0000 0.0000 0.0000 -1.1722 7.5523 172.9159 -0.0017 -0.0487 0.0828 -4.2328 65.6571 3.5771 0.0000 25.0350 0.0000 -3.7292 -1.4332 173.1622 -0.2719 -15.7313 -0.0453 22.6937 68.2176 25.0616 0.0000 24.9792 -0.0001 
-3.1515 92.2484 4.5228 -0.2089 -7.0129 2.2006 2.5932 1.5609 -2.0969 2.5959 1.5626 -2.0991 2.6009 1.5658 -2.1031 23.6220 79.6773 -79.4306 18.8880 70.9177 -2.2268 4.9381 1.6803 8.4219 -0.0805 1.1161 -0.0987 0.0000 0.0000 0.0001 0.0000 0.0000 0.0000 0.0000 -0.0013 -0.0008 0.0000 -0.0004 0.0001 0.0000 0.0000 0.0000 0.0000 0.0000 0.0000 0.0000 0.0002 0.0000 0.0000 -0.0006 0.0003 0.0000 0.0004 -0.0006 0.0000 0.0000 0.0001 0.0000 0.0000 0.0000 0.0000 -0.0010 -0.0002 0.0000 0.0002 30.0001 -0.0001 0.0005 -29.9998 0.0000 0.0000 0.0000 -7.2862 7.1622 4.1414 -7.2862 7.1622 4.1414 -108.1684 68.8201 6.2187 25.1987 38.6548 -25.2826 5.5452 -5.1558 -36.2863 2.7219 8.2924 4.3289 0.0000 -0.0001 0.0001 0.0000 0.0000 0.0000 0.0000 -0.0006 0.0003 0.0000 -0.0001 0.0001 0.0000 0.0000 0.0000 0.0000 0.0000 0.0000 0.0000 0.0007 0.0001 0.0000 -0.0012 0.0001 0.0000 -0.0008 0.0003 0.0000 0.0001 0.0000 0.0000 0.0000 0.0000 0.0000 -0.0008 0.0000 0.0000 0.0002 -29.9996 -0.0001 -0.0003 29.9996 0.0000 0.0000 0.0000 -1.2172 7.4987 173.0552 0.0000 0.0001 0.0828 -4.4063 65.6640 3.4598 0.0000 25.0352 0.0000 -3.9136 -1.4106 173.3015 -0.2634 -15.5049 -0.0470 22.2347 68.1716 24.7233 0.0000 24.9801 -0.0001 
-3.2085 92.2403 4.4575 -0.2412 -6.9871 2.0947 2.5092 1.5492 -2.0328 2.5116 1.5508 -2.0348 2.5166 1.5540 -2.0388 18.9251 79.9053 -83.8808 17.6465 71.4309 -2.4996 2.5001 1.1056 3.6507 -0.0337 1.0495 -0.1019 0.0000 0.0000 0.0001 0.0000 0.0000 0.0000 0.0000 -0.0013 -0.0008 0.0000 -0.0004 0.0001 0.0000 0.0000 0.0000 0.0000 0.0000 0.0000 0.0000 0.0002 0.0000 0.0000 -0.0006 0.0003 0.0000 0.0004 -0.0006 0.0000 0.0000 0.0001 0.0000 0.0000 0.0000 0.0000 -0.0010 -0.0002 0.0000 0.0002 30.0001 -0.0001 0.0005 -29.9998 0.0000 0.0000 0.0000 -6.7057 7.1241 3.9143 -6.7058 7.1241 3.9143 -108.5940 69.0419 5.6655 25.6366 39.1371 -24.6885 5.1479 -5.0344 -37.7459 2.8327 8.2695 4.4141 0.0000 -0.0001 0.0001 0.0000 0.0000 0.0000 0.0000 -0.0006 0.0003 0.0000 -0.0001 0.0001 0.0000 0.0000 0.0000 0.0000 0.0000 0.0000 0.0000 0.0007 0.0001 0.0000 -0.0012 0.0001 0.0000 -0.0008 0.0003 0.0000 0.0001 0.0000 0.0000 0.0000 0.0000 0.0000 -0.0008 0.0000 0.0000 0.0002 -29.9996 -0.0001 -0.0003 29.9996 0.0000 0.0000 0.0000 -1.2806 7.4306 173.1909 0.0000 0.0001 0.0828 -4.6336 65.7021 3.3246 0.0000 25.3511 0.0000 -4.0724 -1.3867 173.4465 -0.2549 -15.3005 -0.0486 21.7430 68.1497 24.3265 0.0000 24.9813 -0.0001 
-3.2652 92.2275 4.3864 -0.2955 -6.9670 1.9950 2.4085 1.5424 -1.9667 2.4107 1.5439 -1.9685 2.4157 1.5472 -1.9725 14.6206 80.0580 -87.9067 16.0633 71.9994 -3.3938 0.4991 0.3234 -0.0210 -0.0010 0.9926 -0.1048 0.0000 0.0000 0.0001 0.0000 0.0000 0.0000 0.0000 -0.0013 -0.0008 0.0000 -0.0004 0.0001 0.0000 0.0000 0.0000 0.0000 0.0000 0.0000 0.0000 0.0002 0.0000 0.0000 -0.0006 0.0003 0.0000 0.0004 -0.0006 0.0000 0.0000 0.0001 0.0000 0.0000 0.0000 0.0000 -0.0010 -0.0002 0.0000 0.0002 30.0001 -0.0001 0.0005 -29.9998 0.0000 0.0000 0.0000 -6.1298 7.0750 3.6783 -6.1298 7.0750 3.6784 -109.0513 69.2509 5.0417 26.0880 39.6468 -24.1686 4.6992 -4.9929 -39.0203 2.9282 8.2521 4.4920 0.0000 -0.0001 0.0001 0.0000 0.0000 0.0000 0.0000 -0.0006 0.0003 0.0000 -0.0001 0.0001 0.0000 0.0000 0.0000 0.0000 0.0000 0.0000 0.0000 0.0007 0.0001 0.0000 -0.0012 0.0001 0.0000 -0.0008 0.0003 0.0000 0.0001 0.0000 0.0000 0.0000 0.0000 0.0000 -0.0009 0.0000 0.0000 0.0002 -29.9996 -0.0001 -0.0003 29.9996 0.0000 0.0000 0.0000 -1.3400 7.3404 173.3205 -0.0015 -0.0487 0.0828 -4.8833 65.7629 3.1842 0.0000 25.3510 0.0000 -4.1920 -1.3734 173.5937 -0.2473 -15.1230 -0.0500 21.2419 68.1408 23.8865 0.0000 24.9829 -0.0001 
-3.3229 92.2109 4.3050 -0.3700 -6.9494 1.9001 2.2939 1.5389 -1.8996 2.2958 1.5403 -1.9012 2.3007 1.5437 -1.9052 10.9987 80.1009 -91.2755 14.1644 72.6145 -4.9093 -0.9991 -0.4794 -2.6771 0.0205 0.9416 -0.1066 0.0000 0.0000 0.0001 0.0000 0.0000 0.0000 0.0000 -0.0013 -0.0008 0.0000 -0.0004 0.0001 0.0000 0.0000 0.0000 0.0000 0.0000 0.0000 0.0000 0.0002 0.0000 0.0000 -0.0006 0.0003 0.0000 0.0004 -0.0006 0.0000 0.0000 0.0001 0.0000 0.0000 0.0000 0.0000 -0.0010 -0.0002 0.0000 0.0002 30.0001 -0.0001 0.0005 -29.9998 0.0000 0.0000 0.0000 -5.5564 7.0170 3.4361 -5.5564 7.0170 3.4361 -109.4887 69.4495 4.4011 26.5432 40.1715 -23.7079 4.2583 -4.9647 -40.1592 3.0128 8.2335 4.5742 0.0000 -0.0001 0.0001 0.0000 0.0000 0.0000 0.0000 -0.0006 0.0003 0.0000 -0.0001 0.0001 0.0000 0.0000 0.0000 0.0000 0.0000 0.0000 0.0000 0.0007 0.0001 0.0000 -0.0012 0.0001 0.0000 -0.0008 0.0003 0.0000 0.0001 0.0000 0.0000 0.0000 0.0000 0.0000 -0.0008 0.0000 0.0000 0.0002 -29.9996 -0.0001 -0.0003 29.9996 0.0000 0.0000 0.0000 -1.3942 7.2961 173.4467 0.0000 0.0001 0.0828 -5.1346 65.7666 3.0550 0.0000 25.3510 0.0000 -4.2701 -1.3784 173.7459 -0.2398 -14.9750 -0.0513 20.7323 68.1369 23.4048 0.0000 24.9846 -0.0001 
-3.3825 92.1930 4.2093 -0.4736 -6.9264 1.8077 2.1610 1.5412 -1.8312 2.1627 1.5425 -1.8326 2.1674 1.5460 -1.8366 8.9350 80.0004 -93.2153 11.8761 73.3445 -7.2403 -1.7483 -1.0235 -4.0322 0.0300 0.8932 -0.1081 0.0000 0.0000 0.0001 0.0000 0.0000 0.0000 0.0000 -0.0013 -0.0008 0.0000 -0.0004 0.0001 0.0000 0.0000 0.0000 0.0000 0.0000 0.0000 0.0000 0.0002 0.0000 0.0000 -0.0006 0.0003 0.0000 0.0004 -0.0006 0.0000 0.0000 0.0001 0.0000 0.0000 0.0000 0.0000 -0.0010 -0.0002 0.0000 0.0002 30.0001 -0.0001 0.0005 -29.9998 0.0000 0.0000 0.0000 -4.9881 6.9364 3.1817 -4.9881 6.9364 3.1817 -109.7627 69.6514 3.8828 26.9614 40.7020 -23.3442 3.8932 -4.8952 -41.1358 3.0840 8.2063 4.6750 0.0000 -0.0001 0.0001 0.0000 0.0000 0.0000 0.0000 -0.0006 0.0003 0.0000 -0.0001 0.0001 0.0000 0.0000 0.0000 0.0000 0.0000 0.0000 0.0000 0.0007 0.0001 0.0000 -0.0012 0.0001 0.0000 -0.0008 0.0003 0.0000 0.0001 0.0000 0.0000 0.0000 0.0000 0.0000 -0.0009 0.0000 0.0000 0.0002 -29.9997 -0.0001 -0.0003 29.9996 0.0000 0.0000 0.0000 -1.4125 7.2167 173.5765 0.0000 0.0000 0.0828 -5.3804 65.7793 2.9277 0.0000 25.3511 0.0000 -4.2873 -1.4192 173.9096 -0.2317 -14.8680 -0.0526 20.2124 68.1369 22.8692 0.0000 24.9864 -0.0001 
-3.4383 92.1758 4.1116 -0.5990 -6.8938 1.7158 2.0251 1.5492 -1.7630 2.0266 1.5504 -1.7643 2.0312 1.5540 -1.7682 8.0683 79.8295 -94.0975 9.4390 74.1423 -9.9719 -2.0854 -1.2991 -4.5753 0.0325 0.8444 -0.1103 0.0000 0.0000 0.0001 0.0000 0.0000 0.0000 0.0000 -0.0013 -0.0008 0.0000 -0.0004 0.0001 0.0000 0.0000 0.0000 0.0000 0.0000 0.0000 0.0000 0.0002 0.0000 0.0000 -0.0006 0.0003 0.0000 0.0004 -0.0006 0.0000 0.0000 0.0001 0.0000 0.0000 0.0000 0.0000 -0.0010 -0.0002 0.0000 0.0002 30.0001 -0.0001 0.0005 -29.9998 0.0000 0.0000 0.0000 -4.4423 6.8289 2.9215 -4.4423 6.8289 2.9215 -109.8928 69.8526 3.5024 27.3577 41.2622 -23.0160 3.6111 -4.7922 -42.0339 3.1462 8.1664 4.7956 0.0000 -0.0001 0.0001 0.0000 0.0000 0.0000 0.0000 -0.0006 0.0003 0.0000 -0.0001 0.0001 0.0000 0.0000 0.0000 0.0000 0.0000 0.0000 0.0000 0.0007 0.0001 0.0000 -0.0012 0.0001 0.0000 -0.0008 0.0003 0.0000 0.0001 0.0000 0.0000 0.0000 0.0000 0.0000 -0.0009 0.0000 0.0000 0.0002 -29.9996 -0.0001 -0.0003 29.9996 0.0000 0.0000 0.0000 -1.3680 7.1326 173.7109 0.0000 0.0001 0.0828 -5.5719 65.7857 2.8169 0.0000 25.3510 0.0000 -4.2074 -1.4765 174.0829 -0.2223 -14.7821 -0.0540 19.7722 68.1310 22.3411 0.0000 24.9882 -0.0001 
-3.4822 92.1593 4.0191 -0.7402 -6.8524 1.6246 1.8919 1.5603 -1.6980 1.8932 1.5615 -1.6991 1.8975 1.5652 -1.7030 7.9855 79.6462 -94.3074 7.2083 74.9982 -12.6144 -2.2435 -1.3921 -4.5612 0.0307 0.7963 -0.1141 0.0000 0.0000 0.0001 0.0000 0.0000 0.0000 0.0000 -0.0013 -0.0008 0.0000 -0.0004 0.0001 0.0000 0.0000 0.0000 0.0000 0.0000 0.0000 0.0000 0.0002 0.0000 0.0000 -0.0006 0.0003 0.0000 0.0004 -0.0006 0.0000 0.0000 0.0001 0.0000 0.0000 0.0000 0.0000 -0.0010 -0.0002 0.0000 0.0002 30.0001 -0.0001 0.0005 -29.9998 0.0000 0.0000 0.0000 -3.9296 6.7033 2.6713 -3.9296 6.7033 2.6713 -109.9394 70.0554 3.2021 27.7639 41.8746 -22.6686 3.4331 -4.6564 -42.9214 3.2028 8.1091 4.9414 0.0000 0.0000 0.0001 0.0000 0.0000 0.0000 0.0000 -0.0006 0.0003 0.0000 -0.0001 0.0001 0.0000 0.0000 0.0000 0.0000 0.0000 0.0000 0.0000 0.0007 0.0001 0.0000 -0.0012 0.0001 0.0000 -0.0008 0.0003 0.0000 0.0002 0.0000 0.0000 0.0000 0.0000 0.0000 -0.0009 0.0000 0.0000 0.0002 -29.9996 -0.0001 -0.0003 29.9996 0.0000 0.0000 0.0000 -1.2355 7.0433 173.8467 -0.0005 -0.0163 0.0828 -5.6682 65.7993 2.7333 0.0000 25.3510 0.0000 -4.0981 -1.5400 174.2499 -0.2138 -14.6956 -0.0552 19.3655 68.1111 21.8391 0.0000 24.9899 -0.0001 
-3.4990 92.1443 3.9434 -0.8913 -6.7992 1.5253 1.7718 1.5755 -1.6411 1.7730 1.5766 -1.6421 1.7771 1.5803 -1.6459 8.5326 79.5245 -93.9959 6.0178 75.8477 -14.2952 -2.3771 -1.2019 -3.8851 0.0247 0.7512 -0.1206 0.0000 0.0000 0.0001 0.0000 0.0000 0.0000 0.0000 -0.0013 -0.0008 0.0000 -0.0004 0.0001 0.0000 0.0000 0.0000 0.0000 0.0000 0.0000 0.0000 0.0002 0.0000 0.0000 -0.0006 0.0003 0.0000 0.0004 -0.0006 0.0000 0.0000 0.0001 0.0000 0.0000 0.0000 0.0000 -0.0010 -0.0002 0.0000 0.0002 30.0001 -0.0001 0.0005 -29.9998 0.0000 0.0000 0.0000 -3.4708 6.5481 2.4516 -3.4708 6.5481 2.4516 -109.8729 70.2914 3.0207 28.1897 42.5952 -22.2252 3.4821 -4.4527 -43.8937 3.2549 8.0148 5.1411 0.0000 -0.0001 0.0001 0.0000 0.0000 0.0000 0.0000 -0.0006 0.0003 0.0000 -0.0001 0.0001 0.0000 0.0000 0.0000 0.0000 0.0000 0.0000 0.0000 0.0007 0.0001 0.0000 -0.0012 0.0001 0.0000 -0.0008 0.0003 0.0000 0.0001 0.0000 0.0000 0.0000 0.0000 0.0000 -0.0009 0.0000 0.0000 0.0002 -29.9996 -0.0001 -0.0003 29.9996 0.0000 0.0000 0.0000 -1.0729 6.9715 173.9743 0.0000 0.0000 0.0828 -5.6893 65.8008 2.7107 0.0000 25.3510 0.0000 -3.9904 -1.5965 174.4027 -0.2086 -14.5877 -0.0561 19.0155 68.0639 21.4237 0.0000 24.9912 -0.0001 
-3.5047 92.1342 3.8865 -1.0414 -6.7342 1.4184 1.6726 1.5918 -1.5928 1.6736 1.5928 -1.5937 1.6775 1.5967 -1.5975 8.9941 79.5125 -93.7314 6.2075 76.6548 -14.5578 -2.7635 -0.8002 -2.8424 0.0168 0.7097 -0.1298 0.0000 0.0000 0.0001 0.0000 0.0000 0.0000 0.0000 -0.0013 -0.0008 0.0000 -0.0004 0.0001 0.0000 0.0000 0.0000 0.0000 0.0000 0.0000 0.0000 0.0003 0.0000 0.0000 -0.0006 0.0003 0.0000 0.0004 -0.0006 0.0000 0.0000 0.0001 0.0000 0.0000 0.0000 0.0000 -0.0010 -0.0002 0.0000 0.0002 30.0001 -0.0001 0.0005 -29.9998 0.0000 0.0000 0.0000 -3.0718 6.3784 2.2726 -3.0718 6.3784 2.2726 -109.7749 70.5509 2.8981 28.6698 43.4627 -21.6338 3.6957 -4.1788 -44.9826 3.3034 7.8815 5.3873 0.0000 -0.0001 0.0001 0.0000 0.0000 0.0000 0.0000 -0.0006 0.0002 0.0000 -0.0001 0.0001 0.0000 0.0000 0.0000 0.0000 0.0000 0.0000 0.0000 0.0007 0.0001 0.0000 -0.0012 0.0001 0.0000 -0.0008 0.0003 0.0000 0.0001 0.0000 0.0000 0.0000 0.0000 0.0000 -0.0009 0.0000 0.0000 0.0002 -29.9996 -0.0001 -0.0003 29.9996 0.0000 0.0000 0.0000 -0.8964 6.8583 174.1031 -0.0018 -0.0682 0.0828 -5.6878 65.8541 2.7000 0.0000 25.3510 0.0000 -3.9041 -1.6321 174.5482 -0.2051 -14.4352 -0.0568 18.7059 67.9923 21.0860 0.0000 24.9923 -0.0001 
-3.5157 92.1298 3.8486 -1.1849 -6.6581 1.3051 1.5970 1.6035 -1.5533 1.5979 1.6045 -1.5542 1.6017 1.6084 -1.5579 9.1475 79.6037 -93.6942 7.9561 77.3969 -13.2055 -3.4384 -0.2544 -1.5450 0.0081 0.6725 -0.1412 0.0000 0.0000 0.0001 0.0000 0.0000 0.0000 0.0000 -0.0013 -0.0008 0.0000 -0.0004 0.0001 0.0000 0.0000 0.0000 0.0000 0.0000 0.0000 0.0000 0.0002 0.0000 0.0000 -0.0006 0.0003 0.0000 0.0004 -0.0006 0.0000 0.0000 0.0001 0.0000 0.0000 0.0000 0.0000 -0.0010 -0.0002 0.0000 0.0002 30.0001 -0.0001 0.0005 -29.9998 0.0000 0.0000 0.0000 -2.7350 6.2102 2.1353 -2.7350 6.2102 2.1353 -109.7766 70.8316 2.7147 29.2843 44.4843 -20.8403 3.9586 -3.8490 -46.1886 3.3480 7.7137 5.6641 0.0000 -0.0001 0.0001 0.0000 0.0000 0.0000 0.0000 -0.0006 0.0003 0.0000 -0.0001 0.0001 0.0000 0.0000 0.0000 0.0000 0.0000 0.0000 0.0000 0.0007 0.0001 0.0000 -0.0012 0.0001 0.0000 -0.0008 0.0003 0.0000 0.0001 0.0000 0.0000 0.0000 0.0000 0.0000 -0.0008 0.0000 0.0000 0.0002 -29.9996 -0.0001 -0.0003 29.9996 0.0000 0.0000 0.0000 -0.7203 6.8154 174.2414 0.0000 0.0001 0.0828 -5.6710 65.8527 2.6959 0.0000 25.3510 0.0000 -3.8411 -1.6459 174.6968 -0.2015 -14.2417 -0.0576 18.4197 67.9056 20.7998 0.0000 24.9930 -0.0001 
-3.5611 92.1335 3.8288 -1.3087 -6.5632 1.1815 1.5503 1.6009 -1.5265 1.5512 1.6019 -1.5273 1.5549 1.6058 -1.5310 8.8374 79.8661 -94.0035 11.8605 78.0248 -9.5223 -4.3931 0.4508 0.0393 -0.0017 0.6404 -0.1556 0.0000 0.0000 0.0001 0.0000 0.0000 0.0000 0.0000 -0.0013 -0.0008 0.0000 -0.0004 0.0001 0.0000 0.0000 0.0000 0.0000 0.0000 0.0000 0.0000 0.0002 0.0000 0.0000 -0.0006 0.0003 0.0000 0.0004 -0.0006 0.0000 0.0000 0.0001 0.0000 0.0000 0.0000 0.0000 -0.0010 -0.0002 0.0000 0.0002 30.0001 -0.0001 0.0005 -29.9998 0.0000 0.0000 0.0000 -2.4832 6.0632 2.0609 -2.4832 6.0632 2.0609 -109.9969 71.1548 2.3399 30.2060 45.7083 -19.6316 4.1441 -3.4794 -47.6062 3.3917 7.5078 5.9680 0.0000 -0.0001 0.0001 0.0000 0.0000 0.0000 0.0000 -0.0006 0.0003 0.0000 -0.0001 0.0001 0.0000 0.0000 0.0000 0.0000 0.0000 0.0000 0.0000 0.0007 0.0001 0.0000 -0.0012 0.0001 0.0000 -0.0008 0.0003 0.0000 0.0001 0.0000 0.0000 0.0000 0.0000 0.0000 -0.0009 0.0000 0.0000 0.0002 -29.9997 -0.0001 -0.0003 29.9996 0.0000 0.0000 0.0000 -0.5469 6.7314 174.4129 0.0000 0.0001 0.0828 -5.7055 65.8991 2.6202 0.0000 25.3510 0.0000 -3.8131 -1.6389 174.8707 -0.1950 -14.0000 -0.0589 18.1352 67.8081 20.5346 0.0000 24.9933 -0.0001 
-3.6443 92.1396 3.8025 -1.4023 -6.4564 1.0543 1.5256 1.5869 -1.5131 1.5264 1.5878 -1.5139 1.5301 1.5918 -1.5175 8.0893 80.2254 -94.6642 16.8932 78.4785 -4.5431 -5.2815 1.2185 1.7523 -0.0115 0.6119 -0.1711 0.0000 0.0000 0.0001 0.0000 0.0000 0.0000 0.0000 -0.0013 -0.0008 0.0000 -0.0004 0.0001 0.0000 0.0000 0.0000 0.0000 0.0000 0.0000 0.0000 0.0002 0.0000 0.0000 -0.0006 0.0003 0.0000 0.0004 -0.0006 0.0000 0.0000 0.0001 0.0000 0.0000 0.0000 0.0000 -0.0010 -0.0002 0.0000 0.0002 30.0001 -0.0001 0.0005 -29.9998 0.0000 0.0000 0.0000 -2.2978 5.9396 2.0346 -2.2978 5.9396 2.0346 -110.4631 71.5378 1.7205 31.4044 47.0129 -18.0244 4.1889 -3.0830 -49.2185 3.4360 7.2771 6.2753 0.0000 -0.0001 0.0001 0.0000 0.0000 0.0000 0.0000 -0.0006 0.0003 0.0000 -0.0001 0.0001 0.0000 0.0000 0.0000 0.0000 0.0000 0.0000 0.0000 0.0007 0.0001 0.0000 -0.0012 0.0001 0.0000 -0.0008 0.0003 0.0000 0.0001 0.0000 0.0000 0.0000 0.0000 0.0000 -0.0009 0.0000 0.0000 0.0002 -29.9996 -0.0001 -0.0003 29.9996 0.0000 0.0000 0.0000 -0.3927 6.6049 174.6115 -0.0012 -0.0485 0.0828 -5.8005 65.9663 2.4680 0.0000 25.3511 0.0000 -3.8063 -1.6303 175.0713 -0.1857 -13.7348 -0.0604 17.8371 67.7040 20.2393 0.0000 24.9936 -0.0001 
-3.7548 92.1466 3.7579 -1.4662 -6.3428 0.9274 1.5181 1.5644 -1.5106 1.5189 1.5653 -1.5114 1.5226 1.5692 -1.5151 6.9140 80.6397 -95.6922 22.4010 78.7368 1.0638 -6.0089 1.9829 3.4860 -0.0210 0.5870 -0.1870 0.0000 0.0000 0.0001 0.0000 0.0000 0.0000 0.0000 -0.0013 -0.0008 0.0000 -0.0004 0.0001 0.0000 0.0000 0.0000 0.0000 0.0000 0.0000 0.0000 0.0002 0.0000 0.0000 -0.0006 0.0003 0.0000 0.0004 -0.0006 0.0000 0.0000 0.0001 0.0000 0.0000 0.0000 0.0000 -0.0010 -0.0002 0.0000 0.0002 30.0001 -0.0001 0.0005 -29.9998 0.0000 0.0000 0.0000 -2.1711 5.8393 2.0493 -2.1711 5.8393 2.0493 -111.1376 71.9577 0.8594 32.8322 48.3266 -16.0302 4.1230 -2.6317 -50.9996 3.4809 7.0256 6.5796 0.0000 -0.0001 0.0001 0.0000 0.0000 0.0000 0.0000 -0.0006 0.0003 0.0000 -0.0001 0.0001 0.0000 0.0000 0.0000 0.0000 0.0000 0.0000 0.0000 0.0007 0.0001 0.0000 -0.0012 0.0001 0.0000 -0.0008 0.0003 0.0000 0.0001 0.0000 0.0000 0.0000 0.0000 0.0000 -0.0008 0.0000 0.0000 0.0002 -29.9997 -0.0001 -0.0003 29.9996 0.0000 0.0000 0.0000 -0.2623 6.5057 174.8258 0.0000 0.0001 0.0828 -5.9250 65.9746 2.2753 0.0000 25.3510 0.0000 -3.8056 -1.6338 175.2916 -0.1751 -13.4675 -0.0621 17.5364 67.5975 19.9072 0.0000 24.9937 -0.0001 
-3.8926 92.1516 3.6773 -1.4855 -6.2229 0.8048 1.5283 1.5318 -1.5188 1.5291 1.5327 -1.5196 1.5328 1.5365 -1.5233 5.1548 81.0891 -97.2473 27.5518 78.7987 6.5329 -6.4524 2.6836 5.1724 -0.0299 0.5654 -0.2045 0.0000 0.0000 0.0001 0.0000 0.0000 0.0000 0.0000 -0.0013 -0.0008 0.0000 -0.0004 0.0001 0.0000 0.0000 0.0000 0.0000 0.0000 0.0000 0.0000 0.0002 0.0000 0.0000 -0.0006 0.0003 0.0000 0.0004 -0.0006 0.0000 0.0000 0.0001 0.0000 0.0000 0.0000 0.0000 -0.0010 -0.0002 0.0000 0.0002 30.0001 -0.0001 0.0005 -29.9998 0.0000 0.0000 0.0000 -2.1282 5.7802 2.1173 -2.1282 5.7802 2.1173 -112.0008 72.4255 -0.2822 34.4199 49.5708 -13.5578 3.9514 -2.1060 -52.9972 3.5315 6.7571 6.8720 0.0000 -0.0001 0.0001 0.0000 0.0000 0.0000 0.0000 -0.0006 0.0003 0.0000 -0.0001 0.0001 0.0000 0.0000 0.0000 0.0000 0.0000 0.0000 0.0000 0.0007 0.0001 0.0000 -0.0012 0.0001 0.0000 -0.0008 0.0003 0.0000 0.0001 0.0000 0.0000 0.0000 0.0000 0.0000 -0.0009 0.0000 0.0000 0.0002 -29.9997 -0.0001 -0.0003 29.9995 0.0000 0.0000 0.0000 -0.1588 6.3241 175.0520 -0.0010 -0.0485 0.0828 -6.1010 66.0118 2.0109 0.0000 25.3510 0.0000 -3.7990 -1.6597 175.5325 -0.1640 -13.2008 -0.0638 17.2344 67.4834 19.4990 0.0000 24.9940 -0.0001 
-4.0469 92.1560 3.5763 -1.4680 -6.1026 0.6798 1.5466 1.4942 -1.5279 1.5475 1.4951 -1.5287 1.5512 1.4988 -1.5324 3.2866 81.5270 -98.9171 32.1416 78.7889 11.6103 -6.6788 3.2804 6.7646 -0.0378 0.5454 -0.2241 0.0000 0.0000 0.0001 0.0000 0.0000 0.0000 0.0000 -0.0013 -0.0008 0.0000 -0.0004 0.0001 0.0000 0.0000 0.0000 0.0000 0.0000 0.0000 0.0000 0.0002 0.0000 0.0000 -0.0006 0.0003 0.0000 0.0004 -0.0006 0.0000 0.0000 0.0001 0.0000 0.0000 0.0000 0.0000 -0.0010 -0.0002 0.0000 0.0002 30.0001 -0.0001 0.0005 -29.9998 0.0000 0.0000 0.0000 -2.1455 5.7533 2.2163 -2.1455 5.7533 2.2163 -112.8484 72.9292 -1.4735 35.9527 50.6945 -10.8386 3.6999 -1.5244 -55.0805 3.5818 6.4831 7.1392 0.0000 -0.0001 0.0001 0.0000 0.0000 0.0000 0.0000 -0.0006 0.0003 0.0000 -0.0001 0.0001 0.0000 0.0000 0.0000 0.0000 0.0000 0.0000 0.0000 0.0007 0.0001 0.0000 -0.0012 0.0001 0.0000 -0.0008 0.0003 0.0000 0.0001 0.0000 0.0000 0.0000 0.0000 0.0000 -0.0008 0.0000 0.0000 0.0002 -29.9996 -0.0001 -0.0003 29.9996 0.0000 0.0000 0.0000 -0.0795 6.1666 175.2899 -0.0003 -0.0163 0.0828 -6.2978 66.0044 1.7103 0.0000 25.3510 0.0000 -3.7766 -1.7033 175.7933 -0.1527 -12.9554 -0.0654 16.9463 67.3769 19.0346 0.0000 24.9945 -0.0001 
-4.2152 92.1588 3.4674 -1.4135 -5.9861 0.5564 1.5683 1.4551 -1.5371 1.5691 1.4560 -1.5379 1.5730 1.4596 -1.5417 1.2295 81.9493 -100.8016 36.0670 78.7326 16.1711 -6.7566 3.7317 8.1726 -0.0446 0.5275 -0.2447 0.0000 0.0000 0.0001 0.0000 0.0000 0.0000 0.0000 -0.0013 -0.0008 0.0000 -0.0004 0.0001 0.0000 0.0000 0.0000 0.0000 0.0000 0.0000 0.0000 0.0002 0.0000 0.0000 -0.0006 0.0003 0.0000 0.0004 -0.0006 0.0000 0.0000 0.0001 0.0000 0.0000 0.0000 0.0000 -0.0010 -0.0002 0.0000 0.0002 30.0001 -0.0001 0.0005 -29.9998 0.0000 0.0000 0.0000 -2.2121 5.7520 2.3354 -2.2121 5.7520 2.3354 -113.5714 73.4577 -2.5749 37.3251 51.6581 -8.0792 3.4048 -0.8366 -57.0977 3.6266 6.2061 7.3790 0.0000 -0.0001 0.0001 0.0000 0.0000 0.0000 0.0000 -0.0006 0.0003 0.0000 -0.0001 0.0001 0.0000 0.0000 0.0000 0.0000 0.0000 0.0000 0.0000 0.0007 0.0001 0.0000 -0.0012 0.0001 0.0000 -0.0008 0.0003 0.0000 0.0001 0.0000 0.0000 0.0000 0.0000 0.0000 -0.0009 0.0000 0.0000 0.0002 -29.9996 -0.0001 -0.0003 29.9996 0.0000 0.0000 0.0000 -0.0189 5.9636 175.5342 -0.0012 -0.0682 0.0828 -6.5337 66.0413 1.3503 0.0000 25.3510 0.0000 -3.7398 -1.7453 176.0655 -0.1403 -12.7164 -0.0671 16.6762 67.2785 18.5222 0.0000 24.9952 -0.0001 
-4.3940 92.1580 3.3575 -1.3030 -5.8757 0.4375 1.5883 1.4149 -1.5454 1.5891 1.4157 -1.5462 1.5930 1.4192 -1.5500 -0.8876 82.3322 -102.8009 39.0096 78.6972 19.9205 -6.6603 4.0067 9.3395 -0.0498 0.5108 -0.2670 0.0000 0.0000 0.0001 0.0000 0.0000 0.0000 0.0000 -0.0013 -0.0008 0.0000 -0.0004 0.0001 0.0000 0.0000 0.0000 0.0000 0.0000 0.0000 0.0000 0.0002 0.0000 0.0000 -0.0006 0.0003 0.0000 0.0004 -0.0006 0.0000 0.0000 0.0001 0.0000 0.0000 0.0000 0.0000 -0.0010 -0.0002 0.0000 0.0002 30.0001 -0.0001 0.0005 -29.9998 0.0000 0.0000 0.0000 -2.3398 5.7838 2.4692 -2.3398 5.7838 2.4692 -114.0772 74.0184 -3.5040 38.3625 52.5069 -5.2896 3.0934 -0.0451 -59.0448 3.6656 5.9253 7.5859 0.0000 -0.0001 0.0001 0.0000 0.0000 0.0000 0.0000 -0.0006 0.0003 0.0000 -0.0001 0.0001 0.0000 0.0000 0.0000 0.0000 0.0000 0.0000 0.0000 0.0007 0.0001 0.0000 -0.0012 0.0001 0.0000 -0.0008 0.0003 0.0000 0.0002 0.0000 0.0000 0.0000 0.0000 0.0000 -0.0008 0.0000 0.0000 0.0002 -29.9996 -0.0001 -0.0003 29.9996 0.0000 0.0000 0.0000 0.0103 5.8245 175.7789 0.0000 0.0001 0.0828 -6.7795 66.0263 0.9509 0.0000 25.3510 0.0000 -3.6823 -1.7758 176.3415 -0.1270 -12.4833 -0.0689 16.4561 67.1988 17.9651 0.0000 24.9961 -0.0001 
-4.5611 92.1512 3.2455 -1.1460 -5.7718 0.3304 1.6009 1.3780 -1.5534 1.6018 1.3788 -1.5542 1.6057 1.3823 -1.5580 -3.0397 82.6348 -104.8527 41.2781 78.7027 23.0552 -6.4675 4.1122 10.4050 -0.0543 0.4965 -0.2920 0.0000 0.0000 0.0001 0.0000 0.0000 0.0000 0.0000 -0.0013 -0.0008 0.0000 -0.0004 0.0001 0.0000 0.0000 0.0000 0.0000 0.0000 0.0000 0.0000 0.0002 0.0000 0.0000 -0.0006 0.0003 0.0000 0.0004 -0.0006 0.0000 0.0000 0.0001 0.0000 0.0000 0.0000 0.0000 -0.0010 -0.0002 0.0000 0.0002 30.0001 -0.0001 0.0005 -29.9998 0.0000 0.0000 0.0000 -2.5066 5.8333 2.5946 -2.5066 5.8333 2.5946 -114.1922 74.6439 -4.0774 39.0443 53.2897 -2.5553 2.7559 0.7877 -60.8695 3.6905 5.6409 7.7625 0.0000 -0.0001 0.0001 0.0000 0.0000 0.0000 0.0000 -0.0006 0.0003 0.0000 -0.0001 0.0001 0.0000 0.0000 0.0000 0.0000 0.0000 0.0000 0.0000 0.0007 0.0001 0.0000 -0.0012 0.0001 0.0000 -0.0008 0.0003 0.0000 0.0001 0.0000 0.0000 0.0000 0.0000 0.0000 -0.0009 0.0000 0.0000 0.0002 -29.9996 -0.0001 -0.0003 29.9996 0.0000 0.0000 0.0000 0.0294 5.4746 176.0038 -0.0049 -0.3569 0.0828 -7.0571 66.2249 0.4864 0.0000 25.3510 0.0000 -3.6184 -1.8047 176.5984 -0.1142 -12.2670 -0.0705 16.2910 67.1356 17.4084 0.0000 24.9972 -0.0001 
-4.7078 92.1396 3.1274 -0.9505 -5.6756 0.2337 1.6053 1.3445 -1.5609 1.6061 1.3453 -1.5617 1.6100 1.3487 -1.5655 -5.2584 82.8746 -106.9803 43.1525 78.7270 25.8167 -6.2203 4.0922 11.4040 -0.0582 0.4838 -0.3181 0.0000 0.0000 0.0001 0.0000 0.0000 0.0000 0.0000 -0.0013 -0.0008 0.0000 -0.0004 0.0001 0.0000 0.0000 0.0000 0.0000 0.0000 0.0000 0.0000 0.0002 0.0000 0.0000 -0.0006 0.0003 0.0000 0.0004 -0.0006 0.0000 0.0000 0.0001 0.0000 0.0000 0.0000 0.0000 -0.0010 -0.0002 0.0000 0.0002 30.0001 -0.0001 0.0005 -29.9998 0.0000 0.0000 0.0000 -2.7013 5.8964 2.7035 -2.7013 5.8964 2.7035 -113.9069 75.3780 -4.2612 39.3521 54.0169 0.0383 2.3674 1.5958 -62.5484 3.6980 5.3589 7.9043 0.0000 -0.0001 0.0001 0.0000 0.0000 0.0000 0.0000 -0.0006 0.0003 0.0000 -0.0001 0.0001 0.0000 0.0000 0.0000 0.0000 0.0000 0.0000 0.0000 0.0007 0.0001 0.0000 -0.0012 0.0001 0.0000 -0.0008 0.0003 0.0000 0.0001 0.0000 0.0000 0.0000 0.0000 0.0000 -0.0009 0.0000 0.0000 0.0002 -29.9996 -0.0001 -0.0003 29.9996 0.0000 0.0000 0.0000 0.0506 4.7162 176.2045 -0.0190 -1.5295 0.0830 -7.4208 66.8257 -0.0969 0.0000 25.3510 0.0000 -3.5566 -1.8436 176.8299 -0.1030 -12.0838 -0.0719 16.1817 67.0897 16.8785 0.0000 24.9985 -0.0001 
-4.8154 92.1223 3.0046 -0.7085 -5.5950 0.1505 1.5993 1.3179 -1.5671 1.6002 1.3186 -1.5679 1.6041 1.3220 -1.5718 -8.0240 83.0982 -109.6459 44.4454 78.6952 28.0461 -5.9357 3.9752 12.3180 -0.0616 0.4742 -0.3444 0.0000 0.0000 0.0001 0.0000 0.0000 0.0000 0.0000 -0.0013 -0.0008 0.0000 -0.0004 0.0001 0.0000 0.0000 0.0000 0.0000 0.0000 0.0000 0.0000 0.0002 0.0000 0.0000 -0.0006 0.0003 0.0000 0.0004 -0.0006 0.0000 0.0000 0.0001 0.0000 0.0000 0.0000 0.0000 -0.0010 -0.0002 0.0000 0.0002 30.0001 -0.0001 0.0005 -29.9998 0.0000 0.0000 0.0000 -2.9307 5.9730 2.7781 -2.9307 5.9730 2.7781 -113.2395 76.3101 -4.0117 39.1288 54.7031 2.3430 1.9049 2.3352 -63.9921 3.6808 5.0850 7.9987 0.0000 -0.0001 0.0001 0.0000 0.0000 0.0000 0.0000 -0.0006 0.0003 0.0000 -0.0001 0.0001 0.0000 0.0000 0.0000 0.0000 0.0000 0.0000 0.0000 0.0007 0.0001 0.0000 -0.0012 0.0001 0.0000 -0.0008 0.0003 0.0000 0.0001 0.0000 0.0000 0.0000 0.0000 0.0000 -0.0008 0.0000 0.0000 0.0002 -29.9996 -0.0001 -0.0003 29.9996 0.0000 0.0000 0.0000 0.0648 3.6936 176.3636 -0.0376 -3.2459 0.0838 -7.8101 67.6880 -0.7401 0.0000 25.3510 0.0000 -3.5069 -1.9018 177.0185 -0.0939 -11.9691 -0.0729 16.1628 67.0756 16.4267 0.0000 24.9998 -0.0001 
-4.8917 92.1026 2.8886 -0.4450 -5.5329 0.0801 1.5909 1.3014 -1.5730 1.5917 1.3021 -1.5738 1.5956 1.3054 -1.5777 -11.3664 83.3036 -112.8537 45.6185 78.5519 30.1894 -5.6824 3.8449 13.1983 -0.0649 0.4675 -0.3713 0.0000 0.0000 0.0001 0.0000 0.0000 0.0000 0.0000 -0.0013 -0.0008 0.0000 -0.0004 0.0001 0.0000 0.0000 0.0000 0.0000 0.0000 0.0000 0.0000 0.0002 0.0000 0.0000 -0.0006 0.0003 0.0000 0.0004 -0.0006 0.0000 0.0000 0.0001 0.0000 0.0000 0.0000 0.0000 -0.0010 -0.0002 0.0000 0.0002 30.0001 -0.0001 0.0005 -29.9998 0.0000 0.0000 0.0000 -3.1866 6.0516 2.8206 -3.1866 6.0516 2.8206 -112.5319 77.3853 -3.6081 38.6740 55.4900 4.5604 1.3189 3.0070 -65.2808 3.6339 4.8033 8.0537 0.0000 -0.0001 0.0001 0.0000 0.0000 0.0000 0.0000 -0.0006 0.0003 0.0000 -0.0001 0.0001 0.0000 0.0000 0.0000 0.0000 0.0000 0.0000 0.0000 0.0007 0.0001 0.0000 -0.0012 0.0001 0.0000 -0.0008 0.0003 0.0000 0.0001 0.0000 0.0000 0.0000 0.0000 0.0000 -0.0008 0.0000 0.0000 0.0002 -29.9996 -0.0001 -0.0003 29.9996 0.0000 0.0000 0.0000 0.0624 2.6940 176.4858 -0.0561 -4.9567 0.0852 -8.1711 68.5440 -1.3634 0.0000 25.3510 0.0000 -3.4708 -1.9623 177.1654 -0.0873 -11.9038 -0.0736 16.2164 67.0844 16.0571 0.0000 25.0011 -0.0001 
-4.9446 92.0803 2.7843 -0.1708 -5.4908 0.0207 1.5814 1.2989 -1.5780 1.5822 1.2996 -1.5788 1.5861 1.3029 -1.5827 -15.2670 83.4746 -116.5734 46.7177 78.2852 32.2627 -5.4845 3.7247 14.0710 -0.0685 0.4632 -0.3987 0.0000 0.0000 0.0001 0.0000 0.0000 0.0000 0.0000 -0.0013 -0.0008 0.0000 -0.0004 0.0001 0.0000 0.0000 0.0000 0.0000 0.0000 0.0000 0.0000 0.0002 0.0000 0.0000 -0.0006 0.0003 0.0000 0.0004 -0.0006 0.0000 0.0000 0.0001 0.0000 0.0000 0.0000 0.0000 -0.0010 -0.0002 0.0000 0.0002 30.0001 -0.0001 0.0005 -29.9998 0.0000 0.0000 0.0000 -3.4630 6.1241 2.8357 -3.4630 6.1241 2.8357 -111.6097 78.6044 -2.8795 38.0601 56.3669 6.7156 0.5966 3.6464 -66.3619 3.5528 4.5076 8.0720 0.0000 -0.0001 0.0001 0.0000 0.0000 0.0000 0.0000 -0.0006 0.0003 0.0000 -0.0001 0.0001 0.0000 0.0000 0.0000 0.0000 0.0000 0.0000 0.0000 0.0007 0.0001 0.0000 -0.0012 0.0001 0.0000 -0.0008 0.0003 0.0000 0.0001 0.0000 0.0000 0.0000 0.0000 0.0000 -0.0009 0.0000 0.0000 0.0002 -29.9997 -0.0001 -0.0003 29.9996 0.0000 0.0000 0.0000 0.0366 1.9912 176.5789 -0.0692 -6.1274 0.0865 -8.4144 69.1348 -1.8642 0.0000 25.3510 0.0000 -3.4493 -2.0135 177.2780 -0.0829 -11.8722 -0.0741 16.3174 67.1054 15.7580 0.0000 25.0023 -0.0001 
-4.9752 92.0557 2.6951 0.0969 -5.4798 -0.0287 1.5684 1.3175 -1.5780 1.5692 1.3182 -1.5788 1.5730 1.3215 -1.5827 -20.2017 83.5740 -121.3196 47.7021 77.7708 34.1930 -5.3785 3.6533 14.8916 -0.0721 0.4614 -0.4244 0.0000 0.0000 0.0001 0.0000 0.0000 0.0000 0.0000 -0.0013 -0.0008 0.0000 -0.0004 0.0001 0.0000 0.0000 0.0000 0.0000 0.0000 0.0000 0.0000 0.0002 0.0000 0.0000 -0.0006 0.0003 0.0000 0.0004 -0.0006 0.0000 0.0000 0.0001 0.0000 0.0000 0.0000 0.0000 -0.0010 -0.0002 0.0000 0.0002 30.0001 -0.0001 0.0005 -29.9998 0.0000 0.0000 0.0000 -3.7549 6.1827 2.8133 -3.7549 6.1827 2.8133 -110.7145 80.0157 -1.9899 37.2119 57.3448 8.5888 -0.2840 4.2699 -66.9765 3.4269 4.2045 8.0330 0.0000 -0.0001 0.0001 0.0000 0.0000 0.0000 0.0000 -0.0006 0.0003 0.0000 -0.0001 0.0001 0.0000 0.0000 0.0000 0.0000 0.0000 0.0000 0.0000 0.0007 0.0001 0.0000 -0.0012 0.0001 0.0000 -0.0008 0.0003 0.0000 0.0001 0.0000 0.0000 0.0000 0.0000 0.0000 -0.0008 0.0000 0.0000 0.0002 -29.9996 -0.0001 -0.0003 29.9996 0.0000 0.0000 0.0000 0.0120 1.4317 176.6470 -0.0818 -7.0935 0.0878 -8.6042 69.6288 -2.3128 0.0000 25.3510 0.0000 -3.4378 -2.0570 177.3579 -0.0802 -11.8989 -0.0744 16.4514 67.1450 15.5300 0.0000 25.0034 -0.0001 
-4.9943 92.0304 2.6141 0.3450 -5.4951 -0.0732 1.5506 1.3566 -1.5729 1.5514 1.3573 -1.5737 1.5552 1.3608 -1.5776 -25.5442 83.6547 -126.5246 48.7306 77.0862 36.1953 -5.2898 3.6602 15.6637 -0.0760 0.4612 -0.4490 0.0000 0.0000 0.0001 0.0000 0.0000 0.0000 0.0000 -0.0013 -0.0008 0.0000 -0.0004 0.0001 0.0000 0.0000 0.0000 0.0000 0.0000 0.0000 0.0000 0.0002 0.0000 0.0000 -0.0006 0.0003 0.0000 0.0004 -0.0006 0.0000 0.0000 0.0001 0.0000 0.0000 0.0000 0.0000 -0.0010 -0.0002 0.0000 0.0002 30.0001 -0.0001 0.0005 -29.9998 0.0000 0.0000 0.0000 -4.0482 6.2207 2.7681 -4.0482 6.2207 2.7681 -110.4853 81.4487 -1.5660 36.3446 58.4859 10.2920 -1.2887 4.8139 -67.1675 3.2726 3.9218 7.9124 0.0000 -0.0001 0.0001 0.0000 0.0000 0.0000 0.0000 -0.0006 0.0003 0.0000 -0.0001 0.0001 0.0000 0.0000 0.0000 0.0000 0.0000 0.0000 0.0000 0.0007 0.0001 0.0000 -0.0011 0.0001 0.0000 -0.0008 0.0003 0.0000 0.0001 0.0000 0.0000 0.0000 0.0000 0.0000 -0.0009 0.0000 0.0000 0.0002 -29.9996 -0.0001 -0.0003 29.9996 0.0000 0.0000 0.0000 -0.0027 0.9622 176.7037 -0.0943 -7.9452 0.0893 -8.7797 70.0675 -2.7465 0.0000 25.3510 0.0000 -3.4195 -2.1048 177.4233 -0.0787 -11.9877 -0.0745 16.5985 67.2092 15.3350 0.0000 25.0044 -0.0001 
-5.0046 92.0030 2.5413 0.5719 -5.5332 -0.1084 1.5286 1.4177 -1.5670 1.5294 1.4185 -1.5678 1.5332 1.4220 -1.5717 -30.9002 83.7276 -131.8006 49.8896 76.2894 38.3972 -5.1927 3.7133 16.3839 -0.0801 0.4626 -0.4738 0.0000 0.0000 0.0001 0.0000 0.0000 0.0000 0.0000 -0.0013 -0.0008 0.0000 -0.0004 0.0001 0.0000 0.0000 0.0000 0.0000 0.0000 0.0000 0.0000 0.0002 0.0000 0.0000 -0.0006 0.0003 0.0000 0.0004 -0.0006 0.0000 0.0000 0.0001 0.0000 0.0000 0.0000 0.0000 -0.0010 -0.0002 0.0000 0.0003 30.0001 -0.0001 0.0005 -29.9998 0.0000 0.0000 0.0000 -4.3397 6.2314 2.7103 -4.3397 6.2314 2.7103 -111.6913 82.8004 -2.4573 35.5925 59.8156 11.8730 -2.3245 5.2742 -66.9517 3.0878 3.6454 7.7456 0.0000 -0.0001 0.0001 0.0000 0.0000 0.0000 0.0000 -0.0006 0.0003 0.0000 -0.0001 0.0001 0.0000 0.0000 0.0000 0.0000 0.0000 0.0000 0.0000 0.0007 0.0001 0.0000 -0.0012 0.0001 0.0000 -0.0008 0.0003 0.0000 0.0001 0.0000 0.0000 0.0000 0.0000 0.0000 -0.0008 0.0000 0.0000 0.0002 -29.9996 -0.0001 -0.0003 29.9996 0.0000 0.0000 0.0000 -0.0040 0.5592 176.7466 -0.1073 -8.7238 0.0909 -8.9545 70.4759 -3.1800 0.0000 25.3510 0.0000 -3.3892 -2.1552 177.4744 -0.0782 -12.1301 -0.0744 16.7592 67.2993 15.1600 0.0000 25.0054 -0.0001 
-5.0058 91.9696 2.4873 0.7676 -5.5989 -0.1206 1.5002 1.5099 -1.5670 1.5010 1.5108 -1.5678 1.5047 1.5146 -1.5716 -35.7508 83.8443 -136.6853 51.2085 75.3873 40.8471 -5.0028 3.8206 17.0564 -0.0847 0.4669 -0.4987 0.0000 0.0000 0.0001 0.0000 0.0000 0.0000 0.0000 -0.0013 -0.0008 0.0000 -0.0004 0.0001 0.0000 0.0000 0.0000 0.0000 0.0000 0.0000 0.0000 0.0002 0.0000 0.0000 -0.0006 0.0003 0.0000 0.0004 -0.0006 0.0000 0.0000 0.0001 0.0000 0.0000 0.0000 0.0000 -0.0010 -0.0002 0.0000 0.0002 30.0001 -0.0001 0.0005 -29.9998 0.0000 0.0000 0.0000 -4.6242 6.1940 2.6507 -4.6242 6.1940 2.6507 -115.9708 83.9643 -6.4155 34.9494 61.3706 13.2316 -3.2023 5.6348 -66.1497 2.8719 3.3825 7.5331 0.0000 0.0000 0.0001 0.0000 0.0000 0.0000 0.0000 -0.0006 0.0003 0.0000 -0.0001 0.0001 0.0000 0.0000 0.0000 0.0000 0.0000 0.0000 0.0000 0.0007 0.0001 0.0000 -0.0012 0.0001 0.0000 -0.0008 0.0003 0.0000 0.0002 0.0000 0.0000 0.0000 0.0000 0.0000 -0.0009 0.0000 0.0000 0.0002 -29.9996 -0.0001 -0.0003 29.9996 0.0000 0.0000 0.0000 -0.0011 0.2233 176.7616 -0.1197 -9.4528 0.0926 -9.1643 70.8723 -3.6318 0.0000 25.3510 0.0000 -3.3385 -2.2059 177.5006 -0.0786 -12.3429 -0.0742 16.9457 67.4338 15.0084 0.0000 25.0065 -0.0001 
-5.0005 91.9312 2.4549 0.9417 -5.6818 -0.1113 1.4663 1.6261 -1.5745 1.4671 1.6271 -1.5754 1.4707 1.6311 -1.5792 -39.8854 84.0041 -140.9558 52.5073 74.4648 43.3483 -4.7031 3.9307 17.6619 -0.0899 0.4750 -0.5255 0.0000 0.0000 0.0001 0.0000 0.0000 0.0000 0.0000 -0.0013 -0.0008 0.0000 -0.0004 0.0001 0.0000 0.0000 0.0000 0.0000 0.0000 0.0000 0.0000 0.0002 0.0000 0.0000 -0.0006 0.0003 0.0000 0.0004 -0.0006 0.0000 0.0000 0.0001 0.0000 0.0000 0.0000 0.0000 -0.0010 -0.0002 0.0000 0.0002 30.0001 -0.0001 0.0005 -29.9998 0.0000 0.0000 0.0000 -4.8924 6.1100 2.6023 -4.8924 6.1100 2.6023 -124.4997 84.8843 -14.7376 34.3868 63.0659 14.4054 -3.7750 5.9038 -64.9001 2.6388 3.1307 7.2921 0.0000 -0.0001 0.0001 0.0000 0.0000 0.0000 0.0000 -0.0006 0.0003 0.0000 -0.0001 0.0001 0.0000 0.0000 0.0000 0.0000 0.0000 0.0000 0.0000 0.0007 0.0001 0.0000 -0.0012 0.0001 0.0000 -0.0008 0.0003 0.0000 0.0001 0.0000 0.0000 0.0000 0.0000 0.0000 -0.0009 0.0000 0.0000 0.0002 -29.9996 -0.0001 -0.0003 29.9996 0.0000 0.0000 0.0000 -0.0070 -0.0657 176.7503 -0.1330 -10.1524 0.0945 -9.3993 71.2627 -4.0856 0.0000 25.3510 0.0000 -3.2703 -2.2542 177.5051 -0.0788 -12.6074 -0.0740 17.1526 67.6120 14.8710 0.0000 25.0076 -0.0001 
-4.9842 91.8894 2.4362 1.1032 -5.7782 -0.0841 1.4271 1.7597 -1.5870 1.4279 1.7608 -1.5880 1.4313 1.7651 -1.5917 -43.4820 84.2328 -144.7605 53.7099 73.5868 45.8264 -4.3084 4.0263 18.1983 -0.0952 0.4857 -0.5536 0.0000 0.0000 0.0001 0.0000 0.0000 0.0000 0.0000 -0.0013 -0.0008 0.0000 -0.0004 0.0001 0.0000 0.0000 0.0000 0.0000 0.0000 0.0000 0.0000 0.0002 0.0000 0.0000 -0.0006 0.0003 0.0000 0.0004 -0.0006 0.0000 0.0000 0.0001 0.0000 0.0000 0.0000 0.0000 -0.0010 -0.0002 0.0000 0.0002 30.0001 -0.0001 0.0005 -29.9998 0.0000 0.0000 0.0000 -5.1516 5.9831 2.5612 -5.1516 5.9831 2.5612 -137.2831 85.4440 -27.4234 33.8877 64.8762 15.4514 -4.0774 6.0824 -63.3039 2.3999 2.8925 7.0283 0.0000 -0.0001 0.0001 0.0000 0.0000 0.0000 0.0000 -0.0006 0.0003 0.0000 -0.0001 0.0001 0.0000 0.0000 0.0000 0.0000 0.0000 0.0000 0.0000 0.0007 0.0001 0.0000 -0.0011 0.0001 0.0000 -0.0008 0.0003 0.0000 0.0001 0.0000 0.0000 0.0000 0.0000 0.0000 -0.0009 0.0000 0.0000 0.0002 -29.9996 -0.0001 -0.0003 29.9996 0.0000 0.0000 0.0000 -0.0354 -0.3081 176.7116 -0.1470 -10.8016 0.0966 -9.6337 71.6271 -4.5053 0.0000 25.3510 0.0000 -3.1904 -2.3058 177.4870 -0.0793 -12.9184 -0.0738 17.3817 67.8257 14.7508 0.0000 25.0088 -0.0001 
-4.9383 91.8439 2.4175 1.2510 -5.8831 -0.0361 1.3877 1.9091 -1.6041 1.3885 1.9104 -1.6050 1.3918 1.9149 -1.6088 -46.2332 84.5820 -147.7714 54.8059 72.8650 48.2649 -3.7873 4.0929 18.6339 -0.1007 0.4994 -0.5832 0.0000 0.0000 0.0001 0.0000 0.0000 0.0000 0.0000 -0.0013 -0.0008 0.0000 -0.0004 0.0001 0.0000 0.0000 0.0000 0.0000 0.0000 0.0000 0.0000 0.0002 0.0000 0.0000 -0.0006 0.0003 0.0000 0.0004 -0.0006 0.0000 0.0000 0.0001 0.0000 0.0000 0.0000 0.0000 -0.0010 -0.0002 0.0000 0.0002 30.0001 -0.0001 0.0005 -29.9998 0.0000 0.0000 0.0000 -5.3896 5.8015 2.5265 -5.3896 5.8016 2.5265 -152.1547 85.5060 -42.3893 33.4110 66.9838 16.7746 -4.1412 6.1294 -61.2075 1.9960 2.5013 6.2502 0.0000 -0.0001 0.0001 0.0000 0.0000 0.0000 0.0000 -0.0006 0.0003 0.0000 -0.0001 0.0001 0.0000 0.0000 0.0000 0.0000 0.0000 0.0000 0.0000 0.0007 0.0001 0.0000 -0.0012 0.0001 0.0000 -0.0008 0.0003 0.0000 0.0001 0.0000 0.0000 0.0000 0.0000 0.0000 -0.0009 0.0000 0.0000 0.0002 -29.9996 -0.0001 -0.0003 29.9996 0.0000 0.0000 0.0000 -0.0904 -0.4984 176.6276 -0.1630 -11.3560 0.0989 -9.7770 71.9249 -4.7853 0.0000 25.3510 0.0000 -3.0940 -2.3819 177.4304 -0.0820 -13.2893 -0.0732 17.6574 68.0663 14.6733 0.0000 25.0101 -0.0001 
-4.8603 91.7947 2.3858 1.3977 -5.9856 0.0231 1.3512 2.0597 -1.6222 1.3521 2.0611 -1.6232 1.3552 2.0660 -1.6269 -48.2113 84.9772 -149.9995 55.7434 72.3145 50.4800 -3.2134 4.1198 18.9479 -0.1059 0.5147 -0.6119 0.0000 0.0000 0.0001 0.0000 0.0000 0.0000 0.0000 -0.0013 -0.0008 0.0000 -0.0004 0.0001 0.0000 0.0000 0.0000 0.0000 0.0000 0.0000 0.0000 0.0002 0.0000 0.0000 -0.0006 0.0003 0.0000 0.0004 -0.0006 0.0000 0.0000 0.0001 0.0000 0.0000 0.0000 0.0000 -0.0010 -0.0002 0.0000 0.0002 30.0001 -0.0001 0.0005 -29.9998 0.0000 0.0000 0.0000 -5.6113 5.5857 2.4847 -5.6113 5.5857 2.4847 -165.2599 85.2659 -55.7143 33.1407 69.1446 18.3561 -4.1173 6.1066 -58.6825 1.5616 2.0633 5.2784 0.0000 -0.0001 0.0001 0.0000 0.0000 0.0000 0.0000 -0.0006 0.0003 0.0000 -0.0001 0.0001 0.0000 0.0000 0.0000 0.0000 0.0000 0.0000 0.0000 0.0007 0.0001 0.0000 -0.0012 0.0001 0.0000 -0.0008 0.0003 0.0000 0.0001 0.0000 0.0000 0.0000 0.0000 0.0000 -0.0009 0.0000 0.0000 0.0002 -29.9996 -0.0001 -0.0003 29.9996 0.0000 0.0000 0.0000 -0.1678 -0.6727 176.5054 -0.1820 -11.8467 0.1016 -9.7864 72.1607 -4.8920 0.0000 25.3510 0.0000 -2.9815 -2.4825 177.3424 -0.0862 -13.6851 -0.0724 17.9915 68.3007 14.6531 0.0000 25.0113 -0.0001 
-4.7563 91.7426 2.3426 1.5502 -6.0843 0.0876 1.3160 2.2066 -1.6400 1.3169 2.2082 -1.6412 1.3199 2.2133 -1.6449 -49.4194 85.3963 -151.4303 56.6024 71.9151 52.5077 -2.6373 4.1022 19.1699 -0.1106 0.5311 -0.6394 0.0000 0.0000 0.0001 0.0000 0.0000 0.0000 0.0000 -0.0013 -0.0008 0.0000 -0.0004 0.0001 0.0000 0.0000 0.0000 0.0000 0.0000 0.0000 0.0000 0.0002 0.0000 0.0000 -0.0006 0.0003 0.0000 0.0004 -0.0006 0.0000 0.0000 0.0001 0.0000 0.0000 0.0000 0.0000 -0.0010 -0.0002 0.0000 0.0002 30.0001 -0.0001 0.0005 -29.9998 0.0000 0.0000 0.0000 -5.8154 5.3461 2.4310 -5.8154 5.3460 2.4310 -175.7226 84.9011 -66.4548 33.1361 71.1953 20.0271 -4.0437 6.0882 -55.7467 1.1946 1.6731 4.3953 0.0000 -0.0001 0.0001 0.0000 0.0000 0.0000 0.0000 -0.0006 0.0003 0.0000 -0.0001 0.0001 0.0000 0.0000 0.0000 0.0000 0.0000 0.0000 0.0000 0.0007 0.0001 0.0000 -0.0012 0.0001 0.0000 -0.0008 0.0003 0.0000 0.0001 0.0000 0.0000 0.0000 0.0000 0.0000 -0.0008 0.0000 0.0000 0.0002 -29.9996 -0.0001 -0.0003 29.9996 0.0000 0.0000 0.0000 -0.2631 -0.8358 176.3558 -0.2039 -12.2837 0.1046 -9.6566 72.3399 -4.8316 0.0000 25.3510 0.0000 -2.8715 -2.5974 177.2303 -0.0918 -14.0870 -0.0714 18.3549 68.5201 14.6780 0.0000 25.0124 -0.0001 
-4.6257 91.6927 2.3207 1.7149 -6.1736 0.1502 1.2778 2.3432 -1.6530 1.2788 2.3450 -1.6543 1.2816 2.3503 -1.6579 -49.4547 85.7987 -151.6226 57.3742 71.7045 54.2502 -2.1190 4.0424 19.2891 -0.1144 0.5467 -0.6637 0.0000 0.0000 0.0001 0.0000 0.0000 0.0000 0.0000 -0.0013 -0.0008 0.0000 -0.0004 0.0001 0.0000 0.0000 0.0000 0.0000 0.0000 0.0000 0.0000 0.0002 0.0000 0.0000 -0.0006 0.0003 0.0000 0.0004 -0.0006 0.0000 0.0000 0.0001 0.0000 0.0000 0.0000 0.0000 -0.0010 -0.0002 0.0000 0.0003 30.0001 -0.0001 0.0005 -29.9998 0.0000 0.0000 0.0000 -5.9828 5.0841 2.3503 -5.9828 5.0841 2.3503 176.4867 84.6211 -74.5287 33.3700 73.1140 21.7969 -4.0042 6.1076 -52.0992 0.8875 1.3323 3.5888 0.0000 -0.0001 0.0001 0.0000 0.0000 0.0000 0.0000 -0.0006 0.0003 0.0000 -0.0001 0.0001 0.0000 0.0000 0.0000 0.0000 0.0000 0.0000 0.0000 0.0007 0.0001 0.0000 -0.0011 0.0001 0.0000 -0.0008 0.0003 0.0000 0.0001 0.0000 0.0000 0.0000 0.0000 0.0000 -0.0008 0.0000 0.0000 0.0002 -29.9996 -0.0001 -0.0003 29.9996 0.0000 0.0000 0.0000 -0.3704 -0.9513 176.1863 -0.2279 -12.6277 0.1079 -9.3300 72.4564 -4.5528 0.0000 25.3510 0.0000 -2.7869 -2.6934 177.0952 -0.0993 -14.4642 -0.0702 18.7441 68.7240 14.7748 0.0000 25.0134 -0.0001 
-4.4888 91.6507 2.3325 1.8824 -6.2471 0.2004 1.2393 2.4664 -1.6589 1.2402 2.4684 -1.6602 1.2429 2.4739 -1.6638 -48.8889 86.1732 -151.1572 58.0809 71.5862 55.7926 -1.7103 3.9679 19.2885 -0.1171 0.5610 -0.6846 0.0000 0.0000 0.0001 0.0000 0.0000 0.0000 0.0000 -0.0013 -0.0008 0.0000 -0.0004 0.0001 0.0000 0.0000 0.0000 0.0000 0.0000 0.0000 0.0000 0.0002 0.0000 0.0000 -0.0006 0.0003 0.0000 0.0004 -0.0006 0.0000 0.0000 0.0001 0.0000 0.0000 0.0000 0.0000 -0.0010 -0.0002 0.0000 0.0002 30.0001 -0.0002 0.0005 -29.9998 0.0000 0.0000 0.0000 -6.1201 4.8192 2.2500 -6.1201 4.8192 2.2500 170.1444 84.4112 -81.1095 33.7663 74.8724 23.5432 -3.9546 6.0428 -48.2097 0.6519 1.0575 2.9134 0.0000 -0.0001 0.0001 0.0000 0.0000 0.0000 0.0000 -0.0006 0.0003 0.0000 -0.0001 0.0001 0.0000 0.0000 0.0000 0.0000 0.0000 0.0000 0.0000 0.0007 0.0001 0.0000 -0.0012 0.0001 0.0000 -0.0008 0.0003 0.0000 0.0001 0.0000 0.0000 0.0000 0.0000 0.0000 -0.0009 0.0000 0.0000 0.0002 -29.9996 -0.0001 -0.0003 29.9996 0.0000 0.0000 0.0000 -0.4639 -1.0067 176.0248 -0.2517 -12.8641 0.1110 -8.8740 72.5241 -4.1482 0.0000 25.3510 0.0000 -2.7271 -2.7545 176.9601 -0.1074 -14.7886 -0.0688 19.1528 68.9091 14.9365 0.0000 25.0142 -0.0001 
-4.3552 91.6184 2.3787 2.0488 -6.3045 0.2379 1.2010 2.5774 -1.6594 1.2020 2.5796 -1.6608 1.2045 2.5853 -1.6643 -47.7817 86.5298 -150.1101 58.7784 71.5132 57.2326 -1.4223 3.8844 19.1555 -0.1188 0.5740 -0.7022 0.0000 0.0000 0.0001 0.0000 0.0000 0.0000 0.0000 -0.0013 -0.0008 0.0000 -0.0004 0.0001 0.0000 0.0000 0.0000 0.0000 0.0000 0.0000 0.0000 0.0002 0.0000 0.0000 -0.0006 0.0003 0.0000 0.0004 -0.0006 0.0000 0.0000 0.0001 0.0000 0.0000 0.0000 0.0000 -0.0010 -0.0002 0.0000 0.0002 30.0001 -0.0001 0.0005 -29.9998 0.0000 0.0000 0.0000 -6.2240 4.5588 2.1416 -6.2240 4.5588 2.1416 164.6643 84.2269 -86.7699 34.1205 76.5198 25.0333 -3.8441 5.9199 -44.1277 0.4748 0.8386 2.3583 0.0000 -0.0001 0.0001 0.0000 0.0000 0.0000 0.0000 -0.0006 0.0003 0.0000 -0.0001 0.0001 0.0000 0.0000 0.0000 0.0000 0.0000 0.0000 0.0000 0.0007 0.0001 0.0000 -0.0012 0.0001 0.0000 -0.0008 0.0003 0.0000 0.0002 0.0000 0.0000 0.0000 0.0000 0.0000 -0.0009 0.0000 0.0000 0.0002 -29.9996 -0.0001 -0.0003 29.9996 0.0000 0.0000 0.0000 -0.5360 -1.0122 175.8799 -0.2743 -13.0161 0.1140 -8.3465 72.5645 -3.6866 0.0000 25.3510 0.0000 -2.6912 -2.7775 176.8337 -0.1153 -15.0519 -0.0675 19.5689 69.0773 15.1492 0.0000 25.0148 -0.0001 
-4.2372 91.5971 2.4562 2.2136 -6.3416 0.2593 1.1608 2.6739 -1.6539 1.1617 2.6763 -1.6553 1.1642 2.6820 -1.6588 -46.2306 86.8306 -148.5809 59.4512 71.4361 58.5441 -1.3232 3.7769 18.8299 -0.1189 0.5852 -0.7149 0.0000 0.0000 0.0001 0.0000 0.0000 0.0000 0.0000 -0.0013 -0.0008 0.0000 -0.0004 0.0001 0.0000 0.0000 0.0000 0.0000 0.0000 0.0000 0.0000 0.0002 0.0000 0.0000 -0.0006 0.0003 0.0000 0.0004 -0.0006 0.0000 0.0000 0.0001 0.0000 0.0000 0.0000 0.0000 -0.0010 -0.0002 0.0000 0.0002 30.0001 -0.0001 0.0005 -29.9998 0.0000 0.0000 0.0000 -6.2930 4.3035 2.0308 -6.2930 4.3035 2.0308 159.8499 84.1048 -91.6799 33.9561 78.0713 25.7708 -3.6625 5.7399 -39.8726 0.3455 0.6714 1.9155 0.0000 -0.0001 0.0001 0.0000 0.0000 0.0000 0.0000 -0.0006 0.0003 0.0000 -0.0001 0.0001 0.0000 0.0000 0.0000 0.0000 0.0000 0.0000 0.0000 0.0007 0.0001 0.0000 -0.0012 0.0001 0.0000 -0.0008 0.0003 0.0000 0.0001 0.0000 0.0000 0.0000 0.0000 0.0000 -0.0008 0.0000 0.0000 0.0002 -29.9997 -0.0001 -0.0003 29.9996 0.0000 0.0000 0.0000 -0.5786 -0.9758 175.7654 -0.2937 -13.0915 0.1163 -7.7865 72.5851 -3.2198 0.0000 25.3510 0.0000 -2.7087 -2.7504 176.7248 -0.1221 -15.2154 -0.0665 19.9347 69.2115 15.3843 0.0000 25.0153 -0.0001 
-4.1378 91.5815 2.5559 2.3689 -6.3649 0.2670 1.1122 2.7623 -1.6416 1.1131 2.7648 -1.6430 1.1154 2.7707 -1.6464 -44.6511 87.0766 -147.0222 60.0441 71.3412 59.7317 -1.3769 3.6308 18.3222 -0.1173 0.5947 -0.7239 0.0000 0.0000 0.0001 0.0000 0.0000 0.0000 0.0000 -0.0013 -0.0008 0.0000 -0.0004 0.0001 0.0000 0.0000 0.0000 0.0000 0.0000 0.0000 0.0000 0.0002 0.0000 0.0000 -0.0006 0.0003 0.0000 0.0004 -0.0006 0.0000 0.0000 0.0001 0.0000 0.0000 0.0000 0.0000 -0.0010 -0.0002 0.0000 0.0002 30.0001 -0.0001 0.0005 -29.9998 0.0000 0.0000 0.0000 -6.3168 4.0581 1.9304 -6.3168 4.0581 1.9304 155.5156 83.9884 -96.0926 33.7495 79.4569 26.2615 -3.5197 5.5456 -35.6330 0.2535 0.5454 1.5698 0.0000 -0.0001 0.0001 0.0000 0.0000 0.0000 0.0000 -0.0006 0.0003 0.0000 -0.0001 0.0001 0.0000 0.0000 0.0000 0.0000 0.0000 0.0000 0.0000 0.0007 0.0001 0.0000 -0.0011 0.0001 0.0000 -0.0008 0.0003 0.0000 0.0001 0.0000 0.0000 0.0000 0.0000 0.0000 -0.0009 0.0000 0.0000 0.0002 -29.9997 -0.0001 -0.0003 29.9996 0.0000 0.0000 0.0000 -0.6069 -0.9279 175.6808 -0.3098 -13.1539 0.1184 -7.2748 72.6193 -2.8100 0.0000 25.3510 0.0000 -2.7615 -2.6860 176.6384 -0.1284 -15.3054 -0.0655 20.2321 69.3320 15.6003 0.0000 25.0156 -0.0001 
-4.0644 91.5699 2.6649 2.5079 -6.3777 0.2650 1.0562 2.8425 -1.6237 1.0571 2.8452 -1.6252 1.0592 2.8512 -1.6285 -43.0186 87.2747 -145.4194 60.5441 71.2697 60.7671 -1.5457 3.4333 17.6629 -0.1142 0.6027 -0.7295 0.0000 0.0000 0.0001 0.0000 0.0000 0.0000 0.0000 -0.0013 -0.0008 0.0000 -0.0004 0.0001 0.0000 0.0000 0.0000 0.0000 0.0000 0.0000 0.0000 0.0002 0.0000 0.0000 -0.0006 0.0003 0.0000 0.0004 -0.0006 0.0000 0.0000 0.0001 0.0000 0.0000 0.0000 0.0000 -0.0010 -0.0002 0.0000 0.0002 30.0001 -0.0001 0.0005 -29.9998 0.0000 0.0000 0.0000 -6.3017 3.8269 1.8423 -6.3017 3.8269 1.8423 151.7162 83.8539 -99.9667 33.6727 80.6446 26.7068 -3.4695 5.2968 -31.6342 0.1898 0.4554 1.3088 0.0000 -0.0001 0.0001 0.0000 0.0000 0.0000 0.0000 -0.0006 0.0003 0.0000 -0.0001 0.0001 0.0000 0.0000 0.0000 0.0000 0.0000 0.0000 0.0000 0.0007 0.0001 0.0000 -0.0012 0.0001 0.0000 -0.0008 0.0003 0.0000 0.0001 0.0000 0.0000 0.0000 0.0000 0.0000 -0.0008 0.0000 0.0000 0.0002 -29.9997 -0.0001 -0.0003 29.9996 0.0000 0.0000 0.0000 -0.6273 -0.8833 175.6264 -0.3214 -13.2203 0.1199 -6.8512 72.6687 -2.4855 0.0000 25.3510 0.0000 -2.8275 -2.5988 176.5788 -0.1322 -15.3402 -0.0650 20.4464 69.4468 15.7603 0.0000 25.0159 -0.0001 
-4.0305 91.5598 2.7718 2.6111 -6.3823 0.2610 0.9945 2.9078 -1.6019 0.9954 2.9105 -1.6034 0.9974 2.9166 -1.6067 -41.2296 87.4129 -143.6798 60.9089 71.3215 61.5162 -1.8160 3.1473 16.8722 -0.1089 0.6069 -0.7289 0.0000 0.0000 0.0001 0.0000 0.0000 0.0000 0.0000 -0.0013 -0.0008 0.0000 -0.0004 0.0001 0.0000 0.0000 0.0000 0.0000 0.0000 0.0000 0.0000 0.0002 0.0000 0.0000 -0.0006 0.0003 0.0000 0.0004 -0.0006 0.0000 0.0000 0.0001 0.0000 0.0000 0.0000 0.0000 -0.0010 -0.0002 0.0000 0.0002 30.0001 -0.0002 0.0005 -29.9998 0.0000 0.0000 0.0000 -6.2399 3.6322 1.7762 -6.2399 3.6322 1.7762 148.6904 83.6929 -103.0544 33.6770 81.5448 27.0492 -3.6502 5.1103 -27.7549 0.1462 0.3948 1.1068 0.0000 -0.0001 0.0001 0.0000 0.0000 0.0000 0.0000 -0.0006 0.0003 0.0000 -0.0001 0.0001 0.0000 0.0000 0.0000 0.0000 0.0000 0.0000 0.0000 0.0007 0.0001 0.0000 -0.0012 0.0001 0.0000 -0.0008 0.0003 0.0000 0.0001 0.0000 0.0000 0.0000 0.0000 0.0000 -0.0009 0.0000 0.0000 0.0002 -29.9997 -0.0001 -0.0003 29.9996 0.0000 0.0000 0.0000 -0.6445 -0.8535 175.6026 -0.3261 -13.3013 0.1206 -6.5854 72.7349 -2.2960 0.0000 25.3510 0.0000 -2.8951 -2.4894 176.5502 -0.1319 -15.3078 -0.0650 20.5133 69.5533 15.8008 0.0000 25.0163 -0.0001 
-4.0247 91.5505 2.8574 2.6739 -6.3845 0.2635 0.9330 2.9589 -1.5779 0.9338 2.9617 -1.5793 0.9356 2.9679 -1.5826 100.9202 90.0000 0.0000 61.1803 71.5241 62.0120 -2.1397 2.8092 16.0095 -0.1023 0.6076 -0.7238 0.0000 0.0000 0.0001 0.0000 0.0000 0.0000 0.0000 -0.0013 -0.0008 0.0000 -0.0004 0.0001 0.0000 0.0000 0.0000 0.0000 0.0000 0.0000 0.0000 0.0002 0.0000 0.0000 -0.0006 0.0003 0.0000 0.0004 -0.0006 0.0000 0.0000 0.0001 0.0000 0.0000 0.0000 0.0000 -0.0010 -0.0002 0.0000 0.0002 30.0001 -0.0001 0.0005 -29.9998 0.0000 0.0000 0.0000 -6.1493 3.4802 1.7248 -6.1492 3.4802 1.7248 146.6575 83.5279 -105.1192 33.3978 82.2761 26.9447 -3.9689 5.0136 -23.9531 0.1156 0.3544 0.9491 0.0000 -0.0001 0.0001 0.0000 0.0000 0.0000 0.0000 -0.0006 0.0003 0.0000 -0.0001 0.0001 0.0000 0.0000 0.0000 0.0000 0.0000 0.0000 0.0000 0.0007 0.0001 0.0000 -0.0012 0.0001 0.0000 -0.0008 0.0003 0.0000 0.0001 0.0000 0.0000 0.0000 0.0000 0.0000 -0.0008 0.0000 0.0000 0.0002 -29.9996 -0.0001 -0.0003 29.9996 0.0000 0.0000 0.0000 -0.6739 -0.8454 175.5893 -0.3256 -13.3902 0.1208 -6.4501 72.7959 -2.1917 0.0000 25.3510 0.0000 -2.9548 -2.3879 176.5376 -0.1287 -15.2492 -0.0656 20.4250 69.6589 15.7072 0.0000 25.0168 -0.0001 
-4.0294 91.5393 2.9261 2.6952 -6.3845 0.2723 0.8714 2.9967 -1.5506 0.8722 2.9995 -1.5520 0.8739 3.0058 -1.5552 101.1277 90.0000 0.0000 61.3653 71.8847 62.2707 -2.4984 2.4445 15.0799 -0.0946 0.6044 -0.7143 0.0000 0.0000 0.0001 0.0000 0.0000 0.0000 0.0000 -0.0013 -0.0008 0.0000 -0.0004 0.0001 0.0000 0.0000 0.0000 0.0000 0.0000 0.0000 0.0000 0.0002 0.0000 0.0000 -0.0006 0.0003 0.0000 0.0004 -0.0006 0.0000 0.0000 0.0001 0.0000 0.0000 0.0000 0.0000 -0.0010 -0.0002 0.0000 0.0002 30.0001 -0.0001 0.0005 -29.9998 0.0000 0.0000 0.0000 -6.0341 3.3721 1.6813 -6.0342 3.3721 1.6813 145.4290 83.3639 -106.3710 32.8257 82.8602 26.4144 -4.4150 4.9832 -20.2266 0.0932 0.3285 0.8233 0.0000 -0.0001 0.0001 0.0000 0.0000 0.0000 0.0000 -0.0006 0.0003 0.0000 -0.0001 0.0001 0.0000 0.0000 0.0000 0.0000 0.0000 0.0000 0.0000 0.0007 0.0001 0.0000 -0.0012 0.0001 0.0000 -0.0008 0.0003 0.0000 0.0001 0.0000 0.0000 0.0000 0.0000 0.0000 -0.0009 0.0000 0.0000 0.0002 -29.9996 -0.0001 -0.0003 29.9996 0.0000 0.0000 0.0000 -0.7182 -0.8500 175.5746 -0.3227 -13.4757 0.1208 -6.3967 72.8452 -2.1166 0.0000 25.3510 0.0000 -3.0016 -2.3003 176.5305 -0.1251 -15.1816 -0.0661 20.2190 69.7663 15.5159 0.0000 25.0173 -0.0001 
-4.0354 91.5262 2.9752 2.6426 -6.3782 0.2834 0.8172 3.0132 -1.5162 0.8179 3.0161 -1.5175 0.8195 3.0224 -1.5206 101.3191 90.0000 0.0000 61.2889 72.4812 62.0519 -2.8461 2.0813 14.1293 -0.0861 0.5957 -0.6991 0.0000 0.0000 0.0001 0.0000 0.0000 0.0000 0.0000 -0.0013 -0.0008 0.0000 -0.0004 0.0001 0.0000 0.0000 0.0000 0.0000 0.0000 0.0000 0.0000 0.0002 0.0000 0.0000 -0.0006 0.0003 0.0000 0.0004 -0.0006 0.0000 0.0000 0.0001 0.0000 0.0000 0.0000 0.0000 -0.0010 -0.0002 0.0000 0.0003 30.0001 -0.0001 0.0005 -29.9998 0.0000 0.0000 0.0000 -5.8930 3.3365 1.6437 -5.8930 3.3365 1.6437 145.2741 83.2157 -106.5412 31.1237 83.3447 24.6345 -4.9572 4.9674 -16.6952 0.0768 0.3174 0.7245 0.0000 -0.0001 0.0001 0.0000 0.0000 0.0000 0.0000 -0.0006 0.0003 0.0000 -0.0001 0.0001 0.0000 0.0000 0.0000 0.0000 0.0000 0.0000 0.0000 0.0007 0.0001 0.0000 -0.0012 0.0001 0.0000 -0.0008 0.0003 0.0000 0.0001 0.0000 0.0000 0.0000 0.0000 0.0000 -0.0008 0.0000 0.0000 0.0002 -29.9996 -0.0001 -0.0003 29.9996 0.0000 0.0000 0.0000 -0.7637 -0.8747 175.5572 -0.3193 -13.5645 0.1206 -6.4081 72.8804 -2.0330 0.0000 25.3510 0.0000 -3.0174 -2.2463 176.5302 -0.1226 -15.1246 -0.0665 19.8770 69.8803 15.2210 0.0000 25.0180 -0.0001 
-4.0378 91.5080 3.0211 2.5278 -6.3654 0.2890 0.7756 3.0160 -1.4740 0.7763 3.0188 -1.4753 0.7778 3.0251 -1.4783 101.4881 90.0000 0.0000 60.9636 73.1997 61.4405 -3.1664 1.7641 13.1923 -0.0779 0.5841 -0.6807 0.0000 0.0000 0.0001 0.0000 0.0000 0.0000 0.0000 -0.0013 -0.0008 0.0000 -0.0004 0.0001 0.0000 0.0000 0.0000 0.0000 0.0000 0.0000 0.0000 0.0002 0.0000 0.0000 -0.0006 0.0003 0.0000 0.0004 -0.0006 0.0000 0.0000 0.0001 0.0000 0.0000 0.0000 0.0000 -0.0010 -0.0002 0.0000 0.0002 30.0001 -0.0001 0.0005 -29.9998 0.0000 0.0000 0.0000 -5.7434 3.3560 1.6063 -5.7434 3.3560 1.6063 145.7637 83.1028 -106.0423 27.5939 83.8381 20.9990 -5.4804 4.9388 -13.4279 0.0637 0.3143 0.6449 0.0000 -0.0001 0.0001 0.0000 0.0000 0.0000 0.0000 -0.0006 0.0003 0.0000 -0.0001 0.0001 0.0000 0.0000 0.0000 0.0000 0.0000 0.0000 0.0000 0.0007 0.0001 0.0000 -0.0012 0.0001 0.0000 -0.0008 0.0003 0.0000 0.0001 0.0000 0.0000 0.0000 0.0000 0.0000 -0.0009 0.0000 0.0000 0.0002 -29.9996 -0.0001 -0.0003 29.9996 0.0000 0.0000 0.0000 -0.7859 -0.9239 175.5445 -0.3174 -13.6903 0.1207 -6.4452 72.9277 -1.9352 0.0000 25.3510 0.0000 -3.0054 -2.2105 176.5397 -0.1215 -15.0735 -0.0667 19.4631 69.9966 14.8794 0.0000 25.0187 -0.0001 
-4.0404 91.4862 3.0691 2.3611 -6.3449 0.2855 0.7449 3.0096 -1.4243 0.7456 3.0124 -1.4255 0.7471 3.0187 -1.4285 101.6550 90.0000 0.0000 60.4499 73.9483 60.5554 -3.4724 1.5063 12.2250 -0.0698 0.5707 -0.6592 0.0000 0.0000 0.0001 0.0000 0.0000 0.0000 0.0000 -0.0013 -0.0008 0.0000 -0.0004 0.0001 0.0000 0.0000 0.0000 0.0000 0.0000 0.0000 0.0000 0.0002 0.0000 0.0000 -0.0006 0.0003 0.0000 0.0004 -0.0006 0.0000 0.0000 0.0001 0.0000 0.0000 0.0000 0.0000 -0.0010 -0.0002 0.0000 0.0002 30.0001 -0.0002 0.0005 -29.9998 0.0000 0.0000 0.0000 -5.5879 3.4148 1.5658 -5.5879 3.4148 1.5658 146.6749 83.0247 -105.1023 22.3031 84.3278 15.6057 -5.9970 4.9094 -10.4499 0.0529 0.3156 0.5794 0.0000 -0.0001 0.0001 0.0000 0.0000 0.0000 0.0000 -0.0006 0.0003 0.0000 -0.0001 0.0001 0.0000 0.0000 0.0000 0.0000 0.0000 0.0000 0.0000 0.0007 0.0001 0.0000 -0.0012 0.0001 0.0000 -0.0008 0.0003 0.0000 0.0001 0.0000 0.0000 0.0000 0.0000 0.0000 -0.0009 0.0000 0.0000 0.0002 -29.9996 -0.0001 -0.0003 29.9996 0.0000 0.0000 0.0000 -0.7772 -1.0070 175.5434 -0.3174 -13.8757 0.1212 -6.5142 73.0039 -1.8478 0.0000 25.3510 0.0000 -2.9654 -2.1857 176.5630 -0.1209 -15.0212 -0.0668 18.9993 70.1143 14.5041 0.0000 25.0193 -0.0001 
-4.0485 91.4601 3.1212 2.1371 -6.3092 0.2616 0.7283 2.9952 -1.3649 0.7289 2.9978 -1.3661 0.7304 3.0042 -1.3689 -25.7830 87.3721 -128.7837 59.8303 74.6008 59.5039 -3.7599 1.3477 11.2090 -0.0624 0.5578 -0.6345 0.0000 0.0000 0.0001 0.0000 0.0000 0.0000 0.0000 -0.0013 -0.0008 0.0000 -0.0004 0.0001 0.0000 0.0000 0.0000 0.0000 0.0000 0.0000 0.0000 0.0002 0.0000 0.0000 -0.0006 0.0003 0.0000 0.0004 -0.0006 0.0000 0.0000 0.0001 0.0000 0.0000 0.0000 0.0000 -0.0010 -0.0002 0.0000 0.0002 30.0001 -0.0001 0.0005 -29.9998 0.0000 0.0000 0.0000 -5.4290 3.5082 1.5215 -5.4290 3.5082 1.5215 147.9251 82.9937 -103.8056 14.9200 84.8153 8.2016 -6.4657 4.8666 -8.0069 0.0441 0.3186 0.5271 0.0000 -0.0001 0.0001 0.0000 0.0000 0.0000 0.0000 -0.0006 0.0003 0.0000 -0.0001 0.0001 0.0000 0.0000 0.0000 0.0000 0.0000 0.0000 0.0000 0.0007 0.0001 0.0000 -0.0012 0.0001 0.0000 -0.0008 0.0003 0.0000 0.0001 0.0000 0.0000 0.0000 0.0000 0.0000 -0.0009 0.0000 0.0000 0.0002 -29.9996 -0.0001 -0.0003 29.9996 0.0000 0.0000 0.0000 -0.7105 -1.1417 175.5726 -0.3201 -14.1490 0.1224 -6.6139 73.1252 -1.7927 0.0000 25.3511 0.0000 -2.8815 -2.1772 176.6168 -0.1202 -14.9665 -0.0670 18.5193 70.2289 14.1182 0.0000 25.0198 -0.0001 
-4.0611 91.4336 3.1715 1.8927 -6.2664 0.2206 0.7091 2.9855 -1.3009 0.7097 2.9881 -1.3020 0.7112 2.9945 -1.3048 -23.3144 87.2537 -126.4609 59.2457 75.0850 58.4392 -3.9804 1.2398 10.2469 -0.0560 0.5478 -0.6094 0.0000 0.0000 0.0001 0.0000 0.0000 0.0000 0.0000 -0.0013 -0.0008 0.0000 -0.0004 0.0001 0.0000 0.0000 0.0000 0.0000 0.0000 0.0000 0.0000 0.0002 0.0000 0.0000 -0.0006 0.0003 0.0000 0.0004 -0.0006 0.0000 0.0000 0.0001 0.0000 0.0000 0.0000 0.0000 -0.0010 -0.0002 0.0000 0.0002 30.0001 -0.0001 0.0005 -29.9998 0.0000 0.0000 0.0000 -5.2592 3.5989 1.4771 -5.2592 3.5989 1.4771 149.2617 83.0121 -102.4419 6.5364 85.2481 -0.0478 -6.8838 4.8183 -6.1123 0.0370 0.3203 0.4840 0.0000 -0.0001 0.0001 0.0000 0.0000 0.0000 0.0000 -0.0006 0.0003 0.0000 -0.0001 0.0001 0.0000 0.0000 0.0000 0.0000 0.0000 0.0000 0.0000 0.0007 0.0001 0.0000 -0.0012 0.0001 0.0000 -0.0008 0.0003 0.0000 0.0001 0.0000 0.0000 0.0000 0.0000 0.0000 -0.0009 0.0000 0.0000 0.0002 -29.9996 -0.0001 -0.0003 29.9996 0.0000 0.0000 0.0000 -0.6008 -1.2919 175.6273 -0.3235 -14.4451 0.1236 -6.7134 73.2580 -1.7603 0.0000 25.3510 0.0000 -2.7666 -2.1749 176.6938 -0.1195 -14.9055 -0.0671 18.0715 70.3332 13.7496 0.0000 25.3508 -0.0001 
-4.0767 91.4131 3.2189 1.6446 -6.2220 0.1662 0.6832 2.9856 -1.2365 0.6837 2.9882 -1.2375 0.6851 2.9947 -1.2402 -20.6609 87.0976 -123.9757 58.8964 75.3566 57.5613 -4.1751 1.1685 9.3560 -0.0506 0.5413 -0.5846 0.0000 0.0000 0.0001 0.0000 0.0000 0.0000 0.0000 -0.0013 -0.0008 0.0000 -0.0004 0.0001 0.0000 0.0000 0.0000 0.0000 0.0000 0.0000 0.0000 0.0002 0.0000 0.0000 -0.0006 0.0003 0.0000 0.0004 -0.0006 0.0000 0.0000 0.0001 0.0000 0.0000 0.0000 0.0000 -0.0010 -0.0002 0.0000 0.0002 30.0001 -0.0001 0.0005 -29.9998 0.0000 0.0000 0.0000 -5.0790 3.6710 1.4380 -5.0790 3.6710 1.4380 150.5593 83.0757 -101.1369 -2.3848 85.6055 -8.6853 -7.2468 4.7694 -4.7101 0.0316 0.3205 0.4490 0.0000 -0.0001 0.0001 0.0000 0.0000 0.0000 0.0000 -0.0006 0.0003 0.0000 -0.0001 0.0001 0.0000 0.0000 0.0000 0.0000 0.0000 0.0000 0.0000 0.0007 0.0001 0.0000 -0.0011 0.0001 0.0000 -0.0008 0.0003 0.0000 0.0001 0.0000 0.0000 0.0000 0.0000 0.0000 -0.0009 0.0000 0.0000 0.0002 -29.9996 -0.0001 -0.0003 29.9996 0.0000 0.0000 0.0000 -0.4670 -1.4298 175.7010 -0.3259 -14.7157 0.1247 -6.8105 73.3814 -1.7471 0.0000 25.3510 0.0000 -2.6285 -2.1751 176.7874 -0.1193 -14.8445 -0.0672 17.6708 70.4299 13.4047 0.0000 25.3508 -0.0001 
-4.0995 91.4035 3.2655 1.4122 -6.1803 0.0980 0.6453 3.0022 -1.1778 0.6458 3.0048 -1.1788 0.6471 3.0113 -1.1813 -17.3280 86.9011 -120.8197 59.1678 75.3077 57.2121 -4.3505 1.1498 8.6446 -0.0468 0.5395 -0.5600 0.0000 0.0000 0.0001 0.0000 0.0000 0.0000 0.0000 -0.0013 -0.0008 0.0000 -0.0004 0.0001 0.0000 0.0000 0.0000 0.0000 0.0000 0.0000 0.0000 0.0002 0.0000 0.0000 -0.0006 0.0003 0.0000 0.0004 -0.0006 0.0000 0.0000 0.0001 0.0000 0.0000 0.0000 0.0000 -0.0010 -0.0002 0.0000 0.0002 30.0001 -0.0001 0.0005 -29.9998 0.0000 0.0000 0.0000 -4.8901 3.6991 1.4135 -4.8901 3.6991 1.4135 151.6384 83.1872 -100.0671 -11.0198 85.9034 -16.8247 -7.5264 4.7029 -3.9770 0.0282 0.3179 0.4224 0.0000 -0.0001 0.0001 0.0000 0.0000 0.0000 0.0000 -0.0006 0.0003 0.0000 -0.0001 0.0001 0.0000 0.0000 0.0000 0.0000 0.0000 0.0000 0.0000 0.0007 0.0001 0.0000 -0.0012 0.0001 0.0000 -0.0008 0.0003 0.0000 0.0001 0.0000 0.0000 0.0000 0.0000 0.0000 -0.0009 0.0000 0.0000 0.0002 -29.9996 -0.0001 -0.0003 29.9996 0.0000 0.0000 0.0000 -0.3248 -1.5226 175.7958 -0.3260 -14.9050 0.1252 -6.9179 73.4757 -1.7730 0.0000 25.3510 0.0000 -2.4611 -2.1641 176.9007 -0.1194 -14.7734 -0.0673 17.3414 70.5175 13.0815 0.0000 25.3508 -0.0001 
-4.1367 91.4024 3.3165 1.2101 -6.1371 0.0222 0.6010 3.0287 -1.1271 0.6015 3.0313 -1.1280 0.6027 3.0379 -1.1305 -13.5688 86.6784 -117.2102 60.0567 75.0098 57.3931 -4.4353 1.1485 8.0564 -0.0440 0.5424 -0.5336 0.0000 0.0000 0.0001 0.0000 0.0000 0.0000 0.0000 -0.0013 -0.0008 0.0000 -0.0004 0.0001 0.0000 0.0000 0.0000 0.0000 0.0000 0.0000 0.0000 0.0002 0.0000 0.0000 -0.0006 0.0003 0.0000 0.0004 -0.0006 0.0000 0.0000 0.0001 0.0000 0.0000 0.0000 0.0000 -0.0010 -0.0002 0.0000 0.0002 30.0001 -0.0001 0.0005 -29.9998 0.0000 0.0000 0.0000 -4.7062 3.6848 1.4070 -4.7062 3.6848 1.4070 152.4671 83.3134 -99.2321 -20.7422 86.1093 -25.9001 -7.6783 4.6002 -3.6844 0.0259 0.3128 0.3998 0.0000 -0.0001 0.0001 0.0000 0.0000 0.0000 0.0000 -0.0006 0.0003 0.0000 -0.0001 0.0001 0.0000 0.0000 0.0000 0.0000 0.0000 0.0000 0.0000 0.0007 0.0001 0.0000 -0.0012 0.0001 0.0000 -0.0008 0.0003 0.0000 0.0001 0.0000 0.0000 0.0000 0.0000 0.0000 -0.0009 0.0000 0.0000 0.0002 -29.9997 -0.0001 -0.0003 29.9996 0.0000 0.0000 0.0000 -0.1888 -1.5885 175.9082 -0.3229 -15.0429 0.1252 -7.0363 73.5535 -1.8398 0.0000 25.3510 0.0000 -2.2776 -2.1379 177.0318 -0.1176 -14.6851 -0.0676 17.0475 70.6042 12.7440 0.0000 25.3508 -0.0001 
-4.1878 91.4048 3.3774 1.0422 -6.0918 -0.0515 0.5471 3.0626 -1.0859 0.5475 3.0652 -1.0868 0.5487 3.0718 -1.0891 -9.6882 86.4146 -113.4602 61.4410 74.5135 57.9804 -4.4278 1.1600 7.5903 -0.0419 0.5485 -0.5056 0.0000 0.0000 0.0001 0.0000 0.0000 0.0000 0.0000 -0.0013 -0.0008 0.0000 -0.0004 0.0001 0.0000 0.0000 0.0000 0.0000 0.0000 0.0000 0.0000 0.0002 0.0000 0.0000 -0.0006 0.0003 0.0000 0.0004 -0.0006 0.0000 0.0000 0.0001 0.0000 0.0000 0.0000 0.0000 -0.0010 -0.0002 0.0000 0.0002 30.0001 -0.0001 0.0005 -29.9998 0.0000 0.0000 0.0000 -4.5241 3.6309 1.4154 -4.5241 3.6309 1.4154 153.0999 83.4461 -98.5794 -31.3048 86.1704 -35.7183 -7.7388 4.5250 -3.7224 0.0249 0.3068 0.3815 0.0000 -0.0001 0.0001 0.0000 0.0000 0.0000 0.0000 -0.0006 0.0003 0.0000 -0.0001 0.0001 0.0000 0.0000 0.0000 0.0000 0.0000 0.0000 0.0000 0.0007 0.0001 0.0000 -0.0012 0.0001 0.0000 -0.0008 0.0003 0.0000 0.0001 0.0000 0.0000 0.0000 0.0000 0.0000 -0.0009 0.0000 0.0000 0.0002 -29.9996 -0.0001 -0.0003 29.9996 0.0000 0.0000 0.0000 -0.0732 -1.6386 176.0263 -0.3164 -15.1547 0.1247 -7.1750 73.6274 -1.9431 0.0000 25.3510 0.0000 -2.0996 -2.0899 177.1692 -0.1135 -14.5716 -0.0682 16.7591 70.6928 12.3799 0.0000 25.3508 -0.0001 
-4.2479 91.4117 3.4477 0.9209 -6.0502 -0.1103 0.4823 3.1034 -1.0610 0.4827 3.1061 -1.0618 0.4837 3.1128 -1.0641 -5.5763 86.1244 -109.4573 63.4425 73.7937 59.0763 -4.2698 1.1744 7.2879 -0.0408 0.5582 -0.4748 0.0000 0.0000 0.0001 0.0000 0.0000 0.0000 0.0000 -0.0013 -0.0008 0.0000 -0.0004 0.0001 0.0000 0.0000 0.0000 0.0000 0.0000 0.0000 0.0000 0.0002 0.0000 0.0000 -0.0006 0.0003 0.0000 0.0004 -0.0006 0.0000 0.0000 0.0001 0.0000 0.0000 0.0000 0.0000 -0.0010 -0.0002 0.0000 0.0002 30.0001 -0.0001 0.0005 -29.9998 0.0000 0.0000 0.0000 -4.3464 3.5292 1.4417 -4.3464 3.5292 1.4417 153.4830 83.5696 -98.1428 -41.8024 86.0113 -45.3832 -7.6147 4.5695 -4.1078 0.0251 0.2985 0.3663 0.0000 -0.0001 0.0001 0.0000 0.0000 0.0000 0.0000 -0.0006 0.0003 0.0000 -0.0001 0.0001 0.0000 0.0000 0.0000 0.0000 0.0000 0.0000 0.0000 0.0007 0.0001 0.0000 -0.0012 0.0001 0.0000 -0.0008 0.0003 0.0000 0.0001 0.0000 0.0000 0.0000 0.0000 0.0000 -0.0009 0.0000 0.0000 0.0002 -29.9996 -0.0001 -0.0003 29.9996 0.0000 0.0000 0.0000 0.0005 -1.6498 176.1311 -0.3055 -15.2012 0.1234 -7.3187 73.6758 -2.0545 0.0000 25.3510 0.0000 -2.0042 -2.0079 177.2894 -0.1052 -14.4158 -0.0694 16.3817 70.7779 11.9605 0.0000 25.3508 -0.0001 
-4.2741 91.4265 3.5428 0.8294 -6.0057 -0.1545 0.4227 3.1389 -1.0498 0.4230 3.1417 -1.0507 0.4239 3.1484 -1.0530 -1.5560 85.8407 -105.5080 65.7582 72.9652 60.4295 -4.0029 1.1595 7.0874 -0.0401 0.5697 -0.4414 0.0000 0.0000 0.0001 0.0000 0.0000 0.0000 0.0000 -0.0013 -0.0008 0.0000 -0.0004 0.0001 0.0000 0.0000 0.0000 0.0000 0.0000 0.0000 0.0000 0.0002 0.0000 0.0000 -0.0006 0.0003 0.0000 0.0004 -0.0006 0.0000 0.0000 0.0001 0.0000 0.0000 0.0000 0.0000 -0.0010 -0.0002 0.0000 0.0003 30.0001 -0.0001 0.0005 -29.9998 0.0000 0.0000 0.0000 -4.1870 3.4124 1.4804 -4.1870 3.4124 1.4804 153.6665 83.6455 -97.8514 -51.0726 85.6248 -53.8068 -7.2250 4.7633 -4.6592 0.0260 0.2881 0.3535 0.0000 -0.0001 0.0001 0.0000 0.0000 0.0000 0.0000 -0.0006 0.0003 0.0000 -0.0001 0.0001 0.0000 0.0000 0.0000 0.0000 0.0000 0.0000 0.0000 0.0007 0.0001 0.0000 -0.0012 0.0001 0.0000 -0.0008 0.0003 0.0000 0.0001 0.0000 0.0000 0.0000 0.0000 0.0000 -0.0009 0.0000 0.0000 0.0002 -29.9997 -0.0001 -0.0003 29.9996 0.0000 0.0000 0.0000 0.0439 -1.5940 176.1952 -0.2985 -15.1360 0.1223 -7.3586 73.6881 -2.0574 0.0000 25.3510 0.0000 -1.9580 -1.9016 177.3668 -0.1068 -14.2418 -0.0694 16.0525 70.8639 11.6096 0.0000 25.3508 -0.0001 
-4.2974 91.4475 3.6533 0.7567 -5.9560 -0.1866 0.3706 3.1671 -1.0477 0.3709 3.1699 -1.0486 0.3717 3.1767 -1.0508 2.1018 85.5519 -101.8894 68.1848 72.0922 61.8464 -3.6262 1.1370 6.9003 -0.0392 0.5800 -0.4044 0.0000 0.0000 0.0001 0.0000 0.0000 0.0000 0.0000 -0.0013 -0.0008 0.0000 -0.0004 0.0001 0.0000 0.0000 0.0000 0.0000 0.0000 0.0000 0.0000 0.0002 0.0000 0.0000 -0.0006 0.0003 0.0000 0.0004 -0.0006 0.0000 0.0000 0.0001 0.0000 0.0000 0.0000 0.0000 -0.0010 -0.0002 0.0000 0.0002 30.0001 -0.0001 0.0005 -29.9998 0.0000 0.0000 0.0000 -4.0445 3.2946 1.5255 -4.0445 3.2946 1.5255 153.7430 83.6756 -97.6235 -58.3077 85.0815 -60.2191 -6.5777 5.1056 -5.3187 0.0276 0.2761 0.3435 0.0000 -0.0001 0.0001 0.0000 0.0000 0.0000 0.0000 -0.0006 0.0003 0.0000 -0.0001 0.0001 0.0000 0.0000 0.0000 0.0000 0.0000 0.0000 0.0000 0.0007 0.0001 0.0000 -0.0011 0.0001 0.0000 -0.0008 0.0003 0.0000 0.0001 0.0000 0.0000 0.0000 0.0000 0.0000 -0.0009 0.0000 0.0000 0.0002 -29.9996 -0.0001 -0.0003 29.9996 0.0000 0.0000 0.0000 0.0682 -1.4875 176.2434 -0.2906 -14.9769 0.1208 -7.3626 73.6627 -2.0228 0.0000 25.3510 0.0000 -1.9287 -1.7898 177.4277 -0.1087 -14.0699 -0.0693 15.7479 70.9540 11.2849 0.0000 25.3508 -0.0001 
-4.3283 91.4675 3.7407 0.6995 -5.8992 -0.1986 0.3309 3.1832 -1.0573 0.3312 3.1860 -1.0582 0.3318 3.1928 -1.0604 5.3201 85.2576 -98.6721 70.6444 71.2729 63.2407 -3.2311 1.1473 6.7298 -0.0382 0.5864 -0.3658 0.0000 0.0000 0.0001 0.0000 0.0000 0.0000 0.0000 -0.0013 -0.0008 0.0000 -0.0004 0.0001 0.0000 0.0000 0.0000 0.0000 0.0000 0.0000 0.0000 0.0002 0.0000 0.0000 -0.0006 0.0003 0.0000 0.0004 -0.0006 0.0000 0.0000 0.0001 0.0000 0.0000 0.0000 0.0000 -0.0010 -0.0002 0.0000 0.0002 30.0001 -0.0001 0.0005 -29.9998 0.0000 0.0000 0.0000 -3.9225 3.1948 1.5776 -3.9225 3.1948 1.5776 153.7536 83.6487 -97.4143 -63.2629 84.4955 -64.4535 -5.6773 5.6358 -6.0406 0.0297 0.2616 0.3375 0.0000 -0.0001 0.0001 0.0000 0.0000 0.0000 0.0000 -0.0006 0.0003 0.0000 -0.0001 0.0001 0.0000 0.0000 0.0000 0.0000 0.0000 0.0000 0.0000 0.0007 0.0001 0.0000 -0.0012 0.0001 0.0000 -0.0008 0.0003 0.0000 0.0001 0.0000 0.0000 0.0000 0.0000 0.0000 -0.0009 0.0000 0.0000 0.0002 -29.9996 -0.0001 -0.0003 29.9996 0.0000 0.0000 0.0000 0.0665 -1.3876 176.2733 -0.2808 -14.7801 0.1190 -7.3610 73.5960 -1.9668 0.0000 25.3510 0.0000 -1.9191 -1.7182 177.4703 -0.1083 -13.9304 -0.0695 15.4373 71.0208 10.9656 0.0000 25.3508 -0.0001 
-4.3809 91.4791 3.7836 0.6400 -5.8437 -0.2000 0.2982 3.1925 -1.0726 0.2984 3.1954 -1.0735 0.2990 3.2022 -1.0758 7.8471 84.9460 -96.1369 72.8803 70.5992 64.3793 -2.9484 1.2244 6.5418 -0.0370 0.5873 -0.3289 0.0000 0.0000 0.0001 0.0000 0.0000 0.0000 0.0000 -0.0013 -0.0008 0.0000 -0.0004 0.0001 0.0000 0.0000 0.0000 0.0000 0.0000 0.0000 0.0000 0.0002 0.0000 0.0000 -0.0006 0.0003 0.0000 0.0004 -0.0006 0.0000 0.0000 0.0001 0.0000 0.0000 0.0000 0.0000 -0.0010 -0.0002 0.0000 0.0002 30.0001 -0.0001 0.0005 -29.9998 0.0000 0.0000 0.0000 -3.8080 3.1235 1.6285 -3.8080 3.1235 1.6285 153.8595 83.5999 -97.0953 -66.5629 84.0145 -67.0750 -4.8098 6.1819 -6.8037 0.0318 0.2467 0.3322 0.0000 -0.0001 0.0001 0.0000 0.0000 0.0000 0.0000 -0.0006 0.0003 0.0000 -0.0001 0.0001 0.0000 0.0000 0.0000 0.0000 0.0000 0.0000 0.0000 0.0007 0.0001 0.0000 -0.0012 0.0001 0.0000 -0.0008 0.0003 0.0000 0.0001 0.0000 0.0000 0.0000 0.0000 0.0000 -0.0009 0.0000 0.0000 0.0002 -29.9996 -0.0001 -0.0003 29.9996 0.0000 0.0000 0.0000 0.0486 -1.3524 176.3041 -0.2691 -14.6502 0.1172 -7.4140 73.5227 -1.9426 0.0000 25.3510 0.0000 -1.8949 -1.6977 177.5166 -0.1056 -13.8290 -0.0700 15.1056 71.0465 10.6174 0.0000 25.3508 -0.0001 
-4.4424 91.4844 3.7997 0.5743 -5.7872 -0.2013 0.2717 3.1959 -1.0893 0.2719 3.1987 -1.0902 0.2724 3.2055 -1.0925 9.7136 84.6193 -94.2561 74.8721 70.1073 65.2546 -2.8128 1.3612 6.3383 -0.0356 0.5826 -0.2951 0.0000 0.0000 0.0001 0.0000 0.0000 0.0000 0.0000 -0.0013 -0.0008 0.0000 -0.0004 0.0001 0.0000 0.0000 0.0000 0.0000 0.0000 0.0000 0.0000 0.0002 0.0000 0.0000 -0.0006 0.0003 0.0000 0.0004 -0.0006 0.0000 0.0000 0.0001 0.0000 0.0000 0.0000 0.0000 -0.0010 -0.0002 0.0000 0.0002 30.0001 -0.0001 0.0005 -29.9998 0.0000 0.0000 0.0000 -3.6998 3.0819 1.6778 -3.6998 3.0819 1.6778 154.0671 83.5456 -96.6731 -68.6489 83.6835 -68.5687 -4.0762 6.6620 -7.5255 0.0336 0.2348 0.3295 0.0000 -0.0001 0.0001 0.0000 0.0000 0.0000 0.0000 -0.0006 0.0003 0.0000 -0.0001 0.0001 0.0000 0.0000 0.0000 0.0000 0.0000 0.0000 0.0000 0.0007 0.0001 0.0000 -0.0012 0.0001 0.0000 -0.0008 0.0003 0.0000 0.0001 0.0000 0.0000 0.0000 0.0000 0.0000 -0.0009 0.0000 0.0000 0.0002 -29.9996 -0.0001 -0.0003 29.9996 0.0000 0.0000 0.0000 0.0214 -1.3604 176.3388 -0.2581 -14.5654 0.1156 -7.4852 73.4457 -1.9179 0.0000 25.3510 0.0000 -1.8422 -1.7044 177.5705 -0.1033 -13.7388 -0.0703 14.7962 71.0292 10.2740 0.0000 25.3508 -0.0001 
-4.5060 91.4925 3.8609 0.4981 -5.7331 -0.2135 0.2546 3.1961 -1.1038 0.2548 3.1990 -1.1048 0.2552 3.2058 -1.1071 10.8498 84.2791 -93.0971 76.4844 69.9482 65.7624 -2.9133 1.6242 6.0740 -0.0338 0.5711 -0.2676 0.0000 0.0000 0.0001 0.0000 0.0000 0.0000 0.0000 -0.0013 -0.0008 0.0000 -0.0004 0.0001 0.0000 0.0000 0.0000 0.0000 0.0000 0.0000 0.0000 0.0002 0.0000 0.0000 -0.0006 0.0003 0.0000 0.0004 -0.0006 0.0000 0.0000 0.0001 0.0000 0.0000 0.0000 0.0000 -0.0010 -0.0002 0.0000 0.0002 30.0001 -0.0001 0.0005 -29.9998 0.0000 0.0000 0.0000 -3.6050 3.0809 1.7242 -3.6050 3.0809 1.7242 154.3514 83.5327 -96.1878 -69.7067 83.6153 -69.1734 -3.6531 6.9496 -8.1511 0.0350 0.2261 0.3289 0.0000 -0.0001 0.0001 0.0000 0.0000 0.0000 0.0000 -0.0006 0.0003 0.0000 -0.0001 0.0001 0.0000 0.0000 0.0000 0.0000 0.0000 0.0000 0.0000 0.0007 0.0001 0.0000 -0.0012 0.0001 0.0000 -0.0008 0.0003 0.0000 0.0001 0.0000 0.0000 0.0000 0.0000 0.0000 -0.0009 0.0000 0.0000 0.0002 -29.9996 -0.0001 -0.0003 29.9996 0.0000 0.0000 0.0000 -0.0205 -1.3418 176.3834 -0.2485 -14.4891 0.1142 -7.5665 73.3915 -1.8766 0.0000 25.3510 0.0000 -1.7085 -1.6684 177.6419 -0.1026 -13.6260 -0.0705 14.6368 70.9874 10.0203 0.0000 25.3508 -0.0001 
-4.5886 91.5047 3.9640 0.4162 -5.6850 -0.2393 0.2442 3.1986 -1.1155 0.2444 3.2015 -1.1164 0.2449 3.2083 -1.1188 11.6763 83.9694 -92.2467 77.7607 70.0624 66.0255 -3.1707 1.9763 5.7681 -0.0319 0.5560 -0.2459 0.0000 0.0000 0.0001 0.0000 0.0000 0.0000 0.0000 -0.0013 -0.0008 0.0000 -0.0004 0.0001 0.0000 0.0000 0.0000 0.0000 0.0000 0.0000 0.0000 0.0003 0.0000 0.0000 -0.0006 0.0003 0.0000 0.0004 -0.0006 0.0000 0.0000 0.0001 0.0000 0.0000 0.0000 0.0000 -0.0010 -0.0002 0.0000 0.0003 30.0001 -0.0001 0.0005 -29.9998 0.0000 0.0000 0.0000 -3.5255 3.1057 1.7700 -3.5255 3.1057 1.7700 154.8012 83.5883 -95.5289 -70.1967 83.7760 -69.3215 -3.6051 7.0560 -8.6362 0.0360 0.2213 0.3302 0.0000 -0.0001 0.0001 0.0000 0.0000 0.0000 0.0000 -0.0006 0.0003 0.0000 -0.0001 0.0001 0.0000 0.0000 0.0000 0.0000 0.0000 0.0000 0.0000 0.0007 0.0001 0.0000 -0.0012 0.0001 0.0000 -0.0008 0.0003 0.0000 0.0001 0.0000 0.0000 0.0000 0.0000 0.0000 -0.0009 0.0000 0.0000 0.0002 -29.9996 -0.0001 -0.0003 29.9996 0.0000 0.0000 0.0000 -0.0794 -1.2790 176.4519 -0.2353 -14.3910 0.1124 -7.6962 73.3447 -1.8609 0.0000 25.3510 0.0000 -1.5863 -1.5754 177.7363 -0.0975 -13.4647 -0.0713 14.4593 70.9275 9.7723 0.0000 25.3508 -0.0001 
-4.6714 91.5175 4.0896 0.3328 -5.6408 -0.2737 0.2389 3.2040 -1.1263 0.2391 3.2069 -1.1273 0.2395 3.2137 -1.1296 12.2162 83.6865 -91.6900 78.7584 70.3706 66.1085 -3.5194 2.3449 5.4453 -0.0300 0.5400 -0.2295 0.0000 0.0000 0.0001 0.0000 0.0000 0.0000 0.0000 -0.0013 -0.0008 0.0000 -0.0004 0.0001 0.0000 0.0000 0.0000 0.0000 0.0000 0.0000 0.0000 0.0002 0.0000 0.0000 -0.0006 0.0003 0.0000 0.0004 -0.0006 0.0000 0.0000 0.0001 0.0000 0.0000 0.0000 0.0000 -0.0010 -0.0002 0.0000 0.0002 30.0001 -0.0001 0.0005 -29.9998 0.0000 0.0000 0.0000 -3.4617 3.1478 1.8174 -3.4617 3.1478 1.8174 155.3866 83.7057 -94.7364 -70.3912 84.0672 -69.2094 -3.8023 7.0264 -9.0073 0.0365 0.2190 0.3311 0.0000 -0.0001 0.0001 0.0000 0.0000 0.0000 0.0000 -0.0006 0.0003 0.0000 -0.0001 0.0001 0.0000 0.0000 0.0000 0.0000 0.0000 0.0000 0.0000 0.0007 0.0001 0.0000 -0.0012 0.0001 0.0000 -0.0008 0.0003 0.0000 0.0001 0.0000 0.0000 0.0000 0.0000 0.0000 -0.0009 0.0000 0.0000 0.0002 -29.9996 -0.0001 -0.0003 29.9996 0.0000 0.0000 0.0000 -0.1472 -1.2056 176.5272 -0.2226 -14.3088 0.1106 -7.8334 73.3169 -1.8409 0.0000 25.3510 0.0000 -1.4650 -1.4484 177.8376 -0.0947 -13.2724 -0.0717 14.3098 70.8510 9.5581 0.0000 25.3508 -0.0001 
-4.7625 91.5263 4.1964 0.2609 -5.6001 -0.3156 0.2371 3.2156 -1.1368 0.2373 3.2185 -1.1378 0.2377 3.2253 -1.1402 12.5887 83.4945 -91.3288 79.5134 70.8345 66.1744 -3.9091 2.6494 5.0521 -0.0277 0.5228 -0.2174 0.0000 0.0000 0.0001 0.0000 0.0000 0.0000 0.0000 -0.0013 -0.0008 0.0000 -0.0004 0.0001 0.0000 0.0000 0.0000 0.0000 0.0000 0.0000 0.0000 0.0002 0.0000 0.0000 -0.0006 0.0003 0.0000 0.0004 -0.0006 0.0000 0.0000 0.0001 0.0000 0.0000 0.0000 0.0000 -0.0010 -0.0002 0.0000 0.0003 30.0001 -0.0001 0.0005 -29.9998 0.0000 0.0000 0.0000 -3.4245 3.2077 1.8679 -3.4245 3.2077 1.8679 156.0333 83.9005 -93.9118 -70.1825 84.4375 -68.7770 -4.1157 6.9071 -9.1524 0.0365 0.2196 0.3331 0.0000 -0.0001 0.0001 0.0000 0.0000 0.0000 0.0000 -0.0006 0.0003 0.0000 -0.0001 0.0001 0.0000 0.0000 0.0000 0.0000 0.0000 0.0000 0.0000 0.0007 0.0001 0.0000 -0.0012 0.0001 0.0000 -0.0008 0.0003 0.0000 0.0001 0.0000 0.0000 0.0000 0.0000 0.0000 -0.0009 0.0000 0.0000 0.0002 -29.9997 -0.0001 -0.0003 29.9996 0.0000 0.0000 0.0000 -0.2172 -1.1711 176.6149 -0.2100 -14.2854 0.1090 -7.9841 73.3059 -1.8418 0.0000 25.3510 0.0000 -1.3637 -1.3259 177.9482 -0.0914 -13.0714 -0.0723 14.1522 70.7542 9.3489 0.0000 25.3508 -0.0001 
-4.8591 91.5317 4.2668 0.2130 -5.5596 -0.3562 0.2397 3.2298 -1.1495 0.2399 3.2328 -1.1505 0.2403 3.2395 -1.1529 12.9565 83.4105 -90.9923 80.2243 71.2804 66.4343 -4.2624 2.8521 4.5767 -0.0252 0.5079 -0.2076 0.0000 0.0000 0.0001 0.0000 0.0000 0.0000 0.0000 -0.0013 -0.0008 0.0000 -0.0004 0.0001 0.0000 0.0000 0.0000 0.0000 0.0000 0.0000 0.0000 0.0002 0.0000 0.0000 -0.0006 0.0003 0.0000 0.0004 -0.0006 0.0000 0.0000 0.0001 0.0000 0.0000 0.0000 0.0000 -0.0010 -0.0002 0.0000 0.0002 30.0001 -0.0001 0.0005 -29.9998 0.0000 0.0000 0.0000 -3.4178 3.2859 1.9222 -3.4178 3.2859 1.9222 156.5689 84.1187 -93.2287 -70.2803 84.7399 -68.6876 -4.2845 6.7635 -9.1774 0.0363 0.2196 0.3348 0.0000 -0.0001 0.0001 0.0000 0.0000 0.0000 0.0000 -0.0006 0.0003 0.0000 -0.0001 0.0001 0.0000 0.0000 0.0000 0.0000 0.0000 0.0000 0.0000 0.0007 0.0001 0.0000 -0.0012 0.0001 0.0000 -0.0008 0.0003 0.0000 0.0001 0.0000 0.0000 0.0000 0.0000 0.0000 -0.0009 0.0000 0.0000 0.0002 -29.9996 -0.0001 -0.0003 29.9996 0.0000 0.0000 0.0000 -0.2766 -1.1805 176.7067 -0.1969 -14.3023 0.1074 -8.1205 73.2936 -1.8603 0.0000 25.3510 0.0000 -1.2813 -1.2382 178.0596 -0.0882 -12.8956 -0.0728 13.9981 70.6532 9.1388 0.0000 25.3508 -0.0001 
-4.9592 91.5365 4.3052 0.1898 -5.5191 -0.3928 0.2468 3.2440 -1.1644 0.2469 3.2470 -1.1654 0.2474 3.2538 -1.1678 13.3089 83.4297 -90.6870 80.8771 71.6426 66.8579 -4.5833 2.9678 4.0409 -0.0224 0.4951 -0.1991 0.0000 0.0000 0.0001 0.0000 0.0000 0.0000 0.0000 -0.0013 -0.0008 0.0000 -0.0004 0.0001 0.0000 0.0000 0.0000 0.0000 0.0000 0.0000 0.0000 0.0002 0.0000 0.0000 -0.0006 0.0003 0.0000 0.0004 -0.0006 0.0000 0.0000 0.0001 0.0000 0.0000 0.0000 0.0000 -0.0010 -0.0002 0.0000 0.0002 30.0001 -0.0001 0.0005 -29.9998 0.0000 0.0000 0.0000 -3.4386 3.3863 1.9785 -3.4386 3.3863 1.9785 157.0344 84.3280 -92.6313 -70.6820 84.9657 -68.9382 -4.3403 6.6187 -9.1442 0.0359 0.2194 0.3367 0.0000 -0.0001 0.0001 0.0000 0.0000 0.0000 0.0000 -0.0006 0.0003 0.0000 -0.0001 0.0001 0.0000 0.0000 0.0000 0.0000 0.0000 0.0000 0.0000 0.0007 0.0001 0.0000 -0.0012 0.0001 0.0000 -0.0008 0.0003 0.0000 0.0001 0.0000 0.0000 0.0000 0.0000 0.0000 -0.0009 0.0000 0.0000 0.0002 -29.9996 -0.0001 -0.0003 29.9996 0.0000 0.0000 0.0000 -0.3243 -1.2103 176.7992 -0.1823 -14.3185 0.1056 -8.2303 73.2603 -1.8857 0.0000 25.3510 0.0000 -1.2092 -1.1860 178.1691 -0.0855 -12.7537 -0.0732 13.8548 70.5530 8.9236 0.0000 25.3508 -0.0001 
-5.0659 91.5430 4.3130 0.2094 -5.4751 -0.4155 0.2577 3.2530 -1.1817 0.2579 3.2561 -1.1828 0.2584 3.2629 -1.1853 13.4542 83.5806 -90.6155 81.4515 71.8380 67.4944 -4.9035 2.9396 3.4078 -0.0193 0.4856 -0.1923 0.0000 0.0000 0.0001 0.0000 0.0000 0.0000 0.0000 -0.0013 -0.0008 0.0000 -0.0004 0.0001 0.0000 0.0000 0.0000 0.0000 0.0000 0.0000 0.0000 0.0003 0.0000 0.0000 -0.0006 0.0003 0.0000 0.0004 -0.0006 0.0000 0.0000 0.0001 0.0000 0.0000 0.0000 0.0000 -0.0010 -0.0002 0.0000 0.0003 30.0001 -0.0001 0.0005 -29.9998 0.0000 0.0000 0.0000 -3.4935 3.5290 2.0314 -3.4935 3.5290 2.0314 157.3026 84.4978 -92.2843 -71.3931 85.0226 -69.5583 -4.2375 6.4729 -9.0408 0.0354 0.2200 0.3382 0.0000 -0.0001 0.0001 0.0000 0.0000 0.0000 0.0000 -0.0006 0.0003 0.0000 -0.0001 0.0001 0.0000 0.0000 0.0000 0.0000 0.0000 0.0000 0.0000 0.0007 0.0001 0.0000 -0.0012 0.0001 0.0000 -0.0008 0.0003 0.0000 0.0001 0.0000 0.0000 0.0000 0.0000 0.0000 -0.0009 0.0000 0.0000 0.0002 -29.9996 -0.0001 -0.0003 29.9996 0.0000 0.0000 0.0000 -0.3503 -1.2466 176.8864 -0.1657 -14.2992 0.1035 -8.2879 73.1892 -1.9202 0.0000 25.3510 0.0000 -1.1605 -1.1693 178.2680 -0.0816 -12.6452 -0.0737 13.6974 70.4540 8.6691 0.0000 25.3508 -0.0001 
-5.1696 91.5507 4.3141 0.2729 -5.4297 -0.4277 0.2684 3.2577 -1.1992 0.2686 3.2608 -1.2003 0.2691 3.2676 -1.2027 13.3204 83.8062 -90.8479 81.8930 71.8965 68.1839 -5.2898 2.8513 2.6645 -0.0158 0.4781 -0.1868 0.0000 0.0000 0.0001 0.0000 0.0000 0.0000 0.0000 -0.0013 -0.0008 0.0000 -0.0004 0.0001 0.0000 0.0000 0.0000 0.0000 0.0000 0.0000 0.0000 0.0002 0.0000 0.0000 -0.0006 0.0003 0.0000 0.0004 -0.0006 0.0000 0.0000 0.0001 0.0000 0.0000 0.0000 0.0000 -0.0010 -0.0002 0.0000 0.0002 30.0001 -0.0001 0.0005 -29.9998 0.0000 0.0000 0.0000 -3.5692 3.7093 2.0778 -3.5692 3.7093 2.0778 157.3457 84.6468 -92.2064 -72.2490 84.9480 -70.3625 -4.0804 6.2927 -8.8818 0.0348 0.2218 0.3388 0.0000 -0.0001 0.0001 0.0000 0.0000 0.0000 0.0000 -0.0006 0.0003 0.0000 -0.0001 0.0001 0.0000 0.0000 0.0000 0.0000 0.0000 0.0000 0.0000 0.0007 0.0001 0.0000 -0.0012 0.0001 0.0000 -0.0008 0.0003 0.0000 0.0001 0.0000 0.0000 0.0000 0.0000 0.0000 -0.0009 0.0000 0.0000 0.0002 -29.9996 -0.0001 -0.0003 29.9996 0.0000 0.0000 0.0000 -0.3532 -1.2752 176.9645 -0.1501 -14.2510 0.1015 -8.2630 73.1007 -1.9352 0.0000 25.3510 0.0000 -1.1615 -1.1602 178.3501 -0.0768 -12.5461 -0.0743 13.5089 70.3611 8.3853 0.0000 25.3508 -0.0001 
-5.2578 91.5574 4.3107 0.3709 -5.3828 -0.4335 0.2836 3.2568 -1.2158 0.2838 3.2599 -1.2169 0.2843 3.2666 -1.2195 12.9793 84.0490 -91.2765 82.2099 71.8919 68.8440 -5.7323 2.7312 1.8835 -0.0123 0.4716 -0.1828 0.0000 0.0000 0.0001 0.0000 0.0000 0.0000 0.0000 -0.0013 -0.0008 0.0000 -0.0004 0.0001 0.0000 0.0000 0.0000 0.0000 0.0000 0.0000 0.0000 0.0002 0.0000 0.0000 -0.0006 0.0003 0.0000 0.0004 -0.0006 0.0000 0.0000 0.0001 0.0000 0.0000 0.0000 0.0000 -0.0010 -0.0002 0.0000 0.0002 30.0001 -0.0001 0.0005 -29.9998 0.0000 0.0000 0.0000 -3.6648 3.9236 2.1197 -3.6648 3.9236 2.1197 157.2378 84.7762 -92.3018 -73.1363 84.7888 -71.2546 -3.9141 6.0850 -8.6712 0.0341 0.2249 0.3397 0.0000 -0.0001 0.0001 0.0000 0.0000 0.0000 0.0000 -0.0006 0.0003 0.0000 -0.0001 0.0001 0.0000 0.0000 0.0000 0.0000 0.0000 0.0000 0.0000 0.0007 0.0001 0.0000 -0.0012 0.0001 0.0000 -0.0008 0.0003 0.0000 0.0001 0.0000 0.0000 0.0000 0.0000 0.0000 -0.0009 0.0000 0.0000 0.0002 -29.9996 -0.0001 -0.0003 29.9996 0.0000 0.0000 0.0000 -0.3321 -1.3024 177.0292 -0.1379 -14.1894 0.0999 -8.1364 73.0061 -1.9032 0.0000 25.3510 0.0000 -1.2209 -1.1527 178.4108 -0.0730 -12.4437 -0.0748 13.2973 70.2657 8.1016 0.0000 25.3508 -0.0001 
-5.3117 91.5640 4.3074 0.4951 -5.3296 -0.4369 0.3179 3.2451 -1.2279 0.3182 3.2482 -1.2291 0.3188 3.2550 -1.2316 12.3606 84.2744 -91.9394 82.2946 71.8840 69.3218 -6.2177 2.5867 1.1541 -0.0091 0.4668 -0.1814 0.0000 0.0000 0.0001 0.0000 0.0000 0.0000 0.0000 -0.0013 -0.0008 0.0000 -0.0004 0.0001 0.0000 0.0000 0.0000 0.0000 0.0000 0.0000 0.0000 0.0002 0.0000 0.0000 -0.0006 0.0003 0.0000 0.0004 -0.0006 0.0000 0.0000 0.0001 0.0000 0.0000 0.0000 0.0000 -0.0010 -0.0002 0.0000 0.0002 30.0001 -0.0001 0.0005 -29.9998 0.0000 0.0000 0.0000 -3.7923 4.1789 2.1563 -3.7923 4.1789 2.1563 157.0759 84.8859 -92.4568 -74.0738 84.5617 -72.2715 -3.7470 5.8620 -8.4223 0.0333 0.2280 0.3400 0.0000 -0.0001 0.0001 0.0000 0.0000 0.0000 0.0000 -0.0006 0.0003 0.0000 -0.0001 0.0001 0.0000 0.0000 0.0000 0.0000 0.0000 0.0000 0.0000 0.0007 0.0001 0.0000 -0.0012 0.0001 0.0000 -0.0008 0.0003 0.0000 0.0001 0.0000 0.0000 0.0000 0.0000 0.0000 -0.0009 0.0000 0.0000 0.0002 -29.9996 -0.0001 -0.0003 29.9996 0.0000 0.0000 0.0000 -0.2780 -1.3227 177.0721 -0.1327 -14.1039 0.0991 -7.8723 72.9113 -1.7908 0.0000 25.3510 0.0000 -1.3552 -1.1436 178.4400 -0.0724 -12.3254 -0.0749 13.0691 70.1582 7.8530 0.0000 25.3508 -0.0001 
-5.3518 91.5773 4.3192 0.6217 -5.2659 -0.4438 0.3668 3.2228 -1.2337 0.3671 3.2258 -1.2349 0.3678 3.2325 -1.2374 11.5621 84.4672 -92.7569 82.2041 71.9361 69.6118 -6.6793 2.4150 0.5420 -0.0065 0.4638 -0.1826 0.0000 0.0000 0.0001 0.0000 0.0000 0.0000 0.0000 -0.0013 -0.0008 0.0000 -0.0004 0.0001 0.0000 0.0000 0.0000 0.0000 0.0000 0.0000 0.0000 0.0003 0.0000 0.0000 -0.0006 0.0003 0.0000 0.0004 -0.0006 0.0000 0.0000 0.0001 0.0000 0.0000 0.0000 0.0000 -0.0010 -0.0002 0.0000 0.0003 30.0001 -0.0001 0.0005 -29.9998 0.0000 0.0000 0.0000 -3.9326 4.4526 2.1896 -3.9326 4.4526 2.1896 157.0083 84.9967 -92.5309 -75.0142 84.3230 -73.3158 -3.5686 5.6511 -8.1854 0.0325 0.2315 0.3418 0.0000 -0.0001 0.0001 0.0000 0.0000 0.0000 0.0000 -0.0006 0.0003 0.0000 -0.0001 0.0001 0.0000 0.0000 0.0000 0.0000 0.0000 0.0000 0.0000 0.0007 0.0001 0.0000 -0.0012 0.0001 0.0000 -0.0008 0.0003 0.0000 0.0001 0.0000 0.0000 0.0000 0.0000 0.0000 -0.0009 0.0000 0.0000 0.0002 -29.9996 -0.0001 -0.0003 29.9996 0.0000 0.0000 0.0000 -0.2206 -1.3169 177.1104 -0.1309 -13.9698 0.0987 -7.5841 72.8180 -1.6657 0.0000 25.3510 0.0000 -1.5276 -1.1264 178.4605 -0.0722 -12.1906 -0.0750 12.8228 70.0507 7.6256 0.0000 25.0222 -0.0001 
-5.3953 91.5974 4.3475 0.7456 -5.1873 -0.4536 0.4263 3.1894 -1.2351 0.4266 3.1924 -1.2362 0.4275 3.1991 -1.2388 10.7264 84.6308 -93.5985 81.9550 72.0552 69.7107 -7.0553 2.2200 0.1012 -0.0046 0.4618 -0.1856 0.0000 0.0000 0.0001 0.0000 0.0000 0.0000 0.0000 -0.0013 -0.0008 0.0000 -0.0004 0.0001 0.0000 0.0000 0.0000 0.0000 0.0000 0.0000 0.0000 0.0002 0.0000 0.0000 -0.0006 0.0003 0.0000 0.0004 -0.0006 0.0000 0.0000 0.0001 0.0000 0.0000 0.0000 0.0000 -0.0010 -0.0002 0.0000 0.0002 30.0001 -0.0001 0.0005 -29.9998 0.0000 0.0000 0.0000 -4.0792 4.7303 2.2229 -4.0792 4.7303 2.2230 157.0503 85.1145 -92.5119 -75.9602 84.0788 -74.3527 -3.3783 5.4534 -7.9762 0.0319 0.2351 0.3440 0.0000 -0.0001 0.0001 0.0000 0.0000 0.0000 0.0000 -0.0006 0.0003 0.0000 -0.0001 0.0001 0.0000 0.0000 0.0000 0.0000 0.0000 0.0000 0.0000 0.0007 0.0001 0.0000 -0.0012 0.0001 0.0000 -0.0008 0.0003 0.0000 0.0001 0.0000 0.0000 0.0000 0.0000 0.0000 -0.0009 0.0000 0.0000 0.0002 -29.9996 -0.0001 -0.0003 29.9996 0.0000 0.0000 0.0000 -0.1720 -1.2898 177.1541 -0.1298 -13.7890 0.0984 -7.3313 72.7269 -1.5739 0.0000 25.3511 0.0000 -1.7206 -1.1028 178.4843 -0.0708 -12.0363 -0.0753 12.5561 69.9510 7.4039 0.0000 25.0725 -0.0001 
-5.4575 91.6243 4.3911 0.8586 -5.0829 -0.4664 0.5033 3.1396 -1.2322 0.5037 3.1424 -1.2333 0.5047 3.1491 -1.2359 10.1178 84.7538 -94.1808 81.4752 72.2673 69.5220 -7.2087 2.0094 -0.0363 -0.0038 0.4626 -0.1909 0.0000 0.0000 0.0001 0.0000 0.0000 0.0000 0.0000 -0.0013 -0.0008 0.0000 -0.0004 0.0001 0.0000 0.0000 0.0000 0.0000 0.0000 0.0000 0.0000 0.0002 0.0000 0.0000 -0.0006 0.0003 0.0000 0.0004 -0.0006 0.0000 0.0000 0.0001 0.0000 0.0000 0.0000 0.0000 -0.0010 -0.0002 0.0000 0.0002 30.0001 -0.0001 0.0005 -29.9998 0.0000 0.0000 0.0000 -4.2373 4.9927 2.2593 -4.2373 4.9927 2.2593 157.2320 85.2196 -92.3590 -76.9423 83.8258 -75.4220 -3.1684 5.2805 -7.8743 0.0316 0.2380 0.3471 0.0000 -0.0001 0.0001 0.0000 0.0000 0.0000 0.0000 -0.0006 0.0003 0.0000 -0.0001 0.0001 0.0000 0.0000 0.0000 0.0000 0.0000 0.0000 0.0000 0.0007 0.0001 0.0000 -0.0012 0.0001 0.0000 -0.0008 0.0003 0.0000 0.0001 0.0000 0.0000 0.0000 0.0000 0.0000 -0.0009 0.0000 0.0000 0.0002 -29.9996 -0.0001 -0.0003 29.9996 0.0000 0.0000 0.0000 -0.1534 -1.2547 177.2116 -0.1268 -13.5636 0.0978 -7.1917 72.6432 -1.5696 0.0000 25.3510 0.0000 -1.9101 -1.0807 178.5237 -0.0675 -11.8549 -0.0757 12.2871 69.8625 7.1916 0.0000 25.1103 -0.0001 
-5.5374 91.6508 4.4355 0.9616 -4.9578 -0.4766 0.5946 3.0781 -1.2286 0.5951 3.0808 -1.2296 0.5963 3.0874 -1.2322 9.7706 84.8849 -94.4830 80.8477 72.4983 69.1881 -7.1420 1.7939 0.0486 -0.0039 0.4662 -0.1973 0.0000 0.0000 0.0001 0.0000 0.0000 0.0000 0.0000 -0.0013 -0.0008 0.0000 -0.0004 0.0001 0.0000 0.0000 0.0000 0.0000 0.0000 0.0000 0.0000 0.0002 0.0000 0.0000 -0.0006 0.0003 0.0000 0.0004 -0.0006 0.0000 0.0000 0.0001 0.0000 0.0000 0.0000 0.0000 -0.0010 -0.0002 0.0000 0.0002 30.0001 -0.0002 0.0005 -29.9998 0.0000 0.0000 0.0000 -4.4053 5.2412 2.3006 -4.4053 5.2412 2.3006 157.4551 85.2959 -92.1556 -77.8891 83.5538 -76.4895 -2.9708 5.1247 -7.8716 0.0315 0.2406 0.3515 0.0000 -0.0001 0.0001 0.0000 0.0000 0.0000 0.0000 -0.0006 0.0003 0.0000 -0.0001 0.0001 0.0000 0.0000 0.0000 0.0000 0.0000 0.0000 0.0000 0.0007 0.0001 0.0000 -0.0012 0.0001 0.0000 -0.0008 0.0003 0.0000 0.0001 0.0000 0.0000 0.0000 0.0000 0.0000 -0.0009 0.0000 0.0000 0.0002 -29.9996 -0.0001 -0.0003 29.9996 0.0000 0.0000 0.0000 -0.1704 -1.2394 177.2755 -0.1218 -13.3365 0.0970 -7.1664 72.5720 -1.6445 0.0000 25.3510 0.0000 -2.0718 -1.0642 178.5748 -0.0638 -11.6467 -0.0762 12.0440 69.7722 6.9901 0.0000 25.1415 -0.0001 
-5.6336 91.6772 4.4783 1.0675 -4.8210 -0.4853 0.6887 3.0107 -1.2255 0.6893 3.0133 -1.2265 0.6907 3.0199 -1.2291 9.6105 85.0257 -94.5939 80.0842 72.6983 68.7356 -6.9074 1.5967 0.2899 -0.0047 0.4723 -0.2045 0.0000 0.0000 0.0001 0.0000 0.0000 0.0000 0.0000 -0.0013 -0.0008 0.0000 -0.0004 0.0001 0.0000 0.0000 0.0000 0.0000 0.0000 0.0000 0.0000 0.0002 0.0000 0.0000 -0.0006 0.0003 0.0000 0.0004 -0.0006 0.0000 0.0000 0.0001 0.0000 0.0000 0.0000 0.0000 -0.0010 -0.0002 0.0000 0.0002 30.0001 -0.0001 0.0005 -29.9998 0.0000 0.0000 0.0000 -4.5743 5.4698 2.3464 -4.5743 5.4698 2.3464 157.6640 85.3522 -91.9636 -78.7249 83.2486 -77.4774 -2.8141 4.9807 -7.9489 0.0317 0.2438 0.3576 0.0000 -0.0001 0.0001 0.0000 0.0000 0.0000 0.0000 -0.0006 0.0003 0.0000 -0.0001 0.0001 0.0000 0.0000 0.0000 0.0000 0.0000 0.0000 0.0000 0.0007 0.0001 0.0000 -0.0012 0.0001 0.0000 -0.0008 0.0003 0.0000 0.0001 0.0000 0.0000 0.0000 0.0000 0.0000 -0.0009 0.0000 0.0000 0.0002 -29.9996 -0.0001 -0.0003 29.9996 0.0000 0.0000 0.0000 -0.2232 -1.2402 177.3457 -0.1148 -13.1133 0.0959 -7.2267 72.5086 -1.7779 0.0000 25.3510 0.0000 -2.2162 -1.0477 178.6366 -0.0593 -11.4179 -0.0768 11.8239 69.6814 6.7938 0.0000 25.1635 -0.0001 
-5.7497 91.7035 4.5169 1.1950 -4.6801 -0.4941 0.7695 2.9468 -1.2263 0.7702 2.9493 -1.2273 0.7718 2.9557 -1.2299 9.7159 85.1579 -94.4481 79.1456 72.8060 68.1333 -6.5054 1.4208 0.7235 -0.0063 0.4820 -0.2132 0.0000 0.0000 0.0001 0.0000 0.0000 0.0000 0.0000 -0.0013 -0.0008 0.0000 -0.0004 0.0001 0.0000 0.0000 0.0000 0.0000 0.0000 0.0000 0.0000 0.0002 0.0000 0.0000 -0.0006 0.0003 0.0000 0.0004 -0.0006 0.0000 0.0000 0.0001 0.0000 0.0000 0.0000 0.0000 -0.0010 -0.0002 0.0000 0.0002 30.0001 -0.0001 0.0005 -29.9998 0.0000 0.0000 0.0000 -4.7292 5.6565 2.4016 -4.7292 5.6565 2.4016 157.6345 85.3945 -92.0187 -79.2993 82.8640 -78.2592 -2.7739 4.8423 -8.1081 0.0322 0.2478 0.3645 0.0000 -0.0001 0.0001 0.0000 0.0000 0.0000 0.0000 -0.0006 0.0003 0.0000 -0.0001 0.0001 0.0000 0.0000 0.0000 0.0000 0.0000 0.0000 0.0000 0.0007 0.0001 0.0000 -0.0012 0.0001 0.0000 -0.0008 0.0003 0.0000 0.0001 0.0000 0.0000 0.0000 0.0000 0.0000 -0.0009 0.0000 0.0000 0.0002 -29.9996 -0.0001 -0.0002 29.9996 0.0000 0.0000 0.0000 -0.3152 -1.2506 177.4264 -0.1053 -12.8918 0.0946 -7.3550 72.4493 -1.9653 0.0000 25.3510 0.0000 -2.3475 -1.0194 178.7123 -0.0540 -11.1618 -0.0775 11.6423 69.5911 6.6056 0.0000 25.1659 -0.0001 
-5.8783 91.7295 4.5540 1.3519 -4.5453 -0.5051 0.8362 2.8973 -1.2320 0.8369 2.8997 -1.2330 0.8386 2.9061 -1.2356 9.9905 85.2529 -94.1177 78.1147 72.8022 67.4538 -6.0570 1.2992 1.2403 -0.0085 0.4943 -0.2234 0.0000 0.0000 0.0001 0.0000 0.0000 0.0000 0.0000 -0.0013 -0.0008 0.0000 -0.0004 0.0001 0.0000 0.0000 0.0000 0.0000 0.0000 0.0000 0.0000 0.0002 0.0000 0.0000 -0.0006 0.0003 0.0000 0.0004 -0.0006 0.0000 0.0000 0.0001 0.0000 0.0000 0.0000 0.0000 -0.0010 -0.0002 0.0000 0.0002 30.0001 -0.0002 0.0005 -29.9998 0.0000 0.0000 0.0000 -4.8775 5.7976 2.4679 -4.8775 5.7976 2.4679 157.2609 85.4450 -92.3991 -79.6858 82.3834 -78.9134 -2.8611 4.6957 -8.3209 0.0330 0.2532 0.3730 0.0000 -0.0001 0.0001 0.0000 0.0000 0.0000 0.0000 -0.0006 0.0003 0.0000 -0.0001 0.0001 0.0000 0.0000 0.0000 0.0000 0.0000 0.0000 0.0000 0.0007 0.0001 0.0000 -0.0011 0.0001 0.0000 -0.0008 0.0003 0.0000 0.0001 0.0000 0.0000 0.0000 0.0000 0.0000 -0.0009 0.0000 0.0000 0.0002 -29.9996 -0.0001 -0.0003 29.9996 0.0000 0.0000 0.0000 -0.4169 -1.2645 177.5173 -0.0943 -12.6845 0.0932 -7.4847 72.3957 -2.1736 0.0000 25.3510 0.0000 -2.4762 -0.9711 178.7978 -0.0493 -10.8857 -0.0780 11.4965 69.5014 6.4236 0.0000 25.1563 -0.0001 
-6.0204 91.7546 4.5845 1.5402 -4.4229 -0.5199 0.8868 2.8657 -1.2415 0.8875 2.8681 -1.2425 0.8894 2.8744 -1.2452 10.3755 85.3129 -93.6610 77.0572 72.6828 66.7813 -5.6257 1.2307 1.7921 -0.0110 0.5086 -0.2354 0.0000 0.0000 0.0001 0.0000 0.0000 0.0000 0.0000 -0.0013 -0.0008 0.0000 -0.0004 0.0001 0.0000 0.0000 0.0000 0.0000 0.0000 0.0000 0.0000 0.0002 0.0000 0.0000 -0.0006 0.0003 0.0000 0.0004 -0.0006 0.0000 0.0000 0.0001 0.0000 0.0000 0.0000 0.0000 -0.0010 -0.0002 0.0000 0.0002 30.0001 -0.0001 0.0005 -29.9998 0.0000 0.0000 0.0000 -5.0195 5.9021 2.5434 -5.0195 5.9021 2.5434 156.6126 85.4999 -93.0341 -79.9376 81.8086 -79.5031 -3.0681 4.5352 -8.5746 0.0340 0.2603 0.3836 0.0000 -0.0001 0.0001 0.0000 0.0000 0.0000 0.0000 -0.0006 0.0003 0.0000 -0.0001 0.0001 0.0000 0.0000 0.0000 0.0000 0.0000 0.0000 0.0000 0.0007 0.0001 0.0000 -0.0012 0.0001 0.0000 -0.0008 0.0003 0.0000 0.0001 0.0000 0.0000 0.0000 0.0000 0.0000 -0.0009 0.0000 0.0000 0.0002 -29.9997 -0.0001 -0.0003 29.9996 0.0000 0.0000 0.0000 -0.5227 -1.2867 177.6213 -0.0814 -12.5056 0.0916 -7.6095 72.3473 -2.4024 0.0000 25.3510 0.0000 -2.6021 -0.9061 178.8956 -0.0440 -10.6010 -0.0787 11.3780 69.4117 6.2359 0.0000 25.1374 -0.0001 
-6.1779 91.7759 4.5890 1.7826 -4.3299 -0.5403 0.9037 2.8671 -1.2559 0.9044 2.8695 -1.2569 0.9063 2.8758 -1.2596 10.8115 85.3145 -93.1435 75.9881 72.3956 66.1477 -5.2800 1.2285 2.3853 -0.0141 0.5249 -0.2505 0.0000 0.0000 0.0001 0.0000 0.0000 0.0000 0.0000 -0.0013 -0.0008 0.0000 -0.0004 0.0001 0.0000 0.0000 0.0000 0.0000 0.0000 0.0000 0.0000 0.0002 0.0000 0.0000 -0.0006 0.0003 0.0000 0.0004 -0.0006 0.0000 0.0000 0.0001 0.0000 0.0000 0.0000 0.0000 -0.0010 -0.0002 0.0000 0.0002 30.0001 -0.0001 0.0005 -29.9998 0.0000 0.0000 0.0000 -5.1472 5.9410 2.6241 -5.1472 5.9410 2.6241 155.6860 85.5692 -93.9392 -80.0610 81.1084 -80.0696 -3.4671 4.3514 -8.8732 0.0352 0.2696 0.3963 0.0000 -0.0001 0.0001 0.0000 0.0000 0.0000 0.0000 -0.0006 0.0003 0.0000 -0.0001 0.0001 0.0000 0.0000 0.0000 0.0000 0.0000 0.0000 0.0000 0.0007 0.0001 0.0000 -0.0012 0.0001 0.0000 -0.0008 0.0003 0.0000 0.0001 0.0000 0.0000 0.0000 0.0000 0.0000 -0.0009 0.0000 0.0000 0.0002 -29.9996 -0.0001 -0.0003 29.9996 0.0000 0.0000 0.0000 -0.6323 -1.3375 177.7411 -0.0667 -12.3996 0.0900 -7.7073 72.3063 -2.6490 0.0000 25.3510 0.0000 -2.7153 -0.8252 179.0090 -0.0384 -10.3226 -0.0793 11.3073 69.3192 6.0300 0.0000 25.1207 -0.0001 
-6.3457 91.7926 4.5607 2.0704 -4.2689 -0.5638 0.8898 2.8980 -1.2742 0.8905 2.9004 -1.2752 0.8924 2.9068 -1.2780 11.2113 85.2639 -92.6625 74.8934 72.0006 65.5318 -5.0091 1.2544 3.0014 -0.0176 0.5431 -0.2687 0.0000 0.0000 0.0001 0.0000 0.0000 0.0000 0.0000 -0.0013 -0.0008 0.0000 -0.0004 0.0001 0.0000 0.0000 0.0000 0.0000 0.0000 0.0000 0.0000 0.0002 0.0000 0.0000 -0.0006 0.0003 0.0000 0.0004 -0.0006 0.0000 0.0000 0.0001 0.0000 0.0000 0.0000 0.0000 -0.0010 -0.0002 0.0000 0.0002 30.0001 -0.0002 0.0005 -29.9998 0.0000 0.0000 0.0000 -5.2618 5.9329 2.7023 -5.2618 5.9329 2.7023 154.5924 85.6637 -95.0166 -80.1026 80.3528 -80.6182 -4.0352 4.1304 -9.1915 0.0366 0.2811 0.4101 0.0000 -0.0001 0.0001 0.0000 0.0000 0.0000 0.0000 -0.0006 0.0003 0.0000 -0.0001 0.0001 0.0000 0.0000 0.0000 0.0000 0.0000 0.0000 0.0000 0.0007 0.0001 0.0000 -0.0011 0.0001 0.0000 -0.0008 0.0003 0.0000 0.0001 0.0000 0.0000 0.0000 0.0000 0.0000 -0.0009 0.0000 0.0000 0.0002 -29.9996 -0.0001 -0.0003 29.9996 0.0000 0.0000 0.0000 -0.7467 -1.4165 177.8705 -0.0509 -12.3611 0.0883 -7.7785 72.2632 -2.9047 0.0000 25.3510 0.0000 -2.8057 -0.7478 179.1341 -0.0331 -10.0812 -0.0798 11.2825 69.2310 5.7999 0.0000 25.1059 -0.0001 
-6.5198 91.8045 4.5068 2.3932 -4.2335 -0.5848 0.8552 2.9507 -1.2970 0.8559 2.9533 -1.2981 0.8577 2.9596 -1.3009 11.5018 85.1729 -92.2867 73.7681 71.5292 64.9267 -4.7588 1.2938 3.6420 -0.0216 0.5644 -0.2901 0.0000 0.0000 0.0001 0.0000 0.0000 0.0000 0.0000 -0.0013 -0.0008 0.0000 -0.0004 0.0001 0.0000 0.0000 0.0000 0.0000 0.0000 0.0000 0.0000 0.0002 0.0000 0.0000 -0.0006 0.0003 0.0000 0.0004 -0.0006 0.0000 0.0000 0.0001 0.0000 0.0000 0.0000 0.0000 -0.0010 -0.0002 0.0000 0.0002 30.0001 -0.0001 0.0005 -29.9998 0.0000 0.0000 0.0000 -5.3721 5.8953 2.7760 -5.3721 5.8953 2.7760 153.3679 85.7822 -96.2212 -80.0883 79.5766 -81.1519 -4.7462 3.8682 -9.5114 0.0382 0.2950 0.4253 0.0000 -0.0001 0.0001 0.0000 0.0000 0.0000 0.0000 -0.0006 0.0003 0.0000 -0.0001 0.0001 0.0000 0.0000 0.0000 0.0000 0.0000 0.0000 0.0000 0.0007 0.0001 0.0000 -0.0012 0.0001 0.0000 -0.0008 0.0003 0.0000 0.0001 0.0000 0.0000 0.0000 0.0000 0.0000 -0.0009 0.0000 0.0000 0.0002 -29.9996 -0.0001 -0.0003 29.9996 0.0000 0.0000 0.0000 -0.8671 -1.5175 178.0005 -0.0348 -12.3753 0.0865 -7.8283 72.2163 -3.1644 0.0000 25.3510 0.0000 -2.8736 -0.6800 179.2627 -0.0281 -9.8827 -0.0803 11.2979 69.1538 5.5488 0.0000 25.0962 -0.0001 
-6.6962 91.8098 4.4276 2.7492 -4.2319 -0.5884 0.8048 3.0246 -1.3285 0.8055 3.0274 -1.3296 0.8071 3.0338 -1.3324 11.5753 85.0460 -92.1202 72.5960 70.9739 64.3449 -4.5176 1.3458 4.2187 -0.0257 0.5877 -0.3133 0.0000 0.0000 0.0001 0.0000 0.0000 0.0000 0.0000 -0.0013 -0.0008 0.0000 -0.0004 0.0001 0.0000 0.0000 0.0000 0.0000 0.0000 0.0000 0.0000 0.0002 0.0000 0.0000 -0.0006 0.0003 0.0000 0.0004 -0.0006 0.0000 0.0000 0.0001 0.0000 0.0000 0.0000 0.0000 -0.0010 -0.0002 0.0000 0.0002 30.0001 -0.0001 0.0005 -29.9998 0.0000 0.0000 0.0000 -5.4878 5.8471 2.8373 -5.4878 5.8471 2.8373 152.1383 85.9216 -97.4217 -80.0233 78.8173 -81.6748 -5.6256 3.5600 -9.8047 0.0398 0.3118 0.4413 0.0000 -0.0001 0.0001 0.0000 0.0000 0.0000 0.0000 -0.0006 0.0003 0.0000 -0.0001 0.0001 0.0000 0.0000 0.0000 0.0000 0.0000 0.0000 0.0000 0.0007 0.0001 0.0000 -0.0012 0.0001 0.0000 -0.0008 0.0003 0.0000 0.0001 0.0000 0.0000 0.0000 0.0000 0.0000 -0.0009 0.0000 0.0000 0.0002 -29.9996 -0.0001 -0.0003 29.9996 0.0000 0.0000 0.0000 -0.9989 -1.6270 178.1128 -0.0185 -12.4305 0.0848 -7.8572 72.1566 -3.4206 0.0000 25.3510 0.0000 -2.9269 -0.6303 179.3771 -0.0230 -9.7578 -0.0808 11.3422 69.1046 5.2725 0.0000 25.1013 -0.0001 
-6.8574 91.8118 4.3388 3.1028 -4.2515 -0.5665 0.7527 3.1025 -1.3670 0.7533 3.1054 -1.3683 0.7548 3.1119 -1.3711 11.4372 84.9050 -92.1781 71.4462 70.3713 63.8434 -4.2854 1.3890 4.6623 -0.0294 0.6125 -0.3371 0.0000 0.0000 0.0001 0.0000 0.0000 0.0000 0.0000 -0.0013 -0.0008 0.0000 -0.0004 0.0001 0.0000 0.0000 0.0000 0.0000 0.0000 0.0000 0.0000 0.0002 0.0000 0.0000 -0.0006 0.0003 0.0000 0.0004 -0.0006 0.0000 0.0000 0.0001 0.0000 0.0000 0.0000 0.0000 -0.0010 -0.0002 0.0000 0.0002 30.0001 -0.0001 0.0005 -29.9998 0.0000 0.0000 0.0000 -5.6074 5.8286 2.8821 -5.6074 5.8286 2.8821 151.0279 86.0776 -98.5199 -79.8722 78.1177 -82.0964 -6.5579 3.2478 -10.0625 0.0414 0.3305 0.4571 0.0000 -0.0001 0.0001 0.0000 0.0000 0.0000 0.0000 -0.0006 0.0003 0.0000 -0.0001 0.0001 0.0000 0.0000 0.0000 0.0000 0.0000 0.0000 0.0000 0.0007 0.0001 0.0000 -0.0012 0.0001 0.0000 -0.0008 0.0003 0.0000 0.0001 0.0000 0.0000 0.0000 0.0000 0.0000 -0.0009 0.0000 0.0000 0.0002 -29.9997 -0.0001 -0.0003 29.9996 0.0000 0.0000 0.0000 -1.1366 -1.7095 178.1877 -0.0044 -12.4568 0.0832 -7.8634 72.0717 -3.6438 0.0000 25.3510 0.0000 -2.9967 -0.6058 179.4548 -0.0175 -9.7066 -0.0812 11.3698 69.0849 4.9940 0.0000 25.1166 -0.0001 
-6.9787 91.8126 4.2499 3.4330 -4.2847 -0.5211 0.7065 3.1746 -1.4094 0.7072 3.1777 -1.4107 0.7085 3.1842 -1.4136 11.1216 84.7560 -92.4325 70.3710 69.7452 63.4487 -4.0215 1.3808 5.0196 -0.0328 0.6391 -0.3609 0.0000 0.0000 0.0001 0.0000 0.0000 0.0000 0.0000 -0.0013 -0.0008 0.0000 -0.0004 0.0001 0.0000 0.0000 0.0000 0.0000 0.0000 0.0000 0.0000 0.0002 0.0000 0.0000 -0.0006 0.0003 0.0000 0.0004 -0.0006 0.0000 0.0000 0.0001 0.0000 0.0000 0.0000 0.0000 -0.0010 -0.0002 0.0000 0.0002 30.0001 -0.0001 0.0005 -29.9998 0.0000 0.0000 0.0000 -5.7285 5.8586 2.9087 -5.7285 5.8586 2.9087 150.0941 86.2601 -99.4662 -79.6772 77.4841 -82.4167 -7.4664 2.9494 -10.2926 0.0430 0.3496 0.4711 0.0000 -0.0001 0.0001 0.0000 0.0000 0.0000 0.0000 -0.0006 0.0003 0.0000 -0.0001 0.0001 0.0000 0.0000 0.0000 0.0000 0.0000 0.0000 0.0000 0.0007 0.0001 0.0000 -0.0012 0.0001 0.0000 -0.0008 0.0003 0.0000 0.0001 0.0000 0.0000 0.0000 0.0000 0.0000 -0.0009 0.0000 0.0000 0.0002 -29.9996 -0.0001 -0.0003 29.9996 0.0000 0.0000 0.0000 -1.2628 -1.7476 178.2124 0.0036 -12.4231 0.0824 -7.7994 71.9607 -3.7831 0.0000 25.3510 0.0000 -3.0915 -0.6080 179.4811 -0.0153 -9.7245 -0.0814 11.3930 69.0907 4.7575 0.0000 25.1313 -0.0001 
-7.0358 91.8146 4.1680 3.6935 -4.3278 -0.4460 0.6835 3.2299 -1.4505 0.6842 3.2332 -1.4520 0.6854 3.2396 -1.4548 10.4533 84.5788 -93.0639 69.4765 69.1359 63.1931 -3.6921 1.2502 5.3314 -0.0357 0.6659 -0.3836 0.0000 0.0000 0.0001 0.0000 0.0000 0.0000 0.0000 -0.0013 -0.0008 0.0000 -0.0004 0.0001 0.0000 0.0000 0.0000 0.0000 0.0000 0.0000 0.0000 0.0002 0.0000 0.0000 -0.0006 0.0003 0.0000 0.0004 -0.0006 0.0000 0.0000 0.0001 0.0000 0.0000 0.0000 0.0000 -0.0010 -0.0002 0.0000 0.0002 30.0001 -0.0001 0.0005 -29.9998 0.0000 0.0000 0.0000 -5.8531 5.9784 2.9052 -5.8531 5.9784 2.9052 149.5481 86.4783 -100.0415 -79.4414 76.9263 -82.5874 -8.2483 2.6954 -10.5121 0.0448 0.3691 0.4842 0.0000 -0.0001 0.0001 0.0000 0.0000 0.0000 0.0000 -0.0006 0.0003 0.0000 -0.0001 0.0001 0.0000 0.0000 0.0000 0.0000 0.0000 0.0000 0.0000 0.0007 0.0001 0.0000 -0.0012 0.0001 0.0000 -0.0008 0.0003 0.0000 0.0001 0.0000 0.0000 0.0000 0.0000 0.0000 -0.0008 0.0000 0.0000 0.0002 -29.9997 -0.0001 -0.0003 29.9996 0.0000 0.0000 0.0000 -1.3619 -1.7080 178.1660 0.0025 -12.2738 0.0825 -7.6555 71.8098 -3.7999 0.0000 25.3511 0.0000 -3.2255 -0.6532 179.4332 -0.0166 -9.8343 -0.0813 11.3782 69.1270 4.5913 0.0000 25.1338 -0.0001 
-7.0465 91.8184 4.1045 3.8731 -4.3715 -0.3552 0.6868 3.2696 -1.4833 0.6874 3.2730 -1.4848 0.6887 3.2795 -1.4877 9.5599 84.3695 -93.9349 68.7998 68.5717 63.0911 -3.3896 1.0392 5.5822 -0.0380 0.6916 -0.4056 0.0000 0.0000 0.0001 0.0000 0.0000 0.0000 0.0000 -0.0013 -0.0008 0.0000 -0.0004 0.0001 0.0000 0.0000 0.0000 0.0000 0.0000 0.0000 0.0000 0.0002 0.0000 0.0000 -0.0006 0.0003 0.0000 0.0004 -0.0006 0.0000 0.0000 0.0001 0.0000 0.0000 0.0000 0.0000 -0.0010 -0.0002 0.0000 0.0003 30.0001 -0.0001 0.0005 -29.9998 0.0000 0.0000 0.0000 -5.9813 6.1692 2.8745 -5.9813 6.1692 2.8745 149.3171 86.7400 -100.3253 -79.2140 76.4144 -82.6376 -8.8803 2.5071 -10.7494 0.0468 0.3876 0.4957 0.0000 -0.0001 0.0001 0.0000 0.0000 0.0000 0.0000 -0.0006 0.0003 0.0000 -0.0001 0.0001 0.0000 0.0000 0.0000 0.0000 0.0000 0.0000 0.0000 0.0007 0.0001 0.0000 -0.0012 0.0001 0.0000 -0.0008 0.0003 0.0000 0.0001 0.0000 0.0000 0.0000 0.0000 0.0000 -0.0009 0.0000 0.0000 0.0002 -29.9996 -0.0001 -0.0003 29.9996 0.0000 0.0000 0.0000 -1.4324 -1.6180 178.0751 -0.0041 -12.0635 0.0832 -7.4906 71.6551 -3.7440 0.0000 25.3510 0.0000 -3.3763 -0.7173 179.3388 -0.0205 -9.9847 -0.0809 11.3168 69.1779 4.4772 0.0000 25.1277 -0.0001 
-7.0384 91.8226 4.0564 3.9792 -4.4131 -0.2591 0.7117 3.2963 -1.5062 0.7124 3.2998 -1.5077 0.7137 3.3063 -1.5106 8.6026 84.1322 -94.8807 68.3652 68.0682 63.1589 -3.1366 0.7516 5.8454 -0.0401 0.7152 -0.4281 0.0000 0.0000 0.0001 0.0000 0.0000 0.0000 0.0000 -0.0013 -0.0008 0.0000 -0.0004 0.0001 0.0000 0.0000 0.0000 0.0000 0.0000 0.0000 0.0000 0.0002 0.0000 0.0000 -0.0006 0.0003 0.0000 0.0004 -0.0006 0.0000 0.0000 0.0001 0.0000 0.0000 0.0000 0.0000 -0.0010 -0.0002 0.0000 0.0002 30.0001 -0.0001 0.0005 -29.9998 0.0000 0.0000 0.0000 -6.1107 6.4101 2.8238 -6.1107 6.4101 2.8238 149.2677 87.0484 -100.4532 -79.0091 75.9451 -82.5838 -9.3666 2.3891 -11.0156 0.0491 0.4051 0.5067 0.0000 -0.0001 0.0001 0.0000 0.0000 0.0000 0.0000 -0.0006 0.0003 0.0000 -0.0001 0.0001 0.0000 0.0000 0.0000 0.0000 0.0000 0.0000 0.0000 0.0007 0.0001 0.0000 -0.0011 0.0001 0.0000 -0.0008 0.0003 0.0000 0.0001 0.0000 0.0000 0.0000 0.0000 0.0000 -0.0009 0.0000 0.0000 0.0002 -29.9996 -0.0001 -0.0003 29.9996 0.0000 0.0000 0.0000 -1.4804 -1.5039 177.9680 -0.0124 -11.8333 0.0840 -7.3592 71.5121 -3.6728 0.0000 25.3510 0.0000 -3.5257 -0.7869 179.2276 -0.0245 -10.1443 -0.0805 11.1938 69.2318 4.3735 0.0000 25.1270 -0.0001 
-7.0240 91.8265 4.0418 3.9932 -4.4477 -0.1720 0.7611 3.3084 -1.5131 0.7619 3.3119 -1.5146 0.7633 3.3184 -1.5175 7.6529 83.8537 -95.8265 68.2718 67.6869 63.4203 -2.9664 0.3918 6.2107 -0.0423 0.7340 -0.4516 0.0000 0.0000 0.0001 0.0000 0.0000 0.0000 0.0000 -0.0013 -0.0008 0.0000 -0.0004 0.0001 0.0000 0.0000 0.0000 0.0000 0.0000 0.0000 0.0000 0.0002 0.0000 0.0000 -0.0006 0.0003 0.0000 0.0004 -0.0006 0.0000 0.0000 0.0001 0.0000 0.0000 0.0000 0.0000 -0.0010 -0.0002 0.0000 0.0002 30.0001 -0.0001 0.0005 -29.9998 0.0000 0.0000 0.0000 -6.2416 6.6906 2.7602 -6.2416 6.6906 2.7602 149.3768 87.4066 -100.4490 -78.8784 75.5418 -82.4418 -9.6587 2.3703 -11.3412 0.0518 0.4195 0.5167 0.0000 -0.0001 0.0001 0.0000 0.0000 0.0000 0.0000 -0.0006 0.0003 0.0000 -0.0001 0.0001 0.0000 0.0000 0.0000 0.0000 0.0000 0.0000 0.0000 0.0007 0.0001 0.0000 -0.0012 0.0001 0.0000 -0.0008 0.0003 0.0000 0.0001 0.0000 0.0000 0.0000 0.0000 0.0000 -0.0009 0.0000 0.0000 0.0002 -29.9996 -0.0001 -0.0003 29.9996 0.0000 0.0000 0.0000 -1.4987 -1.3773 177.8683 -0.0207 -11.6232 0.0849 -7.3005 71.4144 -3.6149 0.0000 25.3510 0.0000 -3.6422 -0.8402 179.1243 -0.0279 -10.2849 -0.0802 11.0186 69.2893 4.2789 0.0000 25.1304 -0.0001 
-7.0176 91.8292 4.0490 3.9621 -4.4737 -0.1021 0.8214 3.3141 -1.5099 0.8222 3.3177 -1.5115 0.8237 3.3242 -1.5144 6.7874 83.5538 -96.6870 68.3419 67.4213 63.7255 -2.8851 0.0330 6.7052 -0.0450 0.7485 -0.4768 0.0000 0.0000 0.0001 0.0000 0.0000 0.0000 0.0000 -0.0013 -0.0008 0.0000 -0.0004 0.0001 0.0000 0.0000 0.0000 0.0000 0.0000 0.0000 0.0000 0.0002 0.0000 0.0000 -0.0006 0.0003 0.0000 0.0004 -0.0006 0.0000 0.0000 0.0001 0.0000 0.0000 0.0000 0.0000 -0.0010 -0.0002 0.0000 0.0002 30.0001 -0.0001 0.0005 -29.9998 0.0000 0.0000 0.0000 -6.3816 6.9715 2.6988 -6.3816 6.9715 2.6988 251.0453 90.0000 0.0000 -78.7953 75.1921 -82.2751 -9.8436 2.4253 -11.7112 0.0548 0.4310 0.5268 0.0000 -0.0001 0.0001 0.0000 0.0000 0.0000 0.0000 -0.0006 0.0003 0.0000 -0.0001 0.0001 0.0000 0.0000 0.0000 0.0000 0.0000 0.0000 0.0000 0.0007 0.0001 0.0000 -0.0012 0.0001 0.0000 -0.0008 0.0003 0.0000 0.0001 0.0000 0.0000 0.0000 0.0000 0.0000 -0.0009 0.0000 0.0000 0.0002 -29.9996 -0.0001 -0.0003 29.9996 0.0000 0.0000 0.0000 -1.5108 -1.2630 177.7913 -0.0277 -11.4562 0.0855 -7.3014 71.3558 -3.5779 0.0000 25.3510 0.0000 -3.7224 -0.8668 179.0456 -0.0304 -10.3798 -0.0800 10.8425 69.3404 4.1961 0.0000 25.1360 -0.0001 
-7.0200 91.8312 4.0692 3.9118 -4.4910 -0.0484 0.8839 3.3141 -1.5014 0.8848 3.3177 -1.5030 0.8864 3.3241 -1.5058 6.0705 83.2710 -97.4006 68.4835 67.2575 64.0339 -2.8886 -0.2941 7.3217 -0.0483 0.7592 -0.5039 0.0000 0.0000 0.0001 0.0000 0.0000 0.0000 0.0000 -0.0013 -0.0008 0.0000 -0.0004 0.0001 0.0000 0.0000 0.0000 0.0000 0.0000 0.0000 0.0000 0.0002 0.0000 0.0000 -0.0006 0.0003 0.0000 0.0004 -0.0006 0.0000 0.0000 0.0001 0.0000 0.0000 0.0000 0.0000 -0.0010 -0.0002 0.0000 0.0003 30.0001 -0.0001 0.0005 -29.9998 0.0000 0.0000 0.0000 -6.5335 7.2391 2.6487 -6.5335 7.2391 2.6487 250.9780 90.0000 0.0000 -78.7226 74.8953 -82.0971 -9.9567 2.5446 -12.1043 0.0580 0.4403 0.5376 0.0000 -0.0001 0.0001 0.0000 0.0000 0.0000 0.0000 -0.0006 0.0003 0.0000 -0.0001 0.0001 0.0000 0.0000 0.0000 0.0000 0.0000 0.0000 0.0000 0.0007 0.0001 0.0000 -0.0012 0.0001 0.0000 -0.0008 0.0003 0.0000 0.0001 0.0000 0.0000 0.0000 0.0000 0.0000 -0.0008 0.0000 0.0000 0.0002 -29.9996 -0.0001 -0.0003 29.9996 0.0000 0.0000 0.0000 -1.5236 -1.1684 177.7360 -0.0336 -11.3310 0.0861 -7.3352 71.3262 -3.5528 0.0000 25.3510 0.0000 -3.7737 -0.8681 178.9898 -0.0323 -10.4256 -0.0798 10.6914 69.3812 4.1334 0.0000 25.1383 -0.0001 
-7.0399 91.8326 4.0973 3.8674 -4.4966 -0.0157 0.9380 3.3036 -1.4917 0.9390 3.3073 -1.4933 0.9407 3.3137 -1.4961 5.6131 83.0758 -97.8631 68.6248 67.2223 64.3341 -2.9956 -0.5185 8.0717 -0.0526 0.7653 -0.5335 0.0000 0.0000 0.0001 0.0000 0.0000 0.0000 0.0000 -0.0013 -0.0008 0.0000 -0.0004 0.0001 0.0000 0.0000 0.0000 0.0000 0.0000 0.0000 0.0000 0.0002 0.0000 0.0000 -0.0006 0.0003 0.0000 0.0004 -0.0006 0.0000 0.0000 0.0001 0.0000 0.0000 0.0000 0.0000 -0.0010 -0.0002 0.0000 0.0002 30.0001 -0.0001 0.0005 -29.9998 0.0000 0.0000 0.0000 -6.7091 7.4759 2.6285 -6.7091 7.4759 2.6285 250.9383 90.0000 0.0000 -78.6744 74.6880 -81.9490 -9.9847 2.7484 -12.5074 0.0612 0.4451 0.5482 0.0000 -0.0001 0.0001 0.0000 0.0000 0.0000 0.0000 -0.0006 0.0003 0.0000 -0.0001 0.0001 0.0000 0.0000 0.0000 0.0000 0.0000 0.0000 0.0000 0.0007 0.0001 0.0000 -0.0012 0.0001 0.0000 -0.0008 0.0003 0.0000 0.0001 0.0000 0.0000 0.0000 0.0000 0.0000 -0.0009 0.0000 0.0000 0.0002 -29.9997 -0.0001 -0.0003 29.9996 0.0000 0.0000 0.0000 -1.5423 -1.1079 177.7123 -0.0380 -11.2598 0.0865 -7.3868 71.3234 -3.5436 0.0000 25.3510 0.0000 -3.8067 -0.8364 178.9655 -0.0335 -10.3999 -0.0797 10.5892 69.4029 4.1031 0.0000 25.1353 -0.0001 
-7.0800 91.8343 4.1200 3.8518 -4.4964 0.0060 0.9772 3.2861 -1.4857 0.9782 3.2897 -1.4872 0.9800 3.2961 -1.4900 5.3046 82.9611 -98.1876 68.7272 67.2803 64.5752 -3.1359 -0.6290 8.9281 -0.0578 0.7672 -0.5635 0.0000 0.0000 0.0001 0.0000 0.0000 0.0000 0.0000 -0.0013 -0.0008 0.0000 -0.0004 0.0001 0.0000 0.0000 0.0000 0.0000 0.0000 0.0000 0.0000 0.0002 0.0000 0.0000 -0.0006 0.0003 0.0000 0.0004 -0.0006 0.0000 0.0000 0.0001 0.0000 0.0000 0.0000 0.0000 -0.0010 -0.0002 0.0000 0.0002 30.0001 -0.0001 0.0005 -29.9998 0.0000 0.0000 0.0000 -6.9028 7.6819 2.6360 -6.9028 7.6819 2.6360 250.9105 90.0000 0.0000 -78.6558 74.5371 -81.8945 -9.9724 2.9938 -12.9040 0.0643 0.4469 0.5591 0.0000 -0.0001 0.0001 0.0000 0.0000 0.0000 0.0000 -0.0006 0.0003 0.0000 -0.0001 0.0001 0.0000 0.0000 0.0000 0.0000 0.0000 0.0000 0.0000 0.0007 0.0001 0.0000 -0.0012 0.0001 0.0000 -0.0008 0.0003 0.0000 0.0001 0.0000 0.0000 0.0000 0.0000 0.0000 -0.0009 0.0000 0.0000 0.0002 -29.9996 -0.0001 -0.0003 29.9996 0.0000 0.0000 0.0000 -1.5700 -1.0690 177.7124 -0.0398 -11.2074 0.0867 -7.4376 71.3192 -3.5521 0.0000 25.3510 0.0000 -3.8553 -0.7890 178.9624 -0.0327 -10.3326 -0.0798 10.5074 69.4072 4.0875 0.0000 25.1331 -0.0001 
-7.1325 91.8376 4.1349 3.8662 -4.4951 0.0226 1.0022 3.2631 -1.4832 1.0032 3.2667 -1.4847 1.0051 3.2730 -1.4876 5.0601 82.9232 -98.4584 68.7755 67.3951 64.7645 -3.2911 -0.6176 9.8403 -0.0636 0.7653 -0.5929 0.0000 0.0000 0.0001 0.0000 0.0000 0.0000 0.0000 -0.0013 -0.0008 0.0000 -0.0004 0.0001 0.0000 0.0000 0.0000 0.0000 0.0000 0.0000 0.0000 0.0002 0.0000 0.0000 -0.0006 0.0003 0.0000 0.0004 -0.0006 0.0000 0.0000 0.0001 0.0000 0.0000 0.0000 0.0000 -0.0010 -0.0002 0.0000 0.0002 30.0001 -0.0001 0.0005 -29.9998 0.0000 0.0000 0.0000 -7.1172 7.8671 2.6625 -7.1172 7.8671 2.6625 250.8850 90.0000 0.0000 -78.6847 74.4326 -81.9438 -9.9440 3.2620 -13.2800 0.0673 0.4464 0.5699 0.0000 -0.0001 0.0001 0.0000 0.0000 0.0000 0.0000 -0.0006 0.0003 0.0000 -0.0001 0.0001 0.0000 0.0000 0.0000 0.0000 0.0000 0.0000 0.0000 0.0007 0.0001 0.0000 -0.0012 0.0001 0.0000 -0.0008 0.0003 0.0000 0.0001 0.0000 0.0000 0.0000 0.0000 0.0000 -0.0009 0.0000 0.0000 0.0002 -29.9996 -0.0001 -0.0003 29.9996 0.0000 0.0000 0.0000 -1.6045 -1.0338 177.7253 -0.0399 -11.1446 0.0866 -7.4675 71.2983 -3.5610 0.0000 25.3510 0.0000 -3.9259 -0.7346 178.9689 -0.0307 -10.2459 -0.0800 10.4470 69.4006 4.0928 0.0000 25.1233 -0.0001 
-7.1854 91.8449 4.1323 3.9209 -4.4974 0.0373 1.0054 3.2349 -1.4847 1.0064 3.2383 -1.4862 1.0083 3.2447 -1.4891 4.8538 83.0017 -98.7018 68.8318 67.5680 64.9637 -3.4671 -0.4611 10.8093 -0.0700 0.7579 -0.6203 0.0000 0.0000 0.0001 0.0000 0.0000 0.0000 0.0000 -0.0013 -0.0008 0.0000 -0.0004 0.0001 0.0000 0.0000 0.0000 0.0000 0.0000 0.0000 0.0000 0.0002 0.0000 0.0000 -0.0006 0.0003 0.0000 0.0004 -0.0006 0.0000 0.0000 0.0001 0.0000 0.0000 0.0000 0.0000 -0.0010 -0.0002 0.0000 0.0002 30.0001 -0.0001 0.0005 -29.9998 0.0000 0.0000 0.0000 -7.3713 8.0297 2.7122 -7.3713 8.0297 2.7122 250.8535 90.0000 0.0000 -78.8181 74.3892 -82.1662 -9.9261 3.5435 -13.6056 0.0699 0.4435 0.5801 0.0000 -0.0001 0.0001 0.0000 0.0000 0.0000 0.0000 -0.0006 0.0003 0.0000 -0.0001 0.0001 0.0000 0.0000 0.0000 0.0000 0.0000 0.0000 0.0000 0.0007 0.0001 0.0000 -0.0012 0.0001 0.0000 -0.0008 0.0003 0.0000 0.0001 0.0000 0.0000 0.0000 0.0000 0.0000 -0.0008 0.0000 0.0000 0.0002 -29.9996 -0.0001 -0.0003 29.9996 0.0000 0.0000 0.0000 -1.6442 -0.9791 177.7394 -0.0390 -11.0212 0.0865 -7.4200 71.2287 -3.5213 0.0000 25.3510 0.0000 -4.0253 -0.6823 178.9717 -0.0293 -10.1553 -0.0801 10.4411 69.3796 4.1531 0.0000 25.0900 -0.0001 
-7.2315 91.8562 4.1163 3.9963 -4.5033 0.0536 0.9941 3.2057 -1.4861 0.9951 3.2090 -1.4876 0.9970 3.2154 -1.4905 4.6048 83.1520 -98.9904 68.9864 67.7531 65.2522 -3.6599 -0.1732 11.7511 -0.0762 0.7444 -0.6440 0.0000 0.0000 0.0001 0.0000 0.0000 0.0000 0.0000 -0.0013 -0.0008 0.0000 -0.0004 0.0001 0.0000 0.0000 0.0000 0.0000 0.0000 0.0000 0.0000 0.0002 0.0000 0.0000 -0.0006 0.0003 0.0000 0.0004 -0.0006 0.0000 0.0000 0.0001 0.0000 0.0000 0.0000 0.0000 -0.0010 -0.0002 0.0000 0.0002 30.0001 -0.0001 0.0005 -29.9998 0.0000 0.0000 0.0000 -7.6566 8.1748 2.7725 -7.6566 8.1748 2.7725 250.8053 90.0000 0.0000 -79.1001 74.3895 -82.5543 -9.9476 3.8088 -13.8893 0.0720 0.4389 0.5886 0.0000 -0.0001 0.0001 0.0000 0.0000 0.0000 0.0000 -0.0006 0.0003 0.0000 -0.0001 0.0001 0.0000 0.0000 0.0000 0.0000 0.0000 0.0000 0.0000 0.0007 0.0001 0.0000 -0.0012 0.0001 0.0000 -0.0008 0.0003 0.0000 0.0001 0.0000 0.0000 0.0000 0.0000 0.0000 -0.0009 0.0000 0.0000 0.0002 -29.9996 -0.0001 -0.0003 29.9996 0.0000 0.0000 0.0000 -1.6898 -0.8966 177.7461 -0.0374 -10.8277 0.0863 -7.3037 71.1097 -3.4178 0.0000 25.3510 0.0000 -4.1345 -0.6369 178.9654 -0.0294 -10.0704 -0.0801 10.4818 69.3456 4.2579 0.0000 25.0432 -0.0001 
-7.2793 91.8703 4.0959 4.0811 -4.5106 0.0712 0.9732 3.1775 -1.4856 0.9741 3.1808 -1.4871 0.9760 3.1871 -1.4900 4.3003 83.3365 -99.3340 69.2794 67.9254 65.6571 -3.8673 0.2239 12.6442 -0.0820 0.7260 -0.6643 0.0000 0.0000 0.0001 0.0000 0.0000 0.0000 0.0000 -0.0013 -0.0008 0.0000 -0.0004 0.0001 0.0000 0.0000 0.0000 0.0000 0.0000 0.0000 0.0000 0.0002 0.0000 0.0000 -0.0006 0.0003 0.0000 0.0004 -0.0006 0.0000 0.0000 0.0001 0.0000 0.0000 0.0000 0.0000 -0.0010 -0.0002 0.0000 0.0002 30.0001 -0.0001 0.0005 -29.9998 0.0000 0.0000 0.0000 -7.9677 8.3061 2.8353 -7.9677 8.3061 2.8353 250.7398 90.0000 0.0000 -79.5068 74.4200 -83.0713 -10.0138 4.0584 -14.1284 0.0738 0.4340 0.5966 0.0000 -0.0001 0.0001 0.0000 0.0000 0.0000 0.0000 -0.0006 0.0003 0.0000 -0.0001 0.0001 0.0000 0.0000 0.0000 0.0000 0.0000 0.0000 0.0000 0.0007 0.0001 0.0000 -0.0011 0.0001 0.0000 -0.0008 0.0003 0.0000 0.0001 0.0000 0.0000 0.0000 0.0000 0.0000 -0.0009 0.0000 0.0000 0.0002 -29.9996 -0.0001 -0.0003 29.9996 0.0000 0.0000 0.0000 -1.7446 -0.7899 177.7511 -0.0340 -10.5798 0.0859 -7.1555 70.9538 -3.2723 0.0000 25.3510 0.0000 -4.2428 -0.5952 178.9574 -0.0294 -9.9910 -0.0801 10.5406 69.3049 4.3762 0.0000 25.0220 -0.0001 
-7.3384 91.8864 4.0801 4.1659 -4.5187 0.0896 0.9447 3.1518 -1.4806 0.9456 3.1550 -1.4821 0.9474 3.1613 -1.4850 3.9007 83.5380 -99.7576 69.7868 68.0537 66.2195 -4.0847 0.7716 13.4326 -0.0872 0.7014 -0.6782 0.0000 0.0000 0.0001 0.0000 0.0000 0.0000 0.0000 -0.0013 -0.0008 0.0000 -0.0004 0.0001 0.0000 0.0000 0.0000 0.0000 0.0000 0.0000 0.0000 0.0002 0.0000 0.0000 -0.0006 0.0003 0.0000 0.0004 -0.0006 0.0000 0.0000 0.0001 0.0000 0.0000 0.0000 0.0000 -0.0010 -0.0002 0.0000 0.0002 30.0001 -0.0001 0.0005 -29.9998 0.0000 0.0000 0.0000 -8.3125 8.4223 2.8956 -8.3125 8.4223 2.8956 250.6494 90.0000 0.0000 -80.0175 74.4818 -83.6958 -10.1425 4.2864 -14.2995 0.0751 0.4286 0.6027 0.0000 -0.0001 0.0001 0.0000 0.0000 0.0000 0.0000 -0.0006 0.0003 0.0000 -0.0001 0.0001 0.0000 0.0000 0.0000 0.0000 0.0000 0.0000 0.0000 0.0007 0.0001 0.0000 -0.0011 0.0001 0.0000 -0.0008 0.0003 0.0000 0.0001 0.0000 0.0000 0.0000 0.0000 0.0000 -0.0009 0.0000 0.0000 0.0002 -29.9996 -0.0001 -0.0003 29.9996 0.0000 0.0000 0.0000 -1.8131 -0.6582 177.7601 -0.0274 -10.2846 0.0852 -6.9880 70.7638 -3.0778 0.0000 25.3510 0.0000 -4.3347 -0.5523 178.9566 -0.0282 -9.9162 -0.0803 10.5975 69.2623 4.4790 0.0000 25.0219 -0.0001 
-7.4009 91.9015 4.0694 4.2404 -4.5253 0.1054 0.9136 3.1272 -1.4705 0.9144 3.1304 -1.4719 0.9162 3.1367 -1.4748 3.4372 83.7332 -100.2211 70.4888 68.1414 66.9311 -4.2813 1.3833 14.1140 -0.0914 0.6734 -0.6866 0.0000 0.0000 0.0001 0.0000 0.0000 0.0000 0.0000 -0.0013 -0.0008 0.0000 -0.0004 0.0001 0.0000 0.0000 0.0000 0.0000 0.0000 0.0000 0.0000 0.0002 0.0000 0.0000 -0.0006 0.0003 0.0000 0.0004 -0.0006 0.0000 0.0000 0.0001 0.0000 0.0000 0.0000 0.0000 -0.0010 -0.0002 0.0000 0.0002 30.0001 -0.0001 0.0005 -29.9998 0.0000 0.0000 0.0000 -8.6840 8.5329 2.9501 -8.6840 8.5329 2.9501 250.5524 90.0000 0.0000 -80.5492 74.5512 -84.3228 -10.3144 4.4984 -14.4302 0.0762 0.4233 0.6072 0.0000 -0.0001 0.0001 0.0000 0.0000 0.0000 0.0000 -0.0006 0.0003 0.0000 -0.0001 0.0001 0.0000 0.0000 0.0000 0.0000 0.0000 0.0000 0.0000 0.0007 0.0001 0.0000 -0.0012 0.0001 0.0000 -0.0008 0.0003 0.0000 0.0001 0.0000 0.0000 0.0000 0.0000 0.0000 -0.0009 0.0000 0.0000 0.0002 -29.9996 -0.0001 -0.0003 29.9996 0.0000 0.0000 0.0000 -1.8976 -0.5241 177.7710 -0.0198 -9.9844 0.0845 -6.8087 70.5600 -2.8302 0.0000 25.3510 0.0000 -4.3993 -0.5139 178.9639 -0.0266 -9.8524 -0.0804 10.6561 69.2260 4.5639 0.0000 25.0219 -0.0001 
-7.4590 91.9138 4.0607 4.3027 -4.5296 0.1181 0.8808 3.1015 -1.4559 0.8816 3.1046 -1.4573 0.8834 3.1110 -1.4602 2.9452 83.9153 -100.7022 71.3577 68.1820 67.7854 -4.4366 2.0169 14.6796 -0.0946 0.6446 -0.6910 0.0000 0.0000 0.0001 0.0000 0.0000 0.0000 0.0000 -0.0013 -0.0008 0.0000 -0.0004 0.0001 0.0000 0.0000 0.0000 0.0000 0.0000 0.0000 0.0000 0.0002 0.0000 0.0000 -0.0006 0.0003 0.0000 0.0004 -0.0006 0.0000 0.0000 0.0001 0.0000 0.0000 0.0000 0.0000 -0.0010 -0.0002 0.0000 0.0002 30.0001 -0.0002 0.0005 -29.9998 0.0000 0.0000 0.0000 -9.0602 8.6359 2.9925 -9.0602 8.6359 2.9925 250.4552 90.0000 0.0000 -81.1139 74.6356 -84.9663 -10.5365 4.6827 -14.5332 0.0770 0.4183 0.6106 0.0000 -0.0001 0.0001 0.0000 0.0000 0.0000 0.0000 -0.0006 0.0003 0.0000 -0.0001 0.0001 0.0000 0.0000 0.0000 0.0000 0.0000 0.0000 0.0000 0.0007 0.0001 0.0000 -0.0012 0.0001 0.0000 -0.0008 0.0003 0.0000 0.0001 0.0000 0.0000 0.0000 0.0000 0.0000 -0.0009 0.0000 0.0000 0.0002 -29.9996 -0.0001 -0.0003 29.9996 0.0000 0.0000 0.0000 -2.0017 -0.3995 177.7783 -0.0129 -9.6981 0.0839 -6.6217 70.3513 -2.5317 0.0000 25.3510 0.0000 -4.4372 -0.4844 178.9747 -0.0255 -9.8031 -0.0805 10.7233 69.1966 4.6393 0.0000 25.0218 -0.0001 
-7.5055 91.9206 4.0554 4.3429 -4.5336 0.1299 0.8480 3.0736 -1.4378 0.8488 3.0766 -1.4391 0.8504 3.0830 -1.4420 2.4928 84.0635 -101.1389 72.4424 68.1556 68.8245 -4.4941 2.6363 15.0514 -0.0964 0.6154 -0.6888 0.0000 0.0000 0.0001 0.0000 0.0000 0.0000 0.0000 -0.0013 -0.0008 0.0000 -0.0004 0.0001 0.0000 0.0000 0.0000 0.0000 0.0000 0.0000 0.0000 0.0003 0.0000 0.0000 -0.0006 0.0003 0.0000 0.0004 -0.0006 0.0000 0.0000 0.0001 0.0000 0.0000 0.0000 0.0000 -0.0010 -0.0002 0.0000 0.0003 30.0001 -0.0001 0.0005 -29.9998 0.0000 0.0000 0.0000 -9.4284 8.7287 3.0153 -9.4284 8.7287 3.0153 250.3615 90.0000 0.0000 -81.6532 74.7154 -85.5527 -10.8354 4.8425 -14.6056 0.0776 0.4140 0.6115 0.0000 -0.0001 0.0001 0.0000 0.0000 0.0000 0.0000 -0.0006 0.0003 0.0000 -0.0001 0.0001 0.0000 0.0000 0.0000 0.0000 0.0000 0.0000 0.0000 0.0007 0.0001 0.0000 -0.0012 0.0001 0.0000 -0.0008 0.0003 0.0000 0.0001 0.0000 0.0000 0.0000 0.0000 0.0000 -0.0009 0.0000 0.0000 0.0002 -29.9996 -0.0001 -0.0003 29.9996 0.0000 0.0000 0.0000 -2.1251 -0.2971 177.7753 -0.0084 -9.4569 0.0835 -6.4341 70.1544 -2.1817 0.0000 25.3510 0.0000 -4.4412 -0.4666 178.9842 -0.0253 -9.7775 -0.0806 10.7956 69.1817 4.6997 0.0000 25.0217 -0.0001 
-7.5434 91.9238 4.0525 4.3645 -4.5386 0.1456 0.8141 3.0430 -1.4195 0.8148 3.0459 -1.4207 0.8164 3.0523 -1.4237 2.0339 84.1772 -101.5919 73.6345 68.0806 69.9470 -4.4202 3.2243 15.2455 -0.0968 0.5876 -0.6811 0.0000 0.0000 0.0001 0.0000 0.0000 0.0000 0.0000 -0.0013 -0.0008 0.0000 -0.0004 0.0001 0.0000 0.0000 0.0000 0.0000 0.0000 0.0000 0.0000 0.0002 0.0000 0.0000 -0.0006 0.0003 0.0000 0.0004 -0.0006 0.0000 0.0000 0.0001 0.0000 0.0000 0.0000 0.0000 -0.0010 -0.0002 0.0000 0.0002 30.0001 -0.0001 0.0005 -29.9998 0.0000 0.0000 0.0000 -9.7730 8.8131 3.0230 -9.7730 8.8131 3.0230 250.2806 90.0000 0.0000 -82.1810 74.7949 -86.1076 -11.2308 4.9829 -14.6292 0.0778 0.4100 0.6091 0.0000 -0.0001 0.0001 0.0000 0.0000 0.0000 0.0000 -0.0006 0.0003 0.0000 -0.0001 0.0001 0.0000 0.0000 0.0000 0.0000 0.0000 0.0000 0.0000 0.0007 0.0001 0.0000 -0.0012 0.0001 0.0000 -0.0008 0.0003 0.0000 0.0001 0.0000 0.0000 0.0000 0.0000 0.0000 -0.0009 0.0000 0.0000 0.0002 -29.9996 -0.0001 -0.0003 29.9996 0.0000 0.0000 0.0000 -2.2448 -0.2075 177.7626 -0.0061 -9.2481 0.0833 -6.2549 69.9752 -1.8288 0.0000 25.3510 0.0000 -4.4266 -0.4594 178.9878 -0.0250 -9.7744 -0.0806 10.8594 69.1797 4.7426 0.0000 25.0217 -0.0001 
-7.5737 91.9257 4.0481 4.3732 -4.5415 0.1676 0.7773 3.0084 -1.4013 0.7779 3.0111 -1.4025 0.7795 3.0175 -1.4055 1.5261 84.2680 -102.1068 74.9068 67.9670 71.1442 -4.2122 3.7614 15.2757 -0.0961 0.5611 -0.6687 0.0000 0.0000 0.0001 0.0000 0.0000 0.0000 0.0000 -0.0013 -0.0008 0.0000 -0.0004 0.0001 0.0000 0.0000 0.0000 0.0000 0.0000 0.0000 0.0000 0.0002 0.0000 0.0000 -0.0006 0.0003 0.0000 0.0004 -0.0006 0.0000 0.0000 0.0001 0.0000 0.0000 0.0000 0.0000 -0.0010 -0.0002 0.0000 0.0002 30.0001 -0.0001 0.0005 -29.9998 0.0000 0.0000 0.0000 -10.0876 8.8903 3.0197 -10.0876 8.8903 3.0197 250.2184 90.0000 0.0000 -82.6701 74.8666 -86.6103 -11.6989 5.1168 -14.5981 0.0778 0.4069 0.6044 0.0000 -0.0001 0.0001 0.0000 0.0000 0.0000 0.0000 -0.0006 0.0003 0.0000 -0.0001 0.0001 0.0000 0.0000 0.0000 0.0000 0.0000 0.0000 0.0000 0.0007 0.0001 0.0000 -0.0012 0.0001 0.0000 -0.0008 0.0003 0.0000 0.0001 0.0000 0.0000 0.0000 0.0000 0.0000 -0.0009 0.0000 0.0000 0.0002 -29.9996 -0.0001 -0.0003 29.9996 0.0000 0.0000 0.0000 -2.3563 -0.1226 177.7405 -0.0054 -9.0456 0.0832 -6.0860 69.8042 -1.4891 0.0000 25.3510 0.0000 -4.4047 -0.4681 178.9830 -0.0243 -9.7922 -0.0806 10.9097 69.1867 4.7707 0.0000 25.0217 -0.0001 
-7.5866 91.9282 4.0409 4.3635 -4.5426 0.2080 0.7360 2.9672 -1.3848 0.7366 2.9699 -1.3860 0.7381 2.9762 -1.3889 0.9133 84.3478 -102.7498 76.1982 67.8224 72.3817 -3.7854 4.2291 15.0611 -0.0937 0.5368 -0.6494 0.0000 0.0000 0.0001 0.0000 0.0000 0.0000 0.0000 -0.0013 -0.0008 0.0000 -0.0004 0.0001 0.0000 0.0000 0.0000 0.0000 0.0000 0.0000 0.0000 0.0002 0.0000 0.0000 -0.0006 0.0003 0.0000 0.0004 -0.0006 0.0000 0.0000 0.0001 0.0000 0.0000 0.0000 0.0000 -0.0010 -0.0002 0.0000 0.0002 30.0001 -0.0001 0.0005 -29.9998 0.0000 0.0000 0.0000 -10.3483 8.9561 3.0045 -10.3483 8.9561 3.0045 250.1815 90.0000 0.0000 -83.0954 74.9117 -87.0382 -12.2441 5.2384 -14.4661 0.0773 0.4051 0.5959 0.0000 -0.0001 0.0001 0.0000 0.0000 0.0000 0.0000 -0.0006 0.0003 0.0000 -0.0001 0.0001 0.0000 0.0000 0.0000 0.0000 0.0000 0.0000 0.0000 0.0007 0.0001 0.0000 -0.0012 0.0001 0.0000 -0.0008 0.0003 0.0000 0.0001 0.0000 0.0000 0.0000 0.0000 0.0000 -0.0009 0.0000 0.0000 0.0002 -29.9996 -0.0001 -0.0003 29.9996 0.0000 0.0000 0.0000 -2.4482 -0.0170 177.6919 -0.0078 -8.8034 0.0834 -5.9299 69.6293 -1.1808 0.0000 25.3510 0.0000 -4.3960 -0.4915 178.9496 -0.0248 -9.8229 -0.0806 10.9250 69.1944 4.7869 0.0000 25.0216 -0.0001 
-7.5880 91.9348 4.0421 4.3191 -4.5405 0.2737 0.6986 2.9219 -1.3719 0.6992 2.9244 -1.3731 0.7006 2.9308 -1.3760 0.1753 84.4225 -103.5299 77.4516 67.6616 73.6091 -3.2244 4.6451 14.6545 -0.0903 0.5150 -0.6267 0.0000 0.0000 0.0001 0.0000 0.0000 0.0000 0.0000 -0.0013 -0.0008 0.0000 -0.0004 0.0001 0.0000 0.0000 0.0000 0.0000 0.0000 0.0000 0.0000 0.0002 0.0000 0.0000 -0.0006 0.0003 0.0000 0.0004 -0.0006 0.0000 0.0000 0.0001 0.0000 0.0000 0.0000 0.0000 -0.0010 -0.0002 0.0000 0.0002 30.0001 -0.0001 0.0005 -29.9998 0.0000 0.0000 0.0000 -10.5603 9.0064 2.9857 -10.5604 9.0064 2.9857 250.1517 90.0000 0.0000 -83.4269 74.9007 -87.3585 -12.7939 5.3531 -14.2442 0.0765 0.4047 0.5849 0.0000 -0.0001 0.0001 0.0000 0.0000 0.0000 0.0000 -0.0006 0.0003 0.0000 -0.0001 0.0001 0.0000 0.0000 0.0000 0.0000 0.0000 0.0000 0.0000 0.0007 0.0001 0.0000 -0.0012 0.0001 0.0000 -0.0008 0.0003 0.0000 0.0001 0.0000 0.0000 0.0000 0.0000 0.0000 -0.0009 0.0000 0.0000 0.0002 -29.9996 -0.0001 -0.0002 29.9996 0.0000 0.0000 0.0000 -2.5018 0.1517 177.6161 -0.0114 -8.4506 0.0836 -5.7886 69.4266 -0.9091 0.0000 25.3510 0.0000 -4.3838 -0.5192 178.8853 -0.0260 -9.8555 -0.0805 10.9074 69.2028 4.7971 0.0000 25.0216 -0.0001 
-7.5827 91.9459 4.0534 4.2183 -4.5125 0.3664 0.6741 2.8664 -1.3645 0.6746 2.8687 -1.3656 0.6761 2.8751 -1.3685 -0.6829 84.4915 -104.4352 78.6433 67.4962 74.7943 -2.6489 5.0232 14.0966 -0.0861 0.4943 -0.6019 0.0000 0.0000 0.0001 0.0000 0.0000 0.0000 0.0000 -0.0013 -0.0008 0.0000 -0.0004 0.0001 0.0000 0.0000 0.0000 0.0000 0.0000 0.0000 0.0000 0.0002 0.0000 0.0000 -0.0006 0.0003 0.0000 0.0004 -0.0006 0.0000 0.0000 0.0001 0.0000 0.0000 0.0000 0.0000 -0.0010 -0.0002 0.0000 0.0002 30.0001 -0.0001 0.0005 -29.9998 0.0000 0.0000 0.0000 -10.7294 9.0408 2.9698 -10.7294 9.0408 2.9698 250.1250 90.0000 0.0000 -83.6947 74.8371 -87.6029 -13.2837 5.4540 -13.9466 0.0754 0.4054 0.5728 0.0000 -0.0001 0.0001 0.0000 0.0000 0.0000 0.0000 -0.0006 0.0003 0.0000 -0.0001 0.0001 0.0000 0.0000 0.0000 0.0000 0.0000 0.0000 0.0000 0.0007 0.0001 0.0000 -0.0011 0.0001 0.0000 -0.0008 0.0003 0.0000 0.0001 0.0000 0.0000 0.0000 0.0000 0.0000 -0.0009 0.0000 0.0000 0.0002 -29.9996 -0.0001 -0.0003 29.9996 0.0000 0.0000 0.0000 -2.5185 0.3814 177.5147 -0.0144 -7.9492 0.0838 -5.6828 69.1768 -0.6684 0.0000 25.3510 0.0000 -4.3461 -0.5684 178.7943 -0.0276 -9.8781 -0.0804 10.8533 69.2070 4.7993 0.0000 25.0216 -0.0001 
-7.5756 91.9649 4.0859 4.0439 -4.4542 0.4642 0.6684 2.7999 -1.3562 0.6689 2.8021 -1.3572 0.6703 2.8084 -1.3602 -1.6712 84.5552 -105.4690 79.7110 67.3472 75.8859 -2.1513 5.2157 13.5251 -0.0818 0.4783 -0.5809 0.0000 0.0000 0.0001 0.0000 0.0000 0.0000 0.0000 -0.0013 -0.0008 0.0000 -0.0004 0.0001 0.0000 0.0000 0.0000 0.0000 0.0000 0.0000 0.0000 0.0002 0.0000 0.0000 -0.0006 0.0003 0.0000 0.0004 -0.0006 0.0000 0.0000 0.0001 0.0000 0.0000 0.0000 0.0000 -0.0010 -0.0002 0.0000 0.0002 30.0001 -0.0001 0.0005 -29.9998 0.0000 0.0000 0.0000 -10.8385 9.0492 2.9683 -10.8385 9.0492 2.9683 250.1044 90.0000 0.0000 -83.8815 74.6948 -87.7504 -13.5459 5.5381 -13.6094 0.0742 0.4063 0.5616 0.0000 -0.0001 0.0001 0.0000 0.0000 0.0000 0.0000 -0.0006 0.0003 0.0000 -0.0001 0.0001 0.0000 0.0000 0.0000 0.0000 0.0000 0.0000 0.0000 0.0007 0.0001 0.0000 -0.0011 0.0001 0.0000 -0.0008 0.0003 0.0000 0.0001 0.0000 0.0000 0.0000 0.0000 0.0000 -0.0008 0.0000 0.0000 0.0002 -29.9996 -0.0001 -0.0003 29.9996 0.0000 0.0000 0.0000 -2.5496 0.7366 177.4094 -0.0134 -7.1764 0.0836 -5.6880 68.8265 -0.4669 0.0000 25.3510 0.0000 -4.2843 -0.6516 178.7013 -0.0294 -9.9232 -0.0802 10.7484 69.2326 4.7995 0.0000 25.0216 -0.0001 
-7.5711 91.9829 4.1310 3.8573 -4.4080 0.5352 0.6668 2.7403 -1.3416 0.6672 2.7424 -1.3426 0.6687 2.7486 -1.3456 -2.6147 84.6308 -106.4503 80.6494 67.2149 76.8844 -1.6717 5.0472 13.1276 -0.0778 0.4704 -0.5654 0.0000 0.0000 0.0001 0.0000 0.0000 0.0000 0.0000 -0.0013 -0.0008 0.0000 -0.0004 0.0001 0.0000 0.0000 0.0000 0.0000 0.0000 0.0000 0.0000 0.0002 0.0000 0.0000 -0.0006 0.0003 0.0000 0.0004 -0.0006 0.0000 0.0000 0.0001 0.0000 0.0000 0.0000 0.0000 -0.0010 -0.0002 0.0000 0.0002 30.0001 -0.0001 0.0005 -29.9998 0.0000 0.0000 0.0000 -10.9082 9.0314 2.9896 -10.9082 9.0314 2.9896 250.0861 90.0000 0.0000 -84.0039 74.5345 -87.8170 -13.6372 5.5890 -13.3024 0.0730 0.4071 0.5524 0.0000 -0.0001 0.0001 0.0000 0.0000 0.0000 0.0000 -0.0006 0.0003 0.0000 -0.0001 0.0001 0.0000 0.0000 0.0000 0.0000 0.0000 0.0000 0.0000 0.0007 0.0001 0.0000 -0.0011 0.0001 0.0000 -0.0008 0.0003 0.0000 0.0001 0.0000 0.0000 0.0000 0.0000 0.0000 -0.0009 0.0000 0.0000 0.0002 -29.9997 -0.0001 -0.0003 29.9996 0.0000 0.0000 0.0000 -2.5870 1.1049 177.3322 -0.0138 -6.4223 0.0835 -5.7368 68.4968 -0.2988 0.0000 25.3510 0.0000 -4.2374 -0.7089 178.6344 -0.0304 -9.9595 -0.0801 10.6121 69.2669 4.7949 0.0000 25.0216 -0.0001 
-7.5648 91.9932 4.1801 3.6712 -4.3850 0.5765 0.6660 2.6922 -1.3212 0.6665 2.6942 -1.3221 0.6679 2.7004 -1.3251 -3.4893 84.7058 -107.3574 81.4181 67.1076 77.7445 -1.1356 4.6482 12.8229 -0.0740 0.4693 -0.5535 0.0000 0.0000 0.0001 0.0000 0.0000 0.0000 0.0000 -0.0013 -0.0008 0.0000 -0.0004 0.0001 0.0000 0.0000 0.0000 0.0000 0.0000 0.0000 0.0000 0.0002 0.0000 0.0000 -0.0006 0.0003 0.0000 0.0004 -0.0006 0.0000 0.0000 0.0001 0.0000 0.0000 0.0000 0.0000 -0.0010 -0.0002 0.0000 0.0002 30.0001 -0.0002 0.0005 -29.9998 0.0000 0.0000 0.0000 -10.9490 8.9886 3.0337 -10.9490 8.9886 3.0337 250.0710 90.0000 0.0000 -84.0738 74.4042 -87.8234 -13.6442 5.5944 -13.0390 0.0718 0.4080 0.5447 0.0000 -0.0001 0.0001 0.0000 0.0000 0.0000 0.0000 -0.0006 0.0003 0.0000 -0.0001 0.0001 0.0000 0.0000 0.0000 0.0000 0.0000 0.0000 0.0000 0.0007 0.0001 0.0000 -0.0011 0.0001 0.0000 -0.0008 0.0003 0.0000 0.0001 0.0000 0.0000 0.0000 0.0000 0.0000 -0.0009 0.0000 0.0000 0.0002 -29.9996 -0.0001 -0.0003 29.9996 0.0000 0.0000 0.0000 -2.5667 1.3588 177.2860 -0.0143 -5.9556 0.0835 -5.7605 68.3127 -0.1598 0.0000 25.3510 0.0000 -4.2067 -0.7170 178.5928 -0.0313 -9.9543 -0.0800 10.4570 69.2874 4.7866 0.0000 25.0216 -0.0001 
-7.5567 91.9880 4.2156 3.4981 -4.3750 0.5809 0.6644 2.6532 -1.2961 0.6649 2.6552 -1.2970 0.6663 2.6613 -1.2999 -4.2334 84.7531 -108.1203 81.8223 67.0734 78.2699 -0.5621 4.1177 12.6128 -0.0710 0.4746 -0.5458 0.0000 0.0000 0.0001 0.0000 0.0000 0.0000 0.0000 -0.0013 -0.0008 0.0000 -0.0004 0.0001 0.0000 0.0000 0.0000 0.0000 0.0000 0.0000 0.0000 0.0002 0.0000 0.0000 -0.0006 0.0003 0.0000 0.0004 -0.0006 0.0000 0.0000 0.0001 0.0000 0.0000 0.0000 0.0000 -0.0010 -0.0002 0.0000 0.0002 30.0001 -0.0001 0.0005 -29.9998 0.0000 0.0000 0.0000 -10.9608 8.9138 3.1130 -10.9608 8.9138 3.1129 250.0677 90.0000 0.0000 -84.0556 74.3917 -87.7447 -13.5918 5.5470 -12.8417 0.0709 0.4094 0.5402 0.0000 -0.0001 0.0001 0.0000 0.0000 0.0000 0.0000 -0.0006 0.0003 0.0000 -0.0001 0.0001 0.0000 0.0000 0.0000 0.0000 0.0000 0.0000 0.0000 0.0007 0.0001 0.0000 -0.0011 0.0001 0.0000 -0.0008 0.0003 0.0000 0.0001 0.0000 0.0000 0.0000 0.0000 0.0000 -0.0009 0.0000 0.0000 0.0002 -29.9996 -0.0001 -0.0003 29.9996 0.0000 0.0000 0.0000 -2.4629 1.3184 177.2789 -0.0164 -6.0906 0.0836 -5.7438 68.4144 -0.0645 0.0000 25.3510 0.0000 -4.2035 -0.6697 178.5836 -0.0317 -9.8533 -0.0800 10.2706 69.2569 4.7621 0.0000 25.0216 -0.0001 
-7.5493 91.9794 4.2337 3.3788 -4.3849 0.5555 0.6579 2.6287 -1.2694 0.6583 2.6306 -1.2703 0.6598 2.6367 -1.2732 -4.7844 84.7838 -108.6779 81.9894 67.0826 78.5439 -0.0407 3.5611 12.5588 -0.0691 0.4835 -0.5425 0.0000 0.0000 0.0001 0.0000 0.0000 0.0000 0.0000 -0.0013 -0.0008 0.0000 -0.0004 0.0001 0.0000 0.0000 0.0000 0.0000 0.0000 0.0000 0.0000 0.0002 0.0000 0.0000 -0.0006 0.0003 0.0000 0.0004 -0.0006 0.0000 0.0000 0.0001 0.0000 0.0000 0.0000 0.0000 -0.0010 -0.0002 0.0000 0.0002 30.0001 -0.0001 0.0005 -29.9998 0.0000 0.0000 0.0000 -10.9635 8.8390 3.1960 -10.9635 8.8390 3.1960 250.0718 90.0000 0.0000 -84.0099 74.4373 -87.6501 -13.5185 5.4979 -12.7136 0.0701 0.4099 0.5373 0.0000 -0.0001 0.0001 0.0000 0.0000 0.0000 0.0000 -0.0006 0.0003 0.0000 -0.0001 0.0001 0.0000 0.0000 0.0000 0.0000 0.0000 0.0000 0.0000 0.0007 0.0001 0.0000 -0.0011 0.0001 0.0000 -0.0008 0.0003 0.0000 0.0001 0.0000 0.0000 0.0000 0.0000 0.0000 -0.0009 0.0000 0.0000 0.0002 -29.9997 -0.0001 -0.0003 29.9996 0.0000 0.0000 0.0000 -2.3924 1.6216 177.2981 -0.0167 -5.5500 0.0836 -5.6070 68.1629 0.1242 0.0000 25.3510 0.0000 -4.2434 -0.1773 178.5997 -0.0291 -8.8950 -0.0805 9.9123 68.7989 4.5357 0.0000 25.2255 -0.0001 
-7.7478 94.5868 4.3957 3.3207 -4.4216 0.5107 0.6416 2.6201 -1.2425 0.6420 2.6219 -1.2433 0.6434 2.6280 -1.2462 -5.1789 84.8062 -109.0730 82.0194 67.1118 78.6689 0.4792 3.0000 12.5938 -0.0679 0.4946 -0.5410 0.0000 0.0000 0.0001 0.0000 0.0000 0.0000 0.0000 -0.0013 -0.0008 0.0000 -0.0004 0.0001 0.0000 0.0000 0.0000 0.0000 0.0000 0.0000 0.0000 0.0002 0.0000 0.0000 -0.0006 0.0003 0.0000 0.0004 -0.0006 0.0000 0.0000 0.0001 0.0000 0.0000 0.0000 0.0000 -0.0010 -0.0002 0.0000 0.0002 30.0001 -0.0001 0.0005 -29.9998 0.0000 0.0000 0.0000 -10.9611 8.7703 3.2749 -10.9611 8.7704 3.2749 250.0829 90.0000 0.0000 -83.9345 74.5271 -87.5373 -13.4894 5.4481 -12.6364 0.0696 0.4106 0.5357 0.0000 -0.0001 0.0001 0.0000 0.0000 0.0000 0.0000 -0.0006 0.0003 0.0000 -0.0001 0.0001 0.0000 0.0000 0.0000 0.0000 0.0000 0.0000 0.0000 0.0007 0.0001 0.0000 -0.0012 0.0001 0.0000 -0.0008 0.0003 0.0000 0.0001 0.0000 0.0000 0.0000 0.0000 0.0000 -0.0008 0.0000 0.0000 0.0002 -29.9997 -0.0001 -0.0003 29.9996 0.0000 0.0000 0.0000 -2.4341 4.4790 178.4019 0.0558 -3.6661 0.0810 -8.4843 68.9574 -2.9802 0.0000 25.3510 0.0000 -4.3161 0.5062 177.0191 -0.1879 -5.9615 -0.0730 12.5200 66.2537 7.5273 0.0000 25.0216 -0.0001 
-7.7478 94.5868 4.3957 3.3207 -4.4216 0.5107 0.6416 2.6201 -1.2425 0.6420 2.6219 -1.2433 0.6434 2.6280 -1.2462 -5.1789 84.8062 -109.0730 82.0194 67.1118 78.6689 0.4792 3.0000 12.5938 -0.0679 0.4946 -0.5410 0.0000 0.0000 0.0001 0.0000 0.0000 0.0000 0.0000 -0.0013 -0.0008 0.0000 -0.0004 0.0001 0.0000 0.0000 0.0000 0.0000 0.0000 0.0000 0.0000 0.0002 0.0000 0.0000 -0.0006 0.0003 0.0000 0.0004 -0.0006 0.0000 0.0000 0.0001 0.0000 0.0000 0.0000 0.0000 -0.0010 -0.0002 0.0000 0.0002 30.0001 -0.0001 0.0005 -29.9998 0.0000 0.0000 0.0000 -10.9611 8.7703 3.2749 -10.9611 8.7704 3.2749 250.0829 90.0000 0.0000 -83.9345 74.5271 -87.5373 -13.4894 5.4481 -12.6364 0.0696 0.4106 0.5357 0.0000 -0.0001 0.0001 0.0000 0.0000 0.0000 0.0000 -0.0006 0.0003 0.0000 -0.0001 0.0001 0.0000 0.0000 0.0000 0.0000 0.0000 0.0000 0.0000 0.0007 0.0001 0.0000 -0.0012 0.0001 0.0000 -0.0008 0.0003 0.0000 0.0001 0.0000 0.0000 0.0000 0.0000 0.0000 -0.0008 0.0000 0.0000 0.0002 -29.9997 -0.0001 -0.0003 29.9996 0.0000 0.0000 0.0000 -2.4341 4.4790 178.4019 0.0558 -3.6661 0.0810 -8.4843 68.9574 -2.9802 0.0000 25.3510 0.0000 -4.3161 0.5062 177.0191 -0.1879 -5.9615 -0.0730 12.5200 66.2537 7.5273 0.0000 25.3508 -0.0001 
-7.7478 94.5868 4.3957 3.3207 -4.4216 0.5107 0.6416 2.6201 -1.2425 0.6420 2.6219 -1.2433 0.6434 2.6280 -1.2462 -5.1789 84.8062 -109.0730 82.0194 67.1118 78.6689 0.4792 3.0000 12.5938 -0.0679 0.4946 -0.5410 0.0000 0.0000 0.0001 0.0000 0.0000 0.0000 0.0000 -0.0013 -0.0008 0.0000 -0.0004 0.0001 0.0000 0.0000 0.0000 0.0000 0.0000 0.0000 0.0000 0.0002 0.0000 0.0000 -0.0006 0.0003 0.0000 0.0004 -0.0006 0.0000 0.0000 0.0001 0.0000 0.0000 0.0000 0.0000 -0.0010 -0.0002 0.0000 0.0002 30.0001 -0.0001 0.0005 -29.9998 0.0000 0.0000 0.0000 -10.9611 8.7703 3.2749 -10.9611 8.7704 3.2749 250.0829 90.0000 0.0000 -83.9345 74.5271 -87.5373 -13.4894 5.4481 -12.6364 0.0696 0.4106 0.5357 0.0000 -0.0001 0.0001 0.0000 0.0000 0.0000 0.0000 -0.0006 0.0003 0.0000 -0.0001 0.0001 0.0000 0.0000 0.0000 0.0000 0.0000 0.0000 0.0000 0.0007 0.0001 0.0000 -0.0012 0.0001 0.0000 -0.0008 0.0003 0.0000 0.0001 0.0000 0.0000 0.0000 0.0000 0.0000 -0.0008 0.0000 0.0000 0.0002 -29.9997 -0.0001 -0.0003 29.9996 0.0000 0.0000 0.0000 -2.4341 4.4790 178.4019 0.0558 -3.6661 0.0810 -8.4843 68.9574 -2.9802 0.0000 25.3510 0.0000 -4.3161 0.5062 177.0191 -0.1879 -5.9615 -0.0730 12.5200 66.2537 7.5273 0.0000 25.3508 -0.0001 