HIERARCHY
ROOT Hips
{
  OFFSET 0.0000 92.1569 0.0000
  CHANNELS 6 Xposition Yposition Zposition Yrotation Xrotation Zrotation
  JOINT Spine
  {
    OFFSET 0.0000 12.8432 0.0000
    CHANNELS 3 Yrotation Xrotation Zrotation
    JOINT Spine1
    {
      OFFSET 0.0000 12.7668 0.0000
      CHANNELS 3 Yrotation Xrotation Zrotation
      JOINT Spine2
      {
        OFFSET 0.0000 12.9359 0.0000
        CHANNELS 3 Yrotation Xrotation Zrotation
        JOINT LeftShoulder
        {
          OFFSET 7.0928 10.5283 0.0000
          CHANNELS 3 Yrotation Xrotation Zrotation
          JOINT LeftArm
          {
            OFFSET 0.0000 13.4072 0.0000
            CHANNELS 3 Yrotation Xrotation Zrotation
            JOINT LeftForeArm
            {
              OFFSET -0.0001 23.6311 0.0000
              CHANNELS 3 Yrotation Xrotation Zrotation
              JOINT LeftHand
              {
                OFFSET 0.0000 26.0214 0.0000
                CHANNELS 3 Yrotation Xrotation Zrotation
                JOINT LeftHandIndex1
                {
                  OFFSET -2.3384 7.3717 0.0940
                  CHANNELS 3 Yrotation Xrotation Zrotation
                  JOINT LeftHandIndex2
                  {
                    OFFSET 0.0000 4.1821 0.0000
                    CHANNELS 3 Yrotation Xrotation Zrotation
                    JOINT LeftHandIndex3
                    {
                      OFFSET 0.0000 2.5729 0.0000
                      CHANNELS 3 Yrotation Xrotation Zrotation
                      End Site
                      {
                        OFFSET 0.0000 1.3566 0.0000
                      }
                    }
                  }
                }
                JOINT LeftHandMiddle1
                {
                  OFFSET -0.4976 7.4289 0.0940
                  CHANNELS 3 Yrotation Xrotation Zrotation
                  JOINT LeftHandMiddle2
                  {
                    OFFSET 0.0000 4.2934 0.0000
                    CHANNELS 3 Yrotation Xrotation Zrotation
                    JOINT LeftHandMiddle3
                    {
                      OFFSET 0.0000 2.8318 0.0000
                      CHANNELS 3 Yrotation Xrotation Zrotation
                      End Site
                      {
                        OFFSET 0.0000 1.4991 0.0000
                      }
                    }
                  }
                }
                JOINT LeftHandPinky1
                {
                  OFFSET 2.8640 6.4077 0.0941
                  CHANNELS 3 Yrotation Xrotation Zrotation
                  JOINT LeftHandPinky2
                  {
                    OFFSET 0.0000 3.2449 0.0000
                    CHANNELS 3 Yrotation Xrotation Zrotation
                    JOINT LeftHandPinky3
                    {
                      OFFSET 0.0000 2.0396 0.0000
                      CHANNELS 3 Yrotation Xrotation Zrotation
                      End Site
                      {
                        OFFSET 0.0000 1.1205 0.0000
                      }
                    }
                  }
                }
                JOINT LeftHandRing1
                {
                  OFFSET 1.3152 7.1278 0.0941
                  CHANNELS 3 Yrotation Xrotation Zrotation
                  JOINT LeftHandRing2
                  {
                    OFFSET 0.0000 4.0102 0.0000
                    CHANNELS 3 Yrotation Xrotation Zrotation
                    JOINT LeftHandRing3
                    {
                      OFFSET 0.0000 2.5863 0.0000
                      CHANNELS 3 Yrotation Xrotation Zrotation
                      End Site
                      {
                        OFFSET 0.0000 1.3500 0.0000
                      }
                    }
                  }
                }
                JOINT LeftHandThumb1
                {
                  OFFSET -2.5440 1.8982 0.0857
                  CHANNELS 3 Yrotation Xrotation Zrotation
                  JOINT LeftHandThumb2
                  {
                    OFFSET 0.0000 3.6174 0.0000
                    CHANNELS 3 Yrotation Xrotation Zrotation
                    JOINT LeftHandThumb3
                    {
                      OFFSET 0.0000 2.7456 0.0000
                      CHANNELS 3 Yrotation Xrotation Zrotation
                      End Site
                      {
                        OFFSET 0.0000 1.7295 0.0000
                      }
                    }
                  }
                }
              }
            }
          }
        }
        JOINT Neck
        {
          OFFSET 0.0000 18.3612 0.0000
          CHANNELS 3 Yrotation Xrotation Zrotation
          JOINT Head
          {
            OFFSET 0.0000 10.8799 0.0000
            CHANNELS 3 Yrotation Xrotation Zrotation
            End Site
            {
              OFFSET 0.0000 7.8269 0.0000
            }
          }
        }
        JOINT RightShoulder
        {
          OFFSET -7.0929 10.5283 0.0000
          CHANNELS 3 Yrotation Xrotation Zrotation
          JOINT RightArm
          {
            OFFSET 0.0000 13.4072 0.0000
            CHANNELS 3 Yrotation Xrotation Zrotation
            JOINT RightForeArm
            {
              OFFSET 0.0000 23.6311 0.0000
              CHANNELS 3 Yrotation Xrotation Zrotation
              JOINT RightHand
              {
                OFFSET -0.0001 26.0214 0.0000
                CHANNELS 3 Yrotation Xrotation Zrotation
                JOINT RightHandIndex1
                {
                  OFFSET 2.3384 7.3718 0.0941
                  CHANNELS 3 Yrotation Xrotation Zrotation
                  JOINT RightHandIndex2
                  {
                    OFFSET 0.0000 4.1821 0.0000
                    CHANNELS 3 Yrotation Xrotation Zrotation
                    JOINT RightHandIndex3
                    {
                      OFFSET 0.0000 2.5730 0.0000
                      CHANNELS 3 Yrotation Xrotation Zrotation
                      End Site
                      {
                        OFFSET 0.0000 1.3566 0.0000
                      }
                    }
                  }
                }
                JOINT RightHandMiddle1
                {
                  OFFSET 0.4976 7.4289 0.0941
                  CHANNELS 3 Yrotation Xrotation Zrotation
                  JOINT RightHandMiddle2
                  {
                    OFFSET 0.0000 4.2934 0.0000
                    CHANNELS 3 Yrotation Xrotation Zrotation
                    JOINT RightHandMiddle3
                    {
                      OFFSET 0.0000 2.8318 0.0000
                      CHANNELS 3 Yrotation Xrotation Zrotation
                      End Site
                      {
                        OFFSET 0.0000 1.4991 0.0000
                      }
                    }
                  }
                }
                JOINT RightHandPinky1
                {
                  OFFSET -2.8640 6.4077 0.0941
                  CHANNELS 3 Yrotation Xrotation Zrotation
                  JOINT RightHandPinky2
                  {
                    OFFSET 0.0000 3.2449 0.0000
                    CHANNELS 3 Yrotation Xrotation Zrotation
                    JOINT RightHandPinky3
                    {
                      OFFSET 0.0000 2.0397 0.0000
                      CHANNELS 3 Yrotation Xrotation Zrotation
                      End Site
                      {
                        OFFSET 0.0000 1.1205 0.0000
                      }
                    }
                  }
                }
                JOINT RightHandRing1
                {
                  OFFSET -1.3152 7.1278 0.0941
                  CHANNELS 3 Yrotation Xrotation Zrotation
                  JOINT RightHandRing2
                  {
                    OFFSET 0.0000 4.0102 0.0000
                    CHANNELS 3 Yrotation Xrotation Zrotation
                    JOINT RightHandRing3
                    {
                      OFFSET 0.0000 2.5863 0.0000
                      CHANNELS 3 Yrotation Xrotation Zrotation
                      End Site
                      {
                        OFFSET 0.0000 1.3500 0.0000
                      }
                    }
                  }
                }
                JOINT RightHandThumb1
                {
                  OFFSET 2.5440 1.8982 0.0856
                  CHANNELS 3 Yrotation Xrotation Zrotation
                  JOINT RightHandThumb2
                  {
                    OFFSET 0.0000 3.6173 0.0000
                    CHANNELS 3 Yrotation Xrotation Zrotation
                    JOINT RightHandThumb3
                    {
                      OFFSET 0.0000 2.7456 0.0000
                      CHANNELS 3 Yrotation Xrotation Zrotation
                      End Site
                      {
                        OFFSET 0.0000 1.7295 0.0000
                      }
                    }
                  }
                }
              }
            }
          }
        }
      }
    }
  }
  JOINT LeftUpLeg
  {
    OFFSET 7.9554 0.0000 0.0000
    CHANNELS 3 Yrotation Xrotation Zrotation
    JOINT LeftLeg
    {
      OFFSET 0.0000 42.3529 0.0000
      CHANNELS 3 Yrotation Xrotation Zrotation
      JOINT LeftFoot
      {
        OFFSET 0.0000 42.0403 0.0000
        CHANNELS 3 Yrotation Xrotation Zrotation
        JOINT LeftToe
        {
          OFFSET 0.0000 15.0850 0.0000
          CHANNELS 3 Yrotation Xrotation Zrotation
          End Site
          {
            OFFSET 0.0000 3.5000 0.0000
          }
        }
      }
    }
  }
  JOINT RightUpLeg
  {
    OFFSET -7.9554 0.0000 0.0000
    CHANNELS 3 Yrotation Xrotation Zrotation
    JOINT RightLeg
    {
      OFFSET 0.0000 42.3529 0.0000
      CHANNELS 3 Yrotation Xrotation Zrotation
      JOINT RightFoot
      {
        OFFSET 0.0000 42.0403 0.0000
        CHANNELS 3 Yrotation Xrotation Zrotation
        JOINT RightToe
        {
          OFFSET 0.0000 15.0850 0.0000
          CHANNELS 3 Yrotation Xrotation Zrotation
          End Site
          {
            OFFSET 0.0000 3.5000 0.0000
          }
        }
      }
    }
  }
}
MOTION
Frames: 495
Frame Time: 0.016667
0.0000 92.1569 0.0000 0.0000 0.0000 0.0000 0.0000 0.0000 0.0000 0.0000 0.0000 0.0000 0.0000 0.0000 0.0000 -270.0000 90.0000 0.0000 0.0000 0.0000 0.0000 0.0000 0.0000 0.0000 0.0000 0.0000 0.0000 0.0000 0.0000 0.0001 0.0000 0.0000 0.0000 0.0000 -0.0013 -0.0008 0.0000 -0.0004 0.0001 0.0000 0.0000 0.0000 0.0000 0.0000 0.0000 0.0000 0.0003 0.0000 0.0000 -0.0006 0.0003 0.0000 0.0004 -0.0006 0.0000 0.0000 0.0001 0.0000 0.0000 0.0000 0.0000 -0.0010 -0.0002 0.0000 0.0002 30.0001 -0.0001 0.0005 -29.9998 0.0000 0.0000 0.0000 0.0000 0.0000 0.0000 0.0000 0.0000 0.0000 270.0001 90.0000 0.0000 0.0000 0.0000 0.0000 0.0000 0.0000 0.0000 0.0000 0.0000 0.0000 0.0000 -0.0001 0.0001 0.0000 0.0000 0.0000 0.0000 -0.0006 0.0003 0.0000 -0.0001 0.0001 0.0000 0.0000 0.0000 0.0000 0.0000 0.0000 0.0000 0.0007 0.0001 0.0000 -0.0012 0.0001 0.0000 -0.0008 0.0003 0.0000 0.0001 0.0000 0.0000 0.0000 0.0000 0.0000 -0.0009 0.0000 0.0000 0.0002 -29.9997 -0.0001 -0.0003 29.9996 0.0000 0.0000 0.0000 0.0000 0.0000 179.9999 0.0000 0.0001 0.0826 -0.1744 64.6492 -0.1930 0.0000 25.3510 0.0000 0.0000 0.0000 180.0000 0.0000 0.0000 -0.0827 0.1745 64.6492 0.1931 0.0000 25.3508 -0.0001 
20.2492 92.0200 -44.3133 3.5554 -0.9933 -0.6393 1.8116 0.8582 0.3784 1.8122 0.8585 0.3786 1.8170 0.8608 0.3796 3.3394 87.2764 -101.6562 82.5886 74.2532 81.1184 7.8052 -0.7437 4.5472 -0.0187 0.5116 -0.3837 0.0000 0.0000 0.0001 0.0000 0.0000 0.0000 0.0000 -0.0013 -0.0008 0.0000 -0.0004 0.0001 0.0000 0.0000 0.0000 0.0000 0.0000 0.0000 0.0000 0.0002 0.0000 0.0000 -0.0006 0.0003 0.0000 0.0004 -0.0006 0.0000 0.0000 0.0001 0.0000 0.0000 0.0000 0.0000 -0.0010 -0.0002 0.0000 0.0002 30.0001 -0.0001 0.0005 -29.9998 0.0000 0.0000 0.0000 -2.5271 -0.0673 0.1806 -2.5271 -0.0673 0.1806 14.4657 85.0779 125.2653 -63.0168 78.8150 -60.5959 -8.8593 0.3153 -8.0690 0.0335 0.4498 0.5053 0.0000 -0.0001 0.0001 0.0000 0.0000 0.0000 0.0000 -0.0006 0.0003 0.0000 -0.0001 0.0001 0.0000 0.0000 0.0000 0.0000 0.0000 0.0000 0.0000 0.0007 0.0001 0.0000 -0.0012 0.0001 0.0000 -0.0008 0.0003 0.0000 0.0001 0.0000 0.0000 0.0000 0.0000 0.0000 -0.0008 0.0000 0.0000 0.0002 -29.9997 -0.0001 -0.0003 29.9996 0.0000 0.0000 0.0000 -1.3548 6.4352 -178.3129 0.0000 0.0000 0.0828 -12.4851 70.4970 -1.1321 0.0000 25.3510 0.0000 1.4775 -0.8269 -179.1942 0.0309 -6.4291 -0.0844 5.1130 70.2323 -3.6616 0.0000 25.3508 -0.0001 
20.2442 92.0226 -44.3169 3.5611 -0.9910 -0.6353 1.8097 0.8627 0.3751 1.8103 0.8630 0.3752 1.8151 0.8653 0.3763 3.3081 87.2602 -101.6925 82.5577 74.2555 81.0857 7.8016 -0.7398 4.5465 -0.0187 0.5117 -0.3842 0.0000 0.0000 0.0001 0.0000 0.0000 0.0000 0.0000 -0.0013 -0.0008 0.0000 -0.0004 0.0001 0.0000 0.0000 0.0000 0.0000 0.0000 0.0000 0.0000 0.0002 0.0000 0.0000 -0.0006 0.0003 0.0000 0.0004 -0.0006 0.0000 0.0000 0.0001 0.0000 0.0000 0.0000 0.0000 -0.0010 -0.0002 0.0000 0.0002 30.0001 -0.0001 0.0005 -29.9998 0.0000 0.0000 0.0000 -2.5286 -0.0844 0.1772 -2.5286 -0.0844 0.1772 14.5676 85.0670 125.3686 -63.0085 78.8029 -60.5991 -8.8591 0.3192 -8.0705 0.0336 0.4499 0.5060 0.0000 -0.0001 0.0001 0.0000 0.0000 0.0000 0.0000 -0.0006 0.0003 0.0000 -0.0001 0.0001 0.0000 0.0000 0.0000 0.0000 0.0000 0.0000 0.0000 0.0007 0.0001 0.0000 -0.0011 0.0001 0.0000 -0.0008 0.0003 0.0000 0.0001 0.0000 0.0000 0.0000 0.0000 0.0000 -0.0009 0.0000 0.0000 0.0002 -29.9996 -0.0001 -0.0003 29.9996 0.0000 0.0000 0.0000 -1.3613 6.4296 -178.3138 0.0000 0.0000 0.0828 -12.4940 70.4926 -1.1405 0.0000 25.3511 0.0000 1.4920 -0.8368 -179.1915 0.0312 -6.4380 -0.0845 5.1192 70.2325 -3.6709 0.0000 25.3508 -0.0001 
20.2394 92.0231 -44.3179 3.5685 -0.9897 -0.6308 1.8082 0.8681 0.3712 1.8087 0.8684 0.3713 1.8136 0.8707 0.3723 3.2317 87.2367 -101.7696 82.5139 74.2560 81.0394 7.8036 -0.7367 4.5452 -0.0187 0.5121 -0.3847 0.0000 0.0000 0.0001 0.0000 0.0000 0.0000 0.0000 -0.0013 -0.0008 0.0000 -0.0004 0.0001 0.0000 0.0000 0.0000 0.0000 0.0000 0.0000 0.0000 0.0002 0.0000 0.0000 -0.0006 0.0003 0.0000 0.0004 -0.0006 0.0000 0.0000 0.0001 0.0000 0.0000 0.0000 0.0000 -0.0010 -0.0002 0.0000 0.0002 30.0001 -0.0001 0.0005 -29.9998 0.0000 0.0000 0.0000 -2.5310 -0.1014 0.1731 -2.5310 -0.1014 0.1731 14.6755 85.0517 125.4769 -63.0052 78.7895 -60.6025 -8.8607 0.3237 -8.0726 0.0335 0.4494 0.5060 0.0000 -0.0001 0.0001 0.0000 0.0000 0.0000 0.0000 -0.0006 0.0003 0.0000 -0.0001 0.0001 0.0000 0.0000 0.0000 0.0000 0.0000 0.0000 0.0000 0.0007 0.0001 0.0000 -0.0012 0.0001 0.0000 -0.0008 0.0003 0.0000 0.0001 0.0000 0.0000 0.0000 0.0000 0.0000 -0.0008 0.0000 0.0000 0.0002 -29.9996 -0.0001 -0.0003 29.9996 0.0000 0.0000 0.0000 -1.3693 6.4184 -178.3150 0.0006 -0.0163 0.0828 -12.5113 70.4972 -1.1576 0.0000 25.3510 0.0000 1.5063 -0.8338 -179.1830 0.0322 -6.4324 -0.0845 5.1078 70.2299 -3.6992 0.0000 25.3508 -0.0001 
20.2361 92.0245 -44.3185 3.5747 -0.9908 -0.6264 1.8078 0.8732 0.3674 1.8084 0.8735 0.3676 1.8132 0.8758 0.3686 3.1109 87.2092 -101.8895 82.4688 74.2514 80.9893 7.8053 -0.7346 4.5402 -0.0187 0.5122 -0.3850 0.0000 0.0000 0.0001 0.0000 0.0000 0.0000 0.0000 -0.0013 -0.0008 0.0000 -0.0004 0.0001 0.0000 0.0000 0.0000 0.0000 0.0000 0.0000 0.0000 0.0002 0.0000 0.0000 -0.0006 0.0003 0.0000 0.0004 -0.0006 0.0000 0.0000 0.0001 0.0000 0.0000 0.0000 0.0000 -0.0010 -0.0002 0.0000 0.0002 30.0001 -0.0001 0.0005 -29.9998 0.0000 0.0000 0.0000 -2.5341 -0.1123 0.1695 -2.5341 -0.1123 0.1695 14.7617 85.0346 125.5602 -62.9963 78.7801 -60.5888 -8.8707 0.3287 -8.0779 0.0336 0.4492 0.5062 0.0000 -0.0001 0.0001 0.0000 0.0000 0.0000 0.0000 -0.0006 0.0003 0.0000 -0.0001 0.0001 0.0000 0.0000 0.0000 0.0000 0.0000 0.0000 0.0000 0.0007 0.0001 0.0000 -0.0012 0.0001 0.0000 -0.0008 0.0003 0.0000 0.0001 0.0000 0.0000 0.0000 0.0000 0.0000 -0.0009 0.0000 0.0000 0.0002 -29.9996 -0.0001 -0.0003 29.9996 0.0000 0.0000 0.0000 -1.3755 6.4264 -178.3171 0.0000 0.0001 0.0828 -12.5159 70.4857 -1.1631 0.0000 25.3510 0.0000 1.5166 -0.8173 -179.1715 0.0335 -6.4141 -0.0846 5.0799 70.2260 -3.7392 0.0000 25.3508 -0.0001 
20.2343 92.0269 -44.3183 3.5804 -0.9925 -0.6220 1.8080 0.8782 0.3638 1.8086 0.8785 0.3639 1.8134 0.8808 0.3649 2.9210 87.1676 -102.0757 82.4150 74.2428 80.9202 7.8101 -0.7326 4.5334 -0.0187 0.5128 -0.3857 0.0000 0.0000 0.0001 0.0000 0.0000 0.0000 0.0000 -0.0013 -0.0008 0.0000 -0.0004 0.0001 0.0000 0.0000 0.0000 0.0000 0.0000 0.0000 0.0000 0.0002 0.0000 0.0000 -0.0006 0.0003 0.0000 0.0004 -0.0006 0.0000 0.0000 0.0001 0.0000 0.0000 0.0000 0.0000 -0.0010 -0.0002 0.0000 0.0002 30.0001 -0.0001 0.0005 -29.9998 0.0000 0.0000 0.0000 -2.5379 -0.1185 0.1649 -2.5379 -0.1185 0.1649 14.8232 85.0122 125.6163 -62.9669 78.7748 -60.5422 -8.8903 0.3352 -8.0877 0.0336 0.4490 0.5060 0.0000 -0.0001 0.0001 0.0000 0.0000 0.0000 0.0000 -0.0006 0.0003 0.0000 -0.0001 0.0001 0.0000 0.0000 0.0000 0.0000 0.0000 0.0000 0.0000 0.0007 0.0001 0.0000 -0.0011 0.0001 0.0000 -0.0008 0.0003 0.0000 0.0001 0.0000 0.0000 0.0000 0.0000 0.0000 -0.0009 0.0000 0.0000 0.0002 -29.9996 -0.0001 -0.0002 29.9996 0.0000 0.0000 0.0000 -1.3793 6.4272 -178.3199 0.0000 0.0001 0.0828 -12.5218 70.4825 -1.1718 0.0000 25.3511 0.0000 1.5212 -0.7910 -179.1584 0.0351 -6.3871 -0.0847 5.0399 70.2230 -3.7851 0.0000 25.3508 -0.0001 
20.2339 92.0301 -44.3166 3.5846 -0.9943 -0.6184 1.8084 0.8852 0.3601 1.8089 0.8855 0.3602 1.8138 0.8879 0.3613 2.5971 87.0987 -102.3949 82.3286 74.2304 80.7981 7.8240 -0.7265 4.5268 -0.0187 0.5135 -0.3863 0.0000 0.0000 0.0001 0.0000 0.0000 0.0000 0.0000 -0.0013 -0.0008 0.0000 -0.0004 0.0001 0.0000 0.0000 0.0000 0.0000 0.0000 0.0000 0.0000 0.0002 0.0000 0.0000 -0.0006 0.0003 0.0000 0.0004 -0.0006 0.0000 0.0000 0.0001 0.0000 0.0000 0.0000 0.0000 -0.0010 -0.0002 0.0000 0.0002 30.0001 -0.0001 0.0005 -29.9998 0.0000 0.0000 0.0000 -2.5423 -0.1225 0.1587 -2.5423 -0.1225 0.1587 14.8339 84.9769 125.6173 -62.8998 78.7713 -60.4427 -8.9271 0.3466 -8.1043 0.0337 0.4490 0.5060 0.0000 -0.0001 0.0001 0.0000 0.0000 0.0000 0.0000 -0.0006 0.0003 0.0000 -0.0001 0.0001 0.0000 0.0000 0.0000 0.0000 0.0000 0.0000 0.0000 0.0007 0.0001 0.0000 -0.0012 0.0001 0.0000 -0.0008 0.0003 0.0000 0.0001 0.0000 0.0000 0.0000 0.0000 0.0000 -0.0009 0.0000 0.0000 0.0002 -29.9997 -0.0001 -0.0003 29.9996 0.0000 0.0000 0.0000 -1.3789 6.4291 -178.3227 0.0000 0.0000 0.0828 -12.5230 70.4799 -1.1779 0.0000 25.3510 0.0000 1.5219 -0.7594 -179.1521 0.0358 -6.3473 -0.0847 5.0125 70.2117 -3.8114 0.0000 25.3508 -0.0001 
20.2326 92.0337 -44.3147 3.5880 -0.9967 -0.6149 1.8087 0.8966 0.3556 1.8093 0.8970 0.3557 1.8142 0.8994 0.3567 2.1343 87.0065 -102.8421 82.1785 74.2166 80.5991 7.8491 -0.7122 4.5275 -0.0188 0.5144 -0.3871 0.0000 0.0000 0.0001 0.0000 0.0000 0.0000 0.0000 -0.0013 -0.0008 0.0000 -0.0004 0.0001 0.0000 0.0000 0.0000 0.0000 0.0000 0.0000 0.0000 0.0002 0.0000 0.0000 -0.0006 0.0003 0.0000 0.0004 -0.0006 0.0000 0.0000 0.0001 0.0000 0.0000 0.0000 0.0000 -0.0010 -0.0002 0.0000 0.0002 30.0001 -0.0001 0.0005 -29.9998 0.0000 0.0000 0.0000 -2.5463 -0.1307 0.1541 -2.5463 -0.1307 0.1541 14.8688 84.9314 125.6369 -62.7985 78.7619 -60.3050 -8.9764 0.3642 -8.1283 0.0339 0.4491 0.5059 0.0000 -0.0001 0.0001 0.0000 0.0000 0.0000 0.0000 -0.0006 0.0003 0.0000 -0.0001 0.0001 0.0000 0.0000 0.0000 0.0000 0.0000 0.0000 0.0000 0.0007 0.0001 0.0000 -0.0012 0.0001 0.0000 -0.0008 0.0003 0.0000 0.0001 0.0000 0.0000 0.0000 0.0000 0.0000 -0.0009 0.0000 0.0000 0.0002 -29.9997 -0.0001 -0.0003 29.9996 0.0000 0.0000 0.0000 -1.3772 6.4316 -178.3247 0.0000 0.0000 0.0828 -12.5247 70.4768 -1.1853 0.0000 25.3510 0.0000 1.5219 -0.7215 -179.1501 0.0359 -6.2880 -0.0847 4.9923 70.1861 -3.8280 0.0000 25.3508 -0.0001 
20.2299 92.0374 -44.3140 3.5916 -0.9993 -0.6111 1.8079 0.9112 0.3503 1.8085 0.9115 0.3504 1.8134 0.9140 0.3514 1.5404 86.8976 -103.4075 81.9618 74.1958 80.3213 7.8914 -0.6902 4.5408 -0.0190 0.5153 -0.3875 0.0000 0.0000 0.0001 0.0000 0.0000 0.0000 0.0000 -0.0013 -0.0008 0.0000 -0.0004 0.0001 0.0000 0.0000 0.0000 0.0000 0.0000 0.0000 0.0000 0.0002 0.0000 0.0000 -0.0006 0.0003 0.0000 0.0004 -0.0006 0.0000 0.0000 0.0001 0.0000 0.0000 0.0000 0.0000 -0.0010 -0.0002 0.0000 0.0002 30.0001 -0.0001 0.0005 -29.9998 0.0000 0.0000 0.0000 -2.5483 -0.1418 0.1511 -2.5483 -0.1418 0.1511 15.0011 84.8806 125.7389 -62.6326 78.7444 -60.0992 -9.0370 0.3884 -8.1656 0.0342 0.4495 0.5059 0.0000 -0.0001 0.0001 0.0000 0.0000 0.0000 0.0000 -0.0006 0.0003 0.0000 -0.0001 0.0001 0.0000 0.0000 0.0000 0.0000 0.0000 0.0000 0.0000 0.0007 0.0001 0.0000 -0.0012 0.0001 0.0000 -0.0008 0.0003 0.0000 0.0001 0.0000 0.0000 0.0000 0.0000 0.0000 -0.0009 0.0000 0.0000 0.0002 -29.9997 -0.0001 -0.0003 29.9996 0.0000 0.0000 0.0000 -1.3762 6.4334 -178.3261 0.0000 0.0000 0.0828 -12.5274 70.4725 -1.1935 0.0000 25.3510 0.0000 1.5218 -0.6780 -179.1513 0.0355 -6.2081 -0.0846 4.9769 70.1457 -3.8394 0.0000 25.3508 -0.0001 
20.2255 92.0416 -44.3159 3.5964 -1.0017 -0.6070 1.8029 0.9278 0.3449 1.8035 0.9282 0.3451 1.8083 0.9307 0.3460 0.7945 86.7763 -104.1115 81.6534 74.1369 79.9408 7.9766 -0.6592 4.5770 -0.0193 0.5175 -0.3875 0.0000 0.0000 0.0001 0.0000 0.0000 0.0000 0.0000 -0.0013 -0.0008 0.0000 -0.0004 0.0001 0.0000 0.0000 0.0000 0.0000 0.0000 0.0000 0.0000 0.0002 0.0000 0.0000 -0.0006 0.0003 0.0000 0.0004 -0.0006 0.0000 0.0000 0.0001 0.0000 0.0000 0.0000 0.0000 -0.0010 -0.0002 0.0000 0.0003 30.0001 -0.0001 0.0005 -29.9998 0.0000 0.0000 0.0000 -2.5447 -0.1521 0.1491 -2.5447 -0.1521 0.1491 15.3170 84.8220 125.9863 -62.3384 78.7084 -59.7516 -9.1160 0.4227 -8.2327 0.0346 0.4505 0.5054 0.0000 -0.0001 0.0001 0.0000 0.0000 0.0000 0.0000 -0.0006 0.0003 0.0000 -0.0001 0.0001 0.0000 0.0000 0.0000 0.0000 0.0000 0.0000 0.0000 0.0007 0.0001 0.0000 -0.0012 0.0001 0.0000 -0.0008 0.0003 0.0000 0.0001 0.0000 0.0000 0.0000 0.0000 0.0000 -0.0009 0.0000 0.0000 0.0002 -29.9996 -0.0001 -0.0003 29.9996 0.0000 0.0000 0.0000 -1.3785 6.4334 -178.3270 0.0000 0.0000 0.0828 -12.5330 70.4662 -1.2027 0.0000 25.3510 0.0000 1.5251 -0.6242 -179.1522 0.0349 -6.1030 -0.0846 4.9619 70.0906 -3.8556 0.0000 25.3508 -0.0001 
20.2211 92.0463 -44.3193 3.6028 -1.0044 -0.6027 1.7960 0.9451 0.3398 1.7965 0.9455 0.3399 1.8014 0.9480 0.3408 0.0296 86.6565 -104.8218 81.2886 74.0155 79.5049 8.1108 -0.6243 4.6352 -0.0198 0.5211 -0.3868 0.0000 0.0000 0.0001 0.0000 0.0000 0.0000 0.0000 -0.0013 -0.0008 0.0000 -0.0004 0.0001 0.0000 0.0000 0.0000 0.0000 0.0000 0.0000 0.0000 0.0002 0.0000 0.0000 -0.0006 0.0003 0.0000 0.0004 -0.0006 0.0000 0.0000 0.0001 0.0000 0.0000 0.0000 0.0000 -0.0010 -0.0002 0.0000 0.0002 30.0001 -0.0001 0.0005 -29.9998 0.0000 0.0000 0.0000 -2.5394 -0.1571 0.1481 -2.5394 -0.1571 0.1481 15.7415 84.7530 126.3192 -61.9635 78.6388 -59.3018 -9.2074 0.4675 -8.3322 0.0353 0.4518 0.5042 0.0000 -0.0001 0.0001 0.0000 0.0000 0.0000 0.0000 -0.0006 0.0003 0.0000 -0.0001 0.0001 0.0000 0.0000 0.0000 0.0000 0.0000 0.0000 0.0000 0.0007 0.0001 0.0000 -0.0011 0.0001 0.0000 -0.0008 0.0003 0.0000 0.0001 0.0000 0.0000 0.0000 0.0000 0.0000 -0.0009 0.0000 0.0000 0.0002 -29.9996 -0.0001 -0.0003 29.9996 0.0000 0.0000 0.0000 -1.3824 6.4078 -178.3282 0.0018 -0.0487 0.0828 -12.5540 70.4824 -1.2274 0.0000 25.3510 0.0000 1.5316 -0.5656 -179.1530 0.0342 -5.9868 -0.0845 4.9494 70.0287 -3.8748 0.0000 25.3508 -0.0001 
20.2164 92.0518 -44.3227 3.6103 -1.0078 -0.5973 1.7893 0.9629 0.3343 1.7899 0.9633 0.3344 1.7947 0.9659 0.3354 -0.7353 86.5450 -105.5147 80.8601 73.8344 79.0075 8.2944 -0.5864 4.7222 -0.0205 0.5261 -0.3851 0.0000 0.0000 0.0001 0.0000 0.0000 0.0000 0.0000 -0.0013 -0.0008 0.0000 -0.0004 0.0001 0.0000 0.0000 0.0000 0.0000 0.0000 0.0000 0.0000 0.0002 0.0000 0.0000 -0.0006 0.0003 0.0000 0.0004 -0.0006 0.0000 0.0000 0.0001 0.0000 0.0000 0.0000 0.0000 -0.0010 -0.0002 0.0000 0.0003 30.0001 -0.0001 0.0005 -29.9998 0.0000 0.0000 0.0000 -2.5365 -0.1565 0.1475 -2.5365 -0.1565 0.1475 16.2260 84.6735 126.6994 -61.5108 78.5366 -58.7500 -9.3120 0.5242 -8.4691 0.0362 0.4540 0.5029 0.0000 -0.0001 0.0001 0.0000 0.0000 0.0000 0.0000 -0.0006 0.0003 0.0000 -0.0001 0.0001 0.0000 0.0000 0.0000 0.0000 0.0000 0.0000 0.0000 0.0007 0.0001 0.0000 -0.0011 0.0001 0.0000 -0.0008 0.0003 0.0000 0.0001 0.0000 0.0000 0.0000 0.0000 0.0000 -0.0009 0.0000 0.0000 0.0002 -29.9996 -0.0001 -0.0003 29.9996 0.0000 0.0000 0.0000 -1.3863 6.4235 -178.3302 0.0006 -0.0163 0.0828 -12.5466 70.4591 -1.2255 0.0000 25.3510 0.0000 1.5380 -0.5024 -179.1547 0.0333 -5.8629 -0.0844 4.9362 69.9630 -3.8963 0.0000 25.3508 -0.0001 
20.2105 92.0580 -44.3243 3.6166 -1.0110 -0.5899 1.7844 0.9807 0.3285 1.7850 0.9810 0.3286 1.7898 0.9836 0.3295 -1.4705 86.4290 -106.1490 80.3201 73.5798 78.3733 8.5502 -0.5418 4.8707 -0.0216 0.5334 -0.3820 0.0000 0.0000 0.0001 0.0000 0.0000 0.0000 0.0000 -0.0013 -0.0008 0.0000 -0.0004 0.0001 0.0000 0.0000 0.0000 0.0000 0.0000 0.0000 0.0000 0.0002 0.0000 0.0000 -0.0006 0.0003 0.0000 0.0004 -0.0006 0.0000 0.0000 0.0001 0.0000 0.0000 0.0000 0.0000 -0.0010 -0.0002 0.0000 0.0002 30.0001 -0.0001 0.0005 -29.9998 0.0000 0.0000 0.0000 -2.5400 -0.1442 0.1434 -2.5400 -0.1442 0.1434 16.7215 84.5669 127.0693 -60.8404 78.4030 -57.9214 -9.4569 0.6076 -8.6794 0.0375 0.4571 0.5008 0.0000 -0.0001 0.0001 0.0000 0.0000 0.0000 0.0000 -0.0006 0.0003 0.0000 -0.0001 0.0001 0.0000 0.0000 0.0000 0.0000 0.0000 0.0000 0.0000 0.0007 0.0001 0.0000 -0.0012 0.0001 0.0000 -0.0008 0.0003 0.0000 0.0001 0.0000 0.0000 0.0000 0.0000 0.0000 -0.0009 0.0000 0.0000 0.0002 -29.9996 -0.0001 -0.0003 29.9996 0.0000 0.0000 0.0000 -1.3873 6.4320 -178.3331 0.0000 0.0001 0.0828 -12.5439 70.4455 -1.2296 0.0000 25.3510 0.0000 1.5395 -0.4348 -179.1576 0.0326 -5.7325 -0.0843 4.9141 69.8953 -3.9214 0.0000 25.3508 -0.0001 
20.2034 92.0642 -44.3228 3.6165 -1.0133 -0.5820 1.7811 0.9991 0.3233 1.7817 0.9995 0.3234 1.7865 1.0021 0.3243 -2.0499 86.2965 -106.6262 79.7252 73.2787 77.6407 8.8501 -0.4884 5.0885 -0.0232 0.5419 -0.3782 0.0000 0.0000 0.0001 0.0000 0.0000 0.0000 0.0000 -0.0013 -0.0008 0.0000 -0.0004 0.0001 0.0000 0.0000 0.0000 0.0000 0.0000 0.0000 0.0000 0.0002 0.0000 0.0000 -0.0006 0.0003 0.0000 0.0004 -0.0006 0.0000 0.0000 0.0001 0.0000 0.0000 0.0000 0.0000 -0.0010 -0.0002 0.0000 0.0002 30.0001 -0.0001 0.0005 -29.9998 0.0000 0.0000 0.0000 -2.5471 -0.1236 0.1313 -2.5471 -0.1236 0.1313 17.0687 84.4151 127.2751 -59.9161 78.2545 -56.7654 -9.6634 0.7305 -8.9676 0.0395 0.4613 0.4988 0.0000 -0.0001 0.0001 0.0000 0.0000 0.0000 0.0000 -0.0006 0.0003 0.0000 -0.0001 0.0001 0.0000 0.0000 0.0000 0.0000 0.0000 0.0000 0.0000 0.0007 0.0001 0.0000 -0.0011 0.0001 0.0000 -0.0008 0.0003 0.0000 0.0001 0.0000 0.0000 0.0000 0.0000 0.0000 -0.0009 0.0000 0.0000 0.0002 -29.9996 -0.0001 -0.0003 29.9996 0.0000 0.0000 0.0000 -1.3850 6.4341 -178.3361 0.0000 0.0000 0.0828 -12.5504 70.4436 -1.2387 0.0000 25.3510 0.0000 1.5397 -0.3644 -179.1606 0.0318 -5.5973 -0.0843 4.8832 69.8269 -3.9483 0.0000 25.3508 -0.0001 
20.1957 92.0703 -44.3190 3.6084 -1.0145 -0.5739 1.7814 1.0205 0.3185 1.7819 1.0209 0.3186 1.7867 1.0236 0.3195 -2.4797 86.1491 -106.9502 79.0662 72.9639 76.7999 9.1876 -0.4198 5.3928 -0.0252 0.5517 -0.3743 0.0000 0.0000 0.0001 0.0000 0.0000 0.0000 0.0000 -0.0013 -0.0008 0.0000 -0.0004 0.0001 0.0000 0.0000 0.0000 0.0000 0.0000 0.0000 0.0000 0.0002 0.0000 0.0000 -0.0006 0.0003 0.0000 0.0004 -0.0006 0.0000 0.0000 0.0001 0.0000 0.0000 0.0000 0.0000 -0.0010 -0.0002 0.0000 0.0002 30.0001 -0.0001 0.0005 -29.9998 0.0000 0.0000 0.0000 -2.5575 -0.1020 0.1130 -2.5575 -0.1020 0.1130 17.2241 84.2227 127.2886 -58.7913 78.0864 -55.3459 -9.9337 0.9039 -9.3370 0.0420 0.4658 0.4964 0.0000 -0.0001 0.0001 0.0000 0.0000 0.0000 0.0000 -0.0006 0.0003 0.0000 -0.0001 0.0001 0.0000 0.0000 0.0000 0.0000 0.0000 0.0000 0.0000 0.0007 0.0001 0.0000 -0.0012 0.0001 0.0000 -0.0008 0.0003 0.0000 0.0001 0.0000 0.0000 0.0000 0.0000 0.0000 -0.0008 0.0000 0.0000 0.0002 -29.9996 -0.0001 -0.0003 29.9996 0.0000 0.0000 0.0000 -1.3807 6.4379 -178.3394 0.0000 0.0000 0.0828 -12.5621 70.4448 -1.2469 0.0000 25.3510 0.0000 1.5416 -0.2918 -179.1633 0.0309 -5.4575 -0.0842 4.8462 69.7574 -3.9752 0.0000 25.3508 -0.0001 
20.1870 92.0760 -44.3141 3.5864 -1.0145 -0.5661 1.7877 1.0481 0.3133 1.7883 1.0485 0.3134 1.7930 1.0513 0.3143 -2.7234 85.9838 -107.0702 78.2021 72.6970 75.6696 9.6206 -0.3091 5.8901 -0.0284 0.5628 -0.3705 0.0000 0.0000 0.0001 0.0000 0.0000 0.0000 0.0000 -0.0013 -0.0008 0.0000 -0.0004 0.0001 0.0000 0.0000 0.0000 0.0000 0.0000 0.0000 0.0000 0.0002 0.0000 0.0000 -0.0006 0.0003 0.0000 0.0004 -0.0006 0.0000 0.0000 0.0001 0.0000 0.0000 0.0000 0.0000 -0.0010 -0.0002 0.0000 0.0002 30.0001 -0.0001 0.0005 -29.9998 0.0000 0.0000 0.0000 -2.5687 -0.0890 0.0893 -2.5687 -0.0890 0.0893 17.1588 83.9938 127.0812 -57.3563 77.8792 -53.5474 -10.2973 1.1731 -9.8453 0.0455 0.4716 0.4945 0.0000 -0.0001 0.0001 0.0000 0.0000 0.0000 0.0000 -0.0006 0.0003 0.0000 -0.0001 0.0001 0.0000 0.0000 0.0000 0.0000 0.0000 0.0000 0.0000 0.0007 0.0001 0.0000 -0.0012 0.0001 0.0000 -0.0008 0.0003 0.0000 0.0001 0.0000 0.0000 0.0000 0.0000 0.0000 -0.0009 0.0000 0.0000 0.0002 -29.9996 -0.0001 -0.0003 29.9996 0.0000 0.0000 0.0000 -1.3742 6.4427 -178.3433 0.0000 0.0001 0.0828 -12.5839 70.4485 -1.2537 0.0000 25.3510 0.0000 1.5490 -0.2176 -179.1656 0.0297 -5.3109 -0.0841 4.8008 69.6841 -4.0017 0.0000 25.3508 -0.0001 
20.1764 92.0817 -44.3102 3.5531 -1.0121 -0.5604 1.7948 1.0793 0.3081 1.7955 1.0798 0.3082 1.8002 1.0826 0.3091 -2.7625 85.7971 -106.9753 77.1197 72.4996 74.2184 10.2002 -0.1593 6.6084 -0.0329 0.5747 -0.3661 0.0000 0.0000 0.0001 0.0000 0.0000 0.0000 0.0000 -0.0013 -0.0008 0.0000 -0.0004 0.0001 0.0000 0.0000 0.0000 0.0000 0.0000 0.0000 0.0000 0.0002 0.0000 0.0000 -0.0006 0.0003 0.0000 0.0004 -0.0006 0.0000 0.0000 0.0001 0.0000 0.0000 0.0000 0.0000 -0.0010 -0.0002 0.0000 0.0002 30.0001 -0.0001 0.0005 -29.9998 0.0000 0.0000 0.0000 -2.5705 -0.0877 0.0664 -2.5705 -0.0877 0.0664 16.9822 83.7510 126.7480 -55.7177 77.6172 -51.5028 -10.7383 1.5280 -10.4860 0.0502 0.4790 0.4929 0.0000 -0.0001 0.0001 0.0000 0.0000 0.0000 0.0000 -0.0006 0.0003 0.0000 -0.0001 0.0001 0.0000 0.0000 0.0000 0.0000 0.0000 0.0000 0.0000 0.0007 0.0001 0.0000 -0.0011 0.0001 0.0000 -0.0008 0.0003 0.0000 0.0001 0.0000 0.0000 0.0000 0.0000 0.0000 -0.0009 0.0000 0.0000 0.0002 -29.9996 -0.0001 -0.0003 29.9996 0.0000 0.0000 0.0000 -1.3664 6.4212 -178.3446 0.0018 -0.0487 0.0828 -12.6350 70.4753 -1.2801 0.0000 25.3510 0.0000 1.5625 -0.1476 -179.1645 0.0287 -5.1639 -0.0840 4.7468 69.6088 -4.0318 0.0000 25.3508 -0.0001 
20.1636 92.0873 -44.3079 3.5124 -1.0068 -0.5572 1.7998 1.1118 0.3036 1.8004 1.1122 0.3037 1.8052 1.1152 0.3045 -2.6016 85.5950 -106.6862 75.8350 72.3449 72.4612 10.9401 0.0212 7.5570 -0.0389 0.5886 -0.3617 0.0000 0.0000 0.0001 0.0000 0.0000 0.0000 0.0000 -0.0013 -0.0008 0.0000 -0.0004 0.0001 0.0000 0.0000 0.0000 0.0000 0.0000 0.0000 0.0000 0.0002 0.0000 0.0000 -0.0006 0.0003 0.0000 0.0004 -0.0006 0.0000 0.0000 0.0001 0.0000 0.0000 0.0000 0.0000 -0.0010 -0.0002 0.0000 0.0002 30.0001 -0.0001 0.0005 -29.9998 0.0000 0.0000 0.0000 -2.5591 -0.0964 0.0465 -2.5591 -0.0964 0.0465 16.6823 83.5028 126.2843 -54.0213 77.3007 -49.3678 -11.2501 1.9426 -11.2558 0.0558 0.4876 0.4919 0.0000 -0.0001 0.0001 0.0000 0.0000 0.0000 0.0000 -0.0006 0.0003 0.0000 -0.0001 0.0001 0.0000 0.0000 0.0000 0.0000 0.0000 0.0000 0.0000 0.0007 0.0001 0.0000 -0.0012 0.0001 0.0000 -0.0008 0.0003 0.0000 0.0001 0.0000 0.0000 0.0000 0.0000 0.0000 -0.0009 0.0000 0.0000 0.0002 -29.9996 -0.0001 -0.0003 29.9996 0.0000 0.0000 0.0000 -1.3586 6.4453 -178.3425 0.0000 0.0001 0.0828 -12.6652 70.4531 -1.2795 0.0000 25.3510 0.0000 1.5808 -0.0805 -179.1595 0.0277 -5.0130 -0.0839 4.6863 69.5296 -4.0666 0.0000 25.3508 -0.0001 
20.1484 92.0927 -44.3080 3.4672 -0.9965 -0.5576 1.7999 1.1445 0.3002 1.8005 1.1450 0.3003 1.8053 1.1480 0.3012 -2.1881 85.3927 -106.1602 74.2398 72.2054 70.2656 11.9355 0.2420 8.8666 -0.0472 0.6048 -0.3560 0.0000 0.0000 0.0001 0.0000 0.0000 0.0000 0.0000 -0.0013 -0.0008 0.0000 -0.0004 0.0001 0.0000 0.0000 0.0000 0.0000 0.0000 0.0000 0.0000 0.0002 0.0000 0.0000 -0.0006 0.0003 0.0000 0.0004 -0.0006 0.0000 0.0000 0.0001 0.0000 0.0000 0.0000 0.0000 -0.0010 -0.0002 0.0000 0.0002 30.0001 -0.0001 0.0005 -29.9998 0.0000 0.0000 0.0000 -2.5286 -0.1220 0.0347 -2.5286 -0.1220 0.0347 16.1271 83.2614 125.5804 -52.1041 76.8755 -46.9331 -11.8277 2.4834 -12.3052 0.0635 0.4988 0.4920 0.0000 -0.0001 0.0001 0.0000 0.0000 0.0000 0.0000 -0.0006 0.0003 0.0000 -0.0001 0.0001 0.0000 0.0000 0.0000 0.0000 0.0000 0.0000 0.0000 0.0007 0.0001 0.0000 -0.0011 0.0001 0.0000 -0.0008 0.0003 0.0000 0.0001 0.0000 0.0000 0.0000 0.0000 0.0000 -0.0009 0.0000 0.0000 0.0002 -29.9996 -0.0001 -0.0002 29.9996 0.0000 0.0000 0.0000 -1.3488 6.4386 -178.3350 0.0000 0.0000 0.0828 -12.7216 70.4514 -1.3033 0.0000 25.3510 0.0000 1.6037 -0.0177 -179.1496 0.0267 -4.8557 -0.0838 4.6207 69.4452 -4.1076 0.0000 25.3508 -0.0001 
20.1322 92.0971 -44.3098 3.4245 -0.9822 -0.5595 1.7965 1.1776 0.2964 1.7971 1.1781 0.2965 1.8019 1.1812 0.2974 -1.5579 85.1850 -105.4245 72.4506 71.9939 67.7869 13.1129 0.4657 10.4814 -0.0577 0.6240 -0.3494 0.0000 0.0000 0.0001 0.0000 0.0000 0.0000 0.0000 -0.0013 -0.0008 0.0000 -0.0004 0.0001 0.0000 0.0000 0.0000 0.0000 0.0000 0.0000 0.0000 0.0002 0.0000 0.0000 -0.0006 0.0003 0.0000 0.0004 -0.0006 0.0000 0.0000 0.0001 0.0000 0.0000 0.0000 0.0000 -0.0010 -0.0002 0.0000 0.0002 30.0001 -0.0001 0.0005 -29.9998 0.0000 0.0000 0.0000 -2.4897 -0.1617 0.0304 -2.4897 -0.1617 0.0304 15.4379 83.0387 124.7681 -50.0339 76.3779 -44.2877 -12.3944 3.1210 -13.6231 0.0733 0.5111 0.4944 0.0000 -0.0001 0.0001 0.0000 0.0000 0.0000 0.0000 -0.0006 0.0003 0.0000 -0.0001 0.0001 0.0000 0.0000 0.0000 0.0000 0.0000 0.0000 0.0000 0.0007 0.0001 0.0000 -0.0012 0.0001 0.0000 -0.0008 0.0003 0.0000 0.0001 0.0000 0.0000 0.0000 0.0000 0.0000 -0.0009 0.0000 0.0000 0.0002 -29.9997 -0.0001 -0.0003 29.9996 0.0000 0.0000 0.0000 -1.3323 6.4263 -178.3241 0.0000 0.0000 0.0828 -12.7719 70.4472 -1.3300 0.0000 25.3510 0.0000 1.6253 0.0401 -179.1376 0.0257 -4.6985 -0.0838 4.5549 69.3602 -4.1515 0.0000 25.3508 -0.0001 
20.1151 92.1004 -44.3122 3.3868 -0.9652 -0.5608 1.7897 1.2107 0.2914 1.7904 1.2112 0.2915 1.7951 1.2144 0.2924 -0.7325 84.9667 -104.5050 70.5683 71.6593 65.1334 14.4073 0.6644 12.3705 -0.0706 0.6471 -0.3421 0.0000 0.0000 0.0001 0.0000 0.0000 0.0000 0.0000 -0.0013 -0.0008 0.0000 -0.0004 0.0001 0.0000 0.0000 0.0000 0.0000 0.0000 0.0000 0.0000 0.0002 0.0000 0.0000 -0.0006 0.0003 0.0000 0.0004 -0.0006 0.0000 0.0000 0.0001 0.0000 0.0000 0.0000 0.0000 -0.0010 -0.0002 0.0000 0.0002 30.0001 -0.0001 0.0005 -29.9998 0.0000 0.0000 0.0000 -2.4472 -0.2114 0.0319 -2.4472 -0.2114 0.0319 14.6872 82.8301 123.9146 -47.9796 75.8534 -41.6326 -12.9252 3.8085 -15.1500 0.0846 0.5239 0.5003 0.0000 -0.0001 0.0001 0.0000 0.0000 0.0000 0.0000 -0.0006 0.0003 0.0000 -0.0001 0.0001 0.0000 0.0000 0.0000 0.0000 0.0000 0.0000 0.0000 0.0007 0.0001 0.0000 -0.0012 0.0001 0.0000 -0.0008 0.0003 0.0000 0.0001 0.0000 0.0000 0.0000 0.0000 0.0000 -0.0009 0.0000 0.0000 0.0002 -29.9996 -0.0001 -0.0003 29.9996 0.0000 0.0000 0.0000 -1.3124 6.4104 -178.3123 0.0000 0.0001 0.0828 -12.8149 70.4420 -1.3570 0.0000 25.3510 0.0000 1.6420 0.0867 -179.1258 0.0249 -4.5589 -0.0837 4.4897 69.2849 -4.1962 0.0000 25.3508 -0.0001 
20.0971 92.1021 -44.3149 3.3564 -0.9464 -0.5592 1.7781 1.2435 0.2845 1.7787 1.2440 0.2846 1.7834 1.2472 0.2854 0.3643 84.7313 -103.3399 68.6480 71.0943 62.3305 15.7749 0.8383 14.6340 -0.0868 0.6749 -0.3337 0.0000 0.0000 0.0001 0.0000 0.0000 0.0000 0.0000 -0.0013 -0.0008 0.0000 -0.0004 0.0001 0.0000 0.0000 0.0000 0.0000 0.0000 0.0000 0.0000 0.0002 0.0000 0.0000 -0.0006 0.0003 0.0000 0.0004 -0.0006 0.0000 0.0000 0.0001 0.0000 0.0000 0.0000 0.0000 -0.0010 -0.0002 0.0000 0.0002 30.0001 -0.0001 0.0005 -29.9998 0.0000 0.0000 0.0000 -2.4020 -0.2728 0.0365 -2.4020 -0.2728 0.0365 13.7601 82.6316 122.9046 -45.5856 75.2985 -38.5441 -13.4554 4.6059 -17.0364 0.0988 0.5377 0.5107 0.0000 -0.0001 0.0001 0.0000 0.0000 0.0000 0.0000 -0.0006 0.0003 0.0000 -0.0001 0.0001 0.0000 0.0000 0.0000 0.0000 0.0000 0.0000 0.0000 0.0007 0.0001 0.0000 -0.0012 0.0001 0.0000 -0.0008 0.0003 0.0000 0.0001 0.0000 0.0000 0.0000 0.0000 0.0000 -0.0009 0.0000 0.0000 0.0002 -29.9996 -0.0001 -0.0003 29.9996 0.0000 0.0000 0.0000 -1.2920 6.3836 -178.3023 0.0006 -0.0163 0.0828 -12.8540 70.4448 -1.3866 0.0000 25.3510 0.0000 1.6476 0.0956 -179.1167 0.0246 -4.4926 -0.0837 4.4273 69.2479 -4.2357 0.0000 25.3508 -0.0001 
20.0798 92.1027 -44.3170 3.3281 -0.9298 -0.5550 1.7664 1.2769 0.2762 1.7671 1.2774 0.2763 1.7718 1.2808 0.2771 1.6241 84.4847 -102.0238 66.8284 70.3154 59.5593 17.0948 0.9625 17.1710 -0.1063 0.7074 -0.3252 0.0000 0.0000 0.0001 0.0000 0.0000 0.0000 0.0000 -0.0013 -0.0008 0.0000 -0.0004 0.0001 0.0000 0.0000 0.0000 0.0000 0.0000 0.0000 0.0000 0.0002 0.0000 0.0000 -0.0006 0.0003 0.0000 0.0004 -0.0006 0.0000 0.0000 0.0001 0.0000 0.0000 0.0000 0.0000 -0.0010 -0.0002 0.0000 0.0002 30.0001 -0.0001 0.0005 -29.9998 0.0000 0.0000 0.0000 -2.3594 -0.3406 0.0411 -2.3594 -0.3406 0.0411 12.7169 82.4338 121.7775 -42.8722 74.7065 -35.0514 -14.0393 5.4670 -19.2195 0.1160 0.5539 0.5249 0.0000 -0.0001 0.0001 0.0000 0.0000 0.0000 0.0000 -0.0006 0.0003 0.0000 -0.0001 0.0001 0.0000 0.0000 0.0000 0.0000 0.0000 0.0000 0.0000 0.0007 0.0001 0.0000 -0.0011 0.0001 0.0000 -0.0008 0.0003 0.0000 0.0001 0.0000 0.0000 0.0000 0.0000 0.0000 -0.0009 0.0000 0.0000 0.0002 -29.9996 -0.0001 -0.0003 29.9996 0.0000 0.0000 0.0000 -1.2752 6.3758 -178.2958 0.0000 0.0000 0.0828 -12.8803 70.4334 -1.4013 0.0000 25.3510 0.0000 1.6460 0.0667 -179.1107 0.0248 -4.5080 -0.0837 4.3694 69.2530 -4.2652 0.0000 25.3508 -0.0001 
20.0647 92.1023 -44.3187 3.2985 -0.9165 -0.5498 1.7580 1.3120 0.2671 1.7586 1.3125 0.2672 1.7633 1.3160 0.2680 3.0130 84.2250 -100.5823 65.2016 69.3497 56.9262 18.3345 1.0078 19.9350 -0.1291 0.7442 -0.3167 0.0000 0.0000 0.0001 0.0000 0.0000 0.0000 0.0000 -0.0013 -0.0008 0.0000 -0.0004 0.0001 0.0000 0.0000 0.0000 0.0000 0.0000 0.0000 0.0000 0.0002 0.0000 0.0000 -0.0006 0.0003 0.0000 0.0004 -0.0006 0.0000 0.0000 0.0001 0.0000 0.0000 0.0000 0.0000 -0.0010 -0.0002 0.0000 0.0003 30.0001 -0.0001 0.0005 -29.9998 0.0000 0.0000 0.0000 -2.3227 -0.4130 0.0458 -2.3227 -0.4130 0.0458 11.6428 82.2378 120.6159 -40.0361 74.0424 -31.3863 -14.6967 6.3586 -21.6388 0.1362 0.5731 0.5429 0.0000 -0.0001 0.0001 0.0000 0.0000 0.0000 0.0000 -0.0006 0.0003 0.0000 -0.0001 0.0001 0.0000 0.0000 0.0000 0.0000 0.0000 0.0000 0.0000 0.0007 0.0001 0.0000 -0.0011 0.0001 0.0000 -0.0008 0.0003 0.0000 0.0001 0.0000 0.0000 0.0000 0.0000 0.0000 -0.0009 0.0000 0.0000 0.0002 -29.9996 -0.0001 -0.0003 29.9996 0.0000 0.0000 0.0000 -1.2594 6.3636 -178.2921 0.0000 0.0001 0.0828 -12.9099 70.4314 -1.4166 0.0000 25.3510 0.0000 1.6433 0.0125 -179.1071 0.0254 -4.5811 -0.0837 4.3185 69.2875 -4.2837 0.0000 25.3508 -0.0001 
20.0544 92.1008 -44.3188 3.2636 -0.9063 -0.5448 1.7555 1.3477 0.2575 1.7561 1.3482 0.2576 1.7607 1.3517 0.2583 4.7009 83.9508 -98.8419 63.8161 68.1475 54.4524 19.4547 0.9691 22.9909 -0.1570 0.7879 -0.3078 0.0000 0.0000 0.0001 0.0000 0.0000 0.0000 0.0000 -0.0013 -0.0008 0.0000 -0.0004 0.0001 0.0000 0.0000 0.0000 0.0000 0.0000 0.0000 0.0000 0.0002 0.0000 0.0000 -0.0006 0.0003 0.0000 0.0004 -0.0006 0.0000 0.0000 0.0001 0.0000 0.0000 0.0000 0.0000 -0.0010 -0.0002 0.0000 0.0003 30.0001 -0.0001 0.0005 -29.9998 0.0000 0.0000 0.0000 -2.2941 -0.4875 0.0532 -2.2941 -0.4875 0.0532 10.4391 82.0365 119.2941 -37.3273 73.3015 -27.8243 -15.4827 7.1928 -24.2931 0.1599 0.5973 0.5649 0.0000 -0.0001 0.0001 0.0000 0.0000 0.0000 0.0000 -0.0007 0.0003 0.0000 -0.0001 0.0001 0.0000 0.0000 0.0000 0.0000 0.0000 0.0000 0.0000 0.0007 0.0001 0.0000 -0.0012 0.0001 0.0000 -0.0008 0.0003 0.0000 0.0001 0.0000 0.0000 0.0000 0.0000 0.0000 -0.0008 0.0000 0.0000 0.0002 -29.9996 -0.0001 -0.0003 29.9996 0.0000 0.0000 0.0000 -1.2389 6.3319 -178.2915 0.0019 -0.0487 0.0828 -12.9499 70.4567 -1.4413 0.0000 25.3510 0.0000 1.6453 -0.0515 -179.1065 0.0261 -4.6814 -0.0838 4.2800 69.3356 -4.2862 0.0000 25.3508 -0.0001 
20.0459 92.0983 -44.3185 3.2260 -0.8951 -0.5421 1.7557 1.3816 0.2491 1.7564 1.3822 0.2492 1.7610 1.3858 0.2499 6.6236 83.6577 -96.8652 62.6922 66.7952 52.1837 20.4856 0.8226 26.2195 -0.1897 0.8380 -0.2978 0.0000 0.0000 0.0001 0.0000 0.0000 0.0000 0.0000 -0.0013 -0.0008 0.0000 -0.0004 0.0001 0.0000 0.0000 0.0000 0.0000 0.0000 0.0000 0.0000 0.0002 0.0000 0.0000 -0.0006 0.0003 0.0000 0.0004 -0.0006 0.0000 0.0000 0.0001 0.0000 0.0000 0.0000 0.0000 -0.0010 -0.0002 0.0000 0.0002 30.0001 -0.0001 0.0005 -29.9998 0.0000 0.0000 0.0000 -2.2683 -0.5599 0.0645 -2.2683 -0.5599 0.0645 9.0017 81.8275 117.7096 -34.9968 72.3903 -24.5778 -16.4139 7.9417 -27.1796 0.1883 0.6304 0.5888 0.0000 -0.0001 0.0001 0.0000 0.0000 0.0000 0.0000 -0.0006 0.0003 0.0000 -0.0001 0.0001 0.0000 0.0000 0.0000 0.0000 0.0000 0.0000 0.0000 0.0007 0.0001 0.0000 -0.0011 0.0001 0.0000 -0.0008 0.0003 0.0000 0.0001 0.0000 0.0000 0.0000 0.0000 0.0000 -0.0009 0.0000 0.0000 0.0002 -29.9996 -0.0001 -0.0003 29.9996 0.0000 0.0000 0.0000 -1.2158 6.3488 -178.2894 0.0000 0.0000 0.0828 -12.9583 70.4362 -1.4361 0.0000 25.3510 0.0000 1.6522 -0.1089 -179.1047 0.0266 -4.7661 -0.0838 4.2467 69.3752 -4.2836 0.0000 25.3508 -0.0001 
20.0371 92.0950 -44.3192 3.1887 -0.8812 -0.5423 1.7591 1.4141 0.2422 1.7598 1.4147 0.2423 1.7644 1.4184 0.2430 8.7402 83.3439 -94.6854 61.8174 65.3570 50.1264 21.4440 0.5530 29.5533 -0.2274 0.8938 -0.2860 0.0000 0.0000 0.0001 0.0000 0.0000 0.0000 0.0000 -0.0013 -0.0008 0.0000 -0.0004 0.0001 0.0000 0.0000 0.0000 0.0000 0.0000 0.0000 0.0000 0.0002 0.0000 0.0000 -0.0006 0.0003 0.0000 0.0004 -0.0006 0.0000 0.0000 0.0001 0.0000 0.0000 0.0000 0.0000 -0.0010 -0.0002 0.0000 0.0002 30.0001 -0.0001 0.0005 -29.9998 0.0000 0.0000 0.0000 -2.2465 -0.6286 0.0804 -2.2465 -0.6286 0.0804 7.3866 81.6140 115.9305 -33.1993 71.3415 -21.8337 -17.4525 8.5390 -30.2317 0.2219 0.6731 0.6148 0.0000 -0.0001 0.0001 0.0000 0.0000 0.0000 0.0000 -0.0006 0.0003 0.0000 -0.0001 0.0001 0.0000 0.0000 0.0000 0.0000 0.0000 0.0000 0.0000 0.0007 0.0001 0.0000 -0.0012 0.0001 0.0000 -0.0008 0.0003 0.0000 0.0001 0.0000 0.0000 0.0000 0.0000 0.0000 -0.0009 0.0000 0.0000 0.0002 -29.9996 -0.0001 -0.0003 29.9996 0.0000 0.0000 0.0000 -1.1880 6.3136 -178.2835 0.0019 -0.0485 0.0828 -12.9987 70.4629 -1.4684 0.0000 25.3510 0.0000 1.6631 -0.1683 -179.0999 0.0272 -4.8475 -0.0839 4.2181 69.4116 -4.2794 0.0000 25.3508 -0.0001 
20.0250 92.0906 -44.3238 3.1600 -0.8621 -0.5453 1.7655 1.4458 0.2375 1.7662 1.4464 0.2376 1.7708 1.4501 0.2383 11.1786 82.9988 -92.1599 61.2164 63.9532 48.3641 22.3178 0.1762 32.8110 -0.2691 0.9539 -0.2727 0.0000 0.0000 0.0001 0.0000 0.0000 0.0000 0.0000 -0.0013 -0.0008 0.0000 -0.0004 0.0001 0.0000 0.0000 0.0000 0.0000 0.0000 0.0000 0.0000 0.0002 0.0000 0.0000 -0.0006 0.0003 0.0000 0.0004 -0.0006 0.0000 0.0000 0.0001 0.0000 0.0000 0.0000 0.0000 -0.0010 -0.0002 0.0000 0.0002 30.0001 -0.0001 0.0005 -29.9998 0.0000 0.0000 0.0000 -2.2311 -0.6907 0.1017 -2.2311 -0.6907 0.1017 5.5792 81.4038 113.9367 -32.1103 70.1438 -19.8065 -18.5848 8.8863 -33.4165 0.2617 0.7287 0.6415 0.0000 -0.0001 0.0001 0.0000 0.0000 0.0000 0.0000 -0.0006 0.0003 0.0000 -0.0001 0.0001 0.0000 0.0000 0.0000 0.0000 0.0000 0.0000 0.0000 0.0007 0.0001 0.0000 -0.0011 0.0001 0.0000 -0.0008 0.0003 0.0000 0.0001 0.0000 0.0000 0.0000 0.0000 0.0000 -0.0009 0.0000 0.0000 0.0002 -29.9997 -0.0001 -0.0003 29.9996 0.0000 0.0000 0.0000 -1.1607 6.3185 -178.2717 0.0000 0.0001 0.0828 -13.0066 70.4393 -1.4774 0.0000 25.3510 0.0000 1.6742 -0.2448 -179.0902 0.0280 -4.9484 -0.0839 4.1963 69.4550 -4.2767 0.0000 25.3508 -0.0001 
20.0109 92.0857 -44.3330 3.1464 -0.8392 -0.5486 1.7744 1.4790 0.2332 1.7751 1.4797 0.2333 1.7797 1.4835 0.2340 13.7911 82.6142 -89.4255 60.7080 62.5770 46.7157 23.1953 -0.2898 36.0382 -0.3160 1.0198 -0.2562 0.0000 0.0000 0.0001 0.0000 0.0000 0.0000 0.0000 -0.0013 -0.0008 0.0000 -0.0004 0.0001 0.0000 0.0000 0.0000 0.0000 0.0000 0.0000 0.0000 0.0002 0.0000 0.0000 -0.0006 0.0003 0.0000 0.0004 -0.0006 0.0000 0.0000 0.0001 0.0000 0.0000 0.0000 0.0000 -0.0010 -0.0002 0.0000 0.0003 30.0001 -0.0001 0.0005 -29.9998 0.0000 0.0000 0.0000 -2.2232 -0.7496 0.1258 -2.2232 -0.7496 0.1258 3.6800 81.2027 111.8388 -31.4877 68.8488 -18.2997 -19.7544 9.0312 -36.6333 0.3082 0.7961 0.6688 0.0000 -0.0001 0.0001 0.0000 0.0000 0.0000 0.0000 -0.0006 0.0003 0.0000 -0.0001 0.0001 0.0000 0.0000 0.0000 0.0000 0.0000 0.0000 0.0000 0.0007 0.0001 0.0000 -0.0012 0.0001 0.0000 -0.0008 0.0003 0.0000 0.0001 0.0000 0.0000 0.0000 0.0000 0.0000 -0.0009 0.0000 0.0000 0.0002 -29.9996 -0.0001 -0.0003 29.9996 0.0000 0.0000 0.0000 -1.1381 6.2906 -178.2573 0.0000 0.0001 0.0828 -13.0226 70.4345 -1.5047 0.0000 25.3510 0.0000 1.6791 -0.3439 -179.0790 0.0289 -5.0834 -0.0840 4.1841 69.5133 -4.2737 0.0000 25.3508 -0.0001 
19.9954 92.0804 -44.3455 3.1494 -0.8148 -0.5496 1.7858 1.5148 0.2282 1.7866 1.5155 0.2283 1.7912 1.5194 0.2289 16.4131 82.1890 -86.6434 60.1911 61.2396 45.1025 24.0833 -0.8151 39.2239 -0.3687 1.0915 -0.2361 0.0000 0.0000 0.0001 0.0000 0.0000 0.0000 0.0000 -0.0013 -0.0008 0.0000 -0.0004 0.0001 0.0000 0.0000 0.0000 0.0000 0.0000 0.0000 0.0000 0.0002 0.0000 0.0000 -0.0006 0.0003 0.0000 0.0004 -0.0006 0.0000 0.0000 0.0001 0.0000 0.0000 0.0000 0.0000 -0.0010 -0.0002 0.0000 0.0002 30.0001 -0.0001 0.0005 -29.9998 0.0000 0.0000 0.0000 -2.2237 -0.8072 0.1504 -2.2237 -0.8072 0.1504 1.7772 81.0141 109.7351 -31.0884 67.4826 -17.0991 -20.9613 9.0043 -39.8358 0.3623 0.8754 0.6964 0.0000 -0.0001 0.0001 0.0000 0.0000 0.0000 0.0000 -0.0006 0.0003 0.0000 -0.0001 0.0001 0.0000 0.0000 0.0000 0.0000 0.0000 0.0000 0.0000 0.0007 0.0001 0.0000 -0.0012 0.0001 0.0000 -0.0008 0.0003 0.0000 0.0001 0.0000 0.0000 0.0000 0.0000 0.0000 -0.0008 0.0000 0.0000 0.0002 -29.9996 -0.0001 -0.0003 29.9996 0.0000 0.0000 0.0000 -1.1260 6.2572 -178.2437 0.0000 0.0000 0.0828 -13.0332 70.4255 -1.5326 0.0000 25.3510 0.0000 1.6746 -0.4550 -179.0692 0.0300 -5.2376 -0.0841 4.1778 69.5803 -4.2726 0.0000 25.3508 -0.0001 
19.9797 92.0746 -44.3611 3.1723 -0.7916 -0.5465 1.8009 1.5548 0.2220 1.8017 1.5555 0.2221 1.8064 1.5595 0.2227 18.9564 81.7266 -83.8923 59.5011 60.0045 43.4297 25.0426 -1.3247 42.2989 -0.4272 1.1691 -0.2129 0.0000 0.0000 0.0001 0.0000 0.0000 0.0000 0.0000 -0.0013 -0.0008 0.0000 -0.0004 0.0001 0.0000 0.0000 0.0000 0.0000 0.0000 0.0000 0.0000 0.0002 0.0000 0.0000 -0.0006 0.0003 0.0000 0.0004 -0.0006 0.0000 0.0000 0.0001 0.0000 0.0000 0.0000 0.0000 -0.0010 -0.0002 0.0000 0.0003 30.0001 -0.0001 0.0005 -29.9998 0.0000 0.0000 0.0000 -2.2344 -0.8627 0.1715 -2.2344 -0.8627 0.1715 -0.1476 80.8825 107.6265 -30.6524 66.0403 -16.0502 -22.3066 8.8243 -42.9548 0.4250 0.9687 0.7214 0.0000 -0.0001 0.0001 0.0000 0.0000 0.0000 0.0000 -0.0006 0.0003 0.0000 -0.0001 0.0001 0.0000 0.0000 0.0000 0.0000 0.0000 0.0000 0.0000 0.0007 0.0001 0.0000 -0.0011 0.0001 0.0000 -0.0008 0.0003 0.0000 0.0002 0.0000 0.0000 0.0000 0.0000 0.0000 -0.0009 0.0000 0.0000 0.0002 -29.9997 -0.0001 -0.0003 29.9996 0.0000 0.0000 0.0000 -1.1256 6.2209 -178.2337 0.0000 0.0000 0.0828 -13.0328 70.4119 -1.5572 0.0000 25.3510 0.0000 1.6582 -0.5745 -179.0633 0.0313 -5.4113 -0.0842 4.1799 69.6556 -4.2709 0.0000 25.3508 -0.0001 
19.9662 92.0685 -44.3761 3.2042 -0.7729 -0.5393 1.8166 1.5972 0.2147 1.8174 1.5980 0.2148 1.8221 1.6021 0.2154 21.2497 81.2516 -81.3657 58.6476 58.8457 41.7139 26.0168 -1.7945 45.2626 -0.4913 1.2507 -0.1872 0.0000 0.0000 0.0001 0.0000 0.0000 0.0000 0.0000 -0.0013 -0.0008 0.0000 -0.0004 0.0001 0.0000 0.0000 0.0000 0.0000 0.0000 0.0000 0.0000 0.0002 -0.0001 0.0000 -0.0006 0.0003 0.0000 0.0004 -0.0006 0.0000 0.0000 0.0001 0.0000 0.0000 0.0000 0.0000 -0.0010 -0.0002 0.0000 0.0003 30.0001 -0.0001 0.0005 -29.9998 0.0000 0.0000 0.0000 -2.2468 -0.9139 0.1875 -2.2468 -0.9139 0.1875 -2.1030 80.7827 105.4893 -29.9952 64.5459 -14.9428 -23.7799 8.5742 -45.9738 0.4970 1.0745 0.7430 0.0000 -0.0001 0.0001 0.0000 0.0000 0.0000 0.0000 -0.0006 0.0003 0.0000 -0.0001 0.0001 0.0000 0.0000 0.0000 0.0000 0.0000 0.0000 0.0000 0.0007 0.0001 0.0000 -0.0011 0.0001 0.0000 -0.0008 0.0003 0.0000 0.0001 0.0000 0.0000 0.0000 0.0000 0.0000 -0.0009 0.0000 0.0000 0.0002 -29.9996 -0.0001 -0.0003 29.9996 0.0000 0.0000 0.0000 -1.1317 6.1884 -178.2291 0.0000 0.0000 0.0828 -13.0241 70.3974 -1.5753 0.0000 25.3510 0.0000 1.6365 -0.6924 -179.0627 0.0327 -5.5933 -0.0843 4.1914 69.7355 -4.2625 0.0000 25.3508 -0.0001 
19.9561 92.0624 -44.3883 3.2388 -0.7593 -0.5286 1.8326 1.6414 0.2064 1.8334 1.6422 0.2065 1.8381 1.6464 0.2071 23.2647 80.7698 -79.1027 57.6836 57.6923 39.9574 26.9740 -2.2370 48.1838 -0.5622 1.3369 -0.1576 0.0000 0.0000 0.0001 0.0000 0.0000 0.0000 0.0000 -0.0013 -0.0008 0.0000 -0.0004 0.0001 0.0000 0.0000 0.0000 0.0000 0.0000 0.0000 0.0000 0.0002 0.0000 0.0000 -0.0006 0.0003 0.0000 0.0004 -0.0006 0.0000 0.0000 0.0001 0.0000 0.0000 0.0000 0.0000 -0.0010 -0.0002 0.0000 0.0002 30.0001 -0.0001 0.0005 -29.9998 0.0000 0.0000 0.0000 -2.2586 -0.9609 0.1987 -2.2586 -0.9609 0.1987 -4.1706 80.7130 103.2398 -29.1708 63.0320 -13.8222 -25.3334 8.2886 -48.8953 0.5788 1.1913 0.7609 0.0000 -0.0001 0.0001 0.0000 0.0000 0.0000 0.0000 -0.0006 0.0003 0.0000 -0.0001 0.0001 0.0000 0.0000 0.0000 0.0000 0.0000 0.0000 0.0000 0.0007 0.0001 0.0000 -0.0012 0.0001 0.0000 -0.0008 0.0003 0.0000 0.0001 0.0000 0.0000 0.0000 0.0000 0.0000 -0.0008 0.0000 0.0000 0.0002 -29.9997 -0.0001 -0.0003 29.9996 0.0000 0.0000 0.0000 -1.1384 6.1627 -178.2302 0.0000 0.0000 0.0828 -13.0076 70.3845 -1.5877 0.0000 25.3510 0.0000 1.6145 -0.8069 -179.0677 0.0342 -5.7833 -0.0844 4.2148 69.8205 -4.2428 0.0000 25.3508 -0.0001 
19.9512 92.0567 -44.3929 3.2702 -0.7533 -0.5110 1.8537 1.6876 0.1958 1.8546 1.6885 0.1959 1.8593 1.6927 0.1964 25.0097 80.3025 -77.0800 56.6001 56.5142 38.1464 27.9046 -2.6171 51.0587 -0.6402 1.4272 -0.1219 0.0000 0.0000 0.0001 0.0000 0.0000 0.0000 0.0000 -0.0013 -0.0008 0.0000 -0.0004 0.0001 0.0000 0.0000 0.0000 0.0000 0.0000 0.0000 0.0000 0.0002 0.0000 0.0000 -0.0006 0.0003 0.0000 0.0004 -0.0006 0.0000 0.0000 0.0001 0.0000 0.0000 0.0000 0.0000 -0.0010 -0.0002 0.0000 0.0002 30.0001 -0.0001 0.0005 -29.9998 0.0000 0.0000 0.0000 -2.2739 -1.0021 0.2034 -2.2739 -1.0021 0.2034 -6.5530 80.7009 100.6897 -28.1255 61.5408 -12.7020 -27.0056 8.0360 -51.6613 0.6698 1.3174 0.7734 0.0000 -0.0001 0.0001 0.0000 0.0000 0.0000 0.0000 -0.0006 0.0003 0.0000 -0.0001 0.0001 0.0000 0.0000 0.0000 0.0000 0.0000 0.0000 0.0000 0.0007 0.0001 0.0000 -0.0012 0.0001 0.0000 -0.0008 0.0003 0.0000 0.0001 0.0000 0.0000 0.0000 0.0000 0.0000 -0.0009 0.0000 0.0000 0.0002 -29.9996 -0.0001 -0.0003 29.9996 0.0000 0.0000 0.0000 -1.1412 6.1251 -178.2416 0.0019 -0.0487 0.0828 -13.0008 70.4014 -1.6114 0.0000 25.3510 0.0000 1.5951 -0.9084 -179.0827 0.0357 -5.9727 -0.0846 4.2521 69.9083 -4.2055 0.0000 25.3508 -0.0001 
19.9497 92.0520 -44.3905 3.2925 -0.7523 -0.4879 1.8802 1.7323 0.1835 1.8812 1.7332 0.1836 1.8859 1.7375 0.1841 26.5435 79.8685 -75.2501 55.5910 55.3709 36.4779 28.7284 -2.9452 53.7296 -0.7201 1.5149 -0.0811 0.0000 0.0000 0.0001 0.0000 0.0000 0.0000 0.0000 -0.0013 -0.0008 0.0000 -0.0004 0.0001 0.0000 0.0000 0.0000 0.0000 0.0000 0.0000 0.0000 0.0002 0.0000 0.0000 -0.0006 0.0003 0.0000 0.0004 -0.0006 0.0000 0.0000 0.0001 0.0000 0.0000 0.0000 0.0000 -0.0010 -0.0002 0.0000 0.0002 30.0001 -0.0001 0.0005 -29.9998 0.0000 0.0000 0.0000 -2.2902 -1.0343 0.2025 -2.2902 -1.0343 0.2025 -9.2981 80.7150 97.7883 -27.0654 60.0949 -11.6968 -28.6917 7.7762 -54.2949 0.7693 1.4505 0.7788 0.0000 -0.0001 0.0001 0.0000 0.0000 0.0000 0.0000 -0.0006 0.0003 0.0000 -0.0001 0.0001 0.0000 0.0000 0.0000 0.0000 0.0000 0.0000 0.0000 0.0007 0.0001 0.0000 -0.0011 0.0001 0.0000 -0.0008 0.0003 0.0000 0.0001 0.0000 0.0000 0.0000 0.0000 0.0000 -0.0009 0.0000 0.0000 0.0002 -29.9997 -0.0001 -0.0003 29.9996 0.0000 0.0000 0.0000 -1.1421 6.1471 -178.2614 0.0000 0.0001 0.0828 -12.9666 70.3768 -1.6028 0.0000 25.3510 0.0000 1.5815 -0.9964 -179.1052 0.0369 -6.1535 -0.0847 4.2977 69.9945 -4.1544 0.0000 25.3508 -0.0001 
19.9490 92.0481 -44.3835 3.3048 -0.7542 -0.4611 1.9109 1.7730 0.1705 1.9119 1.7740 0.1706 1.9167 1.7784 0.1711 27.9875 79.4680 -73.4919 54.6863 54.2587 34.9331 29.4615 -3.2679 56.2470 -0.8015 1.5990 -0.0329 0.0000 0.0000 0.0001 0.0000 0.0000 0.0000 0.0000 -0.0013 -0.0008 0.0000 -0.0004 0.0001 0.0000 0.0000 0.0000 0.0000 0.0000 0.0000 0.0000 0.0003 -0.0001 0.0000 -0.0006 0.0003 0.0000 0.0004 -0.0006 0.0000 0.0000 0.0001 0.0000 0.0000 0.0000 0.0000 -0.0010 -0.0002 0.0000 0.0003 30.0001 -0.0001 0.0005 -29.9998 0.0000 0.0000 0.0000 -2.3058 -1.0545 0.1968 -2.3058 -1.0545 0.1968 -12.4209 80.7523 94.5141 -26.0726 58.7027 -10.8641 -30.3464 7.4693 -56.7982 0.8764 1.5900 0.7748 0.0000 -0.0001 0.0001 0.0000 0.0000 0.0000 0.0000 -0.0006 0.0003 0.0000 -0.0001 0.0001 0.0000 0.0000 0.0000 0.0000 0.0000 0.0000 0.0000 0.0007 0.0001 0.0000 -0.0012 0.0001 0.0000 -0.0008 0.0003 0.0000 0.0001 0.0000 0.0000 0.0000 0.0000 0.0000 -0.0009 0.0000 0.0000 0.0002 -29.9996 -0.0001 -0.0003 29.9996 0.0000 0.0000 0.0000 -1.1438 6.1517 -178.2863 0.0000 0.0000 0.0828 -12.9620 70.3801 -1.6149 0.0000 25.3510 0.0000 1.5742 -1.0732 -179.1319 0.0378 -6.3222 -0.0848 4.3463 70.0763 -4.0959 0.0000 25.3508 -0.0001 
19.9443 92.0454 -44.3729 3.3030 -0.7590 -0.4306 1.9445 1.8079 0.1590 1.9456 1.8090 0.1592 1.9504 1.8134 0.1596 29.4328 79.1126 -71.7336 53.9315 53.2018 33.5322 30.1233 -3.5941 58.5368 -0.8796 1.6740 0.0254 0.0000 0.0000 0.0001 0.0000 0.0000 0.0000 0.0000 -0.0013 -0.0008 0.0000 -0.0004 0.0001 0.0000 0.0000 0.0000 0.0000 0.0000 0.0000 0.0000 0.0002 0.0000 0.0000 -0.0006 0.0003 0.0000 0.0004 -0.0006 0.0000 0.0000 0.0001 0.0000 0.0000 0.0000 0.0000 -0.0010 -0.0002 0.0000 0.0002 30.0001 -0.0001 0.0005 -29.9998 0.0000 0.0000 0.0000 -2.3166 -1.0602 0.1826 -2.3166 -1.0602 0.1826 -16.1934 80.8392 90.6084 -25.1993 57.3862 -10.3116 -31.9685 7.0930 -59.0963 0.9890 1.7354 0.7556 0.0000 -0.0001 0.0001 0.0000 0.0000 0.0000 0.0000 -0.0006 0.0003 0.0000 -0.0001 0.0001 0.0000 0.0000 0.0000 0.0000 0.0000 0.0000 0.0000 0.0007 0.0001 0.0000 -0.0011 0.0001 0.0000 -0.0008 0.0003 0.0000 0.0001 0.0000 0.0000 0.0000 0.0000 0.0000 -0.0008 0.0000 0.0000 0.0002 -29.9996 -0.0001 -0.0002 29.9996 0.0000 0.0000 0.0000 -1.1525 6.1631 -178.3140 0.0000 0.0000 0.0828 -12.9904 70.3853 -1.6421 0.0000 25.3511 0.0000 1.5747 -1.1354 -179.1597 0.0386 -6.4691 -0.0849 4.3852 70.1481 -4.0413 0.0000 25.3508 -0.0001 
19.9349 92.0434 -44.3619 3.2931 -0.7660 -0.4005 1.9820 1.8382 0.1510 1.9832 1.8393 0.1511 1.9880 1.8438 0.1516 30.8366 78.7898 -70.0317 53.2605 52.1918 32.2363 30.7706 -3.9368 60.6176 -0.9541 1.7406 0.0934 0.0000 0.0000 0.0001 0.0000 0.0000 0.0000 0.0000 -0.0013 -0.0008 0.0000 -0.0004 0.0001 0.0000 0.0000 0.0000 0.0000 0.0000 0.0000 0.0000 0.0002 0.0000 0.0000 -0.0006 0.0003 0.0000 0.0004 -0.0006 0.0000 0.0000 0.0001 0.0000 0.0000 0.0000 0.0000 -0.0010 -0.0002 0.0000 0.0002 30.0001 -0.0001 0.0005 -29.9998 0.0000 0.0000 0.0000 -2.3287 -1.0620 0.1619 -2.3287 -1.0620 0.1619 -20.4330 80.9590 86.2847 -24.3690 56.1055 -9.9437 -33.5562 6.6101 -61.2555 1.1076 1.8864 0.7206 0.0000 -0.0001 0.0001 0.0000 0.0000 0.0000 0.0000 -0.0006 0.0003 0.0000 -0.0001 0.0001 0.0000 0.0000 0.0000 0.0000 0.0000 0.0000 0.0000 0.0007 0.0001 0.0000 -0.0012 0.0001 0.0000 -0.0008 0.0003 0.0000 0.0001 0.0000 0.0000 0.0000 0.0000 0.0000 -0.0008 0.0000 0.0000 0.0002 -29.9997 -0.0001 -0.0003 29.9996 0.0000 0.0000 0.0000 -1.1692 6.1534 -178.3397 0.0019 -0.0487 0.0828 -13.0612 70.4122 -1.6970 0.0000 25.3510 0.0000 1.5768 -1.1867 -179.1841 0.0396 -6.5976 -0.0850 4.4091 70.2103 -3.9964 0.0000 25.3508 -0.0001 
19.9240 92.0418 -44.3515 3.2778 -0.7743 -0.3720 2.0213 1.8641 0.1468 2.0225 1.8652 0.1469 2.0274 1.8697 0.1474 32.1982 78.4912 -68.3921 52.6192 51.2210 31.0140 31.4298 -4.2590 62.5154 -1.0249 1.7994 0.1697 0.0000 0.0000 0.0001 0.0000 0.0000 0.0000 0.0000 -0.0013 -0.0008 0.0000 -0.0004 0.0001 0.0000 0.0000 0.0000 0.0000 0.0000 0.0000 0.0000 0.0002 0.0000 0.0000 -0.0006 0.0003 0.0000 0.0004 -0.0006 0.0000 0.0000 0.0001 0.0000 0.0000 0.0000 0.0000 -0.0010 -0.0002 0.0000 0.0002 30.0001 -0.0001 0.0005 -29.9998 0.0000 0.0000 0.0000 -2.3412 -1.0632 0.1351 -2.3412 -1.0632 0.1351 -24.9580 81.0556 81.7236 -23.5606 54.8360 -9.6881 -35.1086 6.0260 -63.2990 1.2321 2.0421 0.6693 0.0000 -0.0001 0.0001 0.0000 0.0000 0.0000 0.0000 -0.0006 0.0003 0.0000 -0.0001 0.0001 0.0000 0.0000 0.0000 0.0000 0.0000 0.0000 0.0000 0.0007 0.0001 0.0000 -0.0012 0.0001 0.0000 -0.0008 0.0003 0.0000 0.0001 0.0000 0.0000 0.0000 0.0000 0.0000 -0.0008 0.0000 0.0000 0.0002 -29.9996 -0.0001 -0.0003 29.9996 0.0000 0.0000 0.0000 -1.1929 6.1940 -178.3642 0.0000 0.0001 0.0828 -13.1134 70.3898 -1.7217 0.0000 25.3510 0.0000 1.5784 -1.2290 -179.2060 0.0406 -6.7087 -0.0851 4.4238 70.2630 -3.9558 0.0000 25.3508 -0.0001 
19.9172 92.0401 -44.3422 3.2572 -0.7826 -0.3460 2.0542 1.8848 0.1482 2.0555 1.8859 0.1484 2.0604 1.8905 0.1488 33.5168 78.2181 -66.8547 51.9972 50.3038 29.8616 32.1249 -4.5058 64.1687 -1.0876 1.8468 0.2528 0.0000 0.0000 0.0001 0.0000 0.0000 0.0000 0.0000 -0.0013 -0.0008 0.0000 -0.0004 0.0001 0.0000 0.0000 0.0000 0.0000 0.0000 0.0000 0.0000 0.0002 0.0000 0.0000 -0.0006 0.0003 0.0000 0.0004 -0.0006 0.0000 0.0000 0.0001 0.0000 0.0000 0.0000 0.0000 -0.0010 -0.0002 0.0000 0.0002 30.0001 -0.0001 0.0005 -29.9998 0.0000 0.0000 0.0000 -2.3420 -1.0657 0.0998 -2.3420 -1.0657 0.0998 -29.4857 81.0978 77.1904 -22.7820 53.5842 -9.5251 -36.6341 5.3451 -65.1601 1.3574 2.1970 0.5984 0.0000 -0.0001 0.0001 0.0000 0.0000 0.0000 0.0000 -0.0006 0.0003 0.0000 -0.0001 0.0001 0.0000 0.0000 0.0000 0.0000 0.0000 0.0000 0.0000 0.0007 0.0001 0.0000 -0.0012 0.0001 0.0000 -0.0008 0.0003 0.0000 0.0001 0.0000 0.0000 0.0000 0.0000 0.0000 -0.0009 0.0000 0.0000 0.0002 -29.9996 -0.0001 -0.0003 29.9996 0.0000 0.0000 0.0000 -1.2214 6.2100 -178.3900 0.0000 0.0001 0.0828 -13.1825 70.3892 -1.7518 0.0000 25.3510 0.0000 1.5746 -1.2606 -179.2287 0.0414 -6.7969 -0.0852 4.4358 70.3028 -3.9076 0.0000 25.3508 -0.0001 
19.9165 92.0384 -44.3305 3.2320 -0.7908 -0.3223 2.0777 1.9048 0.1529 2.0790 1.9060 0.1531 2.0840 1.9106 0.1535 34.7537 77.9434 -65.4601 51.4718 49.4197 28.8196 32.7956 -4.6996 65.6334 -1.1435 1.8850 0.3398 0.0000 0.0000 0.0001 0.0000 0.0000 0.0000 0.0000 -0.0013 -0.0008 0.0000 -0.0004 0.0001 0.0000 0.0000 0.0000 0.0000 0.0000 0.0000 0.0000 0.0002 0.0000 0.0000 -0.0006 0.0003 0.0000 0.0004 -0.0006 0.0000 0.0000 0.0001 0.0000 0.0000 0.0000 0.0000 -0.0010 -0.0002 0.0000 0.0002 30.0001 -0.0001 0.0005 -29.9998 0.0000 0.0000 0.0000 -2.3286 -1.0744 0.0608 -2.3286 -1.0744 0.0608 -33.6743 81.0727 72.9930 -22.0448 52.3557 -9.3944 -38.0828 4.6012 -66.8803 1.4821 2.3471 0.5119 0.0000 -0.0001 0.0001 0.0000 0.0000 0.0000 0.0000 -0.0006 0.0003 0.0000 -0.0001 0.0001 0.0000 0.0000 0.0000 0.0000 0.0000 0.0000 0.0000 0.0007 0.0001 0.0000 -0.0011 0.0001 0.0000 -0.0008 0.0003 0.0000 0.0001 0.0000 0.0000 0.0000 0.0000 0.0000 -0.0009 0.0000 0.0000 0.0002 -29.9997 -0.0001 -0.0003 29.9996 0.0000 0.0000 0.0000 -1.2460 6.2280 -178.4179 0.0000 0.0001 0.0828 -13.2407 70.3901 -1.7682 0.0000 25.3510 0.0000 1.5657 -1.2847 -179.2536 0.0420 -6.8727 -0.0852 4.4510 70.3362 -3.8439 0.0000 25.3508 -0.0001 
19.9191 92.0366 -44.3160 3.2025 -0.7994 -0.3010 2.0935 1.9260 0.1595 2.0948 1.9272 0.1596 2.0998 1.9318 0.1601 35.8698 77.6673 -64.2364 51.0561 48.5559 27.8824 33.4212 -4.8487 66.9381 -1.1929 1.9152 0.4293 0.0000 0.0000 0.0001 0.0000 0.0000 0.0000 0.0000 -0.0013 -0.0008 0.0000 -0.0004 0.0001 0.0000 0.0000 0.0000 0.0000 0.0000 0.0000 0.0000 0.0002 0.0000 0.0000 -0.0006 0.0003 0.0000 0.0004 -0.0006 0.0000 0.0000 0.0001 0.0000 0.0000 0.0000 0.0000 -0.0010 -0.0002 0.0000 0.0003 30.0001 -0.0001 0.0005 -29.9998 0.0000 0.0000 0.0000 -2.3028 -1.0908 0.0194 -2.3028 -1.0908 0.0194 -37.2563 80.9759 69.3884 -21.4145 51.1486 -9.2936 -39.4054 3.8245 -68.4880 1.6043 2.4880 0.4134 0.0000 -0.0001 0.0001 0.0000 0.0000 0.0000 0.0000 -0.0006 0.0003 0.0000 -0.0001 0.0001 0.0000 0.0000 0.0000 0.0000 0.0000 0.0000 0.0000 0.0007 0.0001 0.0000 -0.0011 0.0001 0.0000 -0.0008 0.0003 0.0000 0.0001 0.0000 0.0000 0.0000 0.0000 0.0000 -0.0009 0.0000 0.0000 0.0002 -29.9996 -0.0001 -0.0003 29.9996 0.0000 0.0000 0.0000 -1.2638 6.2243 -178.4452 0.0018 -0.0487 0.0828 -13.3077 70.4167 -1.7941 0.0000 25.3510 0.0000 1.5545 -1.3041 -179.2785 0.0425 -6.9428 -0.0853 4.4701 70.3669 -3.7678 0.0000 25.3508 -0.0001 
19.9229 92.0348 -44.3024 3.1686 -0.8069 -0.2798 2.1020 1.9493 0.1660 2.1033 1.9505 0.1662 2.1083 1.9552 0.1666 36.8798 77.3941 -63.1544 50.7957 47.7586 27.0740 33.9621 -4.9299 68.0429 -1.2325 1.9350 0.5177 0.0000 0.0000 0.0001 0.0000 0.0000 0.0000 0.0000 -0.0013 -0.0008 0.0000 -0.0004 0.0001 0.0000 0.0000 0.0000 0.0000 0.0000 0.0000 0.0000 0.0002 0.0000 0.0000 -0.0006 0.0003 0.0000 0.0004 -0.0006 0.0000 0.0000 0.0001 0.0000 0.0000 0.0000 0.0000 -0.0010 -0.0002 0.0000 0.0002 30.0001 -0.0001 0.0005 -29.9998 0.0000 0.0000 0.0000 -2.2641 -1.1123 -0.0252 -2.2641 -1.1123 -0.0252 -39.8725 80.8149 66.7099 -21.0638 50.0226 -9.2834 -40.4845 3.0709 -69.9193 1.7141 2.6079 0.3104 0.0000 -0.0001 0.0001 0.0000 0.0000 0.0000 0.0000 -0.0006 0.0003 0.0000 -0.0001 0.0001 0.0000 0.0000 0.0000 0.0000 0.0000 0.0000 0.0000 0.0007 0.0001 0.0000 -0.0012 0.0001 0.0000 -0.0008 0.0003 0.0000 0.0001 0.0000 0.0000 0.0000 0.0000 0.0000 -0.0009 0.0000 0.0000 0.0002 -29.9996 -0.0001 -0.0003 29.9996 0.0000 0.0000 0.0000 -1.2721 6.2683 -178.4728 0.0000 0.0001 0.0828 -13.3326 70.3961 -1.7820 0.0000 25.3510 0.0000 1.5473 -1.3232 -179.3048 0.0428 -7.0076 -0.0853 4.4991 70.3923 -3.6793 0.0000 25.3508 -0.0001 
19.9215 92.0329 -44.2987 3.1353 -0.8121 -0.2576 2.1065 1.9749 0.1703 2.1078 1.9762 0.1705 2.1128 1.9809 0.1710 37.8238 77.1276 -62.1589 50.6920 47.0376 26.3921 34.4048 -5.0397 69.0634 -1.2667 1.9475 0.6022 0.0000 0.0000 0.0001 0.0000 0.0000 0.0000 0.0000 -0.0013 -0.0008 0.0000 -0.0004 0.0001 0.0000 0.0000 0.0000 0.0000 0.0000 0.0000 0.0000 0.0002 0.0000 0.0000 -0.0006 0.0003 0.0000 0.0004 -0.0006 0.0000 0.0000 0.0001 0.0000 0.0000 0.0000 0.0000 -0.0010 -0.0002 0.0000 0.0002 30.0001 -0.0001 0.0005 -29.9998 0.0000 0.0000 0.0000 -2.2199 -1.1325 -0.0676 -2.2199 -1.1325 -0.0676 -41.8242 80.6369 64.6493 -20.9616 48.9928 -9.3593 -41.3254 2.3594 -71.2132 1.8113 2.7066 0.2069 0.0000 -0.0001 0.0001 0.0000 0.0000 0.0000 0.0000 -0.0006 0.0003 0.0000 -0.0001 0.0001 0.0000 0.0000 0.0000 0.0000 0.0000 0.0000 0.0000 0.0007 0.0001 0.0000 -0.0011 0.0001 0.0000 -0.0008 0.0003 0.0000 0.0001 0.0000 0.0000 0.0000 0.0000 0.0000 -0.0009 0.0000 0.0000 0.0002 -29.9996 -0.0001 -0.0003 29.9996 0.0000 0.0000 0.0000 -1.2774 6.2703 -178.4975 0.0006 -0.0163 0.0828 -13.3812 70.3995 -1.7969 0.0000 25.3510 0.0000 1.5482 -1.3547 -179.3291 0.0434 -7.0783 -0.0854 4.5324 70.4128 -3.5946 0.0000 25.3508 -0.0001 
19.9149 92.0309 -44.3058 3.1033 -0.8152 -0.2332 2.1086 2.0012 0.1719 2.1100 2.0026 0.1720 2.1150 2.0073 0.1725 38.7286 76.8716 -61.2204 50.7098 46.3943 25.8120 34.7738 -5.2213 70.0501 -1.2972 1.9539 0.6824 0.0000 0.0000 0.0001 0.0000 0.0000 0.0000 0.0000 -0.0013 -0.0008 0.0000 -0.0004 0.0001 0.0000 0.0000 0.0000 0.0000 0.0000 0.0000 0.0000 0.0002 0.0000 0.0000 -0.0006 0.0003 0.0000 0.0004 -0.0006 0.0000 0.0000 0.0001 0.0000 0.0000 0.0000 0.0000 -0.0010 -0.0002 0.0000 0.0002 30.0001 -0.0001 0.0005 -29.9998 0.0000 0.0000 0.0000 -2.1746 -1.1510 -0.1054 -2.1746 -1.1510 -0.1054 -43.3900 80.4719 62.9415 -21.0081 48.0476 -9.4751 -42.0000 1.7004 -72.4163 1.8977 2.7869 0.1043 0.0000 -0.0001 0.0001 0.0000 0.0000 0.0000 0.0000 -0.0006 0.0003 0.0000 -0.0001 0.0001 0.0000 0.0000 0.0000 0.0000 0.0000 0.0000 0.0000 0.0007 0.0001 0.0000 -0.0011 0.0001 0.0000 -0.0008 0.0003 0.0000 0.0001 0.0000 0.0000 0.0000 0.0000 0.0000 -0.0009 0.0000 0.0000 0.0002 -29.9997 -0.0001 -0.0003 29.9996 0.0000 0.0000 0.0000 -1.2824 6.2790 -178.5210 0.0000 0.0000 0.0828 -13.4220 70.3793 -1.8061 0.0000 25.3510 0.0000 1.5585 -1.3974 -179.3522 0.0444 -7.1524 -0.0855 4.5678 70.4277 -3.5183 0.0000 25.3508 -0.0001 
19.9056 92.0293 -44.3239 3.0758 -0.8176 -0.2101 2.1095 2.0271 0.1729 2.1109 2.0285 0.1731 2.1159 2.0332 0.1736 39.5849 76.6421 -60.3584 50.7978 45.8767 25.3017 35.1111 -5.5154 71.0139 -1.3232 1.9520 0.7548 0.0000 0.0000 0.0001 0.0000 0.0000 0.0000 0.0000 -0.0013 -0.0008 0.0000 -0.0004 0.0001 0.0000 0.0000 0.0000 0.0000 0.0000 0.0000 0.0000 0.0002 0.0000 0.0000 -0.0006 0.0003 0.0000 0.0004 -0.0006 0.0000 0.0000 0.0001 0.0000 0.0000 0.0000 0.0000 -0.0010 -0.0002 0.0000 0.0003 30.0001 -0.0001 0.0005 -29.9998 0.0000 0.0000 0.0000 -2.1341 -1.1696 -0.1363 -2.1341 -1.1696 -0.1363 -44.7154 80.3347 61.4642 -21.1811 47.2099 -9.6071 -42.5537 1.1697 -73.5650 1.9701 2.8434 0.0085 0.0000 -0.0001 0.0001 0.0000 0.0000 0.0000 0.0000 -0.0006 0.0003 0.0000 -0.0001 0.0001 0.0000 0.0000 0.0000 0.0000 0.0000 0.0000 0.0000 0.0007 0.0001 0.0000 -0.0012 0.0001 0.0000 -0.0008 0.0003 0.0000 0.0001 0.0000 0.0000 0.0000 0.0000 0.0000 -0.0009 0.0000 0.0000 0.0002 -29.9997 -0.0001 -0.0003 29.9996 0.0000 0.0000 0.0000 -1.2887 6.2707 -178.5411 0.0000 0.0000 0.0828 -13.4670 70.3591 -1.8229 0.0000 25.3510 0.0000 1.5772 -1.4576 -179.3720 0.0459 -7.2453 -0.0856 4.6122 70.4448 -3.4459 0.0000 25.3508 -0.0001 
19.9029 92.0279 -44.3412 3.0545 -0.8216 -0.1877 2.1142 2.0520 0.1744 2.1156 2.0534 0.1745 2.1206 2.0582 0.1750 40.3730 76.4365 -59.5772 50.8936 45.4541 24.8368 35.4752 -5.8484 71.9690 -1.3447 1.9425 0.8192 0.0000 0.0000 0.0001 0.0000 0.0000 0.0000 0.0000 -0.0013 -0.0008 0.0000 -0.0004 0.0001 0.0000 0.0000 0.0000 0.0000 0.0000 0.0000 0.0000 0.0002 0.0000 0.0000 -0.0006 0.0003 0.0000 0.0004 -0.0006 0.0000 0.0000 0.0001 0.0000 0.0000 0.0000 0.0000 -0.0010 -0.0002 0.0000 0.0002 30.0001 -0.0001 0.0005 -29.9998 0.0000 0.0000 0.0000 -2.1061 -1.1899 -0.1618 -2.1061 -1.1899 -0.1618 -46.0008 80.2167 60.0404 -21.3628 46.4621 -9.7072 -43.1118 0.7542 -74.7175 2.0322 2.8810 -0.0811 0.0000 -0.0001 0.0001 0.0000 0.0000 0.0000 0.0000 -0.0006 0.0003 0.0000 -0.0001 0.0001 0.0000 0.0000 0.0000 0.0000 0.0000 0.0000 0.0000 0.0007 0.0001 0.0000 -0.0012 0.0001 0.0000 -0.0008 0.0003 0.0000 0.0001 0.0000 0.0000 0.0000 0.0000 0.0000 -0.0008 0.0000 0.0000 0.0002 -29.9996 -0.0001 -0.0003 29.9996 0.0000 0.0000 0.0000 -1.2954 6.2641 -178.5644 0.0000 0.0000 0.0828 -13.4968 70.3399 -1.8299 0.0000 25.3510 0.0000 1.5938 -1.5090 -179.3952 0.0471 -7.3270 -0.0857 4.6695 70.4574 -3.3641 0.0000 25.3508 -0.0001 
19.9090 92.0265 -44.3521 3.0400 -0.8267 -0.1674 2.1237 2.0757 0.1762 2.1252 2.0772 0.1764 2.1301 2.0820 0.1769 41.0949 76.2453 -58.8603 51.0157 45.1129 24.4460 35.8718 -6.1521 72.9115 -1.3606 1.9255 0.8740 0.0000 0.0000 0.0001 0.0000 0.0000 0.0000 0.0000 -0.0013 -0.0008 0.0000 -0.0004 0.0001 0.0000 0.0000 0.0000 0.0000 0.0000 0.0000 0.0000 0.0002 0.0000 0.0000 -0.0006 0.0003 0.0000 0.0004 -0.0006 0.0000 0.0000 0.0001 0.0000 0.0000 0.0000 0.0000 -0.0010 -0.0002 0.0000 0.0002 30.0001 -0.0001 0.0005 -29.9998 0.0000 0.0000 0.0000 -2.0931 -1.2130 -0.1813 -2.0931 -1.2130 -0.1813 -47.2240 80.1064 58.6981 -21.5372 45.7998 -9.7802 -43.7515 0.4178 -75.8872 2.0829 2.8989 -0.1658 0.0000 -0.0001 0.0001 0.0000 0.0000 0.0000 0.0000 -0.0006 0.0003 0.0000 -0.0001 0.0001 0.0000 0.0000 0.0000 0.0000 0.0000 0.0000 0.0000 0.0007 0.0001 0.0000 -0.0012 0.0001 0.0000 -0.0008 0.0003 0.0000 0.0001 0.0000 0.0000 0.0000 0.0000 0.0000 -0.0009 0.0000 0.0000 0.0002 -29.9996 -0.0001 -0.0003 29.9996 0.0000 0.0000 0.0000 -1.3005 6.2382 -178.5905 0.0018 -0.0485 0.0828 -13.5247 70.3503 -1.8428 0.0000 25.3510 0.0000 1.6039 -1.5494 -179.4219 0.0480 -7.3998 -0.0858 4.7414 70.4699 -3.2660 0.0000 25.3508 -0.0001 
19.9263 92.0246 -44.3494 3.0366 -0.8318 -0.1517 2.1358 2.0989 0.1793 2.1373 2.1004 0.1795 2.1422 2.1052 0.1800 41.7070 76.0691 -58.2468 51.2289 44.8448 24.1708 36.3004 -6.3181 73.8496 -1.3669 1.8971 0.9145 0.0000 0.0000 0.0001 0.0000 0.0000 0.0000 0.0000 -0.0013 -0.0008 0.0000 -0.0004 0.0001 0.0000 0.0000 0.0000 0.0000 0.0000 0.0000 0.0000 0.0002 0.0000 0.0000 -0.0006 0.0003 0.0000 0.0004 -0.0006 0.0000 0.0000 0.0001 0.0000 0.0000 0.0000 0.0000 -0.0010 -0.0002 0.0000 0.0002 30.0001 -0.0001 0.0005 -29.9998 0.0000 0.0000 0.0000 -2.0936 -1.2396 -0.1941 -2.0936 -1.2396 -0.1941 -48.2621 79.9827 57.5623 -21.7660 45.2496 -9.8533 -44.5615 0.1860 -77.1043 2.1152 2.8872 -0.2429 0.0000 -0.0001 0.0001 0.0000 0.0000 0.0000 0.0000 -0.0006 0.0003 0.0000 -0.0001 0.0001 0.0000 0.0000 0.0000 0.0000 0.0000 0.0000 0.0000 0.0007 0.0001 0.0000 -0.0012 0.0001 0.0000 -0.0008 0.0003 0.0000 0.0001 0.0000 0.0000 0.0000 0.0000 0.0000 -0.0009 0.0000 0.0000 0.0002 -29.9997 -0.0001 -0.0003 29.9996 0.0000 0.0000 0.0000 -1.2978 6.2447 -178.6172 0.0018 -0.0487 0.0828 -13.5099 70.3492 -1.8312 0.0000 25.3510 0.0000 1.5995 -1.5664 -179.4514 0.0487 -7.4467 -0.0859 4.8304 70.4775 -3.1432 0.0000 25.3508 -0.0001 
19.9508 92.0219 -44.3406 3.0435 -0.8345 -0.1379 2.1480 2.1217 0.1835 2.1495 2.1232 0.1837 2.1545 2.1281 0.1842 42.2163 75.9074 -57.7236 51.5799 44.6172 24.0425 36.7338 -6.3161 74.7459 -1.3621 1.8578 0.9424 0.0000 0.0000 0.0001 0.0000 0.0000 0.0000 0.0000 -0.0013 -0.0008 0.0000 -0.0004 0.0001 0.0000 0.0000 0.0000 0.0000 0.0000 0.0000 0.0000 0.0002 0.0000 0.0000 -0.0006 0.0003 0.0000 0.0004 -0.0006 0.0000 0.0000 0.0001 0.0000 0.0000 0.0000 0.0000 -0.0010 -0.0002 0.0000 0.0002 30.0001 -0.0001 0.0005 -29.9998 0.0000 0.0000 0.0000 -2.1006 -1.2627 -0.2044 -2.1006 -1.2627 -0.2044 -49.1631 79.8342 56.5799 -22.1576 44.7927 -10.0115 -45.4047 0.0408 -78.3304 2.1319 2.8535 -0.3114 0.0000 -0.0001 0.0001 0.0000 0.0000 0.0000 0.0000 -0.0006 0.0003 0.0000 -0.0001 0.0001 0.0000 0.0000 0.0000 0.0000 0.0000 0.0000 0.0000 0.0007 0.0001 0.0000 -0.0012 0.0001 0.0000 -0.0008 0.0003 0.0000 0.0001 0.0000 0.0000 0.0000 0.0000 0.0000 -0.0009 0.0000 0.0000 0.0002 -29.9996 -0.0001 -0.0003 29.9996 0.0000 0.0000 0.0000 -1.2873 6.2765 -178.6448 0.0000 0.0000 0.0828 -13.4577 70.3315 -1.8012 0.0000 25.3510 0.0000 1.5826 -1.5768 -179.4841 0.0495 -7.4859 -0.0859 4.9389 70.4830 -2.9938 0.0000 25.3508 -0.0001 
19.9816 92.0188 -44.3320 3.0604 -0.8320 -0.1224 2.1609 2.1427 0.1869 2.1624 2.1443 0.1871 2.1674 2.1492 0.1876 42.6577 75.7610 -57.2499 52.0763 44.4246 24.0776 37.1780 -6.1741 75.6156 -1.3469 1.8084 0.9585 0.0000 0.0000 0.0001 0.0000 0.0000 0.0000 0.0000 -0.0013 -0.0008 0.0000 -0.0004 0.0001 0.0000 0.0000 0.0000 0.0000 0.0000 0.0000 0.0000 0.0002 0.0000 0.0000 -0.0006 0.0003 0.0000 0.0004 -0.0006 0.0000 0.0000 0.0001 0.0000 0.0000 0.0000 0.0000 -0.0010 -0.0002 0.0000 0.0002 30.0001 -0.0001 0.0005 -29.9998 0.0000 0.0000 0.0000 -2.1140 -1.2783 -0.2121 -2.1140 -1.2783 -0.2121 -49.9493 79.6774 55.7261 -22.7332 44.4256 -10.2853 -46.2557 -0.0498 -79.5547 2.1324 2.7989 -0.3707 0.0000 -0.0001 0.0001 0.0000 0.0000 0.0000 0.0000 -0.0006 0.0003 0.0000 -0.0001 0.0001 0.0000 0.0000 0.0000 0.0000 0.0000 0.0000 0.0000 0.0007 0.0001 0.0000 -0.0011 0.0001 0.0000 -0.0008 0.0003 0.0000 0.0001 0.0000 0.0000 0.0000 0.0000 0.0000 -0.0009 0.0000 0.0000 0.0002 -29.9996 -0.0001 -0.0003 29.9996 0.0000 0.0000 0.0000 -1.2709 6.2696 -178.6763 0.0006 -0.0163 0.0828 -13.4066 70.3482 -1.7896 0.0000 25.3511 0.0000 1.5566 -1.5939 -179.5234 0.0501 -7.5304 -0.0860 5.0711 70.4892 -2.8180 0.0000 25.3508 -0.0001 
20.0191 92.0142 -44.3276 3.0927 -0.8159 -0.1004 2.1731 2.1590 0.1863 2.1746 2.1606 0.1865 2.1796 2.1655 0.1870 43.0302 75.6416 -56.8167 52.7541 44.2950 24.3568 37.6763 -5.8594 76.4724 -1.3178 1.7454 0.9562 0.0000 0.0000 0.0001 0.0000 0.0000 0.0000 0.0000 -0.0013 -0.0008 0.0000 -0.0004 0.0001 0.0000 0.0000 0.0000 0.0000 0.0000 0.0000 0.0000 0.0002 0.0000 0.0000 -0.0006 0.0003 0.0000 0.0004 -0.0006 0.0000 0.0000 0.0001 0.0000 0.0000 0.0000 0.0000 -0.0010 -0.0002 0.0000 0.0002 30.0001 -0.0001 0.0005 -29.9998 0.0000 0.0000 0.0000 -2.1346 -1.2800 -0.2129 -2.1346 -1.2800 -0.2129 -50.5176 79.5206 55.1002 -23.5927 44.2081 -10.7452 -47.0994 -0.0457 -80.7347 2.1079 2.7152 -0.4123 0.0000 -0.0001 0.0001 0.0000 0.0000 0.0000 0.0000 -0.0006 0.0003 0.0000 -0.0001 0.0001 0.0000 0.0000 0.0000 0.0000 0.0000 0.0000 0.0000 0.0007 0.0001 0.0000 -0.0012 0.0001 0.0000 -0.0008 0.0003 0.0000 0.0001 0.0000 0.0000 0.0000 0.0000 0.0000 -0.0008 0.0000 0.0000 0.0002 -29.9997 -0.0001 -0.0003 29.9996 0.0000 0.0000 0.0000 -1.2535 6.2368 -178.7167 0.0018 -0.0487 0.0828 -13.3365 70.3743 -1.7786 0.0000 25.3510 0.0000 1.5271 -1.6385 -179.5747 0.0508 -7.5998 -0.0861 5.2426 70.5032 -2.6117 0.0000 25.3508 -0.0001 
20.0578 92.0106 -44.3266 3.1365 -0.7856 -0.0712 2.1812 2.1723 0.1809 2.1828 2.1739 0.1811 2.1878 2.1789 0.1816 43.3455 75.5499 -56.4310 53.5153 44.2169 24.7937 38.2454 -5.4964 77.3254 -1.2802 1.6739 0.9413 0.0000 0.0000 0.0001 0.0000 0.0000 0.0000 0.0000 -0.0013 -0.0008 0.0000 -0.0004 0.0001 0.0000 0.0000 0.0000 0.0000 0.0000 0.0000 0.0000 0.0002 0.0000 0.0000 -0.0006 0.0003 0.0000 0.0004 -0.0006 0.0000 0.0000 0.0001 0.0000 0.0000 0.0000 0.0000 -0.0010 -0.0002 0.0000 0.0002 30.0001 -0.0001 0.0005 -29.9998 0.0000 0.0000 0.0000 -2.1560 -1.2723 -0.2051 -2.1560 -1.2723 -0.2051 -50.7652 79.3787 54.7785 -24.6458 44.1194 -11.3126 -47.9153 0.0297 -81.8481 2.0631 2.6108 -0.4349 0.0000 -0.0001 0.0001 0.0000 0.0000 0.0000 0.0000 -0.0006 0.0003 0.0000 -0.0001 0.0001 0.0000 0.0000 0.0000 0.0000 0.0000 0.0000 0.0000 0.0007 0.0001 0.0000 -0.0011 0.0001 0.0000 -0.0008 0.0003 0.0000 0.0001 0.0000 0.0000 0.0000 0.0000 0.0000 -0.0008 0.0000 0.0000 0.0002 -29.9996 -0.0001 -0.0003 29.9996 0.0000 0.0000 0.0000 -1.2433 6.2273 -178.7644 0.0000 0.0000 0.0828 -13.2174 70.3578 -1.7277 0.0000 25.3510 0.0000 1.5018 -1.7099 -179.6344 0.0520 -7.6923 -0.0862 5.4500 70.5239 -2.3830 0.0000 25.3508 -0.0001 
20.0968 92.0079 -44.3280 3.1924 -0.7514 -0.0340 2.1832 2.1864 0.1712 2.1848 2.1880 0.1713 2.1898 2.1930 0.1718 43.5818 75.4903 -56.1186 54.3394 44.1888 25.3725 38.8729 -5.1475 78.1485 -1.2356 1.5963 0.9153 0.0000 0.0000 0.0001 0.0000 0.0000 0.0000 0.0000 -0.0013 -0.0008 0.0000 -0.0004 0.0001 0.0000 0.0000 0.0000 0.0000 0.0000 0.0000 0.0000 0.0002 0.0000 0.0000 -0.0006 0.0003 0.0000 0.0004 -0.0006 0.0000 0.0000 0.0001 0.0000 0.0000 0.0000 0.0000 -0.0010 -0.0002 0.0000 0.0002 30.0001 -0.0001 0.0005 -29.9998 0.0000 0.0000 0.0000 -2.1756 -1.2592 -0.1901 -2.1756 -1.2592 -0.1901 -50.6790 79.2540 54.7677 -25.8668 44.1445 -11.9747 -48.6548 0.1810 -82.8716 2.0032 2.4943 -0.4372 0.0000 -0.0001 0.0001 0.0000 0.0000 0.0000 0.0000 -0.0006 0.0003 0.0000 -0.0001 0.0001 0.0000 0.0000 0.0000 0.0000 0.0000 0.0000 0.0000 0.0007 0.0001 0.0000 -0.0011 0.0001 0.0000 -0.0008 0.0003 0.0000 0.0001 0.0000 0.0000 0.0000 0.0000 0.0000 -0.0009 0.0000 0.0000 0.0002 -29.9996 -0.0001 -0.0003 29.9996 0.0000 0.0000 0.0000 -1.2477 6.1780 -178.8208 0.0006 -0.0163 0.0828 -13.0900 70.3653 -1.6683 0.0000 25.3510 0.0000 1.4782 -1.7898 -179.7022 0.0537 -7.7928 -0.0864 5.6860 70.5440 -2.1373 0.0000 25.3508 -0.0001 
20.1392 92.0070 -44.3361 3.2623 -0.7241 0.0131 2.1768 2.2047 0.1553 2.1784 2.2064 0.1554 2.1834 2.2114 0.1559 43.6558 75.4838 -55.9689 55.2741 44.2301 26.1639 39.5459 -4.8096 78.8549 -1.1807 1.5103 0.8740 0.0000 0.0000 0.0001 0.0000 0.0000 0.0000 0.0000 -0.0013 -0.0008 0.0000 -0.0004 0.0001 0.0000 0.0000 0.0000 0.0000 0.0000 0.0000 0.0000 0.0002 0.0000 0.0000 -0.0007 0.0003 0.0000 0.0004 -0.0006 0.0000 0.0000 0.0001 0.0000 0.0000 0.0000 0.0000 -0.0010 -0.0002 0.0000 0.0002 30.0001 -0.0001 0.0005 -29.9998 0.0000 0.0000 0.0000 -2.1925 -1.2455 -0.1662 -2.1925 -1.2455 -0.1662 -50.0296 79.1805 55.3061 -27.3205 44.3173 -12.7837 -49.3420 0.4408 -83.7415 1.9189 2.3568 -0.4131 0.0000 -0.0001 0.0001 0.0000 0.0000 0.0000 0.0000 -0.0006 0.0003 0.0000 -0.0001 0.0001 0.0000 0.0000 0.0000 0.0000 0.0000 0.0000 0.0000 0.0007 0.0001 0.0000 -0.0012 0.0001 0.0000 -0.0008 0.0003 0.0000 0.0001 0.0000 0.0000 0.0000 0.0000 0.0000 -0.0009 0.0000 0.0000 0.0002 -29.9996 -0.0001 -0.0003 29.9996 0.0000 0.0000 0.0000 -1.2871 6.1358 -178.8942 0.0006 -0.0163 0.0828 -12.8898 70.3506 -1.5146 0.0000 25.3510 0.0000 1.4596 -1.8640 -179.7827 0.0558 -7.8894 -0.0866 5.9683 70.5519 -1.8625 0.0000 25.3508 -0.0001 
20.1915 92.0054 -44.3478 3.3303 -0.6762 0.0542 2.1683 2.2204 0.1372 2.1699 2.2221 0.1373 2.1748 2.2271 0.1378 43.5551 75.5072 -55.9991 56.2947 44.3167 27.0538 40.2193 -4.2437 79.3208 -1.1147 1.4208 0.8237 0.0000 0.0000 0.0001 0.0000 0.0000 0.0000 0.0000 -0.0013 -0.0008 0.0000 -0.0004 0.0001 0.0000 0.0000 0.0000 0.0000 0.0000 0.0000 0.0000 0.0002 0.0000 0.0000 -0.0007 0.0003 0.0000 0.0004 -0.0006 0.0000 0.0000 0.0001 0.0000 0.0000 0.0000 0.0000 -0.0010 -0.0002 0.0000 0.0003 30.0001 -0.0001 0.0005 -29.9998 0.0000 0.0000 0.0000 -2.2056 -1.2436 -0.1373 -2.2056 -1.2436 -0.1373 -48.8746 79.1552 56.3358 -28.9113 44.6045 -13.6440 -49.9458 0.9755 -84.3734 1.8152 2.2086 -0.3647 0.0000 -0.0001 0.0001 0.0000 0.0000 0.0000 0.0000 -0.0006 0.0003 0.0000 -0.0001 0.0001 0.0000 0.0000 0.0000 0.0000 0.0000 0.0000 0.0000 0.0007 0.0001 0.0000 -0.0012 0.0001 0.0000 -0.0008 0.0003 0.0000 0.0001 0.0000 0.0000 0.0000 0.0000 0.0000 -0.0008 0.0000 0.0000 0.0002 -29.9996 -0.0001 -0.0003 29.9996 0.0000 0.0000 0.0000 -1.3431 6.0697 -178.9727 0.0006 -0.0163 0.0828 -12.6301 70.3277 -1.2730 0.0000 25.3510 0.0000 1.4600 -1.9711 -179.8646 0.0576 -8.0048 -0.0867 6.3140 70.5586 -1.5396 0.0000 25.3508 -0.0001 
20.2506 92.0007 -44.3562 3.4013 -0.5788 0.0495 2.1582 2.2273 0.1304 2.1598 2.2290 0.1305 2.1647 2.2340 0.1309 43.2747 75.5447 -56.2226 57.3820 44.4515 27.9880 40.8670 -3.2383 79.5272 -1.0391 1.3313 0.7640 0.0000 0.0000 0.0001 0.0000 0.0000 0.0000 0.0000 -0.0013 -0.0008 0.0000 -0.0004 0.0001 0.0000 0.0000 0.0000 0.0000 0.0000 0.0000 0.0000 0.0002 0.0000 0.0000 -0.0006 0.0003 0.0000 0.0004 -0.0006 0.0000 0.0000 0.0001 0.0000 0.0000 0.0000 0.0000 -0.0010 -0.0002 0.0000 0.0002 30.0001 -0.0001 0.0005 -29.9998 0.0000 0.0000 0.0000 -2.2154 -1.2637 -0.1061 -2.2154 -1.2637 -0.1061 -47.2738 79.1687 57.7933 -30.5809 45.0027 -14.4872 -50.4390 1.8816 -84.7437 1.6976 2.0558 -0.2949 0.0000 -0.0001 0.0001 0.0000 0.0000 0.0000 0.0000 -0.0006 0.0003 0.0000 -0.0001 0.0001 0.0000 0.0000 0.0000 0.0000 0.0000 0.0000 0.0000 0.0007 0.0001 0.0000 -0.0011 0.0001 0.0000 -0.0008 0.0003 0.0000 0.0001 0.0000 0.0000 0.0000 0.0000 0.0000 -0.0009 0.0000 0.0000 0.0002 -29.9996 -0.0001 -0.0003 29.9996 0.0000 0.0000 0.0000 -1.4119 5.9652 -179.0122 0.0000 0.0000 0.0828 -12.3247 70.2942 -0.9623 0.0000 25.3510 0.0000 1.4655 -2.1527 -179.9071 0.0593 -8.1718 -0.0869 6.7191 70.5852 -1.1645 0.0000 25.3508 -0.0001 
20.3139 91.9833 -44.3445 3.4732 -0.4207 -0.0232 2.1567 2.2306 0.1403 2.1583 2.2323 0.1405 2.1632 2.2373 0.1409 42.7105 75.6066 -56.7454 58.4909 44.6597 28.9092 41.3902 -1.7022 79.3896 -0.9579 1.2475 0.6950 0.0000 0.0000 0.0001 0.0000 0.0000 0.0000 0.0000 -0.0013 -0.0008 0.0000 -0.0004 0.0001 0.0000 0.0000 0.0000 0.0000 0.0000 0.0000 0.0000 0.0002 0.0000 0.0000 -0.0006 0.0003 0.0000 0.0004 -0.0006 0.0000 0.0000 0.0001 0.0000 0.0000 0.0000 0.0000 -0.0010 -0.0002 0.0000 0.0002 30.0001 -0.0001 0.0005 -29.9998 0.0000 0.0000 0.0000 -2.2338 -1.3329 -0.0709 -2.2338 -1.3329 -0.0709 -45.1454 79.2115 59.8234 -32.1972 45.5234 -15.2219 -50.7494 3.2200 -84.7721 1.5755 1.9088 -0.2032 0.0000 -0.0001 0.0001 0.0000 0.0000 0.0000 0.0000 -0.0006 0.0002 0.0000 -0.0001 0.0001 0.0000 0.0000 0.0000 0.0000 0.0000 0.0000 0.0000 0.0007 0.0001 0.0000 -0.0012 0.0001 0.0000 -0.0008 0.0003 0.0000 0.0001 0.0000 0.0000 0.0000 0.0000 0.0000 -0.0009 0.0000 0.0000 0.0002 -29.9996 -0.0001 -0.0003 29.9996 0.0000 0.0000 0.0000 -1.4901 5.8094 -178.9867 0.0000 0.0000 0.0828 -12.0059 70.2796 -0.6108 0.0000 25.3510 0.0000 1.4643 -2.3687 -179.8864 0.0609 -8.3100 -0.0871 7.1728 70.6024 -0.7350 0.0000 25.3508 -0.0001 
20.3782 91.9492 -44.3090 3.5401 -0.2484 -0.0963 2.1539 2.2322 0.1479 2.1555 2.2339 0.1481 2.1604 2.2390 0.1485 41.9848 75.6823 -57.4905 59.5767 44.9236 29.7542 41.7176 -0.2298 79.0458 -0.8841 1.1734 0.6291 0.0000 0.0000 0.0001 0.0000 0.0000 0.0000 0.0000 -0.0013 -0.0008 0.0000 -0.0004 0.0001 0.0000 0.0000 0.0000 0.0000 0.0000 0.0000 0.0000 0.0002 0.0000 0.0000 -0.0006 0.0003 0.0000 0.0004 -0.0006 0.0000 0.0000 0.0001 0.0000 0.0000 0.0000 0.0000 -0.0010 -0.0002 0.0000 0.0003 30.0001 -0.0001 0.0005 -29.9998 0.0000 0.0000 0.0000 -2.2466 -1.4309 -0.0346 -2.2466 -1.4309 -0.0346 -42.9173 79.2221 62.0257 -33.6725 46.0878 -15.8271 -50.8700 4.4416 -84.5590 1.4667 1.7817 -0.1189 0.0000 -0.0001 0.0001 0.0000 0.0000 0.0000 0.0000 -0.0006 0.0003 0.0000 -0.0001 0.0001 0.0000 0.0000 0.0000 0.0000 0.0000 0.0000 0.0000 0.0007 0.0001 0.0000 -0.0012 0.0001 0.0000 -0.0008 0.0003 0.0000 0.0001 0.0000 0.0000 0.0000 0.0000 0.0000 -0.0009 0.0000 0.0000 0.0002 -29.9996 -0.0001 -0.0003 29.9996 0.0000 0.0000 0.0000 -1.5684 5.4719 -178.9595 0.0130 -0.3718 0.0827 -11.8314 70.4679 -0.3892 0.0000 25.3510 0.0000 1.4511 -2.5171 -179.8667 0.0617 -8.3173 -0.0872 7.6309 70.5706 -0.2851 0.0000 25.3508 -0.0001 
20.4468 91.9120 -44.2643 3.5997 -0.0674 -0.1671 2.1537 2.2279 0.1512 2.1552 2.2296 0.1514 2.1601 2.2347 0.1518 41.1941 75.7572 -58.3536 60.6213 45.2365 30.4991 41.8484 1.0300 78.5448 -0.8197 1.1092 0.5709 0.0000 0.0000 0.0001 0.0000 0.0000 0.0000 0.0000 -0.0013 -0.0008 0.0000 -0.0004 0.0001 0.0000 0.0000 0.0000 0.0000 0.0000 0.0000 0.0000 0.0002 0.0000 0.0000 -0.0006 0.0003 0.0000 0.0004 -0.0006 0.0000 0.0000 0.0001 0.0000 0.0000 0.0000 0.0000 -0.0010 -0.0002 0.0000 0.0002 30.0001 -0.0001 0.0005 -29.9998 0.0000 0.0000 0.0000 -2.2608 -1.5447 0.0072 -2.2608 -1.5447 0.0072 -40.7797 79.1917 64.2167 -34.9542 46.6785 -16.2594 -50.8400 5.4418 -84.1252 1.3711 1.6738 -0.0496 0.0000 -0.0001 0.0001 0.0000 0.0000 0.0000 0.0000 -0.0006 0.0003 0.0000 -0.0001 0.0001 0.0000 0.0000 0.0000 0.0000 0.0000 0.0000 0.0000 0.0007 0.0001 0.0000 -0.0012 0.0001 0.0000 -0.0008 0.0003 0.0000 0.0001 0.0000 0.0000 0.0000 0.0000 0.0000 -0.0009 0.0000 0.0000 0.0002 -29.9997 -0.0001 -0.0003 29.9996 0.0000 0.0000 0.0000 -1.6418 4.7827 -178.9359 0.0500 -1.4433 0.0821 -11.9152 71.0105 -0.4157 0.0000 25.3510 0.0000 1.4239 -2.6689 -179.8539 0.0616 -8.3276 -0.0872 8.1111 70.5490 0.2090 0.0000 25.3508 -0.0001 
20.5169 91.8862 -44.2312 3.6582 0.1043 -0.2157 2.1530 2.2192 0.1412 2.1546 2.2209 0.1413 2.1595 2.2259 0.1417 40.4311 75.8100 -59.2734 61.5381 45.6160 31.0745 41.7397 1.8610 77.9401 -0.7718 1.0620 0.5225 0.0000 0.0000 0.0001 0.0000 0.0000 0.0000 0.0000 -0.0013 -0.0008 0.0000 -0.0004 0.0001 0.0000 0.0000 0.0000 0.0000 0.0000 0.0000 0.0000 0.0002 0.0000 0.0000 -0.0006 0.0003 0.0000 0.0004 -0.0006 0.0000 0.0000 0.0001 0.0000 0.0000 0.0000 0.0000 -0.0010 -0.0002 0.0000 0.0003 30.0001 -0.0001 0.0005 -29.9998 0.0000 0.0000 0.0000 -2.2798 -1.6678 0.0627 -2.2798 -1.6678 0.0627 -38.9005 79.1070 66.2559 -35.9088 47.2504 -16.4473 -50.6695 6.1558 -83.4862 1.2952 1.5934 0.0015 0.0000 -0.0001 0.0001 0.0000 0.0000 0.0000 0.0000 -0.0006 0.0003 0.0000 -0.0001 0.0001 0.0000 0.0000 0.0000 0.0000 0.0000 0.0000 0.0000 0.0007 0.0001 0.0000 -0.0012 0.0001 0.0000 -0.0008 0.0003 0.0000 0.0001 0.0000 0.0000 0.0000 0.0000 0.0000 -0.0009 0.0000 0.0000 0.0002 -29.9996 -0.0001 -0.0003 29.9996 0.0000 0.0000 0.0000 -1.7274 4.0880 -178.9347 0.0865 -2.5284 0.0809 -12.0908 71.5606 -0.5297 0.0000 25.3510 0.0000 1.3619 -2.8496 -179.8669 0.0611 -8.4028 -0.0872 8.6089 70.5598 0.7566 0.0000 25.3508 -0.0001 
20.5819 91.8802 -44.2286 3.7134 0.2145 -0.2274 2.1441 2.2218 0.1205 2.1457 2.2235 0.1206 2.1505 2.2285 0.1210 39.7539 75.8481 -60.1909 62.2756 46.0233 31.5281 41.5242 2.2287 77.4061 -0.7403 1.0295 0.4787 0.0000 0.0000 0.0001 0.0000 0.0000 0.0000 0.0000 -0.0013 -0.0008 0.0000 -0.0004 0.0001 0.0000 0.0000 0.0000 0.0000 0.0000 0.0000 0.0000 0.0002 0.0000 0.0000 -0.0006 0.0003 0.0000 0.0004 -0.0006 0.0000 0.0000 0.0001 0.0000 0.0000 0.0000 0.0000 -0.0010 -0.0002 0.0000 0.0002 30.0001 -0.0001 0.0005 -29.9998 0.0000 0.0000 0.0000 -2.2945 -1.7857 0.1248 -2.2945 -1.7857 0.1248 -37.3482 78.9572 68.0108 -36.6679 47.7654 -16.5287 -50.4342 6.5835 -82.8283 1.2380 1.5353 0.0379 0.0000 -0.0001 0.0001 0.0000 0.0000 0.0000 0.0000 -0.0006 0.0003 0.0000 -0.0001 0.0001 0.0000 0.0000 0.0000 0.0000 0.0000 0.0000 0.0000 0.0007 0.0001 0.0000 -0.0012 0.0001 0.0000 -0.0008 0.0003 0.0000 0.0001 0.0000 0.0000 0.0000 0.0000 0.0000 -0.0009 0.0000 0.0000 0.0002 -29.9996 -0.0001 -0.0003 29.9996 0.0000 0.0000 0.0000 -1.8218 3.7631 -178.9681 0.0996 -2.9554 0.0802 -12.1266 71.7806 -0.5121 0.0000 25.3510 0.0000 1.2814 -3.0671 -179.9147 0.0619 -8.6358 -0.0874 9.1156 70.6356 1.3359 0.0000 25.3508 -0.0001 
20.6423 91.8808 -44.2505 3.7554 0.2621 -0.1980 2.1351 2.2317 0.0900 2.1367 2.2334 0.0901 2.1415 2.2385 0.0904 39.1320 75.8652 -61.0883 62.8334 46.4374 31.8684 41.2773 2.1632 76.9498 -0.7220 1.0094 0.4410 0.0000 0.0000 0.0001 0.0000 0.0000 0.0000 0.0000 -0.0013 -0.0008 0.0000 -0.0004 0.0001 0.0000 0.0000 0.0000 0.0000 0.0000 0.0000 0.0000 0.0002 0.0000 0.0000 -0.0006 0.0003 0.0000 0.0004 -0.0006 0.0000 0.0000 0.0001 0.0000 0.0000 0.0000 0.0000 -0.0010 -0.0002 0.0000 0.0002 30.0001 -0.0001 0.0005 -29.9998 0.0000 0.0000 0.0000 -2.3121 -1.8810 0.1887 -2.3121 -1.8810 0.1887 -36.1398 78.7671 69.4391 -37.3347 48.2020 -16.5761 -50.1671 6.7097 -82.2271 1.1950 1.4933 0.0606 0.0000 -0.0001 0.0001 0.0000 0.0000 0.0000 0.0000 -0.0006 0.0003 0.0000 -0.0001 0.0001 0.0000 0.0000 0.0000 0.0000 0.0000 0.0000 0.0000 0.0007 0.0001 0.0000 -0.0012 0.0001 0.0000 -0.0008 0.0003 0.0000 0.0001 0.0000 0.0000 0.0000 0.0000 0.0000 -0.0008 0.0000 0.0000 0.0002 -29.9996 -0.0001 -0.0003 29.9996 0.0000 0.0000 0.0000 -1.9086 3.8513 -179.0397 0.0881 -2.6517 0.0807 -11.9816 71.6405 -0.3279 0.0000 25.3510 0.0000 1.2044 -3.2462 179.9992 0.0632 -8.8838 -0.0876 9.5967 70.7074 1.8980 0.0000 25.3508 -0.0001 
20.7083 91.8693 -44.2877 3.7673 0.2630 -0.1742 2.1374 2.2355 0.0673 2.1390 2.2372 0.0674 2.1438 2.2423 0.0676 38.6261 75.8646 -61.8431 63.1560 46.8395 32.0730 41.0328 1.8854 76.5750 -0.7152 1.0024 0.4100 0.0000 0.0000 0.0001 0.0000 0.0000 0.0000 0.0000 -0.0013 -0.0008 0.0000 -0.0004 0.0001 0.0000 0.0000 0.0000 0.0000 0.0000 0.0000 0.0000 0.0002 0.0000 0.0000 -0.0006 0.0003 0.0000 0.0004 -0.0006 0.0000 0.0000 0.0001 0.0000 0.0000 0.0000 0.0000 -0.0010 -0.0002 0.0000 0.0002 30.0001 -0.0001 0.0005 -29.9998 0.0000 0.0000 0.0000 -2.3408 -1.9222 0.2487 -2.3408 -1.9222 0.2487 -35.3643 78.5697 70.4007 -37.9420 48.5309 -16.6109 -49.9236 6.7862 -81.7278 1.1605 1.4605 0.0712 0.0000 -0.0001 0.0001 0.0000 0.0000 0.0000 0.0000 -0.0006 0.0003 0.0000 -0.0001 0.0001 0.0000 0.0000 0.0000 0.0000 0.0000 0.0000 0.0000 0.0007 0.0001 0.0000 -0.0012 0.0001 0.0000 -0.0008 0.0003 0.0000 0.0001 0.0000 0.0000 0.0000 0.0000 0.0000 -0.0009 0.0000 0.0000 0.0002 -29.9997 -0.0001 -0.0003 29.9996 0.0000 0.0000 0.0000 -1.9552 3.6999 -179.1081 0.0956 -2.9097 0.0804 -12.0849 71.7838 -0.4060 0.0000 25.3510 0.0000 1.1515 -3.3916 179.9163 0.0642 -9.1324 -0.0878 10.0459 70.7733 2.4295 0.0000 25.3508 -0.0001 
20.7904 91.8457 -44.3101 3.7464 0.2640 -0.1918 2.1547 2.2297 0.0634 2.1563 2.2314 0.0634 2.1612 2.2365 0.0637 38.2469 75.8667 -62.4075 63.3109 47.1849 32.2240 40.8013 1.7871 76.2659 -0.7136 1.0031 0.3813 0.0000 0.0000 0.0001 0.0000 0.0000 0.0000 0.0000 -0.0013 -0.0008 0.0000 -0.0004 0.0001 0.0000 0.0000 0.0000 0.0000 0.0000 0.0000 0.0000 0.0003 0.0000 0.0000 -0.0006 0.0003 0.0000 0.0004 -0.0006 0.0000 0.0000 0.0001 0.0000 0.0000 0.0000 0.0000 -0.0010 -0.0002 0.0000 0.0003 30.0001 -0.0001 0.0005 -29.9998 0.0000 0.0000 0.0000 -2.3776 -1.9170 0.2999 -2.3776 -1.9170 0.2999 -34.8054 78.3954 71.0746 -38.4768 48.7857 -16.6519 -49.7547 7.1721 -81.3266 1.1294 1.4294 0.0819 0.0000 -0.0001 0.0001 0.0000 0.0000 0.0000 0.0000 -0.0006 0.0003 0.0000 -0.0001 0.0001 0.0000 0.0000 0.0000 0.0000 0.0000 0.0000 0.0000 0.0007 0.0001 0.0000 -0.0011 0.0001 0.0000 -0.0008 0.0003 0.0000 0.0001 0.0000 0.0000 0.0000 0.0000 0.0000 -0.0009 0.0000 0.0000 0.0002 -29.9996 -0.0001 -0.0003 29.9996 0.0000 0.0000 0.0000 -1.9383 3.1785 -179.1426 0.1280 -3.9386 0.0784 -12.4527 72.3272 -0.7678 0.0000 25.3510 0.0000 1.1289 -3.5316 179.8667 0.0648 -9.3833 -0.0880 10.4867 70.8462 2.9546 0.0000 25.3508 -0.0001 
20.8894 91.8115 -44.3106 3.7003 0.2633 -0.2499 2.1795 2.2157 0.0802 2.1811 2.2174 0.0803 2.1861 2.2224 0.0806 37.9373 75.8822 -62.8486 63.3383 47.4650 32.3213 40.5832 1.9026 76.0260 -0.7150 1.0085 0.3540 0.0000 0.0000 0.0001 0.0000 0.0000 0.0000 0.0000 -0.0013 -0.0008 0.0000 -0.0004 0.0001 0.0000 0.0000 0.0000 0.0000 0.0000 0.0000 0.0000 0.0003 0.0000 0.0000 -0.0006 0.0003 0.0000 0.0004 -0.0006 0.0000 0.0000 0.0001 0.0000 0.0000 0.0000 0.0000 -0.0010 -0.0002 0.0000 0.0002 30.0001 -0.0001 0.0005 -29.9998 0.0000 0.0000 0.0000 -2.4121 -1.8657 0.3363 -2.4121 -1.8657 0.3363 -34.4050 78.2432 71.5074 -38.9576 48.9817 -16.7048 -49.6112 7.7254 -80.9912 1.1021 1.4018 0.0909 0.0000 -0.0001 0.0001 0.0000 0.0000 0.0000 0.0000 -0.0006 0.0003 0.0000 -0.0001 0.0001 0.0000 0.0000 0.0000 0.0000 0.0000 0.0000 0.0000 0.0007 0.0001 0.0000 -0.0012 0.0001 0.0000 -0.0008 0.0003 0.0000 0.0001 0.0000 0.0000 0.0000 0.0000 0.0000 -0.0008 0.0000 0.0000 0.0002 -29.9996 -0.0001 -0.0003 29.9996 0.0000 0.0000 0.0000 -1.8556 2.4791 -179.1448 0.1722 -5.3646 0.0747 -12.9473 73.0867 -1.2847 0.0000 25.3510 0.0000 1.1262 -3.6359 179.8486 0.0647 -9.5909 -0.0881 10.9130 70.9076 3.4715 0.0000 25.3508 -0.0001 
21.0127 91.7752 -44.2897 3.6296 0.2480 -0.3640 2.2202 2.1914 0.1218 2.2219 2.1931 0.1219 2.2269 2.1980 0.1223 37.6494 75.9210 -63.1524 63.2578 47.6240 32.3528 40.3196 2.1246 75.8706 -0.7209 1.0197 0.3330 0.0000 0.0000 0.0001 0.0000 0.0000 0.0000 0.0000 -0.0013 -0.0008 0.0000 -0.0004 0.0001 0.0000 0.0000 0.0000 0.0000 0.0000 0.0000 0.0000 0.0002 0.0000 0.0000 -0.0006 0.0003 0.0000 0.0004 -0.0006 0.0000 0.0000 0.0001 0.0000 0.0000 0.0000 0.0000 -0.0010 -0.0002 0.0000 0.0002 30.0001 -0.0001 0.0005 -29.9998 0.0000 0.0000 0.0000 -2.4552 -1.7389 0.3570 -2.4552 -1.7389 0.3570 -34.1623 78.1446 71.7075 -39.3322 49.0813 -16.7589 -49.4877 8.1970 -80.7311 1.0816 1.3819 0.0921 0.0000 -0.0001 0.0001 0.0000 0.0000 0.0000 0.0000 -0.0006 0.0003 0.0000 -0.0001 0.0001 0.0000 0.0000 0.0000 0.0000 0.0000 0.0000 0.0000 0.0007 0.0001 0.0000 -0.0012 0.0001 0.0000 -0.0008 0.0003 0.0000 0.0001 0.0000 0.0000 0.0000 0.0000 0.0000 -0.0009 0.0000 0.0000 0.0002 -29.9997 -0.0001 -0.0003 29.9996 0.0000 0.0000 0.0000 -1.7001 1.8622 -179.1047 0.2115 -6.6915 0.0704 -13.3292 73.8136 -1.7222 0.0000 25.3510 0.0000 1.1356 -3.7217 179.8727 0.0640 -9.8136 -0.0882 11.3413 70.9845 4.0089 0.0000 25.3508 -0.0001 
21.1505 91.7357 -44.2755 3.5699 0.2236 -0.4870 2.2566 2.1581 0.1662 2.2583 2.1597 0.1663 2.2634 2.1646 0.1668 37.4170 75.9906 -63.3345 63.1690 47.6801 32.3779 39.9836 2.2585 75.8115 -0.7306 1.0344 0.3174 0.0000 0.0000 0.0001 0.0000 0.0000 0.0000 0.0000 -0.0013 -0.0008 0.0000 -0.0004 0.0001 0.0000 0.0000 0.0000 0.0000 0.0000 0.0000 0.0000 0.0002 0.0000 0.0000 -0.0006 0.0003 0.0000 0.0004 -0.0006 0.0000 0.0000 0.0001 0.0000 0.0000 0.0000 0.0000 -0.0010 -0.0002 0.0000 0.0002 30.0001 -0.0001 0.0005 -29.9998 0.0000 0.0000 0.0000 -2.4935 -1.5510 0.3714 -2.4935 -1.5510 0.3714 -34.0049 78.0889 71.7837 -39.6286 49.0825 -16.8477 -49.3871 8.5330 -80.4964 1.0664 1.3694 0.0848 0.0000 -0.0001 0.0001 0.0000 0.0000 0.0000 0.0000 -0.0006 0.0003 0.0000 -0.0001 0.0001 0.0000 0.0000 0.0000 0.0000 0.0000 0.0000 0.0000 0.0007 0.0001 0.0000 -0.0012 0.0001 0.0000 -0.0008 0.0003 0.0000 0.0001 0.0000 0.0000 0.0000 0.0000 0.0000 -0.0009 0.0000 0.0000 0.0002 -29.9996 -0.0001 -0.0003 29.9996 0.0000 0.0000 0.0000 -1.5416 1.3112 -179.0663 0.2441 -7.8919 0.0660 -13.5816 74.4648 -2.0332 0.0000 25.3510 0.0000 1.1230 -3.8234 179.8951 0.0633 -10.0790 -0.0883 11.7855 71.0764 4.5816 0.0000 25.3508 -0.0001 
21.2992 91.6909 -44.2775 3.5378 0.1825 -0.6105 2.2777 2.1228 0.2102 2.2794 2.1245 0.2104 2.2846 2.1293 0.2110 37.2473 76.0728 -63.4362 63.1018 47.6561 32.4394 39.6129 2.3295 75.8464 -0.7434 1.0512 0.3037 0.0000 0.0000 0.0001 0.0000 0.0000 0.0000 0.0000 -0.0013 -0.0008 0.0000 -0.0004 0.0001 0.0000 0.0000 0.0000 0.0000 0.0000 0.0000 0.0000 0.0002 0.0000 0.0000 -0.0006 0.0003 0.0000 0.0004 -0.0006 0.0000 0.0000 0.0001 0.0000 0.0000 0.0000 0.0000 -0.0010 -0.0002 0.0000 0.0002 30.0001 -0.0001 0.0005 -29.9998 0.0000 0.0000 0.0000 -2.5208 -1.3237 0.3816 -2.5208 -1.3237 0.3816 -33.9068 78.0604 71.7726 -39.8783 49.0107 -16.9877 -49.2947 8.7860 -80.2672 1.0554 1.3629 0.0723 0.0000 -0.0001 0.0001 0.0000 0.0000 0.0000 0.0000 -0.0006 0.0003 0.0000 -0.0001 0.0001 0.0000 0.0000 0.0000 0.0000 0.0000 0.0000 0.0000 0.0007 0.0001 0.0000 -0.0011 0.0001 0.0000 -0.0008 0.0003 0.0000 0.0001 0.0000 0.0000 0.0000 0.0000 0.0000 -0.0009 0.0000 0.0000 0.0002 -29.9997 -0.0001 -0.0003 29.9996 0.0000 0.0000 0.0000 -1.4055 0.7934 -179.0362 0.2709 -9.0306 0.0615 -13.7338 75.0652 -2.2413 0.0000 25.3510 0.0000 1.0770 -3.9576 179.9097 0.0629 -10.4273 -0.0884 12.2662 71.1984 5.2032 0.0000 25.3508 -0.0001 
21.4630 91.6400 -44.3086 3.5526 0.1131 -0.7264 2.2784 2.0912 0.2490 2.2801 2.0928 0.2492 2.2853 2.0975 0.2499 37.0996 76.1402 -63.5125 63.0240 47.5443 32.5502 39.2778 2.3612 75.9845 -0.7600 1.0712 0.2904 0.0000 0.0000 0.0001 0.0000 0.0000 0.0000 0.0000 -0.0013 -0.0008 0.0000 -0.0004 0.0001 0.0000 0.0000 0.0000 0.0000 0.0000 0.0000 0.0000 0.0002 0.0000 0.0000 -0.0006 0.0003 0.0000 0.0004 -0.0006 0.0000 0.0000 0.0001 0.0000 0.0000 0.0000 0.0000 -0.0010 -0.0002 0.0000 0.0002 30.0001 -0.0001 0.0005 -29.9998 0.0000 0.0000 0.0000 -2.5398 -1.0673 0.3894 -2.5398 -1.0673 0.3894 -33.8504 78.0600 71.7069 -40.0709 48.8497 -17.2027 -49.2042 8.9835 -80.0775 1.0509 1.3645 0.0577 0.0000 -0.0001 0.0001 0.0000 0.0000 0.0000 0.0000 -0.0006 0.0003 0.0000 -0.0001 0.0001 0.0000 0.0000 0.0000 0.0000 0.0000 0.0000 0.0000 0.0007 0.0001 0.0000 -0.0012 0.0001 0.0000 -0.0008 0.0003 0.0000 0.0001 0.0000 0.0000 0.0000 0.0000 0.0000 -0.0009 0.0000 0.0000 0.0002 -29.9997 -0.0001 -0.0003 29.9996 0.0000 0.0000 0.0000 -1.3151 0.2916 -179.0259 0.2907 -10.1448 0.0571 -13.7767 75.6255 -2.3319 0.0000 25.3510 0.0000 0.9921 -4.1474 179.9051 0.0631 -10.9168 -0.0887 12.8204 71.3697 5.8956 0.0000 25.3508 -0.0001 
21.6389 91.5818 -44.3655 3.5962 0.0241 -0.8331 2.2659 2.0651 0.2805 2.2676 2.0666 0.2807 2.2727 2.0713 0.2815 36.9098 76.1826 -63.6339 62.9127 47.3982 32.6986 39.0182 2.3824 76.1211 -0.7778 1.0928 0.2771 0.0000 0.0000 0.0001 0.0000 0.0000 0.0000 0.0000 -0.0013 -0.0008 0.0000 -0.0004 0.0001 0.0000 0.0000 0.0000 0.0000 0.0000 0.0000 0.0000 0.0003 0.0000 0.0000 -0.0006 0.0003 0.0000 0.0004 -0.0006 0.0000 0.0000 0.0001 0.0000 0.0000 0.0000 0.0000 -0.0010 -0.0002 0.0000 0.0003 30.0001 -0.0001 0.0005 -29.9998 0.0000 0.0000 0.0000 -2.5531 -0.8111 0.3988 -2.5531 -0.8111 0.3988 -33.7838 78.0654 71.6484 -40.2075 48.6538 -17.4495 -49.1467 9.1984 -79.9264 1.0501 1.3698 0.0452 0.0000 -0.0001 0.0001 0.0000 0.0000 0.0000 0.0000 -0.0006 0.0003 0.0000 -0.0001 0.0001 0.0000 0.0000 0.0000 0.0000 0.0000 0.0000 0.0000 0.0007 0.0001 0.0000 -0.0012 0.0001 0.0000 -0.0008 0.0003 0.0000 0.0001 0.0000 0.0000 0.0000 0.0000 0.0000 -0.0009 0.0000 0.0000 0.0002 -29.9996 -0.0001 -0.0003 29.9996 0.0000 0.0000 0.0000 -1.2596 -0.2103 -179.0343 0.3041 -11.2610 0.0529 -13.7772 76.1755 -2.3736 0.0000 25.3510 0.0000 0.9004 -4.3783 179.8826 0.0644 -11.5002 -0.0892 13.4318 71.5677 6.6234 0.0000 25.3508 -0.0001 
21.8315 91.5186 -44.4457 3.6495 -0.0749 -0.9397 2.2459 2.0429 0.3086 2.2475 2.0444 0.3089 2.2527 2.0491 0.3097 36.6873 76.2054 -63.7949 62.7807 47.2285 32.8960 38.8437 2.4021 76.2334 -0.7958 1.1151 0.2641 0.0000 0.0000 0.0001 0.0000 0.0000 0.0000 0.0000 -0.0013 -0.0008 0.0000 -0.0004 0.0001 0.0000 0.0000 0.0000 0.0000 0.0000 0.0000 0.0000 0.0002 0.0000 0.0000 -0.0006 0.0003 0.0000 0.0004 -0.0006 0.0000 0.0000 0.0001 0.0000 0.0000 0.0000 0.0000 -0.0010 -0.0002 0.0000 0.0003 30.0001 -0.0001 0.0005 -29.9998 0.0000 0.0000 0.0000 -2.5579 -0.5646 0.4101 -2.5579 -0.5646 0.4101 -33.7005 78.0646 71.6033 -40.3157 48.4523 -17.7224 -49.1441 9.4418 -79.7961 1.0503 1.3757 0.0344 0.0000 -0.0001 0.0001 0.0000 0.0000 0.0000 0.0000 -0.0006 0.0003 0.0000 -0.0001 0.0001 0.0000 0.0000 0.0000 0.0000 0.0000 0.0000 0.0000 0.0007 0.0001 0.0000 -0.0012 0.0001 0.0000 -0.0008 0.0003 0.0000 0.0001 0.0000 0.0000 0.0000 0.0000 0.0000 -0.0009 0.0000 0.0000 0.0002 -29.9996 -0.0001 -0.0003 29.9996 0.0000 0.0000 0.0000 -1.2130 -0.7285 -179.0544 0.3106 -12.4015 0.0491 -13.7585 76.7335 -2.3986 0.0000 25.3510 0.0000 0.8164 -4.6579 179.8484 0.0670 -12.1726 -0.0898 14.0941 71.7881 7.3834 0.0000 25.3508 -0.0001 
22.0712 91.4400 -44.5571 3.6874 -0.1816 -1.0567 2.2260 2.0268 0.3359 2.2276 2.0283 0.3361 2.2327 2.0329 0.3370 36.3869 76.1955 -64.0331 62.6446 47.0245 33.1527 38.8083 2.4439 76.2633 -0.8101 1.1339 0.2542 0.0000 0.0000 0.0001 0.0000 0.0000 0.0000 0.0000 -0.0013 -0.0008 0.0000 -0.0004 0.0001 0.0000 0.0000 0.0000 0.0000 0.0000 0.0000 0.0000 0.0002 0.0000 0.0000 -0.0006 0.0003 0.0000 0.0004 -0.0006 0.0000 0.0000 0.0001 0.0000 0.0000 0.0000 0.0000 -0.0010 -0.0002 0.0000 0.0002 30.0001 -0.0001 0.0005 -29.9998 0.0000 0.0000 0.0000 -2.5521 -0.3425 0.4245 -2.5521 -0.3425 0.4245 -33.5822 78.0477 71.5995 -40.4245 48.2557 -18.0367 -49.2005 9.7078 -79.6594 1.0496 1.3806 0.0249 0.0000 -0.0001 0.0001 0.0000 0.0000 0.0000 0.0000 -0.0006 0.0003 0.0000 -0.0001 0.0001 0.0000 0.0000 0.0000 0.0000 0.0000 0.0000 0.0000 0.0007 0.0001 0.0000 -0.0011 0.0001 0.0000 -0.0008 0.0003 0.0000 0.0001 0.0000 0.0000 0.0000 0.0000 0.0000 -0.0009 0.0000 0.0000 0.0002 -29.9996 -0.0001 -0.0003 29.9996 0.0000 0.0000 0.0000 -1.1285 -1.2352 -179.0930 0.3033 -13.5053 0.0470 -13.6274 77.2792 -2.3351 0.0000 25.3510 0.0000 0.7595 -4.9849 179.7941 0.0715 -12.9106 -0.0908 14.7991 72.0002 8.1722 0.0000 25.0222 -0.0001 
22.3069 91.3712 -44.6502 3.6898 -0.2968 -1.1826 2.2101 2.0177 0.3619 2.2117 2.0191 0.3622 2.2168 2.0238 0.3631 36.0192 76.1597 -64.3360 62.5444 46.7848 33.4327 38.8457 2.5495 76.1865 -0.8200 1.1494 0.2500 0.0000 0.0000 0.0001 0.0000 0.0000 0.0000 0.0000 -0.0013 -0.0008 0.0000 -0.0004 0.0001 0.0000 0.0000 0.0000 0.0000 0.0000 0.0000 0.0000 0.0002 0.0000 0.0000 -0.0006 0.0003 0.0000 0.0004 -0.0006 0.0000 0.0000 0.0001 0.0000 0.0000 0.0000 0.0000 -0.0010 -0.0002 0.0000 0.0002 30.0001 -0.0001 0.0005 -29.9998 0.0000 0.0000 0.0000 -2.5341 -0.1429 0.4426 -2.5341 -0.1429 0.4426 -33.4054 78.0240 71.6476 -40.5555 48.0631 -18.3678 -49.2546 9.9433 -79.5021 1.0480 1.3849 0.0149 0.0000 -0.0001 0.0001 0.0000 0.0000 0.0000 0.0000 -0.0006 0.0003 0.0000 -0.0001 0.0001 0.0000 0.0000 0.0000 0.0000 0.0000 0.0000 0.0000 0.0007 0.0001 0.0000 -0.0012 0.0001 0.0000 -0.0008 0.0003 0.0000 0.0001 0.0000 0.0000 0.0000 0.0000 0.0000 -0.0009 0.0000 0.0000 0.0002 -29.9997 -0.0001 -0.0003 29.9996 0.0000 0.0000 0.0000 -0.9696 -1.6717 -179.1128 0.2904 -14.5179 0.0459 -13.5102 77.8036 -2.3280 0.0000 25.3510 0.0000 0.7395 -5.3401 179.7385 0.0859 -13.7266 -0.0930 15.4750 72.2292 8.9330 0.0000 25.0221 -0.0001 
22.5378 91.3112 -44.7192 3.6603 -0.4191 -1.3135 2.1967 2.0147 0.3849 2.1982 2.0162 0.3852 2.2033 2.0208 0.3862 35.6046 76.1066 -64.6777 62.5060 46.5160 33.7166 38.9079 2.7187 76.0424 -0.8252 1.1603 0.2503 0.0000 0.0000 0.0001 0.0000 0.0000 0.0000 0.0000 -0.0013 -0.0008 0.0000 -0.0004 0.0001 0.0000 0.0000 0.0000 0.0000 0.0000 0.0000 0.0000 0.0002 0.0000 0.0000 -0.0006 0.0003 0.0000 0.0004 -0.0006 0.0000 0.0000 0.0001 0.0000 0.0000 0.0000 0.0000 -0.0010 -0.0002 0.0000 0.0002 30.0001 -0.0001 0.0005 -29.9998 0.0000 0.0000 0.0000 -2.5051 0.0365 0.4667 -2.5051 0.0365 0.4667 -33.1660 77.9966 71.7536 -40.7244 47.8706 -18.7153 -49.2866 10.1368 -79.3184 1.0451 1.3883 0.0039 0.0000 -0.0001 0.0001 0.0000 0.0000 0.0000 0.0000 -0.0006 0.0003 0.0000 -0.0001 0.0001 0.0000 0.0000 0.0000 0.0000 0.0000 0.0000 0.0000 0.0007 0.0001 0.0000 -0.0012 0.0001 0.0000 -0.0008 0.0003 0.0000 0.0001 0.0000 0.0000 0.0000 0.0000 0.0000 -0.0009 0.0000 0.0000 0.0002 -29.9996 -0.0001 -0.0003 29.9996 0.0000 0.0000 0.0000 -0.7446 -2.0203 -179.1167 0.2731 -15.4056 0.0460 -13.3846 78.2854 -2.3512 0.0000 25.3510 0.0000 0.7531 -5.7374 179.6302 0.1013 -14.6355 -0.0957 16.2721 72.4637 9.8301 0.0000 25.0220 -0.0001 
22.7444 91.2550 -44.7477 3.5943 -0.5507 -1.4391 2.1837 2.0216 0.3988 2.1852 2.0230 0.3991 2.1902 2.0277 0.4001 35.1480 76.0347 -65.0467 62.5868 46.2210 33.9866 38.9553 2.9545 75.8698 -0.8250 1.1652 0.2555 0.0000 0.0000 0.0001 0.0000 0.0000 0.0000 0.0000 -0.0013 -0.0008 0.0000 -0.0004 0.0001 0.0000 0.0000 0.0000 0.0000 0.0000 0.0000 0.0000 0.0002 0.0000 0.0000 -0.0006 0.0003 0.0000 0.0004 -0.0006 0.0000 0.0000 0.0001 0.0000 0.0000 0.0000 0.0000 -0.0010 -0.0002 0.0000 0.0003 30.0001 -0.0001 0.0005 -29.9998 0.0000 0.0000 0.0000 -2.4644 0.1826 0.4999 -2.4644 0.1826 0.4999 -32.8690 77.9766 71.9238 -40.9432 47.6644 -19.0916 -49.2879 10.2789 -79.0976 1.0404 1.3904 -0.0093 0.0000 -0.0001 0.0001 0.0000 0.0000 0.0000 0.0000 -0.0006 0.0003 0.0000 -0.0001 0.0001 0.0000 0.0000 0.0000 0.0000 0.0000 0.0000 0.0000 0.0007 0.0001 0.0000 -0.0012 0.0001 0.0000 -0.0008 0.0003 0.0000 0.0001 0.0000 0.0000 0.0000 0.0000 0.0000 -0.0009 0.0000 0.0000 0.0002 -29.9996 -0.0001 -0.0003 29.9996 0.0000 0.0000 0.0000 -0.4560 -2.2793 -179.1011 0.2576 -16.1871 0.0463 -13.3942 78.7232 -2.5441 0.0000 25.3511 0.0000 0.8096 -6.2974 179.4164 0.1198 -15.8948 -0.0994 17.3136 72.7767 10.9999 0.0000 25.0218 -0.0001 
22.9759 91.1834 -44.7729 3.5115 -0.6871 -1.5364 2.1636 2.0387 0.3976 2.1651 2.0401 0.3979 2.1702 2.0448 0.3989 34.6752 75.9504 -65.4317 62.7208 45.9404 34.2099 39.0049 3.2205 75.7142 -0.8218 1.1658 0.2619 0.0000 0.0000 0.0001 0.0000 0.0000 0.0000 0.0000 -0.0013 -0.0008 0.0000 -0.0004 0.0001 0.0000 0.0000 0.0000 0.0000 0.0000 0.0000 0.0000 0.0002 0.0000 0.0000 -0.0006 0.0003 0.0000 0.0004 -0.0006 0.0000 0.0000 0.0001 0.0000 0.0000 0.0000 0.0000 -0.0010 -0.0002 0.0000 0.0003 30.0001 -0.0001 0.0005 -29.9998 0.0000 0.0000 0.0000 -2.4147 0.2914 0.5365 -2.4147 0.2915 0.5365 -32.5731 77.9606 72.0993 -41.1847 47.4397 -19.4733 -49.3030 10.4219 -78.8829 1.0339 1.3904 -0.0243 0.0000 -0.0001 0.0001 0.0000 0.0000 0.0000 0.0000 -0.0006 0.0003 0.0000 -0.0001 0.0001 0.0000 0.0000 0.0000 0.0000 0.0000 0.0000 0.0000 0.0007 0.0001 0.0000 -0.0011 0.0001 0.0000 -0.0008 0.0003 0.0000 0.0001 0.0000 0.0000 0.0000 0.0000 0.0000 -0.0009 0.0000 0.0000 0.0002 -29.9997 -0.0001 -0.0003 29.9996 0.0000 0.0000 0.0000 -0.1594 -2.5236 -179.1287 0.2341 -16.9535 0.0480 -13.4556 79.1358 -2.7869 0.0000 25.3510 0.0000 0.9607 -7.0263 179.0458 0.1223 -17.5222 -0.1015 18.8029 73.1541 12.5870 0.0000 25.0213 -0.0001 
23.2224 91.0971 -44.8033 3.4150 -0.8278 -1.5922 2.1331 2.0658 0.3778 2.1345 2.0672 0.3781 2.1395 2.0720 0.3790 34.2108 75.8576 -65.8207 62.8661 45.6938 34.3788 39.0648 3.4895 75.5807 -0.8172 1.1640 0.2683 0.0000 0.0000 0.0001 0.0000 0.0000 0.0000 0.0000 -0.0013 -0.0008 0.0000 -0.0004 0.0001 0.0000 0.0000 0.0000 0.0000 0.0000 0.0000 0.0000 0.0002 0.0000 0.0000 -0.0006 0.0003 0.0000 0.0004 -0.0006 0.0000 0.0000 0.0001 0.0000 0.0000 0.0000 0.0000 -0.0010 -0.0002 0.0000 0.0002 30.0001 -0.0001 0.0005 -29.9998 0.0000 0.0000 0.0000 -2.3532 0.3630 0.5727 -2.3532 0.3630 0.5727 -32.2912 77.9426 72.2590 -41.4222 47.2016 -19.8389 -49.3520 10.5828 -78.7004 1.0271 1.3896 -0.0402 0.0000 -0.0001 0.0001 0.0000 0.0000 0.0000 0.0000 -0.0006 0.0003 0.0000 -0.0001 0.0001 0.0000 0.0000 0.0000 0.0000 0.0000 0.0000 0.0000 0.0007 0.0001 0.0000 -0.0011 0.0001 0.0000 -0.0008 0.0003 0.0000 0.0001 0.0000 0.0000 0.0000 0.0000 0.0000 -0.0009 0.0000 0.0000 0.0002 -29.9997 -0.0001 -0.0003 29.9996 0.0000 0.0000 0.0000 0.1267 -2.7597 -179.2070 0.2043 -17.7048 0.0511 -13.6059 79.5206 -3.1036 0.0000 25.3510 0.0000 1.3428 -7.9180 178.5592 0.1171 -19.4829 -0.1027 20.7900 73.5655 14.5086 0.0000 25.0205 -0.0001 
23.4918 91.0048 -44.8395 3.2906 -0.9739 -1.5735 2.0919 2.1056 0.3303 2.0934 2.1071 0.3305 2.0982 2.1120 0.3314 33.7555 75.7665 -66.2210 63.0189 45.5106 34.4877 39.1205 3.7144 75.4820 -0.8117 1.1600 0.2727 0.0000 0.0000 0.0001 0.0000 0.0000 0.0000 0.0000 -0.0013 -0.0008 0.0000 -0.0004 0.0001 0.0000 0.0000 0.0000 0.0000 0.0000 0.0000 0.0000 0.0002 -0.0001 0.0000 -0.0006 0.0003 0.0000 0.0004 -0.0006 0.0000 0.0000 0.0001 0.0000 0.0000 0.0000 0.0000 -0.0010 -0.0002 0.0000 0.0003 30.0001 -0.0001 0.0005 -29.9998 0.0000 0.0000 0.0000 -2.2779 0.3811 0.5976 -2.2779 0.3811 0.5976 -32.0729 77.8991 72.3680 -41.6299 46.9608 -20.1600 -49.4766 10.7736 -78.5918 1.0210 1.3882 -0.0559 0.0000 -0.0001 0.0001 0.0000 0.0000 0.0000 0.0000 -0.0006 0.0003 0.0000 -0.0001 0.0001 0.0000 0.0000 0.0000 0.0000 0.0000 0.0000 0.0000 0.0007 0.0001 0.0000 -0.0012 0.0001 0.0000 -0.0008 0.0003 0.0000 0.0001 0.0000 0.0000 0.0000 0.0000 0.0000 -0.0009 0.0000 0.0000 0.0002 -29.9997 -0.0001 -0.0003 29.9996 0.0000 0.0000 0.0000 0.3691 -2.9483 -179.3783 0.1655 -18.3686 0.0561 -13.8960 79.8413 -3.5040 0.0000 25.3510 0.0000 1.8695 -8.9910 177.9037 0.1010 -21.7860 -0.1021 22.9643 73.9473 16.5686 0.0000 25.0192 -0.0001 
23.7439 90.9117 -44.8758 3.1262 -1.1262 -1.4998 2.0509 2.1557 0.2664 2.0523 2.1573 0.2666 2.0571 2.1623 0.2673 33.2915 75.6781 -66.6531 63.1887 45.3773 34.5761 39.1468 3.8752 75.3917 -0.8066 1.1558 0.2746 0.0000 0.0000 0.0001 0.0000 0.0000 0.0000 0.0000 -0.0013 -0.0008 0.0000 -0.0004 0.0001 0.0000 0.0000 0.0000 0.0000 0.0000 0.0000 0.0000 0.0002 0.0000 0.0000 -0.0006 0.0003 0.0000 0.0004 -0.0006 0.0000 0.0000 0.0001 0.0000 0.0000 0.0000 0.0000 -0.0010 -0.0002 0.0000 0.0003 30.0001 -0.0001 0.0005 -29.9998 0.0000 0.0000 0.0000 -2.1936 0.3584 0.6030 -2.1936 0.3584 0.6030 -31.9134 77.8251 72.4397 -41.7974 46.7366 -20.4431 -49.6755 10.9870 -78.5248 1.0155 1.3866 -0.0706 0.0000 -0.0001 0.0001 0.0000 0.0000 0.0000 0.0000 -0.0006 0.0003 0.0000 -0.0001 0.0001 0.0000 0.0000 0.0000 0.0000 0.0000 0.0000 0.0000 0.0007 0.0001 0.0000 -0.0012 0.0001 0.0000 -0.0008 0.0003 0.0000 0.0001 0.0000 0.0000 0.0000 0.0000 0.0000 -0.0008 0.0000 0.0000 0.0002 -29.9997 -0.0001 -0.0003 29.9996 0.0000 0.0000 0.0000 0.5625 -3.0647 -179.5989 0.1264 -18.9080 0.0618 -14.4329 80.0873 -4.0802 0.0000 25.3511 0.0000 2.4390 -10.1251 177.1660 0.0824 -24.2438 -0.1003 24.8168 74.2770 18.3386 0.0000 25.0171 -0.0001 
23.9764 90.8219 -44.9197 2.9196 -1.2802 -1.3891 2.0112 2.2119 0.1935 2.0126 2.2135 0.1937 2.0173 2.2186 0.1942 32.8118 75.5944 -67.1277 63.3627 45.2828 34.6441 39.1506 3.9972 75.2924 -0.8013 1.1509 0.2745 0.0000 0.0000 0.0001 0.0000 0.0000 0.0000 0.0000 -0.0013 -0.0008 0.0000 -0.0004 0.0001 0.0000 0.0000 0.0000 0.0000 0.0000 0.0000 0.0000 0.0002 0.0000 0.0000 -0.0006 0.0003 0.0000 0.0004 -0.0006 0.0000 0.0000 0.0001 0.0000 0.0000 0.0000 0.0000 -0.0010 -0.0002 0.0000 0.0002 30.0001 -0.0001 0.0005 -29.9998 0.0000 0.0000 0.0000 -2.0973 0.3083 0.5890 -2.0973 0.3083 0.5890 -31.7723 77.7266 72.5004 -41.9426 46.5328 -20.6970 -49.9212 11.2116 -78.4759 1.0101 1.3849 -0.0845 0.0000 -0.0001 0.0001 0.0000 0.0000 0.0000 0.0000 -0.0006 0.0003 0.0000 -0.0001 0.0001 0.0000 0.0000 0.0000 0.0000 0.0000 0.0000 0.0000 0.0007 0.0001 0.0000 -0.0012 0.0001 0.0000 -0.0008 0.0003 0.0000 0.0001 0.0000 0.0000 0.0000 0.0000 0.0000 -0.0008 0.0000 0.0000 0.0002 -29.9996 -0.0001 -0.0003 29.9996 0.0000 0.0000 0.0000 0.7306 -3.1374 -179.8491 0.0889 -19.3595 0.0676 -15.1545 80.2778 -4.7875 0.0000 25.3510 0.0000 2.9854 -11.2624 176.3773 0.0584 -26.7690 -0.0966 26.2267 74.5585 19.7496 0.0000 25.0140 -0.0001 
24.1598 90.7378 -44.9744 2.6485 -1.4294 -1.2432 1.9786 2.2700 0.1161 1.9800 2.2717 0.1162 1.9846 2.2769 0.1166 32.3279 75.5296 -67.6337 63.5293 45.2283 34.6744 39.1170 4.0724 75.1867 -0.7958 1.1456 0.2727 0.0000 0.0000 0.0001 0.0000 0.0000 0.0000 0.0000 -0.0013 -0.0008 0.0000 -0.0004 0.0001 0.0000 0.0000 0.0000 0.0000 0.0000 0.0000 0.0000 0.0002 0.0000 0.0000 -0.0006 0.0003 0.0000 0.0004 -0.0006 0.0000 0.0000 0.0001 0.0000 0.0000 0.0000 0.0000 -0.0010 -0.0002 0.0000 0.0002 30.0001 -0.0001 0.0005 -29.9998 0.0000 0.0000 0.0000 -1.9843 0.2429 0.5484 -1.9843 0.2429 0.5484 -31.6517 77.6097 72.5477 -42.0745 46.3610 -20.9193 -50.1944 11.4291 -78.4446 1.0046 1.3823 -0.0971 0.0000 -0.0001 0.0001 0.0000 0.0000 0.0000 0.0000 -0.0006 0.0003 0.0000 -0.0001 0.0001 0.0000 0.0000 0.0000 0.0000 0.0000 0.0000 0.0000 0.0007 0.0001 0.0000 -0.0012 0.0001 0.0000 -0.0008 0.0003 0.0000 0.0001 0.0000 0.0000 0.0000 0.0000 0.0000 -0.0009 0.0000 0.0000 0.0002 -29.9997 -0.0001 -0.0003 29.9996 0.0000 0.0000 0.0000 0.8968 -3.1748 179.8902 0.0616 -19.7214 0.0721 -16.0438 80.4153 -5.6048 0.0000 25.3510 0.0000 3.4104 -12.3598 175.5388 0.0277 -29.3409 -0.0899 27.0299 74.7524 20.7148 0.0000 25.0084 -0.0001 
24.3211 90.6653 -45.0274 2.3314 -1.5698 -1.0869 1.9576 2.3243 0.0422 1.9590 2.3260 0.0423 1.9635 2.3314 0.0425 31.8665 75.4861 -68.1144 63.6907 45.1870 34.6811 39.0543 4.1305 75.0917 -0.7904 1.1399 0.2708 0.0000 0.0000 0.0001 0.0000 0.0000 0.0000 0.0000 -0.0013 -0.0008 0.0000 -0.0004 0.0001 0.0000 0.0000 0.0000 0.0000 0.0000 0.0000 0.0000 0.0003 0.0000 0.0000 -0.0006 0.0003 0.0000 0.0004 -0.0006 0.0000 0.0000 0.0001 0.0000 0.0000 0.0000 0.0000 -0.0010 -0.0002 0.0000 0.0002 30.0001 -0.0001 0.0005 -29.9998 0.0000 0.0000 0.0000 -1.8636 0.1844 0.4911 -1.8636 0.1844 0.4911 -31.5647 77.4913 72.5752 -42.1852 46.2278 -21.1082 -50.4627 11.6225 -78.4192 0.9994 1.3795 -0.1079 0.0000 -0.0001 0.0001 0.0000 0.0000 0.0000 0.0000 -0.0006 0.0003 0.0000 -0.0001 0.0001 0.0000 0.0000 0.0000 0.0000 0.0000 0.0000 0.0000 0.0007 0.0001 0.0000 -0.0012 0.0001 0.0000 -0.0008 0.0003 0.0000 0.0001 0.0000 0.0000 0.0000 0.0000 0.0000 -0.0009 0.0000 0.0000 0.0002 -29.9997 -0.0001 -0.0003 29.9996 0.0000 0.0000 0.0000 1.0771 -3.1842 179.6287 0.0385 -20.0145 0.0760 -16.8879 80.5251 -6.3424 0.0000 25.3510 0.0000 3.5617 -13.4568 174.6326 0.0003 -31.9122 -0.0828 27.3975 74.7677 21.4863 0.0000 24.9980 -0.0001 
24.4625 90.6048 -45.0568 1.9827 -1.7049 -0.9343 1.9459 2.3761 -0.0245 1.9473 2.3779 -0.0245 1.9517 2.3833 -0.0245 31.4184 75.4584 -68.5659 63.8279 45.1552 34.6524 38.9815 4.1901 75.0161 -0.7853 1.1343 0.2692 0.0000 0.0000 0.0001 0.0000 0.0000 0.0000 0.0000 -0.0013 -0.0008 0.0000 -0.0004 0.0001 0.0000 0.0000 0.0000 0.0000 0.0000 0.0000 0.0000 0.0002 -0.0001 0.0000 -0.0006 0.0003 0.0000 0.0004 -0.0006 0.0000 0.0000 0.0001 0.0000 0.0000 0.0000 0.0000 -0.0010 -0.0002 0.0000 0.0002 30.0001 -0.0001 0.0005 -29.9998 0.0000 0.0000 0.0000 -1.7395 0.1328 0.4182 -1.7395 0.1328 0.4182 -31.4903 77.3742 72.5973 -42.2791 46.1332 -21.2617 -50.7193 11.7962 -78.3915 0.9940 1.3761 -0.1169 0.0000 -0.0001 0.0001 0.0000 0.0000 0.0000 0.0000 -0.0006 0.0003 0.0000 -0.0001 0.0001 0.0000 0.0000 0.0000 0.0000 0.0000 0.0000 0.0000 0.0007 0.0001 0.0000 -0.0011 0.0001 0.0000 -0.0008 0.0003 0.0000 0.0001 0.0000 0.0000 0.0000 0.0000 0.0000 -0.0009 0.0000 0.0000 0.0002 -29.9996 -0.0001 -0.0003 29.9996 0.0000 0.0000 0.0000 1.2808 -3.1364 179.3830 0.0191 -20.2171 0.0794 -17.6517 80.6103 -6.9894 0.0000 25.3510 0.0000 3.4977 -14.5342 173.6761 -0.0184 -34.4538 -0.0770 27.7571 74.5911 22.3750 0.0000 24.9807 -0.0001 
24.5780 90.5689 -45.0474 1.6129 -1.8351 -0.8026 1.9401 2.4239 -0.0783 1.9415 2.4257 -0.0783 1.9459 2.4312 -0.0784 31.0340 75.4503 -68.9506 63.9136 45.1134 34.5753 38.9193 4.2586 74.9848 -0.7810 1.1292 0.2689 0.0000 0.0000 0.0001 0.0000 0.0000 0.0000 0.0000 -0.0013 -0.0008 0.0000 -0.0004 0.0001 0.0000 0.0000 0.0000 0.0000 0.0000 0.0000 0.0000 0.0002 -0.0001 0.0000 -0.0006 0.0003 0.0000 0.0004 -0.0006 0.0000 0.0000 0.0001 0.0000 0.0000 0.0000 0.0000 -0.0010 -0.0002 0.0000 0.0003 30.0001 -0.0001 0.0005 -29.9998 0.0000 0.0000 0.0000 -1.6120 0.0965 0.3281 -1.6120 0.0965 0.3281 -31.4053 77.2702 72.6287 -42.3547 46.0875 -21.3682 -50.9398 11.9460 -78.3568 0.9885 1.3718 -0.1232 0.0000 -0.0001 0.0001 0.0000 0.0000 0.0000 0.0000 -0.0006 0.0003 0.0000 -0.0001 0.0001 0.0000 0.0000 0.0000 0.0000 0.0000 0.0000 0.0000 0.0007 0.0001 0.0000 -0.0012 0.0001 0.0000 -0.0008 0.0003 0.0000 0.0001 0.0000 0.0000 0.0000 0.0000 0.0000 -0.0008 0.0000 0.0000 0.0002 -29.9996 -0.0001 -0.0003 29.9996 0.0000 0.0000 0.0000 1.5221 -2.9927 179.1778 0.0061 -20.2724 0.0817 -18.2375 80.6573 -7.4725 0.0000 25.3510 0.0000 3.3288 -15.5221 172.7331 -0.0591 -36.8619 -0.0630 28.9465 74.2697 23.9541 0.0000 24.9570 -0.0001 
24.6835 90.5451 -45.0300 1.2526 -1.9615 -0.6950 1.9364 2.4671 -0.1197 1.9379 2.4691 -0.1197 1.9422 2.4746 -0.1199 30.7128 75.4560 -69.2611 63.9619 45.0659 34.4789 38.8788 4.3272 74.9838 -0.7773 1.1245 0.2699 0.0000 0.0000 0.0001 0.0000 0.0000 0.0000 0.0000 -0.0013 -0.0008 0.0000 -0.0004 0.0001 0.0000 0.0000 0.0000 0.0000 0.0000 0.0000 0.0000 0.0002 -0.0001 0.0000 -0.0006 0.0003 0.0000 0.0004 -0.0006 0.0000 0.0000 0.0001 0.0000 0.0000 0.0000 0.0000 -0.0010 -0.0002 0.0000 0.0002 30.0001 -0.0001 0.0005 -29.9998 0.0000 0.0000 0.0000 -1.4883 0.0803 0.2326 -1.4883 0.0803 0.2326 -31.3261 77.1802 72.6648 -42.4077 46.0738 -21.4372 -51.1254 12.0712 -78.3252 0.9837 1.3677 -0.1271 0.0000 -0.0001 0.0001 0.0000 0.0000 0.0000 0.0000 -0.0006 0.0003 0.0000 -0.0001 0.0001 0.0000 0.0000 0.0000 0.0000 0.0000 0.0000 0.0000 0.0007 0.0001 0.0000 -0.0011 0.0001 0.0000 -0.0008 0.0003 0.0000 0.0001 0.0000 0.0000 0.0000 0.0000 0.0000 -0.0009 0.0000 0.0000 0.0002 -29.9997 -0.0001 -0.0003 29.9996 0.0000 0.0000 0.0000 1.7729 -2.8048 179.0069 -0.0016 -20.2424 0.0830 -18.7010 80.6722 -7.8511 0.0000 25.3510 0.0000 3.0651 -16.4154 171.8802 -0.1010 -39.0339 -0.0470 30.4964 74.0624 25.7761 0.0000 24.9351 -0.0001 
24.7911 90.5321 -45.0230 0.9110 -2.0820 -0.6135 1.9340 2.5061 -0.1487 1.9355 2.5081 -0.1487 1.9399 2.5137 -0.1490 30.4536 75.4664 -69.5023 64.0066 44.9943 34.4125 38.8391 4.4090 74.9939 -0.7744 1.1209 0.2716 0.0000 0.0000 0.0001 0.0000 0.0000 0.0000 0.0000 -0.0013 -0.0008 0.0000 -0.0004 0.0001 0.0000 0.0000 0.0000 0.0000 0.0000 0.0000 0.0000 0.0002 0.0000 0.0000 -0.0006 0.0003 0.0000 0.0004 -0.0006 0.0000 0.0000 0.0001 0.0000 0.0000 0.0000 0.0000 -0.0010 -0.0002 0.0000 0.0002 30.0001 -0.0001 0.0005 -29.9998 0.0000 0.0000 0.0000 -1.3710 0.0794 0.1346 -1.3710 0.0794 0.1346 -31.2511 77.0997 72.7140 -42.4300 46.0854 -21.4697 -51.2738 12.1672 -78.2944 0.9803 1.3649 -0.1286 0.0000 -0.0001 0.0001 0.0000 0.0000 0.0000 0.0000 -0.0006 0.0003 0.0000 -0.0001 0.0001 0.0000 0.0000 0.0000 0.0000 0.0000 0.0000 0.0000 0.0007 0.0001 0.0000 -0.0012 0.0001 0.0000 -0.0008 0.0003 0.0000 0.0001 0.0000 0.0000 0.0000 0.0000 0.0000 -0.0008 0.0000 0.0000 0.0002 -29.9997 -0.0001 -0.0003 29.9996 0.0000 0.0000 0.0000 2.0101 -2.6212 178.8618 -0.0064 -20.1915 0.0839 -19.0984 80.6722 -8.1682 0.0000 25.3510 0.0000 2.7195 -17.2255 171.1575 -0.1258 -40.9251 -0.0359 32.2967 73.9495 27.6787 0.0000 24.9185 -0.0001 
24.9211 90.5232 -45.0339 0.6091 -2.1902 -0.5847 1.9318 2.5389 -0.1530 1.9333 2.5409 -0.1531 1.9376 2.5466 -0.1534 30.2346 75.4720 -69.6938 64.0589 44.8882 34.3978 38.8198 4.4972 74.9947 -0.7718 1.1181 0.2747 0.0000 0.0000 0.0001 0.0000 0.0000 0.0000 0.0000 -0.0013 -0.0008 0.0000 -0.0004 0.0001 0.0000 0.0000 0.0000 0.0000 0.0000 0.0000 0.0000 0.0002 0.0000 0.0000 -0.0006 0.0003 0.0000 0.0004 -0.0006 0.0000 0.0000 0.0001 0.0000 0.0000 0.0000 0.0000 -0.0010 -0.0002 0.0000 0.0002 30.0001 -0.0001 0.0005 -29.9998 0.0000 0.0000 0.0000 -1.2666 0.0925 0.0272 -1.2666 0.0925 0.0272 -31.1631 77.0221 72.8061 -42.3988 46.1217 -21.4516 -51.3775 12.2299 -78.2549 0.9797 1.3649 -0.1270 0.0000 -0.0001 0.0001 0.0000 0.0000 0.0000 0.0000 -0.0006 0.0003 0.0000 -0.0001 0.0001 0.0000 0.0000 0.0000 0.0000 0.0000 0.0000 0.0000 0.0007 0.0001 0.0000 -0.0012 0.0001 0.0000 -0.0008 0.0003 0.0000 0.0001 0.0000 0.0000 0.0000 0.0000 0.0000 -0.0009 0.0000 0.0000 0.0002 -29.9996 -0.0001 -0.0003 29.9996 0.0000 0.0000 0.0000 2.2245 -2.4716 178.7559 -0.0111 -20.1523 0.0847 -19.3607 80.6710 -8.3661 0.0000 25.3510 0.0000 2.2182 -17.9214 170.6809 -0.1171 -42.3162 -0.0375 34.4993 74.0642 29.7177 0.0000 24.9177 -0.0001 
25.0708 90.5205 -45.0340 0.3464 -2.2794 -0.6052 1.9276 2.5604 -0.1356 1.9291 2.5625 -0.1357 1.9333 2.5681 -0.1359 30.0618 75.4740 -69.8389 64.1265 44.7704 34.4266 38.8017 4.5894 74.9759 -0.7690 1.1153 0.2783 0.0000 0.0000 0.0001 0.0000 0.0000 0.0000 0.0000 -0.0013 -0.0008 0.0000 -0.0004 0.0001 0.0000 0.0000 0.0000 0.0000 0.0000 0.0000 0.0000 0.0002 0.0000 0.0000 -0.0006 0.0003 0.0000 0.0004 -0.0006 0.0000 0.0000 0.0001 0.0000 0.0000 0.0000 0.0000 -0.0010 -0.0002 0.0000 0.0003 30.0001 -0.0001 0.0005 -29.9998 0.0000 0.0000 0.0000 -1.1702 0.1263 -0.0837 -1.1702 0.1263 -0.0837 -31.0662 76.9575 72.9287 -42.3215 46.1588 -21.4061 -51.4607 12.2850 -78.2093 0.9805 1.3667 -0.1241 0.0000 -0.0001 0.0001 0.0000 0.0000 0.0000 0.0000 -0.0006 0.0003 0.0000 -0.0001 0.0001 0.0000 0.0000 0.0000 0.0000 0.0000 0.0000 0.0000 0.0007 0.0001 0.0000 -0.0012 0.0001 0.0000 -0.0008 0.0003 0.0000 0.0001 0.0000 0.0000 0.0000 0.0000 0.0000 -0.0008 0.0000 0.0000 0.0002 -29.9996 -0.0001 -0.0003 29.9996 0.0000 0.0000 0.0000 2.4118 -2.3502 178.6863 -0.0177 -20.1369 0.0859 -19.5441 80.6896 -8.4955 0.0000 25.3510 0.0000 1.6144 -18.5486 170.3997 -0.1068 -43.2717 -0.0404 37.0031 74.4647 31.9156 0.0000 24.9334 -0.0001 
25.2229 90.5215 -45.0112 0.1153 -2.3462 -0.6668 1.9214 2.5672 -0.1004 1.9229 2.5693 -0.1004 1.9272 2.5750 -0.1005 29.9243 75.4772 -69.9391 64.2115 44.6620 34.4789 38.7760 4.6831 74.9405 -0.7657 1.1123 0.2819 0.0000 0.0000 0.0001 0.0000 0.0000 0.0000 0.0000 -0.0013 -0.0008 0.0000 -0.0004 0.0001 0.0000 0.0000 0.0000 0.0000 0.0000 0.0000 0.0000 0.0002 0.0000 0.0000 -0.0006 0.0003 0.0000 0.0004 -0.0006 0.0000 0.0000 0.0001 0.0000 0.0000 0.0000 0.0000 -0.0010 -0.0002 0.0000 0.0002 30.0001 -0.0001 0.0005 -29.9998 0.0000 0.0000 0.0000 -1.0747 0.1868 -0.1901 -1.0747 0.1868 -0.1901 -30.9840 76.9095 73.0482 -42.1992 46.1948 -21.3367 -51.5343 12.3329 -78.1584 0.9824 1.3700 -0.1208 0.0000 -0.0001 0.0001 0.0000 0.0000 0.0000 0.0000 -0.0006 0.0003 0.0000 -0.0001 0.0001 0.0000 0.0000 0.0000 0.0000 0.0000 0.0000 0.0000 0.0007 0.0001 0.0000 -0.0012 0.0001 0.0000 -0.0008 0.0003 0.0000 0.0001 0.0000 0.0000 0.0000 0.0000 0.0000 -0.0008 0.0000 0.0000 0.0002 -29.9997 -0.0001 -0.0003 29.9996 0.0000 0.0000 0.0000 2.5746 -2.2390 178.6552 -0.0233 -20.1193 0.0869 -19.6982 80.7171 -8.6005 0.0000 25.3510 0.0000 0.9064 -19.1238 170.2782 -0.0996 -43.8584 -0.0427 39.5852 75.0777 34.1477 0.0000 24.9588 -0.0001 
25.3557 90.5336 -44.9636 -0.0766 -2.3753 -0.7780 1.9128 2.5510 -0.0446 1.9143 2.5530 -0.0446 1.9186 2.5587 -0.0446 29.8402 75.4859 -69.9631 64.3299 44.5713 34.5533 38.7346 4.7878 74.8928 -0.7614 1.1082 0.2860 0.0000 0.0000 0.0001 0.0000 0.0000 0.0000 0.0000 -0.0013 -0.0008 0.0000 -0.0004 0.0001 0.0000 0.0000 0.0000 0.0000 0.0000 0.0000 0.0000 0.0002 0.0000 0.0000 -0.0006 0.0003 0.0000 0.0004 -0.0006 0.0000 0.0000 0.0001 0.0000 0.0000 0.0000 0.0000 -0.0010 -0.0002 0.0000 0.0002 30.0001 -0.0001 0.0005 -29.9998 0.0000 0.0000 0.0000 -0.9772 0.2855 -0.2850 -0.9772 0.2855 -0.2850 -30.9456 76.8905 73.1327 -42.0034 46.2246 -21.2393 -51.6127 12.3723 -78.1014 0.9854 1.3749 -0.1181 0.0000 -0.0001 0.0001 0.0000 0.0000 0.0000 0.0000 -0.0006 0.0002 0.0000 -0.0001 0.0001 0.0000 0.0000 0.0000 0.0000 0.0000 0.0000 0.0000 0.0007 0.0001 0.0000 -0.0012 0.0001 0.0000 -0.0008 0.0003 0.0000 0.0001 0.0000 0.0000 0.0000 0.0000 0.0000 -0.0008 0.0000 0.0000 0.0002 -29.9997 -0.0001 -0.0003 29.9996 0.0000 0.0000 0.0000 2.7110 -2.1537 178.6849 -0.0253 -20.0985 0.0872 -19.8391 80.7472 -8.6988 0.0000 25.3510 0.0000 0.0527 -19.6300 170.3628 -0.0825 -43.9463 -0.0495 41.9410 75.7107 36.1462 0.0000 24.9864 -0.0001 
25.4624 90.5463 -44.9199 -0.2448 -2.3809 -0.9158 1.9016 2.5199 0.0208 1.9031 2.5219 0.0208 1.9074 2.5275 0.0210 29.8034 75.4995 -69.9251 64.4521 44.5183 34.6010 38.7086 4.8857 74.8596 -0.7559 1.1022 0.2905 0.0000 0.0000 0.0001 0.0000 0.0000 0.0000 0.0000 -0.0013 -0.0008 0.0000 -0.0004 0.0001 0.0000 0.0000 0.0000 0.0000 0.0000 0.0000 0.0000 0.0002 0.0000 0.0000 -0.0006 0.0003 0.0000 0.0004 -0.0006 0.0000 0.0000 0.0001 0.0000 0.0000 0.0000 0.0000 -0.0010 -0.0002 0.0000 0.0002 30.0001 -0.0001 0.0005 -29.9998 0.0000 0.0000 0.0000 -0.8763 0.4032 -0.3672 -0.8763 0.4032 -0.3672 -30.9513 76.8900 73.1696 -41.7862 46.2424 -21.1442 -51.6978 12.4072 -78.0408 0.9884 1.3804 -0.1170 0.0000 -0.0001 0.0001 0.0000 0.0000 0.0000 0.0000 -0.0006 0.0003 0.0000 -0.0001 0.0001 0.0000 0.0000 0.0000 0.0000 0.0000 0.0000 0.0000 0.0007 0.0001 0.0000 -0.0011 0.0001 0.0000 -0.0008 0.0003 0.0000 0.0001 0.0000 0.0000 0.0000 0.0000 0.0000 -0.0009 0.0000 0.0000 0.0002 -29.9996 -0.0001 -0.0003 29.9996 0.0000 0.0000 0.0000 2.8488 -2.1091 178.7597 -0.0260 -20.0976 0.0873 -19.9556 80.7791 -8.7933 0.0000 25.3511 0.0000 -0.8798 -20.0903 170.5782 -0.0626 -43.6809 -0.0576 44.1608 76.2228 38.0912 0.0000 25.0083 -0.0001 
25.5475 90.5541 -44.8729 -0.3956 -2.3711 -1.0673 1.8872 2.4783 0.0891 1.8886 2.4802 0.0892 1.8928 2.4858 0.0895 29.8161 75.5192 -69.8332 64.5630 44.5092 34.6155 38.6946 4.9781 74.8398 -0.7497 1.0947 0.2947 0.0000 0.0000 0.0001 0.0000 0.0000 0.0000 0.0000 -0.0013 -0.0008 0.0000 -0.0004 0.0001 0.0000 0.0000 0.0000 0.0000 0.0000 0.0000 0.0000 0.0002 0.0000 0.0000 -0.0006 0.0003 0.0000 0.0004 -0.0006 0.0000 0.0000 0.0001 0.0000 0.0000 0.0000 0.0000 -0.0010 -0.0002 0.0000 0.0003 30.0001 -0.0001 0.0005 -29.9998 0.0000 0.0000 0.0000 -0.7697 0.5323 -0.4318 -0.7697 0.5323 -0.4318 -30.9854 76.9035 73.1698 -41.5698 46.2480 -21.0577 -51.7862 12.4421 -77.9813 0.9907 1.3852 -0.1174 0.0000 -0.0001 0.0001 0.0000 0.0000 0.0000 0.0000 -0.0006 0.0003 0.0000 -0.0001 0.0001 0.0000 0.0000 0.0000 0.0000 0.0000 0.0000 0.0000 0.0007 0.0001 0.0000 -0.0012 0.0001 0.0000 -0.0008 0.0003 0.0000 0.0001 0.0000 0.0000 0.0000 0.0000 0.0000 -0.0009 0.0000 0.0000 0.0002 -29.9997 -0.0001 -0.0003 29.9996 0.0000 0.0000 0.0000 2.9967 -2.0980 178.8652 -0.0264 -20.1315 0.0874 -20.0970 80.8269 -8.9398 0.0000 25.3510 0.0000 -1.8782 -20.5327 170.8878 -0.0498 -43.1410 -0.0630 45.9684 76.6243 39.7768 0.0000 25.0230 -0.0001 
25.6067 90.5546 -44.7995 -0.5245 -2.3510 -1.2259 1.8686 2.4304 0.1551 1.8699 2.4322 0.1553 1.8742 2.4377 0.1557 29.8869 75.5438 -69.6890 64.6596 44.5560 34.5952 38.6950 5.0414 74.8270 -0.7432 1.0866 0.2985 0.0000 0.0000 0.0001 0.0000 0.0000 0.0000 0.0000 -0.0013 -0.0008 0.0000 -0.0004 0.0001 0.0000 0.0000 0.0000 0.0000 0.0000 0.0000 0.0000 0.0002 0.0000 0.0000 -0.0006 0.0003 0.0000 0.0004 -0.0006 0.0000 0.0000 0.0001 0.0000 0.0000 0.0000 0.0000 -0.0010 -0.0002 0.0000 0.0003 30.0001 -0.0001 0.0005 -29.9998 0.0000 0.0000 0.0000 -0.6586 0.6609 -0.4661 -0.6585 0.6609 -0.4661 -31.0402 76.9205 73.1397 -41.3727 46.2390 -20.9866 -51.8688 12.4739 -77.9283 0.9930 1.3903 -0.1193 0.0000 -0.0001 0.0001 0.0000 0.0000 0.0000 0.0000 -0.0006 0.0003 0.0000 -0.0001 0.0001 0.0000 0.0000 0.0000 0.0000 0.0000 0.0000 0.0000 0.0007 0.0001 0.0000 -0.0011 0.0001 0.0000 -0.0008 0.0003 0.0000 0.0001 0.0000 0.0000 0.0000 0.0000 0.0000 -0.0008 0.0000 0.0000 0.0002 -29.9996 -0.0001 -0.0003 29.9996 0.0000 0.0000 0.0000 3.1561 -2.1006 178.9989 -0.0260 -20.2042 0.0874 -20.3238 80.9066 -9.2066 0.0000 25.3510 0.0000 -2.9648 -20.9782 171.2966 -0.0510 -42.2665 -0.0630 46.5388 76.8281 40.5174 0.0000 25.0297 -0.0001 
25.6568 90.5549 -44.7042 -0.6333 -2.3359 -1.3766 1.8479 2.3875 0.2130 1.8492 2.3892 0.2132 1.8535 2.3947 0.2138 29.9842 75.5646 -69.5295 64.7626 44.6175 34.5681 38.6907 5.0808 74.8081 -0.7364 1.0779 0.3025 0.0000 0.0000 0.0001 0.0000 0.0000 0.0000 0.0000 -0.0013 -0.0008 0.0000 -0.0004 0.0001 0.0000 0.0000 0.0000 0.0000 0.0000 0.0000 0.0000 0.0002 0.0000 0.0000 -0.0006 0.0003 0.0000 0.0004 -0.0006 0.0000 0.0000 0.0001 0.0000 0.0000 0.0000 0.0000 -0.0010 -0.0002 0.0000 0.0003 30.0001 -0.0001 0.0005 -29.9998 0.0000 0.0000 0.0000 -0.5525 0.7700 -0.4750 -0.5525 0.7700 -0.4750 -31.0775 76.9293 73.1272 -41.1813 46.2275 -20.9227 -51.9568 12.5106 -77.8828 0.9958 1.3957 -0.1205 0.0000 -0.0001 0.0001 0.0000 0.0000 0.0000 0.0000 -0.0006 0.0003 0.0000 -0.0001 0.0001 0.0000 0.0000 0.0000 0.0000 0.0000 0.0000 0.0000 0.0007 0.0001 0.0000 -0.0012 0.0001 0.0000 -0.0008 0.0003 0.0000 0.0001 0.0000 0.0000 0.0000 0.0000 0.0000 -0.0009 0.0000 0.0000 0.0002 -29.9997 -0.0001 -0.0003 29.9996 0.0000 0.0000 0.0000 3.3081 -2.0729 179.1330 -0.0248 -20.2547 0.0872 -20.5769 80.9876 -9.5099 0.0000 25.3510 0.0000 -4.1580 -21.4053 171.7833 -0.0439 -41.1657 -0.0663 45.8298 76.8833 40.2796 0.0000 25.0302 -0.0001 
25.7114 90.5624 -44.6083 -0.7250 -2.3279 -1.5156 1.8264 2.3525 0.2618 1.8277 2.3541 0.2620 1.8319 2.3596 0.2627 30.1056 75.5801 -69.3602 64.8675 44.6754 34.5395 38.6717 5.1069 74.7855 -0.7306 1.0708 0.3069 0.0000 0.0000 0.0001 0.0000 0.0000 0.0000 0.0000 -0.0013 -0.0008 0.0000 -0.0004 0.0001 0.0000 0.0000 0.0000 0.0000 0.0000 0.0000 0.0000 0.0002 0.0000 0.0000 -0.0006 0.0003 0.0000 0.0004 -0.0006 0.0000 0.0000 0.0001 0.0000 0.0000 0.0000 0.0000 -0.0010 -0.0002 0.0000 0.0002 30.0001 -0.0001 0.0005 -29.9998 0.0000 0.0000 0.0000 -0.4547 0.8550 -0.4629 -0.4547 0.8550 -0.4629 -31.0860 76.9288 73.1451 -41.0085 46.2187 -20.8711 -52.0426 12.5515 -77.8459 0.9984 1.4005 -0.1206 0.0000 -0.0001 0.0001 0.0000 0.0000 0.0000 0.0000 -0.0006 0.0003 0.0000 -0.0001 0.0001 0.0000 0.0000 0.0000 0.0000 0.0000 0.0000 0.0000 0.0007 0.0001 0.0000 -0.0011 0.0001 0.0000 -0.0008 0.0003 0.0000 0.0001 0.0000 0.0000 0.0000 0.0000 0.0000 -0.0008 0.0000 0.0000 0.0002 -29.9997 -0.0001 -0.0003 29.9996 0.0000 0.0000 0.0000 3.4511 -2.0184 179.2540 -0.0252 -20.2638 0.0872 -20.7589 81.0494 -9.7458 0.0000 25.3510 0.0000 -5.4608 -21.7968 172.3440 -0.0271 -39.8879 -0.0729 44.2254 76.8010 39.4331 0.0000 25.3508 -0.0001 
25.7811 90.5754 -44.5277 -0.7975 -2.3355 -1.6324 1.8061 2.3320 0.2976 1.8073 2.3336 0.2979 1.8115 2.3390 0.2987 30.2505 75.5910 -69.1962 64.9656 44.7187 34.5130 38.6276 5.1140 74.7580 -0.7260 1.0653 0.3113 0.0000 0.0000 0.0001 0.0000 0.0000 0.0000 0.0000 -0.0013 -0.0008 0.0000 -0.0004 0.0001 0.0000 0.0000 0.0000 0.0000 0.0000 0.0000 0.0000 0.0002 0.0000 0.0000 -0.0006 0.0003 0.0000 0.0004 -0.0006 0.0000 0.0000 0.0001 0.0000 0.0000 0.0000 0.0000 -0.0010 -0.0002 0.0000 0.0002 30.0001 -0.0001 0.0005 -29.9998 0.0000 0.0000 0.0000 -0.3718 0.9046 -0.4284 -0.3718 0.9046 -0.4284 -31.0504 76.9101 73.2055 -40.8800 46.2176 -20.8381 -52.1152 12.6016 -77.8245 1.0014 1.4048 -0.1186 0.0000 -0.0001 0.0001 0.0000 0.0000 0.0000 0.0000 -0.0006 0.0003 0.0000 -0.0001 0.0001 0.0000 0.0000 0.0000 0.0000 0.0000 0.0000 0.0000 0.0007 0.0001 0.0000 -0.0011 0.0001 0.0000 -0.0008 0.0003 0.0000 0.0001 0.0000 0.0000 0.0000 0.0000 0.0000 -0.0009 0.0000 0.0000 0.0002 -29.9996 -0.0001 -0.0003 29.9996 0.0000 0.0000 0.0000 3.5828 -1.9328 179.3438 -0.0290 -20.2185 0.0879 -20.7754 81.0797 -9.8172 0.0000 25.3511 0.0000 -6.8798 -22.1270 172.9721 -0.0055 -38.4094 -0.0808 41.5492 76.5211 37.8857 0.0000 25.3508 -0.0001 
25.8604 90.5828 -44.4407 -0.8568 -2.3575 -1.7298 1.7889 2.3235 0.3258 1.7901 2.3251 0.3260 1.7943 2.3306 0.3269 30.3898 75.6056 -69.0653 65.0378 44.7456 34.4910 38.5782 5.1100 74.7229 -0.7227 1.0616 0.3151 0.0000 0.0000 0.0001 0.0000 0.0000 0.0000 0.0000 -0.0013 -0.0008 0.0000 -0.0004 0.0001 0.0000 0.0000 0.0000 0.0000 0.0000 0.0000 0.0000 0.0003 0.0000 0.0000 -0.0006 0.0003 0.0000 0.0004 -0.0006 0.0000 0.0000 0.0001 0.0000 0.0000 0.0000 0.0000 -0.0010 -0.0002 0.0000 0.0002 30.0001 -0.0001 0.0005 -29.9998 0.0000 0.0000 0.0000 -0.3046 0.9323 -0.3862 -0.3046 0.9323 -0.3862 -30.9980 76.8796 73.2813 -40.7929 46.2249 -20.8185 -52.1561 12.6490 -77.8163 1.0048 1.4091 -0.1149 0.0000 -0.0001 0.0001 0.0000 0.0000 0.0000 0.0000 -0.0006 0.0003 0.0000 -0.0001 0.0001 0.0000 0.0000 0.0000 0.0000 0.0000 0.0000 0.0000 0.0007 0.0001 0.0000 -0.0012 0.0001 0.0000 -0.0008 0.0003 0.0000 0.0001 0.0000 0.0000 0.0000 0.0000 0.0000 -0.0008 0.0000 0.0000 0.0002 -29.9997 -0.0001 -0.0003 29.9996 0.0000 0.0000 0.0000 3.6889 -1.8291 179.4058 -0.0343 -20.1737 0.0888 -20.7677 81.1136 -9.8477 0.0000 25.3510 0.0000 -8.4566 -22.3825 173.6402 0.0045 -36.8319 -0.0842 38.1450 76.1032 35.9183 0.0000 25.3508 -0.0001 
25.9421 90.5821 -44.3352 -0.9060 -2.3870 -1.8111 1.7764 2.3226 0.3480 1.7776 2.3242 0.3483 1.7818 2.3296 0.3492 30.5264 75.6253 -68.9544 65.0799 44.7594 34.4771 38.5329 5.1033 74.6821 -0.7205 1.0595 0.3184 0.0000 0.0000 0.0001 0.0000 0.0000 0.0000 0.0000 -0.0013 -0.0008 0.0000 -0.0004 0.0001 0.0000 0.0000 0.0000 0.0000 0.0000 0.0000 0.0000 0.0002 -0.0001 0.0000 -0.0006 0.0003 0.0000 0.0004 -0.0006 0.0000 0.0000 0.0001 0.0000 0.0000 0.0000 0.0000 -0.0010 -0.0002 0.0000 0.0002 30.0001 -0.0001 0.0005 -29.9998 0.0000 0.0000 0.0000 -0.2537 0.9464 -0.3403 -0.2537 0.9465 -0.3403 -30.9396 76.8438 73.3637 -40.7345 46.2455 -20.8034 -52.1686 12.6851 -77.8153 1.0084 1.4130 -0.1097 0.0000 -0.0001 0.0001 0.0000 0.0000 0.0000 0.0000 -0.0006 0.0003 0.0000 -0.0001 0.0001 0.0000 0.0000 0.0000 0.0000 0.0000 0.0000 0.0000 0.0007 0.0001 0.0000 -0.0012 0.0001 0.0000 -0.0008 0.0003 0.0000 0.0001 0.0000 0.0000 0.0000 0.0000 0.0000 -0.0009 0.0000 0.0000 0.0002 -29.9996 -0.0001 -0.0003 29.9996 0.0000 0.0000 0.0000 3.7626 -1.7195 179.4464 -0.0393 -20.1576 0.0897 -20.8317 81.1692 -9.9252 0.0000 25.3510 0.0000 -10.2126 -22.5672 174.3514 0.0053 -35.1986 -0.0844 34.1350 75.5513 33.5955 0.0000 25.3508 -0.0001 
26.0242 90.5646 -44.1987 -0.9420 -2.4174 -1.8740 1.7719 2.3256 0.3648 1.7731 2.3272 0.3651 1.7772 2.3326 0.3661 30.6593 75.6590 -68.8606 65.0874 44.7525 34.4898 38.4933 5.0875 74.6387 -0.7194 1.0588 0.3204 0.0000 0.0000 0.0001 0.0000 0.0000 0.0000 0.0000 -0.0013 -0.0008 0.0000 -0.0004 0.0001 0.0000 0.0000 0.0000 0.0000 0.0000 0.0000 0.0000 0.0002 0.0000 0.0000 -0.0006 0.0003 0.0000 0.0004 -0.0006 0.0000 0.0000 0.0001 0.0000 0.0000 0.0000 0.0000 -0.0010 -0.0002 0.0000 0.0002 30.0001 -0.0001 0.0005 -29.9998 0.0000 0.0000 0.0000 -0.2254 0.9533 -0.2927 -0.2254 0.9533 -0.2927 -30.9065 76.8139 73.4182 -40.6981 46.2858 -20.7812 -52.1408 12.7044 -77.8202 1.0121 1.4165 -0.1034 0.0000 -0.0001 0.0001 0.0000 0.0000 0.0000 0.0000 -0.0006 0.0003 0.0000 -0.0001 0.0001 0.0000 0.0000 0.0000 0.0000 0.0000 0.0000 0.0000 0.0007 0.0001 0.0000 -0.0011 0.0001 0.0000 -0.0008 0.0003 0.0000 0.0001 0.0000 0.0000 0.0000 0.0000 0.0000 -0.0008 0.0000 0.0000 0.0002 -29.9996 -0.0001 -0.0003 29.9996 0.0000 0.0000 0.0000 3.7943 -1.6145 179.4628 -0.0444 -20.1969 0.0906 -21.0237 81.2687 -10.0995 0.0000 25.3510 0.0000 -12.1622 -22.6643 175.1056 0.0039 -33.5330 -0.0838 29.3374 74.8299 30.7008 0.0000 25.3508 -0.0001 
26.1074 90.5391 -44.0397 -0.9659 -2.4410 -1.9281 1.7710 2.3246 0.3820 1.7722 2.3262 0.3823 1.7764 2.3316 0.3833 30.7901 75.7130 -68.7762 65.0890 44.7371 34.5352 38.4451 5.0510 74.5922 -0.7187 1.0584 0.3212 0.0000 0.0000 0.0001 0.0000 0.0000 0.0000 0.0000 -0.0013 -0.0008 0.0000 -0.0004 0.0001 0.0000 0.0000 0.0000 0.0000 0.0000 0.0000 0.0000 0.0002 0.0000 0.0000 -0.0006 0.0003 0.0000 0.0004 -0.0006 0.0000 0.0000 0.0001 0.0000 0.0000 0.0000 0.0000 -0.0010 -0.0002 0.0000 0.0002 30.0001 -0.0001 0.0005 -29.9998 0.0000 0.0000 0.0000 -0.2092 0.9684 -0.2507 -0.2092 0.9684 -0.2507 -30.9338 76.8003 73.3986 -40.6559 46.3388 -20.7377 -52.0850 12.7157 -77.8251 1.0157 1.4199 -0.0976 0.0000 -0.0001 0.0001 0.0000 0.0000 0.0000 0.0000 -0.0006 0.0002 0.0000 -0.0001 0.0001 0.0000 0.0000 0.0000 0.0000 0.0000 0.0000 0.0000 0.0007 0.0001 0.0000 -0.0012 0.0001 0.0000 -0.0008 0.0003 0.0000 0.0001 0.0000 0.0000 0.0000 0.0000 0.0000 -0.0009 0.0000 0.0000 0.0002 -29.9996 -0.0001 -0.0003 29.9996 0.0000 0.0000 0.0000 3.8164 -1.5193 179.4692 -0.0509 -20.2734 0.0918 -21.2631 81.4040 -10.3240 0.0000 25.3510 0.0000 -14.3264 -22.6792 175.9214 0.0018 -31.8802 -0.0832 24.0312 73.9771 27.4380 0.0000 25.3508 -0.0001 
26.1879 90.5075 -43.8583 -0.9765 -2.4586 -1.9759 1.7715 2.3184 0.4009 1.7727 2.3200 0.4012 1.7769 2.3254 0.4022 30.9090 75.7831 -68.7074 65.0846 44.7221 34.5948 38.3939 4.9969 74.5415 -0.7179 1.0577 0.3211 0.0000 0.0000 0.0001 0.0000 0.0000 0.0000 0.0000 -0.0013 -0.0008 0.0000 -0.0004 0.0001 0.0000 0.0000 0.0000 0.0000 0.0000 0.0000 0.0000 0.0003 0.0000 0.0000 -0.0006 0.0003 0.0000 0.0004 -0.0006 0.0000 0.0000 0.0001 0.0000 0.0000 0.0000 0.0000 -0.0010 -0.0002 0.0000 0.0003 30.0001 -0.0001 0.0005 -29.9998 0.0000 0.0000 0.0000 -0.2010 0.9985 -0.2161 -0.2010 0.9985 -0.2161 -31.0177 76.8014 73.3069 -40.5974 46.4013 -20.6667 -52.0112 12.7211 -77.8283 1.0192 1.4235 -0.0929 0.0000 -0.0001 0.0001 0.0000 0.0000 0.0000 0.0000 -0.0006 0.0003 0.0000 -0.0001 0.0001 0.0000 0.0000 0.0000 0.0000 0.0000 0.0000 0.0000 0.0007 0.0001 0.0000 -0.0012 0.0001 0.0000 -0.0008 0.0003 0.0000 0.0001 0.0000 0.0000 0.0000 0.0000 0.0000 -0.0008 0.0000 0.0000 0.0002 -29.9997 -0.0001 -0.0003 29.9996 0.0000 0.0000 0.0000 3.8388 -1.4205 179.4727 -0.0575 -20.3620 0.0930 -21.5288 81.5618 -10.5894 0.0000 25.3510 0.0000 -16.7391 -22.6072 176.8083 -0.0049 -30.2453 -0.0814 18.4420 72.9934 24.0074 0.0000 25.3508 -0.0001 
26.2575 90.4760 -43.6476 -0.9632 -2.4646 -2.0165 1.7719 2.3025 0.4225 1.7730 2.3040 0.4228 1.7772 2.3094 0.4239 31.0336 75.8687 -68.6334 65.0621 44.7241 34.6572 38.3553 4.9240 74.4895 -0.7168 1.0565 0.3200 0.0000 0.0000 0.0001 0.0000 0.0000 0.0000 0.0000 -0.0013 -0.0008 0.0000 -0.0004 0.0001 0.0000 0.0000 0.0000 0.0000 0.0000 0.0000 0.0000 0.0002 0.0000 0.0000 -0.0006 0.0003 0.0000 0.0004 -0.0006 0.0000 0.0000 0.0001 0.0000 0.0000 0.0000 0.0000 -0.0010 -0.0002 0.0000 0.0002 30.0001 -0.0001 0.0005 -29.9998 0.0000 0.0000 0.0000 -0.2016 1.0586 -0.1932 -0.2017 1.0586 -0.1932 -31.1772 76.8242 73.1222 -40.5096 46.4734 -20.5576 -51.9233 12.7147 -77.8313 1.0225 1.4272 -0.0897 0.0000 -0.0001 0.0001 0.0000 0.0000 0.0000 0.0000 -0.0006 0.0003 0.0000 -0.0001 0.0001 0.0000 0.0000 0.0000 0.0000 0.0000 0.0000 0.0000 0.0007 0.0001 0.0000 -0.0012 0.0001 0.0000 -0.0008 0.0003 0.0000 0.0001 0.0000 0.0000 0.0000 0.0000 0.0000 -0.0009 0.0000 0.0000 0.0002 -29.9997 -0.0001 -0.0003 29.9996 0.0000 0.0000 0.0000 3.8645 -1.3157 179.4796 -0.0611 -20.4542 0.0937 -21.8353 81.7403 -10.9221 0.0000 25.3511 0.0000 -18.1006 -22.3797 177.5786 0.0858 -28.6367 -0.1045 14.6295 71.8373 21.2973 0.0000 25.3508 -0.0001 
26.3185 90.4428 -43.4294 -0.9248 -2.4648 -2.0512 1.7693 2.2792 0.4451 1.7704 2.2807 0.4454 1.7746 2.2861 0.4465 31.1661 75.9596 -68.5456 65.0297 44.7481 34.7097 38.3257 4.8353 74.4418 -0.7159 1.0552 0.3187 0.0000 0.0000 0.0001 0.0000 0.0000 0.0000 0.0000 -0.0013 -0.0008 0.0000 -0.0004 0.0001 0.0000 0.0000 0.0000 0.0000 0.0000 0.0000 0.0000 0.0002 0.0000 0.0000 -0.0006 0.0003 0.0000 0.0004 -0.0006 0.0000 0.0000 0.0001 0.0000 0.0000 0.0000 0.0000 -0.0010 -0.0002 0.0000 0.0002 30.0001 -0.0001 0.0005 -29.9998 0.0000 0.0000 0.0000 -0.2064 1.1434 -0.1806 -0.2064 1.1434 -0.1806 -31.3946 76.8633 72.8706 -40.4061 46.5435 -20.4346 -51.8228 12.7006 -77.8435 1.0265 1.4317 -0.0875 0.0000 -0.0001 0.0001 0.0000 0.0000 0.0000 0.0000 -0.0006 0.0003 0.0000 -0.0001 0.0001 0.0000 0.0000 0.0000 0.0000 0.0000 0.0000 0.0000 0.0007 0.0001 0.0000 -0.0012 0.0001 0.0000 -0.0008 0.0003 0.0000 0.0001 0.0000 0.0000 0.0000 0.0000 0.0000 -0.0009 0.0000 0.0000 0.0002 -29.9996 -0.0001 -0.0003 29.9996 0.0000 0.0000 0.0000 3.8971 -1.2124 179.4899 -0.0616 -20.5473 0.0939 -22.1245 81.9257 -11.2659 0.0000 25.3510 0.0000 -18.9451 -22.0582 178.2693 0.1990 -27.0726 -0.1305 11.7198 70.6858 18.8725 0.0000 25.3508 -0.0001 
26.3786 90.4066 -43.2102 -0.8602 -2.4617 -2.0787 1.7616 2.2503 0.4674 1.7627 2.2518 0.4678 1.7669 2.2571 0.4689 31.3080 76.0523 -68.4447 65.0058 44.7877 34.7544 38.2943 4.7391 74.3982 -0.7144 1.0530 0.3171 0.0000 0.0000 0.0001 0.0000 0.0000 0.0000 0.0000 -0.0013 -0.0008 0.0000 -0.0004 0.0001 0.0000 0.0000 0.0000 0.0000 0.0000 0.0000 0.0000 0.0002 0.0000 0.0000 -0.0006 0.0003 0.0000 0.0004 -0.0006 0.0000 0.0000 0.0001 0.0000 0.0000 0.0000 0.0000 -0.0010 -0.0002 0.0000 0.0002 30.0001 -0.0001 0.0005 -29.9998 0.0000 0.0000 0.0000 -0.2119 1.2470 -0.1776 -0.2119 1.2470 -0.1776 -31.6669 76.9169 72.5550 -40.2897 46.6118 -20.3040 -51.7092 12.6782 -77.8661 1.0310 1.4369 -0.0859 0.0000 -0.0001 0.0001 0.0000 0.0000 0.0000 0.0000 -0.0006 0.0003 0.0000 -0.0001 0.0001 0.0000 0.0000 0.0000 0.0000 0.0000 0.0000 0.0000 0.0007 0.0001 0.0000 -0.0012 0.0001 0.0000 -0.0008 0.0003 0.0000 0.0001 0.0000 0.0000 0.0000 0.0000 0.0000 -0.0009 0.0000 0.0000 0.0002 -29.9996 -0.0001 -0.0003 29.9996 0.0000 0.0000 0.0000 3.9352 -1.1189 179.4972 -0.0614 -20.6539 0.0939 -22.3576 82.1233 -11.5817 0.0000 25.3510 0.0000 -19.5765 -21.6721 178.8838 0.2936 -25.5932 -0.1492 9.3337 69.5799 16.6510 0.0000 25.3508 -0.0001 
26.4424 90.3617 -42.9828 -0.7535 -2.4535 -2.0935 1.7463 2.2144 0.4873 1.7474 2.2158 0.4876 1.7516 2.2211 0.4889 31.4646 76.1433 -68.3192 64.9867 44.8520 34.7678 38.2672 4.6515 74.3594 -0.7119 1.0494 0.3162 0.0000 0.0000 0.0001 0.0000 0.0000 0.0000 0.0000 -0.0013 -0.0008 0.0000 -0.0004 0.0001 0.0000 0.0000 0.0000 0.0000 0.0000 0.0000 0.0000 0.0002 0.0000 0.0000 -0.0006 0.0003 0.0000 0.0004 -0.0006 0.0000 0.0000 0.0001 0.0000 0.0000 0.0000 0.0000 -0.0010 -0.0002 0.0000 0.0002 30.0001 -0.0001 0.0005 -29.9998 0.0000 0.0000 0.0000 -0.2185 1.3677 -0.1860 -0.2185 1.3677 -0.1860 -32.0186 76.9884 72.1657 -40.1701 46.6818 -20.1807 -51.5819 12.6430 -77.8991 1.0359 1.4422 -0.0846 0.0000 -0.0001 0.0001 0.0000 0.0000 0.0000 0.0000 -0.0006 0.0003 0.0000 -0.0001 0.0001 0.0000 0.0000 0.0000 0.0000 0.0000 0.0000 0.0000 0.0007 0.0001 0.0000 -0.0012 0.0001 0.0000 -0.0008 0.0003 0.0000 0.0001 0.0000 0.0000 0.0000 0.0000 0.0000 -0.0009 0.0000 0.0000 0.0002 -29.9997 -0.0001 -0.0003 29.9996 0.0000 0.0000 0.0000 3.9639 -1.0431 179.4923 -0.0629 -20.7965 0.0943 -22.5314 82.3511 -11.8664 0.0000 25.3510 0.0000 -20.0296 -21.2536 179.3542 0.3527 -24.3300 -0.1585 7.2834 68.5441 14.4342 0.0000 25.3508 -0.0001 
26.5045 90.3055 -42.7401 -0.6149 -2.4404 -2.0965 1.7258 2.1766 0.5042 1.7268 2.1780 0.5045 1.7310 2.1832 0.5058 31.6222 76.2243 -68.1909 64.9760 44.9328 34.7729 38.2496 4.5881 74.3094 -0.7085 1.0448 0.3151 0.0000 0.0000 0.0001 0.0000 0.0000 0.0000 0.0000 -0.0013 -0.0008 0.0000 -0.0004 0.0001 0.0000 0.0000 0.0000 0.0000 0.0000 0.0000 0.0000 0.0002 0.0000 0.0000 -0.0006 0.0003 0.0000 0.0004 -0.0006 0.0000 0.0000 0.0001 0.0000 0.0000 0.0000 0.0000 -0.0010 -0.0002 0.0000 0.0002 30.0001 -0.0001 0.0005 -29.9998 0.0000 0.0000 0.0000 -0.2254 1.4863 -0.1997 -0.2254 1.4863 -0.1997 -32.4381 77.0609 71.7271 -40.0573 46.7613 -20.0798 -51.4526 12.5972 -77.9328 1.0411 1.4479 -0.0826 0.0000 -0.0001 0.0001 0.0000 0.0000 0.0000 0.0000 -0.0006 0.0003 0.0000 -0.0001 0.0001 0.0000 0.0000 0.0000 0.0000 0.0000 0.0000 0.0000 0.0007 0.0001 0.0000 -0.0012 0.0001 0.0000 -0.0008 0.0003 0.0000 0.0001 0.0000 0.0000 0.0000 0.0000 0.0000 -0.0008 0.0000 0.0000 0.0002 -29.9996 -0.0001 -0.0003 29.9996 0.0000 0.0000 0.0000 3.9656 -0.9843 179.4758 -0.0646 -20.9848 0.0947 -22.7593 82.6101 -12.2102 0.0000 25.3510 0.0000 -20.3989 -20.8786 179.7071 0.3887 -23.3122 -0.1626 5.0930 67.5055 11.9401 0.0000 25.3508 -0.0001 
26.5626 90.2378 -42.4768 -0.4484 -2.4249 -2.0899 1.6992 2.1409 0.5186 1.7002 2.1422 0.5190 1.7043 2.1474 0.5203 31.7745 76.2927 -68.0705 64.9806 45.0288 34.7799 38.2380 4.5433 74.2435 -0.7044 1.0397 0.3138 0.0000 0.0000 0.0001 0.0000 0.0000 0.0000 0.0000 -0.0013 -0.0008 0.0000 -0.0004 0.0001 0.0000 0.0000 0.0000 0.0000 0.0000 0.0000 0.0000 0.0002 0.0000 0.0000 -0.0006 0.0003 0.0000 0.0004 -0.0006 0.0000 0.0000 0.0001 0.0000 0.0000 0.0000 0.0000 -0.0010 -0.0002 0.0000 0.0002 30.0001 -0.0001 0.0005 -29.9998 0.0000 0.0000 0.0000 -0.2304 1.5906 -0.2176 -0.2304 1.5906 -0.2176 -32.8915 77.1193 71.2704 -39.9578 46.8541 -19.9987 -51.3252 12.5387 -77.9637 1.0468 1.4538 -0.0798 0.0000 -0.0001 0.0001 0.0000 0.0000 0.0000 0.0000 -0.0006 0.0003 0.0000 -0.0001 0.0001 0.0000 0.0000 0.0000 0.0000 0.0000 0.0000 0.0000 0.0007 0.0001 0.0000 -0.0012 0.0001 0.0000 -0.0008 0.0003 0.0000 0.0001 0.0000 0.0000 0.0000 0.0000 0.0000 -0.0009 0.0000 0.0000 0.0002 -29.9996 -0.0001 -0.0003 29.9996 0.0000 0.0000 0.0000 4.2422 -0.9325 179.5026 -0.0544 -21.2165 0.0929 -22.3628 82.9209 -12.2203 0.0000 25.3511 0.0000 -20.7737 -20.5731 179.9799 0.4121 -22.5341 -0.1645 2.4151 66.5311 8.9473 0.0000 25.3508 -0.0001 
26.6067 90.1557 -42.1824 -0.2480 -2.4114 -2.0692 1.6657 2.1134 0.5289 1.6667 2.1147 0.5292 1.6707 2.1198 0.5306 31.8762 76.3363 -68.0025 65.0221 45.1318 34.7931 38.2214 4.5195 74.1587 -0.7000 1.0344 0.3122 0.0000 0.0000 0.0001 0.0000 0.0000 0.0000 0.0000 -0.0013 -0.0008 0.0000 -0.0004 0.0001 0.0000 0.0000 0.0000 0.0000 0.0000 0.0000 0.0000 0.0002 0.0000 0.0000 -0.0006 0.0003 0.0000 0.0004 -0.0006 0.0000 0.0000 0.0001 0.0000 0.0000 0.0000 0.0000 -0.0010 -0.0002 0.0000 0.0002 30.0001 -0.0001 0.0005 -29.9998 0.0000 0.0000 0.0000 -0.2321 1.6612 -0.2376 -0.2321 1.6612 -0.2376 -33.3066 77.1574 70.8698 -39.8760 46.9626 -19.9260 -51.2019 12.4628 -77.9927 1.0525 1.4593 -0.0751 0.0000 -0.0001 0.0001 0.0000 0.0000 0.0000 0.0000 -0.0006 0.0003 0.0000 -0.0001 0.0001 0.0000 0.0000 0.0000 0.0000 0.0000 0.0000 0.0000 0.0007 0.0001 0.0000 -0.0012 0.0001 0.0000 -0.0008 0.0003 0.0000 0.0001 0.0000 0.0000 0.0000 0.0000 0.0000 -0.0008 0.0000 0.0000 0.0002 -29.9996 -0.0001 -0.0003 29.9996 0.0000 0.0000 0.0000 4.6696 -0.8961 179.5576 -0.0335 -21.5267 0.0891 -21.6275 83.2870 -12.0710 0.0000 25.3510 0.0000 -21.2119 -20.3636 -179.8640 0.4231 -22.1417 -0.1652 -0.3208 65.8439 6.0259 0.0000 25.3508 -0.0001 
26.6390 90.0572 -41.8773 -0.0274 -2.4008 -2.0355 1.6293 2.0956 0.5355 1.6302 2.0968 0.5358 1.6342 2.1019 0.5372 31.9343 76.3593 -67.9805 65.0869 45.2354 34.8047 38.1997 4.4937 74.0745 -0.6952 1.0286 0.3101 0.0000 0.0000 0.0001 0.0000 0.0000 0.0000 0.0000 -0.0013 -0.0008 0.0000 -0.0004 0.0001 0.0000 0.0000 0.0000 0.0000 0.0000 0.0000 0.0000 0.0003 0.0000 0.0000 -0.0006 0.0003 0.0000 0.0004 -0.0006 0.0000 0.0000 0.0001 0.0000 0.0000 0.0000 0.0000 -0.0010 -0.0002 0.0000 0.0003 30.0001 -0.0001 0.0005 -29.9998 0.0000 0.0000 0.0000 -0.2315 1.6953 -0.2588 -0.2315 1.6953 -0.2588 -33.6396 77.1851 70.5628 -39.8109 47.0754 -19.8534 -51.0789 12.3867 -78.0239 1.0579 1.4639 -0.0688 0.0000 -0.0001 0.0001 0.0000 0.0000 0.0000 0.0000 -0.0006 0.0003 0.0000 -0.0001 0.0001 0.0000 0.0000 0.0000 0.0000 0.0000 0.0000 0.0000 0.0007 0.0001 0.0000 -0.0012 0.0001 0.0000 -0.0008 0.0003 0.0000 0.0001 0.0000 0.0000 0.0000 0.0000 0.0000 -0.0008 0.0000 0.0000 0.0002 -29.9997 -0.0001 -0.0003 29.9996 0.0000 0.0000 0.0000 5.0835 -0.9000 179.6116 -0.0087 -21.9350 0.0844 -20.9611 83.6814 -12.0005 0.0000 25.3510 0.0000 -21.5912 -20.1764 -179.8547 0.4195 -22.0693 -0.1642 -2.3759 65.5753 3.9081 0.0000 25.3508 -0.0001 
26.6623 89.9376 -41.5660 0.2030 -2.3929 -1.9951 1.5928 2.0876 0.5410 1.5936 2.0888 0.5413 1.5976 2.0939 0.5427 31.9635 76.3668 -67.9895 65.1659 45.3365 34.8183 38.1688 4.4559 73.9966 -0.6914 1.0240 0.3079 0.0000 0.0000 0.0001 0.0000 0.0000 0.0000 0.0000 -0.0013 -0.0008 0.0000 -0.0004 0.0001 0.0000 0.0000 0.0000 0.0000 0.0000 0.0000 0.0000 0.0002 0.0000 0.0000 -0.0006 0.0003 0.0000 0.0004 -0.0006 0.0000 0.0000 0.0001 0.0000 0.0000 0.0000 0.0000 -0.0010 -0.0002 0.0000 0.0002 30.0001 -0.0001 0.0005 -29.9998 0.0000 0.0000 0.0000 -0.2287 1.6929 -0.2819 -0.2287 1.6929 -0.2819 -33.8967 77.1997 70.3400 -39.7591 47.1923 -19.7792 -50.9616 12.3157 -78.0547 1.0629 1.4676 -0.0609 0.0000 -0.0001 0.0001 0.0000 0.0000 0.0000 0.0000 -0.0006 0.0003 0.0000 -0.0001 0.0001 0.0000 0.0000 0.0000 0.0000 0.0000 0.0000 0.0000 0.0007 0.0001 0.0000 -0.0012 0.0001 0.0000 -0.0008 0.0003 0.0000 0.0001 0.0000 0.0000 0.0000 0.0000 0.0000 -0.0009 0.0000 0.0000 0.0002 -29.9996 -0.0001 -0.0003 29.9996 0.0000 0.0000 0.0000 5.4959 -0.9599 179.6697 0.0210 -22.4670 0.0786 -20.4376 84.1079 -12.0837 0.0000 25.3510 0.0000 -21.8136 -19.9995 179.9952 0.3874 -22.2294 -0.1586 -3.7710 65.6848 2.4928 0.0000 25.3508 -0.0001 
26.6897 89.7786 -41.2046 0.4438 -2.3967 -1.9629 1.5546 2.0973 0.5508 1.5554 2.0985 0.5512 1.5593 2.1036 0.5526 31.9749 76.3550 -68.0254 65.2460 45.4399 34.8215 38.1357 4.3785 73.9372 -0.6890 1.0207 0.3053 0.0000 0.0000 0.0001 0.0000 0.0000 0.0000 0.0000 -0.0013 -0.0008 0.0000 -0.0004 0.0001 0.0000 0.0000 0.0000 0.0000 0.0000 0.0000 0.0000 0.0002 0.0000 0.0000 -0.0006 0.0003 0.0000 0.0004 -0.0006 0.0000 0.0000 0.0001 0.0000 0.0000 0.0000 0.0000 -0.0010 -0.0002 0.0000 0.0002 30.0001 -0.0001 0.0005 -29.9998 0.0000 0.0000 0.0000 -0.2182 1.6320 -0.3063 -0.2182 1.6320 -0.3063 -34.0412 77.1916 70.2273 -39.7166 47.3131 -19.6957 -50.8566 12.2509 -78.0828 1.0677 1.4708 -0.0518 0.0000 -0.0001 0.0001 0.0000 0.0000 0.0000 0.0000 -0.0006 0.0003 0.0000 -0.0001 0.0001 0.0000 0.0000 0.0000 0.0000 0.0000 0.0000 0.0000 0.0007 0.0001 0.0000 -0.0012 0.0001 0.0000 -0.0008 0.0003 0.0000 0.0001 0.0000 0.0000 0.0000 0.0000 0.0000 -0.0008 0.0000 0.0000 0.0002 -29.9996 -0.0001 -0.0003 29.9996 0.0000 0.0000 0.0000 5.9325 -1.0929 179.7481 0.0553 -23.2343 0.0714 -20.3016 84.6233 -12.5888 0.0000 25.3510 0.0000 -21.7141 -19.8575 179.6754 0.3114 -22.5741 -0.1446 -3.8681 66.1028 2.2209 0.0000 25.3508 -0.0001 
26.7225 89.5956 -40.8142 0.7018 -2.4149 -1.9536 1.5130 2.1231 0.5667 1.5138 2.1243 0.5670 1.5176 2.1295 0.5684 31.9776 76.3237 -68.0766 65.3178 45.5281 34.8041 38.0940 4.2633 73.9020 -0.6883 1.0193 0.3035 0.0000 0.0000 0.0001 0.0000 0.0000 0.0000 0.0000 -0.0013 -0.0008 0.0000 -0.0004 0.0001 0.0000 0.0000 0.0000 0.0000 0.0000 0.0000 0.0000 0.0002 0.0000 0.0000 -0.0006 0.0003 0.0000 0.0004 -0.0006 0.0000 0.0000 0.0001 0.0000 0.0000 0.0000 0.0000 -0.0010 -0.0002 0.0000 0.0002 30.0001 -0.0001 0.0005 -29.9998 0.0000 0.0000 0.0000 -0.2025 1.5209 -0.3241 -0.2025 1.5209 -0.3241 -34.0837 77.1784 70.2164 -39.6867 47.4282 -19.6169 -50.7564 12.1893 -78.1133 1.0719 1.4729 -0.0415 0.0000 -0.0001 0.0001 0.0000 0.0000 0.0000 0.0000 -0.0006 0.0003 0.0000 -0.0001 0.0001 0.0000 0.0000 0.0000 0.0000 0.0000 0.0000 0.0000 0.0007 0.0001 0.0000 -0.0012 0.0001 0.0000 -0.0008 0.0003 0.0000 0.0001 0.0000 0.0000 0.0000 0.0000 0.0000 -0.0009 0.0000 0.0000 0.0002 -29.9996 -0.0001 -0.0003 29.9996 0.0000 0.0000 0.0000 6.3846 -1.3009 179.8611 0.0946 -24.2111 0.0625 -20.6000 85.1987 -13.5578 0.0000 25.1915 0.0000 -21.3770 -19.8047 179.4013 0.2558 -22.9475 -0.1344 -2.9493 66.4205 2.6507 0.0000 25.3508 -0.0001 
26.7548 89.4057 -40.4037 0.9763 -2.4471 -1.9701 1.4680 2.1655 0.5882 1.4688 2.1668 0.5886 1.4725 2.1721 0.5901 31.9662 76.2631 -68.1542 65.3859 45.6026 34.7739 38.0464 4.1183 73.8802 -0.6897 1.0207 0.3024 0.0000 0.0000 0.0001 0.0000 0.0000 0.0000 0.0000 -0.0013 -0.0008 0.0000 -0.0004 0.0001 0.0000 0.0000 0.0000 0.0000 0.0000 0.0000 0.0000 0.0002 -0.0001 0.0000 -0.0006 0.0003 0.0000 0.0004 -0.0006 0.0000 0.0000 0.0001 0.0000 0.0000 0.0000 0.0000 -0.0010 -0.0002 0.0000 0.0002 30.0001 -0.0001 0.0005 -29.9998 0.0000 0.0000 0.0000 -0.1831 1.3615 -0.3329 -0.1831 1.3615 -0.3329 -34.0093 77.1632 70.3290 -39.6640 47.5287 -19.5569 -50.6617 12.1336 -78.1391 1.0761 1.4749 -0.0298 0.0000 -0.0001 0.0001 0.0000 0.0000 0.0000 0.0000 -0.0006 0.0003 0.0000 -0.0001 0.0001 0.0000 0.0000 0.0000 0.0000 0.0000 0.0000 0.0000 0.0007 0.0001 0.0000 -0.0012 0.0001 0.0000 -0.0008 0.0003 0.0000 0.0001 0.0000 0.0000 0.0000 0.0000 0.0000 -0.0009 0.0000 0.0000 0.0002 -29.9996 -0.0001 -0.0003 29.9996 0.0000 0.0000 0.0000 6.8330 -1.5604 -179.9868 0.1390 -25.3313 0.0516 -21.4653 85.8097 -15.1039 0.0000 25.4882 0.0000 -20.8983 -19.8396 179.2508 0.2473 -23.3587 -0.1337 -1.6119 66.5839 3.2444 0.0000 25.3508 -0.0001 
26.7530 89.2263 -40.0057 1.2631 -2.5013 -2.0159 1.4198 2.2314 0.6124 1.4206 2.2327 0.6127 1.4241 2.2381 0.6143 31.9419 76.1724 -68.2636 65.4326 45.6709 34.7163 37.9916 3.9554 73.8576 -0.6931 1.0248 0.3017 0.0000 0.0000 0.0001 0.0000 0.0000 0.0000 0.0000 -0.0013 -0.0008 0.0000 -0.0004 0.0001 0.0000 0.0000 0.0000 0.0000 0.0000 0.0000 0.0000 0.0002 0.0000 0.0000 -0.0006 0.0003 0.0000 0.0004 -0.0006 0.0000 0.0000 0.0001 0.0000 0.0000 0.0000 0.0000 -0.0010 -0.0002 0.0000 0.0002 30.0001 -0.0001 0.0005 -29.9998 0.0000 0.0000 0.0000 -0.1588 1.1379 -0.3235 -0.1588 1.1379 -0.3235 -33.7354 77.1405 70.6642 -39.6946 47.5917 -19.5794 -50.5800 12.0852 -78.1283 1.0788 1.4754 -0.0172 0.0000 -0.0001 0.0001 0.0000 0.0000 0.0000 0.0000 -0.0006 0.0003 0.0000 -0.0001 0.0001 0.0000 0.0000 0.0000 0.0000 0.0000 0.0000 0.0000 0.0007 0.0001 0.0000 -0.0011 0.0001 0.0000 -0.0008 0.0003 0.0000 0.0001 0.0000 0.0000 0.0000 0.0000 0.0000 -0.0009 0.0000 0.0000 0.0002 -29.9996 -0.0001 -0.0003 29.9996 0.0000 0.0000 0.0000 7.2362 -1.8636 -179.7805 0.1971 -26.5381 0.0364 -23.3703 86.3923 -17.6588 0.0000 25.6994 0.0000 -20.2881 -19.9794 179.2267 0.2788 -23.9346 -0.1416 -0.6294 66.6749 3.1963 0.0000 25.3508 -0.0001 
26.7346 89.0598 -39.5964 1.5391 -2.5704 -2.0523 1.3723 2.3125 0.6258 1.3731 2.3139 0.6262 1.3765 2.3195 0.6278 31.8705 76.0662 -68.4268 65.4553 45.7498 34.6230 37.9281 3.8075 73.8275 -0.6973 1.0303 0.3003 0.0000 0.0000 0.0001 0.0000 0.0000 0.0000 0.0000 -0.0013 -0.0008 0.0000 -0.0004 0.0001 0.0000 0.0000 0.0000 0.0000 0.0000 0.0000 0.0000 0.0002 0.0000 0.0000 -0.0006 0.0003 0.0000 0.0004 -0.0006 0.0000 0.0000 0.0001 0.0000 0.0000 0.0000 0.0000 -0.0010 -0.0002 0.0000 0.0003 30.0001 -0.0001 0.0005 -29.9998 0.0000 0.0000 0.0000 -0.1321 0.8780 -0.2987 -0.1321 0.8780 -0.2987 -33.3122 77.1160 71.1627 -39.7907 47.6117 -19.7101 -50.4963 12.0471 -78.0646 1.0795 1.4747 -0.0049 0.0000 -0.0001 0.0001 0.0000 0.0000 0.0000 0.0000 -0.0006 0.0003 0.0000 -0.0001 0.0001 0.0000 0.0000 0.0000 0.0000 0.0000 0.0000 0.0000 0.0007 0.0001 0.0000 -0.0012 0.0001 0.0000 -0.0008 0.0003 0.0000 0.0001 0.0000 0.0000 0.0000 0.0000 0.0000 -0.0009 0.0000 0.0000 0.0002 -29.9996 -0.0001 -0.0003 29.9996 0.0000 0.0000 0.0000 7.5460 -2.0941 -179.5825 0.2626 -27.6399 0.0183 -26.4311 86.9027 -21.2700 0.0000 25.8785 0.0000 -19.6473 -20.2168 179.1247 0.2799 -24.7186 -0.1438 0.3640 66.7941 3.0319 0.0000 25.3508 -0.0001 
26.7194 88.9070 -39.1580 1.7940 -2.6423 -2.0639 1.3262 2.3984 0.6253 1.3271 2.3999 0.6257 1.3303 2.4056 0.6273 31.7898 75.9601 -68.6078 65.4739 45.8365 34.5143 37.8471 3.6780 73.7994 -0.7018 1.0364 0.2982 0.0000 0.0000 0.0001 0.0000 0.0000 0.0000 0.0000 -0.0013 -0.0008 0.0000 -0.0004 0.0001 0.0000 0.0000 0.0000 0.0000 0.0000 0.0000 0.0000 0.0002 0.0000 0.0000 -0.0006 0.0003 0.0000 0.0004 -0.0006 0.0000 0.0000 0.0001 0.0000 0.0000 0.0000 0.0000 -0.0010 -0.0002 0.0000 0.0002 30.0001 -0.0001 0.0005 -29.9998 0.0000 0.0000 0.0000 -0.1034 0.6042 -0.2655 -0.1034 0.6042 -0.2655 -32.8188 77.0993 71.7292 -39.9472 47.5903 -19.9389 -50.3953 12.0213 -77.9593 1.0793 1.4741 0.0060 0.0000 -0.0001 0.0001 0.0000 0.0000 0.0000 0.0000 -0.0006 0.0003 0.0000 -0.0001 0.0001 0.0000 0.0000 0.0000 0.0000 0.0000 0.0000 0.0000 0.0007 0.0001 0.0000 -0.0012 0.0001 0.0000 -0.0008 0.0003 0.0000 0.0001 0.0000 0.0000 0.0000 0.0000 0.0000 -0.0009 0.0000 0.0000 0.0002 -29.9996 -0.0001 -0.0003 29.9996 0.0000 0.0000 0.0000 7.7550 -2.2072 -179.4252 0.3243 -28.5625 0.0004 -30.7689 87.3322 -26.0425 0.0000 26.0407 0.0000 -19.0197 -20.5484 178.8970 0.2498 -25.6565 -0.1394 1.2903 67.0007 2.8148 0.0000 25.3508 -0.0001 
26.7317 88.7776 -38.7036 2.0026 -2.6994 -2.0383 1.2842 2.4736 0.6079 1.2850 2.4751 0.6083 1.2881 2.4810 0.6098 31.7365 75.8817 -68.7767 65.5035 45.9237 34.4166 37.7402 3.5753 73.7784 -0.7056 1.0413 0.2945 0.0000 0.0000 0.0001 0.0000 0.0000 0.0000 0.0000 -0.0013 -0.0008 0.0000 -0.0004 0.0001 0.0000 0.0000 0.0000 0.0000 0.0000 0.0000 0.0000 0.0002 0.0000 0.0000 -0.0006 0.0003 0.0000 0.0004 -0.0006 0.0000 0.0000 0.0001 0.0000 0.0000 0.0000 0.0000 -0.0010 -0.0002 0.0000 0.0002 30.0001 -0.0001 0.0005 -29.9998 0.0000 0.0000 0.0000 -0.0720 0.3439 -0.2342 -0.0720 0.3439 -0.2342 -32.3397 77.1039 72.2637 -40.1539 47.5112 -20.2619 -50.2726 12.0293 -77.8263 1.0782 1.4740 0.0137 0.0000 -0.0001 0.0001 0.0000 0.0000 0.0000 0.0000 -0.0006 0.0003 0.0000 -0.0001 0.0001 0.0000 0.0000 0.0000 0.0000 0.0000 0.0000 0.0000 0.0007 0.0001 0.0000 -0.0011 0.0001 0.0000 -0.0008 0.0003 0.0000 0.0001 0.0000 0.0000 0.0000 0.0000 0.0000 -0.0008 0.0000 0.0000 0.0002 -29.9996 -0.0001 -0.0003 29.9996 0.0000 0.0000 0.0000 7.8405 -2.1319 -179.3505 0.3588 -29.1267 -0.0102 -5.8589 90.0000 0.0000 0.0000 26.2694 0.0000 -18.4018 -20.9218 178.4911 0.1876 -26.6350 -0.1270 2.1678 67.4816 2.7488 0.0000 25.3508 -0.0001 
26.7442 88.6820 -38.2834 2.1753 -2.7303 -1.9885 1.2482 2.5240 0.5825 1.2490 2.5257 0.5829 1.2520 2.5316 0.5843 31.7482 75.8604 -68.8788 65.5140 46.0085 34.3426 37.6388 3.4982 73.7490 -0.7076 1.0438 0.2906 0.0000 0.0000 0.0001 0.0000 0.0000 0.0000 0.0000 -0.0013 -0.0008 0.0000 -0.0004 0.0001 0.0000 0.0000 0.0000 0.0000 0.0000 0.0000 0.0000 0.0002 0.0000 0.0000 -0.0006 0.0003 0.0000 0.0004 -0.0006 0.0000 0.0000 0.0001 0.0000 0.0000 0.0000 0.0000 -0.0010 -0.0002 0.0000 0.0002 30.0001 -0.0001 0.0005 -29.9998 0.0000 0.0000 0.0000 -0.0462 0.1273 -0.2163 -0.0462 0.1273 -0.2163 -32.0004 77.1288 72.6410 -40.3296 47.4215 -20.5645 -50.1681 12.0620 -77.7040 1.0766 1.4740 0.0181 0.0000 -0.0001 0.0001 0.0000 0.0000 0.0000 0.0000 -0.0006 0.0003 0.0000 -0.0001 0.0001 0.0000 0.0000 0.0000 0.0000 0.0000 0.0000 0.0000 0.0007 0.0001 0.0000 -0.0012 0.0001 0.0000 -0.0008 0.0003 0.0000 0.0001 0.0000 0.0000 0.0000 0.0000 0.0000 -0.0009 0.0000 0.0000 0.0002 -29.9996 -0.0001 -0.0003 29.9996 0.0000 0.0000 0.0000 7.8721 -1.9666 -179.3229 0.3753 -29.4208 -0.0155 -5.6978 90.0000 0.0000 0.0000 26.4724 0.0000 -17.7586 -21.1376 178.0134 0.1044 -27.4172 -0.1081 3.1868 68.0625 2.9785 0.0000 25.3508 -0.0001 
26.7273 88.6226 -37.9301 2.3324 -2.7267 -1.9320 1.2209 2.5462 0.5558 1.2217 2.5479 0.5562 1.2247 2.5539 0.5575 31.8051 75.8878 -68.9087 65.5009 46.0845 34.2939 37.5584 3.4454 73.7088 -0.7076 1.0440 0.2874 0.0000 0.0000 0.0001 0.0000 0.0000 0.0000 0.0000 -0.0013 -0.0008 0.0000 -0.0004 0.0001 0.0000 0.0000 0.0000 0.0000 0.0000 0.0000 0.0000 0.0003 0.0000 0.0000 -0.0006 0.0003 0.0000 0.0004 -0.0006 0.0000 0.0000 0.0001 0.0000 0.0000 0.0000 0.0000 -0.0010 -0.0002 0.0000 0.0003 30.0001 -0.0001 0.0005 -29.9998 0.0000 0.0000 0.0000 -0.0376 -0.0401 -0.2110 -0.0376 -0.0401 -0.2110 -31.8614 77.1702 72.8099 -40.4287 47.3622 -20.7936 -50.0975 12.1044 -77.6020 1.0752 1.4741 0.0205 0.0000 -0.0001 0.0001 0.0000 0.0000 0.0000 0.0000 -0.0006 0.0003 0.0000 -0.0001 0.0001 0.0000 0.0000 0.0000 0.0000 0.0000 0.0000 0.0000 0.0007 0.0001 0.0000 -0.0011 0.0001 0.0000 -0.0008 0.0003 0.0000 0.0001 0.0000 0.0000 0.0000 0.0000 0.0000 -0.0008 0.0000 0.0000 0.0002 -29.9996 -0.0001 -0.0003 29.9996 0.0000 0.0000 0.0000 7.8689 -1.7856 -179.3040 0.3847 -29.5168 -0.0183 -5.5989 90.0000 0.0000 0.0000 26.6557 0.0000 -17.1044 -21.1429 177.5750 0.0348 -27.9341 -0.0913 4.3353 68.6013 3.3972 0.0000 25.3508 -0.0001 
26.6632 88.6227 -37.6554 2.5022 -2.6663 -1.9055 1.2052 2.5240 0.5422 1.2060 2.5256 0.5425 1.2089 2.5316 0.5439 31.9491 75.9739 -68.7925 65.4755 46.1246 34.3134 37.5114 3.4197 73.6523 -0.7056 1.0419 0.2868 0.0000 0.0000 0.0001 0.0000 0.0000 0.0000 0.0000 -0.0013 -0.0008 0.0000 -0.0004 0.0001 0.0000 0.0000 0.0000 0.0000 0.0000 0.0000 0.0000 0.0002 0.0000 0.0000 -0.0006 0.0003 0.0000 0.0004 -0.0006 0.0000 0.0000 0.0001 0.0000 0.0000 0.0000 0.0000 -0.0010 -0.0002 0.0000 0.0002 30.0001 -0.0001 0.0005 -29.9998 0.0000 0.0000 0.0000 -0.0635 -0.1323 -0.2212 -0.0635 -0.1323 -0.2212 -32.0715 77.2365 72.6159 -40.3887 47.3871 -20.8653 -50.0719 12.1437 -77.5440 1.0745 1.4745 0.0216 0.0000 -0.0001 0.0001 0.0000 0.0000 0.0000 0.0000 -0.0006 0.0003 0.0000 -0.0001 0.0001 0.0000 0.0000 0.0000 0.0000 0.0000 0.0000 0.0000 0.0007 0.0001 0.0000 -0.0012 0.0001 0.0000 -0.0008 0.0003 0.0000 0.0001 0.0000 0.0000 0.0000 0.0000 0.0000 -0.0009 0.0000 0.0000 0.0002 -29.9996 -0.0001 -0.0003 29.9996 0.0000 0.0000 0.0000 7.8162 -1.6193 -179.2437 0.3871 -29.3953 -0.0185 -5.5538 90.0000 0.0000 0.0000 26.7185 0.0000 -16.5849 -20.8585 177.3388 0.0211 -28.0316 -0.0879 5.3220 69.0013 3.7652 0.0000 25.3508 -0.0001 
26.5764 88.6603 -37.3941 2.7117 -2.5640 -1.9331 1.1921 2.4705 0.5482 1.1928 2.4720 0.5485 1.1957 2.4779 0.5499 32.1686 76.0986 -68.5576 65.4406 46.1240 34.3841 37.4941 3.4108 73.5882 -0.7024 1.0385 0.2889 0.0000 0.0000 0.0001 0.0000 0.0000 0.0000 0.0000 -0.0013 -0.0008 0.0000 -0.0004 0.0001 0.0000 0.0000 0.0000 0.0000 0.0000 0.0000 0.0000 0.0002 -0.0001 0.0000 -0.0006 0.0003 0.0000 0.0004 -0.0006 0.0000 0.0000 0.0001 0.0000 0.0000 0.0000 0.0000 -0.0010 -0.0002 0.0000 0.0002 30.0001 -0.0001 0.0005 -29.9998 0.0000 0.0000 0.0000 -0.1151 -0.1743 -0.2357 -0.1151 -0.1743 -0.2357 -32.5051 77.3248 72.1887 -40.2888 47.4730 -20.8303 -50.0477 12.1721 -77.5282 1.0736 1.4735 0.0223 0.0000 -0.0001 0.0001 0.0000 0.0000 0.0000 0.0000 -0.0006 0.0003 0.0000 -0.0001 0.0001 0.0000 0.0000 0.0000 0.0000 0.0000 0.0000 0.0000 0.0007 0.0001 0.0000 -0.0012 0.0001 0.0000 -0.0008 0.0003 0.0000 0.0001 0.0000 0.0000 0.0000 0.0000 0.0000 -0.0009 0.0000 0.0000 0.0002 -29.9996 -0.0001 -0.0003 29.9996 0.0000 0.0000 0.0000 7.6904 -1.4482 -179.1226 0.3844 -29.1372 -0.0169 -5.5566 90.0000 0.0000 0.0000 26.6842 0.0000 -16.2030 -20.4834 177.3141 0.0505 -27.8897 -0.0952 6.0966 69.2488 3.9734 0.0000 25.3508 -0.0001 
26.4836 88.7183 -37.1354 2.9617 -2.4263 -1.9955 1.1797 2.3974 0.5655 1.1804 2.3989 0.5658 1.1833 2.4047 0.5672 32.4242 76.2381 -68.2444 65.3832 46.1080 34.4668 37.5133 3.4138 73.5279 -0.6986 1.0343 0.2928 0.0000 0.0000 0.0001 0.0000 0.0000 0.0000 0.0000 -0.0013 -0.0008 0.0000 -0.0004 0.0001 0.0000 0.0000 0.0000 0.0000 0.0000 0.0000 0.0000 0.0002 0.0000 0.0000 -0.0006 0.0003 0.0000 0.0004 -0.0006 0.0000 0.0000 0.0001 0.0000 0.0000 0.0000 0.0000 -0.0010 -0.0002 0.0000 0.0002 30.0001 -0.0001 0.0005 -29.9998 0.0000 0.0000 0.0000 -0.1886 -0.1889 -0.2475 -0.1885 -0.1889 -0.2475 -33.0289 77.4239 71.6753 -40.1707 47.5905 -20.7378 -50.0153 12.1823 -77.5364 1.0723 1.4714 0.0233 0.0000 -0.0001 0.0001 0.0000 0.0000 0.0000 0.0000 -0.0006 0.0003 0.0000 -0.0001 0.0001 0.0000 0.0000 0.0000 0.0000 0.0000 0.0000 0.0000 0.0007 0.0001 0.0000 -0.0011 0.0001 0.0000 -0.0008 0.0003 0.0000 0.0001 0.0000 0.0000 0.0000 0.0000 0.0000 -0.0009 0.0000 0.0000 0.0002 -29.9997 -0.0001 -0.0003 29.9996 0.0000 0.0000 0.0000 7.4824 -1.2724 -178.9735 0.3736 -28.7816 -0.0128 -5.6072 90.0000 0.0000 0.0000 26.6018 0.0000 -15.9403 -20.0987 177.3954 0.0724 -27.6147 -0.1004 6.7847 69.3984 4.1284 0.0000 25.3508 -0.0001 
26.3889 88.7931 -36.8862 3.2616 -2.2202 -2.0784 1.1703 2.3038 0.5890 1.1710 2.3051 0.5894 1.1739 2.3107 0.5909 32.6827 76.3702 -67.8607 65.3035 46.0995 34.5321 37.5772 3.4384 73.4899 -0.6946 1.0298 0.2984 0.0000 0.0000 0.0001 0.0000 0.0000 0.0000 0.0000 -0.0013 -0.0008 0.0000 -0.0004 0.0001 0.0000 0.0000 0.0000 0.0000 0.0000 0.0000 0.0000 0.0002 -0.0001 0.0000 -0.0006 0.0003 0.0000 0.0004 -0.0006 0.0000 0.0000 0.0001 0.0000 0.0000 0.0000 0.0000 -0.0010 -0.0002 0.0000 0.0002 30.0001 -0.0001 0.0005 -29.9998 0.0000 0.0000 0.0000 -0.2892 -0.1954 -0.2498 -0.2893 -0.1954 -0.2498 -33.5521 77.5358 71.1781 -40.0380 47.7124 -20.6181 -49.9830 12.1672 -77.5496 1.0703 1.4680 0.0242 0.0000 -0.0001 0.0001 0.0000 0.0000 0.0000 0.0000 -0.0006 0.0003 0.0000 -0.0001 0.0001 0.0000 0.0000 0.0000 0.0000 0.0000 0.0000 0.0000 0.0007 0.0001 0.0000 -0.0012 0.0001 0.0000 -0.0008 0.0003 0.0000 0.0001 0.0000 0.0000 0.0000 0.0000 0.0000 -0.0009 0.0000 0.0000 0.0002 -29.9996 -0.0001 -0.0003 29.9996 0.0000 0.0000 0.0000 7.1263 -1.1121 -178.8349 0.3515 -28.3004 -0.0056 -50.2645 87.3460 -46.5669 0.0000 26.5214 0.0000 -15.6929 -19.7841 177.5376 0.0787 -27.2366 -0.1017 7.5982 69.4520 4.3482 0.0000 25.3508 -0.0001 
26.3000 88.8723 -36.6126 3.5798 -1.9631 -2.1623 1.1608 2.2011 0.6120 1.1614 2.2023 0.6123 1.1643 2.2078 0.6139 32.9742 76.4938 -67.4134 65.2295 46.1143 34.5852 37.6494 3.4808 73.4726 -0.6904 1.0248 0.3039 0.0000 0.0000 0.0001 0.0000 0.0000 0.0000 0.0000 -0.0013 -0.0008 0.0000 -0.0004 0.0001 0.0000 0.0000 0.0000 0.0000 0.0000 0.0000 0.0000 0.0002 -0.0001 0.0000 -0.0006 0.0003 0.0000 0.0004 -0.0006 0.0000 0.0000 0.0001 0.0000 0.0000 0.0000 0.0000 -0.0010 -0.0002 0.0000 0.0003 30.0001 -0.0001 0.0005 -29.9998 0.0000 0.0000 0.0000 -0.3890 -0.2142 -0.2399 -0.3890 -0.2142 -0.2399 -34.0395 77.6654 70.7053 -39.9157 47.8033 -20.5301 -49.9552 12.1586 -77.5572 1.0676 1.4641 0.0236 0.0000 -0.0001 0.0001 0.0000 0.0000 0.0000 0.0000 -0.0006 0.0003 0.0000 -0.0001 0.0001 0.0000 0.0000 0.0000 0.0000 0.0000 0.0000 0.0000 0.0007 0.0001 0.0000 -0.0011 0.0001 0.0000 -0.0008 0.0003 0.0000 0.0001 0.0000 0.0000 0.0000 0.0000 0.0000 -0.0009 0.0000 0.0000 0.0002 -29.9997 -0.0001 -0.0003 29.9996 0.0000 0.0000 0.0000 6.6664 -0.9246 -178.7246 0.3209 -27.6998 0.0039 -50.6654 87.1160 -46.8966 0.0000 26.4688 0.0000 -15.4348 -19.5247 177.7134 0.0940 -26.8060 -0.1050 8.4196 69.4680 4.5416 0.0000 25.3508 -0.0001 
26.2136 88.9565 -36.3129 3.8977 -1.6815 -2.2445 1.1493 2.0974 0.6326 1.1499 2.0984 0.6329 1.1528 2.1037 0.6345 33.3350 76.6134 -66.8923 65.1648 46.1529 34.6308 37.7159 3.5243 73.4800 -0.6866 1.0198 0.3090 0.0000 0.0000 0.0001 0.0000 0.0000 0.0000 0.0000 -0.0013 -0.0008 0.0000 -0.0004 0.0001 0.0000 0.0000 0.0000 0.0000 0.0000 0.0000 0.0000 0.0002 0.0000 0.0000 -0.0006 0.0003 0.0000 0.0004 -0.0006 0.0000 0.0000 0.0001 0.0000 0.0000 0.0000 0.0000 -0.0010 -0.0002 0.0000 0.0002 30.0001 -0.0001 0.0005 -29.9998 0.0000 0.0000 0.0000 -0.4761 -0.2505 -0.2211 -0.4761 -0.2505 -0.2211 -34.4836 77.8086 70.2606 -39.8143 47.8492 -20.4922 -49.9345 12.1708 -77.5655 1.0645 1.4603 0.0215 0.0000 -0.0001 0.0001 0.0000 0.0000 0.0000 0.0000 -0.0006 0.0003 0.0000 -0.0001 0.0001 0.0000 0.0000 0.0000 0.0000 0.0000 0.0000 0.0000 0.0007 0.0001 0.0000 -0.0011 0.0001 0.0000 -0.0008 0.0003 0.0000 0.0001 0.0000 0.0000 0.0000 0.0000 0.0000 -0.0009 0.0000 0.0000 0.0002 -29.9996 -0.0001 -0.0003 29.9996 0.0000 0.0000 0.0000 6.1571 -0.6943 -178.6293 0.2865 -27.0037 0.0142 -50.8098 86.8798 -46.9062 0.0000 26.3945 0.0000 -15.1552 -19.2834 177.9090 0.1193 -26.3144 -0.1105 9.2126 69.4502 4.6840 0.0000 25.3508 -0.0001 
26.1070 89.0507 -36.0542 4.2086 -1.3752 -2.3285 1.1358 1.9952 0.6480 1.1363 1.9961 0.6483 1.1393 2.0012 0.6501 33.7991 76.7220 -66.2712 65.1171 46.2161 34.6698 37.7713 3.5664 73.5138 -0.6829 1.0145 0.3138 0.0000 0.0000 0.0001 0.0000 0.0000 0.0000 0.0000 -0.0013 -0.0008 0.0000 -0.0004 0.0001 0.0000 0.0000 0.0000 0.0000 0.0000 0.0000 0.0000 0.0002 0.0000 0.0000 -0.0006 0.0003 0.0000 0.0004 -0.0006 0.0000 0.0000 0.0001 0.0000 0.0000 0.0000 0.0000 -0.0010 -0.0002 0.0000 0.0003 30.0001 -0.0001 0.0005 -29.9998 0.0000 0.0000 0.0000 -0.5448 -0.3233 -0.1923 -0.5448 -0.3233 -0.1923 -34.8599 77.9661 69.8782 -39.7162 47.8313 -20.5143 -49.9479 12.2020 -77.5867 1.0617 1.4569 0.0177 0.0000 -0.0001 0.0001 0.0000 0.0000 0.0000 0.0000 -0.0006 0.0003 0.0000 -0.0001 0.0001 0.0000 0.0000 0.0000 0.0000 0.0000 0.0000 0.0000 0.0007 0.0001 0.0000 -0.0012 0.0001 0.0000 -0.0008 0.0003 0.0000 0.0001 0.0000 0.0000 0.0000 0.0000 0.0000 -0.0008 0.0000 0.0000 0.0002 -29.9997 -0.0001 -0.0003 29.9996 0.0000 0.0000 0.0000 5.6535 -0.4763 -178.5270 0.2559 -26.2237 0.0233 -50.0832 86.6305 -46.0203 0.0000 26.3140 0.0000 -14.8344 -19.0396 178.1189 0.1488 -25.7222 -0.1166 9.9954 69.3844 4.7798 0.0000 25.3508 -0.0001 
25.9807 89.1485 -35.8595 4.5273 -1.0549 -2.4231 1.1196 1.8987 0.6617 1.1201 1.8995 0.6619 1.1230 1.9045 0.6637 34.2973 76.8119 -65.6208 65.0853 46.2895 34.7128 37.8195 3.6022 73.5465 -0.6797 1.0099 0.3186 0.0000 0.0000 0.0001 0.0000 0.0000 0.0000 0.0000 -0.0013 -0.0008 0.0000 -0.0004 0.0001 0.0000 0.0000 0.0000 0.0000 0.0000 0.0000 0.0000 0.0003 0.0000 0.0000 -0.0006 0.0003 0.0000 0.0004 -0.0006 0.0000 0.0000 0.0001 0.0000 0.0000 0.0000 0.0000 -0.0010 -0.0002 0.0000 0.0002 30.0001 -0.0001 0.0005 -29.9998 0.0000 0.0000 0.0000 -0.6068 -0.4324 -0.1561 -0.6068 -0.4324 -0.1561 -35.1677 78.1286 69.5793 -39.5874 47.7840 -20.5563 -50.0061 12.2377 -77.6148 1.0594 1.4543 0.0141 0.0000 -0.0001 0.0001 0.0000 0.0000 0.0000 0.0000 -0.0006 0.0003 0.0000 -0.0001 0.0001 0.0000 0.0000 0.0000 0.0000 0.0000 0.0000 0.0000 0.0007 0.0001 0.0000 -0.0011 0.0001 0.0000 -0.0008 0.0003 0.0000 0.0001 0.0000 0.0000 0.0000 0.0000 0.0000 -0.0009 0.0000 0.0000 0.0002 -29.9997 -0.0001 -0.0003 29.9996 0.0000 0.0000 0.0000 5.1501 -0.3175 -178.4058 0.2310 -25.4440 0.0308 -48.9235 86.3813 -44.6963 0.0000 26.2236 0.0000 -14.5197 -18.7763 178.3378 0.1747 -25.0462 -0.1214 10.7647 69.2788 4.8572 0.0000 25.3508 -0.0001 
25.8447 89.2491 -35.7171 4.8486 -0.7434 -2.5252 1.1039 1.8129 0.6716 1.1044 1.8136 0.6719 1.1073 1.8183 0.6737 34.8112 76.8915 -64.9650 65.0562 46.3502 34.7696 37.8590 3.6460 73.5651 -0.6771 1.0066 0.3236 0.0000 0.0000 0.0001 0.0000 0.0000 0.0000 0.0000 -0.0013 -0.0008 0.0000 -0.0004 0.0001 0.0000 0.0000 0.0000 0.0000 0.0000 0.0000 0.0000 0.0002 0.0000 0.0000 -0.0006 0.0003 0.0000 0.0004 -0.0006 0.0000 0.0000 0.0001 0.0000 0.0000 0.0000 0.0000 -0.0010 -0.0002 0.0000 0.0003 30.0001 -0.0001 0.0005 -29.9998 0.0000 0.0000 0.0000 -0.6654 -0.5670 -0.1074 -0.6654 -0.5670 -0.1074 -35.4201 78.2980 69.3429 -39.4408 47.7346 -20.6081 -50.0859 12.2748 -77.6407 1.0571 1.4511 0.0117 0.0000 -0.0001 0.0001 0.0000 0.0000 0.0000 0.0000 -0.0006 0.0003 0.0000 -0.0001 0.0001 0.0000 0.0000 0.0000 0.0000 0.0000 0.0000 0.0000 0.0007 0.0001 0.0000 -0.0011 0.0001 0.0000 -0.0008 0.0003 0.0000 0.0001 0.0000 0.0000 0.0000 0.0000 0.0000 -0.0009 0.0000 0.0000 0.0002 -29.9997 -0.0001 -0.0003 29.9996 0.0000 0.0000 0.0000 4.6407 -0.1967 -178.2723 0.2097 -24.6893 0.0370 -47.6513 86.1393 -43.2489 0.0000 26.0937 0.0000 -14.2516 -18.4900 178.5713 0.2019 -24.3164 -0.1261 11.4285 69.1421 4.8695 0.0000 25.3508 -0.0001 
25.7195 89.3402 -35.6073 5.1673 -0.4612 -2.6287 1.0911 1.7473 0.6722 1.0915 1.7480 0.6725 1.0944 1.7526 0.6743 35.3253 76.9494 -64.3240 65.0354 46.3885 34.8355 37.8832 3.6773 73.5787 -0.6757 1.0049 0.3292 0.0000 0.0000 0.0001 0.0000 0.0000 0.0000 0.0000 -0.0013 -0.0008 0.0000 -0.0004 0.0001 0.0000 0.0000 0.0000 0.0000 0.0000 0.0000 0.0000 0.0002 0.0000 0.0000 -0.0006 0.0003 0.0000 0.0004 -0.0006 0.0000 0.0000 0.0001 0.0000 0.0000 0.0000 0.0000 -0.0010 -0.0002 0.0000 0.0002 30.0001 -0.0001 0.0005 -29.9998 0.0000 0.0000 0.0000 -0.7289 -0.7337 -0.0378 -0.7289 -0.7337 -0.0378 -35.5747 78.4672 69.2285 -39.3335 47.6918 -20.7115 -50.1501 12.3008 -77.6475 1.0539 1.4467 0.0122 0.0000 -0.0001 0.0001 0.0000 0.0000 0.0000 0.0000 -0.0006 0.0003 0.0000 -0.0001 0.0001 0.0000 0.0000 0.0000 0.0000 0.0000 0.0000 0.0000 0.0007 0.0001 0.0000 -0.0012 0.0001 0.0000 -0.0008 0.0003 0.0000 0.0001 0.0000 0.0000 0.0000 0.0000 0.0000 -0.0009 0.0000 0.0000 0.0002 -29.9996 -0.0001 -0.0003 29.9996 0.0000 0.0000 0.0000 4.1130 -0.0802 -178.1456 0.1861 -23.9713 0.0434 -46.4183 85.9237 -41.8192 0.0000 25.9671 0.0000 -14.0885 -18.2129 178.8259 0.2290 -23.5762 -0.1303 11.8763 68.9658 4.7642 0.0000 25.3508 -0.0001 
25.5931 89.4300 -35.5532 5.4819 -0.1767 -2.7141 1.0791 1.6885 0.6635 1.0795 1.6891 0.6638 1.0824 1.6936 0.6656 35.8696 77.0207 -63.6949 65.0112 46.3807 34.9230 37.8989 3.7168 73.5790 -0.6742 1.0036 0.3354 0.0000 0.0000 0.0001 0.0000 0.0000 0.0000 0.0000 -0.0013 -0.0008 0.0000 -0.0004 0.0001 0.0000 0.0000 0.0000 0.0000 0.0000 0.0000 0.0000 0.0002 0.0000 0.0000 -0.0006 0.0003 0.0000 0.0004 -0.0006 0.0000 0.0000 0.0001 0.0000 0.0000 0.0000 0.0000 -0.0010 -0.0002 0.0000 0.0002 30.0001 -0.0001 0.0005 -29.9998 0.0000 0.0000 0.0000 -0.8022 -0.9223 0.0410 -0.8022 -0.9223 0.0410 -35.6925 78.6412 69.1574 -39.2847 47.6598 -20.8599 -50.1831 12.3090 -77.6305 1.0493 1.4404 0.0136 0.0000 -0.0001 0.0001 0.0000 0.0000 0.0000 0.0000 -0.0006 0.0003 0.0000 -0.0001 0.0001 0.0000 0.0000 0.0000 0.0000 0.0000 0.0000 0.0000 0.0007 0.0001 0.0000 -0.0012 0.0001 0.0000 -0.0008 0.0003 0.0000 0.0001 0.0000 0.0000 0.0000 0.0000 0.0000 -0.0009 0.0000 0.0000 0.0002 -29.9997 -0.0001 -0.0003 29.9996 0.0000 0.0000 0.0000 3.5800 -0.0230 -178.0377 0.1625 -23.2995 0.0494 -45.0634 85.7075 -40.2672 0.0000 25.8299 0.0000 -14.0266 -17.9936 179.0841 0.2513 -22.8968 -0.1334 12.1564 68.7997 4.5884 0.0000 25.3508 -0.0001 
25.4500 89.5148 -35.5515 5.7802 0.1118 -2.7760 1.0725 1.6372 0.6478 1.0728 1.6378 0.6481 1.0757 1.6422 0.6498 36.3772 77.0896 -63.1318 64.9894 46.3598 35.0155 37.9179 3.7534 73.5724 -0.6727 1.0023 0.3410 0.0000 0.0000 0.0001 0.0000 0.0000 0.0000 0.0000 -0.0013 -0.0008 0.0000 -0.0004 0.0001 0.0000 0.0000 0.0000 0.0000 0.0000 0.0000 0.0000 0.0002 0.0000 0.0000 -0.0006 0.0003 0.0000 0.0004 -0.0006 0.0000 0.0000 0.0001 0.0000 0.0000 0.0000 0.0000 -0.0010 -0.0002 0.0000 0.0002 30.0001 -0.0001 0.0005 -29.9998 0.0000 0.0000 0.0000 -0.8862 -1.1278 0.1236 -0.8862 -1.1278 0.1236 -35.7661 78.8166 69.1329 -39.2761 47.6346 -21.0304 -50.2016 12.3086 -77.5904 1.0428 1.4320 0.0149 0.0000 -0.0001 0.0001 0.0000 0.0000 0.0000 0.0000 -0.0006 0.0003 0.0000 -0.0001 0.0001 0.0000 0.0000 0.0000 0.0000 0.0000 0.0000 0.0000 0.0007 0.0001 0.0000 -0.0012 0.0001 0.0000 -0.0008 0.0003 0.0000 0.0001 0.0000 0.0000 0.0000 0.0000 0.0000 -0.0009 0.0000 0.0000 0.0002 -29.9997 -0.0001 -0.0003 29.9996 0.0000 0.0000 0.0000 3.0541 -0.0239 -177.9423 0.1450 -22.6699 0.0538 -43.7190 85.4768 -38.7270 0.0000 25.7209 0.0000 -14.0512 -17.8400 179.3329 0.2665 -22.3010 -0.1351 12.3010 68.6597 4.3735 0.0000 25.3508 -0.0001 
25.2653 89.5880 -35.5772 6.0310 0.3860 -2.7943 1.0819 1.6033 0.6207 1.0823 1.6039 0.6209 1.0852 1.6082 0.6226 36.8137 77.1424 -62.6664 64.9721 46.3405 35.1095 37.9346 3.7846 73.5697 -0.6717 1.0014 0.3444 0.0000 0.0000 0.0001 0.0000 0.0000 0.0000 0.0000 -0.0013 -0.0008 0.0000 -0.0004 0.0001 0.0000 0.0000 0.0000 0.0000 0.0000 0.0000 0.0000 0.0002 0.0000 0.0000 -0.0006 0.0003 0.0000 0.0004 -0.0006 0.0000 0.0000 0.0001 0.0000 0.0000 0.0000 0.0000 -0.0010 -0.0002 0.0000 0.0002 30.0001 -0.0001 0.0005 -29.9998 0.0000 0.0000 0.0000 -0.9829 -1.3448 0.2106 -0.9829 -1.3448 0.2106 -35.7555 78.9791 69.1931 -39.3160 47.6118 -21.2052 -50.2210 12.3058 -77.5299 1.0341 1.4214 0.0155 0.0000 -0.0001 0.0001 0.0000 0.0000 0.0000 0.0000 -0.0006 0.0003 0.0000 -0.0001 0.0001 0.0000 0.0000 0.0000 0.0000 0.0000 0.0000 0.0000 0.0007 0.0001 0.0000 -0.0012 0.0001 0.0000 -0.0008 0.0003 0.0000 0.0001 0.0000 0.0000 0.0000 0.0000 0.0000 -0.0009 0.0000 0.0000 0.0002 -29.9996 -0.0001 -0.0003 29.9996 0.0000 0.0000 0.0000 2.5666 -0.0681 -177.8577 0.1450 -22.1244 0.0545 -42.8649 85.2389 -37.6818 0.0000 25.6090 0.0000 -14.1728 -17.7713 179.5400 0.2697 -21.8627 -0.1346 12.2960 68.5845 4.1479 0.0000 25.3508 -0.0001 
25.0878 89.6412 -35.5990 6.2406 0.6504 -2.7796 1.1037 1.5800 0.5847 1.1041 1.5806 0.5849 1.1071 1.5848 0.5865 37.2022 77.1775 -62.2615 64.9604 46.3428 35.1883 37.9407 3.7985 73.5754 -0.6719 1.0018 0.3464 0.0000 0.0000 0.0001 0.0000 0.0000 0.0000 0.0000 -0.0013 -0.0008 0.0000 -0.0004 0.0001 0.0000 0.0000 0.0000 0.0000 0.0000 0.0000 0.0000 0.0002 0.0000 0.0000 -0.0006 0.0003 0.0000 0.0004 -0.0006 0.0000 0.0000 0.0001 0.0000 0.0000 0.0000 0.0000 -0.0010 -0.0002 0.0000 0.0003 30.0001 -0.0001 0.0005 -29.9998 0.0000 0.0000 0.0000 -1.0859 -1.5627 0.2947 -1.0859 -1.5627 0.2947 -35.6942 79.1250 69.2999 -39.3871 47.5882 -21.3612 -50.2593 12.3159 -77.4751 1.0234 1.4080 0.0148 0.0000 -0.0001 0.0001 0.0000 0.0000 0.0000 0.0000 -0.0006 0.0003 0.0000 -0.0001 0.0001 0.0000 0.0000 0.0000 0.0000 0.0000 0.0000 0.0000 0.0007 0.0001 0.0000 -0.0011 0.0001 0.0000 -0.0008 0.0003 0.0000 0.0001 0.0000 0.0000 0.0000 0.0000 0.0000 -0.0008 0.0000 0.0000 0.0002 -29.9997 -0.0001 -0.0003 29.9996 0.0000 0.0000 0.0000 2.1438 -0.1349 -177.7993 0.1508 -21.6626 0.0540 -42.3364 85.0416 -36.9858 0.0000 25.5059 0.0000 -14.3227 -17.8091 179.6968 0.2659 -21.5692 -0.1332 12.2386 68.5445 3.9430 0.0000 25.3508 -0.0001 
24.9345 89.6756 -35.6271 6.4198 0.9083 -2.7399 1.1309 1.5617 0.5427 1.1313 1.5623 0.5429 1.1344 1.5665 0.5444 37.5814 77.2126 -61.8864 64.9441 46.3679 35.2528 37.9393 3.7965 73.5849 -0.6719 1.0017 0.3468 0.0000 0.0000 0.0001 0.0000 0.0000 0.0000 0.0000 -0.0013 -0.0008 0.0000 -0.0004 0.0001 0.0000 0.0000 0.0000 0.0000 0.0000 0.0000 0.0000 0.0002 0.0000 0.0000 -0.0006 0.0003 0.0000 0.0004 -0.0006 0.0000 0.0000 0.0001 0.0000 0.0000 0.0000 0.0000 -0.0010 -0.0002 0.0000 0.0002 30.0001 -0.0001 0.0005 -29.9998 0.0000 0.0000 0.0000 -1.1882 -1.7731 0.3711 -1.1882 -1.7731 0.3711 -35.6175 79.2597 69.4073 -39.4820 47.5645 -21.4982 -50.3140 12.3416 -77.4329 1.0112 1.3928 0.0128 0.0000 -0.0001 0.0001 0.0000 0.0000 0.0000 0.0000 -0.0006 0.0003 0.0000 -0.0001 0.0001 0.0000 0.0000 0.0000 0.0000 0.0000 0.0000 0.0000 0.0007 0.0001 0.0000 -0.0011 0.0001 0.0000 -0.0008 0.0003 0.0000 0.0001 0.0000 0.0000 0.0000 0.0000 0.0000 -0.0008 0.0000 0.0000 0.0002 -29.9997 -0.0001 -0.0003 29.9996 0.0000 0.0000 0.0000 1.7823 -0.2340 -177.7736 0.1560 -21.2826 0.0535 -41.8947 84.8906 -36.4012 0.0000 25.4288 0.0000 -14.4884 -17.9441 179.8131 0.2616 -21.3997 -0.1320 12.1431 68.5324 3.7542 0.0000 25.3508 -0.0001 
24.8554 89.6895 -35.6841 6.5501 1.1386 -2.6709 1.1661 1.5537 0.4936 1.1665 1.5542 0.4937 1.1696 1.5584 0.4951 37.9002 77.2328 -61.5805 64.9147 46.4430 35.2826 37.9266 3.7668 73.6023 -0.6735 1.0033 0.3448 0.0000 0.0000 0.0001 0.0000 0.0000 0.0000 0.0000 -0.0013 -0.0008 0.0000 -0.0004 0.0001 0.0000 0.0000 0.0000 0.0000 0.0000 0.0000 0.0000 0.0002 0.0000 0.0000 -0.0006 0.0003 0.0000 0.0004 -0.0006 0.0000 0.0000 0.0001 0.0000 0.0000 0.0000 0.0000 -0.0010 -0.0002 0.0000 0.0002 30.0001 -0.0001 0.0005 -29.9998 0.0000 0.0000 0.0000 -1.2847 -1.9599 0.4328 -1.2847 -1.9599 0.4328 -35.5253 79.3784 69.5067 -39.5853 47.5440 -21.5978 -50.3858 12.3842 -77.4168 0.9987 1.3767 0.0100 0.0000 -0.0001 0.0001 0.0000 0.0000 0.0000 0.0000 -0.0006 0.0003 0.0000 -0.0001 0.0001 0.0000 0.0000 0.0000 0.0000 0.0000 0.0000 0.0000 0.0007 0.0001 0.0000 -0.0011 0.0001 0.0000 -0.0008 0.0003 0.0000 0.0001 0.0000 0.0000 0.0000 0.0000 0.0000 -0.0008 0.0000 0.0000 0.0002 -29.9996 -0.0001 -0.0003 29.9996 0.0000 0.0000 0.0000 1.5189 -0.3890 -177.8227 0.1518 -21.0489 0.0547 -41.2858 84.8310 -35.6741 0.0000 25.3517 0.0000 -14.6482 -18.1913 179.8674 0.2603 -21.3952 -0.1317 12.0211 68.5561 3.6041 0.0000 25.3508 -0.0001 
24.8189 89.6823 -35.7659 6.6492 1.3263 -2.5915 1.2067 1.5578 0.4404 1.2070 1.5583 0.4405 1.2103 1.5625 0.4417 38.1795 77.2314 -61.3005 64.8827 46.5556 35.2771 37.8946 3.6999 73.6333 -0.6763 1.0062 0.3419 0.0000 0.0000 0.0001 0.0000 0.0000 0.0000 0.0000 -0.0013 -0.0008 0.0000 -0.0004 0.0001 0.0000 0.0000 0.0000 0.0000 0.0000 0.0000 0.0000 0.0002 0.0000 0.0000 -0.0006 0.0003 0.0000 0.0004 -0.0006 0.0000 0.0000 0.0001 0.0000 0.0000 0.0000 0.0000 -0.0010 -0.0002 0.0000 0.0003 30.0001 -0.0001 0.0005 -29.9998 0.0000 0.0000 0.0000 -1.3773 -2.1163 0.4861 -1.3773 -2.1163 0.4861 -35.4202 79.4771 69.6142 -39.6742 47.5336 -21.6627 -50.4594 12.4215 -77.4278 0.9878 1.3619 0.0083 0.0000 -0.0001 0.0001 0.0000 0.0000 0.0000 0.0000 -0.0006 0.0003 0.0000 -0.0001 0.0001 0.0000 0.0000 0.0000 0.0000 0.0000 0.0000 0.0000 0.0007 0.0001 0.0000 -0.0011 0.0001 0.0000 -0.0008 0.0003 0.0000 0.0001 0.0000 0.0000 0.0000 0.0000 0.0000 -0.0009 0.0000 0.0000 0.0002 -29.9996 -0.0001 -0.0003 29.9996 0.0000 0.0000 0.0000 1.3316 -0.5820 -177.9096 0.1441 -20.9499 0.0562 -40.5906 84.8416 -34.8780 0.0000 25.3237 0.0000 -14.8039 -18.4929 179.8766 0.2618 -21.5242 -0.1323 11.9007 68.6204 3.5050 0.0000 25.3508 -0.0001 
24.8217 89.6569 -35.8492 6.7285 1.4829 -2.5058 1.2466 1.5687 0.3854 1.2470 1.5692 0.3855 1.2503 1.5734 0.3866 38.4614 77.2289 -61.0234 64.8393 46.6818 35.2488 37.8509 3.6063 73.6707 -0.6799 1.0098 0.3389 0.0000 0.0000 0.0001 0.0000 0.0000 0.0000 0.0000 -0.0013 -0.0008 0.0000 -0.0004 0.0001 0.0000 0.0000 0.0000 0.0000 0.0000 0.0000 0.0000 0.0002 0.0000 0.0000 -0.0006 0.0003 0.0000 0.0004 -0.0006 0.0000 0.0000 0.0001 0.0000 0.0000 0.0000 0.0000 -0.0010 -0.0002 0.0000 0.0002 30.0001 -0.0001 0.0005 -29.9998 0.0000 0.0000 0.0000 -1.4633 -2.2430 0.5303 -1.4633 -2.2430 0.5303 -35.3258 79.5606 69.7008 -39.7487 47.5374 -21.7003 -50.5269 12.4463 -77.4589 0.9786 1.3488 0.0076 0.0000 -0.0001 0.0001 0.0000 0.0000 0.0000 0.0000 -0.0006 0.0003 0.0000 -0.0001 0.0001 0.0000 0.0000 0.0000 0.0000 0.0000 0.0000 0.0000 0.0007 0.0001 0.0000 -0.0011 0.0001 0.0000 -0.0008 0.0003 0.0000 0.0001 0.0000 0.0000 0.0000 0.0000 0.0000 -0.0009 0.0000 0.0000 0.0002 -29.9996 -0.0001 -0.0003 29.9996 0.0000 0.0000 0.0000 1.2012 -0.8093 -178.0264 0.1313 -20.9850 0.0585 -39.9585 84.9282 -34.1614 0.0000 25.3004 0.0000 -14.9682 -18.8366 179.8495 0.2663 -21.7742 -0.1338 11.7847 68.7364 3.4608 0.0000 25.3508 -0.0001 
24.8747 89.6007 -35.9224 6.7802 1.5931 -2.4184 1.2857 1.5889 0.3314 1.2861 1.5895 0.3315 1.2896 1.5937 0.3324 38.7517 77.2297 -60.7416 64.7726 46.8182 35.1935 37.8074 3.4874 73.7078 -0.6839 1.0140 0.3365 0.0000 0.0000 0.0001 0.0000 0.0000 0.0000 0.0000 -0.0013 -0.0008 0.0000 -0.0004 0.0001 0.0000 0.0000 0.0000 0.0000 0.0000 0.0000 0.0000 0.0002 0.0000 0.0000 -0.0006 0.0003 0.0000 0.0004 -0.0006 0.0000 0.0000 0.0001 0.0000 0.0000 0.0000 0.0000 -0.0010 -0.0002 0.0000 0.0002 30.0001 -0.0001 0.0005 -29.9998 0.0000 0.0000 0.0000 -1.5405 -2.3297 0.5615 -1.5405 -2.3297 0.5615 -35.2604 79.6335 69.7479 -39.7820 47.5690 -21.6998 -50.5894 12.4492 -77.5018 0.9715 1.3379 0.0085 0.0000 -0.0001 0.0001 0.0000 0.0000 0.0000 0.0000 -0.0006 0.0003 0.0000 -0.0001 0.0001 0.0000 0.0000 0.0000 0.0000 0.0000 0.0000 0.0000 0.0007 0.0001 0.0000 -0.0012 0.0001 0.0000 -0.0008 0.0003 0.0000 0.0001 0.0000 0.0000 0.0000 0.0000 0.0000 -0.0009 0.0000 0.0000 0.0002 -29.9997 -0.0001 -0.0003 29.9996 0.0000 0.0000 0.0000 1.1753 -1.0766 -178.1678 0.1119 -21.2168 0.0619 -39.5136 85.1247 -33.6862 0.0000 25.3097 0.0000 -15.1627 -19.2224 179.7815 0.2763 -22.1853 -0.1367 11.6480 68.9319 3.4843 0.0000 25.3508 -0.0001 
24.9718 89.5234 -35.9929 6.8112 1.6608 -2.3402 1.3258 1.6215 0.2827 1.3263 1.6221 0.2829 1.3298 1.6264 0.2837 39.0393 77.2268 -60.4589 64.6968 46.9504 35.1285 37.7684 3.3467 73.7517 -0.6885 1.0187 0.3348 0.0000 0.0000 0.0001 0.0000 0.0000 0.0000 0.0000 -0.0013 -0.0008 0.0000 -0.0004 0.0001 0.0000 0.0000 0.0000 0.0000 0.0000 0.0000 0.0000 0.0002 0.0000 0.0000 -0.0006 0.0003 0.0000 0.0004 -0.0006 0.0000 0.0000 0.0001 0.0000 0.0000 0.0000 0.0000 -0.0010 -0.0002 0.0000 0.0003 30.0001 -0.0001 0.0005 -29.9998 0.0000 0.0000 0.0000 -1.6129 -2.3974 0.5842 -1.6129 -2.3974 0.5842 -35.1900 79.6976 69.7995 -39.7853 47.6167 -21.6810 -50.6467 12.4275 -77.5411 0.9661 1.3290 0.0103 0.0000 -0.0001 0.0001 0.0000 0.0000 0.0000 0.0000 -0.0006 0.0003 0.0000 -0.0001 0.0001 0.0000 0.0000 0.0000 0.0000 0.0000 0.0000 0.0000 0.0007 0.0001 0.0000 -0.0012 0.0001 0.0000 -0.0008 0.0003 0.0000 0.0001 0.0000 0.0000 0.0000 0.0000 0.0000 -0.0009 0.0000 0.0000 0.0002 -29.9996 -0.0001 -0.0003 29.9996 0.0000 0.0000 0.0000 1.2688 -1.3796 -178.3127 0.0858 -21.6188 0.0664 -39.2096 85.4130 -33.4439 0.0000 25.3171 0.0000 -15.3967 -19.6285 179.6907 0.2852 -22.7095 -0.1398 11.4800 69.1758 3.5502 0.0000 25.3508 -0.0001 
25.1167 89.4262 -36.0687 6.8262 1.6892 -2.2748 1.3674 1.6684 0.2402 1.3679 1.6690 0.2403 1.3715 1.6734 0.2410 39.3045 77.2123 -60.1920 64.6274 47.0668 35.0626 37.7295 3.1878 73.8092 -0.6940 1.0245 0.3339 0.0000 0.0000 0.0001 0.0000 0.0000 0.0000 0.0000 -0.0013 -0.0008 0.0000 -0.0004 0.0001 0.0000 0.0000 0.0000 0.0000 0.0000 0.0000 0.0000 0.0002 -0.0001 0.0000 -0.0006 0.0003 0.0000 0.0004 -0.0006 0.0000 0.0000 0.0001 0.0000 0.0000 0.0000 0.0000 -0.0010 -0.0002 0.0000 0.0003 30.0001 -0.0001 0.0005 -29.9998 0.0000 0.0000 0.0000 -1.6813 -2.4589 0.6016 -1.6813 -2.4589 0.6016 -35.0801 79.7505 69.8952 -39.7771 47.6684 -21.6543 -50.6969 12.3880 -77.5779 0.9619 1.3215 0.0131 0.0000 -0.0001 0.0001 0.0000 0.0000 0.0000 0.0000 -0.0006 0.0003 0.0000 -0.0001 0.0001 0.0000 0.0000 0.0000 0.0000 0.0000 0.0000 0.0000 0.0007 0.0001 0.0000 -0.0012 0.0001 0.0000 -0.0008 0.0003 0.0000 0.0001 0.0000 0.0000 0.0000 0.0000 0.0000 -0.0009 0.0000 0.0000 0.0002 -29.9996 -0.0001 -0.0003 29.9996 0.0000 0.0000 0.0000 1.4925 -1.7246 -178.4572 0.0513 -22.1867 0.0727 -38.9905 85.7859 -33.4054 0.0000 25.3282 0.0000 -15.6578 -20.0609 179.5774 0.2866 -23.3418 -0.1417 11.3081 69.4564 3.6578 0.0000 25.3508 -0.0001 
25.3332 89.2883 -36.1397 6.8257 1.6651 -2.2277 1.4076 1.7402 0.2065 1.4082 1.7409 0.2066 1.4119 1.7454 0.2072 39.4926 77.1691 -59.9980 64.5826 47.1478 35.0029 37.6941 3.0131 73.8875 -0.7003 1.0310 0.3340 0.0000 0.0000 0.0001 0.0000 0.0000 0.0000 0.0000 -0.0013 -0.0008 0.0000 -0.0004 0.0001 0.0000 0.0000 0.0000 0.0000 0.0000 0.0000 0.0000 0.0002 0.0000 0.0000 -0.0006 0.0003 0.0000 0.0004 -0.0006 0.0000 0.0000 0.0001 0.0000 0.0000 0.0000 0.0000 -0.0010 -0.0002 0.0000 0.0002 30.0001 -0.0001 0.0005 -29.9998 0.0000 0.0000 0.0000 -1.7394 -2.5277 0.6142 -1.7394 -2.5277 0.6142 -34.8173 79.7824 70.1436 -39.7579 47.7143 -21.6151 -50.7414 12.3369 -77.6120 0.9592 1.3158 0.0174 0.0000 -0.0001 0.0001 0.0000 0.0000 0.0000 0.0000 -0.0006 0.0003 0.0000 -0.0001 0.0001 0.0000 0.0000 0.0000 0.0000 0.0000 0.0000 0.0000 0.0007 0.0001 0.0000 -0.0011 0.0001 0.0000 -0.0008 0.0003 0.0000 0.0001 0.0000 0.0000 0.0000 0.0000 0.0000 -0.0009 0.0000 0.0000 0.0002 -29.9997 -0.0001 -0.0003 29.9996 0.0000 0.0000 0.0000 1.9534 -2.1510 -178.5896 0.0064 -23.0468 0.0815 -39.2043 86.2959 -34.0429 0.0000 25.3818 0.0000 -15.9456 -20.5509 179.4251 0.2731 -24.1751 -0.1410 11.1748 69.8151 3.8456 0.0000 25.3508 -0.0001 
25.5680 89.1063 -36.1740 6.8160 1.5966 -2.1946 1.4465 1.8368 0.1792 1.4471 1.8376 0.1793 1.4508 1.8423 0.1798 39.5799 77.0907 -59.9034 64.5604 47.2018 34.9502 37.6717 2.8437 73.9718 -0.7073 1.0385 0.3347 0.0000 0.0000 0.0001 0.0000 0.0000 0.0000 0.0000 -0.0013 -0.0008 0.0000 -0.0004 0.0001 0.0000 0.0000 0.0000 0.0000 0.0000 0.0000 0.0000 0.0003 0.0000 0.0000 -0.0006 0.0003 0.0000 0.0004 -0.0006 0.0000 0.0000 0.0001 0.0000 0.0000 0.0000 0.0000 -0.0010 -0.0002 0.0000 0.0003 30.0001 -0.0001 0.0005 -29.9998 0.0000 0.0000 0.0000 -1.7874 -2.6135 0.6261 -1.7874 -2.6135 0.6261 -34.3526 79.7917 70.5901 -39.7530 47.7430 -21.5714 -50.7798 12.2899 -77.6535 0.9573 1.3106 0.0232 0.0000 -0.0001 0.0001 0.0000 0.0000 0.0000 0.0000 -0.0006 0.0003 0.0000 -0.0001 0.0001 0.0000 0.0000 0.0000 0.0000 0.0000 0.0000 0.0000 0.0007 0.0001 0.0000 -0.0012 0.0001 0.0000 -0.0008 0.0003 0.0000 0.0001 0.0000 0.0000 0.0000 0.0000 0.0000 -0.0009 0.0000 0.0000 0.0002 -29.9996 -0.0001 -0.0003 29.9996 0.0000 0.0000 0.0000 2.6804 -2.6593 -178.6640 -0.0308 -24.2161 0.0893 -40.8473 86.9234 -36.3850 0.0000 25.4603 0.0000 -16.2376 -21.0859 179.2521 0.2561 -25.2104 -0.1398 11.0743 70.2707 4.0814 0.0000 25.3508 -0.0001 
25.8104 88.8775 -36.1745 6.7991 1.4815 -2.1710 1.4827 1.9579 0.1567 1.4834 1.9589 0.1567 1.4872 1.9639 0.1572 39.5649 76.9794 -59.9164 64.5616 47.2341 34.9017 37.6589 2.6862 74.0571 -0.7148 1.0468 0.3355 0.0000 0.0000 0.0001 0.0000 0.0000 0.0000 0.0000 -0.0013 -0.0008 0.0000 -0.0004 0.0001 0.0000 0.0000 0.0000 0.0000 0.0000 0.0000 0.0000 0.0003 0.0000 0.0000 -0.0006 0.0003 0.0000 0.0004 -0.0006 0.0000 0.0000 0.0001 0.0000 0.0000 0.0000 0.0000 -0.0010 -0.0002 0.0000 0.0002 30.0001 -0.0001 0.0005 -29.9998 0.0000 0.0000 0.0000 -1.8238 -2.7138 0.6371 -1.8238 -2.7138 0.6371 -33.7084 79.7730 71.2149 -39.7732 47.7504 -21.5329 -50.8139 12.2480 -77.7019 0.9563 1.3064 0.0300 0.0000 -0.0001 0.0001 0.0000 0.0000 0.0000 0.0000 -0.0006 0.0003 0.0000 -0.0001 0.0001 0.0000 0.0000 0.0000 0.0000 0.0000 0.0000 0.0000 0.0007 0.0001 0.0000 -0.0012 0.0001 0.0000 -0.0008 0.0003 0.0000 0.0001 0.0000 0.0000 0.0000 0.0000 0.0000 -0.0009 0.0000 0.0000 0.0002 -29.9996 -0.0001 -0.0003 29.9996 0.0000 0.0000 0.0000 3.7021 -3.2412 -178.6694 -0.0549 -25.6754 0.0952 -5.1503 90.0000 0.0000 0.0000 25.5480 0.0000 -16.4894 -21.6633 179.0284 0.2270 -26.4303 -0.1359 11.0935 70.7978 4.4129 0.0000 25.3508 -0.0001 
26.0445 88.5773 -36.1283 6.7724 1.2933 -2.1442 1.5121 2.1150 0.1348 1.5129 2.1162 0.1349 1.5166 2.1214 0.1353 39.3938 76.8216 -60.1039 64.6023 47.2405 34.8576 37.6511 2.5538 74.1383 -0.7226 1.0556 0.3357 0.0000 0.0000 0.0001 0.0000 0.0000 0.0000 0.0000 -0.0013 -0.0008 0.0000 -0.0004 0.0001 0.0000 0.0000 0.0000 0.0000 0.0000 0.0000 0.0000 0.0002 0.0000 0.0000 -0.0006 0.0003 0.0000 0.0004 -0.0006 0.0000 0.0000 0.0001 0.0000 0.0000 0.0000 0.0000 -0.0010 -0.0002 0.0000 0.0002 30.0001 -0.0001 0.0005 -29.9998 0.0000 0.0000 0.0000 -1.8384 -2.8291 0.6466 -1.8384 -2.8291 0.6466 -32.8150 79.7037 72.0901 -39.8412 47.7195 -21.5185 -50.8484 12.2142 -77.7506 0.9564 1.3034 0.0376 0.0000 -0.0001 0.0001 0.0000 0.0000 0.0000 0.0000 -0.0006 0.0003 0.0000 -0.0001 0.0001 0.0000 0.0000 0.0000 0.0000 0.0000 0.0000 0.0000 0.0007 0.0001 0.0000 -0.0012 0.0001 0.0000 -0.0008 0.0003 0.0000 0.0001 0.0000 0.0000 0.0000 0.0000 0.0000 -0.0009 0.0000 0.0000 0.0002 -29.9996 -0.0001 -0.0003 29.9996 0.0000 0.0000 0.0000 5.0450 -3.9006 -178.5946 -0.0536 -27.4990 0.0958 -3.4505 90.0000 0.0000 0.0000 25.6487 0.0000 -16.6224 -22.2696 178.6876 0.1667 -27.8853 -0.1239 11.4259 71.4153 4.9753 0.0000 25.3508 -0.0001 
26.2856 88.2241 -36.0321 6.7319 1.0463 -2.0972 1.5349 2.2966 0.1071 1.5358 2.2980 0.1072 1.5395 2.3035 0.1076 39.1136 76.6378 -60.4306 64.6661 47.2313 34.8187 37.6361 2.4462 74.2024 -0.7305 1.0651 0.3347 0.0000 0.0000 0.0001 0.0000 0.0000 0.0000 0.0000 -0.0013 -0.0008 0.0000 -0.0004 0.0001 0.0000 0.0000 0.0000 0.0000 0.0000 0.0000 0.0000 0.0002 0.0000 0.0000 -0.0006 0.0003 0.0000 0.0004 -0.0006 0.0000 0.0000 0.0001 0.0000 0.0000 0.0000 0.0000 -0.0010 -0.0002 0.0000 0.0002 30.0001 -0.0001 0.0005 -29.9998 0.0000 0.0000 0.0000 -1.8334 -2.9441 0.6558 -1.8334 -2.9441 0.6558 -31.7670 79.5962 73.1269 -39.9430 47.6584 -21.5361 -50.8886 12.1919 -77.7799 0.9568 1.3015 0.0452 0.0000 -0.0001 0.0001 0.0000 0.0000 0.0000 0.0000 -0.0006 0.0003 0.0000 -0.0001 0.0001 0.0000 0.0000 0.0000 0.0000 0.0000 0.0000 0.0000 0.0007 0.0001 0.0000 -0.0012 0.0001 0.0000 -0.0008 0.0003 0.0000 0.0001 0.0000 0.0000 0.0000 0.0000 0.0000 -0.0009 0.0000 0.0000 0.0002 -29.9997 -0.0001 -0.0003 29.9996 0.0000 0.0000 0.0000 6.5413 -4.5207 -178.4954 -0.0347 -29.4447 0.0918 -1.6091 90.0000 0.0000 0.0000 25.7420 0.0000 -16.5859 -22.9042 178.2223 0.0839 -29.5040 -0.1047 12.1138 72.0679 5.7867 0.0000 25.3508 -0.0001 
26.5251 87.8327 -35.8873 6.6738 0.7517 -2.0262 1.5521 2.4951 0.0724 1.5532 2.4968 0.0725 1.5568 2.5026 0.0727 38.7541 76.4412 -60.8688 64.7380 47.2170 34.7780 37.6090 2.3494 74.2449 -0.7388 1.0754 0.3324 0.0000 0.0000 0.0001 0.0000 0.0000 0.0000 0.0000 -0.0013 -0.0008 0.0000 -0.0004 0.0001 0.0000 0.0000 0.0000 0.0000 0.0000 0.0000 0.0000 0.0002 0.0000 0.0000 -0.0006 0.0003 0.0000 0.0004 -0.0006 0.0000 0.0000 0.0001 0.0000 0.0000 0.0000 0.0000 -0.0010 -0.0002 0.0000 0.0002 30.0001 -0.0001 0.0005 -29.9998 0.0000 0.0000 0.0000 -1.8113 -3.0514 0.6635 -1.8113 -3.0514 0.6635 -30.6432 79.4610 74.2467 -40.0771 47.5761 -21.5918 -50.9229 12.1766 -77.7810 0.9574 1.3004 0.0526 0.0000 -0.0001 0.0001 0.0000 0.0000 0.0000 0.0000 -0.0006 0.0003 0.0000 -0.0001 0.0001 0.0000 0.0000 0.0000 0.0000 0.0000 0.0000 0.0000 0.0007 0.0001 0.0000 -0.0012 0.0001 0.0000 -0.0008 0.0003 0.0000 0.0001 0.0000 0.0000 0.0000 0.0000 0.0000 -0.0009 0.0000 0.0000 0.0002 -29.9996 -0.0001 -0.0003 29.9996 0.0000 0.0000 0.0000 7.2614 -5.0186 -178.5340 -0.0633 -31.3745 0.1005 -0.7374 90.0000 0.0000 0.0000 25.8485 0.0000 -15.7546 -23.5238 177.5707 0.0849 -31.2329 -0.1063 14.0343 72.6993 7.2602 0.0000 25.3508 -0.0001 
26.7752 87.4144 -35.6966 6.5846 0.4119 -1.9204 1.5615 2.7022 0.0290 1.5627 2.7043 0.0290 1.5662 2.7104 0.0292 38.3293 76.2616 -61.4197 64.7906 47.2159 34.7285 37.5613 2.2464 74.2480 -0.7467 1.0857 0.3273 0.0000 0.0000 0.0001 0.0000 0.0000 0.0000 0.0000 -0.0013 -0.0008 0.0000 -0.0004 0.0001 0.0000 0.0000 0.0000 0.0000 0.0000 0.0000 0.0000 0.0002 0.0000 0.0000 -0.0006 0.0003 0.0000 0.0004 -0.0006 0.0000 0.0000 0.0001 0.0000 0.0000 0.0000 0.0000 -0.0010 -0.0002 0.0000 0.0002 30.0001 -0.0001 0.0005 -29.9998 0.0000 0.0000 0.0000 -1.7655 -3.1318 0.6639 -1.7655 -3.1318 0.6639 -29.5285 79.3050 75.3690 -40.2696 47.4750 -21.7199 -50.9262 12.1581 -77.7275 0.9579 1.3006 0.0589 0.0000 -0.0001 0.0001 0.0000 0.0000 0.0000 0.0000 -0.0006 0.0003 0.0000 -0.0001 0.0001 0.0000 0.0000 0.0000 0.0000 0.0000 0.0000 0.0000 0.0007 0.0001 0.0000 -0.0011 0.0001 0.0000 -0.0008 0.0003 0.0000 0.0001 0.0000 0.0000 0.0000 0.0000 0.0000 -0.0009 0.0000 0.0000 0.0002 -29.9996 -0.0001 -0.0003 29.9996 0.0000 0.0000 0.0000 7.5771 -5.3374 -178.6772 -0.1239 -33.1598 0.1195 -0.4069 90.0000 0.0000 0.0000 25.9957 0.0000 -14.8744 -24.1417 176.8406 0.0915 -33.0503 -0.1098 16.0635 73.3123 8.8833 0.0000 25.3508 -0.0001 
27.0353 86.9845 -35.5099 6.4650 0.0805 -1.8073 1.5694 2.8894 -0.0125 1.5707 2.8918 -0.0125 1.5741 2.8981 -0.0124 37.9405 76.1381 -61.9528 64.8070 47.2409 34.6909 37.4951 2.1185 74.2154 -0.7538 1.0952 0.3198 0.0000 0.0000 0.0001 0.0000 0.0000 0.0000 0.0000 -0.0013 -0.0008 0.0000 -0.0004 0.0001 0.0000 0.0000 0.0000 0.0000 0.0000 0.0000 0.0000 0.0003 0.0000 0.0000 -0.0006 0.0003 0.0000 0.0004 -0.0006 0.0000 0.0000 0.0001 0.0000 0.0000 0.0000 0.0000 -0.0010 -0.0002 0.0000 0.0003 30.0001 -0.0001 0.0005 -29.9998 0.0000 0.0000 0.0000 -1.7082 -3.1702 0.6504 -1.7082 -3.1702 0.6504 -28.5868 79.1629 76.3287 -40.4918 47.3760 -21.8947 -50.9017 12.1359 -77.6364 0.9572 1.3004 0.0633 0.0000 -0.0001 0.0001 0.0000 0.0000 0.0000 0.0000 -0.0006 0.0003 0.0000 -0.0001 0.0001 0.0000 0.0000 0.0000 0.0000 0.0000 0.0000 0.0000 0.0007 0.0001 0.0000 -0.0012 0.0001 0.0000 -0.0008 0.0003 0.0000 0.0001 0.0000 0.0000 0.0000 0.0000 0.0000 -0.0009 0.0000 0.0000 0.0002 -29.9996 -0.0001 -0.0003 29.9996 0.0000 0.0000 0.0000 7.8588 -5.6046 -178.8456 -0.1936 -34.8471 0.1433 -169.3076 86.7833 -169.7356 0.0000 26.1425 0.0000 -13.9328 -24.7040 176.0803 0.0808 -34.8413 -0.1080 18.3776 73.9016 10.7935 0.0000 25.3508 -0.0001 
27.2845 86.5467 -35.3391 6.3206 -0.2214 -1.7124 1.5798 3.0481 -0.0432 1.5812 3.0509 -0.0432 1.5845 3.0573 -0.0432 37.6128 76.0698 -62.4214 64.7915 47.2847 34.6731 37.4039 1.9619 74.1493 -0.7602 1.1041 0.3112 0.0000 0.0000 0.0001 0.0000 0.0000 0.0000 0.0000 -0.0013 -0.0008 0.0000 -0.0004 0.0001 0.0000 0.0000 0.0000 0.0000 0.0000 0.0000 0.0000 0.0003 0.0000 0.0000 -0.0006 0.0003 0.0000 0.0004 -0.0006 0.0000 0.0000 0.0001 0.0000 0.0000 0.0000 0.0000 -0.0010 -0.0002 0.0000 0.0002 30.0001 -0.0001 0.0005 -29.9998 0.0000 0.0000 0.0000 -1.6485 -3.1676 0.6220 -1.6485 -3.1676 0.6220 -27.8594 79.0491 77.0764 -40.7068 47.2932 -22.0784 -50.8571 12.1105 -77.5323 0.9560 1.3003 0.0664 0.0000 -0.0001 0.0001 0.0000 0.0000 0.0000 0.0000 -0.0006 0.0003 0.0000 -0.0001 0.0001 0.0000 0.0000 0.0000 0.0000 0.0000 0.0000 0.0000 0.0007 0.0001 0.0000 -0.0012 0.0001 0.0000 -0.0008 0.0003 0.0000 0.0001 0.0000 0.0000 0.0000 0.0000 0.0000 -0.0009 0.0000 0.0000 0.0002 -29.9996 -0.0001 -0.0003 29.9996 0.0000 0.0000 0.0000 8.1252 -5.9044 -178.9985 -0.2686 -36.5254 0.1711 -172.3029 85.8065 -172.8960 0.0000 26.2324 0.0000 -12.9978 -25.1899 175.3512 0.0679 -36.5695 -0.1051 20.8993 74.4837 12.9558 0.0000 25.3508 -0.0001 
27.4774 86.0778 -35.1752 6.1570 -0.4638 -1.6826 1.5967 3.1570 -0.0447 1.5983 3.1601 -0.0447 1.6015 3.1665 -0.0447 37.4218 76.0730 -62.7169 64.7464 47.3463 34.6810 37.2875 1.7813 74.0577 -0.7654 1.1118 0.3033 0.0000 0.0000 0.0001 0.0000 0.0000 0.0000 0.0000 -0.0013 -0.0008 0.0000 -0.0004 0.0001 0.0000 0.0000 0.0000 0.0000 0.0000 0.0000 0.0000 0.0003 0.0000 0.0000 -0.0006 0.0003 0.0000 0.0004 -0.0006 0.0000 0.0000 0.0001 0.0000 0.0000 0.0000 0.0000 -0.0010 -0.0002 0.0000 0.0002 30.0001 -0.0001 0.0005 -29.9998 0.0000 0.0000 0.0000 -1.5955 -3.1029 0.5681 -1.5955 -3.1029 0.5681 -27.4940 78.9988 77.4608 -40.8447 47.2555 -22.2129 -50.8090 12.0868 -77.4547 0.9549 1.2998 0.0685 0.0000 -0.0001 0.0001 0.0000 0.0000 0.0000 0.0000 -0.0006 0.0003 0.0000 -0.0001 0.0001 0.0000 0.0000 0.0000 0.0000 0.0000 0.0000 0.0000 0.0007 0.0001 0.0000 -0.0011 0.0001 0.0000 -0.0008 0.0003 0.0000 0.0001 0.0000 0.0000 0.0000 0.0000 0.0000 -0.0009 0.0000 0.0000 0.0002 -29.9996 -0.0001 -0.0003 29.9996 0.0000 0.0000 0.0000 8.3925 -6.3373 -179.0539 -0.3331 -38.3221 0.1982 -173.5210 84.7847 -174.2955 0.0000 26.3594 0.0000 -12.1403 -25.5738 174.7474 0.0879 -38.1736 -0.1130 23.5455 75.0684 15.3349 0.0000 25.3508 -0.0001 
27.6035 85.5800 -35.0320 5.9983 -0.6574 -1.7316 1.6177 3.2275 -0.0147 1.6194 3.2308 -0.0147 1.6226 3.2373 -0.0146 37.3747 76.1159 -62.8121 64.6837 47.4232 34.6810 37.1698 1.5873 73.9748 -0.7694 1.1178 0.2983 0.0000 0.0000 0.0001 0.0000 0.0000 0.0000 0.0000 -0.0013 -0.0008 0.0000 -0.0004 0.0001 0.0000 0.0000 0.0000 0.0000 0.0000 0.0000 0.0000 0.0002 0.0000 0.0000 -0.0006 0.0003 0.0000 0.0004 -0.0006 0.0000 0.0000 0.0001 0.0000 0.0000 0.0000 0.0000 -0.0010 -0.0002 0.0000 0.0002 30.0001 -0.0001 0.0005 -29.9998 0.0000 0.0000 0.0000 -1.5514 -2.9962 0.4950 -1.5514 -2.9962 0.4950 -27.4173 78.9995 77.5595 -40.8930 47.2571 -22.2728 -50.7836 12.0644 -77.4369 0.9547 1.2994 0.0705 0.0000 -0.0001 0.0001 0.0000 0.0000 0.0000 0.0000 -0.0006 0.0003 0.0000 -0.0001 0.0001 0.0000 0.0000 0.0000 0.0000 0.0000 0.0000 0.0000 0.0007 0.0001 0.0000 -0.0012 0.0001 0.0000 -0.0008 0.0003 0.0000 0.0001 0.0000 0.0000 0.0000 0.0000 0.0000 -0.0009 0.0000 0.0000 0.0002 -29.9996 -0.0001 -0.0003 29.9996 0.0000 0.0000 0.0000 8.6574 -6.9297 -178.9836 -0.3869 -40.2779 0.2243 -173.9275 83.7265 -174.9257 0.0000 26.4726 0.0000 -11.3482 -25.9282 174.2438 0.1033 -39.7042 -0.1199 26.4971 75.6013 18.0703 0.0000 25.3508 -0.0001 
27.6822 85.0605 -34.9154 5.8587 -0.8202 -1.8480 1.6389 3.2737 0.0408 1.6405 3.2772 0.0409 1.6438 3.2836 0.0411 37.4331 76.1743 -62.7552 64.6092 47.5023 34.6695 37.0674 1.3963 73.9073 -0.7730 1.1230 0.2965 0.0000 0.0000 0.0001 0.0000 0.0000 0.0000 0.0000 -0.0013 -0.0008 0.0000 -0.0004 0.0001 0.0000 0.0000 0.0000 0.0000 0.0000 0.0000 0.0000 0.0003 0.0000 0.0000 -0.0006 0.0003 0.0000 0.0004 -0.0006 0.0000 0.0000 0.0001 0.0000 0.0000 0.0000 0.0000 -0.0010 -0.0002 0.0000 0.0003 30.0001 -0.0001 0.0005 -29.9998 0.0000 0.0000 0.0000 -1.5145 -2.8664 0.4121 -1.5145 -2.8664 0.4121 -27.5401 79.0302 77.4629 -40.8808 47.2872 -22.2719 -50.7790 12.0424 -77.4764 0.9549 1.2981 0.0729 0.0000 -0.0001 0.0001 0.0000 0.0000 0.0000 0.0000 -0.0006 0.0003 0.0000 -0.0001 0.0001 0.0000 0.0000 0.0000 0.0000 0.0000 0.0000 0.0000 0.0007 0.0001 0.0000 -0.0012 0.0001 0.0000 -0.0008 0.0003 0.0000 0.0001 0.0000 0.0000 0.0000 0.0000 0.0000 -0.0008 0.0000 0.0000 0.0002 -29.9997 -0.0001 -0.0003 29.9996 0.0000 0.0000 0.0000 8.9052 -7.6475 -178.8101 -0.4491 -42.3573 0.2563 -174.0384 82.6536 -175.3136 0.0000 26.5360 0.0000 -10.6384 -26.3139 173.8109 0.1060 -41.2153 -0.1225 29.6905 76.0557 21.1083 0.0000 25.3508 -0.0001 
27.7225 84.5106 -34.8481 5.7707 -0.9730 -2.0349 1.6498 3.3135 0.1201 1.6515 3.3170 0.1203 1.6548 3.3235 0.1206 37.5495 76.2032 -62.5980 64.5409 47.5562 34.6282 37.0018 1.2289 73.8873 -0.7766 1.1278 0.2988 0.0000 0.0000 0.0001 0.0000 0.0000 0.0000 0.0000 -0.0013 -0.0008 0.0000 -0.0004 0.0001 0.0000 0.0000 0.0000 0.0000 0.0000 0.0000 0.0000 0.0003 0.0000 0.0000 -0.0006 0.0003 0.0000 0.0004 -0.0006 0.0000 0.0000 0.0001 0.0000 0.0000 0.0000 0.0000 -0.0010 -0.0002 0.0000 0.0003 30.0001 -0.0001 0.0005 -29.9998 0.0000 0.0000 0.0000 -1.4799 -2.7357 0.3313 -1.4799 -2.7357 0.3313 -27.7531 79.0683 77.2780 -40.7999 47.3430 -22.2008 -50.8064 12.0238 -77.5795 0.9569 1.2976 0.0770 0.0000 -0.0001 0.0001 0.0000 0.0000 0.0000 0.0000 -0.0006 0.0003 0.0000 -0.0001 0.0001 0.0000 0.0000 0.0000 0.0000 0.0000 0.0000 0.0000 0.0007 0.0001 0.0000 -0.0012 0.0001 0.0000 -0.0008 0.0003 0.0000 0.0001 0.0000 0.0000 0.0000 0.0000 0.0000 -0.0009 0.0000 0.0000 0.0002 -29.9996 -0.0001 -0.0003 29.9996 0.0000 0.0000 0.0000 9.1210 -8.4673 -178.5279 -0.5480 -44.5231 0.3066 -174.1256 81.6037 -175.7770 0.0000 26.6959 0.0000 -10.0723 -26.8234 173.4310 0.1046 -42.8035 -0.1236 32.9867 76.4240 24.3611 0.0000 25.3508 -0.0001 
27.7562 83.9466 -34.7771 5.7367 -1.1500 -2.2389 1.6448 3.3733 0.2007 1.6466 3.3770 0.2010 1.6498 3.3835 0.2014 37.6279 76.1743 -62.4728 64.4984 47.5654 34.5608 36.9809 1.1110 73.9066 -0.7806 1.1326 0.3042 0.0000 0.0000 0.0001 0.0000 0.0000 0.0000 0.0000 -0.0013 -0.0008 0.0000 -0.0004 0.0001 0.0000 0.0000 0.0000 0.0000 0.0000 0.0000 0.0000 0.0002 0.0000 0.0000 -0.0006 0.0003 0.0000 0.0004 -0.0006 0.0000 0.0000 0.0001 0.0000 0.0000 0.0000 0.0000 -0.0010 -0.0002 0.0000 0.0002 30.0001 -0.0001 0.0005 -29.9998 0.0000 0.0000 0.0000 -1.4415 -2.6339 0.2692 -1.4415 -2.6339 0.2692 -27.8270 79.0850 77.2350 -40.7081 47.3946 -22.1137 -50.8399 12.0082 -77.6978 0.9602 1.2979 0.0835 0.0000 -0.0001 0.0001 0.0000 0.0000 0.0000 0.0000 -0.0006 0.0003 0.0000 -0.0001 0.0001 0.0000 0.0000 0.0000 0.0000 0.0000 0.0000 0.0000 0.0007 0.0001 0.0000 -0.0012 0.0001 0.0000 -0.0008 0.0003 0.0000 0.0001 0.0000 0.0000 0.0000 0.0000 0.0000 -0.0009 0.0000 0.0000 0.0002 -29.9996 -0.0001 -0.0003 29.9996 0.0000 0.0000 0.0000 9.2941 -9.2428 -178.2042 -0.6735 -46.6469 0.3725 -174.3070 80.5659 -176.3840 0.0000 26.8325 0.0000 -9.5971 -27.4259 173.0441 0.1055 -44.4960 -0.1257 36.3365 76.7365 27.7410 0.0000 25.3768 -0.0001 
27.7928 83.3678 -34.6615 5.7478 -1.3483 -2.4353 1.6240 3.4558 0.2733 1.6259 3.4597 0.2736 1.6289 3.4662 0.2742 37.6472 76.0955 -62.4167 64.4876 47.5324 34.4915 36.9937 1.0365 73.9465 -0.7848 1.1378 0.3114 0.0000 0.0000 0.0001 0.0000 0.0000 0.0000 0.0000 -0.0013 -0.0008 0.0000 -0.0004 0.0001 0.0000 0.0000 0.0000 0.0000 0.0000 0.0000 0.0000 0.0002 0.0000 0.0000 -0.0006 0.0003 0.0000 0.0004 -0.0006 0.0000 0.0000 0.0001 0.0000 0.0000 0.0000 0.0000 -0.0010 -0.0002 0.0000 0.0002 30.0001 -0.0001 0.0005 -29.9998 0.0000 0.0000 0.0000 -1.3984 -2.5718 0.2311 -1.3984 -2.5718 0.2311 -27.6945 79.0747 77.4048 -40.6485 47.4253 -22.0471 -50.8559 11.9900 -77.8108 0.9642 1.2988 0.0921 0.0000 -0.0001 0.0001 0.0000 0.0000 0.0000 0.0000 -0.0006 0.0003 0.0000 -0.0001 0.0001 0.0000 0.0000 0.0000 0.0000 0.0000 0.0000 0.0000 0.0007 0.0001 0.0000 -0.0012 0.0001 0.0000 -0.0008 0.0003 0.0000 0.0001 0.0000 0.0000 0.0000 0.0000 0.0000 -0.0008 0.0000 0.0000 0.0002 -29.9996 -0.0001 -0.0003 29.9996 0.0000 0.0000 0.0000 9.4327 -9.9128 -177.8687 -0.8089 -48.6734 0.4479 -174.5527 79.5207 -177.0744 0.0000 26.9486 0.0000 -9.1714 -28.0226 172.6249 0.0879 -46.2394 -0.1202 39.9105 77.0222 31.3750 0.0000 25.4966 -0.0001 
27.8505 82.7852 -34.4621 5.8149 -1.5654 -2.5850 1.5819 3.5691 0.3209 1.5838 3.5734 0.3213 1.5867 3.5799 0.3220 37.5669 75.9626 -62.4889 64.5346 47.4380 34.4608 37.0287 1.0092 73.9794 -0.7887 1.1430 0.3193 0.0000 0.0000 0.0001 0.0000 0.0000 0.0000 0.0000 -0.0013 -0.0008 0.0000 -0.0004 0.0001 0.0000 0.0000 0.0000 0.0000 0.0000 0.0000 0.0000 0.0002 0.0000 0.0000 -0.0006 0.0003 0.0000 0.0004 -0.0006 0.0000 0.0000 0.0001 0.0000 0.0000 0.0000 0.0000 -0.0010 -0.0002 0.0000 0.0002 30.0001 -0.0001 0.0005 -29.9998 0.0000 0.0000 0.0000 -1.3512 -2.5737 0.2337 -1.3512 -2.5737 0.2337 -27.2080 79.0223 77.9354 -40.6656 47.4202 -22.0373 -50.8166 11.9565 -77.8832 0.9688 1.3008 0.1033 0.0000 -0.0001 0.0001 0.0000 0.0000 0.0000 0.0000 -0.0006 0.0003 0.0000 -0.0001 0.0001 0.0000 0.0000 0.0000 0.0000 0.0000 0.0000 0.0000 0.0007 0.0001 0.0000 -0.0012 0.0001 0.0000 -0.0008 0.0003 0.0000 0.0001 0.0000 0.0000 0.0000 0.0000 0.0000 -0.0008 0.0000 0.0000 0.0002 -29.9997 -0.0001 -0.0003 29.9996 0.0000 0.0000 0.0000 9.5443 -10.3914 -177.5718 -0.9386 -50.4990 0.5246 -174.9296 78.4656 -177.8888 0.0000 27.0452 0.0000 -8.7551 -28.5693 172.1576 0.0744 -47.9439 -0.1157 43.5466 77.2596 35.0549 0.0000 25.6182 -0.0001 
27.9358 82.2078 -34.2230 5.9081 -1.7665 -2.6834 1.5285 3.6900 0.3447 1.5304 3.6946 0.3452 1.5331 3.7011 0.3459 37.4384 75.8249 -62.6370 64.6298 47.2961 34.4848 37.0659 1.0200 73.9950 -0.7916 1.1471 0.3269 0.0000 0.0000 0.0001 0.0000 0.0000 0.0000 0.0000 -0.0013 -0.0008 0.0000 -0.0004 0.0001 0.0000 0.0000 0.0000 0.0000 0.0000 0.0000 0.0000 0.0003 0.0000 0.0000 -0.0006 0.0003 0.0000 0.0004 -0.0006 0.0000 0.0000 0.0001 0.0000 0.0000 0.0000 0.0000 -0.0010 -0.0002 0.0000 0.0002 30.0001 -0.0001 0.0005 -29.9998 0.0000 0.0000 0.0000 -1.3052 -2.6121 0.2640 -1.3052 -2.6122 0.2640 -26.5118 78.9561 78.6780 -40.7166 47.3948 -22.0697 -50.7411 11.9083 -77.9083 0.9734 1.3034 0.1157 0.0000 -0.0001 0.0001 0.0000 0.0000 0.0000 0.0000 -0.0006 0.0003 0.0000 -0.0001 0.0001 0.0000 0.0000 0.0000 0.0000 0.0000 0.0000 0.0000 0.0007 0.0001 0.0000 -0.0011 0.0001 0.0000 -0.0008 0.0003 0.0000 0.0001 0.0000 0.0000 0.0000 0.0000 0.0000 -0.0008 0.0000 0.0000 0.0002 -29.9997 -0.0001 -0.0003 29.9996 0.0000 0.0000 0.0000 9.6377 -10.7603 -177.3478 -1.0701 -52.1621 0.6057 -175.2963 77.4368 -178.6617 0.0000 27.1489 0.0000 -8.3171 -29.0254 171.6598 0.0599 -49.5320 -0.1103 47.2771 77.4512 38.7903 0.0000 25.7325 -0.0001 
28.0408 81.6443 -34.0026 6.0099 -1.9394 -2.7486 1.4730 3.8064 0.3527 1.4749 3.8114 0.3532 1.4775 3.8179 0.3539 37.3260 75.7006 -62.7775 64.7459 47.1251 34.5517 37.0991 1.0578 73.9854 -0.7929 1.1498 0.3348 0.0000 0.0000 0.0001 0.0000 0.0000 0.0000 0.0000 -0.0013 -0.0008 0.0000 -0.0004 0.0001 0.0000 0.0000 0.0000 0.0000 0.0000 0.0000 0.0000 0.0002 -0.0001 0.0000 -0.0006 0.0003 0.0000 0.0004 -0.0006 0.0000 0.0000 0.0001 0.0000 0.0000 0.0000 0.0000 -0.0010 -0.0002 0.0000 0.0002 30.0001 -0.0001 0.0005 -29.9998 0.0000 0.0000 0.0000 -1.2669 -2.6688 0.3128 -1.2669 -2.6688 0.3128 -25.7363 78.8967 79.5044 -40.7626 47.3633 -22.1230 -50.6517 11.8530 -77.8958 0.9776 1.3063 0.1285 0.0000 -0.0001 0.0001 0.0000 0.0000 0.0000 0.0000 -0.0006 0.0003 0.0000 -0.0001 0.0001 0.0000 0.0000 0.0000 0.0000 0.0000 0.0000 0.0000 0.0007 0.0001 0.0000 -0.0012 0.0001 0.0000 -0.0008 0.0003 0.0000 0.0001 0.0000 0.0000 0.0000 0.0000 0.0000 -0.0009 0.0000 0.0000 0.0002 -29.9997 -0.0001 -0.0003 29.9996 0.0000 0.0000 0.0000 9.7320 -11.1066 -177.1825 -1.2080 -53.7155 0.6935 -175.6501 76.4581 -179.3911 0.0000 27.2407 0.0000 -7.8409 -29.4458 171.1724 0.0560 -51.0178 -0.1093 50.9661 77.5810 42.4305 0.0000 25.8406 -0.0001 
28.1334 81.1088 -33.8529 6.1159 -2.0637 -2.7790 1.4229 3.9056 0.3466 1.4248 3.9109 0.3471 1.4272 3.9174 0.3478 37.2550 75.6062 -62.8737 64.8737 46.9278 34.6682 37.1160 1.1056 73.9446 -0.7933 1.1519 0.3434 0.0000 0.0000 0.0001 0.0000 0.0000 0.0000 0.0000 -0.0013 -0.0008 0.0000 -0.0004 0.0001 0.0000 0.0000 0.0000 0.0000 0.0000 0.0000 0.0000 0.0003 0.0000 0.0000 -0.0007 0.0003 0.0000 0.0004 -0.0006 0.0000 0.0000 0.0001 0.0000 0.0000 0.0000 0.0000 -0.0010 -0.0002 0.0000 0.0003 30.0001 -0.0001 0.0005 -29.9998 0.0000 0.0000 0.0000 -1.2508 -2.7370 0.3755 -1.2508 -2.7370 0.3755 -25.0310 78.8678 80.2704 -40.7748 47.3434 -22.1875 -50.5517 11.7854 -77.8567 0.9818 1.3098 0.1411 0.0000 -0.0001 0.0001 0.0000 0.0000 0.0000 0.0000 -0.0006 0.0003 0.0000 -0.0001 0.0001 0.0000 0.0000 0.0000 0.0000 0.0000 0.0000 0.0000 0.0007 0.0001 0.0000 -0.0011 0.0001 0.0000 -0.0008 0.0003 0.0000 0.0001 0.0000 0.0000 0.0000 0.0000 0.0000 -0.0008 0.0000 0.0000 0.0002 -29.9997 -0.0001 -0.0003 29.9996 0.0000 0.0000 0.0000 9.8513 -11.5174 -177.0659 -1.3202 -55.1918 0.7718 -175.9264 75.5722 179.9878 0.0000 27.3060 0.0000 -7.3648 -29.7657 170.7193 0.0380 -52.3496 -0.1013 54.7158 77.6731 46.0772 0.0000 25.9462 -0.0001 
28.1839 80.5898 -33.7839 6.2227 -2.1598 -2.7896 1.3815 3.9907 0.3354 1.3835 3.9962 0.3359 1.3857 4.0027 0.3365 37.2121 75.5389 -62.9356 64.9862 46.7265 34.7932 37.1216 1.1431 73.8975 -0.7935 1.1537 0.3520 0.0000 0.0000 0.0001 0.0000 0.0000 0.0000 0.0000 -0.0013 -0.0008 0.0000 -0.0004 0.0001 0.0000 0.0000 0.0000 0.0000 0.0000 0.0000 0.0000 0.0002 0.0000 0.0000 -0.0006 0.0003 0.0000 0.0004 -0.0006 0.0000 0.0000 0.0001 0.0000 0.0000 0.0000 0.0000 -0.0010 -0.0002 0.0000 0.0002 30.0001 -0.0001 0.0005 -29.9998 0.0000 0.0000 0.0000 -1.2570 -2.8028 0.4365 -1.2570 -2.8028 0.4365 -24.4562 78.8624 80.9149 -40.7590 47.3431 -22.2477 -50.4543 11.7070 -77.8215 0.9862 1.3134 0.1537 0.0000 -0.0001 0.0001 0.0000 0.0000 0.0000 0.0000 -0.0006 0.0003 0.0000 -0.0001 0.0001 0.0000 0.0000 0.0000 0.0000 0.0000 0.0000 0.0000 0.0007 0.0001 0.0000 -0.0012 0.0001 0.0000 -0.0008 0.0003 0.0000 0.0001 0.0000 0.0000 0.0000 0.0000 0.0000 -0.0008 0.0000 0.0000 0.0002 -29.9997 -0.0001 -0.0003 29.9996 0.0000 0.0000 0.0000 9.9770 -12.0187 -176.9604 -1.4046 -56.6579 0.8389 -176.0805 74.7706 179.5161 0.0000 27.3659 0.0000 -6.8480 -30.0567 170.3078 0.0763 -53.6005 -0.1211 58.3480 77.7213 49.5630 0.0000 26.0536 -0.0001 
28.2047 80.0787 -33.7550 6.3302 -2.2398 -2.7931 1.3469 4.0660 0.3251 1.3488 4.0718 0.3257 1.3510 4.0783 0.3263 37.1757 75.4909 -62.9938 65.0700 46.5327 34.9055 37.1265 1.1703 73.8502 -0.7939 1.1558 0.3601 0.0000 0.0000 0.0001 0.0000 0.0000 0.0000 0.0000 -0.0013 -0.0008 0.0000 -0.0004 0.0001 0.0000 0.0000 0.0000 0.0000 0.0000 0.0000 0.0000 0.0002 0.0000 0.0000 -0.0006 0.0003 0.0000 0.0004 -0.0006 0.0000 0.0000 0.0001 0.0000 0.0000 0.0000 0.0000 -0.0010 -0.0002 0.0000 0.0002 30.0001 -0.0001 0.0005 -29.9998 0.0000 0.0000 0.0000 -1.2789 -2.8637 0.4889 -1.2789 -2.8637 0.4888 -23.9883 78.8646 81.4512 -40.7305 47.3585 -22.2992 -50.3703 11.6262 -77.7936 0.9901 1.3165 0.1656 0.0000 -0.0001 0.0001 0.0000 0.0000 0.0000 0.0000 -0.0006 0.0003 0.0000 -0.0001 0.0001 0.0000 0.0000 0.0000 0.0000 0.0000 0.0000 0.0000 0.0007 0.0001 0.0000 -0.0012 0.0001 0.0000 -0.0008 0.0003 0.0000 0.0001 0.0000 0.0000 0.0000 0.0000 0.0000 -0.0009 0.0000 0.0000 0.0002 -29.9996 -0.0001 -0.0003 29.9996 0.0000 0.0000 0.0000 10.0875 -12.5616 -176.8596 -1.4707 -58.1057 0.8987 -176.1672 74.0214 179.1533 0.0000 27.4319 0.0000 -6.3434 -30.3562 169.9080 0.0999 -54.8054 -0.1344 61.8305 77.7155 52.8875 0.0000 26.1560 -0.0001 
28.2218 79.5815 -33.7370 6.4339 -2.3186 -2.8029 1.3223 4.1383 0.3233 1.3242 4.1444 0.3238 1.3263 4.1508 0.3244 37.1365 75.4480 -63.0710 65.1058 46.3712 34.9895 37.1371 1.1796 73.8028 -0.7953 1.1591 0.3663 0.0000 0.0000 0.0001 0.0000 0.0000 0.0000 0.0000 -0.0013 -0.0008 0.0000 -0.0004 0.0001 0.0000 0.0000 0.0000 0.0000 0.0000 0.0000 0.0000 0.0002 0.0000 0.0000 -0.0006 0.0003 0.0000 0.0004 -0.0006 0.0000 0.0000 0.0001 0.0000 0.0000 0.0000 0.0000 -0.0010 -0.0002 0.0000 0.0002 30.0001 -0.0001 0.0005 -29.9998 0.0000 0.0000 0.0000 -1.3158 -2.9237 0.5204 -1.3158 -2.9237 0.5204 -23.6119 78.8540 81.8836 -40.7159 47.3799 -22.3494 -50.3139 11.5650 -77.7727 0.9934 1.3190 0.1760 0.0000 -0.0001 0.0001 0.0000 0.0000 0.0000 0.0000 -0.0006 0.0003 0.0000 -0.0001 0.0001 0.0000 0.0000 0.0000 0.0000 0.0000 0.0000 0.0000 0.0007 0.0001 0.0000 -0.0011 0.0001 0.0000 -0.0008 0.0003 0.0000 0.0001 0.0000 0.0000 0.0000 0.0000 0.0000 -0.0009 0.0000 0.0000 0.0002 -29.9997 -0.0001 -0.0003 29.9996 0.0000 0.0000 0.0000 10.1697 -13.0675 -176.7722 -1.5326 -59.4584 0.9568 -176.2896 73.3266 178.8289 0.0000 27.5914 0.0000 -5.8951 -30.7086 169.5160 0.0874 -55.9719 -0.1291 64.9247 77.6681 55.8425 0.0000 26.2366 -0.0001 
28.2686 79.1227 -33.7037 6.5304 -2.4042 -2.8187 1.3036 4.2142 0.3287 1.3056 4.2206 0.3293 1.3076 4.2270 0.3298 37.0673 75.3864 -63.2042 65.1280 46.2506 35.0537 37.1375 1.1664 73.7538 -0.7982 1.1642 0.3698 0.0000 0.0000 0.0001 0.0000 0.0000 0.0000 0.0000 -0.0013 -0.0008 0.0000 -0.0004 0.0001 0.0000 0.0000 0.0000 0.0000 0.0000 0.0000 0.0000 0.0002 0.0000 0.0000 -0.0006 0.0003 0.0000 0.0004 -0.0006 0.0000 0.0000 0.0001 0.0000 0.0000 0.0000 0.0000 -0.0010 -0.0002 0.0000 0.0002 30.0001 -0.0001 0.0005 -29.9998 0.0000 0.0000 0.0000 -1.3544 -2.9895 0.5325 -1.3544 -2.9895 0.5325 -23.2234 78.8212 82.3138 -40.7588 47.3746 -22.4298 -50.2627 11.5343 -77.7545 0.9957 1.3205 0.1845 0.0000 -0.0001 0.0001 0.0000 0.0000 0.0000 0.0000 -0.0006 0.0003 0.0000 -0.0001 0.0001 0.0000 0.0000 0.0000 0.0000 0.0000 0.0000 0.0000 0.0007 0.0001 0.0000 -0.0012 0.0001 0.0000 -0.0008 0.0003 0.0000 0.0001 0.0000 0.0000 0.0000 0.0000 0.0000 -0.0009 0.0000 0.0000 0.0002 -29.9997 -0.0001 -0.0003 29.9996 0.0000 0.0000 0.0000 10.2052 -13.4769 -176.7236 -1.6075 -60.6611 1.0221 -176.5100 72.6768 178.5054 0.0000 27.7271 0.0000 -5.4933 -31.0952 169.1302 0.0609 -57.0598 -0.1157 67.4822 77.5912 58.2821 0.0000 26.2915 -0.0001 
28.3382 78.7121 -33.6720 6.6159 -2.4915 -2.8365 1.2882 4.2914 0.3385 1.2902 4.2981 0.3391 1.2921 4.3044 0.3397 36.9744 75.3124 -63.3878 65.1487 46.1729 35.0988 37.1199 1.1339 73.6994 -0.8018 1.1703 0.3707 0.0000 0.0000 0.0001 0.0000 0.0000 0.0000 0.0000 -0.0013 -0.0008 0.0000 -0.0004 0.0001 0.0000 0.0000 0.0000 0.0000 0.0000 0.0000 0.0000 0.0002 0.0000 0.0000 -0.0006 0.0003 0.0000 0.0004 -0.0006 0.0000 0.0000 0.0001 0.0000 0.0000 0.0000 0.0000 -0.0010 -0.0002 0.0000 0.0002 30.0001 -0.0001 0.0005 -29.9998 0.0000 0.0000 0.0000 -1.3879 -3.0605 0.5286 -1.3879 -3.0605 0.5286 -22.7749 78.7691 82.7891 -40.8576 47.3337 -22.5463 -50.2127 11.5281 -77.7308 0.9973 1.3216 0.1913 0.0000 -0.0001 0.0001 0.0000 0.0000 0.0000 0.0000 -0.0006 0.0003 0.0000 -0.0001 0.0001 0.0000 0.0000 0.0000 0.0000 0.0000 0.0000 0.0000 0.0007 0.0001 0.0000 -0.0011 0.0001 0.0000 -0.0008 0.0003 0.0000 0.0001 0.0000 0.0000 0.0000 0.0000 0.0000 -0.0009 0.0000 0.0000 0.0002 -29.9997 -0.0001 -0.0003 29.9996 0.0000 0.0000 0.0000 10.1868 -13.8111 -176.7210 -1.6877 -61.7166 1.0901 -176.7898 72.0894 178.2279 0.0000 27.8248 0.0000 -5.1413 -31.4828 168.7649 0.0434 -58.0351 -0.1067 69.5061 77.5116 60.2173 0.0000 26.3233 -0.0001 
28.4234 78.3792 -33.6738 6.6754 -2.5693 -2.8612 1.2756 4.3635 0.3547 1.2777 4.3705 0.3554 1.2795 4.3766 0.3559 36.8805 75.2325 -63.6089 65.1657 46.1574 35.1216 37.0698 1.0870 73.6293 -0.8061 1.1775 0.3680 0.0000 0.0000 0.0001 0.0000 0.0000 0.0000 0.0000 -0.0013 -0.0008 0.0000 -0.0004 0.0001 0.0000 0.0000 0.0000 0.0000 0.0000 0.0000 0.0000 0.0002 0.0000 0.0000 -0.0006 0.0003 0.0000 0.0004 -0.0006 0.0000 0.0000 0.0001 0.0000 0.0000 0.0000 0.0000 -0.0010 -0.0002 0.0000 0.0002 30.0001 -0.0001 0.0005 -29.9998 0.0000 0.0000 0.0000 -1.4033 -3.1327 0.5090 -1.4033 -3.1327 0.5090 -22.2267 78.6991 83.3319 -41.0030 47.2467 -22.7001 -50.1754 11.5509 -77.6808 0.9970 1.3215 0.1947 0.0000 -0.0001 0.0001 0.0000 0.0000 0.0000 0.0000 -0.0006 0.0003 0.0000 -0.0001 0.0001 0.0000 0.0000 0.0000 0.0000 0.0000 0.0000 0.0000 0.0007 0.0001 0.0000 -0.0011 0.0001 0.0000 -0.0008 0.0003 0.0000 0.0001 0.0000 0.0000 0.0000 0.0000 0.0000 -0.0009 0.0000 0.0000 0.0002 -29.9996 -0.0001 -0.0003 29.9996 0.0000 0.0000 0.0000 10.0775 -14.0845 -176.7793 -1.7589 -62.5731 1.1505 -177.0934 71.6300 178.0841 0.0000 27.9322 0.0000 -4.8747 -31.8473 168.4625 0.0385 -58.8148 -0.1043 70.8221 77.4612 61.4817 0.0000 26.3244 -0.0001 
28.5093 78.1066 -33.7146 6.7137 -2.6309 -2.8906 1.2670 4.4236 0.3747 1.2691 4.4309 0.3754 1.2708 4.4370 0.3759 36.8255 75.1649 -63.8010 65.1798 46.1908 35.1285 37.0029 1.0223 73.5559 -0.8099 1.1839 0.3635 0.0000 0.0000 0.0001 0.0000 0.0000 0.0000 0.0000 -0.0013 -0.0008 0.0000 -0.0004 0.0001 0.0000 0.0000 0.0000 0.0000 0.0000 0.0000 0.0000 0.0002 0.0000 0.0000 -0.0006 0.0003 0.0000 0.0004 -0.0006 0.0000 0.0000 0.0001 0.0000 0.0000 0.0000 0.0000 -0.0010 -0.0002 0.0000 0.0002 30.0001 -0.0001 0.0005 -29.9998 0.0000 0.0000 0.0000 -1.4074 -3.1970 0.4863 -1.4074 -3.1970 0.4863 -21.6853 78.6405 83.8481 -41.1398 47.1414 -22.8603 -50.1507 11.5862 -77.6116 0.9960 1.3215 0.1956 0.0000 -0.0001 0.0001 0.0000 0.0000 0.0000 0.0000 -0.0006 0.0003 0.0000 -0.0001 0.0001 0.0000 0.0000 0.0000 0.0000 0.0000 0.0000 0.0000 0.0007 0.0001 0.0000 -0.0012 0.0001 0.0000 -0.0008 0.0003 0.0000 0.0001 0.0000 0.0000 0.0000 0.0000 0.0000 -0.0008 0.0000 0.0000 0.0002 -29.9997 -0.0001 -0.0003 29.9996 0.0000 0.0000 0.0000 9.9058 -14.3450 -176.8712 -1.8328 -63.2981 1.2113 -177.3689 71.2875 178.0459 0.0000 28.0630 0.0000 -4.6919 -32.1616 168.2216 0.0148 -59.4278 -0.0911 71.7500 77.4407 62.3798 0.0000 26.3045 -0.0001 
28.5830 77.8907 -33.7842 6.7399 -2.6744 -2.9192 1.2612 4.4715 0.3953 1.2633 4.4789 0.3961 1.2650 4.4849 0.3967 36.8043 75.1119 -63.9578 65.1921 46.2530 35.1254 36.9264 0.9468 73.4914 -0.8134 1.1896 0.3580 0.0000 0.0000 0.0001 0.0000 0.0000 0.0000 0.0000 -0.0013 -0.0008 0.0000 -0.0004 0.0001 0.0000 0.0000 0.0000 0.0000 0.0000 0.0000 0.0000 0.0003 0.0000 0.0000 -0.0006 0.0003 0.0000 0.0004 -0.0006 0.0000 0.0000 0.0001 0.0000 0.0000 0.0000 0.0000 -0.0010 -0.0002 0.0000 0.0002 30.0001 -0.0001 0.0005 -29.9998 0.0000 0.0000 0.0000 -1.4073 -3.2524 0.4678 -1.4073 -3.2524 0.4678 -21.1966 78.6022 84.3018 -41.2594 47.0313 -23.0186 -50.1288 11.6206 -77.5361 0.9946 1.3215 0.1948 0.0000 -0.0001 0.0001 0.0000 0.0000 0.0000 0.0000 -0.0006 0.0003 0.0000 -0.0001 0.0001 0.0000 0.0000 0.0000 0.0000 0.0000 0.0000 0.0000 0.0007 0.0001 0.0000 -0.0012 0.0001 0.0000 -0.0008 0.0003 0.0000 0.0001 0.0000 0.0000 0.0000 0.0000 0.0000 -0.0009 0.0000 0.0000 0.0002 -29.9997 -0.0001 -0.0003 29.9996 0.0000 0.0000 0.0000 9.6964 -14.6012 -176.9758 -1.9017 -63.9112 1.2679 -177.5918 71.0446 178.0931 0.0000 28.1514 0.0000 -4.5566 -32.4370 168.0376 -0.0037 -59.9007 -0.0805 72.3666 77.4393 62.9670 0.0000 26.2703 -0.0001 
28.6249 77.7623 -33.8784 6.7616 -2.6906 -2.9370 1.2562 4.5018 0.4116 1.2584 4.5094 0.4124 1.2601 4.5154 0.4130 36.8108 75.0822 -64.0743 65.1996 46.3285 35.1110 36.8428 0.8779 73.4529 -0.8164 1.1940 0.3517 0.0000 0.0000 0.0001 0.0000 0.0000 0.0000 0.0000 -0.0013 -0.0008 0.0000 -0.0004 0.0001 0.0000 0.0000 0.0000 0.0000 0.0000 0.0000 0.0000 0.0002 0.0000 0.0000 -0.0006 0.0003 0.0000 0.0004 -0.0006 0.0000 0.0000 0.0001 0.0000 0.0000 0.0000 0.0000 -0.0010 -0.0002 0.0000 0.0002 30.0001 -0.0001 0.0005 -29.9998 0.0000 0.0000 0.0000 -1.4096 -3.2955 0.4629 -1.4096 -3.2955 0.4629 -20.8178 78.5930 84.6388 -41.3528 46.9343 -23.1634 -50.1034 11.6351 -77.4597 0.9930 1.3215 0.1926 0.0000 -0.0001 0.0001 0.0000 0.0000 0.0000 0.0000 -0.0006 0.0003 0.0000 -0.0001 0.0001 0.0000 0.0000 0.0000 0.0000 0.0000 0.0000 0.0000 0.0007 0.0001 0.0000 -0.0012 0.0001 0.0000 -0.0008 0.0003 0.0000 0.0001 0.0000 0.0000 0.0000 0.0000 0.0000 -0.0009 0.0000 0.0000 0.0002 -29.9996 -0.0001 -0.0003 29.9996 0.0000 0.0000 0.0000 9.4651 -14.8321 -177.0807 -1.9392 -64.3370 1.3013 -177.7220 70.9401 178.2338 0.0000 28.2229 0.0000 -4.4896 -32.6587 167.9362 -0.0185 -60.1752 -0.0720 72.5617 77.4624 63.1150 0.0000 26.2210 -0.0001 
28.6386 77.7098 -33.9718 6.7830 -2.6913 -2.9407 1.2518 4.5215 0.4210 1.2540 4.5292 0.4218 1.2556 4.5351 0.4224 36.8278 75.0701 -64.1612 65.1993 46.3972 35.0889 36.7638 0.8324 73.4391 -0.8189 1.1974 0.3456 0.0000 0.0000 0.0001 0.0000 0.0000 0.0000 0.0000 -0.0013 -0.0008 0.0000 -0.0004 0.0001 0.0000 0.0000 0.0000 0.0000 0.0000 0.0000 0.0000 0.0002 -0.0001 0.0000 -0.0006 0.0003 0.0000 0.0004 -0.0006 0.0000 0.0000 0.0001 0.0000 0.0000 0.0000 0.0000 -0.0010 -0.0002 0.0000 0.0002 30.0001 -0.0001 0.0005 -29.9998 0.0000 0.0000 0.0000 -1.4200 -3.3305 0.4739 -1.4200 -3.3305 0.4739 -20.5294 78.5965 84.8818 -41.4259 46.8598 -23.2849 -50.0778 11.6390 -77.3838 0.9911 1.3212 0.1899 0.0000 -0.0001 0.0001 0.0000 0.0000 0.0000 0.0000 -0.0006 0.0003 0.0000 -0.0001 0.0001 0.0000 0.0000 0.0000 0.0000 0.0000 0.0000 0.0000 0.0007 0.0001 0.0000 -0.0011 0.0001 0.0000 -0.0008 0.0003 0.0000 0.0001 0.0000 0.0000 0.0000 0.0000 0.0000 -0.0009 0.0000 0.0000 0.0002 -29.9996 -0.0001 -0.0003 29.9996 0.0000 0.0000 0.0000 9.2626 -15.0031 -177.1738 -1.9352 -64.5730 1.3043 -177.7952 70.9406 178.3934 0.0000 28.2789 0.0000 -4.4913 -32.8244 167.9016 -0.0295 -60.2896 -0.0656 72.4201 77.5132 62.9181 0.0000 26.1641 -0.0001 
28.6438 77.7207 -34.0629 6.8041 -2.6783 -2.9318 1.2483 4.5318 0.4235 1.2505 4.5396 0.4243 1.2522 4.5455 0.4250 36.8595 75.0725 -64.2148 65.1925 46.4604 35.0617 36.6972 0.8034 73.4440 -0.8206 1.1993 0.3399 0.0000 0.0000 0.0001 0.0000 0.0000 0.0000 0.0000 -0.0013 -0.0008 0.0000 -0.0004 0.0001 0.0000 0.0000 0.0000 0.0000 0.0000 0.0000 0.0000 0.0003 0.0000 0.0000 -0.0006 0.0003 0.0000 0.0004 -0.0006 0.0000 0.0000 0.0001 0.0000 0.0000 0.0000 0.0000 -0.0010 -0.0002 0.0000 0.0002 30.0001 -0.0001 0.0005 -29.9998 0.0000 0.0000 0.0000 -1.4401 -3.3584 0.4984 -1.4401 -3.3584 0.4984 -20.3223 78.6073 85.0429 -41.4858 46.8031 -23.3866 -50.0556 11.6464 -77.3116 0.9892 1.3210 0.1869 0.0000 -0.0001 0.0001 0.0000 0.0000 0.0000 0.0000 -0.0006 0.0003 0.0000 -0.0001 0.0001 0.0000 0.0000 0.0000 0.0000 0.0000 0.0000 0.0000 0.0007 0.0001 0.0000 -0.0012 0.0001 0.0000 -0.0008 0.0003 0.0000 0.0001 0.0000 0.0000 0.0000 0.0000 0.0000 -0.0008 0.0000 0.0000 0.0002 -29.9996 -0.0001 -0.0003 29.9996 0.0000 0.0000 0.0000 9.1029 -15.1094 -177.2631 -1.9221 -64.6290 1.2974 -177.8718 71.0265 178.4996 0.0000 28.3210 0.0000 -4.5552 -32.9413 167.9277 -0.0304 -60.2572 -0.0650 71.9342 77.5912 62.3700 0.0000 26.1015 -0.0001 
28.6478 77.8208 -34.1670 6.8232 -2.6421 -2.9074 1.2461 4.5289 0.4166 1.2483 4.5366 0.4174 1.2499 4.5425 0.4180 36.8958 75.0897 -64.2372 65.1766 46.5159 35.0283 36.6502 0.7884 73.4660 -0.8217 1.2002 0.3352 0.0000 0.0000 0.0001 0.0000 0.0000 0.0000 0.0000 -0.0013 -0.0008 0.0000 -0.0004 0.0001 0.0000 0.0000 0.0000 0.0000 0.0000 0.0000 0.0000 0.0002 0.0000 0.0000 -0.0006 0.0003 0.0000 0.0004 -0.0006 0.0000 0.0000 0.0001 0.0000 0.0000 0.0000 0.0000 -0.0010 -0.0002 0.0000 0.0003 30.0001 -0.0001 0.0005 -29.9998 0.0000 0.0000 0.0000 -1.4753 -3.3767 0.5379 -1.4753 -3.3767 0.5379 -20.2214 78.6195 85.0998 -41.5402 46.7664 -23.4658 -50.0385 11.6667 -77.2502 0.9869 1.3200 0.1838 0.0000 -0.0001 0.0001 0.0000 0.0000 0.0000 0.0000 -0.0006 0.0003 0.0000 -0.0001 0.0001 0.0000 0.0000 0.0000 0.0000 0.0000 0.0000 0.0000 0.0007 0.0001 0.0000 -0.0012 0.0001 0.0000 -0.0008 0.0003 0.0000 0.0001 0.0000 0.0000 0.0000 0.0000 0.0000 -0.0009 0.0000 0.0000 0.0002 -29.9997 -0.0001 -0.0003 29.9996 0.0000 0.0000 0.0000 9.0254 -15.1418 -177.3507 -1.9108 -64.4374 1.2858 -178.0064 71.2275 178.4660 0.0000 28.3309 0.0000 -4.7174 -32.9843 168.0349 -0.0281 -59.9967 -0.0664 70.8662 77.6901 61.2451 0.0000 26.0409 -0.0001 
28.6436 77.9899 -34.3047 6.8363 -2.5839 -2.8771 1.2468 4.5133 0.4044 1.2490 4.5210 0.4052 1.2506 4.5269 0.4058 36.9308 75.1179 -64.2380 65.1585 46.5577 34.9995 36.6061 0.7866 73.4899 -0.8221 1.2002 0.3313 0.0000 0.0000 0.0001 0.0000 0.0000 0.0000 0.0000 -0.0013 -0.0008 0.0000 -0.0004 0.0001 0.0000 0.0000 0.0000 0.0000 0.0000 0.0000 0.0000 0.0002 0.0000 0.0000 -0.0006 0.0003 0.0000 0.0004 -0.0006 0.0000 0.0000 0.0001 0.0000 0.0000 0.0000 0.0000 -0.0010 -0.0002 0.0000 0.0003 30.0001 -0.0001 0.0005 -29.9998 0.0000 0.0000 0.0000 -1.5234 -3.3875 0.5828 -1.5234 -3.3875 0.5828 -20.2073 78.6332 85.0748 -41.5872 46.7456 -23.5229 -50.0281 11.6917 -77.2025 0.9845 1.3186 0.1806 0.0000 -0.0001 0.0001 0.0000 0.0000 0.0000 0.0000 -0.0006 0.0003 0.0000 -0.0001 0.0001 0.0000 0.0000 0.0000 0.0000 0.0000 0.0000 0.0000 0.0007 0.0001 0.0000 -0.0012 0.0001 0.0000 -0.0008 0.0003 0.0000 0.0001 0.0000 0.0000 0.0000 0.0000 0.0000 -0.0009 0.0000 0.0000 0.0002 -29.9997 -0.0001 -0.0003 29.9996 0.0000 0.0000 0.0000 9.0216 -15.1513 -177.4293 -1.8815 -64.0737 1.2590 -178.1841 71.5263 178.3287 0.0000 28.3085 0.0000 -4.9565 -32.9796 168.2062 -0.0288 -59.5502 -0.0662 69.2427 77.7904 59.5734 0.0000 25.9859 -0.0001 
28.6291 78.2194 -34.4732 6.8423 -2.5057 -2.8455 1.2518 4.4853 0.3897 1.2539 4.4929 0.3904 1.2556 4.4989 0.3910 36.9741 75.1597 -64.2087 65.1323 46.5910 34.9718 36.5654 0.7932 73.5122 -0.8224 1.2000 0.3285 0.0000 0.0000 0.0001 0.0000 0.0000 0.0000 0.0000 -0.0013 -0.0008 0.0000 -0.0004 0.0001 0.0000 0.0000 0.0000 0.0000 0.0000 0.0000 0.0000 0.0002 0.0000 0.0000 -0.0006 0.0003 0.0000 0.0004 -0.0006 0.0000 0.0000 0.0001 0.0000 0.0000 0.0000 0.0000 -0.0010 -0.0002 0.0000 0.0003 30.0001 -0.0001 0.0005 -29.9998 0.0000 0.0000 0.0000 -1.5833 -3.3919 0.6284 -1.5833 -3.3919 0.6284 -20.2822 78.6540 84.9670 -41.6134 46.7429 -23.5533 -50.0276 11.7206 -77.1704 0.9823 1.3169 0.1774 0.0000 -0.0001 0.0001 0.0000 0.0000 0.0000 0.0000 -0.0006 0.0003 0.0000 -0.0001 0.0001 0.0000 0.0000 0.0000 0.0000 0.0000 0.0000 0.0000 0.0007 0.0001 0.0000 -0.0012 0.0001 0.0000 -0.0008 0.0003 0.0000 0.0001 0.0000 0.0000 0.0000 0.0000 0.0000 -0.0008 0.0000 0.0000 0.0002 -29.9997 -0.0001 -0.0003 29.9996 0.0000 0.0000 0.0000 9.0767 -15.1475 -177.4951 -1.8316 -63.5687 1.2166 -178.3867 71.9130 178.1155 0.0000 28.2673 0.0000 -5.2613 -32.9314 168.4319 -0.0344 -58.9480 -0.0633 67.1646 77.8830 57.4597 0.0000 25.9338 -0.0001 
28.6058 78.5342 -34.6753 6.8429 -2.3994 -2.8159 1.2621 4.4390 0.3744 1.2642 4.4463 0.3751 1.2659 4.4524 0.3757 37.0484 75.2267 -64.1215 65.0860 46.6175 34.9430 36.5361 0.8079 73.5330 -0.8215 1.1984 0.3270 0.0000 0.0000 0.0001 0.0000 0.0000 0.0000 0.0000 -0.0013 -0.0008 0.0000 -0.0004 0.0001 0.0000 0.0000 0.0000 0.0000 0.0000 0.0000 0.0000 0.0002 0.0000 0.0000 -0.0006 0.0003 0.0000 0.0004 -0.0006 0.0000 0.0000 0.0001 0.0000 0.0000 0.0000 0.0000 -0.0010 -0.0002 0.0000 0.0002 30.0001 -0.0001 0.0005 -29.9998 0.0000 0.0000 0.0000 -1.6593 -3.3903 0.6691 -1.6593 -3.3903 0.6691 -20.4803 78.6906 84.7496 -41.5957 46.7671 -23.5400 -50.0428 11.7485 -77.1623 0.9803 1.3151 0.1747 0.0000 -0.0001 0.0001 0.0000 0.0000 0.0000 0.0000 -0.0006 0.0003 0.0000 -0.0001 0.0001 0.0000 0.0000 0.0000 0.0000 0.0000 0.0000 0.0000 0.0007 0.0001 0.0000 -0.0012 0.0001 0.0000 -0.0008 0.0003 0.0000 0.0001 0.0000 0.0000 0.0000 0.0000 0.0000 -0.0009 0.0000 0.0000 0.0002 -29.9997 -0.0001 -0.0003 29.9996 0.0000 0.0000 0.0000 9.2045 -15.1128 -177.5404 -1.7642 -62.8584 1.1597 -178.6261 72.4249 177.7889 0.0000 28.2065 0.0000 -5.6533 -32.8192 168.7333 -0.0473 -58.1410 -0.0564 64.5626 77.9605 54.8346 0.0000 25.8768 -0.0001 
28.5803 78.9173 -34.8953 6.8452 -2.2715 -2.7857 1.2747 4.3798 0.3596 1.2768 4.3869 0.3603 1.2786 4.3931 0.3608 37.1603 75.3152 -63.9864 65.0237 46.6365 34.9184 36.5138 0.8291 73.5566 -0.8206 1.1967 0.3262 0.0000 0.0000 0.0001 0.0000 0.0000 0.0000 0.0000 -0.0013 -0.0008 0.0000 -0.0004 0.0001 0.0000 0.0000 0.0000 0.0000 0.0000 0.0000 0.0000 0.0002 0.0000 0.0000 -0.0006 0.0003 0.0000 0.0004 -0.0006 0.0000 0.0000 0.0001 0.0000 0.0000 0.0000 0.0000 -0.0010 -0.0002 0.0000 0.0002 30.0001 -0.0001 0.0005 -29.9998 0.0000 0.0000 0.0000 -1.7455 -3.3890 0.7006 -1.7455 -3.3890 0.7006 -20.7734 78.7413 84.4459 -41.5481 46.8175 -23.4979 -50.0578 11.7630 -77.1665 0.9787 1.3134 0.1725 0.0000 -0.0001 0.0001 0.0000 0.0000 0.0000 0.0000 -0.0006 0.0003 0.0000 -0.0001 0.0001 0.0000 0.0000 0.0000 0.0000 0.0000 0.0000 0.0000 0.0007 0.0001 0.0000 -0.0012 0.0001 0.0000 -0.0008 0.0003 0.0000 0.0001 0.0000 0.0000 0.0000 0.0000 0.0000 -0.0009 0.0000 0.0000 0.0002 -29.9996 -0.0001 -0.0003 29.9996 0.0000 0.0000 0.0000 9.3721 -15.0360 -177.5795 -1.6872 -61.9700 1.0948 -178.9064 73.0337 177.3736 0.0000 28.1291 0.0000 -6.1156 -32.6648 169.0944 -0.0629 -57.1754 -0.0484 61.5347 78.0145 51.7874 0.0000 25.8075 -0.0001 
28.5508 79.3576 -35.1317 6.8483 -2.1257 -2.7515 1.2894 4.3106 0.3442 1.2915 4.3173 0.3449 1.2934 4.3236 0.3454 37.3071 75.4183 -63.8125 64.9578 46.6521 34.9024 36.4926 0.8572 73.5825 -0.8190 1.1939 0.3256 0.0000 0.0000 0.0001 0.0000 0.0000 0.0000 0.0000 -0.0013 -0.0008 0.0000 -0.0004 0.0001 0.0000 0.0000 0.0000 0.0000 0.0000 0.0000 0.0000 0.0002 0.0000 0.0000 -0.0006 0.0003 0.0000 0.0004 -0.0006 0.0000 0.0000 0.0001 0.0000 0.0000 0.0000 0.0000 -0.0010 -0.0002 0.0000 0.0002 30.0001 -0.0001 0.0005 -29.9998 0.0000 0.0000 0.0000 -1.8369 -3.3899 0.7218 -1.8369 -3.3900 0.7218 -21.1270 78.8048 84.0854 -41.4867 46.8863 -23.4377 -50.0613 11.7637 -77.1743 0.9774 1.3118 0.1706 0.0000 -0.0001 0.0001 0.0000 0.0000 0.0000 0.0000 -0.0006 0.0003 0.0000 -0.0001 0.0001 0.0000 0.0000 0.0000 0.0000 0.0000 0.0000 0.0000 0.0007 0.0001 0.0000 -0.0012 0.0001 0.0000 -0.0008 0.0003 0.0000 0.0001 0.0000 0.0000 0.0000 0.0000 0.0000 -0.0009 0.0000 0.0000 0.0002 -29.9997 -0.0001 -0.0003 29.9996 0.0000 0.0000 0.0000 9.5622 -14.9166 -177.6227 -1.5981 -60.9205 1.0215 -179.2229 73.7255 176.8967 0.0000 28.0081 0.0000 -6.6362 -32.4746 169.5043 -0.0767 -56.0643 -0.0419 58.1176 78.0319 48.3548 0.0000 25.7199 -0.0001 
28.5183 79.8728 -35.3941 6.8469 -1.9575 -2.7080 1.3068 4.2300 0.3275 1.3088 4.2364 0.3280 1.3108 4.2427 0.3286 37.4897 75.5345 -63.6038 64.8863 46.6771 34.8917 36.4696 0.8945 73.6085 -0.8171 1.1908 0.3243 0.0000 0.0000 0.0001 0.0000 0.0000 0.0000 0.0000 -0.0013 -0.0008 0.0000 -0.0004 0.0001 0.0000 0.0000 0.0000 0.0000 0.0000 0.0000 0.0000 0.0002 0.0000 0.0000 -0.0006 0.0003 0.0000 0.0004 -0.0006 0.0000 0.0000 0.0001 0.0000 0.0000 0.0000 0.0000 -0.0010 -0.0002 0.0000 0.0003 30.0001 -0.0001 0.0005 -29.9998 0.0000 0.0000 0.0000 -1.9271 -3.3974 0.7284 -1.9271 -3.3974 0.7284 -21.5149 78.8796 83.6912 -41.4334 46.9676 -23.3727 -50.0376 11.7552 -77.1729 0.9755 1.3096 0.1688 0.0000 -0.0001 0.0001 0.0000 0.0000 0.0000 0.0000 -0.0006 0.0003 0.0000 -0.0001 0.0001 0.0000 0.0000 0.0000 0.0000 0.0000 0.0000 0.0000 0.0007 0.0001 0.0000 -0.0012 0.0001 0.0000 -0.0008 0.0003 0.0000 0.0001 0.0000 0.0000 0.0000 0.0000 0.0000 -0.0009 0.0000 0.0000 0.0002 -29.9996 -0.0001 -0.0003 29.9996 0.0000 0.0000 0.0000 9.7629 -14.7310 -177.6865 -1.4944 -59.6411 0.9382 -179.5840 74.5272 176.3722 0.0000 27.8402 0.0000 -7.2224 -32.2357 169.9834 -0.0730 -54.7376 -0.0449 54.1683 77.9981 44.3895 0.0000 25.5937 -0.0001 
28.4874 80.4374 -35.6787 6.8348 -1.7748 -2.6546 1.3270 4.1415 0.3098 1.3289 4.1475 0.3103 1.3310 4.1540 0.3109 37.6996 75.6592 -63.3727 64.8060 46.7223 34.8752 36.4404 0.9323 73.6360 -0.8152 1.1877 0.3220 0.0000 0.0000 0.0001 0.0000 0.0000 0.0000 0.0000 -0.0013 -0.0008 0.0000 -0.0004 0.0001 0.0000 0.0000 0.0000 0.0000 0.0000 0.0000 0.0000 0.0002 0.0000 0.0000 -0.0006 0.0003 0.0000 0.0004 -0.0006 0.0000 0.0000 0.0001 0.0000 0.0000 0.0000 0.0000 -0.0010 -0.0002 0.0000 0.0002 30.0001 -0.0001 0.0005 -29.9998 0.0000 0.0000 0.0000 -2.0099 -3.4077 0.7269 -2.0099 -3.4077 0.7269 -21.9109 78.9575 83.2855 -41.4006 47.0490 -23.3203 -49.9954 11.7506 -77.1504 0.9728 1.3070 0.1662 0.0000 -0.0001 0.0001 0.0000 0.0000 0.0000 0.0000 -0.0006 0.0002 0.0000 -0.0001 0.0001 0.0000 0.0000 0.0000 0.0000 0.0000 0.0000 0.0000 0.0007 0.0001 0.0000 -0.0012 0.0001 0.0000 -0.0008 0.0003 0.0000 0.0001 0.0000 0.0000 0.0000 0.0000 0.0000 -0.0009 0.0000 0.0000 0.0002 -29.9997 -0.0001 -0.0003 29.9996 0.0000 0.0000 0.0000 9.9590 -14.4852 -177.7774 -1.3897 -58.1836 0.8549 -179.9956 75.4073 175.8223 0.0000 27.6499 0.0000 -7.8459 -31.9393 170.5035 -0.0670 -53.2483 -0.0491 49.9669 77.8993 40.1782 0.0000 25.4347 -0.0001 
28.4566 81.0383 -35.9802 6.8092 -1.5806 -2.5910 1.3504 4.0451 0.2916 1.3523 4.0508 0.2921 1.3545 4.0573 0.2926 37.9347 75.7935 -63.1213 64.7189 46.7894 34.8507 36.4006 0.9627 73.6668 -0.8132 1.1842 0.3185 0.0000 0.0000 0.0001 0.0000 0.0000 0.0000 0.0000 -0.0013 -0.0008 0.0000 -0.0004 0.0001 0.0000 0.0000 0.0000 0.0000 0.0000 0.0000 0.0000 0.0002 0.0000 0.0000 -0.0006 0.0003 0.0000 0.0004 -0.0006 0.0000 0.0000 0.0001 0.0000 0.0000 0.0000 0.0000 -0.0010 -0.0002 0.0000 0.0002 30.0001 -0.0001 0.0005 -29.9998 0.0000 0.0000 0.0000 -2.0859 -3.4160 0.7193 -2.0859 -3.4160 0.7193 -22.3338 79.0363 82.8463 -41.3820 47.1320 -23.2760 -49.9450 11.7493 -77.1100 0.9693 1.3039 0.1627 0.0000 -0.0001 0.0001 0.0000 0.0000 0.0000 0.0000 -0.0006 0.0003 0.0000 -0.0001 0.0001 0.0000 0.0000 0.0000 0.0000 0.0000 0.0000 0.0000 0.0007 0.0001 0.0000 -0.0012 0.0001 0.0000 -0.0008 0.0003 0.0000 0.0001 0.0000 0.0000 0.0000 0.0000 0.0000 -0.0009 0.0000 0.0000 0.0002 -29.9997 -0.0001 -0.0003 29.9996 0.0000 0.0000 0.0000 10.1441 -14.1767 -177.8952 -1.2859 -56.5621 0.7736 179.5373 76.3578 175.2542 0.0000 27.4672 0.0000 -8.4947 -31.5715 171.0479 -0.0775 -51.6163 -0.0453 45.7003 77.7247 35.9106 0.0000 25.3508 -0.0001 
28.3811 81.7316 -36.4032 6.7559 -1.3713 -2.5089 1.3805 3.9353 0.2738 1.3824 3.9406 0.2743 1.3847 3.9472 0.2748 38.1915 75.9475 -62.8524 64.6133 46.8967 34.8033 36.3422 0.9709 73.7081 -0.8116 1.1808 0.3132 0.0000 0.0000 0.0001 0.0000 0.0000 0.0000 0.0000 -0.0013 -0.0008 0.0000 -0.0004 0.0001 0.0000 0.0000 0.0000 0.0000 0.0000 0.0000 0.0000 0.0002 -0.0001 0.0000 -0.0006 0.0003 0.0000 0.0004 -0.0006 0.0000 0.0000 0.0001 0.0000 0.0000 0.0000 0.0000 -0.0010 -0.0002 0.0000 0.0002 30.0001 -0.0001 0.0005 -29.9998 0.0000 0.0000 0.0000 -2.1519 -3.4113 0.7027 -2.1519 -3.4113 0.7027 -22.8346 79.1146 82.3145 -41.3742 47.2194 -23.2275 -49.8923 11.7512 -77.0560 0.9648 1.3002 0.1572 0.0000 -0.0001 0.0001 0.0000 0.0000 0.0000 0.0000 -0.0006 0.0003 0.0000 -0.0001 0.0001 0.0000 0.0000 0.0000 0.0000 0.0000 0.0000 0.0000 0.0007 0.0001 0.0000 -0.0012 0.0001 0.0000 -0.0008 0.0003 0.0000 0.0001 0.0000 0.0000 0.0000 0.0000 0.0000 -0.0008 0.0000 0.0000 0.0002 -29.9997 -0.0001 -0.0003 29.9996 0.0000 0.0000 0.0000 10.2861 -13.8572 -178.0556 -1.1694 -54.6932 0.6866 179.0325 77.5109 174.7427 0.0000 27.2281 0.0000 -9.1628 -31.0521 171.6335 -0.0952 -49.7594 -0.0386 41.4405 77.4778 31.6596 0.0000 25.3508 -0.0001 
28.2951 82.4693 -36.8418 6.6740 -1.1574 -2.4013 1.4184 3.8156 0.2564 1.4202 3.8205 0.2568 1.4227 3.8271 0.2574 38.4618 76.1274 -62.5654 64.4784 47.0472 34.7235 36.2878 0.9514 73.7623 -0.8094 1.1762 0.3063 0.0000 0.0000 0.0001 0.0000 0.0000 0.0000 0.0000 -0.0013 -0.0008 0.0000 -0.0004 0.0001 0.0000 0.0000 0.0000 0.0000 0.0000 0.0000 0.0000 0.0002 0.0000 0.0000 -0.0006 0.0003 0.0000 0.0004 -0.0006 0.0000 0.0000 0.0001 0.0000 0.0000 0.0000 0.0000 -0.0010 -0.0002 0.0000 0.0002 30.0001 -0.0001 0.0005 -29.9998 0.0000 0.0000 0.0000 -2.2104 -3.3871 0.6740 -2.2104 -3.3871 0.6740 -23.4289 79.1939 81.6766 -41.3628 47.3075 -23.1612 -49.8467 11.7538 -77.0078 0.9606 1.2972 0.1498 0.0000 -0.0001 0.0001 0.0000 0.0000 0.0000 0.0000 -0.0006 0.0003 0.0000 -0.0001 0.0001 0.0000 0.0000 0.0000 0.0000 0.0000 0.0000 0.0000 0.0007 0.0001 0.0000 -0.0012 0.0001 0.0000 -0.0008 0.0003 0.0000 0.0001 0.0000 0.0000 0.0000 0.0000 0.0000 -0.0009 0.0000 0.0000 0.0002 -29.9997 -0.0001 -0.0003 29.9996 0.0000 0.0000 0.0000 10.3762 -13.4542 -178.2671 -1.0442 -52.6385 0.5984 178.4681 78.7611 174.2826 0.0000 26.9220 0.0000 -9.8546 -30.3656 172.2494 -0.0991 -47.6825 -0.0390 37.1569 77.1610 27.4276 0.0000 25.3508 -0.0001 
28.2359 83.2037 -37.2217 6.5659 -0.9430 -2.2769 1.4634 3.6874 0.2402 1.4652 3.6919 0.2406 1.4678 3.6985 0.2411 38.7750 76.3296 -62.2350 64.3161 47.2311 34.6156 36.2326 0.9074 73.8317 -0.8071 1.1709 0.2985 0.0000 0.0000 0.0001 0.0000 0.0000 0.0000 0.0000 -0.0013 -0.0008 0.0000 -0.0004 0.0001 0.0000 0.0000 0.0000 0.0000 0.0000 0.0000 0.0000 0.0002 0.0000 0.0000 -0.0006 0.0003 0.0000 0.0004 -0.0006 0.0000 0.0000 0.0001 0.0000 0.0000 0.0000 0.0000 -0.0010 -0.0002 0.0000 0.0002 30.0001 -0.0001 0.0005 -29.9998 0.0000 0.0000 0.0000 -2.2636 -3.3445 0.6338 -2.2636 -3.3445 0.6338 -24.1353 79.2710 80.9177 -41.3568 47.4022 -23.0888 -49.8091 11.7571 -76.9661 0.9557 1.2934 0.1409 0.0000 -0.0001 0.0001 0.0000 0.0000 0.0000 0.0000 -0.0006 0.0003 0.0000 -0.0001 0.0001 0.0000 0.0000 0.0000 0.0000 0.0000 0.0000 0.0000 0.0007 0.0001 0.0000 -0.0012 0.0001 0.0000 -0.0008 0.0003 0.0000 0.0001 0.0000 0.0000 0.0000 0.0000 0.0000 -0.0009 0.0000 0.0000 0.0002 -29.9997 -0.0001 -0.0003 29.9996 0.0000 0.0000 0.0000 10.4139 -12.9206 -178.5229 -0.9266 -50.4436 0.5184 177.7488 80.0202 173.7747 0.0000 26.6299 0.0000 -10.5789 -29.5515 172.8945 -0.0909 -45.4277 -0.0447 32.8329 76.7621 23.2150 0.0000 25.3508 -0.0001 
28.2330 83.9078 -37.4684 6.4235 -0.7259 -2.1437 1.5155 3.5457 0.2284 1.5172 3.5498 0.2287 1.5200 3.5564 0.2292 39.1515 76.5527 -61.8467 64.1278 47.4546 34.4758 36.1689 0.8365 73.9260 -0.8050 1.1653 0.2894 0.0000 0.0000 0.0001 0.0000 0.0000 0.0000 0.0000 -0.0013 -0.0008 0.0000 -0.0004 0.0001 0.0000 0.0000 0.0000 0.0000 0.0000 0.0000 0.0000 0.0002 0.0000 0.0000 -0.0006 0.0003 0.0000 0.0004 -0.0006 0.0000 0.0000 0.0001 0.0000 0.0000 0.0000 0.0000 -0.0010 -0.0002 0.0000 0.0002 30.0001 -0.0001 0.0005 -29.9998 0.0000 0.0000 0.0000 -2.3049 -3.2725 0.5770 -2.3049 -3.2725 0.5770 -24.9940 79.3374 79.9953 -41.3580 47.5018 -23.0085 -49.7838 11.7616 -76.9363 0.9509 1.2900 0.1300 0.0000 -0.0001 0.0001 0.0000 0.0000 0.0000 0.0000 -0.0006 0.0003 0.0000 -0.0001 0.0001 0.0000 0.0000 0.0000 0.0000 0.0000 0.0000 0.0000 0.0007 0.0001 0.0000 -0.0011 0.0001 0.0000 -0.0008 0.0003 0.0000 0.0001 0.0000 0.0000 0.0000 0.0000 0.0000 -0.0009 0.0000 0.0000 0.0002 -29.9996 -0.0001 -0.0003 29.9996 0.0000 0.0000 0.0000 10.3758 -12.1884 -178.8268 -0.8147 -48.0879 0.4455 176.7254 81.2385 173.1225 0.0000 26.4607 0.0000 -11.3872 -28.6515 173.5909 -0.0700 -42.9830 -0.0552 28.2899 76.2347 18.9002 0.0000 25.3508 -0.0001 
28.2453 84.6067 -37.7078 6.2569 -0.5077 -2.0064 1.5712 3.3950 0.2197 1.5729 3.3987 0.2200 1.5759 3.4053 0.2205 39.5537 76.7834 -61.4336 63.9329 47.7042 34.3193 36.0969 0.7525 74.0330 -0.8030 1.1595 0.2792 0.0000 0.0000 0.0001 0.0000 0.0000 0.0000 0.0000 -0.0013 -0.0008 0.0000 -0.0004 0.0001 0.0000 0.0000 0.0000 0.0000 0.0000 0.0000 0.0000 0.0002 -0.0001 0.0000 -0.0006 0.0003 0.0000 0.0004 -0.0006 0.0000 0.0000 0.0001 0.0000 0.0000 0.0000 0.0000 -0.0010 -0.0002 0.0000 0.0002 30.0001 -0.0001 0.0005 -29.9998 0.0000 0.0000 0.0000 -2.3349 -3.1804 0.5072 -2.3349 -3.1804 0.5072 -25.9225 79.3886 78.9979 -41.3676 47.5988 -22.9210 -49.7643 11.7742 -76.9137 0.9464 1.2871 0.1181 0.0000 -0.0001 0.0001 0.0000 0.0000 0.0000 0.0000 -0.0006 0.0003 0.0000 -0.0001 0.0001 0.0000 0.0000 0.0000 0.0000 0.0000 0.0000 0.0000 0.0007 0.0001 0.0000 -0.0012 0.0001 0.0000 -0.0008 0.0003 0.0000 0.0001 0.0000 0.0000 0.0000 0.0000 0.0000 -0.0009 0.0000 0.0000 0.0002 -29.9996 -0.0001 -0.0003 29.9996 0.0000 0.0000 0.0000 10.2285 -11.3613 -179.1709 -0.7196 -45.5726 0.3844 175.2301 82.5217 172.1574 0.0000 26.3967 0.0000 -12.2670 -27.7577 174.2927 -0.0570 -40.4624 -0.0617 23.8218 75.5563 14.7924 0.0000 25.3508 -0.0001 
28.2146 85.3618 -38.0638 6.0707 -0.2869 -1.8677 1.6300 3.2364 0.2135 1.6317 3.2397 0.2137 1.6350 3.2462 0.2143 39.9700 77.0163 -61.0010 63.7477 47.9653 34.1574 36.0065 0.6613 74.1479 -0.8008 1.1532 0.2685 0.0000 0.0000 0.0001 0.0000 0.0000 0.0000 0.0000 -0.0013 -0.0008 0.0000 -0.0004 0.0001 0.0000 0.0000 0.0000 0.0000 0.0000 0.0000 0.0000 0.0002 0.0000 0.0000 -0.0006 0.0003 0.0000 0.0004 -0.0006 0.0000 0.0000 0.0001 0.0000 0.0000 0.0000 0.0000 -0.0010 -0.0002 0.0000 0.0003 30.0001 -0.0001 0.0005 -29.9998 0.0000 0.0000 0.0000 -2.3556 -3.0733 0.4290 -2.3556 -3.0733 0.4290 -26.8927 79.4281 77.9561 -41.3854 47.6924 -22.8291 -49.7447 11.7965 -76.8973 0.9421 1.2845 0.1055 0.0000 -0.0001 0.0001 0.0000 0.0000 0.0000 0.0000 -0.0006 0.0003 0.0000 -0.0001 0.0001 0.0000 0.0000 0.0000 0.0000 0.0000 0.0000 0.0000 0.0007 0.0001 0.0000 -0.0012 0.0001 0.0000 -0.0008 0.0003 0.0000 0.0001 0.0000 0.0000 0.0000 0.0000 0.0000 -0.0009 0.0000 0.0000 0.0002 -29.9996 -0.0001 -0.0003 29.9996 0.0000 0.0000 0.0000 9.9645 -10.5600 -179.5329 -0.6283 -42.9186 0.3291 172.9533 83.9619 170.5602 0.0000 26.0937 0.0000 -13.2457 -26.8686 174.9996 -0.0500 -37.9010 -0.0656 19.5554 74.7577 11.0460 0.0000 25.3508 -0.0001 
28.1646 86.1040 -38.4426 5.8624 -0.0573 -1.7462 1.6915 3.0642 0.2126 1.6931 3.0671 0.2128 1.6966 3.0734 0.2133 40.4296 77.2439 -60.5106 63.5632 48.2485 33.9803 35.9025 0.5635 74.2699 -0.7992 1.1476 0.2580 0.0000 0.0000 0.0001 0.0000 0.0000 0.0000 0.0000 -0.0013 -0.0008 0.0000 -0.0004 0.0001 0.0000 0.0000 0.0000 0.0000 0.0000 0.0000 0.0000 0.0002 -0.0001 0.0000 -0.0006 0.0003 0.0000 0.0004 -0.0006 0.0000 0.0000 0.0001 0.0000 0.0000 0.0000 0.0000 -0.0010 -0.0002 0.0000 0.0002 30.0001 -0.0001 0.0005 -29.9998 0.0000 0.0000 0.0000 -2.3657 -2.9508 0.3468 -2.3657 -2.9508 0.3468 -27.9238 79.4642 76.8523 -41.4079 47.7892 -22.7396 -49.7195 11.8304 -76.8874 0.9378 1.2818 0.0930 0.0000 -0.0001 0.0001 0.0000 0.0000 0.0000 0.0000 -0.0006 0.0003 0.0000 -0.0001 0.0001 0.0000 0.0000 0.0000 0.0000 0.0000 0.0000 0.0000 0.0007 0.0001 0.0000 -0.0012 0.0001 0.0000 -0.0008 0.0003 0.0000 0.0001 0.0000 0.0000 0.0000 0.0000 0.0000 -0.0009 0.0000 0.0000 0.0002 -29.9996 -0.0001 -0.0003 29.9996 0.0000 0.0000 0.0000 9.5539 -9.6945 -179.8973 -0.5430 -40.0855 0.2803 168.9156 85.4969 167.3900 0.0000 25.9624 0.0000 -14.3829 -25.9616 175.7340 -0.0589 -35.2929 -0.0640 15.5130 73.8578 7.7286 0.0000 25.3507 -0.0001 
28.1028 86.8023 -38.7949 5.6510 0.1820 -1.6571 1.7510 2.8820 0.2186 1.7525 2.8846 0.2189 1.7563 2.8907 0.2194 40.9466 77.4615 -59.9459 63.3747 48.5394 33.7932 35.7831 0.4711 74.4072 -0.7986 1.1433 0.2478 0.0000 0.0000 0.0001 0.0000 0.0000 0.0000 0.0000 -0.0013 -0.0008 0.0000 -0.0004 0.0001 0.0000 0.0000 0.0000 0.0000 0.0000 0.0000 0.0000 0.0003 0.0000 0.0000 -0.0006 0.0003 0.0000 0.0004 -0.0006 0.0000 0.0000 0.0001 0.0000 0.0000 0.0000 0.0000 -0.0010 -0.0002 0.0000 0.0002 30.0001 -0.0001 0.0005 -29.9998 0.0000 0.0000 0.0000 -2.3693 -2.8203 0.2677 -2.3693 -2.8203 0.2677 -29.0331 79.5115 75.6691 -41.3986 47.8938 -22.6405 -49.6939 11.8712 -76.8907 0.9346 1.2802 0.0812 0.0000 -0.0001 0.0001 0.0000 0.0000 0.0000 0.0000 -0.0006 0.0003 0.0000 -0.0001 0.0001 0.0000 0.0000 0.0000 0.0000 0.0000 0.0000 0.0000 0.0007 0.0001 0.0000 -0.0011 0.0001 0.0000 -0.0008 0.0003 0.0000 0.0001 0.0000 0.0000 0.0000 0.0000 0.0000 -0.0008 0.0000 0.0000 0.0002 -29.9997 -0.0001 -0.0003 29.9996 0.0000 0.0000 0.0000 9.0252 -8.8199 179.7752 -0.4671 -37.2486 0.2397 160.7773 86.9860 160.2413 0.0000 25.8343 0.0000 -15.6864 -25.0111 176.5270 -0.0661 -32.6572 -0.0634 11.6408 72.8922 4.7661 0.0000 25.3508 -0.0001 
28.0270 87.4209 -39.0678 5.4499 0.4206 -1.5931 1.8074 2.6945 0.2316 1.8089 2.6967 0.2318 1.8129 2.7026 0.2324 41.5247 77.6819 -59.2985 63.1784 48.8304 33.5958 35.6667 0.3820 74.5598 -0.7981 1.1389 0.2386 0.0000 0.0000 0.0001 0.0000 0.0000 0.0000 0.0000 -0.0013 -0.0008 0.0000 -0.0004 0.0001 0.0000 0.0000 0.0000 0.0000 0.0000 0.0000 0.0000 0.0002 0.0000 0.0000 -0.0006 0.0003 0.0000 0.0004 -0.0006 0.0000 0.0000 0.0001 0.0000 0.0000 0.0000 0.0000 -0.0010 -0.0002 0.0000 0.0002 30.0001 -0.0001 0.0005 -29.9998 0.0000 0.0000 0.0000 -2.3728 -2.6848 0.1905 -2.3728 -2.6848 0.1905 -30.2630 79.5795 74.3691 -41.3413 48.0088 -22.5211 -49.6757 11.9193 -76.9115 0.9319 1.2789 0.0697 0.0000 -0.0001 0.0001 0.0000 0.0000 0.0000 0.0000 -0.0006 0.0003 0.0000 -0.0001 0.0001 0.0000 0.0000 0.0000 0.0000 0.0000 0.0000 0.0000 0.0007 0.0001 0.0000 -0.0012 0.0001 0.0000 -0.0008 0.0003 0.0000 0.0001 0.0000 0.0000 0.0000 0.0000 0.0000 -0.0009 0.0000 0.0000 0.0002 -29.9997 -0.0001 -0.0003 29.9996 0.0000 0.0000 0.0000 8.3728 -7.9256 179.4910 -0.3941 -34.4836 0.2047 0.5230 90.0000 0.0000 0.0000 25.7854 0.0000 -17.0091 -24.0069 177.3543 -0.0513 -29.9982 -0.0690 8.1353 71.8564 2.2337 0.0000 25.3508 -0.0001 
27.8325 87.9662 -39.3244 5.2818 0.6413 -1.5656 1.8548 2.5099 0.2534 1.8562 2.5118 0.2536 1.8604 2.5174 0.2543 42.1906 77.9025 -58.5369 62.9695 49.1082 33.3858 35.5557 0.2946 74.7311 -0.7979 1.1347 0.2316 0.0000 0.0000 0.0001 0.0000 0.0000 0.0000 0.0000 -0.0013 -0.0008 0.0000 -0.0004 0.0001 0.0000 0.0000 0.0000 0.0000 0.0000 0.0000 0.0000 0.0002 0.0000 0.0000 -0.0006 0.0003 0.0000 0.0004 -0.0006 0.0000 0.0000 0.0001 0.0000 0.0000 0.0000 0.0000 -0.0010 -0.0002 0.0000 0.0002 30.0001 -0.0001 0.0005 -29.9998 0.0000 0.0000 0.0000 -2.3799 -2.5518 0.1214 -2.3799 -2.5518 0.1214 -31.6363 79.6754 72.9401 -41.2119 48.1387 -22.3712 -49.6707 11.9695 -76.9619 0.9307 1.2787 0.0596 0.0000 -0.0001 0.0001 0.0000 0.0000 0.0000 0.0000 -0.0006 0.0003 0.0000 -0.0001 0.0001 0.0000 0.0000 0.0000 0.0000 0.0000 0.0000 0.0000 0.0007 0.0001 0.0000 -0.0011 0.0001 0.0000 -0.0008 0.0003 0.0000 0.0001 0.0000 0.0000 0.0000 0.0000 0.0000 -0.0009 0.0000 0.0000 0.0002 -29.9997 -0.0001 -0.0003 29.9996 0.0000 0.0000 0.0000 7.6611 -7.1418 179.3336 -0.2934 -31.9577 0.1665 -0.5292 90.0000 0.0000 0.0000 25.7136 0.0000 -17.1537 -22.9043 178.0211 0.0586 -27.3285 -0.0969 6.6645 70.7355 0.7711 0.0000 25.3508 -0.0001 
27.5661 88.4533 -39.5768 5.1560 0.8292 -1.5710 1.8893 2.3413 0.2809 1.8906 2.3430 0.2812 1.8950 2.3484 0.2819 42.8966 78.1076 -57.7302 62.7480 49.3676 33.1647 35.4676 0.2098 74.9056 -0.7982 1.1312 0.2267 0.0000 0.0000 0.0001 0.0000 0.0000 0.0000 0.0000 -0.0013 -0.0008 0.0000 -0.0004 0.0001 0.0000 0.0000 0.0000 0.0000 0.0000 0.0000 0.0000 0.0002 0.0000 0.0000 -0.0006 0.0003 0.0000 0.0004 -0.0006 0.0000 0.0000 0.0001 0.0000 0.0000 0.0000 0.0000 -0.0010 -0.0002 0.0000 0.0002 30.0001 -0.0001 0.0005 -29.9998 0.0000 0.0000 0.0000 -2.3895 -2.4344 0.0638 -2.3895 -2.4344 0.0638 -33.0514 79.7817 71.4896 -41.0443 48.2762 -22.2151 -49.6692 12.0077 -77.0255 0.9306 1.2794 0.0513 0.0000 -0.0001 0.0001 0.0000 0.0000 0.0000 0.0000 -0.0006 0.0003 0.0000 -0.0001 0.0001 0.0000 0.0000 0.0000 0.0000 0.0000 0.0000 0.0000 0.0007 0.0001 0.0000 -0.0012 0.0001 0.0000 -0.0008 0.0003 0.0000 0.0001 0.0000 0.0000 0.0000 0.0000 0.0000 -0.0009 0.0000 0.0000 0.0002 -29.9997 -0.0001 -0.0003 29.9996 0.0000 0.0000 0.0000 6.2806 -6.4640 179.1868 -0.2390 -29.6837 0.1459 -2.3517 90.0000 0.0000 0.0000 25.5152 0.0000 -17.0215 -21.7602 178.6515 0.1682 -24.6845 -0.1194 5.6662 69.6224 -0.4944 0.0000 25.3508 -0.0001 
27.2873 88.8880 -39.8163 5.0746 0.9781 -1.5991 1.9099 2.1959 0.3105 1.9112 2.1974 0.3107 1.9157 2.2026 0.3115 43.5742 78.2878 -56.9583 62.5354 49.5930 32.9488 35.3959 0.1335 75.0711 -0.7986 1.1282 0.2235 0.0000 0.0000 0.0001 0.0000 0.0000 0.0000 0.0000 -0.0013 -0.0008 0.0000 -0.0004 0.0001 0.0000 0.0000 0.0000 0.0000 0.0000 0.0000 0.0000 0.0002 -0.0001 0.0000 -0.0006 0.0003 0.0000 0.0004 -0.0006 0.0000 0.0000 0.0001 0.0000 0.0000 0.0000 0.0000 -0.0010 -0.0002 0.0000 0.0002 30.0001 -0.0001 0.0005 -29.9998 0.0000 0.0000 0.0000 -2.4015 -2.3414 0.0196 -2.4015 -2.3414 0.0196 -34.4282 79.8861 70.1012 -40.8609 48.4146 -22.0672 -49.6652 12.0337 -77.0888 0.9314 1.2807 0.0451 0.0000 -0.0001 0.0001 0.0000 0.0000 0.0000 0.0000 -0.0006 0.0003 0.0000 -0.0001 0.0001 0.0000 0.0000 0.0000 0.0000 0.0000 0.0000 0.0000 0.0007 0.0001 0.0000 -0.0011 0.0001 0.0000 -0.0008 0.0003 0.0000 0.0001 0.0000 0.0000 0.0000 0.0000 0.0000 -0.0009 0.0000 0.0000 0.0002 -29.9997 -0.0001 -0.0003 29.9996 0.0000 0.0000 0.0000 4.4304 -5.8716 179.0450 -0.2191 -27.6704 0.1365 13.6436 87.3461 18.9898 0.0000 25.1631 0.0000 -16.4796 -20.5793 179.1948 0.2583 -22.1177 -0.1330 5.3232 68.5629 -1.5123 0.0000 25.3508 -0.0001 
27.1140 89.2123 -40.0585 5.0604 1.0560 -1.6313 1.9086 2.0963 0.3340 1.9098 2.0977 0.3343 1.9143 2.1027 0.3351 44.0545 78.4288 -56.4175 62.3778 49.7340 32.7746 35.3354 0.0807 75.1980 -0.7986 1.1255 0.2220 0.0000 0.0000 0.0001 0.0000 0.0000 0.0000 0.0000 -0.0013 -0.0008 0.0000 -0.0004 0.0001 0.0000 0.0000 0.0000 0.0000 0.0000 0.0000 0.0000 0.0002 0.0000 0.0000 -0.0006 0.0003 0.0000 0.0004 -0.0006 0.0000 0.0000 0.0001 0.0000 0.0000 0.0000 0.0000 -0.0010 -0.0002 0.0000 0.0003 30.0001 -0.0001 0.0005 -29.9998 0.0000 0.0000 0.0000 -2.4169 -2.2988 -0.0029 -2.4169 -2.2988 -0.0029 -35.6001 79.9745 68.9604 -40.6978 48.5363 -21.9554 -49.6415 12.0419 -77.1325 0.9329 1.2826 0.0421 0.0000 -0.0001 0.0001 0.0000 0.0000 0.0000 0.0000 -0.0006 0.0003 0.0000 -0.0001 0.0001 0.0000 0.0000 0.0000 0.0000 0.0000 0.0000 0.0000 0.0007 0.0001 0.0000 -0.0012 0.0001 0.0000 -0.0008 0.0003 0.0000 0.0001 0.0000 0.0000 0.0000 0.0000 0.0000 -0.0009 0.0000 0.0000 0.0002 -29.9997 -0.0001 -0.0003 29.9996 0.0000 0.0000 0.0000 3.0843 -5.3916 178.9561 -0.2077 -26.0871 0.1307 6.5032 86.4494 13.2624 0.0000 25.0216 0.0000 -15.4344 -19.5145 179.5733 0.3145 -19.7831 -0.1374 5.7457 67.5326 -2.2895 0.0000 25.3508 -0.0001 
27.0209 89.4474 -40.3238 5.0843 1.0720 -1.6390 1.8918 2.0430 0.3428 1.8929 2.0442 0.3430 1.8975 2.0491 0.3439 44.2570 78.5293 -56.2051 62.2821 49.7911 32.6578 35.2783 0.0571 75.2651 -0.7982 1.1235 0.2208 0.0000 0.0000 0.0001 0.0000 0.0000 0.0000 0.0000 -0.0013 -0.0008 0.0000 -0.0004 0.0001 0.0000 0.0000 0.0000 0.0000 0.0000 0.0000 0.0000 0.0002 0.0000 0.0000 -0.0006 0.0003 0.0000 0.0004 -0.0006 0.0000 0.0000 0.0001 0.0000 0.0000 0.0000 0.0000 -0.0010 -0.0002 0.0000 0.0003 30.0001 -0.0001 0.0005 -29.9998 0.0000 0.0000 0.0000 -2.4326 -2.3129 -0.0056 -2.4326 -2.3129 -0.0056 -36.3946 80.0288 68.2354 -40.6042 48.6244 -21.9015 -49.5828 12.0277 -77.1413 0.9349 1.2851 0.0421 0.0000 -0.0001 0.0001 0.0000 0.0000 0.0000 0.0000 -0.0006 0.0003 0.0000 -0.0001 0.0001 0.0000 0.0000 0.0000 0.0000 0.0000 0.0000 0.0000 0.0007 0.0001 0.0000 -0.0012 0.0001 0.0000 -0.0008 0.0003 0.0000 0.0001 0.0000 0.0000 0.0000 0.0000 0.0000 -0.0008 0.0000 0.0000 0.0002 -29.9996 -0.0001 -0.0003 29.9996 0.0000 0.0000 0.0000 2.1230 -5.0416 178.8738 -0.2033 -24.9021 0.1275 3.1410 85.7282 10.8452 0.0000 25.0214 0.0000 -13.7650 -18.6805 179.7572 0.3540 -17.7942 -0.1379 6.9304 66.5511 -2.9075 0.0000 25.3508 -0.0001 
26.9758 89.6129 -40.6279 5.1272 1.0369 -1.6151 1.8646 2.0298 0.3356 1.8657 2.0311 0.3359 1.8702 2.0360 0.3367 44.2008 78.5947 -56.3049 62.2456 49.7763 32.6007 35.2225 0.0585 75.2682 -0.7975 1.1225 0.2196 0.0000 0.0000 0.0001 0.0000 0.0000 0.0000 0.0000 -0.0013 -0.0008 0.0000 -0.0004 0.0001 0.0000 0.0000 0.0000 0.0000 0.0000 0.0000 0.0000 0.0002 0.0000 0.0000 -0.0006 0.0003 0.0000 0.0004 -0.0006 0.0000 0.0000 0.0001 0.0000 0.0000 0.0000 0.0000 -0.0010 -0.0002 0.0000 0.0002 30.0001 -0.0001 0.0005 -29.9998 0.0000 0.0000 0.0000 -2.4478 -2.3787 0.0050 -2.4478 -2.3787 0.0050 -36.8055 80.0504 67.9264 -40.5868 48.6797 -21.9092 -49.4918 11.9920 -77.1099 0.9368 1.2877 0.0447 0.0000 -0.0001 0.0001 0.0000 0.0000 0.0000 0.0000 -0.0006 0.0003 0.0000 -0.0001 0.0001 0.0000 0.0000 0.0000 0.0000 0.0000 0.0000 0.0000 0.0007 0.0001 0.0000 -0.0011 0.0001 0.0000 -0.0008 0.0003 0.0000 0.0001 0.0000 0.0000 0.0000 0.0000 0.0000 -0.0009 0.0000 0.0000 0.0002 -29.9997 -0.0001 -0.0003 29.9996 0.0000 0.0000 0.0000 1.4545 -4.8116 178.7833 -0.1995 -24.0383 0.1251 1.1104 85.1499 9.4094 0.0000 25.3510 0.0000 -11.5902 -18.0922 179.7535 0.3756 -16.1246 -0.1357 8.7001 65.5803 -3.4191 0.0000 25.3508 -0.0001 
26.9617 89.7125 -40.9648 5.1777 0.9440 -1.5327 1.8304 2.0685 0.3038 1.8314 2.0698 0.3040 1.8359 2.0748 0.3048 43.8117 78.6195 -56.8089 62.2914 49.6714 32.6371 35.1577 0.0918 75.1733 -0.7958 1.1219 0.2176 0.0000 0.0000 0.0001 0.0000 0.0000 0.0000 0.0000 -0.0013 -0.0008 0.0000 -0.0004 0.0001 0.0000 0.0000 0.0000 0.0000 0.0000 0.0000 0.0000 0.0003 0.0000 0.0000 -0.0006 0.0003 0.0000 0.0004 -0.0006 0.0000 0.0000 0.0001 0.0000 0.0000 0.0000 0.0000 -0.0010 -0.0002 0.0000 0.0002 30.0001 -0.0001 0.0005 -29.9998 0.0000 0.0000 0.0000 -2.4656 -2.5162 0.0232 -2.4656 -2.5162 0.0232 -36.7212 80.0353 68.1453 -40.6521 48.7008 -21.9961 -49.3613 11.9366 -77.0111 0.9387 1.2907 0.0508 0.0000 -0.0001 0.0001 0.0000 0.0000 0.0000 0.0000 -0.0006 0.0003 0.0000 -0.0001 0.0001 0.0000 0.0000 0.0000 0.0000 0.0000 0.0000 0.0000 0.0007 0.0001 0.0000 -0.0011 0.0001 0.0000 -0.0008 0.0003 0.0000 0.0001 0.0000 0.0000 0.0000 0.0000 0.0000 -0.0009 0.0000 0.0000 0.0002 -29.9997 -0.0001 -0.0003 29.9996 0.0000 0.0000 0.0000 1.1039 -4.7205 178.6635 -0.1824 -23.5529 0.1207 -0.4524 84.7410 8.0799 0.0000 25.3510 0.0000 -11.8856 -17.7211 -179.9721 0.3515 -14.8929 -0.1285 7.5852 64.7855 -4.5283 0.0000 25.3508 -0.0001 
26.9849 89.7823 -41.3881 5.2172 0.8216 -1.3996 1.7972 2.1379 0.2554 1.7982 2.1393 0.2556 1.8026 2.1444 0.2563 43.2475 78.6346 -57.5295 62.3692 49.5248 32.7312 35.0752 0.1437 75.0116 -0.7936 1.1221 0.2142 0.0000 0.0000 0.0001 0.0000 0.0000 0.0000 0.0000 -0.0013 -0.0008 0.0000 -0.0004 0.0001 0.0000 0.0000 0.0000 0.0000 0.0000 0.0000 0.0000 0.0002 0.0000 0.0000 -0.0006 0.0003 0.0000 0.0004 -0.0006 0.0000 0.0000 0.0001 0.0000 0.0000 0.0000 0.0000 -0.0010 -0.0002 0.0000 0.0003 30.0001 -0.0001 0.0005 -29.9998 0.0000 0.0000 0.0000 -2.4850 -2.6995 0.0365 -2.4850 -2.6995 0.0365 -36.3960 80.0099 68.6027 -40.7397 48.7189 -22.1230 -49.2095 11.8748 -76.8585 0.9403 1.2942 0.0588 0.0000 -0.0001 0.0001 0.0000 0.0000 0.0000 0.0000 -0.0006 0.0003 0.0000 -0.0001 0.0001 0.0000 0.0000 0.0000 0.0000 0.0000 0.0000 0.0000 0.0007 0.0001 0.0000 -0.0012 0.0001 0.0000 -0.0008 0.0003 0.0000 0.0001 0.0000 0.0000 0.0000 0.0000 0.0000 -0.0009 0.0000 0.0000 0.0002 -29.9997 -0.0001 -0.0003 29.9996 0.0000 0.0000 0.0000 0.8872 -4.7535 178.4754 -0.1593 -23.2718 0.1155 -1.6691 84.3566 6.9815 0.0000 25.3510 0.0000 -12.2124 -17.4729 -179.8053 0.3272 -13.9527 -0.1226 6.5984 64.0709 -5.4148 0.0000 25.3508 -0.0001 
27.0629 89.8289 -41.9067 5.2329 0.6812 -1.2356 1.7684 2.2249 0.1997 1.7695 2.2263 0.1998 1.7737 2.2316 0.2004 42.6262 78.6500 -58.3357 62.4459 49.3749 32.8539 34.9836 0.1999 74.8199 -0.7917 1.1232 0.2087 0.0000 0.0000 0.0001 0.0000 0.0000 0.0000 0.0000 -0.0013 -0.0008 0.0000 -0.0004 0.0001 0.0000 0.0000 0.0000 0.0000 0.0000 0.0000 0.0000 0.0002 0.0000 0.0000 -0.0006 0.0003 0.0000 0.0004 -0.0006 0.0000 0.0000 0.0001 0.0000 0.0000 0.0000 0.0000 -0.0010 -0.0002 0.0000 0.0002 30.0001 -0.0001 0.0005 -29.9998 0.0000 0.0000 0.0000 -2.5033 -2.9083 0.0363 -2.5033 -2.9083 0.0363 -35.9507 79.9760 69.1623 -40.8373 48.7326 -22.2627 -49.0405 11.8049 -76.6731 0.9418 1.2982 0.0668 0.0000 -0.0001 0.0001 0.0000 0.0000 0.0000 0.0000 -0.0006 0.0003 0.0000 -0.0001 0.0001 0.0000 0.0000 0.0000 0.0000 0.0000 0.0000 0.0000 0.0007 0.0001 0.0000 -0.0012 0.0001 0.0000 -0.0008 0.0003 0.0000 0.0001 0.0000 0.0000 0.0000 0.0000 0.0000 -0.0009 0.0000 0.0000 0.0002 -29.9996 -0.0001 -0.0003 29.9996 0.0000 0.0000 0.0000 0.7144 -4.8974 178.2123 -0.1391 -23.1269 0.1111 -2.4542 83.9581 6.3212 0.0000 25.3510 0.0000 -12.5909 -17.3410 -179.6901 0.3120 -13.2619 -0.1188 5.6215 63.4386 -6.1767 0.0000 25.3508 -0.0001 
27.2411 89.8542 -42.5271 5.1993 0.5423 -1.0475 1.7505 2.3138 0.1395 1.7516 2.3154 0.1396 1.7558 2.3208 0.1401 42.1356 78.6762 -59.0307 62.4938 49.2745 32.9776 34.8850 0.2312 74.6369 -0.7905 1.1249 0.2009 0.0000 0.0000 0.0001 0.0000 0.0000 0.0000 0.0000 -0.0013 -0.0008 0.0000 -0.0004 0.0001 0.0000 0.0000 0.0000 0.0000 0.0000 0.0000 0.0000 0.0002 0.0000 0.0000 -0.0006 0.0003 0.0000 0.0004 -0.0006 0.0000 0.0000 0.0001 0.0000 0.0000 0.0000 0.0000 -0.0010 -0.0002 0.0000 0.0002 30.0001 -0.0001 0.0005 -29.9998 0.0000 0.0000 0.0000 -2.5168 -3.1217 0.0094 -2.5168 -3.1217 0.0094 -35.4622 79.9572 69.7289 -40.9193 48.7351 -22.3869 -48.8606 11.7275 -76.4775 0.9431 1.3025 0.0733 0.0000 -0.0001 0.0001 0.0000 0.0000 0.0000 0.0000 -0.0006 0.0003 0.0000 -0.0001 0.0001 0.0000 0.0000 0.0000 0.0000 0.0000 0.0000 0.0000 0.0007 0.0001 0.0000 -0.0012 0.0001 0.0000 -0.0008 0.0003 0.0000 0.0001 0.0000 0.0000 0.0000 0.0000 0.0000 -0.0009 0.0000 0.0000 0.0002 -29.9996 -0.0001 -0.0003 29.9996 0.0000 0.0000 0.0000 0.5472 -5.1809 177.8393 -0.1381 -23.1248 0.1109 -2.4657 83.5422 6.5269 0.0000 25.3510 0.0000 -12.9927 -17.3844 -179.6198 0.3135 -12.8901 -0.1180 4.6595 62.9379 -6.7971 0.0000 25.3508 -0.0001 
27.4445 89.8577 -43.0857 5.1298 0.4237 -0.8626 1.7412 2.3852 0.0843 1.7423 2.3869 0.0844 1.7464 2.3925 0.0846 41.8640 78.7247 -59.4965 62.5050 49.2436 33.0708 34.7846 0.2259 74.5055 -0.7901 1.1266 0.1916 0.0000 0.0000 0.0001 0.0000 0.0000 0.0000 0.0000 -0.0013 -0.0008 0.0000 -0.0004 0.0001 0.0000 0.0000 0.0000 0.0000 0.0000 0.0000 0.0000 0.0002 0.0000 0.0000 -0.0006 0.0003 0.0000 0.0004 -0.0006 0.0000 0.0000 0.0001 0.0000 0.0000 0.0000 0.0000 -0.0010 -0.0002 0.0000 0.0002 30.0001 -0.0001 0.0005 -29.9998 0.0000 0.0000 0.0000 -2.5240 -3.3081 -0.0417 -2.5240 -3.3081 -0.0417 -35.1140 79.9692 70.1105 -40.9435 48.7424 -22.4478 -48.6970 11.6581 -76.3126 0.9440 1.3063 0.0773 0.0000 -0.0001 0.0001 0.0000 0.0000 0.0000 0.0000 -0.0006 0.0003 0.0000 -0.0001 0.0001 0.0000 0.0000 0.0000 0.0000 0.0000 0.0000 0.0000 0.0007 0.0001 0.0000 -0.0012 0.0001 0.0000 -0.0008 0.0003 0.0000 0.0001 0.0000 0.0000 0.0000 0.0000 0.0000 -0.0008 0.0000 0.0000 0.0002 -29.9997 -0.0001 -0.0003 29.9996 0.0000 0.0000 0.0000 0.3580 -5.4848 177.4468 -0.1446 -23.2033 0.1124 -2.3845 83.1828 6.9086 0.0000 25.3510 0.0000 -13.3025 -17.5486 -179.6109 0.3162 -12.7191 -0.1178 3.9019 62.5355 -7.2277 0.0000 25.3508 -0.0001 
27.6205 89.8410 -43.5484 5.0318 0.3284 -0.6884 1.7386 2.4355 0.0359 1.7398 2.4372 0.0360 1.7439 2.4429 0.0362 41.7972 78.7981 -59.7382 62.4800 49.2738 33.1288 34.6876 0.1872 74.4352 -0.7901 1.1276 0.1814 0.0000 0.0000 0.0001 0.0000 0.0000 0.0000 0.0000 -0.0013 -0.0008 0.0000 -0.0004 0.0001 0.0000 0.0000 0.0000 0.0000 0.0000 0.0000 0.0000 0.0002 0.0000 0.0000 -0.0006 0.0003 0.0000 0.0004 -0.0006 0.0000 0.0000 0.0001 0.0000 0.0000 0.0000 0.0000 -0.0010 -0.0002 0.0000 0.0002 30.0001 -0.0001 0.0005 -29.9998 0.0000 0.0000 0.0000 -2.5225 -3.4589 -0.1092 -2.5225 -3.4589 -0.1092 -34.9488 80.0050 70.2654 -40.9042 48.7640 -22.4311 -48.5601 11.5979 -76.1877 0.9448 1.3097 0.0787 0.0000 -0.0001 0.0001 0.0000 0.0000 0.0000 0.0000 -0.0006 0.0003 0.0000 -0.0001 0.0001 0.0000 0.0000 0.0000 0.0000 0.0000 0.0000 0.0000 0.0007 0.0001 0.0000 -0.0012 0.0001 0.0000 -0.0008 0.0003 0.0000 0.0001 0.0000 0.0000 0.0000 0.0000 0.0000 -0.0008 0.0000 0.0000 0.0002 -29.9996 -0.0001 -0.0003 29.9996 0.0000 0.0000 0.0000 0.1691 -5.7905 177.0864 -0.1498 -23.3627 0.1136 -2.5376 82.9027 7.0914 0.0000 25.3510 0.0000 -13.4948 -17.8010 -179.6669 0.3160 -12.6696 -0.1177 3.3730 62.1897 -7.4855 0.0000 25.3508 -0.0001 
27.7094 89.8105 -43.8918 4.8989 0.2623 -0.5413 1.7441 2.4553 -0.0026 1.7453 2.4570 -0.0026 1.7493 2.4627 -0.0025 42.0376 78.8910 -59.6411 62.3945 49.3719 33.1335 34.6224 0.1113 74.4627 -0.7916 1.1287 0.1711 0.0000 0.0000 0.0001 0.0000 0.0000 0.0000 0.0000 -0.0013 -0.0008 0.0000 -0.0004 0.0001 0.0000 0.0000 0.0000 0.0000 0.0000 0.0000 0.0000 0.0002 0.0000 0.0000 -0.0006 0.0003 0.0000 0.0004 -0.0006 0.0000 0.0000 0.0001 0.0000 0.0000 0.0000 0.0000 -0.0010 -0.0002 0.0000 0.0003 30.0001 -0.0001 0.0005 -29.9998 0.0000 0.0000 0.0000 -2.5077 -3.5508 -0.1955 -2.5077 -3.5508 -0.1955 -35.0016 80.0493 70.1532 -40.8072 48.8091 -22.2954 -48.4696 11.5466 -76.1363 0.9452 1.3116 0.0769 0.0000 -0.0001 0.0001 0.0000 0.0000 0.0000 0.0000 -0.0006 0.0003 0.0000 -0.0001 0.0001 0.0000 0.0000 0.0000 0.0000 0.0000 0.0000 0.0000 0.0007 0.0001 0.0000 -0.0012 0.0001 0.0000 -0.0008 0.0003 0.0000 0.0001 0.0000 0.0000 0.0000 0.0000 0.0000 -0.0008 0.0000 0.0000 0.0002 -29.9996 -0.0001 -0.0003 29.9996 0.0000 0.0000 0.0000 0.0443 -6.1027 176.8251 -0.1445 -23.6370 0.1129 -3.0885 82.7425 6.8410 0.0000 25.3510 0.0000 -13.5194 -18.1461 -179.7771 0.3219 -12.7352 -0.1185 3.0964 61.8960 -7.5842 0.0000 25.3508 -0.0001 
27.7663 89.7747 -44.2028 4.7646 0.2122 -0.4179 1.7514 2.4579 -0.0377 1.7526 2.4596 -0.0376 1.7566 2.4653 -0.0376 42.4475 78.9769 -59.3465 62.3015 49.4733 33.1182 34.5842 0.0183 74.5506 -0.7937 1.1295 0.1631 0.0000 0.0000 0.0001 0.0000 0.0000 0.0000 0.0000 -0.0013 -0.0008 0.0000 -0.0004 0.0001 0.0000 0.0000 0.0000 0.0000 0.0000 0.0000 0.0000 0.0002 0.0000 0.0000 -0.0006 0.0003 0.0000 0.0004 -0.0006 0.0000 0.0000 0.0001 0.0000 0.0000 0.0000 0.0000 -0.0010 -0.0002 0.0000 0.0002 30.0001 -0.0001 0.0005 -29.9998 0.0000 0.0000 0.0000 -2.4890 -3.6005 -0.2845 -2.4890 -3.6005 -0.2845 -35.1401 80.0855 69.9449 -40.6924 48.8793 -22.0794 -48.4077 11.5040 -76.1499 0.9453 1.3119 0.0749 0.0000 -0.0001 0.0001 0.0000 0.0000 0.0000 0.0000 -0.0006 0.0003 0.0000 -0.0001 0.0001 0.0000 0.0000 0.0000 0.0000 0.0000 0.0000 0.0000 0.0007 0.0001 0.0000 -0.0012 0.0001 0.0000 -0.0008 0.0003 0.0000 0.0001 0.0000 0.0000 0.0000 0.0000 0.0000 -0.0009 0.0000 0.0000 0.0002 -29.9996 -0.0001 -0.0003 29.9996 0.0000 0.0000 0.0000 0.0358 -6.4377 176.6286 -0.1393 -23.9778 0.1122 -3.5342 82.6446 6.5726 0.0000 25.2727 0.0000 -13.4014 -18.5129 -179.9271 0.3320 -12.8495 -0.1200 3.0477 61.6388 -7.5662 0.0000 25.3508 -0.0001 
27.8320 89.7359 -44.4966 4.6530 0.1626 -0.3209 1.7565 2.4531 -0.0673 1.7577 2.4549 -0.0673 1.7617 2.4606 -0.0673 42.9038 79.0550 -58.9785 62.2226 49.5410 33.1013 34.5639 -0.0713 74.6715 -0.7959 1.1299 0.1578 0.0000 0.0000 0.0001 0.0000 0.0000 0.0000 0.0000 -0.0013 -0.0008 0.0000 -0.0004 0.0001 0.0000 0.0000 0.0000 0.0000 0.0000 0.0000 0.0000 0.0002 0.0000 0.0000 -0.0006 0.0003 0.0000 0.0004 -0.0006 0.0000 0.0000 0.0001 0.0000 0.0000 0.0000 0.0000 -0.0010 -0.0002 0.0000 0.0002 30.0001 -0.0001 0.0005 -29.9998 0.0000 0.0000 0.0000 -2.4724 -3.6200 -0.3709 -2.4724 -3.6200 -0.3709 -35.3607 80.1103 69.6583 -40.5665 48.9872 -21.8031 -48.3574 11.4663 -76.2080 0.9452 1.3105 0.0742 0.0000 -0.0001 0.0001 0.0000 0.0000 0.0000 0.0000 -0.0006 0.0003 0.0000 -0.0001 0.0001 0.0000 0.0000 0.0000 0.0000 0.0000 0.0000 0.0000 0.0007 0.0001 0.0000 -0.0012 0.0001 0.0000 -0.0008 0.0003 0.0000 0.0001 0.0000 0.0000 0.0000 0.0000 0.0000 -0.0009 0.0000 0.0000 0.0002 -29.9997 -0.0001 -0.0003 29.9996 0.0000 0.0000 0.0000 0.1509 -6.7685 176.4707 -0.1408 -24.3494 0.1130 -3.5977 82.5816 6.5350 0.0000 25.3776 0.0000 -13.1710 -18.8700 179.8826 0.3404 -13.0071 -0.1214 3.2285 61.4174 -7.4330 0.0000 25.3508 -0.0001 
27.9304 89.6882 -44.7582 4.6067 0.1024 -0.2711 1.7536 2.4497 -0.0845 1.7548 2.4514 -0.0845 1.7589 2.4571 -0.0846 43.2728 79.1149 -58.6617 62.1721 49.5217 33.1030 34.5776 -0.1295 74.8003 -0.7976 1.1297 0.1569 0.0000 0.0000 0.0001 0.0000 0.0000 0.0000 0.0000 -0.0013 -0.0008 0.0000 -0.0004 0.0001 0.0000 0.0000 0.0000 0.0000 0.0000 0.0000 0.0000 0.0002 -0.0001 0.0000 -0.0006 0.0003 0.0000 0.0004 -0.0006 0.0000 0.0000 0.0001 0.0000 0.0000 0.0000 0.0000 -0.0010 -0.0002 0.0000 0.0002 30.0001 -0.0001 0.0005 -29.9998 0.0000 0.0000 0.0000 -2.4686 -3.6152 -0.4492 -2.4686 -3.6152 -0.4492 -35.6943 80.1082 69.2825 -40.4315 49.1694 -21.4689 -48.2939 11.4219 -76.2868 0.9458 1.3087 0.0772 0.0000 -0.0001 0.0001 0.0000 0.0000 0.0000 0.0000 -0.0006 0.0003 0.0000 -0.0001 0.0001 0.0000 0.0000 0.0000 0.0000 0.0000 0.0000 0.0000 0.0007 0.0001 0.0000 -0.0012 0.0001 0.0000 -0.0008 0.0003 0.0000 0.0001 0.0000 0.0000 0.0000 0.0000 0.0000 -0.0008 0.0000 0.0000 0.0002 -29.9996 -0.0001 -0.0003 29.9996 0.0000 0.0000 0.0000 0.4450 -7.0631 176.3620 -0.1465 -24.7437 0.1148 -2.8670 82.5610 7.0556 0.0000 25.5066 0.0000 -12.8699 -19.1945 179.6687 0.3441 -13.2110 -0.1224 3.6486 61.2246 -7.1893 0.0000 25.3508 -0.0001 
28.0419 89.6392 -45.0085 4.6282 0.0293 -0.2562 1.7438 2.4550 -0.0957 1.7450 2.4568 -0.0958 1.7490 2.4624 -0.0959 43.5136 79.1433 -58.4494 62.1483 49.4222 33.1323 34.6322 -0.1566 74.9047 -0.7990 1.1296 0.1601 0.0000 0.0000 0.0001 0.0000 0.0000 0.0000 0.0000 -0.0013 -0.0008 0.0000 -0.0004 0.0001 0.0000 0.0000 0.0000 0.0000 0.0000 0.0000 0.0000 0.0002 0.0000 0.0000 -0.0006 0.0003 0.0000 0.0004 -0.0006 0.0000 0.0000 0.0001 0.0000 0.0000 0.0000 0.0000 -0.0010 -0.0002 0.0000 0.0003 30.0001 -0.0001 0.0005 -29.9998 0.0000 0.0000 0.0000 -2.4859 -3.6077 -0.5091 -2.4859 -3.6077 -0.5091 -36.0271 80.0922 68.9474 -40.3077 49.4077 -21.1268 -48.1865 11.3547 -76.3505 0.9468 1.3069 0.0846 0.0000 -0.0001 0.0001 0.0000 0.0000 0.0000 0.0000 -0.0006 0.0003 0.0000 -0.0001 0.0001 0.0000 0.0000 0.0000 0.0000 0.0000 0.0000 0.0000 0.0007 0.0001 0.0000 -0.0012 0.0001 0.0000 -0.0008 0.0003 0.0000 0.0001 0.0000 0.0000 0.0000 0.0000 0.0000 -0.0009 0.0000 0.0000 0.0002 -29.9997 -0.0001 -0.0003 29.9996 0.0000 0.0000 0.0000 0.8237 -7.3561 176.2883 -0.1421 -25.1881 0.1144 -1.5485 82.5640 8.0443 0.0000 25.5923 0.0000 -12.5928 -19.4596 179.4838 0.3505 -13.3788 -0.1237 4.1016 61.0155 -6.9704 0.0000 25.3508 -0.0001 
28.1537 89.5912 -45.2644 4.7198 -0.0565 -0.2742 1.7252 2.4685 -0.1005 1.7264 2.4702 -0.1006 1.7304 2.4759 -0.1007 43.6314 79.1424 -58.3447 62.1605 49.2531 33.2003 34.7199 -0.1495 74.9815 -0.7998 1.1294 0.1663 0.0000 0.0000 0.0001 0.0000 0.0000 0.0000 0.0000 -0.0013 -0.0008 0.0000 -0.0004 0.0001 0.0000 0.0000 0.0000 0.0000 0.0000 0.0000 0.0000 0.0002 0.0000 0.0000 -0.0006 0.0003 0.0000 0.0004 -0.0006 0.0000 0.0000 0.0001 0.0000 0.0000 0.0000 0.0000 -0.0010 -0.0002 0.0000 0.0002 30.0001 -0.0001 0.0005 -29.9998 0.0000 0.0000 0.0000 -2.5268 -3.6012 -0.5509 -2.5268 -3.6012 -0.5509 -36.3591 80.0777 68.6542 -40.1928 49.6809 -20.7907 -48.0257 11.2634 -76.3963 0.9485 1.3054 0.0958 0.0000 -0.0001 0.0001 0.0000 0.0000 0.0000 0.0000 -0.0006 0.0003 0.0000 -0.0001 0.0001 0.0000 0.0000 0.0000 0.0000 0.0000 0.0000 0.0000 0.0007 0.0001 0.0000 -0.0012 0.0001 0.0000 -0.0008 0.0003 0.0000 0.0001 0.0000 0.0000 0.0000 0.0000 0.0000 -0.0008 0.0000 0.0000 0.0002 -29.9997 -0.0001 -0.0003 29.9996 0.0000 0.0000 0.0000 1.2044 -7.6834 176.2470 -0.1248 -25.7137 0.1111 0.1447 82.5783 9.3757 0.0000 25.6546 0.0000 -12.3702 -19.6521 179.3445 0.3610 -13.4918 -0.1253 4.5283 60.8004 -6.8150 0.0000 25.3508 -0.0001 
28.2644 89.5305 -45.5468 4.9069 -0.1512 -0.3354 1.6933 2.4893 -0.0945 1.6945 2.4911 -0.0945 1.6984 2.4968 -0.0947 43.5887 79.1112 -58.3916 62.2266 49.0103 33.3311 34.8523 -0.0907 75.0259 -0.7988 1.1275 0.1745 0.0000 0.0000 0.0001 0.0000 0.0000 0.0000 0.0000 -0.0013 -0.0008 0.0000 -0.0004 0.0001 0.0000 0.0000 0.0000 0.0000 0.0000 0.0000 0.0000 0.0002 0.0000 0.0000 -0.0006 0.0003 0.0000 0.0004 -0.0006 0.0000 0.0000 0.0001 0.0000 0.0000 0.0000 0.0000 -0.0010 -0.0002 0.0000 0.0002 30.0001 -0.0001 0.0005 -29.9998 0.0000 0.0000 0.0000 -2.5993 -3.5918 -0.5608 -2.5993 -3.5918 -0.5608 -36.6604 80.0868 68.4441 -40.0607 49.9752 -20.4556 -47.7765 11.1302 -76.4011 0.9514 1.3058 0.1106 0.0000 -0.0001 0.0001 0.0000 0.0000 0.0000 0.0000 -0.0006 0.0003 0.0000 -0.0001 0.0001 0.0000 0.0000 0.0000 0.0000 0.0000 0.0000 0.0000 0.0007 0.0001 0.0000 -0.0012 0.0001 0.0000 -0.0008 0.0003 0.0000 0.0001 0.0000 0.0000 0.0000 0.0000 0.0000 -0.0009 0.0000 0.0000 0.0002 -29.9997 -0.0001 -0.0003 29.9996 0.0000 0.0000 0.0000 1.5169 -8.1052 176.2365 -0.1023 -26.3859 0.1067 2.2667 82.5931 11.1630 0.0000 25.7395 0.0000 -12.2469 -19.7631 179.2623 0.3723 -13.5187 -0.1267 4.9004 60.5678 -6.7440 0.0000 25.3508 -0.0001 
28.3754 89.4627 -45.8154 5.1407 -0.2431 -0.4261 1.6555 2.5127 -0.0797 1.6567 2.5145 -0.0797 1.6605 2.5203 -0.0798 43.5183 79.0514 -58.4732 62.3301 48.7511 33.5225 35.0247 0.0117 75.0485 -0.7971 1.1251 0.1823 0.0000 0.0000 0.0001 0.0000 0.0000 0.0000 0.0000 -0.0013 -0.0008 0.0000 -0.0004 0.0001 0.0000 0.0000 0.0000 0.0000 0.0000 0.0000 0.0000 0.0002 0.0000 0.0000 -0.0006 0.0003 0.0000 0.0004 -0.0006 0.0000 0.0000 0.0001 0.0000 0.0000 0.0000 0.0000 -0.0010 -0.0002 0.0000 0.0003 30.0001 -0.0001 0.0005 -29.9998 0.0000 0.0000 0.0000 -2.6938 -3.5801 -0.5473 -2.6938 -3.5801 -0.5473 -36.8972 80.1239 68.3283 -39.9014 50.2680 -20.1308 -47.4764 10.9669 -76.3511 0.9546 1.3074 0.1266 0.0000 -0.0001 0.0001 0.0000 0.0000 0.0000 0.0000 -0.0006 0.0003 0.0000 -0.0001 0.0001 0.0000 0.0000 0.0000 0.0000 0.0000 0.0000 0.0000 0.0007 0.0001 0.0000 -0.0012 0.0001 0.0000 -0.0008 0.0003 0.0000 0.0001 0.0000 0.0000 0.0000 0.0000 0.0000 -0.0009 0.0000 0.0000 0.0002 -29.9996 -0.0001 -0.0003 29.9996 0.0000 0.0000 0.0000 1.7471 -8.5751 176.2402 -0.0928 -27.1462 0.1051 4.4994 82.6210 13.1172 0.0000 25.8155 0.0000 -12.1568 -19.8565 179.2033 0.3850 -13.5758 -0.1284 5.2738 60.3856 -6.6972 0.0000 25.3508 -0.0001 
28.4775 89.3891 -46.0447 5.3939 -0.3487 -0.5420 1.6146 2.5437 -0.0584 1.6157 2.5455 -0.0584 1.6194 2.5514 -0.0585 43.4277 78.9602 -58.5851 62.4751 48.5047 33.7607 35.2257 0.1372 75.0512 -0.7941 1.1215 0.1888 0.0000 0.0000 0.0001 0.0000 0.0000 0.0000 0.0000 -0.0013 -0.0008 0.0000 -0.0004 0.0001 0.0000 0.0000 0.0000 0.0000 0.0000 0.0000 0.0000 0.0002 0.0000 0.0000 -0.0006 0.0003 0.0000 0.0004 -0.0006 0.0000 0.0000 0.0001 0.0000 0.0000 0.0000 0.0000 -0.0010 -0.0002 0.0000 0.0003 30.0001 -0.0001 0.0005 -29.9998 0.0000 0.0000 0.0000 -2.8005 -3.5643 -0.5056 -2.8005 -3.5643 -0.5056 -37.0600 80.1839 68.3037 -39.7203 50.5316 -19.8210 -47.1562 10.7897 -76.2682 0.9579 1.3102 0.1420 0.0000 -0.0001 0.0001 0.0000 0.0000 0.0000 0.0000 -0.0006 0.0003 0.0000 -0.0001 0.0001 0.0000 0.0000 0.0000 0.0000 0.0000 0.0000 0.0000 0.0007 0.0001 0.0000 -0.0012 0.0001 0.0000 -0.0008 0.0003 0.0000 0.0001 0.0000 0.0000 0.0000 0.0000 0.0000 -0.0009 0.0000 0.0000 0.0002 -29.9997 -0.0001 -0.0003 29.9996 0.0000 0.0000 0.0000 1.9313 -9.0239 176.2682 -0.0946 -27.9344 0.1062 6.6985 82.6659 15.0630 0.0000 25.9015 0.0000 -12.0660 -19.9227 179.1605 0.4017 -13.6835 -0.1307 5.6584 60.2699 -6.6618 0.0000 25.3508 -0.0001 
28.5606 89.3155 -46.2391 5.6263 -0.4982 -0.7057 1.5748 2.5881 -0.0273 1.5759 2.5900 -0.0273 1.5795 2.5959 -0.0272 43.3636 78.8212 -58.6898 62.7067 48.3164 34.0587 35.4418 0.2864 75.0273 -0.7895 1.1160 0.1929 0.0000 0.0000 0.0001 0.0000 0.0000 0.0000 0.0000 -0.0013 -0.0008 0.0000 -0.0004 0.0001 0.0000 0.0000 0.0000 0.0000 0.0000 0.0000 0.0000 0.0002 0.0000 0.0000 -0.0006 0.0003 0.0000 0.0004 -0.0006 0.0000 0.0000 0.0001 0.0000 0.0000 0.0000 0.0000 -0.0010 -0.0002 0.0000 0.0002 30.0001 -0.0001 0.0005 -29.9998 0.0000 0.0000 0.0000 -2.9108 -3.5338 -0.4177 -2.9108 -3.5338 -0.4177 -37.2315 80.2792 68.2749 -39.5476 50.7200 -19.5776 -46.8102 10.6189 -76.1414 0.9611 1.3149 0.1534 0.0000 -0.0001 0.0001 0.0000 0.0000 0.0000 0.0000 -0.0006 0.0003 0.0000 -0.0001 0.0001 0.0000 0.0000 0.0000 0.0000 0.0000 0.0000 0.0000 0.0007 0.0001 0.0000 -0.0011 0.0001 0.0000 -0.0008 0.0003 0.0000 0.0001 0.0000 0.0000 0.0000 0.0000 0.0000 -0.0009 0.0000 0.0000 0.0002 -29.9996 -0.0001 -0.0003 29.9996 0.0000 0.0000 0.0000 2.1634 -9.3940 176.3673 -0.1171 -28.7076 0.1126 8.7021 82.7408 16.7513 0.0000 25.9895 0.0000 -11.9185 -19.9414 179.1558 0.4296 -13.8520 -0.1347 6.0540 60.2339 -6.6489 0.0000 25.3508 -0.0001 
28.6412 89.2374 -46.4330 5.7888 -0.6880 -0.9083 1.5418 2.6426 0.0087 1.5429 2.6446 0.0087 1.5464 2.6506 0.0088 43.3859 78.6491 -58.7250 63.0139 48.2209 34.3761 35.6493 0.4391 75.0018 -0.7830 1.1080 0.1937 0.0000 0.0000 0.0001 0.0000 0.0000 0.0000 0.0000 -0.0013 -0.0008 0.0000 -0.0004 0.0001 0.0000 0.0000 0.0000 0.0000 0.0000 0.0000 0.0000 0.0002 -0.0001 0.0000 -0.0006 0.0003 0.0000 0.0004 -0.0006 0.0000 0.0000 0.0001 0.0000 0.0000 0.0000 0.0000 -0.0010 -0.0002 0.0000 0.0002 30.0001 -0.0001 0.0005 -29.9998 0.0000 0.0000 0.0000 -3.0088 -3.4881 -0.2885 -3.0088 -3.4881 -0.2885 -37.4528 80.4027 68.1735 -39.4126 50.8247 -19.4163 -46.4705 10.4618 -75.9995 0.9636 1.3202 0.1590 0.0000 -0.0001 0.0001 0.0000 0.0000 0.0000 0.0000 -0.0006 0.0003 0.0000 -0.0001 0.0001 0.0000 0.0000 0.0000 0.0000 0.0000 0.0000 0.0000 0.0007 0.0001 0.0000 -0.0011 0.0001 0.0000 -0.0008 0.0003 0.0000 0.0001 0.0000 0.0000 0.0000 0.0000 0.0000 -0.0009 0.0000 0.0000 0.0002 -29.9997 -0.0001 -0.0003 29.9996 0.0000 0.0000 0.0000 2.5878 -9.6874 176.5362 -0.1650 -29.4420 0.1260 10.5446 82.8733 18.1003 0.0000 26.0334 0.0000 -11.6682 -19.8921 179.1765 0.4640 -13.9709 -0.1394 6.4867 60.2152 -6.6258 0.0000 25.3508 -0.0001 
28.7432 89.1546 -46.6404 5.8712 -0.9192 -1.1407 1.5146 2.7090 0.0444 1.5157 2.7110 0.0445 1.5192 2.7171 0.0447 43.4923 78.4499 -58.6890 63.3812 48.2179 34.6894 35.8273 0.5751 74.9784 -0.7759 1.0988 0.1921 0.0000 0.0000 0.0001 0.0000 0.0000 0.0000 0.0000 -0.0013 -0.0008 0.0000 -0.0004 0.0001 0.0000 0.0000 0.0000 0.0000 0.0000 0.0000 0.0000 0.0002 0.0000 0.0000 -0.0006 0.0003 0.0000 0.0004 -0.0006 0.0000 0.0000 0.0001 0.0000 0.0000 0.0000 0.0000 -0.0010 -0.0002 0.0000 0.0003 30.0001 -0.0001 0.0005 -29.9998 0.0000 0.0000 0.0000 -3.0885 -3.4322 -0.1192 -3.0885 -3.4322 -0.1192 -37.7145 80.5422 68.0015 -39.3221 50.8505 -19.3372 -46.1519 10.3094 -75.8522 0.9655 1.3261 0.1588 0.0000 -0.0001 0.0001 0.0000 0.0000 0.0000 0.0000 -0.0006 0.0003 0.0000 -0.0001 0.0001 0.0000 0.0000 0.0000 0.0000 0.0000 0.0000 0.0000 0.0007 0.0001 0.0000 -0.0011 0.0001 0.0000 -0.0008 0.0003 0.0000 0.0001 0.0000 0.0000 0.0000 0.0000 0.0000 -0.0009 0.0000 0.0000 0.0002 -29.9996 -0.0001 -0.0003 29.9996 0.0000 0.0000 0.0000 3.2601 -9.9024 176.7555 -0.2464 -30.1258 0.1489 12.4068 83.0745 19.2393 0.0000 25.9796 0.0000 -11.3034 -19.7830 179.2006 0.5007 -14.0351 -0.1441 7.0013 60.1917 -6.5443 0.0000 25.3508 -0.0001 
28.9120 89.0630 -46.8437 5.8040 -1.2047 -1.3976 1.4969 2.7899 0.0648 1.4981 2.7921 0.0649 1.5014 2.7983 0.0651 43.6942 78.2257 -58.5681 63.8138 48.3513 34.9572 35.9456 0.6669 74.9986 -0.7685 1.0881 0.1864 0.0000 0.0000 0.0001 0.0000 0.0000 0.0000 0.0000 -0.0013 -0.0008 0.0000 -0.0004 0.0001 0.0000 0.0000 0.0000 0.0000 0.0000 0.0000 0.0000 0.0002 0.0000 0.0000 -0.0006 0.0003 0.0000 0.0004 -0.0006 0.0000 0.0000 0.0001 0.0000 0.0000 0.0000 0.0000 -0.0010 -0.0002 0.0000 0.0003 30.0001 -0.0001 0.0005 -29.9998 0.0000 0.0000 0.0000 -3.1300 -3.3662 0.1167 -3.1300 -3.3662 0.1167 -38.0530 80.6936 67.7016 -39.3029 50.7658 -19.3716 -45.8961 10.1637 -75.7166 0.9664 1.3322 0.1499 0.0000 -0.0001 0.0001 0.0000 0.0000 0.0000 0.0000 -0.0006 0.0003 0.0000 -0.0001 0.0001 0.0000 0.0000 0.0000 0.0000 0.0000 0.0000 0.0000 0.0007 0.0001 0.0000 -0.0011 0.0001 0.0000 -0.0008 0.0003 0.0000 0.0001 0.0000 0.0000 0.0000 0.0000 0.0000 -0.0009 0.0000 0.0000 0.0002 -29.9996 -0.0001 -0.0003 29.9996 0.0000 0.0000 0.0000 4.3655 -9.9655 177.0144 -0.3708 -30.7004 0.1842 14.3726 83.4216 20.1051 0.0000 25.7269 0.0000 -10.7129 -19.6069 179.1817 0.5395 -14.0599 -0.1490 7.7639 60.2081 -6.2647 0.0000 25.3507 -0.0001 
29.1566 88.9640 -47.0668 5.6002 -1.5072 -1.6525 1.4902 2.8746 0.0587 1.4914 2.8769 0.0588 1.4947 2.8832 0.0590 43.9428 78.0077 -58.3901 64.2501 48.5713 35.1563 36.0081 0.7045 75.0669 -0.7620 1.0776 0.1785 0.0000 0.0000 0.0001 0.0000 0.0000 0.0000 0.0000 -0.0013 -0.0008 0.0000 -0.0004 0.0001 0.0000 0.0000 0.0000 0.0000 0.0000 0.0000 0.0000 0.0002 0.0000 0.0000 -0.0006 0.0003 0.0000 0.0004 -0.0006 0.0000 0.0000 0.0001 0.0000 0.0000 0.0000 0.0000 -0.0010 -0.0002 0.0000 0.0003 30.0001 -0.0001 0.0005 -29.9998 0.0000 0.0000 0.0000 -3.1399 -3.2975 0.4062 -3.1399 -3.2975 0.4062 -38.3337 80.8567 67.4116 -39.3032 50.6097 -19.4448 -45.7117 10.0361 -75.5909 0.9657 1.3370 0.1353 0.0000 -0.0001 0.0001 0.0000 0.0000 0.0000 0.0000 -0.0006 0.0003 0.0000 -0.0001 0.0001 0.0000 0.0000 0.0000 0.0000 0.0000 0.0000 0.0000 0.0007 0.0001 0.0000 -0.0012 0.0001 0.0000 -0.0008 0.0003 0.0000 0.0001 0.0000 0.0000 0.0000 0.0000 0.0000 -0.0008 0.0000 0.0000 0.0002 -29.9997 -0.0001 -0.0003 29.9996 0.0000 0.0000 0.0000 5.7998 -9.9373 177.2681 -0.5169 -31.1645 0.2265 16.4863 83.8426 20.8528 0.0000 25.3523 0.0000 -9.8518 -19.5088 179.0815 0.5920 -14.2251 -0.1563 8.9731 60.2985 -5.6606 0.0000 25.3508 -0.0001 
29.4201 88.8684 -47.3258 5.2842 -1.8161 -1.8815 1.4936 2.9613 0.0185 1.4948 2.9639 0.0186 1.4981 2.9703 0.0187 44.2520 77.8051 -58.1331 64.6625 48.8338 35.2947 36.0282 0.7183 75.1693 -0.7567 1.0680 0.1703 0.0000 0.0000 0.0001 0.0000 0.0000 0.0000 0.0000 -0.0013 -0.0008 0.0000 -0.0004 0.0001 0.0000 0.0000 0.0000 0.0000 0.0000 0.0000 0.0000 0.0002 0.0000 0.0000 -0.0006 0.0003 0.0000 0.0004 -0.0006 0.0000 0.0000 0.0001 0.0000 0.0000 0.0000 0.0000 -0.0010 -0.0002 0.0000 0.0002 30.0001 -0.0001 0.0005 -29.9998 0.0000 0.0000 0.0000 -3.1282 -3.2299 0.7395 -3.1282 -3.2299 0.7395 -38.5052 81.0291 67.1987 -39.3120 50.4169 -19.5327 -45.6019 9.9329 -75.4767 0.9624 1.3385 0.1177 0.0000 -0.0001 0.0001 0.0000 0.0000 0.0000 0.0000 -0.0006 0.0003 0.0000 -0.0001 0.0001 0.0000 0.0000 0.0000 0.0000 0.0000 0.0000 0.0000 0.0007 0.0001 0.0000 -0.0012 0.0001 0.0000 -0.0008 0.0003 0.0000 0.0001 0.0000 0.0000 0.0000 0.0000 0.0000 -0.0009 0.0000 0.0000 0.0002 -29.9996 -0.0001 -0.0003 29.9996 0.0000 0.0000 0.0000 7.4179 -9.8791 177.5193 -0.6497 -31.5624 0.2658 18.2753 84.3020 21.1591 0.0000 25.0255 0.0000 -8.7207 -19.5803 178.8790 0.6744 -14.6846 -0.1693 10.6626 60.5157 -4.7451 0.0000 25.3508 -0.0001 
29.7227 88.7897 -47.6438 4.8308 -2.1494 -2.0339 1.5141 3.0601 -0.0850 1.5155 3.0628 -0.0850 1.5187 3.0693 -0.0851 44.6359 77.6310 -57.7664 65.0042 49.0738 35.3672 35.9907 0.7370 75.3131 -0.7542 1.0618 0.1640 0.0000 0.0000 0.0001 0.0000 0.0000 0.0000 0.0000 -0.0013 -0.0008 0.0000 -0.0004 0.0001 0.0000 0.0000 0.0000 0.0000 0.0000 0.0000 0.0000 0.0002 0.0000 0.0000 -0.0006 0.0003 0.0000 0.0004 -0.0006 0.0000 0.0000 0.0001 0.0000 0.0000 0.0000 0.0000 -0.0010 -0.0002 0.0000 0.0002 30.0001 -0.0001 0.0005 -29.9998 0.0000 0.0000 0.0000 -3.1041 -3.1709 1.1235 -3.1041 -3.1709 1.1235 -38.4832 81.1913 67.1758 -39.3392 50.2245 -19.6240 -45.6168 9.8727 -75.3935 0.9551 1.3336 0.1002 0.0000 -0.0001 0.0001 0.0000 0.0000 0.0000 0.0000 -0.0006 0.0003 0.0000 -0.0001 0.0001 0.0000 0.0000 0.0000 0.0000 0.0000 0.0000 0.0000 0.0007 0.0001 0.0000 -0.0011 0.0001 0.0000 -0.0008 0.0003 0.0000 0.0001 0.0000 0.0000 0.0000 0.0000 0.0000 -0.0009 0.0000 0.0000 0.0002 -29.9996 -0.0001 -0.0002 29.9996 0.0000 0.0000 0.0000 9.0399 -9.7996 177.6851 -0.7634 -31.9140 0.3004 19.2134 84.7862 20.7216 0.0000 25.3511 0.0000 -10.3352 -20.0738 179.0915 0.7712 -15.8676 -0.1898 9.2925 61.1648 -4.3972 0.0000 25.3508 -0.0001 
30.0189 88.7277 -47.9779 4.2850 -2.5215 -2.1303 1.5514 3.1707 -0.2291 1.5528 3.1738 -0.2293 1.5560 3.1803 -0.2297 45.0322 77.5100 -57.3768 65.2478 49.2160 35.4243 35.9190 0.7903 75.4674 -0.7546 1.0595 0.1596 0.0000 0.0000 0.0001 0.0000 0.0000 0.0000 0.0000 -0.0013 -0.0008 0.0000 -0.0004 0.0001 0.0000 0.0000 0.0000 0.0000 0.0000 0.0000 0.0000 0.0002 0.0000 0.0000 -0.0006 0.0003 0.0000 0.0004 -0.0006 0.0000 0.0000 0.0001 0.0000 0.0000 0.0000 0.0000 -0.0010 -0.0002 0.0000 0.0002 30.0001 -0.0001 0.0005 -29.9998 0.0000 0.0000 0.0000 -3.0800 -3.1127 1.5141 -3.0800 -3.1127 1.5141 -38.3935 81.3180 67.2439 -39.3729 50.0753 -19.6735 -45.7462 9.8517 -75.3421 0.9442 1.3225 0.0839 0.0000 -0.0001 0.0001 0.0000 0.0000 0.0000 0.0000 -0.0006 0.0003 0.0000 -0.0001 0.0001 0.0000 0.0000 0.0000 0.0000 0.0000 0.0000 0.0000 0.0007 0.0001 0.0000 -0.0012 0.0001 0.0000 -0.0008 0.0003 0.0000 0.0001 0.0000 0.0000 0.0000 0.0000 0.0000 -0.0008 0.0000 0.0000 0.0002 -29.9996 -0.0001 -0.0003 29.9996 0.0000 0.0000 0.0000 10.4925 -9.6859 177.7916 -0.8580 -32.2372 0.3300 19.2533 85.2464 19.6519 0.0000 25.3510 0.0000 -13.5329 -20.8846 179.4696 0.8548 -17.7029 -0.2154 5.9596 62.2055 -4.7783 0.0000 25.3508 -0.0001 
30.3128 88.6780 -48.2986 3.6840 -2.9192 -2.2053 1.6063 3.2871 -0.3878 1.6080 3.2906 -0.3882 1.6111 3.2971 -0.3888 45.3414 77.4484 -57.0652 65.3976 49.2414 35.4804 35.8215 0.8549 75.6090 -0.7570 1.0605 0.1571 0.0000 0.0000 0.0001 0.0000 0.0000 0.0000 0.0000 -0.0013 -0.0008 0.0000 -0.0004 0.0001 0.0000 0.0000 0.0000 0.0000 0.0000 0.0000 0.0000 0.0002 0.0000 0.0000 -0.0006 0.0003 0.0000 0.0004 -0.0006 0.0000 0.0000 0.0001 0.0000 0.0000 0.0000 0.0000 -0.0010 -0.0002 0.0000 0.0002 30.0001 -0.0001 0.0005 -29.9998 0.0000 0.0000 0.0000 -3.0672 -3.0516 1.8847 -3.0672 -3.0516 1.8847 -38.2578 81.4017 67.3926 -39.3972 49.9721 -19.6596 -45.9405 9.8840 -75.2811 0.9308 1.3081 0.0688 0.0000 -0.0001 0.0001 0.0000 0.0000 0.0000 0.0000 -0.0006 0.0003 0.0000 -0.0001 0.0001 0.0000 0.0000 0.0000 0.0000 0.0000 0.0000 0.0000 0.0007 0.0001 0.0000 -0.0012 0.0001 0.0000 -0.0008 0.0003 0.0000 0.0001 0.0000 0.0000 0.0000 0.0000 0.0000 -0.0009 0.0000 0.0000 0.0002 -29.9997 -0.0001 -0.0003 29.9996 0.0000 0.0000 0.0000 11.7352 -9.5194 177.8615 -0.9410 -32.4955 0.3562 18.5875 85.6434 18.1500 0.0000 25.3510 0.0000 -16.7565 -21.8772 179.7150 0.8968 -19.8953 -0.2395 2.6218 63.4039 -5.4439 0.0000 25.3508 -0.0001 
30.5423 88.6606 -48.5539 3.0658 -3.3498 -2.3098 1.6850 3.4061 -0.5323 1.6869 3.4100 -0.5328 1.6901 3.4164 -0.5337 45.4657 77.4777 -56.9252 65.4028 49.0715 35.5650 35.7247 0.9682 75.6610 -0.7611 1.0656 0.1589 0.0000 0.0000 0.0001 0.0000 0.0000 0.0000 0.0000 -0.0013 -0.0008 0.0000 -0.0004 0.0001 0.0000 0.0000 0.0000 0.0000 0.0000 0.0000 0.0000 0.0002 0.0000 0.0000 -0.0006 0.0003 0.0000 0.0004 -0.0006 0.0000 0.0000 0.0001 0.0000 0.0000 0.0000 0.0000 -0.0010 -0.0002 0.0000 0.0002 30.0001 -0.0001 0.0005 -29.9998 0.0000 0.0000 0.0000 -3.0877 -2.9767 2.1981 -3.0877 -2.9767 2.1981 -38.1892 81.4132 67.5439 -39.3913 49.9687 -19.5327 -46.1649 10.0026 -75.2027 0.9161 1.2913 0.0583 0.0000 -0.0001 0.0001 0.0000 0.0000 0.0000 0.0000 -0.0006 0.0003 0.0000 -0.0001 0.0001 0.0000 0.0000 0.0000 0.0000 0.0000 0.0000 0.0000 0.0007 0.0001 0.0000 -0.0011 0.0001 0.0000 -0.0008 0.0003 0.0000 0.0001 0.0000 0.0000 0.0000 0.0000 0.0000 -0.0009 0.0000 0.0000 0.0002 -29.9996 -0.0001 -0.0003 29.9996 0.0000 0.0000 0.0000 12.6005 -9.2458 177.9699 -0.9926 -32.6049 0.3722 16.6912 85.9158 15.8277 0.0000 25.3510 0.0000 -19.9974 -22.8831 179.8707 0.8606 -22.0816 -0.2501 -0.4435 64.6050 -6.3535 0.0000 25.3508 -0.0001 
30.6935 88.6894 -48.7569 2.4849 -3.7751 -2.4910 1.7767 3.5076 -0.6363 1.7789 3.5120 -0.6370 1.7820 3.5183 -0.6380 45.4606 77.5662 -56.9110 65.3173 48.7767 35.7111 35.6371 1.0992 75.6235 -0.7658 1.0734 0.1624 0.0000 0.0000 0.0001 0.0000 0.0000 0.0000 0.0000 -0.0013 -0.0008 0.0000 -0.0004 0.0001 0.0000 0.0000 0.0000 0.0000 0.0000 0.0000 0.0000 0.0002 0.0000 0.0000 -0.0006 0.0003 0.0000 0.0004 -0.0006 0.0000 0.0000 0.0001 0.0000 0.0000 0.0000 0.0000 -0.0010 -0.0002 0.0000 0.0002 30.0001 -0.0001 0.0005 -29.9998 0.0000 0.0000 0.0000 -3.1368 -2.8708 2.4453 -3.1368 -2.8708 2.4453 -38.4010 81.3815 67.4534 -39.2922 50.0774 -19.2330 -46.3970 10.1565 -75.1153 0.9011 1.2740 0.0498 0.0000 -0.0001 0.0001 0.0000 0.0000 0.0000 0.0000 -0.0006 0.0003 0.0000 -0.0001 0.0001 0.0000 0.0000 0.0000 0.0000 0.0000 0.0000 0.0000 0.0007 0.0001 0.0000 -0.0011 0.0001 0.0000 -0.0008 0.0003 0.0000 0.0001 0.0000 0.0000 0.0000 0.0000 0.0000 -0.0008 0.0000 0.0000 0.0002 -29.9996 -0.0001 -0.0003 29.9996 0.0000 0.0000 0.0000 13.1840 -8.9229 178.1859 -1.0253 -32.5719 0.3814 13.7480 86.0780 12.7057 0.0000 25.3510 0.0000 -23.0002 -23.6916 -179.9319 0.7646 -23.7792 -0.2432 -3.1727 65.6976 -7.5686 0.0000 25.3508 -0.0001 
30.7853 88.7685 -48.9259 1.9673 -4.1688 -2.7674 1.8709 3.5766 -0.6896 1.8733 3.5813 -0.6904 1.8765 3.5875 -0.6915 45.3577 77.7181 -56.9947 65.1615 48.4112 35.8960 35.5571 1.2234 75.5157 -0.7699 1.0818 0.1663 0.0000 0.0000 0.0001 0.0000 0.0000 0.0000 0.0000 -0.0013 -0.0008 0.0000 -0.0004 0.0001 0.0000 0.0000 0.0000 0.0000 0.0000 0.0000 0.0000 0.0002 0.0000 0.0000 -0.0006 0.0003 0.0000 0.0004 -0.0006 0.0000 0.0000 0.0001 0.0000 0.0000 0.0000 0.0000 -0.0010 -0.0002 0.0000 0.0002 30.0001 -0.0001 0.0005 -29.9998 0.0000 0.0000 0.0000 -3.2034 -2.7190 2.6267 -3.2034 -2.7190 2.6267 -38.9587 81.3439 67.0212 -39.1516 50.2591 -18.8462 -46.5885 10.2963 -75.0208 0.8869 1.2580 0.0411 0.0000 -0.0001 0.0001 0.0000 0.0000 0.0000 0.0000 -0.0006 0.0003 0.0000 -0.0001 0.0001 0.0000 0.0000 0.0000 0.0000 0.0000 0.0000 0.0000 0.0007 0.0001 0.0000 -0.0012 0.0001 0.0000 -0.0008 0.0003 0.0000 0.0001 0.0000 0.0000 0.0000 0.0000 0.0000 -0.0009 0.0000 0.0000 0.0002 -29.9996 -0.0001 -0.0003 29.9996 0.0000 0.0000 0.0000 13.6088 -8.6021 178.5228 -1.0485 -32.4317 0.3868 10.3761 86.1458 9.2433 0.0000 25.3510 0.0000 -25.7752 -24.2815 -179.5944 0.6685 -24.9236 -0.2300 -5.4021 66.6295 -8.7836 0.0000 25.3508 -0.0001 
30.7981 88.9120 -49.0630 1.5980 -4.4703 -3.1919 1.9516 3.5781 -0.6662 1.9541 3.5828 -0.6670 1.9574 3.5889 -0.6680 45.1522 77.9407 -57.1662 64.9382 48.0234 36.0850 35.4962 1.3033 75.3557 -0.7726 1.0890 0.1704 0.0000 0.0000 0.0001 0.0000 0.0000 0.0000 0.0000 -0.0013 -0.0008 0.0000 -0.0004 0.0001 0.0000 0.0000 0.0000 0.0000 0.0000 0.0000 0.0000 0.0002 0.0000 0.0000 -0.0006 0.0003 0.0000 0.0004 -0.0006 0.0000 0.0000 0.0001 0.0000 0.0000 0.0000 0.0000 -0.0010 -0.0002 0.0000 0.0002 30.0001 -0.0001 0.0005 -29.9998 0.0000 0.0000 0.0000 -3.2822 -2.4922 2.7305 -3.2822 -2.4922 2.7305 -40.0295 81.3528 66.0513 -38.9542 50.5083 -18.3836 -46.6345 10.3748 -74.8945 0.8748 1.2456 0.0311 0.0000 -0.0001 0.0001 0.0000 0.0000 0.0000 0.0000 -0.0006 0.0003 0.0000 -0.0001 0.0001 0.0000 0.0000 0.0000 0.0000 0.0000 0.0000 0.0000 0.0007 0.0001 0.0000 -0.0012 0.0001 0.0000 -0.0008 0.0003 0.0000 0.0001 0.0000 0.0000 0.0000 0.0000 0.0000 -0.0009 0.0000 0.0000 0.0002 -29.9996 -0.0001 -0.0003 29.9996 0.0000 0.0000 0.0000 13.8012 -8.3441 179.0223 -1.0469 -32.1510 0.3836 6.5240 86.0850 5.3617 0.0000 25.3510 0.0000 -28.3719 -24.6380 -178.9582 0.6510 -25.2613 -0.2281 -6.5805 67.2207 -9.3542 0.0000 25.3508 -0.0001 
30.8031 89.0913 -49.1327 1.3726 -4.7054 -3.7011 2.0114 3.5274 -0.5984 2.0140 3.5320 -0.5991 2.0174 3.5381 -0.6000 44.9856 78.1910 -57.2765 64.6754 47.7019 36.2111 35.4919 1.3524 75.2077 -0.7727 1.0923 0.1750 0.0000 0.0000 0.0001 0.0000 0.0000 0.0000 0.0000 -0.0013 -0.0008 0.0000 -0.0004 0.0001 0.0000 0.0000 0.0000 0.0000 0.0000 0.0000 0.0000 0.0002 0.0000 0.0000 -0.0006 0.0003 0.0000 0.0004 -0.0006 0.0000 0.0000 0.0001 0.0000 0.0000 0.0000 0.0000 -0.0010 -0.0002 0.0000 0.0002 30.0001 -0.0001 0.0005 -29.9998 0.0000 0.0000 0.0000 -3.3689 -2.1960 2.7913 -3.3689 -2.1960 2.7913 -41.5455 81.4288 64.6058 -38.6798 50.7787 -17.8851 -46.5929 10.3799 -74.7967 0.8657 1.2370 0.0203 0.0000 -0.0001 0.0001 0.0000 0.0000 0.0000 0.0000 -0.0006 0.0003 0.0000 -0.0001 0.0001 0.0000 0.0000 0.0000 0.0000 0.0000 0.0000 0.0000 0.0007 0.0001 0.0000 -0.0012 0.0001 0.0000 -0.0008 0.0003 0.0000 0.0001 0.0000 0.0000 0.0000 0.0000 0.0000 -0.0009 0.0000 0.0000 0.0002 -29.9996 -0.0001 -0.0003 29.9996 0.0000 0.0000 0.0000 13.8052 -8.0827 179.5889 -1.0317 -31.7677 0.3755 2.7293 85.9600 1.5707 0.0000 25.3510 0.0000 -30.7648 -25.0102 -178.1797 0.6863 -25.1680 -0.2354 -6.9007 67.5361 -9.2680 0.0000 25.3508 -0.0001 
30.8311 89.2862 -49.1462 1.2709 -4.9061 -4.2495 2.0442 3.4429 -0.5093 2.0468 3.4473 -0.5099 2.0503 3.4534 -0.5107 44.9555 78.4411 -57.2418 64.4018 47.4700 36.2614 35.5280 1.3730 75.0969 -0.7711 1.0923 0.1803 0.0000 0.0000 0.0001 0.0000 0.0000 0.0000 0.0000 -0.0013 -0.0008 0.0000 -0.0004 0.0001 0.0000 0.0000 0.0000 0.0000 0.0000 0.0000 0.0000 0.0002 -0.0001 0.0000 -0.0006 0.0003 0.0000 0.0004 -0.0006 0.0000 0.0000 0.0001 0.0000 0.0000 0.0000 0.0000 -0.0010 -0.0002 0.0000 0.0003 30.0001 -0.0001 0.0005 -29.9998 0.0000 0.0000 0.0000 -3.4510 -1.8396 2.8289 -3.4510 -1.8396 2.8289 -43.5290 81.5492 62.6557 -38.3175 51.0489 -17.3566 -46.5593 10.3285 -74.7494 0.8590 1.2310 0.0066 0.0000 -0.0001 0.0001 0.0000 0.0000 0.0000 0.0000 -0.0006 0.0003 0.0000 -0.0001 0.0001 0.0000 0.0000 0.0000 0.0000 0.0000 0.0000 0.0000 0.0007 0.0001 0.0000 -0.0012 0.0001 0.0000 -0.0008 0.0003 0.0000 0.0001 0.0000 0.0000 0.0000 0.0000 0.0000 -0.0009 0.0000 0.0000 0.0002 -29.9996 -0.0001 -0.0003 29.9996 0.0000 0.0000 0.0000 13.6627 -7.7882 -179.8344 -1.0157 -31.3141 0.3666 -0.5825 85.7935 -1.7103 0.0000 25.3510 0.0000 -33.0677 -25.5086 -177.3529 0.7469 -24.8822 -0.2470 -6.7164 67.6646 -8.6988 0.0000 25.3508 -0.0001 
30.8807 89.4739 -49.1700 1.3266 -5.0953 -4.8060 2.0382 3.3348 -0.4139 2.0406 3.3388 -0.4143 2.0443 3.3449 -0.4149 44.9344 78.6564 -57.1840 64.1497 47.3825 36.1504 35.6100 1.3802 75.0351 -0.7660 1.0866 0.1867 0.0000 0.0000 0.0001 0.0000 0.0000 0.0000 0.0000 -0.0013 -0.0008 0.0000 -0.0004 0.0001 0.0000 0.0000 0.0000 0.0000 0.0000 0.0000 0.0000 0.0003 0.0000 0.0000 -0.0006 0.0003 0.0000 0.0004 -0.0006 0.0000 0.0000 0.0001 0.0000 0.0000 0.0000 0.0000 -0.0010 -0.0002 0.0000 0.0003 30.0001 -0.0001 0.0005 -29.9998 0.0000 0.0000 0.0000 -3.5227 -1.4181 2.8606 -3.5227 -1.4181 2.8606 -45.9868 81.7083 60.1959 -37.9138 51.2472 -16.9573 -46.5500 10.2101 -74.7481 0.8570 1.2314 -0.0103 0.0000 -0.0001 0.0001 0.0000 0.0000 0.0000 0.0000 -0.0006 0.0003 0.0000 -0.0001 0.0001 0.0000 0.0000 0.0000 0.0000 0.0000 0.0000 0.0000 0.0007 0.0001 0.0000 -0.0012 0.0001 0.0000 -0.0008 0.0003 0.0000 0.0001 0.0000 0.0000 0.0000 0.0000 0.0000 -0.0009 0.0000 0.0000 0.0002 -29.9997 -0.0001 -0.0003 29.9996 0.0000 0.0000 0.0000 13.3187 -7.4961 -179.2912 -1.0130 -30.8369 0.3613 -3.3362 85.5556 -4.3829 0.0000 25.3510 0.0000 -35.3880 -26.3094 -176.5674 0.8107 -24.5899 -0.2588 -6.1743 67.6364 -7.5590 0.0000 25.3508 -0.0001 
30.8737 89.6391 -49.2856 1.4831 -5.3082 -5.3449 2.0102 3.2347 -0.3262 2.0124 3.2384 -0.3265 2.0162 3.2445 -0.3270 44.9176 78.8224 -57.1096 63.9381 47.3746 35.9384 35.7004 1.3882 75.0280 -0.7600 1.0786 0.1941 0.0000 0.0000 0.0001 0.0000 0.0000 0.0000 0.0000 -0.0013 -0.0008 0.0000 -0.0004 0.0001 0.0000 0.0000 0.0000 0.0000 0.0000 0.0000 0.0000 0.0002 0.0000 0.0000 -0.0006 0.0003 0.0000 0.0004 -0.0006 0.0000 0.0000 0.0001 0.0000 0.0000 0.0000 0.0000 -0.0010 -0.0002 0.0000 0.0002 30.0001 -0.0001 0.0005 -29.9998 0.0000 0.0000 0.0000 -3.5927 -0.9824 2.9063 -3.5927 -0.9824 2.9063 -48.4737 81.8563 57.7088 -37.4741 51.3586 -16.6370 -46.6210 10.0974 -74.7895 0.8579 1.2351 -0.0279 0.0000 -0.0001 0.0001 0.0000 0.0000 0.0000 0.0000 -0.0006 0.0003 0.0000 -0.0001 0.0001 0.0000 0.0000 0.0000 0.0000 0.0000 0.0000 0.0000 0.0007 0.0001 0.0000 -0.0012 0.0001 0.0000 -0.0008 0.0003 0.0000 0.0001 0.0000 0.0000 0.0000 0.0000 0.0000 -0.0009 0.0000 0.0000 0.0002 -29.9997 -0.0001 -0.0003 29.9996 0.0000 0.0000 0.0000 12.8421 -7.2805 -178.7554 -1.0091 -30.4343 0.3564 -6.0002 85.2335 -6.9338 0.0000 25.3510 0.0000 -37.8912 -27.3377 -175.7972 0.8744 -24.4120 -0.2712 -5.8068 67.5048 -6.2815 0.0000 25.3508 -0.0001 
30.7919 89.7876 -49.4541 1.7083 -5.5500 -5.8758 1.9721 3.1535 -0.2444 1.9742 3.1569 -0.2446 1.9780 3.1631 -0.2450 44.8220 78.9463 -57.1037 63.7395 47.4027 35.6467 35.7910 1.3965 75.0456 -0.7542 1.0705 0.2027 0.0000 0.0000 0.0001 0.0000 0.0000 0.0000 0.0000 -0.0013 -0.0008 0.0000 -0.0004 0.0001 0.0000 0.0000 0.0000 0.0000 0.0000 0.0000 0.0000 0.0003 0.0000 0.0000 -0.0006 0.0003 0.0000 0.0004 -0.0006 0.0000 0.0000 0.0001 0.0000 0.0000 0.0000 0.0000 -0.0010 -0.0002 0.0000 0.0002 30.0001 -0.0001 0.0005 -29.9998 0.0000 0.0000 0.0000 -3.6684 -0.5548 2.9671 -3.6684 -0.5548 2.9671 -50.7596 81.9796 55.4358 -37.0366 51.3957 -16.3766 -46.7614 10.0232 -74.8663 0.8606 1.2406 -0.0447 0.0000 -0.0001 0.0001 0.0000 0.0000 0.0000 0.0000 -0.0006 0.0003 0.0000 -0.0001 0.0001 0.0000 0.0000 0.0000 0.0000 0.0000 0.0000 0.0000 0.0007 0.0001 0.0000 -0.0012 0.0001 0.0000 -0.0008 0.0003 0.0000 0.0001 0.0000 0.0000 0.0000 0.0000 0.0000 -0.0008 0.0000 0.0000 0.0002 -29.9997 -0.0001 -0.0003 29.9996 0.0000 0.0000 0.0000 12.2860 -7.1124 -178.1902 -0.9948 -30.1071 0.3495 -8.6671 84.8585 -9.4797 0.0000 25.3510 0.0000 -40.6328 -28.4941 -174.9843 0.9349 -24.3197 -0.2835 -5.7915 67.3205 -5.0764 0.0000 25.3508 -0.0001 
30.6401 89.9325 -49.5570 2.0081 -5.8323 -6.4071 1.9337 3.1042 -0.1649 1.9356 3.1074 -0.1650 1.9395 3.1136 -0.1653 44.5712 79.0273 -57.2389 63.5591 47.4302 35.3017 35.8566 1.3946 75.0491 -0.7496 1.0644 0.2134 0.0000 0.0000 0.0001 0.0000 0.0000 0.0000 0.0000 -0.0013 -0.0008 0.0000 -0.0004 0.0001 0.0000 0.0000 0.0000 0.0000 0.0000 0.0000 0.0000 0.0002 0.0000 0.0000 -0.0006 0.0003 0.0000 0.0004 -0.0006 0.0000 0.0000 0.0001 0.0000 0.0000 0.0000 0.0000 -0.0010 -0.0002 0.0000 0.0002 30.0001 -0.0001 0.0005 -29.9998 0.0000 0.0000 0.0000 -3.7631 -0.1545 3.0583 -3.7631 -0.1545 3.0583 -52.6839 82.0504 53.5532 -36.6458 51.3660 -16.2023 -46.9914 10.0307 -74.9811 0.8639 1.2459 -0.0590 0.0000 -0.0001 0.0001 0.0000 0.0000 0.0000 0.0000 -0.0006 0.0003 0.0000 -0.0001 0.0001 0.0000 0.0000 0.0000 0.0000 0.0000 0.0000 0.0000 0.0007 0.0001 0.0000 -0.0011 0.0001 0.0000 -0.0008 0.0003 0.0000 0.0001 0.0000 0.0000 0.0000 0.0000 0.0000 -0.0009 0.0000 0.0000 0.0002 -29.9997 -0.0001 -0.0003 29.9996 0.0000 0.0000 0.0000 11.6862 -6.8943 -177.5624 -0.9712 -29.8458 0.3408 -11.6210 84.4947 -12.3623 0.0000 25.3510 0.0000 -43.6392 -29.7258 -174.1045 0.9990 -24.2801 -0.2969 -6.0524 67.1559 -3.8949 0.0000 25.3508 -0.0001 
30.4982 90.0859 -49.5349 2.3534 -6.1196 -6.9422 1.9046 3.0730 -0.0882 1.9065 3.0761 -0.0883 1.9103 3.0823 -0.0883 44.1450 79.0805 -57.5389 63.3806 47.4267 34.9616 35.9003 1.3999 75.0020 -0.7461 1.0609 0.2252 0.0000 0.0000 0.0001 0.0000 0.0000 0.0000 0.0000 -0.0013 -0.0008 0.0000 -0.0004 0.0001 0.0000 0.0000 0.0000 0.0000 0.0000 0.0000 0.0000 0.0002 -0.0001 0.0000 -0.0006 0.0003 0.0000 0.0004 -0.0006 0.0000 0.0000 0.0001 0.0000 0.0000 0.0000 0.0000 -0.0010 -0.0002 0.0000 0.0002 30.0001 -0.0001 0.0005 -29.9998 0.0000 0.0000 0.0000 -3.8769 0.2053 3.1868 -3.8769 0.2053 3.1868 -54.2651 82.0827 52.0475 -36.3807 51.3218 -16.1319 -47.2148 10.0797 -75.0970 0.8664 1.2495 -0.0698 0.0000 -0.0001 0.0001 0.0000 0.0000 0.0000 0.0000 -0.0006 0.0003 0.0000 -0.0001 0.0001 0.0000 0.0000 0.0000 0.0000 0.0000 0.0000 0.0000 0.0007 0.0001 0.0000 -0.0011 0.0001 0.0000 -0.0008 0.0003 0.0000 0.0001 0.0000 0.0000 0.0000 0.0000 0.0000 -0.0009 0.0000 0.0000 0.0002 -29.9996 -0.0001 -0.0003 29.9996 0.0000 0.0000 0.0000 11.1074 -6.5710 -176.9112 -0.9509 -29.5790 0.3330 -14.6616 84.1906 -15.4127 0.0000 25.3510 0.0000 -47.0699 -30.9018 -173.0318 1.0562 -24.2461 -0.3088 -6.6483 67.0451 -2.8369 0.0000 25.3508 -0.0001 
30.3894 90.2405 -49.4348 2.7302 -6.3950 -7.4714 1.8850 3.0487 -0.0149 1.8868 3.0517 -0.0148 1.8907 3.0579 -0.0148 43.7524 79.1278 -57.8060 63.1878 47.3986 34.6591 35.9298 1.4054 74.9312 -0.7445 1.0605 0.2371 0.0000 0.0000 0.0001 0.0000 0.0000 0.0000 0.0000 -0.0013 -0.0008 0.0000 -0.0004 0.0001 0.0000 0.0000 0.0000 0.0000 0.0000 0.0000 0.0000 0.0002 0.0000 0.0000 -0.0006 0.0003 0.0000 0.0004 -0.0006 0.0000 0.0000 0.0001 0.0000 0.0000 0.0000 0.0000 -0.0010 -0.0002 0.0000 0.0002 30.0001 -0.0001 0.0005 -29.9998 0.0000 0.0000 0.0000 -4.0083 0.5326 3.3397 -4.0083 0.5326 3.3397 -55.5948 82.0889 50.8161 -36.2680 51.2861 -16.1497 -47.3978 10.1283 -75.2005 0.8665 1.2495 -0.0785 0.0000 -0.0001 0.0001 0.0000 0.0000 0.0000 0.0000 -0.0006 0.0003 0.0000 -0.0001 0.0001 0.0000 0.0000 0.0000 0.0000 0.0000 0.0000 0.0000 0.0007 0.0001 0.0000 -0.0012 0.0001 0.0000 -0.0008 0.0003 0.0000 0.0001 0.0000 0.0000 0.0000 0.0000 0.0000 -0.0009 0.0000 0.0000 0.0002 -29.9996 -0.0001 -0.0003 29.9996 0.0000 0.0000 0.0000 10.5713 -6.1798 -176.2710 -0.9377 -29.2948 0.3271 -17.6343 83.9290 -18.4727 0.0000 25.3510 0.0000 -51.3180 -31.9674 -171.5960 1.0927 -24.2535 -0.3167 -8.0249 66.9335 -2.1346 0.0000 25.3508 -0.0001 
30.3259 90.3904 -49.3085 3.1323 -6.6354 -7.9621 1.8795 3.0246 0.0504 1.8813 3.0276 0.0505 1.8851 3.0338 0.0507 43.4249 79.1928 -58.0202 62.9568 47.3375 34.4111 35.9524 1.4160 74.8518 -0.7447 1.0627 0.2476 0.0000 0.0000 0.0001 0.0000 0.0000 0.0000 0.0000 -0.0013 -0.0008 0.0000 -0.0004 0.0001 0.0000 0.0000 0.0000 0.0000 0.0000 0.0000 0.0000 0.0002 -0.0001 0.0000 -0.0006 0.0003 0.0000 0.0004 -0.0006 0.0000 0.0000 0.0001 0.0000 0.0000 0.0000 0.0000 -0.0010 -0.0002 0.0000 0.0002 30.0001 -0.0001 0.0005 -29.9998 0.0000 0.0000 0.0000 -4.1620 0.8191 3.5116 -4.1620 0.8191 3.5116 -56.7059 82.0678 49.8280 -36.3848 51.2847 -16.2791 -47.4983 10.1645 -75.2712 0.8623 1.2437 -0.0859 0.0000 -0.0001 0.0001 0.0000 0.0000 0.0000 0.0000 -0.0006 0.0003 0.0000 -0.0001 0.0001 0.0000 0.0000 0.0000 0.0000 0.0000 0.0000 0.0000 0.0007 0.0001 0.0000 -0.0012 0.0001 0.0000 -0.0008 0.0003 0.0000 0.0001 0.0000 0.0000 0.0000 0.0000 0.0000 -0.0009 0.0000 0.0000 0.0002 -29.9996 -0.0001 -0.0003 29.9996 0.0000 0.0000 0.0000 10.0747 -5.7690 -175.6933 -0.9238 -28.9907 0.3209 -20.6155 83.6897 -21.5963 0.0000 25.3510 0.0000 -57.3328 -32.8560 -169.4059 1.1035 -24.4537 -0.3211 -11.0870 66.7403 -2.1311 0.0000 25.3508 -0.0001 
30.3061 90.5268 -49.2291 3.5348 -6.8488 -8.3974 1.8829 2.9970 0.1045 1.8847 2.9999 0.1046 1.8885 3.0060 0.1049 43.0316 79.2810 -58.3178 62.7430 47.2768 34.2200 35.9549 1.4106 74.7421 -0.7445 1.0648 0.2550 0.0000 0.0000 0.0001 0.0000 0.0000 0.0000 0.0000 -0.0013 -0.0008 0.0000 -0.0004 0.0001 0.0000 0.0000 0.0000 0.0000 0.0000 0.0000 0.0000 0.0002 0.0000 0.0000 -0.0006 0.0003 0.0000 0.0004 -0.0006 0.0000 0.0000 0.0001 0.0000 0.0000 0.0000 0.0000 -0.0010 -0.0002 0.0000 0.0002 30.0001 -0.0001 0.0005 -29.9998 0.0000 0.0000 0.0000 -4.3232 1.0861 3.6876 -4.3232 1.0861 3.6876 -57.8235 82.0276 48.8408 -36.5405 51.3011 -16.4190 -47.5703 10.1861 -75.3100 0.8571 1.2373 -0.0939 0.0000 -0.0001 0.0001 0.0000 0.0000 0.0000 0.0000 -0.0006 0.0003 0.0000 -0.0001 0.0001 0.0000 0.0000 0.0000 0.0000 0.0000 0.0000 0.0000 0.0007 0.0001 0.0000 -0.0012 0.0001 0.0000 -0.0008 0.0003 0.0000 0.0001 0.0000 0.0000 0.0000 0.0000 0.0000 -0.0009 0.0000 0.0000 0.0002 -29.9997 -0.0001 -0.0003 29.9996 0.0000 0.0000 0.0000 9.5656 -5.3809 -175.2173 -0.9103 -28.6745 0.3147 -23.3992 83.4218 -24.4881 0.0000 25.3510 0.0000 -66.1576 -33.2674 -166.0137 1.0704 -24.9843 -0.3191 -17.0863 66.3913 -3.2053 0.0000 25.3508 -0.0001 
30.3290 90.6521 -49.2068 3.9262 -7.0496 -8.7834 1.8915 2.9703 0.1509 1.8933 2.9732 0.1511 1.8972 2.9793 0.1515 42.5975 79.3797 -58.6771 62.5515 47.2353 34.0644 35.9378 1.3887 74.6172 -0.7438 1.0661 0.2593 0.0000 0.0000 0.0001 0.0000 0.0000 0.0000 0.0000 -0.0013 -0.0008 0.0000 -0.0004 0.0001 0.0000 0.0000 0.0000 0.0000 0.0000 0.0000 0.0000 0.0002 0.0000 0.0000 -0.0006 0.0003 0.0000 0.0004 -0.0006 0.0000 0.0000 0.0001 0.0000 0.0000 0.0000 0.0000 -0.0010 -0.0002 0.0000 0.0002 30.0001 -0.0001 0.0005 -29.9998 0.0000 0.0000 0.0000 -4.4825 1.3372 3.8533 -4.4825 1.3372 3.8533 -58.9364 81.9610 47.8536 -36.7169 51.3227 -16.5662 -47.6352 10.2069 -75.3302 0.8524 1.2322 -0.1032 0.0000 -0.0001 0.0001 0.0000 0.0000 0.0000 0.0000 -0.0006 0.0003 0.0000 -0.0001 0.0001 0.0000 0.0000 0.0000 0.0000 0.0000 0.0000 0.0000 0.0007 0.0001 0.0000 -0.0012 0.0001 0.0000 -0.0008 0.0003 0.0000 0.0001 0.0000 0.0000 0.0000 0.0000 0.0000 -0.0009 0.0000 0.0000 0.0002 -29.9996 -0.0001 -0.0003 29.9996 0.0000 0.0000 0.0000 9.0185 -5.0168 -174.8421 -0.9040 -28.3572 0.3104 -25.9366 83.1189 -27.0638 0.0000 25.3510 0.0000 -77.5216 -32.8063 -161.5638 0.9725 -25.8222 -0.3049 -25.8574 65.6585 -5.2693 0.0000 25.3508 -0.0001 
30.4054 90.7563 -49.2722 4.2884 -7.2418 -9.1181 1.9091 2.9428 0.1925 1.9109 2.9456 0.1927 1.9148 2.9517 0.1932 42.1489 79.4900 -59.0642 62.3742 47.2372 33.9061 35.8922 1.3384 74.4941 -0.7428 1.0668 0.2610 0.0000 0.0000 0.0001 0.0000 0.0000 0.0000 0.0000 -0.0013 -0.0008 0.0000 -0.0004 0.0001 0.0000 0.0000 0.0000 0.0000 0.0000 0.0000 0.0000 0.0002 0.0000 0.0000 -0.0006 0.0003 0.0000 0.0004 -0.0006 0.0000 0.0000 0.0001 0.0000 0.0000 0.0000 0.0000 -0.0010 -0.0002 0.0000 0.0002 30.0001 -0.0001 0.0005 -29.9998 0.0000 0.0000 0.0000 -4.6339 1.5753 3.9898 -4.6339 1.5753 3.9898 -59.9921 81.8867 46.9099 -36.8825 51.3212 -16.6947 -47.7188 10.2355 -75.3552 0.8473 1.2270 -0.1145 0.0000 -0.0001 0.0001 0.0000 0.0000 0.0000 0.0000 -0.0006 0.0003 0.0000 -0.0001 0.0001 0.0000 0.0000 0.0000 0.0000 0.0000 0.0000 0.0000 0.0007 0.0001 0.0000 -0.0012 0.0001 0.0000 -0.0008 0.0003 0.0000 0.0001 0.0000 0.0000 0.0000 0.0000 0.0000 -0.0009 0.0000 0.0000 0.0002 -29.9997 -0.0001 -0.0003 29.9996 0.0000 0.0000 0.0000 8.3681 -4.7010 -174.5928 -0.9183 -28.0617 0.3115 -28.1568 82.7791 -29.1667 0.0000 25.3510 0.0000 -90.8527 -30.9942 -156.4897 0.7959 -27.0142 -0.2733 -37.2863 64.2023 -8.3439 0.0000 25.3508 -0.0001 
30.4817 90.8498 -49.3633 4.6188 -7.4339 -9.4332 1.9359 2.9142 0.2379 1.9377 2.9170 0.2382 1.9418 2.9230 0.2388 41.6732 79.6035 -59.4719 62.2086 47.2842 33.7282 35.8252 1.2523 74.3849 -0.7419 1.0670 0.2611 0.0000 0.0000 0.0001 0.0000 0.0000 0.0000 0.0000 -0.0013 -0.0008 0.0000 -0.0004 0.0001 0.0000 0.0000 0.0000 0.0000 0.0000 0.0000 0.0000 0.0003 0.0000 0.0000 -0.0006 0.0003 0.0000 0.0004 -0.0006 0.0000 0.0000 0.0001 0.0000 0.0000 0.0000 0.0000 -0.0010 -0.0002 0.0000 0.0002 30.0001 -0.0001 0.0005 -29.9998 0.0000 0.0000 0.0000 -4.7769 1.8106 4.0960 -4.7769 1.8106 4.0960 -61.0598 81.8412 45.9318 -36.9856 51.2803 -16.7776 -47.8339 10.2821 -75.3988 0.8424 1.2221 -0.1280 0.0000 -0.0001 0.0001 0.0000 0.0000 0.0000 0.0000 -0.0006 0.0003 0.0000 -0.0001 0.0001 0.0000 0.0000 0.0000 0.0000 0.0000 0.0000 0.0000 0.0007 0.0001 0.0000 -0.0011 0.0001 0.0000 -0.0008 0.0003 0.0000 0.0001 0.0000 0.0000 0.0000 0.0000 0.0000 -0.0009 0.0000 0.0000 0.0002 -29.9996 -0.0001 -0.0003 29.9996 0.0000 0.0000 0.0000 7.6297 -4.4108 -174.3887 -0.9438 -27.8141 0.3157 -30.4073 82.4262 -31.1738 0.0000 25.3510 0.0000 -104.3593 -27.7485 -151.8000 0.5590 -28.2618 -0.2230 -49.3273 62.0810 -11.4172 0.0000 25.3508 -0.0001 
30.5266 90.9409 -49.4268 4.9209 -7.6337 -9.7417 1.9703 2.8861 0.2888 1.9722 2.8888 0.2891 1.9763 2.8948 0.2898 41.2495 79.7150 -59.8163 62.0390 47.3772 33.5366 35.7505 1.1398 74.2951 -0.7414 1.0673 0.2599 0.0000 0.0000 0.0001 0.0000 0.0000 0.0000 0.0000 -0.0013 -0.0008 0.0000 -0.0004 0.0001 0.0000 0.0000 0.0000 0.0000 0.0000 0.0000 0.0000 0.0002 0.0000 0.0000 -0.0006 0.0003 0.0000 0.0004 -0.0006 0.0000 0.0000 0.0001 0.0000 0.0000 0.0000 0.0000 -0.0010 -0.0002 0.0000 0.0002 30.0001 -0.0001 0.0005 -29.9998 0.0000 0.0000 0.0000 -4.9119 2.0452 4.1761 -4.9119 2.0452 4.1761 -62.2168 81.8178 44.8431 -37.0448 51.2064 -16.8357 -47.9722 10.3528 -75.4644 0.8371 1.2170 -0.1433 0.0000 -0.0001 0.0001 0.0000 0.0000 0.0000 0.0000 -0.0006 0.0003 0.0000 -0.0001 0.0001 0.0000 0.0000 0.0000 0.0000 0.0000 0.0000 0.0000 0.0007 0.0001 0.0000 -0.0012 0.0001 0.0000 -0.0008 0.0003 0.0000 0.0001 0.0000 0.0000 0.0000 0.0000 0.0000 -0.0008 0.0000 0.0000 0.0002 -29.9996 -0.0001 -0.0003 29.9996 0.0000 0.0000 0.0000 6.8392 -4.1045 -174.1798 -0.9691 -27.6045 0.3201 -32.9165 82.0776 -33.3608 0.0000 25.3510 0.0000 -116.4149 -23.6550 -148.2280 0.2807 -29.4939 -0.1564 -60.1174 59.6476 -13.8156 0.0000 25.3508 -0.0001 
30.4948 91.0335 -49.3918 5.2002 -7.8494 -10.0552 2.0072 2.8650 0.3496 2.0091 2.8677 0.3500 2.0132 2.8736 0.3509 40.9176 79.8033 -60.0531 61.8325 47.5246 33.3142 35.6933 1.0242 74.2336 -0.7427 1.0696 0.2575 0.0000 0.0000 0.0001 0.0000 0.0000 0.0000 0.0000 -0.0013 -0.0008 0.0000 -0.0004 0.0001 0.0000 0.0000 0.0000 0.0000 0.0000 0.0000 0.0000 0.0002 0.0000 0.0000 -0.0007 0.0003 0.0000 0.0004 -0.0006 0.0000 0.0000 0.0001 0.0000 0.0000 0.0000 0.0000 -0.0010 -0.0002 0.0000 0.0002 30.0001 -0.0001 0.0005 -29.9998 0.0000 0.0000 0.0000 -5.0337 2.2724 4.2254 -5.0337 2.2724 4.2254 -63.4347 81.8166 43.6751 -37.0751 51.0954 -16.8826 -48.1227 10.4461 -75.5728 0.8323 1.2119 -0.1594 0.0000 -0.0001 0.0001 0.0000 0.0000 0.0000 0.0000 -0.0006 0.0003 0.0000 -0.0001 0.0001 0.0000 0.0000 0.0000 0.0000 0.0000 0.0000 0.0000 0.0007 0.0001 0.0000 -0.0011 0.0001 0.0000 -0.0008 0.0003 0.0000 0.0001 0.0000 0.0000 0.0000 0.0000 0.0000 -0.0009 0.0000 0.0000 0.0002 -29.9996 -0.0001 -0.0003 29.9996 0.0000 0.0000 0.0000 6.0428 -3.7290 -173.9084 -0.9839 -27.4263 0.3221 -36.1618 81.7451 -36.2783 0.0000 25.3510 0.0000 -125.6639 -19.9955 -145.8396 0.0130 -30.6412 -0.0862 -67.9383 57.3189 -15.1879 0.0000 25.3508 -0.0001 
30.4242 91.1278 -49.3000 5.4777 -8.0657 -10.3783 2.0398 2.8483 0.4123 2.0417 2.8511 0.4128 2.0460 2.8569 0.4137 40.6752 79.8555 -60.1883 61.6060 47.6830 33.0906 35.6727 0.9464 74.1764 -0.7447 1.0731 0.2557 0.0000 0.0000 0.0001 0.0000 0.0000 0.0000 0.0000 -0.0013 -0.0008 0.0000 -0.0004 0.0001 0.0000 0.0000 0.0000 0.0000 0.0000 0.0000 0.0000 0.0002 -0.0001 0.0000 -0.0006 0.0003 0.0000 0.0004 -0.0006 0.0000 0.0000 0.0001 0.0000 0.0000 0.0000 0.0000 -0.0010 -0.0002 0.0000 0.0002 30.0001 -0.0001 0.0005 -29.9998 0.0000 0.0000 0.0000 -5.1441 2.4908 4.2716 -5.1441 2.4908 4.2716 -64.6141 81.8299 42.5496 -37.1004 50.9873 -16.9358 -48.2837 10.5461 -75.6911 0.8270 1.2057 -0.1738 0.0000 -0.0001 0.0001 0.0000 0.0000 0.0000 0.0000 -0.0006 0.0003 0.0000 -0.0001 0.0001 0.0000 0.0000 0.0000 0.0000 0.0000 0.0000 0.0000 0.0007 0.0001 0.0000 -0.0012 0.0001 0.0000 -0.0008 0.0003 0.0000 0.0001 0.0000 0.0000 0.0000 0.0000 0.0000 -0.0009 0.0000 0.0000 0.0002 -29.9997 -0.0001 -0.0003 29.9996 0.0000 0.0000 0.0000 5.3183 -3.3204 -173.5835 -0.9934 -27.2633 0.3229 -39.7599 81.4240 -39.6526 0.0000 25.3510 0.0000 -129.1534 -19.4842 -144.0808 0.0328 -31.7100 -0.0920 -69.0064 56.3780 -15.3328 0.0000 25.3508 -0.0001 
30.3463 91.2161 -49.1925 5.7685 -8.2845 -10.7066 2.0653 2.8366 0.4704 2.0673 2.8393 0.4709 2.0716 2.8451 0.4720 40.5429 79.8790 -60.2022 61.3923 47.8251 32.9056 35.6781 0.9089 74.0987 -0.7471 1.0778 0.2558 0.0000 0.0000 0.0001 0.0000 0.0000 0.0000 0.0000 -0.0013 -0.0008 0.0000 -0.0004 0.0001 0.0000 0.0000 0.0000 0.0000 0.0000 0.0000 0.0000 0.0002 0.0000 0.0000 -0.0006 0.0003 0.0000 0.0004 -0.0006 0.0000 0.0000 0.0001 0.0000 0.0000 0.0000 0.0000 -0.0010 -0.0002 0.0000 0.0002 30.0001 -0.0001 0.0005 -29.9998 0.0000 0.0000 0.0000 -5.2465 2.7017 4.3280 -5.2465 2.7017 4.3280 -65.7178 81.8573 41.5184 -37.1332 50.8939 -17.0016 -48.4454 10.6455 -75.7998 0.8206 1.1978 -0.1856 0.0000 -0.0001 0.0001 0.0000 0.0000 0.0000 0.0000 -0.0006 0.0003 0.0000 -0.0001 0.0001 0.0000 0.0000 0.0000 0.0000 0.0000 0.0000 0.0000 0.0007 0.0001 0.0000 -0.0011 0.0001 0.0000 -0.0008 0.0003 0.0000 0.0001 0.0000 0.0000 0.0000 0.0000 0.0000 -0.0009 0.0000 0.0000 0.0002 -29.9996 -0.0001 -0.0003 29.9996 0.0000 0.0000 0.0000 4.6828 -2.9041 -173.2311 -1.0007 -27.1195 0.3234 -43.4196 81.1003 -43.2195 0.0000 25.3510 0.0000 -128.9279 -21.4678 -142.4483 0.2933 -32.6745 -0.1684 -65.4887 56.5907 -14.6837 0.0000 25.3508 -0.0001 
30.3047 91.2999 -49.1248 6.0994 -8.5098 -11.0494 2.0752 2.8415 0.5239 2.0772 2.8443 0.5245 2.0814 2.8501 0.5257 40.4287 79.8747 -60.1885 61.2167 47.8837 32.7912 35.6998 0.9390 73.9855 -0.7492 1.0831 0.2593 0.0000 0.0000 0.0001 0.0000 0.0000 0.0000 0.0000 -0.0013 -0.0008 0.0000 -0.0004 0.0001 0.0000 0.0000 0.0000 0.0000 0.0000 0.0000 0.0000 0.0002 0.0000 0.0000 -0.0006 0.0003 0.0000 0.0004 -0.0006 0.0000 0.0000 0.0001 0.0000 0.0000 0.0000 0.0000 -0.0010 -0.0002 0.0000 0.0002 30.0001 -0.0001 0.0005 -29.9998 0.0000 0.0000 0.0000 -5.3419 2.8844 4.4007 -5.3419 2.8844 4.4007 -66.5747 81.8740 40.7817 -37.1949 50.8476 -17.0979 -48.5908 10.7314 -75.8834 0.8143 1.1890 -0.1914 0.0000 -0.0001 0.0001 0.0000 0.0000 0.0000 0.0000 -0.0006 0.0003 0.0000 -0.0001 0.0001 0.0000 0.0000 0.0000 0.0000 0.0000 0.0000 0.0000 0.0007 0.0001 0.0000 -0.0012 0.0001 0.0000 -0.0008 0.0003 0.0000 0.0002 0.0000 0.0000 0.0000 0.0000 0.0000 -0.0009 0.0000 0.0000 0.0002 -29.9997 -0.0001 -0.0003 29.9996 0.0000 0.0000 0.0000 4.1971 -2.5295 -172.8567 -1.0032 -27.0189 0.3230 -46.7883 80.7830 -46.7020 0.0000 25.3510 0.0000 -128.5507 -23.5717 -141.0117 0.5259 -33.4609 -0.2403 -61.8037 56.9968 -13.8706 0.0000 25.3508 -0.0001 
30.3216 91.3808 -49.1125 6.4807 -8.7341 -11.4210 2.0732 2.8639 0.5802 2.0752 2.8668 0.5808 2.0795 2.8726 0.5821 40.2048 79.8564 -60.2707 61.0856 47.8400 32.7158 35.7168 1.0066 73.8473 -0.7508 1.0887 0.2669 0.0000 0.0000 0.0001 0.0000 0.0000 0.0000 0.0000 -0.0013 -0.0008 0.0000 -0.0004 0.0001 0.0000 0.0000 0.0000 0.0000 0.0000 0.0000 0.0000 0.0002 0.0000 0.0000 -0.0006 0.0003 0.0000 0.0004 -0.0006 0.0000 0.0000 0.0001 0.0000 0.0000 0.0000 0.0000 -0.0010 -0.0002 0.0000 0.0002 30.0001 -0.0001 0.0005 -29.9998 0.0000 0.0000 0.0000 -5.4421 3.0346 4.4866 -5.4421 3.0346 4.4866 -67.0562 81.8702 40.4808 -37.2832 50.8512 -17.2002 -48.7040 10.7901 -75.9663 0.8094 1.1805 -0.1896 0.0000 -0.0001 0.0001 0.0000 0.0000 0.0000 0.0000 -0.0006 0.0003 0.0000 -0.0001 0.0001 0.0000 0.0000 0.0000 0.0000 0.0000 0.0000 0.0000 0.0007 0.0001 0.0000 -0.0012 0.0001 0.0000 -0.0008 0.0003 0.0000 0.0001 0.0000 0.0000 0.0000 0.0000 0.0000 -0.0009 0.0000 0.0000 0.0002 -29.9996 -0.0001 -0.0003 29.9996 0.0000 0.0000 0.0000 3.7919 -2.2018 -172.4826 -1.0001 -26.9387 0.3215 -49.6332 80.4683 -49.7639 0.0000 25.3510 0.0000 -128.2686 -25.6038 -139.7738 0.7216 -34.1104 -0.3035 -58.2582 57.3513 -12.9964 0.0000 25.3508 -0.0001 
30.4035 91.4635 -49.1410 6.9004 -8.9484 -11.8099 2.0627 2.8970 0.6395 2.0648 2.9000 0.6402 2.0690 2.9058 0.6416 39.8583 79.8278 -60.4679 61.0015 47.7161 32.6585 35.7326 1.0870 73.6990 -0.7515 1.0934 0.2781 0.0000 0.0000 0.0001 0.0000 0.0000 0.0000 0.0000 -0.0013 -0.0008 0.0000 -0.0004 0.0001 0.0000 0.0000 0.0000 0.0000 0.0000 0.0000 0.0000 0.0002 0.0000 0.0000 -0.0006 0.0003 0.0000 0.0004 -0.0006 0.0000 0.0000 0.0001 0.0000 0.0000 0.0000 0.0000 -0.0010 -0.0002 0.0000 0.0003 30.0001 -0.0001 0.0005 -29.9998 0.0000 0.0000 0.0000 -5.5449 3.1609 4.5777 -5.5449 3.1609 4.5777 -67.2906 81.8547 40.4638 -37.3708 50.9030 -17.2854 -48.7819 10.8125 -76.0404 0.8063 1.1732 -0.1823 0.0000 -0.0001 0.0001 0.0000 0.0000 0.0000 0.0000 -0.0006 0.0003 0.0000 -0.0001 0.0001 0.0000 0.0000 0.0000 0.0000 0.0000 0.0000 0.0000 0.0007 0.0001 0.0000 -0.0012 0.0001 0.0000 -0.0008 0.0003 0.0000 0.0001 0.0000 0.0000 0.0000 0.0000 0.0000 -0.0008 0.0000 0.0000 0.0002 -29.9996 -0.0001 -0.0003 29.9996 0.0000 0.0000 0.0000 3.4299 -1.9146 -172.1341 -0.9992 -26.8720 0.3207 -51.9248 80.1893 -52.3104 0.0000 25.3510 0.0000 -128.1950 -27.4614 -138.6799 0.8911 -34.6655 -0.3600 -55.0468 57.6689 -12.1721 0.0000 25.3508 -0.0001 
30.5693 91.5448 -49.1694 7.3461 -9.1478 -12.1949 2.0483 2.9330 0.7000 2.0504 2.9360 0.7008 2.0545 2.9419 0.7023 39.4892 79.8029 -60.6804 60.9660 47.5330 32.5951 35.7621 1.1559 73.5832 -0.7507 1.0954 0.2934 0.0000 0.0000 0.0001 0.0000 0.0000 0.0000 0.0000 -0.0013 -0.0008 0.0000 -0.0004 0.0001 0.0000 0.0000 0.0000 0.0000 0.0000 0.0000 0.0000 0.0002 0.0000 0.0000 -0.0006 0.0003 0.0000 0.0004 -0.0006 0.0000 0.0000 0.0001 0.0000 0.0000 0.0000 0.0000 -0.0010 -0.0002 0.0000 0.0002 30.0001 -0.0001 0.0005 -29.9998 0.0000 0.0000 0.0000 -5.6544 3.2707 4.6615 -5.6544 3.2707 4.6615 -67.5212 81.8577 40.4706 -37.4190 51.0084 -17.3204 -48.7926 10.7661 -76.0828 0.8043 1.1670 -0.1716 0.0000 -0.0001 0.0001 0.0000 0.0000 0.0000 0.0000 -0.0006 0.0003 0.0000 -0.0001 0.0001 0.0000 0.0000 0.0000 0.0000 0.0000 0.0000 0.0000 0.0007 0.0001 0.0000 -0.0011 0.0001 0.0000 -0.0008 0.0003 0.0000 0.0001 0.0000 0.0000 0.0000 0.0000 0.0000 -0.0009 0.0000 0.0000 0.0002 -29.9997 -0.0001 -0.0003 29.9996 0.0000 0.0000 0.0000 3.0880 -1.6359 -171.8577 -1.0077 -26.8088 0.3222 -53.5693 80.0197 -54.1693 0.0000 25.3510 0.0000 -128.4136 -28.9997 -137.7374 1.0255 -35.1172 -0.4063 -52.3632 57.8423 -11.4526 0.0000 25.3508 -0.0001 
30.7400 91.6142 -49.1804 7.7798 -9.3358 -12.5435 2.0330 2.9672 0.7610 2.0351 2.9703 0.7618 2.0391 2.9761 0.7634 39.0781 79.7883 -60.9446 60.9575 47.3741 32.5145 35.8110 1.2162 73.5353 -0.7484 1.0938 0.3061 0.0000 0.0000 0.0001 0.0000 0.0000 0.0000 0.0000 -0.0013 -0.0008 0.0000 -0.0004 0.0001 0.0000 0.0000 0.0000 0.0000 0.0000 0.0000 0.0000 0.0002 0.0000 0.0000 -0.0006 0.0003 0.0000 0.0004 -0.0006 0.0000 0.0000 0.0001 0.0000 0.0000 0.0000 0.0000 -0.0010 -0.0002 0.0000 0.0002 30.0001 -0.0001 0.0005 -29.9998 0.0000 0.0000 0.0000 -5.7632 3.3762 4.7228 -5.7632 3.3762 4.7228 -67.9259 81.8711 40.2798 -37.4207 51.1186 -17.3114 -48.7588 10.6727 -76.0898 0.8031 1.1628 -0.1638 0.0000 -0.0001 0.0001 0.0000 0.0000 0.0000 0.0000 -0.0006 0.0003 0.0000 -0.0001 0.0001 0.0000 0.0000 0.0000 0.0000 0.0000 0.0000 0.0000 0.0007 0.0001 0.0000 -0.0012 0.0001 0.0000 -0.0008 0.0003 0.0000 0.0001 0.0000 0.0000 0.0000 0.0000 0.0000 -0.0008 0.0000 0.0000 0.0002 -29.9997 -0.0001 -0.0003 29.9996 0.0000 0.0000 0.0000 2.7243 -1.3538 -171.6442 -1.0174 -26.7554 0.3239 -54.8830 79.9189 -55.5941 0.0000 25.3510 0.0000 -128.7775 -30.3007 -136.8883 1.1307 -35.5185 -0.4439 -50.0843 57.9367 -10.8460 0.0000 25.3508 -0.0001 
30.8731 91.6652 -49.1928 8.1755 -9.5067 -12.8488 2.0207 2.9965 0.8202 2.0229 2.9996 0.8211 2.0269 3.0055 0.8228 38.6290 79.7794 -61.2587 60.9652 47.2734 32.4319 35.8698 1.2592 73.5383 -0.7457 1.0905 0.3140 0.0000 0.0000 0.0001 0.0000 0.0000 0.0000 0.0000 -0.0013 -0.0008 0.0000 -0.0004 0.0001 0.0000 0.0000 0.0000 0.0000 0.0000 0.0000 0.0000 0.0003 0.0000 0.0000 -0.0006 0.0003 0.0000 0.0004 -0.0006 0.0000 0.0000 0.0001 0.0000 0.0000 0.0000 0.0000 -0.0010 -0.0002 0.0000 0.0002 30.0001 -0.0001 0.0005 -29.9998 0.0000 0.0000 0.0000 -5.8674 3.4799 4.7630 -5.8674 3.4799 4.7630 -68.4604 81.8830 39.9346 -37.3856 51.2061 -17.2787 -48.7179 10.5624 -76.0723 0.8027 1.1612 -0.1601 0.0000 -0.0001 0.0001 0.0000 0.0000 0.0000 0.0000 -0.0006 0.0003 0.0000 -0.0001 0.0001 0.0000 0.0000 0.0000 0.0000 0.0000 0.0000 0.0000 0.0007 0.0001 0.0000 -0.0012 0.0001 0.0000 -0.0008 0.0003 0.0000 0.0001 0.0000 0.0000 0.0000 0.0000 0.0000 -0.0009 0.0000 0.0000 0.0002 -29.9997 -0.0001 -0.0003 29.9996 0.0000 0.0000 0.0000 2.3404 -1.0969 -171.4718 -1.0232 -26.7227 0.3250 -55.9911 79.8451 -56.7176 0.0000 25.3510 0.0000 -129.1521 -31.4680 -136.0964 1.2272 -35.8835 -0.4790 -48.0734 58.0142 -10.2837 0.0000 25.3508 -0.0001 
30.9288 91.6846 -49.2481 8.4786 -9.6492 -13.0773 2.0165 3.0172 0.8681 2.0186 3.0205 0.8690 2.0226 3.0263 0.8708 38.1595 79.7584 -61.6173 60.9989 47.2919 32.3774 35.9238 1.2531 73.5803 -0.7435 1.0864 0.3131 0.0000 0.0000 0.0001 0.0000 0.0000 0.0000 0.0000 -0.0013 -0.0008 0.0000 -0.0004 0.0001 0.0000 0.0000 0.0000 0.0000 0.0000 0.0000 0.0000 0.0002 0.0000 0.0000 -0.0006 0.0003 0.0000 0.0004 -0.0006 0.0000 0.0000 0.0001 0.0000 0.0000 0.0000 0.0000 -0.0010 -0.0002 0.0000 0.0002 30.0001 -0.0001 0.0005 -29.9998 0.0000 0.0000 0.0000 -5.9503 3.5785 4.7785 -5.9503 3.5785 4.7785 -69.0918 81.8976 39.4470 -37.2914 51.2266 -17.2263 -48.7222 10.4738 -76.0434 0.8027 1.1617 -0.1628 0.0000 -0.0001 0.0001 0.0000 0.0000 0.0000 0.0000 -0.0006 0.0003 0.0000 -0.0001 0.0001 0.0000 0.0000 0.0000 0.0000 0.0000 0.0000 0.0000 0.0007 0.0001 0.0000 -0.0012 0.0001 0.0000 -0.0008 0.0003 0.0000 0.0002 0.0000 0.0000 0.0000 0.0000 0.0000 -0.0009 0.0000 0.0000 0.0002 -29.9996 -0.0001 -0.0003 29.9996 0.0000 0.0000 0.0000 1.9507 -0.9283 -171.3479 -1.0249 -26.7360 0.3256 -56.7045 79.7809 -57.3431 0.0000 25.3511 0.0000 -129.3261 -32.5793 -135.3797 1.3257 -36.1864 -0.5146 -46.3058 58.0851 -9.7095 0.0000 25.3508 -0.0001 
30.9404 91.6921 -49.3118 8.6896 -9.7714 -13.2474 2.0159 3.0309 0.9007 2.0180 3.0342 0.9017 2.0220 3.0400 0.9036 37.7353 79.7205 -61.9634 61.0513 47.3987 32.3382 35.9447 1.1917 73.6306 -0.7426 1.0835 0.3069 0.0000 0.0000 0.0001 0.0000 0.0000 0.0000 0.0000 -0.0013 -0.0008 0.0000 -0.0004 0.0001 0.0000 0.0000 0.0000 0.0000 0.0000 0.0000 0.0000 0.0002 0.0000 0.0000 -0.0006 0.0003 0.0000 0.0004 -0.0006 0.0000 0.0000 0.0001 0.0000 0.0000 0.0000 0.0000 -0.0010 -0.0002 0.0000 0.0002 30.0001 -0.0001 0.0005 -29.9998 0.0000 0.0000 0.0000 -6.0042 3.6686 4.7834 -6.0042 3.6686 4.7834 -69.7173 81.9113 38.9100 -37.1931 51.1932 -17.1918 -48.7874 10.4270 -76.0205 0.8016 1.1618 -0.1700 0.0000 -0.0001 0.0001 0.0000 0.0000 0.0000 0.0000 -0.0006 0.0003 0.0000 -0.0001 0.0001 0.0000 0.0000 0.0000 0.0000 0.0000 0.0000 0.0000 0.0007 0.0001 0.0000 -0.0012 0.0001 0.0000 -0.0008 0.0003 0.0000 0.0002 0.0000 0.0000 0.0000 0.0000 0.0000 -0.0008 0.0000 0.0000 0.0002 -29.9996 -0.0001 -0.0003 29.9996 0.0000 0.0000 0.0000 1.6113 -0.8174 -171.2508 -1.0229 -26.7831 0.3255 -57.0741 79.7264 -57.6018 0.0000 25.3510 0.0000 -129.2524 -33.6866 -134.7399 1.4256 -36.4161 -0.5504 -44.5915 58.1211 -9.0678 0.0000 25.3508 -0.0001 
30.9405 91.6972 -49.3457 8.8240 -9.8752 -13.3768 2.0152 3.0381 0.9211 2.0174 3.0414 0.9221 2.0213 3.0473 0.9240 37.3709 79.6818 -62.2811 61.1017 47.5609 32.2944 35.9385 1.1048 73.6848 -0.7423 1.0812 0.2974 0.0000 0.0000 0.0001 0.0000 0.0000 0.0000 0.0000 -0.0013 -0.0008 0.0000 -0.0004 0.0001 0.0000 0.0000 0.0000 0.0000 0.0000 0.0000 0.0000 0.0002 0.0000 0.0000 -0.0006 0.0003 0.0000 0.0004 -0.0006 0.0000 0.0000 0.0001 0.0000 0.0000 0.0000 0.0000 -0.0010 -0.0002 0.0000 0.0002 30.0001 -0.0001 0.0005 -29.9998 0.0000 0.0000 0.0000 -6.0334 3.7486 4.7809 -6.0334 3.7486 4.7809 -70.2214 81.9138 38.4463 -37.1465 51.1172 -17.1976 -48.8888 10.4145 -76.0042 0.7993 1.1610 -0.1805 0.0000 -0.0001 0.0001 0.0000 0.0000 0.0000 0.0000 -0.0006 0.0003 0.0000 -0.0001 0.0001 0.0000 0.0000 0.0000 0.0000 0.0000 0.0000 0.0000 0.0007 0.0001 0.0000 -0.0012 0.0001 0.0000 -0.0008 0.0003 0.0000 0.0001 0.0000 0.0000 0.0000 0.0000 0.0000 -0.0008 0.0000 0.0000 0.0002 -29.9996 -0.0001 -0.0003 29.9996 0.0000 0.0000 0.0000 1.3341 -0.7220 -171.1780 -1.0187 -26.8363 0.3250 -57.2013 79.6984 -57.6101 0.0000 25.3510 0.0000 -129.0208 -34.7323 -134.1826 1.5178 -36.5786 -0.5831 -42.9082 58.1086 -8.3680 0.0000 25.3508 -0.0001 
30.9628 91.7013 -49.2904 8.8603 -9.9447 -13.4683 2.0139 3.0392 0.9285 2.0161 3.0425 0.9296 2.0200 3.0483 0.9315 37.0465 79.6552 -62.5955 61.0968 47.7493 32.2437 35.9064 1.0326 73.7145 -0.7438 1.0818 0.2851 0.0000 0.0000 0.0001 0.0000 0.0000 0.0000 0.0000 -0.0013 -0.0008 0.0000 -0.0004 0.0001 0.0000 0.0000 0.0000 0.0000 0.0000 0.0000 0.0000 0.0002 0.0000 0.0000 -0.0006 0.0003 0.0000 0.0004 -0.0006 0.0000 0.0000 0.0001 0.0000 0.0000 0.0000 0.0000 -0.0010 -0.0002 0.0000 0.0002 30.0001 -0.0001 0.0005 -29.9998 0.0000 0.0000 0.0000 -6.0375 3.8023 4.7700 -6.0375 3.8022 4.7700 -70.3736 81.8896 38.2873 -37.2093 50.9941 -17.2722 -49.0175 10.4373 -76.0001 0.7957 1.1588 -0.1932 0.0000 -0.0001 0.0001 0.0000 0.0000 0.0000 0.0000 -0.0006 0.0003 0.0000 -0.0001 0.0001 0.0000 0.0000 0.0000 0.0000 0.0000 0.0000 0.0000 0.0007 0.0001 0.0000 -0.0012 0.0001 0.0000 -0.0008 0.0003 0.0000 0.0001 0.0000 0.0000 0.0000 0.0000 0.0000 -0.0009 0.0000 0.0000 0.0002 -29.9996 -0.0001 -0.0003 29.9996 0.0000 0.0000 0.0000 1.1388 -0.5988 -171.1474 -1.0151 -26.8572 0.3244 -57.0379 79.7385 -57.2947 0.0000 25.3511 0.0000 -128.7159 -35.5388 -133.7522 1.5934 -36.6798 -0.6095 -41.4651 58.0261 -7.7186 0.0000 25.3508 -0.0001 
31.0215 91.7015 -49.1611 8.8385 -9.9786 -13.5463 2.0121 3.0360 0.9279 2.0143 3.0393 0.9290 2.0182 3.0451 0.9309 36.7669 79.6347 -62.8777 61.0500 47.9139 32.2068 35.8581 0.9739 73.7140 -0.7469 1.0856 0.2730 0.0000 0.0000 0.0001 0.0000 0.0000 0.0000 0.0000 -0.0013 -0.0008 0.0000 -0.0004 0.0001 0.0000 0.0000 0.0000 0.0000 0.0000 0.0000 0.0000 0.0002 0.0000 0.0000 -0.0006 0.0003 0.0000 0.0004 -0.0006 0.0000 0.0000 0.0001 0.0000 0.0000 0.0000 0.0000 -0.0010 -0.0002 0.0000 0.0002 30.0001 -0.0001 0.0005 -29.9998 0.0000 0.0000 0.0000 -6.0330 3.8312 4.7566 -6.0330 3.8312 4.7566 -70.2134 81.8574 38.4179 -37.3230 50.8660 -17.3595 -49.1495 10.4705 -76.0038 0.7914 1.1554 -0.2049 0.0000 -0.0001 0.0001 0.0000 0.0000 0.0000 0.0000 -0.0006 0.0003 0.0000 -0.0001 0.0001 0.0000 0.0000 0.0000 0.0000 0.0000 0.0000 0.0000 0.0007 0.0001 0.0000 -0.0011 0.0001 0.0000 -0.0008 0.0003 0.0000 0.0001 0.0000 0.0000 0.0000 0.0000 0.0000 -0.0008 0.0000 0.0000 0.0002 -29.9996 -0.0001 -0.0003 29.9996 0.0000 0.0000 0.0000 0.9898 -0.4286 -171.1542 -1.0155 -26.8051 0.3240 -56.6494 79.8331 -56.7023 0.0000 25.3510 0.0000 -128.5007 -36.0285 -133.4351 1.6416 -36.7696 -0.6269 -40.4464 57.8995 -7.2366 0.0000 25.3508 -0.0001 
31.0992 91.7096 -49.0085 8.7787 -9.9842 -13.6085 2.0067 3.0270 0.9180 2.0089 3.0303 0.9190 2.0128 3.0361 0.9209 36.5491 79.6267 -63.1094 60.9839 48.0343 32.1738 35.7973 0.9229 73.6989 -0.7504 1.0903 0.2631 0.0000 0.0000 0.0001 0.0000 0.0000 0.0000 0.0000 -0.0013 -0.0008 0.0000 -0.0004 0.0001 0.0000 0.0000 0.0000 0.0000 0.0000 0.0000 0.0000 0.0002 0.0000 0.0000 -0.0006 0.0003 0.0000 0.0004 -0.0006 0.0000 0.0000 0.0001 0.0000 0.0000 0.0000 0.0000 -0.0010 -0.0002 0.0000 0.0002 30.0001 -0.0001 0.0005 -29.9998 0.0000 0.0000 0.0000 -6.0218 3.8472 4.7425 -6.0218 3.8472 4.7425 -69.9246 81.8264 38.6481 -37.4562 50.7590 -17.4336 -49.2706 10.5020 -76.0094 0.7864 1.1507 -0.2153 0.0000 -0.0001 0.0001 0.0000 0.0000 0.0000 0.0000 -0.0006 0.0003 0.0000 -0.0001 0.0001 0.0000 0.0000 0.0000 0.0000 0.0000 0.0000 0.0000 0.0007 0.0001 0.0000 -0.0011 0.0001 0.0000 -0.0008 0.0003 0.0000 0.0001 0.0000 0.0000 0.0000 0.0000 0.0000 -0.0008 0.0000 0.0000 0.0002 -29.9996 -0.0001 -0.0003 29.9996 0.0000 0.0000 0.0000 0.8741 -0.2458 -171.1890 -1.0178 -26.6933 0.3235 -56.0109 79.9597 -55.8142 0.0000 25.3510 0.0000 -128.3832 -36.2369 -133.2182 1.6651 -36.8507 -0.6360 -39.8439 57.7413 -6.9232 0.0000 25.3508 -0.0001 
31.1551 91.7225 -48.8884 8.6815 -9.9505 -13.6459 1.9926 3.0084 0.8965 1.9948 3.0116 0.8975 1.9987 3.0175 0.8993 36.3951 79.6535 -63.2957 60.8962 48.0615 32.1415 35.7359 0.9172 73.6695 -0.7532 1.0947 0.2578 0.0000 0.0000 0.0001 0.0000 0.0000 0.0000 0.0000 -0.0013 -0.0008 0.0000 -0.0004 0.0001 0.0000 0.0000 0.0000 0.0000 0.0000 0.0000 0.0000 0.0002 0.0000 0.0000 -0.0006 0.0003 0.0000 0.0004 -0.0006 0.0000 0.0000 0.0001 0.0000 0.0000 0.0000 0.0000 -0.0010 -0.0002 0.0000 0.0002 30.0001 -0.0001 0.0005 -29.9998 0.0000 0.0000 0.0000 -6.0027 3.8551 4.7264 -6.0027 3.8551 4.7264 -69.6231 81.7913 38.8543 -37.5937 50.7166 -17.4804 -49.3506 10.5149 -75.9994 0.7810 1.1450 -0.2232 0.0000 -0.0001 0.0001 0.0000 0.0000 0.0000 0.0000 -0.0006 0.0003 0.0000 -0.0001 0.0001 0.0000 0.0000 0.0000 0.0000 0.0000 0.0000 0.0000 0.0007 0.0001 0.0000 -0.0012 0.0001 0.0000 -0.0008 0.0003 0.0000 0.0001 0.0000 0.0000 0.0000 0.0000 0.0000 -0.0009 0.0000 0.0000 0.0002 -29.9996 -0.0001 -0.0003 29.9996 0.0000 0.0000 0.0000 0.7999 -0.1129 -171.2312 -1.0192 -26.5377 0.3223 -55.0213 80.0886 -54.5370 0.0000 25.3510 0.0000 -128.3094 -36.1293 -133.1563 1.6633 -36.8888 -0.6360 -39.7461 57.5671 -6.7805 0.0000 25.3508 -0.0001 
31.1461 91.7336 -48.8043 8.5671 -9.8863 -13.6744 1.9742 2.9866 0.8744 1.9763 2.9897 0.8753 1.9802 2.9956 0.8772 36.1920 79.6951 -63.5347 60.7906 48.0171 32.1357 35.6976 0.9556 73.6305 -0.7559 1.0993 0.2539 0.0000 0.0000 0.0001 0.0000 0.0000 0.0000 0.0000 -0.0013 -0.0008 0.0000 -0.0004 0.0001 0.0000 0.0000 0.0000 0.0000 0.0000 0.0000 0.0000 0.0003 0.0000 0.0000 -0.0006 0.0003 0.0000 0.0004 -0.0006 0.0000 0.0000 0.0001 0.0000 0.0000 0.0000 0.0000 -0.0010 -0.0002 0.0000 0.0002 30.0001 -0.0001 0.0005 -29.9998 0.0000 0.0000 0.0000 -5.9807 3.8540 4.7079 -5.9807 3.8540 4.7079 -69.3114 81.7467 39.0622 -37.6983 50.7229 -17.4828 -49.3951 10.5104 -75.9775 0.7772 1.1412 -0.2288 0.0000 -0.0001 0.0001 0.0000 0.0000 0.0000 0.0000 -0.0006 0.0003 0.0000 -0.0001 0.0001 0.0000 0.0000 0.0000 0.0000 0.0000 0.0000 0.0000 0.0007 0.0001 0.0000 -0.0012 0.0001 0.0000 -0.0008 0.0003 0.0000 0.0001 0.0000 0.0000 0.0000 0.0000 0.0000 -0.0009 0.0000 0.0000 0.0002 -29.9997 -0.0001 -0.0003 29.9996 0.0000 0.0000 0.0000 0.7760 -0.0777 -171.2243 -1.0164 -26.4355 0.3207 -54.0763 80.1997 -53.3478 0.0000 25.3510 0.0000 -128.1067 -35.9027 -133.2415 1.6600 -36.8508 -0.6343 -39.8864 57.3830 -6.6627 0.0000 25.3508 -0.0001 
31.0719 91.7322 -48.7070 8.4432 -9.7985 -13.6993 1.9545 2.9641 0.8549 1.9565 2.9671 0.8558 1.9604 2.9730 0.8576 35.9516 79.7308 -63.8028 60.6888 47.9313 32.1491 35.6884 1.0049 73.5988 -0.7583 1.1036 0.2514 0.0000 0.0000 0.0001 0.0000 0.0000 0.0000 0.0000 -0.0013 -0.0008 0.0000 -0.0004 0.0001 0.0000 0.0000 0.0000 0.0000 0.0000 0.0000 0.0000 0.0002 0.0000 0.0000 -0.0006 0.0003 0.0000 0.0004 -0.0006 0.0000 0.0000 0.0001 0.0000 0.0000 0.0000 0.0000 -0.0010 -0.0002 0.0000 0.0002 30.0001 -0.0001 0.0005 -29.9998 0.0000 0.0000 0.0000 -5.9573 3.8433 4.6868 -5.9573 3.8433 4.6868 -69.0028 81.6993 39.2698 -37.7567 50.7619 -17.4373 -49.4157 10.4964 -75.9487 0.7748 1.1390 -0.2324 0.0000 -0.0001 0.0001 0.0000 0.0000 0.0000 0.0000 -0.0006 0.0003 0.0000 -0.0001 0.0001 0.0000 0.0000 0.0000 0.0000 0.0000 0.0000 0.0000 0.0007 0.0001 0.0000 -0.0012 0.0001 0.0000 -0.0008 0.0003 0.0000 0.0001 0.0000 0.0000 0.0000 0.0000 0.0000 -0.0008 0.0000 0.0000 0.0002 -29.9996 -0.0001 -0.0003 29.9996 0.0000 0.0000 0.0000 0.8173 -0.1052 -171.1574 -1.0061 -26.3977 0.3180 -53.3977 80.3030 -52.5119 0.0000 25.3510 0.0000 -127.7512 -35.6131 -133.4637 1.6635 -36.7425 -0.6337 -40.1919 57.1842 -6.5553 0.0000 25.3508 -0.0001 
30.9366 91.7246 -48.5606 8.3202 -9.6913 -13.7041 1.9308 2.9461 0.8322 1.9327 2.9490 0.8331 1.9366 2.9549 0.8349 35.6751 79.7410 -64.0875 60.6168 47.8146 32.1670 35.7246 1.0661 73.5895 -0.7598 1.1063 0.2511 0.0000 0.0000 0.0001 0.0000 0.0000 0.0000 0.0000 -0.0013 -0.0008 0.0000 -0.0004 0.0001 0.0000 0.0000 0.0000 0.0000 0.0000 0.0000 0.0000 0.0002 0.0000 0.0000 -0.0006 0.0003 0.0000 0.0004 -0.0006 0.0000 0.0000 0.0001 0.0000 0.0000 0.0000 0.0000 -0.0010 -0.0002 0.0000 0.0002 30.0001 -0.0001 0.0005 -29.9998 0.0000 0.0000 0.0000 -5.9279 3.8172 4.6657 -5.9279 3.8172 4.6657 -68.7672 81.6696 39.4169 -37.7390 50.8285 -17.3383 -49.4042 10.4669 -75.9023 0.7738 1.1386 -0.2337 0.0000 -0.0001 0.0001 0.0000 0.0000 0.0000 0.0000 -0.0006 0.0003 0.0000 -0.0001 0.0001 0.0000 0.0000 0.0000 0.0000 0.0000 0.0000 0.0000 0.0007 0.0001 0.0000 -0.0012 0.0001 0.0000 -0.0008 0.0003 0.0000 0.0001 0.0000 0.0000 0.0000 0.0000 0.0000 -0.0009 0.0000 0.0000 0.0002 -29.9996 -0.0001 -0.0003 29.9996 0.0000 0.0000 0.0000 0.9618 -0.1775 -171.0370 -0.9867 -26.4384 0.3138 -53.0437 80.4332 -52.1593 0.0000 25.3510 0.0000 -127.2001 -35.2521 -133.9049 1.6634 -36.5540 -0.6306 -40.6984 56.9836 -6.4658 0.0000 25.3508 -0.0001 
30.8179 91.7170 -48.4319 8.2038 -9.5820 -13.6830 1.9025 2.9369 0.8010 1.9044 2.9398 0.8018 1.9083 2.9458 0.8035 35.4077 79.7259 -64.3516 60.5861 47.6879 32.1992 35.7843 1.1661 73.5845 -0.7604 1.1078 0.2521 0.0000 0.0000 0.0001 0.0000 0.0000 0.0000 0.0000 -0.0013 -0.0008 0.0000 -0.0004 0.0001 0.0000 0.0000 0.0000 0.0000 0.0000 0.0000 0.0000 0.0002 0.0000 0.0000 -0.0006 0.0003 0.0000 0.0004 -0.0006 0.0000 0.0000 0.0001 0.0000 0.0000 0.0000 0.0000 -0.0010 -0.0002 0.0000 0.0002 30.0001 -0.0001 0.0005 -29.9998 0.0000 0.0000 0.0000 -5.8910 3.7763 4.6490 -5.8910 3.7763 4.6490 -68.5960 81.6563 39.5145 -37.6767 50.9030 -17.2280 -49.3800 10.4227 -75.8517 0.7739 1.1391 -0.2333 0.0000 -0.0001 0.0001 0.0000 0.0000 0.0000 0.0000 -0.0006 0.0003 0.0000 -0.0001 0.0001 0.0000 0.0000 0.0000 0.0000 0.0000 0.0000 0.0000 0.0007 0.0001 0.0000 -0.0012 0.0001 0.0000 -0.0008 0.0003 0.0000 0.0001 0.0000 0.0000 0.0000 0.0000 0.0000 -0.0009 0.0000 0.0000 0.0002 -29.9996 -0.0001 -0.0003 29.9996 0.0000 0.0000 0.0000 1.1562 -0.2654 -170.9436 -0.9718 -26.4742 0.3107 -52.5420 80.5765 -51.7352 0.0000 25.3510 0.0000 -126.5250 -34.8018 -134.5681 1.6281 -36.3415 -0.6157 -41.3664 56.8315 -6.4168 0.0000 25.3508 -0.0001 
30.7425 91.7078 -48.3643 8.0908 -9.4722 -13.6341 1.8706 2.9362 0.7612 1.8724 2.9390 0.7620 1.8762 2.9450 0.7636 35.1443 79.6904 -64.6061 60.5974 47.5612 32.2557 35.8515 1.2897 73.5813 -0.7602 1.1082 0.2531 0.0000 0.0000 0.0001 0.0000 0.0000 0.0000 0.0000 -0.0013 -0.0008 0.0000 -0.0004 0.0001 0.0000 0.0000 0.0000 0.0000 0.0000 0.0000 0.0000 0.0002 0.0000 0.0000 -0.0006 0.0003 0.0000 0.0004 -0.0006 0.0000 0.0000 0.0001 0.0000 0.0000 0.0000 0.0000 -0.0010 -0.0002 0.0000 0.0002 30.0001 -0.0001 0.0005 -29.9998 0.0000 0.0000 0.0000 -5.8493 3.7210 4.6345 -5.8493 3.7210 4.6345 -68.3975 81.6490 39.6522 -37.5954 50.9693 -17.1190 -49.3496 10.3700 -75.8020 0.7753 1.1415 -0.2321 0.0000 -0.0001 0.0001 0.0000 0.0000 0.0000 0.0000 -0.0006 0.0003 0.0000 -0.0001 0.0001 0.0000 0.0000 0.0000 0.0000 0.0000 0.0000 0.0000 0.0007 0.0001 0.0000 -0.0012 0.0001 0.0000 -0.0008 0.0003 0.0000 0.0001 0.0000 0.0000 0.0000 0.0000 0.0000 -0.0008 0.0000 0.0000 0.0002 -29.9996 -0.0001 -0.0003 29.9996 0.0000 0.0000 0.0000 1.3698 -0.3809 -170.9088 -0.9665 -26.4849 0.3095 -51.7101 80.7213 -51.0059 0.0000 25.3510 0.0000 -125.8061 -34.2414 -135.3941 1.5708 -36.1130 -0.5935 -42.2091 56.7151 -6.4315 0.0000 25.3508 -0.0001 
30.7368 91.6928 -48.3877 7.9632 -9.3625 -13.5306 1.8370 2.9481 0.7064 1.8387 2.9510 0.7071 1.8425 2.9570 0.7086 34.8638 79.6330 -64.8839 60.6605 47.4464 32.3292 35.9141 1.4148 73.5799 -0.7592 1.1075 0.2535 0.0000 0.0000 0.0001 0.0000 0.0000 0.0000 0.0000 -0.0013 -0.0008 0.0000 -0.0004 0.0001 0.0000 0.0000 0.0000 0.0000 0.0000 0.0000 0.0000 0.0003 0.0000 0.0000 -0.0006 0.0003 0.0000 0.0004 -0.0006 0.0000 0.0000 0.0001 0.0000 0.0000 0.0000 0.0000 -0.0010 -0.0002 0.0000 0.0002 30.0001 -0.0001 0.0005 -29.9998 0.0000 0.0000 0.0000 -5.8010 3.6434 4.6166 -5.8010 3.6434 4.6166 -68.0513 81.6445 39.9462 -37.5054 51.0117 -17.0246 -49.3265 10.3311 -75.7563 0.7775 1.1446 -0.2296 0.0000 -0.0001 0.0001 0.0000 0.0000 0.0000 0.0000 -0.0006 0.0003 0.0000 -0.0001 0.0001 0.0000 0.0000 0.0000 0.0000 0.0000 0.0000 0.0000 0.0007 0.0001 0.0000 -0.0012 0.0001 0.0000 -0.0008 0.0003 0.0000 0.0001 0.0000 0.0000 0.0000 0.0000 0.0000 -0.0008 0.0000 0.0000 0.0002 -29.9996 -0.0001 -0.0003 29.9996 0.0000 0.0000 0.0000 1.5981 -0.5372 -170.9834 -0.9735 -26.4644 0.3109 -50.4143 80.8707 -49.7976 0.0000 25.3510 0.0000 -125.1171 -33.4461 -136.4073 1.4859 -35.8293 -0.5618 -43.4195 56.6244 -6.5981 0.0000 25.3508 -0.0001 
30.7487 91.6684 -48.4270 7.8085 -9.2502 -13.3888 1.8047 2.9663 0.6411 1.8064 2.9692 0.6417 1.8102 2.9753 0.6432 34.5782 79.5782 -65.1854 60.7380 47.3410 32.3989 35.9553 1.5217 73.5686 -0.7580 1.1064 0.2536 0.0000 0.0000 0.0001 0.0000 0.0000 0.0000 0.0000 -0.0013 -0.0008 0.0000 -0.0004 0.0001 0.0000 0.0000 0.0000 0.0000 0.0000 0.0000 0.0000 0.0002 0.0000 0.0000 -0.0006 0.0003 0.0000 0.0004 -0.0006 0.0000 0.0000 0.0001 0.0000 0.0000 0.0000 0.0000 -0.0010 -0.0002 0.0000 0.0002 30.0001 -0.0001 0.0005 -29.9998 0.0000 0.0000 0.0000 -5.7462 3.5534 4.5908 -5.7462 3.5534 4.5908 -67.5347 81.6352 40.4070 -37.4214 51.0419 -16.9535 -49.3195 10.3165 -75.7110 0.7802 1.1484 -0.2257 0.0000 -0.0001 0.0001 0.0000 0.0000 0.0000 0.0000 -0.0006 0.0003 0.0000 -0.0001 0.0001 0.0000 0.0000 0.0000 0.0000 0.0000 0.0000 0.0000 0.0007 0.0001 0.0000 -0.0012 0.0001 0.0000 -0.0008 0.0003 0.0000 0.0001 0.0000 0.0000 0.0000 0.0000 0.0000 -0.0009 0.0000 0.0000 0.0002 -29.9997 -0.0001 -0.0003 29.9996 0.0000 0.0000 0.0000 1.8355 -0.7040 -171.1120 -0.9764 -26.4429 0.3114 -49.0695 81.0170 -48.4966 0.0000 25.3510 0.0000 -124.5339 -32.4294 -137.5030 1.3892 -35.4606 -0.5257 -45.0665 56.4438 -6.9238 0.0000 25.3508 -0.0001 
30.7553 91.6374 -48.4650 7.6284 -9.1290 -13.2251 1.7748 2.9811 0.5712 1.7765 2.9840 0.5718 1.7802 2.9901 0.5730 34.3458 79.5477 -65.4520 60.8131 47.2389 32.4662 35.9711 1.6010 73.5456 -0.7565 1.1052 0.2541 0.0000 0.0000 0.0001 0.0000 0.0000 0.0000 0.0000 -0.0013 -0.0008 0.0000 -0.0004 0.0001 0.0000 0.0000 0.0000 0.0000 0.0000 0.0000 0.0000 0.0002 0.0000 0.0000 -0.0006 0.0003 0.0000 0.0004 -0.0006 0.0000 0.0000 0.0001 0.0000 0.0000 0.0000 0.0000 -0.0010 -0.0002 0.0000 0.0002 30.0001 -0.0001 0.0005 -29.9998 0.0000 0.0000 0.0000 -5.6879 3.4628 4.5540 -5.6879 3.4628 4.5540 -66.9825 81.6170 40.8941 -37.3543 51.0777 -16.8978 -49.3275 10.3138 -75.6748 0.7827 1.1516 -0.2213 0.0000 -0.0001 0.0001 0.0000 0.0000 0.0000 0.0000 -0.0006 0.0003 0.0000 -0.0001 0.0001 0.0000 0.0000 0.0000 0.0000 0.0000 0.0000 0.0000 0.0007 0.0001 0.0000 -0.0012 0.0001 0.0000 -0.0008 0.0003 0.0000 0.0001 0.0000 0.0000 0.0000 0.0000 0.0000 -0.0009 0.0000 0.0000 0.0002 -29.9996 -0.0001 -0.0003 29.9996 0.0000 0.0000 0.0000 2.0825 -0.8890 -171.2606 -0.9733 -26.4404 0.3107 -47.8119 81.1593 -47.2444 0.0000 25.3510 0.0000 -124.0091 -31.2327 -138.6850 1.2690 -35.0020 -0.4818 -47.0083 56.2070 -7.3210 0.0000 25.3508 -0.0001 
30.7375 91.6015 -48.5106 7.4107 -8.9974 -13.0411 1.7514 2.9891 0.5039 1.7530 2.9919 0.5044 1.7567 2.9981 0.5055 34.2023 79.5603 -65.6580 60.8570 47.1432 32.5205 35.9642 1.6303 73.5139 -0.7549 1.1036 0.2549 0.0000 0.0000 0.0001 0.0000 0.0000 0.0000 0.0000 -0.0013 -0.0008 0.0000 -0.0004 0.0001 0.0000 0.0000 0.0000 0.0000 0.0000 0.0000 0.0000 0.0002 0.0000 0.0000 -0.0006 0.0003 0.0000 0.0004 -0.0006 0.0000 0.0000 0.0001 0.0000 0.0000 0.0000 0.0000 -0.0010 -0.0002 0.0000 0.0003 30.0001 -0.0001 0.0005 -29.9998 0.0000 0.0000 0.0000 -5.6248 3.3746 4.4967 -5.6248 3.3746 4.4967 -66.4521 81.5789 41.3394 -37.3259 51.1280 -16.8577 -49.3350 10.3320 -75.6527 0.7847 1.1541 -0.2170 0.0000 -0.0001 0.0001 0.0000 0.0000 0.0000 0.0000 -0.0006 0.0003 0.0000 -0.0001 0.0001 0.0000 0.0000 0.0000 0.0000 0.0000 0.0000 0.0000 0.0007 0.0001 0.0000 -0.0012 0.0001 0.0000 -0.0008 0.0003 0.0000 0.0001 0.0000 0.0000 0.0000 0.0000 0.0000 -0.0009 0.0000 0.0000 0.0002 -29.9997 -0.0001 -0.0003 29.9996 0.0000 0.0000 0.0000 2.3660 -1.1096 -171.4108 -0.9640 -26.4631 0.3087 -46.5387 81.2967 -45.9455 0.0000 25.3510 0.0000 -123.5070 -29.8385 -139.9978 1.1301 -34.4277 -0.4319 -49.2645 55.9223 -7.7635 0.0000 25.3508 -0.0001 
30.7069 91.5678 -48.5726 7.1730 -8.8664 -12.8318 1.7350 2.9969 0.4399 1.7366 2.9998 0.4403 1.7403 3.0060 0.4414 34.1007 79.5935 -65.8302 60.8520 47.0685 32.5514 35.9717 1.6257 73.4819 -0.7537 1.1025 0.2555 0.0000 0.0000 0.0001 0.0000 0.0000 0.0000 0.0000 -0.0013 -0.0008 0.0000 -0.0004 0.0001 0.0000 0.0000 0.0000 0.0000 0.0000 0.0000 0.0000 0.0002 0.0000 0.0000 -0.0006 0.0003 0.0000 0.0004 -0.0006 0.0000 0.0000 0.0001 0.0000 0.0000 0.0000 0.0000 -0.0010 -0.0002 0.0000 0.0002 30.0001 -0.0001 0.0005 -29.9998 0.0000 0.0000 0.0000 -5.5641 3.2825 4.4176 -5.5641 3.2825 4.4176 -65.9311 81.5221 41.7718 -37.3252 51.1983 -16.8119 -49.3313 10.3534 -75.6386 0.7864 1.1561 -0.2124 0.0000 -0.0001 0.0001 0.0000 0.0000 0.0000 0.0000 -0.0006 0.0003 0.0000 -0.0001 0.0001 0.0000 0.0000 0.0000 0.0000 0.0000 0.0000 0.0000 0.0007 0.0001 0.0000 -0.0012 0.0001 0.0000 -0.0008 0.0003 0.0000 0.0001 0.0000 0.0000 0.0000 0.0000 0.0000 -0.0009 0.0000 0.0000 0.0002 -29.9996 -0.0001 -0.0003 29.9996 0.0000 0.0000 0.0000 2.6838 -1.3544 -171.5771 -0.9540 -26.5004 0.3067 -45.0790 81.4318 -44.4495 0.0000 25.3510 0.0000 -123.0056 -28.3537 -141.4105 0.9856 -33.7753 -0.3811 -51.6840 55.6260 -8.2280 0.0000 25.3508 -0.0001 
30.6759 91.5321 -48.6504 6.9299 -8.7317 -12.6152 1.7240 3.0044 0.3825 1.7256 3.0073 0.3829 1.7292 3.0135 0.3838 34.0362 79.6333 -65.9593 60.8167 47.0058 32.5687 35.9888 1.6151 73.4500 -0.7529 1.1019 0.2561 0.0000 0.0000 0.0001 0.0000 0.0000 0.0000 0.0000 -0.0013 -0.0008 0.0000 -0.0004 0.0001 0.0000 0.0000 0.0000 0.0000 0.0000 0.0000 0.0000 0.0002 0.0000 0.0000 -0.0006 0.0003 0.0000 0.0004 -0.0006 0.0000 0.0000 0.0001 0.0000 0.0000 0.0000 0.0000 -0.0010 -0.0002 0.0000 0.0002 30.0001 -0.0001 0.0005 -29.9998 0.0000 0.0000 0.0000 -5.5063 3.1844 4.3240 -5.5063 3.1844 4.3240 -65.3993 81.4523 42.2209 -37.3429 51.2766 -16.7722 -49.3158 10.3871 -75.6269 0.7883 1.1580 -0.2070 0.0000 -0.0001 0.0001 0.0000 0.0000 0.0000 0.0000 -0.0006 0.0003 0.0000 -0.0001 0.0001 0.0000 0.0000 0.0000 0.0000 0.0000 0.0000 0.0000 0.0007 0.0001 0.0000 -0.0012 0.0001 0.0000 -0.0008 0.0003 0.0000 0.0001 0.0000 0.0000 0.0000 0.0000 0.0000 -0.0009 0.0000 0.0000 0.0002 -29.9996 -0.0001 -0.0003 29.9996 0.0000 0.0000 0.0000 3.0222 -1.6062 -171.7532 -0.9440 -26.5180 0.3045 -43.4099 81.5519 -42.7344 0.0000 25.3510 0.0000 -122.5586 -26.7777 -142.9119 0.8352 -33.0703 -0.3300 -54.3197 55.2578 -8.7501 0.0000 25.3508 -0.0001 
30.6560 91.4938 -48.7432 6.6925 -8.5843 -12.3849 1.7166 3.0090 0.3295 1.7182 3.0119 0.3299 1.7218 3.0181 0.3306 34.0430 79.6683 -66.0017 60.7741 46.9495 32.5787 36.0154 1.6312 73.4156 -0.7518 1.1012 0.2578 0.0000 0.0000 0.0001 0.0000 0.0000 0.0000 0.0000 -0.0013 -0.0008 0.0000 -0.0004 0.0001 0.0000 0.0000 0.0000 0.0000 0.0000 0.0000 0.0000 0.0002 0.0000 0.0000 -0.0006 0.0003 0.0000 0.0004 -0.0006 0.0000 0.0000 0.0001 0.0000 0.0000 0.0000 0.0000 -0.0010 -0.0002 0.0000 0.0002 30.0001 -0.0001 0.0005 -29.9998 0.0000 0.0000 0.0000 -5.4483 3.0761 4.2208 -5.4483 3.0761 4.2208 -64.8820 81.3824 42.6735 -37.3705 51.3709 -16.7167 -49.2894 10.4028 -75.6247 0.7899 1.1592 -0.2009 0.0000 -0.0001 0.0001 0.0000 0.0000 0.0000 0.0000 -0.0006 0.0003 0.0000 -0.0001 0.0001 0.0000 0.0000 0.0000 0.0000 0.0000 0.0000 0.0000 0.0007 0.0001 0.0000 -0.0012 0.0001 0.0000 -0.0008 0.0003 0.0000 0.0001 0.0000 0.0000 0.0000 0.0000 0.0000 -0.0009 0.0000 0.0000 0.0002 -29.9996 -0.0001 -0.0002 29.9996 0.0000 0.0000 0.0000 3.3913 -1.8735 -171.9500 -0.9384 -26.5197 0.3032 -41.5306 81.6646 -40.8227 0.0000 25.3510 0.0000 -122.2907 -25.0045 -144.5475 0.6650 -32.2789 -0.2746 -57.3250 54.7858 -9.3110 0.0000 25.3508 -0.0001 
30.6341 91.4523 -48.8221 6.4638 -8.4271 -12.1319 1.7080 3.0164 0.2732 1.7096 3.0193 0.2735 1.7131 3.0255 0.2741 34.0532 79.6781 -66.0345 60.7601 46.8913 32.5879 36.0478 1.6873 73.3859 -0.7503 1.0999 0.2599 0.0000 0.0000 0.0001 0.0000 0.0000 0.0000 0.0000 -0.0013 -0.0008 0.0000 -0.0004 0.0001 0.0000 0.0000 0.0000 0.0000 0.0000 0.0000 0.0000 0.0002 0.0000 0.0000 -0.0006 0.0003 0.0000 0.0004 -0.0006 0.0000 0.0000 0.0001 0.0000 0.0000 0.0000 0.0000 -0.0010 -0.0002 0.0000 0.0002 30.0001 -0.0001 0.0005 -29.9998 0.0000 0.0000 0.0000 -5.3817 2.9520 4.1198 -5.3817 2.9520 4.1198 -64.3493 81.3227 43.1528 -37.3990 51.4714 -16.6671 -49.2506 10.4093 -75.6308 0.7919 1.1602 -0.1928 0.0000 -0.0001 0.0001 0.0000 0.0000 0.0000 0.0000 -0.0006 0.0003 0.0000 -0.0001 0.0001 0.0000 0.0000 0.0000 0.0000 0.0000 0.0000 0.0000 0.0007 0.0001 0.0000 -0.0012 0.0001 0.0000 -0.0008 0.0003 0.0000 0.0001 0.0000 0.0000 0.0000 0.0000 0.0000 -0.0009 0.0000 0.0000 0.0002 -29.9997 -0.0001 -0.0003 29.9996 0.0000 0.0000 0.0000 3.8168 -2.1453 -172.1554 -0.9367 -26.5260 0.3029 -39.6371 81.7912 -38.9592 0.0000 25.3510 0.0000 -122.2585 -23.0450 -146.3239 0.4375 -31.4109 -0.2054 -60.6074 54.3881 -9.7928 0.0000 25.3508 -0.0001 
30.5898 91.4086 -48.8670 6.2484 -8.2599 -11.8502 1.6959 3.0269 0.2103 1.6975 3.0297 0.2105 1.7010 3.0360 0.2110 34.0443 79.6668 -66.0832 60.7741 46.8351 32.5894 36.0878 1.7754 73.3667 -0.7482 1.0978 0.2623 0.0000 0.0000 0.0001 0.0000 0.0000 0.0000 0.0000 -0.0013 -0.0008 0.0000 -0.0004 0.0001 0.0000 0.0000 0.0000 0.0000 0.0000 0.0000 0.0000 0.0002 0.0000 0.0000 -0.0006 0.0003 0.0000 0.0004 -0.0006 0.0000 0.0000 0.0001 0.0000 0.0000 0.0000 0.0000 -0.0010 -0.0002 0.0000 0.0002 30.0001 -0.0001 0.0005 -29.9998 0.0000 0.0000 0.0000 -5.3080 2.8135 4.0220 -5.3080 2.8135 4.0220 -63.8000 81.2694 43.6649 -37.4379 51.5797 -16.6389 -49.2010 10.4066 -75.6379 0.7941 1.1611 -0.1828 0.0000 -0.0001 0.0001 0.0000 0.0000 0.0000 0.0000 -0.0006 0.0003 0.0000 -0.0001 0.0001 0.0000 0.0000 0.0000 0.0000 0.0000 0.0000 0.0000 0.0007 0.0001 0.0000 -0.0012 0.0001 0.0000 -0.0008 0.0003 0.0000 0.0001 0.0000 0.0000 0.0000 0.0000 0.0000 -0.0008 0.0000 0.0000 0.0002 -29.9996 -0.0001 -0.0003 29.9996 0.0000 0.0000 0.0000 4.2884 -2.4162 -172.3617 -0.9329 -26.5560 0.3022 -37.9192 81.9360 -37.3469 0.0000 25.3510 0.0000 -121.7720 -21.3852 -148.2519 0.2078 -30.4637 -0.1391 -63.2268 54.1570 -10.0191 0.0000 25.3508 -0.0001 
30.4923 91.3625 -48.8247 6.0522 -8.0675 -11.5432 1.6750 3.0400 0.1441 1.6765 3.0429 0.1443 1.6800 3.0492 0.1447 33.9764 79.6291 -66.2016 60.8364 46.7841 32.5883 36.1197 1.8966 73.3678 -0.7456 1.0947 0.2635 0.0000 0.0000 0.0001 0.0000 0.0000 0.0000 0.0000 -0.0013 -0.0008 0.0000 -0.0004 0.0001 0.0000 0.0000 0.0000 0.0000 0.0000 0.0000 0.0000 0.0002 -0.0001 0.0000 -0.0006 0.0003 0.0000 0.0004 -0.0006 0.0000 0.0000 0.0001 0.0000 0.0000 0.0000 0.0000 -0.0010 -0.0002 0.0000 0.0002 30.0001 -0.0001 0.0005 -29.9998 0.0000 0.0000 0.0000 -5.2200 2.6506 3.9289 -5.2200 2.6506 3.9289 -63.1648 81.2130 44.2852 -37.5140 51.6907 -16.6836 -49.1315 10.4029 -75.6150 0.7967 1.1625 -0.1703 0.0000 -0.0001 0.0001 0.0000 0.0000 0.0000 0.0000 -0.0006 0.0003 0.0000 -0.0001 0.0001 0.0000 0.0000 0.0000 0.0000 0.0000 0.0000 0.0000 0.0007 0.0001 0.0000 -0.0012 0.0001 0.0000 -0.0008 0.0003 0.0000 0.0001 0.0000 0.0000 0.0000 0.0000 0.0000 -0.0009 0.0000 0.0000 0.0002 -29.9996 -0.0001 -0.0003 29.9996 0.0000 0.0000 0.0000 4.8044 -2.6534 -172.5415 -0.9138 -26.5827 0.2980 -36.6385 82.1021 -36.2785 0.0000 25.3510 0.0000 -116.1827 -22.4450 -150.6935 0.2331 -29.3987 -0.1436 -59.5915 55.1051 -8.9468 0.0000 25.3508 -0.0001 
30.3816 91.3182 -48.7463 5.8353 -7.8585 -11.1998 1.6560 3.0581 0.0737 1.6575 3.0610 0.0738 1.6610 3.0674 0.0740 33.8749 79.5720 -66.3732 60.9329 46.7670 32.6008 36.1376 2.0010 73.3739 -0.7431 1.0915 0.2620 0.0000 0.0000 0.0001 0.0000 0.0000 0.0000 0.0000 -0.0013 -0.0008 0.0000 -0.0004 0.0001 0.0000 0.0000 0.0000 0.0000 0.0000 0.0000 0.0000 0.0002 0.0000 0.0000 -0.0006 0.0003 0.0000 0.0004 -0.0006 0.0000 0.0000 0.0001 0.0000 0.0000 0.0000 0.0000 -0.0010 -0.0002 0.0000 0.0002 30.0001 -0.0001 0.0005 -29.9998 0.0000 0.0000 0.0000 -5.1156 2.4610 3.8387 -5.1156 2.4610 3.8387 -62.3325 81.1669 45.1140 -37.5740 51.7757 -16.7371 -49.0663 10.3960 -75.5603 0.7995 1.1647 -0.1572 0.0000 -0.0001 0.0001 0.0000 0.0000 0.0000 0.0000 -0.0006 0.0003 0.0000 -0.0001 0.0001 0.0000 0.0000 0.0000 0.0000 0.0000 0.0000 0.0000 0.0007 0.0001 0.0000 -0.0011 0.0001 0.0000 -0.0008 0.0003 0.0000 0.0001 0.0000 0.0000 0.0000 0.0000 0.0000 -0.0009 0.0000 0.0000 0.0002 -29.9996 -0.0001 -0.0003 29.9996 0.0000 0.0000 0.0000 5.3357 -2.8546 -172.7499 -0.8906 -26.5663 0.2923 -35.3638 82.2592 -35.2327 0.0000 25.3510 0.0000 -105.1240 -25.5584 -154.0785 0.4837 -28.2761 -0.2041 -49.5761 56.9309 -6.3987 0.0000 25.3508 -0.0001 
30.2868 91.2777 -48.6866 5.5815 -7.6431 -10.8129 1.6445 3.0818 -0.0025 1.6460 3.0847 -0.0025 1.6494 3.0911 -0.0024 33.7592 79.5062 -66.5725 61.0428 46.7907 32.6232 36.1408 2.0695 73.3798 -0.7411 1.0885 0.2578 0.0000 0.0000 0.0001 0.0000 0.0000 0.0000 0.0000 -0.0013 -0.0008 0.0000 -0.0004 0.0001 0.0000 0.0000 0.0000 0.0000 0.0000 0.0000 0.0000 0.0002 0.0000 0.0000 -0.0006 0.0003 0.0000 0.0004 -0.0006 0.0000 0.0000 0.0001 0.0000 0.0000 0.0000 0.0000 -0.0010 -0.0002 0.0000 0.0002 30.0001 -0.0001 0.0005 -29.9998 0.0000 0.0000 0.0000 -4.9988 2.2482 3.7435 -4.9988 2.2482 3.7435 -61.3436 81.1270 46.1011 -37.6036 51.8353 -16.7899 -49.0187 10.3942 -75.4825 0.8027 1.1681 -0.1441 0.0000 -0.0001 0.0001 0.0000 0.0000 0.0000 0.0000 -0.0006 0.0003 0.0000 -0.0001 0.0001 0.0000 0.0000 0.0000 0.0000 0.0000 0.0000 0.0000 0.0007 0.0001 0.0000 -0.0012 0.0001 0.0000 -0.0008 0.0003 0.0000 0.0001 0.0000 0.0000 0.0000 0.0000 0.0000 -0.0009 0.0000 0.0000 0.0002 -29.9996 -0.0001 -0.0003 29.9996 0.0000 0.0000 0.0000 5.8575 -3.0332 -173.0267 -0.8664 -26.4922 0.2861 -33.7701 82.3821 -33.7996 0.0000 25.3510 0.0000 -92.7575 -28.1558 -158.1920 0.7270 -27.1663 -0.2578 -38.1910 58.4796 -3.1440 0.0000 25.3508 -0.0001 
30.2626 91.2404 -48.7529 5.2795 -7.4390 -10.3863 1.6439 3.1172 -0.0773 1.6455 3.1202 -0.0774 1.6488 3.1266 -0.0774 33.6600 79.4446 -66.7671 61.1629 46.8784 32.6723 36.1027 2.0671 73.3778 -0.7403 1.0869 0.2495 0.0000 0.0000 0.0001 0.0000 0.0000 0.0000 0.0000 -0.0013 -0.0008 0.0000 -0.0004 0.0001 0.0000 0.0000 0.0000 0.0000 0.0000 0.0000 0.0000 0.0002 0.0000 0.0000 -0.0006 0.0003 0.0000 0.0004 -0.0006 0.0000 0.0000 0.0001 0.0000 0.0000 0.0000 0.0000 -0.0010 -0.0002 0.0000 0.0002 30.0001 -0.0001 0.0005 -29.9998 0.0000 0.0000 0.0000 -4.8663 2.0065 3.6298 -4.8663 2.0065 3.6298 -60.1783 81.0849 47.2586 -37.6049 51.8555 -16.8577 -49.0034 10.4190 -75.3949 0.8071 1.1733 -0.1309 0.0000 -0.0001 0.0001 0.0000 0.0000 0.0000 0.0000 -0.0006 0.0003 0.0000 -0.0001 0.0001 0.0000 0.0000 0.0000 0.0000 0.0000 0.0000 0.0000 0.0007 0.0001 0.0000 -0.0012 0.0001 0.0000 -0.0008 0.0003 0.0000 0.0001 0.0000 0.0000 0.0000 0.0000 0.0000 -0.0008 0.0000 0.0000 0.0002 -29.9996 -0.0001 -0.0003 29.9996 0.0000 0.0000 0.0000 6.2745 -3.2067 -173.4392 -0.8525 -26.3126 0.2814 -31.2402 82.4144 -31.1944 0.0000 25.3510 0.0000 -80.2664 -29.8268 -162.7176 0.8978 -26.3075 -0.2919 -26.9993 59.5659 0.2886 0.0000 25.3508 -0.0001 
30.3184 91.2020 -48.9346 4.9429 -7.2456 -9.9683 1.6492 3.1580 -0.1381 1.6508 3.1611 -0.1381 1.6541 3.1676 -0.1383 33.6591 79.3892 -66.8841 61.2891 47.0075 32.7500 36.0262 2.0174 73.3726 -0.7407 1.0868 0.2386 0.0000 0.0000 0.0001 0.0000 0.0000 0.0000 0.0000 -0.0013 -0.0008 0.0000 -0.0004 0.0001 0.0000 0.0000 0.0000 0.0000 0.0000 0.0000 0.0000 0.0002 0.0000 0.0000 -0.0006 0.0003 0.0000 0.0004 -0.0006 0.0000 0.0000 0.0001 0.0000 0.0000 0.0000 0.0000 -0.0010 -0.0002 0.0000 0.0002 30.0001 -0.0001 0.0005 -29.9998 0.0000 0.0000 0.0000 -4.7161 1.7510 3.4983 -4.7161 1.7510 3.4983 -58.9394 81.0211 48.4659 -37.6367 51.8476 -16.9656 -48.9952 10.4722 -75.3126 0.8119 1.1795 -0.1185 0.0000 -0.0001 0.0001 0.0000 0.0000 0.0000 0.0000 -0.0006 0.0003 0.0000 -0.0001 0.0001 0.0000 0.0000 0.0000 0.0000 0.0000 0.0000 0.0000 0.0007 0.0001 0.0000 -0.0012 0.0001 0.0000 -0.0008 0.0003 0.0000 0.0001 0.0000 0.0000 0.0000 0.0000 0.0000 -0.0008 0.0000 0.0000 0.0002 -29.9996 -0.0001 -0.0003 29.9996 0.0000 0.0000 0.0000 6.5636 -3.3955 -173.9458 -0.8567 -26.0761 0.2805 -28.0717 82.3729 -27.7220 0.0000 25.3510 0.0000 -69.2852 -30.3926 -166.9398 0.9462 -25.8326 -0.2990 -17.8870 60.2335 3.2073 0.0000 25.3508 -0.0001 
30.4058 91.1632 -49.1302 4.5647 -7.0647 -9.5623 1.6649 3.2005 -0.1863 1.6666 3.2038 -0.1864 1.6699 3.2102 -0.1867 33.8577 79.3340 -66.8134 61.4019 47.1778 32.8361 35.9361 1.9324 73.3887 -0.7429 1.0885 0.2266 0.0000 0.0000 0.0001 0.0000 0.0000 0.0000 0.0000 -0.0013 -0.0008 0.0000 -0.0004 0.0001 0.0000 0.0000 0.0000 0.0000 0.0000 0.0000 0.0000 0.0002 0.0000 0.0000 -0.0006 0.0003 0.0000 0.0004 -0.0006 0.0000 0.0000 0.0001 0.0000 0.0000 0.0000 0.0000 -0.0010 -0.0002 0.0000 0.0002 30.0001 -0.0001 0.0005 -29.9998 0.0000 0.0000 0.0000 -4.5514 1.4932 3.3557 -4.5514 1.4932 3.3557 -57.6627 80.9659 49.6963 -37.6968 51.7926 -17.1089 -48.9700 10.5417 -75.2277 0.8171 1.1866 -0.1078 0.0000 -0.0001 0.0001 0.0000 0.0000 0.0000 0.0000 -0.0006 0.0003 0.0000 -0.0001 0.0001 0.0000 0.0000 0.0000 0.0000 0.0000 0.0000 0.0000 0.0007 0.0001 0.0000 -0.0012 0.0001 0.0000 -0.0008 0.0003 0.0000 0.0001 0.0000 0.0000 0.0000 0.0000 0.0000 -0.0009 0.0000 0.0000 0.0002 -29.9996 -0.0001 -0.0003 29.9996 0.0000 0.0000 0.0000 6.7751 -3.5724 -174.4854 -0.8582 -25.8481 0.2791 -25.0439 82.3033 -24.2313 0.0000 25.3510 0.0000 -60.9177 -29.9946 -170.2313 0.8903 -25.7365 -0.2855 -12.1047 60.7486 5.1160 0.0000 25.3508 -0.0001 
30.5302 91.1176 -49.3052 4.1469 -6.8923 -9.1771 1.6935 3.2361 -0.2205 1.6952 3.2395 -0.2207 1.6986 3.2459 -0.2210 34.1776 79.2815 -66.6178 61.4529 47.3801 32.8732 35.8602 1.8315 73.4312 -0.7467 1.0921 0.2149 0.0000 0.0000 0.0001 0.0000 0.0000 0.0000 0.0000 -0.0013 -0.0008 0.0000 -0.0004 0.0001 0.0000 0.0000 0.0000 0.0000 0.0000 0.0000 0.0000 0.0002 0.0000 0.0000 -0.0006 0.0003 0.0000 0.0004 -0.0006 0.0000 0.0000 0.0001 0.0000 0.0000 0.0000 0.0000 -0.0010 -0.0002 0.0000 0.0002 30.0001 -0.0001 0.0005 -29.9998 0.0000 0.0000 0.0000 -4.3731 1.2555 3.2097 -4.3731 1.2555 3.2097 -56.4430 80.9282 50.8610 -37.7906 51.6977 -17.2926 -48.9185 10.6228 -75.1336 0.8215 1.1934 -0.0992 0.0000 -0.0001 0.0001 0.0000 0.0000 0.0000 0.0000 -0.0006 0.0003 0.0000 -0.0001 0.0001 0.0000 0.0000 0.0000 0.0000 0.0000 0.0000 0.0000 0.0007 0.0001 0.0000 -0.0012 0.0001 0.0000 -0.0008 0.0003 0.0000 0.0001 0.0000 0.0000 0.0000 0.0000 0.0000 -0.0009 0.0000 0.0000 0.0002 -29.9996 -0.0001 -0.0003 29.9996 0.0000 0.0000 0.0000 6.9568 -3.7534 -175.0312 -0.8755 -25.6941 0.2818 -22.3837 82.2561 -21.0412 0.0000 25.3510 0.0000 -54.7672 -29.2133 -172.6076 0.7788 -26.1035 -0.2627 -9.0565 61.2848 6.3620 0.0000 25.3508 -0.0001 
30.5902 91.0722 -49.4206 3.7613 -6.7139 -8.8263 1.7174 3.2578 -0.2426 1.7192 3.2612 -0.2428 1.7226 3.2676 -0.2432 34.5554 79.2396 -66.3438 61.4933 47.5719 32.9194 35.8030 1.7511 73.4899 -0.7501 1.0950 0.2037 0.0000 0.0000 0.0001 0.0000 0.0000 0.0000 0.0000 -0.0013 -0.0008 0.0000 -0.0004 0.0001 0.0000 0.0000 0.0000 0.0000 0.0000 0.0000 0.0000 0.0002 0.0000 0.0000 -0.0006 0.0003 0.0000 0.0004 -0.0006 0.0000 0.0000 0.0001 0.0000 0.0000 0.0000 0.0000 -0.0010 -0.0002 0.0000 0.0002 30.0001 -0.0001 0.0005 -29.9998 0.0000 0.0000 0.0000 -4.1890 1.0596 3.0712 -4.1890 1.0596 3.0712 -55.4098 80.8936 51.8512 -37.8809 51.6184 -17.4724 -48.8586 10.6994 -75.0357 0.8253 1.1995 -0.0912 0.0000 -0.0001 0.0001 0.0000 0.0000 0.0000 0.0000 -0.0006 0.0003 0.0000 -0.0001 0.0001 0.0000 0.0000 0.0000 0.0000 0.0000 0.0000 0.0000 0.0007 0.0001 0.0000 -0.0012 0.0001 0.0000 -0.0008 0.0003 0.0000 0.0001 0.0000 0.0000 0.0000 0.0000 0.0000 -0.0009 0.0000 0.0000 0.0002 -29.9996 -0.0001 -0.0003 29.9996 0.0000 0.0000 0.0000 7.1318 -3.9404 -175.4815 -0.8783 -25.6089 0.2817 -20.5241 82.2277 -18.7281 0.0000 25.3510 0.0000 -49.9983 -28.2632 -174.3364 0.6410 -26.6549 -0.2341 -7.3861 61.7825 7.4153 0.0000 25.3508 -0.0001 
30.6062 91.0294 -49.5241 3.4219 -6.5218 -8.5107 1.7345 3.2620 -0.2559 1.7363 3.2654 -0.2561 1.7397 3.2718 -0.2565 35.0124 79.2165 -65.9759 61.5419 47.7164 32.9936 35.7589 1.6991 73.5504 -0.7527 1.0970 0.1952 0.0000 0.0000 0.0001 0.0000 0.0000 0.0000 0.0000 -0.0013 -0.0008 0.0000 -0.0004 0.0001 0.0000 0.0000 0.0000 0.0000 0.0000 0.0000 0.0000 0.0002 0.0000 0.0000 -0.0006 0.0003 0.0000 0.0004 -0.0006 0.0000 0.0000 0.0001 0.0000 0.0000 0.0000 0.0000 -0.0010 -0.0002 0.0000 0.0002 30.0001 -0.0002 0.0005 -29.9998 0.0000 0.0000 0.0000 -3.9997 0.9113 2.9471 -3.9997 0.9113 2.9471 -54.5689 80.8674 52.6748 -37.9536 51.5656 -17.6256 -48.7928 10.7635 -74.9427 0.8287 1.2048 -0.0832 0.0000 -0.0001 0.0001 0.0000 0.0000 0.0000 0.0000 -0.0006 0.0003 0.0000 -0.0001 0.0001 0.0000 0.0000 0.0000 0.0000 0.0000 0.0000 0.0000 0.0007 0.0001 0.0000 -0.0012 0.0001 0.0000 -0.0008 0.0003 0.0000 0.0001 0.0000 0.0000 0.0000 0.0000 0.0000 -0.0008 0.0000 0.0000 0.0002 -29.9997 -0.0001 -0.0003 29.9996 0.0000 0.0000 0.0000 7.3173 -4.1448 -175.8527 -0.8804 -25.5333 0.2816 -19.1079 82.1828 -16.9823 0.0000 25.3510 0.0000 -45.9148 -27.2274 -175.6477 0.4911 -27.2276 -0.2013 -6.0751 62.2301 8.5939 0.0000 25.3508 -0.0001 
30.5502 90.9990 -49.5197 3.1671 -6.3030 -8.2251 1.7408 3.2362 -0.2692 1.7427 3.2396 -0.2694 1.7461 3.2460 -0.2698 35.6175 79.2273 -65.4303 61.5809 47.7539 33.0794 35.7474 1.6953 73.5909 -0.7535 1.0973 0.1950 0.0000 0.0000 0.0001 0.0000 0.0000 0.0000 0.0000 -0.0013 -0.0008 0.0000 -0.0004 0.0001 0.0000 0.0000 0.0000 0.0000 0.0000 0.0000 0.0000 0.0002 0.0000 0.0000 -0.0006 0.0003 0.0000 0.0004 -0.0006 0.0000 0.0000 0.0001 0.0000 0.0000 0.0000 0.0000 -0.0010 -0.0002 0.0000 0.0002 30.0001 -0.0001 0.0005 -29.9998 0.0000 0.0000 0.0000 -3.8060 0.8387 2.8505 -3.8060 0.8387 2.8505 -54.0350 80.8671 53.2368 -37.9580 51.5870 -17.6968 -48.7268 10.8019 -74.8917 0.8316 1.2077 -0.0720 0.0000 -0.0001 0.0001 0.0000 0.0000 0.0000 0.0000 -0.0006 0.0003 0.0000 -0.0001 0.0001 0.0000 0.0000 0.0000 0.0000 0.0000 0.0000 0.0000 0.0007 0.0001 0.0000 -0.0012 0.0001 0.0000 -0.0008 0.0003 0.0000 0.0001 0.0000 0.0000 0.0000 0.0000 0.0000 -0.0008 0.0000 0.0000 0.0002 -29.9996 -0.0001 -0.0003 29.9996 0.0000 0.0000 0.0000 7.5613 -4.3084 -176.1140 -0.8592 -25.4441 0.2761 -18.3828 82.1564 -16.1418 0.0000 25.3510 0.0000 -42.1179 -26.1119 -176.5813 0.3954 -27.5640 -0.1794 -4.1956 62.4918 10.2791 0.0000 25.3508 -0.0001 
30.5137 90.9725 -49.4239 3.0108 -6.0575 -7.9492 1.7381 3.1914 -0.2820 1.7398 3.1947 -0.2823 1.7433 3.2010 -0.2827 36.0933 79.2674 -64.9697 61.5929 47.6888 33.1419 35.7671 1.7435 73.5718 -0.7517 1.0957 0.2021 0.0000 0.0000 0.0001 0.0000 0.0000 0.0000 0.0000 -0.0013 -0.0008 0.0000 -0.0004 0.0001 0.0000 0.0000 0.0000 0.0000 0.0000 0.0000 0.0000 0.0002 0.0000 0.0000 -0.0006 0.0003 0.0000 0.0004 -0.0006 0.0000 0.0000 0.0001 0.0000 0.0000 0.0000 0.0000 -0.0010 -0.0002 0.0000 0.0003 30.0001 -0.0001 0.0005 -29.9998 0.0000 0.0000 0.0000 -3.6145 0.8134 2.7657 -3.6145 0.8134 2.7657 -53.7661 80.8697 53.5775 -37.8624 51.6971 -17.6586 -48.6841 10.8177 -74.8985 0.8353 1.2095 -0.0564 0.0000 -0.0001 0.0001 0.0000 0.0000 0.0000 0.0000 -0.0006 0.0003 0.0000 -0.0001 0.0001 0.0000 0.0000 0.0000 0.0000 0.0000 0.0000 0.0000 0.0007 0.0001 0.0000 -0.0011 0.0001 0.0000 -0.0008 0.0003 0.0000 0.0001 0.0000 0.0000 0.0000 0.0000 0.0000 -0.0009 0.0000 0.0000 0.0002 -29.9996 -0.0001 -0.0003 29.9996 0.0000 0.0000 0.0000 7.8231 -4.4304 -176.3641 -0.8431 -25.3496 0.2718 -17.6839 82.1845 -15.4541 0.0000 25.3510 0.0000 -38.6914 -24.8611 -177.1255 0.3853 -27.5848 -0.1770 -2.1058 62.5897 11.9531 0.0000 25.3508 -0.0001 
30.5187 90.9447 -49.2930 2.9448 -5.7888 -7.6721 1.7301 3.1372 -0.2901 1.7318 3.1403 -0.2903 1.7353 3.1467 -0.2908 36.3928 79.3290 -64.6428 61.5965 47.5506 33.1934 35.8110 1.8373 73.5067 -0.7474 1.0917 0.2136 0.0000 0.0000 0.0001 0.0000 0.0000 0.0000 0.0000 -0.0013 -0.0008 0.0000 -0.0004 0.0001 0.0000 0.0000 0.0000 0.0000 0.0000 0.0000 0.0000 0.0002 0.0000 0.0000 -0.0006 0.0003 0.0000 0.0004 -0.0006 0.0000 0.0000 0.0001 0.0000 0.0000 0.0000 0.0000 -0.0010 -0.0002 0.0000 0.0002 30.0001 -0.0001 0.0005 -29.9998 0.0000 0.0000 0.0000 -3.4282 0.8090 2.6732 -3.4282 0.8090 2.6732 -53.7157 80.8341 53.7278 -37.7080 51.8979 -17.5312 -48.6648 10.8128 -74.9548 0.8404 1.2115 -0.0374 0.0000 -0.0001 0.0001 0.0000 0.0000 0.0000 0.0000 -0.0006 0.0003 0.0000 -0.0001 0.0001 0.0000 0.0000 0.0000 0.0000 0.0000 0.0000 0.0000 0.0007 0.0001 0.0000 -0.0012 0.0001 0.0000 -0.0008 0.0003 0.0000 0.0001 0.0000 0.0000 0.0000 0.0000 0.0000 -0.0009 0.0000 0.0000 0.0002 -29.9996 -0.0001 -0.0003 29.9995 0.0000 0.0000 0.0000 8.0535 -4.5432 -176.6455 -0.8373 -25.2584 0.2698 -16.8038 82.2468 -14.6314 0.0000 25.3510 0.0000 -35.6831 -23.5727 -177.3598 0.4251 -27.3773 -0.1859 -0.0174 62.5492 13.3775 0.0000 25.3508 -0.0001 
30.5511 90.9167 -49.2086 2.9774 -5.5071 -7.3794 1.7213 3.0848 -0.2922 1.7229 3.0878 -0.2924 1.7264 3.0941 -0.2929 36.5581 79.3918 -64.4097 61.6225 47.3713 33.2209 35.8769 1.9548 73.4099 -0.7403 1.0846 0.2294 0.0000 0.0000 0.0001 0.0000 0.0000 0.0000 0.0000 -0.0013 -0.0008 0.0000 -0.0004 0.0001 0.0000 0.0000 0.0000 0.0000 0.0000 0.0000 0.0000 0.0003 0.0000 0.0000 -0.0006 0.0003 0.0000 0.0004 -0.0006 0.0000 0.0000 0.0001 0.0000 0.0000 0.0000 0.0000 -0.0010 -0.0002 0.0000 0.0003 30.0001 -0.0001 0.0005 -29.9998 0.0000 0.0000 0.0000 -3.2385 0.8007 2.5574 -3.2385 0.8007 2.5574 -53.7351 80.7791 53.8319 -37.5220 52.1556 -17.3349 -48.6344 10.7770 -75.0678 0.8473 1.2138 -0.0145 0.0000 -0.0001 0.0001 0.0000 0.0000 0.0000 0.0000 -0.0006 0.0003 0.0000 -0.0001 0.0001 0.0000 0.0000 0.0000 0.0000 0.0000 0.0000 0.0000 0.0007 0.0001 0.0000 -0.0012 0.0001 0.0000 -0.0008 0.0003 0.0000 0.0001 0.0000 0.0000 0.0000 0.0000 0.0000 -0.0009 0.0000 0.0000 0.0002 -29.9996 -0.0001 -0.0003 29.9996 0.0000 0.0000 0.0000 8.1921 -4.6804 -176.9811 -0.8357 -25.1508 0.2686 -15.6663 82.2771 -13.5340 0.0000 25.3510 0.0000 -33.2319 -22.4037 -177.4084 0.4640 -27.0622 -0.1940 2.0743 62.4296 14.3862 0.0000 25.3508 -0.0001 
30.5601 90.8954 -49.1739 3.0612 -5.2362 -7.0530 1.7130 3.0471 -0.2941 1.7146 3.0501 -0.2943 1.7181 3.0563 -0.2949 36.6396 79.4260 -64.2520 61.6617 47.2284 33.2041 35.9555 2.0588 73.3130 -0.7328 1.0769 0.2453 0.0000 0.0000 0.0001 0.0000 0.0000 0.0000 0.0000 -0.0013 -0.0008 0.0000 -0.0004 0.0001 0.0000 0.0000 0.0000 0.0000 0.0000 0.0000 0.0000 0.0002 0.0000 0.0000 -0.0006 0.0003 0.0000 0.0004 -0.0006 0.0000 0.0000 0.0001 0.0000 0.0000 0.0000 0.0000 -0.0010 -0.0002 0.0000 0.0002 30.0001 -0.0001 0.0005 -29.9998 0.0000 0.0000 0.0000 -3.0404 0.7631 2.4142 -3.0404 0.7631 2.4142 -53.6355 80.7095 54.0388 -37.3920 52.4055 -17.1754 -48.5712 10.7428 -75.1933 0.8551 1.2169 0.0098 0.0000 -0.0001 0.0001 0.0000 0.0000 0.0000 0.0000 -0.0006 0.0003 0.0000 -0.0001 0.0001 0.0000 0.0000 0.0000 0.0000 0.0000 0.0000 0.0000 0.0007 0.0001 0.0000 -0.0012 0.0001 0.0000 -0.0008 0.0003 0.0000 0.0001 0.0000 0.0000 0.0000 0.0000 0.0000 -0.0008 0.0000 0.0000 0.0002 -29.9997 -0.0001 -0.0003 29.9996 0.0000 0.0000 0.0000 8.2529 -4.8082 -177.3493 -0.8256 -24.9901 0.2651 -14.4857 82.2265 -12.3649 0.0000 25.3510 0.0000 -31.1306 -21.4942 -177.4690 0.4770 -26.8487 -0.1962 4.0796 62.3172 15.0033 0.0000 25.3508 -0.0001 
30.5379 90.8764 -49.1514 3.1757 -4.9803 -6.6768 1.7053 3.0266 -0.2977 1.7069 3.0295 -0.2979 1.7104 3.0358 -0.2985 36.6027 79.4292 -64.2204 61.7303 47.1423 33.1788 36.0259 2.1375 73.2157 -0.7253 1.0690 0.2578 0.0000 0.0000 0.0001 0.0000 0.0000 0.0000 0.0000 -0.0013 -0.0008 0.0000 -0.0004 0.0001 0.0000 0.0000 0.0000 0.0000 0.0000 0.0000 0.0000 0.0002 0.0000 0.0000 -0.0006 0.0003 0.0000 0.0004 -0.0006 0.0000 0.0000 0.0001 0.0000 0.0000 0.0000 0.0000 -0.0010 -0.0002 0.0000 0.0002 30.0001 -0.0001 0.0005 -29.9998 0.0000 0.0000 0.0000 -2.8460 0.6934 2.2415 -2.8460 0.6935 2.2414 -53.3689 80.6230 54.3950 -37.3391 52.6114 -17.0919 -48.4802 10.7231 -75.2996 0.8632 1.2211 0.0332 0.0000 -0.0001 0.0001 0.0000 0.0000 0.0000 0.0000 -0.0006 0.0003 0.0000 -0.0001 0.0001 0.0000 0.0000 0.0000 0.0000 0.0000 0.0000 0.0000 0.0007 0.0001 0.0000 -0.0011 0.0001 0.0000 -0.0008 0.0003 0.0000 0.0001 0.0000 0.0000 0.0000 0.0000 0.0000 -0.0008 0.0000 0.0000 0.0002 -29.9997 -0.0001 -0.0003 29.9996 0.0000 0.0000 0.0000 8.2494 -4.9040 -177.7534 -0.8017 -24.7893 0.2584 -13.4549 82.1191 -11.3141 0.0000 25.3510 0.0000 -29.3512 -20.7992 -177.5768 0.4758 -26.7312 -0.1954 5.8404 62.1967 15.2521 0.0000 24.9767 -0.0001 
30.5083 90.8463 -49.1420 3.3080 -4.7502 -6.2391 1.6983 3.0336 -0.2979 1.6999 3.0364 -0.2981 1.7034 3.0427 -0.2986 36.3721 79.3933 -64.4226 61.8513 47.1495 33.1685 36.0513 2.1526 73.1292 -0.7193 1.0621 0.2622 0.0000 0.0000 0.0001 0.0000 0.0000 0.0000 0.0000 -0.0013 -0.0008 0.0000 -0.0004 0.0001 0.0000 0.0000 0.0000 0.0000 0.0000 0.0000 0.0000 0.0002 -0.0001 0.0000 -0.0006 0.0003 0.0000 0.0004 -0.0006 0.0000 0.0000 0.0001 0.0000 0.0000 0.0000 0.0000 -0.0010 -0.0002 0.0000 0.0002 30.0001 -0.0001 0.0005 -29.9998 0.0000 0.0000 0.0000 -2.6408 0.5681 2.0165 -2.6408 0.5681 2.0165 -52.6949 80.5071 55.1172 -37.3816 52.7128 -17.1207 -48.3827 10.7381 -75.3444 0.8718 1.2282 0.0529 0.0000 -0.0001 0.0001 0.0000 0.0000 0.0000 0.0000 -0.0006 0.0003 0.0000 -0.0001 0.0001 0.0000 0.0000 0.0000 0.0000 0.0000 0.0000 0.0000 0.0007 0.0001 0.0000 -0.0012 0.0001 0.0000 -0.0008 0.0003 0.0000 0.0001 0.0000 0.0000 0.0000 0.0000 0.0000 -0.0008 0.0000 0.0000 0.0002 -29.9997 -0.0001 -0.0003 29.9996 0.0000 0.0000 0.0000 8.1441 -4.9618 -178.2248 -0.7769 -24.5643 0.2513 -12.5796 81.9539 -10.3606 0.0000 25.3510 0.0000 -27.8929 -20.2863 -177.7817 0.4717 -26.6767 -0.1942 7.2157 62.0993 15.1371 0.0000 24.9733 -0.0001 
30.5299 90.7973 -49.1224 3.4460 -4.5516 -5.7813 1.6890 3.0610 -0.2918 1.6906 3.0640 -0.2920 1.6941 3.0703 -0.2925 36.1102 79.3213 -64.6987 62.0051 47.2398 33.1545 36.0463 2.0776 73.0760 -0.7153 1.0567 0.2613 0.0000 0.0000 0.0001 0.0000 0.0000 0.0000 0.0000 -0.0013 -0.0008 0.0000 -0.0004 0.0001 0.0000 0.0000 0.0000 0.0000 0.0000 0.0000 0.0000 0.0002 0.0000 0.0000 -0.0006 0.0003 0.0000 0.0004 -0.0006 0.0000 0.0000 0.0001 0.0000 0.0000 0.0000 0.0000 -0.0010 -0.0002 0.0000 0.0002 30.0001 -0.0001 0.0005 -29.9998 0.0000 0.0000 0.0000 -2.4283 0.4114 1.7548 -2.4283 0.4114 1.7548 -51.6202 80.3867 56.1923 -37.4416 52.7241 -17.2144 -48.2815 10.7822 -75.3552 0.8821 1.2386 0.0718 0.0000 -0.0001 0.0001 0.0000 0.0000 0.0000 0.0000 -0.0006 0.0003 0.0000 -0.0001 0.0001 0.0000 0.0000 0.0000 0.0000 0.0000 0.0000 0.0000 0.0007 0.0001 0.0000 -0.0011 0.0001 0.0000 -0.0008 0.0003 0.0000 0.0001 0.0000 0.0000 0.0000 0.0000 0.0000 -0.0008 0.0000 0.0000 0.0002 -29.9996 -0.0001 -0.0003 29.9996 0.0000 0.0000 0.0000 7.9487 -4.9846 -178.7575 -0.7685 -24.3626 0.2481 -11.6204 81.7820 -9.2645 0.0000 25.3510 0.0000 -26.3870 -19.8098 -178.0620 0.4723 -26.5727 -0.1939 8.4796 62.0330 14.9845 0.0000 24.9695 -0.0001 
30.5911 90.7400 -49.1097 3.5964 -4.3843 -5.3156 1.6737 3.1000 -0.2817 1.6753 3.1031 -0.2819 1.6788 3.1094 -0.2824 35.9087 79.2242 -64.9490 62.1706 47.3922 33.1480 36.0253 1.9493 73.0374 -0.7129 1.0531 0.2570 0.0000 0.0000 0.0001 0.0000 0.0000 0.0000 0.0000 -0.0013 -0.0008 0.0000 -0.0004 0.0001 0.0000 0.0000 0.0000 0.0000 0.0000 0.0000 0.0000 0.0002 -0.0001 0.0000 -0.0006 0.0003 0.0000 0.0004 -0.0006 0.0000 0.0000 0.0001 0.0000 0.0000 0.0000 0.0000 -0.0010 -0.0002 0.0000 0.0002 30.0001 -0.0001 0.0005 -29.9998 0.0000 0.0000 0.0000 -2.2135 0.2465 1.4694 -2.2135 0.2465 1.4694 -50.3037 80.2822 57.4671 -37.5298 52.6606 -17.3800 -48.1680 10.8465 -75.3325 0.8929 1.2507 0.0893 0.0000 -0.0001 0.0001 0.0000 0.0000 0.0000 0.0000 -0.0006 0.0003 0.0000 -0.0001 0.0001 0.0000 0.0000 0.0000 0.0000 0.0000 0.0000 0.0000 0.0007 0.0001 0.0000 -0.0011 0.0001 0.0000 -0.0008 0.0003 0.0000 0.0001 0.0000 0.0000 0.0000 0.0000 0.0000 -0.0008 0.0000 0.0000 0.0002 -29.9996 -0.0001 -0.0003 29.9996 0.0000 0.0000 0.0000 7.6720 -4.9912 -179.3321 -0.7705 -24.1839 0.2473 -10.5261 81.5886 -7.9753 0.0000 25.3510 0.0000 -24.7626 -19.3428 -178.4029 0.4788 -26.3896 -0.1946 9.6921 61.9791 14.9231 0.0000 24.9652 -0.0001 
30.6845 90.6847 -49.0758 3.7738 -4.2504 -4.8486 1.6434 3.1401 -0.2686 1.6450 3.1432 -0.2688 1.6483 3.1496 -0.2693 35.8381 79.1136 -65.1125 62.3230 47.6098 33.1367 35.9926 1.8003 73.0084 -0.7118 1.0507 0.2494 0.0000 0.0000 0.0001 0.0000 0.0000 0.0000 0.0000 -0.0013 -0.0008 0.0000 -0.0004 0.0001 0.0000 0.0000 0.0000 0.0000 0.0000 0.0000 0.0000 0.0002 0.0000 0.0000 -0.0006 0.0003 0.0000 0.0004 -0.0006 0.0000 0.0000 0.0001 0.0000 0.0000 0.0000 0.0000 -0.0010 -0.0002 0.0000 0.0002 30.0001 -0.0001 0.0005 -29.9998 0.0000 0.0000 0.0000 -2.0030 0.0961 1.1699 -2.0030 0.0961 1.1699 -48.8782 80.2218 58.7961 -37.6662 52.5061 -17.6565 -48.0296 10.9219 -75.2651 0.9030 1.2636 0.1029 0.0000 -0.0001 0.0001 0.0000 0.0000 0.0000 0.0000 -0.0006 0.0003 0.0000 -0.0001 0.0001 0.0000 0.0000 0.0000 0.0000 0.0000 0.0000 0.0000 0.0007 0.0001 0.0000 -0.0011 0.0001 0.0000 -0.0008 0.0003 0.0000 0.0001 0.0000 0.0000 0.0000 0.0000 0.0000 -0.0008 0.0000 0.0000 0.0002 -29.9996 -0.0001 -0.0003 29.9996 0.0000 0.0000 0.0000 7.3033 -4.9597 -179.9359 -0.7762 -24.0120 0.2473 -9.3030 81.3770 -6.4843 0.0000 25.3510 0.0000 -22.8428 -18.9096 -178.8393 0.4825 -26.0253 -0.1938 10.9670 61.8112 15.1148 0.0000 24.9608 -0.0001 
30.7598 90.6373 -49.0166 3.9727 -4.1279 -4.3981 1.6000 3.1708 -0.2490 1.6016 3.1739 -0.2492 1.6048 3.1804 -0.2496 35.8000 79.0024 -65.2624 62.4540 47.8714 33.1042 35.9620 1.6651 72.9882 -0.7109 1.0487 0.2394 0.0000 0.0000 0.0001 0.0000 0.0000 0.0000 0.0000 -0.0013 -0.0008 0.0000 -0.0004 0.0001 0.0000 0.0000 0.0000 0.0000 0.0000 0.0000 0.0000 0.0002 0.0000 0.0000 -0.0006 0.0003 0.0000 0.0004 -0.0006 0.0000 0.0000 0.0001 0.0000 0.0000 0.0000 0.0000 -0.0010 -0.0002 0.0000 0.0002 30.0001 -0.0001 0.0005 -29.9998 0.0000 0.0000 0.0000 -1.7899 -0.0295 0.8771 -1.7899 -0.0295 0.8771 -47.5129 80.1896 60.0284 -37.7803 52.2964 -17.9583 -47.8836 10.9887 -75.1806 0.9136 1.2784 0.1126 0.0000 -0.0001 0.0001 0.0000 0.0000 0.0000 0.0000 -0.0006 0.0003 0.0000 -0.0001 0.0001 0.0000 0.0000 0.0000 0.0000 0.0000 0.0000 0.0000 0.0007 0.0001 0.0000 -0.0012 0.0001 0.0000 -0.0008 0.0003 0.0000 0.0001 0.0000 0.0000 0.0000 0.0000 0.0000 -0.0009 0.0000 0.0000 0.0002 -29.9996 -0.0001 -0.0003 29.9996 0.0000 0.0000 0.0000 6.8777 -4.8969 179.4867 -0.7754 -23.8049 0.2457 -8.2465 81.1423 -5.1237 0.0000 25.3510 0.0000 -20.6526 -18.4862 -179.2868 0.4941 -25.4333 -0.1938 12.1293 61.6544 15.2832 0.0000 24.9595 -0.0001 
30.8274 90.5923 -48.8901 4.1863 -4.0149 -3.9676 1.5452 3.1890 -0.2259 1.5466 3.1921 -0.2261 1.5498 3.1986 -0.2265 35.8265 78.8914 -65.3559 62.5614 48.1718 33.0271 35.9462 1.5260 72.9988 -0.7102 1.0462 0.2288 0.0000 0.0000 0.0001 0.0000 0.0000 0.0000 0.0000 -0.0013 -0.0008 0.0000 -0.0004 0.0001 0.0000 0.0000 0.0000 0.0000 0.0000 0.0000 0.0000 0.0002 0.0000 0.0000 -0.0006 0.0003 0.0000 0.0004 -0.0006 0.0000 0.0000 0.0001 0.0000 0.0000 0.0000 0.0000 -0.0010 -0.0002 0.0000 0.0002 30.0001 -0.0001 0.0005 -29.9998 0.0000 0.0000 0.0000 -1.5801 -0.1249 0.6069 -1.5801 -0.1249 0.6069 -46.2307 80.1838 61.1570 -37.8669 52.0504 -18.2687 -47.7281 11.0459 -75.0849 0.9247 1.2949 0.1196 0.0000 -0.0001 0.0001 0.0000 0.0000 0.0000 0.0000 -0.0006 0.0003 0.0000 -0.0001 0.0001 0.0000 0.0000 0.0000 0.0000 0.0000 0.0000 0.0000 0.0007 0.0001 0.0000 -0.0012 0.0001 0.0000 -0.0008 0.0003 0.0000 0.0001 0.0000 0.0000 0.0000 0.0000 0.0000 -0.0009 0.0000 0.0000 0.0002 -29.9997 -0.0001 -0.0003 29.9996 0.0000 0.0000 0.0000 6.4312 -4.7776 178.9435 -0.7729 -23.5728 0.2435 -7.4195 80.9359 -3.9947 0.0000 25.3510 0.0000 -18.2476 -18.0139 -179.7163 0.5103 -24.5871 -0.1935 12.9687 61.7245 15.0745 0.0000 24.9662 -0.0001 
30.8808 90.5408 -48.6656 4.4173 -3.9018 -3.5668 1.4732 3.1774 -0.2042 1.4746 3.1805 -0.2043 1.4776 3.1870 -0.2047 36.0172 78.8017 -65.2847 62.6495 48.5134 32.9310 35.9438 1.3938 73.0276 -0.7082 1.0417 0.2181 0.0000 0.0000 0.0001 0.0000 0.0000 0.0000 0.0000 -0.0013 -0.0008 0.0000 -0.0004 0.0001 0.0000 0.0000 0.0000 0.0000 0.0000 0.0000 0.0000 0.0002 0.0000 0.0000 -0.0006 0.0003 0.0000 0.0004 -0.0006 0.0000 0.0000 0.0001 0.0000 0.0000 0.0000 0.0000 -0.0010 -0.0002 0.0000 0.0002 30.0001 -0.0001 0.0005 -29.9998 0.0000 0.0000 0.0000 -1.3884 -0.1662 0.3964 -1.3884 -0.1662 0.3964 -45.2871 80.2175 61.9430 -37.9353 51.7872 -18.6039 -47.5659 11.0986 -74.9771 0.9351 1.3117 0.1223 0.0000 -0.0001 0.0001 0.0000 0.0000 0.0000 0.0000 -0.0006 0.0003 0.0000 -0.0001 0.0001 0.0000 0.0000 0.0000 0.0000 0.0000 0.0000 0.0000 0.0007 0.0001 0.0000 -0.0011 0.0001 0.0000 -0.0008 0.0003 0.0000 0.0001 0.0000 0.0000 0.0000 0.0000 0.0000 -0.0009 0.0000 0.0000 0.0002 -29.9996 -0.0001 -0.0003 29.9996 0.0000 0.0000 0.0000 6.0101 -4.6112 178.4611 -0.7677 -23.3667 0.2410 -6.9904 80.8282 -3.3210 0.0000 25.3510 0.0000 -15.6281 -17.4055 179.9275 0.5431 -23.3013 -0.1943 13.6760 61.8288 14.2946 0.0000 24.9788 -0.0001 
30.9334 90.4867 -48.4289 4.6629 -3.7759 -3.2075 1.3909 3.1334 -0.1829 1.3922 3.1363 -0.1830 1.3951 3.1429 -0.1833 36.3605 78.7570 -65.0540 62.7159 48.8368 32.8290 35.9440 1.2899 73.0492 -0.7051 1.0359 0.2102 0.0000 0.0000 0.0001 0.0000 0.0000 0.0000 0.0000 -0.0013 -0.0008 0.0000 -0.0004 0.0001 0.0000 0.0000 0.0000 0.0000 0.0000 0.0000 0.0000 0.0003 0.0000 0.0000 -0.0006 0.0003 0.0000 0.0004 -0.0006 0.0000 0.0000 0.0001 0.0000 0.0000 0.0000 0.0000 -0.0010 -0.0002 0.0000 0.0003 30.0001 -0.0001 0.0005 -29.9998 0.0000 0.0000 0.0000 -1.2223 -0.1617 0.2500 -1.2223 -0.1617 0.2500 -44.7860 80.2850 62.3140 -37.9515 51.5512 -18.9199 -47.4282 11.1439 -74.8769 0.9445 1.3275 0.1223 0.0000 -0.0001 0.0001 0.0000 0.0000 0.0000 0.0000 -0.0006 0.0003 0.0000 -0.0001 0.0001 0.0000 0.0000 0.0000 0.0000 0.0000 0.0000 0.0000 0.0007 0.0001 0.0000 -0.0012 0.0001 0.0000 -0.0008 0.0003 0.0000 0.0001 0.0000 0.0000 0.0000 0.0000 0.0000 -0.0008 0.0000 0.0000 0.0002 -29.9996 -0.0001 -0.0003 29.9996 0.0000 0.0000 0.0000 5.6488 -4.4860 178.0393 -0.7668 -23.2301 0.2398 -6.8195 80.7914 -3.0069 0.0000 25.3510 0.0000 -13.0858 -16.6846 179.6759 0.5632 -21.7148 -0.1904 14.0800 61.8082 12.7883 0.0000 24.9923 -0.0001 
30.9850 90.4442 -48.2192 4.9265 -3.6335 -2.9029 1.3049 3.0652 -0.1559 1.3060 3.0678 -0.1560 1.3088 3.0744 -0.1563 36.7480 78.7573 -64.7606 62.7494 49.1157 32.7205 35.9416 1.2074 73.0518 -0.7009 1.0291 0.2055 0.0000 0.0000 0.0001 0.0000 0.0000 0.0000 0.0000 -0.0013 -0.0008 0.0000 -0.0004 0.0001 0.0000 0.0000 0.0000 0.0000 0.0000 0.0000 0.0000 0.0002 0.0000 0.0000 -0.0006 0.0003 0.0000 0.0004 -0.0006 0.0000 0.0000 0.0001 0.0000 0.0000 0.0000 0.0000 -0.0010 -0.0002 0.0000 0.0002 30.0001 -0.0001 0.0005 -29.9998 0.0000 0.0000 0.0000 -1.0902 -0.1299 0.1586 -1.0902 -0.1299 0.1586 -44.6346 80.3670 62.3824 -37.8905 51.3608 -19.1894 -47.3229 11.1697 -74.7913 0.9543 1.3436 0.1225 0.0000 -0.0001 0.0001 0.0000 0.0000 0.0000 0.0000 -0.0006 0.0003 0.0000 -0.0001 0.0001 0.0000 0.0000 0.0000 0.0000 0.0000 0.0000 0.0000 0.0007 0.0001 0.0000 -0.0012 0.0001 0.0000 -0.0008 0.0003 0.0000 0.0001 0.0000 0.0000 0.0000 0.0000 0.0000 -0.0009 0.0000 0.0000 0.0002 -29.9996 -0.0001 -0.0003 29.9996 0.0000 0.0000 0.0000 5.3252 -4.4227 177.6860 -0.7680 -23.1384 0.2395 -6.8539 80.7767 -2.9903 0.0000 25.3510 0.0000 -10.6913 -15.9248 179.5227 0.5634 -20.0088 -0.1818 14.0930 61.8290 10.6168 0.0000 25.0055 -0.0001 
31.0325 90.4402 -48.0567 5.2083 -3.4743 -2.6970 1.2228 2.9737 -0.1170 1.2238 2.9761 -0.1171 1.2265 2.9827 -0.1173 37.1868 78.8185 -64.3582 62.7131 49.3265 32.5924 35.9370 1.1340 73.0110 -0.6962 1.0227 0.2069 0.0000 0.0000 0.0001 0.0000 0.0000 0.0000 0.0000 -0.0013 -0.0008 0.0000 -0.0004 0.0001 0.0000 0.0000 0.0000 0.0000 0.0000 0.0000 0.0000 0.0002 -0.0001 0.0000 -0.0006 0.0003 0.0000 0.0004 -0.0006 0.0000 0.0000 0.0001 0.0000 0.0000 0.0000 0.0000 -0.0010 -0.0002 0.0000 0.0003 30.0001 -0.0001 0.0005 -29.9998 0.0000 0.0000 0.0000 -1.0182 -0.0809 0.1408 -1.0182 -0.0809 0.1408 -44.8068 80.4632 62.1985 -37.7333 51.2602 -19.3818 -47.2567 11.1493 -74.7258 0.9639 1.3581 0.1256 0.0000 -0.0001 0.0001 0.0000 0.0000 0.0000 0.0000 -0.0006 0.0003 0.0000 -0.0001 0.0001 0.0000 0.0000 0.0000 0.0000 0.0000 0.0000 0.0000 0.0007 0.0001 0.0000 -0.0012 0.0001 0.0000 -0.0008 0.0003 0.0000 0.0001 0.0000 0.0000 0.0000 0.0000 0.0000 -0.0009 0.0000 0.0000 0.0002 -29.9996 -0.0001 -0.0003 29.9996 0.0000 0.0000 0.0000 5.0337 -4.4343 177.4512 -0.7707 -23.0823 0.2396 -7.1752 80.7639 -3.3593 0.0000 25.3510 0.0000 -8.6275 -15.2822 179.4981 0.5627 -18.4829 -0.1740 13.8213 61.9883 7.9749 0.0000 25.0157 -0.0001 
31.0637 90.4519 -47.9010 5.4810 -3.2992 -2.5697 1.1535 2.8754 -0.0662 1.1544 2.8776 -0.0662 1.1570 2.8841 -0.0663 37.6269 78.9010 -63.8820 62.6482 49.5027 32.4671 35.9369 1.0770 72.9416 -0.6910 1.0164 0.2118 0.0000 0.0000 0.0001 0.0000 0.0000 0.0000 0.0000 -0.0013 -0.0008 0.0000 -0.0004 0.0001 0.0000 0.0000 0.0000 0.0000 0.0000 0.0000 0.0000 0.0003 0.0000 0.0000 -0.0006 0.0003 0.0000 0.0004 -0.0006 0.0000 0.0000 0.0001 0.0000 0.0000 0.0000 0.0000 -0.0010 -0.0002 0.0000 0.0003 30.0001 -0.0001 0.0005 -29.9998 0.0000 0.0000 0.0000 -0.9953 -0.0416 0.1684 -0.9953 -0.0416 0.1684 -45.0843 80.5678 61.9493 -37.5447 51.2140 -19.5280 -47.1985 11.0890 -74.6863 0.9734 1.3713 0.1314 0.0000 -0.0001 0.0001 0.0000 0.0000 0.0000 0.0000 -0.0006 0.0003 0.0000 -0.0001 0.0001 0.0000 0.0000 0.0000 0.0000 0.0000 0.0000 0.0000 0.0007 0.0001 0.0000 -0.0012 0.0001 0.0000 -0.0008 0.0003 0.0000 0.0001 0.0000 0.0000 0.0000 0.0000 0.0000 -0.0008 0.0000 0.0000 0.0002 -29.9996 -0.0001 -0.0003 29.9996 0.0000 0.0000 0.0000 4.7330 -4.4893 177.3101 -0.7703 -23.0512 0.2393 -7.7543 80.7636 -3.9889 0.0000 25.3510 0.0000 -6.8276 -14.8883 179.4925 0.5592 -17.3859 -0.1679 13.9187 62.0313 5.7072 0.0000 25.0198 -0.0001 
31.0806 90.4651 -47.7342 5.7300 -3.1083 -2.4951 1.0964 2.7753 -0.0081 1.0971 2.7773 -0.0080 1.0997 2.7837 -0.0080 38.0703 78.9866 -63.3485 62.5862 49.6479 32.3655 35.9332 1.0510 72.8605 -0.6861 1.0107 0.2185 0.0000 0.0000 0.0001 0.0000 0.0000 0.0000 0.0000 -0.0013 -0.0008 0.0000 -0.0004 0.0001 0.0000 0.0000 0.0000 0.0000 0.0000 0.0000 0.0000 0.0002 0.0000 0.0000 -0.0006 0.0003 0.0000 0.0004 -0.0006 0.0000 0.0000 0.0001 0.0000 0.0000 0.0000 0.0000 -0.0010 -0.0002 0.0000 0.0002 30.0001 -0.0001 0.0005 -29.9998 0.0000 0.0000 0.0000 -1.0086 -0.0217 0.2229 -1.0086 -0.0217 0.2229 -45.3656 80.6851 61.7109 -37.3489 51.1836 -19.6379 -47.1390 11.0089 -74.6781 0.9825 1.3827 0.1385 0.0000 -0.0001 0.0001 0.0000 0.0000 0.0000 0.0000 -0.0006 0.0003 0.0000 -0.0001 0.0001 0.0000 0.0000 0.0000 0.0000 0.0000 0.0000 0.0000 0.0007 0.0001 0.0000 -0.0012 0.0001 0.0000 -0.0008 0.0003 0.0000 0.0001 0.0000 0.0000 0.0000 0.0000 0.0000 -0.0008 0.0000 0.0000 0.0002 -29.9996 -0.0001 -0.0003 29.9996 0.0000 0.0000 0.0000 4.4084 -4.5815 177.2267 -0.7739 -23.0626 0.2401 -8.5093 80.7918 -4.7638 0.0000 25.3510 0.0000 -5.2393 -14.7325 179.4361 0.5470 -16.6594 -0.1625 14.3377 61.9733 3.9516 0.0000 25.0213 -0.0001 
31.0700 90.4618 -47.5303 5.9098 -2.9087 -2.4660 1.0580 2.6813 0.0489 1.0587 2.6831 0.0490 1.0612 2.6894 0.0491 38.5429 79.0599 -62.7399 62.5420 49.7515 32.2953 35.9202 1.0618 72.7945 -0.6823 1.0066 0.2268 0.0000 0.0000 0.0001 0.0000 0.0000 0.0000 0.0000 -0.0013 -0.0008 0.0000 -0.0004 0.0001 0.0000 0.0000 0.0000 0.0000 0.0000 0.0000 0.0000 0.0002 0.0000 0.0000 -0.0006 0.0003 0.0000 0.0004 -0.0006 0.0000 0.0000 0.0001 0.0000 0.0000 0.0000 0.0000 -0.0010 -0.0002 0.0000 0.0002 30.0001 -0.0001 0.0005 -29.9998 0.0000 0.0000 0.0000 -1.0565 -0.0365 0.3063 -1.0565 -0.0365 0.3063 -45.4812 80.8228 61.6264 -37.1702 51.1395 -19.6980 -47.0795 10.9442 -74.7122 0.9895 1.3903 0.1458 0.0000 -0.0001 0.0001 0.0000 0.0000 0.0000 0.0000 -0.0006 0.0003 0.0000 -0.0001 0.0001 0.0000 0.0000 0.0000 0.0000 0.0000 0.0000 0.0000 0.0007 0.0001 0.0000 -0.0011 0.0001 0.0000 -0.0008 0.0003 0.0000 0.0001 0.0000 0.0000 0.0000 0.0000 0.0000 -0.0009 0.0000 0.0000 0.0002 -29.9996 -0.0001 -0.0003 29.9996 0.0000 0.0000 0.0000 4.1107 -4.6585 177.2025 -0.7855 -23.0671 0.2425 -9.3850 80.8553 -5.6300 0.0000 25.3510 0.0000 -3.9918 -14.8310 179.2518 0.5121 -16.2867 -0.1557 14.9156 61.9615 2.9530 0.0000 25.0235 -0.0001 
31.0358 90.4742 -47.3157 6.0120 -2.7132 -2.4421 1.0363 2.5947 0.0988 1.0370 2.5963 0.0988 1.0395 2.6026 0.0991 38.9907 79.1137 -62.1330 62.5139 49.8400 32.2413 35.9227 1.0857 72.7626 -0.6790 1.0028 0.2347 0.0000 0.0000 0.0001 0.0000 0.0000 0.0000 0.0000 -0.0013 -0.0008 0.0000 -0.0004 0.0001 0.0000 0.0000 0.0000 0.0000 0.0000 0.0000 0.0000 0.0002 0.0000 0.0000 -0.0006 0.0003 0.0000 0.0004 -0.0006 0.0000 0.0000 0.0001 0.0000 0.0000 0.0000 0.0000 -0.0010 -0.0002 0.0000 0.0002 30.0001 -0.0001 0.0005 -29.9998 0.0000 0.0000 0.0000 -1.1185 -0.0736 0.4000 -1.1185 -0.0736 0.4000 -45.5165 80.9447 61.5969 -37.0439 51.0874 -19.7227 -47.0337 10.9124 -74.7540 0.9935 1.3940 0.1501 0.0000 -0.0001 0.0001 0.0000 0.0000 0.0000 0.0000 -0.0006 0.0003 0.0000 -0.0001 0.0001 0.0000 0.0000 0.0000 0.0000 0.0000 0.0000 0.0000 0.0007 0.0001 0.0000 -0.0012 0.0001 0.0000 -0.0008 0.0003 0.0000 0.0001 0.0000 0.0000 0.0000 0.0000 0.0000 -0.0009 0.0000 0.0000 0.0002 -29.9996 -0.0001 -0.0003 29.9996 0.0000 0.0000 0.0000 3.9030 -4.6609 177.2055 -0.7962 -22.9482 0.2439 -10.2090 80.8890 -6.4511 0.0000 25.3510 0.0000 -2.8865 -14.8937 179.0062 0.4779 -15.9502 -0.1494 15.8555 61.9128 2.6521 0.0000 25.0252 -0.0001 
30.9777 90.5105 -47.1062 6.0526 -2.5249 -2.4158 1.0293 2.5137 0.1404 1.0299 2.5152 0.1405 1.0324 2.5213 0.1409 39.3797 79.1454 -61.5755 62.5043 49.8982 32.2054 35.9527 1.1259 72.7655 -0.6761 0.9990 0.2424 0.0000 0.0000 0.0001 0.0000 0.0000 0.0000 0.0000 -0.0013 -0.0008 0.0000 -0.0004 0.0001 0.0000 0.0000 0.0000 0.0000 0.0000 0.0000 0.0000 0.0003 0.0000 0.0000 -0.0006 0.0003 0.0000 0.0004 -0.0006 0.0000 0.0000 0.0001 0.0000 0.0000 0.0000 0.0000 -0.0010 -0.0002 0.0000 0.0003 30.0001 -0.0001 0.0005 -29.9998 0.0000 0.0000 0.0000 -1.1905 -0.1214 0.4982 -1.1905 -0.1214 0.4982 -45.5558 81.0435 61.5504 -36.9608 51.0470 -19.7113 -47.0032 10.9033 -74.8037 0.9949 1.3944 0.1521 0.0000 -0.0001 0.0001 0.0000 0.0000 0.0000 0.0000 -0.0006 0.0003 0.0000 -0.0001 0.0001 0.0000 0.0000 0.0000 0.0000 0.0000 0.0000 0.0000 0.0007 0.0001 0.0000 -0.0011 0.0001 0.0000 -0.0008 0.0003 0.0000 0.0001 0.0000 0.0000 0.0000 0.0000 0.0000 -0.0009 0.0000 0.0000 0.0002 -29.9996 -0.0001 -0.0003 29.9996 0.0000 0.0000 0.0000 3.7809 -4.5722 177.2307 -0.7967 -22.6590 0.2418 -10.9495 80.8540 -7.2021 0.0000 25.3510 0.0000 -2.0099 -14.8180 178.7420 0.4397 -15.6165 -0.1428 16.9247 61.8668 2.8160 0.0000 25.0260 -0.0001 
30.9101 90.5776 -46.9457 6.0449 -2.3445 -2.3860 1.0375 2.4373 0.1707 1.0380 2.4387 0.1708 1.0406 2.4447 0.1713 39.6801 79.1572 -61.1140 62.5091 49.8670 32.2180 36.0204 1.2052 72.8047 -0.6742 0.9962 0.2504 0.0000 0.0000 0.0001 0.0000 0.0000 0.0000 0.0000 -0.0013 -0.0008 0.0000 -0.0004 0.0001 0.0000 0.0000 0.0000 0.0000 0.0000 0.0000 0.0000 0.0002 0.0000 0.0000 -0.0006 0.0003 0.0000 0.0004 -0.0006 0.0000 0.0000 0.0001 0.0000 0.0000 0.0000 0.0000 -0.0010 -0.0002 0.0000 0.0002 30.0001 -0.0001 0.0005 -29.9998 0.0000 0.0000 0.0000 -1.2818 -0.1714 0.5838 -1.2818 -0.1714 0.5838 -45.6894 81.1124 61.4252 -36.8666 51.0442 -19.6150 -47.0087 10.9263 -74.8644 0.9944 1.3921 0.1529 0.0000 -0.0001 0.0001 0.0000 0.0000 0.0000 0.0000 -0.0006 0.0003 0.0000 -0.0001 0.0001 0.0000 0.0000 0.0000 0.0000 0.0000 0.0000 0.0000 0.0007 0.0001 0.0000 -0.0012 0.0001 0.0000 -0.0008 0.0003 0.0000 0.0001 0.0000 0.0000 0.0000 0.0000 0.0000 -0.0009 0.0000 0.0000 0.0002 -29.9996 -0.0001 -0.0003 29.9996 0.0000 0.0000 0.0000 3.7585 -4.4062 177.2662 -0.7899 -22.1747 0.2370 -11.3912 80.7185 -7.6947 0.0000 25.3510 0.0000 -1.5347 -14.5458 178.5808 0.4153 -15.3234 -0.1384 17.7451 61.9523 3.1995 0.0000 25.0259 -0.0001 
30.8514 90.6389 -46.8319 6.0353 -2.1687 -2.3546 1.0550 2.3637 0.1907 1.0556 2.3649 0.1908 1.0582 2.3708 0.1913 39.8844 79.1673 -60.7512 62.4968 49.7539 32.2708 36.1145 1.3166 72.8323 -0.6730 0.9949 0.2594 0.0000 0.0000 0.0001 0.0000 0.0000 0.0000 0.0000 -0.0013 -0.0008 0.0000 -0.0004 0.0001 0.0000 0.0000 0.0000 0.0000 0.0000 0.0000 0.0000 0.0002 0.0000 0.0000 -0.0006 0.0003 0.0000 0.0004 -0.0006 0.0000 0.0000 0.0001 0.0000 0.0000 0.0000 0.0000 -0.0010 -0.0002 0.0000 0.0003 30.0001 -0.0001 0.0005 -29.9998 0.0000 0.0000 0.0000 -1.3936 -0.2143 0.6518 -1.3936 -0.2143 0.6518 -45.9518 81.1622 61.2103 -36.7554 51.1015 -19.4687 -47.0280 10.9545 -74.9178 0.9926 1.3877 0.1552 0.0000 -0.0001 0.0001 0.0000 0.0000 0.0000 0.0000 -0.0006 0.0003 0.0000 -0.0001 0.0001 0.0000 0.0000 0.0000 0.0000 0.0000 0.0000 0.0000 0.0007 0.0001 0.0000 -0.0012 0.0001 0.0000 -0.0008 0.0003 0.0000 0.0001 0.0000 0.0000 0.0000 0.0000 0.0000 -0.0009 0.0000 0.0000 0.0002 -29.9996 -0.0001 -0.0003 29.9996 0.0000 0.0000 0.0000 3.7781 -4.2735 177.2915 -0.7820 -21.7111 0.2322 -11.6279 80.5844 -8.0061 0.0000 25.3510 0.0000 -1.5456 -14.3292 178.5381 0.4013 -15.1967 -0.1361 18.0874 62.1085 3.5721 0.0000 25.0255 -0.0001 
30.8074 90.6773 -46.7604 6.0362 -1.9949 -2.3201 1.0798 2.2932 0.2039 1.0804 2.2944 0.2040 1.0831 2.3001 0.2046 39.9578 79.1788 -60.5117 62.4674 49.5888 32.3578 36.2269 1.4553 72.8295 -0.6720 0.9946 0.2685 0.0000 0.0000 0.0001 0.0000 0.0000 0.0000 0.0000 -0.0013 -0.0008 0.0000 -0.0004 0.0001 0.0000 0.0000 0.0000 0.0000 0.0000 0.0000 0.0000 0.0002 0.0000 0.0000 -0.0006 0.0003 0.0000 0.0004 -0.0006 0.0000 0.0000 0.0001 0.0000 0.0000 0.0000 0.0000 -0.0010 -0.0002 0.0000 0.0002 30.0001 -0.0001 0.0005 -29.9998 0.0000 0.0000 0.0000 -1.5216 -0.2490 0.7019 -1.5216 -0.2490 0.7019 -46.3014 81.2034 60.9430 -36.6264 51.2081 -19.2943 -47.0456 10.9628 -74.9511 0.9902 1.3827 0.1589 0.0000 -0.0001 0.0001 0.0000 0.0000 0.0000 0.0000 -0.0006 0.0003 0.0000 -0.0001 0.0001 0.0000 0.0000 0.0000 0.0000 0.0000 0.0000 0.0000 0.0007 0.0001 0.0000 -0.0011 0.0001 0.0000 -0.0008 0.0003 0.0000 0.0001 0.0000 0.0000 0.0000 0.0000 0.0000 -0.0009 0.0000 0.0000 0.0002 -29.9996 -0.0001 -0.0003 29.9996 0.0000 0.0000 0.0000 3.8030 -4.2232 177.2951 -0.7772 -21.3648 0.2289 -11.7289 80.5003 -8.1780 0.0000 25.3510 0.0000 -1.9855 -14.2962 178.6048 0.4060 -15.2674 -0.1369 17.8785 62.2890 3.7869 0.0000 25.0248 -0.0001 
30.7790 90.6752 -46.7411 6.0530 -1.8284 -2.2761 1.1078 2.2265 0.2092 1.1083 2.2277 0.2093 1.1112 2.2333 0.2099 39.8920 79.2037 -60.4136 62.4259 49.3896 32.4808 36.3384 1.6228 72.7744 -0.6704 0.9946 0.2766 0.0000 0.0000 0.0001 0.0000 0.0000 0.0000 0.0000 -0.0013 -0.0008 0.0000 -0.0004 0.0001 0.0000 0.0000 0.0000 0.0000 0.0000 0.0000 0.0000 0.0002 0.0000 0.0000 -0.0006 0.0003 0.0000 0.0004 -0.0006 0.0000 0.0000 0.0001 0.0000 0.0000 0.0000 0.0000 -0.0010 -0.0002 0.0000 0.0002 30.0001 -0.0001 0.0005 -29.9998 0.0000 0.0000 0.0000 -1.6547 -0.2658 0.7239 -1.6547 -0.2658 0.7239 -46.7361 81.2507 60.6036 -36.5001 51.3568 -19.1259 -47.0329 10.9239 -74.9525 0.9874 1.3775 0.1637 0.0000 -0.0001 0.0001 0.0000 0.0000 0.0000 0.0000 -0.0006 0.0003 0.0000 -0.0001 0.0001 0.0000 0.0000 0.0000 0.0000 0.0000 0.0000 0.0000 0.0007 0.0001 0.0000 -0.0012 0.0001 0.0000 -0.0008 0.0003 0.0000 0.0001 0.0000 0.0000 0.0000 0.0000 0.0000 -0.0009 0.0000 0.0000 0.0002 -29.9996 -0.0001 -0.0003 29.9996 0.0000 0.0000 0.0000 3.8077 -4.3129 177.2626 -0.7795 -21.2476 0.2285 -11.6704 80.5178 -8.1532 0.0000 25.3510 0.0000 -2.9450 -14.5706 178.7414 0.4152 -15.6594 -0.1396 17.0542 62.5051 3.8603 0.0000 25.0240 -0.0001 
30.7533 90.6470 -46.7410 6.0609 -1.6795 -2.2209 1.1352 2.1660 0.2084 1.1357 2.1670 0.2085 1.1386 2.1725 0.2091 39.8484 79.2431 -60.3186 62.3820 49.2096 32.6124 36.4238 1.7862 72.6984 -0.6689 0.9949 0.2832 0.0000 0.0000 0.0001 0.0000 0.0000 0.0000 0.0000 -0.0013 -0.0008 0.0000 -0.0004 0.0001 0.0000 0.0000 0.0000 0.0000 0.0000 0.0000 0.0000 0.0003 0.0000 0.0000 -0.0006 0.0003 0.0000 0.0004 -0.0006 0.0000 0.0000 0.0001 0.0000 0.0000 0.0000 0.0000 -0.0010 -0.0002 0.0000 0.0003 30.0001 -0.0001 0.0005 -29.9998 0.0000 0.0000 0.0000 -1.7732 -0.2675 0.7274 -1.7732 -0.2675 0.7274 -47.1387 81.3070 60.2743 -36.3978 51.4894 -18.9967 -47.0009 10.8802 -74.9334 0.9843 1.3726 0.1676 0.0000 -0.0001 0.0001 0.0000 0.0000 0.0000 0.0000 -0.0006 0.0003 0.0000 -0.0001 0.0001 0.0000 0.0000 0.0000 0.0000 0.0000 0.0000 0.0000 0.0007 0.0001 0.0000 -0.0012 0.0001 0.0000 -0.0008 0.0003 0.0000 0.0001 0.0000 0.0000 0.0000 0.0000 0.0000 -0.0008 0.0000 0.0000 0.0002 -29.9997 -0.0001 -0.0003 29.9996 0.0000 0.0000 0.0000 3.8216 -4.4691 177.2099 -0.7884 -21.2764 0.2303 -11.4560 80.6080 -7.9524 0.0000 25.3510 0.0000 -4.1581 -15.0073 178.8705 0.4166 -16.2740 -0.1421 15.9224 62.7928 3.8645 0.0000 25.0235 -0.0001 
30.7167 90.6000 -46.7331 6.0489 -1.5584 -2.1477 1.1618 2.1174 0.2007 1.1624 2.1184 0.2008 1.1653 2.1238 0.2014 39.8353 79.2816 -60.2181 62.3364 49.0806 32.7329 36.4856 1.9212 72.6183 -0.6676 0.9953 0.2874 0.0000 0.0000 0.0001 0.0000 0.0000 0.0000 0.0000 -0.0013 -0.0008 0.0000 -0.0004 0.0001 0.0000 0.0000 0.0000 0.0000 0.0000 0.0000 0.0000 0.0002 0.0000 0.0000 -0.0006 0.0003 0.0000 0.0004 -0.0006 0.0000 0.0000 0.0001 0.0000 0.0000 0.0000 0.0000 -0.0010 -0.0002 0.0000 0.0002 30.0001 -0.0001 0.0005 -29.9998 0.0000 0.0000 0.0000 -1.8716 -0.2624 0.7224 -1.8716 -0.2624 0.7224 -47.4401 81.3594 60.0170 -36.3540 51.5801 -18.9230 -46.9561 10.8534 -74.9000 0.9806 1.3678 0.1692 0.0000 -0.0001 0.0001 0.0000 0.0000 0.0000 0.0000 -0.0006 0.0003 0.0000 -0.0001 0.0001 0.0000 0.0000 0.0000 0.0000 0.0000 0.0000 0.0000 0.0007 0.0001 0.0000 -0.0012 0.0001 0.0000 -0.0008 0.0003 0.0000 0.0001 0.0000 0.0000 0.0000 0.0000 0.0000 -0.0008 0.0000 0.0000 0.0002 -29.9996 -0.0001 -0.0003 29.9996 0.0000 0.0000 0.0000 3.8430 -4.6403 177.1434 -0.7987 -21.4036 0.2332 -11.1954 80.7540 -7.6830 0.0000 25.3510 0.0000 -5.4801 -15.5333 178.9783 0.4156 -17.0374 -0.1447 14.5647 63.1493 3.7520 0.0000 25.0232 -0.0001 
30.6601 90.5352 -46.6735 6.0044 -1.4945 -2.0406 1.1841 2.0917 0.1810 1.1846 2.0926 0.1811 1.1877 2.0980 0.1817 39.8500 79.3068 -60.1307 62.2860 49.0426 32.8073 36.5128 1.9858 72.5601 -0.6677 0.9969 0.2879 0.0000 0.0000 0.0001 0.0000 0.0000 0.0000 0.0000 -0.0013 -0.0008 0.0000 -0.0004 0.0001 0.0000 0.0000 0.0000 0.0000 0.0000 0.0000 0.0000 0.0002 -0.0001 0.0000 -0.0006 0.0003 0.0000 0.0004 -0.0006 0.0000 0.0000 0.0001 0.0000 0.0000 0.0000 0.0000 -0.0010 -0.0002 0.0000 0.0002 30.0001 -0.0001 0.0005 -29.9998 0.0000 0.0000 0.0000 -1.9342 -0.2534 0.7163 -1.9342 -0.2534 0.7163 -47.5495 81.3954 59.9014 -36.3637 51.5989 -18.8974 -46.9377 10.8619 -74.8630 0.9768 1.3636 0.1667 0.0000 -0.0001 0.0001 0.0000 0.0000 0.0000 0.0000 -0.0006 0.0003 0.0000 -0.0001 0.0001 0.0000 0.0000 0.0000 0.0000 0.0000 0.0000 0.0000 0.0007 0.0001 0.0000 -0.0012 0.0001 0.0000 -0.0008 0.0003 0.0000 0.0002 0.0000 0.0000 0.0000 0.0000 0.0000 -0.0009 0.0000 0.0000 0.0002 -29.9996 -0.0001 -0.0003 29.9996 0.0000 0.0000 0.0000 3.8878 -4.7888 177.0617 -0.8104 -21.6729 0.2374 -10.9627 80.9914 -7.4346 0.0000 25.3510 0.0000 -6.8342 -16.1381 179.0281 0.4200 -17.9713 -0.1489 12.9788 63.5992 3.4714 0.0000 25.0233 -0.0001 
30.5945 90.4521 -46.5810 5.9354 -1.4788 -1.9066 1.2026 2.0828 0.1503 1.2032 2.0837 0.1504 1.2062 2.0891 0.1509 39.8985 79.3152 -60.0408 62.2343 49.0640 32.8348 36.5287 1.9988 72.5300 -0.6686 0.9988 0.2868 0.0000 0.0000 0.0001 0.0000 0.0000 0.0000 0.0000 -0.0013 -0.0008 0.0000 -0.0004 0.0001 0.0000 0.0000 0.0000 0.0000 0.0000 0.0000 0.0000 0.0002 0.0000 0.0000 -0.0006 0.0003 0.0000 0.0004 -0.0006 0.0000 0.0000 0.0001 0.0000 0.0000 0.0000 0.0000 -0.0010 -0.0002 0.0000 0.0002 30.0001 -0.0001 0.0005 -29.9998 0.0000 0.0000 0.0000 -1.9727 -0.2422 0.7147 -1.9727 -0.2422 0.7147 -47.5207 81.4092 59.8886 -36.3780 51.5788 -18.8652 -46.9709 10.8908 -74.8421 0.9728 1.3596 0.1614 0.0000 -0.0001 0.0001 0.0000 0.0000 0.0000 0.0000 -0.0006 0.0003 0.0000 -0.0001 0.0001 0.0000 0.0000 0.0000 0.0000 0.0000 0.0000 0.0000 0.0007 0.0001 0.0000 -0.0011 0.0001 0.0000 -0.0008 0.0003 0.0000 0.0001 0.0000 0.0000 0.0000 0.0000 0.0000 -0.0009 0.0000 0.0000 0.0002 -29.9996 -0.0001 -0.0003 29.9996 0.0000 0.0000 0.0000 4.0271 -4.9424 176.9731 -0.8268 -22.1041 0.2437 -10.6561 81.3115 -7.1858 0.0000 25.3510 0.0000 -8.0590 -16.8053 178.9661 0.4196 -19.0449 -0.1528 11.4873 64.0979 3.2152 0.0000 25.0237 -0.0001 
30.5322 90.3406 -46.4919 5.8454 -1.4983 -1.7680 1.2229 2.0854 0.1161 1.2234 2.0864 0.1162 1.2266 2.0917 0.1165 39.9706 79.3092 -59.9431 62.1892 49.1096 32.8339 36.5352 1.9761 72.5262 -0.6704 1.0013 0.2855 0.0000 0.0000 0.0001 0.0000 0.0000 0.0000 0.0000 -0.0013 -0.0008 0.0000 -0.0004 0.0001 0.0000 0.0000 0.0000 0.0000 0.0000 0.0000 0.0000 0.0002 0.0000 0.0000 -0.0006 0.0003 0.0000 0.0004 -0.0006 0.0000 0.0000 0.0001 0.0000 0.0000 0.0000 0.0000 -0.0010 -0.0002 0.0000 0.0002 30.0001 -0.0001 0.0005 -29.9998 0.0000 0.0000 0.0000 -1.9983 -0.2291 0.7161 -1.9983 -0.2291 0.7161 -47.4268 81.4029 59.9174 -36.3887 51.5395 -18.8127 -47.0454 10.9342 -74.8488 0.9691 1.3559 0.1545 0.0000 -0.0001 0.0001 0.0000 0.0000 0.0000 0.0000 -0.0006 0.0003 0.0000 -0.0001 0.0001 0.0000 0.0000 0.0000 0.0000 0.0000 0.0000 0.0000 0.0007 0.0001 0.0000 -0.0012 0.0001 0.0000 -0.0008 0.0003 0.0000 0.0002 0.0000 0.0000 0.0000 0.0000 0.0000 -0.0008 0.0000 0.0000 0.0002 -29.9996 -0.0001 -0.0003 29.9996 0.0000 0.0000 0.0000 4.3358 -5.1528 176.8970 -0.8543 -22.7343 0.2539 -10.0721 81.7132 -6.8119 0.0000 25.3510 0.0000 -9.1442 -17.5513 178.7877 0.4014 -20.2738 -0.1542 10.2205 64.6303 3.1061 0.0000 25.0242 -0.0001 
30.4480 90.1673 -46.4821 5.7553 -1.5722 -1.6559 1.2465 2.1121 0.0903 1.2470 2.1131 0.0903 1.2502 2.1185 0.0906 39.9899 79.2763 -59.8968 62.1561 49.1496 32.8181 36.5344 1.9178 72.5594 -0.6738 1.0052 0.2841 0.0000 0.0000 0.0001 0.0000 0.0000 0.0000 0.0000 -0.0013 -0.0008 0.0000 -0.0004 0.0001 0.0000 0.0000 0.0000 0.0000 0.0000 0.0000 0.0000 0.0002 0.0000 0.0000 -0.0006 0.0003 0.0000 0.0004 -0.0006 0.0000 0.0000 0.0001 0.0000 0.0000 0.0000 0.0000 -0.0010 -0.0002 0.0000 0.0002 30.0001 -0.0001 0.0005 -29.9998 0.0000 0.0000 0.0000 -2.0201 -0.2240 0.7158 -2.0201 -0.2240 0.7158 -47.2356 81.3650 60.0354 -36.3718 51.4856 -18.7137 -47.1633 10.9895 -74.9204 0.9676 1.3534 0.1485 0.0000 -0.0001 0.0001 0.0000 0.0000 0.0000 0.0000 -0.0006 0.0003 0.0000 -0.0001 0.0001 0.0000 0.0000 0.0000 0.0000 0.0000 0.0000 0.0000 0.0007 0.0001 0.0000 -0.0011 0.0001 0.0000 -0.0008 0.0003 0.0000 0.0001 0.0000 0.0000 0.0000 0.0000 0.0000 -0.0008 0.0000 0.0000 0.0002 -29.9996 -0.0001 -0.0003 29.9996 0.0000 0.0000 0.0000 4.9111 -5.5324 176.8874 -0.8875 -23.7247 0.2686 -9.0750 82.2153 -6.2912 0.0000 25.3510 0.0000 -10.1650 -18.4253 178.4852 0.3540 -21.7697 -0.1506 9.2281 65.2159 3.2643 0.0000 25.0248 -0.0001 
30.3739 89.9346 -46.3945 5.6996 -1.6874 -1.5807 1.2661 2.1598 0.0750 1.2667 2.1609 0.0750 1.2699 2.1664 0.0753 39.9521 79.2151 -59.8921 62.1359 49.1634 32.8050 36.5367 1.8513 72.6095 -0.6784 1.0108 0.2838 0.0000 0.0000 0.0001 0.0000 0.0000 0.0000 0.0000 -0.0013 -0.0008 0.0000 -0.0004 0.0001 0.0000 0.0000 0.0000 0.0000 0.0000 0.0000 0.0000 0.0002 -0.0001 0.0000 -0.0006 0.0003 0.0000 0.0004 -0.0006 0.0000 0.0000 0.0001 0.0000 0.0000 0.0000 0.0000 -0.0010 -0.0002 0.0000 0.0002 30.0001 -0.0001 0.0005 -29.9998 0.0000 0.0000 0.0000 -2.0457 -0.2297 0.7154 -2.0457 -0.2297 0.7154 -46.8774 81.3144 60.3289 -36.3456 51.4286 -18.5889 -47.2839 11.0322 -75.0395 0.9681 1.3522 0.1455 0.0000 -0.0001 0.0001 0.0000 0.0000 0.0000 0.0000 -0.0006 0.0003 0.0000 -0.0001 0.0001 0.0000 0.0000 0.0000 0.0000 0.0000 0.0000 0.0000 0.0007 0.0001 0.0000 -0.0012 0.0001 0.0000 -0.0008 0.0003 0.0000 0.0001 0.0000 0.0000 0.0000 0.0000 0.0000 -0.0009 0.0000 0.0000 0.0002 -29.9997 -0.0001 -0.0003 29.9996 0.0000 0.0000 0.0000 5.7397 -5.9774 176.9558 -0.9163 -25.0626 0.2857 -7.7241 82.9205 -5.7030 0.0000 25.3510 0.0000 -11.1157 -19.4132 178.1545 0.2941 -23.4880 -0.1436 8.4387 65.8355 3.5561 0.0000 25.0254 -0.0001 
30.3108 89.6469 -46.2315 5.6829 -1.8341 -1.5376 1.2781 2.2258 0.0681 1.2788 2.2270 0.0681 1.2820 2.2325 0.0684 39.8447 79.1246 -59.9439 62.1336 49.1535 32.7967 36.5486 1.7910 72.6657 -0.6835 1.0171 0.2845 0.0000 0.0000 0.0001 0.0000 0.0000 0.0000 0.0000 -0.0013 -0.0008 0.0000 -0.0004 0.0001 0.0000 0.0000 0.0000 0.0000 0.0000 0.0000 0.0000 0.0002 0.0000 0.0000 -0.0006 0.0003 0.0000 0.0004 -0.0006 0.0000 0.0000 0.0001 0.0000 0.0000 0.0000 0.0000 -0.0010 -0.0002 0.0000 0.0002 30.0001 -0.0001 0.0005 -29.9998 0.0000 0.0000 0.0000 -2.0739 -0.2467 0.7181 -2.0739 -0.2467 0.7181 -46.3138 81.2517 60.8378 -36.3321 51.3707 -18.4586 -47.3895 11.0577 -75.1816 0.9698 1.3513 0.1456 0.0000 -0.0001 0.0001 0.0000 0.0000 0.0000 0.0000 -0.0006 0.0003 0.0000 -0.0001 0.0001 0.0000 0.0000 0.0000 0.0000 0.0000 0.0000 0.0000 0.0007 0.0001 0.0000 -0.0012 0.0001 0.0000 -0.0008 0.0003 0.0000 0.0001 0.0000 0.0000 0.0000 0.0000 0.0000 -0.0009 0.0000 0.0000 0.0002 -29.9997 -0.0001 -0.0003 29.9996 0.0000 0.0000 0.0000 6.8215 -6.4676 177.1031 -0.9282 -26.6819 0.3022 -5.7466 83.7923 -4.7677 0.0000 25.3510 0.0000 -12.0368 -20.4636 177.8370 0.2245 -25.3536 -0.1330 7.7400 66.4825 3.8830 0.0000 25.0258 -0.0001 
30.2888 89.2966 -45.9555 5.7020 -2.0229 -1.5349 1.2831 2.3166 0.0710 1.2838 2.3179 0.0711 1.2870 2.3236 0.0713 39.6372 78.9940 -60.0839 62.1624 49.1155 32.7970 36.5723 1.7476 72.7155 -0.6892 1.0244 0.2867 0.0000 0.0000 0.0001 0.0000 0.0000 0.0000 0.0000 -0.0013 -0.0008 0.0000 -0.0004 0.0001 0.0000 0.0000 0.0000 0.0000 0.0000 0.0000 0.0000 0.0002 0.0000 0.0000 -0.0006 0.0003 0.0000 0.0004 -0.0006 0.0000 0.0000 0.0001 0.0000 0.0000 0.0000 0.0000 -0.0010 -0.0002 0.0000 0.0002 30.0001 -0.0001 0.0005 -29.9998 0.0000 0.0000 0.0000 -2.1034 -0.2795 0.7292 -2.1034 -0.2795 0.7292 -45.4723 81.1786 61.6399 -36.3538 51.3006 -18.3477 -47.4565 11.0663 -75.3309 0.9728 1.3513 0.1491 0.0000 -0.0001 0.0001 0.0000 0.0000 0.0000 0.0000 -0.0006 0.0003 0.0000 -0.0001 0.0001 0.0000 0.0000 0.0000 0.0000 0.0000 0.0000 0.0000 0.0007 0.0001 0.0000 -0.0011 0.0001 0.0000 -0.0008 0.0003 0.0000 0.0001 0.0000 0.0000 0.0000 0.0000 0.0000 -0.0009 0.0000 0.0000 0.0002 -29.9996 -0.0001 -0.0003 29.9996 0.0000 0.0000 0.0000 8.2282 -7.0082 177.3458 -0.9220 -28.6717 0.3177 -2.4576 84.8918 -2.8565 0.0000 25.3510 0.0000 -13.0438 -21.4393 177.5546 0.1367 -27.3273 -0.1158 7.0231 67.2318 4.2288 0.0000 25.0260 -0.0001 
30.2827 88.8965 -45.7273 5.7523 -2.2570 -1.5463 1.2768 2.4315 0.0765 1.2775 2.4329 0.0765 1.2806 2.4388 0.0768 39.3570 78.8359 -60.3016 62.2208 49.0616 32.8077 36.5980 1.7157 72.7588 -0.6948 1.0318 0.2891 0.0000 0.0000 0.0001 0.0000 0.0000 0.0000 0.0000 -0.0013 -0.0008 0.0000 -0.0004 0.0001 0.0000 0.0000 0.0000 0.0000 0.0000 0.0000 0.0000 0.0002 0.0000 0.0000 -0.0006 0.0003 0.0000 0.0004 -0.0006 0.0000 0.0000 0.0001 0.0000 0.0000 0.0000 0.0000 -0.0010 -0.0002 0.0000 0.0002 30.0001 -0.0001 0.0005 -29.9998 0.0000 0.0000 0.0000 -2.1259 -0.3250 0.7465 -2.1259 -0.3250 0.7465 -44.5025 81.0993 62.5858 -36.4012 51.2156 -18.2862 -47.5034 11.0621 -75.4598 0.9765 1.3525 0.1542 0.0000 -0.0001 0.0001 0.0000 0.0000 0.0000 0.0000 -0.0006 0.0003 0.0000 -0.0001 0.0001 0.0000 0.0000 0.0000 0.0000 0.0000 0.0000 0.0000 0.0007 0.0001 0.0000 -0.0011 0.0001 0.0000 -0.0008 0.0003 0.0000 0.0001 0.0000 0.0000 0.0000 0.0000 0.0000 -0.0009 0.0000 0.0000 0.0002 -29.9997 -0.0001 -0.0003 29.9996 0.0000 0.0000 0.0000 9.2373 -7.6531 177.5626 -0.9495 -30.8467 0.3439 0.9097 86.0357 -0.5151 0.0000 25.3510 0.0000 -14.0095 -22.2600 177.2208 -0.0017 -29.2887 -0.0823 6.5054 68.0485 4.6931 0.0000 25.0261 -0.0001 
30.2880 88.4530 -45.5095 5.8281 -2.5264 -1.5496 1.2578 2.5663 0.0770 1.2586 2.5680 0.0771 1.2616 2.5741 0.0773 39.0101 78.6559 -60.6016 62.3024 49.0008 32.8227 36.6242 1.6947 72.7944 -0.7004 1.0394 0.2913 0.0000 0.0000 0.0001 0.0000 0.0000 0.0000 0.0000 -0.0013 -0.0008 0.0000 -0.0004 0.0001 0.0000 0.0000 0.0000 0.0000 0.0000 0.0000 0.0000 0.0002 0.0000 0.0000 -0.0006 0.0003 0.0000 0.0004 -0.0006 0.0000 0.0000 0.0001 0.0000 0.0000 0.0000 0.0000 -0.0010 -0.0002 0.0000 0.0002 30.0001 -0.0001 0.0005 -29.9998 0.0000 0.0000 0.0000 -2.1383 -0.3833 0.7710 -2.1383 -0.3833 0.7710 -43.4179 81.0117 63.6633 -36.4688 51.1090 -18.2796 -47.5400 11.0535 -75.5617 0.9812 1.3553 0.1603 0.0000 -0.0001 0.0001 0.0000 0.0000 0.0000 0.0000 -0.0006 0.0003 0.0000 -0.0001 0.0001 0.0000 0.0000 0.0000 0.0000 0.0000 0.0000 0.0000 0.0007 0.0001 0.0000 -0.0012 0.0001 0.0000 -0.0008 0.0003 0.0000 0.0001 0.0000 0.0000 0.0000 0.0000 0.0000 -0.0008 0.0000 0.0000 0.0002 -29.9997 -0.0001 -0.0003 29.9996 0.0000 0.0000 0.0000 9.5187 -8.3498 177.6809 -1.0480 -33.1226 0.3935 2.4753 87.2215 0.6657 0.0000 25.3510 0.0000 -13.9454 -22.9143 176.6842 -0.0954 -31.2392 -0.0561 7.5360 68.8916 5.8546 0.0000 25.0262 -0.0001 
30.3022 87.9362 -45.2419 5.9188 -2.8312 -1.5321 1.2242 2.7214 0.0679 1.2250 2.7234 0.0680 1.2279 2.7297 0.0682 38.5956 78.4603 -61.0076 62.4189 48.9337 32.8512 36.6404 1.6846 72.8129 -0.7054 1.0465 0.2923 0.0000 0.0000 0.0001 0.0000 0.0000 0.0000 0.0000 -0.0013 -0.0008 0.0000 -0.0004 0.0001 0.0000 0.0000 0.0000 0.0000 0.0000 0.0000 0.0000 0.0002 -0.0001 0.0000 -0.0006 0.0003 0.0000 0.0004 -0.0006 0.0000 0.0000 0.0001 0.0000 0.0000 0.0000 0.0000 -0.0010 -0.0002 0.0000 0.0003 30.0001 -0.0001 0.0005 -29.9998 0.0000 0.0000 0.0000 -2.1315 -0.4582 0.8050 -2.1315 -0.4582 0.8050 -42.2411 80.9173 64.8465 -36.5454 50.9741 -18.3437 -47.5713 11.0501 -75.6178 0.9866 1.3601 0.1670 0.0000 -0.0001 0.0001 0.0000 0.0000 0.0000 0.0000 -0.0006 0.0003 0.0000 -0.0001 0.0001 0.0000 0.0000 0.0000 0.0000 0.0000 0.0000 0.0000 0.0007 0.0001 0.0000 -0.0012 0.0001 0.0000 -0.0008 0.0003 0.0000 0.0001 0.0000 0.0000 0.0000 0.0000 0.0000 -0.0009 0.0000 0.0000 0.0002 -29.9996 -0.0001 -0.0003 29.9996 0.0000 0.0000 0.0000 9.7424 -8.9765 177.7752 -1.1552 -35.4186 0.4506 2.3110 90.0000 0.0000 0.0000 25.3511 0.0000 -13.0250 -23.4418 175.9770 -0.1104 -33.1956 -0.0499 9.8265 69.7387 7.6243 0.0000 25.0267 -0.0001 
30.3110 87.3815 -44.9560 5.9858 -3.1458 -1.4905 1.1908 2.8817 0.0511 1.1917 2.8839 0.0512 1.1944 2.8904 0.0514 38.1660 78.2749 -61.4648 62.5524 48.8549 32.8960 36.6409 1.6787 72.8129 -0.7098 1.0529 0.2924 0.0000 0.0000 0.0001 0.0000 0.0000 0.0000 0.0000 -0.0013 -0.0008 0.0000 -0.0004 0.0001 0.0000 0.0000 0.0000 0.0000 0.0000 0.0000 0.0000 0.0002 0.0000 0.0000 -0.0006 0.0003 0.0000 0.0004 -0.0006 0.0000 0.0000 0.0001 0.0000 0.0000 0.0000 0.0000 -0.0010 -0.0002 0.0000 0.0002 30.0001 -0.0001 0.0005 -29.9998 0.0000 0.0000 0.0000 -2.1113 -0.5424 0.8438 -2.1113 -0.5424 0.8438 -41.1755 80.8276 65.9190 -36.6062 50.8380 -18.4457 -47.6061 11.0455 -75.6430 0.9925 1.3665 0.1731 0.0000 -0.0001 0.0001 0.0000 0.0000 0.0000 0.0000 -0.0006 0.0003 0.0000 -0.0001 0.0001 0.0000 0.0000 0.0000 0.0000 0.0000 0.0000 0.0000 0.0007 0.0001 0.0000 -0.0012 0.0001 0.0000 -0.0008 0.0003 0.0000 0.0001 0.0000 0.0000 0.0000 0.0000 0.0000 -0.0009 0.0000 0.0000 0.0002 -29.9996 -0.0001 -0.0003 29.9996 0.0000 0.0000 0.0000 9.9570 -9.5552 177.8517 -1.2552 -37.6879 0.5100 2.6199 90.0000 0.0000 0.0000 25.0555 0.0000 -12.0551 -23.9383 175.2356 -0.1224 -35.1791 -0.0440 12.2523 70.6115 9.5511 0.0000 25.0274 -0.0001 
30.3240 86.8046 -44.6986 6.0258 -3.4699 -1.4371 1.1625 3.0464 0.0319 1.1635 3.0490 0.0319 1.1660 3.0556 0.0321 37.7397 78.1052 -61.9461 62.6905 48.7642 32.9502 36.6242 1.6608 72.7988 -0.7139 1.0590 0.2922 0.0000 0.0000 0.0001 0.0000 0.0000 0.0000 0.0000 -0.0013 -0.0008 0.0000 -0.0004 0.0001 0.0000 0.0000 0.0000 0.0000 0.0000 0.0000 0.0000 0.0002 0.0000 0.0000 -0.0006 0.0003 0.0000 0.0004 -0.0006 0.0000 0.0000 0.0001 0.0000 0.0000 0.0000 0.0000 -0.0010 -0.0002 0.0000 0.0002 30.0001 -0.0001 0.0005 -29.9998 0.0000 0.0000 0.0000 -2.0838 -0.6340 0.8845 -2.0838 -0.6340 0.8845 -40.2683 80.7456 66.8327 -36.6546 50.7116 -18.5772 -47.6427 11.0322 -75.6479 0.9986 1.3738 0.1786 0.0000 -0.0001 0.0001 0.0000 0.0000 0.0000 0.0000 -0.0006 0.0003 0.0000 -0.0001 0.0001 0.0000 0.0000 0.0000 0.0000 0.0000 0.0000 0.0000 0.0007 0.0001 0.0000 -0.0011 0.0001 0.0000 -0.0008 0.0003 0.0000 0.0001 0.0000 0.0000 0.0000 0.0000 0.0000 -0.0009 0.0000 0.0000 0.0002 -29.9996 -0.0001 -0.0003 29.9996 0.0000 0.0000 0.0000 10.1913 -10.1231 177.9175 -1.3621 -39.9354 0.5765 2.9149 90.0000 0.0000 0.0000 25.0557 0.0000 -11.0227 -24.3986 174.4698 -0.1494 -37.1794 -0.0326 14.9659 71.4809 11.7691 0.0000 25.0284 -0.0001 
30.3410 86.2032 -44.5173 6.0413 -3.8074 -1.3837 1.1422 3.2216 0.0148 1.1432 3.2246 0.0149 1.1456 3.2314 0.0150 37.3090 77.9507 -62.4649 62.8215 48.6624 33.0036 36.5816 1.5967 72.7710 -0.7184 1.0658 0.2919 0.0000 0.0000 0.0001 0.0000 0.0000 0.0000 0.0000 -0.0013 -0.0008 0.0000 -0.0004 0.0001 0.0000 0.0000 0.0000 0.0000 0.0000 0.0000 0.0000 0.0002 0.0000 0.0000 -0.0006 0.0003 0.0000 0.0004 -0.0006 0.0000 0.0000 0.0001 0.0000 0.0000 0.0000 0.0000 -0.0010 -0.0002 0.0000 0.0002 30.0001 -0.0001 0.0005 -29.9998 0.0000 0.0000 0.0000 -2.0521 -0.7401 0.9269 -2.0521 -0.7401 0.9269 -39.4645 80.6632 67.6438 -36.7168 50.6047 -18.7493 -47.6771 11.0104 -75.6295 1.0046 1.3813 0.1843 0.0000 -0.0001 0.0001 0.0000 0.0000 0.0000 0.0000 -0.0006 0.0003 0.0000 -0.0001 0.0001 0.0000 0.0000 0.0000 0.0000 0.0000 0.0000 0.0000 0.0007 0.0001 0.0000 -0.0012 0.0001 0.0000 -0.0008 0.0003 0.0000 0.0001 0.0000 0.0000 0.0000 0.0000 0.0000 -0.0009 0.0000 0.0000 0.0002 -29.9997 -0.0001 -0.0003 29.9996 0.0000 0.0000 0.0000 10.4779 -10.7180 177.9862 -1.5153 -42.1729 0.6657 3.2962 90.0000 0.0000 0.0000 25.0559 0.0000 -9.9519 -24.8074 173.7104 -0.1875 -39.1792 -0.0161 18.0009 72.3284 14.3323 0.0000 25.0292 -0.0001 
30.3083 85.5734 -44.3108 6.0416 -4.1367 -1.3405 1.1304 3.4012 0.0038 1.1315 3.4046 0.0038 1.1338 3.4115 0.0039 36.8764 77.7956 -63.0016 62.9472 48.5673 33.0549 36.5232 1.4913 72.7375 -0.7237 1.0736 0.2909 0.0000 0.0000 0.0001 0.0000 0.0000 0.0000 0.0000 -0.0013 -0.0008 0.0000 -0.0004 0.0001 0.0000 0.0000 0.0000 0.0000 0.0000 0.0000 0.0000 0.0002 0.0000 0.0000 -0.0006 0.0003 0.0000 0.0004 -0.0006 0.0000 0.0000 0.0001 0.0000 0.0000 0.0000 0.0000 -0.0010 -0.0002 0.0000 0.0002 30.0001 -0.0001 0.0005 -29.9998 0.0000 0.0000 0.0000 -2.0214 -0.8573 0.9680 -2.0214 -0.8573 0.9679 -38.6567 80.5796 68.4554 -36.8021 50.5125 -18.9369 -47.7064 10.9999 -75.5984 1.0091 1.3870 0.1906 0.0000 -0.0001 0.0001 0.0000 0.0000 0.0000 0.0000 -0.0006 0.0003 0.0000 -0.0001 0.0001 0.0000 0.0000 0.0000 0.0000 0.0000 0.0000 0.0000 0.0007 0.0001 0.0000 -0.0012 0.0001 0.0000 -0.0008 0.0003 0.0000 0.0001 0.0000 0.0000 0.0000 0.0000 0.0000 -0.0009 0.0000 0.0000 0.0002 -29.9997 -0.0001 -0.0003 29.9996 0.0000 0.0000 0.0000 10.8207 -11.2863 178.1208 -1.6720 -44.3706 0.7631 174.8189 86.4796 171.3963 0.0000 25.0564 0.0000 -8.9266 -25.2266 173.0066 -0.2041 -41.1624 -0.0062 21.1839 73.1175 17.1284 0.0000 25.0298 -0.0001 
30.2213 84.9355 -44.0274 6.0305 -4.4504 -1.3056 1.1248 3.5798 -0.0004 1.1260 3.5837 -0.0003 1.1282 3.5906 -0.0003 36.4470 77.6399 -63.5427 63.0718 48.4870 33.1055 36.4554 1.3616 72.6998 -0.7294 1.0819 0.2891 0.0000 0.0000 0.0001 0.0000 0.0000 0.0000 0.0000 -0.0013 -0.0008 0.0000 -0.0004 0.0001 0.0000 0.0000 0.0000 0.0000 0.0000 0.0000 0.0000 0.0002 0.0000 0.0000 -0.0006 0.0003 0.0000 0.0004 -0.0006 0.0000 0.0000 0.0001 0.0000 0.0000 0.0000 0.0000 -0.0010 -0.0002 0.0000 0.0002 30.0001 -0.0001 0.0005 -29.9998 0.0000 0.0000 0.0000 -1.9921 -0.9791 1.0016 -1.9921 -0.9791 1.0016 -37.8638 80.4950 69.2424 -36.9057 50.4269 -19.1256 -47.7307 11.0014 -75.5641 1.0130 1.3920 0.1967 0.0000 -0.0001 0.0001 0.0000 0.0000 0.0000 0.0000 -0.0006 0.0003 0.0000 -0.0001 0.0001 0.0000 0.0000 0.0000 0.0000 0.0000 0.0000 0.0000 0.0007 0.0001 0.0000 -0.0012 0.0001 0.0000 -0.0008 0.0003 0.0000 0.0001 0.0000 0.0000 0.0000 0.0000 0.0000 -0.0009 0.0000 0.0000 0.0002 -29.9996 -0.0001 -0.0003 29.9996 0.0000 0.0000 0.0000 11.2179 -11.7835 178.3372 -1.7988 -46.4934 0.8539 176.5397 85.2172 172.6288 0.0000 25.0573 0.0000 -7.9262 -25.6646 172.3433 -0.2184 -43.1159 0.0034 24.6305 73.8250 20.2363 0.0000 25.9771 -0.0001 
30.1021 84.3130 -43.6153 6.0092 -4.7472 -1.2908 1.1277 3.7550 0.0077 1.1291 3.7595 0.0078 1.1311 3.7664 0.0078 36.0514 77.4773 -64.0444 63.1971 48.4391 33.1530 36.3848 1.2087 72.6634 -0.7356 1.0906 0.2865 0.0000 0.0000 0.0001 0.0000 0.0000 0.0000 0.0000 -0.0013 -0.0008 0.0000 -0.0004 0.0001 0.0000 0.0000 0.0000 0.0000 0.0000 0.0000 0.0000 0.0002 0.0000 0.0000 -0.0006 0.0003 0.0000 0.0004 -0.0006 0.0000 0.0000 0.0001 0.0000 0.0000 0.0000 0.0000 -0.0010 -0.0002 0.0000 0.0002 30.0001 -0.0001 0.0005 -29.9998 0.0000 0.0000 0.0000 -1.9664 -1.0987 1.0194 -1.9664 -1.0987 1.0194 -37.0688 80.4129 70.0226 -37.0321 50.3410 -19.3044 -47.7448 11.0127 -75.5362 1.0154 1.3948 0.2022 0.0000 -0.0001 0.0001 0.0000 0.0000 0.0000 0.0000 -0.0006 0.0003 0.0000 -0.0001 0.0001 0.0000 0.0000 0.0000 0.0000 0.0000 0.0000 0.0000 0.0007 0.0001 0.0000 -0.0012 0.0001 0.0000 -0.0008 0.0003 0.0000 0.0001 0.0000 0.0000 0.0000 0.0000 0.0000 -0.0009 0.0000 0.0000 0.0002 -29.9997 -0.0001 -0.0003 29.9996 0.0000 0.0000 0.0000 11.6985 -12.1207 178.6626 -1.8810 -48.4377 0.9272 178.2238 83.9400 173.6978 0.0000 25.0590 0.0000 -6.9502 -26.1116 171.7333 -0.2516 -44.9771 0.0212 28.3247 74.3794 23.6078 0.0000 26.7227 -0.0001 
30.0395 83.7229 -43.1870 5.9981 -5.0366 -1.2934 1.1320 3.9282 0.0226 1.1334 3.9332 0.0227 1.1354 3.9400 0.0228 35.6888 77.3025 -64.5014 63.3252 48.4117 33.1865 36.3195 1.0477 72.6352 -0.7418 1.0993 0.2842 0.0000 0.0000 0.0001 0.0000 0.0000 0.0000 0.0000 -0.0013 -0.0008 0.0000 -0.0004 0.0001 0.0000 0.0000 0.0000 0.0000 0.0000 0.0000 0.0000 0.0003 0.0000 0.0000 -0.0006 0.0003 0.0000 0.0004 -0.0006 0.0000 0.0000 0.0001 0.0000 0.0000 0.0000 0.0000 -0.0010 -0.0002 0.0000 0.0002 30.0001 -0.0001 0.0005 -29.9998 0.0000 0.0000 0.0000 -1.9421 -1.2122 1.0273 -1.9421 -1.2122 1.0273 -36.2568 80.3303 70.8272 -37.1662 50.2526 -19.4755 -47.7608 11.0296 -75.5160 1.0174 1.3968 0.2077 0.0000 -0.0001 0.0001 0.0000 0.0000 0.0000 0.0000 -0.0006 0.0003 0.0000 -0.0001 0.0001 0.0000 0.0000 0.0000 0.0000 0.0000 0.0000 0.0000 0.0007 0.0001 0.0000 -0.0012 0.0001 0.0000 -0.0008 0.0003 0.0000 0.0001 0.0000 0.0000 0.0000 0.0000 0.0000 -0.0009 0.0000 0.0000 0.0002 -29.9996 -0.0001 -0.0003 29.9996 0.0000 0.0000 0.0000 12.2230 -12.3691 179.0108 -1.9893 -50.2303 1.0136 179.2651 82.6923 174.0332 0.0000 25.0611 0.0000 -6.0575 -26.4764 171.1819 -0.2858 -46.7041 0.0405 32.0397 74.8436 27.0376 0.0000 27.2287 -0.0001 
30.0309 83.1494 -42.8082 6.0007 -5.3066 -1.3041 1.1327 4.0931 0.0403 1.1343 4.0988 0.0404 1.1361 4.1054 0.0405 35.3619 77.1233 -64.9184 63.4572 48.3957 33.2124 36.2582 0.8918 72.6167 -0.7477 1.1075 0.2819 0.0000 0.0000 0.0001 0.0000 0.0000 0.0000 0.0000 -0.0013 -0.0008 0.0000 -0.0004 0.0001 0.0000 0.0000 0.0000 0.0000 0.0000 0.0000 0.0000 0.0003 0.0000 0.0000 -0.0006 0.0003 0.0000 0.0004 -0.0006 0.0000 0.0000 0.0001 0.0000 0.0000 0.0000 0.0000 -0.0010 -0.0002 0.0000 0.0002 30.0001 -0.0001 0.0005 -29.9998 0.0000 0.0000 0.0000 -1.9147 -1.3174 1.0287 -1.9147 -1.3174 1.0287 -35.4465 80.2527 71.6340 -37.2825 50.1604 -19.6288 -47.7898 11.0570 -75.5032 1.0190 1.3982 0.2132 0.0000 -0.0001 0.0001 0.0000 0.0000 0.0000 0.0000 -0.0006 0.0003 0.0000 -0.0001 0.0001 0.0000 0.0000 0.0000 0.0000 0.0000 0.0000 0.0000 0.0007 0.0001 0.0000 -0.0012 0.0001 0.0000 -0.0008 0.0003 0.0000 0.0001 0.0000 0.0000 0.0000 0.0000 0.0000 -0.0009 0.0000 0.0000 0.0002 -29.9996 -0.0001 -0.0003 29.9996 0.0000 0.0000 0.0000 12.7524 -12.6100 179.3377 -2.1311 -51.9188 1.1186 179.8722 81.5076 173.9001 0.0000 25.0638 0.0000 -5.2480 -26.7698 170.6860 -0.3017 -48.2973 0.0523 35.6703 75.2457 30.4211 0.0000 27.3242 -0.0001 
30.0635 82.5932 -42.5552 6.0266 -5.5340 -1.3226 1.1219 4.2390 0.0592 1.1236 4.2453 0.0593 1.1253 4.2518 0.0595 35.0971 76.9517 -65.2772 63.5904 48.3878 33.2316 36.2019 0.7588 72.6070 -0.7530 1.1146 0.2797 0.0000 0.0000 0.0001 0.0000 0.0000 0.0000 0.0000 -0.0013 -0.0008 0.0000 -0.0004 0.0001 0.0000 0.0000 0.0000 0.0000 0.0000 0.0000 0.0000 0.0002 0.0000 0.0000 -0.0006 0.0003 0.0000 0.0004 -0.0006 0.0000 0.0000 0.0001 0.0000 0.0000 0.0000 0.0000 -0.0010 -0.0002 0.0000 0.0002 30.0001 -0.0001 0.0005 -29.9998 0.0000 0.0000 0.0000 -1.8777 -1.4112 1.0249 -1.8777 -1.4112 1.0249 -34.6433 80.1886 72.4319 -37.3626 50.0654 -19.7525 -47.8250 11.0869 -75.4968 1.0207 1.3996 0.2186 0.0000 -0.0001 0.0001 0.0000 0.0000 0.0000 0.0000 -0.0006 0.0003 0.0000 -0.0001 0.0001 0.0000 0.0000 0.0000 0.0000 0.0000 0.0000 0.0000 0.0007 0.0001 0.0000 -0.0012 0.0001 0.0000 -0.0008 0.0003 0.0000 0.0001 0.0000 0.0000 0.0000 0.0000 0.0000 -0.0009 0.0000 0.0000 0.0002 -29.9996 -0.0001 -0.0003 29.9996 0.0000 0.0000 0.0000 13.2679 -12.9189 179.6128 -2.2950 -53.4936 1.2376 -179.9068 80.4488 173.3896 0.0000 25.0667 0.0000 -4.5113 -27.0362 170.2428 -0.3119 -49.7292 0.0616 39.1162 75.5645 33.6206 0.0000 27.4005 -0.0001 
30.0895 82.0617 -42.3972 6.0749 -5.7250 -1.3354 1.1026 4.3706 0.0713 1.1043 4.3774 0.0715 1.1059 4.3838 0.0716 34.8990 76.7938 -65.5670 63.6998 48.3743 33.2403 36.1562 0.6531 72.5991 -0.7581 1.1217 0.2784 0.0000 0.0000 0.0001 0.0000 0.0000 0.0000 0.0000 -0.0013 -0.0008 0.0000 -0.0004 0.0001 0.0000 0.0000 0.0000 0.0000 0.0000 0.0000 0.0000 0.0002 0.0000 0.0000 -0.0006 0.0003 0.0000 0.0004 -0.0006 0.0000 0.0000 0.0001 0.0000 0.0000 0.0000 0.0000 -0.0010 -0.0002 0.0000 0.0002 30.0001 -0.0001 0.0005 -29.9998 0.0000 0.0000 0.0000 -1.8384 -1.5025 1.0285 -1.8384 -1.5025 1.0285 -33.8356 80.1352 73.2448 -37.4342 49.9824 -19.8771 -47.8420 11.0996 -75.4793 1.0224 1.4009 0.2251 0.0000 -0.0001 0.0001 0.0000 0.0000 0.0000 0.0000 -0.0006 0.0003 0.0000 -0.0001 0.0001 0.0000 0.0000 0.0000 0.0000 0.0000 0.0000 0.0000 0.0007 0.0001 0.0000 -0.0011 0.0001 0.0000 -0.0008 0.0003 0.0000 0.0001 0.0000 0.0000 0.0000 0.0000 0.0000 -0.0009 0.0000 0.0000 0.0002 -29.9996 -0.0001 -0.0003 29.9996 0.0000 0.0000 0.0000 13.7137 -13.2821 179.8430 -2.4550 -54.9620 1.3579 -179.7783 79.5170 172.8649 0.0000 25.0695 0.0000 -3.8335 -27.3349 169.8061 -0.3477 -51.0723 0.0832 42.4179 75.7956 36.6877 0.0000 27.4633 -0.0001 
30.0986 81.5707 -42.3064 6.1415 -5.8841 -1.3309 1.0775 4.4918 0.0725 1.0793 4.4992 0.0727 1.0807 4.5054 0.0728 34.7519 76.6483 -65.8049 63.7875 48.3469 33.2473 36.1228 0.5759 72.5844 -0.7626 1.1282 0.2781 0.0000 0.0000 0.0001 0.0000 0.0000 0.0000 0.0000 -0.0013 -0.0008 0.0000 -0.0004 0.0001 0.0000 0.0000 0.0000 0.0000 0.0000 0.0000 0.0000 0.0002 0.0000 0.0000 -0.0006 0.0003 0.0000 0.0004 -0.0006 0.0000 0.0000 0.0001 0.0000 0.0000 0.0000 0.0000 -0.0010 -0.0002 0.0000 0.0002 30.0001 -0.0001 0.0005 -29.9998 0.0000 0.0000 0.0000 -1.8019 -1.5968 1.0427 -1.8019 -1.5968 1.0427 -33.0562 80.0888 74.0439 -37.5074 49.9228 -20.0155 -47.8376 11.0940 -75.4415 1.0238 1.4020 0.2330 0.0000 -0.0001 0.0001 0.0000 0.0000 0.0000 0.0000 -0.0006 0.0003 0.0000 -0.0001 0.0001 0.0000 0.0000 0.0000 0.0000 0.0000 0.0000 0.0000 0.0007 0.0001 0.0000 -0.0012 0.0001 0.0000 -0.0008 0.0003 0.0000 0.0001 0.0000 0.0000 0.0000 0.0000 0.0000 -0.0009 0.0000 0.0000 0.0002 -29.9996 -0.0001 -0.0003 29.9996 0.0000 0.0000 0.0000 14.1017 -13.6684 -179.9676 -2.6017 -56.3049 1.4731 -179.7184 78.7076 172.3507 0.0000 25.0720 0.0000 -3.2208 -27.6686 169.3651 -0.4069 -52.3275 0.1169 45.4731 75.9463 39.5394 0.0000 27.5194 -0.0001 
30.0704 81.1690 -42.2950 6.2323 -5.9965 -1.2928 1.0459 4.6004 0.0581 1.0477 4.6083 0.0583 1.0491 4.6142 0.0584 34.6550 76.5252 -65.9960 63.8697 48.2897 33.2780 36.0944 0.5305 72.5523 -0.7664 1.1341 0.2790 0.0000 0.0000 0.0001 0.0000 0.0000 0.0000 0.0000 -0.0013 -0.0008 0.0000 -0.0004 0.0001 0.0000 0.0000 0.0000 0.0000 0.0000 0.0000 0.0000 0.0002 0.0000 0.0000 -0.0006 0.0003 0.0000 0.0004 -0.0006 0.0000 0.0000 0.0001 0.0000 0.0000 0.0000 0.0000 -0.0010 -0.0002 0.0000 0.0002 30.0001 -0.0001 0.0005 -29.9998 0.0000 0.0000 0.0000 -1.7710 -1.7002 1.0712 -1.7710 -1.7002 1.0712 -32.3281 80.0562 74.8086 -37.5637 49.8956 -20.1606 -47.8133 11.0729 -75.3760 1.0251 1.4032 0.2427 0.0000 -0.0001 0.0001 0.0000 0.0000 0.0000 0.0000 -0.0006 0.0003 0.0000 -0.0001 0.0001 0.0000 0.0000 0.0000 0.0000 0.0000 0.0000 0.0000 0.0007 0.0001 0.0000 -0.0012 0.0001 0.0000 -0.0008 0.0003 0.0000 0.0001 0.0000 0.0000 0.0000 0.0000 0.0000 -0.0009 0.0000 0.0000 0.0002 -29.9996 -0.0001 -0.0003 29.9996 0.0000 0.0000 0.0000 14.3936 -14.0602 -179.8472 -2.7142 -57.4188 1.5674 -179.7630 78.0997 171.8656 0.0000 25.0735 0.0000 -2.7392 -28.0092 168.9485 -0.4611 -53.4046 0.1489 47.9612 76.0460 41.8871 0.0000 27.5664 -0.0001 
30.0213 80.8453 -42.3395 6.3330 -6.0756 -1.2348 1.0138 4.7016 0.0372 1.0156 4.7099 0.0373 1.0169 4.7158 0.0374 34.5680 76.4121 -66.1768 63.9659 48.2119 33.3458 36.0650 0.5100 72.4982 -0.7691 1.1392 0.2802 0.0000 0.0000 0.0001 0.0000 0.0000 0.0000 0.0000 -0.0013 -0.0008 0.0000 -0.0004 0.0001 0.0000 0.0000 0.0000 0.0000 0.0000 0.0000 0.0000 0.0002 -0.0001 0.0000 -0.0006 0.0003 0.0000 0.0004 -0.0006 0.0000 0.0000 0.0001 0.0000 0.0000 0.0000 0.0000 -0.0010 -0.0002 0.0000 0.0003 30.0001 -0.0001 0.0005 -29.9998 0.0000 0.0000 0.0000 -1.7464 -1.8146 1.1031 -1.7464 -1.8146 1.1031 -31.5874 80.0202 75.5903 -37.6168 49.8880 -20.2906 -47.7716 11.0396 -75.3010 1.0262 1.4041 0.2534 0.0000 -0.0001 0.0001 0.0000 0.0000 0.0000 0.0000 -0.0006 0.0003 0.0000 -0.0001 0.0001 0.0000 0.0000 0.0000 0.0000 0.0000 0.0000 0.0000 0.0007 0.0001 0.0000 -0.0012 0.0001 0.0000 -0.0008 0.0003 0.0000 0.0001 0.0000 0.0000 0.0000 0.0000 0.0000 -0.0009 0.0000 0.0000 0.0002 -29.9996 -0.0001 -0.0003 29.9996 0.0000 0.0000 0.0000 14.5829 -14.4283 -179.7932 -2.8101 -58.3130 1.6486 -179.8878 77.6732 171.4294 0.0000 25.0743 0.0000 -2.3406 -28.3306 168.5887 -0.4907 -54.2833 0.1685 49.8697 76.1019 43.6668 0.0000 27.6017 -0.0001 
29.9713 80.5968 -42.4144 6.4370 -6.1302 -1.1682 0.9850 4.7967 0.0146 0.9868 4.8056 0.0147 0.9880 4.8112 0.0148 34.4896 76.3064 -66.3427 64.0685 48.1222 33.4361 36.0387 0.5130 72.4294 -0.7714 1.1440 0.2816 0.0000 0.0000 0.0001 0.0000 0.0000 0.0000 0.0000 -0.0013 -0.0008 0.0000 -0.0004 0.0001 0.0000 0.0000 0.0000 0.0000 0.0000 0.0000 0.0000 0.0002 0.0000 0.0000 -0.0006 0.0003 0.0000 0.0004 -0.0006 0.0000 0.0000 0.0001 0.0000 0.0000 0.0000 0.0000 -0.0010 -0.0002 0.0000 0.0002 30.0001 -0.0001 0.0005 -29.9998 0.0000 0.0000 0.0000 -1.7284 -1.9359 1.1340 -1.7284 -1.9359 1.1340 -30.8339 79.9764 76.3878 -37.6763 49.8930 -20.4028 -47.7189 10.9989 -75.2284 1.0269 1.4044 0.2647 0.0000 -0.0001 0.0001 0.0000 0.0000 0.0000 0.0000 -0.0006 0.0003 0.0000 -0.0001 0.0001 0.0000 0.0000 0.0000 0.0000 0.0000 0.0000 0.0000 0.0007 0.0001 0.0000 -0.0012 0.0001 0.0000 -0.0008 0.0003 0.0000 0.0001 0.0000 0.0000 0.0000 0.0000 0.0000 -0.0009 0.0000 0.0000 0.0002 -29.9996 -0.0001 -0.0003 29.9996 0.0000 0.0000 0.0000 14.6847 -14.7530 -179.7936 -2.8954 -59.0101 1.7193 179.9353 77.3846 171.0587 0.0000 25.0744 0.0000 -2.0224 -28.6211 168.2928 -0.5035 -54.9779 0.1789 51.2433 76.1392 44.9171 0.0000 27.6238 -0.0001 
29.9429 80.4506 -42.5058 6.5399 -6.1532 -1.1044 0.9643 4.8806 -0.0038 0.9662 4.8899 -0.0037 0.9673 4.8953 -0.0037 34.4252 76.2099 -66.4812 64.1749 48.0269 33.5376 36.0206 0.5471 72.3531 -0.7724 1.1473 0.2833 0.0000 0.0000 0.0001 0.0000 0.0000 0.0000 0.0000 -0.0013 -0.0008 0.0000 -0.0004 0.0001 0.0000 0.0000 0.0000 0.0000 0.0000 0.0000 0.0000 0.0002 0.0000 0.0000 -0.0006 0.0003 0.0000 0.0004 -0.0006 0.0000 0.0000 0.0001 0.0000 0.0000 0.0000 0.0000 -0.0010 -0.0002 0.0000 0.0002 30.0001 -0.0001 0.0005 -29.9998 0.0000 0.0000 0.0000 -1.7176 -2.0574 1.1589 -1.7176 -2.0574 1.1589 -30.0925 79.9301 77.1717 -37.7431 49.9057 -20.4842 -47.6609 10.9635 -75.1728 1.0272 1.4035 0.2760 0.0000 -0.0001 0.0001 0.0000 0.0000 0.0000 0.0000 -0.0006 0.0003 0.0000 -0.0001 0.0001 0.0000 0.0000 0.0000 0.0000 0.0000 0.0000 0.0000 0.0007 0.0001 0.0000 -0.0012 0.0001 0.0000 -0.0008 0.0003 0.0000 0.0001 0.0000 0.0000 0.0000 0.0000 0.0000 -0.0008 0.0000 0.0000 0.0002 -29.9996 -0.0001 -0.0003 29.9996 0.0000 0.0000 0.0000 14.6935 -14.9869 -179.8504 -2.9693 -59.4245 1.7753 179.6334 77.2542 170.6971 0.0000 25.0739 0.0000 -1.8166 -28.8375 168.0961 -0.5158 -55.3992 0.1877 51.9726 76.1636 45.5195 0.0000 27.6228 -0.0001 
29.9258 80.3863 -42.6004 6.6455 -6.1467 -1.0567 0.9499 4.9494 -0.0134 0.9518 4.9591 -0.0133 0.9528 4.9644 -0.0133 34.3691 76.1234 -66.5957 64.2771 47.9446 33.6218 36.0047 0.5856 72.2872 -0.7730 1.1497 0.2853 0.0000 0.0000 0.0001 0.0000 0.0000 0.0000 0.0000 -0.0013 -0.0008 0.0000 -0.0004 0.0001 0.0000 0.0000 0.0000 0.0000 0.0000 0.0000 0.0000 0.0002 0.0000 0.0000 -0.0006 0.0003 0.0000 0.0004 -0.0006 0.0000 0.0000 0.0001 0.0000 0.0000 0.0000 0.0000 -0.0010 -0.0002 0.0000 0.0002 30.0001 -0.0001 0.0005 -29.9998 0.0000 0.0000 0.0000 -1.7076 -2.1685 1.1786 -1.7076 -2.1685 1.1786 -29.3904 79.8987 77.9091 -37.8029 49.9135 -20.5379 -47.6100 10.9426 -75.1359 1.0263 1.4010 0.2860 0.0000 -0.0001 0.0001 0.0000 0.0000 0.0000 0.0000 -0.0006 0.0003 0.0000 -0.0001 0.0001 0.0000 0.0000 0.0000 0.0000 0.0000 0.0000 0.0000 0.0007 0.0001 0.0000 -0.0012 0.0001 0.0000 -0.0008 0.0003 0.0000 0.0001 0.0000 0.0000 0.0000 0.0000 0.0000 -0.0009 0.0000 0.0000 0.0002 -29.9996 -0.0001 -0.0003 29.9996 0.0000 0.0000 0.0000 14.6501 -15.1541 -179.9223 -3.0188 -59.6227 1.8105 179.2470 77.2307 170.3130 0.0000 25.0728 0.0000 -1.7157 -28.9897 167.9883 -0.5325 -55.5976 0.1977 52.2431 76.1730 45.6675 0.0000 27.6033 -0.0001 
29.9047 80.3914 -42.7010 6.7535 -6.1077 -1.0250 0.9398 5.0004 -0.0144 0.9417 5.0104 -0.0143 0.9427 5.0155 -0.0143 34.3301 76.0512 -66.6784 64.3661 47.8861 33.6836 35.9888 0.6199 72.2360 -0.7732 1.1514 0.2870 0.0000 0.0000 0.0001 0.0000 0.0000 0.0000 0.0000 -0.0013 -0.0008 0.0000 -0.0004 0.0001 0.0000 0.0000 0.0000 0.0000 0.0000 0.0000 0.0000 0.0002 -0.0001 0.0000 -0.0006 0.0003 0.0000 0.0004 -0.0006 0.0000 0.0000 0.0001 0.0000 0.0000 0.0000 0.0000 -0.0010 -0.0002 0.0000 0.0002 30.0001 -0.0001 0.0005 -29.9998 0.0000 0.0000 0.0000 -1.6961 -2.2647 1.1933 -1.6961 -2.2647 1.1933 -28.7410 79.8810 78.5817 -37.8611 49.9149 -20.5707 -47.5646 10.9314 -75.1131 1.0246 1.3973 0.2942 0.0000 -0.0001 0.0001 0.0000 0.0000 0.0000 0.0000 -0.0006 0.0003 0.0000 -0.0001 0.0001 0.0000 0.0000 0.0000 0.0000 0.0000 0.0000 0.0000 0.0007 0.0001 0.0000 -0.0011 0.0001 0.0000 -0.0008 0.0003 0.0000 0.0001 0.0000 0.0000 0.0000 0.0000 0.0000 -0.0009 0.0000 0.0000 0.0002 -29.9996 -0.0001 -0.0003 29.9996 0.0000 0.0000 0.0000 14.5629 -15.2757 -179.9987 -3.0338 -59.6325 1.8194 178.8457 77.3099 169.9533 0.0000 25.0717 0.0000 -1.7200 -29.0895 167.9607 -0.5536 -55.5963 0.2088 52.1181 76.1683 45.4346 0.0000 27.5675 -0.0001 
29.8740 80.5002 -42.8063 6.8594 -6.0127 -1.0103 0.9347 5.0185 -0.0057 0.9366 5.0286 -0.0056 0.9375 5.0337 -0.0056 34.3492 76.0088 -66.6869 64.4246 47.8771 33.7096 35.9747 0.6461 72.2133 -0.7732 1.1519 0.2875 0.0000 0.0000 0.0001 0.0000 0.0000 0.0000 0.0000 -0.0013 -0.0008 0.0000 -0.0004 0.0001 0.0000 0.0000 0.0000 0.0000 0.0000 0.0000 0.0000 0.0002 -0.0001 0.0000 -0.0006 0.0003 0.0000 0.0004 -0.0006 0.0000 0.0000 0.0001 0.0000 0.0000 0.0000 0.0000 -0.0010 -0.0002 0.0000 0.0002 30.0001 -0.0001 0.0005 -29.9998 0.0000 0.0000 0.0000 -1.6783 -2.3305 1.2011 -1.6783 -2.3305 1.2011 -28.2307 79.8865 79.0881 -37.9241 49.9108 -20.5874 -47.5177 10.9308 -75.1022 1.0217 1.3924 0.2990 0.0000 -0.0001 0.0001 0.0000 0.0000 0.0000 0.0000 -0.0006 0.0003 0.0000 -0.0001 0.0001 0.0000 0.0000 0.0000 0.0000 0.0000 0.0000 0.0000 0.0007 0.0001 0.0000 -0.0011 0.0001 0.0000 -0.0008 0.0003 0.0000 0.0001 0.0000 0.0000 0.0000 0.0000 0.0000 -0.0009 0.0000 0.0000 0.0002 -29.9996 -0.0001 -0.0003 29.9996 0.0000 0.0000 0.0000 14.4454 -15.3341 179.9276 -3.0050 -59.3662 1.7937 178.4666 77.5319 169.6317 0.0000 25.0705 0.0000 -1.8783 -29.1251 168.0500 -0.5657 -55.3062 0.2133 51.4041 76.1434 44.6485 0.0000 27.5093 -0.0001 
29.8365 80.6962 -42.9112 6.9609 -5.8723 -0.9975 0.9320 5.0084 0.0054 0.9338 5.0184 0.0055 0.9348 5.0235 0.0056 34.4465 75.9965 -66.6082 64.4547 47.9162 33.7101 35.9619 0.6629 72.2146 -0.7726 1.1510 0.2867 0.0000 0.0000 0.0001 0.0000 0.0000 0.0000 0.0000 -0.0013 -0.0008 0.0000 -0.0004 0.0001 0.0000 0.0000 0.0000 0.0000 0.0000 0.0000 0.0000 0.0002 0.0000 0.0000 -0.0006 0.0003 0.0000 0.0004 -0.0006 0.0000 0.0000 0.0001 0.0000 0.0000 0.0000 0.0000 -0.0010 -0.0002 0.0000 0.0002 30.0001 -0.0001 0.0005 -29.9998 0.0000 0.0000 0.0000 -1.6545 -2.3703 1.2066 -1.6545 -2.3703 1.2066 -27.8777 79.9166 79.4156 -37.9708 49.9068 -20.5904 -47.4718 10.9389 -75.0973 1.0184 1.3873 0.3012 0.0000 -0.0001 0.0001 0.0000 0.0000 0.0000 0.0000 -0.0006 0.0003 0.0000 -0.0001 0.0001 0.0000 0.0000 0.0000 0.0000 0.0000 0.0000 0.0000 0.0007 0.0001 0.0000 -0.0012 0.0001 0.0000 -0.0008 0.0003 0.0000 0.0001 0.0000 0.0000 0.0000 0.0000 0.0000 -0.0009 0.0000 0.0000 0.0002 -29.9996 -0.0001 -0.0003 29.9996 0.0000 0.0000 0.0000 14.3428 -15.3310 179.8596 -2.9494 -58.8675 1.7450 178.1035 77.8629 169.2975 0.0000 25.0694 0.0000 -2.1641 -29.1124 168.2245 -0.5684 -54.7881 0.2114 50.2217 76.0892 43.4378 0.0000 27.4420 -0.0001 
29.7884 80.9648 -43.0198 7.0557 -5.6951 -0.9814 0.9318 4.9749 0.0164 0.9336 4.9847 0.0166 0.9346 4.9899 0.0166 34.6012 76.0102 -66.4632 64.4606 47.9960 33.6907 35.9475 0.6666 72.2308 -0.7716 1.1493 0.2848 0.0000 0.0000 0.0001 0.0000 0.0000 0.0000 0.0000 -0.0013 -0.0008 0.0000 -0.0004 0.0001 0.0000 0.0000 0.0000 0.0000 0.0000 0.0000 0.0000 0.0002 0.0000 0.0000 -0.0006 0.0003 0.0000 0.0004 -0.0006 0.0000 0.0000 0.0001 0.0000 0.0000 0.0000 0.0000 -0.0010 -0.0002 0.0000 0.0002 30.0001 -0.0001 0.0005 -29.9998 0.0000 0.0000 0.0000 -1.6280 -2.3903 1.2117 -1.6280 -2.3903 1.2117 -27.6731 79.9657 79.5815 -37.9864 49.9067 -20.5723 -47.4364 10.9492 -75.1004 1.0154 1.3829 0.3016 0.0000 -0.0001 0.0001 0.0000 0.0000 0.0000 0.0000 -0.0006 0.0003 0.0000 -0.0001 0.0001 0.0000 0.0000 0.0000 0.0000 0.0000 0.0000 0.0000 0.0007 0.0001 0.0000 -0.0012 0.0001 0.0000 -0.0008 0.0003 0.0000 0.0001 0.0000 0.0000 0.0000 0.0000 0.0000 -0.0009 0.0000 0.0000 0.0002 -29.9996 -0.0001 -0.0003 29.9996 0.0000 0.0000 0.0000 14.2618 -15.2712 179.7955 -2.8693 -58.1621 1.6766 177.7519 78.2915 168.9450 0.0000 25.0686 0.0000 -2.5582 -29.0561 168.4675 -0.5665 -54.0755 0.2060 48.6476 75.9897 41.8794 0.0000 27.3785 -0.0001 
29.7123 81.3282 -43.1441 7.1348 -5.4705 -0.9565 0.9362 4.9115 0.0258 0.9380 4.9210 0.0260 0.9390 4.9264 0.0260 34.8227 76.0638 -66.2401 64.4378 48.1238 33.6511 35.9249 0.6450 72.2601 -0.7702 1.1464 0.2818 0.0000 0.0000 0.0001 0.0000 0.0000 0.0000 0.0000 -0.0013 -0.0008 0.0000 -0.0004 0.0001 0.0000 0.0000 0.0000 0.0000 0.0000 0.0000 0.0000 0.0003 0.0000 0.0000 -0.0006 0.0003 0.0000 0.0004 -0.0006 0.0000 0.0000 0.0001 0.0000 0.0000 0.0000 0.0000 -0.0010 -0.0002 0.0000 0.0002 30.0001 -0.0001 0.0005 -29.9998 0.0000 0.0000 0.0000 -1.6025 -2.3885 1.2156 -1.6025 -2.3885 1.2156 -27.7018 80.0324 79.5036 -37.9510 49.9213 -20.5208 -47.4274 10.9578 -75.1158 1.0130 1.3794 0.2997 0.0000 -0.0001 0.0001 0.0000 0.0000 0.0000 0.0000 -0.0006 0.0003 0.0000 -0.0001 0.0001 0.0000 0.0000 0.0000 0.0000 0.0000 0.0000 0.0000 0.0007 0.0001 0.0000 -0.0012 0.0001 0.0000 -0.0008 0.0003 0.0000 0.0001 0.0000 0.0000 0.0000 0.0000 0.0000 -0.0009 0.0000 0.0000 0.0002 -29.9996 -0.0001 -0.0003 29.9996 0.0000 0.0000 0.0000 14.2150 -15.1336 179.7351 -2.7501 -57.1638 1.5791 177.4475 78.8689 168.6058 0.0000 25.0679 0.0000 -3.0791 -28.9357 168.8009 -0.5563 -53.0952 0.1948 46.5865 75.7917 39.8966 0.0000 27.3359 -0.0001 
29.6187 81.7615 -43.2889 7.1994 -5.2122 -0.9261 0.9435 4.8276 0.0345 0.9452 4.8366 0.0346 0.9463 4.8421 0.0347 35.0738 76.1476 -65.9823 64.3997 48.2716 33.5986 35.8959 0.6117 72.2956 -0.7682 1.1424 0.2784 0.0000 0.0000 0.0001 0.0000 0.0000 0.0000 0.0000 -0.0013 -0.0008 0.0000 -0.0004 0.0001 0.0000 0.0000 0.0000 0.0000 0.0000 0.0000 0.0000 0.0002 0.0000 0.0000 -0.0006 0.0003 0.0000 0.0004 -0.0006 0.0000 0.0000 0.0001 0.0000 0.0000 0.0000 0.0000 -0.0010 -0.0002 0.0000 0.0003 30.0001 -0.0001 0.0005 -29.9998 0.0000 0.0000 0.0000 -1.5795 -2.3783 1.2148 -1.5795 -2.3783 1.2148 -27.9118 80.1033 79.2341 -37.8872 49.9553 -20.4491 -47.4373 10.9710 -75.1337 1.0107 1.3764 0.2965 0.0000 -0.0001 0.0001 0.0000 0.0000 0.0000 0.0000 -0.0006 0.0003 0.0000 -0.0001 0.0001 0.0000 0.0000 0.0000 0.0000 0.0000 0.0000 0.0000 0.0007 0.0001 0.0000 -0.0012 0.0001 0.0000 -0.0008 0.0003 0.0000 0.0001 0.0000 0.0000 0.0000 0.0000 0.0000 -0.0009 0.0000 0.0000 0.0002 -29.9996 -0.0001 -0.0003 29.9996 0.0000 0.0000 0.0000 14.1902 -14.9364 179.6716 -2.6179 -55.9381 1.4710 177.1290 79.5600 168.2392 0.0000 25.3510 0.0000 -3.6711 -28.7557 169.2016 -0.5427 -51.9128 0.1810 44.2810 75.4972 37.7102 0.0000 27.3109 -0.0001 
29.5148 82.2515 -43.4489 7.2534 -4.9267 -0.8953 0.9534 4.7279 0.0437 0.9551 4.7364 0.0438 0.9563 4.7422 0.0439 35.3446 76.2557 -65.6983 64.3464 48.4289 33.5333 35.8698 0.5728 72.3364 -0.7653 1.1369 0.2749 0.0000 0.0000 0.0001 0.0000 0.0000 0.0000 0.0000 -0.0013 -0.0008 0.0000 -0.0004 0.0001 0.0000 0.0000 0.0000 0.0000 0.0000 0.0000 0.0000 0.0002 0.0000 0.0000 -0.0006 0.0003 0.0000 0.0004 -0.0006 0.0000 0.0000 0.0001 0.0000 0.0000 0.0000 0.0000 -0.0010 -0.0002 0.0000 0.0002 30.0001 -0.0001 0.0005 -29.9998 0.0000 0.0000 0.0000 -1.5599 -2.3668 1.2072 -1.5599 -2.3668 1.2072 -28.2519 80.1760 78.8255 -37.8077 50.0059 -20.3634 -47.4595 10.9951 -75.1524 1.0083 1.3735 0.2925 0.0000 -0.0001 0.0001 0.0000 0.0000 0.0000 0.0000 -0.0006 0.0003 0.0000 -0.0001 0.0001 0.0000 0.0000 0.0000 0.0000 0.0000 0.0000 0.0000 0.0007 0.0001 0.0000 -0.0012 0.0001 0.0000 -0.0008 0.0003 0.0000 0.0001 0.0000 0.0000 0.0000 0.0000 0.0000 -0.0009 0.0000 0.0000 0.0002 -29.9996 -0.0001 -0.0003 29.9995 0.0000 0.0000 0.0000 14.1747 -14.6886 179.6049 -2.4803 -54.5279 1.3590 176.7514 80.3343 167.8165 0.0000 25.3510 0.0000 -4.3139 -28.5176 169.6616 -0.5225 -50.5674 0.1637 41.8403 75.1359 35.4159 0.0000 27.2892 -0.0001 
29.3980 82.8025 -43.6334 7.2998 -4.6072 -0.8730 0.9674 4.6098 0.0562 0.9691 4.6177 0.0564 0.9704 4.6237 0.0565 35.6352 76.3924 -65.3761 64.2670 48.5874 33.4479 35.8465 0.5451 72.3800 -0.7618 1.1307 0.2724 0.0000 0.0000 0.0001 0.0000 0.0000 0.0000 0.0000 -0.0013 -0.0008 0.0000 -0.0004 0.0001 0.0000 0.0000 0.0000 0.0000 0.0000 0.0000 0.0000 0.0002 0.0000 0.0000 -0.0006 0.0003 0.0000 0.0004 -0.0006 0.0000 0.0000 0.0001 0.0000 0.0000 0.0000 0.0000 -0.0010 -0.0002 0.0000 0.0002 30.0001 -0.0001 0.0005 -29.9998 0.0000 0.0000 0.0000 -1.5476 -2.3617 1.1863 -1.5476 -2.3617 1.1863 -28.7182 80.2556 78.2842 -37.7171 50.0734 -20.2656 -47.4864 11.0374 -75.1749 1.0056 1.3700 0.2882 0.0000 -0.0001 0.0001 0.0000 0.0000 0.0000 0.0000 -0.0006 0.0003 0.0000 -0.0001 0.0001 0.0000 0.0000 0.0000 0.0000 0.0000 0.0000 0.0000 0.0007 0.0001 0.0000 -0.0012 0.0001 0.0000 -0.0008 0.0003 0.0000 0.0001 0.0000 0.0000 0.0000 0.0000 0.0000 -0.0009 0.0000 0.0000 0.0002 -29.9997 -0.0001 -0.0003 29.9996 0.0000 0.0000 0.0000 14.1397 -14.3884 179.5315 -2.3240 -52.8980 1.2370 176.2604 81.2031 167.3275 0.0000 25.3510 0.0000 -5.0358 -28.1755 170.2087 -0.5184 -49.0026 0.1531 39.2257 74.7358 32.9532 0.0000 27.2519 -0.0001 
29.2886 83.3827 -43.8321 7.3515 -4.2697 -0.8613 0.9822 4.4811 0.0737 0.9838 4.4884 0.0738 0.9851 4.4946 0.0740 35.9401 76.5446 -65.0219 64.1713 48.7349 33.3523 35.8266 0.5334 72.4286 -0.7579 1.1238 0.2707 0.0000 0.0000 0.0001 0.0000 0.0000 0.0000 0.0000 -0.0013 -0.0008 0.0000 -0.0004 0.0001 0.0000 0.0000 0.0000 0.0000 0.0000 0.0000 0.0000 0.0002 0.0000 0.0000 -0.0006 0.0003 0.0000 0.0004 -0.0006 0.0000 0.0000 0.0001 0.0000 0.0000 0.0000 0.0000 -0.0010 -0.0002 0.0000 0.0002 30.0001 -0.0001 0.0005 -29.9998 0.0000 0.0000 0.0000 -1.5379 -2.3611 1.1551 -1.5379 -2.3611 1.1551 -29.2326 80.3449 77.6886 -37.6272 50.1483 -20.1682 -47.4976 11.0858 -75.2003 1.0030 1.3665 0.2843 0.0000 -0.0001 0.0001 0.0000 0.0000 0.0000 0.0000 -0.0006 0.0003 0.0000 -0.0001 0.0001 0.0000 0.0000 0.0000 0.0000 0.0000 0.0000 0.0000 0.0007 0.0001 0.0000 -0.0012 0.0001 0.0000 -0.0008 0.0003 0.0000 0.0001 0.0000 0.0000 0.0000 0.0000 0.0000 -0.0009 0.0000 0.0000 0.0002 -29.9996 -0.0001 -0.0003 29.9996 0.0000 0.0000 0.0000 14.0414 -14.0345 179.4370 -2.1685 -51.1102 1.1179 175.5501 82.1331 166.6997 0.0000 25.3510 0.0000 -5.8227 -27.7104 170.8418 -0.5193 -47.2541 0.1440 36.5060 74.3172 30.3660 0.0000 27.2018 -0.0001 
29.2102 84.0015 -43.9953 7.4127 -3.9180 -0.8590 0.9979 4.3428 0.0968 0.9995 4.3495 0.0970 1.0010 4.3560 0.0972 36.2651 76.7096 -64.6291 64.0673 48.8677 33.2575 35.8080 0.5372 72.4834 -0.7539 1.1169 0.2700 0.0000 0.0000 0.0001 0.0000 0.0000 0.0000 0.0000 -0.0013 -0.0008 0.0000 -0.0004 0.0001 0.0000 0.0000 0.0000 0.0000 0.0000 0.0000 0.0000 0.0002 0.0000 0.0000 -0.0006 0.0003 0.0000 0.0004 -0.0006 0.0000 0.0000 0.0001 0.0000 0.0000 0.0000 0.0000 -0.0010 -0.0002 0.0000 0.0002 30.0001 -0.0001 0.0005 -29.9998 0.0000 0.0000 0.0000 -1.5307 -2.3625 1.1130 -1.5307 -2.3625 1.1130 -29.8121 80.4431 77.0290 -37.5363 50.2267 -20.0726 -47.4909 11.1373 -75.2311 1.0007 1.3633 0.2808 0.0000 -0.0001 0.0001 0.0000 0.0000 0.0000 0.0000 -0.0006 0.0003 0.0000 -0.0001 0.0001 0.0000 0.0000 0.0000 0.0000 0.0000 0.0000 0.0000 0.0007 0.0001 0.0000 -0.0012 0.0001 0.0000 -0.0008 0.0003 0.0000 0.0001 0.0000 0.0000 0.0000 0.0000 0.0000 -0.0009 0.0000 0.0000 0.0002 -29.9996 -0.0001 -0.0003 29.9996 0.0000 0.0000 0.0000 13.8679 -13.5908 179.3181 -2.0199 -49.1787 1.0054 174.4974 83.0807 165.8191 0.0000 25.3510 0.0000 -6.6395 -27.1225 171.5589 -0.4954 -45.3367 0.1238 33.7803 73.8659 27.7584 0.0000 27.1400 -0.0001 
29.1802 84.6721 -44.1045 7.4889 -3.5454 -0.8677 1.0138 4.1885 0.1261 1.0152 4.1945 0.1263 1.0168 4.2011 0.1266 36.6180 76.8896 -64.1829 63.9591 48.9796 33.1702 35.7962 0.5715 72.5439 -0.7493 1.1090 0.2704 0.0000 0.0000 0.0001 0.0000 0.0000 0.0000 0.0000 -0.0013 -0.0008 0.0000 -0.0004 0.0001 0.0000 0.0000 0.0000 0.0000 0.0000 0.0000 0.0000 0.0003 0.0000 0.0000 -0.0006 0.0003 0.0000 0.0004 -0.0006 0.0000 0.0000 0.0001 0.0000 0.0000 0.0000 0.0000 -0.0010 -0.0002 0.0000 0.0002 30.0001 -0.0001 0.0005 -29.9998 0.0000 0.0000 0.0000 -1.5238 -2.3614 1.0526 -1.5238 -2.3614 1.0526 -30.4830 80.5549 76.2771 -37.4266 50.3038 -19.9629 -47.4772 11.1919 -75.2719 0.9989 1.3606 0.2769 0.0000 -0.0001 0.0001 0.0000 0.0000 0.0000 0.0000 -0.0006 0.0003 0.0000 -0.0001 0.0001 0.0000 0.0000 0.0000 0.0000 0.0000 0.0000 0.0000 0.0007 0.0001 0.0000 -0.0011 0.0001 0.0000 -0.0008 0.0003 0.0000 0.0001 0.0000 0.0000 0.0000 0.0000 0.0000 -0.0008 0.0000 0.0000 0.0002 -29.9996 -0.0001 -0.0003 29.9996 0.0000 0.0000 0.0000 13.5789 -13.0052 179.1590 -1.8775 -47.0139 0.8978 172.7070 84.0671 164.3430 0.0000 25.3510 0.0000 -7.4179 -26.3916 172.3759 -0.4172 -43.2092 0.0822 31.1425 73.3650 25.1802 0.0000 27.0505 -0.0001 
29.1676 85.3659 -44.1782 7.5734 -3.1597 -0.8826 1.0289 4.0238 0.1573 1.0303 4.0291 0.1576 1.0320 4.0359 0.1579 36.9868 77.0690 -63.7048 63.8420 49.0826 33.0834 35.7900 0.6254 72.6089 -0.7448 1.1014 0.2712 0.0000 0.0000 0.0001 0.0000 0.0000 0.0000 0.0000 -0.0013 -0.0008 0.0000 -0.0004 0.0001 0.0000 0.0000 0.0000 0.0000 0.0000 0.0000 0.0000 0.0002 -0.0001 0.0000 -0.0006 0.0003 0.0000 0.0004 -0.0006 0.0000 0.0000 0.0001 0.0000 0.0000 0.0000 0.0000 -0.0010 -0.0002 0.0000 0.0002 30.0001 -0.0001 0.0005 -29.9998 0.0000 0.0000 0.0000 -1.5119 -2.3525 0.9814 -1.5119 -2.3525 0.9814 -31.2012 80.6736 75.4759 -37.2881 50.3751 -19.8391 -47.4697 11.2447 -75.3209 0.9977 1.3587 0.2726 0.0000 -0.0001 0.0001 0.0000 0.0000 0.0000 0.0000 -0.0006 0.0003 0.0000 -0.0001 0.0001 0.0000 0.0000 0.0000 0.0000 0.0000 0.0000 0.0000 0.0007 0.0001 0.0000 -0.0012 0.0001 0.0000 -0.0008 0.0003 0.0000 0.0001 0.0000 0.0000 0.0000 0.0000 0.0000 -0.0009 0.0000 0.0000 0.0002 -29.9997 -0.0001 -0.0003 29.9995 0.0000 0.0000 0.0000 13.1907 -12.3344 178.9831 -1.7407 -44.7022 0.7970 169.8918 85.0854 161.9574 0.0000 25.3510 0.0000 -8.1582 -25.6230 173.1887 -0.3612 -40.9934 0.0520 28.8202 72.7530 22.9082 0.0000 26.9641 -0.0001 
29.1284 86.0514 -44.2697 7.6612 -2.7738 -0.9017 1.0426 3.8540 0.1893 1.0439 3.8587 0.1896 1.0458 3.8656 0.1900 37.3744 77.2421 -63.2015 63.7210 49.1813 32.9983 35.7901 0.6829 72.6805 -0.7406 1.0943 0.2722 0.0000 0.0000 0.0001 0.0000 0.0000 0.0000 0.0000 -0.0013 -0.0008 0.0000 -0.0004 0.0001 0.0000 0.0000 0.0000 0.0000 0.0000 0.0000 0.0000 0.0002 0.0000 0.0000 -0.0006 0.0003 0.0000 0.0004 -0.0006 0.0000 0.0000 0.0001 0.0000 0.0000 0.0000 0.0000 -0.0010 -0.0002 0.0000 0.0003 30.0001 -0.0001 0.0005 -29.9998 0.0000 0.0000 0.0000 -1.4919 -2.3338 0.9054 -1.4919 -2.3338 0.9054 -31.9497 80.7945 74.6403 -37.1316 50.4373 -19.7122 -47.4682 11.2977 -75.3711 0.9973 1.3579 0.2680 0.0000 -0.0001 0.0001 0.0000 0.0000 0.0000 0.0000 -0.0006 0.0003 0.0000 -0.0001 0.0001 0.0000 0.0000 0.0000 0.0000 0.0000 0.0000 0.0000 0.0007 0.0001 0.0000 -0.0012 0.0001 0.0000 -0.0008 0.0003 0.0000 0.0001 0.0000 0.0000 0.0000 0.0000 0.0000 -0.0009 0.0000 0.0000 0.0002 -29.9997 -0.0001 -0.0003 29.9996 0.0000 0.0000 0.0000 12.7011 -11.6383 178.8116 -1.6009 -42.2962 0.7006 165.4022 86.1640 158.0095 0.0000 25.3510 0.0000 -8.8797 -24.8482 173.9628 -0.3446 -38.7361 0.0381 26.8969 72.0097 21.0711 0.0000 26.8992 -0.0001 
29.0466 86.7134 -44.3717 7.7451 -2.3992 -0.9260 1.0580 3.6790 0.2219 1.0592 3.6832 0.2222 1.0612 3.6901 0.2227 37.7543 77.4078 -62.6953 63.6041 49.2725 32.9169 35.7963 0.7338 72.7614 -0.7370 1.0877 0.2735 0.0000 0.0000 0.0001 0.0000 0.0000 0.0000 0.0000 -0.0013 -0.0008 0.0000 -0.0004 0.0001 0.0000 0.0000 0.0000 0.0000 0.0000 0.0000 0.0000 0.0002 0.0000 0.0000 -0.0006 0.0003 0.0000 0.0004 -0.0006 0.0000 0.0000 0.0001 0.0000 0.0000 0.0000 0.0000 -0.0010 -0.0002 0.0000 0.0002 30.0001 -0.0001 0.0005 -29.9998 0.0000 0.0000 0.0000 -1.4638 -2.2992 0.8255 -1.4638 -2.2992 0.8255 -32.7907 80.9146 73.7155 -36.9752 50.4818 -19.6018 -47.4741 11.3588 -75.4177 0.9971 1.3580 0.2618 0.0000 -0.0001 0.0001 0.0000 0.0000 0.0000 0.0000 -0.0006 0.0003 0.0000 -0.0001 0.0001 0.0000 0.0000 0.0000 0.0000 0.0000 0.0000 0.0000 0.0007 0.0001 0.0000 -0.0012 0.0001 0.0000 -0.0008 0.0003 0.0000 0.0001 0.0000 0.0000 0.0000 0.0000 0.0000 -0.0009 0.0000 0.0000 0.0002 -29.9996 -0.0001 -0.0003 29.9996 0.0000 0.0000 0.0000 12.0774 -10.9056 178.6585 -1.4613 -39.7942 0.6104 156.9057 87.2950 150.2084 0.0000 25.3510 0.0000 -9.5733 -24.0691 174.6931 -0.3490 -36.4348 0.0319 25.3882 71.1100 19.7148 0.0000 26.8683 -0.0001 
28.8994 87.3748 -44.5174 7.8228 -2.0410 -0.9547 1.0721 3.5021 0.2528 1.0732 3.5058 0.2531 1.0754 3.5127 0.2536 38.1193 77.5659 -62.2098 63.5033 49.3534 32.8421 35.8037 0.7863 72.8458 -0.7330 1.0806 0.2748 0.0000 0.0000 0.0001 0.0000 0.0000 0.0000 0.0000 -0.0013 -0.0008 0.0000 -0.0004 0.0001 0.0000 0.0000 0.0000 0.0000 0.0000 0.0000 0.0000 0.0002 -0.0001 0.0000 -0.0006 0.0003 0.0000 0.0004 -0.0006 0.0000 0.0000 0.0001 0.0000 0.0000 0.0000 0.0000 -0.0010 -0.0002 0.0000 0.0002 30.0001 -0.0001 0.0005 -29.9998 0.0000 0.0000 0.0000 -1.4309 -2.2533 0.7472 -1.4309 -2.2533 0.7472 -33.7055 81.0275 72.7125 -36.8327 50.5141 -19.5068 -47.4933 11.4309 -75.4598 0.9966 1.3581 0.2540 0.0000 -0.0001 0.0001 0.0000 0.0000 0.0000 0.0000 -0.0006 0.0003 0.0000 -0.0001 0.0001 0.0000 0.0000 0.0000 0.0000 0.0000 0.0000 0.0000 0.0007 0.0001 0.0000 -0.0012 0.0001 0.0000 -0.0008 0.0003 0.0000 0.0001 0.0000 0.0000 0.0000 0.0000 0.0000 -0.0009 0.0000 0.0000 0.0002 -29.9996 -0.0001 -0.0003 29.9996 0.0000 0.0000 0.0000 11.3682 -10.1670 178.5435 -1.3157 -37.2114 0.5245 7.0286 90.0000 0.0000 0.0000 25.3510 0.0000 -10.3016 -23.2620 175.4341 -0.3271 -34.0980 0.0173 23.9817 70.1464 18.5630 0.0000 26.8552 -0.0001 
28.7184 88.0221 -44.6775 7.9009 -1.7083 -0.9866 1.0827 3.3299 0.2816 1.0838 3.3331 0.2819 1.0860 3.3399 0.2826 38.4580 77.7106 -61.7604 63.4073 49.4259 32.7659 35.8162 0.8428 72.9299 -0.7292 1.0738 0.2759 0.0000 0.0000 0.0001 0.0000 0.0000 0.0000 0.0000 -0.0013 -0.0008 0.0000 -0.0004 0.0001 0.0000 0.0000 0.0000 0.0000 0.0000 0.0000 0.0000 0.0002 0.0000 0.0000 -0.0006 0.0003 0.0000 0.0004 -0.0006 0.0000 0.0000 0.0001 0.0000 0.0000 0.0000 0.0000 -0.0010 -0.0002 0.0000 0.0002 30.0001 -0.0001 0.0005 -29.9998 0.0000 0.0000 0.0000 -1.3918 -2.1999 0.6740 -1.3918 -2.1999 0.6740 -34.6548 81.1278 71.6721 -36.7054 50.5427 -19.4211 -47.5172 11.5013 -75.5057 0.9962 1.3584 0.2456 0.0000 -0.0001 0.0001 0.0000 0.0000 0.0000 0.0000 -0.0006 0.0003 0.0000 -0.0001 0.0001 0.0000 0.0000 0.0000 0.0000 0.0000 0.0000 0.0000 0.0007 0.0001 0.0000 -0.0012 0.0001 0.0000 -0.0008 0.0003 0.0000 0.0001 0.0000 0.0000 0.0000 0.0000 0.0000 -0.0008 0.0000 0.0000 0.0002 -29.9996 -0.0001 -0.0003 29.9996 0.0000 0.0000 0.0000 10.5760 -9.3909 178.4558 -1.1758 -34.5629 0.4475 6.2287 90.0000 0.0000 0.0000 25.3510 0.0000 -11.1542 -22.4116 176.1952 -0.2878 -31.7379 -0.0011 22.5714 69.1458 17.5680 0.0000 26.6855 -0.0001 
28.5141 88.6237 -44.8258 7.9866 -1.4240 -1.0229 1.0907 3.1694 0.3092 1.0917 3.1722 0.3095 1.0941 3.1790 0.3102 38.7683 77.8403 -61.3490 63.3169 49.4868 32.6968 35.8349 0.9073 73.0062 -0.7257 1.0676 0.2771 0.0000 0.0000 0.0001 0.0000 0.0000 0.0000 0.0000 -0.0013 -0.0008 0.0000 -0.0004 0.0001 0.0000 0.0000 0.0000 0.0000 0.0000 0.0000 0.0000 0.0002 -0.0001 0.0000 -0.0006 0.0003 0.0000 0.0004 -0.0006 0.0000 0.0000 0.0001 0.0000 0.0000 0.0000 0.0000 -0.0010 -0.0002 0.0000 0.0002 30.0001 -0.0001 0.0005 -29.9998 0.0000 0.0000 0.0000 -1.3502 -2.1396 0.6106 -1.3502 -2.1396 0.6106 -35.6717 81.2119 70.5837 -36.5902 50.5670 -19.3527 -47.5467 11.5726 -75.5592 0.9965 1.3594 0.2376 0.0000 -0.0001 0.0001 0.0000 0.0000 0.0000 0.0000 -0.0006 0.0003 0.0000 -0.0001 0.0001 0.0000 0.0000 0.0000 0.0000 0.0000 0.0000 0.0000 0.0007 0.0001 0.0000 -0.0012 0.0001 0.0000 -0.0008 0.0003 0.0000 0.0001 0.0000 0.0000 0.0000 0.0000 0.0000 -0.0009 0.0000 0.0000 0.0002 -29.9996 -0.0001 -0.0003 29.9996 0.0000 0.0000 0.0000 9.6920 -8.5517 178.3952 -1.0486 -31.8866 0.3814 5.3461 90.0000 0.0000 0.0000 25.3510 0.0000 -11.1750 -21.4008 176.8141 -0.1537 -29.3652 -0.0426 22.5497 68.0777 17.3590 0.0000 26.0793 -0.0001 
28.3167 89.1531 -44.9088 8.0829 -1.1844 -1.0632 1.0984 3.0218 0.3358 1.0993 3.0243 0.3361 1.1017 3.0309 0.3369 39.0472 77.9616 -60.9701 63.2253 49.5378 32.6338 35.8570 0.9870 73.0657 -0.7222 1.0619 0.2784 0.0000 0.0000 0.0001 0.0000 0.0000 0.0000 0.0000 -0.0013 -0.0008 0.0000 -0.0004 0.0001 0.0000 0.0000 0.0000 0.0000 0.0000 0.0000 0.0000 0.0002 0.0000 0.0000 -0.0006 0.0003 0.0000 0.0004 -0.0006 0.0000 0.0000 0.0001 0.0000 0.0000 0.0000 0.0000 -0.0010 -0.0002 0.0000 0.0002 30.0001 -0.0001 0.0005 -29.9998 0.0000 0.0000 0.0000 -1.3150 -2.0764 0.5558 -1.3150 -2.0764 0.5558 -36.7531 81.2856 69.4619 -36.4725 50.5954 -19.2941 -47.5863 11.6328 -75.6122 0.9972 1.3609 0.2300 0.0000 -0.0001 0.0001 0.0000 0.0000 0.0000 0.0000 -0.0006 0.0003 0.0000 -0.0001 0.0001 0.0000 0.0000 0.0000 0.0000 0.0000 0.0000 0.0000 0.0007 0.0001 0.0000 -0.0012 0.0001 0.0000 -0.0008 0.0003 0.0000 0.0001 0.0000 0.0000 0.0000 0.0000 0.0000 -0.0009 0.0000 0.0000 0.0002 -29.9997 -0.0001 -0.0003 29.9996 0.0000 0.0000 0.0000 7.9859 -7.6861 178.2670 -0.9962 -29.2947 0.3423 21.1099 86.5741 18.8883 0.0000 25.3511 0.0000 -10.8674 -20.2745 177.3186 -0.0217 -27.0350 -0.0775 23.1317 67.0852 17.5151 0.0000 25.6654 -0.0001 
28.0965 89.6148 -44.9299 8.1924 -0.9772 -1.1058 1.1046 2.8847 0.3608 1.1054 2.8869 0.3611 1.1080 2.8934 0.3619 39.3109 78.0776 -60.6079 63.1342 49.5813 32.5809 35.8787 1.0801 73.1094 -0.7188 1.0566 0.2795 0.0000 0.0000 0.0001 0.0000 0.0000 0.0000 0.0000 -0.0013 -0.0008 0.0000 -0.0004 0.0001 0.0000 0.0000 0.0000 0.0000 0.0000 0.0000 0.0000 0.0002 -0.0001 0.0000 -0.0006 0.0003 0.0000 0.0004 -0.0006 0.0000 0.0000 0.0001 0.0000 0.0000 0.0000 0.0000 -0.0010 -0.0002 0.0000 0.0002 30.0001 -0.0001 0.0005 -29.9998 0.0000 0.0000 0.0000 -1.2872 -2.0120 0.5073 -1.2872 -2.0120 0.5073 -37.8733 81.3542 68.3282 -36.3451 50.6300 -19.2397 -47.6357 11.6755 -75.6581 0.9980 1.3627 0.2227 0.0000 -0.0001 0.0001 0.0000 0.0000 0.0000 0.0000 -0.0006 0.0003 0.0000 -0.0001 0.0001 0.0000 0.0000 0.0000 0.0000 0.0000 0.0000 0.0000 0.0007 0.0001 0.0000 -0.0012 0.0001 0.0000 -0.0008 0.0003 0.0000 0.0001 0.0000 0.0000 0.0000 0.0000 0.0000 -0.0008 0.0000 0.0000 0.0002 -29.9996 -0.0001 -0.0003 29.9996 0.0000 0.0000 0.0000 5.6365 -6.8437 178.1186 -0.9701 -26.8550 0.3136 11.3281 85.3829 11.4572 0.0000 25.3510 0.0000 -10.4741 -19.1599 177.7424 0.0737 -24.7955 -0.0989 23.7667 66.1612 17.6278 0.0000 25.2738 -0.0001 
27.8169 89.9759 -44.8906 8.3126 -0.8138 -1.1466 1.1108 2.7643 0.3809 1.1116 2.7663 0.3812 1.1142 2.7727 0.3821 39.5719 78.1849 -60.2535 63.0428 49.6213 32.5492 35.9012 1.1848 73.1282 -0.7154 1.0520 0.2803 0.0000 0.0000 0.0001 0.0000 0.0000 0.0000 0.0000 -0.0013 -0.0008 0.0000 -0.0004 0.0001 0.0000 0.0000 0.0000 0.0000 0.0000 0.0000 0.0000 0.0002 -0.0001 0.0000 -0.0006 0.0003 0.0000 0.0004 -0.0006 0.0000 0.0000 0.0001 0.0000 0.0000 0.0000 0.0000 -0.0010 -0.0002 0.0000 0.0002 30.0001 -0.0001 0.0005 -29.9998 0.0000 0.0000 0.0000 -1.2681 -1.9484 0.4647 -1.2681 -1.9484 0.4647 -38.9769 81.4263 67.2499 -36.2126 50.6644 -19.1919 -47.6918 11.6919 -75.6897 0.9983 1.3640 0.2158 0.0000 -0.0001 0.0001 0.0000 0.0000 0.0000 0.0000 -0.0006 0.0003 0.0000 -0.0001 0.0001 0.0000 0.0000 0.0000 0.0000 0.0000 0.0000 0.0000 0.0007 0.0001 0.0000 -0.0012 0.0001 0.0000 -0.0008 0.0003 0.0000 0.0001 0.0000 0.0000 0.0000 0.0000 0.0000 -0.0008 0.0000 0.0000 0.0002 -29.9997 -0.0001 -0.0003 29.9996 0.0000 0.0000 0.0000 3.8873 -6.0699 178.1140 -0.9009 -24.7690 0.2799 6.6846 84.3573 8.5546 0.0000 25.3510 0.0000 -10.0412 -18.1812 178.0947 0.1335 -22.8198 -0.1095 24.1823 65.4161 17.4336 0.0000 24.9974 -0.0001 
27.5687 90.2524 -44.8396 8.4169 -0.6777 -1.1789 1.1226 2.6577 0.3943 1.1233 2.6595 0.3946 1.1260 2.6657 0.3955 39.8515 78.2867 -59.8944 62.9594 49.6593 32.5511 35.9175 1.2835 73.1283 -0.7127 1.0486 0.2803 0.0000 0.0000 0.0001 0.0000 0.0000 0.0000 0.0000 -0.0013 -0.0008 0.0000 -0.0004 0.0001 0.0000 0.0000 0.0000 0.0000 0.0000 0.0000 0.0000 0.0003 0.0000 0.0000 -0.0006 0.0003 0.0000 0.0004 -0.0006 0.0000 0.0000 0.0001 0.0000 0.0000 0.0000 0.0000 -0.0010 -0.0002 0.0000 0.0003 30.0001 -0.0001 0.0005 -29.9998 0.0000 0.0000 0.0000 -1.2493 -1.8917 0.4255 -1.2493 -1.8917 0.4255 -40.0479 81.5038 66.2249 -36.0894 50.6893 -19.1588 -47.7444 11.7002 -75.7047 0.9978 1.3647 0.2085 0.0000 -0.0001 0.0001 0.0000 0.0000 0.0000 0.0000 -0.0006 0.0003 0.0000 -0.0001 0.0001 0.0000 0.0000 0.0000 0.0000 0.0000 0.0000 0.0000 0.0007 0.0001 0.0000 -0.0012 0.0001 0.0000 -0.0008 0.0003 0.0000 0.0001 0.0000 0.0000 0.0000 0.0000 0.0000 -0.0009 0.0000 0.0000 0.0002 -29.9997 -0.0001 -0.0003 29.9996 0.0000 0.0000 0.0000 2.6336 -5.4123 178.1582 -0.8437 -23.0665 0.2544 4.1378 83.5709 7.2085 0.0000 25.3510 0.0000 -9.4594 -17.4287 178.4329 0.1789 -21.1239 -0.1159 24.3733 64.7916 16.8131 0.0000 24.9952 -0.0001 
27.3740 90.4658 -44.8076 8.4931 -0.5660 -1.2003 1.1405 2.5661 0.4005 1.1412 2.5677 0.4008 1.1440 2.5739 0.4018 40.1363 78.3817 -59.5560 62.8877 49.6931 32.5870 35.9282 1.3708 73.1123 -0.7103 1.0458 0.2791 0.0000 0.0000 0.0001 0.0000 0.0000 0.0000 0.0000 -0.0013 -0.0008 0.0000 -0.0004 0.0001 0.0000 0.0000 0.0000 0.0000 0.0000 0.0000 0.0000 0.0002 0.0000 0.0000 -0.0006 0.0003 0.0000 0.0004 -0.0006 0.0000 0.0000 0.0001 0.0000 0.0000 0.0000 0.0000 -0.0010 -0.0002 0.0000 0.0002 30.0001 -0.0001 0.0005 -29.9998 0.0000 0.0000 0.0000 -1.2299 -1.8458 0.3927 -1.2299 -1.8458 0.3927 -41.0439 81.5794 65.2832 -35.9865 50.7060 -19.1394 -47.7938 11.7039 -75.7000 0.9962 1.3645 0.2008 0.0000 -0.0001 0.0001 0.0000 0.0000 0.0000 0.0000 -0.0006 0.0003 0.0000 -0.0001 0.0001 0.0000 0.0000 0.0000 0.0000 0.0000 0.0000 0.0000 0.0007 0.0001 0.0000 -0.0011 0.0001 0.0000 -0.0008 0.0003 0.0000 0.0001 0.0000 0.0000 0.0000 0.0000 0.0000 -0.0009 0.0000 0.0000 0.0002 -29.9996 -0.0001 -0.0003 29.9996 0.0000 0.0000 0.0000 1.7725 -4.8879 178.2126 -0.8093 -21.7268 0.2376 2.4487 83.0124 6.2802 0.0000 25.3510 0.0000 -8.6760 -16.8480 178.7879 0.2272 -19.6924 -0.1220 24.4246 64.3372 15.8179 0.0000 24.9950 -0.0001 
27.2534 90.6015 -44.8542 8.5190 -0.4974 -1.2005 1.1659 2.5055 0.3945 1.1666 2.5071 0.3947 1.1695 2.5131 0.3958 40.3623 78.4581 -59.3305 62.8312 49.7136 32.6649 35.9302 1.4442 73.0692 -0.7089 1.0448 0.2757 0.0000 0.0000 0.0001 0.0000 0.0000 0.0000 0.0000 -0.0013 -0.0008 0.0000 -0.0004 0.0001 0.0000 0.0000 0.0000 0.0000 0.0000 0.0000 0.0000 0.0002 0.0000 0.0000 -0.0006 0.0003 0.0000 0.0004 -0.0006 0.0000 0.0000 0.0001 0.0000 0.0000 0.0000 0.0000 -0.0010 -0.0002 0.0000 0.0002 30.0001 -0.0001 0.0005 -29.9998 0.0000 0.0000 0.0000 -1.2043 -1.8313 0.3740 -1.2043 -1.8313 0.3740 -41.7169 81.6240 64.6690 -35.9569 50.7093 -19.1450 -47.8351 11.7042 -75.6625 0.9927 1.3622 0.1930 0.0000 -0.0001 0.0001 0.0000 0.0000 0.0000 0.0000 -0.0006 0.0003 0.0000 -0.0001 0.0001 0.0000 0.0000 0.0000 0.0000 0.0000 0.0000 0.0000 0.0007 0.0001 0.0000 -0.0012 0.0001 0.0000 -0.0008 0.0003 0.0000 0.0001 0.0000 0.0000 0.0000 0.0000 0.0000 -0.0009 0.0000 0.0000 0.0002 -29.9996 -0.0001 -0.0003 29.9996 0.0000 0.0000 0.0000 1.3068 -4.5762 178.2470 -0.8016 -20.8738 0.2299 0.8161 82.7204 4.9534 0.0000 25.3510 0.0000 -7.7973 -16.4877 179.1467 0.2765 -18.6533 -0.1280 24.0882 64.1484 14.2970 0.0000 24.9981 -0.0001 
27.1434 90.7018 -45.0021 8.4975 -0.4606 -1.1716 1.1989 2.4770 0.3737 1.1996 2.4785 0.3740 1.2025 2.4845 0.3749 40.3912 78.5016 -59.3397 62.7868 49.7175 32.7598 35.9080 1.5078 72.9880 -0.7090 1.0465 0.2702 0.0000 0.0000 0.0001 0.0000 0.0000 0.0000 0.0000 -0.0013 -0.0008 0.0000 -0.0004 0.0001 0.0000 0.0000 0.0000 0.0000 0.0000 0.0000 0.0000 0.0002 0.0000 0.0000 -0.0006 0.0003 0.0000 0.0004 -0.0006 0.0000 0.0000 0.0001 0.0000 0.0000 0.0000 0.0000 -0.0010 -0.0002 0.0000 0.0002 30.0001 -0.0001 0.0005 -29.9998 0.0000 0.0000 0.0000 -1.1754 -1.8576 0.3722 -1.1754 -1.8576 0.3722 -41.9377 81.6117 64.5149 -36.0289 50.7044 -19.1883 -47.8674 11.7083 -75.6006 0.9879 1.3583 0.1871 0.0000 -0.0001 0.0001 0.0000 0.0000 0.0000 0.0000 -0.0006 0.0003 0.0000 -0.0001 0.0001 0.0000 0.0000 0.0000 0.0000 0.0000 0.0000 0.0000 0.0007 0.0001 0.0000 -0.0012 0.0001 0.0000 -0.0008 0.0003 0.0000 0.0001 0.0000 0.0000 0.0000 0.0000 0.0000 -0.0009 0.0000 0.0000 0.0002 -29.9996 -0.0001 -0.0003 29.9996 0.0000 0.0000 0.0000 0.9644 -4.4484 178.2559 -0.7862 -20.3403 0.2233 -1.2986 82.5358 3.0258 0.0000 25.3510 0.0000 -6.9480 -16.3147 179.4169 0.3016 -17.9278 -0.1301 23.5608 64.0990 12.6222 0.0000 25.0027 -0.0001 
27.0816 90.7744 -45.2493 8.4337 -0.4536 -1.1124 1.2400 2.4782 0.3392 1.2407 2.4797 0.3394 1.2437 2.4856 0.3403 40.2083 78.5160 -59.5798 62.7501 49.7086 32.8578 35.8524 1.5544 72.8707 -0.7107 1.0511 0.2629 0.0000 0.0000 0.0001 0.0000 0.0000 0.0000 0.0000 -0.0013 -0.0008 0.0000 -0.0004 0.0001 0.0000 0.0000 0.0000 0.0000 0.0000 0.0000 0.0000 0.0002 0.0000 0.0000 -0.0006 0.0003 0.0000 0.0004 -0.0006 0.0000 0.0000 0.0001 0.0000 0.0000 0.0000 0.0000 -0.0010 -0.0002 0.0000 0.0002 30.0001 -0.0001 0.0005 -29.9998 0.0000 0.0000 0.0000 -1.1474 -1.9237 0.3841 -1.1474 -1.9237 0.3841 -41.7929 81.5567 64.7269 -36.1696 50.7009 -19.2601 -47.8995 11.7173 -75.5280 0.9827 1.3534 0.1837 0.0000 -0.0001 0.0001 0.0000 0.0000 0.0000 0.0000 -0.0006 0.0003 0.0000 -0.0001 0.0001 0.0000 0.0000 0.0000 0.0000 0.0000 0.0000 0.0000 0.0007 0.0001 0.0000 -0.0012 0.0001 0.0000 -0.0008 0.0003 0.0000 0.0001 0.0000 0.0000 0.0000 0.0000 0.0000 -0.0008 0.0000 0.0000 0.0002 -29.9997 -0.0001 -0.0003 29.9996 0.0000 0.0000 0.0000 0.6067 -4.4508 178.1928 -0.7744 -20.0047 0.2189 -3.6262 82.3708 0.9328 0.0000 25.3510 0.0000 -7.2123 -16.2623 179.7137 0.2855 -17.4408 -0.1264 21.7822 64.1844 10.7514 0.0000 25.0071 -0.0001 
27.1365 90.8196 -45.5953 8.3053 -0.4936 -1.0271 1.2959 2.5192 0.2948 1.2967 2.5208 0.2950 1.2998 2.5268 0.2958 39.7373 78.4954 -60.1204 62.7092 49.6908 32.9137 35.7559 1.5644 72.7348 -0.7146 1.0589 0.2544 0.0000 0.0000 0.0001 0.0000 0.0000 0.0000 0.0000 -0.0013 -0.0008 0.0000 -0.0004 0.0001 0.0000 0.0000 0.0000 0.0000 0.0000 0.0000 0.0000 0.0002 0.0000 0.0000 -0.0006 0.0003 0.0000 0.0004 -0.0006 0.0000 0.0000 0.0001 0.0000 0.0000 0.0000 0.0000 -0.0010 -0.0002 0.0000 0.0002 30.0001 -0.0001 0.0005 -29.9998 0.0000 0.0000 0.0000 -1.1264 -2.0481 0.4009 -1.1264 -2.0481 0.4009 -41.2717 81.4568 65.3086 -36.3825 50.7008 -19.3659 -47.9328 11.7260 -75.4569 0.9773 1.3474 0.1836 0.0000 -0.0001 0.0001 0.0000 0.0000 0.0000 0.0000 -0.0006 0.0003 0.0000 -0.0001 0.0001 0.0000 0.0000 0.0000 0.0000 0.0000 0.0000 0.0000 0.0007 0.0001 0.0000 -0.0012 0.0001 0.0000 -0.0008 0.0003 0.0000 0.0001 0.0000 0.0000 0.0000 0.0000 0.0000 -0.0009 0.0000 0.0000 0.0002 -29.9997 -0.0001 -0.0003 29.9996 0.0000 0.0000 0.0000 0.2757 -4.5410 178.0121 -0.7789 -19.8192 0.2184 -5.4630 82.1732 -0.5998 0.0000 25.3510 0.0000 -7.3780 -16.3310 179.8600 0.2671 -17.2235 -0.1230 20.2965 64.3258 9.1785 0.0000 25.0110 -0.0001 
27.2564 90.8428 -45.9321 8.1329 -0.5672 -0.9432 1.3604 2.5825 0.2561 1.3613 2.5842 0.2563 1.3645 2.5903 0.2569 39.1463 78.4617 -60.7804 62.6417 49.6969 32.9128 35.6499 1.5429 72.6044 -0.7196 1.0681 0.2450 0.0000 0.0000 0.0001 0.0000 0.0000 0.0000 0.0000 -0.0013 -0.0008 0.0000 -0.0004 0.0001 0.0000 0.0000 0.0000 0.0000 0.0000 0.0000 0.0000 0.0002 0.0000 0.0000 -0.0006 0.0003 0.0000 0.0004 -0.0006 0.0000 0.0000 0.0001 0.0000 0.0000 0.0000 0.0000 -0.0010 -0.0002 0.0000 0.0002 30.0001 -0.0001 0.0005 -29.9998 0.0000 0.0000 0.0000 -1.1099 -2.2036 0.4048 -1.1099 -2.2036 0.4048 -40.5946 81.3365 66.0377 -36.6365 50.6839 -19.4892 -47.9576 11.7316 -75.3949 0.9720 1.3412 0.1839 0.0000 -0.0001 0.0001 0.0000 0.0000 0.0000 0.0000 -0.0006 0.0003 0.0000 -0.0001 0.0001 0.0000 0.0000 0.0000 0.0000 0.0000 0.0000 0.0000 0.0007 0.0001 0.0000 -0.0012 0.0001 0.0000 -0.0008 0.0003 0.0000 0.0001 0.0000 0.0000 0.0000 0.0000 0.0000 -0.0009 0.0000 0.0000 0.0002 -29.9997 -0.0001 -0.0003 29.9996 0.0000 0.0000 0.0000 0.3712 -4.6141 177.8192 -0.7856 -19.7100 0.2188 -5.8813 81.9698 -1.0357 0.0000 25.3510 0.0000 -7.4539 -16.4268 179.9427 0.2625 -17.1849 -0.1222 18.9131 64.5563 7.7093 0.0000 25.3508 -0.0001 
27.3765 90.8431 -46.2354 7.9290 -0.6641 -0.8616 1.4296 2.6571 0.2238 1.4306 2.6590 0.2240 1.4339 2.6651 0.2246 38.5545 78.4235 -61.4334 62.5481 49.7358 32.8656 35.5455 1.4956 72.4899 -0.7251 1.0776 0.2353 0.0000 0.0000 0.0001 0.0000 0.0000 0.0000 0.0000 -0.0013 -0.0008 0.0000 -0.0004 0.0001 0.0000 0.0000 0.0000 0.0000 0.0000 0.0000 0.0000 0.0002 0.0000 0.0000 -0.0006 0.0003 0.0000 0.0004 -0.0006 0.0000 0.0000 0.0001 0.0000 0.0000 0.0000 0.0000 -0.0010 -0.0002 0.0000 0.0002 30.0001 -0.0001 0.0005 -29.9998 0.0000 0.0000 0.0000 -1.0953 -2.3726 0.3916 -1.0953 -2.3726 0.3916 -39.8805 81.2147 66.7930 -36.9009 50.6448 -19.6099 -47.9726 11.7314 -75.3467 0.9674 1.3359 0.1835 0.0000 -0.0001 0.0001 0.0000 0.0000 0.0000 0.0000 -0.0006 0.0003 0.0000 -0.0001 0.0001 0.0000 0.0000 0.0000 0.0000 0.0000 0.0000 0.0000 0.0007 0.0001 0.0000 -0.0012 0.0001 0.0000 -0.0008 0.0003 0.0000 0.0001 0.0000 0.0000 0.0000 0.0000 0.0000 -0.0009 0.0000 0.0000 0.0002 -29.9997 -0.0001 -0.0003 29.9996 0.0000 0.0000 0.0000 0.4229 -4.6907 177.6202 -0.7945 -19.6868 0.2201 -6.2420 81.7791 -1.3043 0.0000 25.3510 0.0000 -7.4193 -16.5614 179.9467 0.2559 -17.2898 -0.1215 17.7444 64.8111 6.4243 0.0000 25.3508 -0.0001 
27.4239 90.8235 -46.4337 7.6900 -0.7839 -0.7930 1.5017 2.7305 0.2056 1.5028 2.7326 0.2058 1.5062 2.7388 0.2064 38.1115 78.3994 -61.9157 62.4437 49.8227 32.7746 35.4513 1.4090 72.4157 -0.7299 1.0854 0.2268 0.0000 0.0000 0.0001 0.0000 0.0000 0.0000 0.0000 -0.0013 -0.0008 0.0000 -0.0004 0.0001 0.0000 0.0000 0.0000 0.0000 0.0000 0.0000 0.0000 0.0002 0.0000 0.0000 -0.0006 0.0003 0.0000 0.0004 -0.0006 0.0000 0.0000 0.0001 0.0000 0.0000 0.0000 0.0000 -0.0010 -0.0002 0.0000 0.0002 30.0001 -0.0001 0.0005 -29.9998 0.0000 0.0000 0.0000 -1.0786 -2.5323 0.3482 -1.0786 -2.5323 0.3482 -39.3239 81.1366 67.3673 -37.1038 50.5738 -19.6787 -47.9788 11.7180 -75.3370 0.9640 1.3320 0.1805 0.0000 -0.0001 0.0001 0.0000 0.0000 0.0000 0.0000 -0.0006 0.0003 0.0000 -0.0001 0.0001 0.0000 0.0000 0.0000 0.0000 0.0000 0.0000 0.0000 0.0007 0.0001 0.0000 -0.0012 0.0001 0.0000 -0.0008 0.0003 0.0000 0.0001 0.0000 0.0000 0.0000 0.0000 0.0000 -0.0009 0.0000 0.0000 0.0002 -29.9997 -0.0001 -0.0003 29.9996 0.0000 0.0000 0.0000 0.4606 -4.7635 177.4884 -0.7999 -19.8186 0.2220 -6.9191 81.6777 -1.8310 0.0000 25.3510 0.0000 -7.2117 -16.7474 179.8611 0.2512 -17.5624 -0.1214 16.9448 65.0696 5.4506 0.0000 25.3508 -0.0001 
27.3972 90.7912 -46.4932 7.4439 -0.9032 -0.7634 1.5670 2.7855 0.2074 1.5682 2.7878 0.2076 1.5717 2.7940 0.2081 37.8868 78.4010 -62.1686 62.3389 49.9240 32.6708 35.3832 1.3093 72.3859 -0.7335 1.0905 0.2205 0.0000 0.0000 0.0001 0.0000 0.0000 0.0000 0.0000 -0.0013 -0.0008 0.0000 -0.0004 0.0001 0.0000 0.0000 0.0000 0.0000 0.0000 0.0000 0.0000 0.0002 0.0000 0.0000 -0.0006 0.0003 0.0000 0.0004 -0.0006 0.0000 0.0000 0.0001 0.0000 0.0000 0.0000 0.0000 -0.0010 -0.0002 0.0000 0.0002 30.0001 -0.0001 0.0005 -29.9998 0.0000 0.0000 0.0000 -1.0525 -2.6600 0.2848 -1.0525 -2.6600 0.2848 -39.0145 81.1051 67.6798 -37.2369 50.4870 -19.6894 -47.9737 11.6942 -75.3712 0.9618 1.3293 0.1753 0.0000 -0.0001 0.0001 0.0000 0.0000 0.0000 0.0000 -0.0006 0.0003 0.0000 -0.0001 0.0001 0.0000 0.0000 0.0000 0.0000 0.0000 0.0000 0.0000 0.0007 0.0001 0.0000 -0.0012 0.0001 0.0000 -0.0008 0.0003 0.0000 0.0001 0.0000 0.0000 0.0000 0.0000 0.0000 -0.0009 0.0000 0.0000 0.0002 -29.9996 -0.0001 -0.0003 29.9996 0.0000 0.0000 0.0000 0.5287 -4.7710 177.4658 -0.8002 -19.9975 0.2234 -8.0975 81.6652 -2.9194 0.0000 25.3510 0.0000 -6.9038 -16.9493 179.7474 0.2464 -17.8705 -0.1213 16.4003 65.2850 4.7009 0.0000 25.3508 -0.0001 
27.3222 90.7651 -46.4399 7.2183 -1.0067 -0.7692 1.6173 2.8194 0.2234 1.6186 2.8217 0.2237 1.6221 2.8279 0.2242 37.8540 78.4202 -62.2242 62.2313 50.0208 32.5818 35.3433 1.2195 72.3706 -0.7362 1.0941 0.2164 0.0000 0.0000 0.0001 0.0000 0.0000 0.0000 0.0000 -0.0013 -0.0008 0.0000 -0.0004 0.0001 0.0000 0.0000 0.0000 0.0000 0.0000 0.0000 0.0000 0.0002 0.0000 0.0000 -0.0006 0.0003 0.0000 0.0004 -0.0006 0.0000 0.0000 0.0001 0.0000 0.0000 0.0000 0.0000 -0.0010 -0.0002 0.0000 0.0002 30.0001 -0.0001 0.0005 -29.9998 0.0000 0.0000 0.0000 -1.0149 -2.7523 0.2174 -1.0149 -2.7523 0.2174 -38.8697 81.1034 67.8245 -37.3220 50.3992 -19.6613 -47.9491 11.6669 -75.4346 0.9608 1.3277 0.1700 0.0000 -0.0001 0.0001 0.0000 0.0000 0.0000 0.0000 -0.0006 0.0003 0.0000 -0.0001 0.0001 0.0000 0.0000 0.0000 0.0000 0.0000 0.0000 0.0000 0.0007 0.0001 0.0000 -0.0011 0.0001 0.0000 -0.0008 0.0003 0.0000 0.0001 0.0000 0.0000 0.0000 0.0000 0.0000 -0.0009 0.0000 0.0000 0.0002 -29.9996 -0.0001 -0.0003 29.9996 0.0000 0.0000 0.0000 0.6295 -4.7180 177.5316 -0.7950 -20.1761 0.2237 -9.7927 81.6999 -4.6234 0.0000 25.3510 0.0000 -6.5546 -17.0830 179.6303 0.2384 -18.1497 -0.1206 16.0174 65.5107 4.0988 0.0000 25.3508 -0.0001 
27.2388 90.7544 -46.3093 7.0630 -1.0928 -0.8207 1.6372 2.8259 0.2527 1.6385 2.8282 0.2530 1.6421 2.8344 0.2536 38.0512 78.4556 -62.0318 62.1377 50.0910 32.5197 35.3496 1.1601 72.3488 -0.7366 1.0949 0.2172 0.0000 0.0000 0.0001 0.0000 0.0000 0.0000 0.0000 -0.0013 -0.0008 0.0000 -0.0004 0.0001 0.0000 0.0000 0.0000 0.0000 0.0000 0.0000 0.0000 0.0002 0.0000 0.0000 -0.0006 0.0003 0.0000 0.0004 -0.0006 0.0000 0.0000 0.0001 0.0000 0.0000 0.0000 0.0000 -0.0010 -0.0002 0.0000 0.0002 30.0001 -0.0001 0.0005 -29.9998 0.0000 0.0000 0.0000 -0.9637 -2.7928 0.1645 -0.9637 -2.7928 0.1645 -38.9119 81.1453 67.7968 -37.3408 50.3388 -19.5981 -47.8832 11.6346 -75.5240 0.9616 1.3274 0.1676 0.0000 -0.0001 0.0001 0.0000 0.0000 0.0000 0.0000 -0.0006 0.0003 0.0000 -0.0001 0.0001 0.0000 0.0000 0.0000 0.0000 0.0000 0.0000 0.0000 0.0007 0.0001 0.0000 -0.0012 0.0001 0.0000 -0.0008 0.0003 0.0000 0.0001 0.0000 0.0000 0.0000 0.0000 0.0000 -0.0009 0.0000 0.0000 0.0002 -29.9997 -0.0001 -0.0003 29.9996 0.0000 0.0000 0.0000 0.7630 -4.6018 177.6749 -0.7865 -20.3020 0.2231 -12.1305 81.7284 -7.1378 0.0000 25.3510 0.0000 -6.1936 -17.0327 179.5214 0.2147 -18.3237 -0.1172 15.8502 65.7760 3.6701 0.0000 25.3508 -0.0001 
27.2183 90.7569 -46.2027 6.9866 -1.1687 -0.9079 1.6334 2.8168 0.2901 1.6347 2.8191 0.2904 1.6383 2.8253 0.2911 38.2790 78.4881 -61.7756 62.0794 50.1081 32.4837 35.3764 1.1439 72.3090 -0.7353 1.0940 0.2223 0.0000 0.0000 0.0001 0.0000 0.0000 0.0000 0.0000 -0.0013 -0.0008 0.0000 -0.0004 0.0001 0.0000 0.0000 0.0000 0.0000 0.0000 0.0000 0.0000 0.0002 0.0000 0.0000 -0.0006 0.0003 0.0000 0.0004 -0.0006 0.0000 0.0000 0.0001 0.0000 0.0000 0.0000 0.0000 -0.0010 -0.0002 0.0000 0.0002 30.0001 -0.0001 0.0005 -29.9998 0.0000 0.0000 0.0000 -0.9122 -2.8007 0.1317 -0.9122 -2.8007 0.1317 -39.0867 81.2215 67.6649 -37.2898 50.3241 -19.5195 -47.7769 11.5870 -75.6228 0.9650 1.3292 0.1706 0.0000 -0.0001 0.0001 0.0000 0.0000 0.0000 0.0000 -0.0006 0.0003 0.0000 -0.0001 0.0001 0.0000 0.0000 0.0000 0.0000 0.0000 0.0000 0.0000 0.0007 0.0001 0.0000 -0.0012 0.0001 0.0000 -0.0008 0.0003 0.0000 0.0001 0.0000 0.0000 0.0000 0.0000 0.0000 -0.0009 0.0000 0.0000 0.0002 -29.9997 -0.0001 -0.0003 29.9996 0.0000 0.0000 0.0000 0.9051 -4.5067 177.8300 -0.7857 -20.4201 0.2238 -14.4549 81.7398 -9.7486 0.0000 25.3510 0.0000 -5.8640 -16.8557 179.4879 0.1970 -18.4086 -0.1145 15.6911 66.0708 3.1926 0.0000 25.3508 -0.0001 
27.2610 90.7626 -46.1033 6.9859 -1.2238 -1.0197 1.6086 2.7927 0.3328 1.6099 2.7949 0.3331 1.6135 2.8011 0.3339 38.5050 78.5194 -61.4939 62.0527 50.0767 32.4745 35.4113 1.1709 72.2530 -0.7330 1.0920 0.2305 0.0000 0.0000 0.0001 0.0000 0.0000 0.0000 0.0000 -0.0013 -0.0008 0.0000 -0.0004 0.0001 0.0000 0.0000 0.0000 0.0000 0.0000 0.0000 0.0000 0.0002 0.0000 0.0000 -0.0006 0.0003 0.0000 0.0004 -0.0006 0.0000 0.0000 0.0001 0.0000 0.0000 0.0000 0.0000 -0.0010 -0.0002 0.0000 0.0002 30.0001 -0.0001 0.0005 -29.9998 0.0000 0.0000 0.0000 -0.8633 -2.7890 0.1183 -0.8633 -2.7890 0.1183 -39.3958 81.3263 67.4252 -37.1769 50.3543 -19.4320 -47.6361 11.5189 -75.7238 0.9703 1.3325 0.1781 0.0000 -0.0001 0.0001 0.0000 0.0000 0.0000 0.0000 -0.0006 0.0003 0.0000 -0.0001 0.0001 0.0000 0.0000 0.0000 0.0000 0.0000 0.0000 0.0000 0.0007 0.0001 0.0000 -0.0012 0.0001 0.0000 -0.0008 0.0003 0.0000 0.0001 0.0000 0.0000 0.0000 0.0000 0.0000 -0.0009 0.0000 0.0000 0.0002 -29.9997 -0.0001 -0.0003 29.9996 0.0000 0.0000 0.0000 1.0325 -4.4486 177.9794 -0.7956 -20.5621 0.2266 -16.7684 81.7618 -12.4220 0.0000 25.3511 0.0000 -5.5897 -16.6499 179.5452 0.1928 -18.4340 -0.1139 15.4613 66.3701 2.6022 0.0000 25.3507 -0.0001 
27.3475 90.7547 -45.9714 7.0860 -1.2358 -1.1462 1.5573 2.7485 0.3757 1.5585 2.7506 0.3761 1.5620 2.7568 0.3770 38.7474 78.5496 -61.1686 62.0607 49.9922 32.5024 35.4552 1.2542 72.1768 -0.7293 1.0888 0.2418 0.0000 0.0000 0.0001 0.0000 0.0000 0.0000 0.0000 -0.0013 -0.0008 0.0000 -0.0004 0.0001 0.0000 0.0000 0.0000 0.0000 0.0000 0.0000 0.0000 0.0002 0.0000 0.0000 -0.0006 0.0003 0.0000 0.0004 -0.0006 0.0000 0.0000 0.0001 0.0000 0.0000 0.0000 0.0000 -0.0010 -0.0002 0.0000 0.0003 30.0001 -0.0001 0.0005 -29.9998 0.0000 0.0000 0.0000 -0.8211 -2.7647 0.1363 -0.8211 -2.7647 0.1363 -39.8376 81.4637 67.0874 -36.9752 50.4417 -19.3312 -47.4679 11.4231 -75.8104 0.9778 1.3381 0.1910 0.0000 -0.0001 0.0001 0.0000 0.0000 0.0000 0.0000 -0.0006 0.0003 0.0000 -0.0001 0.0001 0.0000 0.0000 0.0000 0.0000 0.0000 0.0000 0.0000 0.0007 0.0001 0.0000 -0.0012 0.0001 0.0000 -0.0008 0.0003 0.0000 0.0001 0.0000 0.0000 0.0000 0.0000 0.0000 -0.0009 0.0000 0.0000 0.0002 -29.9996 -0.0001 -0.0003 29.9996 0.0000 0.0000 0.0000 1.1204 -4.4317 178.1246 -0.8136 -20.7475 0.2312 -19.3755 81.8336 -15.4678 0.0000 25.3510 0.0000 -5.3983 -16.4517 179.6950 0.1985 -18.3897 -0.1147 15.1535 66.6742 1.8901 0.0000 25.3508 -0.0001 
27.4039 90.7489 -45.8151 7.2354 -1.2205 -1.2760 1.4962 2.6959 0.4186 1.4973 2.6979 0.4189 1.5007 2.7040 0.4200 38.9959 78.5783 -60.8243 62.0991 49.8888 32.5371 35.5204 1.3561 72.0913 -0.7235 1.0830 0.2554 0.0000 0.0000 0.0001 0.0000 0.0000 0.0000 0.0000 -0.0013 -0.0008 0.0000 -0.0004 0.0001 0.0000 0.0000 0.0000 0.0000 0.0000 0.0000 0.0000 0.0002 0.0000 0.0000 -0.0006 0.0003 0.0000 0.0004 -0.0006 0.0000 0.0000 0.0001 0.0000 0.0000 0.0000 0.0000 -0.0010 -0.0002 0.0000 0.0002 30.0001 -0.0001 0.0005 -29.9998 0.0000 0.0000 0.0000 -0.7916 -2.7470 0.1727 -0.7916 -2.7470 0.1727 -40.3081 81.6140 66.7432 -36.7095 50.5542 -19.2113 -47.3088 11.3123 -75.8669 0.9855 1.3442 0.2056 0.0000 -0.0001 0.0001 0.0000 0.0000 0.0000 0.0000 -0.0006 0.0003 0.0000 -0.0001 0.0001 0.0000 0.0000 0.0000 0.0000 0.0000 0.0000 0.0000 0.0007 0.0001 0.0000 -0.0011 0.0001 0.0000 -0.0008 0.0003 0.0000 0.0001 0.0000 0.0000 0.0000 0.0000 0.0000 -0.0009 0.0000 0.0000 0.0002 -29.9996 -0.0001 -0.0003 29.9996 0.0000 0.0000 0.0000 1.1990 -4.4271 178.2968 -0.8276 -20.9382 0.2352 -22.3857 81.9219 -18.9650 0.0000 25.3510 0.0000 -5.2226 -16.2251 179.8550 0.1961 -18.2987 -0.1142 14.9282 67.0039 1.2213 0.0000 25.3508 -0.0001 
27.4174 90.7473 -45.6688 7.4083 -1.1772 -1.4033 1.4335 2.6387 0.4604 1.4345 2.6406 0.4607 1.4378 2.6467 0.4619 39.2106 78.6021 -60.5045 62.1506 49.7743 32.5732 35.5992 1.4668 71.9996 -0.7172 1.0766 0.2701 0.0000 0.0000 0.0001 0.0000 0.0000 0.0000 0.0000 -0.0013 -0.0008 0.0000 -0.0004 0.0001 0.0000 0.0000 0.0000 0.0000 0.0000 0.0000 0.0000 0.0002 0.0000 0.0000 -0.0006 0.0003 0.0000 0.0004 -0.0006 0.0000 0.0000 0.0001 0.0000 0.0000 0.0000 0.0000 -0.0010 -0.0002 0.0000 0.0002 30.0001 -0.0001 0.0005 -29.9998 0.0000 0.0000 0.0000 -0.7788 -2.7456 0.2200 -0.7788 -2.7456 0.2200 -40.7294 81.7623 66.4596 -36.4257 50.6771 -19.0797 -47.1588 11.1862 -75.8973 0.9926 1.3500 0.2202 0.0000 -0.0001 0.0001 0.0000 0.0000 0.0000 0.0000 -0.0006 0.0003 0.0000 -0.0001 0.0001 0.0000 0.0000 0.0000 0.0000 0.0000 0.0000 0.0000 0.0007 0.0001 0.0000 -0.0012 0.0001 0.0000 -0.0008 0.0003 0.0000 0.0001 0.0000 0.0000 0.0000 0.0000 0.0000 -0.0009 0.0000 0.0000 0.0002 -29.9997 -0.0001 -0.0003 29.9996 0.0000 0.0000 0.0000 1.2906 -4.4427 178.4989 -0.8337 -21.0998 0.2375 -25.5427 81.9911 -22.6395 0.0000 25.3511 0.0000 -5.0400 -15.9823 -179.9917 0.1876 -18.1666 -0.1126 14.7953 67.3441 0.6124 0.0000 25.3508 -0.0001 
27.3936 90.7614 -45.5678 7.5902 -1.0796 -1.5145 1.3792 2.5782 0.4950 1.3802 2.5800 0.4954 1.3834 2.5860 0.4966 39.3450 78.6090 -60.2495 62.2164 49.6490 32.6163 35.6755 1.5754 71.8945 -0.7110 1.0706 0.2851 0.0000 0.0000 0.0001 0.0000 0.0000 0.0000 0.0000 -0.0013 -0.0008 0.0000 -0.0004 0.0001 0.0000 0.0000 0.0000 0.0000 0.0000 0.0000 0.0000 0.0002 0.0000 0.0000 -0.0006 0.0003 0.0000 0.0004 -0.0006 0.0000 0.0000 0.0001 0.0000 0.0000 0.0000 0.0000 -0.0010 -0.0002 0.0000 0.0002 30.0001 -0.0001 0.0005 -29.9998 0.0000 0.0000 0.0000 -0.7973 -2.7834 0.2838 -0.7973 -2.7834 0.2838 -40.9128 81.8850 66.4224 -36.1770 50.7999 -18.9425 -47.0298 11.0540 -75.9122 0.9980 1.3540 0.2349 0.0000 -0.0001 0.0001 0.0000 0.0000 0.0000 0.0000 -0.0006 0.0003 0.0000 -0.0001 0.0001 0.0000 0.0000 0.0000 0.0000 0.0000 0.0000 0.0000 0.0007 0.0001 0.0000 -0.0012 0.0001 0.0000 -0.0008 0.0003 0.0000 0.0001 0.0000 0.0000 0.0000 0.0000 0.0000 -0.0009 0.0000 0.0000 0.0002 -29.9997 -0.0001 -0.0003 29.9996 0.0000 0.0000 0.0000 1.4263 -4.5321 178.7125 -0.8385 -21.2392 0.2395 -28.5749 82.0473 -26.2238 0.0000 25.3510 0.0000 -4.8558 -15.7604 -179.8476 0.1823 -17.9689 -0.1114 14.7576 67.6595 0.0932 0.0000 25.3508 -0.0001 
27.3736 90.7723 -45.4863 7.7633 -0.9422 -1.6187 1.3393 2.5207 0.5252 1.3401 2.5224 0.5256 1.3433 2.5283 0.5269 39.4304 78.6006 -60.0276 62.2930 49.5259 32.6611 35.7391 1.6675 71.7813 -0.7055 1.0658 0.3004 0.0000 0.0000 0.0001 0.0000 0.0000 0.0000 0.0000 -0.0013 -0.0008 0.0000 -0.0004 0.0001 0.0000 0.0000 0.0000 0.0000 0.0000 0.0000 0.0000 0.0002 0.0000 0.0000 -0.0006 0.0003 0.0000 0.0004 -0.0006 0.0000 0.0000 0.0001 0.0000 0.0000 0.0000 0.0000 -0.0010 -0.0002 0.0000 0.0002 30.0001 -0.0001 0.0005 -29.9998 0.0000 0.0000 0.0000 -0.8437 -2.8626 0.3607 -0.8437 -2.8626 0.3607 -40.8355 81.9777 66.6475 -35.9636 50.9090 -18.8048 -46.9398 10.9552 -75.9432 1.0020 1.3555 0.2503 0.0000 -0.0001 0.0001 0.0000 0.0000 0.0000 0.0000 -0.0006 0.0003 0.0000 -0.0001 0.0001 0.0000 0.0000 0.0000 0.0000 0.0000 0.0000 0.0000 0.0007 0.0001 0.0000 -0.0012 0.0001 0.0000 -0.0008 0.0003 0.0000 0.0001 0.0000 0.0000 0.0000 0.0000 0.0000 -0.0008 0.0000 0.0000 0.0002 -29.9997 -0.0001 -0.0003 29.9996 0.0000 0.0000 0.0000 1.6249 -4.6767 178.9179 -0.8522 -21.3853 0.2431 -31.4452 82.1074 -29.6948 0.0000 25.3510 0.0000 -4.6977 -15.5704 -179.7049 0.1818 -17.7398 -0.1110 14.7835 67.9356 -0.3059 0.0000 25.3508 -0.0001 
27.3608 90.7786 -45.4025 7.9301 -0.7808 -1.7236 1.3131 2.4716 0.5545 1.3139 2.4731 0.5548 1.3170 2.4790 0.5562 39.4617 78.5766 -59.8474 62.3715 49.4009 32.7001 35.8022 1.7507 71.6650 -0.7005 1.0618 0.3159 0.0000 0.0000 0.0001 0.0000 0.0000 0.0000 0.0000 -0.0013 -0.0008 0.0000 -0.0004 0.0001 0.0000 0.0000 0.0000 0.0000 0.0000 0.0000 0.0000 0.0002 0.0000 0.0000 -0.0006 0.0003 0.0000 0.0004 -0.0006 0.0000 0.0000 0.0001 0.0000 0.0000 0.0000 0.0000 -0.0010 -0.0002 0.0000 0.0002 30.0001 -0.0001 0.0005 -29.9998 0.0000 0.0000 0.0000 -0.9169 -2.9801 0.4421 -0.9169 -2.9801 0.4421 -40.5281 82.0457 67.1022 -35.7789 51.0008 -18.6722 -46.8688 10.8865 -75.9981 1.0061 1.3562 0.2672 0.0000 -0.0001 0.0001 0.0000 0.0000 0.0000 0.0000 -0.0006 0.0003 0.0000 -0.0001 0.0001 0.0000 0.0000 0.0000 0.0000 0.0000 0.0000 0.0000 0.0007 0.0001 0.0000 -0.0012 0.0001 0.0000 -0.0008 0.0003 0.0000 0.0001 0.0000 0.0000 0.0000 0.0000 0.0000 -0.0009 0.0000 0.0000 0.0002 -29.9997 -0.0001 -0.0003 29.9996 0.0000 0.0000 0.0000 1.8741 -4.8618 179.1196 -0.8744 -21.5686 0.2488 -34.1959 82.1916 -33.0852 0.0000 25.3510 0.0000 -4.5716 -15.3974 -179.5761 0.1775 -17.5043 -0.1099 14.9120 68.1762 -0.5378 0.0000 25.3508 -0.0001 
27.3432 90.7657 -45.3086 8.1023 -0.6032 -1.8269 1.3037 2.4407 0.5839 1.3045 2.4423 0.5843 1.3077 2.4481 0.5858 39.4126 78.5321 -59.7265 62.4431 49.2797 32.7211 35.8646 1.8388 71.5564 -0.6964 1.0590 0.3312 0.0000 0.0000 0.0001 0.0000 0.0000 0.0000 0.0000 -0.0013 -0.0008 0.0000 -0.0004 0.0001 0.0000 0.0000 0.0000 0.0000 0.0000 0.0000 0.0000 0.0002 0.0000 0.0000 -0.0006 0.0003 0.0000 0.0004 -0.0006 0.0000 0.0000 0.0001 0.0000 0.0000 0.0000 0.0000 -0.0010 -0.0002 0.0000 0.0003 30.0001 -0.0001 0.0005 -29.9998 0.0000 0.0000 0.0000 -1.0278 -3.1561 0.5240 -1.0278 -3.1561 0.5240 -39.9664 82.0870 67.8051 -35.6442 51.0680 -18.5614 -46.7960 10.8536 -76.1011 1.0114 1.3569 0.2871 0.0000 -0.0001 0.0001 0.0000 0.0000 0.0000 0.0000 -0.0006 0.0003 0.0000 -0.0001 0.0001 0.0000 0.0000 0.0000 0.0000 0.0000 0.0000 0.0000 0.0007 0.0001 0.0000 -0.0012 0.0001 0.0000 -0.0008 0.0003 0.0000 0.0001 0.0000 0.0000 0.0000 0.0000 0.0000 -0.0009 0.0000 0.0000 0.0002 -29.9996 -0.0001 -0.0003 29.9996 0.0000 0.0000 0.0000 2.1506 -5.0896 179.3207 -0.9015 -21.8165 0.2559 -36.8020 82.3202 -36.3473 0.0000 25.3510 0.0000 -4.4858 -15.2456 -179.4856 0.1609 -17.2903 -0.1071 15.2695 68.3649 -0.4513 0.0000 25.3508 -0.0001 
27.3056 90.7473 -45.2120 8.3041 -0.4227 -1.9157 1.2992 2.4235 0.6128 1.3000 2.4250 0.6132 1.3032 2.4308 0.6147 39.3182 78.4809 -59.6303 62.5187 49.1749 32.7323 35.9159 1.9289 71.4559 -0.6928 1.0568 0.3457 0.0000 0.0000 0.0001 0.0000 0.0000 0.0000 0.0000 -0.0013 -0.0008 0.0000 -0.0004 0.0001 0.0000 0.0000 0.0000 0.0000 0.0000 0.0000 0.0000 0.0002 0.0000 0.0000 -0.0006 0.0003 0.0000 0.0004 -0.0006 0.0000 0.0000 0.0001 0.0000 0.0000 0.0000 0.0000 -0.0010 -0.0002 0.0000 0.0002 30.0001 -0.0001 0.0005 -29.9998 0.0000 0.0000 0.0000 -1.1624 -3.3639 0.6013 -1.1624 -3.3639 0.6013 -39.3331 82.1147 68.5798 -35.5548 51.1192 -18.4963 -46.7235 10.8510 -76.2414 1.0175 1.3572 0.3091 0.0000 -0.0001 0.0001 0.0000 0.0000 0.0000 0.0000 -0.0006 0.0003 0.0000 -0.0001 0.0001 0.0000 0.0000 0.0000 0.0000 0.0000 0.0000 0.0000 0.0007 0.0001 0.0000 -0.0012 0.0001 0.0000 -0.0008 0.0003 0.0000 0.0001 0.0000 0.0000 0.0000 0.0000 0.0000 -0.0009 0.0000 0.0000 0.0002 -29.9996 -0.0001 -0.0003 29.9995 0.0000 0.0000 0.0000 2.3904 -5.3484 179.5161 -0.9284 -22.1132 0.2636 -39.4306 82.4571 -39.6192 0.0000 25.3510 0.0000 -4.4185 -15.1368 -179.4047 0.1477 -17.1121 -0.1048 15.7501 68.5065 -0.2069 0.0000 25.3508 -0.0001 
27.2558 90.7226 -45.1118 8.5417 -0.2434 -1.9821 1.2944 2.4149 0.6395 1.2952 2.4164 0.6399 1.2983 2.4222 0.6415 39.2142 78.4336 -59.5273 62.6051 49.0920 32.7390 35.9486 2.0152 71.3648 -0.6889 1.0541 0.3591 0.0000 0.0000 0.0001 0.0000 0.0000 0.0000 0.0000 -0.0013 -0.0008 0.0000 -0.0004 0.0001 0.0000 0.0000 0.0000 0.0000 0.0000 0.0000 0.0000 0.0002 0.0000 0.0000 -0.0006 0.0003 0.0000 0.0004 -0.0006 0.0000 0.0000 0.0001 0.0000 0.0000 0.0000 0.0000 -0.0010 -0.0002 0.0000 0.0002 30.0001 -0.0001 0.0005 -29.9998 0.0000 0.0000 0.0000 -1.3134 -3.5880 0.6710 -1.3134 -3.5880 0.6710 -38.7010 82.1455 69.3566 -35.4660 51.1553 -18.4705 -46.6686 10.8778 -76.4011 1.0245 1.3579 0.3325 0.0000 -0.0001 0.0001 0.0000 0.0000 0.0000 0.0000 -0.0006 0.0003 0.0000 -0.0001 0.0001 0.0000 0.0000 0.0000 0.0000 0.0000 0.0000 0.0000 0.0007 0.0001 0.0000 -0.0012 0.0001 0.0000 -0.0008 0.0003 0.0000 0.0001 0.0000 0.0000 0.0000 0.0000 0.0000 -0.0009 0.0000 0.0000 0.0002 -29.9996 -0.0001 -0.0003 29.9996 0.0000 0.0000 0.0000 2.5824 -5.6134 179.6940 -0.9577 -22.4186 0.2719 -42.0750 82.5878 -42.9000 0.0000 25.3510 0.0000 -4.3594 -15.0786 -179.3210 0.1444 -16.9802 -0.1042 16.2834 68.6245 0.1028 0.0000 25.3508 -0.0001 
27.1930 90.6972 -44.9770 8.8427 -0.0706 -1.9864 1.2784 2.4125 0.6548 1.2792 2.4140 0.6552 1.2823 2.4197 0.6569 39.1476 78.4098 -59.3841 62.7017 49.0408 32.7312 35.9443 2.0799 71.2954 -0.6850 1.0505 0.3713 0.0000 0.0000 0.0001 0.0000 0.0000 0.0000 0.0000 -0.0013 -0.0008 0.0000 -0.0004 0.0001 0.0000 0.0000 0.0000 0.0000 0.0000 0.0000 0.0000 0.0003 0.0000 0.0000 -0.0006 0.0003 0.0000 0.0004 -0.0006 0.0000 0.0000 0.0001 0.0000 0.0000 0.0000 0.0000 -0.0010 -0.0002 0.0000 0.0003 30.0001 -0.0001 0.0005 -29.9998 0.0000 0.0000 0.0000 -1.4745 -3.8135 0.7255 -1.4745 -3.8135 0.7255 -38.1644 82.2015 70.0315 -35.3687 51.1729 -18.5190 -46.6301 10.9216 -76.5625 1.0327 1.3600 0.3565 0.0000 -0.0001 0.0001 0.0000 0.0000 0.0000 0.0000 -0.0006 0.0003 0.0000 -0.0001 0.0001 0.0000 0.0000 0.0000 0.0000 0.0000 0.0000 0.0000 0.0007 0.0001 0.0000 -0.0012 0.0001 0.0000 -0.0008 0.0003 0.0000 0.0001 0.0000 0.0000 0.0000 0.0000 0.0000 -0.0009 0.0000 0.0000 0.0002 -29.9996 -0.0001 -0.0003 29.9996 0.0000 0.0000 0.0000 2.6947 -5.8418 179.8183 -0.9911 -22.7006 0.2811 -44.8346 82.7175 -46.2996 0.0000 25.3510 0.0000 -4.3068 -15.0881 -179.2740 0.1504 -16.9225 -0.1050 16.8492 68.7134 0.4554 0.0000 25.3507 -0.0001 
27.1109 90.6637 -44.7815 9.1936 0.0806 -1.9125 1.2444 2.4153 0.6522 1.2452 2.4167 0.6526 1.2482 2.4225 0.6542 39.1422 78.4181 -59.2085 62.7537 49.0097 32.6820 35.9173 2.1119 71.2397 -0.6815 1.0472 0.3825 0.0000 0.0000 0.0001 0.0000 0.0000 0.0000 0.0000 -0.0013 -0.0008 0.0000 -0.0004 0.0001 0.0000 0.0000 0.0000 0.0000 0.0000 0.0000 0.0000 0.0002 0.0000 0.0000 -0.0006 0.0003 0.0000 0.0004 -0.0006 0.0000 0.0000 0.0001 0.0000 0.0000 0.0000 0.0000 -0.0010 -0.0002 0.0000 0.0002 30.0001 -0.0001 0.0005 -29.9998 0.0000 0.0000 0.0000 -1.6254 -4.0221 0.7674 -1.6254 -4.0221 0.7674 -37.7153 82.2588 70.6020 -35.3271 51.1882 -18.6688 -46.6050 10.9652 -76.7085 1.0402 1.3617 0.3799 0.0000 -0.0001 0.0001 0.0000 0.0000 0.0000 0.0000 -0.0006 0.0003 0.0000 -0.0001 0.0001 0.0000 0.0000 0.0000 0.0000 0.0000 0.0000 0.0000 0.0007 0.0001 0.0000 -0.0012 0.0001 0.0000 -0.0008 0.0003 0.0000 0.0001 0.0000 0.0000 0.0000 0.0000 0.0000 -0.0009 0.0000 0.0000 0.0002 -29.9997 -0.0001 -0.0003 29.9996 0.0000 0.0000 0.0000 2.7486 -5.9792 179.8844 -1.0199 -22.9240 0.2889 -48.0315 82.8166 -50.1444 0.0000 25.3510 0.0000 -4.2447 -15.1553 -179.3240 0.1518 -16.9986 -0.1053 17.5302 68.7776 0.9398 0.0000 25.3508 -0.0001 
27.0131 90.6250 -44.5375 9.5913 0.2026 -1.7594 1.1907 2.4218 0.6320 1.1914 2.4233 0.6324 1.1943 2.4291 0.6340 39.2062 78.4546 -59.0030 62.7358 48.9898 32.5796 35.8825 2.1057 71.1931 -0.6793 1.0453 0.3935 0.0000 0.0000 0.0001 0.0000 0.0000 0.0000 0.0000 -0.0013 -0.0008 0.0000 -0.0004 0.0001 0.0000 0.0000 0.0000 0.0000 0.0000 0.0000 0.0000 0.0002 0.0000 0.0000 -0.0006 0.0003 0.0000 0.0004 -0.0006 0.0000 0.0000 0.0001 0.0000 0.0000 0.0000 0.0000 -0.0010 -0.0002 0.0000 0.0003 30.0001 -0.0001 0.0005 -29.9998 0.0000 0.0000 0.0000 -1.7592 -4.2052 0.7990 -1.7592 -4.2052 0.7990 -37.4260 82.3054 70.9882 -35.3348 51.2135 -18.8985 -46.5895 11.0178 -76.8253 1.0471 1.3634 0.4019 0.0000 -0.0001 0.0001 0.0000 0.0000 0.0000 0.0000 -0.0006 0.0003 0.0000 -0.0001 0.0001 0.0000 0.0000 0.0000 0.0000 0.0000 0.0000 0.0000 0.0007 0.0001 0.0000 -0.0012 0.0001 0.0000 -0.0008 0.0003 0.0000 0.0001 0.0000 0.0000 0.0000 0.0000 0.0000 -0.0008 0.0000 0.0000 0.0002 -29.9996 -0.0001 -0.0003 29.9996 0.0000 0.0000 0.0000 2.7698 -6.0288 179.8932 -1.0434 -23.0974 0.2953 -51.8961 82.8413 -54.6852 0.0000 25.3510 0.0000 -4.1742 -15.2783 -179.4730 0.1531 -17.2595 -0.1059 18.3879 68.8719 1.6057 0.0000 25.3508 -0.0001 
26.9377 90.5687 -44.2417 10.0780 0.2700 -1.4806 1.1070 2.4335 0.5887 1.1077 2.4349 0.5891 1.1104 2.4408 0.5906 39.3272 78.5275 -58.8048 62.6202 48.9604 32.4070 35.8522 2.0327 71.1594 -0.6789 1.0453 0.4051 0.0000 0.0000 0.0001 0.0000 0.0000 0.0000 0.0000 -0.0013 -0.0008 0.0000 -0.0004 0.0001 0.0000 0.0000 0.0000 0.0000 0.0000 0.0000 0.0000 0.0002 0.0000 0.0000 -0.0006 0.0003 0.0000 0.0004 -0.0006 0.0000 0.0000 0.0001 0.0000 0.0000 0.0000 0.0000 -0.0010 -0.0002 0.0000 0.0003 30.0001 -0.0001 0.0005 -29.9998 0.0000 0.0000 0.0000 -1.8701 -4.3428 0.8133 -1.8701 -4.3428 0.8133 -37.3494 82.3152 71.1288 -35.3824 51.2627 -19.1796 -46.5725 11.0841 -76.8812 1.0539 1.3668 0.4214 0.0000 -0.0001 0.0001 0.0000 0.0000 0.0000 0.0000 -0.0006 0.0003 0.0000 -0.0001 0.0001 0.0000 0.0000 0.0000 0.0000 0.0000 0.0000 0.0000 0.0007 0.0001 0.0000 -0.0011 0.0001 0.0000 -0.0008 0.0003 0.0000 0.0001 0.0000 0.0000 0.0000 0.0000 0.0000 -0.0009 0.0000 0.0000 0.0002 -29.9997 -0.0001 -0.0003 29.9996 0.0000 0.0000 0.0000 2.7485 -5.9229 179.7917 -1.0675 -23.1562 0.3008 -56.8545 82.6866 -60.3856 0.0000 25.3510 0.0000 -4.1424 -15.4755 -179.7809 0.1540 -17.8462 -0.1068 19.5323 69.0810 2.5826 0.0000 25.3508 -0.0001 
26.9036 90.5251 -43.9211 10.6651 0.2860 -1.0999 1.0041 2.4524 0.5281 1.0047 2.4538 0.5284 1.0072 2.4598 0.5297 39.4285 78.6162 -58.6701 62.4395 48.8766 32.2046 35.8413 1.9083 71.1251 -0.6797 1.0469 0.4186 0.0000 0.0000 0.0001 0.0000 0.0000 0.0000 0.0000 -0.0013 -0.0008 0.0000 -0.0004 0.0001 0.0000 0.0000 0.0000 0.0000 0.0000 0.0000 0.0000 0.0002 0.0000 0.0000 -0.0006 0.0003 0.0000 0.0004 -0.0006 0.0000 0.0000 0.0001 0.0000 0.0000 0.0000 0.0000 -0.0010 -0.0002 0.0000 0.0002 30.0001 -0.0001 0.0005 -29.9998 0.0000 0.0000 0.0000 -1.9787 -4.4432 0.8122 -1.9787 -4.4432 0.8122 -37.4775 82.2766 71.0532 -35.4242 51.3683 -19.4427 -46.5680 11.1654 -76.9142 1.0614 1.3714 0.4418 0.0000 -0.0001 0.0001 0.0000 0.0000 0.0000 0.0000 -0.0006 0.0003 0.0000 -0.0001 0.0001 0.0000 0.0000 0.0000 0.0000 0.0000 0.0000 0.0000 0.0007 0.0001 0.0000 -0.0012 0.0001 0.0000 -0.0008 0.0003 0.0000 0.0001 0.0000 0.0000 0.0000 0.0000 0.0000 -0.0009 0.0000 0.0000 0.0002 -29.9996 -0.0001 -0.0002 29.9996 0.0000 0.0000 0.0000 2.7628 -5.6882 179.6157 -1.0937 -23.1069 0.3056 -62.4052 82.2909 -66.8219 0.0000 25.3510 0.0000 -4.2061 -15.6819 179.7947 0.1541 -18.6428 -0.1079 20.7076 69.3968 3.6671 0.0000 25.3508 -0.0001 
26.9136 90.4889 -43.5938 11.3093 0.2621 -0.6723 0.9038 2.4767 0.4669 0.9043 2.4782 0.4672 0.9065 2.4842 0.4684 39.4471 78.7108 -58.6448 62.1992 48.7287 31.9839 35.8678 1.7435 71.0831 -0.6820 1.0506 0.4344 0.0000 0.0000 0.0001 0.0000 0.0000 0.0000 0.0000 -0.0013 -0.0008 0.0000 -0.0004 0.0001 0.0000 0.0000 0.0000 0.0000 0.0000 0.0000 0.0000 0.0003 0.0000 0.0000 -0.0006 0.0003 0.0000 0.0004 -0.0006 0.0000 0.0000 0.0001 0.0000 0.0000 0.0000 0.0000 -0.0010 -0.0002 0.0000 0.0002 30.0001 -0.0001 0.0005 -29.9998 0.0000 0.0000 0.0000 -2.0959 -4.5145 0.7917 -2.0959 -4.5145 0.7917 -37.8370 82.1670 70.7426 -35.4938 51.5503 -19.6934 -46.5775 11.2679 -76.9346 1.0694 1.3765 0.4641 0.0000 -0.0001 0.0001 0.0000 0.0000 0.0000 0.0000 -0.0006 0.0003 0.0000 -0.0001 0.0001 0.0000 0.0000 0.0000 0.0000 0.0000 0.0000 0.0000 0.0007 0.0001 0.0000 -0.0012 0.0001 0.0000 -0.0008 0.0003 0.0000 0.0001 0.0000 0.0000 0.0000 0.0000 0.0000 -0.0009 0.0000 0.0000 0.0002 -29.9996 -0.0001 -0.0003 29.9996 0.0000 0.0000 0.0000 3.9394 -5.3457 179.5356 -1.1018 -22.9701 0.3059 -66.5257 81.7819 -73.0123 0.0000 25.3510 0.0000 -4.3177 -15.8927 179.3021 0.1494 -19.5650 -0.1084 21.8960 69.7716 4.8151 0.0000 25.3508 -0.0001 
26.9740 90.4563 -43.3068 12.0473 0.1772 -0.2565 0.8325 2.5093 0.4401 0.8330 2.5107 0.4403 0.8351 2.5168 0.4414 39.1654 78.8205 -58.8796 61.8676 48.4915 31.7174 35.9928 1.5340 71.0517 -0.6846 1.0543 0.4534 0.0000 0.0000 0.0001 0.0000 0.0000 0.0000 0.0000 -0.0013 -0.0008 0.0000 -0.0004 0.0001 0.0000 0.0000 0.0000 0.0000 0.0000 0.0000 0.0000 0.0002 0.0000 0.0000 -0.0006 0.0003 0.0000 0.0004 -0.0006 0.0000 0.0000 0.0001 0.0000 0.0000 0.0000 0.0000 -0.0010 -0.0002 0.0000 0.0002 30.0001 -0.0001 0.0005 -29.9998 0.0000 0.0000 0.0000 -2.2688 -4.5502 0.7175 -2.2688 -4.5502 0.7175 -38.4004 81.9598 70.2439 -35.6015 51.8140 -19.8638 -46.5601 11.3974 -76.9428 1.0779 1.3818 0.4879 0.0000 -0.0001 0.0001 0.0000 0.0000 0.0000 0.0000 -0.0006 0.0003 0.0000 -0.0001 0.0001 0.0000 0.0000 0.0000 0.0000 0.0000 0.0000 0.0000 0.0007 0.0001 0.0000 -0.0012 0.0001 0.0000 -0.0008 0.0003 0.0000 0.0001 0.0000 0.0000 0.0000 0.0000 0.0000 -0.0008 0.0000 0.0000 0.0002 -29.9996 -0.0001 -0.0003 29.9996 0.0000 0.0000 0.0000 5.8106 -5.1969 179.6010 -1.1211 -23.3304 0.3135 -71.4467 80.7766 -80.7783 0.0000 25.3510 0.0000 -4.4695 -16.1112 178.7915 0.1391 -20.6079 -0.1079 23.1735 70.2118 6.0377 0.0000 25.3508 -0.0001 
27.0468 90.3865 -43.0845 12.8782 0.0291 0.1114 0.7859 2.5466 0.4553 0.7864 2.5481 0.4556 0.7883 2.5543 0.4567 38.6690 78.9207 -59.2639 61.5804 48.2226 31.4350 36.2039 1.3106 71.0782 -0.6845 1.0527 0.4748 0.0000 0.0000 0.0001 0.0000 0.0000 0.0000 0.0000 -0.0013 -0.0008 0.0000 -0.0004 0.0001 0.0000 0.0000 0.0000 0.0000 0.0000 0.0000 0.0000 0.0002 0.0000 0.0000 -0.0006 0.0003 0.0000 0.0004 -0.0006 0.0000 0.0000 0.0001 0.0000 0.0000 0.0000 0.0000 -0.0010 -0.0002 0.0000 0.0002 30.0001 -0.0001 0.0005 -29.9998 0.0000 0.0000 0.0000 -2.5013 -4.5446 0.5923 -2.5013 -4.5446 0.5923 -39.1131 81.7072 69.5996 -35.7579 52.0883 -19.9741 -46.5427 11.5427 -77.0040 1.0862 1.3860 0.5100 0.0000 -0.0001 0.0001 0.0000 0.0000 0.0000 0.0000 -0.0006 0.0003 0.0000 -0.0001 0.0001 0.0000 0.0000 0.0000 0.0000 0.0000 0.0000 0.0000 0.0007 0.0001 0.0000 -0.0012 0.0001 0.0000 -0.0008 0.0003 0.0000 0.0001 0.0000 0.0000 0.0000 0.0000 0.0000 -0.0009 0.0000 0.0000 0.0002 -29.9997 -0.0001 -0.0003 29.9996 0.0000 0.0000 0.0000 8.3164 -5.6112 179.8269 -1.1778 -24.8850 0.3418 -76.1059 79.2857 -89.0451 0.0000 25.3511 0.0000 -4.6627 -16.3020 178.3160 0.1422 -21.6598 -0.1098 24.4255 70.7071 7.1725 0.0000 25.3508 -0.0001 
27.1425 90.2939 -42.9341 13.7893 -0.1782 0.4399 0.7557 2.5939 0.4967 0.7561 2.5954 0.4970 0.7580 2.6017 0.4982 38.0447 78.9932 -59.7351 61.3301 47.9371 31.1562 36.4919 1.1224 71.1483 -0.6826 1.0476 0.4970 0.0000 0.0000 0.0001 0.0000 0.0000 0.0000 0.0000 -0.0013 -0.0008 0.0000 -0.0004 0.0001 0.0000 0.0000 0.0000 0.0000 0.0000 0.0000 0.0000 0.0002 0.0000 0.0000 -0.0006 0.0003 0.0000 0.0004 -0.0006 0.0000 0.0000 0.0001 0.0000 0.0000 0.0000 0.0000 -0.0010 -0.0002 0.0000 0.0002 30.0001 -0.0001 0.0005 -29.9998 0.0000 0.0000 0.0000 -2.7854 -4.5015 0.4393 -2.7854 -4.5015 0.4393 -39.7525 81.4298 69.0342 -35.9599 52.3254 -20.0714 -46.5353 11.7252 -77.1166 1.0948 1.3892 0.5311 0.0000 -0.0001 0.0001 0.0000 0.0000 0.0000 0.0000 -0.0006 0.0003 0.0000 -0.0001 0.0001 0.0000 0.0000 0.0000 0.0000 0.0000 0.0000 0.0000 0.0007 0.0001 0.0000 -0.0011 0.0001 0.0000 -0.0008 0.0003 0.0000 0.0001 0.0000 0.0000 0.0000 0.0000 0.0000 -0.0008 0.0000 0.0000 0.0002 -29.9997 -0.0001 -0.0003 29.9996 0.0000 0.0000 0.0000 11.4748 -6.7105 -179.7718 -1.2293 -27.7597 0.3856 -79.2245 77.8138 -96.4235 0.0000 25.3510 0.0000 -4.8844 -16.4263 177.8522 0.1528 -22.6331 -0.1132 25.6567 71.1795 8.2271 0.0000 25.3508 -0.0001 
27.2811 90.2178 -42.8329 14.7827 -0.4683 0.7351 0.7342 2.6608 0.5565 0.7346 2.6625 0.5568 0.7364 2.6688 0.5582 37.4600 78.9786 -60.1899 61.2128 47.6787 30.9764 36.8445 1.0146 71.2689 -0.6789 1.0396 0.5157 0.0000 0.0000 0.0001 0.0000 0.0000 0.0000 0.0000 -0.0013 -0.0008 0.0000 -0.0004 0.0001 0.0000 0.0000 0.0000 0.0000 0.0000 0.0000 0.0000 0.0002 0.0000 0.0000 -0.0006 0.0003 0.0000 0.0004 -0.0006 0.0000 0.0000 0.0001 0.0000 0.0000 0.0000 0.0000 -0.0010 -0.0002 0.0000 0.0002 30.0001 -0.0001 0.0005 -29.9998 0.0000 0.0000 0.0000 -3.1184 -4.4034 0.2741 -3.1184 -4.4034 0.2741 -40.1704 81.1541 68.6792 -36.1823 52.4596 -20.1767 -46.4956 11.9556 -77.2362 1.1051 1.3948 0.5494 0.0000 -0.0001 0.0001 0.0000 0.0000 0.0000 0.0000 -0.0006 0.0003 0.0000 -0.0001 0.0001 0.0000 0.0000 0.0000 0.0000 0.0000 0.0000 0.0000 0.0007 0.0001 0.0000 -0.0012 0.0001 0.0000 -0.0008 0.0003 0.0000 0.0001 0.0000 0.0000 0.0000 0.0000 0.0000 -0.0009 0.0000 0.0000 0.0002 -29.9996 -0.0001 -0.0003 29.9996 0.0000 0.0000 0.0000 14.0042 -8.5568 -179.2832 -1.3306 -31.8832 0.4617 -82.6622 76.7956 -103.0355 0.0000 25.3510 0.0000 -5.1189 -16.3397 177.3726 0.1540 -23.3361 -0.1144 27.0397 71.5152 9.3205 0.0000 25.3508 -0.0001 
27.4057 90.2062 -42.6867 15.8439 -0.8279 1.0543 0.6876 2.7404 0.6002 0.6880 2.7422 0.6006 0.6897 2.7487 0.6021 36.9321 78.9032 -60.6636 61.2008 47.4723 30.8565 37.1851 1.0268 71.3983 -0.6737 1.0299 0.5284 0.0000 0.0000 0.0001 0.0000 0.0000 0.0000 0.0000 -0.0013 -0.0008 0.0000 -0.0004 0.0001 0.0000 0.0000 0.0000 0.0000 0.0000 0.0000 0.0000 0.0002 -0.0001 0.0000 -0.0006 0.0003 0.0000 0.0004 -0.0006 0.0000 0.0000 0.0001 0.0000 0.0000 0.0000 0.0000 -0.0010 -0.0002 0.0000 0.0002 30.0001 -0.0001 0.0005 -29.9998 0.0000 0.0000 0.0000 -3.4594 -4.2649 0.1287 -3.4594 -4.2649 0.1287 -40.2654 80.9303 68.6245 -36.4488 52.4231 -20.4488 -46.3895 12.1760 -77.2633 1.1172 1.4066 0.5614 0.0000 -0.0001 0.0001 0.0000 0.0000 0.0000 0.0000 -0.0006 0.0003 0.0000 -0.0001 0.0001 0.0000 0.0000 0.0000 0.0000 0.0000 0.0000 0.0000 0.0007 0.0001 0.0000 -0.0012 0.0001 0.0000 -0.0008 0.0003 0.0000 0.0001 0.0000 0.0000 0.0000 0.0000 0.0000 -0.0009 0.0000 0.0000 0.0002 -29.9996 -0.0001 -0.0003 29.9996 0.0000 0.0000 0.0000 14.6020 -10.4848 -178.8800 -1.5325 -35.8256 0.5768 -86.1596 75.8144 -107.0675 0.0000 25.3510 0.0000 -5.4292 -15.9782 176.8706 0.1377 -23.7058 -0.1115 28.6263 71.6729 10.5523 0.0000 25.3508 -0.0001 
27.4484 90.2710 -42.4420 16.9579 -1.2323 1.4267 0.6072 2.8225 0.6092 0.6076 2.8245 0.6096 0.6091 2.8311 0.6110 36.4793 78.7897 -61.1366 61.2200 47.3710 30.7132 37.5202 1.1164 71.5161 -0.6671 1.0190 0.5358 0.0000 0.0000 0.0001 0.0000 0.0000 0.0000 0.0000 -0.0013 -0.0008 0.0000 -0.0004 0.0001 0.0000 0.0000 0.0000 0.0000 0.0000 0.0000 0.0000 0.0002 0.0000 0.0000 -0.0006 0.0003 0.0000 0.0004 -0.0006 0.0000 0.0000 0.0001 0.0000 0.0000 0.0000 0.0000 -0.0010 -0.0002 0.0000 0.0002 30.0001 -0.0001 0.0005 -29.9998 0.0000 0.0000 0.0000 -3.7943 -4.0925 0.0197 -3.7943 -4.0926 0.0197 -40.1895 80.7613 68.7128 -36.6818 52.2883 -20.7962 -46.2868 12.3305 -77.1795 1.1281 1.4220 0.5650 0.0000 -0.0001 0.0001 0.0000 0.0000 0.0000 0.0000 -0.0006 0.0003 0.0000 -0.0001 0.0001 0.0000 0.0000 0.0000 0.0000 0.0000 0.0000 0.0000 0.0007 0.0001 0.0000 -0.0012 0.0001 0.0000 -0.0008 0.0003 0.0000 0.0001 0.0000 0.0000 0.0000 0.0000 0.0000 -0.0008 0.0000 0.0000 0.0002 -29.9996 -0.0001 -0.0003 29.9996 0.0000 0.0000 0.0000 15.1034 -12.2463 -178.4012 -1.6569 -39.0160 0.6683 -87.9404 75.4755 -108.3200 0.0000 25.3510 0.0000 -5.8614 -15.3623 176.3696 0.1186 -23.7615 -0.1076 30.1639 71.7242 11.7278 0.0000 25.3508 -0.0001 
27.2434 90.4414 -41.9822 18.0776 -1.6246 1.8915 0.4964 2.8864 0.5524 0.4967 2.8885 0.5528 0.4979 2.8952 0.5541 36.2842 78.6686 -61.4519 61.2687 47.4338 30.6016 37.7832 1.2532 71.5856 -0.6600 1.0084 0.5338 0.0000 0.0000 0.0001 0.0000 0.0000 0.0000 0.0000 -0.0013 -0.0008 0.0000 -0.0004 0.0001 0.0000 0.0000 0.0000 0.0000 0.0000 0.0000 0.0000 0.0002 -0.0001 0.0000 -0.0006 0.0003 0.0000 0.0004 -0.0006 0.0000 0.0000 0.0001 0.0000 0.0000 0.0000 0.0000 -0.0010 -0.0002 0.0000 0.0002 30.0001 -0.0001 0.0005 -29.9998 0.0000 0.0000 0.0000 -4.1048 -3.8695 -0.0005 -4.1048 -3.8695 -0.0005 -39.9788 80.6672 68.8911 -36.7949 52.1048 -21.1751 -46.1992 12.3824 -76.9200 1.1366 1.4413 0.5594 0.0000 -0.0001 0.0001 0.0000 0.0000 0.0000 0.0000 -0.0006 0.0003 0.0000 -0.0001 0.0001 0.0000 0.0000 0.0000 0.0000 0.0000 0.0000 0.0000 0.0007 0.0001 0.0000 -0.0012 0.0001 0.0000 -0.0008 0.0003 0.0000 0.0001 0.0000 0.0000 0.0000 0.0000 0.0000 -0.0009 0.0000 0.0000 0.0002 -29.9996 -0.0001 -0.0003 29.9996 0.0000 0.0000 0.0000 15.6325 -13.6511 -177.9256 -1.7037 -40.6722 0.7127 -87.9863 76.4637 -106.3736 0.0000 25.3510 0.0000 -6.4471 -14.4710 175.9604 0.1334 -23.4217 -0.1103 31.2305 71.7550 12.4629 0.0000 25.3508 -0.0001 
26.8854 90.6452 -41.4496 19.1774 -1.9577 2.3843 0.3862 2.9176 0.4624 0.3864 2.9197 0.4627 0.3873 2.9264 0.4638 36.2566 78.6158 -61.6259 61.3245 47.5767 30.5476 37.9093 1.3402 71.5975 -0.6540 0.9997 0.5261 0.0000 0.0000 0.0001 0.0000 0.0000 0.0000 0.0000 -0.0013 -0.0008 0.0000 -0.0004 0.0001 0.0000 0.0000 0.0000 0.0000 0.0000 0.0000 0.0000 0.0002 0.0000 0.0000 -0.0006 0.0003 0.0000 0.0004 -0.0006 0.0000 0.0000 0.0001 0.0000 0.0000 0.0000 0.0000 -0.0010 -0.0002 0.0000 0.0002 30.0001 -0.0001 0.0005 -29.9998 0.0000 0.0000 0.0000 -4.4148 -3.6222 0.0411 -4.4148 -3.6222 0.0411 -39.9370 80.6257 68.8904 -36.8012 51.9691 -21.4846 -46.1063 12.3343 -76.5837 1.1431 1.4616 0.5499 0.0000 -0.0001 0.0001 0.0000 0.0000 0.0000 0.0000 -0.0006 0.0003 0.0000 -0.0001 0.0001 0.0000 0.0000 0.0000 0.0000 0.0000 0.0000 0.0000 0.0007 0.0001 0.0000 -0.0011 0.0001 0.0000 -0.0008 0.0003 0.0000 0.0001 0.0000 0.0000 0.0000 0.0000 0.0000 -0.0009 0.0000 0.0000 0.0002 -29.9996 -0.0001 -0.0003 29.9996 0.0000 0.0000 0.0000 16.0681 -14.9151 -177.4777 -1.7188 -41.1506 0.7265 -86.9418 78.4436 -102.3056 0.0000 25.3510 0.0000 -7.1401 -13.5586 175.6491 0.1593 -22.9317 -0.1149 31.7877 71.8217 12.7218 0.0000 25.3508 -0.0001 
26.4761 90.8352 -41.0024 20.2390 -2.2309 2.8724 0.2975 2.9172 0.3569 0.2978 2.9192 0.3572 0.2985 2.9260 0.3580 36.3049 78.6491 -61.7025 61.3541 47.7430 30.5015 37.9294 1.3854 71.5716 -0.6481 0.9913 0.5169 0.0000 0.0000 0.0001 0.0000 0.0000 0.0000 0.0000 -0.0013 -0.0008 0.0000 -0.0004 0.0001 0.0000 0.0000 0.0000 0.0000 0.0000 0.0000 0.0000 0.0002 0.0000 0.0000 -0.0006 0.0003 0.0000 0.0004 -0.0006 0.0000 0.0000 0.0001 0.0000 0.0000 0.0000 0.0000 -0.0010 -0.0002 0.0000 0.0002 30.0001 -0.0001 0.0005 -29.9998 0.0000 0.0000 0.0000 -4.7412 -3.3725 0.1157 -4.7412 -3.3725 0.1157 -40.1953 80.6084 68.5993 -36.7919 51.8907 -21.7868 -46.0331 12.2397 -76.2516 1.1475 1.4796 0.5392 0.0000 -0.0001 0.0001 0.0000 0.0000 0.0000 0.0000 -0.0006 0.0003 0.0000 -0.0001 0.0001 0.0000 0.0000 0.0000 0.0000 0.0000 0.0000 0.0000 0.0007 0.0001 0.0000 -0.0011 0.0001 0.0000 -0.0008 0.0003 0.0000 0.0001 0.0000 0.0000 0.0000 0.0000 0.0000 -0.0009 0.0000 0.0000 0.0002 -29.9997 -0.0001 -0.0003 29.9996 0.0000 0.0000 0.0000 16.3184 -16.2142 -177.0107 -1.7048 -40.8223 0.7156 -82.8941 80.7303 -94.7258 0.0000 25.3510 0.0000 -7.8516 -12.7712 175.3894 0.1765 -22.4048 -0.1176 31.9610 71.8707 12.5812 0.0000 25.3508 -0.0001 
26.0598 90.9764 -40.8511 21.2230 -2.4416 3.3165 0.2701 2.8889 0.2545 0.2703 2.8908 0.2546 0.2709 2.8976 0.2553 36.2826 78.8104 -61.7568 61.2169 47.9106 30.3513 37.9201 1.3502 71.5519 -0.6431 0.9834 0.5093 0.0000 0.0000 0.0001 0.0000 0.0000 0.0000 0.0000 -0.0013 -0.0008 0.0000 -0.0004 0.0001 0.0000 0.0000 0.0000 0.0000 0.0000 0.0000 0.0000 0.0002 0.0000 0.0000 -0.0006 0.0003 0.0000 0.0004 -0.0006 0.0000 0.0000 0.0001 0.0000 0.0000 0.0000 0.0000 -0.0010 -0.0002 0.0000 0.0002 30.0001 -0.0001 0.0005 -29.9998 0.0000 0.0000 0.0000 -5.1062 -3.1347 0.2220 -5.1062 -3.1347 0.2220 -40.9869 80.5735 67.8019 -36.7173 51.9477 -21.9071 -46.1129 12.0905 -76.0336 1.1482 1.4902 0.5258 0.0000 -0.0001 0.0001 0.0000 0.0000 0.0000 0.0000 -0.0006 0.0003 0.0000 -0.0001 0.0001 0.0000 0.0000 0.0000 0.0000 0.0000 0.0000 0.0000 0.0007 0.0001 0.0000 -0.0011 0.0001 0.0000 -0.0008 0.0003 0.0000 0.0001 0.0000 0.0000 0.0000 0.0000 0.0000 -0.0009 0.0000 0.0000 0.0002 -29.9996 -0.0001 -0.0003 29.9996 0.0000 0.0000 0.0000 15.9505 -17.7637 -176.3506 -1.5996 -39.7765 0.6600 -71.6962 82.8012 -79.5899 0.0000 25.3510 0.0000 -8.4703 -12.2990 175.1726 0.1920 -21.9626 -0.1198 31.6225 71.8569 11.8529 0.0000 25.3508 -0.0001 
25.7259 91.0719 -40.9259 22.1352 -2.6678 3.6990 0.2970 2.8829 0.1781 0.2972 2.8848 0.1783 0.2980 2.8916 0.1787 36.1993 78.9923 -61.8338 61.0396 48.0020 30.2308 37.9096 1.2742 71.5856 -0.6410 0.9786 0.5024 0.0000 0.0000 0.0001 0.0000 0.0000 0.0000 0.0000 -0.0013 -0.0008 0.0000 -0.0004 0.0001 0.0000 0.0000 0.0000 0.0000 0.0000 0.0000 0.0000 0.0003 -0.0001 0.0000 -0.0006 0.0003 0.0000 0.0004 -0.0006 0.0000 0.0000 0.0001 0.0000 0.0000 0.0000 0.0000 -0.0010 -0.0002 0.0000 0.0003 30.0001 -0.0001 0.0005 -29.9998 0.0000 0.0000 0.0000 -5.4955 -2.9470 0.3275 -5.4955 -2.9470 0.3275 -41.8892 80.4677 66.8912 -36.6354 52.0769 -21.8593 -46.2426 11.9809 -75.9314 1.1487 1.4970 0.5146 0.0000 -0.0001 0.0001 0.0000 0.0000 0.0000 0.0000 -0.0006 0.0003 0.0000 -0.0001 0.0001 0.0000 0.0000 0.0000 0.0000 0.0000 0.0000 0.0000 0.0007 0.0001 0.0000 -0.0011 0.0001 0.0000 -0.0008 0.0003 0.0000 0.0001 0.0000 0.0000 0.0000 0.0000 0.0000 -0.0009 0.0000 0.0000 0.0002 -29.9996 -0.0001 -0.0003 29.9996 0.0000 0.0000 0.0000 14.8886 -19.5520 -175.4225 -1.4674 -38.5011 0.5939 -51.1374 83.9077 -55.1750 0.0000 25.3510 0.0000 -8.9956 -12.0312 174.9360 0.2024 -21.6671 -0.1213 31.0713 71.8118 10.8623 0.0000 25.3508 -0.0001 
25.4557 91.1430 -41.0430 22.9862 -2.9446 4.0504 0.3562 2.9228 0.1219 0.3565 2.9248 0.1220 0.3573 2.9316 0.1223 35.9230 79.1325 -62.1197 60.8586 48.0081 30.1397 37.9008 1.1895 71.6763 -0.6427 0.9785 0.4945 0.0000 0.0000 0.0001 0.0000 0.0000 0.0000 0.0000 -0.0013 -0.0008 0.0000 -0.0004 0.0001 0.0000 0.0000 0.0000 0.0000 0.0000 0.0000 0.0000 0.0002 0.0000 0.0000 -0.0006 0.0003 0.0000 0.0004 -0.0006 0.0000 0.0000 0.0001 0.0000 0.0000 0.0000 0.0000 -0.0010 -0.0002 0.0000 0.0002 30.0001 -0.0001 0.0005 -29.9998 0.0000 0.0000 0.0000 -5.8848 -2.8308 0.4198 -5.8848 -2.8308 0.4198 -42.6191 80.2902 66.1258 -36.6111 52.1884 -21.7471 -46.3962 11.9210 -75.9328 1.1510 1.5029 0.5045 0.0000 -0.0001 0.0001 0.0000 0.0000 0.0000 0.0000 -0.0006 0.0003 0.0000 -0.0001 0.0001 0.0000 0.0000 0.0000 0.0000 0.0000 0.0000 0.0000 0.0007 0.0001 0.0000 -0.0012 0.0001 0.0000 -0.0008 0.0003 0.0000 0.0001 0.0000 0.0000 0.0000 0.0000 0.0000 -0.0009 0.0000 0.0000 0.0002 -29.9996 -0.0001 -0.0003 29.9996 0.0000 0.0000 0.0000 13.2722 -21.4574 -174.2454 -1.3586 -37.1475 0.5381 -26.6755 83.6138 -27.0150 0.0000 25.3510 0.0000 -9.4697 -11.8085 174.6705 0.2149 -21.5046 -0.1234 30.4794 71.8130 9.8139 0.0000 25.3508 -0.0001 
25.3259 91.1901 -41.0402 23.7301 -3.3408 4.4333 0.4498 3.0571 0.0771 0.4502 3.0594 0.0772 0.4512 3.0663 0.0774 35.1156 79.1298 -62.9988 60.7172 47.9419 30.0820 37.9095 1.1067 71.8351 -0.6504 0.9861 0.4804 0.0000 0.0000 0.0001 0.0000 0.0000 0.0000 0.0000 -0.0013 -0.0008 0.0000 -0.0004 0.0001 0.0000 0.0000 0.0000 0.0000 0.0000 0.0000 0.0000 0.0002 0.0000 0.0000 -0.0006 0.0003 0.0000 0.0004 -0.0006 0.0000 0.0000 0.0001 0.0000 0.0000 0.0000 0.0000 -0.0010 -0.0002 0.0000 0.0002 30.0001 -0.0001 0.0005 -29.9998 0.0000 0.0000 0.0000 -6.2574 -2.8448 0.4596 -6.2574 -2.8448 0.4596 -42.8107 80.0094 65.8557 -36.7371 52.1702 -21.7089 -46.5218 11.9779 -75.9594 1.1565 1.5122 0.4939 0.0000 -0.0001 0.0001 0.0000 0.0000 0.0000 0.0000 -0.0006 0.0003 0.0000 -0.0001 0.0001 0.0000 0.0000 0.0000 0.0000 0.0000 0.0000 0.0000 0.0007 0.0001 0.0000 -0.0012 0.0001 0.0000 -0.0008 0.0003 0.0000 0.0001 0.0000 0.0000 0.0000 0.0000 0.0000 -0.0009 0.0000 0.0000 0.0002 -29.9997 -0.0001 -0.0003 29.9996 0.0000 0.0000 0.0000 11.1533 -23.3135 -172.7551 -1.2264 -35.7552 0.4773 -10.0562 82.1398 -6.8245 0.0000 25.3510 0.0000 -9.9477 -11.4693 174.2745 0.2012 -21.4940 -0.1208 30.1226 71.9239 9.0776 0.0000 25.3508 -0.0001 
25.2219 91.2580 -40.8395 24.3451 -3.8335 4.8943 0.5497 3.2664 0.0298 0.5501 3.2691 0.0299 0.5513 3.2762 0.0300 33.9022 78.9810 -64.4055 60.6698 47.9105 30.0702 37.9405 1.0020 72.0471 -0.6616 0.9972 0.4555 0.0000 0.0000 0.0001 0.0000 0.0000 0.0000 0.0000 -0.0013 -0.0008 0.0000 -0.0004 0.0001 0.0000 0.0000 0.0000 0.0000 0.0000 0.0000 0.0000 0.0002 0.0000 0.0000 -0.0006 0.0003 0.0000 0.0004 -0.0006 0.0000 0.0000 0.0001 0.0000 0.0000 0.0000 0.0000 -0.0010 -0.0002 0.0000 0.0003 30.0001 -0.0001 0.0005 -29.9998 0.0000 0.0000 0.0000 -6.5651 -2.9387 0.4509 -6.5651 -2.9387 0.4509 -42.5321 79.6751 65.9715 -36.9958 52.0128 -21.7849 -46.6108 12.0501 -75.9207 1.1626 1.5260 0.4762 0.0000 -0.0001 0.0001 0.0000 0.0000 0.0000 0.0000 -0.0006 0.0003 0.0000 -0.0001 0.0001 0.0000 0.0000 0.0000 0.0000 0.0000 0.0000 0.0000 0.0007 0.0001 0.0000 -0.0011 0.0001 0.0000 -0.0008 0.0003 0.0000 0.0001 0.0000 0.0000 0.0000 0.0000 0.0000 -0.0009 0.0000 0.0000 0.0002 -29.9997 -0.0001 -0.0003 29.9996 0.0000 0.0000 0.0000 8.9393 -24.8910 -171.0906 -1.0971 -34.2688 0.4201 -0.4462 80.2059 6.2739 0.0000 25.3510 0.0000 -10.5088 -10.9638 173.7971 0.1943 -21.5286 -0.1195 29.7446 72.1766 8.4970 0.0000 25.3508 -0.0001 
25.1021 91.3529 -40.4952 24.8301 -4.3899 5.4177 0.6436 3.5276 -0.0217 0.6442 3.5312 -0.0217 0.6455 3.5383 -0.0217 32.4678 78.7340 -66.1115 60.6711 47.9834 30.0423 37.9664 0.8521 72.2861 -0.6747 1.0101 0.4210 0.0000 0.0000 0.0001 0.0000 0.0000 0.0000 0.0000 -0.0013 -0.0008 0.0000 -0.0004 0.0001 0.0000 0.0000 0.0000 0.0000 0.0000 0.0000 0.0000 0.0002 0.0000 0.0000 -0.0006 0.0003 0.0000 0.0004 -0.0006 0.0000 0.0000 0.0001 0.0000 0.0000 0.0000 0.0000 -0.0010 -0.0002 0.0000 0.0002 30.0001 -0.0001 0.0005 -29.9998 0.0000 0.0000 0.0000 -6.7974 -3.0836 0.3988 -6.7974 -3.0836 0.3988 -41.8268 79.3196 66.4220 -37.3400 51.7176 -21.9617 -46.6545 12.1293 -75.8118 1.1697 1.5447 0.4519 0.0000 -0.0001 0.0001 0.0000 0.0000 0.0000 0.0000 -0.0006 0.0003 0.0000 -0.0001 0.0001 0.0000 0.0000 0.0000 0.0000 0.0000 0.0000 0.0000 0.0007 0.0001 0.0000 -0.0012 0.0001 0.0000 -0.0008 0.0003 0.0000 0.0001 0.0000 0.0000 0.0000 0.0000 0.0000 -0.0008 0.0000 0.0000 0.0002 -29.9996 -0.0001 -0.0003 29.9996 0.0000 0.0000 0.0000 6.6008 -26.0737 -169.2351 -0.9554 -32.6283 0.3616 4.6513 78.0765 14.9679 0.0000 25.3510 0.0000 -11.1693 -10.3551 173.2767 0.2022 -21.5824 -0.1211 29.1043 72.5662 7.8429 0.0000 25.3508 -0.0001 
24.9575 91.4692 -40.1169 25.1241 -4.9819 6.0169 0.7222 3.8236 -0.0841 0.7230 3.8281 -0.0842 0.7243 3.8351 -0.0843 30.9869 78.4061 -67.9382 60.7057 48.2521 29.9613 37.9725 0.6171 72.5371 -0.6888 1.0232 0.3757 0.0000 0.0000 0.0001 0.0000 0.0000 0.0000 0.0000 -0.0013 -0.0008 0.0000 -0.0004 0.0001 0.0000 0.0000 0.0000 0.0000 0.0000 0.0000 0.0000 0.0003 0.0000 0.0000 -0.0006 0.0003 0.0000 0.0004 -0.0006 0.0000 0.0000 0.0001 0.0000 0.0000 0.0000 0.0000 -0.0010 -0.0002 0.0000 0.0003 30.0001 -0.0001 0.0005 -29.9998 0.0000 0.0000 0.0000 -6.9156 -3.2459 0.2953 -6.9156 -3.2459 0.2953 -40.6997 78.9697 67.1769 -37.6830 51.2375 -22.2178 -46.6550 12.2387 -75.6315 1.1804 1.5723 0.4204 0.0000 -0.0001 0.0001 0.0000 0.0000 0.0000 0.0000 -0.0006 0.0003 0.0000 -0.0001 0.0001 0.0000 0.0000 0.0000 0.0000 0.0000 0.0000 0.0000 0.0007 0.0001 0.0000 -0.0012 0.0001 0.0000 -0.0008 0.0003 0.0000 0.0001 0.0000 0.0000 0.0000 0.0000 0.0000 -0.0009 0.0000 0.0000 0.0002 -29.9997 -0.0001 -0.0003 29.9996 0.0000 0.0000 0.0000 4.2377 -26.8109 -167.1938 -0.8258 -30.7441 0.3091 6.9628 75.8933 21.0064 0.0000 25.3510 0.0000 -11.8541 -9.7738 172.6970 0.2210 -21.7083 -0.1249 27.9923 73.0969 6.8748 0.0000 25.3508 -0.0001 
24.8543 91.5711 -39.8655 25.2741 -5.5759 6.6381 0.7926 4.1131 -0.1535 0.7936 4.1187 -0.1537 0.7949 4.1255 -0.1539 29.6997 78.0933 -69.5783 60.7075 48.6572 29.8126 37.9570 0.3017 72.7633 -0.7017 1.0348 0.3279 0.0000 0.0000 0.0001 0.0000 0.0000 0.0000 0.0000 -0.0013 -0.0008 0.0000 -0.0004 0.0001 0.0000 0.0000 0.0000 0.0000 0.0000 0.0000 0.0000 0.0002 0.0000 0.0000 -0.0006 0.0003 0.0000 0.0004 -0.0006 0.0000 0.0000 0.0001 0.0000 0.0000 0.0000 0.0000 -0.0010 -0.0002 0.0000 0.0003 30.0001 -0.0001 0.0005 -29.9998 0.0000 0.0000 0.0000 -6.9643 -3.3648 0.1679 -6.9643 -3.3648 0.1679 -39.6266 78.6630 67.8479 -37.9335 50.7034 -22.4776 -46.7046 12.3637 -75.4438 1.1917 1.6022 0.3852 0.0000 -0.0001 0.0001 0.0000 0.0000 0.0000 0.0000 -0.0006 0.0003 0.0000 -0.0001 0.0001 0.0000 0.0000 0.0000 0.0000 0.0000 0.0000 0.0000 0.0007 0.0001 0.0000 -0.0012 0.0001 0.0000 -0.0008 0.0003 0.0000 0.0001 0.0000 0.0000 0.0000 0.0000 0.0000 -0.0009 0.0000 0.0000 0.0002 -29.9996 -0.0001 -0.0003 29.9996 0.0000 0.0000 0.0000 2.3280 -27.5954 -164.9984 -0.7426 -28.8355 0.2731 8.6580 73.5394 25.7457 0.0000 25.3510 0.0000 -12.4096 -9.3260 172.0570 0.2338 -21.9243 -0.1278 26.6238 73.6391 5.6474 0.0000 25.3508 -0.0001 
24.8146 91.6472 -39.7391 25.3097 -6.1629 7.2487 0.8546 4.3878 -0.2249 0.8559 4.3946 -0.2252 0.8571 4.4011 -0.2254 28.6682 77.8208 -70.9681 60.6463 49.1366 29.5926 37.8820 -0.0499 72.9651 -0.7145 1.0470 0.2804 0.0000 0.0000 0.0001 0.0000 0.0000 0.0000 0.0000 -0.0013 -0.0008 0.0000 -0.0004 0.0001 0.0000 0.0000 0.0000 0.0000 0.0000 0.0000 0.0000 0.0002 0.0000 0.0000 -0.0006 0.0003 0.0000 0.0004 -0.0006 0.0000 0.0000 0.0001 0.0000 0.0000 0.0000 0.0000 -0.0010 -0.0002 0.0000 0.0002 30.0001 -0.0001 0.0005 -29.9998 0.0000 0.0000 0.0000 -6.9607 -3.4331 0.0310 -6.9607 -3.4331 0.0310 -38.6903 78.3866 68.3869 -38.1691 50.1806 -22.7705 -46.7910 12.4566 -75.2622 1.2018 1.6310 0.3487 0.0000 -0.0001 0.0001 0.0000 0.0000 0.0000 0.0000 -0.0006 0.0003 0.0000 -0.0001 0.0001 0.0000 0.0000 0.0000 0.0000 0.0000 0.0000 0.0000 0.0007 0.0001 0.0000 -0.0012 0.0001 0.0000 -0.0008 0.0003 0.0000 0.0001 0.0000 0.0000 0.0000 0.0000 0.0000 -0.0009 0.0000 0.0000 0.0002 -29.9997 -0.0001 -0.0003 29.9996 0.0000 0.0000 0.0000 1.0855 -28.5161 -162.8168 -0.6861 -27.0287 0.2471 10.6227 71.1185 29.7802 0.0000 25.3510 0.0000 -12.7669 -8.9964 171.3821 0.2427 -22.2333 -0.1302 25.1733 74.1664 4.2648 0.0000 25.3508 -0.0001 
24.8504 91.6916 -39.7327 25.2081 -6.7426 7.8106 0.9093 4.6399 -0.2925 0.9109 4.6479 -0.2930 0.9120 4.6539 -0.2933 27.8942 77.6361 -72.0509 60.3895 49.6750 29.2126 37.7591 -0.4103 73.1415 -0.7285 1.0618 0.2367 0.0000 0.0000 0.0001 0.0000 0.0000 0.0000 0.0000 -0.0013 -0.0008 0.0000 -0.0004 0.0001 0.0000 0.0000 0.0000 0.0000 0.0000 0.0000 0.0000 0.0002 0.0000 0.0000 -0.0006 0.0003 0.0000 0.0004 -0.0006 0.0000 0.0000 0.0001 0.0000 0.0000 0.0000 0.0000 -0.0010 -0.0002 0.0000 0.0002 30.0001 -0.0001 0.0005 -29.9998 0.0000 0.0000 0.0000 -6.8992 -3.4310 -0.1027 -6.8992 -3.4310 -0.1027 -37.8162 78.1231 68.8729 -38.3389 49.7237 -23.0088 -46.9415 12.5079 -75.1021 1.2103 1.6568 0.3137 0.0000 -0.0001 0.0001 0.0000 0.0000 0.0000 0.0000 -0.0006 0.0003 0.0000 -0.0001 0.0001 0.0000 0.0000 0.0000 0.0000 0.0000 0.0000 0.0000 0.0007 0.0001 0.0000 -0.0012 0.0001 0.0000 -0.0008 0.0003 0.0000 0.0001 0.0000 0.0000 0.0000 0.0000 0.0000 -0.0008 0.0000 0.0000 0.0002 -29.9997 -0.0001 -0.0003 29.9996 0.0000 0.0000 0.0000 0.1125 -29.6020 -160.5131 -0.6016 -25.6348 0.2192 12.2091 68.9419 32.4904 0.0000 25.3510 0.0000 -12.7576 -8.7449 170.7202 0.2542 -22.6365 -0.1334 23.7294 74.6788 2.6852 0.0000 25.3508 -0.0001 
24.8782 91.7183 -39.7602 25.0193 -7.3218 8.3011 0.9666 4.8786 -0.3457 0.9684 4.8880 -0.3462 0.9695 4.8933 -0.3466 27.2682 77.5045 -72.9574 60.0034 50.1667 28.7753 37.6122 -0.7519 73.3208 -0.7445 1.0801 0.1964 0.0000 0.0000 0.0001 0.0000 0.0000 0.0000 0.0000 -0.0013 -0.0008 0.0000 -0.0004 0.0001 0.0000 0.0000 0.0000 0.0000 0.0000 0.0000 0.0000 0.0002 0.0000 0.0000 -0.0006 0.0003 0.0000 0.0004 -0.0006 0.0000 0.0000 0.0001 0.0000 0.0000 0.0000 0.0000 -0.0010 -0.0002 0.0000 0.0002 30.0001 -0.0001 0.0005 -29.9998 0.0000 0.0000 0.0000 -6.8143 -3.3910 -0.2316 -6.8143 -3.3910 -0.2316 -37.0091 77.8513 69.3159 -38.4045 49.3401 -23.1350 -47.1509 12.5615 -74.9621 1.2188 1.6812 0.2818 0.0000 -0.0001 0.0001 0.0000 0.0000 0.0000 0.0000 -0.0006 0.0003 0.0000 -0.0001 0.0001 0.0000 0.0000 0.0000 0.0000 0.0000 0.0000 0.0000 0.0007 0.0001 0.0000 -0.0012 0.0001 0.0000 -0.0008 0.0003 0.0000 0.0001 0.0000 0.0000 0.0000 0.0000 0.0000 -0.0009 0.0000 0.0000 0.0002 -29.9997 -0.0001 -0.0003 29.9996 0.0000 0.0000 0.0000 -0.7442 -30.6854 -158.1331 -0.5282 -24.6073 0.1976 13.7941 67.1455 34.4592 0.0000 25.3510 0.0000 -12.4663 -8.4796 170.1553 0.2753 -23.0697 -0.1387 22.1489 75.1902 0.7642 0.0000 25.3508 -0.0001 
24.8721 91.7417 -39.7602 24.7579 -7.8950 8.7476 1.0289 5.1077 -0.3898 1.0310 5.1184 -0.3905 1.0320 5.1231 -0.3908 26.7300 77.4052 -73.7604 59.5627 50.5850 28.3459 37.4404 -1.0645 73.5098 -0.7627 1.1018 0.1584 0.0000 0.0000 0.0001 0.0000 0.0000 0.0000 0.0000 -0.0013 -0.0008 0.0000 -0.0004 0.0001 0.0000 0.0000 0.0000 0.0000 0.0000 0.0000 0.0000 0.0002 0.0000 0.0000 -0.0006 0.0003 0.0000 0.0004 -0.0006 0.0000 0.0000 0.0001 0.0000 0.0000 0.0000 0.0000 -0.0010 -0.0002 0.0000 0.0002 30.0001 -0.0002 0.0005 -29.9998 0.0000 0.0000 0.0000 -6.7172 -3.3330 -0.3613 -6.7172 -3.3330 -0.3613 -36.2725 77.5691 69.7104 -38.4928 49.0320 -23.2179 -47.3844 12.6167 -74.8388 1.2236 1.6997 0.2519 0.0000 -0.0001 0.0001 0.0000 0.0000 0.0000 0.0000 -0.0006 0.0003 0.0000 -0.0001 0.0001 0.0000 0.0000 0.0000 0.0000 0.0000 0.0000 0.0000 0.0007 0.0001 0.0000 -0.0012 0.0001 0.0000 -0.0008 0.0003 0.0000 0.0001 0.0000 0.0000 0.0000 0.0000 0.0000 -0.0009 0.0000 0.0000 0.0002 -29.9996 -0.0001 -0.0003 29.9996 0.0000 0.0000 0.0000 -1.5654 -31.8854 -155.6218 -0.4324 -23.8813 0.1739 15.1298 65.5383 35.6002 0.0000 25.3510 0.0000 -11.9804 -8.1519 169.6892 0.3135 -23.4821 -0.1476 20.3503 75.6969 -1.5010 0.0000 25.3508 -0.0001 
24.8379 91.7808 -39.6918 24.3955 -8.4608 9.1815 1.0993 5.3290 -0.4333 1.1018 5.3413 -0.4341 1.1026 5.3451 -0.4344 26.2234 77.3292 -74.5192 59.1656 50.8829 28.0089 37.1825 -1.3359 73.7392 -0.7836 1.1269 0.1209 0.0000 0.0000 0.0001 0.0000 0.0000 0.0000 0.0000 -0.0013 -0.0008 0.0000 -0.0004 0.0001 0.0000 0.0000 0.0000 0.0000 0.0000 0.0000 0.0000 0.0002 0.0000 0.0000 -0.0006 0.0003 0.0000 0.0004 -0.0006 0.0000 0.0000 0.0001 0.0000 0.0000 0.0000 0.0000 -0.0010 -0.0002 0.0000 0.0002 30.0001 -0.0001 0.0005 -29.9998 0.0000 0.0000 0.0000 -6.6024 -3.2711 -0.4958 -6.6024 -3.2711 -0.4958 -35.6283 77.2760 70.0349 -38.7237 48.8208 -23.2952 -47.5713 12.6420 -74.7337 1.2224 1.7083 0.2246 0.0000 -0.0001 0.0001 0.0000 0.0000 0.0000 0.0000 -0.0006 0.0003 0.0000 -0.0001 0.0001 0.0000 0.0000 0.0000 0.0000 0.0000 0.0000 0.0000 0.0007 0.0001 0.0000 -0.0012 0.0001 0.0000 -0.0008 0.0003 0.0000 0.0001 0.0000 0.0000 0.0000 0.0000 0.0000 -0.0009 0.0000 0.0000 0.0002 -29.9997 -0.0001 -0.0003 29.9996 0.0000 0.0000 0.0000 -2.5103 -33.1081 -152.9513 -0.3388 -23.3999 0.1527 16.0337 64.0471 35.9854 0.0000 25.3510 0.0000 -11.3393 -7.7187 169.3028 0.3740 -23.8228 -0.1613 18.1280 76.2039 -4.2512 0.0000 25.3508 -0.0001 
24.8546 91.8285 -39.5930 23.9444 -9.0116 9.6416 1.1752 5.5444 -0.4824 1.1781 5.5583 -0.4835 1.1787 5.5612 -0.4837 25.6425 77.2599 -75.3509 58.8401 51.1000 27.7548 36.9239 -1.5918 74.0033 -0.8040 1.1510 0.0832 0.0000 0.0000 0.0001 0.0000 0.0000 0.0000 0.0000 -0.0013 -0.0008 0.0000 -0.0004 0.0001 0.0000 0.0000 0.0000 0.0000 0.0000 0.0000 0.0000 0.0002 0.0000 0.0000 -0.0006 0.0003 0.0000 0.0004 -0.0006 0.0000 0.0000 0.0001 0.0000 0.0000 0.0000 0.0000 -0.0010 -0.0002 0.0000 0.0003 30.0001 -0.0001 0.0005 -29.9998 0.0000 0.0000 0.0000 -6.4653 -3.2167 -0.6413 -6.4653 -3.2167 -0.6413 -35.0448 76.9722 70.2813 -38.9709 48.6557 -23.2915 -47.7503 12.6730 -74.6657 1.2193 1.7131 0.1977 0.0000 -0.0001 0.0001 0.0000 0.0000 0.0000 0.0000 -0.0006 0.0003 0.0000 -0.0001 0.0001 0.0000 0.0000 0.0000 0.0000 0.0000 0.0000 0.0000 0.0007 0.0001 0.0000 -0.0011 0.0001 0.0000 -0.0008 0.0003 0.0000 0.0001 0.0000 0.0000 0.0000 0.0000 0.0000 -0.0009 0.0000 0.0000 0.0002 -29.9996 -0.0001 -0.0003 29.9996 0.0000 0.0000 0.0000 -3.4314 -34.2852 -150.2537 -0.2507 -22.9720 0.1335 16.8218 62.6581 36.2159 0.0000 25.3510 0.0000 -10.6680 -7.2454 168.8930 0.4272 -24.1241 -0.1737 15.5215 76.7105 -7.3479 0.0000 25.3508 -0.0001 
24.9395 91.8838 -39.5213 23.4066 -9.5365 10.1311 1.2580 5.7509 -0.5374 1.2613 5.7664 -0.5387 1.2617 5.7683 -0.5389 24.9651 77.1921 -76.2771 58.5654 51.2604 27.5393 36.6900 -1.8316 74.2932 -0.8229 1.1724 0.0458 0.0000 0.0000 0.0001 0.0000 0.0000 0.0000 0.0000 -0.0013 -0.0008 0.0000 -0.0004 0.0001 0.0000 0.0000 0.0000 0.0000 0.0000 0.0000 0.0000 0.0002 -0.0001 0.0000 -0.0006 0.0003 0.0000 0.0004 -0.0006 0.0000 0.0000 0.0001 0.0000 0.0000 0.0000 0.0000 -0.0010 -0.0002 0.0000 0.0002 30.0001 -0.0001 0.0005 -29.9998 0.0000 0.0000 0.0000 -6.3084 -3.1701 -0.7991 -6.3084 -3.1701 -0.7991 -34.5696 76.6631 70.4110 -39.1827 48.5199 -23.2126 -47.9565 12.7340 -74.6428 1.2163 1.7166 0.1711 0.0000 -0.0001 0.0001 0.0000 0.0000 0.0000 0.0000 -0.0006 0.0003 0.0000 -0.0001 0.0001 0.0000 0.0000 0.0000 0.0000 0.0000 0.0000 0.0000 0.0007 0.0001 0.0000 -0.0012 0.0001 0.0000 -0.0008 0.0003 0.0000 0.0001 0.0000 0.0000 0.0000 0.0000 0.0000 -0.0008 0.0000 0.0000 0.0002 -29.9997 -0.0001 -0.0003 29.9996 0.0000 0.0000 0.0000 -4.2244 -35.3921 -147.5986 -0.1533 -22.4884 0.1131 17.4425 61.3907 36.3045 0.0000 25.3510 0.0000 -9.9652 -6.8082 168.4344 0.4632 -24.4448 -0.1827 12.5753 77.1961 -10.7344 0.0000 25.3508 -0.0001 
25.0897 91.9358 -39.5103 22.7493 -10.0240 10.6639 1.3470 5.9454 -0.6035 1.3508 5.9627 -0.6050 1.3510 5.9634 -0.6051 24.2364 77.1320 -77.2631 58.3562 51.3707 27.3450 36.4688 -2.0764 74.6297 -0.8398 1.1900 0.0095 0.0000 0.0000 0.0001 0.0000 0.0000 0.0000 0.0000 -0.0013 -0.0008 0.0000 -0.0004 0.0001 0.0000 0.0000 0.0000 0.0000 0.0000 0.0000 0.0000 0.0002 0.0000 0.0000 -0.0006 0.0003 0.0000 0.0004 -0.0006 0.0000 0.0000 0.0001 0.0000 0.0000 0.0000 0.0000 -0.0010 -0.0002 0.0000 0.0002 30.0001 -0.0001 0.0005 -29.9998 0.0000 0.0000 0.0000 -6.1203 -3.1375 -0.9741 -6.1203 -3.1375 -0.9741 -34.3028 76.3617 70.3301 -39.3939 48.4455 -23.1070 -48.1863 12.8167 -74.6675 1.2122 1.7169 0.1457 0.0000 -0.0001 0.0001 0.0000 0.0000 0.0000 0.0000 -0.0006 0.0003 0.0000 -0.0001 0.0001 0.0000 0.0000 0.0000 0.0000 0.0000 0.0000 0.0000 0.0007 0.0001 0.0000 -0.0011 0.0001 0.0000 -0.0008 0.0003 0.0000 0.0001 0.0000 0.0000 0.0000 0.0000 0.0000 -0.0009 0.0000 0.0000 0.0002 -29.9996 -0.0001 -0.0003 29.9996 0.0000 0.0000 0.0000 -4.6002 -36.3998 -145.2315 -0.0816 -21.8900 0.0985 18.0298 60.3811 36.3971 0.0000 25.3510 0.0000 -9.1900 -6.4586 167.9156 0.4938 -24.8281 -0.1911 9.2636 77.6531 -14.4143 0.0000 25.3508 -0.0001 
25.2322 91.9878 -39.5150 22.0147 -10.4760 11.2118 1.4371 6.1282 -0.6728 1.4414 6.1472 -0.6747 1.4413 6.1467 -0.6746 23.5203 77.0904 -78.2382 58.1470 51.4788 27.1223 36.2528 -2.3459 74.9897 -0.8557 1.2059 -0.0256 0.0000 0.0000 0.0001 0.0000 0.0000 0.0000 0.0000 -0.0013 -0.0008 0.0000 -0.0004 0.0001 0.0000 0.0000 0.0000 0.0000 0.0000 0.0000 0.0000 0.0002 0.0000 0.0000 -0.0006 0.0003 0.0000 0.0004 -0.0006 0.0000 0.0000 0.0001 0.0000 0.0000 0.0000 0.0000 -0.0010 -0.0002 0.0000 0.0002 30.0001 -0.0001 0.0005 -29.9998 0.0000 0.0000 0.0000 -5.9036 -3.1152 -1.1669 -5.9036 -3.1152 -1.1669 -34.1957 76.0826 70.0863 -39.5926 48.4209 -23.0070 -48.4169 12.8892 -74.7065 1.2076 1.7158 0.1216 0.0000 -0.0001 0.0001 0.0000 0.0000 0.0000 0.0000 -0.0006 0.0003 0.0000 -0.0001 0.0001 0.0000 0.0000 0.0000 0.0000 0.0000 0.0000 0.0000 0.0007 0.0001 0.0000 -0.0012 0.0001 0.0000 -0.0008 0.0003 0.0000 0.0001 0.0000 0.0000 0.0000 0.0000 0.0000 -0.0009 0.0000 0.0000 0.0002 -29.9997 -0.0001 -0.0003 29.9996 0.0000 0.0000 0.0000 -4.6887 -37.3708 -143.1169 -0.0384 -21.2858 0.0900 19.0191 59.4682 36.8778 0.0000 25.3510 0.0000 -8.3527 -6.1529 167.4123 0.5436 -25.2475 -0.2041 5.5662 78.0773 -18.4526 0.0000 25.3508 -0.0001 
25.3654 92.0337 -39.5319 21.2265 -10.8885 11.7501 1.5261 6.2994 -0.7391 1.5310 6.3201 -0.7412 1.5306 6.3184 -0.7410 22.8238 77.0634 -79.1908 57.9182 51.6053 26.8642 36.0405 -2.6469 75.3499 -0.8706 1.2206 -0.0597 0.0000 0.0000 0.0001 0.0000 0.0000 0.0000 0.0000 -0.0013 -0.0008 0.0000 -0.0004 0.0001 0.0000 0.0000 0.0000 0.0000 0.0000 0.0000 0.0000 0.0002 0.0000 0.0000 -0.0006 0.0003 0.0000 0.0004 -0.0006 0.0000 0.0000 0.0001 0.0000 0.0000 0.0000 0.0000 -0.0010 -0.0002 0.0000 0.0003 30.0001 -0.0001 0.0005 -29.9998 0.0000 0.0000 0.0000 -5.6657 -3.1030 -1.3741 -5.6657 -3.1030 -1.3741 -34.1919 75.8248 69.7396 -39.7527 48.4172 -22.9117 -48.6420 12.9592 -74.7567 1.2046 1.7164 0.0988 0.0000 -0.0001 0.0001 0.0000 0.0000 0.0000 0.0000 -0.0006 0.0003 0.0000 -0.0001 0.0001 0.0000 0.0000 0.0000 0.0000 0.0000 0.0000 0.0000 0.0007 0.0001 0.0000 -0.0012 0.0001 0.0000 -0.0008 0.0003 0.0000 0.0001 0.0000 0.0000 0.0000 0.0000 0.0000 -0.0008 0.0000 0.0000 0.0002 -29.9996 -0.0001 -0.0003 29.9996 0.0000 0.0000 0.0000 -4.7266 -38.3054 -141.1157 -0.0105 -20.7762 0.0847 20.0073 58.6781 37.3904 0.0000 25.3510 0.0000 -7.4646 -5.8743 166.9480 0.6048 -25.6729 -0.2201 1.5594 78.4447 -22.7918 0.0000 25.3508 -0.0001 
25.5175 92.0584 -39.5565 20.3960 -11.2467 12.2369 1.6111 6.4532 -0.7937 1.6165 6.4756 -0.7961 1.6158 6.4727 -0.7958 22.1747 77.0492 -80.0846 57.6114 51.7478 26.5376 35.8890 -2.9331 75.6813 -0.8840 1.2338 -0.0910 0.0000 0.0000 0.0001 0.0000 0.0000 0.0000 0.0000 -0.0013 -0.0008 0.0000 -0.0004 0.0001 0.0000 0.0000 0.0000 0.0000 0.0000 0.0000 0.0000 0.0003 0.0000 0.0000 -0.0006 0.0003 0.0000 0.0004 -0.0006 0.0000 0.0000 0.0001 0.0000 0.0000 0.0000 0.0000 -0.0010 -0.0002 0.0000 0.0002 30.0001 -0.0001 0.0005 -29.9998 0.0000 0.0000 0.0000 -5.4152 -3.1027 -1.5944 -5.4152 -3.1027 -1.5944 -34.3033 75.6159 69.2949 -39.8836 48.4326 -22.8646 -48.8341 13.0352 -74.8070 1.2028 1.7180 0.0794 0.0000 -0.0001 0.0001 0.0000 0.0000 0.0000 0.0000 -0.0006 0.0003 0.0000 -0.0001 0.0001 0.0000 0.0000 0.0000 0.0000 0.0000 0.0000 0.0000 0.0007 0.0001 0.0000 -0.0012 0.0001 0.0000 -0.0008 0.0003 0.0000 0.0001 0.0000 0.0000 0.0000 0.0000 0.0000 -0.0009 0.0000 0.0000 0.0002 -29.9997 -0.0001 -0.0003 29.9996 0.0000 0.0000 0.0000 -4.9861 -39.1389 -139.0311 0.0465 -20.4657 0.0744 20.4059 58.1415 37.4492 0.0000 25.3510 0.0000 -6.5154 -5.6172 166.5486 0.6652 -26.0939 -0.2364 -2.5288 78.7502 -27.2175 0.0000 25.3508 -0.0001 
25.7091 92.0672 -39.5806 19.5783 -11.5656 12.6722 1.6848 6.5910 -0.8436 1.6908 6.6150 -0.8464 1.6898 6.6109 -0.8459 21.6648 77.0438 -80.8262 57.2693 51.8656 26.2029 35.7597 -3.1970 75.9920 -0.8980 1.2483 -0.1183 0.0000 0.0000 0.0001 0.0000 0.0000 0.0000 0.0000 -0.0013 -0.0008 0.0000 -0.0004 0.0001 0.0000 0.0000 0.0000 0.0000 0.0000 0.0000 0.0000 0.0002 0.0000 0.0000 -0.0006 0.0003 0.0000 0.0004 -0.0006 0.0000 0.0000 0.0001 0.0000 0.0000 0.0000 0.0000 -0.0010 -0.0002 0.0000 0.0002 30.0001 -0.0001 0.0005 -29.9998 0.0000 0.0000 0.0000 -5.1667 -3.1008 -1.8126 -5.1667 -3.1008 -1.8126 -34.4614 75.4635 68.8345 -40.0150 48.4773 -22.8739 -48.9786 13.0960 -74.8285 1.1998 1.7176 0.0636 0.0000 -0.0001 0.0001 0.0000 0.0000 0.0000 0.0000 -0.0006 0.0003 0.0000 -0.0001 0.0001 0.0000 0.0000 0.0000 0.0000 0.0000 0.0000 0.0000 0.0007 0.0001 0.0000 -0.0011 0.0001 0.0000 -0.0008 0.0003 0.0000 0.0001 0.0000 0.0000 0.0000 0.0000 0.0000 -0.0009 0.0000 0.0000 0.0002 -29.9996 -0.0001 -0.0003 29.9996 0.0000 0.0000 0.0000 -5.5789 -39.7596 -136.8518 0.1053 -20.3235 0.0639 20.3479 57.7427 37.1921 0.0000 25.3510 0.0000 -5.6434 -5.3876 166.1796 0.7123 -26.5105 -0.2500 -6.6946 78.9981 -31.6465 0.0000 25.3508 -0.0001 
25.9235 92.0656 -39.5936 18.7898 -11.8417 13.0653 1.7508 6.7107 -0.8926 1.7572 6.7361 -0.8956 1.7559 6.7310 -0.8950 21.2394 77.0372 -81.4543 56.9210 51.9435 25.8824 35.6526 -3.4300 76.2740 -0.9124 1.2637 -0.1414 0.0000 0.0000 0.0001 0.0000 0.0000 0.0000 0.0000 -0.0013 -0.0008 0.0000 -0.0004 0.0001 0.0000 0.0000 0.0000 0.0000 0.0000 0.0000 0.0000 0.0002 0.0000 0.0000 -0.0006 0.0003 0.0000 0.0004 -0.0006 0.0000 0.0000 0.0001 0.0000 0.0000 0.0000 0.0000 -0.0010 -0.0002 0.0000 0.0002 30.0001 -0.0001 0.0005 -29.9998 0.0000 0.0000 0.0000 -4.9273 -3.0914 -2.0265 -4.9273 -3.0914 -2.0265 -34.6608 75.3653 68.3642 -40.1088 48.5551 -22.8916 -49.0895 13.1382 -74.8212 1.1959 1.7158 0.0510 0.0000 -0.0001 0.0001 0.0000 0.0000 0.0000 0.0000 -0.0006 0.0003 0.0000 -0.0001 0.0001 0.0000 0.0000 0.0000 0.0000 0.0000 0.0000 0.0000 0.0007 0.0001 0.0000 -0.0011 0.0001 0.0000 -0.0008 0.0003 0.0000 0.0001 0.0000 0.0000 0.0000 0.0000 0.0000 -0.0009 0.0000 0.0000 0.0002 -29.9997 -0.0001 -0.0003 29.9996 0.0000 0.0000 0.0000 -6.4434 -40.1338 -134.6495 0.1479 -20.2988 0.0564 20.0255 57.3375 36.7872 0.0000 25.3510 0.0000 -5.1341 -5.2624 165.7985 0.7356 -26.9266 -0.2583 -11.4612 79.1785 -36.3469 0.0000 25.3508 -0.0001 
26.1666 92.0611 -39.5894 18.0529 -12.0470 13.4146 1.8135 6.8007 -0.9472 1.8204 6.8273 -0.9505 1.8188 6.8213 -0.9498 20.8685 77.0129 -81.9653 56.6292 51.9292 25.6414 35.5922 -3.5916 76.4993 -0.9258 1.2785 -0.1570 0.0000 0.0000 0.0001 0.0000 0.0000 0.0000 0.0000 -0.0013 -0.0008 0.0000 -0.0004 0.0001 0.0000 0.0000 0.0000 0.0000 0.0000 0.0000 0.0000 0.0002 0.0000 0.0000 -0.0006 0.0003 0.0000 0.0004 -0.0006 0.0000 0.0000 0.0001 0.0000 0.0000 0.0000 0.0000 -0.0010 -0.0002 0.0000 0.0002 30.0001 -0.0001 0.0005 -29.9998 0.0000 0.0000 0.0000 -4.7275 -3.0667 -2.2229 -4.7275 -3.0667 -2.2229 -34.9076 75.3332 67.9077 -40.1316 48.6841 -22.8834 -49.1573 13.1463 -74.7781 1.1911 1.7123 0.0435 0.0000 -0.0001 0.0001 0.0000 0.0000 0.0000 0.0000 -0.0006 0.0003 0.0000 -0.0001 0.0001 0.0000 0.0000 0.0000 0.0000 0.0000 0.0000 0.0000 0.0007 0.0001 0.0000 -0.0012 0.0001 0.0000 -0.0008 0.0003 0.0000 0.0001 0.0000 0.0000 0.0000 0.0000 0.0000 -0.0009 0.0000 0.0000 0.0002 -29.9997 -0.0001 -0.0003 29.9996 0.0000 0.0000 0.0000 -7.6367 -40.1088 -132.4887 0.1695 -20.3813 0.0524 19.0436 56.9816 35.9237 0.0000 25.3510 0.0000 -4.6064 -5.1656 165.4494 0.7498 -27.3198 -0.2644 -15.6822 79.2971 -40.5437 0.0000 25.3508 -0.0001 
26.4290 92.0659 -39.5119 17.3671 -12.1869 13.7416 1.8761 6.8614 -1.0049 1.8834 6.8889 -1.0085 1.8817 6.8822 -1.0076 20.5066 76.9839 -82.4157 56.3909 51.8082 25.4864 35.5759 -3.6693 76.6924 -0.9386 1.2926 -0.1665 0.0000 0.0000 0.0001 0.0000 0.0000 0.0000 0.0000 -0.0013 -0.0008 0.0000 -0.0004 0.0001 0.0000 0.0000 0.0000 0.0000 0.0000 0.0000 0.0000 0.0002 0.0000 0.0000 -0.0006 0.0003 0.0000 0.0004 -0.0006 0.0000 0.0000 0.0001 0.0000 0.0000 0.0000 0.0000 -0.0010 -0.0002 0.0000 0.0002 30.0001 -0.0001 0.0005 -29.9998 0.0000 0.0000 0.0000 -4.5666 -3.0201 -2.4064 -4.5666 -3.0201 -2.4064 -35.1976 75.3228 67.4549 -40.1004 48.8522 -22.8200 -49.2106 13.1349 -74.7273 1.1863 1.7079 0.0390 0.0000 -0.0001 0.0001 0.0000 0.0000 0.0000 0.0000 -0.0006 0.0003 0.0000 -0.0001 0.0001 0.0000 0.0000 0.0000 0.0000 0.0000 0.0000 0.0000 0.0007 0.0001 0.0000 -0.0011 0.0001 0.0000 -0.0008 0.0003 0.0000 0.0001 0.0000 0.0000 0.0000 0.0000 0.0000 -0.0009 0.0000 0.0000 0.0002 -29.9996 -0.0001 -0.0003 29.9996 0.0000 0.0000 0.0000 -8.9237 -39.8367 -130.4309 0.1949 -20.4676 0.0477 17.5891 56.7149 34.6316 0.0000 25.3510 0.0000 -4.0995 -5.0574 165.1150 0.7535 -27.6683 -0.2677 -19.5364 79.4028 -44.3936 0.0000 25.3508 -0.0001 
26.6999 92.0761 -39.3797 16.7206 -12.2572 14.0474 1.9439 6.8910 -1.0602 1.9516 6.9191 -1.0640 1.9496 6.9119 -1.0630 20.1199 76.9613 -82.8436 56.1781 51.6007 25.3810 35.6013 -3.6838 76.8771 -0.9508 1.3054 -0.1712 0.0000 0.0000 0.0001 0.0000 0.0000 0.0000 0.0000 -0.0013 -0.0008 0.0000 -0.0004 0.0001 0.0000 0.0000 0.0000 0.0000 0.0000 0.0000 0.0000 0.0002 0.0000 0.0000 -0.0006 0.0003 0.0000 0.0004 -0.0006 0.0000 0.0000 0.0001 0.0000 0.0000 0.0000 0.0000 -0.0010 -0.0002 0.0000 0.0002 30.0001 -0.0001 0.0005 -29.9998 0.0000 0.0000 0.0000 -4.4318 -2.9491 -2.5841 -4.4318 -2.9491 -2.5841 -35.5533 75.3244 66.9723 -40.0174 49.0465 -22.6972 -49.2622 13.1196 -74.6793 1.1815 1.7032 0.0359 0.0000 -0.0001 0.0001 0.0000 0.0000 0.0000 0.0000 -0.0006 0.0003 0.0000 -0.0001 0.0001 0.0000 0.0000 0.0000 0.0000 0.0000 0.0000 0.0000 0.0007 0.0001 0.0000 -0.0012 0.0001 0.0000 -0.0008 0.0003 0.0000 0.0001 0.0000 0.0000 0.0000 0.0000 0.0000 -0.0009 0.0000 0.0000 0.0002 -29.9997 -0.0001 -0.0003 29.9996 0.0000 0.0000 0.0000 -10.1018 -39.4681 -128.5345 0.2342 -20.5142 0.0405 15.8921 56.4513 33.0045 0.0000 25.3510 0.0000 -3.6124 -4.9508 164.7982 0.7499 -27.9599 -0.2688 -23.1014 79.4939 -47.9629 0.0000 25.3508 -0.0001 
26.9586 92.0964 -39.1818 16.1115 -12.2187 14.2866 2.0300 6.8753 -1.0963 2.0381 6.9034 -1.1002 2.0360 6.8961 -1.0992 19.7212 76.9344 -83.2159 56.0225 51.3195 25.3306 35.6840 -3.6563 77.0494 -0.9614 1.3159 -0.1695 0.0000 0.0000 0.0001 0.0000 0.0000 0.0000 0.0000 -0.0013 -0.0008 0.0000 -0.0004 0.0001 0.0000 0.0000 0.0000 0.0000 0.0000 0.0000 0.0000 0.0002 0.0000 0.0000 -0.0006 0.0003 0.0000 0.0004 -0.0006 0.0000 0.0000 0.0001 0.0000 0.0000 0.0000 0.0000 -0.0010 -0.0002 0.0000 0.0002 30.0001 -0.0001 0.0005 -29.9998 0.0000 0.0000 0.0000 -4.3305 -2.8514 -2.7550 -4.3305 -2.8514 -2.7550 -35.9421 75.3298 66.5063 -39.8702 49.2459 -22.4977 -49.3144 13.1252 -74.6478 1.1779 1.6992 0.0347 0.0000 -0.0001 0.0001 0.0000 0.0000 0.0000 0.0000 -0.0006 0.0003 0.0000 -0.0001 0.0001 0.0000 0.0000 0.0000 0.0000 0.0000 0.0000 0.0000 0.0007 0.0001 0.0000 -0.0012 0.0001 0.0000 -0.0008 0.0003 0.0000 0.0001 0.0000 0.0000 0.0000 0.0000 0.0000 -0.0008 0.0000 0.0000 0.0002 -29.9996 -0.0001 -0.0003 29.9996 0.0000 0.0000 0.0000 -10.9600 -39.1019 -126.9668 0.2687 -20.4775 0.0344 14.2592 56.1293 31.2407 0.0000 25.3510 0.0000 -3.1572 -4.8741 164.5620 0.7488 -28.1841 -0.2701 -26.2785 79.5889 -51.1263 0.0000 25.3508 -0.0001 
27.1827 92.1081 -39.0188 15.5622 -12.1224 14.4540 2.1129 6.8380 -1.1132 2.1212 6.8659 -1.1172 2.1191 6.8587 -1.1162 19.3492 76.8909 -83.5325 55.9176 51.0214 25.3344 35.8033 -3.6082 77.1838 -0.9703 1.3245 -0.1647 0.0000 0.0000 0.0001 0.0000 0.0000 0.0000 0.0000 -0.0013 -0.0008 0.0000 -0.0004 0.0001 0.0000 0.0000 0.0000 0.0000 0.0000 0.0000 0.0000 0.0003 0.0000 0.0000 -0.0006 0.0003 0.0000 0.0004 -0.0006 0.0000 0.0000 0.0001 0.0000 0.0000 0.0000 0.0000 -0.0010 -0.0002 0.0000 0.0002 30.0001 -0.0001 0.0005 -29.9998 0.0000 0.0000 0.0000 -4.2510 -2.7540 -2.9080 -4.2510 -2.7540 -2.9080 -36.2565 75.3272 66.1312 -39.6834 49.4352 -22.2655 -49.3588 13.1454 -74.6221 1.1765 1.6975 0.0361 0.0000 -0.0001 0.0001 0.0000 0.0000 0.0000 0.0000 -0.0006 0.0003 0.0000 -0.0001 0.0001 0.0000 0.0000 0.0000 0.0000 0.0000 0.0000 0.0000 0.0007 0.0001 0.0000 -0.0011 0.0001 0.0000 -0.0008 0.0003 0.0000 0.0001 0.0000 0.0000 0.0000 0.0000 0.0000 -0.0009 0.0000 0.0000 0.0002 -29.9996 -0.0001 -0.0003 29.9996 0.0000 0.0000 0.0000 -11.6174 -38.7120 -125.7164 0.2900 -20.4221 0.0307 12.8231 55.7945 29.6180 0.0000 25.3510 0.0000 -2.7296 -4.8517 164.4071 0.7509 -28.3538 -0.2718 -28.9327 79.6400 -53.7683 0.0000 25.3508 -0.0001 
27.3729 92.1104 -38.8911 15.0735 -11.9819 14.5614 2.1867 6.7860 -1.1159 2.1953 6.8135 -1.1199 2.1931 6.8065 -1.1189 19.0215 76.8310 -83.7913 55.8427 50.7231 25.3785 35.9537 -3.5295 77.2781 -0.9778 1.3320 -0.1584 0.0000 0.0000 0.0001 0.0000 0.0000 0.0000 0.0000 -0.0013 -0.0008 0.0000 -0.0004 0.0001 0.0000 0.0000 0.0000 0.0000 0.0000 0.0000 0.0000 0.0002 0.0000 0.0000 -0.0006 0.0003 0.0000 0.0004 -0.0006 0.0000 0.0000 0.0001 0.0000 0.0000 0.0000 0.0000 -0.0010 -0.0002 0.0000 0.0002 30.0001 -0.0001 0.0005 -29.9998 0.0000 0.0000 0.0000 -4.1814 -2.6673 -3.0363 -4.1814 -2.6673 -3.0363 -36.4734 75.3150 65.8631 -39.4871 49.6076 -22.0342 -49.3877 13.1603 -74.5930 1.1767 1.6979 0.0393 0.0000 -0.0001 0.0001 0.0000 0.0000 0.0000 0.0000 -0.0006 0.0003 0.0000 -0.0001 0.0001 0.0000 0.0000 0.0000 0.0000 0.0000 0.0000 0.0000 0.0007 0.0001 0.0000 -0.0012 0.0001 0.0000 -0.0008 0.0003 0.0000 0.0001 0.0000 0.0000 0.0000 0.0000 0.0000 -0.0009 0.0000 0.0000 0.0002 -29.9997 -0.0001 -0.0003 29.9996 0.0000 0.0000 0.0000 -12.1302 -38.2730 -124.7587 0.2991 -20.3785 0.0292 11.4993 55.4660 28.1473 0.0000 25.3510 0.0000 -2.3415 -4.8874 164.3139 0.7554 -28.4867 -0.2739 -31.1633 79.6600 -55.9742 0.0000 25.3508 -0.0001 
27.5155 92.0994 -38.7838 14.6762 -11.8073 14.5992 2.2430 6.7233 -1.1073 2.2518 6.7502 -1.1112 2.2496 6.7437 -1.1103 18.7386 76.7380 -83.9620 55.7815 50.4597 25.4129 36.1424 -3.4125 77.3141 -0.9833 1.3378 -0.1495 0.0000 0.0000 0.0001 0.0000 0.0000 0.0000 0.0000 -0.0013 -0.0008 0.0000 -0.0004 0.0001 0.0000 0.0000 0.0000 0.0000 0.0000 0.0000 0.0000 0.0002 0.0000 0.0000 -0.0006 0.0003 0.0000 0.0004 -0.0006 0.0000 0.0000 0.0001 0.0000 0.0000 0.0000 0.0000 -0.0010 -0.0002 0.0000 0.0002 30.0001 -0.0001 0.0005 -29.9998 0.0000 0.0000 0.0000 -4.1203 -2.6126 -3.1181 -4.1203 -2.6126 -3.1181 -36.5889 75.3169 65.7128 -39.2811 49.7433 -21.8320 -49.3824 13.1562 -74.5565 1.1790 1.7010 0.0443 0.0000 -0.0001 0.0001 0.0000 0.0000 0.0000 0.0000 -0.0006 0.0003 0.0000 -0.0001 0.0001 0.0000 0.0000 0.0000 0.0000 0.0000 0.0000 0.0000 0.0007 0.0001 0.0000 -0.0012 0.0001 0.0000 -0.0008 0.0003 0.0000 0.0001 0.0000 0.0000 0.0000 0.0000 0.0000 -0.0008 0.0000 0.0000 0.0002 -29.9996 -0.0001 -0.0003 29.9996 0.0000 0.0000 0.0000 -12.5193 -37.7181 -124.2127 0.2935 -20.4224 0.0301 10.1809 55.2097 26.8935 0.0000 25.3510 0.0000 -2.0362 -4.9702 164.2860 0.7601 -28.5686 -0.2756 -32.8981 79.6509 -57.6587 0.0000 25.3508 -0.0001 
27.6348 92.0910 -38.6566 14.3599 -11.6345 14.5811 2.2782 6.6654 -1.0962 2.2869 6.6918 -1.1000 2.2849 6.6856 -1.0991 18.5195 76.6149 -84.0623 55.7818 50.2084 25.4619 36.3373 -3.2793 77.2871 -0.9860 1.3413 -0.1371 0.0000 0.0000 0.0001 0.0000 0.0000 0.0000 0.0000 -0.0013 -0.0008 0.0000 -0.0004 0.0001 0.0000 0.0000 0.0000 0.0000 0.0000 0.0000 0.0000 0.0002 0.0000 0.0000 -0.0006 0.0003 0.0000 0.0004 -0.0006 0.0000 0.0000 0.0001 0.0000 0.0000 0.0000 0.0000 -0.0010 -0.0002 0.0000 0.0002 30.0001 -0.0001 0.0005 -29.9998 0.0000 0.0000 0.0000 -4.0719 -2.5992 -3.1545 -4.0719 -2.5992 -3.1544 -36.5677 75.3229 65.7151 -39.0824 49.8534 -21.6639 -49.3648 13.1403 -74.5145 1.1825 1.7051 0.0517 0.0000 -0.0001 0.0001 0.0000 0.0000 0.0000 0.0000 -0.0006 0.0003 0.0000 -0.0001 0.0001 0.0000 0.0000 0.0000 0.0000 0.0000 0.0000 0.0000 0.0007 0.0001 0.0000 -0.0012 0.0001 0.0000 -0.0008 0.0003 0.0000 0.0001 0.0000 0.0000 0.0000 0.0000 0.0000 -0.0009 0.0000 0.0000 0.0002 -29.9997 -0.0001 -0.0003 29.9996 0.0000 0.0000 0.0000 -12.8939 -37.0231 -123.9578 0.2837 -20.5935 0.0314 8.6775 54.9884 25.6730 0.0000 25.3510 0.0000 -1.8240 -5.0517 164.3066 0.7643 -28.6318 -0.2771 -34.3468 79.6491 -59.0360 0.0000 25.3508 -0.0001 
27.7431 92.0855 -38.5085 14.1267 -11.4752 14.5234 2.2893 6.6151 -1.0864 2.2980 6.6409 -1.0901 2.2960 6.6352 -1.0893 18.3479 76.4787 -84.1189 55.8472 49.9552 25.5361 36.5292 -3.1298 77.1981 -0.9859 1.3422 -0.1209 0.0000 0.0000 0.0001 0.0000 0.0000 0.0000 0.0000 -0.0013 -0.0008 0.0000 -0.0004 0.0001 0.0000 0.0000 0.0000 0.0000 0.0000 0.0000 0.0000 0.0002 -0.0001 0.0000 -0.0006 0.0003 0.0000 0.0004 -0.0006 0.0000 0.0000 0.0001 0.0000 0.0000 0.0000 0.0000 -0.0010 -0.0002 0.0000 0.0002 30.0001 -0.0001 0.0005 -29.9998 0.0000 0.0000 0.0000 -4.0331 -2.6240 -3.1525 -4.0331 -2.6240 -3.1525 -36.4598 75.3312 65.8077 -38.8807 49.9592 -21.5188 -49.3511 13.1253 -74.4717 1.1864 1.7093 0.0615 0.0000 -0.0001 0.0001 0.0000 0.0000 0.0000 0.0000 -0.0006 0.0003 0.0000 -0.0001 0.0001 0.0000 0.0000 0.0000 0.0000 0.0000 0.0000 0.0000 0.0007 0.0001 0.0000 -0.0012 0.0001 0.0000 -0.0008 0.0003 0.0000 0.0001 0.0000 0.0000 0.0000 0.0000 0.0000 -0.0009 0.0000 0.0000 0.0002 -29.9996 -0.0001 -0.0003 29.9996 0.0000 0.0000 0.0000 -13.2835 -36.2288 -123.9711 0.2663 -20.9194 0.0338 7.0800 54.8324 24.5081 0.0000 25.3510 0.0000 -1.7160 -5.1175 164.3557 0.7680 -28.6780 -0.2784 -35.5398 79.6621 -60.1299 0.0000 25.3508 -0.0001 
27.8277 92.0793 -38.3684 13.9983 -11.3324 14.4261 2.2739 6.5741 -1.0780 2.2824 6.5994 -1.0817 2.2806 6.5940 -1.0809 18.1749 76.3404 -84.1752 55.9570 49.6972 25.6159 36.7289 -2.9503 77.0403 -0.9819 1.3391 -0.1008 0.0000 0.0000 0.0001 0.0000 0.0000 0.0000 0.0000 -0.0013 -0.0008 0.0000 -0.0004 0.0001 0.0000 0.0000 0.0000 0.0000 0.0000 0.0000 0.0000 0.0003 0.0000 0.0000 -0.0006 0.0003 0.0000 0.0004 -0.0006 0.0000 0.0000 0.0001 0.0000 0.0000 0.0000 0.0000 -0.0010 -0.0002 0.0000 0.0002 30.0001 -0.0001 0.0005 -29.9998 0.0000 0.0000 0.0000 -4.0010 -2.6980 -3.1062 -4.0010 -2.6980 -3.1062 -36.2976 75.3448 65.9615 -38.6957 50.0574 -21.4141 -49.3346 13.1183 -74.4351 1.1906 1.7132 0.0736 0.0000 -0.0001 0.0001 0.0000 0.0000 0.0000 0.0000 -0.0006 0.0003 0.0000 -0.0001 0.0001 0.0000 0.0000 0.0000 0.0000 0.0000 0.0000 0.0000 0.0007 0.0001 0.0000 -0.0011 0.0001 0.0000 -0.0008 0.0003 0.0000 0.0001 0.0000 0.0000 0.0000 0.0000 0.0000 -0.0008 0.0000 0.0000 0.0002 -29.9997 -0.0001 -0.0003 29.9996 0.0000 0.0000 0.0000 -13.6843 -35.3136 -124.3742 0.2359 -21.4809 0.0381 5.2549 54.8183 23.2755 0.0000 25.3510 0.0000 -1.7406 -5.1872 164.4333 0.7725 -28.7018 -0.2798 -36.4085 79.6822 -60.8531 0.0000 25.3508 -0.0001 
27.8779 92.0625 -38.2660 13.9194 -11.2009 14.2936 2.2503 6.5395 -1.0625 2.2586 6.5643 -1.0661 2.2569 6.5593 -1.0654 17.9633 76.2052 -84.2707 56.0823 49.4380 25.6874 36.9428 -2.7565 76.8476 -0.9750 1.3330 -0.0787 0.0000 0.0000 0.0001 0.0000 0.0000 0.0000 0.0000 -0.0013 -0.0008 0.0000 -0.0004 0.0001 0.0000 0.0000 0.0000 0.0000 0.0000 0.0000 0.0000 0.0002 0.0000 0.0000 -0.0006 0.0003 0.0000 0.0004 -0.0006 0.0000 0.0000 0.0001 0.0000 0.0000 0.0000 0.0000 -0.0010 -0.0002 0.0000 0.0002 30.0001 -0.0001 0.0005 -29.9998 0.0000 0.0000 0.0000 -3.9772 -2.8007 -3.0417 -3.9772 -2.8007 -3.0417 -36.1150 75.3572 66.1447 -38.5629 50.1318 -21.3455 -49.2992 13.1232 -74.4096 1.1945 1.7163 0.0855 0.0000 -0.0001 0.0001 0.0000 0.0000 0.0000 0.0000 -0.0006 0.0003 0.0000 -0.0001 0.0001 0.0000 0.0000 0.0000 0.0000 0.0000 0.0000 0.0000 0.0007 0.0001 0.0000 -0.0012 0.0001 0.0000 -0.0008 0.0003 0.0000 0.0001 0.0000 0.0000 0.0000 0.0000 0.0000 -0.0009 0.0000 0.0000 0.0002 -29.9997 -0.0001 -0.0003 29.9996 0.0000 0.0000 0.0000 -13.9602 -34.4076 -125.1032 0.1959 -22.1720 0.0445 3.3909 54.9163 21.9853 0.0000 25.3510 0.0000 -1.8314 -5.2795 164.5458 0.7747 -28.7110 -0.2804 -37.1619 79.6810 -61.4373 0.0000 25.3508 -0.0001 
27.8870 92.0376 -38.1921 13.8801 -11.0766 14.1286 2.2183 6.5078 -1.0393 2.2264 6.5322 -1.0427 2.2248 6.5275 -1.0420 17.7425 76.0809 -84.3953 56.2151 49.1780 25.7549 37.1644 -2.5662 76.6455 -0.9666 1.3251 -0.0561 0.0000 0.0000 0.0001 0.0000 0.0000 0.0000 0.0000 -0.0013 -0.0008 0.0000 -0.0004 0.0001 0.0000 0.0000 0.0000 0.0000 0.0000 0.0000 0.0000 0.0002 -0.0001 0.0000 -0.0006 0.0003 0.0000 0.0004 -0.0006 0.0000 0.0000 0.0001 0.0000 0.0000 0.0000 0.0000 -0.0010 -0.0002 0.0000 0.0002 30.0001 -0.0001 0.0005 -29.9998 0.0000 0.0000 0.0000 -3.9633 -2.9141 -2.9674 -3.9633 -2.9141 -2.9674 -35.9371 75.3620 66.3220 -38.4708 50.1942 -21.2988 -49.2540 13.1413 -74.3910 1.1979 1.7188 0.0967 0.0000 -0.0001 0.0001 0.0000 0.0000 0.0000 0.0000 -0.0006 0.0003 0.0000 -0.0001 0.0001 0.0000 0.0000 0.0000 0.0000 0.0000 0.0000 0.0000 0.0007 0.0001 0.0000 -0.0012 0.0001 0.0000 -0.0008 0.0003 0.0000 0.0001 0.0000 0.0000 0.0000 0.0000 0.0000 -0.0009 0.0000 0.0000 0.0002 -29.9997 -0.0001 -0.0003 29.9996 0.0000 0.0000 0.0000 -14.0568 -33.5916 -126.1092 0.1521 -22.9261 0.0520 1.5542 55.0550 20.5863 0.0000 25.3510 0.0000 -1.9649 -5.3947 164.7006 0.7776 -28.7171 -0.2812 -37.8859 79.6648 -61.9862 0.0000 25.3508 -0.0001 
27.8371 92.0069 -38.1285 13.8813 -10.9494 13.9236 2.1807 6.4704 -1.0068 2.1886 6.4944 -1.0101 2.1871 6.4900 -1.0095 17.5676 75.9774 -84.5092 56.3478 48.9315 25.8098 37.4001 -2.3953 76.4560 -0.9565 1.3148 -0.0334 0.0000 0.0000 0.0001 0.0000 0.0000 0.0000 0.0000 -0.0013 -0.0008 0.0000 -0.0004 0.0001 0.0000 0.0000 0.0000 0.0000 0.0000 0.0000 0.0000 0.0003 0.0000 0.0000 -0.0007 0.0003 0.0000 0.0004 -0.0006 0.0000 0.0000 0.0001 0.0000 0.0000 0.0000 0.0000 -0.0010 -0.0002 0.0000 0.0002 30.0001 -0.0001 0.0005 -29.9998 0.0000 0.0000 0.0000 -3.9622 -3.0154 -2.8820 -3.9622 -3.0154 -2.8820 -35.7481 75.3798 66.4965 -38.3837 50.2477 -21.2406 -49.1953 13.1657 -74.3693 1.2004 1.7203 0.1069 0.0000 -0.0001 0.0001 0.0000 0.0000 0.0000 0.0000 -0.0006 0.0003 0.0000 -0.0001 0.0001 0.0000 0.0000 0.0000 0.0000 0.0000 0.0000 0.0000 0.0007 0.0001 0.0000 -0.0012 0.0001 0.0000 -0.0008 0.0003 0.0000 0.0001 0.0000 0.0000 0.0000 0.0000 0.0000 -0.0009 0.0000 0.0000 0.0002 -29.9996 -0.0001 -0.0003 29.9996 0.0000 0.0000 0.0000 -13.8366 -32.9455 -127.4630 0.1158 -23.7436 0.0585 -0.1961 55.2216 19.0235 0.0000 25.3510 0.0000 -2.1257 -5.5290 164.9280 0.7882 -28.7260 -0.2839 -38.5830 79.6460 -62.5103 0.0000 25.3508 -0.0001 
27.7568 91.9777 -38.0625 13.9058 -10.8150 13.7029 2.1443 6.4240 -0.9729 2.1519 6.4474 -0.9759 2.1506 6.4435 -0.9754 17.4378 75.8779 -84.5702 56.4572 48.7195 25.8481 37.6379 -2.2273 76.2845 -0.9470 1.3050 -0.0124 0.0000 0.0000 0.0001 0.0000 0.0000 0.0000 0.0000 -0.0013 -0.0008 0.0000 -0.0004 0.0001 0.0000 0.0000 0.0000 0.0000 0.0000 0.0000 0.0000 0.0003 0.0000 0.0000 -0.0006 0.0003 0.0000 0.0004 -0.0006 0.0000 0.0000 0.0001 0.0000 0.0000 0.0000 0.0000 -0.0010 -0.0002 0.0000 0.0002 30.0001 -0.0001 0.0005 -29.9998 0.0000 0.0000 0.0000 -3.9690 -3.0920 -2.7888 -3.9690 -3.0920 -2.7888 -35.5608 75.4286 66.6755 -38.2883 50.2844 -21.1702 -49.1060 13.1716 -74.3418 1.2023 1.7214 0.1160 0.0000 -0.0001 0.0001 0.0000 0.0000 0.0000 0.0000 -0.0006 0.0003 0.0000 -0.0001 0.0001 0.0000 0.0000 0.0000 0.0000 0.0000 0.0000 0.0000 0.0007 0.0001 0.0000 -0.0012 0.0001 0.0000 -0.0008 0.0003 0.0000 0.0001 0.0000 0.0000 0.0000 0.0000 0.0000 -0.0009 0.0000 0.0000 0.0002 -29.9996 -0.0001 -0.0003 29.9996 0.0000 0.0000 0.0000 -13.3517 -32.4857 -129.0777 0.0885 -24.7090 0.0634 -1.8421 55.5024 17.3788 0.0000 25.3510 0.0000 -2.2838 -5.6654 165.1966 0.8047 -28.7322 -0.2882 -39.2321 79.6251 -62.9996 0.0000 25.3508 -0.0001 
27.6700 91.9496 -38.0095 13.9513 -10.6763 13.4769 2.1087 6.3706 -0.9414 2.1161 6.3933 -0.9443 2.1150 6.3899 -0.9439 17.3371 75.7888 -84.5868 56.5489 48.5397 25.8905 37.8712 -2.0613 76.1077 -0.9378 1.2958 0.0071 0.0000 0.0000 0.0001 0.0000 0.0000 0.0000 0.0000 -0.0013 -0.0008 0.0000 -0.0004 0.0001 0.0000 0.0000 0.0000 0.0000 0.0000 0.0000 0.0000 0.0003 0.0000 0.0000 -0.0006 0.0003 0.0000 0.0004 -0.0006 0.0000 0.0000 0.0001 0.0000 0.0000 0.0000 0.0000 -0.0010 -0.0002 0.0000 0.0003 30.0001 -0.0001 0.0005 -29.9998 0.0000 0.0000 0.0000 -3.9883 -3.1467 -2.6890 -3.9883 -3.1467 -2.6890 -35.4015 75.4985 66.8398 -38.1944 50.3133 -21.0994 -48.9873 13.1638 -74.3127 1.2042 1.7225 0.1250 0.0000 -0.0001 0.0001 0.0000 0.0000 0.0000 0.0000 -0.0006 0.0003 0.0000 -0.0001 0.0001 0.0000 0.0000 0.0000 0.0000 0.0000 0.0000 0.0000 0.0007 0.0001 0.0000 -0.0012 0.0001 0.0000 -0.0008 0.0003 0.0000 0.0001 0.0000 0.0000 0.0000 0.0000 0.0000 -0.0009 0.0000 0.0000 0.0002 -29.9997 -0.0001 -0.0003 29.9996 0.0000 0.0000 0.0000 -12.6081 -32.2671 -130.9327 0.0670 -25.9211 0.0674 -3.4044 55.9076 15.5922 0.0000 25.3510 0.0000 -2.4349 -5.8034 165.4762 0.8200 -28.7250 -0.2920 -39.8034 79.5946 -63.4336 0.0000 25.3508 -0.0001 
27.6006 91.9289 -37.9839 14.0289 -10.5386 13.2559 2.0732 6.3061 -0.9167 2.0802 6.3280 -0.9195 2.0793 6.3252 -0.9191 17.2430 75.7396 -84.5737 56.6234 48.3734 25.9431 38.0794 -1.8890 75.9046 -0.9278 1.2862 0.0268 0.0000 0.0000 0.0001 0.0000 0.0000 0.0000 0.0000 -0.0013 -0.0008 0.0000 -0.0004 0.0001 0.0000 0.0000 0.0000 0.0000 0.0000 0.0000 0.0000 0.0003 -0.0001 0.0000 -0.0006 0.0003 0.0000 0.0004 -0.0006 0.0000 0.0000 0.0001 0.0000 0.0000 0.0000 0.0000 -0.0010 -0.0002 0.0000 0.0003 30.0001 -0.0001 0.0005 -29.9998 0.0000 0.0000 0.0000 -4.0292 -3.1702 -2.5850 -4.0292 -3.1702 -2.5850 -35.3793 75.5851 66.8924 -38.0646 50.3694 -20.9866 -48.8821 13.1514 -74.3202 1.2063 1.7227 0.1347 0.0000 -0.0001 0.0001 0.0000 0.0000 0.0000 0.0000 -0.0006 0.0003 0.0000 -0.0001 0.0001 0.0000 0.0000 0.0000 0.0000 0.0000 0.0000 0.0000 0.0007 0.0001 0.0000 -0.0011 0.0001 0.0000 -0.0008 0.0003 0.0000 0.0001 0.0000 0.0000 0.0000 0.0000 0.0000 -0.0009 0.0000 0.0000 0.0002 -29.9997 -0.0001 -0.0003 29.9996 0.0000 0.0000 0.0000 -11.4911 -32.4577 -133.1394 0.0616 -27.6682 0.0676 -4.7919 56.5557 13.6131 0.0000 25.3510 0.0000 -2.5700 -5.9344 165.7376 0.8242 -28.6884 -0.2928 -40.1689 79.5613 -63.7015 0.0000 25.3508 -0.0001 
27.5410 91.9113 -37.9715 14.1331 -10.4079 13.0449 2.0400 6.2325 -0.8951 2.0468 6.2537 -0.8977 2.0460 6.2514 -0.8974 17.1146 75.7369 -84.5710 56.6828 48.1880 25.9921 38.2518 -1.7070 75.6914 -0.9175 1.2764 0.0480 0.0000 0.0000 0.0001 0.0000 0.0000 0.0000 0.0000 -0.0013 -0.0008 0.0000 -0.0004 0.0001 0.0000 0.0000 0.0000 0.0000 0.0000 0.0000 0.0000 0.0002 0.0000 0.0000 -0.0006 0.0003 0.0000 0.0004 -0.0006 0.0000 0.0000 0.0001 0.0000 0.0000 0.0000 0.0000 -0.0010 -0.0002 0.0000 0.0002 30.0001 -0.0001 0.0005 -29.9998 0.0000 0.0000 0.0000 -4.0861 -3.1735 -2.4872 -4.0861 -3.1735 -2.4872 -35.5127 75.6792 66.8152 -37.8981 50.4668 -20.8321 -48.7952 13.1572 -74.3683 1.2086 1.7215 0.1465 0.0000 -0.0001 0.0001 0.0000 0.0000 0.0000 0.0000 -0.0006 0.0003 0.0000 -0.0001 0.0001 0.0000 0.0000 0.0000 0.0000 0.0000 0.0000 0.0000 0.0007 0.0001 0.0000 -0.0012 0.0001 0.0000 -0.0008 0.0003 0.0000 0.0001 0.0000 0.0000 0.0000 0.0000 0.0000 -0.0008 0.0000 0.0000 0.0002 -29.9996 -0.0001 -0.0003 29.9996 0.0000 0.0000 0.0000 -9.2035 -33.6492 -135.8368 0.0730 -29.9048 0.0633 -4.6434 57.4706 11.8642 0.0000 25.3510 0.0000 -2.6730 -6.0458 165.9842 0.8201 -28.6345 -0.2914 -40.2752 79.5428 -63.7596 0.0000 25.3508 -0.0001 
27.4652 91.8967 -37.9709 14.2603 -10.2866 12.8399 2.0090 6.1534 -0.8710 2.0155 6.1738 -0.8735 2.0149 6.1721 -0.8733 16.9334 75.7710 -84.6044 56.7442 47.9782 26.0524 38.4082 -1.5134 75.4685 -0.9057 1.2648 0.0703 0.0000 0.0000 0.0001 0.0000 0.0000 0.0000 0.0000 -0.0013 -0.0008 0.0000 -0.0004 0.0001 0.0000 0.0000 0.0000 0.0000 0.0000 0.0000 0.0000 0.0002 0.0000 0.0000 -0.0006 0.0003 0.0000 0.0004 -0.0006 0.0000 0.0000 0.0001 0.0000 0.0000 0.0000 0.0000 -0.0010 -0.0002 0.0000 0.0002 30.0001 -0.0001 0.0005 -29.9998 0.0000 0.0000 0.0000 -4.1538 -3.1671 -2.4028 -4.1538 -3.1671 -2.4028 -35.7898 75.7737 66.6206 -37.7324 50.5887 -20.6616 -48.6982 13.1763 -74.4444 1.2115 1.7198 0.1596 0.0000 -0.0001 0.0001 0.0000 0.0000 0.0000 0.0000 -0.0006 0.0003 0.0000 -0.0001 0.0001 0.0000 0.0000 0.0000 0.0000 0.0000 0.0000 0.0000 0.0007 0.0001 0.0000 -0.0012 0.0001 0.0000 -0.0008 0.0003 0.0000 0.0001 0.0000 0.0000 0.0000 0.0000 0.0000 -0.0009 0.0000 0.0000 0.0002 -29.9997 -0.0001 -0.0003 29.9996 0.0000 0.0000 0.0000 -6.1938 -35.1488 -138.8970 0.0723 -32.5052 0.0617 -3.7723 58.6056 10.1055 0.0000 25.3510 0.0000 -2.7291 -6.1488 166.2394 0.8212 -28.5933 -0.2913 -40.2397 79.5337 -63.7336 0.0000 25.3508 -0.0001 
27.3387 91.8705 -38.0267 14.4167 -10.1862 12.6438 1.9755 6.0740 -0.8385 1.9817 6.0935 -0.8408 1.9814 6.0924 -0.8407 16.6597 75.8337 -84.7255 56.8129 47.7649 26.1195 38.5508 -1.3225 75.2507 -0.8928 1.2515 0.0915 0.0000 0.0000 0.0001 0.0000 0.0000 0.0000 0.0000 -0.0013 -0.0008 0.0000 -0.0004 0.0001 0.0000 0.0000 0.0000 0.0000 0.0000 0.0000 0.0000 0.0002 0.0000 0.0000 -0.0006 0.0003 0.0000 0.0004 -0.0006 0.0000 0.0000 0.0001 0.0000 0.0000 0.0000 0.0000 -0.0010 -0.0002 0.0000 0.0002 30.0001 -0.0001 0.0005 -29.9998 0.0000 0.0000 0.0000 -4.2283 -3.1617 -2.3446 -4.2283 -3.1617 -2.3446 -36.2649 75.8585 66.2573 -37.5870 50.7286 -20.4880 -48.5727 13.2116 -74.5503 1.2157 1.7192 0.1733 0.0000 -0.0001 0.0001 0.0000 0.0000 0.0000 0.0000 -0.0006 0.0003 0.0000 -0.0001 0.0001 0.0000 0.0000 0.0000 0.0000 0.0000 0.0000 0.0000 0.0007 0.0001 0.0000 -0.0012 0.0001 0.0000 -0.0008 0.0003 0.0000 0.0001 0.0000 0.0000 0.0000 0.0000 0.0000 -0.0008 0.0000 0.0000 0.0002 -29.9996 -0.0001 -0.0003 29.9996 0.0000 0.0000 0.0000 -3.3366 -36.1391 -142.1542 0.0749 -35.4605 0.0588 -3.7260 59.9178 7.5134 0.0000 25.3510 0.0000 -2.7222 -6.2842 166.5143 0.8456 -28.6015 -0.2976 -40.2213 79.5050 -63.7969 0.0000 25.3508 -0.0001 
27.2133 91.8313 -38.1561 14.5923 -10.1108 12.4640 1.9341 5.9985 -0.8013 1.9400 6.0173 -0.8035 1.9398 6.0167 -0.8034 16.3511 75.8975 -84.8878 56.8923 47.5720 26.1765 38.6786 -1.1299 75.0577 -0.8796 1.2375 0.1100 0.0000 0.0000 0.0001 0.0000 0.0000 0.0000 0.0000 -0.0013 -0.0008 0.0000 -0.0004 0.0001 0.0000 0.0000 0.0000 0.0000 0.0000 0.0000 0.0000 0.0002 0.0000 0.0000 -0.0007 0.0003 0.0000 0.0004 -0.0006 0.0000 0.0000 0.0001 0.0000 0.0000 0.0000 0.0000 -0.0010 -0.0002 0.0000 0.0002 30.0001 -0.0001 0.0005 -29.9998 0.0000 0.0000 0.0000 -4.3022 -3.1599 -2.3046 -4.3022 -3.1599 -2.3046 -36.8385 75.9425 65.8027 -37.4166 50.8755 -20.2868 -48.4468 13.2402 -74.6541 1.2203 1.7194 0.1856 0.0000 -0.0001 0.0001 0.0000 0.0000 0.0000 0.0000 -0.0006 0.0003 0.0000 -0.0001 0.0001 0.0000 0.0000 0.0000 0.0000 0.0000 0.0000 0.0000 0.0007 0.0001 0.0000 -0.0012 0.0001 0.0000 -0.0008 0.0003 0.0000 0.0001 0.0000 0.0000 0.0000 0.0000 0.0000 -0.0009 0.0000 0.0000 0.0002 -29.9996 -0.0001 -0.0003 29.9996 0.0000 0.0000 0.0000 -0.7628 -36.4923 -145.4826 0.0653 -38.5280 0.0600 -4.5198 61.2819 4.1145 0.0000 25.3510 0.0000 -2.6793 -6.4565 166.7652 0.8736 -28.6498 -0.3051 -40.1612 79.4627 -63.8521 0.0000 25.3508 -0.0001 
27.1292 91.7919 -38.3265 14.7829 -10.0609 12.3058 1.8817 5.9297 -0.7629 1.8873 5.9477 -0.7649 1.8873 5.9476 -0.7649 16.0341 75.9470 -85.0659 56.9758 47.4158 26.2134 38.8033 -0.9384 74.8924 -0.8665 1.2229 0.1255 0.0000 0.0000 0.0001 0.0000 0.0000 0.0000 0.0000 -0.0013 -0.0008 0.0000 -0.0004 0.0001 0.0000 0.0000 0.0000 0.0000 0.0000 0.0000 0.0000 0.0003 0.0000 0.0000 -0.0006 0.0003 0.0000 0.0004 -0.0006 0.0000 0.0000 0.0001 0.0000 0.0000 0.0000 0.0000 -0.0010 -0.0002 0.0000 0.0002 30.0001 -0.0001 0.0005 -29.9998 0.0000 0.0000 0.0000 -4.3678 -3.1612 -2.2794 -4.3678 -3.1612 -2.2794 -37.4394 76.0244 65.3237 -37.2197 51.0135 -20.0702 -48.3195 13.2564 -74.7314 1.2253 1.7216 0.1961 0.0000 -0.0001 0.0001 0.0000 0.0000 0.0000 0.0000 -0.0006 0.0003 0.0000 -0.0001 0.0001 0.0000 0.0000 0.0000 0.0000 0.0000 0.0000 0.0000 0.0007 0.0001 0.0000 -0.0012 0.0001 0.0000 -0.0008 0.0003 0.0000 0.0001 0.0000 0.0000 0.0000 0.0000 0.0000 -0.0008 0.0000 0.0000 0.0002 -29.9997 -0.0001 -0.0003 29.9996 0.0000 0.0000 0.0000 1.4701 -36.2638 -148.7970 0.0363 -41.6268 0.0690 -6.1431 62.6520 -0.0702 0.0000 25.3510 0.0000 -2.6252 -6.6286 166.9636 0.8894 -28.7107 -0.3097 -40.0185 79.4264 -63.8402 0.0000 25.3508 -0.0001 
27.1276 91.7626 -38.4790 14.9825 -10.0417 12.1735 1.8138 5.8684 -0.7216 1.8190 5.8858 -0.7235 1.8192 5.8862 -0.7235 15.7282 75.9633 -85.2382 57.0680 47.3449 26.2135 38.9329 -0.7624 74.7503 -0.8536 1.2081 0.1365 0.0000 0.0000 0.0001 0.0000 0.0000 0.0000 0.0000 -0.0013 -0.0008 0.0000 -0.0004 0.0001 0.0000 0.0000 0.0000 0.0000 0.0000 0.0000 0.0000 0.0003 0.0000 0.0000 -0.0006 0.0003 0.0000 0.0004 -0.0006 0.0000 0.0000 0.0001 0.0000 0.0000 0.0000 0.0000 -0.0010 -0.0002 0.0000 0.0003 30.0001 -0.0001 0.0005 -29.9998 0.0000 0.0000 0.0000 -4.4183 -3.1605 -2.2707 -4.4183 -3.1604 -2.2707 -38.0083 76.1129 64.8780 -37.0288 51.1235 -19.8838 -48.1648 13.2554 -74.7340 1.2292 1.7252 0.2032 0.0000 -0.0001 0.0001 0.0000 0.0000 0.0000 0.0000 -0.0006 0.0003 0.0000 -0.0001 0.0001 0.0000 0.0000 0.0000 0.0000 0.0000 0.0000 0.0000 0.0007 0.0001 0.0000 -0.0012 0.0001 0.0000 -0.0008 0.0003 0.0000 0.0001 0.0000 0.0000 0.0000 0.0000 0.0000 -0.0008 0.0000 0.0000 0.0002 -29.9997 -0.0001 -0.0003 29.9996 0.0000 0.0000 0.0000 3.2951 -35.4779 -152.0220 0.0750 -44.6899 0.0520 -8.8810 63.9733 -5.3291 0.0000 25.3510 0.0000 -2.5710 -6.7320 167.0885 0.8868 -28.7506 -0.3093 -39.8676 79.4180 -63.8334 0.0000 25.3508 -0.0001 
27.1610 91.7538 -38.5571 15.1724 -10.0347 12.0391 1.7359 5.8083 -0.6744 1.7408 5.8250 -0.6760 1.7410 5.8259 -0.6761 15.4774 75.9540 -85.3560 57.1777 47.3526 26.1926 39.0380 -0.6093 74.6027 -0.8406 1.1931 0.1445 0.0000 0.0000 0.0001 0.0000 0.0000 0.0000 0.0000 -0.0013 -0.0008 0.0000 -0.0004 0.0001 0.0000 0.0000 0.0000 0.0000 0.0000 0.0000 0.0000 0.0002 0.0000 0.0000 -0.0006 0.0003 0.0000 0.0004 -0.0006 0.0000 0.0000 0.0001 0.0000 0.0000 0.0000 0.0000 -0.0010 -0.0002 0.0000 0.0002 30.0001 -0.0001 0.0005 -29.9998 0.0000 0.0000 0.0000 -4.4553 -3.1519 -2.2683 -4.4553 -3.1519 -2.2683 -38.4992 76.2162 64.5037 -36.8551 51.2068 -19.7390 -48.0029 13.2582 -74.7032 1.2318 1.7282 0.2094 0.0000 -0.0001 0.0001 0.0000 0.0000 0.0000 0.0000 -0.0006 0.0003 0.0000 -0.0001 0.0001 0.0000 0.0000 0.0000 0.0000 0.0000 0.0000 0.0000 0.0007 0.0001 0.0000 -0.0012 0.0001 0.0000 -0.0008 0.0003 0.0000 0.0001 0.0000 0.0000 0.0000 0.0000 0.0000 -0.0009 0.0000 0.0000 0.0002 -29.9996 -0.0001 -0.0003 29.9996 0.0000 0.0000 0.0000 4.7959 -34.3498 -155.1354 0.1454 -47.6789 0.0186 -12.4583 65.1541 -11.3504 0.0000 25.3510 0.0000 -2.5418 -6.7588 167.2018 0.8891 -28.7663 -0.3100 -40.0375 79.4378 -64.1336 0.0000 25.3508 -0.0001 
27.2200 91.7516 -38.5694 15.3504 -10.0281 11.8847 1.6523 5.7420 -0.6192 1.6569 5.7580 -0.6207 1.6572 5.7594 -0.6208 15.3086 75.9418 -85.3865 57.2925 47.4162 26.1513 39.0977 -0.4788 74.4475 -0.8287 1.1798 0.1515 0.0000 0.0000 0.0001 0.0000 0.0000 0.0000 0.0000 -0.0013 -0.0008 0.0000 -0.0004 0.0001 0.0000 0.0000 0.0000 0.0000 0.0000 0.0000 0.0000 0.0002 0.0000 0.0000 -0.0006 0.0003 0.0000 0.0004 -0.0006 0.0000 0.0000 0.0001 0.0000 0.0000 0.0000 0.0000 -0.0010 -0.0002 0.0000 0.0002 30.0001 -0.0001 0.0005 -29.9998 0.0000 0.0000 0.0000 -4.4845 -3.1292 -2.2669 -4.4844 -3.1292 -2.2669 -38.9272 76.3373 64.1890 -36.7073 51.2766 -19.6366 -47.8406 13.2605 -74.6498 1.2326 1.7294 0.2150 0.0000 -0.0001 0.0001 0.0000 0.0000 0.0000 0.0000 -0.0006 0.0003 0.0000 -0.0001 0.0001 0.0000 0.0000 0.0000 0.0000 0.0000 0.0000 0.0000 0.0007 0.0001 0.0000 -0.0012 0.0001 0.0000 -0.0008 0.0003 0.0000 0.0001 0.0000 0.0000 0.0000 0.0000 0.0000 -0.0009 0.0000 0.0000 0.0002 -29.9997 -0.0001 -0.0003 29.9996 0.0000 0.0000 0.0000 6.0417 -32.9846 -158.1862 0.1440 -50.5901 0.0148 -16.6044 66.2414 -17.8513 0.0000 25.3510 0.0000 -2.5412 -6.7287 167.3270 0.8959 -28.7568 -0.3117 -40.4563 79.4873 -64.6587 0.0000 25.3508 -0.0001 
27.3302 91.7486 -38.5239 15.5034 -10.0007 11.6838 1.5673 5.6564 -0.5497 1.5715 5.6716 -0.5510 1.5720 5.6735 -0.5511 15.2705 75.9470 -85.2798 57.3968 47.5293 26.0788 39.1038 -0.3816 74.2880 -0.8179 1.1679 0.1589 0.0000 0.0000 0.0001 0.0000 0.0000 0.0000 0.0000 -0.0013 -0.0008 0.0000 -0.0004 0.0001 0.0000 0.0000 0.0000 0.0000 0.0000 0.0000 0.0000 0.0003 0.0000 0.0000 -0.0006 0.0003 0.0000 0.0004 -0.0006 0.0000 0.0000 0.0001 0.0000 0.0000 0.0000 0.0000 -0.0010 -0.0002 0.0000 0.0002 30.0001 -0.0001 0.0005 -29.9998 0.0000 0.0000 0.0000 -4.5104 -3.0786 -2.2635 -4.5104 -3.0786 -2.2635 -39.2780 76.4805 63.9526 -36.6037 51.3378 -19.5780 -47.6864 13.2655 -74.5786 1.2301 1.7264 0.2200 0.0000 -0.0001 0.0001 0.0000 0.0000 0.0000 0.0000 -0.0006 0.0003 0.0000 -0.0001 0.0001 0.0000 0.0000 0.0000 0.0000 0.0000 0.0000 0.0000 0.0007 0.0001 0.0000 -0.0012 0.0001 0.0000 -0.0008 0.0003 0.0000 0.0001 0.0000 0.0000 0.0000 0.0000 0.0000 -0.0009 0.0000 0.0000 0.0002 -29.9996 -0.0001 -0.0003 29.9995 0.0000 0.0000 0.0000 7.0233 -31.4149 -161.1562 0.2592 -53.2578 -0.0470 -21.7541 67.1505 -25.0383 0.0000 24.7291 0.0000 -2.5800 -6.6565 167.4730 0.8979 -28.7034 -0.3117 -40.9092 79.5797 -65.1616 0.0000 25.3508 -0.0001 
27.4943 91.7345 -38.4809 15.6216 -9.9361 11.4343 1.4885 5.5477 -0.4667 1.4923 5.5619 -0.4677 1.4929 5.5644 -0.4679 15.3379 75.9692 -85.0725 57.4928 47.6613 25.9996 39.0973 -0.2929 74.1396 -0.8074 1.1563 0.1668 0.0000 0.0000 0.0001 0.0000 0.0000 0.0000 0.0000 -0.0013 -0.0008 0.0000 -0.0004 0.0001 0.0000 0.0000 0.0000 0.0000 0.0000 0.0000 0.0000 0.0002 0.0000 0.0000 -0.0006 0.0003 0.0000 0.0004 -0.0006 0.0000 0.0000 0.0001 0.0000 0.0000 0.0000 0.0000 -0.0010 -0.0002 0.0000 0.0002 30.0001 -0.0001 0.0005 -29.9998 0.0000 0.0000 0.0000 -4.5385 -3.0040 -2.2555 -4.5385 -3.0040 -2.2555 -39.5986 76.6406 63.7469 -36.5034 51.3941 -19.5094 -47.5557 13.2867 -74.5088 1.2248 1.7197 0.2239 0.0000 -0.0001 0.0001 0.0000 0.0000 0.0000 0.0000 -0.0006 0.0003 0.0000 -0.0001 0.0001 0.0000 0.0000 0.0000 0.0000 0.0000 0.0000 0.0000 0.0007 0.0001 0.0000 -0.0012 0.0001 0.0000 -0.0008 0.0003 0.0000 0.0001 0.0000 0.0000 0.0000 0.0000 0.0000 -0.0009 0.0000 0.0000 0.0002 -29.9997 -0.0001 -0.0003 29.9996 0.0000 0.0000 0.0000 8.0969 -29.5799 -164.2048 0.1049 -55.5984 0.0275 -26.7868 68.1557 -32.1494 0.0000 24.8418 0.0000 -2.6333 -6.6021 167.6306 0.8879 -28.6184 -0.3085 -41.0674 79.6931 -65.3041 0.0000 25.3508 -0.0001 
27.6878 91.7093 -38.4585 15.7040 -9.8223 11.1384 1.4168 5.4136 -0.3726 1.4202 5.4268 -0.3733 1.4210 5.4300 -0.3735 15.5162 76.0073 -84.7643 57.5979 47.8123 25.9425 39.0804 -0.2039 74.0025 -0.7973 1.1449 0.1741 0.0000 0.0000 0.0001 0.0000 0.0000 0.0000 0.0000 -0.0013 -0.0008 0.0000 -0.0004 0.0001 0.0000 0.0000 0.0000 0.0000 0.0000 0.0000 0.0000 0.0002 0.0000 0.0000 -0.0006 0.0003 0.0000 0.0004 -0.0006 0.0000 0.0000 0.0001 0.0000 0.0000 0.0000 0.0000 -0.0010 -0.0002 0.0000 0.0002 30.0001 -0.0001 0.0005 -29.9998 0.0000 0.0000 0.0000 -4.5673 -2.9117 -2.2429 -4.5673 -2.9117 -2.2429 -39.9245 76.8099 63.5368 -36.3843 51.4364 -19.4095 -47.4615 13.3313 -74.4505 1.2179 1.7110 0.2258 0.0000 -0.0001 0.0001 0.0000 0.0000 0.0000 0.0000 -0.0006 0.0003 0.0000 -0.0001 0.0001 0.0000 0.0000 0.0000 0.0000 0.0000 0.0000 0.0000 0.0007 0.0001 0.0000 -0.0012 0.0001 0.0000 -0.0008 0.0003 0.0000 0.0001 0.0000 0.0000 0.0000 0.0000 0.0000 -0.0009 0.0000 0.0000 0.0002 -29.9997 -0.0001 -0.0003 29.9996 0.0000 0.0000 0.0000 9.1250 -27.6103 -167.0819 -0.0616 -57.5379 0.1165 -31.9531 69.0167 -39.3812 0.0000 24.8773 0.0000 -2.6860 -6.5995 167.8090 0.8737 -28.5125 -0.3040 -40.9381 79.8071 -65.0992 0.0000 25.3508 -0.0001 
27.8989 91.6820 -38.4775 15.7356 -9.6114 10.7900 1.3518 5.2368 -0.2739 1.3548 5.2487 -0.2744 1.3559 5.2526 -0.2745 15.8853 76.0640 -84.2849 57.7366 47.9881 25.9509 39.0467 -0.1005 73.8786 -0.7874 1.1336 0.1800 0.0000 0.0000 0.0001 0.0000 0.0000 0.0000 0.0000 -0.0013 -0.0008 0.0000 -0.0004 0.0001 0.0000 0.0000 0.0000 0.0000 0.0000 0.0000 0.0000 0.0002 0.0000 0.0000 -0.0006 0.0003 0.0000 0.0004 -0.0006 0.0000 0.0000 0.0001 0.0000 0.0000 0.0000 0.0000 -0.0010 -0.0002 0.0000 0.0002 30.0001 -0.0001 0.0005 -29.9998 0.0000 0.0000 0.0000 -4.5881 -2.7980 -2.2130 -4.5881 -2.7980 -2.2130 -40.2532 76.9899 63.3166 -36.2376 51.4531 -19.2594 -47.4035 13.4043 -74.3936 1.2091 1.7005 0.2239 0.0000 -0.0001 0.0001 0.0000 0.0000 0.0000 0.0000 -0.0006 0.0003 0.0000 -0.0001 0.0001 0.0000 0.0000 0.0000 0.0000 0.0000 0.0000 0.0000 0.0007 0.0001 0.0000 -0.0012 0.0001 0.0000 -0.0008 0.0003 0.0000 0.0002 0.0000 0.0000 0.0000 0.0000 0.0000 -0.0008 0.0000 0.0000 0.0002 -29.9996 -0.0001 -0.0003 29.9996 0.0000 0.0000 0.0000 10.0843 -25.5522 -169.6898 -0.1075 -58.8706 0.1433 -37.1953 69.7363 -46.4228 0.0000 24.8496 0.0000 -2.7120 -6.7254 168.0198 0.8593 -28.4058 -0.2995 -40.3974 79.9130 -64.4165 0.0000 25.3508 -0.0001 
28.1103 91.6501 -38.5047 15.7163 -9.3018 10.4093 1.2930 5.0204 -0.1785 1.2957 5.0308 -0.1787 1.2969 5.0356 -0.1789 16.3992 76.1427 -83.6717 57.9226 48.1783 26.0467 38.9873 0.0304 73.7454 -0.7774 1.1223 0.1845 0.0000 0.0000 0.0001 0.0000 0.0000 0.0000 0.0000 -0.0013 -0.0008 0.0000 -0.0004 0.0001 0.0000 0.0000 0.0000 0.0000 0.0000 0.0000 0.0000 0.0002 0.0000 0.0000 -0.0006 0.0003 0.0000 0.0004 -0.0006 0.0000 0.0000 0.0001 0.0000 0.0000 0.0000 0.0000 -0.0010 -0.0002 0.0000 0.0002 30.0001 -0.0001 0.0005 -29.9998 0.0000 0.0000 0.0000 -4.5923 -2.6674 -2.1623 -4.5923 -2.6674 -2.1623 -40.5764 77.1945 63.0812 -36.0467 51.4496 -19.0563 -47.3554 13.4972 -74.3257 1.1988 1.6891 0.2191 0.0000 -0.0001 0.0001 0.0000 0.0000 0.0000 0.0000 -0.0006 0.0003 0.0000 -0.0001 0.0001 0.0000 0.0000 0.0000 0.0000 0.0000 0.0000 0.0000 0.0007 0.0001 0.0000 -0.0011 0.0001 0.0000 -0.0008 0.0003 0.0000 0.0001 0.0000 0.0000 0.0000 0.0000 0.0000 -0.0009 0.0000 0.0000 0.0002 -29.9997 -0.0001 -0.0003 29.9995 0.0000 0.0000 0.0000 10.9080 -23.4727 -171.9870 0.0748 -59.5686 0.0400 -42.2427 70.1663 -52.8663 0.0000 24.8021 0.0000 -2.6762 -6.9600 168.2710 0.8490 -28.3100 -0.2962 -39.4941 80.0226 -63.3445 0.0000 25.3508 -0.0001 
28.3267 91.6175 -38.5128 15.6434 -8.9062 9.9821 1.2456 4.7687 -0.0802 1.2479 4.7777 -0.0802 1.2493 4.7831 -0.0803 17.0031 76.2536 -82.9533 58.1495 48.3748 26.2249 38.8876 0.1864 73.5894 -0.7671 1.1111 0.1883 0.0000 0.0000 0.0001 0.0000 0.0000 0.0000 0.0000 -0.0013 -0.0008 0.0000 -0.0004 0.0001 0.0000 0.0000 0.0000 0.0000 0.0000 0.0000 0.0000 0.0002 0.0000 0.0000 -0.0006 0.0003 0.0000 0.0004 -0.0006 0.0000 0.0000 0.0001 0.0000 0.0000 0.0000 0.0000 -0.0010 -0.0002 0.0000 0.0003 30.0001 -0.0001 0.0005 -29.9998 0.0000 0.0000 0.0000 -4.5837 -2.5223 -2.0970 -4.5837 -2.5223 -2.0970 -40.9685 77.4273 62.7612 -35.8009 51.4441 -18.8024 -47.3224 13.6076 -74.2558 1.1874 1.6766 0.2123 0.0000 -0.0001 0.0001 0.0000 0.0000 0.0000 0.0000 -0.0006 0.0003 0.0000 -0.0001 0.0001 0.0000 0.0000 0.0000 0.0000 0.0000 0.0000 0.0000 0.0007 0.0001 0.0000 -0.0012 0.0001 0.0000 -0.0008 0.0003 0.0000 0.0001 0.0000 0.0000 0.0000 0.0000 0.0000 -0.0009 0.0000 0.0000 0.0002 -29.9996 -0.0001 -0.0003 29.9996 0.0000 0.0000 0.0000 11.7072 -21.3078 -174.0735 0.0890 -59.6650 0.0318 -46.5506 70.5946 -58.3239 0.0000 24.7934 0.0000 -2.5701 -7.2670 168.5816 0.8406 -28.2272 -0.2934 -38.2263 80.1586 -61.9056 0.0000 25.3508 -0.0001 
28.5543 91.5687 -38.4555 15.5061 -8.3976 9.4537 1.2185 4.4663 0.0331 1.2205 4.4737 0.0333 1.2222 4.4797 0.0334 17.7398 76.4431 -82.0826 58.4315 48.5427 26.5364 38.7176 0.3419 73.3995 -0.7560 1.0993 0.1934 0.0000 0.0000 0.0001 0.0000 0.0000 0.0000 0.0000 -0.0013 -0.0008 0.0000 -0.0004 0.0001 0.0000 0.0000 0.0000 0.0000 0.0000 0.0000 0.0000 0.0002 0.0000 0.0000 -0.0006 0.0003 0.0000 0.0004 -0.0006 0.0000 0.0000 0.0001 0.0000 0.0000 0.0000 0.0000 -0.0010 -0.0002 0.0000 0.0003 30.0001 -0.0001 0.0005 -29.9998 0.0000 0.0000 0.0000 -4.5665 -2.3578 -2.0224 -4.5665 -2.3578 -2.0224 -41.5630 77.7076 62.2201 -35.4672 51.4583 -18.4676 -47.3175 13.7256 -74.2056 1.1746 1.6622 0.2032 0.0000 -0.0001 0.0001 0.0000 0.0000 0.0000 0.0000 -0.0006 0.0003 0.0000 -0.0001 0.0001 0.0000 0.0000 0.0000 0.0000 0.0000 0.0000 0.0000 0.0007 0.0001 0.0000 -0.0012 0.0001 0.0000 -0.0008 0.0003 0.0000 0.0001 0.0000 0.0000 0.0000 0.0000 0.0000 -0.0009 0.0000 0.0000 0.0002 -29.9997 -0.0001 -0.0003 29.9996 0.0000 0.0000 0.0000 12.4552 -19.0262 -175.8724 -0.0204 -58.8693 0.0942 -50.2538 71.0579 -62.6154 0.0000 24.8187 0.0000 -2.3802 -7.6201 169.0081 0.8282 -28.1257 -0.2895 -36.3448 80.3604 -59.8809 0.0000 25.3508 -0.0001 
28.7652 91.5048 -38.3347 15.3247 -7.8146 8.8315 1.2095 4.1334 0.1639 1.2112 4.1393 0.1642 1.2132 4.1459 0.1645 18.5416 76.6840 -81.1219 58.6942 48.6752 26.8884 38.5301 0.4587 73.2098 -0.7460 1.0890 0.2008 0.0000 0.0000 0.0001 0.0000 0.0000 0.0000 0.0000 -0.0013 -0.0008 0.0000 -0.0004 0.0001 0.0000 0.0000 0.0000 0.0000 0.0000 0.0000 0.0000 0.0003 0.0000 0.0000 -0.0006 0.0003 0.0000 0.0004 -0.0006 0.0000 0.0000 0.0001 0.0000 0.0000 0.0000 0.0000 -0.0010 -0.0002 0.0000 0.0002 30.0001 -0.0001 0.0005 -29.9998 0.0000 0.0000 0.0000 -4.5515 -2.1875 -1.9375 -4.5515 -2.1875 -1.9375 -42.2871 78.0223 61.5456 -35.0811 51.4833 -18.0836 -47.3207 13.8422 -74.1746 1.1612 1.6465 0.1936 0.0000 -0.0001 0.0001 0.0000 0.0000 0.0000 0.0000 -0.0006 0.0003 0.0000 -0.0001 0.0001 0.0000 0.0000 0.0000 0.0000 0.0000 0.0000 0.0000 0.0007 0.0001 0.0000 -0.0012 0.0001 0.0000 -0.0008 0.0003 0.0000 0.0001 0.0000 0.0000 0.0000 0.0000 0.0000 -0.0009 0.0000 0.0000 0.0002 -29.9996 -0.0001 -0.0003 29.9996 0.0000 0.0000 0.0000 13.1402 -16.8468 -177.3260 -0.0022 -57.4551 0.0839 -53.4587 71.3870 -65.9213 0.0000 24.8642 0.0000 -2.1263 -7.9649 169.5493 0.8086 -27.9575 -0.2834 -33.8755 80.5985 -57.3264 0.0000 25.3508 -0.0001 
28.9327 91.4356 -38.1775 15.1137 -7.1886 8.1314 1.2097 3.7861 0.3094 1.2112 3.7908 0.3099 1.2134 3.7976 0.3105 19.4268 76.9487 -80.0697 58.9350 48.7823 27.2718 38.3595 0.5449 73.0315 -0.7366 1.0792 0.2094 0.0000 0.0000 0.0001 0.0000 0.0000 0.0000 0.0000 -0.0013 -0.0008 0.0000 -0.0004 0.0001 0.0000 0.0000 0.0000 0.0000 0.0000 0.0000 0.0000 0.0002 0.0000 0.0000 -0.0006 0.0003 0.0000 0.0004 -0.0006 0.0000 0.0000 0.0001 0.0000 0.0000 0.0000 0.0000 -0.0010 -0.0002 0.0000 0.0002 30.0001 -0.0002 0.0005 -29.9998 0.0000 0.0000 0.0000 -4.5391 -2.0232 -1.8405 -4.5391 -2.0232 -1.8405 -43.0438 78.3666 60.8359 -34.6556 51.4903 -17.6585 -47.3136 13.9463 -74.1505 1.1478 1.6310 0.1830 0.0000 -0.0001 0.0001 0.0000 0.0000 0.0000 0.0000 -0.0006 0.0003 0.0000 -0.0001 0.0001 0.0000 0.0000 0.0000 0.0000 0.0000 0.0000 0.0000 0.0007 0.0001 0.0000 -0.0012 0.0001 0.0000 -0.0008 0.0003 0.0000 0.0001 0.0000 0.0000 0.0000 0.0000 0.0000 -0.0009 0.0000 0.0000 0.0002 -29.9996 -0.0001 -0.0003 29.9996 0.0000 0.0000 0.0000 13.8520 -14.8031 -178.4514 0.0258 -55.5553 0.0692 -55.7987 71.6544 -68.0776 0.0000 24.9179 0.0000 -1.8064 -8.2924 170.2003 0.7857 -27.7197 -0.2760 -30.8922 80.8307 -54.3367 0.0000 25.3508 -0.0001 
28.9779 91.3636 -38.0269 14.8970 -6.5514 7.3505 1.2074 3.4418 0.4557 1.2087 3.4455 0.4562 1.2111 3.4522 0.4572 20.5070 77.2120 -78.8229 59.1039 48.8576 27.6204 38.2651 0.5992 72.9111 -0.7292 1.0712 0.2213 0.0000 0.0000 0.0001 0.0000 0.0000 0.0000 0.0000 -0.0013 -0.0008 0.0000 -0.0004 0.0001 0.0000 0.0000 0.0000 0.0000 0.0000 0.0000 0.0000 0.0002 0.0000 0.0000 -0.0006 0.0003 0.0000 0.0004 -0.0006 0.0000 0.0000 0.0001 0.0000 0.0000 0.0000 0.0000 -0.0010 -0.0002 0.0000 0.0002 30.0001 -0.0001 0.0005 -29.9998 0.0000 0.0000 0.0000 -4.5302 -1.8864 -1.7140 -4.5302 -1.8864 -1.7140 -43.7659 78.7515 60.1675 -34.1946 51.4736 -17.2093 -47.3005 14.0174 -74.1302 1.1341 1.6148 0.1720 0.0000 -0.0001 0.0001 0.0000 0.0000 0.0000 0.0000 -0.0006 0.0003 0.0000 -0.0001 0.0001 0.0000 0.0000 0.0000 0.0000 0.0000 0.0000 0.0000 0.0007 0.0001 0.0000 -0.0011 0.0001 0.0000 -0.0008 0.0003 0.0000 0.0001 0.0000 0.0000 0.0000 0.0000 0.0000 -0.0009 0.0000 0.0000 0.0002 -29.9997 -0.0001 -0.0003 29.9996 0.0000 0.0000 0.0000 14.6236 -12.8935 -179.1741 0.0599 -52.9806 0.0529 -57.0402 71.8737 -68.6740 0.0000 24.9684 0.0000 -1.4180 -8.6110 171.0118 0.7805 -27.4140 -0.2725 -27.4950 80.9912 -51.0422 0.0000 25.3508 -0.0001 
28.9206 91.2951 -37.9758 14.7290 -5.9467 6.5642 1.1864 3.1276 0.5780 1.1875 3.1304 0.5786 1.1900 3.1370 0.5799 21.6834 77.4374 -77.4907 59.2454 48.8697 27.9680 38.2332 0.6684 72.8329 -0.7239 1.0655 0.2355 0.0000 0.0000 0.0001 0.0000 0.0000 0.0000 0.0000 -0.0013 -0.0008 0.0000 -0.0004 0.0001 0.0000 0.0000 0.0000 0.0000 0.0000 0.0000 0.0000 0.0002 0.0000 0.0000 -0.0006 0.0003 0.0000 0.0004 -0.0006 0.0000 0.0000 0.0001 0.0000 0.0000 0.0000 0.0000 -0.0010 -0.0002 0.0000 0.0002 30.0001 -0.0001 0.0005 -29.9998 0.0000 0.0000 0.0000 -4.5272 -1.7926 -1.5471 -4.5272 -1.7926 -1.5471 -44.3445 79.1436 59.6704 -33.7004 51.4508 -16.7526 -47.2965 14.0371 -74.1004 1.1213 1.5993 0.1635 0.0000 -0.0001 0.0001 0.0000 0.0000 0.0000 0.0000 -0.0006 0.0003 0.0000 -0.0001 0.0001 0.0000 0.0000 0.0000 0.0000 0.0000 0.0000 0.0000 0.0007 0.0001 0.0000 -0.0012 0.0001 0.0000 -0.0008 0.0003 0.0000 0.0001 0.0000 0.0000 0.0000 0.0000 0.0000 -0.0009 0.0000 0.0000 0.0002 -29.9997 -0.0001 -0.0003 29.9996 0.0000 0.0000 0.0000 15.4290 -11.0020 -179.6414 0.0690 -49.9211 0.0507 -57.4624 72.1273 -68.1128 0.0000 25.0077 0.0000 -1.0055 -8.9974 171.8798 0.7960 -27.1427 -0.2742 -23.9797 81.0437 -47.7161 0.0000 25.3508 -0.0001 
28.8092 91.2164 -38.0449 14.6157 -5.3738 5.7940 1.1480 2.8516 0.6698 1.1489 2.8538 0.6703 1.1516 2.8602 0.6719 22.8613 77.6017 -76.1608 59.4012 48.8101 28.3290 38.2502 0.7757 72.7741 -0.7195 1.0613 0.2515 0.0000 0.0000 0.0001 0.0000 0.0000 0.0000 0.0000 -0.0013 -0.0008 0.0000 -0.0004 0.0001 0.0000 0.0000 0.0000 0.0000 0.0000 0.0000 0.0000 0.0003 0.0000 0.0000 -0.0006 0.0003 0.0000 0.0004 -0.0006 0.0000 0.0000 0.0001 0.0000 0.0000 0.0000 0.0000 -0.0010 -0.0002 0.0000 0.0003 30.0001 -0.0001 0.0005 -29.9998 0.0000 0.0000 0.0000 -4.5402 -1.7567 -1.3328 -4.5402 -1.7567 -1.3328 -44.6039 79.5165 59.5237 -33.1887 51.4226 -16.2941 -47.3012 14.0144 -74.0608 1.1102 1.5852 0.1595 0.0000 -0.0001 0.0001 0.0000 0.0000 0.0000 0.0000 -0.0006 0.0003 0.0000 -0.0001 0.0001 0.0000 0.0000 0.0000 0.0000 0.0000 0.0000 0.0000 0.0007 0.0001 0.0000 -0.0012 0.0001 0.0000 -0.0008 0.0003 0.0000 0.0001 0.0000 0.0000 0.0000 0.0000 0.0000 -0.0008 0.0000 0.0000 0.0002 -29.9996 -0.0001 -0.0003 29.9996 0.0000 0.0000 0.0000 16.2487 -9.0882 -179.9128 0.0704 -46.5184 0.0525 -57.5169 72.6423 -66.8945 0.0000 25.0329 0.0000 -0.6259 -9.4829 172.7420 0.8156 -26.9320 -0.2774 -20.4116 81.0006 -44.3619 0.0000 25.3508 -0.0001 
28.7080 91.1267 -38.2320 14.5947 -4.8634 5.0463 1.0928 2.6441 0.7138 1.0936 2.6459 0.7143 1.0962 2.6521 0.7160 23.9495 77.6661 -74.9049 59.6504 48.6235 28.7530 38.2669 0.9531 72.7011 -0.7166 1.0599 0.2714 0.0000 0.0000 0.0001 0.0000 0.0000 0.0000 0.0000 -0.0013 -0.0008 0.0000 -0.0004 0.0001 0.0000 0.0000 0.0000 0.0000 0.0000 0.0000 0.0000 0.0002 0.0000 0.0000 -0.0006 0.0003 0.0000 0.0004 -0.0006 0.0000 0.0000 0.0001 0.0000 0.0000 0.0000 0.0000 -0.0010 -0.0002 0.0000 0.0002 30.0001 -0.0001 0.0005 -29.9998 0.0000 0.0000 0.0000 -4.5814 -1.8133 -1.0439 -4.5814 -1.8133 -1.0439 -44.2350 79.8588 60.0498 -32.6553 51.4064 -15.8334 -47.3176 13.9599 -74.0448 1.1025 1.5719 0.1674 0.0000 -0.0001 0.0001 0.0000 0.0000 0.0000 0.0000 -0.0006 0.0003 0.0000 -0.0001 0.0001 0.0000 0.0000 0.0000 0.0000 0.0000 0.0000 0.0000 0.0007 0.0001 0.0000 -0.0012 0.0001 0.0000 -0.0008 0.0003 0.0000 0.0001 0.0000 0.0000 0.0000 0.0000 0.0000 -0.0009 0.0000 0.0000 0.0002 -29.9996 -0.0001 -0.0003 29.9996 0.0000 0.0000 0.0000 16.9484 -7.1415 -179.9865 0.0633 -42.7786 0.0580 -57.3754 73.9858 -65.0370 0.0000 25.0360 0.0000 -0.2963 -10.0413 173.5427 0.8165 -26.8167 -0.2767 -16.1368 80.9164 -40.3268 0.0000 25.3508 -0.0001 
28.6694 91.0281 -38.3985 14.6575 -4.4028 4.3129 1.0346 2.4885 0.7261 1.0352 2.4900 0.7266 1.0377 2.4960 0.7284 24.9224 77.6842 -73.7357 59.9456 48.3108 29.2119 38.2171 1.1807 72.6115 -0.7161 1.0631 0.2951 0.0000 0.0000 0.0001 0.0000 0.0000 0.0000 0.0000 -0.0013 -0.0008 0.0000 -0.0004 0.0001 0.0000 0.0000 0.0000 0.0000 0.0000 0.0000 0.0000 0.0002 0.0000 0.0000 -0.0006 0.0003 0.0000 0.0004 -0.0006 0.0000 0.0000 0.0001 0.0000 0.0000 0.0000 0.0000 -0.0010 -0.0002 0.0000 0.0002 30.0001 -0.0001 0.0005 -29.9998 0.0000 0.0000 0.0000 -4.6566 -1.9322 -0.7171 -4.6566 -1.9322 -0.7171 -43.5384 80.1973 60.9424 -32.0872 51.4449 -15.3639 -47.3400 13.8939 -74.0815 1.0971 1.5572 0.1869 0.0000 -0.0001 0.0001 0.0000 0.0000 0.0000 0.0000 -0.0006 0.0003 0.0000 -0.0001 0.0001 0.0000 0.0000 0.0000 0.0000 0.0000 0.0000 0.0000 0.0007 0.0001 0.0000 -0.0012 0.0001 0.0000 -0.0008 0.0003 0.0000 0.0001 0.0000 0.0000 0.0000 0.0000 0.0000 -0.0009 0.0000 0.0000 0.0002 -29.9996 -0.0001 -0.0003 29.9996 0.0000 0.0000 0.0000 17.3982 -5.2601 -179.9511 0.0433 -38.8509 0.0675 -56.2477 75.5437 -62.1776 0.0000 25.0330 0.0000 -0.0544 -10.5290 174.2578 0.7838 -26.6900 -0.2681 -11.4284 80.8054 -35.8446 0.0000 25.3508 -0.0001 
28.6661 90.9274 -38.5022 14.7945 -3.9780 3.5844 0.9838 2.3703 0.7254 0.9843 2.3716 0.7258 0.9868 2.3774 0.7276 25.6941 77.6881 -72.7362 60.2637 47.8959 29.6889 38.1154 1.4568 72.4995 -0.7162 1.0681 0.3211 0.0000 0.0000 0.0001 0.0000 0.0000 0.0000 0.0000 -0.0013 -0.0008 0.0000 -0.0004 0.0001 0.0000 0.0000 0.0000 0.0000 0.0000 0.0000 0.0000 0.0002 0.0000 0.0000 -0.0006 0.0003 0.0000 0.0004 -0.0006 0.0000 0.0000 0.0001 0.0000 0.0000 0.0000 0.0000 -0.0010 -0.0002 0.0000 0.0002 30.0001 -0.0001 0.0005 -29.9998 0.0000 0.0000 0.0000 -4.7702 -2.0919 -0.3783 -4.7702 -2.0919 -0.3783 -42.7859 80.5336 61.9357 -31.4851 51.5514 -14.8906 -47.3619 13.8062 -74.1543 1.0934 1.5418 0.2144 0.0000 -0.0001 0.0001 0.0000 0.0000 0.0000 0.0000 -0.0006 0.0003 0.0000 -0.0001 0.0001 0.0000 0.0000 0.0000 0.0000 0.0000 0.0000 0.0000 0.0007 0.0001 0.0000 -0.0012 0.0001 0.0000 -0.0008 0.0003 0.0000 0.0001 0.0000 0.0000 0.0000 0.0000 0.0000 -0.0009 0.0000 0.0000 0.0002 -29.9996 -0.0001 -0.0003 29.9996 0.0000 0.0000 0.0000 17.5221 -3.5284 -179.8442 0.0177 -34.7390 0.0772 -53.5167 76.9377 -57.7959 0.0000 25.0313 0.0000 0.1080 -10.9070 174.9326 0.7315 -26.5040 -0.2544 -6.8227 80.6520 -31.4674 0.0000 25.3508 -0.0001 
28.6360 90.8493 -38.5818 15.0315 -3.5665 2.8566 0.9508 2.2855 0.7253 0.9513 2.2867 0.7257 0.9537 2.2924 0.7276 26.1735 77.6846 -72.0115 60.5737 47.4048 30.1677 37.9833 1.7982 72.3560 -0.7163 1.0745 0.3465 0.0000 0.0000 0.0001 0.0000 0.0000 0.0000 0.0000 -0.0013 -0.0008 0.0000 -0.0004 0.0001 0.0000 0.0000 0.0000 0.0000 0.0000 0.0000 0.0000 0.0003 0.0000 0.0000 -0.0006 0.0003 0.0000 0.0004 -0.0006 0.0000 0.0000 0.0001 0.0000 0.0000 0.0000 0.0000 -0.0010 -0.0002 0.0000 0.0002 30.0001 -0.0001 0.0005 -29.9998 0.0000 0.0000 0.0000 -4.9462 -2.2996 -0.0561 -4.9462 -2.2996 -0.0561 -41.8089 80.8417 63.1980 -30.8887 51.7023 -14.3946 -47.3374 13.6576 -74.2440 1.0915 1.5269 0.2480 0.0000 -0.0001 0.0001 0.0000 0.0000 0.0000 0.0000 -0.0006 0.0003 0.0000 -0.0001 0.0001 0.0000 0.0000 0.0000 0.0000 0.0000 0.0000 0.0000 0.0007 0.0001 0.0000 -0.0012 0.0001 0.0000 -0.0008 0.0003 0.0000 0.0001 0.0000 0.0000 0.0000 0.0000 0.0000 -0.0009 0.0000 0.0000 0.0002 -29.9996 -0.0001 -0.0003 29.9996 0.0000 0.0000 0.0000 17.1101 -2.0600 -179.6398 0.0017 -30.3821 0.0823 -48.6052 77.9393 -51.4015 0.0000 25.0332 0.0000 0.1541 -11.2191 175.6248 0.6780 -26.2342 -0.2402 -3.1155 80.4261 -28.0216 0.0000 25.3508 -0.0001 
28.5413 90.7797 -38.7371 15.3179 -3.1571 2.1563 0.9359 2.2135 0.7215 0.9364 2.2146 0.7219 0.9388 2.2202 0.7238 26.6564 77.6749 -71.2975 60.7946 46.9653 30.5672 37.8908 2.1527 72.2197 -0.7167 1.0816 0.3702 0.0000 0.0000 0.0001 0.0000 0.0000 0.0000 0.0000 -0.0013 -0.0008 0.0000 -0.0004 0.0001 0.0000 0.0000 0.0000 0.0000 0.0000 0.0000 0.0000 0.0002 0.0000 0.0000 -0.0006 0.0003 0.0000 0.0004 -0.0006 0.0000 0.0000 0.0001 0.0000 0.0000 0.0000 0.0000 -0.0010 -0.0002 0.0000 0.0002 30.0001 -0.0001 0.0005 -29.9998 0.0000 0.0000 0.0000 -5.1575 -2.5122 0.2420 -5.1574 -2.5122 0.2420 -40.8616 81.1558 64.4408 -30.3565 51.8771 -13.9302 -47.2529 13.4673 -74.3231 1.0883 1.5108 0.2811 0.0000 -0.0001 0.0001 0.0000 0.0000 0.0000 0.0000 -0.0006 0.0003 0.0000 -0.0001 0.0001 0.0000 0.0000 0.0000 0.0000 0.0000 0.0000 0.0000 0.0007 0.0001 0.0000 -0.0012 0.0001 0.0000 -0.0008 0.0003 0.0000 0.0001 0.0000 0.0000 0.0000 0.0000 0.0000 -0.0008 0.0000 0.0000 0.0002 -29.9996 -0.0001 -0.0003 29.9996 0.0000 0.0000 0.0000 15.8879 -0.7809 -179.4457 -0.0253 -26.2462 0.0886 -44.1056 78.4479 -45.3335 0.0000 25.0373 0.0000 0.0526 -11.5843 176.3471 0.6529 -25.9457 -0.2326 -0.6660 80.1265 -25.7792 0.0000 25.3508 -0.0001 
28.4210 90.7215 -38.9650 15.6383 -2.7453 1.5136 0.9293 2.1451 0.7123 0.9298 2.1462 0.7127 0.9322 2.1516 0.7145 27.2030 77.6726 -70.5609 60.9276 46.6207 30.9072 37.8271 2.4959 72.0996 -0.7176 1.0890 0.3889 0.0000 0.0000 0.0001 0.0000 0.0000 0.0000 0.0000 -0.0013 -0.0008 0.0000 -0.0004 0.0001 0.0000 0.0000 0.0000 0.0000 0.0000 0.0000 0.0000 0.0002 0.0000 0.0000 -0.0006 0.0003 0.0000 0.0004 -0.0006 0.0000 0.0000 0.0001 0.0000 0.0000 0.0000 0.0000 -0.0010 -0.0002 0.0000 0.0002 30.0001 -0.0001 0.0005 -29.9998 0.0000 0.0000 0.0000 -5.3846 -2.7122 0.5093 -5.3846 -2.7122 0.5093 -40.1258 81.4863 65.4486 -29.8773 52.0557 -13.4971 -47.1140 13.2453 -74.3883 1.0837 1.4947 0.3095 0.0000 -0.0001 0.0001 0.0000 0.0000 0.0000 0.0000 -0.0006 0.0003 0.0000 -0.0001 0.0001 0.0000 0.0000 0.0000 0.0000 0.0000 0.0000 0.0000 0.0007 0.0001 0.0000 -0.0012 0.0001 0.0000 -0.0008 0.0003 0.0000 0.0001 0.0000 0.0000 0.0000 0.0000 0.0000 -0.0009 0.0000 0.0000 0.0002 -29.9996 -0.0001 -0.0003 29.9996 0.0000 0.0000 0.0000 12.7023 0.2758 -179.5597 -0.1651 -22.6793 0.1158 -43.3829 78.2471 -41.7963 0.0000 25.0415 0.0000 -0.2057 -12.0015 177.0368 0.6464 -25.6527 -0.2294 0.8689 79.7853 -24.3408 0.0000 25.3508 -0.0001 
28.3426 90.6914 -39.2758 15.9813 -2.3248 1.0059 0.9322 2.0700 0.6827 0.9326 2.0709 0.6830 0.9351 2.0763 0.6848 27.8782 77.7085 -69.7739 60.9668 46.4468 31.1673 37.7842 2.8057 72.0000 -0.7178 1.0943 0.3994 0.0000 0.0000 0.0001 0.0000 0.0000 0.0000 0.0000 -0.0013 -0.0008 0.0000 -0.0004 0.0001 0.0000 0.0000 0.0000 0.0000 0.0000 0.0000 0.0000 0.0002 -0.0001 0.0000 -0.0007 0.0003 0.0000 0.0004 -0.0006 0.0000 0.0000 0.0001 0.0000 0.0000 0.0000 0.0000 -0.0010 -0.0002 0.0000 0.0002 30.0001 -0.0001 0.0005 -29.9998 0.0000 0.0000 0.0000 -5.6181 -2.8713 0.7357 -5.6181 -2.8713 0.7357 -40.0625 81.8311 65.7255 -29.4652 52.2371 -13.1202 -46.9416 12.9983 -74.4471 1.0784 1.4806 0.3281 0.0000 -0.0001 0.0001 0.0000 0.0000 0.0000 0.0000 -0.0006 0.0003 0.0000 -0.0001 0.0001 0.0000 0.0000 0.0000 0.0000 0.0000 0.0000 0.0000 0.0007 0.0001 0.0000 -0.0012 0.0001 0.0000 -0.0008 0.0003 0.0000 0.0001 0.0000 0.0000 0.0000 0.0000 0.0000 -0.0008 0.0000 0.0000 0.0002 -29.9996 -0.0001 -0.0003 29.9996 0.0000 0.0000 0.0000 10.3022 0.9006 -179.5417 -0.1934 -20.2280 0.1171 -44.2343 77.9222 -40.9515 0.0000 25.0492 0.0000 -0.6368 -12.3645 177.5488 0.6317 -25.1515 -0.2232 2.5946 79.2735 -22.5194 0.0000 25.3508 -0.0001 
28.3018 90.7483 -39.6189 16.3126 -1.8911 0.5985 0.9482 1.9853 0.6376 0.9486 1.9861 0.6379 0.9511 1.9913 0.6396 28.6077 77.7918 -68.9869 60.9293 46.4081 31.3237 37.7145 3.0525 71.9247 -0.7180 1.0985 0.4040 0.0000 0.0000 0.0001 0.0000 0.0000 0.0000 0.0000 -0.0013 -0.0008 0.0000 -0.0004 0.0001 0.0000 0.0000 0.0000 0.0000 0.0000 0.0000 0.0000 0.0003 0.0000 0.0000 -0.0006 0.0003 0.0000 0.0004 -0.0006 0.0000 0.0000 0.0001 0.0000 0.0000 0.0000 0.0000 -0.0010 -0.0002 0.0000 0.0002 30.0001 -0.0001 0.0005 -29.9998 0.0000 0.0000 0.0000 -5.8533 -2.9911 0.9338 -5.8533 -2.9911 0.9338 -40.3035 82.1456 65.6380 -29.1424 52.4139 -12.7859 -46.7958 12.7641 -74.5173 1.0714 1.4659 0.3396 0.0000 -0.0001 0.0001 0.0000 0.0000 0.0000 0.0000 -0.0006 0.0003 0.0000 -0.0001 0.0001 0.0000 0.0000 0.0000 0.0000 0.0000 0.0000 0.0000 0.0007 0.0001 0.0000 -0.0012 0.0001 0.0000 -0.0008 0.0003 0.0000 0.0001 0.0000 0.0000 0.0000 0.0000 0.0000 -0.0009 0.0000 0.0000 0.0002 -29.9996 -0.0001 -0.0003 29.9996 0.0000 0.0000 0.0000 8.4541 1.2476 -179.5028 -0.1999 -18.2617 0.1148 -44.8832 77.7322 -40.4147 0.0000 25.0554 0.0000 -1.1215 -12.5396 177.8835 0.5935 -24.2993 -0.2101 5.3205 78.5535 -19.5831 0.0000 25.3508 -0.0001 
28.2640 90.8626 -39.9915 16.6094 -1.4407 0.2580 0.9811 1.8939 0.5865 0.9815 1.8946 0.5868 0.9841 1.8996 0.5884 29.3814 77.9029 -68.2021 60.8330 46.4923 31.3889 37.6032 3.2066 71.8739 -0.7193 1.1027 0.4034 0.0000 0.0000 0.0001 0.0000 0.0000 0.0000 0.0000 -0.0013 -0.0008 0.0000 -0.0004 0.0001 0.0000 0.0000 0.0000 0.0000 0.0000 0.0000 0.0000 0.0003 0.0000 0.0000 -0.0006 0.0003 0.0000 0.0004 -0.0006 0.0000 0.0000 0.0001 0.0000 0.0000 0.0000 0.0000 -0.0010 -0.0002 0.0000 0.0002 30.0001 -0.0001 0.0005 -29.9998 0.0000 0.0000 0.0000 -6.0892 -3.0835 1.1075 -6.0892 -3.0835 1.1075 -40.8808 82.4131 65.1660 -28.9258 52.5981 -12.5270 -46.6933 12.5691 -74.5999 1.0631 1.4504 0.3460 0.0000 -0.0001 0.0001 0.0000 0.0000 0.0000 0.0000 -0.0006 0.0003 0.0000 -0.0001 0.0001 0.0000 0.0000 0.0000 0.0000 0.0000 0.0000 0.0000 0.0007 0.0001 0.0000 -0.0011 0.0001 0.0000 -0.0008 0.0003 0.0000 0.0001 0.0000 0.0000 0.0000 0.0000 0.0000 -0.0008 0.0000 0.0000 0.0002 -29.9997 -0.0001 -0.0003 29.9996 0.0000 0.0000 0.0000 6.7779 1.5408 -179.4929 -0.2098 -16.3476 0.1128 -45.3165 77.5051 -39.7607 0.0000 25.0600 0.0000 -1.6192 -12.5449 178.0866 0.5352 -23.1051 -0.1917 8.5301 77.6009 -16.0743 0.0000 25.3508 -0.0001 
28.1729 91.0051 -40.3385 16.8347 -0.9649 -0.0249 1.0401 1.7965 0.5408 1.0404 1.7972 0.5410 1.0432 1.8019 0.5425 30.2019 78.0335 -67.4424 60.6658 46.7577 31.3254 37.4232 3.1900 71.8603 -0.7235 1.1084 0.3952 0.0000 0.0000 0.0001 0.0000 0.0000 0.0000 0.0000 -0.0013 -0.0008 0.0000 -0.0004 0.0001 0.0000 0.0000 0.0000 0.0000 0.0000 0.0000 0.0000 0.0002 0.0000 0.0000 -0.0006 0.0003 0.0000 0.0004 -0.0006 0.0000 0.0000 0.0001 0.0000 0.0000 0.0000 0.0000 -0.0010 -0.0002 0.0000 0.0002 30.0001 -0.0001 0.0005 -29.9998 0.0000 0.0000 0.0000 -6.3254 -3.1545 1.2474 -6.3254 -3.1545 1.2474 -41.7643 82.6079 64.3112 -28.8447 52.7635 -12.3840 -46.6655 12.4590 -74.7039 1.0543 1.4350 0.3468 0.0000 -0.0001 0.0001 0.0000 0.0000 0.0000 0.0000 -0.0006 0.0003 0.0000 -0.0001 0.0001 0.0000 0.0000 0.0000 0.0000 0.0000 0.0000 0.0000 0.0007 0.0001 0.0000 -0.0012 0.0001 0.0000 -0.0008 0.0003 0.0000 0.0001 0.0000 0.0000 0.0000 0.0000 0.0000 -0.0009 0.0000 0.0000 0.0002 -29.9997 -0.0001 -0.0003 29.9996 0.0000 0.0000 0.0000 5.1386 1.7462 -179.5087 -0.2215 -14.5742 0.1110 -45.9976 77.2303 -39.2587 0.0000 25.3510 0.0000 -2.0793 -12.4312 178.2018 0.4750 -21.5975 -0.1730 11.6175 76.4075 -12.6268 0.0000 25.3508 -0.0001 
28.0540 91.1156 -40.6356 17.0027 -0.4768 -0.2538 1.1154 1.7015 0.4935 1.1158 1.7021 0.4937 1.1188 1.7067 0.4950 31.0320 78.1704 -66.7226 60.4456 47.1568 31.1589 37.2143 3.0616 71.8814 -0.7292 1.1145 0.3813 0.0000 0.0000 0.0001 0.0000 0.0000 0.0000 0.0000 -0.0013 -0.0008 0.0000 -0.0004 0.0001 0.0000 0.0000 0.0000 0.0000 0.0000 0.0000 0.0000 0.0002 0.0000 0.0000 -0.0006 0.0003 0.0000 0.0004 -0.0006 0.0000 0.0000 0.0001 0.0000 0.0000 0.0000 0.0000 -0.0010 -0.0002 0.0000 0.0002 30.0001 -0.0001 0.0005 -29.9998 0.0000 0.0000 0.0000 -6.5691 -3.2257 1.3694 -6.5691 -3.2257 1.3694 -42.4722 82.7487 63.5896 -28.8907 52.8626 -12.3520 -46.6633 12.3923 -74.7808 1.0447 1.4204 0.3427 0.0000 -0.0001 0.0001 0.0000 0.0000 0.0000 0.0000 -0.0006 0.0003 0.0000 -0.0001 0.0001 0.0000 0.0000 0.0000 0.0000 0.0000 0.0000 0.0000 0.0007 0.0001 0.0000 -0.0012 0.0001 0.0000 -0.0008 0.0003 0.0000 0.0001 0.0000 0.0000 0.0000 0.0000 0.0000 -0.0009 0.0000 0.0000 0.0002 -29.9997 -0.0001 -0.0003 29.9996 0.0000 0.0000 0.0000 4.2954 1.6787 -179.4281 -0.2077 -13.3893 0.1071 -46.7008 77.2714 -39.4311 0.0000 25.3510 0.0000 -2.4385 -12.3419 178.3020 0.4358 -20.0381 -0.1594 13.8318 75.1464 -10.1227 0.0000 25.3508 -0.0001 
27.9400 91.2047 -40.9096 17.1302 0.0201 -0.4380 1.2016 1.6119 0.4415 1.2020 1.6125 0.4417 1.2052 1.6168 0.4429 31.8370 78.3079 -66.0605 60.1726 47.6572 30.9146 37.0250 2.8455 71.9199 -0.7352 1.1196 0.3635 0.0000 0.0000 0.0001 0.0000 0.0000 0.0000 0.0000 -0.0013 -0.0008 0.0000 -0.0004 0.0001 0.0000 0.0000 0.0000 0.0000 0.0000 0.0000 0.0000 0.0002 0.0000 0.0000 -0.0006 0.0003 0.0000 0.0004 -0.0006 0.0000 0.0000 0.0001 0.0000 0.0000 0.0000 0.0000 -0.0010 -0.0002 0.0000 0.0003 30.0001 -0.0001 0.0005 -29.9998 0.0000 0.0000 0.0000 -6.8261 -3.3066 1.4832 -6.8261 -3.3066 1.4832 -42.8803 82.8475 63.1523 -29.1004 52.9031 -12.4561 -46.6617 12.3354 -74.8080 1.0331 1.4054 0.3340 0.0000 -0.0001 0.0001 0.0000 0.0000 0.0000 0.0000 -0.0006 0.0003 0.0000 -0.0001 0.0001 0.0000 0.0000 0.0000 0.0000 0.0000 0.0000 0.0000 0.0007 0.0001 0.0000 -0.0012 0.0001 0.0000 -0.0008 0.0003 0.0000 0.0001 0.0000 0.0000 0.0000 0.0000 0.0000 -0.0008 0.0000 0.0000 0.0002 -29.9996 -0.0001 -0.0003 29.9996 0.0000 0.0000 0.0000 3.9345 1.2963 -179.3204 -0.1948 -12.8650 0.1046 -47.9025 77.5899 -40.5305 0.0000 25.3510 0.0000 -2.7185 -12.3007 178.4036 0.4127 -18.5009 -0.1497 15.0192 73.9397 -8.7477 0.0000 25.3508 -0.0001 
27.8389 91.2839 -41.2300 17.2070 0.5125 -0.5645 1.2943 1.5381 0.3776 1.2947 1.5386 0.3777 1.2982 1.5428 0.3787 32.6532 78.4217 -65.4364 59.8631 48.2682 30.6330 36.8049 2.6420 71.9800 -0.7430 1.1268 0.3373 0.0000 0.0000 0.0001 0.0000 0.0000 0.0000 0.0000 -0.0013 -0.0008 0.0000 -0.0004 0.0001 0.0000 0.0000 0.0000 0.0000 0.0000 0.0000 0.0000 0.0002 0.0000 0.0000 -0.0006 0.0003 0.0000 0.0004 -0.0006 0.0000 0.0000 0.0001 0.0000 0.0000 0.0000 0.0000 -0.0010 -0.0002 0.0000 0.0002 30.0001 -0.0001 0.0005 -29.9998 0.0000 0.0000 0.0000 -7.1012 -3.4108 1.6044 -7.1012 -3.4108 1.6044 -42.7240 82.9013 63.2598 -29.5272 52.8563 -12.7412 -46.6602 12.2892 -74.7597 1.0178 1.3884 0.3195 0.0000 -0.0001 0.0001 0.0000 0.0000 0.0000 0.0000 -0.0006 0.0003 0.0000 -0.0001 0.0001 0.0000 0.0000 0.0000 0.0000 0.0000 0.0000 0.0000 0.0007 0.0001 0.0000 -0.0012 0.0001 0.0000 -0.0008 0.0003 0.0000 0.0001 0.0000 0.0000 0.0000 0.0000 0.0000 -0.0009 0.0000 0.0000 0.0002 -29.9997 -0.0001 -0.0003 29.9996 0.0000 0.0000 0.0000 3.7397 0.6233 -179.2673 -0.1915 -12.8963 0.1043 -49.7881 78.0488 -42.4687 0.0000 25.3510 0.0000 -2.9824 -12.3538 178.4888 0.3927 -17.1448 -0.1417 14.8808 72.9996 -8.7817 0.0000 25.3508 -0.0001 
27.7324 91.3616 -41.6338 17.2547 0.9581 -0.6277 1.3889 1.4908 0.2908 1.3894 1.4913 0.2909 1.3931 1.4953 0.2917 33.4902 78.5125 -64.8140 59.5594 48.8838 30.3591 36.5753 2.4226 72.0444 -0.7520 1.1355 0.3099 0.0000 0.0000 0.0001 0.0000 0.0000 0.0000 0.0000 -0.0013 -0.0008 0.0000 -0.0004 0.0001 0.0000 0.0000 0.0000 0.0000 0.0000 0.0000 0.0000 0.0003 0.0000 0.0000 -0.0006 0.0003 0.0000 0.0004 -0.0006 0.0000 0.0000 0.0001 0.0000 0.0000 0.0000 0.0000 -0.0010 -0.0002 0.0000 0.0002 30.0001 -0.0001 0.0005 -29.9998 0.0000 0.0000 0.0000 -7.3975 -3.5321 1.7504 -7.3975 -3.5321 1.7504 -42.2295 82.9435 63.6945 -30.0451 52.7573 -13.1056 -46.6765 12.2734 -74.6960 1.0011 1.3700 0.3033 0.0000 -0.0001 0.0001 0.0000 0.0000 0.0000 0.0000 -0.0006 0.0003 0.0000 -0.0001 0.0001 0.0000 0.0000 0.0000 0.0000 0.0000 0.0000 0.0000 0.0007 0.0001 0.0000 -0.0012 0.0001 0.0000 -0.0008 0.0003 0.0000 0.0001 0.0000 0.0000 0.0000 0.0000 0.0000 -0.0009 0.0000 0.0000 0.0002 -29.9996 -0.0001 -0.0003 29.9996 0.0000 0.0000 0.0000 3.6276 -0.0646 -179.2777 -0.1831 -12.9374 0.1034 -51.3107 78.4138 -44.1152 0.0000 25.3510 0.0000 -3.4240 -12.4891 178.5536 0.3747 -16.0220 -0.1353 13.8281 72.2854 -9.6033 0.0000 25.3508 -0.0001 
27.6220 91.4463 -42.1322 17.2942 1.3326 -0.6265 1.4841 1.4743 0.1794 1.4846 1.4749 0.1794 1.4885 1.4788 0.1800 34.3076 78.5930 -64.2107 59.2781 49.4458 30.1066 36.3448 2.1916 72.1180 -0.7612 1.1448 0.2845 0.0000 0.0000 0.0001 0.0000 0.0000 0.0000 0.0000 -0.0013 -0.0008 0.0000 -0.0004 0.0001 0.0000 0.0000 0.0000 0.0000 0.0000 0.0000 0.0000 0.0002 0.0000 0.0000 -0.0006 0.0003 0.0000 0.0004 -0.0006 0.0000 0.0000 0.0001 0.0000 0.0000 0.0000 0.0000 -0.0010 -0.0002 0.0000 0.0002 30.0001 -0.0001 0.0005 -29.9998 0.0000 0.0000 0.0000 -7.7156 -3.6608 1.9189 -7.7156 -3.6608 1.9189 -41.5741 82.9801 64.2887 -30.6296 52.6417 -13.5204 -46.7063 12.2861 -74.6365 0.9828 1.3490 0.2871 0.0000 -0.0001 0.0001 0.0000 0.0000 0.0000 0.0000 -0.0006 0.0003 0.0000 -0.0001 0.0001 0.0000 0.0000 0.0000 0.0000 0.0000 0.0000 0.0000 0.0007 0.0001 0.0000 -0.0012 0.0001 0.0000 -0.0008 0.0003 0.0000 0.0001 0.0000 0.0000 0.0000 0.0000 0.0000 -0.0009 0.0000 0.0000 0.0002 -29.9996 -0.0001 -0.0003 29.9996 0.0000 0.0000 0.0000 3.5355 -0.7235 -179.3620 -0.1719 -12.9316 0.1022 -52.2391 78.6649 -45.1820 0.0000 25.3511 0.0000 -4.0458 -12.6825 178.5891 0.3605 -15.1327 -0.1304 12.3354 71.7330 -10.7057 0.0000 25.3508 -0.0001 
27.5761 91.5162 -42.6669 17.3319 1.5924 -0.5657 1.5836 1.5004 0.0493 1.5842 1.5010 0.0493 1.5884 1.5050 0.0495 34.9775 78.6753 -63.7302 59.0340 49.8593 29.9002 36.1107 1.9617 72.1985 -0.7706 1.1546 0.2642 0.0000 0.0000 0.0001 0.0000 0.0000 0.0000 0.0000 -0.0013 -0.0008 0.0000 -0.0004 0.0001 0.0000 0.0000 0.0000 0.0000 0.0000 0.0000 0.0000 0.0003 0.0000 0.0000 -0.0006 0.0003 0.0000 0.0004 -0.0006 0.0000 0.0000 0.0001 0.0000 0.0000 0.0000 0.0000 -0.0010 -0.0002 0.0000 0.0002 30.0001 -0.0001 0.0005 -29.9998 0.0000 0.0000 0.0000 -8.0582 -3.7871 2.0992 -8.0582 -3.7871 2.0992 -40.8900 82.9832 64.9264 -31.3089 52.5461 -13.9755 -46.7592 12.3445 -74.6237 0.9628 1.3240 0.2732 0.0000 -0.0001 0.0001 0.0000 0.0000 0.0000 0.0000 -0.0006 0.0002 0.0000 -0.0001 0.0001 0.0000 0.0000 0.0000 0.0000 0.0000 0.0000 0.0000 0.0007 0.0001 0.0000 -0.0012 0.0001 0.0000 -0.0008 0.0003 0.0000 0.0001 0.0000 0.0000 0.0000 0.0000 0.0000 -0.0009 0.0000 0.0000 0.0002 -29.9996 -0.0001 -0.0003 29.9996 0.0000 0.0000 0.0000 3.4378 -1.2703 -179.5454 -0.1646 -12.8977 0.1013 -52.4936 78.8516 -45.5345 0.0000 25.3510 0.0000 -4.7511 -12.8650 178.5702 0.3488 -14.4392 -0.1267 10.7952 71.2798 -11.7701 0.0000 25.3508 -0.0001 
27.6185 91.5788 -43.1796 17.3581 1.7574 -0.5132 1.6967 1.5558 -0.0724 1.6974 1.5565 -0.0724 1.7018 1.5605 -0.0725 35.4799 78.7518 -63.3795 58.7942 50.1154 29.7122 35.8318 1.7914 72.3040 -0.7831 1.1692 0.2479 0.0000 0.0000 0.0001 0.0000 0.0000 0.0000 0.0000 -0.0013 -0.0008 0.0000 -0.0004 0.0001 0.0000 0.0000 0.0000 0.0000 0.0000 0.0000 0.0000 0.0002 0.0000 0.0000 -0.0006 0.0003 0.0000 0.0004 -0.0006 0.0000 0.0000 0.0001 0.0000 0.0000 0.0000 0.0000 -0.0010 -0.0002 0.0000 0.0002 30.0001 -0.0001 0.0005 -29.9998 0.0000 0.0000 0.0000 -8.4104 -3.8982 2.2643 -8.4104 -3.8982 2.2643 -40.2837 82.9463 65.5097 -31.9993 52.5025 -14.4174 -46.8428 12.4479 -74.6561 0.9435 1.2976 0.2642 0.0000 -0.0001 0.0001 0.0000 0.0000 0.0000 0.0000 -0.0006 0.0003 0.0000 -0.0001 0.0001 0.0000 0.0000 0.0000 0.0000 0.0000 0.0000 0.0000 0.0007 0.0001 0.0000 -0.0012 0.0001 0.0000 -0.0008 0.0003 0.0000 0.0001 0.0000 0.0000 0.0000 0.0000 0.0000 -0.0009 0.0000 0.0000 0.0002 -29.9997 -0.0001 -0.0003 29.9996 0.0000 0.0000 0.0000 3.3807 -1.7022 -179.7650 -0.1657 -12.8736 0.1014 -52.1932 79.0641 -45.2985 0.0000 25.3510 0.0000 -5.4494 -12.9429 178.5172 0.3248 -13.7593 -0.1218 9.5402 70.8153 -12.5296 0.0000 25.3508 -0.0001 
27.7063 91.6312 -43.6441 17.3781 1.8317 -0.4870 1.8255 1.6399 -0.1771 1.8263 1.6408 -0.1771 1.8309 1.6449 -0.1775 35.8046 78.8124 -63.1671 58.5503 50.2275 29.5368 35.5464 1.6326 72.4286 -0.7985 1.1881 0.2363 0.0000 0.0000 0.0001 0.0000 0.0000 0.0000 0.0000 -0.0013 -0.0008 0.0000 -0.0004 0.0001 0.0000 0.0000 0.0000 0.0000 0.0000 0.0000 0.0000 0.0002 0.0000 0.0000 -0.0006 0.0003 0.0000 0.0004 -0.0006 0.0000 0.0000 0.0001 0.0000 0.0000 0.0000 0.0000 -0.0010 -0.0002 0.0000 0.0002 30.0001 -0.0001 0.0005 -29.9998 0.0000 0.0000 0.0000 -8.7671 -3.9979 2.4068 -8.7671 -3.9979 2.4068 -39.7170 82.8731 66.0850 -32.6693 52.5103 -14.8320 -46.9352 12.5709 -74.7092 0.9256 1.2716 0.2603 0.0000 -0.0001 0.0001 0.0000 0.0000 0.0000 0.0000 -0.0006 0.0003 0.0000 -0.0001 0.0001 0.0000 0.0000 0.0000 0.0000 0.0000 0.0000 0.0000 0.0007 0.0001 0.0000 -0.0012 0.0001 0.0000 -0.0008 0.0003 0.0000 0.0001 0.0000 0.0000 0.0000 0.0000 0.0000 -0.0009 0.0000 0.0000 0.0002 -29.9997 -0.0001 -0.0003 29.9996 0.0000 0.0000 0.0000 3.3711 -1.9938 -179.9725 -0.1685 -12.8144 0.1016 -51.3103 79.2830 -44.4531 0.0000 25.3510 0.0000 -6.1057 -12.9002 178.4601 0.2955 -13.0233 -0.1163 8.5395 70.2885 -13.0513 0.0000 25.3508 -0.0001 
27.7740 91.6909 -44.0938 17.4018 1.7867 -0.5005 1.9623 1.7547 -0.2466 1.9633 1.7557 -0.2467 1.9682 1.7601 -0.2472 35.8536 78.8563 -63.2056 58.2929 50.1989 29.3569 35.3164 1.4345 72.5707 -0.8153 1.2087 0.2302 0.0000 0.0000 0.0001 0.0000 0.0000 0.0000 0.0000 -0.0013 -0.0008 0.0000 -0.0004 0.0001 0.0000 0.0000 0.0000 0.0000 0.0000 0.0000 0.0000 0.0002 0.0000 0.0000 -0.0006 0.0003 0.0000 0.0004 -0.0006 0.0000 0.0000 0.0001 0.0000 0.0000 0.0000 0.0000 -0.0010 -0.0002 0.0000 0.0002 30.0001 -0.0001 0.0005 -29.9998 0.0000 0.0000 0.0000 -9.1001 -4.0753 2.4952 -9.1001 -4.0753 2.4952 -39.1914 82.7543 66.6360 -33.2818 52.5689 -15.1819 -47.0089 12.6801 -74.7627 0.9109 1.2489 0.2608 0.0000 -0.0001 0.0001 0.0000 0.0000 0.0000 0.0000 -0.0006 0.0003 0.0000 -0.0001 0.0001 0.0000 0.0000 0.0000 0.0000 0.0000 0.0000 0.0000 0.0007 0.0001 0.0000 -0.0012 0.0001 0.0000 -0.0008 0.0003 0.0000 0.0001 0.0000 0.0000 0.0000 0.0000 0.0000 -0.0009 0.0000 0.0000 0.0002 -29.9997 -0.0001 -0.0003 29.9996 0.0000 0.0000 0.0000 3.4201 -2.1594 179.8768 -0.1681 -12.7147 0.1014 -49.3784 79.4482 -42.5324 0.0000 25.3510 0.0000 -6.6460 -12.6604 178.4262 0.2684 -12.1447 -0.1112 7.8466 69.6494 -13.3526 0.0000 25.3508 -0.0001 
27.8150 91.7444 -44.5018 17.4364 1.6695 -0.5373 2.0925 1.8798 -0.2848 2.0937 1.8810 -0.2850 2.0987 1.8855 -0.2856 35.6911 78.8782 -63.4411 58.0413 50.1339 29.1922 35.1037 1.2640 72.7210 -0.8331 1.2305 0.2226 0.0000 0.0000 0.0001 0.0000 0.0000 0.0000 0.0000 -0.0013 -0.0008 0.0000 -0.0004 0.0001 0.0000 0.0000 0.0000 0.0000 0.0000 0.0000 0.0000 0.0002 0.0000 0.0000 -0.0006 0.0003 0.0000 0.0004 -0.0006 0.0000 0.0000 0.0001 0.0000 0.0000 0.0000 0.0000 -0.0010 -0.0002 0.0000 0.0002 30.0001 -0.0001 0.0005 -29.9998 0.0000 0.0000 0.0000 -9.3905 -4.1252 2.5277 -9.3905 -4.1252 2.5277 -38.6412 82.6142 67.2073 -33.8170 52.6276 -15.4685 -47.0602 12.7600 -74.7976 0.8993 1.2311 0.2622 0.0000 -0.0001 0.0001 0.0000 0.0000 0.0000 0.0000 -0.0006 0.0003 0.0000 -0.0001 0.0001 0.0000 0.0000 0.0000 0.0000 0.0000 0.0000 0.0000 0.0007 0.0001 0.0000 -0.0012 0.0001 0.0000 -0.0008 0.0003 0.0000 0.0001 0.0000 0.0000 0.0000 0.0000 0.0000 -0.0009 0.0000 0.0000 0.0002 -29.9997 -0.0001 -0.0003 29.9996 0.0000 0.0000 0.0000 3.4577 -2.2306 179.7730 -0.1600 -12.5807 0.1003 -46.7630 79.5333 -39.8774 0.0000 25.3510 0.0000 -7.0588 -12.2638 178.4111 0.2437 -11.1186 -0.1064 7.4125 68.9188 -13.5138 0.0000 25.3508 -0.0001 
27.8561 91.7899 -44.8642 17.4792 1.5069 -0.5862 2.2118 2.0048 -0.2981 2.2133 2.0062 -0.2982 2.2184 2.0109 -0.2988 35.3978 78.8894 -63.8069 57.8001 50.0615 29.0532 34.8931 1.1199 72.8825 -0.8515 1.2530 0.2117 0.0000 0.0000 0.0001 0.0000 0.0000 0.0000 0.0000 -0.0013 -0.0008 0.0000 -0.0004 0.0001 0.0000 0.0000 0.0000 0.0000 0.0000 0.0000 0.0000 0.0002 -0.0001 0.0000 -0.0006 0.0003 0.0000 0.0004 -0.0006 0.0000 0.0000 0.0001 0.0000 0.0000 0.0000 0.0000 -0.0010 -0.0002 0.0000 0.0002 30.0001 -0.0001 0.0005 -29.9998 0.0000 0.0000 0.0000 -9.6345 -4.1490 2.5162 -9.6345 -4.1490 2.5162 -38.1394 82.4719 67.7220 -34.2761 52.6695 -15.7197 -47.0964 12.8234 -74.8113 0.8909 1.2183 0.2634 0.0000 -0.0001 0.0001 0.0000 0.0000 0.0000 0.0000 -0.0006 0.0003 0.0000 -0.0001 0.0001 0.0000 0.0000 0.0000 0.0000 0.0000 0.0000 0.0000 0.0007 0.0001 0.0000 -0.0012 0.0001 0.0000 -0.0008 0.0003 0.0000 0.0001 0.0000 0.0000 0.0000 0.0000 0.0000 -0.0009 0.0000 0.0000 0.0002 -29.9996 -0.0001 -0.0003 29.9996 0.0000 0.0000 0.0000 3.4238 -2.2298 179.6872 -0.1475 -12.4237 0.0988 -43.7366 79.5360 -36.7073 0.0000 25.3510 0.0000 -7.3458 -11.7323 178.3887 0.2183 -9.9576 -0.1017 7.2553 68.1161 -13.5121 0.0000 25.3508 -0.0001 
27.9466 91.8251 -45.1480 17.5251 1.3079 -0.6412 2.3106 2.1161 -0.2826 2.3124 2.1178 -0.2828 2.3176 2.1226 -0.2833 35.0314 78.8938 -64.2521 57.5923 50.0218 28.9586 34.7075 0.9688 73.0528 -0.8689 1.2735 0.1968 0.0000 0.0000 0.0001 0.0000 0.0000 0.0000 0.0000 -0.0013 -0.0008 0.0000 -0.0004 0.0001 0.0000 0.0000 0.0000 0.0000 0.0000 0.0000 0.0000 0.0002 0.0000 0.0000 -0.0006 0.0003 0.0000 0.0004 -0.0006 0.0000 0.0000 0.0001 0.0000 0.0000 0.0000 0.0000 -0.0010 -0.0002 0.0000 0.0003 30.0001 -0.0001 0.0005 -29.9998 0.0000 0.0000 0.0000 -9.8061 -4.1305 2.4546 -9.8061 -4.1305 2.4546 -37.7562 82.3522 68.1044 -34.6260 52.6658 -15.9339 -47.1317 12.8575 -74.7970 0.8853 1.2111 0.2616 0.0000 -0.0001 0.0001 0.0000 0.0000 0.0000 0.0000 -0.0006 0.0003 0.0000 -0.0001 0.0001 0.0000 0.0000 0.0000 0.0000 0.0000 0.0000 0.0000 0.0007 0.0001 0.0000 -0.0012 0.0001 0.0000 -0.0008 0.0003 0.0000 0.0001 0.0000 0.0000 0.0000 0.0000 0.0000 -0.0009 0.0000 0.0000 0.0002 -29.9996 -0.0001 -0.0003 29.9996 0.0000 0.0000 0.0000 3.2318 -2.1449 179.5577 -0.1422 -12.1925 0.0979 -39.9561 79.4083 -32.5555 0.0000 25.3511 0.0000 -7.5150 -11.0462 178.3329 0.1861 -8.6433 -0.0967 7.4216 67.2494 -13.2820 0.0000 25.3508 -0.0001 
28.0487 91.8608 -45.3841 17.5678 1.1118 -0.6860 2.3835 2.2012 -0.2547 2.3855 2.2031 -0.2549 2.3907 2.2079 -0.2553 34.7477 78.9044 -64.6378 57.4379 50.0449 28.8765 34.5382 0.7857 73.2501 -0.8839 1.2895 0.1797 0.0000 0.0000 0.0001 0.0000 0.0000 0.0000 0.0000 -0.0013 -0.0008 0.0000 -0.0004 0.0001 0.0000 0.0000 0.0000 0.0000 0.0000 0.0000 0.0000 0.0002 0.0000 0.0000 -0.0006 0.0003 0.0000 0.0004 -0.0006 0.0000 0.0000 0.0001 0.0000 0.0000 0.0000 0.0000 -0.0010 -0.0002 0.0000 0.0002 30.0001 -0.0001 0.0005 -29.9998 0.0000 0.0000 0.0000 -9.9146 -4.0683 2.3656 -9.9146 -4.0683 2.3656 -37.4941 82.2746 68.3333 -34.9409 52.5857 -16.1627 -47.1443 12.8693 -74.7643 0.8812 1.2077 0.2545 0.0000 -0.0001 0.0001 0.0000 0.0000 0.0000 0.0000 -0.0006 0.0003 0.0000 -0.0001 0.0001 0.0000 0.0000 0.0000 0.0000 0.0000 0.0000 0.0000 0.0007 0.0001 0.0000 -0.0012 0.0001 0.0000 -0.0008 0.0003 0.0000 0.0001 0.0000 0.0000 0.0000 0.0000 0.0000 -0.0009 0.0000 0.0000 0.0002 -29.9996 -0.0001 -0.0003 29.9996 0.0000 0.0000 0.0000 2.9109 -2.0184 179.3751 -0.1425 -11.8727 0.0975 -35.9619 79.1530 -28.0167 0.0000 25.3510 0.0000 -7.6224 -10.2524 178.2537 0.1507 -7.1818 -0.0921 7.7113 66.3440 -12.9748 0.0000 25.3508 -0.0001 
28.1355 91.8999 -45.5588 17.6018 0.9319 -0.7132 2.4360 2.2610 -0.2251 2.4381 2.2629 -0.2252 2.4433 2.2678 -0.2256 34.5726 78.9066 -64.9172 57.3450 50.1264 28.8008 34.3732 0.5916 73.4671 -0.8965 1.3017 0.1619 0.0000 0.0000 0.0001 0.0000 0.0000 0.0000 0.0000 -0.0013 -0.0008 0.0000 -0.0004 0.0001 0.0000 0.0000 0.0000 0.0000 0.0000 0.0000 0.0000 0.0002 0.0000 0.0000 -0.0006 0.0003 0.0000 0.0004 -0.0006 0.0000 0.0000 0.0001 0.0000 0.0000 0.0000 0.0000 -0.0010 -0.0002 0.0000 0.0002 30.0001 -0.0001 0.0005 -29.9998 0.0000 0.0000 0.0000 -9.9776 -3.9658 2.2620 -9.9776 -3.9658 2.2620 -37.3113 82.2349 68.4632 -35.2372 52.4444 -16.4174 -47.1435 12.8634 -74.7090 0.8775 1.2065 0.2428 0.0000 -0.0001 0.0001 0.0000 0.0000 0.0000 0.0000 -0.0006 0.0003 0.0000 -0.0001 0.0001 0.0000 0.0000 0.0000 0.0000 0.0000 0.0000 0.0000 0.0007 0.0001 0.0000 -0.0012 0.0001 0.0000 -0.0008 0.0003 0.0000 0.0001 0.0000 0.0000 0.0000 0.0000 0.0000 -0.0009 0.0000 0.0000 0.0002 -29.9997 -0.0001 -0.0003 29.9996 0.0000 0.0000 0.0000 2.5125 -1.8372 179.1710 -0.1406 -11.4760 0.0968 -32.2525 78.8041 -23.6622 0.0000 25.3510 0.0000 -7.6734 -9.3494 178.1676 0.1148 -5.5473 -0.0883 8.0341 65.4004 -12.6839 0.0000 25.3508 -0.0001 
28.1851 91.9382 -45.6583 17.6114 0.7903 -0.7093 2.4660 2.2868 -0.2042 2.4682 2.2888 -0.2043 2.4734 2.2937 -0.2046 34.5704 78.9156 -65.0325 57.3025 50.2611 28.7537 34.2138 0.4265 73.6685 -0.9061 1.3100 0.1436 0.0000 0.0000 0.0001 0.0000 0.0000 0.0000 0.0000 -0.0013 -0.0008 0.0000 -0.0004 0.0001 0.0000 0.0000 0.0000 0.0000 0.0000 0.0000 0.0000 0.0002 0.0000 0.0000 -0.0006 0.0003 0.0000 0.0004 -0.0006 0.0000 0.0000 0.0001 0.0000 0.0000 0.0000 0.0000 -0.0010 -0.0002 0.0000 0.0002 30.0001 -0.0001 0.0005 -29.9998 0.0000 0.0000 0.0000 -9.9922 -3.8175 2.1642 -9.9922 -3.8175 2.1642 -37.3273 82.2360 68.3896 -35.5334 52.2477 -16.7336 -47.1406 12.8328 -74.6225 0.8737 1.2072 0.2260 0.0000 -0.0001 0.0001 0.0000 0.0000 0.0000 0.0000 -0.0006 0.0003 0.0000 -0.0001 0.0001 0.0000 0.0000 0.0000 0.0000 0.0000 0.0000 0.0000 0.0007 0.0001 0.0000 -0.0012 0.0001 0.0000 -0.0008 0.0003 0.0000 0.0001 0.0000 0.0000 0.0000 0.0000 0.0000 -0.0009 0.0000 0.0000 0.0002 -29.9996 -0.0001 -0.0003 29.9996 0.0000 0.0000 0.0000 2.0500 -1.5700 178.9818 -0.1335 -10.9976 0.0956 -29.3290 78.4167 -20.0218 0.0000 25.3510 0.0000 -7.6915 -8.1706 178.0873 0.0700 -3.3674 -0.0848 8.2699 64.2450 -12.5222 0.0000 25.3508 -0.0001 
28.2069 91.9706 -45.7244 17.5880 0.6820 -0.6875 2.4846 2.2911 -0.1933 2.4868 2.2932 -0.1934 2.4921 2.2980 -0.1937 34.6700 78.9393 -65.0482 57.2634 50.4203 28.7124 34.0618 0.2964 73.8298 -0.9134 1.3158 0.1262 0.0000 0.0000 0.0001 0.0000 0.0000 0.0000 0.0000 -0.0013 -0.0008 0.0000 -0.0004 0.0001 0.0000 0.0000 0.0000 0.0000 0.0000 0.0000 0.0000 0.0002 0.0000 0.0000 -0.0006 0.0003 0.0000 0.0004 -0.0006 0.0000 0.0000 0.0001 0.0000 0.0000 0.0000 0.0000 -0.0010 -0.0002 0.0000 0.0002 30.0001 -0.0001 0.0005 -29.9998 0.0000 0.0000 0.0000 -9.9858 -3.6433 2.0856 -9.9858 -3.6433 2.0856 -37.5246 82.2531 68.1374 -35.8386 52.0365 -17.0898 -47.1444 12.7865 -74.5248 0.8698 1.2086 0.2070 0.0000 -0.0001 0.0001 0.0000 0.0000 0.0000 0.0000 -0.0006 0.0003 0.0000 -0.0001 0.0001 0.0000 0.0000 0.0000 0.0000 0.0000 0.0000 0.0000 0.0007 0.0001 0.0000 -0.0012 0.0001 0.0000 -0.0008 0.0003 0.0000 0.0001 0.0000 0.0000 0.0000 0.0000 0.0000 -0.0008 0.0000 0.0000 0.0002 -29.9996 -0.0001 -0.0003 29.9996 0.0000 0.0000 0.0000 1.6131 -1.2674 178.8438 -0.1222 -10.4908 0.0939 -27.1659 78.0306 -17.1842 0.0000 25.3510 0.0000 -7.7064 -7.1783 178.0190 0.0318 -1.5168 -0.0831 8.4579 63.2713 -12.3759 0.0000 25.3508 -0.0001 
28.2149 91.9994 -45.7780 17.5356 0.5948 -0.6512 2.4953 2.2834 -0.1909 2.4974 2.2854 -0.1911 2.5027 2.2903 -0.1914 34.8113 78.9768 -65.0244 57.2224 50.5792 28.6719 33.9068 0.1823 73.9641 -0.9194 1.3206 0.1099 0.0000 0.0000 0.0001 0.0000 0.0000 0.0000 0.0000 -0.0013 -0.0008 0.0000 -0.0004 0.0001 0.0000 0.0000 0.0000 0.0000 0.0000 0.0000 0.0000 0.0002 0.0000 0.0000 -0.0007 0.0003 0.0000 0.0004 -0.0006 0.0000 0.0000 0.0001 0.0000 0.0000 0.0000 0.0000 -0.0010 -0.0002 0.0000 0.0002 30.0001 -0.0001 0.0005 -29.9998 0.0000 0.0000 0.0000 -9.9696 -3.4547 2.0270 -9.9696 -3.4547 2.0270 -37.8418 82.2704 67.7643 -36.1621 51.8253 -17.4725 -47.1429 12.7323 -74.4278 0.8659 1.2099 0.1873 0.0000 -0.0001 0.0001 0.0000 0.0000 0.0000 0.0000 -0.0006 0.0003 0.0000 -0.0001 0.0001 0.0000 0.0000 0.0000 0.0000 0.0000 0.0000 0.0000 0.0007 0.0001 0.0000 -0.0012 0.0001 0.0000 -0.0008 0.0003 0.0000 0.0001 0.0000 0.0000 0.0000 0.0000 0.0000 -0.0009 0.0000 0.0000 0.0002 -29.9996 -0.0001 -0.0003 29.9996 0.0000 0.0000 0.0000 1.2311 -0.9710 178.7383 -0.1111 -9.9818 0.0924 -25.5497 77.6585 -14.9801 0.0000 25.3510 0.0000 -7.7395 -6.4815 177.9554 0.0045 -0.2122 -0.0827 8.6197 62.5688 -12.1879 0.0000 25.3508 -0.0001 
28.2174 92.0097 -45.8218 17.4433 0.5192 -0.5963 2.4998 2.2715 -0.1981 2.5020 2.2736 -0.1982 2.5073 2.2784 -0.1986 34.9268 79.0319 -65.0246 57.1787 50.7114 28.6516 33.7381 0.0697 74.0470 -0.9246 1.3256 0.0955 0.0000 0.0000 0.0001 0.0000 0.0000 0.0000 0.0000 -0.0013 -0.0008 0.0000 -0.0004 0.0001 0.0000 0.0000 0.0000 0.0000 0.0000 0.0000 0.0000 0.0002 0.0000 0.0000 -0.0006 0.0003 0.0000 0.0004 -0.0006 0.0000 0.0000 0.0001 0.0000 0.0000 0.0000 0.0000 -0.0010 -0.0002 0.0000 0.0002 30.0001 -0.0001 0.0005 -29.9998 0.0000 0.0000 0.0000 -9.9532 -3.2631 1.9974 -9.9532 -3.2631 1.9974 -38.2772 82.2576 67.2827 -36.5245 51.6405 -17.8861 -47.1561 12.6980 -74.3343 0.8616 1.2105 0.1686 0.0000 -0.0001 0.0001 0.0000 0.0000 0.0000 0.0000 -0.0006 0.0003 0.0000 -0.0001 0.0001 0.0000 0.0000 0.0000 0.0000 0.0000 0.0000 0.0000 0.0007 0.0001 0.0000 -0.0012 0.0001 0.0000 -0.0008 0.0003 0.0000 0.0001 0.0000 0.0000 0.0000 0.0000 0.0000 -0.0009 0.0000 0.0000 0.0002 -29.9996 -0.0001 -0.0003 29.9996 0.0000 0.0000 0.0000 0.9491 -0.7199 178.6629 -0.0973 -9.5076 0.0908 -24.4998 77.3129 -13.4867 0.0000 25.3510 0.0000 -7.8275 -6.3760 177.8899 0.0011 -0.0485 -0.0827 8.7963 62.4176 -11.8304 0.0000 25.3508 -0.0001 
28.2565 92.0194 -45.8536 17.3171 0.4368 -0.5396 2.5060 2.2666 -0.2045 2.5082 2.2687 -0.2047 2.5135 2.2735 -0.2050 34.9514 79.0969 -65.1063 57.1239 50.8077 28.6601 33.5682 -0.0460 74.0718 -0.9293 1.3313 0.0825 0.0000 0.0000 0.0001 0.0000 0.0000 0.0000 0.0000 -0.0013 -0.0008 0.0000 -0.0004 0.0001 0.0000 0.0000 0.0000 0.0000 0.0000 0.0000 0.0000 0.0002 0.0000 0.0000 -0.0006 0.0003 0.0000 0.0004 -0.0006 0.0000 0.0000 0.0001 0.0000 0.0000 0.0000 0.0000 -0.0010 -0.0002 0.0000 0.0002 30.0001 -0.0001 0.0005 -29.9998 0.0000 0.0000 0.0000 -9.9454 -3.0849 1.9845 -9.9454 -3.0849 1.9845 -38.7379 82.1976 66.7886 -36.8888 51.5016 -18.2727 -47.2130 12.6865 -74.2659 0.8574 1.2099 0.1525 0.0000 -0.0001 0.0001 0.0000 0.0000 0.0000 0.0000 -0.0006 0.0003 0.0000 -0.0001 0.0001 0.0000 0.0000 0.0000 0.0000 0.0000 0.0000 0.0000 0.0007 0.0001 0.0000 -0.0011 0.0001 0.0000 -0.0008 0.0003 0.0000 0.0001 0.0000 0.0000 0.0000 0.0000 0.0000 -0.0009 0.0000 0.0000 0.0002 -29.9996 -0.0001 -0.0003 29.9996 0.0000 0.0000 0.0000 0.7440 -0.5120 178.5635 -0.0881 -9.0637 0.0897 -23.4718 76.9558 -12.0808 0.0000 25.3510 0.0000 -8.0072 -6.3284 177.8109 0.0003 -0.0163 -0.0827 8.9439 62.3153 -11.3589 0.0000 25.3508 -0.0001 
28.3415 92.0269 -45.8602 17.1602 0.3438 -0.4955 2.5171 2.2702 -0.2031 2.5193 2.2722 -0.2032 2.5246 2.2771 -0.2036 34.8712 79.1640 -65.2833 57.0574 50.8616 28.6794 33.4096 -0.1683 74.0681 -0.9340 1.3376 0.0713 0.0000 0.0000 0.0001 0.0000 0.0000 0.0000 0.0000 -0.0013 -0.0008 0.0000 -0.0004 0.0001 0.0000 0.0000 0.0000 0.0000 0.0000 0.0000 0.0000 0.0002 0.0000 0.0000 -0.0006 0.0003 0.0000 0.0004 -0.0006 0.0000 0.0000 0.0001 0.0000 0.0000 0.0000 0.0000 -0.0010 -0.0002 0.0000 0.0002 30.0001 -0.0001 0.0005 -29.9998 0.0000 0.0000 0.0000 -9.9462 -2.9241 1.9788 -9.9462 -2.9241 1.9788 -39.1852 82.0981 66.3154 -37.2429 51.3993 -18.6199 -47.2985 12.7010 -74.2274 0.8535 1.2085 0.1390 0.0000 -0.0001 0.0001 0.0000 0.0000 0.0000 0.0000 -0.0006 0.0003 0.0000 -0.0001 0.0001 0.0000 0.0000 0.0000 0.0000 0.0000 0.0000 0.0000 0.0007 0.0001 0.0000 -0.0012 0.0001 0.0000 -0.0008 0.0003 0.0000 0.0001 0.0000 0.0000 0.0000 0.0000 0.0000 -0.0009 0.0000 0.0000 0.0002 -29.9996 -0.0001 -0.0003 29.9996 0.0000 0.0000 0.0000 0.6096 -0.3265 178.4364 -0.0850 -8.6500 0.0892 -22.3831 76.5963 -10.6556 0.0000 25.3510 0.0000 -8.2640 -6.2726 177.7234 0.0003 -0.0163 -0.0827 9.0844 62.2236 -10.7699 0.0000 25.3508 -0.0001 
28.4627 92.0461 -45.8204 16.9701 0.2272 -0.4860 2.5345 2.2888 -0.1811 2.5367 2.2909 -0.1812 2.5421 2.2958 -0.1814 34.6101 79.2145 -65.6284 56.9924 50.8519 28.7037 33.2750 -0.3064 74.0524 -0.9392 1.3451 0.0627 0.0000 0.0000 0.0001 0.0000 0.0000 0.0000 0.0000 -0.0013 -0.0008 0.0000 -0.0004 0.0001 0.0000 0.0000 0.0000 0.0000 0.0000 0.0000 0.0000 0.0002 0.0000 0.0000 -0.0006 0.0003 0.0000 0.0004 -0.0006 0.0000 0.0000 0.0001 0.0000 0.0000 0.0000 0.0000 -0.0010 -0.0002 0.0000 0.0002 30.0001 -0.0001 0.0005 -29.9998 0.0000 0.0000 0.0000 -9.9555 -2.7936 1.9704 -9.9555 -2.7936 1.9704 -39.5314 81.9456 65.9473 -37.5769 51.3389 -18.8953 -47.3970 12.7526 -74.2269 0.8512 1.2077 0.1293 0.0000 -0.0001 0.0001 0.0000 0.0000 0.0000 0.0000 -0.0006 0.0003 0.0000 -0.0001 0.0001 0.0000 0.0000 0.0000 0.0000 0.0000 0.0000 0.0000 0.0007 0.0001 0.0000 -0.0012 0.0001 0.0000 -0.0008 0.0003 0.0000 0.0001 0.0000 0.0000 0.0000 0.0000 0.0000 -0.0009 0.0000 0.0000 0.0002 -29.9996 -0.0001 -0.0003 29.9996 0.0000 0.0000 0.0000 0.5828 -0.1427 178.2989 -0.0876 -8.3645 0.0891 -21.2977 76.3210 -9.2940 0.0000 25.3510 0.0000 -8.5818 -6.1629 177.6522 0.0003 -0.0163 -0.0827 9.2142 62.1445 -10.0811 0.0000 25.3508 -0.0001 
28.5476 92.0593 -45.7783 16.7669 0.0942 -0.5090 2.5533 2.3160 -0.1395 2.5556 2.3181 -0.1396 2.5610 2.3230 -0.1397 34.2234 79.2355 -66.0836 56.9544 50.8102 28.7331 33.1660 -0.4378 74.0299 -0.9442 1.3525 0.0559 0.0000 0.0000 0.0001 0.0000 0.0000 0.0000 0.0000 -0.0013 -0.0008 0.0000 -0.0004 0.0001 0.0000 0.0000 0.0000 0.0000 0.0000 0.0000 0.0000 0.0002 0.0000 0.0000 -0.0006 0.0003 0.0000 0.0004 -0.0006 0.0000 0.0000 0.0001 0.0000 0.0000 0.0000 0.0000 -0.0010 -0.0002 0.0000 0.0002 30.0001 -0.0001 0.0005 -29.9998 0.0000 0.0000 0.0000 -9.9645 -2.6839 1.9500 -9.9645 -2.6839 1.9500 -39.7409 81.7663 65.7202 -37.8901 51.2951 -19.1104 -47.4868 12.8228 -74.2396 0.8495 1.2071 0.1218 0.0000 -0.0001 0.0001 0.0000 0.0000 0.0000 0.0000 -0.0006 0.0003 0.0000 -0.0001 0.0001 0.0000 0.0000 0.0000 0.0000 0.0000 0.0000 0.0000 0.0007 0.0001 0.0000 -0.0012 0.0001 0.0000 -0.0008 0.0003 0.0000 0.0001 0.0000 0.0000 0.0000 0.0000 0.0000 -0.0009 0.0000 0.0000 0.0002 -29.9997 -0.0001 -0.0003 29.9996 0.0000 0.0000 0.0000 0.6131 0.0485 178.2034 -0.0875 -8.2599 0.0890 -20.4609 76.1740 -8.2013 0.0000 25.3510 0.0000 -8.8637 -6.0361 177.6311 0.0003 -0.0163 -0.0827 9.3077 62.0652 -9.4553 0.0000 25.3508 -0.0001 
28.5816 92.0586 -45.7740 16.5584 -0.0445 -0.5579 2.5703 2.3444 -0.0830 2.5727 2.3466 -0.0830 2.5780 2.3515 -0.0831 33.7776 79.2295 -66.5847 56.9510 50.7539 28.7677 33.0823 -0.5480 74.0047 -0.9481 1.3584 0.0505 0.0000 0.0000 0.0001 0.0000 0.0000 0.0000 0.0000 -0.0013 -0.0008 0.0000 -0.0004 0.0001 0.0000 0.0000 0.0000 0.0000 0.0000 0.0000 0.0000 0.0002 0.0000 0.0000 -0.0006 0.0003 0.0000 0.0004 -0.0006 0.0000 0.0000 0.0001 0.0000 0.0000 0.0000 0.0000 -0.0010 -0.0002 0.0000 0.0002 30.0001 -0.0001 0.0005 -29.9998 0.0000 0.0000 0.0000 -9.9674 -2.5845 1.9176 -9.9674 -2.5845 1.9176 -39.8315 81.5869 65.6096 -38.1557 51.2557 -19.2606 -47.5530 12.8956 -74.2592 0.8490 1.2076 0.1159 0.0000 -0.0001 0.0001 0.0000 0.0000 0.0000 0.0000 -0.0006 0.0003 0.0000 -0.0001 0.0001 0.0000 0.0000 0.0000 0.0000 0.0000 0.0000 0.0000 0.0007 0.0001 0.0000 -0.0012 0.0001 0.0000 -0.0008 0.0003 0.0000 0.0001 0.0000 0.0000 0.0000 0.0000 0.0000 -0.0009 0.0000 0.0000 0.0002 -29.9996 -0.0001 -0.0003 29.9996 0.0000 0.0000 0.0000 0.6626 0.2291 178.1532 -0.0848 -8.2964 0.0889 -19.8443 76.1144 -7.3175 0.0000 25.3510 0.0000 -9.0741 -5.9438 177.6597 0.0009 -0.0486 -0.0827 9.3638 61.9842 -8.9403 0.0000 25.3508 -0.0001 
28.5730 92.0436 -45.8492 16.3524 -0.1749 -0.6358 2.5771 2.3632 -0.0114 2.5795 2.3655 -0.0113 2.5848 2.3703 -0.0112 33.3463 79.1944 -67.0632 56.9988 50.6973 28.8027 33.0383 -0.6189 73.9939 -0.9500 1.3613 0.0468 0.0000 0.0000 0.0001 0.0000 0.0000 0.0000 0.0000 -0.0013 -0.0008 0.0000 -0.0004 0.0001 0.0000 0.0000 0.0000 0.0000 0.0000 0.0000 0.0000 0.0002 0.0000 0.0000 -0.0006 0.0003 0.0000 0.0004 -0.0006 0.0000 0.0000 0.0001 0.0000 0.0000 0.0000 0.0000 -0.0010 -0.0002 0.0000 0.0002 30.0001 -0.0001 0.0005 -29.9998 0.0000 0.0000 0.0000 -9.9490 -2.4816 1.8693 -9.9491 -2.4816 1.8693 -39.8249 81.4461 65.5887 -38.3293 51.2079 -19.3187 -47.5566 12.9479 -74.2845 0.8506 1.2107 0.1114 0.0000 -0.0001 0.0001 0.0000 0.0000 0.0000 0.0000 -0.0006 0.0003 0.0000 -0.0001 0.0001 0.0000 0.0000 0.0000 0.0000 0.0000 0.0000 0.0000 0.0007 0.0001 0.0000 -0.0012 0.0001 0.0000 -0.0008 0.0003 0.0000 0.0001 0.0000 0.0000 0.0000 0.0000 0.0000 -0.0009 0.0000 0.0000 0.0002 -29.9996 -0.0001 -0.0003 29.9996 0.0000 0.0000 0.0000 0.7055 0.3889 178.1491 -0.0825 -8.3898 0.0888 -19.3584 76.0721 -6.5341 0.0000 25.3510 0.0000 -9.1563 -5.8635 177.7338 0.0000 0.0000 -0.0827 9.3940 61.8330 -8.6023 0.0000 25.3508 -0.0001 
28.5831 92.0199 -45.9530 16.1632 -0.2932 -0.7197 2.5660 2.3688 0.0633 2.5684 2.3711 0.0634 2.5738 2.3760 0.0637 33.0044 79.1489 -67.4585 57.0903 50.6689 28.8426 33.0205 -0.6767 73.9932 -0.9496 1.3607 0.0438 0.0000 0.0000 0.0001 0.0000 0.0000 0.0000 0.0000 -0.0013 -0.0008 0.0000 -0.0004 0.0001 0.0000 0.0000 0.0000 0.0000 0.0000 0.0000 0.0000 0.0002 0.0000 0.0000 -0.0006 0.0003 0.0000 0.0004 -0.0006 0.0000 0.0000 0.0001 0.0000 0.0000 0.0000 0.0000 -0.0010 -0.0002 0.0000 0.0003 30.0001 -0.0001 0.0005 -29.9998 0.0000 0.0000 0.0000 -9.9032 -2.3596 1.8128 -9.9032 -2.3596 1.8128 -39.8090 81.3598 65.5766 -38.4445 51.1473 -19.3345 -47.4925 12.9556 -74.3100 0.8537 1.2157 0.1075 0.0000 -0.0001 0.0001 0.0000 0.0000 0.0000 0.0000 -0.0006 0.0003 0.0000 -0.0001 0.0001 0.0000 0.0000 0.0000 0.0000 0.0000 0.0000 0.0000 0.0007 0.0001 0.0000 -0.0012 0.0001 0.0000 -0.0008 0.0003 0.0000 0.0001 0.0000 0.0000 0.0000 0.0000 0.0000 -0.0009 0.0000 0.0000 0.0002 -29.9996 -0.0001 -0.0003 29.9996 0.0000 0.0000 0.0000 0.7213 0.5237 178.1634 -0.0806 -8.4410 0.0887 -18.8960 75.9752 -5.7638 0.0000 25.3510 0.0000 -9.1345 -5.8289 177.7931 0.0000 0.0000 -0.0827 9.4984 61.7032 -8.3201 0.0000 25.3508 -0.0001 
28.6179 91.9985 -46.0520 15.9905 -0.3991 -0.7982 2.5377 2.3619 0.1347 2.5400 2.3641 0.1349 2.5453 2.3690 0.1352 32.7689 79.1027 -67.7539 57.2171 50.6663 28.8881 33.0169 -0.7255 73.9945 -0.9472 1.3572 0.0416 0.0000 0.0000 0.0001 0.0000 0.0000 0.0000 0.0000 -0.0013 -0.0008 0.0000 -0.0004 0.0001 0.0000 0.0000 0.0000 0.0000 0.0000 0.0000 0.0000 0.0002 0.0000 0.0000 -0.0006 0.0003 0.0000 0.0004 -0.0006 0.0000 0.0000 0.0001 0.0000 0.0000 0.0000 0.0000 -0.0010 -0.0002 0.0000 0.0002 30.0001 -0.0001 0.0005 -29.9998 0.0000 0.0000 0.0000 -9.8312 -2.2141 1.7531 -9.8312 -2.2141 1.7531 -39.8121 81.3257 65.5464 -38.5039 51.0840 -19.3210 -47.3836 12.9158 -74.3303 0.8574 1.2216 0.1040 0.0000 -0.0001 0.0001 0.0000 0.0000 0.0000 0.0000 -0.0006 0.0003 0.0000 -0.0001 0.0001 0.0000 0.0000 0.0000 0.0000 0.0000 0.0000 0.0000 0.0007 0.0001 0.0000 -0.0012 0.0001 0.0000 -0.0008 0.0003 0.0000 0.0001 0.0000 0.0000 0.0000 0.0000 0.0000 -0.0009 0.0000 0.0000 0.0002 -29.9996 -0.0001 -0.0003 29.9996 0.0000 0.0000 0.0000 0.6942 0.6456 178.1893 -0.0774 -8.4612 0.0885 -18.5227 75.8479 -5.0634 0.0000 25.3510 0.0000 -9.0343 -5.7966 177.8253 0.0000 0.0000 -0.0827 9.6819 61.5820 -8.0629 0.0000 25.3508 -0.0001 
28.6690 91.9761 -46.1265 15.8385 -0.4812 -0.8576 2.4852 2.3351 0.1939 2.4875 2.3372 0.1941 2.4927 2.3421 0.1946 32.7235 79.0779 -67.8731 57.3710 50.6857 28.9442 33.0348 -0.7498 73.9810 -0.9415 1.3492 0.0417 0.0000 0.0000 0.0001 0.0000 0.0000 0.0000 0.0000 -0.0013 -0.0008 0.0000 -0.0004 0.0001 0.0000 0.0000 0.0000 0.0000 0.0000 0.0000 0.0000 0.0003 0.0000 0.0000 -0.0007 0.0003 0.0000 0.0004 -0.0006 0.0000 0.0000 0.0001 0.0000 0.0000 0.0000 0.0000 -0.0010 -0.0002 0.0000 0.0003 30.0001 -0.0001 0.0005 -29.9998 0.0000 0.0000 0.0000 -9.7210 -2.0289 1.6949 -9.7210 -2.0289 1.6949 -39.9131 81.3619 65.4199 -38.4715 51.0410 -19.2660 -47.2445 12.8082 -74.3355 0.8617 1.2282 0.1011 0.0000 -0.0001 0.0001 0.0000 0.0000 0.0000 0.0000 -0.0006 0.0003 0.0000 -0.0001 0.0001 0.0000 0.0000 0.0000 0.0000 0.0000 0.0000 0.0000 0.0007 0.0001 0.0000 -0.0011 0.0001 0.0000 -0.0008 0.0003 0.0000 0.0001 0.0000 0.0000 0.0000 0.0000 0.0000 -0.0008 0.0000 0.0000 0.0002 -29.9997 -0.0001 -0.0003 29.9996 0.0000 0.0000 0.0000 0.5803 0.7474 178.2188 -0.0719 -8.4708 0.0881 -18.3446 75.7199 -4.5109 0.0000 25.3510 0.0000 -8.8528 -5.7770 177.8223 0.0003 -0.0163 -0.0827 9.9600 61.4794 -7.8182 0.0000 25.3508 -0.0001 
28.7146 91.9520 -46.1874 15.6984 -0.5387 -0.9026 2.4167 2.2929 0.2424 2.4187 2.2949 0.2426 2.4240 2.2998 0.2432 32.8185 79.0861 -67.8640 57.5258 50.7045 29.0075 33.0690 -0.7467 73.9373 -0.9331 1.3383 0.0445 0.0000 0.0000 0.0001 0.0000 0.0000 0.0000 0.0000 -0.0013 -0.0008 0.0000 -0.0004 0.0001 0.0000 0.0000 0.0000 0.0000 0.0000 0.0000 0.0000 0.0002 -0.0001 0.0000 -0.0006 0.0003 0.0000 0.0004 -0.0006 0.0000 0.0000 0.0001 0.0000 0.0000 0.0000 0.0000 -0.0010 -0.0002 0.0000 0.0002 30.0001 -0.0001 0.0005 -29.9998 0.0000 0.0000 0.0000 -9.5839 -1.8164 1.6408 -9.5839 -1.8164 1.6408 -40.1620 81.4337 65.1487 -38.3909 51.0389 -19.1868 -47.0894 12.6572 -74.3305 0.8657 1.2343 0.0990 0.0000 -0.0001 0.0001 0.0000 0.0000 0.0000 0.0000 -0.0006 0.0003 0.0000 -0.0001 0.0001 0.0000 0.0000 0.0000 0.0000 0.0000 0.0000 0.0000 0.0007 0.0001 0.0000 -0.0012 0.0001 0.0000 -0.0008 0.0003 0.0000 0.0001 0.0000 0.0000 0.0000 0.0000 0.0000 -0.0009 0.0000 0.0000 0.0002 -29.9997 -0.0001 -0.0003 29.9996 0.0000 0.0000 0.0000 0.4142 0.8339 178.2347 -0.0673 -8.4547 0.0877 -18.2392 75.5967 -4.0137 0.0000 25.3510 0.0000 -8.6392 -5.7583 177.8079 0.0000 0.0001 -0.0827 10.2709 61.3570 -7.5832 0.0000 25.3508 -0.0001 
28.7582 91.9263 -46.2383 15.5680 -0.5739 -0.9430 2.3406 2.2414 0.2834 2.3425 2.2433 0.2837 2.3476 2.2482 0.2844 32.9805 79.1133 -67.7822 57.6799 50.7113 29.0779 33.1109 -0.7188 73.8627 -0.9230 1.3256 0.0498 0.0000 0.0000 0.0001 0.0000 0.0000 0.0000 0.0000 -0.0013 -0.0008 0.0000 -0.0004 0.0001 0.0000 0.0000 0.0000 0.0000 0.0000 0.0000 0.0000 0.0002 0.0000 0.0000 -0.0006 0.0003 0.0000 0.0004 -0.0006 0.0000 0.0000 0.0001 0.0000 0.0000 0.0000 0.0000 -0.0010 -0.0002 0.0000 0.0002 30.0001 -0.0001 0.0005 -29.9998 0.0000 0.0000 0.0000 -9.4339 -1.5951 1.5928 -9.4339 -1.5951 1.5928 -40.5060 81.5171 64.7958 -38.2888 51.0835 -19.0891 -46.9108 12.4732 -74.3256 0.8701 1.2402 0.0994 0.0000 -0.0001 0.0001 0.0000 0.0000 0.0000 0.0000 -0.0006 0.0003 0.0000 -0.0001 0.0001 0.0000 0.0000 0.0000 0.0000 0.0000 0.0000 0.0000 0.0007 0.0001 0.0000 -0.0012 0.0001 0.0000 -0.0008 0.0003 0.0000 0.0001 0.0000 0.0000 0.0000 0.0000 0.0000 -0.0009 0.0000 0.0000 0.0002 -29.9996 -0.0001 -0.0003 29.9996 0.0000 0.0000 0.0000 0.2286 0.8965 178.2428 -0.0647 -8.4101 0.0875 -18.1325 75.4687 -3.5243 0.0000 25.3510 0.0000 -8.4102 -5.7636 177.7917 0.0000 0.0000 -0.0827 10.6167 61.2343 -7.3308 0.0000 25.3508 -0.0001 
28.8107 91.8907 -46.2647 15.4519 -0.5804 -0.9886 2.2623 2.1818 0.3180 2.2641 2.1835 0.3183 2.2692 2.1884 0.3191 33.1714 79.1594 -67.6474 57.8263 50.6784 29.1513 33.1539 -0.6652 73.7621 -0.9124 1.3127 0.0587 0.0000 0.0000 0.0001 0.0000 0.0000 0.0000 0.0000 -0.0013 -0.0008 0.0000 -0.0004 0.0001 0.0000 0.0000 0.0000 0.0000 0.0000 0.0000 0.0000 0.0002 0.0000 0.0000 -0.0006 0.0003 0.0000 0.0004 -0.0006 0.0000 0.0000 0.0001 0.0000 0.0000 0.0000 0.0000 -0.0010 -0.0002 0.0000 0.0003 30.0001 -0.0001 0.0005 -29.9998 0.0000 0.0000 0.0000 -9.2819 -1.3685 1.5567 -9.2819 -1.3685 1.5567 -40.9226 81.6017 64.3939 -38.1507 51.2081 -18.9340 -46.7086 12.2645 -74.3310 0.8746 1.2450 0.1043 0.0000 -0.0001 0.0001 0.0000 0.0000 0.0000 0.0000 -0.0006 0.0003 0.0000 -0.0001 0.0001 0.0000 0.0000 0.0000 0.0000 0.0000 0.0000 0.0000 0.0007 0.0001 0.0000 -0.0012 0.0001 0.0000 -0.0008 0.0003 0.0000 0.0001 0.0000 0.0000 0.0000 0.0000 0.0000 -0.0008 0.0000 0.0000 0.0002 -29.9996 -0.0001 -0.0003 29.9996 0.0000 0.0000 0.0000 0.0561 0.8867 178.2679 -0.0638 -8.4065 0.0874 -18.0733 75.3718 -3.1348 0.0000 25.3510 0.0000 -8.1725 -5.7876 177.7776 0.0003 -0.0163 -0.0827 11.0108 61.1174 -7.0389 0.0000 25.3508 -0.0001 
28.8670 91.8552 -46.2597 15.3431 -0.5722 -1.0423 2.1902 2.1222 0.3505 2.1918 2.1238 0.3508 2.1968 2.1286 0.3517 33.3418 79.2117 -67.5049 57.9492 50.5970 29.2240 33.1998 -0.5865 73.6615 -0.9028 1.3014 0.0695 0.0000 0.0000 0.0001 0.0000 0.0000 0.0000 0.0000 -0.0013 -0.0008 0.0000 -0.0004 0.0001 0.0000 0.0000 0.0000 0.0000 0.0000 0.0000 0.0000 0.0002 0.0000 0.0000 -0.0006 0.0003 0.0000 0.0004 -0.0006 0.0000 0.0000 0.0001 0.0000 0.0000 0.0000 0.0000 -0.0010 -0.0002 0.0000 0.0002 30.0001 -0.0001 0.0005 -29.9998 0.0000 0.0000 0.0000 -9.1415 -1.1525 1.5297 -9.1415 -1.1525 1.5297 -41.3429 81.6727 64.0052 -37.9567 51.3974 -18.6930 -46.5089 12.0593 -74.3569 0.8797 1.2492 0.1133 0.0000 -0.0001 0.0001 0.0000 0.0000 0.0000 0.0000 -0.0006 0.0003 0.0000 -0.0001 0.0001 0.0000 0.0000 0.0000 0.0000 0.0000 0.0000 0.0000 0.0007 0.0001 0.0000 -0.0012 0.0001 0.0000 -0.0008 0.0003 0.0000 0.0001 0.0000 0.0000 0.0000 0.0000 0.0000 -0.0009 0.0000 0.0000 0.0002 -29.9996 -0.0001 -0.0003 29.9996 0.0000 0.0000 0.0000 -0.0531 0.8033 178.3059 -0.0657 -8.5499 0.0877 -18.0858 75.3871 -2.9043 0.0000 25.3510 0.0000 -7.9389 -5.7953 177.7725 0.0003 -0.0163 -0.0827 11.4130 61.0080 -6.7358 0.0000 25.3508 -0.0001 
28.9228 91.8194 -46.2290 15.2351 -0.5548 -1.1034 2.1269 2.0652 0.3826 2.1284 2.0667 0.3829 2.1334 2.0715 0.3839 33.4709 79.2621 -67.3731 58.0466 50.4938 29.2831 33.2608 -0.4888 73.5676 -0.8939 1.2909 0.0813 0.0000 0.0000 0.0001 0.0000 0.0000 0.0000 0.0000 -0.0013 -0.0008 0.0000 -0.0004 0.0001 0.0000 0.0000 0.0000 0.0000 0.0000 0.0000 0.0000 0.0002 0.0000 0.0000 -0.0006 0.0003 0.0000 0.0004 -0.0006 0.0000 0.0000 0.0001 0.0000 0.0000 0.0000 0.0000 -0.0010 -0.0002 0.0000 0.0002 30.0001 -0.0001 0.0005 -29.9998 0.0000 0.0000 0.0000 -9.0157 -0.9532 1.5095 -9.0157 -0.9532 1.5095 -41.7634 81.7310 63.6337 -37.7137 51.6351 -18.3776 -46.3180 11.8656 -74.4012 0.8848 1.2525 0.1253 0.0000 -0.0001 0.0001 0.0000 0.0000 0.0000 0.0000 -0.0006 0.0003 0.0000 -0.0001 0.0001 0.0000 0.0000 0.0000 0.0000 0.0000 0.0000 0.0000 0.0007 0.0001 0.0000 -0.0012 0.0001 0.0000 -0.0008 0.0003 0.0000 0.0001 0.0000 0.0000 0.0000 0.0000 0.0000 -0.0009 0.0000 0.0000 0.0002 -29.9996 -0.0001 -0.0003 29.9996 0.0000 0.0000 0.0000 -0.0860 0.6538 178.3526 -0.0703 -8.8533 0.0882 -18.1695 75.5218 -2.8347 0.0000 25.3510 0.0000 -7.7218 -5.7868 177.7791 0.0000 0.0000 -0.0827 11.7887 60.9089 -6.4419 0.0000 25.3508 -0.0001 
28.9663 91.7930 -46.1838 15.1223 -0.5320 -1.1746 2.0816 2.0184 0.4151 2.0830 2.0198 0.4154 2.0879 2.0245 0.4165 33.5245 79.2927 -67.2823 58.1347 50.3689 29.3267 33.3196 -0.3809 73.5079 -0.8871 1.2829 0.0929 0.0000 0.0000 0.0001 0.0000 0.0000 0.0000 0.0000 -0.0013 -0.0008 0.0000 -0.0004 0.0001 0.0000 0.0000 0.0000 0.0000 0.0000 0.0000 0.0000 0.0003 0.0000 0.0000 -0.0006 0.0003 0.0000 0.0004 -0.0006 0.0000 0.0000 0.0001 0.0000 0.0000 0.0000 0.0000 -0.0010 -0.0002 0.0000 0.0002 30.0001 -0.0001 0.0005 -29.9998 0.0000 0.0000 0.0000 -8.9173 -0.7902 1.4995 -8.9173 -0.7902 1.4995 -42.1249 81.7731 63.3465 -37.4054 51.9179 -17.9794 -46.1355 11.6932 -74.4597 0.8910 1.2561 0.1415 0.0000 -0.0001 0.0001 0.0000 0.0000 0.0000 0.0000 -0.0006 0.0003 0.0000 -0.0001 0.0001 0.0000 0.0000 0.0000 0.0000 0.0000 0.0000 0.0000 0.0007 0.0001 0.0000 -0.0012 0.0001 0.0000 -0.0008 0.0003 0.0000 0.0001 0.0000 0.0000 0.0000 0.0000 0.0000 -0.0009 0.0000 0.0000 0.0002 -29.9996 -0.0001 -0.0003 29.9996 0.0000 0.0000 0.0000 -0.0008 0.4515 178.4012 -0.0790 -9.3026 0.0892 -18.2616 75.7765 -2.8972 0.0000 25.3510 0.0000 -7.5483 -5.7832 177.8125 0.0000 0.0000 -0.0827 12.0764 60.8375 -6.1923 0.0000 25.3508 -0.0001 
28.9931 91.7688 -46.1502 15.0037 -0.5157 -1.2468 2.0458 1.9827 0.4476 2.0471 1.9840 0.4480 2.0520 1.9887 0.4491 33.5307 79.3045 -67.2340 58.2282 50.2486 29.3614 33.3889 -0.2798 73.4816 -0.8812 1.2753 0.1033 0.0000 0.0000 0.0001 0.0000 0.0000 0.0000 0.0000 -0.0013 -0.0008 0.0000 -0.0004 0.0001 0.0000 0.0000 0.0000 0.0000 0.0000 0.0000 0.0000 0.0002 0.0000 0.0000 -0.0006 0.0003 0.0000 0.0004 -0.0006 0.0000 0.0000 0.0001 0.0000 0.0000 0.0000 0.0000 -0.0010 -0.0002 0.0000 0.0002 30.0001 -0.0001 0.0005 -29.9998 0.0000 0.0000 0.0000 -8.8331 -0.6535 1.4942 -8.8331 -0.6535 1.4942 -42.4278 81.8082 63.1188 -37.0648 52.2019 -17.5450 -45.9616 11.5413 -74.5194 0.8972 1.2595 0.1585 0.0000 -0.0001 0.0001 0.0000 0.0000 0.0000 0.0000 -0.0006 0.0003 0.0000 -0.0001 0.0001 0.0000 0.0000 0.0000 0.0000 0.0000 0.0000 0.0000 0.0007 0.0001 0.0000 -0.0011 0.0001 0.0000 -0.0008 0.0003 0.0000 0.0001 0.0000 0.0000 0.0000 0.0000 0.0000 -0.0009 0.0000 0.0000 0.0002 -29.9996 -0.0001 -0.0003 29.9996 0.0000 0.0000 0.0000 0.1580 0.2482 178.4627 -0.0868 -9.7514 0.0902 -18.3430 76.0283 -3.0202 0.0000 25.3510 0.0000 -7.4021 -5.7828 177.8625 0.0000 0.0000 -0.0827 12.2580 60.7789 -6.0281 0.0000 25.3508 -0.0001 
28.9998 91.7482 -46.1312 14.8783 -0.5109 -1.3135 2.0146 1.9585 0.4784 2.0158 1.9597 0.4788 2.0206 1.9644 0.4800 33.5158 79.2998 -67.2149 58.3233 50.1464 29.3939 33.4771 -0.1822 73.4747 -0.8756 1.2676 0.1118 0.0000 0.0000 0.0001 0.0000 0.0000 0.0000 0.0000 -0.0013 -0.0008 0.0000 -0.0004 0.0001 0.0000 0.0000 0.0000 0.0000 0.0000 0.0000 0.0000 0.0002 0.0000 0.0000 -0.0006 0.0003 0.0000 0.0004 -0.0006 0.0000 0.0000 0.0001 0.0000 0.0000 0.0000 0.0000 -0.0010 -0.0002 0.0000 0.0003 30.0001 -0.0001 0.0005 -29.9998 0.0000 0.0000 0.0000 -8.7540 -0.5418 1.4903 -8.7540 -0.5418 1.4903 -42.6519 81.8344 62.9638 -36.7161 52.4649 -17.1018 -45.7956 11.4052 -74.5791 0.9036 1.2634 0.1749 0.0000 -0.0001 0.0001 0.0000 0.0000 0.0000 0.0000 -0.0006 0.0003 0.0000 -0.0001 0.0001 0.0000 0.0000 0.0000 0.0000 0.0000 0.0000 0.0000 0.0007 0.0001 0.0000 -0.0012 0.0001 0.0000 -0.0008 0.0003 0.0000 0.0001 0.0000 0.0000 0.0000 0.0000 0.0000 -0.0008 0.0000 0.0000 0.0002 -29.9997 -0.0001 -0.0003 29.9996 0.0000 0.0000 0.0000 0.3554 0.0645 178.5333 -0.0917 -10.1582 0.0909 -18.4159 76.2455 -3.1661 0.0000 25.3510 0.0000 -7.2629 -5.7834 177.9234 0.0000 0.0001 -0.0827 12.3440 60.7332 -5.9580 0.0000 25.3508 -0.0001 
28.9840 91.7309 -46.1251 14.7411 -0.5240 -1.3648 1.9864 1.9498 0.5028 1.9876 1.9510 0.5031 1.9924 1.9557 0.5044 33.5133 79.2747 -67.2044 58.4275 50.0941 29.4339 33.5707 -0.0935 73.4719 -0.8701 1.2602 0.1171 0.0000 0.0000 0.0001 0.0000 0.0000 0.0000 0.0000 -0.0013 -0.0008 0.0000 -0.0004 0.0001 0.0000 0.0000 0.0000 0.0000 0.0000 0.0000 0.0000 0.0002 0.0000 0.0000 -0.0006 0.0003 0.0000 0.0004 -0.0006 0.0000 0.0000 0.0001 0.0000 0.0000 0.0000 0.0000 -0.0010 -0.0002 0.0000 0.0002 30.0001 -0.0001 0.0005 -29.9998 0.0000 0.0000 0.0000 -8.6728 -0.4667 1.4874 -8.6728 -0.4667 1.4874 -42.7502 81.8495 62.9280 -36.3940 52.6717 -16.6993 -45.6394 11.2838 -74.6370 0.9107 1.2690 0.1897 0.0000 -0.0001 0.0001 0.0000 0.0000 0.0000 0.0000 -0.0006 0.0003 0.0000 -0.0001 0.0001 0.0000 0.0000 0.0000 0.0000 0.0000 0.0000 0.0000 0.0007 0.0001 0.0000 -0.0012 0.0001 0.0000 -0.0008 0.0003 0.0000 0.0001 0.0000 0.0000 0.0000 0.0000 0.0000 -0.0008 0.0000 0.0000 0.0002 -29.9996 -0.0001 -0.0003 29.9996 0.0000 0.0000 0.0000 0.5475 -0.0761 178.5998 -0.0915 -10.4864 0.0911 -18.4964 76.4027 -3.2974 0.0000 25.3510 0.0000 -7.1134 -5.7782 177.9868 0.0000 0.0001 -0.0827 12.3200 60.7127 -6.0111 0.0000 25.3508 -0.0001 
28.9702 91.7151 -46.1194 14.5970 -0.5493 -1.4005 1.9594 1.9504 0.5188 1.9606 1.9516 0.5191 1.9654 1.9562 0.5204 33.5572 79.2427 -67.1685 58.5709 50.0812 29.4907 33.6297 -0.0381 73.4727 -0.8646 1.2523 0.1203 0.0000 0.0000 0.0001 0.0000 0.0000 0.0000 0.0000 -0.0013 -0.0008 0.0000 -0.0004 0.0001 0.0000 0.0000 0.0000 0.0000 0.0000 0.0000 0.0000 0.0002 0.0000 0.0000 -0.0006 0.0003 0.0000 0.0004 -0.0006 0.0000 0.0000 0.0001 0.0000 0.0000 0.0000 0.0000 -0.0010 -0.0002 0.0000 0.0002 30.0001 -0.0001 0.0005 -29.9998 0.0000 0.0000 0.0000 -8.5885 -0.4144 1.4867 -8.5885 -0.4144 1.4867 -42.7752 81.8623 62.9644 -36.1028 52.8252 -16.3614 -45.4907 11.1630 -74.6904 0.9187 1.2762 0.2031 0.0000 -0.0001 0.0001 0.0000 0.0000 0.0000 0.0000 -0.0006 0.0003 0.0000 -0.0001 0.0001 0.0000 0.0000 0.0000 0.0000 0.0000 0.0000 0.0000 0.0007 0.0001 0.0000 -0.0012 0.0001 0.0000 -0.0008 0.0003 0.0000 0.0001 0.0000 0.0000 0.0000 0.0000 0.0000 -0.0009 0.0000 0.0000 0.0002 -29.9997 -0.0001 -0.0003 29.9996 0.0000 0.0000 0.0000 0.6899 -0.1694 178.6439 -0.0915 -10.7412 0.0913 -18.5740 76.5206 -3.3659 0.0000 25.3510 0.0000 -6.9485 -5.7622 178.0341 0.0000 0.0000 -0.0827 12.2658 60.7122 -6.1068 0.0000 25.3508 -0.0001 
28.9690 91.7002 -46.1118 14.4498 -0.5844 -1.4211 1.9321 1.9574 0.5257 1.9333 1.9586 0.5260 1.9380 1.9633 0.5273 33.6422 79.2098 -67.1068 58.7319 50.0967 29.5578 33.6644 -0.0093 73.4685 -0.8592 1.2447 0.1222 0.0000 0.0000 0.0001 0.0000 0.0000 0.0000 0.0000 -0.0013 -0.0008 0.0000 -0.0004 0.0001 0.0000 0.0000 0.0000 0.0000 0.0000 0.0000 0.0000 0.0002 0.0000 0.0000 -0.0006 0.0003 0.0000 0.0004 -0.0006 0.0000 0.0000 0.0001 0.0000 0.0000 0.0000 0.0000 -0.0010 -0.0002 0.0000 0.0002 30.0001 -0.0001 0.0005 -29.9998 0.0000 0.0000 0.0000 -8.5010 -0.3771 1.4895 -8.5010 -0.3771 1.4895 -42.7440 81.8713 63.0509 -35.8388 52.9381 -16.0801 -45.3542 11.0398 -74.7393 0.9272 1.2846 0.2151 0.0000 -0.0001 0.0001 0.0000 0.0000 0.0000 0.0000 -0.0006 0.0003 0.0000 -0.0001 0.0001 0.0000 0.0000 0.0000 0.0000 0.0000 0.0000 0.0000 0.0007 0.0001 0.0000 -0.0012 0.0001 0.0000 -0.0008 0.0003 0.0000 0.0001 0.0000 0.0000 0.0000 0.0000 0.0000 -0.0008 0.0000 0.0000 0.0002 -29.9996 -0.0001 -0.0003 29.9996 0.0000 0.0000 0.0000 0.7823 -0.2143 178.6598 -0.0942 -10.9235 0.0917 -18.6202 76.6070 -3.3497 0.0000 25.3511 0.0000 -6.7678 -5.7434 178.0567 0.0003 -0.0163 -0.0827 12.2270 60.7311 -6.1965 0.0000 25.3508 -0.0001 
28.9858 91.6889 -46.1039 14.3298 -0.6217 -1.4278 1.9086 1.9687 0.5251 1.9098 1.9699 0.5254 1.9144 1.9746 0.5268 33.7377 79.1807 -67.0407 58.8666 50.1299 29.6136 33.6829 -0.0088 73.4630 -0.8551 1.2389 0.1229 0.0000 0.0000 0.0001 0.0000 0.0000 0.0000 0.0000 -0.0013 -0.0008 0.0000 -0.0004 0.0001 0.0000 0.0000 0.0000 0.0000 0.0000 0.0000 0.0000 0.0002 0.0000 0.0000 -0.0006 0.0003 0.0000 0.0004 -0.0006 0.0000 0.0000 0.0001 0.0000 0.0000 0.0000 0.0000 -0.0010 -0.0002 0.0000 0.0002 30.0001 -0.0001 0.0005 -29.9998 0.0000 0.0000 0.0000 -8.4260 -0.3578 1.4935 -8.4260 -0.3578 1.4935 -42.6529 81.8730 63.1817 -35.6534 52.9972 -15.8958 -45.2503 10.9385 -74.7822 0.9347 1.2925 0.2241 0.0000 -0.0001 0.0001 0.0000 0.0000 0.0000 0.0000 -0.0006 0.0003 0.0000 -0.0001 0.0001 0.0000 0.0000 0.0000 0.0000 0.0000 0.0000 0.0000 0.0007 0.0001 0.0000 -0.0012 0.0001 0.0000 -0.0008 0.0003 0.0000 0.0001 0.0000 0.0000 0.0000 0.0000 0.0000 -0.0009 0.0000 0.0000 0.0002 -29.9996 -0.0001 -0.0003 29.9996 0.0000 0.0000 0.0000 0.8206 -0.1986 178.6464 -0.1001 -10.9916 0.0924 -18.5872 76.6459 -3.2279 0.0000 25.3510 0.0000 -6.6069 -5.7264 178.0506 0.0009 -0.0486 -0.0827 12.2266 60.7637 -6.2467 0.0000 25.3508 -0.0001 
29.0024 91.6822 -46.0991 14.2356 -0.6565 -1.4264 1.8901 1.9801 0.5203 1.8912 1.9813 0.5206 1.8958 1.9861 0.5220 33.8310 79.1600 -66.9741 58.9658 50.1688 29.6508 33.6817 -0.0214 73.4563 -0.8523 1.2349 0.1231 0.0000 0.0000 0.0001 0.0000 0.0000 0.0000 0.0000 -0.0013 -0.0008 0.0000 -0.0004 0.0001 0.0000 0.0000 0.0000 0.0000 0.0000 0.0000 0.0000 0.0002 0.0000 0.0000 -0.0006 0.0003 0.0000 0.0004 -0.0006 0.0000 0.0000 0.0001 0.0000 0.0000 0.0000 0.0000 -0.0010 -0.0002 0.0000 0.0002 30.0001 -0.0001 0.0005 -29.9998 0.0000 0.0000 0.0000 -8.3665 -0.3466 1.4987 -8.3665 -0.3466 1.4987 -42.5505 81.8728 63.3166 -35.5197 53.0292 -15.7741 -45.1792 10.8515 -74.8186 0.9408 1.2989 0.2308 0.0000 -0.0001 0.0001 0.0000 0.0000 0.0000 0.0000 -0.0006 0.0003 0.0000 -0.0001 0.0001 0.0000 0.0000 0.0000 0.0000 0.0000 0.0000 0.0000 0.0007 0.0001 0.0000 -0.0012 0.0001 0.0000 -0.0008 0.0003 0.0000 0.0001 0.0000 0.0000 0.0000 0.0000 0.0000 -0.0009 0.0000 0.0000 0.0002 -29.9997 -0.0001 -0.0003 29.9996 0.0000 0.0000 0.0000 0.8367 -0.1610 178.6257 -0.1053 -11.0046 0.0929 -18.5313 76.6592 -3.0885 0.0000 25.3510 0.0000 -6.4771 -5.6718 178.0347 0.0000 0.0001 -0.0827 12.2296 60.7527 -6.2881 0.0000 25.3508 -0.0001 
29.0024 91.6822 -46.0991 14.2356 -0.6565 -1.4264 1.8901 1.9801 0.5203 1.8912 1.9813 0.5206 1.8958 1.9861 0.5220 33.8310 79.1600 -66.9741 58.9658 50.1688 29.6508 33.6817 -0.0214 73.4563 -0.8523 1.2349 0.1231 0.0000 0.0000 0.0001 0.0000 0.0000 0.0000 0.0000 -0.0013 -0.0008 0.0000 -0.0004 0.0001 0.0000 0.0000 0.0000 0.0000 0.0000 0.0000 0.0000 0.0002 0.0000 0.0000 -0.0006 0.0003 0.0000 0.0004 -0.0006 0.0000 0.0000 0.0001 0.0000 0.0000 0.0000 0.0000 -0.0010 -0.0002 0.0000 0.0002 30.0001 -0.0001 0.0005 -29.9998 0.0000 0.0000 0.0000 -8.3665 -0.3466 1.4987 -8.3665 -0.3466 1.4987 -42.5505 81.8728 63.3166 -35.5197 53.0292 -15.7741 -45.1792 10.8515 -74.8186 0.9408 1.2989 0.2308 0.0000 -0.0001 0.0001 0.0000 0.0000 0.0000 0.0000 -0.0006 0.0003 0.0000 -0.0001 0.0001 0.0000 0.0000 0.0000 0.0000 0.0000 0.0000 0.0000 0.0007 0.0001 0.0000 -0.0012 0.0001 0.0000 -0.0008 0.0003 0.0000 0.0001 0.0000 0.0000 0.0000 0.0000 0.0000 -0.0009 0.0000 0.0000 0.0002 -29.9997 -0.0001 -0.0003 29.9996 0.0000 0.0000 0.0000 0.8367 -0.1610 178.6257 -0.1053 -11.0046 0.0929 -18.5313 76.6592 -3.0885 0.0000 25.3510 0.0000 -6.4771 -5.6718 178.0347 0.0000 0.0001 -0.0827 12.2296 60.7527 -6.2881 0.0000 25.3508 -0.0001 