HIERARCHY
ROOT Hips
{
  OFFSET 0.0000 92.1569 0.0000
  CHANNELS 6 Xposition Yposition Zposition Yrotation Xrotation Zrotation
  JOINT Spine
  {
    OFFSET 0.0000 12.8432 0.0000
    CHANNELS 3 Yrotation Xrotation Zrotation
    JOINT Spine1
    {
      OFFSET 0.0000 12.7668 0.0000
      CHANNELS 3 Yrotation Xrotation Zrotation
      JOINT Spine2
      {
        OFFSET 0.0000 12.9359 0.0000
        CHANNELS 3 Yrotation Xrotation Zrotation
        JOINT LeftShoulder
        {
          OFFSET 7.0928 10.5283 0.0000
          CHANNELS 3 Yrotation Xrotation Zrotation
          JOINT LeftArm
          {
            OFFSET 0.0000 13.4072 0.0000
            CHANNELS 3 Yrotation Xrotation Zrotation
            JOINT LeftForeArm
            {
              OFFSET -0.0001 23.6311 0.0000
              CHANNELS 3 Yrotation Xrotation Zrotation
              JOINT LeftHand
              {
                OFFSET 0.0000 26.0214 0.0000
                CHANNELS 3 Yrotation Xrotation Zrotation
                JOINT LeftHandIndex1
                {
                  OFFSET -2.3384 7.3717 0.0940
                  CHANNELS 3 Yrotation Xrotation Zrotation
                  JOINT LeftHandIndex2
                  {
                    OFFSET 0.0000 4.1821 0.0000
                    CHANNELS 3 Yrotation Xrotation Zrotation
                    JOINT LeftHandIndex3
                    {
                      OFFSET 0.0000 2.5729 0.0000
                      CHANNELS 3 Yrotation Xrotation Zrotation
                      End Site
                      {
                        OFFSET 0.0000 1.3566 0.0000
                      }
                    }
                  }
                }
                JOINT LeftHandMiddle1
                {
                  OFFSET -0.4976 7.4289 0.0940
                  CHANNELS 3 Yrotation Xrotation Zrotation
                  JOINT LeftHandMiddle2
                  {
                    OFFSET 0.0000 4.2934 0.0000
                    CHANNELS 3 Yrotation Xrotation Zrotation
                    JOINT LeftHandMiddle3
                    {
                      OFFSET 0.0000 2.8318 0.0000
                      CHANNELS 3 Yrotation Xrotation Zrotation
                      End Site
                      {
                        OFFSET 0.0000 1.4991 0.0000
                      }
                    }
                  }
                }
                JOINT LeftHandPinky1
                {
                  OFFSET 2.8640 6.4077 0.0941
                  CHANNELS 3 Yrotation Xrotation Zrotation
                  JOINT LeftHandPinky2
                  {
                    OFFSET 0.0000 3.2449 0.0000
                    CHANNELS 3 Yrotation Xrotation Zrotation
                    JOINT LeftHandPinky3
                    {
                      OFFSET 0.0000 2.0396 0.0000
                      CHANNELS 3 Yrotation Xrotation Zrotation
                      End Site
                      {
                        OFFSET 0.0000 1.1205 0.0000
                      }
                    }
                  }
                }
                JOINT LeftHandRing1
                {
                  OFFSET 1.3152 7.1278 0.0941
                  CHANNELS 3 Yrotation Xrotation Zrotation
                  JOINT LeftHandRing2
                  {
                    OFFSET 0.0000 4.0102 0.0000
                    CHANNELS 3 Yrotation Xrotation Zrotation
                    JOINT LeftHandRing3
                    {
                      OFFSET 0.0000 2.5863 0.0000
                      CHANNELS 3 Yrotation Xrotation Zrotation
                      End Site
                      {
                        OFFSET 0.0000 1.3500 0.0000
                      }
                    }
                  }
                }
                JOINT LeftHandThumb1
                {
                  OFFSET -2.5440 1.8982 0.0857
                  CHANNELS 3 Yrotation Xrotation Zrotation
                  JOINT LeftHandThumb2
                  {
                    OFFSET 0.0000 3.6174 0.0000
                    CHANNELS 3 Yrotation Xrotation Zrotation
                    JOINT LeftHandThumb3
                    {
                      OFFSET 0.0000 2.7456 0.0000
                      CHANNELS 3 Yrotation Xrotation Zrotation
                      End Site
                      {
                        OFFSET 0.0000 1.7295 0.0000
                      }
                    }
                  }
                }
              }
            }
          }
        }
        JOINT Neck
        {
          OFFSET 0.0000 18.3612 0.0000
          CHANNELS 3 Yrotation Xrotation Zrotation
          JOINT Head
          {
            OFFSET 0.0000 10.8799 0.0000
            CHANNELS 3 Yrotation Xrotation Zrotation
            End Site
            {
              OFFSET 0.0000 7.8269 0.0000
            }
          }
        }
        JOINT RightShoulder
        {
          OFFSET -7.0929 10.5283 0.0000
          CHANNELS 3 Yrotation Xrotation Zrotation
          JOINT RightArm
          {
            OFFSET 0.0000 13.4072 0.0000
            CHANNELS 3 Yrotation Xrotation Zrotation
            JOINT RightForeArm
            {
              OFFSET 0.0000 23.6311 0.0000
              CHANNELS 3 Yrotation Xrotation Zrotation
              JOINT RightHand
              {
                OFFSET -0.0001 26.0214 0.0000
                CHANNELS 3 Yrotation Xrotation Zrotation
                JOINT RightHandIndex1
                {
                  OFFSET 2.3384 7.3718 0.0941
                  CHANNELS 3 Yrotation Xrotation Zrotation
                  JOINT RightHandIndex2
                  {
                    OFFSET 0.0000 4.1821 0.0000
                    CHANNELS 3 Yrotation Xrotation Zrotation
                    JOINT RightHandIndex3
                    {
                      OFFSET 0.0000 2.5730 0.0000
                      CHANNELS 3 Yrotation Xrotation Zrotation
                      End Site
                      {
                        OFFSET 0.0000 1.3566 0.0000
                      }
                    }
                  }
                }
                JOINT RightHandMiddle1
                {
                  OFFSET 0.4976 7.4289 0.0941
                  CHANNELS 3 Yrotation Xrotation Zrotation
                  JOINT RightHandMiddle2
                  {
                    OFFSET 0.0000 4.2934 0.0000
                    CHANNELS 3 Yrotation Xrotation Zrotation
                    JOINT RightHandMiddle3
                    {
                      OFFSET 0.0000 2.8318 0.0000
                      CHANNELS 3 Yrotation Xrotation Zrotation
                      End Site
                      {
                        OFFSET 0.0000 1.4991 0.0000
                      }
                    }
                  }
                }
                JOINT RightHandPinky1
                {
                  OFFSET -2.8640 6.4077 0.0941
                  CHANNELS 3 Yrotation Xrotation Zrotation
                  JOINT RightHandPinky2
                  {
                    OFFSET 0.0000 3.2449 0.0000
                    CHANNELS 3 Yrotation Xrotation Zrotation
                    JOINT RightHandPinky3
                    {
                      OFFSET 0.0000 2.0397 0.0000
                      CHANNELS 3 Yrotation Xrotation Zrotation
                      End Site
                      {
                        OFFSET 0.0000 1.1205 0.0000
                      }
                    }
                  }
                }
                JOINT RightHandRing1
                {
                  OFFSET -1.3152 7.1278 0.0941
                  CHANNELS 3 Yrotation Xrotation Zrotation
                  JOINT RightHandRing2
                  {
                    OFFSET 0.0000 4.0102 0.0000
                    CHANNELS 3 Yrotation Xrotation Zrotation
                    JOINT RightHandRing3
                    {
                      OFFSET 0.0000 2.5863 0.0000
                      CHANNELS 3 Yrotation Xrotation Zrotation
                      End Site
                      {
                        OFFSET 0.0000 1.3500 0.0000
                      }
                    }
                  }
                }
                JOINT RightHandThumb1
                {
                  OFFSET 2.5440 1.8982 0.0856
                  CHANNELS 3 Yrotation Xrotation Zrotation
                  JOINT RightHandThumb2
                  {
                    OFFSET 0.0000 3.6173 0.0000
                    CHANNELS 3 Yrotation Xrotation Zrotation
                    JOINT RightHandThumb3
                    {
                      OFFSET 0.0000 2.7456 0.0000
                      CHANNELS 3 Yrotation Xrotation Zrotation
                      End Site
                      {
                        OFFSET 0.0000 1.7295 0.0000
                      }
                    }
                  }
                }
              }
            }
          }
        }
      }
    }
  }
  JOINT LeftUpLeg
  {
    OFFSET 7.9554 0.0000 0.0000
    CHANNELS 3 Yrotation Xrotation Zrotation
    JOINT LeftLeg
    {
      OFFSET 0.0000 42.3529 0.0000
      CHANNELS 3 Yrotation Xrotation Zrotation
      JOINT LeftFoot
      {
        OFFSET 0.0000 42.0403 0.0000
        CHANNELS 3 Yrotation Xrotation Zrotation
        JOINT LeftToe
        {
          OFFSET 0.0000 15.0850 0.0000
          CHANNELS 3 Yrotation Xrotation Zrotation
          End Site
          {
            OFFSET 0.0000 3.5000 0.0000
          }
        }
      }
    }
  }
  JOINT RightUpLeg
  {
    OFFSET -7.9554 0.0000 0.0000
    CHANNELS 3 Yrotation Xrotation Zrotation
    JOINT RightLeg
    {
      OFFSET 0.0000 42.3529 0.0000
      CHANNELS 3 Yrotation Xrotation Zrotation
      JOINT RightFoot
      {
        OFFSET 0.0000 42.0403 0.0000
        CHANNELS 3 Yrotation Xrotation Zrotation
        JOINT RightToe
        {
          OFFSET 0.0000 15.0850 0.0000
          CHANNELS 3 Yrotation Xrotation Zrotation
          End Site
          {
            OFFSET 0.0000 3.5000 0.0000
          }
        }
      }
    }
  }
}
MOTION
Frames: 491
Frame Time: 0.016667
0.0000 92.1569 0.0000 0.0000 0.0000 0.0000 0.0000 0.0000 0.0000 0.0000 0.0000 0.0000 0.0000 0.0000 0.0000 -270.0000 90.0000 0.0000 0.0000 0.0000 0.0000 0.0000 0.0000 0.0000 0.0000 0.0000 0.0000 0.0000 0.0000 0.0001 0.0000 0.0000 0.0000 0.0000 -0.0013 -0.0008 0.0000 -0.0004 0.0001 0.0000 0.0000 0.0000 0.0000 0.0000 0.0000 0.0000 0.0003 0.0000 0.0000 -0.0006 0.0003 0.0000 0.0004 -0.0006 0.0000 0.0000 0.0001 0.0000 0.0000 0.0000 0.0000 -0.0010 -0.0002 0.0000 0.0002 30.0001 -0.0001 0.0005 -29.9998 0.0000 0.0000 0.0000 0.0000 0.0000 0.0000 0.0000 0.0000 0.0000 270.0001 90.0000 0.0000 0.0000 0.0000 0.0000 0.0000 0.0000 0.0000 0.0000 0.0000 0.0000 0.0000 -0.0001 0.0001 0.0000 0.0000 0.0000 0.0000 -0.0006 0.0003 0.0000 -0.0001 0.0001 0.0000 0.0000 0.0000 0.0000 0.0000 0.0000 0.0000 0.0007 0.0001 0.0000 -0.0012 0.0001 0.0000 -0.0008 0.0003 0.0000 0.0001 0.0000 0.0000 0.0000 0.0000 0.0000 -0.0009 0.0000 0.0000 0.0002 -29.9997 -0.0001 -0.0003 29.9996 0.0000 0.0000 0.0000 0.0000 0.0000 179.9999 0.0000 0.0001 0.0826 -0.1744 64.6492 -0.1930 0.0000 25.3510 0.0000 0.0000 0.0000 180.0000 0.0000 0.0000 -0.0827 0.1745 64.6492 0.1931 0.0000 25.3508 -0.0001 
-0.3755 91.9974 -2.6789 -0.2111 0.4271 -0.8297 1.3631 -0.0014 0.3098 1.3633 -0.0013 0.3099 1.3672 -0.0013 0.3107 103.5377 90.0000 0.0000 87.8509 72.8159 83.8784 -12.4156 1.2987 2.4765 -0.0122 0.3769 -0.3157 0.0000 0.0000 0.0001 0.0000 0.0000 0.0000 0.0000 -0.0013 -0.0008 0.0000 -0.0004 0.0001 0.0000 0.0000 0.0000 0.0000 0.0000 0.0000 0.0000 0.0002 0.0000 0.0000 -0.0006 0.0003 0.0000 0.0004 -0.0006 0.0000 0.0000 0.0001 0.0000 0.0000 0.0000 0.0000 -0.0010 -0.0002 0.0000 0.0002 30.0001 -0.0001 0.0005 -29.9998 0.0000 0.0000 0.0000 -2.5758 3.0499 0.4364 -2.5758 3.0499 0.4364 -4.9426 86.0272 107.4942 -81.4199 76.5278 -73.1649 10.0491 3.5828 -5.3228 0.0242 0.2590 0.3987 0.0000 -0.0001 0.0001 0.0000 0.0000 0.0000 0.0000 -0.0006 0.0003 0.0000 -0.0001 0.0001 0.0000 0.0000 0.0000 0.0000 0.0000 0.0000 0.0000 0.0007 0.0001 0.0000 -0.0012 0.0001 0.0000 -0.0008 0.0003 0.0000 0.0001 0.0000 0.0000 0.0000 0.0000 0.0000 -0.0009 0.0000 0.0000 0.0002 -29.9997 -0.0001 -0.0003 29.9996 0.0000 0.0000 0.0000 -0.3737 -0.2148 -179.4784 0.0033 -6.5500 0.0826 -4.2755 71.4010 0.3103 0.0000 25.0223 0.0000 0.3780 -1.3818 -178.6843 0.0223 -4.6688 -0.0836 5.7714 68.6450 0.1854 0.0000 25.3508 -0.0001 
-0.3771 92.0001 -2.6796 -0.2036 0.4251 -0.8288 1.3634 -0.0009 0.3071 1.3636 -0.0008 0.3071 1.3675 -0.0008 0.3080 103.5369 90.0000 0.0000 87.8224 72.7840 83.8561 -12.4286 1.2929 2.4706 -0.0122 0.3773 -0.3158 0.0000 0.0000 0.0001 0.0000 0.0000 0.0000 0.0000 -0.0013 -0.0008 0.0000 -0.0004 0.0001 0.0000 0.0000 0.0000 0.0000 0.0000 0.0000 0.0000 0.0002 0.0000 0.0000 -0.0006 0.0003 0.0000 0.0004 -0.0006 0.0000 0.0000 0.0001 0.0000 0.0000 0.0000 0.0000 -0.0010 -0.0002 0.0000 0.0002 30.0001 -0.0001 0.0005 -29.9998 0.0000 0.0000 0.0000 -2.5811 3.0538 0.4423 -2.5811 3.0538 0.4423 -4.8993 86.0282 107.5409 -81.4323 76.5387 -73.1665 10.0590 3.5825 -5.3331 0.0242 0.2584 0.3981 0.0000 -0.0001 0.0001 0.0000 0.0000 0.0000 0.0000 -0.0006 0.0003 0.0000 -0.0001 0.0001 0.0000 0.0000 0.0000 0.0000 0.0000 0.0000 0.0000 0.0007 0.0001 0.0000 -0.0012 0.0001 0.0000 -0.0008 0.0003 0.0000 0.0001 0.0000 0.0000 0.0000 0.0000 0.0000 -0.0009 0.0000 0.0000 0.0002 -29.9996 -0.0001 -0.0003 29.9996 0.0000 0.0000 0.0000 -0.3729 -0.1898 -179.4780 0.0032 -6.5019 0.0826 -4.2600 71.3766 0.3183 0.0000 25.0222 0.0000 0.3735 -1.3573 -178.6831 0.0221 -4.6273 -0.0836 5.7728 68.6235 0.1875 0.0000 25.3508 -0.0001 
-0.3801 91.9997 -2.6806 -0.1942 0.4222 -0.8266 1.3636 0.0003 0.3035 1.3638 0.0004 0.3035 1.3677 0.0004 0.3044 103.5368 90.0000 0.0000 87.7773 72.7522 83.8168 -12.4338 1.2869 2.4673 -0.0122 0.3784 -0.3163 0.0000 0.0000 0.0001 0.0000 0.0000 0.0000 0.0000 -0.0013 -0.0008 0.0000 -0.0004 0.0001 0.0000 0.0000 0.0000 0.0000 0.0000 0.0000 0.0000 0.0002 0.0000 0.0000 -0.0006 0.0003 0.0000 0.0004 -0.0006 0.0000 0.0000 0.0001 0.0000 0.0000 0.0000 0.0000 -0.0010 -0.0002 0.0000 0.0003 30.0001 -0.0001 0.0005 -29.9998 0.0000 0.0000 0.0000 -2.5878 3.0597 0.4485 -2.5878 3.0597 0.4485 -4.8367 86.0279 107.6071 -81.4440 76.5413 -73.1726 10.0759 3.5809 -5.3386 0.0242 0.2582 0.3983 0.0000 -0.0001 0.0001 0.0000 0.0000 0.0000 0.0000 -0.0006 0.0003 0.0000 -0.0001 0.0001 0.0000 0.0000 0.0000 0.0000 0.0000 0.0000 0.0000 0.0007 0.0001 0.0000 -0.0011 0.0001 0.0000 -0.0008 0.0003 0.0000 0.0001 0.0000 0.0000 0.0000 0.0000 0.0000 -0.0009 0.0000 0.0000 0.0002 -29.9996 -0.0001 -0.0003 29.9996 0.0000 0.0000 0.0000 -0.3730 -0.1811 -179.4778 0.0031 -6.4875 0.0826 -4.2486 71.3690 0.3209 0.0000 25.3510 0.0000 0.3720 -1.2642 -178.6799 0.0216 -4.4551 -0.0836 5.7557 68.5395 0.1670 0.0000 25.3508 -0.0001 
-0.3833 91.9995 -2.6825 -0.1845 0.4185 -0.8235 1.3631 0.0015 0.2999 1.3633 0.0015 0.2999 1.3672 0.0015 0.3008 103.5392 90.0000 0.0000 87.7327 72.7282 83.7749 -12.4320 1.2824 2.4677 -0.0122 0.3786 -0.3161 0.0000 0.0000 0.0001 0.0000 0.0000 0.0000 0.0000 -0.0013 -0.0008 0.0000 -0.0004 0.0001 0.0000 0.0000 0.0000 0.0000 0.0000 0.0000 0.0000 0.0002 0.0000 0.0000 -0.0006 0.0003 0.0000 0.0004 -0.0006 0.0000 0.0000 0.0001 0.0000 0.0000 0.0000 0.0000 -0.0010 -0.0002 0.0000 0.0002 30.0001 -0.0001 0.0005 -29.9998 0.0000 0.0000 0.0000 -2.5942 3.0676 0.4531 -2.5942 3.0676 0.4531 -4.7817 86.0278 107.6610 -81.4611 76.5350 -73.1875 10.0985 3.5786 -5.3398 0.0242 0.2578 0.3980 0.0000 -0.0001 0.0001 0.0000 0.0000 0.0000 0.0000 -0.0006 0.0003 0.0000 -0.0001 0.0001 0.0000 0.0000 0.0000 0.0000 0.0000 0.0000 0.0000 0.0007 0.0001 0.0000 -0.0011 0.0001 0.0000 -0.0008 0.0003 0.0000 0.0001 0.0000 0.0000 0.0000 0.0000 0.0000 -0.0009 0.0000 0.0000 0.0002 -29.9996 -0.0001 -0.0003 29.9996 0.0000 0.0000 0.0000 -0.3754 -0.1733 -179.4785 0.0030 -6.4753 0.0826 -4.2398 71.3618 0.3228 0.0000 25.3510 0.0000 0.3762 -1.0921 -178.6761 0.0203 -4.1259 -0.0834 5.7210 68.3775 0.1224 0.0000 25.3508 -0.0001 
-0.3863 92.0004 -2.6853 -0.1755 0.4139 -0.8193 1.3626 0.0031 0.2965 1.3628 0.0031 0.2966 1.3667 0.0031 0.2974 103.5427 90.0000 0.0000 87.6896 72.7122 83.7310 -12.4276 1.2801 2.4711 -0.0122 0.3790 -0.3163 0.0000 0.0000 0.0001 0.0000 0.0000 0.0000 0.0000 -0.0013 -0.0008 0.0000 -0.0004 0.0001 0.0000 0.0000 0.0000 0.0000 0.0000 0.0000 0.0000 0.0002 0.0000 0.0000 -0.0006 0.0003 0.0000 0.0004 -0.0006 0.0000 0.0000 0.0001 0.0000 0.0000 0.0000 0.0000 -0.0010 -0.0002 0.0000 0.0002 30.0001 -0.0001 0.0005 -29.9998 0.0000 0.0000 0.0000 -2.6008 3.0760 0.4561 -2.6008 3.0760 0.4561 -4.7434 86.0260 107.6976 -81.4771 76.5212 -73.2020 10.1214 3.5756 -5.3389 0.0242 0.2577 0.3981 0.0000 -0.0001 0.0001 0.0000 0.0000 0.0000 0.0000 -0.0006 0.0003 0.0000 -0.0001 0.0001 0.0000 0.0000 0.0000 0.0000 0.0000 0.0000 0.0000 0.0007 0.0001 0.0000 -0.0011 0.0001 0.0000 -0.0008 0.0003 0.0000 0.0001 0.0000 0.0000 0.0000 0.0000 0.0000 -0.0009 0.0000 0.0000 0.0002 -29.9997 -0.0001 -0.0003 29.9996 0.0000 0.0000 0.0000 -0.3799 -0.1565 -179.4805 0.0027 -6.4458 0.0826 -4.2312 71.3454 0.3267 0.0000 25.3510 0.0000 0.3849 -0.8832 -178.6726 0.0187 -3.7226 -0.0833 5.6780 68.1781 0.0652 0.0000 25.3508 -0.0001 
-0.3894 92.0020 -2.6886 -0.1686 0.4081 -0.8131 1.3633 0.0055 0.2931 1.3635 0.0055 0.2932 1.3674 0.0055 0.2940 103.5462 90.0000 0.0000 87.6530 72.7082 83.6878 -12.4255 1.2830 2.4762 -0.0122 0.3787 -0.3161 0.0000 0.0000 0.0001 0.0000 0.0000 0.0000 0.0000 -0.0013 -0.0008 0.0000 -0.0004 0.0001 0.0000 0.0000 0.0000 0.0000 0.0000 0.0000 0.0000 0.0002 0.0000 0.0000 -0.0006 0.0003 0.0000 0.0004 -0.0006 0.0000 0.0000 0.0001 0.0000 0.0000 0.0000 0.0000 -0.0010 -0.0002 0.0000 0.0002 30.0001 -0.0001 0.0005 -29.9998 0.0000 0.0000 0.0000 -2.6089 3.0836 0.4575 -2.6089 3.0836 0.4575 -4.7121 86.0205 107.7290 -81.4853 76.5022 -73.2084 10.1360 3.5715 -5.3362 0.0242 0.2580 0.3984 0.0000 -0.0001 0.0001 0.0000 0.0000 0.0000 0.0000 -0.0006 0.0003 0.0000 -0.0001 0.0001 0.0000 0.0000 0.0000 0.0000 0.0000 0.0000 0.0000 0.0007 0.0001 0.0000 -0.0011 0.0001 0.0000 -0.0008 0.0003 0.0000 0.0001 0.0000 0.0000 0.0000 0.0000 0.0000 -0.0009 0.0000 0.0000 0.0002 -29.9997 -0.0001 -0.0003 29.9996 0.0000 0.0000 0.0000 -0.3860 -0.1223 -179.4846 0.0022 -6.3835 0.0826 -4.2242 71.3125 0.3332 0.0000 25.3510 0.0000 0.3967 -0.6857 -178.6731 0.0169 -3.3385 -0.0832 5.6431 67.9860 0.0153 0.0000 25.3508 -0.0001 
-0.3928 92.0042 -2.6910 -0.1631 0.4024 -0.8061 1.3643 0.0077 0.2899 1.3645 0.0077 0.2900 1.3684 0.0077 0.2908 103.5485 90.0000 0.0000 87.6207 72.7104 83.6481 -12.4340 1.2888 2.4802 -0.0122 0.3788 -0.3165 0.0000 0.0000 0.0001 0.0000 0.0000 0.0000 0.0000 -0.0013 -0.0008 0.0000 -0.0004 0.0001 0.0000 0.0000 0.0000 0.0000 0.0000 0.0000 0.0000 0.0002 0.0000 0.0000 -0.0006 0.0003 0.0000 0.0004 -0.0006 0.0000 0.0000 0.0001 0.0000 0.0000 0.0000 0.0000 -0.0010 -0.0002 0.0000 0.0002 30.0001 -0.0001 0.0005 -29.9998 0.0000 0.0000 0.0000 -2.6171 3.0904 0.4582 -2.6171 3.0904 0.4582 -4.6748 86.0152 107.7641 -81.4823 76.4878 -73.2027 10.1394 3.5678 -5.3349 0.0242 0.2581 0.3983 0.0000 -0.0001 0.0001 0.0000 0.0000 0.0000 0.0000 -0.0006 0.0003 0.0000 -0.0001 0.0001 0.0000 0.0000 0.0000 0.0000 0.0000 0.0000 0.0000 0.0007 0.0001 0.0000 -0.0011 0.0001 0.0000 -0.0008 0.0003 0.0000 0.0001 0.0000 0.0000 0.0000 0.0000 0.0000 -0.0009 0.0000 0.0000 0.0002 -29.9996 -0.0001 -0.0003 29.9996 0.0000 0.0000 0.0000 -0.3927 -0.0775 -179.4895 0.0018 -6.3012 0.0827 -4.2178 71.2700 0.3412 0.0000 25.3510 0.0000 0.4055 -0.5530 -178.6760 0.0157 -3.0833 -0.0831 5.6239 67.8582 -0.0145 0.0000 25.3508 -0.0001 
-0.3961 92.0072 -2.6923 -0.1591 0.3971 -0.7996 1.3652 0.0092 0.2875 1.3654 0.0092 0.2875 1.3693 0.0092 0.2884 103.5494 90.0000 0.0000 87.6004 72.7148 83.6199 -12.4567 1.2958 2.4834 -0.0122 0.3782 -0.3165 0.0000 0.0000 0.0001 0.0000 0.0000 0.0000 0.0000 -0.0013 -0.0008 0.0000 -0.0004 0.0001 0.0000 0.0000 0.0000 0.0000 0.0000 0.0000 0.0000 0.0002 0.0000 0.0000 -0.0006 0.0003 0.0000 0.0004 -0.0006 0.0000 0.0000 0.0001 0.0000 0.0000 0.0000 0.0000 -0.0010 -0.0002 0.0000 0.0002 30.0001 -0.0001 0.0005 -29.9998 0.0000 0.0000 0.0000 -2.6246 3.0971 0.4577 -2.6246 3.0971 0.4577 -4.6432 86.0125 107.7913 -81.4590 76.4840 -73.1725 10.1282 3.5675 -5.3413 0.0242 0.2581 0.3978 0.0000 -0.0001 0.0001 0.0000 0.0000 0.0000 0.0000 -0.0006 0.0003 0.0000 -0.0001 0.0001 0.0000 0.0000 0.0000 0.0000 0.0000 0.0000 0.0000 0.0007 0.0001 0.0000 -0.0012 0.0001 0.0000 -0.0008 0.0003 0.0000 0.0001 0.0000 0.0000 0.0000 0.0000 0.0000 -0.0008 0.0000 0.0000 0.0002 -29.9996 -0.0001 -0.0003 29.9996 0.0000 0.0000 0.0000 -0.3988 -0.0239 -179.4940 0.0013 -6.2023 0.0827 -4.2108 71.2203 0.3506 0.0000 25.3510 0.0000 0.4119 -0.4557 -178.6802 0.0148 -2.8988 -0.0831 5.6131 67.7658 -0.0317 0.0000 25.3508 -0.0001 
-0.3981 92.0113 -2.6922 -0.1577 0.3920 -0.7953 1.3663 0.0101 0.2868 1.3665 0.0101 0.2868 1.3704 0.0102 0.2877 103.5504 90.0000 0.0000 87.5992 72.7180 83.6093 -12.5009 1.3022 2.4872 -0.0123 0.3775 -0.3168 0.0000 0.0000 0.0001 0.0000 0.0000 0.0000 0.0000 -0.0013 -0.0008 0.0000 -0.0004 0.0001 0.0000 0.0000 0.0000 0.0000 0.0000 0.0000 0.0000 0.0002 0.0000 0.0000 -0.0006 0.0003 0.0000 0.0004 -0.0006 0.0000 0.0000 0.0001 0.0000 0.0000 0.0000 0.0000 -0.0010 -0.0002 0.0000 0.0002 30.0001 -0.0001 0.0005 -29.9998 0.0000 0.0000 0.0000 -2.6305 3.1033 0.4547 -2.6305 3.1033 0.4547 -4.6232 86.0091 107.8034 -81.3800 76.5012 -73.0769 10.0913 3.5789 -5.3665 0.0243 0.2589 0.3983 0.0000 -0.0001 0.0001 0.0000 0.0000 0.0000 0.0000 -0.0006 0.0003 0.0000 -0.0001 0.0001 0.0000 0.0000 0.0000 0.0000 0.0000 0.0000 0.0000 0.0007 0.0001 0.0000 -0.0012 0.0001 0.0000 -0.0008 0.0003 0.0000 0.0001 0.0000 0.0000 0.0000 0.0000 0.0000 -0.0009 0.0000 0.0000 0.0002 -29.9997 -0.0001 -0.0003 29.9996 0.0000 0.0000 0.0000 -0.4020 0.0407 -179.4973 0.0008 -6.0834 0.0827 -4.1979 71.1620 0.3657 0.0000 25.3510 0.0000 0.4186 -0.3617 -178.6832 0.0139 -2.7218 -0.0831 5.6032 67.6773 -0.0462 0.0000 25.3508 -0.0001 
-0.3988 92.0159 -2.6921 -0.1575 0.3876 -0.7933 1.3673 0.0111 0.2871 1.3675 0.0112 0.2872 1.3715 0.0112 0.2880 103.5513 90.0000 0.0000 87.6074 72.7244 83.6046 -12.5554 1.3084 2.4922 -0.0123 0.3762 -0.3166 0.0000 0.0000 0.0001 0.0000 0.0000 0.0000 0.0000 -0.0013 -0.0008 0.0000 -0.0004 0.0001 0.0000 0.0000 0.0000 0.0000 0.0000 0.0000 0.0000 0.0002 0.0000 0.0000 -0.0006 0.0003 0.0000 0.0004 -0.0006 0.0000 0.0000 0.0001 0.0000 0.0000 0.0000 0.0000 -0.0010 -0.0002 0.0000 0.0002 30.0001 -0.0001 0.0005 -29.9998 0.0000 0.0000 0.0000 -2.6346 3.1079 0.4506 -2.6346 3.1079 0.4506 -4.5868 86.0064 107.8328 -81.2602 76.5276 -72.9383 10.0425 3.6021 -5.4043 0.0245 0.2593 0.3985 0.0000 -0.0001 0.0001 0.0000 0.0000 0.0000 0.0000 -0.0006 0.0003 0.0000 -0.0001 0.0001 0.0000 0.0000 0.0000 0.0000 0.0000 0.0000 0.0000 0.0007 0.0001 0.0000 -0.0012 0.0001 0.0000 -0.0008 0.0003 0.0000 0.0001 0.0000 0.0000 0.0000 0.0000 0.0000 -0.0009 0.0000 0.0000 0.0002 -29.9996 -0.0001 -0.0003 29.9996 0.0000 0.0000 0.0000 -0.4015 0.1080 -179.4988 0.0002 -5.9579 0.0828 -4.1799 71.1006 0.3842 0.0000 25.3510 0.0000 0.4264 -0.2285 -178.6847 0.0127 -2.4649 -0.0830 5.5834 67.5489 -0.0713 0.0000 25.3508 -0.0001 
-0.3983 92.0208 -2.6925 -0.1564 0.3834 -0.7921 1.3676 0.0125 0.2876 1.3678 0.0125 0.2877 1.3717 0.0126 0.2885 103.5514 90.0000 0.0000 87.6136 72.7361 83.5990 -12.6149 1.3149 2.4966 -0.0123 0.3753 -0.3170 0.0000 0.0000 0.0001 0.0000 0.0000 0.0000 0.0000 -0.0013 -0.0008 0.0000 -0.0004 0.0001 0.0000 0.0000 0.0000 0.0000 0.0000 0.0000 0.0000 0.0002 0.0000 0.0000 -0.0006 0.0003 0.0000 0.0004 -0.0006 0.0000 0.0000 0.0001 0.0000 0.0000 0.0000 0.0000 -0.0010 -0.0002 0.0000 0.0002 30.0001 -0.0001 0.0005 -29.9998 0.0000 0.0000 0.0000 -2.6368 3.1108 0.4464 -2.6368 3.1108 0.4464 -4.5231 86.0051 107.8894 -81.1047 76.5588 -72.7654 9.9885 3.6361 -5.4500 0.0247 0.2595 0.3984 0.0000 -0.0001 0.0001 0.0000 0.0000 0.0000 0.0000 -0.0006 0.0003 0.0000 -0.0001 0.0001 0.0000 0.0000 0.0000 0.0000 0.0000 0.0000 0.0000 0.0007 0.0001 0.0000 -0.0012 0.0001 0.0000 -0.0008 0.0003 0.0000 0.0001 0.0000 0.0000 0.0000 0.0000 0.0000 -0.0009 0.0000 0.0000 0.0002 -29.9996 -0.0001 -0.0003 29.9996 0.0000 0.0000 0.0000 -0.3995 0.1749 -179.5004 -0.0003 -5.8321 0.0828 -4.1572 71.0387 0.4056 0.0000 25.3510 0.0000 0.4340 -0.0544 -178.6864 0.0109 -2.1253 -0.0829 5.5551 67.3792 -0.1066 0.0000 25.3508 -0.0001 
-0.3962 92.0259 -2.6939 -0.1520 0.3784 -0.7909 1.3659 0.0151 0.2878 1.3661 0.0152 0.2878 1.3700 0.0152 0.2886 103.5496 90.0000 0.0000 87.6155 72.7536 83.5915 -12.6812 1.3223 2.4974 -0.0123 0.3747 -0.3177 0.0000 0.0000 0.0001 0.0000 0.0000 0.0000 0.0000 -0.0013 -0.0008 0.0000 -0.0004 0.0001 0.0000 0.0000 0.0000 0.0000 0.0000 0.0000 0.0000 0.0002 0.0000 0.0000 -0.0006 0.0003 0.0000 0.0004 -0.0006 0.0000 0.0000 0.0001 0.0000 0.0000 0.0000 0.0000 -0.0010 -0.0002 0.0000 0.0002 30.0001 -0.0001 0.0005 -29.9998 0.0000 0.0000 0.0000 -2.6360 3.1099 0.4425 -2.6360 3.1099 0.4425 -4.3493 86.0091 108.0482 -80.9054 76.5921 -72.5599 9.9378 3.6781 -5.4998 0.0250 0.2597 0.3987 0.0000 -0.0001 0.0001 0.0000 0.0000 0.0000 0.0000 -0.0006 0.0003 0.0000 -0.0001 0.0001 0.0000 0.0000 0.0000 0.0000 0.0000 0.0000 0.0000 0.0007 0.0001 0.0000 -0.0012 0.0001 0.0000 -0.0008 0.0003 0.0000 0.0001 0.0000 0.0000 0.0000 0.0000 0.0000 -0.0009 0.0000 0.0000 0.0002 -29.9997 -0.0001 -0.0003 29.9996 0.0000 0.0000 0.0000 -0.3986 0.2447 -179.5029 -0.0008 -5.7001 0.0828 -4.1302 70.9723 0.4288 0.0000 25.3510 0.0000 0.4419 0.1765 -178.6888 0.0086 -1.6736 -0.0828 5.5172 67.1532 -0.1559 0.0000 25.3508 -0.0001 
-0.3949 92.0312 -2.6951 -0.1442 0.3722 -0.7892 1.3624 0.0190 0.2868 1.3626 0.0190 0.2868 1.3665 0.0191 0.2876 103.5423 90.0000 0.0000 87.6081 72.7732 83.5759 -12.7495 1.3286 2.4966 -0.0123 0.3738 -0.3181 0.0000 0.0000 0.0001 0.0000 0.0000 0.0000 0.0000 -0.0013 -0.0008 0.0000 -0.0004 0.0001 0.0000 0.0000 0.0000 0.0000 0.0000 0.0000 0.0000 0.0002 0.0000 0.0000 -0.0006 0.0003 0.0000 0.0004 -0.0006 0.0000 0.0000 0.0001 0.0000 0.0000 0.0000 0.0000 -0.0010 -0.0002 0.0000 0.0002 30.0001 -0.0002 0.0005 -29.9998 0.0000 0.0000 0.0000 -2.6330 3.1054 0.4401 -2.6330 3.1054 0.4401 -3.9398 86.0174 108.4237 -80.6538 76.6248 -72.3097 9.8925 3.7214 -5.5542 0.0253 0.2599 0.3990 0.0000 -0.0001 0.0001 0.0000 0.0000 0.0000 0.0000 -0.0006 0.0003 0.0000 -0.0001 0.0001 0.0000 0.0000 0.0000 0.0000 0.0000 0.0000 0.0000 0.0007 0.0001 0.0000 -0.0012 0.0001 0.0000 -0.0008 0.0003 0.0000 0.0001 0.0000 0.0000 0.0000 0.0000 0.0000 -0.0009 0.0000 0.0000 0.0002 -29.9996 -0.0001 -0.0003 29.9996 0.0000 0.0000 0.0000 -0.4000 0.3222 -179.5053 -0.0012 -5.5545 0.0828 -4.1038 70.8985 0.4503 0.0000 25.3510 0.0000 0.4507 0.4869 -178.6911 0.0054 -1.0665 -0.0828 5.4633 66.8513 -0.2270 0.0000 25.3508 -0.0001 
-0.3954 92.0366 -2.6964 -0.1335 0.3656 -0.7868 1.3582 0.0233 0.2845 1.3584 0.0233 0.2845 1.3623 0.0234 0.2853 103.5213 90.0000 0.0000 87.5788 72.7945 83.5378 -12.8212 1.3355 2.4966 -0.0123 0.3732 -0.3188 0.0000 0.0000 0.0001 0.0000 0.0000 0.0000 0.0000 -0.0013 -0.0008 0.0000 -0.0004 0.0001 0.0000 0.0000 0.0000 0.0000 0.0000 0.0000 0.0000 0.0002 0.0000 0.0000 -0.0006 0.0003 0.0000 0.0004 -0.0006 0.0000 0.0000 0.0001 0.0000 0.0000 0.0000 0.0000 -0.0010 -0.0002 0.0000 0.0002 30.0001 -0.0001 0.0005 -29.9998 0.0000 0.0000 0.0000 -2.6295 3.0988 0.4395 -2.6295 3.0988 0.4395 -3.2659 86.0293 109.0429 -80.3299 76.6573 -71.9883 9.8414 3.7666 -5.6207 0.0256 0.2602 0.3993 0.0000 -0.0001 0.0001 0.0000 0.0000 0.0000 0.0000 -0.0006 0.0003 0.0000 -0.0001 0.0001 0.0000 0.0000 0.0000 0.0000 0.0000 0.0000 0.0000 0.0007 0.0001 0.0000 -0.0011 0.0001 0.0000 -0.0008 0.0003 0.0000 0.0001 0.0000 0.0000 0.0000 0.0000 0.0000 -0.0009 0.0000 0.0000 0.0002 -29.9996 -0.0001 -0.0003 29.9996 0.0000 0.0000 0.0000 -0.4028 0.4075 -179.5069 -0.0014 -5.3935 0.0828 -4.0794 70.8165 0.4687 0.0000 25.3510 0.0000 0.4576 0.7876 -178.6926 0.0024 -0.4803 -0.0827 5.4095 66.5603 -0.2995 0.0000 25.3508 -0.0001 
-0.3978 92.0421 -2.6976 -0.1194 0.3592 -0.7831 1.3526 0.0269 0.2808 1.3528 0.0270 0.2809 1.3566 0.0270 0.2817 103.4754 90.0000 0.0000 87.5040 72.8206 83.4487 -12.8891 1.3469 2.5064 -0.0124 0.3729 -0.3192 0.0000 0.0000 0.0001 0.0000 0.0000 0.0000 0.0000 -0.0013 -0.0008 0.0000 -0.0004 0.0001 0.0000 0.0000 0.0000 0.0000 0.0000 0.0000 0.0000 0.0002 0.0000 0.0000 -0.0006 0.0003 0.0000 0.0004 -0.0006 0.0000 0.0000 0.0001 0.0000 0.0000 0.0000 0.0000 -0.0010 -0.0002 0.0000 0.0002 30.0001 -0.0002 0.0005 -29.9998 0.0000 0.0000 0.0000 -2.6257 3.0919 0.4414 -2.6257 3.0919 0.4414 -2.2093 86.0448 110.0157 -79.8222 76.6958 -71.4736 9.7470 3.8259 -5.7151 0.0260 0.2611 0.3992 0.0000 -0.0001 0.0001 0.0000 0.0000 0.0000 0.0000 -0.0006 0.0003 0.0000 -0.0001 0.0001 0.0000 0.0000 0.0000 0.0000 0.0000 0.0000 0.0000 0.0007 0.0001 0.0000 -0.0012 0.0001 0.0000 -0.0008 0.0003 0.0000 0.0001 0.0000 0.0000 0.0000 0.0000 0.0000 -0.0008 0.0000 0.0000 0.0002 -29.9996 -0.0001 -0.0003 29.9996 0.0000 0.0000 0.0000 -0.4065 0.4976 -179.5084 -0.0015 -5.2221 0.0828 -4.0560 70.7289 0.4832 0.0000 25.3510 0.0000 0.4574 0.9813 -178.6943 0.0005 -0.1079 -0.0827 5.3724 66.3768 -0.3520 0.0000 25.3508 -0.0001 
-0.3987 92.0474 -2.6981 -0.1043 0.3540 -0.7794 1.3448 0.0291 0.2774 1.3450 0.0292 0.2774 1.3489 0.0293 0.2782 103.4199 90.0000 0.0000 87.3919 72.8486 83.3128 -12.9428 1.3650 2.5298 -0.0125 0.3725 -0.3191 0.0000 0.0000 0.0001 0.0000 0.0000 0.0000 0.0000 -0.0013 -0.0008 0.0000 -0.0004 0.0001 0.0000 0.0000 0.0000 0.0000 0.0000 0.0000 0.0000 0.0002 0.0000 0.0000 -0.0006 0.0003 0.0000 0.0004 -0.0006 0.0000 0.0000 0.0001 0.0000 0.0000 0.0000 0.0000 -0.0010 -0.0002 0.0000 0.0002 30.0001 -0.0002 0.0005 -29.9998 0.0000 0.0000 0.0000 -2.6204 3.0866 0.4436 -2.6204 3.0866 0.4436 -0.9005 86.0607 111.2209 -79.1090 76.7420 -70.7434 9.5956 3.9057 -5.8336 0.0266 0.2630 0.3989 0.0000 -0.0001 0.0001 0.0000 0.0000 0.0000 0.0000 -0.0006 0.0003 0.0000 -0.0001 0.0001 0.0000 0.0000 0.0000 0.0000 0.0000 0.0000 0.0000 0.0007 0.0001 0.0000 -0.0011 0.0001 0.0000 -0.0008 0.0003 0.0000 0.0001 0.0000 0.0000 0.0000 0.0000 0.0000 -0.0008 0.0000 0.0000 0.0002 -29.9996 -0.0001 -0.0003 29.9996 0.0000 0.0000 0.0000 -0.4082 0.5878 -179.5106 -0.0016 -5.0489 0.0828 -4.0275 70.6412 0.4997 0.0000 25.3510 0.0000 0.4508 1.0418 -178.6967 0.0000 0.0001 -0.0827 5.3620 66.3253 -0.3717 0.0000 25.3508 -0.0001 
-0.3981 92.0526 -2.6976 -0.0893 0.3507 -0.7770 1.3354 0.0300 0.2746 1.3356 0.0301 0.2746 1.3394 0.0302 0.2754 103.3624 90.0000 0.0000 87.2352 72.8764 83.1270 -12.9838 1.3926 2.5630 -0.0127 0.3728 -0.3193 0.0000 0.0000 0.0001 0.0000 0.0000 0.0000 0.0000 -0.0013 -0.0008 0.0000 -0.0004 0.0001 0.0000 0.0000 0.0000 0.0000 0.0000 0.0000 0.0000 0.0002 0.0000 0.0000 -0.0006 0.0003 0.0000 0.0004 -0.0006 0.0000 0.0000 0.0001 0.0000 0.0000 0.0000 0.0000 -0.0010 -0.0002 0.0000 0.0002 30.0001 -0.0001 0.0005 -29.9998 0.0000 0.0000 0.0000 -2.6140 3.0821 0.4464 -2.6140 3.0821 0.4464 0.5835 86.0759 112.5938 -78.2246 76.7795 -69.8358 9.4106 4.0056 -5.9699 0.0274 0.2656 0.3986 0.0000 -0.0001 0.0001 0.0000 0.0000 0.0000 0.0000 -0.0006 0.0003 0.0000 -0.0001 0.0001 0.0000 0.0000 0.0000 0.0000 0.0000 0.0000 0.0000 0.0007 0.0001 0.0000 -0.0012 0.0001 0.0000 -0.0008 0.0003 0.0000 0.0001 0.0000 0.0000 0.0000 0.0000 0.0000 -0.0009 0.0000 0.0000 0.0002 -29.9996 -0.0001 -0.0003 29.9996 0.0000 0.0000 0.0000 -0.4063 0.6766 -179.5125 -0.0017 -4.8762 0.0828 -3.9922 70.5559 0.5198 0.0000 25.3510 0.0000 0.4399 1.0470 -178.6991 0.0000 0.0001 -0.0827 5.3610 66.3283 -0.3769 0.0000 25.3508 -0.0001 
-0.3989 92.0572 -2.6964 -0.0757 0.3509 -0.7759 1.3248 0.0293 0.2726 1.3250 0.0294 0.2727 1.3288 0.0295 0.2735 103.3076 90.0000 0.0000 87.0029 72.9041 82.8622 -13.0172 1.4408 2.6042 -0.0129 0.3734 -0.3192 0.0000 0.0000 0.0001 0.0000 0.0000 0.0000 0.0000 -0.0013 -0.0008 0.0000 -0.0004 0.0001 0.0000 0.0000 0.0000 0.0000 0.0000 0.0000 0.0000 0.0002 0.0000 0.0000 -0.0006 0.0003 0.0000 0.0004 -0.0006 0.0000 0.0000 0.0001 0.0000 0.0000 0.0000 0.0000 -0.0010 -0.0002 0.0000 0.0002 30.0001 -0.0001 0.0005 -29.9998 0.0000 0.0000 0.0000 -2.6085 3.0768 0.4508 -2.6085 3.0768 0.4508 2.1718 86.0847 114.0787 -77.1487 76.7807 -68.7338 9.2190 4.1346 -6.1229 0.0283 0.2690 0.3982 0.0000 -0.0001 0.0001 0.0000 0.0000 0.0000 0.0000 -0.0006 0.0003 0.0000 -0.0001 0.0001 0.0000 0.0000 0.0000 0.0000 0.0000 0.0000 0.0000 0.0007 0.0001 0.0000 -0.0012 0.0001 0.0000 -0.0008 0.0003 0.0000 0.0001 0.0000 0.0000 0.0000 0.0000 0.0000 -0.0008 0.0000 0.0000 0.0002 -29.9996 -0.0001 -0.0003 29.9996 0.0000 0.0000 0.0000 -0.3972 0.7594 -179.5117 -0.0016 -4.7101 0.0828 -3.9534 70.4763 0.5379 0.0000 25.3510 0.0000 0.4272 1.0491 -178.6993 0.0000 0.0000 -0.0827 5.3547 66.3322 -0.3850 0.0000 25.3508 -0.0001 
-0.4056 92.0610 -2.6982 -0.0639 0.3530 -0.7748 1.3131 0.0290 0.2713 1.3133 0.0290 0.2713 1.3171 0.0291 0.2721 103.2588 90.0000 0.0000 86.7117 72.9254 82.5502 -13.0633 1.5027 2.6397 -0.0132 0.3739 -0.3192 0.0000 0.0000 0.0001 0.0000 0.0000 0.0000 0.0000 -0.0013 -0.0008 0.0000 -0.0004 0.0001 0.0000 0.0000 0.0000 0.0000 0.0000 0.0000 0.0000 0.0002 0.0000 0.0000 -0.0006 0.0003 0.0000 0.0004 -0.0006 0.0000 0.0000 0.0001 0.0000 0.0000 0.0000 0.0000 -0.0010 -0.0002 0.0000 0.0002 30.0001 -0.0001 0.0005 -29.9998 0.0000 0.0000 0.0000 -2.6026 3.0670 0.4569 -2.6026 3.0670 0.4569 3.6159 86.0791 115.4396 -75.9957 76.7387 -67.5553 9.0606 4.2823 -6.2826 0.0294 0.2728 0.3985 0.0000 -0.0001 0.0001 0.0000 0.0000 0.0000 0.0000 -0.0006 0.0003 0.0000 -0.0001 0.0001 0.0000 0.0000 0.0000 0.0000 0.0000 0.0000 0.0000 0.0007 0.0001 0.0000 -0.0012 0.0001 0.0000 -0.0008 0.0003 0.0000 0.0001 0.0000 0.0000 0.0000 0.0000 0.0000 -0.0009 0.0000 0.0000 0.0002 -29.9996 -0.0001 -0.0003 29.9996 0.0000 0.0000 0.0000 -0.3811 0.8313 -179.5066 -0.0008 -4.5585 0.0828 -3.9206 70.4023 0.5443 0.0000 25.3510 0.0000 0.4106 1.0473 -178.6956 0.0000 0.0001 -0.0827 5.3342 66.3344 -0.4034 0.0000 25.3508 -0.0001 
-0.4201 92.0646 -2.7043 -0.0546 0.3558 -0.7732 1.2995 0.0305 0.2703 1.2997 0.0305 0.2703 1.3034 0.0306 0.2711 103.2148 90.0000 0.0000 86.3684 72.9360 82.2047 -13.1289 1.5714 2.6649 -0.0135 0.3750 -0.3203 0.0000 0.0000 0.0001 0.0000 0.0000 0.0000 0.0000 -0.0013 -0.0008 0.0000 -0.0004 0.0001 0.0000 0.0000 0.0000 0.0000 0.0000 0.0000 0.0000 0.0002 0.0000 0.0000 -0.0006 0.0003 0.0000 0.0004 -0.0006 0.0000 0.0000 0.0001 0.0000 0.0000 0.0000 0.0000 -0.0010 -0.0002 0.0000 0.0002 30.0001 -0.0002 0.0005 -29.9998 0.0000 0.0000 0.0000 -2.5942 3.0511 0.4643 -2.5942 3.0511 0.4643 4.9324 86.0554 116.6887 -74.7729 76.6619 -66.3081 8.9317 4.4493 -6.4483 0.0306 0.2770 0.3994 0.0000 -0.0001 0.0001 0.0000 0.0000 0.0000 0.0000 -0.0006 0.0003 0.0000 -0.0001 0.0001 0.0000 0.0000 0.0000 0.0000 0.0000 0.0000 0.0000 0.0007 0.0001 0.0000 -0.0012 0.0001 0.0000 -0.0008 0.0003 0.0000 0.0001 0.0000 0.0000 0.0000 0.0000 0.0000 -0.0009 0.0000 0.0000 0.0002 -29.9997 -0.0001 -0.0003 29.9996 0.0000 0.0000 0.0000 -0.3598 0.8894 -179.4967 0.0004 -4.4273 0.0828 -3.8992 70.3355 0.5356 0.0000 25.3510 0.0000 0.3899 1.0172 -178.6875 0.0002 -0.0485 -0.0827 5.3014 66.3579 -0.4290 0.0000 25.3508 -0.0001 
-0.4458 92.0674 -2.7181 -0.0518 0.3588 -0.7695 1.2851 0.0361 0.2687 1.2853 0.0362 0.2687 1.2890 0.0363 0.2695 103.1699 90.0000 0.0000 85.9480 72.9373 81.8031 -13.2175 1.6463 2.6847 -0.0138 0.3755 -0.3216 0.0000 0.0000 0.0001 0.0000 0.0000 0.0000 0.0000 -0.0013 -0.0008 0.0000 -0.0004 0.0001 0.0000 0.0000 0.0000 0.0000 0.0000 0.0000 0.0000 0.0003 0.0000 0.0000 -0.0006 0.0003 0.0000 0.0004 -0.0006 0.0000 0.0000 0.0001 0.0000 0.0000 0.0000 0.0000 -0.0010 -0.0002 0.0000 0.0003 30.0001 -0.0001 0.0005 -29.9998 0.0000 0.0000 0.0000 -2.5820 3.0250 0.4738 -2.5820 3.0250 0.4738 6.0055 86.0085 117.7088 -73.4323 76.5591 -64.9523 8.8140 4.6453 -6.6315 0.0321 0.2819 0.4018 0.0000 -0.0001 0.0001 0.0000 0.0000 0.0000 0.0000 -0.0006 0.0003 0.0000 -0.0001 0.0001 0.0000 0.0000 0.0000 0.0000 0.0000 0.0000 0.0000 0.0007 0.0001 0.0000 -0.0011 0.0001 0.0000 -0.0008 0.0003 0.0000 0.0001 0.0000 0.0000 0.0000 0.0000 0.0000 -0.0009 0.0000 0.0000 0.0002 -29.9996 -0.0001 -0.0003 29.9996 0.0000 0.0000 0.0000 -0.3338 0.9213 -179.4815 0.0024 -4.3388 0.0827 -3.9009 70.2845 0.5040 0.0000 25.3510 0.0000 0.3702 1.0298 -178.6740 0.0000 0.0000 -0.0827 5.2360 66.3271 -0.4838 0.0000 25.3508 -0.0001 
-0.4769 92.0691 -2.7372 -0.0594 0.3614 -0.7643 1.2720 0.0451 0.2669 1.2721 0.0452 0.2669 1.2758 0.0453 0.2677 103.1200 90.0000 0.0000 85.4464 72.9558 81.3219 -13.2827 1.7258 2.7272 -0.0142 0.3764 -0.3235 0.0000 0.0000 0.0001 0.0000 0.0000 0.0000 0.0000 -0.0013 -0.0008 0.0000 -0.0004 0.0001 0.0000 0.0000 0.0000 0.0000 0.0000 0.0000 0.0000 0.0002 0.0000 0.0000 -0.0006 0.0003 0.0000 0.0004 -0.0006 0.0000 0.0000 0.0001 0.0000 0.0000 0.0000 0.0000 -0.0010 -0.0002 0.0000 0.0003 30.0001 -0.0001 0.0005 -29.9998 0.0000 0.0000 0.0000 -2.5658 2.9917 0.4841 -2.5658 2.9917 0.4841 6.9394 85.9512 118.5837 -71.8802 76.4667 -63.4010 8.6439 4.8762 -6.8675 0.0339 0.2874 0.4055 0.0000 -0.0001 0.0001 0.0000 0.0000 0.0000 0.0000 -0.0006 0.0003 0.0000 -0.0001 0.0001 0.0000 0.0000 0.0000 0.0000 0.0000 0.0000 0.0000 0.0007 0.0001 0.0000 -0.0011 0.0001 0.0000 -0.0008 0.0003 0.0000 0.0001 0.0000 0.0000 0.0000 0.0000 0.0000 -0.0009 0.0000 0.0000 0.0002 -29.9996 -0.0001 -0.0003 29.9996 0.0000 0.0000 0.0000 -0.3051 0.9287 -179.4647 0.0048 -4.2941 0.0826 -3.9238 70.2509 0.4577 0.0000 25.3510 0.0000 0.3548 1.0138 -178.6586 0.0000 0.0001 -0.0827 5.1630 66.3156 -0.5417 0.0000 25.3508 -0.0001 
-0.5088 92.0692 -2.7579 -0.0792 0.3633 -0.7584 1.2599 0.0572 0.2655 1.2601 0.0572 0.2656 1.2637 0.0574 0.2663 103.0670 90.0000 0.0000 84.8651 72.9986 80.7551 -13.2946 1.8082 2.8041 -0.0148 0.3779 -0.3259 0.0000 0.0000 0.0001 0.0000 0.0000 0.0000 0.0000 -0.0013 -0.0008 0.0000 -0.0004 0.0001 0.0000 0.0000 0.0000 0.0000 0.0000 0.0000 0.0000 0.0003 0.0000 0.0000 -0.0006 0.0003 0.0000 0.0004 -0.0006 0.0000 0.0000 0.0001 0.0000 0.0000 0.0000 0.0000 -0.0010 -0.0002 0.0000 0.0003 30.0001 -0.0001 0.0005 -29.9998 0.0000 0.0000 0.0000 -2.5447 2.9525 0.4936 -2.5447 2.9525 0.4936 7.6292 85.8793 119.2072 -70.0612 76.4010 -61.5727 8.3819 5.1609 -7.1984 0.0363 0.2940 0.4107 0.0000 -0.0001 0.0001 0.0000 0.0000 0.0000 0.0000 -0.0006 0.0003 0.0000 -0.0001 0.0001 0.0000 0.0000 0.0000 0.0000 0.0000 0.0000 0.0000 0.0007 0.0001 0.0000 -0.0012 0.0001 0.0000 -0.0008 0.0003 0.0000 0.0001 0.0000 0.0000 0.0000 0.0000 0.0000 -0.0009 0.0000 0.0000 0.0002 -29.9997 -0.0001 -0.0003 29.9996 0.0000 0.0000 0.0000 -0.2739 0.9163 -179.4487 0.0075 -4.2902 0.0825 -3.9632 70.2361 0.4037 0.0000 25.3510 0.0000 0.3444 0.9963 -178.6437 0.0000 0.0001 -0.0827 5.0830 66.3016 -0.5999 0.0000 25.3508 -0.0001 
-0.5357 92.0673 -2.7739 -0.1197 0.3651 -0.7527 1.2507 0.0727 0.2651 1.2508 0.0728 0.2651 1.2544 0.0730 0.2659 103.0127 90.0000 0.0000 84.1395 73.0882 80.0166 -13.1808 1.9198 2.9642 -0.0157 0.3805 -0.3289 0.0000 0.0000 0.0001 0.0000 0.0000 0.0000 0.0000 -0.0013 -0.0008 0.0000 -0.0004 0.0001 0.0000 0.0000 0.0000 0.0000 0.0000 0.0000 0.0000 0.0002 0.0000 0.0000 -0.0006 0.0003 0.0000 0.0004 -0.0006 0.0000 0.0000 0.0001 0.0000 0.0000 0.0000 0.0000 -0.0010 -0.0002 0.0000 0.0002 30.0001 -0.0001 0.0005 -29.9998 0.0000 0.0000 0.0000 -2.5198 2.9058 0.5014 -2.5198 2.9058 0.5014 8.0312 85.7982 119.5354 -67.6431 76.4081 -59.1191 7.9291 5.5778 -7.7395 0.0399 0.3016 0.4181 0.0000 -0.0001 0.0001 0.0000 0.0000 0.0000 0.0000 -0.0006 0.0003 0.0000 -0.0001 0.0001 0.0000 0.0000 0.0000 0.0000 0.0000 0.0000 0.0000 0.0007 0.0001 0.0000 -0.0012 0.0001 0.0000 -0.0008 0.0003 0.0000 0.0001 0.0000 0.0000 0.0000 0.0000 0.0000 -0.0009 0.0000 0.0000 0.0002 -29.9996 -0.0001 -0.0003 29.9996 0.0000 0.0000 0.0000 -0.2347 0.8801 -179.4366 0.0103 -4.3435 0.0824 -4.0134 70.2532 0.3510 0.0000 25.3510 0.0000 0.3410 0.9802 -178.6324 0.0000 0.0000 -0.0827 4.9997 66.2882 -0.6475 0.0000 25.3508 -0.0001 
-0.5552 92.0641 -2.7811 -0.1770 0.3699 -0.7481 1.2467 0.0876 0.2647 1.2469 0.0876 0.2647 1.2505 0.0879 0.2655 102.9591 90.0000 0.0000 83.3015 73.2268 79.1199 -12.9385 2.0769 3.2471 -0.0172 0.3839 -0.3320 0.0000 0.0000 0.0001 0.0000 0.0000 0.0000 0.0000 -0.0013 -0.0008 0.0000 -0.0004 0.0001 0.0000 0.0000 0.0000 0.0000 0.0000 0.0000 0.0000 0.0003 0.0000 0.0000 -0.0007 0.0003 0.0000 0.0004 -0.0006 0.0000 0.0000 0.0001 0.0000 0.0000 0.0000 0.0000 -0.0010 -0.0002 0.0000 0.0002 30.0001 -0.0001 0.0005 -29.9998 0.0000 0.0000 0.0000 -2.4985 2.8557 0.5098 -2.4985 2.8557 0.5098 8.2247 85.7317 119.6577 -64.6090 76.4811 -56.0475 7.2980 6.1386 -8.4910 0.0450 0.3101 0.4286 0.0000 -0.0001 0.0001 0.0000 0.0000 0.0000 0.0000 -0.0006 0.0003 0.0000 -0.0001 0.0001 0.0000 0.0000 0.0000 0.0000 0.0000 0.0000 0.0000 0.0007 0.0001 0.0000 -0.0011 0.0001 0.0000 -0.0008 0.0003 0.0000 0.0001 0.0000 0.0000 0.0000 0.0000 0.0000 -0.0009 0.0000 0.0000 0.0002 -29.9996 -0.0001 -0.0003 29.9996 0.0000 0.0000 0.0000 -0.1867 0.8291 -179.4286 0.0130 -4.4352 0.0823 -4.0656 70.2964 0.3046 0.0000 25.3510 0.0000 0.3438 0.9657 -178.6253 0.0000 0.0001 -0.0827 4.9194 66.2788 -0.6802 0.0000 25.3508 -0.0001 
-0.5681 92.0599 -2.7812 -0.2471 0.3778 -0.7461 1.2472 0.1005 0.2648 1.2474 0.1006 0.2648 1.2509 0.1009 0.2656 102.9083 90.0000 0.0000 82.2777 73.4240 77.9641 -12.5770 2.3123 3.6897 -0.0195 0.3880 -0.3354 0.0000 0.0000 0.0001 0.0000 0.0000 0.0000 0.0000 -0.0013 -0.0008 0.0000 -0.0004 0.0001 0.0000 0.0000 0.0000 0.0000 0.0000 0.0000 0.0000 0.0002 0.0000 0.0000 -0.0006 0.0003 0.0000 0.0004 -0.0006 0.0000 0.0000 0.0001 0.0000 0.0000 0.0000 0.0000 -0.0010 -0.0002 0.0000 0.0002 30.0001 -0.0001 0.0005 -29.9998 0.0000 0.0000 0.0000 -2.4820 2.8029 0.5182 -2.4820 2.8029 0.5182 8.1885 85.6839 119.5558 -60.9966 76.5887 -52.4013 6.5111 6.8310 -9.4524 0.0516 0.3197 0.4425 0.0000 -0.0001 0.0001 0.0000 0.0000 0.0000 0.0000 -0.0006 0.0003 0.0000 -0.0001 0.0001 0.0000 0.0000 0.0000 0.0000 0.0000 0.0000 0.0000 0.0007 0.0001 0.0000 -0.0012 0.0001 0.0000 -0.0008 0.0003 0.0000 0.0001 0.0000 0.0000 0.0000 0.0000 0.0000 -0.0009 0.0000 0.0000 0.0002 -29.9996 -0.0001 -0.0003 29.9996 0.0000 0.0000 0.0000 -0.1295 0.7697 -179.4229 0.0155 -4.5490 0.0822 -4.1140 70.3561 0.2659 0.0000 25.3510 0.0000 0.3487 0.9517 -178.6205 0.0000 0.0000 -0.0827 4.8414 66.2729 -0.6989 0.0000 25.3508 -0.0001 
-0.5741 92.0560 -2.7760 -0.3285 0.3905 -0.7494 1.2504 0.1118 0.2662 1.2505 0.1118 0.2663 1.2541 0.1121 0.2670 102.8723 90.0000 0.0000 80.9029 73.7110 76.3160 -12.1064 2.7074 4.4346 -0.0233 0.3930 -0.3403 0.0000 0.0000 0.0001 0.0000 0.0000 0.0000 0.0000 -0.0013 -0.0008 0.0000 -0.0004 0.0001 0.0000 0.0000 0.0000 0.0000 0.0000 0.0000 0.0000 0.0002 0.0000 0.0000 -0.0006 0.0003 0.0000 0.0004 -0.0006 0.0000 0.0000 0.0001 0.0000 0.0000 0.0000 0.0000 -0.0010 -0.0002 0.0000 0.0002 30.0001 -0.0001 0.0005 -29.9998 0.0000 0.0000 0.0000 -2.4716 2.7441 0.5245 -2.4716 2.7441 0.5245 7.7952 85.6513 119.1165 -56.5774 76.7093 -47.9472 5.5176 7.7240 -10.7368 0.0605 0.3296 0.4608 0.0000 -0.0001 0.0001 0.0000 0.0000 0.0000 0.0000 -0.0006 0.0003 0.0000 -0.0001 0.0001 0.0000 0.0000 0.0000 0.0000 0.0000 0.0000 0.0000 0.0007 0.0001 0.0000 -0.0012 0.0001 0.0000 -0.0008 0.0003 0.0000 0.0001 0.0000 0.0000 0.0000 0.0000 0.0000 -0.0008 0.0000 0.0000 0.0002 -29.9996 -0.0001 -0.0003 29.9996 0.0000 0.0000 0.0000 -0.0615 0.6974 -179.4166 0.0180 -4.6880 0.0820 -4.1545 70.4334 0.2367 0.0000 25.3510 0.0000 0.3523 0.9357 -178.6154 0.0000 0.0000 -0.0827 4.7647 66.2696 -0.7015 0.0000 25.3508 -0.0001 
-0.5765 92.0517 -2.7708 -0.4096 0.4065 -0.7566 1.2525 0.1218 0.2677 1.2527 0.1218 0.2678 1.2563 0.1222 0.2685 102.8532 90.0000 0.0000 79.1771 74.0715 74.1772 -11.6213 3.2757 5.5049 -0.0289 0.3981 -0.3477 0.0000 0.0000 0.0001 0.0000 0.0000 0.0000 0.0000 -0.0013 -0.0008 0.0000 -0.0004 0.0001 0.0000 0.0000 0.0000 0.0000 0.0000 0.0000 0.0000 0.0002 0.0000 0.0000 -0.0006 0.0003 0.0000 0.0004 -0.0006 0.0000 0.0000 0.0001 0.0000 0.0000 0.0000 0.0000 -0.0010 -0.0002 0.0000 0.0002 30.0001 -0.0001 0.0005 -29.9998 0.0000 0.0000 0.0000 -2.4663 2.6806 0.5284 -2.4663 2.6806 0.5284 7.1050 85.6313 118.4033 -51.6709 76.7506 -43.0314 4.4047 8.7630 -12.2644 0.0717 0.3405 0.4842 0.0000 -0.0001 0.0001 0.0000 0.0000 0.0000 0.0000 -0.0006 0.0003 0.0000 -0.0001 0.0001 0.0000 0.0000 0.0000 0.0000 0.0000 0.0000 0.0000 0.0007 0.0001 0.0000 -0.0012 0.0001 0.0000 -0.0008 0.0003 0.0000 0.0001 0.0000 0.0000 0.0000 0.0000 0.0000 -0.0009 0.0000 0.0000 0.0002 -29.9997 -0.0001 -0.0003 29.9995 0.0000 0.0000 0.0000 0.0082 0.6108 -179.4088 0.0202 -4.8487 0.0819 -4.1872 70.5222 0.2142 0.0000 25.3510 0.0000 0.3527 0.9166 -178.6091 0.0000 0.0000 -0.0827 4.6928 66.2660 -0.6947 0.0000 25.3508 -0.0001 
-0.5771 92.0471 -2.7685 -0.4860 0.4244 -0.7670 1.2523 0.1304 0.2687 1.2524 0.1304 0.2688 1.2560 0.1308 0.2696 102.8528 90.0000 0.0000 77.1086 74.4844 71.5733 -11.1322 3.9921 6.8860 -0.0362 0.4025 -0.3571 0.0000 0.0000 0.0001 0.0000 0.0000 0.0000 0.0000 -0.0013 -0.0008 0.0000 -0.0004 0.0001 0.0000 0.0000 0.0000 0.0000 0.0000 0.0000 0.0000 0.0002 0.0000 0.0000 -0.0006 0.0003 0.0000 0.0004 -0.0006 0.0000 0.0000 0.0001 0.0000 0.0000 0.0000 0.0000 -0.0010 -0.0002 0.0000 0.0002 30.0001 -0.0001 0.0005 -29.9998 0.0000 0.0000 0.0000 -2.4641 2.6147 0.5302 -2.4641 2.6147 0.5302 6.1849 85.6179 117.4757 -46.5922 76.6550 -37.9894 3.2277 9.9050 -13.9767 0.0854 0.3530 0.5135 0.0000 -0.0001 0.0001 0.0000 0.0000 0.0000 0.0000 -0.0006 0.0003 0.0000 -0.0001 0.0001 0.0000 0.0000 0.0000 0.0000 0.0000 0.0000 0.0000 0.0007 0.0001 0.0000 -0.0011 0.0001 0.0000 -0.0008 0.0003 0.0000 0.0001 0.0000 0.0000 0.0000 0.0000 0.0000 -0.0009 0.0000 0.0000 0.0002 -29.9996 -0.0001 -0.0003 29.9996 0.0000 0.0000 0.0000 0.0761 0.5033 -179.3991 0.0224 -5.0431 0.0818 -4.2147 70.6266 0.1950 0.0000 25.3510 0.0000 0.3550 0.8939 -178.6008 0.0000 0.0001 -0.0827 4.6315 66.2609 -0.6825 0.0000 25.3508 -0.0001 
-0.5772 92.0409 -2.7749 -0.5507 0.4415 -0.7804 1.2446 0.1390 0.2687 1.2447 0.1391 0.2688 1.2483 0.1395 0.2696 102.8943 90.0000 0.0000 74.5716 74.9225 68.3492 -10.6219 4.9020 8.7020 -0.0460 0.4079 -0.3710 0.0000 0.0000 0.0001 0.0000 0.0000 0.0000 0.0000 -0.0013 -0.0008 0.0000 -0.0004 0.0001 0.0000 0.0000 0.0000 0.0000 0.0000 0.0000 0.0000 0.0003 0.0000 0.0000 -0.0006 0.0003 0.0000 0.0004 -0.0006 0.0000 0.0000 0.0001 0.0000 0.0000 0.0000 0.0000 -0.0010 -0.0002 0.0000 0.0003 30.0001 -0.0002 0.0005 -29.9998 0.0000 0.0000 0.0000 -2.4614 2.5452 0.5272 -2.4614 2.5452 0.5272 5.0449 85.6120 116.3291 -41.7501 76.3461 -33.2660 2.0430 11.1559 -15.9190 0.1022 0.3675 0.5501 0.0000 -0.0001 0.0001 0.0000 0.0000 0.0000 0.0000 -0.0006 0.0003 0.0000 -0.0001 0.0001 0.0000 0.0000 0.0000 0.0000 0.0000 0.0000 0.0000 0.0007 0.0001 0.0000 -0.0012 0.0001 0.0000 -0.0008 0.0003 0.0000 0.0001 0.0000 0.0000 0.0000 0.0000 0.0000 -0.0009 0.0000 0.0000 0.0002 -29.9996 -0.0001 -0.0003 29.9995 0.0000 0.0000 0.0000 0.1363 0.3698 -179.3866 0.0246 -5.2776 0.0816 -4.2380 70.7457 0.1765 0.0000 25.3510 0.0000 0.3621 0.6788 -178.5894 0.0015 -0.3750 -0.0827 4.6248 66.4372 -0.6314 0.0000 25.3508 -0.0001 
-0.5793 92.0343 -2.7896 -0.6044 0.4553 -0.7929 1.2308 0.1501 0.2668 1.2310 0.1501 0.2668 1.2345 0.1506 0.2676 102.9807 90.0000 0.0000 71.7113 75.2637 64.7314 -10.0866 5.9290 10.8210 -0.0579 0.4145 -0.3880 0.0000 0.0000 0.0001 0.0000 0.0000 0.0000 0.0000 -0.0013 -0.0008 0.0000 -0.0004 0.0001 0.0000 0.0000 0.0000 0.0000 0.0000 0.0000 0.0000 0.0002 0.0000 0.0000 -0.0006 0.0003 0.0000 0.0004 -0.0006 0.0000 0.0000 0.0001 0.0000 0.0000 0.0000 0.0000 -0.0010 -0.0002 0.0000 0.0002 30.0001 -0.0001 0.0005 -29.9998 0.0000 0.0000 0.0000 -2.4579 2.4717 0.5214 -2.4579 2.4717 0.5214 3.7921 85.6063 115.0559 -37.5657 75.8276 -29.2733 0.9098 12.4459 -18.0278 0.1226 0.3854 0.5952 0.0000 -0.0001 0.0001 0.0000 0.0000 0.0000 0.0000 -0.0006 0.0003 0.0000 -0.0001 0.0001 0.0000 0.0000 0.0000 0.0000 0.0000 0.0000 0.0000 0.0007 0.0001 0.0000 -0.0011 0.0001 0.0000 -0.0008 0.0003 0.0000 0.0001 0.0000 0.0000 0.0000 0.0000 0.0000 -0.0009 0.0000 0.0000 0.0002 -29.9996 -0.0001 -0.0003 29.9996 0.0000 0.0000 0.0000 0.1860 0.2292 -179.3738 0.0269 -5.5199 0.0815 -4.2621 70.8637 0.1566 0.0000 25.3510 0.0000 0.3766 0.3788 -178.5771 0.0037 -0.9156 -0.0827 4.6490 66.6906 -0.5678 0.0000 25.3508 -0.0001 
-0.5835 92.0281 -2.8101 -0.6502 0.4668 -0.8035 1.2150 0.1626 0.2624 1.2152 0.1627 0.2624 1.2187 0.1631 0.2632 103.0992 90.0000 0.0000 68.7473 75.4428 60.9874 -9.5227 7.0068 13.1727 -0.0719 0.4234 -0.4084 0.0000 0.0000 0.0001 0.0000 0.0000 0.0000 0.0000 -0.0013 -0.0008 0.0000 -0.0004 0.0001 0.0000 0.0000 0.0000 0.0000 0.0000 0.0000 0.0000 0.0003 0.0000 0.0000 -0.0006 0.0003 0.0000 0.0004 -0.0006 0.0000 0.0000 0.0001 0.0000 0.0000 0.0000 0.0000 -0.0010 -0.0002 0.0000 0.0003 30.0001 -0.0001 0.0005 -29.9998 0.0000 0.0000 0.0000 -2.4572 2.3960 0.5165 -2.4572 2.3960 0.5165 2.4689 85.5977 113.7019 -34.1652 75.1369 -26.1231 -0.1595 13.7405 -20.2756 0.1469 0.4066 0.6483 0.0000 -0.0001 0.0001 0.0000 0.0000 0.0000 0.0000 -0.0006 0.0003 0.0000 -0.0001 0.0001 0.0000 0.0000 0.0000 0.0000 0.0000 0.0000 0.0000 0.0007 0.0001 0.0000 -0.0011 0.0001 0.0000 -0.0008 0.0003 0.0000 0.0001 0.0000 0.0000 0.0000 0.0000 0.0000 -0.0009 0.0000 0.0000 0.0002 -29.9997 -0.0001 -0.0003 29.9996 0.0000 0.0000 0.0000 0.2263 0.0957 -179.3615 0.0290 -5.7439 0.0813 -4.2883 70.9689 0.1360 0.0000 25.3510 0.0000 0.3970 0.0127 -178.5648 0.0065 -1.5857 -0.0828 4.6965 67.0049 -0.4948 0.0000 25.3508 -0.0001 
-0.5899 92.0228 -2.8338 -0.6884 0.4761 -0.8108 1.2023 0.1747 0.2550 1.2024 0.1748 0.2550 1.2059 0.1753 0.2558 103.2444 90.0000 0.0000 65.9824 75.3237 57.4590 -8.8904 8.0582 15.8058 -0.0888 0.4381 -0.4334 0.0000 0.0000 0.0001 0.0000 0.0000 0.0000 0.0000 -0.0013 -0.0008 0.0000 -0.0004 0.0001 0.0000 0.0000 0.0000 0.0000 0.0000 0.0000 0.0000 0.0002 0.0000 0.0000 -0.0006 0.0003 0.0000 0.0004 -0.0006 0.0000 0.0000 0.0001 0.0000 0.0000 0.0000 0.0000 -0.0010 -0.0002 0.0000 0.0002 30.0001 -0.0001 0.0005 -29.9998 0.0000 0.0000 0.0000 -2.4660 2.3214 0.5157 -2.4660 2.3214 0.5157 1.0061 85.5895 112.1898 -31.7649 74.2749 -24.0385 -1.1399 15.0157 -22.6961 0.1765 0.4330 0.7127 0.0000 -0.0001 0.0001 0.0000 0.0000 0.0000 0.0000 -0.0006 0.0003 0.0000 -0.0001 0.0001 0.0000 0.0000 0.0000 0.0000 0.0000 0.0000 0.0000 0.0007 0.0001 0.0000 -0.0011 0.0001 0.0000 -0.0008 0.0003 0.0000 0.0001 0.0000 0.0000 0.0000 0.0000 0.0000 -0.0008 0.0000 0.0000 0.0002 -29.9996 -0.0001 -0.0003 29.9996 0.0000 0.0000 0.0000 0.2588 -0.0133 -179.3507 0.0310 -5.9182 0.0812 -4.3140 71.0472 0.1162 0.0000 25.3510 0.0000 0.4272 -0.2349 -178.5539 0.0085 -2.0205 -0.0829 4.7318 67.1998 -0.4511 0.0000 25.3508 -0.0001 
-0.5965 92.0185 -2.8542 -0.7229 0.4843 -0.8159 1.1945 0.1854 0.2470 1.1947 0.1855 0.2470 1.1981 0.1861 0.2477 103.3980 90.0000 0.0000 63.5740 74.9235 54.3338 -8.1863 9.0156 18.6214 -0.1086 0.4593 -0.4626 0.0000 0.0000 0.0001 0.0000 0.0000 0.0000 0.0000 -0.0013 -0.0008 0.0000 -0.0004 0.0001 0.0000 0.0000 0.0000 0.0000 0.0000 0.0000 0.0000 0.0002 0.0000 0.0000 -0.0006 0.0003 0.0000 0.0004 -0.0006 0.0000 0.0000 0.0001 0.0000 0.0000 0.0000 0.0000 -0.0010 -0.0002 0.0000 0.0002 30.0001 -0.0001 0.0005 -29.9998 0.0000 0.0000 0.0000 -2.4823 2.2528 0.5185 -2.4823 2.2528 0.5185 -0.6477 85.5823 110.4577 -29.9642 73.3461 -22.5776 -2.1185 16.2283 -25.2687 0.2118 0.4644 0.7875 0.0000 -0.0001 0.0001 0.0000 0.0000 0.0000 0.0000 -0.0006 0.0003 0.0000 -0.0001 0.0001 0.0000 0.0000 0.0000 0.0000 0.0000 0.0000 0.0000 0.0007 0.0001 0.0000 -0.0012 0.0001 0.0000 -0.0008 0.0003 0.0000 0.0001 0.0000 0.0000 0.0000 0.0000 0.0000 -0.0009 0.0000 0.0000 0.0002 -29.9996 -0.0001 -0.0003 29.9996 0.0000 0.0000 0.0000 0.2891 -0.1032 -179.3418 0.0328 -6.0600 0.0810 -4.3372 71.1112 0.0977 0.0000 25.3510 0.0000 0.4558 -0.4333 -178.5450 0.0101 -2.3643 -0.0829 4.7584 67.3507 -0.4178 0.0000 25.3508 -0.0001 
-0.6033 92.0144 -2.8706 -0.7547 0.4917 -0.8196 1.1923 0.1951 0.2395 1.1924 0.1952 0.2396 1.1959 0.1958 0.2403 103.5482 90.0000 0.0000 61.5308 74.2946 51.6153 -7.4502 9.8836 21.5870 -0.1319 0.4868 -0.4967 0.0000 0.0000 0.0001 0.0000 0.0000 0.0000 0.0000 -0.0013 -0.0008 0.0000 -0.0004 0.0001 0.0000 0.0000 0.0000 0.0000 0.0000 0.0000 0.0000 0.0002 0.0000 0.0000 -0.0006 0.0003 0.0000 0.0004 -0.0006 0.0000 0.0000 0.0001 0.0000 0.0000 0.0000 0.0000 -0.0010 -0.0002 0.0000 0.0002 30.0001 -0.0001 0.0005 -29.9998 0.0000 0.0000 0.0000 -2.5046 2.1930 0.5238 -2.5046 2.1930 0.5238 -2.5035 85.5652 108.4958 -28.5033 72.3885 -21.4661 -3.1390 17.3635 -27.9714 0.2537 0.5014 0.8738 0.0000 -0.0001 0.0001 0.0000 0.0000 0.0000 0.0000 -0.0006 0.0003 0.0000 -0.0001 0.0001 0.0000 0.0000 0.0000 0.0000 0.0000 0.0000 0.0000 0.0007 0.0001 0.0000 -0.0012 0.0001 0.0000 -0.0008 0.0003 0.0000 0.0001 0.0000 0.0000 0.0000 0.0000 0.0000 -0.0009 0.0000 0.0000 0.0002 -29.9996 -0.0001 -0.0003 29.9996 0.0000 0.0000 0.0000 0.3175 -0.1817 -179.3341 0.0344 -6.1858 0.0809 -4.3597 71.1693 0.0791 0.0000 25.3510 0.0000 0.4776 -0.5884 -178.5373 0.0113 -2.6295 -0.0830 4.7720 67.4647 -0.3928 0.0000 25.3508 -0.0001 
-0.6104 92.0108 -2.8817 -0.7826 0.4978 -0.8241 1.1999 0.2029 0.2348 1.2001 0.2030 0.2349 1.2035 0.2036 0.2355 103.6808 90.0000 0.0000 59.8360 73.4247 49.3036 -6.7114 10.6795 24.7306 -0.1601 0.5217 -0.5381 0.0000 0.0000 0.0001 0.0000 0.0000 0.0000 0.0000 -0.0013 -0.0008 0.0000 -0.0004 0.0001 0.0000 0.0000 0.0000 0.0000 0.0000 0.0000 0.0000 0.0002 0.0000 0.0000 -0.0006 0.0003 0.0000 0.0004 -0.0006 0.0000 0.0000 0.0001 0.0000 0.0000 0.0000 0.0000 -0.0010 -0.0002 0.0000 0.0002 30.0001 -0.0001 0.0005 -29.9998 0.0000 0.0000 0.0000 -2.5348 2.1511 0.5303 -2.5348 2.1511 0.5303 -4.6747 85.5223 106.1861 -27.2825 71.4342 -20.5844 -4.2482 18.3790 -30.8251 0.3037 0.5454 0.9735 0.0000 -0.0001 0.0001 0.0000 0.0000 0.0000 0.0000 -0.0006 0.0003 0.0000 -0.0001 0.0001 0.0000 0.0000 0.0000 0.0000 0.0000 0.0000 0.0000 0.0007 0.0001 0.0000 -0.0012 0.0001 0.0000 -0.0008 0.0003 0.0000 0.0001 0.0000 0.0000 0.0000 0.0000 0.0000 -0.0008 0.0000 0.0000 0.0002 -29.9996 -0.0001 -0.0003 29.9996 0.0000 0.0000 0.0000 0.3454 -0.2539 -179.3252 0.0360 -6.3080 0.0808 -4.3822 71.2281 0.0571 0.0000 25.3510 0.0000 0.4875 -0.6969 -178.5287 0.0122 -2.8127 -0.0830 4.7672 67.5408 -0.3780 0.0000 25.3508 -0.0001 
-0.6184 92.0071 -2.8920 -0.8030 0.5019 -0.8306 1.2132 0.2092 0.2337 1.2134 0.2093 0.2337 1.2169 0.2099 0.2344 103.8016 90.0000 0.0000 58.2801 72.4647 47.1859 -5.9530 11.4467 27.9870 -0.1940 0.5628 -0.5882 0.0000 0.0000 0.0001 0.0000 0.0000 0.0000 0.0000 -0.0013 -0.0008 0.0000 -0.0004 0.0001 0.0000 0.0000 0.0000 0.0000 0.0000 0.0000 0.0000 0.0002 0.0000 0.0000 -0.0006 0.0003 0.0000 0.0004 -0.0006 0.0000 0.0000 0.0001 0.0000 0.0000 0.0000 0.0000 -0.0010 -0.0002 0.0000 0.0002 30.0001 -0.0001 0.0005 -29.9998 0.0000 0.0000 0.0000 -2.5683 2.1297 0.5333 -2.5683 2.1297 0.5333 -7.0347 85.4614 103.6534 -26.1145 70.5136 -19.7512 -5.4191 19.2962 -33.7761 0.3624 0.5951 1.0872 0.0000 -0.0001 0.0001 0.0000 0.0000 0.0000 0.0000 -0.0006 0.0003 0.0000 -0.0001 0.0001 0.0000 0.0000 0.0000 0.0000 0.0000 0.0000 0.0000 0.0007 0.0001 0.0000 -0.0011 0.0001 0.0000 -0.0008 0.0003 0.0000 0.0001 0.0000 0.0000 0.0000 0.0000 0.0000 -0.0009 0.0000 0.0000 0.0002 -29.9996 -0.0001 -0.0003 29.9996 0.0000 0.0000 0.0000 0.3731 -0.3274 -179.3132 0.0375 -6.4361 0.0807 -4.4005 71.2892 0.0322 0.0000 25.3510 0.0000 0.4873 -0.7819 -178.5175 0.0130 -2.9556 -0.0831 4.7521 67.5984 -0.3714 0.0000 25.3508 -0.0001 
-0.6268 92.0034 -2.9035 -0.8135 0.5027 -0.8377 1.2291 0.2151 0.2352 1.2293 0.2152 0.2353 1.2328 0.2158 0.2359 103.9172 90.0000 0.0000 56.7585 71.4702 45.1582 -5.1614 12.2044 31.3230 -0.2342 0.6090 -0.6478 0.0000 0.0000 0.0001 0.0000 0.0000 0.0000 0.0000 -0.0013 -0.0008 0.0000 -0.0004 0.0001 0.0000 0.0000 0.0000 0.0000 0.0000 0.0000 0.0000 0.0002 0.0000 0.0000 -0.0006 0.0003 0.0000 0.0004 -0.0006 0.0000 0.0000 0.0001 0.0000 0.0000 0.0000 0.0000 -0.0010 -0.0002 0.0000 0.0003 30.0001 -0.0001 0.0005 -29.9998 0.0000 0.0000 0.0000 -2.6019 2.1274 0.5322 -2.6019 2.1274 0.5322 -9.4683 85.3807 101.0159 -24.9411 69.6253 -18.9143 -6.6339 20.1305 -36.7919 0.4311 0.6505 1.2161 0.0000 -0.0001 0.0001 0.0000 0.0000 0.0000 0.0000 -0.0006 0.0003 0.0000 -0.0001 0.0001 0.0000 0.0000 0.0000 0.0000 0.0000 0.0000 0.0000 0.0007 0.0001 0.0000 -0.0012 0.0001 0.0000 -0.0008 0.0003 0.0000 0.0001 0.0000 0.0000 0.0000 0.0000 0.0000 -0.0009 0.0000 0.0000 0.0002 -29.9997 -0.0001 -0.0003 29.9996 0.0000 0.0000 0.0000 0.3974 -0.4024 -179.2999 0.0390 -6.5705 0.0805 -4.4129 71.3512 0.0062 0.0000 25.3510 0.0000 0.4802 -0.8542 -178.5051 0.0136 -3.0804 -0.0831 4.7358 67.6476 -0.3696 0.0000 25.3508 -0.0001 
-0.6353 91.9997 -2.9204 -0.8063 0.4969 -0.8441 1.2467 0.2224 0.2394 1.2468 0.2225 0.2394 1.2504 0.2231 0.2401 104.0257 90.0000 0.0000 55.1504 70.4959 43.1327 -4.3028 12.9965 34.7162 -0.2821 0.6599 -0.7200 0.0000 0.0000 0.0001 0.0000 0.0000 0.0000 0.0000 -0.0013 -0.0008 0.0000 -0.0004 0.0001 0.0000 0.0000 0.0000 0.0000 0.0000 0.0000 0.0000 0.0003 0.0000 0.0000 -0.0006 0.0003 0.0000 0.0004 -0.0006 0.0000 0.0000 0.0001 0.0000 0.0000 0.0000 0.0000 -0.0010 -0.0002 0.0000 0.0002 30.0001 -0.0001 0.0005 -29.9998 0.0000 0.0000 0.0000 -2.6331 2.1503 0.5249 -2.6331 2.1503 0.5249 -11.9603 85.2778 98.2806 -23.7214 68.7771 -18.0340 -7.8876 20.9098 -39.8407 0.5110 0.7109 1.3612 0.0000 -0.0001 0.0001 0.0000 0.0000 0.0000 0.0000 -0.0006 0.0003 0.0000 -0.0001 0.0001 0.0000 0.0000 0.0000 0.0000 0.0000 0.0000 0.0000 0.0007 0.0001 0.0000 -0.0012 0.0001 0.0000 -0.0008 0.0003 0.0000 0.0001 0.0000 0.0000 0.0000 0.0000 0.0000 -0.0009 0.0000 0.0000 0.0002 -29.9996 -0.0001 -0.0003 29.9996 0.0000 0.0000 0.0000 0.4122 -0.4774 -179.2863 0.0402 -6.7076 0.0804 -4.4172 71.4088 -0.0200 0.0000 25.3510 0.0000 0.4687 -0.9198 -178.4928 0.0143 -3.2010 -0.0831 4.7294 67.6940 -0.3717 0.0000 25.3508 -0.0001 
-0.6434 91.9963 -2.9432 -0.7823 0.4855 -0.8486 1.2646 0.2313 0.2450 1.2647 0.2314 0.2450 1.2684 0.2320 0.2457 104.1212 90.0000 0.0000 53.4840 69.5679 41.1391 -3.3690 13.7863 38.1195 -0.3382 0.7149 -0.8049 0.0000 0.0000 0.0001 0.0000 0.0000 0.0000 0.0000 -0.0013 -0.0008 0.0000 -0.0004 0.0001 0.0000 0.0000 0.0000 0.0000 0.0000 0.0000 0.0000 0.0002 0.0000 0.0000 -0.0006 0.0003 0.0000 0.0004 -0.0006 0.0000 0.0000 0.0001 0.0000 0.0000 0.0000 0.0000 -0.0010 -0.0002 0.0000 0.0002 30.0001 -0.0001 0.0005 -29.9998 0.0000 0.0000 0.0000 -2.6626 2.1884 0.5146 -2.6626 2.1884 0.5146 -14.3920 85.1629 95.5881 -22.4940 67.9487 -17.1627 -9.1602 21.6845 -42.8797 0.6025 0.7743 1.5214 0.0000 -0.0001 0.0001 0.0000 0.0000 0.0000 0.0000 -0.0006 0.0003 0.0000 -0.0001 0.0001 0.0000 0.0000 0.0000 0.0000 0.0000 0.0000 0.0000 0.0007 0.0001 0.0000 -0.0012 0.0001 0.0000 -0.0008 0.0003 0.0000 0.0001 0.0000 0.0000 0.0000 0.0000 0.0000 -0.0008 0.0000 0.0000 0.0002 -29.9996 -0.0001 -0.0003 29.9996 0.0000 0.0000 0.0000 0.4138 -0.5470 -179.2747 0.0412 -6.8345 0.0803 -4.4147 71.4564 -0.0436 0.0000 25.3510 0.0000 0.4570 -0.9858 -178.4821 0.0150 -3.3287 -0.0832 4.7383 67.7427 -0.3751 0.0000 25.3508 -0.0001 
-0.6515 91.9934 -2.9697 -0.7445 0.4704 -0.8510 1.2818 0.2403 0.2514 1.2819 0.2403 0.2515 1.2856 0.2410 0.2522 104.2050 90.0000 0.0000 51.7974 68.6880 39.2031 -2.3621 14.5304 41.5378 -0.4035 0.7748 -0.9040 0.0000 0.0000 0.0001 0.0000 0.0000 0.0000 0.0000 -0.0013 -0.0008 0.0000 -0.0004 0.0001 0.0000 0.0000 0.0000 0.0000 0.0000 0.0000 0.0000 0.0002 0.0000 0.0000 -0.0006 0.0003 0.0000 0.0004 -0.0006 0.0000 0.0000 0.0001 0.0000 0.0000 0.0000 0.0000 -0.0010 -0.0002 0.0000 0.0003 30.0001 -0.0001 0.0005 -29.9998 0.0000 0.0000 0.0000 -2.6896 2.2382 0.5029 -2.6896 2.2382 0.5029 -16.7442 85.0413 92.9651 -21.2655 67.1333 -16.3036 -10.4645 22.4594 -45.9158 0.7068 0.8403 1.6966 0.0000 -0.0001 0.0001 0.0000 0.0000 0.0000 0.0000 -0.0006 0.0003 0.0000 -0.0001 0.0001 0.0000 0.0000 0.0000 0.0000 0.0000 0.0000 0.0000 0.0007 0.0001 0.0000 -0.0012 0.0001 0.0000 -0.0008 0.0003 0.0000 0.0001 0.0000 0.0000 0.0000 0.0000 0.0000 -0.0009 0.0000 0.0000 0.0002 -29.9996 -0.0001 -0.0003 29.9996 0.0000 0.0000 0.0000 0.4052 -0.6086 -179.2647 0.0420 -6.9455 0.0802 -4.4058 71.4926 -0.0646 0.0000 25.3510 0.0000 0.4463 -1.0511 -178.4730 0.0157 -3.4600 -0.0832 4.7605 67.7927 -0.3801 0.0000 25.3508 -0.0001 
-0.6592 91.9912 -2.9961 -0.6896 0.4517 -0.8505 1.2953 0.2486 0.2586 1.2955 0.2487 0.2587 1.2992 0.2494 0.2594 104.2712 90.0000 0.0000 50.0893 67.8913 37.3461 -1.2522 15.1704 44.9633 -0.4788 0.8390 -1.0187 0.0000 0.0000 0.0001 0.0000 0.0000 0.0000 0.0000 -0.0013 -0.0008 0.0000 -0.0004 0.0001 0.0000 0.0000 0.0000 0.0000 0.0000 0.0000 0.0000 0.0002 0.0000 0.0000 -0.0006 0.0003 0.0000 0.0004 -0.0006 0.0000 0.0000 0.0001 0.0000 0.0000 0.0000 0.0000 -0.0010 -0.0002 0.0000 0.0002 30.0001 -0.0001 0.0005 -29.9998 0.0000 0.0000 0.0000 -2.7088 2.2995 0.4921 -2.7088 2.2995 0.4921 -19.0333 84.9099 90.4044 -20.0817 66.3336 -15.4864 -11.8295 23.2499 -48.9284 0.8233 0.9067 1.8829 0.0000 -0.0001 0.0001 0.0000 0.0000 0.0000 0.0000 -0.0006 0.0003 0.0000 -0.0001 0.0001 0.0000 0.0000 0.0000 0.0000 0.0000 0.0000 0.0000 0.0007 0.0001 0.0000 -0.0011 0.0001 0.0000 -0.0008 0.0003 0.0000 0.0001 0.0000 0.0000 0.0000 0.0000 0.0000 -0.0009 0.0000 0.0000 0.0002 -29.9996 -0.0001 -0.0003 29.9996 0.0000 0.0000 0.0000 0.3852 -0.6551 -179.2576 0.0427 -7.0310 0.0802 -4.3871 71.5148 -0.0816 0.0000 25.3510 0.0000 0.4362 -1.1041 -178.4667 0.0163 -3.5765 -0.0832 4.7977 67.8374 -0.3871 0.0000 25.3508 -0.0001 
-0.6667 91.9895 -3.0172 -0.6259 0.4321 -0.8477 1.3058 0.2562 0.2663 1.3060 0.2563 0.2663 1.3097 0.2570 0.2671 104.3234 90.0000 0.0000 48.4124 67.1476 35.5951 -0.1051 15.7140 48.3340 -0.5642 0.9077 -1.1477 0.0000 0.0000 0.0001 0.0000 0.0000 0.0000 0.0000 -0.0013 -0.0008 0.0000 -0.0004 0.0001 0.0000 0.0000 0.0000 0.0000 0.0000 0.0000 0.0000 0.0002 0.0000 0.0000 -0.0006 0.0003 0.0000 0.0004 -0.0006 0.0000 0.0000 0.0001 0.0000 0.0000 0.0000 0.0000 -0.0010 -0.0002 0.0000 0.0002 30.0001 -0.0001 0.0005 -29.9998 0.0000 0.0000 0.0000 -2.7212 2.3637 0.4833 -2.7212 2.3637 0.4833 -21.1605 84.7683 88.0126 -19.0046 65.5416 -14.7731 -13.2393 23.9971 -51.9285 0.9522 0.9743 2.0792 0.0000 -0.0001 0.0001 0.0000 0.0000 0.0000 0.0000 -0.0006 0.0003 0.0000 -0.0001 0.0001 0.0000 0.0000 0.0000 0.0000 0.0000 0.0000 0.0000 0.0007 0.0001 0.0000 -0.0012 0.0001 0.0000 -0.0008 0.0003 0.0000 0.0001 0.0000 0.0000 0.0000 0.0000 0.0000 -0.0009 0.0000 0.0000 0.0002 -29.9996 -0.0001 -0.0003 29.9995 0.0000 0.0000 0.0000 0.3612 -0.6888 -179.2526 0.0434 -7.0984 0.0801 -4.3623 71.5310 -0.0969 0.0000 25.3510 0.0000 0.4263 -1.1396 -178.4626 0.0169 -3.6687 -0.0833 4.8413 67.8742 -0.3962 0.0000 25.3508 -0.0001 
-0.6733 91.9881 -3.0329 -0.5573 0.4132 -0.8431 1.3150 0.2629 0.2741 1.3152 0.2630 0.2741 1.3189 0.2637 0.2749 104.3618 90.0000 0.0000 46.8155 66.4745 33.9938 1.0417 16.1795 51.5641 -0.6576 0.9774 -1.2873 0.0000 0.0000 0.0001 0.0000 0.0000 0.0000 0.0000 -0.0013 -0.0008 0.0000 -0.0004 0.0001 0.0000 0.0000 0.0000 0.0000 0.0000 0.0000 0.0000 0.0002 0.0000 0.0000 -0.0006 0.0003 0.0000 0.0004 -0.0006 0.0000 0.0000 0.0001 0.0000 0.0000 0.0000 0.0000 -0.0010 -0.0002 0.0000 0.0003 30.0001 -0.0001 0.0005 -29.9998 0.0000 0.0000 0.0000 -2.7300 2.4275 0.4768 -2.7300 2.4275 0.4768 -23.1323 84.6293 85.7936 -18.0484 64.7633 -14.1848 -14.6775 24.6791 -54.9247 1.0939 1.0428 2.2856 0.0000 -0.0001 0.0001 0.0000 0.0000 0.0000 0.0000 -0.0006 0.0003 0.0000 -0.0001 0.0001 0.0000 0.0000 0.0000 0.0000 0.0000 0.0000 0.0000 0.0007 0.0001 0.0000 -0.0011 0.0001 0.0000 -0.0008 0.0003 0.0000 0.0001 0.0000 0.0000 0.0000 0.0000 0.0000 -0.0008 0.0000 0.0000 0.0002 -29.9996 -0.0001 -0.0003 29.9996 0.0000 0.0000 0.0000 0.3366 -0.7126 -179.2497 0.0440 -7.1511 0.0800 -4.3310 71.5434 -0.1097 0.0000 25.3510 0.0000 0.4154 -1.1636 -178.4608 0.0173 -3.7447 -0.0833 4.8883 67.9064 -0.4052 0.0000 25.3508 -0.0001 
-0.6779 91.9869 -3.0413 -0.4861 0.3968 -0.8368 1.3242 0.2681 0.2813 1.3244 0.2682 0.2813 1.3282 0.2690 0.2821 104.3861 90.0000 0.0000 45.2083 65.8786 32.4898 2.2665 16.6231 54.7177 -0.7601 1.0457 -1.4416 0.0000 0.0000 0.0001 0.0000 0.0000 0.0000 0.0000 -0.0013 -0.0008 0.0000 -0.0004 0.0001 0.0000 0.0000 0.0000 0.0000 0.0000 0.0000 0.0000 0.0002 0.0000 0.0000 -0.0006 0.0003 0.0000 0.0004 -0.0006 0.0000 0.0000 0.0001 0.0000 0.0000 0.0000 0.0000 -0.0010 -0.0002 0.0000 0.0002 30.0001 -0.0001 0.0005 -29.9998 0.0000 0.0000 0.0000 -2.7369 2.4869 0.4748 -2.7369 2.4869 0.4748 -25.0008 84.4851 83.6941 -17.2467 64.0331 -13.7236 -16.1254 25.2348 -57.9070 1.2459 1.1114 2.4980 0.0000 -0.0001 0.0001 0.0000 0.0000 0.0000 0.0000 -0.0006 0.0003 0.0000 -0.0001 0.0001 0.0000 0.0000 0.0000 0.0000 0.0000 0.0000 0.0000 0.0007 0.0001 0.0000 -0.0012 0.0001 0.0000 -0.0008 0.0003 0.0000 0.0001 0.0000 0.0000 0.0000 0.0000 0.0000 -0.0009 0.0000 0.0000 0.0002 -29.9996 -0.0001 -0.0003 29.9996 0.0000 0.0000 0.0000 0.3156 -0.7235 -179.2497 0.0444 -7.1823 0.0800 -4.2878 71.5499 -0.1167 0.0000 25.3510 0.0000 0.4013 -1.1805 -178.4621 0.0176 -3.8120 -0.0833 4.9371 67.9391 -0.4112 0.0000 25.3508 -0.0001 
-0.6800 91.9859 -3.0455 -0.4154 0.3819 -0.8293 1.3344 0.2722 0.2874 1.3346 0.2723 0.2874 1.3384 0.2731 0.2883 64.7093 87.3122 -37.2392 43.4620 65.2868 30.9377 3.6383 17.1171 57.9708 -0.8789 1.1157 -1.6186 0.0000 0.0000 0.0001 0.0000 0.0000 0.0000 0.0000 -0.0013 -0.0008 0.0000 -0.0004 0.0001 0.0000 0.0000 0.0000 0.0000 0.0000 0.0000 0.0000 0.0003 0.0000 0.0000 -0.0006 0.0003 0.0000 0.0004 -0.0006 0.0000 0.0000 0.0001 0.0000 0.0000 0.0000 0.0000 -0.0010 -0.0002 0.0000 0.0002 30.0001 -0.0001 0.0005 -29.9998 0.0000 0.0000 0.0000 -2.7448 2.5411 0.4759 -2.7448 2.5411 0.4759 -26.8047 84.3446 81.6718 -16.5454 63.3614 -13.3530 -17.5572 25.6510 -60.8567 1.4080 1.1803 2.7166 0.0000 -0.0001 0.0001 0.0000 0.0000 0.0000 0.0000 -0.0006 0.0003 0.0000 -0.0001 0.0001 0.0000 0.0000 0.0000 0.0000 0.0000 0.0000 0.0000 0.0007 0.0001 0.0000 -0.0012 0.0001 0.0000 -0.0008 0.0003 0.0000 0.0001 0.0000 0.0000 0.0000 0.0000 0.0000 -0.0009 0.0000 0.0000 0.0002 -29.9996 -0.0001 -0.0003 29.9996 0.0000 0.0000 0.0000 0.2977 -0.7240 -179.2523 0.0444 -7.1954 0.0800 -4.2360 71.5498 -0.1172 0.0000 25.3510 0.0000 0.3830 -1.1968 -178.4663 0.0179 -3.8808 -0.0833 4.9851 67.9754 -0.4129 0.0000 25.3508 -0.0001 
-0.6809 91.9852 -3.0463 -0.3452 0.3675 -0.8209 1.3453 0.2755 0.2930 1.3456 0.2756 0.2930 1.3494 0.2763 0.2939 64.8047 87.1619 -37.0164 41.7934 64.7143 29.4932 5.0081 17.6080 61.1164 -1.0075 1.1834 -1.8061 0.0000 0.0000 0.0001 0.0000 0.0000 0.0000 0.0000 -0.0013 -0.0008 0.0000 -0.0004 0.0001 0.0000 0.0000 0.0000 0.0000 0.0000 0.0000 0.0000 0.0002 -0.0001 0.0000 -0.0006 0.0003 0.0000 0.0004 -0.0006 0.0000 0.0000 0.0001 0.0000 0.0000 0.0000 0.0000 -0.0010 -0.0002 0.0000 0.0002 30.0001 -0.0001 0.0005 -29.9998 0.0000 0.0000 0.0000 -2.7543 2.5905 0.4781 -2.7543 2.5905 0.4781 -28.5445 84.2102 79.7217 -15.8968 62.7403 -13.0348 -18.9710 25.9566 -63.7567 1.5797 1.2488 2.9404 0.0000 -0.0001 0.0001 0.0000 0.0000 0.0000 0.0000 -0.0006 0.0003 0.0000 -0.0001 0.0001 0.0000 0.0000 0.0000 0.0000 0.0000 0.0000 0.0000 0.0007 0.0001 0.0000 -0.0012 0.0001 0.0000 -0.0008 0.0003 0.0000 0.0001 0.0000 0.0000 0.0000 0.0000 0.0000 -0.0008 0.0000 0.0000 0.0002 -29.9997 -0.0001 -0.0003 29.9996 0.0000 0.0000 0.0000 0.2790 -0.7155 -179.2567 0.0442 -7.1942 0.0800 -4.1825 71.5449 -0.1145 0.0000 25.3510 0.0000 0.3608 -1.2101 -178.4723 0.0181 -3.9472 -0.0833 5.0307 68.0129 -0.4129 0.0000 25.3508 -0.0001 
-0.6818 91.9847 -3.0408 -0.2766 0.3532 -0.8112 1.3578 0.2773 0.2979 1.3580 0.2773 0.2979 1.3619 0.2781 0.2988 64.8304 87.0179 -36.8658 40.2916 64.1444 28.2253 6.3586 18.1653 64.1106 -1.1425 1.2434 -1.9984 0.0000 0.0000 0.0001 0.0000 0.0000 0.0000 0.0000 -0.0013 -0.0008 0.0000 -0.0004 0.0001 0.0000 0.0000 0.0000 0.0000 0.0000 0.0000 0.0000 0.0002 0.0000 0.0000 -0.0006 0.0003 0.0000 0.0004 -0.0006 0.0000 0.0000 0.0001 0.0000 0.0000 0.0000 0.0000 -0.0010 -0.0002 0.0000 0.0002 30.0001 -0.0001 0.0005 -29.9998 0.0000 0.0000 0.0000 -2.7671 2.6336 0.4806 -2.7671 2.6336 0.4806 -30.2674 84.0926 77.8096 -15.2985 62.1881 -12.7531 -20.3703 26.1931 -66.5488 1.7546 1.3120 3.1597 0.0000 0.0000 0.0001 0.0000 0.0000 0.0000 0.0000 -0.0006 0.0003 0.0000 -0.0001 0.0001 0.0000 0.0000 0.0000 0.0000 0.0000 0.0000 0.0000 0.0007 0.0001 0.0000 -0.0011 0.0001 0.0000 -0.0008 0.0003 0.0000 0.0002 0.0000 0.0000 0.0000 0.0000 0.0000 -0.0009 0.0000 0.0000 0.0002 -29.9996 -0.0001 -0.0003 29.9996 0.0000 0.0000 0.0000 0.2552 -0.6955 -179.2629 0.0438 -7.1786 0.0800 -4.1355 71.5370 -0.1121 0.0000 25.3510 0.0000 0.3338 -1.2116 -178.4797 0.0182 -3.9989 -0.0833 5.0694 68.0477 -0.4139 0.0000 25.3508 -0.0001 
-0.6845 91.9845 -3.0299 -0.2083 0.3384 -0.8014 1.3694 0.2786 0.3029 1.3696 0.2787 0.3029 1.3735 0.2795 0.3038 64.6959 86.8726 -36.8714 38.9669 63.5680 27.1292 7.7384 18.7083 67.2018 -1.2924 1.2997 -2.2096 0.0000 0.0000 0.0001 0.0000 0.0000 0.0000 0.0000 -0.0013 -0.0008 0.0000 -0.0004 0.0001 0.0000 0.0000 0.0000 0.0000 0.0000 0.0000 0.0000 0.0002 0.0000 0.0000 -0.0006 0.0003 0.0000 0.0004 -0.0006 0.0000 0.0000 0.0001 0.0000 0.0000 0.0000 0.0000 -0.0010 -0.0002 0.0000 0.0002 30.0001 -0.0001 0.0005 -29.9998 0.0000 0.0000 0.0000 -2.7799 2.6716 0.4818 -2.7799 2.6716 0.4818 -31.9497 83.9729 75.9321 -14.7002 61.6969 -12.4359 -21.7651 26.4006 -69.2420 1.9323 1.3685 3.3739 0.0000 -0.0001 0.0001 0.0000 0.0000 0.0000 0.0000 -0.0006 0.0003 0.0000 -0.0001 0.0001 0.0000 0.0000 0.0000 0.0000 0.0000 0.0000 0.0000 0.0007 0.0001 0.0000 -0.0012 0.0001 0.0000 -0.0008 0.0003 0.0000 0.0001 0.0000 0.0000 0.0000 0.0000 0.0000 -0.0008 0.0000 0.0000 0.0002 -29.9996 -0.0001 -0.0003 29.9996 0.0000 0.0000 0.0000 0.2260 -0.6661 -179.2684 0.0435 -7.1529 0.0801 -4.0980 71.5275 -0.1138 0.0000 25.3511 0.0000 0.3014 -1.2024 -178.4862 0.0183 -4.0379 -0.0834 5.1000 68.0809 -0.4178 0.0000 25.3508 -0.0001 
-0.6882 91.9845 -3.0156 -0.1400 0.3236 -0.7915 1.3782 0.2797 0.3081 1.3785 0.2798 0.3081 1.3824 0.2806 0.3090 64.4481 86.7243 -36.9855 37.7829 62.9793 26.1379 9.1097 19.2392 70.2766 -1.4543 1.3517 -2.4303 0.0000 0.0000 0.0001 0.0000 0.0000 0.0000 0.0000 -0.0013 -0.0008 0.0000 -0.0004 0.0001 0.0000 0.0000 0.0000 0.0000 0.0000 0.0000 0.0000 0.0002 -0.0001 0.0000 -0.0006 0.0003 0.0000 0.0004 -0.0006 0.0000 0.0000 0.0001 0.0000 0.0000 0.0000 0.0000 -0.0010 -0.0002 0.0000 0.0003 30.0001 -0.0001 0.0005 -29.9998 0.0000 0.0000 0.0000 -2.7892 2.7055 0.4806 -2.7892 2.7055 0.4806 -33.4285 83.8566 74.2599 -14.1402 61.2394 -12.1252 -23.1572 26.5971 -71.8436 2.1110 1.4168 3.5808 0.0000 -0.0001 0.0001 0.0000 0.0000 0.0000 0.0000 -0.0006 0.0003 0.0000 -0.0001 0.0001 0.0000 0.0000 0.0000 0.0000 0.0000 0.0000 0.0000 0.0007 0.0001 0.0000 -0.0012 0.0001 0.0000 -0.0008 0.0003 0.0000 0.0001 0.0000 0.0000 0.0000 0.0000 0.0000 -0.0008 0.0000 0.0000 0.0002 -29.9996 -0.0001 -0.0003 29.9996 0.0000 0.0000 0.0000 0.1927 -0.6303 -179.2734 0.0432 -7.1190 0.0801 -4.0661 71.5162 -0.1171 0.0000 25.3510 0.0000 0.2649 -1.1855 -178.4922 0.0183 -4.0663 -0.0834 5.1257 68.1118 -0.4227 0.0000 25.3508 -0.0001 
-0.6922 91.9848 -2.9996 -0.0738 0.3105 -0.7815 1.3818 0.2818 0.3133 1.3821 0.2819 0.3134 1.3860 0.2827 0.3143 64.0400 86.5692 -37.2518 36.9703 62.4568 25.4059 10.3951 19.6703 73.1724 -1.6121 1.3926 -2.6393 0.0000 0.0000 0.0001 0.0000 0.0000 0.0000 0.0000 -0.0013 -0.0008 0.0000 -0.0004 0.0001 0.0000 0.0000 0.0000 0.0000 0.0000 0.0000 0.0000 0.0002 0.0000 0.0000 -0.0006 0.0003 0.0000 0.0004 -0.0006 0.0000 0.0000 0.0001 0.0000 0.0000 0.0000 0.0000 -0.0010 -0.0002 0.0000 0.0002 30.0001 -0.0001 0.0005 -29.9998 0.0000 0.0000 0.0000 -2.7894 2.7313 0.4750 -2.7894 2.7313 0.4750 -34.6161 83.7602 72.8862 -13.6673 60.8519 -11.8511 -24.5709 26.7890 -74.2927 2.2778 1.4498 3.7656 0.0000 -0.0001 0.0001 0.0000 0.0000 0.0000 0.0000 -0.0006 0.0003 0.0000 -0.0001 0.0001 0.0000 0.0000 0.0000 0.0000 0.0000 0.0000 0.0000 0.0007 0.0001 0.0000 -0.0012 0.0001 0.0000 -0.0008 0.0003 0.0000 0.0001 0.0000 0.0000 0.0000 0.0000 0.0000 -0.0009 0.0000 0.0000 0.0002 -29.9996 -0.0001 -0.0003 29.9996 0.0000 0.0000 0.0000 0.1577 -0.5901 -179.2786 0.0429 -7.0756 0.0801 -4.0373 71.5012 -0.1200 0.0000 25.3510 0.0000 0.2292 -1.1649 -178.4984 0.0182 -4.0859 -0.0834 5.1512 68.1394 -0.4265 0.0000 25.3508 -0.0001 
-0.6960 91.9853 -2.9861 -0.0114 0.3001 -0.7708 1.3813 0.2853 0.3183 1.3815 0.2854 0.3183 1.3854 0.2862 0.3192 63.6614 86.4135 -37.4847 36.3433 61.9773 24.8113 11.6685 20.0383 75.8945 -1.7664 1.4250 -2.8361 0.0000 0.0000 0.0001 0.0000 0.0000 0.0000 0.0000 -0.0013 -0.0008 0.0000 -0.0004 0.0001 0.0000 0.0000 0.0000 0.0000 0.0000 0.0000 0.0000 0.0002 0.0000 0.0000 -0.0006 0.0003 0.0000 0.0004 -0.0006 0.0000 0.0000 0.0001 0.0000 0.0000 0.0000 0.0000 -0.0010 -0.0002 0.0000 0.0002 30.0001 -0.0001 0.0005 -29.9998 0.0000 0.0000 0.0000 -2.7798 2.7482 0.4649 -2.7798 2.7482 0.4649 -35.5821 83.6840 71.7418 -13.3176 60.4808 -11.6517 -25.9806 26.9729 -76.6323 2.4363 1.4728 3.9313 0.0000 -0.0001 0.0001 0.0000 0.0000 0.0000 0.0000 -0.0007 0.0003 0.0000 -0.0001 0.0001 0.0000 0.0000 0.0000 0.0000 0.0000 0.0000 0.0000 0.0007 0.0001 0.0000 -0.0012 0.0001 0.0000 -0.0008 0.0003 0.0000 0.0001 0.0000 0.0000 0.0000 0.0000 0.0000 -0.0008 0.0000 0.0000 0.0002 -29.9997 -0.0001 -0.0003 29.9996 0.0000 0.0000 0.0000 0.1237 -0.5524 -179.2849 0.0426 -7.0289 0.0802 -4.0101 71.4831 -0.1214 0.0000 25.3510 0.0000 0.1999 -1.1476 -178.5054 0.0181 -4.1024 -0.0834 5.1813 68.1628 -0.4278 0.0000 25.3508 -0.0001 
-0.6992 91.9859 -2.9754 0.0458 0.2925 -0.7590 1.3788 0.2891 0.3225 1.3790 0.2892 0.3225 1.3829 0.2900 0.3235 63.4055 86.2613 -37.5879 35.7978 61.5425 24.2746 13.0144 20.3107 78.5815 -1.9218 1.4513 -3.0282 0.0000 0.0000 0.0001 0.0000 0.0000 0.0000 0.0000 -0.0013 -0.0008 0.0000 -0.0004 0.0001 0.0000 0.0000 0.0000 0.0000 0.0000 0.0000 0.0000 0.0003 0.0000 0.0000 -0.0006 0.0003 0.0000 0.0004 -0.0006 0.0000 0.0000 0.0001 0.0000 0.0000 0.0000 0.0000 -0.0010 -0.0002 0.0000 0.0003 30.0001 -0.0001 0.0005 -29.9998 0.0000 0.0000 0.0000 -2.7625 2.7576 0.4506 -2.7625 2.7576 0.4506 -36.4163 83.6286 70.7306 -13.0776 60.1338 -11.5117 -27.3761 27.1303 -78.8681 2.5852 1.4871 4.0776 0.0000 -0.0001 0.0001 0.0000 0.0000 0.0000 0.0000 -0.0006 0.0003 0.0000 -0.0001 0.0001 0.0000 0.0000 0.0000 0.0000 0.0000 0.0000 0.0000 0.0007 0.0001 0.0000 -0.0011 0.0001 0.0000 -0.0008 0.0003 0.0000 0.0001 0.0000 0.0000 0.0000 0.0000 0.0000 -0.0008 0.0000 0.0000 0.0002 -29.9996 -0.0001 -0.0003 29.9996 0.0000 0.0000 0.0000 0.0919 -0.5175 -179.2928 0.0424 -6.9795 0.0802 -3.9843 71.4624 -0.1208 0.0000 25.3510 0.0000 0.1792 -1.1355 -178.5140 0.0181 -4.1184 -0.0834 5.2167 68.1827 -0.4266 0.0000 25.3508 -0.0001 
-0.7011 91.9866 -2.9671 0.0918 0.2891 -0.7455 1.3763 0.2914 0.3252 1.3766 0.2915 0.3253 1.3805 0.2923 0.3262 63.3096 86.1219 -37.5300 35.3980 61.1557 23.8053 14.4112 20.4529 81.0649 -2.0624 1.4715 -3.1883 0.0000 0.0000 0.0001 0.0000 0.0000 0.0000 0.0000 -0.0013 -0.0008 0.0000 -0.0004 0.0001 0.0000 0.0000 0.0000 0.0000 0.0000 0.0000 0.0000 0.0002 0.0000 0.0000 -0.0006 0.0003 0.0000 0.0004 -0.0006 0.0000 0.0000 0.0001 0.0000 0.0000 0.0000 0.0000 -0.0010 -0.0002 0.0000 0.0002 30.0001 -0.0001 0.0005 -29.9998 0.0000 0.0000 0.0000 -2.7361 2.7574 0.4300 -2.7361 2.7574 0.4300 -37.1357 83.6097 69.8430 -13.0291 59.8171 -11.4761 -28.7331 27.2497 -80.9500 2.7134 1.4915 4.1908 0.0000 -0.0001 0.0001 0.0000 0.0000 0.0000 0.0000 -0.0006 0.0003 0.0000 -0.0001 0.0001 0.0000 0.0000 0.0000 0.0000 0.0000 0.0000 0.0000 0.0007 0.0001 0.0000 -0.0012 0.0001 0.0000 -0.0008 0.0003 0.0000 0.0001 0.0000 0.0000 0.0000 0.0000 0.0000 -0.0009 0.0000 0.0000 0.0002 -29.9996 -0.0001 -0.0003 29.9996 0.0000 0.0000 0.0000 0.0665 -0.4822 -179.3036 0.0422 -6.9194 0.0802 -3.9583 71.4355 -0.1144 0.0000 25.3510 0.0000 0.1749 -1.1333 -178.5251 0.0181 -4.1396 -0.0834 5.2613 68.2012 -0.4206 0.0000 25.3508 -0.0001 
-0.7024 91.9876 -2.9560 0.1251 0.2886 -0.7318 1.3757 0.2930 0.3272 1.3759 0.2931 0.3272 1.3798 0.2940 0.3282 63.2482 85.9934 -37.4435 35.2021 60.7959 23.4552 15.7963 20.4253 83.3709 -2.1876 1.4894 -3.3176 0.0000 0.0000 0.0001 0.0000 0.0000 0.0000 0.0000 -0.0013 -0.0008 0.0000 -0.0004 0.0001 0.0000 0.0000 0.0000 0.0000 0.0000 0.0000 0.0000 0.0002 0.0000 0.0000 -0.0006 0.0003 0.0000 0.0004 -0.0006 0.0000 0.0000 0.0001 0.0000 0.0000 0.0000 0.0000 -0.0010 -0.0002 0.0000 0.0002 30.0001 -0.0001 0.0005 -29.9998 0.0000 0.0000 0.0000 -2.7039 2.7487 0.4053 -2.7039 2.7487 0.4053 -37.8128 83.6122 69.0058 -13.1336 59.5269 -11.5026 -30.0486 27.3008 -82.9090 2.8237 1.4903 4.2758 0.0000 -0.0001 0.0001 0.0000 0.0000 0.0000 0.0000 -0.0006 0.0003 0.0000 -0.0001 0.0001 0.0000 0.0000 0.0000 0.0000 0.0000 0.0000 0.0000 0.0007 0.0001 0.0000 -0.0011 0.0001 0.0000 -0.0008 0.0003 0.0000 0.0001 0.0000 0.0000 0.0000 0.0000 0.0000 -0.0009 0.0000 0.0000 0.0002 -29.9996 -0.0001 -0.0003 29.9996 0.0000 0.0000 0.0000 0.0507 -0.4393 -179.3154 0.0419 -6.8439 0.0803 -3.9320 71.4036 -0.1044 0.0000 25.3510 0.0000 0.1836 -1.1358 -178.5369 0.0181 -4.1650 -0.0834 5.3093 68.2215 -0.4112 0.0000 25.3508 -0.0001 
-0.7027 91.9886 -2.9402 0.1478 0.2898 -0.7187 1.3754 0.2947 0.3292 1.3756 0.2948 0.3292 1.3795 0.2956 0.3302 63.1850 85.8733 -37.3682 35.2301 60.4571 23.2379 17.1368 20.2494 85.5025 -2.2952 1.5050 -3.4158 0.0000 0.0000 0.0001 0.0000 0.0000 0.0000 0.0000 -0.0013 -0.0008 0.0000 -0.0004 0.0001 0.0000 0.0000 0.0000 0.0000 0.0000 0.0000 0.0000 0.0003 -0.0001 0.0000 -0.0007 0.0003 0.0000 0.0004 -0.0006 0.0000 0.0000 0.0001 0.0000 0.0000 0.0000 0.0000 -0.0010 -0.0002 0.0000 0.0002 30.0001 -0.0001 0.0005 -29.9998 0.0000 0.0000 0.0000 -2.6679 2.7333 0.3784 -2.6679 2.7333 0.3784 -38.4627 83.6271 68.2013 -13.3798 59.2375 -11.5744 -31.3190 27.3039 -84.7672 2.9189 1.4856 4.3358 0.0000 -0.0001 0.0001 0.0000 0.0000 0.0000 0.0000 -0.0006 0.0003 0.0000 -0.0001 0.0001 0.0000 0.0000 0.0000 0.0000 0.0000 0.0000 0.0000 0.0007 0.0001 0.0000 -0.0012 0.0001 0.0000 -0.0008 0.0003 0.0000 0.0001 0.0000 0.0000 0.0000 0.0000 0.0000 -0.0009 0.0000 0.0000 0.0002 -29.9996 -0.0001 -0.0003 29.9996 0.0000 0.0000 0.0000 0.0443 -0.3884 -179.3275 0.0416 -6.7576 0.0803 -3.9042 71.3705 -0.0911 0.0000 25.3510 0.0000 0.1985 -1.1360 -178.5490 0.0181 -4.1870 -0.0834 5.3557 68.2415 -0.3985 0.0000 25.3508 -0.0001 
-0.7012 91.9896 -2.9161 0.1569 0.2919 -0.7070 1.3771 0.2975 0.3312 1.3773 0.2976 0.3313 1.3812 0.2984 0.3322 62.9862 85.7658 -37.4421 35.6430 60.1334 23.2438 18.3819 19.9504 87.3681 -2.3701 1.5134 -3.4641 0.0000 0.0000 0.0001 0.0000 0.0000 0.0000 0.0000 -0.0013 -0.0008 0.0000 -0.0004 0.0001 0.0000 0.0000 0.0000 0.0000 0.0000 0.0000 0.0000 0.0002 0.0000 0.0000 -0.0006 0.0003 0.0000 0.0004 -0.0006 0.0000 0.0000 0.0001 0.0000 0.0000 0.0000 0.0000 -0.0010 -0.0002 0.0000 0.0002 30.0001 -0.0001 0.0005 -29.9998 0.0000 0.0000 0.0000 -2.6307 2.7082 0.3513 -2.6307 2.7082 0.3513 -39.0508 83.6459 67.4721 -13.8246 58.9678 -11.6699 -32.6228 27.2971 -86.5241 2.9861 1.4700 4.3549 0.0000 -0.0001 0.0001 0.0000 0.0000 0.0000 0.0000 -0.0006 0.0003 0.0000 -0.0001 0.0001 0.0000 0.0000 0.0000 0.0000 0.0000 0.0000 0.0000 0.0007 0.0001 0.0000 -0.0012 0.0001 0.0000 -0.0008 0.0003 0.0000 0.0001 0.0000 0.0000 0.0000 0.0000 0.0000 -0.0008 0.0000 0.0000 0.0002 -29.9996 -0.0001 -0.0003 29.9996 0.0000 0.0000 0.0000 0.0523 -0.3312 -179.3394 0.0413 -6.6701 0.0804 -3.8716 71.3444 -0.0732 0.0000 25.3510 0.0000 0.2132 -1.1263 -178.5613 0.0181 -4.1964 -0.0834 5.3948 68.2572 -0.3774 0.0000 25.3508 -0.0001 
-0.6957 91.9901 -2.8869 0.1577 0.2941 -0.6966 1.3806 0.3030 0.3324 1.3808 0.3031 0.3324 1.3847 0.3039 0.3334 62.5439 85.6642 -37.7728 36.3991 59.8237 23.4400 19.5304 19.6050 89.0295 -2.4155 1.5109 -3.4741 0.0000 0.0000 0.0001 0.0000 0.0000 0.0000 0.0000 -0.0013 -0.0008 0.0000 -0.0004 0.0001 0.0000 0.0000 0.0000 0.0000 0.0000 0.0000 0.0000 0.0003 -0.0001 0.0000 -0.0007 0.0003 0.0000 0.0004 -0.0006 0.0000 0.0000 0.0001 0.0000 0.0000 0.0000 0.0000 -0.0010 -0.0002 0.0000 0.0003 30.0001 -0.0001 0.0005 -29.9998 0.0000 0.0000 0.0000 -2.5953 2.6737 0.3279 -2.5953 2.6737 0.3279 -39.4908 83.6597 66.9128 -14.4122 58.7148 -11.7496 -33.9051 27.2847 -88.1760 3.0293 1.4445 4.3446 0.0000 -0.0001 0.0001 0.0000 0.0000 0.0000 0.0000 -0.0006 0.0003 0.0000 -0.0001 0.0001 0.0000 0.0000 0.0000 0.0000 0.0000 0.0000 0.0000 0.0007 0.0001 0.0000 -0.0012 0.0001 0.0000 -0.0008 0.0003 0.0000 0.0001 0.0000 0.0000 0.0000 0.0000 0.0000 -0.0008 0.0000 0.0000 0.0002 -29.9997 -0.0001 -0.0003 29.9996 0.0000 0.0000 0.0000 0.0730 -0.2766 -179.3526 0.0410 -6.5962 0.0804 -3.8275 71.3313 -0.0473 0.0000 25.3510 0.0000 0.2243 -1.1073 -178.5756 0.0177 -4.1925 -0.0834 5.4318 68.2667 -0.3436 0.0000 25.3508 -0.0001 
-0.6884 91.9903 -2.8560 0.1519 0.2975 -0.6878 1.3838 0.3119 0.3329 1.3840 0.3120 0.3330 1.3879 0.3128 0.3339 61.9119 85.5682 -38.3071 37.4327 59.5392 23.7851 20.5980 19.2445 90.5102 -2.4329 1.4962 -3.4526 0.0000 0.0000 0.0001 0.0000 0.0000 0.0000 0.0000 -0.0013 -0.0008 0.0000 -0.0004 0.0001 0.0000 0.0000 0.0000 0.0000 0.0000 0.0000 0.0000 0.0002 -0.0001 0.0000 -0.0006 0.0003 0.0000 0.0004 -0.0006 0.0000 0.0000 0.0001 0.0000 0.0000 0.0000 0.0000 -0.0010 -0.0002 0.0000 0.0002 30.0001 -0.0001 0.0005 -29.9998 0.0000 0.0000 0.0000 -2.5607 2.6285 0.3084 -2.5607 2.6285 0.3084 -39.7341 83.6696 66.5691 -15.1229 58.4696 -11.8065 -35.1751 27.2736 -89.7510 3.0511 1.4092 4.3106 0.0000 -0.0001 0.0001 0.0000 0.0000 0.0000 0.0000 -0.0006 0.0003 0.0000 -0.0001 0.0001 0.0000 0.0000 0.0000 0.0000 0.0000 0.0000 0.0000 0.0007 0.0001 0.0000 -0.0012 0.0001 0.0000 -0.0008 0.0003 0.0000 0.0001 0.0000 0.0000 0.0000 0.0000 0.0000 -0.0009 0.0000 0.0000 0.0002 -29.9996 -0.0001 -0.0003 29.9996 0.0000 0.0000 0.0000 0.1047 -0.2258 -179.3652 0.0408 -6.5311 0.0805 -3.7756 71.3255 -0.0177 0.0000 25.3510 0.0000 0.2354 -1.0882 -178.5898 0.0172 -4.1867 -0.0833 5.4704 68.2733 -0.2992 0.0000 25.3508 -0.0001 
-0.6837 91.9902 -2.8261 0.1381 0.3054 -0.6808 1.3843 0.3254 0.3323 1.3845 0.3255 0.3323 1.3884 0.3264 0.3333 61.1820 85.4845 -38.9630 38.7928 59.3019 24.3086 21.5831 18.9670 91.7236 -2.4104 1.4598 -3.3902 0.0000 0.0000 0.0001 0.0000 0.0000 0.0000 0.0000 -0.0013 -0.0008 0.0000 -0.0004 0.0001 0.0000 0.0000 0.0000 0.0000 0.0000 0.0000 0.0000 0.0002 -0.0001 0.0000 -0.0006 0.0003 0.0000 0.0004 -0.0006 0.0000 0.0000 0.0001 0.0000 0.0000 0.0000 0.0000 -0.0010 -0.0002 0.0000 0.0002 30.0001 -0.0001 0.0005 -29.9998 0.0000 0.0000 0.0000 -2.5254 2.5652 0.2956 -2.5254 2.5652 0.2956 -39.7321 83.6860 66.4995 -16.0155 58.2440 -11.8546 -36.4117 27.3151 -91.2052 3.0411 1.3573 4.2450 0.0000 -0.0001 0.0001 0.0000 0.0000 0.0000 0.0000 -0.0006 0.0003 0.0000 -0.0001 0.0001 0.0000 0.0000 0.0000 0.0000 0.0000 0.0000 0.0000 0.0007 0.0001 0.0000 -0.0011 0.0001 0.0000 -0.0008 0.0003 0.0000 0.0001 0.0000 0.0000 0.0000 0.0000 0.0000 -0.0008 0.0000 0.0000 0.0002 -29.9996 -0.0001 -0.0003 29.9996 0.0000 0.0000 0.0000 0.1493 -0.1831 -179.3741 0.0412 -6.4739 0.0805 -3.7241 71.3267 0.0063 0.0000 25.3510 0.0000 0.2530 -1.0794 -178.6009 0.0170 -4.1892 -0.0833 5.5120 68.2788 -0.2469 0.0000 25.3508 -0.0001 
-0.6796 91.9900 -2.7996 0.1174 0.3173 -0.6741 1.3854 0.3399 0.3299 1.3856 0.3401 0.3299 1.3895 0.3410 0.3309 60.5401 85.4143 -39.5475 40.3475 59.1011 24.9495 22.5339 18.8312 92.7229 -2.3574 1.4035 -3.3007 0.0000 0.0000 0.0001 0.0000 0.0000 0.0000 0.0000 -0.0013 -0.0008 0.0000 -0.0004 0.0001 0.0000 0.0000 0.0000 0.0000 0.0000 0.0000 0.0000 0.0002 0.0000 0.0000 -0.0006 0.0003 0.0000 0.0004 -0.0006 0.0000 0.0000 0.0001 0.0000 0.0000 0.0000 0.0000 -0.0010 -0.0002 0.0000 0.0002 30.0001 -0.0001 0.0005 -29.9998 0.0000 0.0000 0.0000 -2.4934 2.4887 0.2883 -2.4934 2.4887 0.2883 -39.6607 83.7201 66.5328 -17.0503 58.0529 -11.9090 -37.5969 27.3988 -92.5487 3.0044 1.2915 4.1574 0.0000 -0.0001 0.0001 0.0000 0.0000 0.0000 0.0000 -0.0006 0.0003 0.0000 -0.0001 0.0001 0.0000 0.0000 0.0000 0.0000 0.0000 0.0000 0.0000 0.0007 0.0001 0.0000 -0.0012 0.0001 0.0000 -0.0008 0.0003 0.0000 0.0001 0.0000 0.0000 0.0000 0.0000 0.0000 -0.0009 0.0000 0.0000 0.0002 -29.9997 -0.0001 -0.0003 29.9996 0.0000 0.0000 0.0000 0.2027 -0.1498 -179.3821 0.0418 -6.4239 0.0804 -3.6730 71.3331 0.0281 0.0000 25.3510 0.0000 0.2861 -1.0826 -178.6114 0.0167 -4.2005 -0.0833 5.5678 68.2828 -0.1857 0.0000 25.3508 -0.0001 
-0.6775 91.9896 -2.7769 0.0888 0.3322 -0.6672 1.3877 0.3546 0.3259 1.3879 0.3547 0.3260 1.3919 0.3557 0.3269 60.0068 85.3537 -40.0406 42.0262 58.9287 25.6721 23.4710 18.8069 93.5514 -2.2816 1.3326 -3.1928 0.0000 0.0000 0.0001 0.0000 0.0000 0.0000 0.0000 -0.0013 -0.0008 0.0000 -0.0004 0.0001 0.0000 0.0000 0.0000 0.0000 0.0000 0.0000 0.0000 0.0002 -0.0001 0.0000 -0.0006 0.0003 0.0000 0.0004 -0.0006 0.0000 0.0000 0.0001 0.0000 0.0000 0.0000 0.0000 -0.0010 -0.0002 0.0000 0.0002 30.0001 -0.0001 0.0005 -29.9998 0.0000 0.0000 0.0000 -2.4637 2.4006 0.2848 -2.4637 2.4006 0.2848 -39.5457 83.7669 66.6386 -18.2035 57.8977 -11.9724 -38.6712 27.4958 -93.7692 2.9469 1.2172 4.0562 0.0000 -0.0001 0.0001 0.0000 0.0000 0.0000 0.0000 -0.0006 0.0003 0.0000 -0.0001 0.0001 0.0000 0.0000 0.0000 0.0000 0.0000 0.0000 0.0000 0.0007 0.0001 0.0000 -0.0011 0.0001 0.0000 -0.0008 0.0003 0.0000 0.0002 0.0000 0.0000 0.0000 0.0000 0.0000 -0.0009 0.0000 0.0000 0.0002 -29.9996 -0.0001 -0.0003 29.9996 0.0000 0.0000 0.0000 0.2664 -0.1246 -179.3890 0.0429 -6.3811 0.0804 -3.6261 71.3429 0.0431 0.0000 25.3510 0.0000 0.3401 -1.0972 -178.6207 0.0165 -4.2212 -0.0833 5.6361 68.2867 -0.1222 0.0000 25.3508 -0.0001 
-0.6762 91.9889 -2.7593 0.0449 0.3510 -0.6607 1.3893 0.3685 0.3214 1.3896 0.3686 0.3215 1.3935 0.3697 0.3224 59.6649 85.3032 -40.3718 43.8136 58.8106 26.4823 24.3836 18.8748 94.1694 -2.1822 1.2488 -3.0672 0.0000 0.0000 0.0001 0.0000 0.0000 0.0000 0.0000 -0.0013 -0.0008 0.0000 -0.0004 0.0001 0.0000 0.0000 0.0000 0.0000 0.0000 0.0000 0.0000 0.0002 0.0000 0.0000 -0.0006 0.0003 0.0000 0.0004 -0.0006 0.0000 0.0000 0.0001 0.0000 0.0000 0.0000 0.0000 -0.0010 -0.0002 0.0000 0.0002 30.0001 -0.0002 0.0005 -29.9998 0.0000 0.0000 0.0000 -2.4341 2.2996 0.2840 -2.4341 2.2996 0.2840 -39.4174 83.8249 66.7868 -19.5061 57.8168 -12.0425 -39.5796 27.5779 -94.8316 2.8643 1.1346 3.9400 0.0000 -0.0001 0.0001 0.0000 0.0000 0.0000 0.0000 -0.0006 0.0003 0.0000 -0.0001 0.0001 0.0000 0.0000 0.0000 0.0000 0.0000 0.0000 0.0000 0.0007 0.0001 0.0000 -0.0012 0.0001 0.0000 -0.0008 0.0003 0.0000 0.0002 0.0000 0.0000 0.0000 0.0000 0.0000 -0.0008 0.0000 0.0000 0.0002 -29.9997 -0.0001 -0.0003 29.9996 0.0000 0.0000 0.0000 0.3475 -0.1107 -179.3949 0.0444 -6.3490 0.0803 -3.5847 71.3571 0.0502 0.0000 25.3510 0.0000 0.4299 -1.1279 -178.6290 0.0163 -4.2549 -0.0833 5.7239 68.2904 -0.0568 0.0000 25.3508 -0.0001 
-0.6758 91.9882 -2.7451 -0.0193 0.3725 -0.6547 1.3856 0.3819 0.3195 1.3858 0.3820 0.3195 1.3897 0.3831 0.3205 59.5010 85.2634 -40.5614 45.5613 58.7458 27.3113 25.2706 18.9550 94.5937 -2.0710 1.1629 -2.9356 0.0000 0.0000 0.0001 0.0000 0.0000 0.0000 0.0000 -0.0013 -0.0008 0.0000 -0.0004 0.0001 0.0000 0.0000 0.0000 0.0000 0.0000 0.0000 0.0000 0.0002 0.0000 0.0000 -0.0006 0.0003 0.0000 0.0004 -0.0006 0.0000 0.0000 0.0001 0.0000 0.0000 0.0000 0.0000 -0.0010 -0.0002 0.0000 0.0002 30.0001 -0.0001 0.0005 -29.9998 0.0000 0.0000 0.0000 -2.3934 2.1919 0.2792 -2.3934 2.1919 0.2792 -39.3277 83.8880 66.8977 -20.8663 57.8159 -12.1057 -40.3472 27.5725 -95.7694 2.7679 1.0522 3.8196 0.0000 -0.0001 0.0001 0.0000 0.0000 0.0000 0.0000 -0.0006 0.0003 0.0000 -0.0001 0.0001 0.0000 0.0000 0.0000 0.0000 0.0000 0.0000 0.0000 0.0007 0.0001 0.0000 -0.0012 0.0001 0.0000 -0.0008 0.0003 0.0000 0.0001 0.0000 0.0000 0.0000 0.0000 0.0000 -0.0008 0.0000 0.0000 0.0002 -29.9997 -0.0001 -0.0003 29.9996 0.0000 0.0000 0.0000 0.4490 -0.0996 -179.3994 0.0464 -6.3159 0.0802 -3.5497 71.3699 0.0504 0.0000 25.3510 0.0000 0.5472 -1.1718 -178.6360 0.0164 -4.3007 -0.0833 5.8147 68.2959 0.0065 0.0000 25.3508 -0.0001 
-0.6723 91.9874 -2.7291 -0.1035 0.3936 -0.6491 1.3794 0.3960 0.3194 1.3796 0.3961 0.3195 1.3835 0.3972 0.3204 59.4893 85.2261 -40.6120 47.3004 58.7249 28.1670 26.1169 19.0495 94.8433 -1.9512 1.0762 -2.7987 0.0000 0.0000 0.0001 0.0000 0.0000 0.0000 0.0000 -0.0013 -0.0008 0.0000 -0.0004 0.0001 0.0000 0.0000 0.0000 0.0000 0.0000 0.0000 0.0000 0.0002 0.0000 0.0000 -0.0006 0.0003 0.0000 0.0004 -0.0006 0.0000 0.0000 0.0001 0.0000 0.0000 0.0000 0.0000 -0.0010 -0.0002 0.0000 0.0002 30.0001 -0.0001 0.0005 -29.9998 0.0000 0.0000 0.0000 -2.3455 2.0810 0.2706 -2.3455 2.0810 0.2706 -39.2891 83.9602 66.9619 -22.2192 57.8861 -12.1341 -41.0267 27.5207 -96.5939 2.6608 0.9695 3.6968 0.0000 -0.0001 0.0001 0.0000 0.0000 0.0000 0.0000 -0.0006 0.0003 0.0000 -0.0001 0.0001 0.0000 0.0000 0.0000 0.0000 0.0000 0.0000 0.0000 0.0007 0.0001 0.0000 -0.0012 0.0001 0.0000 -0.0008 0.0003 0.0000 0.0001 0.0000 0.0000 0.0000 0.0000 0.0000 -0.0009 0.0000 0.0000 0.0002 -29.9996 -0.0001 -0.0003 29.9996 0.0000 0.0000 0.0000 0.5683 -0.0826 -179.4059 0.0483 -6.2769 0.0801 -3.5157 71.3811 0.0522 0.0000 25.3510 0.0000 0.6829 -1.2183 -178.6449 0.0163 -4.3508 -0.0833 5.9067 68.3020 0.0736 0.0000 25.3508 -0.0001 
-0.6651 91.9866 -2.7058 -0.2148 0.4163 -0.6507 1.3738 0.4149 0.3215 1.3740 0.4150 0.3216 1.3779 0.4162 0.3225 59.4603 85.1792 -40.6708 49.0039 58.7648 29.0263 26.9096 19.2742 94.8585 -1.8240 0.9863 -2.6567 0.0000 0.0000 0.0001 0.0000 0.0000 0.0000 0.0000 -0.0013 -0.0008 0.0000 -0.0004 0.0001 0.0000 0.0000 0.0000 0.0000 0.0000 0.0000 0.0000 0.0002 0.0000 0.0000 -0.0006 0.0003 0.0000 0.0004 -0.0006 0.0000 0.0000 0.0001 0.0000 0.0000 0.0000 0.0000 -0.0010 -0.0002 0.0000 0.0002 30.0001 -0.0001 0.0005 -29.9998 0.0000 0.0000 0.0000 -2.2933 1.9641 0.2597 -2.2933 1.9641 0.2597 -39.1737 84.0343 67.1202 -23.5053 58.0570 -12.0579 -41.6150 27.4886 -97.2278 2.5376 0.8824 3.5675 0.0000 -0.0001 0.0001 0.0000 0.0000 0.0000 0.0000 -0.0006 0.0003 0.0000 -0.0001 0.0001 0.0000 0.0000 0.0000 0.0000 0.0000 0.0000 0.0000 0.0007 0.0001 0.0000 -0.0012 0.0001 0.0000 -0.0008 0.0003 0.0000 0.0001 0.0000 0.0000 0.0000 0.0000 0.0000 -0.0009 0.0000 0.0000 0.0002 -29.9996 -0.0001 -0.0003 29.9996 0.0000 0.0000 0.0000 0.7072 -0.0484 -179.4082 0.0500 -6.2143 0.0801 -3.4874 71.3827 0.0558 0.0000 25.3510 0.0000 0.8282 -1.2766 -178.6498 0.0159 -4.4265 -0.0833 5.9857 68.3231 0.1444 0.0000 25.3508 -0.0001 
-0.6610 91.9858 -2.6723 -0.3486 0.4366 -0.6569 1.3577 0.4417 0.3246 1.3580 0.4418 0.3247 1.3618 0.4430 0.3256 59.3546 85.1209 -40.8134 50.6498 58.8478 29.8584 27.5971 19.6947 94.7258 -1.7001 0.8942 -2.5230 0.0000 0.0000 0.0001 0.0000 0.0000 0.0000 0.0000 -0.0013 -0.0008 0.0000 -0.0004 0.0001 0.0000 0.0000 0.0000 0.0000 0.0000 0.0000 0.0000 0.0002 0.0000 0.0000 -0.0006 0.0003 0.0000 0.0004 -0.0006 0.0000 0.0000 0.0001 0.0000 0.0000 0.0000 0.0000 -0.0010 -0.0002 0.0000 0.0003 30.0001 -0.0001 0.0005 -29.9998 0.0000 0.0000 0.0000 -2.2204 1.8425 0.2465 -2.2204 1.8425 0.2465 -38.8234 84.1037 67.5037 -24.6872 58.3071 -11.8562 -42.2058 27.6062 -97.7653 2.4058 0.7837 3.4398 0.0000 -0.0001 0.0001 0.0000 0.0000 0.0000 0.0000 -0.0006 0.0003 0.0000 -0.0001 0.0001 0.0000 0.0000 0.0000 0.0000 0.0000 0.0000 0.0000 0.0007 0.0001 0.0000 -0.0012 0.0001 0.0000 -0.0008 0.0003 0.0000 0.0001 0.0000 0.0000 0.0000 0.0000 0.0000 -0.0009 0.0000 0.0000 0.0002 -29.9996 -0.0001 -0.0002 29.9996 0.0000 0.0000 0.0000 0.8539 -0.0119 -179.4045 0.0522 -6.1683 0.0800 -3.4867 71.3973 0.0455 0.0000 25.3510 0.0000 0.9628 -1.3190 -178.6493 0.0151 -4.4858 -0.0833 6.0239 68.3423 0.2036 0.0000 25.3508 -0.0001 
-0.6645 91.9851 -2.6352 -0.5004 0.4554 -0.6665 1.3303 0.4754 0.3279 1.3305 0.4756 0.3280 1.3343 0.4769 0.3289 59.2089 85.0576 -41.0058 52.2267 58.9776 30.6502 28.1807 20.2968 94.5148 -1.5837 0.8011 -2.4024 0.0000 0.0000 0.0001 0.0000 0.0000 0.0000 0.0000 -0.0013 -0.0008 0.0000 -0.0004 0.0001 0.0000 0.0000 0.0000 0.0000 0.0000 0.0000 0.0000 0.0002 0.0000 0.0000 -0.0006 0.0003 0.0000 0.0004 -0.0006 0.0000 0.0000 0.0001 0.0000 0.0000 0.0000 0.0000 -0.0010 -0.0002 0.0000 0.0002 30.0001 -0.0001 0.0005 -29.9998 0.0000 0.0000 0.0000 -2.1268 1.7178 0.2316 -2.1268 1.7178 0.2316 -38.2771 84.1889 68.0762 -25.7510 58.6312 -11.5781 -42.7205 27.8676 -98.2543 2.2769 0.6760 3.3287 0.0000 -0.0001 0.0001 0.0000 0.0000 0.0000 0.0000 -0.0006 0.0003 0.0000 -0.0001 0.0001 0.0000 0.0000 0.0000 0.0000 0.0000 0.0000 0.0000 0.0007 0.0001 0.0000 -0.0012 0.0001 0.0000 -0.0008 0.0003 0.0000 0.0001 0.0000 0.0000 0.0000 0.0000 0.0000 -0.0009 0.0000 0.0000 0.0002 -29.9996 -0.0001 -0.0003 29.9996 0.0000 0.0000 0.0000 1.0019 0.0231 -179.3933 0.0551 -6.1357 0.0798 -3.5217 71.4186 0.0149 0.0000 25.3510 0.0000 1.0807 -1.3608 -178.6415 0.0145 -4.5493 -0.0833 6.0154 68.3667 0.2456 0.0000 25.3508 -0.0001 
-0.6748 91.9839 -2.5987 -0.6724 0.4747 -0.6761 1.2912 0.5155 0.3272 1.2914 0.5156 0.3272 1.2951 0.5171 0.3282 59.1944 84.9974 -41.0620 53.6054 59.1859 31.2974 28.5867 20.9747 94.2668 -1.4832 0.7159 -2.3027 0.0000 0.0000 0.0001 0.0000 0.0000 0.0000 0.0000 -0.0013 -0.0008 0.0000 -0.0004 0.0001 0.0000 0.0000 0.0000 0.0000 0.0000 0.0000 0.0000 0.0003 0.0000 0.0000 -0.0006 0.0003 0.0000 0.0004 -0.0006 0.0000 0.0000 0.0001 0.0000 0.0000 0.0000 0.0000 -0.0010 -0.0002 0.0000 0.0003 30.0001 -0.0001 0.0005 -29.9998 0.0000 0.0000 0.0000 -2.0134 1.5942 0.2203 -2.0134 1.5942 0.2203 -37.4796 84.2961 68.8889 -26.6067 59.0910 -11.1738 -43.0044 28.2864 -98.6623 2.1580 0.5589 3.2492 0.0000 -0.0001 0.0001 0.0000 0.0000 0.0000 0.0000 -0.0006 0.0003 0.0000 -0.0001 0.0001 0.0000 0.0000 0.0000 0.0000 0.0000 0.0000 0.0000 0.0007 0.0001 0.0000 -0.0012 0.0001 0.0000 -0.0008 0.0003 0.0000 0.0001 0.0000 0.0000 0.0000 0.0000 0.0000 -0.0009 0.0000 0.0000 0.0002 -29.9996 -0.0001 -0.0003 29.9996 0.0000 0.0000 0.0000 1.1417 0.0428 -179.3795 0.0586 -6.1349 0.0796 -3.6023 71.4520 -0.0339 0.0000 25.3510 0.0000 1.1649 -1.3906 -178.6305 0.0138 -4.5855 -0.0833 5.9378 68.3792 0.2646 0.0000 25.3508 -0.0001 
-0.6841 91.9832 -2.5691 -0.8568 0.4928 -0.6885 1.2457 0.5566 0.3229 1.2459 0.5567 0.3230 1.2494 0.5583 0.3239 59.3165 84.9451 -40.9767 54.7008 59.4490 31.7413 28.8653 21.5496 94.0798 -1.4037 0.6460 -2.2271 0.0000 0.0000 0.0001 0.0000 0.0000 0.0000 0.0000 -0.0013 -0.0008 0.0000 -0.0004 0.0001 0.0000 0.0000 0.0000 0.0000 0.0000 0.0000 0.0000 0.0002 0.0000 0.0000 -0.0006 0.0003 0.0000 0.0004 -0.0006 0.0000 0.0000 0.0001 0.0000 0.0000 0.0000 0.0000 -0.0010 -0.0002 0.0000 0.0002 30.0001 -0.0001 0.0005 -29.9998 0.0000 0.0000 0.0000 -1.8909 1.4765 0.2169 -1.8909 1.4765 0.2169 -36.6315 84.4330 69.7899 -27.1975 59.6545 -10.6356 -43.1035 28.6354 -98.9965 2.0512 0.4479 3.1945 0.0000 -0.0001 0.0001 0.0000 0.0000 0.0000 0.0000 -0.0006 0.0003 0.0000 -0.0001 0.0001 0.0000 0.0000 0.0000 0.0000 0.0000 0.0000 0.0000 0.0007 0.0001 0.0000 -0.0011 0.0001 0.0000 -0.0008 0.0003 0.0000 0.0001 0.0000 0.0000 0.0000 0.0000 0.0000 -0.0009 0.0000 0.0000 0.0002 -29.9997 -0.0001 -0.0003 29.9996 0.0000 0.0000 0.0000 1.2694 0.0733 -179.3651 0.0616 -6.1078 0.0795 -3.7005 71.4651 -0.0752 0.0000 25.3510 0.0000 1.2160 -1.4464 -178.6174 0.0135 -4.6664 -0.0833 5.8210 68.4126 0.2843 0.0000 25.0220 -0.0001 
-0.6828 91.9820 -2.5442 -1.0563 0.5044 -0.7000 1.1891 0.5971 0.3173 1.1892 0.5972 0.3174 1.1926 0.5989 0.3183 59.5458 84.9031 -40.8036 55.5089 59.7609 31.9990 29.0423 21.9820 93.9650 -1.3438 0.5908 -2.1756 0.0000 0.0000 0.0001 0.0000 0.0000 0.0000 0.0000 -0.0013 -0.0008 0.0000 -0.0004 0.0001 0.0000 0.0000 0.0000 0.0000 0.0000 0.0000 0.0000 0.0002 0.0000 0.0000 -0.0006 0.0003 0.0000 0.0004 -0.0006 0.0000 0.0000 0.0001 0.0000 0.0000 0.0000 0.0000 -0.0010 -0.0002 0.0000 0.0002 30.0001 -0.0001 0.0005 -29.9998 0.0000 0.0000 0.0000 -1.7510 1.3675 0.2177 -1.7510 1.3675 0.2177 -35.8653 84.5925 70.6221 -27.4188 60.2892 -9.8959 -43.1609 28.8940 -99.3040 1.9586 0.3461 3.1607 0.0000 -0.0001 0.0001 0.0000 0.0000 0.0000 0.0000 -0.0006 0.0003 0.0000 -0.0001 0.0001 0.0000 0.0000 0.0000 0.0000 0.0000 0.0000 0.0000 0.0007 0.0001 0.0000 -0.0012 0.0001 0.0000 -0.0008 0.0003 0.0000 0.0001 0.0000 0.0000 0.0000 0.0000 0.0000 -0.0008 0.0000 0.0000 0.0002 -29.9996 -0.0001 -0.0003 29.9996 0.0000 0.0000 0.0000 1.3895 0.1077 -179.3604 0.0634 -6.0817 0.0794 -3.7973 71.4746 -0.0920 0.0000 25.3510 0.0000 1.2420 -1.5068 -178.6128 0.0131 -4.7618 -0.0833 5.6834 68.4531 0.3206 0.0000 25.0220 -0.0001 
-0.6570 91.9789 -2.5247 -1.2790 0.5026 -0.7124 1.1205 0.6343 0.3123 1.1206 0.6344 0.3124 1.1239 0.6362 0.3133 59.7865 84.8630 -40.6367 55.9237 60.1226 32.0212 29.1043 22.1010 93.9876 -1.3111 0.5579 -2.1587 0.0000 0.0000 0.0001 0.0000 0.0000 0.0000 0.0000 -0.0013 -0.0008 0.0000 -0.0004 0.0001 0.0000 0.0000 0.0000 0.0000 0.0000 0.0000 0.0000 0.0003 0.0000 0.0000 -0.0006 0.0003 0.0000 0.0004 -0.0006 0.0000 0.0000 0.0001 0.0000 0.0000 0.0000 0.0000 -0.0010 -0.0002 0.0000 0.0002 30.0001 -0.0001 0.0005 -29.9998 0.0000 0.0000 0.0000 -1.5912 1.2742 0.2234 -1.5912 1.2742 0.2234 -35.4256 84.8072 71.1380 -26.9462 60.9696 -8.8495 -43.0636 28.9342 -99.6514 1.9072 0.2650 3.1846 0.0000 -0.0001 0.0001 0.0000 0.0000 0.0000 0.0000 -0.0006 0.0003 0.0000 -0.0001 0.0001 0.0000 0.0000 0.0000 0.0000 0.0000 0.0000 0.0000 0.0007 0.0001 0.0000 -0.0012 0.0001 0.0000 -0.0008 0.0003 0.0000 0.0001 0.0000 0.0000 0.0000 0.0000 0.0000 -0.0009 0.0000 0.0000 0.0002 -29.9996 -0.0001 -0.0003 29.9996 0.0000 0.0000 0.0000 1.4964 0.1301 -179.3736 0.0635 -6.1029 0.0794 -3.8865 71.5020 -0.0636 0.0000 25.3510 0.0000 1.2383 -1.5841 -178.6242 0.0126 -4.9087 -0.0833 5.5440 68.5182 0.4055 0.0000 25.0220 -0.0001 
-0.6077 91.9722 -2.5104 -1.5141 0.4901 -0.7310 1.0450 0.6687 0.3086 1.0452 0.6688 0.3087 1.0482 0.6708 0.3096 59.8152 84.8065 -40.6669 56.0741 60.4808 31.9017 29.1004 21.9361 94.0660 -1.2969 0.5450 -2.1615 0.0000 0.0000 0.0001 0.0000 0.0000 0.0000 0.0000 -0.0013 -0.0008 0.0000 -0.0004 0.0001 0.0000 0.0000 0.0000 0.0000 0.0000 0.0000 0.0000 0.0002 0.0000 0.0000 -0.0006 0.0003 0.0000 0.0004 -0.0006 0.0000 0.0000 0.0001 0.0000 0.0000 0.0000 0.0000 -0.0010 -0.0002 0.0000 0.0002 30.0001 -0.0001 0.0005 -29.9998 0.0000 0.0000 0.0000 -1.4205 1.1922 0.2336 -1.4205 1.1922 0.2336 -35.1161 85.0307 71.5414 -26.0615 61.6112 -7.6585 -42.9628 28.9071 -99.9450 1.8757 0.1984 3.2297 0.0000 -0.0001 0.0001 0.0000 0.0000 0.0000 0.0000 -0.0007 0.0003 0.0000 -0.0001 0.0001 0.0000 0.0000 0.0000 0.0000 0.0000 0.0000 0.0000 0.0007 0.0001 0.0000 -0.0012 0.0001 0.0000 -0.0008 0.0003 0.0000 0.0001 0.0000 0.0000 0.0000 0.0000 0.0000 -0.0009 0.0000 0.0000 0.0002 -29.9997 -0.0001 -0.0003 29.9996 0.0000 0.0000 0.0000 1.5824 0.1088 -179.3982 0.0627 -6.2269 0.0794 -3.9752 71.5729 -0.0004 0.0000 25.3510 0.0000 1.2109 -1.6694 -178.6450 0.0120 -5.0845 -0.0832 5.4188 68.5946 0.5386 0.0000 25.0220 -0.0001 
-0.5414 91.9624 -2.5034 -1.7551 0.4685 -0.7590 0.9588 0.7009 0.3067 0.9589 0.7010 0.3067 0.9617 0.7031 0.3076 59.6162 84.7273 -40.9084 56.0772 60.8088 31.7080 29.0445 21.6263 94.1637 -1.2950 0.5452 -2.1756 0.0000 0.0000 0.0001 0.0000 0.0000 0.0000 0.0000 -0.0013 -0.0008 0.0000 -0.0004 0.0001 0.0000 0.0000 0.0000 0.0000 0.0000 0.0000 0.0000 0.0002 0.0000 0.0000 -0.0006 0.0003 0.0000 0.0004 -0.0006 0.0000 0.0000 0.0001 0.0000 0.0000 0.0000 0.0000 -0.0010 -0.0002 0.0000 0.0002 30.0001 -0.0001 0.0005 -29.9998 0.0000 0.0000 0.0000 -1.2338 1.1208 0.2464 -1.2338 1.1208 0.2464 -34.7928 85.2604 71.9755 -24.9223 62.1690 -6.4250 -42.9178 28.7293 -100.1876 1.8564 0.1496 3.2830 0.0000 -0.0001 0.0001 0.0000 0.0000 0.0000 0.0000 -0.0006 0.0003 0.0000 -0.0001 0.0001 0.0000 0.0000 0.0000 0.0000 0.0000 0.0000 0.0000 0.0007 0.0001 0.0000 -0.0012 0.0001 0.0000 -0.0008 0.0003 0.0000 0.0001 0.0000 0.0000 0.0000 0.0000 0.0000 -0.0009 0.0000 0.0000 0.0002 -29.9997 -0.0001 -0.0002 29.9996 0.0000 0.0000 0.0000 1.6447 0.0367 -179.4263 0.0611 -6.4605 0.0793 -4.0730 71.6874 0.0827 0.0000 25.3510 0.0000 1.1593 -1.7602 -178.6677 0.0115 -5.2783 -0.0833 5.3034 68.6744 0.7074 0.0000 25.0220 -0.0001 
-0.4543 91.9517 -2.5091 -1.9965 0.4354 -0.8013 0.8550 0.7325 0.3061 0.8551 0.7326 0.3061 0.8576 0.7348 0.3071 59.0579 84.6077 -41.4694 56.0232 61.0579 31.5072 28.9301 21.3614 94.2588 -1.3045 0.5531 -2.1977 0.0000 0.0000 0.0001 0.0000 0.0000 0.0000 0.0000 -0.0013 -0.0008 0.0000 -0.0004 0.0001 0.0000 0.0000 0.0000 0.0000 0.0000 0.0000 0.0000 0.0002 0.0000 0.0000 -0.0006 0.0003 0.0000 0.0004 -0.0006 0.0000 0.0000 0.0001 0.0000 0.0000 0.0000 0.0000 -0.0010 -0.0002 0.0000 0.0002 30.0001 -0.0001 0.0005 -29.9998 0.0000 0.0000 0.0000 -1.0223 1.0646 0.2607 -1.0223 1.0646 0.2607 -34.1966 85.4822 72.6792 -23.7257 62.5652 -5.3603 -42.9773 28.5884 -100.3615 1.8482 0.1129 3.3369 0.0000 -0.0001 0.0001 0.0000 0.0000 0.0000 0.0000 -0.0006 0.0003 0.0000 -0.0001 0.0001 0.0000 0.0000 0.0000 0.0000 0.0000 0.0000 0.0000 0.0007 0.0001 0.0000 -0.0012 0.0001 0.0000 -0.0008 0.0003 0.0000 0.0001 0.0000 0.0000 0.0000 0.0000 0.0000 -0.0009 0.0000 0.0000 0.0002 -29.9996 -0.0001 -0.0003 29.9996 0.0000 0.0000 0.0000 1.6690 -0.1298 -179.4557 0.0582 -6.8847 0.0793 -4.1917 71.8777 0.1802 0.0000 25.3510 0.0000 1.0743 -1.8586 -178.6886 0.0113 -5.4901 -0.0833 5.2002 68.7542 0.9108 0.0000 25.3508 -0.0001 
-0.3559 91.9380 -2.5222 -2.2264 0.3997 -0.8478 0.7341 0.7642 0.3032 0.7342 0.7643 0.3032 0.7363 0.7665 0.3041 58.3362 84.4654 -42.1574 55.9718 61.2223 31.3154 28.8215 21.2057 94.3287 -1.3171 0.5629 -2.2164 0.0000 0.0000 0.0001 0.0000 0.0000 0.0000 0.0000 -0.0013 -0.0008 0.0000 -0.0004 0.0001 0.0000 0.0000 0.0000 0.0000 0.0000 0.0000 0.0000 0.0002 0.0000 0.0000 -0.0006 0.0003 0.0000 0.0004 -0.0006 0.0000 0.0000 0.0001 0.0000 0.0000 0.0000 0.0000 -0.0010 -0.0002 0.0000 0.0002 30.0001 -0.0001 0.0005 -29.9998 0.0000 0.0000 0.0000 -0.7869 1.0204 0.2754 -0.7869 1.0204 0.2754 -33.0776 85.6761 73.8753 -22.8183 62.8093 -4.6514 -43.0434 28.5840 -100.4889 1.8440 0.0794 3.3823 0.0000 -0.0001 0.0001 0.0000 0.0000 0.0000 0.0000 -0.0006 0.0003 0.0000 -0.0001 0.0001 0.0000 0.0000 0.0000 0.0000 0.0000 0.0000 0.0000 0.0007 0.0001 0.0000 -0.0012 0.0001 0.0000 -0.0008 0.0003 0.0000 0.0001 0.0000 0.0000 0.0000 0.0000 0.0000 -0.0008 0.0000 0.0000 0.0002 -29.9996 -0.0001 -0.0003 29.9996 0.0000 0.0000 0.0000 1.6567 -0.3822 -179.4891 0.0535 -7.4713 0.0793 -4.3345 72.1344 0.2733 0.0000 25.0222 0.0000 0.9632 -1.9627 -178.7106 0.0113 -5.7082 -0.0833 5.0965 68.8353 1.1137 0.0000 25.3508 -0.0001 
-0.2481 91.9209 -2.5358 -2.4380 0.3637 -0.8884 0.6021 0.7964 0.2950 0.6021 0.7965 0.2950 0.6039 0.7988 0.2959 57.5826 84.3147 -42.8334 55.9203 61.3075 31.1174 28.7269 21.1428 94.3616 -1.3304 0.5742 -2.2271 0.0000 0.0000 0.0001 0.0000 0.0000 0.0000 0.0000 -0.0013 -0.0008 0.0000 -0.0004 0.0001 0.0000 0.0000 0.0000 0.0000 0.0000 0.0000 0.0000 0.0002 0.0000 0.0000 -0.0006 0.0003 0.0000 0.0004 -0.0006 0.0000 0.0000 0.0001 0.0000 0.0000 0.0000 0.0000 -0.0010 -0.0002 0.0000 0.0002 30.0001 -0.0001 0.0005 -29.9998 0.0000 0.0000 0.0000 -0.5410 0.9885 0.2884 -0.5410 0.9885 0.2884 -31.4195 85.8275 75.5916 -22.2913 62.9252 -4.3100 -43.0962 28.6555 -100.5735 1.8394 0.0504 3.4140 0.0000 -0.0001 0.0001 0.0000 0.0000 0.0000 0.0000 -0.0006 0.0003 0.0000 -0.0001 0.0001 0.0000 0.0000 0.0000 0.0000 0.0000 0.0000 0.0000 0.0007 0.0001 0.0000 -0.0012 0.0001 0.0000 -0.0008 0.0003 0.0000 0.0001 0.0000 0.0000 0.0000 0.0000 0.0000 -0.0009 0.0000 0.0000 0.0002 -29.9996 -0.0001 -0.0003 29.9996 0.0000 0.0000 0.0000 1.6132 -0.6857 -179.5344 0.0463 -8.1549 0.0795 -4.4869 72.4306 0.3640 0.0000 25.0221 0.0000 0.8273 -2.0811 -178.7412 0.0118 -5.9562 -0.0833 4.9947 68.9349 1.3108 0.0000 25.3508 -0.0001 
-0.1228 91.9001 -2.5476 -2.6232 0.3244 -0.9058 0.4599 0.8330 0.2726 0.4600 0.8331 0.2727 0.4613 0.8355 0.2735 56.9026 84.1683 -43.3840 55.8940 61.2758 30.9085 28.6740 21.1970 94.3552 -1.3412 0.5863 -2.2219 0.0000 0.0000 0.0001 0.0000 0.0000 0.0000 0.0000 -0.0013 -0.0008 0.0000 -0.0004 0.0001 0.0000 0.0000 0.0000 0.0000 0.0000 0.0000 0.0000 0.0002 0.0000 0.0000 -0.0006 0.0003 0.0000 0.0004 -0.0006 0.0000 0.0000 0.0001 0.0000 0.0000 0.0000 0.0000 -0.0010 -0.0002 0.0000 0.0003 30.0001 -0.0001 0.0005 -29.9998 0.0000 0.0000 0.0000 -0.2880 0.9724 0.3021 -0.2880 0.9724 0.3021 -29.0439 85.9107 77.9875 -22.2298 62.8707 -4.3706 -43.1635 28.7289 -100.6231 1.8336 0.0328 3.4246 0.0000 -0.0001 0.0001 0.0000 0.0000 0.0000 0.0000 -0.0006 0.0003 0.0000 -0.0001 0.0001 0.0000 0.0000 0.0000 0.0000 0.0000 0.0000 0.0000 0.0007 0.0001 0.0000 -0.0011 0.0001 0.0000 -0.0008 0.0003 0.0000 0.0001 0.0000 0.0000 0.0000 0.0000 0.0000 -0.0009 0.0000 0.0000 0.0002 -29.9996 -0.0001 -0.0003 29.9996 0.0000 0.0000 0.0000 1.5446 -0.9713 -179.6127 0.0342 -8.8061 0.0801 -4.6043 72.7040 0.4817 0.0000 25.0221 0.0000 0.6595 -2.2311 -178.8035 0.0123 -6.2809 -0.0834 4.9054 69.0795 1.5094 0.0000 25.3508 -0.0001 
0.0194 91.8827 -2.5545 -2.7970 0.2798 -0.8977 0.3185 0.8766 0.2353 0.3185 0.8767 0.2353 0.3194 0.8793 0.2360 56.2859 84.0371 -43.8420 55.8788 61.1576 30.6837 28.6736 21.3305 94.3474 -1.3498 0.5977 -2.2058 0.0000 0.0000 0.0001 0.0000 0.0000 0.0000 0.0000 -0.0013 -0.0008 0.0000 -0.0004 0.0001 0.0000 0.0000 0.0000 0.0000 0.0000 0.0000 0.0000 0.0002 -0.0001 0.0000 -0.0006 0.0003 0.0000 0.0004 -0.0006 0.0000 0.0000 0.0001 0.0000 0.0000 0.0000 0.0000 -0.0010 -0.0002 0.0000 0.0002 30.0001 -0.0001 0.0005 -29.9998 0.0000 0.0000 0.0000 -0.0368 0.9606 0.3234 -0.0368 0.9606 0.3234 -26.3894 85.9456 80.6197 -22.3502 62.7027 -4.5734 -43.2791 28.7887 -100.6751 1.8300 0.0248 3.4235 0.0000 -0.0001 0.0001 0.0000 0.0000 0.0000 0.0000 -0.0006 0.0003 0.0000 -0.0001 0.0001 0.0000 0.0000 0.0000 0.0000 0.0000 0.0000 0.0000 0.0007 0.0001 0.0000 -0.0012 0.0001 0.0000 -0.0008 0.0003 0.0000 0.0001 0.0000 0.0000 0.0000 0.0000 0.0000 -0.0009 0.0000 0.0000 0.0002 -29.9997 -0.0001 -0.0003 29.9996 0.0000 0.0000 0.0000 1.4843 -1.1545 -179.7255 0.0171 -9.2672 0.0814 -4.6502 72.8858 0.6448 0.0000 25.0583 0.0000 0.4773 -2.3993 -178.9062 0.0113 -6.6614 -0.0834 4.8357 69.2579 1.7267 0.0000 25.3508 -0.0001 
0.1714 91.8701 -2.5523 -2.9642 0.2309 -0.8678 0.1810 0.9303 0.1845 0.1810 0.9304 0.1845 0.1815 0.9331 0.1850 55.6083 83.9185 -44.3447 55.8770 60.9736 30.4493 28.7288 21.5003 94.3479 -1.3561 0.6084 -2.1823 0.0000 0.0000 0.0001 0.0000 0.0000 0.0000 0.0000 -0.0013 -0.0008 0.0000 -0.0004 0.0001 0.0000 0.0000 0.0000 0.0000 0.0000 0.0000 0.0000 0.0002 0.0000 0.0000 -0.0006 0.0003 0.0000 0.0004 -0.0006 0.0000 0.0000 0.0001 0.0000 0.0000 0.0000 0.0000 -0.0010 -0.0002 0.0000 0.0002 30.0001 -0.0001 0.0005 -29.9998 0.0000 0.0000 0.0000 0.2101 0.9410 0.3561 0.2101 0.9410 0.3561 -23.6106 85.9337 83.3308 -22.5484 62.4443 -4.8398 -43.4793 28.8753 -100.7351 1.8292 0.0226 3.4141 0.0000 -0.0001 0.0001 0.0000 0.0000 0.0000 0.0000 -0.0006 0.0003 0.0000 -0.0001 0.0001 0.0000 0.0000 0.0000 0.0000 0.0000 0.0000 0.0000 0.0007 0.0001 0.0000 -0.0012 0.0001 0.0000 -0.0008 0.0003 0.0000 0.0001 0.0000 0.0000 0.0000 0.0000 0.0000 -0.0009 0.0000 0.0000 0.0002 -29.9996 -0.0001 -0.0003 29.9996 0.0000 0.0000 0.0000 1.4446 -1.2212 -179.8636 -0.0032 -9.5146 0.0830 -4.6257 72.9704 0.8447 0.0000 25.1424 0.0000 0.2857 -2.5605 -179.0413 0.0087 -7.0489 -0.0833 4.7720 69.4488 1.9477 0.0000 25.3508 -0.0001 
0.3232 91.8670 -2.5189 -3.1206 0.1806 -0.8119 0.0612 0.9957 0.1170 0.0613 0.9958 0.1170 0.0614 0.9987 0.1174 54.8869 83.8151 -44.9032 55.9762 60.6875 30.2890 28.8295 21.6903 94.3702 -1.3590 0.6179 -2.1506 0.0000 0.0000 0.0001 0.0000 0.0000 0.0000 0.0000 -0.0013 -0.0008 0.0000 -0.0004 0.0001 0.0000 0.0000 0.0000 0.0000 0.0000 0.0000 0.0000 0.0002 0.0000 0.0000 -0.0006 0.0003 0.0000 0.0004 -0.0006 0.0000 0.0000 0.0001 0.0000 0.0000 0.0000 0.0000 -0.0010 -0.0002 0.0000 0.0002 30.0001 -0.0001 0.0005 -29.9998 0.0000 0.0000 0.0000 0.4324 0.9038 0.4093 0.4324 0.9038 0.4093 -20.9769 85.8689 85.8470 -22.7990 62.0886 -5.1479 -43.7679 28.9848 -100.8343 1.8355 0.0275 3.4010 0.0000 -0.0001 0.0001 0.0000 0.0000 0.0000 0.0000 -0.0006 0.0003 0.0000 -0.0001 0.0001 0.0000 0.0000 0.0000 0.0000 0.0000 0.0000 0.0000 0.0007 0.0001 0.0000 -0.0012 0.0001 0.0000 -0.0008 0.0003 0.0000 0.0001 0.0000 0.0000 0.0000 0.0000 0.0000 -0.0009 0.0000 0.0000 0.0002 -29.9996 -0.0001 -0.0003 29.9996 0.0000 0.0000 0.0000 1.4461 -1.1361 179.9779 -0.0239 -9.5024 0.0847 -4.5231 72.9544 1.0619 0.0000 25.2056 0.0000 0.0723 -2.6644 -179.2082 0.0045 -7.3675 -0.0830 4.6874 69.6277 2.1532 0.0000 25.3508 -0.0001 
0.4616 91.8654 -2.4502 -3.2698 0.1335 -0.7507 -0.0354 1.0641 0.0422 -0.0354 1.0642 0.0422 -0.0355 1.0673 0.0424 54.2319 83.7315 -45.4207 56.1619 60.3532 30.1942 28.9393 21.8687 94.4181 -1.3588 0.6256 -2.1152 0.0000 0.0000 0.0001 0.0000 0.0000 0.0000 0.0000 -0.0013 -0.0008 0.0000 -0.0004 0.0001 0.0000 0.0000 0.0000 0.0000 0.0000 0.0000 0.0000 0.0003 0.0000 0.0000 -0.0006 0.0003 0.0000 0.0004 -0.0006 0.0000 0.0000 0.0001 0.0000 0.0000 0.0000 0.0000 -0.0010 -0.0002 0.0000 0.0002 30.0001 -0.0001 0.0005 -29.9998 0.0000 0.0000 0.0000 0.6257 0.8554 0.4810 0.6257 0.8554 0.4810 -18.6291 85.7371 88.0337 -23.1558 61.7000 -5.4900 -44.0830 29.1070 -100.9476 1.8431 0.0356 3.3826 0.0000 -0.0001 0.0001 0.0000 0.0000 0.0000 0.0000 -0.0006 0.0003 0.0000 -0.0001 0.0001 0.0000 0.0000 0.0000 0.0000 0.0000 0.0000 0.0000 0.0007 0.0001 0.0000 -0.0012 0.0001 0.0000 -0.0008 0.0003 0.0000 0.0001 0.0000 0.0000 0.0000 0.0000 0.0000 -0.0009 0.0000 0.0000 0.0002 -29.9997 -0.0001 -0.0003 29.9996 0.0000 0.0000 0.0000 1.4733 -0.9708 179.8262 -0.0419 -9.3717 0.0862 -4.4063 72.9107 1.2532 0.0000 25.2650 0.0000 -0.1610 -2.6979 -179.3728 -0.0001 -7.5857 -0.0827 4.5840 69.7743 2.3536 0.0000 25.3508 -0.0001 
0.5839 91.8657 -2.3544 -3.4020 0.0944 -0.6900 -0.1137 1.1307 -0.0362 -0.1137 1.1309 -0.0362 -0.1141 1.1341 -0.0363 53.7408 83.6735 -45.8133 56.3976 60.0106 30.1400 29.0566 22.0172 94.4885 -1.3552 0.6311 -2.0780 0.0000 0.0000 0.0001 0.0000 0.0000 0.0000 0.0000 -0.0013 -0.0008 0.0000 -0.0004 0.0001 0.0000 0.0000 0.0000 0.0000 0.0000 0.0000 0.0000 0.0002 0.0000 0.0000 -0.0006 0.0003 0.0000 0.0004 -0.0006 0.0000 0.0000 0.0001 0.0000 0.0000 0.0000 0.0000 -0.0010 -0.0002 0.0000 0.0002 30.0001 -0.0001 0.0005 -29.9998 0.0000 0.0000 0.0000 0.7954 0.8005 0.5682 0.7954 0.8005 0.5682 -16.4545 85.5475 90.0095 -23.6510 61.2846 -5.8764 -44.4036 29.2487 -101.0512 1.8476 0.0453 3.3547 0.0000 -0.0001 0.0001 0.0000 0.0000 0.0000 0.0000 -0.0006 0.0003 0.0000 -0.0001 0.0001 0.0000 0.0000 0.0000 0.0000 0.0000 0.0000 0.0000 0.0007 0.0001 0.0000 -0.0012 0.0001 0.0000 -0.0008 0.0003 0.0000 0.0001 0.0000 0.0000 0.0000 0.0000 0.0000 -0.0009 0.0000 0.0000 0.0002 -29.9997 -0.0001 -0.0003 29.9996 0.0000 0.0000 0.0000 1.5053 -0.7735 179.6874 -0.0570 -9.1967 0.0873 -4.3024 72.8691 1.4041 0.0000 25.2971 0.0000 -0.4119 -2.6861 -179.5301 -0.0056 -7.7353 -0.0823 4.4858 69.9003 2.5609 0.0000 25.3508 -0.0001 
0.6661 91.8652 -2.2478 -3.4912 0.0737 -0.6348 -0.1574 1.1886 -0.1137 -0.1574 1.1888 -0.1137 -0.1578 1.1923 -0.1140 53.5777 83.6649 -45.9204 56.6212 59.7031 30.1116 29.1844 22.1284 94.5718 -1.3477 0.6329 -2.0417 0.0000 0.0000 0.0001 0.0000 0.0000 0.0000 0.0000 -0.0013 -0.0008 0.0000 -0.0004 0.0001 0.0000 0.0000 0.0000 0.0000 0.0000 0.0000 0.0000 0.0003 0.0000 0.0000 -0.0006 0.0003 0.0000 0.0004 -0.0006 0.0000 0.0000 0.0001 0.0000 0.0000 0.0000 0.0000 -0.0010 -0.0002 0.0000 0.0002 30.0001 -0.0001 0.0005 -29.9998 0.0000 0.0000 0.0000 0.9146 0.7451 0.6703 0.9146 0.7451 0.6703 -14.3946 85.2689 91.8457 -24.4132 60.8297 -6.3444 -44.7066 29.4178 -101.1348 1.8437 0.0557 3.3095 0.0000 -0.0001 0.0001 0.0000 0.0000 0.0000 0.0000 -0.0006 0.0003 0.0000 -0.0001 0.0001 0.0000 0.0000 0.0000 0.0000 0.0000 0.0000 0.0000 0.0007 0.0001 0.0000 -0.0012 0.0001 0.0000 -0.0008 0.0003 0.0000 0.0001 0.0000 0.0000 0.0000 0.0000 0.0000 -0.0009 0.0000 0.0000 0.0002 -29.9996 -0.0001 -0.0003 29.9996 0.0000 0.0000 0.0000 1.5245 -0.5690 179.5831 -0.0669 -8.9826 0.0880 -4.2441 72.8187 1.4724 0.0000 25.3344 0.0000 -0.6752 -2.6360 -179.6590 -0.0107 -7.7943 -0.0820 4.4085 69.9835 2.7579 0.0000 25.3508 -0.0001 
0.7030 91.8705 -2.1606 -3.5347 0.0702 -0.5873 -0.1727 1.2368 -0.1845 -0.1727 1.2370 -0.1846 -0.1732 1.2406 -0.1851 53.7881 83.6997 -45.7312 56.8700 59.4575 30.1440 29.3127 22.1987 94.6647 -1.3351 0.6293 -2.0083 0.0000 0.0000 0.0001 0.0000 0.0000 0.0000 0.0000 -0.0013 -0.0008 0.0000 -0.0004 0.0001 0.0000 0.0000 0.0000 0.0000 0.0000 0.0000 0.0000 0.0003 0.0000 0.0000 -0.0006 0.0003 0.0000 0.0004 -0.0006 0.0000 0.0000 0.0001 0.0000 0.0000 0.0000 0.0000 -0.0010 -0.0002 0.0000 0.0002 30.0001 -0.0001 0.0005 -29.9998 0.0000 0.0000 0.0000 0.9924 0.6960 0.7721 0.9924 0.6960 0.7721 -12.6773 84.8736 93.3224 -25.4439 60.3560 -6.8609 -44.9819 29.5927 -101.2200 1.8330 0.0662 3.2520 0.0000 -0.0001 0.0001 0.0000 0.0000 0.0000 0.0000 -0.0006 0.0003 0.0000 -0.0001 0.0001 0.0000 0.0000 0.0000 0.0000 0.0000 0.0000 0.0000 0.0007 0.0001 0.0000 -0.0012 0.0001 0.0000 -0.0008 0.0003 0.0000 0.0001 0.0000 0.0000 0.0000 0.0000 0.0000 -0.0009 0.0000 0.0000 0.0002 -29.9996 -0.0001 -0.0003 29.9996 0.0000 0.0000 0.0000 1.5214 -0.3745 179.5181 -0.0712 -8.7228 0.0882 -4.2411 72.7311 1.4611 0.0000 25.3605 0.0000 -0.9341 -2.5806 -179.7506 -0.0144 -7.7910 -0.0817 4.3461 70.0206 2.9202 0.0000 25.3508 -0.0001 
0.7014 91.8801 -2.0934 -3.5365 0.0805 -0.5455 -0.1590 1.2767 -0.2490 -0.1590 1.2769 -0.2490 -0.1595 1.2806 -0.2497 54.2852 83.7770 -45.2935 57.0953 59.3073 30.1883 29.4443 22.2485 94.7555 -1.3178 0.6195 -1.9789 0.0000 0.0000 0.0001 0.0000 0.0000 0.0000 0.0000 -0.0013 -0.0008 0.0000 -0.0004 0.0001 0.0000 0.0000 0.0000 0.0000 0.0000 0.0000 0.0000 0.0002 -0.0001 0.0000 -0.0006 0.0003 0.0000 0.0004 -0.0006 0.0000 0.0000 0.0001 0.0000 0.0000 0.0000 0.0000 -0.0010 -0.0002 0.0000 0.0002 30.0001 -0.0001 0.0005 -29.9998 0.0000 0.0000 0.0000 1.0289 0.6544 0.8693 1.0289 0.6544 0.8693 -11.2831 84.3763 94.4713 -26.6745 59.8677 -7.3790 -45.2456 29.7711 -101.3051 1.8155 0.0763 3.1834 0.0000 -0.0001 0.0001 0.0000 0.0000 0.0000 0.0000 -0.0006 0.0003 0.0000 -0.0001 0.0001 0.0000 0.0000 0.0000 0.0000 0.0000 0.0000 0.0000 0.0007 0.0001 0.0000 -0.0012 0.0001 0.0000 -0.0008 0.0003 0.0000 0.0001 0.0000 0.0000 0.0000 0.0000 0.0000 -0.0009 0.0000 0.0000 0.0002 -29.9996 -0.0001 -0.0003 29.9996 0.0000 0.0000 0.0000 1.4919 -0.1760 179.4851 -0.0704 -8.3953 0.0879 -4.2882 72.5941 1.3860 0.0000 25.3941 0.0000 -1.1813 -2.5022 -179.8086 -0.0161 -7.6973 -0.0816 4.3008 69.9979 3.0521 0.0000 25.3508 -0.0001 
0.6595 91.9004 -2.0459 -3.4793 0.1107 -0.5106 -0.1014 1.3152 -0.3050 -0.1014 1.3154 -0.3050 -0.1017 1.3192 -0.3059 54.9899 83.8978 -44.7012 57.3002 59.3153 30.2728 29.5523 22.2785 94.8314 -1.2955 0.6008 -1.9603 0.0000 0.0000 0.0001 0.0000 0.0000 0.0000 0.0000 -0.0013 -0.0008 0.0000 -0.0004 0.0001 0.0000 0.0000 0.0000 0.0000 0.0000 0.0000 0.0000 0.0002 0.0000 0.0000 -0.0006 0.0003 0.0000 0.0004 -0.0006 0.0000 0.0000 0.0001 0.0000 0.0000 0.0000 0.0000 -0.0010 -0.0002 0.0000 0.0002 30.0001 -0.0001 0.0005 -29.9998 0.0000 0.0000 0.0000 1.0036 0.6074 0.9565 1.0036 0.6074 0.9565 -10.1228 83.7334 95.3889 -28.1232 59.3638 -7.8684 -45.5045 29.9603 -101.3717 1.7891 0.0854 3.1017 0.0000 -0.0001 0.0001 0.0000 0.0000 0.0000 0.0000 -0.0006 0.0003 0.0000 -0.0001 0.0001 0.0000 0.0000 0.0000 0.0000 0.0000 0.0000 0.0000 0.0007 0.0001 0.0000 -0.0011 0.0001 0.0000 -0.0008 0.0003 0.0000 0.0001 0.0000 0.0000 0.0000 0.0000 0.0000 -0.0009 0.0000 0.0000 0.0002 -29.9996 -0.0001 -0.0003 29.9996 0.0000 0.0000 0.0000 1.4271 0.0325 179.4863 -0.0649 -7.9728 0.0873 -4.3777 72.3924 1.2502 0.0000 25.3979 0.0000 -1.3882 -2.3779 -179.8281 -0.0161 -7.4606 -0.0817 4.2967 69.8941 3.1392 0.0000 25.3508 -0.0001 
0.5983 91.9235 -2.0085 -3.3814 0.1625 -0.4861 -0.0037 1.3581 -0.3527 -0.0037 1.3584 -0.3528 -0.0037 1.3623 -0.3538 55.6924 84.0409 -44.1497 57.4839 59.4345 30.4051 29.5965 22.2676 94.8985 -1.2739 0.5783 -1.9558 0.0000 0.0000 0.0001 0.0000 0.0000 0.0000 0.0000 -0.0013 -0.0008 0.0000 -0.0004 0.0001 0.0000 0.0000 0.0000 0.0000 0.0000 0.0000 0.0000 0.0002 0.0000 0.0000 -0.0006 0.0003 0.0000 0.0004 -0.0006 0.0000 0.0000 0.0001 0.0000 0.0000 0.0000 0.0000 -0.0010 -0.0002 0.0000 0.0002 30.0001 -0.0001 0.0005 -29.9998 0.0000 0.0000 0.0000 0.9205 0.5417 1.0342 0.9205 0.5417 1.0342 -9.2400 83.0225 96.0394 -29.6586 58.8758 -8.3311 -45.7310 30.1347 -101.4213 1.7591 0.0940 3.0176 0.0000 -0.0001 0.0001 0.0000 0.0000 0.0000 0.0000 -0.0006 0.0003 0.0000 -0.0001 0.0001 0.0000 0.0000 0.0000 0.0000 0.0000 0.0000 0.0000 0.0007 0.0001 0.0000 -0.0012 0.0001 0.0000 -0.0008 0.0003 0.0000 0.0001 0.0000 0.0000 0.0000 0.0000 0.0000 -0.0009 0.0000 0.0000 0.0002 -29.9996 -0.0001 -0.0003 29.9996 0.0000 0.0000 0.0000 1.3502 0.2417 179.5113 -0.0577 -7.4865 0.0865 -4.4592 72.1508 1.1017 0.0000 25.4081 0.0000 -1.5346 -2.2130 -179.8204 -0.0159 -7.0979 -0.0817 4.3443 69.7262 3.1908 0.0000 25.3508 -0.0001 
0.5156 91.9505 -1.9872 -3.2504 0.2389 -0.4743 0.1280 1.4059 -0.3917 0.1280 1.4061 -0.3917 0.1283 1.4101 -0.3928 56.3799 84.2017 -43.6532 57.6373 59.6360 30.5741 29.5828 22.2146 94.9639 -1.2541 0.5535 -1.9644 0.0000 0.0000 0.0001 0.0000 0.0000 0.0000 0.0000 -0.0013 -0.0008 0.0000 -0.0004 0.0001 0.0000 0.0000 0.0000 0.0000 0.0000 0.0000 0.0000 0.0002 0.0000 0.0000 -0.0006 0.0003 0.0000 0.0004 -0.0006 0.0000 0.0000 0.0001 0.0000 0.0000 0.0000 0.0000 -0.0010 -0.0002 0.0000 0.0002 30.0001 -0.0001 0.0005 -29.9998 0.0000 0.0000 0.0000 0.7855 0.4529 1.1036 0.7855 0.4529 1.1036 -8.7413 82.2660 96.3046 -31.2803 58.4283 -8.8090 -45.9055 30.2890 -101.4606 1.7281 0.1024 2.9353 0.0000 -0.0001 0.0001 0.0000 0.0000 0.0000 0.0000 -0.0006 0.0003 0.0000 -0.0001 0.0001 0.0000 0.0000 0.0000 0.0000 0.0000 0.0000 0.0000 0.0007 0.0001 0.0000 -0.0012 0.0001 0.0000 -0.0008 0.0003 0.0000 0.0001 0.0000 0.0000 0.0000 0.0000 0.0000 -0.0009 0.0000 0.0000 0.0002 -29.9996 -0.0001 -0.0003 29.9996 0.0000 0.0000 0.0000 1.2712 0.4201 179.5642 -0.0491 -6.9862 0.0858 -4.5384 71.8909 0.9318 0.0000 25.3996 0.0000 -1.6203 -2.0434 -179.7808 -0.0147 -6.6659 -0.0819 4.4214 69.5185 3.1921 0.0000 25.3508 -0.0001 
0.3981 91.9761 -1.9990 -3.0653 0.3581 -0.4762 0.3108 1.4594 -0.4209 0.3108 1.4597 -0.4210 0.3117 1.4638 -0.4221 57.0934 84.3906 -43.1752 57.6994 59.9369 30.7680 29.5261 22.1409 95.0082 -1.2368 0.5262 -1.9882 0.0000 0.0000 0.0001 0.0000 0.0000 0.0000 0.0000 -0.0013 -0.0008 0.0000 -0.0004 0.0001 0.0000 0.0000 0.0000 0.0000 0.0000 0.0000 0.0000 0.0002 0.0000 0.0000 -0.0006 0.0003 0.0000 0.0004 -0.0006 0.0000 0.0000 0.0001 0.0000 0.0000 0.0000 0.0000 -0.0010 -0.0002 0.0000 0.0002 30.0001 -0.0001 0.0005 -29.9998 0.0000 0.0000 0.0000 0.5617 0.3250 1.1649 0.5617 0.3250 1.1649 -8.5276 81.4733 96.2772 -32.9869 58.0339 -9.3021 -45.9917 30.4217 -101.4956 1.6977 0.1100 2.8578 0.0000 -0.0001 0.0001 0.0000 0.0000 0.0000 0.0000 -0.0006 0.0003 0.0000 -0.0001 0.0001 0.0000 0.0000 0.0000 0.0000 0.0000 0.0000 0.0000 0.0007 0.0001 0.0000 -0.0012 0.0001 0.0000 -0.0008 0.0003 0.0000 0.0001 0.0000 0.0000 0.0000 0.0000 0.0000 -0.0008 0.0000 0.0000 0.0002 -29.9996 -0.0001 -0.0003 29.9996 0.0000 0.0000 0.0000 1.1898 0.5223 179.6552 -0.0380 -6.5011 0.0849 -4.6112 71.6161 0.7292 0.0000 25.4079 0.0000 -1.6222 -1.8846 -179.6974 -0.0112 -6.1422 -0.0821 4.5286 69.2526 3.1080 0.0000 25.3508 -0.0001 
0.2697 92.0038 -2.0383 -2.8262 0.5159 -0.4784 0.5301 1.5122 -0.4474 0.5302 1.5126 -0.4475 0.5317 1.5168 -0.4487 58.0414 84.6059 -42.5004 57.6760 60.2799 30.9737 29.4594 22.0840 95.0323 -1.2210 0.4973 -2.0196 0.0000 0.0000 0.0001 0.0000 0.0000 0.0000 0.0000 -0.0013 -0.0008 0.0000 -0.0004 0.0001 0.0000 0.0000 0.0000 0.0000 0.0000 0.0000 0.0000 0.0002 -0.0001 0.0000 -0.0006 0.0003 0.0000 0.0004 -0.0006 0.0000 0.0000 0.0001 0.0000 0.0000 0.0000 0.0000 -0.0010 -0.0002 0.0000 0.0002 30.0001 -0.0001 0.0005 -29.9998 0.0000 0.0000 0.0000 0.2598 0.1686 1.2242 0.2598 0.1686 1.2242 -8.4766 80.6848 96.0678 -34.5251 57.7615 -9.6359 -46.0903 30.5087 -101.4957 1.6646 0.1151 2.7851 0.0000 -0.0001 0.0001 0.0000 0.0000 0.0000 0.0000 -0.0006 0.0003 0.0000 -0.0001 0.0001 0.0000 0.0000 0.0000 0.0000 0.0000 0.0000 0.0000 0.0007 0.0001 0.0000 -0.0012 0.0001 0.0000 -0.0008 0.0003 0.0000 0.0001 0.0000 0.0000 0.0000 0.0000 0.0000 -0.0009 0.0000 0.0000 0.0002 -29.9996 -0.0001 -0.0003 29.9996 0.0000 0.0000 0.0000 1.1045 0.5789 179.7544 -0.0265 -5.9843 0.0842 -4.6197 71.3059 0.5559 0.0000 25.4054 0.0000 -1.5626 -1.7307 -179.6031 -0.0074 -5.5254 -0.0824 4.6907 68.9223 2.9904 0.0000 25.3508 -0.0001 
0.1442 92.0365 -2.0985 -2.5367 0.7086 -0.4721 0.7775 1.5625 -0.4740 0.7776 1.5629 -0.4742 0.7798 1.5673 -0.4754 59.3471 84.8501 -41.5078 57.6134 60.6450 31.2123 29.3809 22.0180 95.0564 -1.2057 0.4672 -2.0564 0.0000 0.0000 0.0001 0.0000 0.0000 0.0000 0.0000 -0.0013 -0.0008 0.0000 -0.0004 0.0001 0.0000 0.0000 0.0000 0.0000 0.0000 0.0000 0.0000 0.0002 0.0000 0.0000 -0.0006 0.0003 0.0000 0.0004 -0.0006 0.0000 0.0000 0.0001 0.0000 0.0000 0.0000 0.0000 -0.0010 -0.0002 0.0000 0.0002 30.0001 -0.0001 0.0005 -29.9998 0.0000 0.0000 0.0000 -0.1115 -0.0112 1.2832 -0.1115 -0.0112 1.2832 -8.5303 79.9167 95.7228 -35.9931 57.5710 -9.9237 -46.1464 30.5928 -101.4651 1.6315 0.1185 2.7172 0.0000 -0.0001 0.0001 0.0000 0.0000 0.0000 0.0000 -0.0006 0.0003 0.0000 -0.0001 0.0001 0.0000 0.0000 0.0000 0.0000 0.0000 0.0000 0.0000 0.0007 0.0001 0.0000 -0.0012 0.0001 0.0000 -0.0008 0.0003 0.0000 0.0001 0.0000 0.0000 0.0000 0.0000 0.0000 -0.0009 0.0000 0.0000 0.0002 -29.9996 -0.0001 -0.0002 29.9996 0.0000 0.0000 0.0000 1.0095 0.6763 179.8431 -0.0158 -5.2790 0.0835 -4.5281 70.8876 0.4576 0.0000 25.3923 0.0000 -1.4525 -1.5670 -179.5192 -0.0048 -4.7989 -0.0825 4.9246 68.5169 2.8718 0.0000 25.0213 -0.0001 
0.0250 92.0815 -2.1814 -2.1768 0.9536 -0.4400 1.0636 1.6078 -0.5054 1.0639 1.6083 -0.5056 1.0667 1.6126 -0.5069 61.4023 85.1434 -39.8202 57.4448 61.0177 31.4817 29.3111 21.9397 95.0866 -1.1924 0.4368 -2.1001 0.0000 0.0000 0.0001 0.0000 0.0000 0.0000 0.0000 -0.0013 -0.0008 0.0000 -0.0004 0.0001 0.0000 0.0000 0.0000 0.0000 0.0000 0.0000 0.0000 0.0002 0.0000 0.0000 -0.0006 0.0003 0.0000 0.0004 -0.0006 0.0000 0.0000 0.0001 0.0000 0.0000 0.0000 0.0000 -0.0010 -0.0002 0.0000 0.0002 30.0001 -0.0001 0.0005 -29.9998 0.0000 0.0000 0.0000 -0.5847 -0.2243 1.3462 -0.5847 -0.2243 1.3462 -8.6606 79.2188 95.3072 -37.5015 57.4101 -10.3130 -46.0849 30.6994 -101.4216 1.6011 0.1209 2.6547 0.0000 -0.0001 0.0001 0.0000 0.0000 0.0000 0.0000 -0.0006 0.0003 0.0000 -0.0001 0.0001 0.0000 0.0000 0.0000 0.0000 0.0000 0.0000 0.0000 0.0007 0.0001 0.0000 -0.0011 0.0001 0.0000 -0.0008 0.0003 0.0000 0.0001 0.0000 0.0000 0.0000 0.0000 0.0000 -0.0009 0.0000 0.0000 0.0002 -29.9996 -0.0001 -0.0003 29.9996 0.0000 0.0000 0.0000 0.9194 1.2066 179.9019 -0.0055 -3.5629 0.0829 -4.2010 69.9544 0.5503 0.0000 25.4197 0.0000 -1.2862 -1.3579 -179.4696 -0.0037 -3.8551 -0.0826 5.2400 67.9732 2.7531 0.0000 25.0211 -0.0001 
-0.1055 92.1394 -2.2760 -1.7688 1.2389 -0.3704 1.3840 1.6488 -0.5480 1.3845 1.6495 -0.5482 1.3881 1.6538 -0.5496 64.6643 85.4695 -36.9424 57.2006 61.4008 31.8056 29.2694 21.8462 95.1181 -1.1796 0.4065 -2.1466 0.0000 0.0000 0.0001 0.0000 0.0000 0.0000 0.0000 -0.0013 -0.0008 0.0000 -0.0004 0.0001 0.0000 0.0000 0.0000 0.0000 0.0000 0.0000 0.0000 0.0002 0.0000 0.0000 -0.0006 0.0003 0.0000 0.0004 -0.0006 0.0000 0.0000 0.0001 0.0000 0.0000 0.0000 0.0000 -0.0010 -0.0002 0.0000 0.0002 30.0001 -0.0001 0.0005 -29.9998 0.0000 0.0000 0.0000 -1.1428 -0.4620 1.4206 -1.1428 -0.4620 1.4206 -8.7526 78.5841 94.8674 -38.9224 57.2936 -10.6206 -45.9435 30.8385 -101.3792 1.5723 0.1222 2.5952 0.0000 -0.0001 0.0001 0.0000 0.0000 0.0000 0.0000 -0.0006 0.0003 0.0000 -0.0001 0.0001 0.0000 0.0000 0.0000 0.0000 0.0000 0.0000 0.0000 0.0007 0.0001 0.0000 -0.0011 0.0001 0.0000 -0.0008 0.0003 0.0000 0.0001 0.0000 0.0000 0.0000 0.0000 0.0000 -0.0009 0.0000 0.0000 0.0002 -29.9996 -0.0001 -0.0003 29.9995 0.0000 0.0000 0.0000 0.8474 1.7258 179.9304 0.0002 -1.7647 0.0828 -3.8102 68.9795 0.6585 0.0000 25.1525 0.0000 -1.1046 -1.2006 -179.4568 -0.0029 -2.9238 -0.0827 5.5792 67.4154 2.6271 0.0000 25.0208 -0.0001 
-0.2348 92.1960 -2.3653 -1.3249 1.5555 -0.2577 1.7350 1.6870 -0.6066 1.7358 1.6879 -0.6068 1.7402 1.6921 -0.6083 69.5390 85.8002 -32.4469 56.8864 61.7944 32.1922 29.2409 21.7199 95.1535 -1.1691 0.3784 -2.1967 0.0000 0.0000 0.0001 0.0000 0.0000 0.0000 0.0000 -0.0013 -0.0008 0.0000 -0.0004 0.0001 0.0000 0.0000 0.0000 0.0000 0.0000 0.0000 0.0000 0.0002 -0.0001 0.0000 -0.0006 0.0003 0.0000 0.0004 -0.0006 0.0000 0.0000 0.0001 0.0000 0.0000 0.0000 0.0000 -0.0010 -0.0002 0.0000 0.0002 30.0001 -0.0001 0.0005 -29.9998 0.0000 0.0000 0.0000 -1.7736 -0.7185 1.5116 -1.7736 -0.7185 1.5116 -8.7802 78.0255 94.4719 -40.0437 57.2926 -10.6895 -45.8491 30.9650 -101.2979 1.5391 0.1199 2.5364 0.0000 -0.0001 0.0001 0.0000 0.0000 0.0000 0.0000 -0.0006 0.0003 0.0000 -0.0001 0.0001 0.0000 0.0000 0.0000 0.0000 0.0000 0.0000 0.0000 0.0007 0.0001 0.0000 -0.0012 0.0001 0.0000 -0.0008 0.0003 0.0000 0.0001 0.0000 0.0000 0.0000 0.0000 0.0000 -0.0009 0.0000 0.0000 0.0002 -29.9997 -0.0001 -0.0003 29.9995 0.0000 0.0000 0.0000 0.7834 2.0547 179.9121 0.0005 -0.2856 0.0828 -3.4012 68.1754 0.7536 0.0000 25.0218 0.0000 -0.9233 -1.2198 -179.4946 -0.0027 -2.2921 -0.0827 5.9701 66.9972 2.5435 0.0000 25.0205 -0.0001 
-0.3403 92.2404 -2.4439 -0.8464 1.9135 -0.0746 2.1287 1.7244 -0.6923 2.1300 1.7255 -0.6927 2.1351 1.7297 -0.6943 76.3029 86.1134 -26.0356 56.4583 62.1745 32.6342 29.1969 21.5189 95.2051 -1.1656 0.3567 -2.2558 0.0000 0.0000 0.0001 0.0000 0.0000 0.0000 0.0000 -0.0013 -0.0008 0.0000 -0.0004 0.0001 0.0000 0.0000 0.0000 0.0000 0.0000 0.0000 0.0000 0.0003 0.0000 0.0000 -0.0006 0.0003 0.0000 0.0004 -0.0006 0.0000 0.0000 0.0001 0.0000 0.0000 0.0000 0.0000 -0.0010 -0.0002 0.0000 0.0003 30.0001 -0.0001 0.0005 -29.9998 0.0000 0.0000 0.0000 -2.5010 -1.0003 1.6291 -2.5010 -1.0003 1.6291 -8.7194 77.5843 94.3072 -41.0499 57.2888 -10.7533 -45.7601 31.1138 -101.1842 1.5011 0.1136 2.4759 0.0000 -0.0001 0.0001 0.0000 0.0000 0.0000 0.0000 -0.0006 0.0003 0.0000 -0.0001 0.0001 0.0000 0.0000 0.0000 0.0000 0.0000 0.0000 0.0000 0.0007 0.0001 0.0000 -0.0012 0.0001 0.0000 -0.0008 0.0003 0.0000 0.0001 0.0000 0.0000 0.0000 0.0000 0.0000 -0.0009 0.0000 0.0000 0.0002 -29.9996 -0.0001 -0.0003 29.9996 0.0000 0.0000 0.0000 0.7216 1.7506 179.8022 0.0000 0.0000 0.0828 -2.9977 67.9881 0.8269 0.0000 25.0218 0.0000 -0.7597 -1.7442 -179.5842 -0.0026 -2.5520 -0.0827 6.3934 66.9869 2.4968 0.0000 25.0202 -0.0001 
-0.4045 92.2703 -2.5212 -0.3583 2.2988 0.1689 2.5491 1.7713 -0.8054 2.5511 1.7728 -0.8060 2.5567 1.7768 -0.8077 83.5319 86.3645 -19.1293 55.9234 62.5191 33.0307 29.1558 21.2884 95.2668 -1.1697 0.3413 -2.3233 0.0000 0.0000 0.0001 0.0000 0.0000 0.0000 0.0000 -0.0013 -0.0008 0.0000 -0.0004 0.0001 0.0000 0.0000 0.0000 0.0000 0.0000 0.0000 0.0000 0.0003 0.0000 0.0000 -0.0006 0.0003 0.0000 0.0004 -0.0006 0.0000 0.0000 0.0001 0.0000 0.0000 0.0000 0.0000 -0.0010 -0.0002 0.0000 0.0002 30.0001 -0.0001 0.0005 -29.9998 0.0000 0.0000 0.0000 -3.2795 -1.3089 1.7742 -3.2795 -1.3089 1.7742 -8.4254 77.2234 94.3927 -41.9662 57.2727 -10.7547 -45.6417 31.2795 -101.1272 1.4638 0.1032 2.4200 0.0000 -0.0001 0.0001 0.0000 0.0000 0.0000 0.0000 -0.0006 0.0003 0.0000 -0.0001 0.0001 0.0000 0.0000 0.0000 0.0000 0.0000 0.0000 0.0000 0.0007 0.0001 0.0000 -0.0012 0.0001 0.0000 -0.0008 0.0003 0.0000 0.0001 0.0000 0.0000 0.0000 0.0000 0.0000 -0.0009 0.0000 0.0000 0.0002 -29.9997 -0.0001 -0.0003 29.9996 0.0000 0.0000 0.0000 0.6452 1.2781 179.6007 0.0000 0.0001 0.0828 -2.5549 67.9530 0.9640 0.0000 25.0218 0.0000 -0.6238 -2.6229 -179.7347 -0.0018 -3.4221 -0.0827 6.8358 67.2517 2.4959 0.0000 25.2087 -0.0001 
-0.4356 92.2939 -2.6113 0.1349 2.6968 0.4674 2.9843 1.8327 -0.9455 2.9873 1.8346 -0.9464 2.9933 1.8383 -0.9482 90.2309 86.5426 -12.7359 55.3401 62.8217 33.3540 29.1419 21.0551 95.3448 -1.1799 0.3307 -2.3956 0.0000 0.0000 0.0001 0.0000 0.0000 0.0000 0.0000 -0.0013 -0.0008 0.0000 -0.0004 0.0001 0.0000 0.0000 0.0000 0.0000 0.0000 0.0000 0.0000 0.0002 0.0000 0.0000 -0.0006 0.0003 0.0000 0.0004 -0.0006 0.0000 0.0000 0.0001 0.0000 0.0000 0.0000 0.0000 -0.0010 -0.0002 0.0000 0.0002 30.0001 -0.0002 0.0005 -29.9998 0.0000 0.0000 0.0000 -4.0918 -1.6368 1.9420 -4.0918 -1.6368 1.9420 -7.9340 76.9182 94.7025 -42.7623 57.2728 -10.6713 -45.5661 31.4498 -101.1077 1.4240 0.0874 2.3669 0.0000 -0.0001 0.0001 0.0000 0.0000 0.0000 0.0000 -0.0006 0.0003 0.0000 -0.0001 0.0001 0.0000 0.0000 0.0000 0.0000 0.0000 0.0000 0.0000 0.0007 0.0001 0.0000 -0.0012 0.0001 0.0000 -0.0008 0.0003 0.0000 0.0001 0.0000 0.0000 0.0000 0.0000 0.0000 -0.0009 0.0000 0.0000 0.0002 -29.9996 -0.0001 -0.0003 29.9996 0.0000 0.0000 0.0000 0.5445 0.7846 179.3214 0.0000 0.0001 0.0828 -2.0932 67.9129 1.1535 0.0000 25.0218 0.0000 -0.5174 -3.6588 -179.9459 0.0012 -4.5340 -0.0828 7.2698 67.6102 2.5167 0.0000 25.4860 -0.0001 
-0.4198 92.3173 -2.7189 0.6279 3.1043 0.8478 3.4251 1.9176 -1.1210 3.4294 1.9202 -1.1224 3.4353 1.9235 -1.1242 94.7376 86.6724 -8.5085 54.7386 63.0604 33.5312 29.1720 20.8496 95.4344 -1.1953 0.3246 -2.4684 0.0000 0.0000 0.0001 0.0000 0.0000 0.0000 0.0000 -0.0013 -0.0008 0.0000 -0.0004 0.0001 0.0000 0.0000 0.0000 0.0000 0.0000 0.0000 0.0000 0.0002 0.0000 0.0000 -0.0006 0.0003 0.0000 0.0004 -0.0006 0.0000 0.0000 0.0001 0.0000 0.0000 0.0000 0.0000 -0.0010 -0.0002 0.0000 0.0003 30.0001 -0.0001 0.0005 -29.9998 0.0000 0.0000 0.0000 -4.9214 -1.9951 2.1286 -4.9214 -1.9951 2.1286 -7.2263 76.6893 95.2058 -43.1166 57.4010 -10.2597 -45.6709 31.5896 -101.1102 1.3797 0.0635 2.3203 0.0000 -0.0001 0.0001 0.0000 0.0000 0.0000 0.0000 -0.0006 0.0003 0.0000 -0.0001 0.0001 0.0000 0.0000 0.0000 0.0000 0.0000 0.0000 0.0000 0.0007 0.0001 0.0000 -0.0012 0.0001 0.0000 -0.0008 0.0003 0.0000 0.0001 0.0000 0.0000 0.0000 0.0000 0.0000 -0.0008 0.0000 0.0000 0.0002 -29.9996 -0.0001 -0.0003 29.9996 0.0000 0.0000 0.0000 0.3691 0.2676 178.9309 0.0000 0.0001 0.0828 -1.6770 67.8574 1.3796 0.0000 25.0218 0.0000 -0.4493 -4.6779 179.7054 0.0042 -5.5946 -0.0829 7.7654 67.9378 2.6467 0.0000 25.8064 -0.0001 
-0.3774 92.3364 -2.8304 1.1132 3.5173 1.2539 3.8615 2.0382 -1.3028 3.8676 2.0416 -1.3048 3.8730 2.0445 -1.3065 95.2751 86.8336 -8.2126 54.2296 63.2281 33.5671 29.2237 20.6899 95.5217 -1.2112 0.3185 -2.5390 0.0000 0.0000 0.0001 0.0000 0.0000 0.0000 0.0000 -0.0013 -0.0008 0.0000 -0.0004 0.0001 0.0000 0.0000 0.0000 0.0000 0.0000 0.0000 0.0000 0.0002 0.0000 0.0000 -0.0006 0.0003 0.0000 0.0004 -0.0006 0.0000 0.0000 0.0001 0.0000 0.0000 0.0000 0.0000 -0.0010 -0.0002 0.0000 0.0002 30.0001 -0.0001 0.0005 -29.9998 0.0000 0.0000 0.0000 -5.7479 -2.4088 2.3133 -5.7479 -2.4088 2.3133 -6.4960 76.4554 95.8742 -43.5610 57.4420 -10.0318 -45.8215 31.7514 -101.1788 1.3400 0.0365 2.2829 0.0000 -0.0001 0.0001 0.0000 0.0000 0.0000 0.0000 -0.0006 0.0003 0.0000 -0.0001 0.0001 0.0000 0.0000 0.0000 0.0000 0.0000 0.0000 0.0000 0.0007 0.0001 0.0000 -0.0012 0.0001 0.0000 -0.0008 0.0003 0.0000 0.0001 0.0000 0.0000 0.0000 0.0000 0.0000 -0.0008 0.0000 0.0000 0.0002 -29.9996 -0.0001 -0.0003 29.9996 0.0000 0.0000 0.0000 0.1277 -0.2607 178.5024 0.0000 0.0001 0.0828 -1.3520 67.7841 1.5846 0.0000 25.0218 0.0000 -0.3996 -5.6714 179.2931 0.0070 -6.6162 -0.0831 8.3234 68.2527 2.8731 0.0000 26.1407 -0.0001 
-0.3237 92.3526 -2.9458 1.5879 3.9262 1.6478 4.2746 2.1912 -1.4749 4.2829 2.1956 -1.4776 4.2874 2.1980 -1.4791 92.3086 87.0240 -11.4142 53.8410 63.3477 33.5082 29.2901 20.5633 95.6134 -1.2249 0.3105 -2.6056 0.0000 0.0000 0.0001 0.0000 0.0000 0.0000 0.0000 -0.0013 -0.0008 0.0000 -0.0004 0.0001 0.0000 0.0000 0.0000 0.0000 0.0000 0.0000 0.0000 0.0002 -0.0001 0.0000 -0.0006 0.0003 0.0000 0.0004 -0.0006 0.0000 0.0000 0.0001 0.0000 0.0000 0.0000 0.0000 -0.0010 -0.0002 0.0000 0.0002 30.0001 -0.0001 0.0005 -29.9998 0.0000 0.0000 0.0000 -6.5413 -2.8750 2.4916 -6.5414 -2.8750 2.4916 -5.7196 76.2085 96.5413 -44.0652 57.4631 -9.8629 -45.9638 31.9364 -101.3180 1.3050 0.0082 2.2521 0.0000 -0.0001 0.0001 0.0000 0.0000 0.0000 0.0000 -0.0006 0.0003 0.0000 -0.0001 0.0001 0.0000 0.0000 0.0000 0.0000 0.0000 0.0000 0.0000 0.0007 0.0001 0.0000 -0.0011 0.0001 0.0000 -0.0008 0.0003 0.0000 0.0001 0.0000 0.0000 0.0000 0.0000 0.0000 -0.0009 0.0000 0.0000 0.0002 -29.9997 -0.0001 -0.0003 29.9996 0.0000 0.0000 0.0000 -0.1611 -0.7919 178.0859 0.0000 0.0001 0.0828 -1.1223 67.6907 1.7491 0.0000 25.0219 0.0000 -0.3661 -6.6477 178.8756 0.0109 -7.6212 -0.0834 8.9108 68.5664 3.1573 0.0000 26.3337 -0.0001 
-0.2671 92.3606 -3.0654 2.0468 4.3176 1.9948 4.6382 2.3795 -1.6216 4.6489 2.3852 -1.6252 4.6521 2.3869 -1.6262 86.1350 87.1621 -17.8255 53.6702 63.4448 33.4286 29.3780 20.4700 95.7201 -1.2338 0.2997 -2.6629 0.0000 0.0000 0.0001 0.0000 0.0000 0.0000 0.0000 -0.0013 -0.0008 0.0000 -0.0004 0.0001 0.0000 0.0000 0.0000 0.0000 0.0000 0.0000 0.0000 0.0002 0.0000 0.0000 -0.0006 0.0003 0.0000 0.0004 -0.0006 0.0000 0.0000 0.0001 0.0000 0.0000 0.0000 0.0000 -0.0010 -0.0002 0.0000 0.0002 30.0001 -0.0001 0.0005 -29.9998 0.0000 0.0000 0.0000 -7.2543 -3.4134 2.6637 -7.2543 -3.4134 2.6637 -4.9110 75.9493 97.2108 -44.6434 57.4747 -9.7451 -46.1477 32.1347 -101.5097 1.2693 -0.0226 2.2216 0.0000 -0.0001 0.0001 0.0000 0.0000 0.0000 0.0000 -0.0006 0.0003 0.0000 -0.0001 0.0001 0.0000 0.0000 0.0000 0.0000 0.0000 0.0000 0.0000 0.0007 0.0001 0.0000 -0.0012 0.0001 0.0000 -0.0008 0.0003 0.0000 0.0001 0.0000 0.0000 0.0000 0.0000 0.0000 -0.0009 0.0000 0.0000 0.0002 -29.9996 -0.0001 -0.0003 29.9996 0.0000 0.0000 0.0000 -0.4961 -1.3143 177.7232 0.0000 0.0001 0.0828 -1.0159 67.5684 1.8475 0.0000 25.0218 0.0000 -0.3618 -7.5647 178.4971 0.0168 -8.5382 -0.0840 9.4837 68.8393 3.4660 0.0000 26.4439 -0.0001 
-0.2114 92.3662 -3.1760 2.4996 4.6813 2.2857 4.9493 2.5835 -1.7404 4.9623 2.5906 -1.7447 4.9640 2.5915 -1.7453 81.1051 87.1989 -23.1358 53.7237 63.5471 33.5488 29.4711 20.3966 95.8251 -1.2378 0.2868 -2.7106 0.0000 0.0000 0.0001 0.0000 0.0000 0.0000 0.0000 -0.0013 -0.0008 0.0000 -0.0004 0.0001 0.0000 0.0000 0.0000 0.0000 0.0000 0.0000 0.0000 0.0002 0.0000 0.0000 -0.0006 0.0003 0.0000 0.0004 -0.0006 0.0000 0.0000 0.0001 0.0000 0.0000 0.0000 0.0000 -0.0010 -0.0002 0.0000 0.0002 30.0001 -0.0001 0.0005 -29.9998 0.0000 0.0000 0.0000 -7.8900 -3.9870 2.8303 -7.8900 -3.9870 2.8303 -4.0640 75.7319 97.9300 -45.2833 57.4519 -9.6888 -46.3451 32.3196 -101.7509 1.2321 -0.0540 2.1892 0.0000 -0.0001 0.0001 0.0000 0.0000 0.0000 0.0000 -0.0006 0.0003 0.0000 -0.0001 0.0001 0.0000 0.0000 0.0000 0.0000 0.0000 0.0000 0.0000 0.0007 0.0001 0.0000 -0.0012 0.0001 0.0000 -0.0008 0.0003 0.0000 0.0001 0.0000 0.0000 0.0000 0.0000 0.0000 -0.0009 0.0000 0.0000 0.0002 -29.9996 -0.0001 -0.0003 29.9996 0.0000 0.0000 0.0000 -0.8221 -1.8070 177.4218 0.0000 0.0000 0.0828 -0.9465 67.4361 1.9064 0.0000 25.0219 0.0000 -0.3802 -8.4056 178.1661 0.0218 -9.3718 -0.0845 10.0628 69.0777 3.8061 0.0000 26.5515 -0.0001 
-0.1596 92.3694 -3.2673 2.9503 5.0183 2.5142 5.2087 2.7931 -1.8317 5.2241 2.8017 -1.8368 5.2243 2.8018 -1.8368 76.9960 87.1540 -27.5113 53.9183 63.6843 33.7547 29.5632 20.3364 95.9237 -1.2383 0.2729 -2.7502 0.0000 0.0000 0.0001 0.0000 0.0000 0.0000 0.0000 -0.0013 -0.0008 0.0000 -0.0004 0.0001 0.0000 0.0000 0.0000 0.0000 0.0000 0.0000 0.0000 0.0003 0.0000 0.0000 -0.0006 0.0003 0.0000 0.0004 -0.0006 0.0000 0.0000 0.0001 0.0000 0.0000 0.0000 0.0000 -0.0010 -0.0002 0.0000 0.0003 30.0001 -0.0001 0.0005 -29.9998 0.0000 0.0000 0.0000 -8.4462 -4.5781 2.9963 -8.4462 -4.5781 2.9963 -3.1783 75.5278 98.7014 -45.9269 57.4080 -9.6532 -46.5635 32.4948 -102.0238 1.1951 -0.0860 2.1580 0.0000 -0.0001 0.0001 0.0000 0.0000 0.0000 0.0000 -0.0006 0.0003 0.0000 -0.0001 0.0001 0.0000 0.0000 0.0000 0.0000 0.0000 0.0000 0.0000 0.0007 0.0001 0.0000 -0.0012 0.0001 0.0000 -0.0008 0.0003 0.0000 0.0001 0.0000 0.0000 0.0000 0.0000 0.0000 -0.0009 0.0000 0.0000 0.0002 -29.9996 -0.0001 -0.0003 29.9996 0.0000 0.0000 0.0000 -1.1127 -2.2853 177.1865 0.0003 -0.0487 0.0828 -0.8722 67.3311 1.9395 0.0000 25.0219 0.0000 -0.4261 -9.1787 177.8922 0.0250 -10.1529 -0.0849 10.6506 69.3058 4.1763 0.0000 26.6559 -0.0001 
-0.1226 92.3712 -3.3169 3.3960 5.3097 2.6350 5.3853 2.9895 -1.8822 5.4025 2.9995 -1.8878 5.4013 2.9988 -1.8874 74.6711 87.0108 -30.0843 54.2921 63.8551 34.0706 29.6468 20.3038 96.0100 -1.2356 0.2596 -2.7773 0.0000 0.0000 0.0001 0.0000 0.0000 0.0000 0.0000 -0.0013 -0.0008 0.0000 -0.0004 0.0001 0.0000 0.0000 0.0000 0.0000 0.0000 0.0000 0.0000 0.0002 0.0000 0.0000 -0.0006 0.0003 0.0000 0.0004 -0.0006 0.0000 0.0000 0.0001 0.0000 0.0000 0.0000 0.0000 -0.0010 -0.0002 0.0000 0.0002 30.0001 -0.0001 0.0005 -29.9998 0.0000 0.0000 0.0000 -8.8765 -5.1406 3.1603 -8.8765 -5.1406 3.1603 -2.2770 75.3538 99.4949 -46.5407 57.3684 -9.6411 -46.7762 32.6492 -102.3076 1.1594 -0.1180 2.1302 0.0000 -0.0001 0.0001 0.0000 0.0000 0.0000 0.0000 -0.0006 0.0003 0.0000 -0.0001 0.0001 0.0000 0.0000 0.0000 0.0000 0.0000 0.0000 0.0000 0.0007 0.0001 0.0000 -0.0011 0.0001 0.0000 -0.0008 0.0003 0.0000 0.0001 0.0000 0.0000 0.0000 0.0000 0.0000 -0.0009 0.0000 0.0000 0.0002 -29.9997 -0.0001 -0.0003 29.9996 0.0000 0.0000 0.0000 -1.3287 -2.6602 177.0654 0.0002 -0.0487 0.0828 -0.7644 67.2259 1.9326 0.0000 25.0219 0.0000 -0.5329 -9.8631 177.7310 0.0267 -10.9211 -0.0853 11.2213 69.5697 4.5720 0.0000 26.7545 -0.0001 
-0.1059 92.3738 -3.3351 3.8338 5.5637 2.6994 5.4939 3.1573 -1.9109 5.5124 3.1684 -1.9169 5.5103 3.1671 -1.9162 74.5828 86.8015 -30.3918 54.7745 64.0540 34.4833 29.7397 20.2928 96.0765 -1.2305 0.2478 -2.7923 0.0000 0.0000 0.0001 0.0000 0.0000 0.0000 0.0000 -0.0013 -0.0008 0.0000 -0.0004 0.0001 0.0000 0.0000 0.0000 0.0000 0.0000 0.0000 0.0000 0.0003 0.0000 0.0000 -0.0006 0.0003 0.0000 0.0004 -0.0006 0.0000 0.0000 0.0001 0.0000 0.0000 0.0000 0.0000 -0.0010 -0.0002 0.0000 0.0003 30.0001 -0.0001 0.0005 -29.9998 0.0000 0.0000 0.0000 -9.2052 -5.6283 3.3162 -9.2052 -5.6283 3.3162 -1.4195 75.2572 100.2533 -47.0162 57.3707 -9.6277 -46.9698 32.7824 -102.5797 1.1272 -0.1496 2.1095 0.0000 -0.0001 0.0001 0.0000 0.0000 0.0000 0.0000 -0.0006 0.0003 0.0000 -0.0001 0.0001 0.0000 0.0000 0.0000 0.0000 0.0000 0.0000 0.0000 0.0007 0.0001 0.0000 -0.0012 0.0001 0.0000 -0.0008 0.0003 0.0000 0.0001 0.0000 0.0000 0.0000 0.0000 0.0000 -0.0009 0.0000 0.0000 0.0002 -29.9996 -0.0001 -0.0003 29.9995 0.0000 0.0000 0.0000 -1.4870 -2.9548 177.0126 0.0001 -0.0162 0.0828 -0.6629 67.1333 1.8592 0.0000 25.0219 0.0000 -0.6770 -10.4439 177.6410 0.0290 -11.6179 -0.0856 11.7471 69.8356 4.9499 0.0000 26.8475 -0.0001 
-0.1077 92.3787 -3.3333 4.2617 5.7842 2.7264 5.5500 3.3017 -1.9265 5.5695 3.3137 -1.9328 5.5666 3.3119 -1.9319 75.0749 86.5404 -30.0640 55.3134 64.2575 34.9011 29.8529 20.2818 96.1363 -1.2247 0.2390 -2.7978 0.0000 0.0000 0.0001 0.0000 0.0000 0.0000 0.0000 -0.0013 -0.0008 0.0000 -0.0004 0.0001 0.0000 0.0000 0.0000 0.0000 0.0000 0.0000 0.0000 0.0002 0.0000 0.0000 -0.0006 0.0003 0.0000 0.0004 -0.0006 0.0000 0.0000 0.0001 0.0000 0.0000 0.0000 0.0000 -0.0010 -0.0002 0.0000 0.0002 30.0001 -0.0001 0.0005 -29.9998 0.0000 0.0000 0.0000 -9.4591 -6.0382 3.4641 -9.4591 -6.0382 3.4641 -0.6126 75.2327 100.9981 -47.2974 57.4261 -9.5959 -47.1485 32.8920 -102.8245 1.0998 -0.1813 2.0992 0.0000 -0.0001 0.0001 0.0000 0.0000 0.0000 0.0000 -0.0006 0.0003 0.0000 -0.0001 0.0001 0.0000 0.0000 0.0000 0.0000 0.0000 0.0000 0.0000 0.0007 0.0001 0.0000 -0.0012 0.0001 0.0000 -0.0008 0.0003 0.0000 0.0001 0.0000 0.0000 0.0000 0.0000 0.0000 -0.0009 0.0000 0.0000 0.0002 -29.9996 -0.0001 -0.0003 29.9996 0.0000 0.0000 0.0000 -1.6040 -3.2066 177.0097 0.0000 0.0000 0.0828 -0.5901 67.0717 1.7121 0.0000 25.0219 0.0000 -0.8320 -10.9220 177.5983 0.0305 -12.2243 -0.0860 12.2545 70.0836 5.3156 0.0000 26.8445 -0.0001 
-0.1382 92.3880 -3.3207 4.6578 5.9639 2.7065 5.5378 3.4117 -1.9241 5.5574 3.4243 -1.9304 5.5543 3.4223 -1.9294 74.6698 86.2249 -30.5096 55.8709 64.4326 35.2236 29.9638 20.2786 96.1862 -1.2210 0.2357 -2.7944 0.0000 0.0000 0.0001 0.0000 0.0000 0.0000 0.0000 -0.0013 -0.0008 0.0000 -0.0004 0.0001 0.0000 0.0000 0.0000 0.0000 0.0000 0.0000 0.0000 0.0002 0.0000 0.0000 -0.0006 0.0003 0.0000 0.0004 -0.0006 0.0000 0.0000 0.0001 0.0000 0.0000 0.0000 0.0000 -0.0010 -0.0002 0.0000 0.0002 30.0001 -0.0001 0.0005 -29.9998 0.0000 0.0000 0.0000 -9.6138 -6.3254 3.5930 -9.6138 -6.3254 3.5930 0.0185 75.2919 101.6353 -47.2821 57.5765 -9.5437 -47.2681 32.9588 -102.9902 1.0824 -0.2109 2.1069 0.0000 -0.0001 0.0001 0.0000 0.0000 0.0000 0.0000 -0.0006 0.0003 0.0000 -0.0001 0.0001 0.0000 0.0000 0.0000 0.0000 0.0000 0.0000 0.0000 0.0007 0.0001 0.0000 -0.0012 0.0001 0.0000 -0.0008 0.0003 0.0000 0.0001 0.0000 0.0000 0.0000 0.0000 0.0000 -0.0009 0.0000 0.0000 0.0002 -29.9996 -0.0001 -0.0003 29.9996 0.0000 0.0000 0.0000 -1.6799 -3.4131 177.0745 0.0000 0.0001 0.0828 -0.5936 67.0408 1.4541 0.0000 25.0220 0.0000 -0.9473 -11.2663 177.6189 0.0318 -12.6841 -0.0862 12.7496 70.2876 5.6346 0.0000 26.6869 -0.0001 
-0.1865 92.4030 -3.3021 4.9971 6.1191 2.6636 5.4860 3.4959 -1.9112 5.5055 3.5088 -1.9174 5.5024 3.5067 -1.9164 72.8180 85.8840 -32.2838 56.4111 64.5388 35.4248 30.0558 20.3053 96.2255 -1.2213 0.2370 -2.7865 0.0000 0.0000 0.0001 0.0000 0.0000 0.0000 0.0000 -0.0013 -0.0008 0.0000 -0.0004 0.0001 0.0000 0.0000 0.0000 0.0000 0.0000 0.0000 0.0000 0.0003 0.0000 0.0000 -0.0006 0.0003 0.0000 0.0004 -0.0006 0.0000 0.0000 0.0001 0.0000 0.0000 0.0000 0.0000 -0.0010 -0.0002 0.0000 0.0002 30.0001 -0.0001 0.0005 -29.9998 0.0000 0.0000 0.0000 -9.7002 -6.5188 3.7014 -9.7002 -6.5188 3.7014 0.4429 75.3854 102.1308 -47.1265 57.8131 -9.5042 -47.2896 32.9814 -103.0837 1.0719 -0.2388 2.1277 0.0000 -0.0001 0.0001 0.0000 0.0000 0.0000 0.0000 -0.0006 0.0003 0.0000 -0.0001 0.0001 0.0000 0.0000 0.0000 0.0000 0.0000 0.0000 0.0000 0.0007 0.0001 0.0000 -0.0011 0.0001 0.0000 -0.0008 0.0003 0.0000 0.0001 0.0000 0.0000 0.0000 0.0000 0.0000 -0.0009 0.0000 0.0000 0.0002 -29.9997 -0.0001 -0.0003 29.9996 0.0000 0.0000 0.0000 -1.7304 -3.5859 177.1743 0.0000 0.0001 0.0828 -0.6786 67.0278 1.1257 0.0000 25.0221 0.0000 -0.9726 -11.5072 177.6771 0.0353 -12.9931 -0.0867 13.2241 70.4264 5.8830 0.0000 26.5260 -0.0001 
-0.2456 92.4240 -3.2771 5.2697 6.2549 2.6155 5.4038 3.5617 -1.8940 5.4228 3.5747 -1.9001 5.4199 3.5727 -1.8992 70.4845 85.5242 -34.4659 56.9366 64.5614 35.5795 30.1447 20.3608 96.2465 -1.2252 0.2427 -2.7742 0.0000 0.0000 0.0001 0.0000 0.0000 0.0000 0.0000 -0.0013 -0.0008 0.0000 -0.0004 0.0001 0.0000 0.0000 0.0000 0.0000 0.0000 0.0000 0.0000 0.0002 0.0000 0.0000 -0.0006 0.0003 0.0000 0.0004 -0.0006 0.0000 0.0000 0.0001 0.0000 0.0000 0.0000 0.0000 -0.0010 -0.0002 0.0000 0.0002 30.0001 -0.0001 0.0005 -29.9998 0.0000 0.0000 0.0000 -9.7260 -6.6412 3.7879 -9.7260 -6.6412 3.7879 0.7759 75.5179 102.5679 -46.8780 58.1143 -9.4612 -47.2185 32.9720 -103.1299 1.0648 -0.2658 2.1563 0.0000 -0.0001 0.0001 0.0000 0.0000 0.0000 0.0000 -0.0006 0.0003 0.0000 -0.0001 0.0001 0.0000 0.0000 0.0000 0.0000 0.0000 0.0000 0.0000 0.0007 0.0001 0.0000 -0.0012 0.0001 0.0000 -0.0008 0.0003 0.0000 0.0001 0.0000 0.0000 0.0000 0.0000 0.0000 -0.0009 0.0000 0.0000 0.0002 -29.9997 -0.0001 -0.0003 29.9996 0.0000 0.0000 0.0000 -1.7556 -3.7288 177.2832 0.0000 0.0000 0.0828 -0.8259 67.0323 0.7611 0.0000 25.0222 0.0000 -0.8970 -11.6676 177.7483 0.0410 -13.1662 -0.0874 13.6736 70.4937 6.0641 0.0000 26.3875 -0.0001 
-0.3079 92.4462 -3.2373 5.4157 6.3661 2.5811 5.2877 3.6081 -1.8826 5.3058 3.6210 -1.8885 5.3035 3.6193 -1.8877 67.4760 85.1269 -37.2300 57.4185 64.4644 35.6189 30.2551 20.4274 96.2769 -1.2348 0.2558 -2.7559 0.0000 0.0000 0.0001 0.0000 0.0000 0.0000 0.0000 -0.0013 -0.0008 0.0000 -0.0004 0.0001 0.0000 0.0000 0.0000 0.0000 0.0000 0.0000 0.0000 0.0002 0.0000 0.0000 -0.0006 0.0003 0.0000 0.0004 -0.0006 0.0000 0.0000 0.0001 0.0000 0.0000 0.0000 0.0000 -0.0010 -0.0002 0.0000 0.0002 30.0001 -0.0002 0.0005 -29.9998 0.0000 0.0000 0.0000 -9.6656 -6.6822 3.8405 -9.6656 -6.6822 3.8404 1.0113 75.6802 102.9378 -46.5465 58.4891 -9.4118 -47.0363 32.9452 -103.1166 1.0611 -0.2926 2.1926 0.0000 -0.0001 0.0001 0.0000 0.0000 0.0000 0.0000 -0.0006 0.0003 0.0000 -0.0001 0.0001 0.0000 0.0000 0.0000 0.0000 0.0000 0.0000 0.0000 0.0007 0.0001 0.0000 -0.0012 0.0001 0.0000 -0.0008 0.0003 0.0000 0.0001 0.0000 0.0000 0.0000 0.0000 0.0000 -0.0009 0.0000 0.0000 0.0002 -29.9997 -0.0001 -0.0003 29.9996 0.0000 0.0000 0.0000 -1.7216 -3.8236 177.3700 0.0000 0.0001 0.0828 -1.0237 67.0691 0.3990 0.0000 25.0222 0.0000 -0.6599 -11.7189 177.7983 0.0455 -13.1512 -0.0879 14.0986 70.4566 6.1825 0.0000 26.3674 -0.0001 
-0.3678 92.4725 -3.1915 5.4380 6.4623 2.5587 5.1528 3.6421 -1.8741 5.1700 3.6547 -1.8798 5.1681 3.6534 -1.8792 63.8268 84.6829 -40.5665 57.8966 64.2279 35.6134 30.3520 20.5545 96.2787 -1.2506 0.2749 -2.7335 0.0000 0.0000 0.0001 0.0000 0.0000 0.0000 0.0000 -0.0013 -0.0008 0.0000 -0.0004 0.0001 0.0000 0.0000 0.0000 0.0000 0.0000 0.0000 0.0000 0.0002 -0.0001 0.0000 -0.0006 0.0003 0.0000 0.0004 -0.0006 0.0000 0.0000 0.0001 0.0000 0.0000 0.0000 0.0000 -0.0010 -0.0002 0.0000 0.0002 30.0001 -0.0001 0.0005 -29.9998 0.0000 0.0000 0.0000 -9.5356 -6.6779 3.8574 -9.5357 -6.6779 3.8574 1.1254 75.8494 103.2039 -46.1676 58.8909 -9.3452 -46.7917 32.9146 -103.0681 1.0606 -0.3173 2.2323 0.0000 -0.0001 0.0001 0.0000 0.0000 0.0000 0.0000 -0.0006 0.0002 0.0000 -0.0001 0.0001 0.0000 0.0000 0.0000 0.0000 0.0000 0.0000 0.0000 0.0007 0.0001 0.0000 -0.0012 0.0001 0.0000 -0.0008 0.0003 0.0000 0.0001 0.0000 0.0000 0.0000 0.0000 0.0000 -0.0009 0.0000 0.0000 0.0002 -29.9996 -0.0001 -0.0003 29.9996 0.0000 0.0000 0.0000 -1.6129 -3.8854 177.4314 0.0000 0.0000 0.0828 -1.2385 67.1280 0.0617 0.0000 25.0223 0.0000 -0.3236 -11.7406 177.8191 0.0459 -13.0838 -0.0880 14.4961 70.3759 6.3000 0.0000 26.3713 -0.0001 
-0.4264 92.5003 -3.1415 5.3433 6.5500 2.5416 5.0034 3.6660 -1.8642 5.0195 3.6782 -1.8698 5.0183 3.6773 -1.8694 59.7576 84.1822 -44.2658 58.3885 63.8851 35.5597 30.4458 20.7269 96.2582 -1.2698 0.2979 -2.7065 0.0000 0.0000 0.0001 0.0000 0.0000 0.0000 0.0000 -0.0013 -0.0008 0.0000 -0.0004 0.0001 0.0000 0.0000 0.0000 0.0000 0.0000 0.0000 0.0000 0.0003 0.0000 0.0000 -0.0006 0.0003 0.0000 0.0004 -0.0006 0.0000 0.0000 0.0001 0.0000 0.0000 0.0000 0.0000 -0.0010 -0.0002 0.0000 0.0002 30.0001 -0.0001 0.0005 -29.9998 0.0000 0.0000 0.0000 -9.3416 -6.6456 3.8397 -9.3416 -6.6456 3.8397 1.1283 76.0310 103.3699 -45.7215 59.2956 -9.2450 -46.5127 32.8768 -103.0025 1.0639 -0.3391 2.2750 0.0000 -0.0001 0.0001 0.0000 0.0000 0.0000 0.0000 -0.0006 0.0003 0.0000 -0.0001 0.0001 0.0000 0.0000 0.0000 0.0000 0.0000 0.0000 0.0000 0.0007 0.0001 0.0000 -0.0012 0.0001 0.0000 -0.0008 0.0003 0.0000 0.0001 0.0000 0.0000 0.0000 0.0000 0.0000 -0.0009 0.0000 0.0000 0.0002 -29.9996 -0.0001 -0.0003 29.9996 0.0000 0.0000 0.0000 -1.4264 -3.9305 177.4760 0.0001 -0.0163 0.0828 -1.4795 67.2108 -0.2704 0.0000 25.0223 0.0000 0.0620 -11.7416 177.8246 0.0433 -12.9791 -0.0876 14.8134 70.2660 6.4013 0.0000 26.4026 -0.0001 
-0.4874 92.5357 -3.0844 5.0782 6.6295 2.5206 4.8314 3.6770 -1.8467 4.8463 3.6889 -1.8520 4.8457 3.6884 -1.8518 55.1722 83.5951 -48.4100 58.9727 63.4160 35.4768 30.5492 20.9169 96.1981 -1.2891 0.3257 -2.6687 0.0000 0.0000 0.0001 0.0000 0.0000 0.0000 0.0000 -0.0013 -0.0008 0.0000 -0.0004 0.0001 0.0000 0.0000 0.0000 0.0000 0.0000 0.0000 0.0000 0.0002 0.0000 0.0000 -0.0006 0.0003 0.0000 0.0004 -0.0006 0.0000 0.0000 0.0001 0.0000 0.0000 0.0000 0.0000 -0.0010 -0.0002 0.0000 0.0002 30.0001 -0.0001 0.0005 -29.9998 0.0000 0.0000 0.0000 -9.0487 -6.5894 3.7698 -9.0487 -6.5894 3.7698 0.9948 76.2455 103.4140 -45.1790 59.6737 -9.0951 -46.2430 32.8446 -102.9165 1.0706 -0.3560 2.3163 0.0000 -0.0001 0.0001 0.0000 0.0000 0.0000 0.0000 -0.0006 0.0003 0.0000 -0.0001 0.0001 0.0000 0.0000 0.0000 0.0000 0.0000 0.0000 0.0000 0.0007 0.0001 0.0000 -0.0012 0.0001 0.0000 -0.0008 0.0003 0.0000 0.0001 0.0000 0.0000 0.0000 0.0000 0.0000 -0.0009 0.0000 0.0000 0.0002 -29.9997 -0.0001 -0.0003 29.9996 0.0000 0.0000 0.0000 -1.1263 -3.9267 177.5129 0.0000 0.0000 0.0828 -1.7848 67.2934 -0.6292 0.0000 25.0224 0.0000 0.4496 -11.7293 177.8309 0.0384 -12.8412 -0.0870 14.9301 70.1276 6.4501 0.0000 26.4076 -0.0001 
-0.5494 92.5706 -3.0122 4.6856 6.7043 2.4825 4.6354 3.6802 -1.8190 4.6491 3.6915 -1.8240 4.6492 3.6916 -1.8240 51.1099 82.9492 -51.9684 59.6747 62.9020 35.4437 30.6322 21.0883 96.1636 -1.3083 0.3553 -2.6274 0.0000 0.0000 0.0001 0.0000 0.0000 0.0000 0.0000 -0.0013 -0.0008 0.0000 -0.0004 0.0001 0.0000 0.0000 0.0000 0.0000 0.0000 0.0000 0.0000 0.0002 0.0000 0.0000 -0.0006 0.0003 0.0000 0.0004 -0.0006 0.0000 0.0000 0.0001 0.0000 0.0000 0.0000 0.0000 -0.0010 -0.0002 0.0000 0.0002 30.0001 -0.0001 0.0005 -29.9998 0.0000 0.0000 0.0000 -8.6692 -6.5264 3.6664 -8.6692 -6.5264 3.6664 0.7777 76.4829 103.3968 -44.6627 60.0137 -8.9689 -45.9955 32.8031 -102.8407 1.0772 -0.3702 2.3536 0.0000 -0.0001 0.0001 0.0000 0.0000 0.0000 0.0000 -0.0006 0.0003 0.0000 -0.0001 0.0001 0.0000 0.0000 0.0000 0.0000 0.0000 0.0000 0.0000 0.0007 0.0001 0.0000 -0.0012 0.0001 0.0000 -0.0008 0.0003 0.0000 0.0001 0.0000 0.0000 0.0000 0.0000 0.0000 -0.0008 0.0000 0.0000 0.0002 -29.9996 -0.0001 -0.0003 29.9996 0.0000 0.0000 0.0000 -0.7469 -3.9014 177.5603 0.0000 0.0000 0.0828 -2.1625 67.3952 -1.0307 0.0000 25.0225 0.0000 0.7845 -11.6925 177.8609 0.0324 -12.6548 -0.0863 14.8272 69.9705 6.4253 0.0000 26.4217 -0.0001 
-0.6074 92.6004 -2.9183 4.1927 6.7713 2.4253 4.4139 3.6792 -1.7814 4.4262 3.6898 -1.7860 4.4271 3.6906 -1.7863 47.8717 82.2741 -54.6655 60.5154 62.3734 35.5181 30.7166 21.2241 96.1968 -1.3264 0.3843 -2.5857 0.0000 0.0000 0.0001 0.0000 0.0000 0.0000 0.0000 -0.0013 -0.0008 0.0000 -0.0004 0.0001 0.0000 0.0000 0.0000 0.0000 0.0000 0.0000 0.0000 0.0002 0.0000 0.0000 -0.0006 0.0003 0.0000 0.0004 -0.0006 0.0000 0.0000 0.0001 0.0000 0.0000 0.0000 0.0000 -0.0010 -0.0002 0.0000 0.0002 30.0001 -0.0001 0.0005 -29.9998 0.0000 0.0000 0.0000 -8.2055 -6.4664 3.5400 -8.2055 -6.4664 3.5400 0.5324 76.7413 103.3761 -44.1652 60.3180 -8.8752 -45.7751 32.7513 -102.7759 1.0835 -0.3828 2.3886 0.0000 -0.0001 0.0001 0.0000 0.0000 0.0000 0.0000 -0.0006 0.0003 0.0000 -0.0001 0.0001 0.0000 0.0000 0.0000 0.0000 0.0000 0.0000 0.0000 0.0007 0.0001 0.0000 -0.0012 0.0001 0.0000 -0.0008 0.0003 0.0000 0.0001 0.0000 0.0000 0.0000 0.0000 0.0000 -0.0009 0.0000 0.0000 0.0002 -29.9996 -0.0001 -0.0003 29.9996 0.0000 0.0000 0.0000 -0.3097 -3.8424 177.6187 0.0000 0.0001 0.0828 -2.6039 67.5077 -1.4706 0.0000 25.0227 0.0000 1.0571 -11.6280 177.9166 0.0256 -12.4344 -0.0855 14.5408 69.8137 6.3428 0.0000 26.4505 -0.0001 
-0.6517 92.6239 -2.7892 3.5761 6.8252 2.3473 4.1476 3.6790 -1.7363 4.1584 3.6889 -1.7405 4.1599 3.6903 -1.7411 44.9455 81.5657 -57.0206 61.4952 61.8112 35.7076 30.7918 21.3646 96.2568 -1.3430 0.4110 -2.5445 0.0000 0.0000 0.0001 0.0000 0.0000 0.0000 0.0000 -0.0013 -0.0008 0.0000 -0.0004 0.0001 0.0000 0.0000 0.0000 0.0000 0.0000 0.0000 0.0000 0.0003 -0.0001 0.0000 -0.0006 0.0003 0.0000 0.0004 -0.0006 0.0000 0.0000 0.0001 0.0000 0.0000 0.0000 0.0000 -0.0010 -0.0002 0.0000 0.0003 30.0001 -0.0001 0.0005 -29.9998 0.0000 0.0000 0.0000 -7.6190 -6.4217 3.4004 -7.6190 -6.4217 3.4004 0.3934 77.0256 103.4995 -43.7175 60.5717 -8.8679 -45.5907 32.6844 -102.7260 1.0880 -0.3957 2.4217 0.0000 -0.0001 0.0001 0.0000 0.0000 0.0000 0.0000 -0.0006 0.0003 0.0000 -0.0001 0.0001 0.0000 0.0000 0.0000 0.0000 0.0000 0.0000 0.0000 0.0007 0.0001 0.0000 -0.0011 0.0001 0.0000 -0.0008 0.0003 0.0000 0.0001 0.0000 0.0000 0.0000 0.0000 0.0000 -0.0009 0.0000 0.0000 0.0002 -29.9996 -0.0001 -0.0003 29.9996 0.0000 0.0000 0.0000 0.1922 -3.7331 177.6826 0.0000 0.0001 0.0828 -3.1156 67.6328 -1.9431 0.0000 25.0228 0.0000 1.2283 -11.5174 178.0012 0.0180 -12.1682 -0.0846 14.0254 69.6693 6.1982 0.0000 26.4787 -0.0001 
-0.6863 92.6421 -2.6394 2.8754 6.8733 2.2599 3.8429 3.6863 -1.6991 3.8521 3.6955 -1.7029 3.8543 3.6976 -1.7039 42.6090 80.8425 -58.7691 62.5186 61.2645 35.9671 30.8636 21.5224 96.3206 -1.3594 0.4366 -2.5042 0.0000 0.0000 0.0001 0.0000 0.0000 0.0000 0.0000 -0.0013 -0.0008 0.0000 -0.0004 0.0001 0.0000 0.0000 0.0000 0.0000 0.0000 0.0000 0.0000 0.0003 0.0000 0.0000 -0.0006 0.0003 0.0000 0.0004 -0.0006 0.0000 0.0000 0.0001 0.0000 0.0000 0.0000 0.0000 -0.0010 -0.0002 0.0000 0.0002 30.0001 -0.0001 0.0005 -29.9998 0.0000 0.0000 0.0000 -6.9407 -6.4006 3.2702 -6.9408 -6.4006 3.2702 0.5149 77.2922 103.7971 -43.2376 60.8770 -8.8200 -45.4247 32.6227 -102.6815 1.0885 -0.4141 2.4564 0.0000 -0.0001 0.0001 0.0000 0.0000 0.0000 0.0000 -0.0006 0.0003 0.0000 -0.0001 0.0001 0.0000 0.0000 0.0000 0.0000 0.0000 0.0000 0.0000 0.0007 0.0001 0.0000 -0.0012 0.0001 0.0000 -0.0008 0.0003 0.0000 0.0001 0.0000 0.0000 0.0000 0.0000 0.0000 -0.0008 0.0000 0.0000 0.0002 -29.9997 -0.0001 -0.0003 29.9996 0.0000 0.0000 0.0000 0.7280 -3.5963 177.7439 0.0000 0.0000 0.0828 -3.6721 67.7615 -2.4224 0.0000 25.0230 0.0000 1.3247 -11.3734 178.1009 0.0117 -11.8565 -0.0839 13.3596 69.5286 6.0193 0.0000 26.5117 -0.0001 
-0.7126 92.6617 -2.4950 2.1081 6.9218 2.1639 3.5043 3.7018 -1.6739 3.5120 3.7103 -1.6774 3.5147 3.7131 -1.6786 40.7472 80.1136 -60.0306 63.5499 60.7386 36.2506 30.9190 21.7151 96.3634 -1.3751 0.4618 -2.4622 0.0000 0.0000 0.0001 0.0000 0.0000 0.0000 0.0000 -0.0013 -0.0008 0.0000 -0.0004 0.0001 0.0000 0.0000 0.0000 0.0000 0.0000 0.0000 0.0000 0.0002 0.0000 0.0000 -0.0006 0.0003 0.0000 0.0004 -0.0006 0.0000 0.0000 0.0001 0.0000 0.0000 0.0000 0.0000 -0.0010 -0.0002 0.0000 0.0002 30.0001 -0.0001 0.0005 -29.9998 0.0000 0.0000 0.0000 -6.1858 -6.4060 3.1544 -6.1858 -6.4060 3.1544 0.9120 77.5456 104.3746 -42.8661 61.1840 -8.8980 -45.2654 32.5756 -102.6343 1.0838 -0.4386 2.4911 0.0000 -0.0001 0.0001 0.0000 0.0000 0.0000 0.0000 -0.0006 0.0003 0.0000 -0.0001 0.0001 0.0000 0.0000 0.0000 0.0000 0.0000 0.0000 0.0000 0.0007 0.0001 0.0000 -0.0011 0.0001 0.0000 -0.0008 0.0003 0.0000 0.0001 0.0000 0.0000 0.0000 0.0000 0.0000 -0.0008 0.0000 0.0000 0.0002 -29.9996 -0.0001 -0.0002 29.9996 0.0000 0.0000 0.0000 1.2874 -3.4578 177.8031 0.0000 0.0001 0.0828 -4.2484 67.8788 -2.8861 0.0000 25.0232 0.0000 1.3699 -11.2394 178.2101 0.0069 -11.5437 -0.0834 12.6018 69.3932 5.8362 0.0000 26.4847 -0.0001 
-0.7274 92.6822 -2.3805 1.2588 6.9899 2.0598 3.0966 3.7311 -1.6688 3.1028 3.7388 -1.6720 3.1058 3.7425 -1.6736 39.2550 79.3940 -60.9965 64.5598 60.2271 36.5410 30.9453 21.9777 96.3527 -1.3890 0.4847 -2.4186 0.0000 0.0000 0.0001 0.0000 0.0000 0.0000 0.0000 -0.0013 -0.0008 0.0000 -0.0004 0.0001 0.0000 0.0000 0.0000 0.0000 0.0000 0.0000 0.0000 0.0002 0.0000 0.0000 -0.0006 0.0003 0.0000 0.0004 -0.0006 0.0000 0.0000 0.0001 0.0000 0.0000 0.0000 0.0000 -0.0010 -0.0002 0.0000 0.0002 30.0001 -0.0001 0.0005 -29.9998 0.0000 0.0000 0.0000 -5.2988 -6.4649 3.0624 -5.2988 -6.4649 3.0624 1.7922 77.7842 105.3884 -42.5134 61.4835 -9.1216 -45.1227 32.5716 -102.5502 1.0771 -0.4697 2.5309 0.0000 -0.0001 0.0001 0.0000 0.0000 0.0000 0.0000 -0.0006 0.0003 0.0000 -0.0001 0.0001 0.0000 0.0000 0.0000 0.0000 0.0000 0.0000 0.0000 0.0007 0.0001 0.0000 -0.0012 0.0001 0.0000 -0.0008 0.0003 0.0000 0.0002 0.0000 0.0000 0.0000 0.0000 0.0000 -0.0009 0.0000 0.0000 0.0002 -29.9996 -0.0001 -0.0003 29.9996 0.0000 0.0000 0.0000 1.8631 -3.3839 177.8548 0.0004 -0.0625 0.0828 -4.8405 68.0003 -3.3069 0.0000 25.0234 0.0000 1.3769 -11.1620 178.3191 0.0031 -11.2744 -0.0830 11.7821 69.2832 5.6798 0.0000 26.3611 -0.0001 
-0.7332 92.7029 -2.3005 0.3608 7.0933 1.9427 2.6520 3.7701 -1.6792 2.6569 3.7772 -1.6822 2.6598 3.7816 -1.6840 37.9195 78.6452 -61.8499 65.5721 59.7134 36.8266 30.9596 22.3061 96.2785 -1.4014 0.5070 -2.3718 0.0000 0.0000 0.0001 0.0000 0.0000 0.0000 0.0000 -0.0013 -0.0008 0.0000 -0.0004 0.0001 0.0000 0.0000 0.0000 0.0000 0.0000 0.0000 0.0000 0.0002 0.0000 0.0000 -0.0006 0.0003 0.0000 0.0004 -0.0006 0.0000 0.0000 0.0001 0.0000 0.0000 0.0000 0.0000 -0.0010 -0.0002 0.0000 0.0002 30.0001 -0.0001 0.0005 -29.9998 0.0000 0.0000 0.0000 -4.3499 -6.5739 2.9923 -4.3499 -6.5739 2.9923 3.0646 78.0058 106.7931 -42.1065 61.7867 -9.3895 -44.9901 32.5898 -102.4300 1.0690 -0.5059 2.5758 0.0000 -0.0001 0.0001 0.0000 0.0000 0.0000 0.0000 -0.0006 0.0003 0.0000 -0.0001 0.0001 0.0000 0.0000 0.0000 0.0000 0.0000 0.0000 0.0000 0.0007 0.0001 0.0000 -0.0012 0.0001 0.0000 -0.0008 0.0003 0.0000 0.0001 0.0000 0.0000 0.0000 0.0000 0.0000 -0.0009 0.0000 0.0000 0.0002 -29.9997 -0.0001 -0.0003 29.9996 0.0000 0.0000 0.0000 2.4169 -3.3030 177.9080 0.0000 0.0000 0.0828 -5.4312 68.0293 -3.6658 0.0000 25.0236 0.0000 1.3853 -11.1906 178.4303 0.0001 -11.1152 -0.0827 10.9933 69.2228 5.5779 0.0000 26.1282 -0.0001 
-0.7316 92.7219 -2.2454 -0.5739 7.2338 1.8038 2.1822 3.8155 -1.6985 2.1859 3.8222 -1.7012 2.1886 3.8272 -1.7033 37.0039 77.9078 -62.3095 66.5779 59.2395 37.1285 30.9784 22.6526 96.1790 -1.4115 0.5290 -2.3218 0.0000 0.0000 0.0001 0.0000 0.0000 0.0000 0.0000 -0.0013 -0.0008 0.0000 -0.0004 0.0001 0.0000 0.0000 0.0000 0.0000 0.0000 0.0000 0.0000 0.0002 -0.0001 0.0000 -0.0006 0.0003 0.0000 0.0004 -0.0006 0.0000 0.0000 0.0001 0.0000 0.0000 0.0000 0.0000 -0.0010 -0.0002 0.0000 0.0002 30.0001 -0.0001 0.0005 -29.9998 0.0000 0.0000 0.0000 -3.3663 -6.7265 2.9371 -3.3663 -6.7265 2.9371 4.6874 78.2104 108.5487 -41.6311 62.0809 -9.6255 -44.8797 32.6148 -102.3056 1.0590 -0.5452 2.6222 0.0000 -0.0001 0.0001 0.0000 0.0000 0.0000 0.0000 -0.0006 0.0003 0.0000 -0.0001 0.0001 0.0000 0.0000 0.0000 0.0000 0.0000 0.0000 0.0000 0.0007 0.0001 0.0000 -0.0012 0.0001 0.0000 -0.0008 0.0003 0.0000 0.0001 0.0000 0.0000 0.0000 0.0000 0.0000 -0.0009 0.0000 0.0000 0.0002 -29.9996 -0.0001 -0.0003 29.9995 0.0000 0.0000 0.0000 2.9494 -3.3065 177.9730 0.0000 0.0000 0.0828 -6.0431 68.0634 -3.9983 0.0000 25.0238 0.0000 1.4068 -11.3029 178.5552 -0.0018 -11.0361 -0.0826 10.2477 69.2012 5.5192 0.0000 25.8214 -0.0001 
-0.7205 92.7308 -2.2283 -1.5445 7.4325 1.6159 1.6840 3.8647 -1.7189 1.6866 3.8710 -1.7215 1.6889 3.8765 -1.7239 36.6673 77.2251 -62.2547 67.5539 58.8192 37.4027 31.0309 22.9775 96.1110 -1.4177 0.5499 -2.2664 0.0000 0.0000 0.0001 0.0000 0.0000 0.0000 0.0000 -0.0013 -0.0008 0.0000 -0.0004 0.0001 0.0000 0.0000 0.0000 0.0000 0.0000 0.0000 0.0000 0.0002 0.0000 0.0000 -0.0006 0.0003 0.0000 0.0004 -0.0006 0.0000 0.0000 0.0001 0.0000 0.0000 0.0000 0.0000 -0.0010 -0.0002 0.0000 0.0002 30.0001 -0.0001 0.0005 -29.9998 0.0000 0.0000 0.0000 -2.3490 -6.9396 2.8957 -2.3490 -6.9396 2.8957 6.8354 78.4139 110.8719 -41.1235 62.2902 -9.8380 -44.8172 32.6392 -102.2053 1.0450 -0.5861 2.6634 0.0000 -0.0001 0.0001 0.0000 0.0000 0.0000 0.0000 -0.0006 0.0003 0.0000 -0.0001 0.0001 0.0000 0.0000 0.0000 0.0000 0.0000 0.0000 0.0000 0.0007 0.0001 0.0000 -0.0012 0.0001 0.0000 -0.0008 0.0003 0.0000 0.0001 0.0000 0.0000 0.0000 0.0000 0.0000 -0.0008 0.0000 0.0000 0.0002 -29.9996 -0.0001 -0.0003 29.9996 0.0000 0.0000 0.0000 3.4536 -3.3957 178.0765 0.0000 0.0001 0.0828 -6.6597 68.0628 -4.2877 0.0000 25.0239 0.0000 1.4623 -11.5419 178.7193 -0.0016 -11.0605 -0.0826 9.5663 69.2228 5.4897 0.0000 25.4615 -0.0001 
-0.7044 92.7368 -2.2427 -2.5207 7.6730 1.3840 1.1765 3.9158 -1.7334 1.1782 3.9218 -1.7360 1.1799 3.9276 -1.7385 36.9089 76.6067 -61.6306 68.4705 58.4782 37.6650 31.1163 23.2682 96.1126 -1.4237 0.5710 -2.2110 0.0000 0.0000 0.0001 0.0000 0.0000 0.0000 0.0000 -0.0013 -0.0008 0.0000 -0.0004 0.0001 0.0000 0.0000 0.0000 0.0000 0.0000 0.0000 0.0000 0.0003 0.0000 0.0000 -0.0006 0.0003 0.0000 0.0004 -0.0006 0.0000 0.0000 0.0001 0.0000 0.0000 0.0000 0.0000 -0.0010 -0.0002 0.0000 0.0002 30.0001 -0.0001 0.0005 -29.9998 0.0000 0.0000 0.0000 -1.3369 -7.1887 2.8629 -1.3369 -7.1887 2.8629 9.4485 78.6464 113.7230 -40.6569 62.3914 -10.0764 -44.8034 32.6587 -102.1577 1.0265 -0.6264 2.6950 0.0000 -0.0001 0.0001 0.0000 0.0000 0.0000 0.0000 -0.0006 0.0003 0.0000 -0.0001 0.0001 0.0000 0.0000 0.0000 0.0000 0.0000 0.0000 0.0000 0.0007 0.0001 0.0000 -0.0011 0.0001 0.0000 -0.0008 0.0003 0.0000 0.0001 0.0000 0.0000 0.0000 0.0000 0.0000 -0.0009 0.0000 0.0000 0.0002 -29.9996 -0.0001 -0.0003 29.9996 0.0000 0.0000 0.0000 3.9511 -3.5534 178.2160 0.0000 0.0000 0.0828 -7.2547 68.0342 -4.5549 0.0000 25.0239 0.0000 1.5496 -11.8592 178.9154 -0.0017 -11.1251 -0.0825 8.9280 69.2517 5.4591 0.0000 25.0489 -0.0001 
-0.6869 92.7401 -2.2745 -3.4964 7.9421 1.1105 0.6862 3.9707 -1.7437 0.6871 3.9766 -1.7463 0.6881 3.9827 -1.7489 37.5813 76.0403 -60.4817 69.2393 58.3486 37.8420 31.3012 23.4715 96.1441 -1.4269 0.5923 -2.1546 0.0000 0.0000 0.0001 0.0000 0.0000 0.0000 0.0000 -0.0013 -0.0008 0.0000 -0.0004 0.0001 0.0000 0.0000 0.0000 0.0000 0.0000 0.0000 0.0000 0.0002 0.0000 0.0000 -0.0006 0.0003 0.0000 0.0004 -0.0006 0.0000 0.0000 0.0001 0.0000 0.0000 0.0000 0.0000 -0.0010 -0.0002 0.0000 0.0002 30.0001 -0.0001 0.0005 -29.9998 0.0000 0.0000 0.0000 -0.3700 -7.4646 2.8445 -0.3700 -7.4646 2.8445 12.5111 78.8938 117.0643 -40.1593 62.4353 -10.2459 -44.8404 32.6701 -102.1783 1.0036 -0.6680 2.7198 0.0000 -0.0001 0.0001 0.0000 0.0000 0.0000 0.0000 -0.0006 0.0003 0.0000 -0.0001 0.0001 0.0000 0.0000 0.0000 0.0000 0.0000 0.0000 0.0000 0.0007 0.0001 0.0000 -0.0012 0.0001 0.0000 -0.0008 0.0003 0.0000 0.0001 0.0000 0.0000 0.0000 0.0000 0.0000 -0.0008 0.0000 0.0000 0.0002 -29.9997 -0.0001 -0.0003 29.9996 0.0000 0.0000 0.0000 4.4378 -3.7928 178.3922 0.0003 -0.0682 0.0828 -7.8622 68.0221 -4.8323 0.0000 25.0240 0.0000 1.6574 -12.2385 179.1433 -0.0026 -11.2237 -0.0825 8.3440 69.2850 5.4343 0.0000 25.0081 -0.0001 
-0.6663 92.7471 -2.3121 -4.4675 8.2446 0.7718 0.2324 4.0325 -1.7469 0.2326 4.0386 -1.7495 0.2329 4.0447 -1.7522 38.6718 75.5454 -58.9164 69.8292 58.3153 37.9349 31.5752 23.5930 96.2277 -1.4304 0.6162 -2.0971 0.0000 0.0000 0.0001 0.0000 0.0000 0.0000 0.0000 -0.0013 -0.0008 0.0000 -0.0004 0.0001 0.0000 0.0000 0.0000 0.0000 0.0000 0.0000 0.0000 0.0002 0.0000 0.0000 -0.0006 0.0003 0.0000 0.0004 -0.0006 0.0000 0.0000 0.0001 0.0000 0.0000 0.0000 0.0000 -0.0010 -0.0002 0.0000 0.0002 30.0001 -0.0002 0.0005 -29.9998 0.0000 0.0000 0.0000 0.5160 -7.7738 2.8509 0.5160 -7.7738 2.8509 16.2105 79.1884 121.0776 -39.5736 62.4005 -10.3019 -44.9659 32.6635 -102.3356 0.9768 -0.7115 2.7386 0.0000 -0.0001 0.0001 0.0000 0.0000 0.0000 0.0000 -0.0006 0.0003 0.0000 -0.0001 0.0001 0.0000 0.0000 0.0000 0.0000 0.0000 0.0000 0.0000 0.0007 0.0001 0.0000 -0.0012 0.0001 0.0000 -0.0008 0.0003 0.0000 0.0001 0.0000 0.0000 0.0000 0.0000 0.0000 -0.0008 0.0000 0.0000 0.0002 -29.9996 -0.0001 -0.0003 29.9996 0.0000 0.0000 0.0000 4.9335 -4.0187 178.6217 0.0001 -0.0163 0.0828 -8.4191 67.9438 -5.0765 0.0000 25.0240 0.0000 1.7755 -12.6986 179.4279 -0.0037 -11.3735 -0.0823 7.8345 69.3149 5.4387 0.0000 25.0081 -0.0001 
-0.6391 92.7536 -2.3372 -5.4369 8.5721 0.3845 -0.1781 4.0976 -1.7463 -0.1785 4.1039 -1.7490 -0.1788 4.1099 -1.7516 39.9433 75.1023 -57.1812 70.3838 58.2958 38.0036 31.8345 23.6527 96.3521 -1.4330 0.6418 -2.0364 0.0000 0.0000 0.0001 0.0000 0.0000 0.0000 0.0000 -0.0013 -0.0008 0.0000 -0.0004 0.0001 0.0000 0.0000 0.0000 0.0000 0.0000 0.0000 0.0000 0.0002 0.0000 0.0000 -0.0006 0.0003 0.0000 0.0004 -0.0006 0.0000 0.0000 0.0001 0.0000 0.0000 0.0000 0.0000 -0.0010 -0.0002 0.0000 0.0002 30.0001 -0.0001 0.0005 -29.9998 0.0000 0.0000 0.0000 1.3217 -8.1013 2.8813 1.3217 -8.1013 2.8813 20.4715 79.5171 125.6617 -38.9594 62.3323 -10.3424 -45.1665 32.6798 -102.5504 0.9456 -0.7562 2.7485 0.0000 -0.0001 0.0001 0.0000 0.0000 0.0000 0.0000 -0.0006 0.0003 0.0000 -0.0001 0.0001 0.0000 0.0000 0.0000 0.0000 0.0000 0.0000 0.0000 0.0007 0.0001 0.0000 -0.0012 0.0001 0.0000 -0.0008 0.0003 0.0000 0.0001 0.0000 0.0000 0.0000 0.0000 0.0000 -0.0009 0.0000 0.0000 0.0002 -29.9996 -0.0001 -0.0003 29.9995 0.0000 0.0000 0.0000 5.4797 -4.3127 178.8811 0.0002 -0.0487 0.0828 -8.9191 67.9273 -5.3030 0.0000 25.0240 0.0000 1.8964 -13.2003 179.7538 -0.0051 -11.5446 -0.0822 7.3838 69.3354 5.4907 0.0000 25.0080 -0.0001 
-0.6077 92.7570 -2.3489 -6.4104 8.9165 -0.0326 -0.5451 4.1634 -1.7477 -0.5461 4.1700 -1.7505 -0.5469 4.1760 -1.7530 41.3955 74.7315 -55.2808 70.9295 58.2968 38.0843 32.0872 23.6687 96.5079 -1.4308 0.6650 -1.9712 0.0000 0.0000 0.0001 0.0000 0.0000 0.0000 0.0000 -0.0013 -0.0008 0.0000 -0.0004 0.0001 0.0000 0.0000 0.0000 0.0000 0.0000 0.0000 0.0000 0.0002 0.0000 0.0000 -0.0006 0.0003 0.0000 0.0004 -0.0006 0.0000 0.0000 0.0001 0.0000 0.0000 0.0000 0.0000 -0.0010 -0.0002 0.0000 0.0002 30.0001 -0.0001 0.0005 -29.9998 0.0000 0.0000 0.0000 2.0544 -8.4355 2.9383 2.0544 -8.4355 2.9383 25.2502 79.8527 130.7608 -38.3517 62.2507 -10.4171 -45.4052 32.7158 -102.7957 0.9120 -0.8012 2.7524 0.0000 -0.0001 0.0001 0.0000 0.0000 0.0000 0.0000 -0.0006 0.0003 0.0000 -0.0001 0.0001 0.0000 0.0000 0.0000 0.0000 0.0000 0.0000 0.0000 0.0007 0.0001 0.0000 -0.0011 0.0001 0.0000 -0.0008 0.0003 0.0000 0.0001 0.0000 0.0000 0.0000 0.0000 0.0000 -0.0008 0.0000 0.0000 0.0002 -29.9996 -0.0001 -0.0003 29.9996 0.0000 0.0000 0.0000 6.0767 -4.5909 179.1504 0.0000 -0.0163 0.0828 -9.3391 67.9006 -5.4852 0.0000 25.0240 0.0000 2.0244 -13.7208 -179.9018 -0.0076 -11.7225 -0.0819 6.9944 69.3471 5.6006 0.0000 25.0077 -0.0001 
-0.5763 92.7581 -2.3480 -7.3930 9.2806 -0.4584 -0.8320 4.2285 -1.7527 -0.8335 4.2355 -1.7557 -0.8347 4.2412 -1.7581 42.8075 74.4899 -53.4258 71.4496 58.3123 38.1688 32.3113 23.6357 96.6698 -1.4190 0.6809 -1.9022 0.0000 0.0000 0.0001 0.0000 0.0000 0.0000 0.0000 -0.0013 -0.0008 0.0000 -0.0004 0.0001 0.0000 0.0000 0.0000 0.0000 0.0000 0.0000 0.0000 0.0002 0.0000 0.0000 -0.0006 0.0003 0.0000 0.0004 -0.0006 0.0000 0.0000 0.0001 0.0000 0.0000 0.0000 0.0000 -0.0010 -0.0002 0.0000 0.0003 30.0001 -0.0001 0.0005 -29.9998 0.0000 0.0000 0.0000 2.6617 -8.7717 3.0179 2.6617 -8.7717 3.0179 30.2860 80.1984 136.1333 -37.7566 62.1790 -10.5450 -45.6671 32.7574 -103.0548 0.8793 -0.8440 2.7538 0.0000 -0.0001 0.0001 0.0000 0.0000 0.0000 0.0000 -0.0006 0.0003 0.0000 -0.0001 0.0001 0.0000 0.0000 0.0000 0.0000 0.0000 0.0000 0.0000 0.0007 0.0001 0.0000 -0.0012 0.0001 0.0000 -0.0008 0.0003 0.0000 0.0001 0.0000 0.0000 0.0000 0.0000 0.0000 -0.0008 0.0000 0.0000 0.0002 -29.9996 -0.0001 -0.0003 29.9996 0.0000 0.0000 0.0000 6.7326 -4.8957 179.4057 0.0000 0.0001 0.0828 -9.6888 67.9123 -5.6262 0.0000 25.0240 0.0000 2.1575 -14.2555 -179.5677 -0.0121 -11.9032 -0.0815 6.7048 69.3448 5.8222 0.0000 25.0071 -0.0001 
-0.5435 92.7568 -2.3567 -8.3780 9.6522 -0.8662 -1.0718 4.2951 -1.7623 -1.0738 4.3026 -1.7654 -1.0752 4.3080 -1.7677 44.0455 74.3500 -51.9410 71.9385 58.1632 38.3199 32.5290 23.6739 96.8370 -1.4034 0.6886 -1.8380 0.0000 0.0000 0.0001 0.0000 0.0000 0.0000 0.0000 -0.0013 -0.0008 0.0000 -0.0004 0.0001 0.0000 0.0000 0.0000 0.0000 0.0000 0.0000 0.0000 0.0003 0.0000 0.0000 -0.0006 0.0003 0.0000 0.0004 -0.0006 0.0000 0.0000 0.0001 0.0000 0.0000 0.0000 0.0000 -0.0010 -0.0002 0.0000 0.0003 30.0001 -0.0001 0.0005 -29.9998 0.0000 0.0000 0.0000 3.1950 -9.1093 3.0947 3.1950 -9.1093 3.0947 35.0871 80.4587 141.2107 -37.2054 62.1299 -10.6670 -45.9164 32.7808 -103.2906 0.8510 -0.8810 2.7561 0.0000 -0.0001 0.0001 0.0000 0.0000 0.0000 0.0000 -0.0006 0.0003 0.0000 -0.0001 0.0001 0.0000 0.0000 0.0000 0.0000 0.0000 0.0000 0.0000 0.0007 0.0001 0.0000 -0.0012 0.0001 0.0000 -0.0008 0.0003 0.0000 0.0001 0.0000 0.0000 0.0000 0.0000 0.0000 -0.0008 0.0000 0.0000 0.0002 -29.9996 -0.0001 -0.0003 29.9996 0.0000 0.0000 0.0000 7.4047 -5.2273 179.6269 0.0000 0.0000 0.0828 -9.9999 67.9410 -5.7295 0.0000 25.0240 0.0000 2.2890 -14.8234 -179.2675 -0.0187 -12.1313 -0.0807 6.5113 69.3389 6.1557 0.0000 25.0061 -0.0001 
-0.5061 92.7570 -2.3844 -9.3594 10.0164 -1.2427 -1.2593 4.3551 -1.7791 -1.2617 4.3630 -1.7824 -1.2633 4.3682 -1.7846 45.1526 74.2879 -50.6388 72.4205 57.9033 38.5186 32.6863 23.7866 97.0307 -1.3874 0.6915 -1.7791 0.0000 0.0000 0.0001 0.0000 0.0000 0.0000 0.0000 -0.0013 -0.0008 0.0000 -0.0004 0.0001 0.0000 0.0000 0.0000 0.0000 0.0000 0.0000 0.0000 0.0002 0.0000 0.0000 -0.0006 0.0003 0.0000 0.0004 -0.0006 0.0000 0.0000 0.0001 0.0000 0.0000 0.0000 0.0000 -0.0010 -0.0002 0.0000 0.0003 30.0001 -0.0001 0.0005 -29.9998 0.0000 0.0000 0.0000 3.6482 -9.4232 3.1707 3.6482 -9.4232 3.1707 39.3931 80.6132 145.7708 -36.7590 62.0845 -10.7621 -46.1365 32.7994 -103.4711 0.8239 -0.9117 2.7524 0.0000 -0.0001 0.0001 0.0000 0.0000 0.0000 0.0000 -0.0006 0.0003 0.0000 -0.0001 0.0001 0.0000 0.0000 0.0000 0.0000 0.0000 0.0000 0.0000 0.0007 0.0001 0.0000 -0.0012 0.0001 0.0000 -0.0008 0.0003 0.0000 0.0001 0.0000 0.0000 0.0000 0.0000 0.0000 -0.0009 0.0000 0.0000 0.0002 -29.9996 -0.0001 -0.0003 29.9996 0.0000 0.0000 0.0000 8.0844 -5.5669 179.8040 0.0000 0.0000 0.0828 -10.2740 67.9686 -5.7989 0.0000 25.0240 0.0000 2.4245 -15.4217 -179.0086 -0.0275 -12.4192 -0.0797 6.3830 69.3319 6.5590 0.0000 25.0048 -0.0001 
-0.4664 92.7576 -2.4381 -10.3104 10.3393 -1.5477 -1.3895 4.4132 -1.8189 -1.3923 4.4215 -1.8224 -1.3939 4.4265 -1.8245 46.1299 74.2987 -49.5620 72.8055 57.6543 38.7285 32.8247 23.9171 97.2006 -1.3707 0.6883 -1.7322 0.0000 0.0000 0.0001 0.0000 0.0000 0.0000 0.0000 -0.0013 -0.0008 0.0000 -0.0004 0.0001 0.0000 0.0000 0.0000 0.0000 0.0000 0.0000 0.0000 0.0002 0.0000 0.0000 -0.0006 0.0003 0.0000 0.0004 -0.0006 0.0000 0.0000 0.0001 0.0000 0.0000 0.0000 0.0000 -0.0010 -0.0002 0.0000 0.0002 30.0001 -0.0001 0.0005 -29.9998 0.0000 0.0000 0.0000 4.0118 -9.6878 3.2584 4.0118 -9.6878 3.2584 42.5630 80.6283 149.1136 -36.5111 62.0404 -10.8238 -46.2872 32.7958 -103.5900 0.8000 -0.9339 2.7449 0.0000 -0.0001 0.0001 0.0000 0.0000 0.0000 0.0000 -0.0006 0.0003 0.0000 -0.0001 0.0001 0.0000 0.0000 0.0000 0.0000 0.0000 0.0000 0.0000 0.0007 0.0001 0.0000 -0.0011 0.0001 0.0000 -0.0008 0.0003 0.0000 0.0001 0.0000 0.0000 0.0000 0.0000 0.0000 -0.0008 0.0000 0.0000 0.0002 -29.9997 -0.0001 -0.0003 29.9996 0.0000 0.0000 0.0000 8.7272 -5.9047 179.9128 0.0000 -0.0487 0.0828 -10.5481 68.0165 -5.8551 0.0000 25.0240 0.0000 2.5546 -16.0180 -178.8156 -0.0388 -12.7825 -0.0784 6.2961 69.3367 6.9788 0.0000 25.0032 -0.0001 
-0.4431 92.7574 -2.4900 -11.1987 10.6028 -1.7837 -1.4843 4.4769 -1.8746 -1.4874 4.4857 -1.8784 -1.4890 4.4904 -1.8805 46.9071 74.3312 -48.7701 73.0259 57.4216 38.8991 32.9427 24.0752 97.3308 -1.3605 0.6850 -1.7019 0.0000 0.0000 0.0001 0.0000 0.0000 0.0000 0.0000 -0.0013 -0.0008 0.0000 -0.0004 0.0001 0.0000 0.0000 0.0000 0.0000 0.0000 0.0000 0.0000 0.0002 0.0000 0.0000 -0.0006 0.0003 0.0000 0.0004 -0.0006 0.0000 0.0000 0.0001 0.0000 0.0000 0.0000 0.0000 -0.0010 -0.0002 0.0000 0.0002 30.0001 -0.0001 0.0005 -29.9998 0.0000 0.0000 0.0000 4.3083 -9.9154 3.3367 4.3083 -9.9154 3.3367 44.5368 80.5662 151.1825 -36.4410 62.0054 -10.8748 -46.3872 32.7771 -103.6711 0.7808 -0.9491 2.7366 0.0000 -0.0001 0.0001 0.0000 0.0000 0.0000 0.0000 -0.0006 0.0003 0.0000 -0.0001 0.0001 0.0000 0.0000 0.0000 0.0000 0.0000 0.0000 0.0000 0.0007 0.0001 0.0000 -0.0012 0.0001 0.0000 -0.0008 0.0003 0.0000 0.0001 0.0000 0.0000 0.0000 0.0000 0.0000 -0.0008 0.0000 0.0000 0.0002 -29.9997 -0.0001 -0.0003 29.9996 0.0000 0.0000 0.0000 9.2799 -6.1315 179.9822 0.0000 0.0000 0.0828 -10.8590 68.0220 -5.9203 0.0000 25.0240 0.0000 2.6551 -16.5393 -178.6609 -0.0494 -13.1569 -0.0770 6.1876 69.3565 7.3343 0.0000 25.0015 -0.0001 
-0.4429 92.7556 -2.5244 -12.0040 10.8229 -1.9629 -1.5536 4.5413 -1.9399 -1.5570 4.5506 -1.9440 -1.5586 4.5550 -1.9460 47.5247 74.3632 -48.2036 73.1342 57.2267 39.0644 33.0274 24.2420 97.4165 -1.3567 0.6824 -1.6868 0.0000 0.0000 0.0001 0.0000 0.0000 0.0000 0.0000 -0.0013 -0.0008 0.0000 -0.0004 0.0001 0.0000 0.0000 0.0000 0.0000 0.0000 0.0000 0.0000 0.0003 0.0000 0.0000 -0.0006 0.0003 0.0000 0.0004 -0.0006 0.0000 0.0000 0.0001 0.0000 0.0000 0.0000 0.0000 -0.0010 -0.0002 0.0000 0.0003 30.0001 -0.0001 0.0005 -29.9998 0.0000 0.0000 0.0000 4.5463 -10.1122 3.4024 4.5463 -10.1122 3.4024 45.4229 80.4364 152.1001 -36.5126 61.9621 -10.8880 -46.4550 32.7559 -103.7221 0.7657 -0.9586 2.7271 0.0000 -0.0001 0.0001 0.0000 0.0000 0.0000 0.0000 -0.0006 0.0003 0.0000 -0.0001 0.0001 0.0000 0.0000 0.0000 0.0000 0.0000 0.0000 0.0000 0.0007 0.0001 0.0000 -0.0012 0.0001 0.0000 -0.0008 0.0003 0.0000 0.0001 0.0000 0.0000 0.0000 0.0000 0.0000 -0.0009 0.0000 0.0000 0.0002 -29.9996 -0.0001 -0.0003 29.9996 0.0000 0.0000 0.0000 9.7283 -6.3350 -179.9688 0.0000 -0.0163 0.0828 -11.2540 68.0683 -6.0517 0.0000 25.0241 0.0000 2.7251 -16.9755 -178.5322 -0.0580 -13.5107 -0.0759 6.0739 69.3890 7.6279 0.0000 24.9996 -0.0001 
-0.4659 92.7489 -2.5119 -12.6365 10.9998 -2.0685 -1.5784 4.5915 -2.0103 -1.5819 4.6012 -2.0147 -1.5834 4.6053 -2.0166 48.0220 74.4065 -47.7792 73.2019 57.1090 39.2813 33.0275 24.3626 97.4505 -1.3576 0.6799 -1.6869 0.0000 0.0000 0.0001 0.0000 0.0000 0.0000 0.0000 -0.0013 -0.0008 0.0000 -0.0004 0.0001 0.0000 0.0000 0.0000 0.0000 0.0000 0.0000 0.0000 0.0003 0.0000 0.0000 -0.0006 0.0003 0.0000 0.0004 -0.0006 0.0000 0.0000 0.0001 0.0000 0.0000 0.0000 0.0000 -0.0010 -0.0002 0.0000 0.0003 30.0001 -0.0001 0.0005 -29.9998 0.0000 0.0000 0.0000 4.6758 -10.2494 3.4595 4.6758 -10.2494 3.4595 45.1144 80.2382 151.8022 -36.7564 61.8945 -10.8446 -46.4959 32.7488 -103.7288 0.7529 -0.9614 2.7110 0.0000 -0.0001 0.0001 0.0000 0.0000 0.0000 0.0000 -0.0006 0.0003 0.0000 -0.0001 0.0001 0.0000 0.0000 0.0000 0.0000 0.0000 0.0000 0.0000 0.0007 0.0001 0.0000 -0.0012 0.0001 0.0000 -0.0008 0.0003 0.0000 0.0001 0.0000 0.0000 0.0000 0.0000 0.0000 -0.0009 0.0000 0.0000 0.0002 -29.9996 -0.0001 -0.0003 29.9996 0.0000 0.0000 0.0000 10.0201 -6.4571 -179.9434 0.0000 -0.0163 0.0828 -11.6790 68.1255 -6.2249 0.0000 25.0242 0.0000 2.7393 -17.2782 -178.4439 -0.0650 -13.7870 -0.0749 6.0084 69.4247 7.8697 0.0000 24.9978 -0.0001 
-0.4906 92.7449 -2.4516 -13.0803 11.1521 -2.1295 -1.5996 4.6350 -2.0792 -1.6032 4.6450 -2.0838 -1.6046 4.6489 -2.0857 48.5423 74.4681 -47.3997 73.2976 57.0679 39.5681 32.9383 24.3944 97.4584 -1.3595 0.6759 -1.6978 0.0000 0.0000 0.0001 0.0000 0.0000 0.0000 0.0000 -0.0013 -0.0008 0.0000 -0.0004 0.0001 0.0000 0.0000 0.0000 0.0000 0.0000 0.0000 0.0000 0.0002 0.0000 0.0000 -0.0006 0.0003 0.0000 0.0004 -0.0006 0.0000 0.0000 0.0001 0.0000 0.0000 0.0000 0.0000 -0.0010 -0.0002 0.0000 0.0002 30.0001 -0.0001 0.0005 -29.9998 0.0000 0.0000 0.0000 4.7499 -10.3531 3.5142 4.7499 -10.3531 3.5142 44.1437 80.0264 150.7798 -37.1166 61.8301 -10.8179 -46.5425 32.7497 -103.7080 0.7428 -0.9596 2.6924 0.0000 -0.0001 0.0001 0.0000 0.0000 0.0000 0.0000 -0.0006 0.0003 0.0000 -0.0001 0.0001 0.0000 0.0000 0.0000 0.0000 0.0000 0.0000 0.0000 0.0007 0.0001 0.0000 -0.0012 0.0001 0.0000 -0.0008 0.0003 0.0000 0.0002 0.0000 0.0000 0.0000 0.0000 0.0000 -0.0008 0.0000 0.0000 0.0002 -29.9996 -0.0001 -0.0003 29.9996 0.0000 0.0000 0.0000 10.2000 -6.5321 -179.9352 0.0000 -0.0162 0.0828 -12.0247 68.2012 -6.3822 0.0000 25.0242 0.0000 2.6980 -17.4816 -178.3836 -0.0737 -13.9662 -0.0737 6.0368 69.4379 8.1084 0.0000 24.9959 -0.0001 
-0.5155 92.7444 -2.3498 -13.3445 11.2881 -2.1620 -1.6150 4.6712 -2.1370 -1.6188 4.6815 -2.1419 -1.6201 4.6852 -2.1437 49.0936 74.5592 -47.0193 73.4150 57.0991 39.9075 32.8068 24.4014 97.4454 -1.3595 0.6677 -1.7153 0.0000 0.0000 0.0001 0.0000 0.0000 0.0000 0.0000 -0.0013 -0.0008 0.0000 -0.0004 0.0001 0.0000 0.0000 0.0000 0.0000 0.0000 0.0000 0.0000 0.0002 0.0000 0.0000 -0.0006 0.0003 0.0000 0.0004 -0.0006 0.0000 0.0000 0.0001 0.0000 0.0000 0.0000 0.0000 -0.0010 -0.0002 0.0000 0.0002 30.0001 -0.0001 0.0005 -29.9998 0.0000 0.0000 0.0000 4.7656 -10.4328 3.5536 4.7656 -10.4328 3.5536 42.7062 79.8048 149.2579 -37.5604 61.7471 -10.8009 -46.6080 32.7550 -103.6845 0.7360 -0.9538 2.6723 0.0000 -0.0001 0.0001 0.0000 0.0000 0.0000 0.0000 -0.0006 0.0003 0.0000 -0.0001 0.0001 0.0000 0.0000 0.0000 0.0000 0.0000 0.0000 0.0000 0.0007 0.0001 0.0000 -0.0012 0.0001 0.0000 -0.0008 0.0003 0.0000 0.0001 0.0000 0.0000 0.0000 0.0000 0.0000 -0.0009 0.0000 0.0000 0.0002 -29.9996 -0.0001 -0.0003 29.9996 0.0000 0.0000 0.0000 10.2996 -6.5671 -179.9352 0.0000 0.0000 0.0828 -12.2546 68.2834 -6.5073 0.0000 25.0242 0.0000 2.6191 -17.6012 -178.3328 -0.0789 -14.0474 -0.0730 6.1492 69.4197 8.3400 0.0000 24.9940 -0.0001 
-0.5550 92.7509 -2.2037 -13.3515 11.4088 -2.1660 -1.6224 4.6932 -2.1728 -1.6263 4.7036 -2.1778 -1.6276 4.7073 -2.1796 49.7341 74.6977 -46.5783 73.5609 57.2378 40.2899 32.6425 24.3939 97.4166 -1.3546 0.6526 -1.7383 0.0000 0.0000 0.0001 0.0000 0.0000 0.0000 0.0000 -0.0013 -0.0008 0.0000 -0.0004 0.0001 0.0000 0.0000 0.0000 0.0000 0.0000 0.0000 0.0000 0.0002 0.0000 0.0000 -0.0006 0.0003 0.0000 0.0004 -0.0006 0.0000 0.0000 0.0001 0.0000 0.0000 0.0000 0.0000 -0.0010 -0.0002 0.0000 0.0002 30.0001 -0.0001 0.0005 -29.9998 0.0000 0.0000 0.0000 4.6992 -10.4792 3.5718 4.6992 -10.4792 3.5718 40.6494 79.5330 147.0808 -38.1461 61.6038 -10.8059 -46.7052 32.7649 -103.6578 0.7332 -0.9415 2.6487 0.0000 -0.0001 0.0001 0.0000 0.0000 0.0000 0.0000 -0.0006 0.0003 0.0000 -0.0001 0.0001 0.0000 0.0000 0.0000 0.0000 0.0000 0.0000 0.0000 0.0007 0.0001 0.0000 -0.0012 0.0001 0.0000 -0.0008 0.0003 0.0000 0.0001 0.0000 0.0000 0.0000 0.0000 0.0000 -0.0008 0.0000 0.0000 0.0002 -29.9996 -0.0001 -0.0003 29.9996 0.0000 0.0000 0.0000 10.3200 -6.5939 -179.9309 -0.0001 -0.0162 0.0828 -12.3074 68.3883 -6.6133 0.0000 25.0242 0.0000 2.5119 -17.6288 -178.2824 -0.0736 -14.0034 -0.0737 6.3978 69.3473 8.5707 0.0000 24.9920 -0.0001 
-0.6142 92.7577 -2.0469 -13.1666 11.5264 -2.1542 -1.6309 4.7037 -2.1963 -1.6348 4.7142 -2.2014 -1.6361 4.7178 -2.2031 50.5077 74.8525 -46.0560 73.7203 57.4494 40.6674 32.5137 24.3365 97.3791 -1.3438 0.6335 -1.7589 0.0000 0.0000 0.0001 0.0000 0.0000 0.0000 0.0000 -0.0013 -0.0008 0.0000 -0.0004 0.0001 0.0000 0.0000 0.0000 0.0000 0.0000 0.0000 0.0000 0.0002 0.0000 0.0000 -0.0006 0.0003 0.0000 0.0004 -0.0006 0.0000 0.0000 0.0001 0.0000 0.0000 0.0000 0.0000 -0.0010 -0.0002 0.0000 0.0002 30.0001 -0.0001 0.0005 -29.9998 0.0000 0.0000 0.0000 4.5866 -10.4992 3.5903 4.5866 -10.4992 3.5903 38.3442 79.1974 144.5896 -38.7743 61.4257 -10.8485 -46.8026 32.7648 -103.6446 0.7375 -0.9267 2.6330 0.0000 -0.0001 0.0001 0.0000 0.0000 0.0000 0.0000 -0.0006 0.0003 0.0000 -0.0001 0.0001 0.0000 0.0000 0.0000 0.0000 0.0000 0.0000 0.0000 0.0007 0.0001 0.0000 -0.0012 0.0001 0.0000 -0.0008 0.0003 0.0000 0.0001 0.0000 0.0000 0.0000 0.0000 0.0000 -0.0008 0.0000 0.0000 0.0002 -29.9996 -0.0001 -0.0003 29.9996 0.0000 0.0000 0.0000 10.2979 -6.6406 -179.9137 -0.0002 -0.0625 0.0828 -12.2240 68.4983 -6.7158 0.0000 25.0241 0.0000 2.3885 -17.6181 -178.2372 -0.0672 -13.8887 -0.0746 6.7774 69.2306 8.8236 0.0000 24.9897 -0.0001 
-0.6973 92.7651 -1.8915 -12.8333 11.6324 -2.1331 -1.6334 4.7083 -2.2112 -1.6373 4.7190 -2.2163 -1.6386 4.7225 -2.2180 51.4065 75.0121 -45.4533 73.8613 57.7193 41.0128 32.4042 24.2617 97.3481 -1.3313 0.6129 -1.7798 0.0000 0.0000 0.0001 0.0000 0.0000 0.0000 0.0000 -0.0013 -0.0008 0.0000 -0.0004 0.0001 0.0000 0.0000 0.0000 0.0000 0.0000 0.0000 0.0000 0.0002 0.0000 0.0000 -0.0006 0.0003 0.0000 0.0004 -0.0006 0.0000 0.0000 0.0001 0.0000 0.0000 0.0000 0.0000 -0.0010 -0.0002 0.0000 0.0002 30.0001 -0.0001 0.0005 -29.9998 0.0000 0.0000 0.0000 4.4354 -10.4978 3.6100 4.4354 -10.4978 3.6100 35.9160 78.7994 141.9176 -39.3890 61.2374 -10.9320 -46.8991 32.7633 -103.6330 0.7496 -0.9107 2.6286 0.0000 -0.0001 0.0001 0.0000 0.0000 0.0000 0.0000 -0.0006 0.0003 0.0000 -0.0001 0.0001 0.0000 0.0000 0.0000 0.0000 0.0000 0.0000 0.0000 0.0007 0.0001 0.0000 -0.0012 0.0001 0.0000 -0.0008 0.0003 0.0000 0.0001 0.0000 0.0000 0.0000 0.0000 0.0000 -0.0008 0.0000 0.0000 0.0002 -29.9996 -0.0001 -0.0003 29.9996 0.0000 0.0000 0.0000 10.2421 -6.6585 -179.8736 -0.0001 -0.0487 0.0828 -12.0344 68.5671 -6.8129 0.0000 25.0241 0.0000 2.2526 -17.5725 -178.1828 -0.0605 -13.7403 -0.0754 7.2389 69.0976 9.0662 0.0000 24.9873 -0.0001 
-0.8161 92.7754 -1.7549 -12.3239 11.7198 -2.0994 -1.6033 4.7085 -2.2189 -1.6071 4.7191 -2.2240 -1.6084 4.7227 -2.2258 52.4468 75.1625 -44.7376 73.9136 58.0720 41.2630 32.3262 24.1550 97.3250 -1.3201 0.5939 -1.8018 0.0000 0.0000 0.0001 0.0000 0.0000 0.0000 0.0000 -0.0013 -0.0008 0.0000 -0.0004 0.0001 0.0000 0.0000 0.0000 0.0000 0.0000 0.0000 0.0000 0.0003 0.0000 0.0000 -0.0006 0.0003 0.0000 0.0004 -0.0006 0.0000 0.0000 0.0001 0.0000 0.0000 0.0000 0.0000 -0.0010 -0.0002 0.0000 0.0002 30.0001 -0.0001 0.0005 -29.9998 0.0000 0.0000 0.0000 4.2130 -10.4689 3.6448 4.2130 -10.4689 3.6448 33.3978 78.3158 139.1094 -40.0238 61.0201 -11.1022 -46.9769 32.7542 -103.6599 0.7724 -0.8951 2.6417 0.0000 -0.0001 0.0001 0.0000 0.0000 0.0000 0.0000 -0.0006 0.0003 0.0000 -0.0001 0.0001 0.0000 0.0000 0.0000 0.0000 0.0000 0.0000 0.0000 0.0007 0.0001 0.0000 -0.0011 0.0001 0.0000 -0.0008 0.0003 0.0000 0.0001 0.0000 0.0000 0.0000 0.0000 0.0000 -0.0009 0.0000 0.0000 0.0002 -29.9996 -0.0001 -0.0003 29.9996 0.0000 0.0000 0.0000 10.1160 -6.6914 -179.7966 -0.0001 -0.0487 0.0828 -11.7899 68.6191 -6.9483 0.0000 25.0240 0.0000 2.0773 -17.4602 -178.0944 -0.0516 -13.5530 -0.0766 7.7226 68.9702 9.2325 0.0000 24.9848 -0.0001 
-0.9648 92.7889 -1.6389 -11.6999 11.7987 -2.0466 -1.5424 4.7075 -2.2230 -1.5461 4.7180 -2.2282 -1.5473 4.7216 -2.2299 53.5319 75.3023 -44.0182 73.8772 58.4752 41.4357 32.2722 24.0122 97.3054 -1.3114 0.5771 -1.8271 0.0000 0.0000 0.0001 0.0000 0.0000 0.0000 0.0000 -0.0013 -0.0008 0.0000 -0.0004 0.0001 0.0000 0.0000 0.0000 0.0000 0.0000 0.0000 0.0000 0.0002 0.0000 0.0000 -0.0006 0.0003 0.0000 0.0004 -0.0006 0.0000 0.0000 0.0001 0.0000 0.0000 0.0000 0.0000 -0.0010 -0.0002 0.0000 0.0002 30.0001 -0.0001 0.0005 -29.9998 0.0000 0.0000 0.0000 3.9358 -10.4265 3.6887 3.9358 -10.4265 3.6887 31.0332 77.7885 136.3969 -40.6989 60.7832 -11.3439 -47.0246 32.7378 -103.6988 0.8007 -0.8778 2.6614 0.0000 -0.0001 0.0001 0.0000 0.0000 0.0000 0.0000 -0.0006 0.0003 0.0000 -0.0001 0.0001 0.0000 0.0000 0.0000 0.0000 0.0000 0.0000 0.0000 0.0007 0.0001 0.0000 -0.0012 0.0001 0.0000 -0.0008 0.0003 0.0000 0.0001 0.0000 0.0000 0.0000 0.0000 0.0000 -0.0008 0.0000 0.0000 0.0002 -29.9996 -0.0001 -0.0003 29.9996 0.0000 0.0000 0.0000 9.8906 -6.7134 -179.6953 0.0000 0.0001 0.0828 -11.5668 68.6212 -7.1113 0.0000 25.0239 0.0000 1.8382 -17.2765 -177.9607 -0.0373 -13.3215 -0.0784 8.1055 68.8631 9.2609 0.0000 24.9822 -0.0001 
-1.1289 92.8053 -1.5426 -10.9794 11.8841 -1.9691 -1.4513 4.7031 -2.2262 -1.4547 4.7135 -2.2312 -1.4560 4.7172 -2.2330 54.6318 75.4450 -43.3153 73.7442 58.9045 41.5406 32.2342 23.8414 97.2889 -1.3055 0.5623 -1.8563 0.0000 0.0000 0.0001 0.0000 0.0000 0.0000 0.0000 -0.0013 -0.0008 0.0000 -0.0004 0.0001 0.0000 0.0000 0.0000 0.0000 0.0000 0.0000 0.0000 0.0002 -0.0001 0.0000 -0.0006 0.0003 0.0000 0.0004 -0.0006 0.0000 0.0000 0.0001 0.0000 0.0000 0.0000 0.0000 -0.0010 -0.0002 0.0000 0.0002 30.0001 -0.0001 0.0005 -29.9998 0.0000 0.0000 0.0000 3.6029 -10.3751 3.7372 3.6029 -10.3751 3.7372 28.8970 77.2410 133.8694 -41.3719 60.5398 -11.6140 -47.0570 32.7203 -103.7427 0.8323 -0.8591 2.6840 0.0000 -0.0001 0.0001 0.0000 0.0000 0.0000 0.0000 -0.0006 0.0003 0.0000 -0.0001 0.0001 0.0000 0.0000 0.0000 0.0000 0.0000 0.0000 0.0000 0.0007 0.0001 0.0000 -0.0011 0.0001 0.0000 -0.0008 0.0003 0.0000 0.0001 0.0000 0.0000 0.0000 0.0000 0.0000 -0.0008 0.0000 0.0000 0.0002 -29.9996 -0.0001 -0.0003 29.9996 0.0000 0.0000 0.0000 9.5578 -6.7864 -179.5882 0.0000 0.0001 0.0828 -11.3932 68.6209 -7.3044 0.0000 25.0239 0.0000 1.5357 -17.0510 -177.8085 -0.0235 -13.0407 -0.0800 8.4113 68.7607 9.1903 0.0000 24.9797 -0.0001 
-1.3004 92.8231 -1.4655 -10.1295 11.9837 -1.8500 -1.3111 4.6992 -2.2300 -1.3142 4.7095 -2.2350 -1.3153 4.7133 -2.2368 55.6884 75.6119 -42.6894 73.4450 59.3512 41.5539 32.1949 23.6692 97.2722 -1.3055 0.5499 -1.8944 0.0000 0.0000 0.0001 0.0000 0.0000 0.0000 0.0000 -0.0013 -0.0008 0.0000 -0.0004 0.0001 0.0000 0.0000 0.0000 0.0000 0.0000 0.0000 0.0000 0.0003 0.0000 0.0000 -0.0006 0.0003 0.0000 0.0004 -0.0006 0.0000 0.0000 0.0001 0.0000 0.0000 0.0000 0.0000 -0.0010 -0.0002 0.0000 0.0003 30.0001 -0.0001 0.0005 -29.9998 0.0000 0.0000 0.0000 3.1887 -10.3157 3.7881 3.1887 -10.3157 3.7881 27.1079 76.6924 131.6411 -41.9641 60.2939 -11.8427 -47.1020 32.7157 -103.7921 0.8654 -0.8397 2.7068 0.0000 -0.0001 0.0001 0.0000 0.0000 0.0000 0.0000 -0.0006 0.0003 0.0000 -0.0001 0.0001 0.0000 0.0000 0.0000 0.0000 0.0000 0.0000 0.0000 0.0007 0.0001 0.0000 -0.0011 0.0001 0.0000 -0.0008 0.0003 0.0000 0.0001 0.0000 0.0000 0.0000 0.0000 0.0000 -0.0008 0.0000 0.0000 0.0002 -29.9997 -0.0001 -0.0003 29.9996 0.0000 0.0000 0.0000 9.0702 -6.8954 -179.4913 0.0000 0.0001 0.0828 -11.2510 68.5873 -7.4845 0.0000 25.0238 0.0000 1.1533 -16.8038 -177.6656 -0.0128 -12.7088 -0.0813 8.6616 68.6541 9.0461 0.0000 24.9773 -0.0001 
-1.4667 92.8384 -1.3962 -9.1941 12.0999 -1.6922 -1.1283 4.7003 -2.2356 -1.1309 4.7104 -2.2406 -1.1320 4.7144 -2.2425 56.6256 75.7924 -42.2036 73.1337 59.6620 41.6146 32.0519 23.6158 97.2819 -1.3149 0.5393 -1.9427 0.0000 0.0000 0.0001 0.0000 0.0000 0.0000 0.0000 -0.0013 -0.0008 0.0000 -0.0004 0.0001 0.0000 0.0000 0.0000 0.0000 0.0000 0.0000 0.0000 0.0003 -0.0001 0.0000 -0.0006 0.0003 0.0000 0.0004 -0.0006 0.0000 0.0000 0.0001 0.0000 0.0000 0.0000 0.0000 -0.0010 -0.0002 0.0000 0.0002 30.0001 -0.0001 0.0005 -29.9998 0.0000 0.0000 0.0000 2.7078 -10.2615 3.8469 2.7078 -10.2615 3.8469 25.6459 76.1581 129.7637 -42.6447 59.9998 -12.1106 -47.1782 32.7268 -103.8430 0.8926 -0.8188 2.7163 0.0000 -0.0001 0.0001 0.0000 0.0000 0.0000 0.0000 -0.0006 0.0003 0.0000 -0.0001 0.0001 0.0000 0.0000 0.0000 0.0000 0.0000 0.0000 0.0000 0.0007 0.0001 0.0000 -0.0012 0.0001 0.0000 -0.0008 0.0003 0.0000 0.0001 0.0000 0.0000 0.0000 0.0000 0.0000 -0.0009 0.0000 0.0000 0.0002 -29.9996 -0.0001 -0.0003 29.9996 0.0000 0.0000 0.0000 8.4852 -7.0324 -179.4204 0.0000 0.0000 0.0828 -11.1001 68.5352 -7.6226 0.0000 25.0236 0.0000 0.7248 -16.5912 -177.5631 -0.0055 -12.3873 -0.0821 8.9279 68.5454 8.9202 0.0000 24.9749 -0.0001 
-1.6248 92.8501 -1.3304 -8.1986 12.2351 -1.4978 -0.9126 4.7062 -2.2429 -0.9147 4.7162 -2.2478 -0.9156 4.7203 -2.2498 57.4680 75.9917 -41.8493 72.8943 59.9306 41.7697 31.8777 23.5718 97.2790 -1.3224 0.5251 -1.9944 0.0000 0.0000 0.0001 0.0000 0.0000 0.0000 0.0000 -0.0013 -0.0008 0.0000 -0.0004 0.0001 0.0000 0.0000 0.0000 0.0000 0.0000 0.0000 0.0000 0.0003 0.0000 0.0000 -0.0006 0.0003 0.0000 0.0004 -0.0006 0.0000 0.0000 0.0001 0.0000 0.0000 0.0000 0.0000 -0.0010 -0.0002 0.0000 0.0003 30.0001 -0.0001 0.0005 -29.9998 0.0000 0.0000 0.0000 2.1714 -10.2203 3.9014 2.1714 -10.2203 3.9014 24.4501 75.6493 128.2136 -43.4710 59.6298 -12.4866 -47.2694 32.7515 -103.9083 0.9147 -0.7965 2.7138 0.0000 -0.0001 0.0001 0.0000 0.0000 0.0000 0.0000 -0.0006 0.0003 0.0000 -0.0001 0.0001 0.0000 0.0000 0.0000 0.0000 0.0000 0.0000 0.0000 0.0007 0.0001 0.0000 -0.0011 0.0001 0.0000 -0.0008 0.0003 0.0000 0.0001 0.0000 0.0000 0.0000 0.0000 0.0000 -0.0009 0.0000 0.0000 0.0002 -29.9996 -0.0001 -0.0003 29.9996 0.0000 0.0000 0.0000 7.8423 -7.1956 -179.3816 0.0000 0.0001 0.0828 -10.9207 68.4746 -7.7117 0.0000 25.0234 0.0000 0.2690 -16.4403 -177.5083 -0.0005 -12.1126 -0.0827 9.2229 68.4460 8.8302 0.0000 24.9727 -0.0001 
-1.7650 92.8558 -1.2648 -7.1235 12.4058 -1.2456 -0.6547 4.7210 -2.2566 -0.6563 4.7310 -2.2615 -0.6569 4.7352 -2.2635 58.2106 76.2101 -41.6445 72.7595 60.1522 42.0784 31.6844 23.5241 97.2430 -1.3261 0.5066 -2.0493 0.0000 0.0000 0.0001 0.0000 0.0000 0.0000 0.0000 -0.0013 -0.0008 0.0000 -0.0004 0.0001 0.0000 0.0000 0.0000 0.0000 0.0000 0.0000 0.0000 0.0002 0.0000 0.0000 -0.0006 0.0003 0.0000 0.0004 -0.0006 0.0000 0.0000 0.0001 0.0000 0.0000 0.0000 0.0000 -0.0010 -0.0002 0.0000 0.0002 30.0001 -0.0001 0.0005 -29.9998 0.0000 0.0000 0.0000 1.5488 -10.2088 3.9503 1.5488 -10.2088 3.9503 23.5310 75.1541 126.9213 -44.2894 59.2544 -12.7888 -47.3939 32.8011 -104.0011 0.9308 -0.7763 2.7019 0.0000 -0.0001 0.0001 0.0000 0.0000 0.0000 0.0000 -0.0006 0.0003 0.0000 -0.0001 0.0001 0.0000 0.0000 0.0000 0.0000 0.0000 0.0000 0.0000 0.0007 0.0001 0.0000 -0.0012 0.0001 0.0000 -0.0008 0.0003 0.0000 0.0001 0.0000 0.0000 0.0000 0.0000 0.0000 -0.0009 0.0000 0.0000 0.0002 -29.9996 -0.0001 -0.0003 29.9996 0.0000 0.0000 0.0000 7.1504 -7.3995 -179.4058 0.0000 0.0001 0.0828 -10.6586 68.4139 -7.7139 0.0000 25.0232 0.0000 -0.1892 -16.4090 -177.5422 0.0014 -11.9342 -0.0829 9.6220 68.3777 8.8137 0.0000 25.4324 -0.0001 
-1.8959 92.8567 -1.1967 -6.0532 12.6051 -0.9661 -0.3400 4.7468 -2.2728 -0.3409 4.7569 -2.2777 -0.3413 4.7611 -2.2797 58.9508 76.4640 -41.6020 72.7290 60.1912 42.5952 31.4961 23.4677 97.1800 -1.3267 0.4855 -2.1046 0.0000 0.0000 0.0001 0.0000 0.0000 0.0000 0.0000 -0.0013 -0.0008 0.0000 -0.0004 0.0001 0.0000 0.0000 0.0000 0.0000 0.0000 0.0000 0.0000 0.0002 0.0000 0.0000 -0.0006 0.0003 0.0000 0.0004 -0.0006 0.0000 0.0000 0.0001 0.0000 0.0000 0.0000 0.0000 -0.0010 -0.0002 0.0000 0.0002 30.0001 -0.0001 0.0005 -29.9998 0.0000 0.0000 0.0000 0.8476 -10.2307 3.9994 0.8476 -10.2307 3.9994 22.7367 74.6689 125.7684 -45.0654 58.9250 -13.0221 -47.5498 32.8421 -104.1670 0.9443 -0.7623 2.6938 0.0000 -0.0001 0.0001 0.0000 0.0000 0.0000 0.0000 -0.0006 0.0003 0.0000 -0.0001 0.0001 0.0000 0.0000 0.0000 0.0000 0.0000 0.0000 0.0000 0.0007 0.0001 0.0000 -0.0012 0.0001 0.0000 -0.0008 0.0003 0.0000 0.0001 0.0000 0.0000 0.0000 0.0000 0.0000 -0.0008 0.0000 0.0000 0.0002 -29.9996 -0.0001 -0.0003 29.9996 0.0000 0.0000 0.0000 6.5062 -7.6319 -179.4731 0.0000 0.0000 0.0828 -10.3201 68.3683 -7.6587 0.0000 25.0230 0.0000 -0.5924 -16.4841 -177.6265 0.0039 -11.8563 -0.0831 10.0562 68.3643 8.8244 0.0000 25.8658 -0.0001 
-2.0178 92.8529 -1.1237 -5.0103 12.8279 -0.6659 0.0281 4.7830 -2.2914 0.0280 4.7934 -2.2963 0.0279 4.7975 -2.2983 59.5971 76.7177 -41.6895 72.7771 60.1553 43.2347 31.3252 23.4051 97.1054 -1.3256 0.4629 -2.1608 0.0000 0.0000 0.0001 0.0000 0.0000 0.0000 0.0000 -0.0013 -0.0008 0.0000 -0.0004 0.0001 0.0000 0.0000 0.0000 0.0000 0.0000 0.0000 0.0000 0.0002 0.0000 0.0000 -0.0006 0.0003 0.0000 0.0004 -0.0006 0.0000 0.0000 0.0001 0.0000 0.0000 0.0000 0.0000 -0.0010 -0.0002 0.0000 0.0003 30.0001 -0.0001 0.0005 -29.9998 0.0000 0.0000 0.0000 0.0787 -10.2842 4.0544 0.0787 -10.2842 4.0544 22.0048 74.1911 124.6981 -45.8496 58.6451 -13.2187 -47.7174 32.8736 -104.3746 0.9539 -0.7531 2.6863 0.0000 -0.0001 0.0001 0.0000 0.0000 0.0000 0.0000 -0.0006 0.0003 0.0000 -0.0001 0.0001 0.0000 0.0000 0.0000 0.0000 0.0000 0.0000 0.0000 0.0007 0.0001 0.0000 -0.0012 0.0001 0.0000 -0.0008 0.0003 0.0000 0.0001 0.0000 0.0000 0.0000 0.0000 0.0000 -0.0009 0.0000 0.0000 0.0002 -29.9997 -0.0001 -0.0003 29.9995 0.0000 0.0000 0.0000 5.9343 -7.8849 -179.5797 0.0000 0.0000 0.0828 -9.9104 68.3439 -7.5558 0.0000 25.0227 0.0000 -0.9491 -16.6123 -177.7514 0.0066 -11.8184 -0.0834 10.4863 68.3946 8.8489 0.0000 26.2563 -0.0001 
-2.1224 92.8417 -1.0400 -4.0374 13.0847 -0.3505 0.4672 4.8364 -2.3077 0.4680 4.8472 -2.3128 0.4683 4.8510 -2.3146 60.0338 76.9582 -41.8997 72.8459 60.1830 43.9275 31.1931 23.2960 96.9930 -1.3223 0.4395 -2.2192 0.0000 0.0000 0.0001 0.0000 0.0000 0.0000 0.0000 -0.0013 -0.0008 0.0000 -0.0004 0.0001 0.0000 0.0000 0.0000 0.0000 0.0000 0.0000 0.0000 0.0002 0.0000 0.0000 -0.0006 0.0003 0.0000 0.0004 -0.0006 0.0000 0.0000 0.0001 0.0000 0.0000 0.0000 0.0000 -0.0010 -0.0002 0.0000 0.0003 30.0001 -0.0001 0.0005 -29.9998 0.0000 0.0000 0.0000 -0.7799 -10.3909 4.1096 -0.7799 -10.3909 4.1096 21.2604 73.7065 123.6451 -46.7006 58.4309 -13.3819 -47.8920 32.9072 -104.6213 0.9572 -0.7500 2.6767 0.0000 -0.0001 0.0001 0.0000 0.0000 0.0000 0.0000 -0.0006 0.0003 0.0000 -0.0001 0.0001 0.0000 0.0000 0.0000 0.0000 0.0000 0.0000 0.0000 0.0007 0.0001 0.0000 -0.0012 0.0001 0.0000 -0.0008 0.0003 0.0000 0.0001 0.0000 0.0000 0.0000 0.0000 0.0000 -0.0008 0.0000 0.0000 0.0002 -29.9996 -0.0001 -0.0003 29.9996 0.0000 0.0000 0.0000 5.4828 -8.1602 -179.7368 0.0000 0.0001 0.0828 -9.4065 68.3619 -7.3852 0.0000 25.0225 0.0000 -1.2797 -16.7734 -177.9161 0.0090 -11.8127 -0.0836 10.8447 68.5048 8.8828 0.0000 26.5763 -0.0001 
-2.2026 92.8267 -0.9540 -3.1351 13.3642 -0.0297 0.9520 4.9086 -2.3186 0.9540 4.9202 -2.3240 0.9546 4.9235 -2.3255 60.6829 77.2693 -41.9737 72.7966 60.1333 44.7513 31.0983 23.1682 96.8180 -1.3207 0.4180 -2.2828 0.0000 0.0000 0.0001 0.0000 0.0000 0.0000 0.0000 -0.0013 -0.0008 0.0000 -0.0004 0.0001 0.0000 0.0000 0.0000 0.0000 0.0000 0.0000 0.0000 0.0003 0.0000 0.0000 -0.0006 0.0003 0.0000 0.0004 -0.0006 0.0000 0.0000 0.0001 0.0000 0.0000 0.0000 0.0000 -0.0010 -0.0002 0.0000 0.0003 30.0001 -0.0001 0.0005 -29.9998 0.0000 0.0000 0.0000 -1.6947 -10.5462 4.1634 -1.6947 -10.5462 4.1634 20.4484 73.1861 122.4191 -47.5046 58.3677 -13.3726 -48.0653 32.9505 -104.8656 0.9557 -0.7516 2.6658 0.0000 -0.0001 0.0001 0.0000 0.0000 0.0000 0.0000 -0.0006 0.0003 0.0000 -0.0001 0.0001 0.0000 0.0000 0.0000 0.0000 0.0000 0.0000 0.0000 0.0007 0.0001 0.0000 -0.0012 0.0001 0.0000 -0.0008 0.0003 0.0000 0.0001 0.0000 0.0000 0.0000 0.0000 0.0000 -0.0009 0.0000 0.0000 0.0002 -29.9997 -0.0001 -0.0003 29.9996 0.0000 0.0000 0.0000 5.1041 -8.4595 -179.9303 0.0001 -0.0163 0.0828 -8.8571 68.4210 -7.1638 0.0000 25.0224 0.0000 -1.5806 -16.9221 -178.1112 0.0058 -11.7792 -0.0833 11.1771 68.6559 8.9416 0.0000 26.8509 -0.0001 
-2.2691 92.8097 -0.8749 -2.3141 13.6626 0.2866 1.4721 4.9982 -2.3268 1.4755 5.0110 -2.3325 1.4762 5.0134 -2.3337 61.7104 77.6118 -41.6396 72.6277 60.0790 45.6985 31.0113 23.0458 96.6247 -1.3270 0.4008 -2.3567 0.0000 0.0000 0.0001 0.0000 0.0000 0.0000 0.0000 -0.0013 -0.0008 0.0000 -0.0004 0.0001 0.0000 0.0000 0.0000 0.0000 0.0000 0.0000 0.0000 0.0002 0.0000 0.0000 -0.0006 0.0003 0.0000 0.0004 -0.0006 0.0000 0.0000 0.0001 0.0000 0.0000 0.0000 0.0000 -0.0010 -0.0002 0.0000 0.0002 30.0001 -0.0001 0.0005 -29.9998 0.0000 0.0000 0.0000 -2.6408 -10.7438 4.2229 -2.6408 -10.7438 4.2229 19.6710 72.6362 121.2095 -48.3375 58.3598 -13.3132 -48.2487 33.0017 -105.1107 0.9495 -0.7563 2.6517 0.0000 -0.0001 0.0001 0.0000 0.0000 0.0000 0.0000 -0.0006 0.0003 0.0000 -0.0001 0.0001 0.0000 0.0000 0.0000 0.0000 0.0000 0.0000 0.0000 0.0007 0.0001 0.0000 -0.0012 0.0001 0.0000 -0.0008 0.0003 0.0000 0.0001 0.0000 0.0000 0.0000 0.0000 0.0000 -0.0009 0.0000 0.0000 0.0002 -29.9996 -0.0001 -0.0002 29.9996 0.0000 0.0000 0.0000 4.7809 -8.7592 179.8594 0.0000 0.0001 0.0828 -8.3069 68.4831 -6.9189 0.0000 25.0223 0.0000 -1.8543 -17.0816 -178.3073 -0.0001 -11.7382 -0.0827 11.4411 68.8319 8.9841 0.0000 27.0774 -0.0001 
-2.3371 92.7936 -0.8257 -1.5909 13.9926 0.6035 2.0122 5.1135 -2.3359 2.0175 5.1279 -2.3421 2.0180 5.1291 -2.3426 63.2494 77.9707 -40.6849 72.2262 60.1220 46.7266 30.9298 22.9337 96.4056 -1.3470 0.3909 -2.4485 0.0000 0.0000 0.0001 0.0000 0.0000 0.0000 0.0000 -0.0013 -0.0008 0.0000 -0.0004 0.0001 0.0000 0.0000 0.0000 0.0000 0.0000 0.0000 0.0000 0.0002 0.0000 0.0000 -0.0006 0.0003 0.0000 0.0004 -0.0006 0.0000 0.0000 0.0001 0.0000 0.0000 0.0000 0.0000 -0.0010 -0.0002 0.0000 0.0002 30.0001 -0.0001 0.0005 -29.9998 0.0000 0.0000 0.0000 -3.5912 -11.0037 4.2939 -3.5912 -11.0037 4.2939 19.0225 72.0393 120.1118 -49.2167 58.3557 -13.2203 -48.3983 33.0676 -105.3144 0.9391 -0.7607 2.6308 0.0000 -0.0001 0.0001 0.0000 0.0000 0.0000 0.0000 -0.0006 0.0003 0.0000 -0.0001 0.0001 0.0000 0.0000 0.0000 0.0000 0.0000 0.0000 0.0000 0.0007 0.0001 0.0000 -0.0012 0.0001 0.0000 -0.0008 0.0003 0.0000 0.0001 0.0000 0.0000 0.0000 0.0000 0.0000 -0.0009 0.0000 0.0000 0.0002 -29.9997 -0.0001 -0.0003 29.9996 0.0000 0.0000 0.0000 4.4843 -9.1164 179.6427 0.0001 -0.0163 0.0828 -7.8524 68.5626 -6.7134 0.0000 25.0223 0.0000 -2.1336 -17.2751 -178.4660 -0.0011 -11.6696 -0.0826 11.4992 69.0022 8.8942 0.0000 27.2676 -0.0001 
-2.4078 92.7806 -0.8077 -0.9124 14.3446 0.9299 2.5393 5.2463 -2.3463 2.5467 5.2627 -2.3532 2.5466 5.2623 -2.3530 64.7168 78.2984 -39.7164 71.7459 60.2350 47.7641 30.8309 22.8365 96.1699 -1.3756 0.3848 -2.5531 0.0000 0.0000 0.0001 0.0000 0.0000 0.0000 0.0000 -0.0013 -0.0008 0.0000 -0.0004 0.0001 0.0000 0.0000 0.0000 0.0000 0.0000 0.0000 0.0000 0.0003 0.0000 0.0000 -0.0006 0.0003 0.0000 0.0004 -0.0006 0.0000 0.0000 0.0001 0.0000 0.0000 0.0000 0.0000 -0.0010 -0.0002 0.0000 0.0002 30.0001 -0.0001 0.0005 -29.9998 0.0000 0.0000 0.0000 -4.5145 -11.3045 4.3728 -4.5145 -11.3045 4.3728 18.5098 71.4219 119.1449 -50.0414 58.3066 -13.0730 -48.5496 33.1275 -105.5131 0.9303 -0.7624 2.6088 0.0000 -0.0001 0.0001 0.0000 0.0000 0.0000 0.0000 -0.0006 0.0003 0.0000 -0.0001 0.0001 0.0000 0.0000 0.0000 0.0000 0.0000 0.0000 0.0000 0.0007 0.0001 0.0000 -0.0011 0.0001 0.0000 -0.0008 0.0003 0.0000 0.0001 0.0000 0.0000 0.0000 0.0000 0.0000 -0.0009 0.0000 0.0000 0.0002 -29.9997 -0.0001 -0.0003 29.9996 0.0000 0.0000 0.0000 4.1609 -9.5211 179.4272 0.0003 -0.0487 0.0828 -7.4999 68.6340 -6.5522 0.0000 25.0223 0.0000 -2.4628 -17.5102 -178.5905 0.0024 -11.5839 -0.0830 11.4056 69.1386 8.7029 0.0000 27.4681 -0.0001 
-2.4702 92.7677 -0.8058 -0.2670 14.7081 1.2611 3.0466 5.3915 -2.3574 3.0566 5.4102 -2.3650 3.0554 5.4080 -2.3641 66.3368 78.6330 -38.6818 71.3326 60.2699 48.9466 30.7114 22.7329 95.9264 -1.4056 0.3793 -2.6622 0.0000 0.0000 0.0001 0.0000 0.0000 0.0000 0.0000 -0.0013 -0.0008 0.0000 -0.0004 0.0001 0.0000 0.0000 0.0000 0.0000 0.0000 0.0000 0.0000 0.0002 0.0000 0.0000 -0.0006 0.0003 0.0000 0.0004 -0.0006 0.0000 0.0000 0.0001 0.0000 0.0000 0.0000 0.0000 -0.0010 -0.0002 0.0000 0.0002 30.0001 -0.0001 0.0005 -29.9998 0.0000 0.0000 0.0000 -5.4031 -11.6301 4.4572 -5.4031 -11.6301 4.4572 18.1063 70.7899 118.2997 -50.7838 58.2038 -12.8807 -48.7154 33.1853 -105.6989 0.9246 -0.7606 2.5873 0.0000 -0.0001 0.0001 0.0000 0.0000 0.0000 0.0000 -0.0006 0.0003 0.0000 -0.0001 0.0001 0.0000 0.0000 0.0000 0.0000 0.0000 0.0000 0.0000 0.0007 0.0001 0.0000 -0.0012 0.0001 0.0000 -0.0008 0.0003 0.0000 0.0001 0.0000 0.0000 0.0000 0.0000 0.0000 -0.0008 0.0000 0.0000 0.0002 -29.9997 -0.0001 -0.0003 29.9996 0.0000 0.0000 0.0000 3.8106 -9.9412 179.2114 0.0005 -0.0682 0.0828 -7.2192 68.6865 -6.4160 0.0000 25.0224 0.0000 -2.8375 -17.7820 -178.7039 0.0044 -11.4931 -0.0832 11.2586 69.2407 8.4986 0.0000 27.7041 -0.0001 
-2.5104 92.7517 -0.8027 0.3302 15.0782 1.5899 3.5153 5.5487 -2.3743 3.5283 5.5701 -2.3827 3.5255 5.5656 -2.3810 67.6516 78.8776 -37.8330 71.0086 60.4624 50.0470 30.6221 22.5769 95.7170 -1.4349 0.3745 -2.7727 0.0000 0.0000 0.0001 0.0000 0.0000 0.0000 0.0000 -0.0013 -0.0008 0.0000 -0.0004 0.0001 0.0000 0.0000 0.0000 0.0000 0.0000 0.0000 0.0000 0.0002 0.0000 0.0000 -0.0006 0.0003 0.0000 0.0004 -0.0006 0.0000 0.0000 0.0001 0.0000 0.0000 0.0000 0.0000 -0.0010 -0.0002 0.0000 0.0002 30.0001 -0.0001 0.0005 -29.9998 0.0000 0.0000 0.0000 -6.2279 -11.9720 4.5521 -6.2279 -11.9720 4.5521 17.8182 70.1412 117.6052 -51.3143 58.0155 -12.5547 -48.9563 33.2295 -105.8952 0.9252 -0.7544 2.5698 0.0000 -0.0001 0.0001 0.0000 0.0000 0.0000 0.0000 -0.0006 0.0003 0.0000 -0.0001 0.0001 0.0000 0.0000 0.0000 0.0000 0.0000 0.0000 0.0000 0.0007 0.0001 0.0000 -0.0011 0.0001 0.0000 -0.0008 0.0003 0.0000 0.0001 0.0000 0.0000 0.0000 0.0000 0.0000 -0.0008 0.0000 0.0000 0.0002 -29.9996 -0.0001 -0.0003 29.9996 0.0000 0.0000 0.0000 3.4359 -10.3217 178.9932 0.0000 0.0001 0.0828 -7.0107 68.6847 -6.3012 0.0000 25.0224 0.0000 -3.2650 -18.0722 -178.8196 -0.0006 -11.3781 -0.0827 11.1040 69.2947 8.3429 0.0000 28.0159 -0.0001 
-2.5430 92.7331 -0.7873 0.8899 15.4363 1.9022 3.9491 5.7098 -2.3919 3.9653 5.7343 -2.4012 3.9607 5.7273 -2.3985 68.2104 79.0452 -37.7351 70.8849 60.6425 51.0366 30.5479 22.4108 95.5333 -1.4573 0.3676 -2.8727 0.0000 0.0000 0.0001 0.0000 0.0000 0.0000 0.0000 -0.0013 -0.0008 0.0000 -0.0004 0.0001 0.0000 0.0000 0.0000 0.0000 0.0000 0.0000 0.0000 0.0002 0.0000 0.0000 -0.0006 0.0003 0.0000 0.0004 -0.0006 0.0000 0.0000 0.0001 0.0000 0.0000 0.0000 0.0000 -0.0010 -0.0002 0.0000 0.0002 30.0001 -0.0001 0.0005 -29.9998 0.0000 0.0000 0.0000 -6.9912 -12.3073 4.6560 -6.9912 -12.3073 4.6560 17.5497 69.5140 116.9962 -51.6885 57.7783 -12.1856 -49.2497 33.2441 -106.0996 0.9317 -0.7450 2.5587 0.0000 -0.0001 0.0001 0.0000 0.0000 0.0000 0.0000 -0.0006 0.0003 0.0000 -0.0001 0.0001 0.0000 0.0000 0.0000 0.0000 0.0000 0.0000 0.0000 0.0007 0.0001 0.0000 -0.0012 0.0001 0.0000 -0.0008 0.0003 0.0000 0.0001 0.0000 0.0000 0.0000 0.0000 0.0000 -0.0008 0.0000 0.0000 0.0002 -29.9997 -0.0001 -0.0003 29.9996 0.0000 0.0000 0.0000 3.0826 -10.7166 178.7887 0.0000 0.0001 0.0828 -6.8600 68.7097 -6.2433 0.0000 25.0225 0.0000 -3.7207 -18.3355 -178.9098 -0.0056 -11.2283 -0.0822 10.8993 69.3215 8.1768 0.0000 28.3729 -0.0001 
-2.5750 92.7164 -0.7723 1.4240 15.7733 2.1917 4.3506 5.8718 -2.4020 4.3703 5.8994 -2.4121 4.3634 5.8898 -2.4086 67.8993 79.1736 -38.4820 70.9326 60.7766 51.8656 30.4825 22.2573 95.3773 -1.4704 0.3566 -2.9577 0.0000 0.0000 0.0001 0.0000 0.0000 0.0000 0.0000 -0.0013 -0.0008 0.0000 -0.0004 0.0001 0.0000 0.0000 0.0000 0.0000 0.0000 0.0000 0.0000 0.0002 0.0000 0.0000 -0.0006 0.0003 0.0000 0.0004 -0.0006 0.0000 0.0000 0.0001 0.0000 0.0000 0.0000 0.0000 -0.0010 -0.0002 0.0000 0.0002 30.0001 -0.0001 0.0005 -29.9998 0.0000 0.0000 0.0000 -7.6928 -12.6291 4.7604 -7.6928 -12.6291 4.7604 17.2315 68.9197 116.4122 -51.9333 57.5131 -11.7962 -49.5702 33.2252 -106.3064 0.9439 -0.7327 2.5544 0.0000 -0.0001 0.0001 0.0000 0.0000 0.0000 0.0000 -0.0006 0.0003 0.0000 -0.0001 0.0001 0.0000 0.0000 0.0000 0.0000 0.0000 0.0000 0.0000 0.0007 0.0001 0.0000 -0.0012 0.0001 0.0000 -0.0008 0.0003 0.0000 0.0001 0.0000 0.0000 0.0000 0.0000 0.0000 -0.0008 0.0000 0.0000 0.0002 -29.9996 -0.0001 -0.0003 29.9996 0.0000 0.0000 0.0000 2.7619 -11.0925 178.6071 0.0000 0.0001 0.0828 -6.7325 68.7212 -6.2267 0.0000 25.0225 0.0000 -4.1950 -18.5591 -178.9559 -0.0065 -11.0354 -0.0821 10.6155 69.3206 7.9575 0.0000 28.7281 -0.0001 
-2.6058 92.7058 -0.7726 1.9295 16.0714 2.4314 4.6975 6.0259 -2.3982 4.7206 6.0568 -2.4091 4.7114 6.0444 -2.4047 67.0134 79.2451 -39.7247 71.1664 60.8891 52.4809 30.4436 22.1167 95.2677 -1.4706 0.3417 -3.0164 0.0000 0.0000 0.0001 0.0000 0.0000 0.0000 0.0000 -0.0013 -0.0008 0.0000 -0.0004 0.0001 0.0000 0.0000 0.0000 0.0000 0.0000 0.0000 0.0000 0.0002 0.0000 0.0000 -0.0006 0.0003 0.0000 0.0004 -0.0006 0.0000 0.0000 0.0001 0.0000 0.0000 0.0000 0.0000 -0.0010 -0.0002 0.0000 0.0002 30.0001 -0.0001 0.0005 -29.9998 0.0000 0.0000 0.0000 -8.2955 -12.9253 4.8692 -8.2955 -12.9253 4.8692 16.8945 68.3695 115.9063 -52.0128 57.2233 -11.3788 -49.9252 33.1927 -106.5047 0.9612 -0.7187 2.5568 0.0000 -0.0001 0.0001 0.0000 0.0000 0.0000 0.0000 -0.0006 0.0003 0.0000 -0.0001 0.0001 0.0000 0.0000 0.0000 0.0000 0.0000 0.0000 0.0000 0.0007 0.0001 0.0000 -0.0012 0.0001 0.0000 -0.0008 0.0003 0.0000 0.0001 0.0000 0.0000 0.0000 0.0000 0.0000 -0.0009 0.0000 0.0000 0.0002 -29.9996 -0.0001 -0.0003 29.9995 0.0000 0.0000 0.0000 2.5026 -11.4498 178.4680 0.0001 -0.0163 0.0828 -6.6081 68.7141 -6.2628 0.0000 25.0226 0.0000 -4.6686 -18.7501 -178.9399 -0.0033 -10.8164 -0.0824 10.2728 69.2785 7.6880 0.0000 28.9413 -0.0001 
-2.6277 92.6990 -0.7861 2.4221 16.3389 2.6308 4.9982 6.1727 -2.3839 5.0246 6.2066 -2.3954 5.0130 6.1917 -2.3903 65.8972 79.2572 -41.1178 71.4961 60.9793 52.9612 30.4303 21.9798 95.1802 -1.4647 0.3279 -3.0560 0.0000 0.0000 0.0001 0.0000 0.0000 0.0000 0.0000 -0.0013 -0.0008 0.0000 -0.0004 0.0001 0.0000 0.0000 0.0000 0.0000 0.0000 0.0000 0.0000 0.0002 -0.0001 0.0000 -0.0006 0.0003 0.0000 0.0004 -0.0006 0.0000 0.0000 0.0001 0.0000 0.0000 0.0000 0.0000 -0.0010 -0.0002 0.0000 0.0003 30.0001 -0.0001 0.0005 -29.9998 0.0000 0.0000 0.0000 -8.8201 -13.2051 4.9852 -8.8201 -13.2051 4.9852 16.5366 67.8540 115.4499 -52.0949 56.9688 -11.0356 -50.2354 33.1423 -106.6829 0.9788 -0.7068 2.5644 0.0000 -0.0001 0.0001 0.0000 0.0000 0.0000 0.0000 -0.0006 0.0003 0.0000 -0.0001 0.0001 0.0000 0.0000 0.0000 0.0000 0.0000 0.0000 0.0000 0.0007 0.0001 0.0000 -0.0012 0.0001 0.0000 -0.0008 0.0003 0.0000 0.0001 0.0000 0.0000 0.0000 0.0000 0.0000 -0.0008 0.0000 0.0000 0.0002 -29.9996 -0.0001 -0.0003 29.9996 0.0000 0.0000 0.0000 2.2935 -11.7707 178.3555 0.0000 0.0001 0.0828 -6.4525 68.6748 -6.3140 0.0000 25.0226 0.0000 -5.1091 -18.9629 -178.9078 -0.0026 -10.6278 -0.0825 9.9966 69.2038 7.4597 0.0000 28.9183 -0.0001 
-2.6403 92.6937 -0.8042 2.9128 16.5833 2.7978 5.2557 6.3120 -2.3618 5.2852 6.3489 -2.3737 5.2712 6.3314 -2.3681 64.5684 79.2023 -42.6604 71.8455 61.0207 53.3259 30.4083 21.8171 95.1334 -1.4615 0.3203 -3.0885 0.0000 0.0000 0.0001 0.0000 0.0000 0.0000 0.0000 -0.0013 -0.0008 0.0000 -0.0004 0.0001 0.0000 0.0000 0.0000 0.0000 0.0000 0.0000 0.0000 0.0002 0.0000 0.0000 -0.0006 0.0003 0.0000 0.0004 -0.0006 0.0000 0.0000 0.0001 0.0000 0.0000 0.0000 0.0000 -0.0010 -0.0002 0.0000 0.0002 30.0001 -0.0001 0.0005 -29.9998 0.0000 0.0000 0.0000 -9.2789 -13.4730 5.1085 -9.2789 -13.4730 5.1085 16.2361 67.3929 115.1065 -52.1636 56.7562 -10.7620 -50.4806 33.0723 -106.8388 0.9953 -0.6977 2.5766 0.0000 -0.0001 0.0001 0.0000 0.0000 0.0000 0.0000 -0.0006 0.0003 0.0000 -0.0001 0.0001 0.0000 0.0000 0.0000 0.0000 0.0000 0.0000 0.0000 0.0007 0.0001 0.0000 -0.0012 0.0001 0.0000 -0.0008 0.0003 0.0000 0.0001 0.0000 0.0000 0.0000 0.0000 0.0000 -0.0008 0.0000 0.0000 0.0002 -29.9996 -0.0001 -0.0003 29.9995 0.0000 0.0000 0.0000 2.1360 -12.1058 178.2600 0.0004 -0.0487 0.0828 -6.2635 68.6618 -6.3816 0.0000 25.0227 0.0000 -5.5167 -19.2008 -178.8703 -0.0048 -10.4876 -0.0823 9.8085 69.1196 7.2874 0.0000 28.9001 -0.0001 
-2.6469 92.6881 -0.8248 3.4097 16.7914 2.9274 5.4414 6.4366 -2.3287 5.4735 6.4759 -2.3409 5.4575 6.4563 -2.3348 63.2171 79.0779 -44.1441 72.0649 60.9956 53.4900 30.3859 21.6496 95.1462 -1.4687 0.3241 -3.1173 0.0000 0.0000 0.0001 0.0000 0.0000 0.0000 0.0000 -0.0013 -0.0008 0.0000 -0.0004 0.0001 0.0000 0.0000 0.0000 0.0000 0.0000 0.0000 0.0000 0.0002 0.0000 0.0000 -0.0006 0.0003 0.0000 0.0004 -0.0006 0.0000 0.0000 0.0001 0.0000 0.0000 0.0000 0.0000 -0.0010 -0.0002 0.0000 0.0002 30.0001 -0.0002 0.0005 -29.9998 0.0000 0.0000 0.0000 -9.6267 -13.7152 5.2363 -9.6267 -13.7152 5.2363 16.0647 67.0203 114.9402 -52.2094 56.6177 -10.5684 -50.6222 32.9920 -106.9529 1.0080 -0.6938 2.5925 0.0000 -0.0001 0.0001 0.0000 0.0000 0.0000 0.0000 -0.0006 0.0003 0.0000 -0.0001 0.0001 0.0000 0.0000 0.0000 0.0000 0.0000 0.0000 0.0000 0.0007 0.0001 0.0000 -0.0012 0.0001 0.0000 -0.0008 0.0003 0.0000 0.0001 0.0000 0.0000 0.0000 0.0000 0.0000 -0.0009 0.0000 0.0000 0.0002 -29.9997 -0.0001 -0.0003 29.9996 0.0000 0.0000 0.0000 2.0420 -12.3670 178.1841 0.0002 -0.0163 0.0828 -6.0002 68.6103 -6.4419 0.0000 25.0228 0.0000 -5.8833 -19.4445 -178.8208 -0.0068 -10.4202 -0.0821 9.7168 69.0555 7.1642 0.0000 28.8875 -0.0001 
-2.6566 92.6811 -0.8444 3.9032 16.9731 3.0402 5.5719 6.5473 -2.2924 5.6060 6.5887 -2.3048 5.5884 6.5674 -2.2984 61.9929 78.9022 -45.4324 72.0675 60.9392 53.5094 30.4042 21.5413 95.1403 -1.4872 0.3382 -3.1444 0.0000 0.0000 0.0001 0.0000 0.0000 0.0000 0.0000 -0.0013 -0.0008 0.0000 -0.0004 0.0001 0.0000 0.0000 0.0000 0.0000 0.0000 0.0000 0.0000 0.0003 0.0000 0.0000 -0.0006 0.0003 0.0000 0.0004 -0.0006 0.0000 0.0000 0.0001 0.0000 0.0000 0.0000 0.0000 -0.0010 -0.0002 0.0000 0.0002 30.0001 -0.0001 0.0005 -29.9998 0.0000 0.0000 0.0000 -9.9077 -13.9365 5.3647 -9.9077 -13.9365 5.3647 15.9706 66.7267 114.8722 -52.2545 56.5730 -10.4463 -50.7015 32.9284 -107.0242 1.0149 -0.6957 2.6085 0.0000 -0.0001 0.0001 0.0000 0.0000 0.0000 0.0000 -0.0006 0.0003 0.0000 -0.0001 0.0001 0.0000 0.0000 0.0000 0.0000 0.0000 0.0000 0.0000 0.0007 0.0001 0.0000 -0.0011 0.0001 0.0000 -0.0008 0.0003 0.0000 0.0001 0.0000 0.0000 0.0000 0.0000 0.0000 -0.0008 0.0000 0.0000 0.0002 -29.9996 -0.0001 -0.0003 29.9996 0.0000 0.0000 0.0000 1.9860 -12.6331 178.1170 0.0005 -0.0485 0.0828 -5.7200 68.6022 -6.5145 0.0000 25.0229 0.0000 -6.2234 -19.6636 -178.7624 -0.0069 -10.3915 -0.0821 9.6581 69.0241 7.0523 0.0000 28.8783 -0.0001 
-2.6697 92.6731 -0.8618 4.3767 17.1320 3.1380 5.6571 6.6447 -2.2563 5.6926 6.6879 -2.2687 5.6739 6.6651 -2.2622 60.8605 78.6708 -46.5798 71.8698 60.8618 53.3923 30.4846 21.4967 95.1110 -1.5161 0.3612 -3.1695 0.0000 0.0000 0.0001 0.0000 0.0000 0.0000 0.0000 -0.0013 -0.0008 0.0000 -0.0004 0.0001 0.0000 0.0000 0.0000 0.0000 0.0000 0.0000 0.0000 0.0002 0.0000 0.0000 -0.0006 0.0003 0.0000 0.0004 -0.0006 0.0000 0.0000 0.0001 0.0000 0.0000 0.0000 0.0000 -0.0010 -0.0002 0.0000 0.0003 30.0001 -0.0001 0.0005 -29.9998 0.0000 0.0000 0.0000 -10.1342 -14.1325 5.4919 -10.1343 -14.1325 5.4919 15.9402 66.5071 114.8830 -52.3089 56.6118 -10.4058 -50.7170 32.8743 -107.0501 1.0169 -0.7022 2.6245 0.0000 -0.0001 0.0001 0.0000 0.0000 0.0000 0.0000 -0.0006 0.0003 0.0000 -0.0001 0.0001 0.0000 0.0000 0.0000 0.0000 0.0000 0.0000 0.0000 0.0007 0.0001 0.0000 -0.0012 0.0001 0.0000 -0.0008 0.0003 0.0000 0.0001 0.0000 0.0000 0.0000 0.0000 0.0000 -0.0008 0.0000 0.0000 0.0002 -29.9996 -0.0001 -0.0003 29.9996 0.0000 0.0000 0.0000 1.9528 -12.8318 178.0591 0.0000 0.0000 0.0828 -5.4322 68.5691 -6.5837 0.0000 25.0230 0.0000 -6.5392 -19.8494 -178.7009 -0.0074 -10.3808 -0.0820 9.6163 69.0172 6.9513 0.0000 28.8713 -0.0001 
-2.6901 92.6661 -0.8710 4.7841 17.2585 3.2087 5.6851 6.7223 -2.2254 5.7213 6.7666 -2.2377 5.7019 6.7429 -2.2311 59.8829 78.3579 -47.4931 71.3844 60.7852 53.1010 30.6244 21.4981 95.0914 -1.5641 0.3988 -3.2021 0.0000 0.0000 0.0001 0.0000 0.0000 0.0000 0.0000 -0.0013 -0.0008 0.0000 -0.0004 0.0001 0.0000 0.0000 0.0000 0.0000 0.0000 0.0000 0.0000 0.0003 0.0000 0.0000 -0.0006 0.0003 0.0000 0.0004 -0.0006 0.0000 0.0000 0.0001 0.0000 0.0000 0.0000 0.0000 -0.0010 -0.0002 0.0000 0.0003 30.0001 -0.0001 0.0005 -29.9998 0.0000 0.0000 0.0000 -10.2897 -14.2839 5.6190 -10.2897 -14.2838 5.6190 16.0045 66.3980 115.0070 -52.3323 56.7666 -10.4568 -50.6358 32.8191 -107.0118 1.0134 -0.7142 2.6427 0.0000 -0.0001 0.0001 0.0000 0.0000 0.0000 0.0000 -0.0006 0.0003 0.0000 -0.0001 0.0001 0.0000 0.0000 0.0000 0.0000 0.0000 0.0000 0.0000 0.0007 0.0001 0.0000 -0.0012 0.0001 0.0000 -0.0008 0.0003 0.0000 0.0001 0.0000 0.0000 0.0000 0.0000 0.0000 -0.0009 0.0000 0.0000 0.0002 -29.9996 -0.0001 -0.0003 29.9996 0.0000 0.0000 0.0000 1.9631 -13.0079 178.0188 0.0000 0.0000 0.0828 -5.2142 68.5869 -6.7109 0.0000 25.0232 0.0000 -6.8031 -19.9712 -178.6420 -0.0105 -10.3667 -0.0818 9.5794 69.0283 6.8598 0.0000 28.8695 -0.0001 
-2.7244 92.6629 -0.8745 5.1076 17.3540 3.2520 5.6691 6.7823 -2.1996 5.7054 6.8272 -2.2117 5.6859 6.8031 -2.2052 59.0201 77.9936 -48.2194 70.7173 60.7380 52.6957 30.8358 21.5873 95.0589 -1.6222 0.4423 -3.2359 0.0000 0.0000 0.0001 0.0000 0.0000 0.0000 0.0000 -0.0013 -0.0008 0.0000 -0.0004 0.0001 0.0000 0.0000 0.0000 0.0000 0.0000 0.0000 0.0000 0.0002 0.0000 0.0000 -0.0006 0.0003 0.0000 0.0004 -0.0006 0.0000 0.0000 0.0001 0.0000 0.0000 0.0000 0.0000 -0.0010 -0.0002 0.0000 0.0002 30.0001 -0.0001 0.0005 -29.9998 0.0000 0.0000 0.0000 -10.3820 -14.3916 5.7449 -10.3820 -14.3916 5.7449 16.1499 66.3759 115.2095 -52.2883 57.0027 -10.5210 -50.4991 32.7609 -106.9451 1.0065 -0.7299 2.6624 0.0000 -0.0001 0.0001 0.0000 0.0000 0.0000 0.0000 -0.0006 0.0003 0.0000 -0.0001 0.0001 0.0000 0.0000 0.0000 0.0000 0.0000 0.0000 0.0000 0.0007 0.0001 0.0000 -0.0011 0.0001 0.0000 -0.0008 0.0003 0.0000 0.0001 0.0000 0.0000 0.0000 0.0000 0.0000 -0.0008 0.0000 0.0000 0.0002 -29.9996 -0.0001 -0.0003 29.9996 0.0000 0.0000 0.0000 2.0075 -13.1393 178.0049 0.0000 0.0001 0.0828 -5.1255 68.6223 -6.9408 0.0000 25.0234 0.0000 -7.0118 -20.0159 -178.5810 -0.0142 -10.3145 -0.0814 9.5108 69.0352 6.7536 0.0000 28.8755 -0.0001 
-2.7698 92.6650 -0.8759 5.3427 17.4250 3.2671 5.6236 6.8282 -2.1778 5.6596 6.8734 -2.1898 5.6403 6.8491 -2.1833 58.2100 77.5839 -48.8032 69.9338 60.7219 52.2142 31.0825 21.7902 95.0054 -1.6880 0.4881 -3.2708 0.0000 0.0000 0.0001 0.0000 0.0000 0.0000 0.0000 -0.0013 -0.0008 0.0000 -0.0004 0.0001 0.0000 0.0000 0.0000 0.0000 0.0000 0.0000 0.0000 0.0002 0.0000 0.0000 -0.0006 0.0003 0.0000 0.0004 -0.0006 0.0000 0.0000 0.0001 0.0000 0.0000 0.0000 0.0000 -0.0010 -0.0002 0.0000 0.0002 30.0001 -0.0001 0.0005 -29.9998 0.0000 0.0000 0.0000 -10.4252 -14.4624 5.8701 -10.4252 -14.4624 5.8701 16.3479 66.4193 115.4775 -52.1785 57.2978 -10.5752 -50.3285 32.6990 -106.8676 0.9969 -0.7488 2.6837 0.0000 -0.0001 0.0001 0.0000 0.0000 0.0000 0.0000 -0.0006 0.0003 0.0000 -0.0001 0.0001 0.0000 0.0000 0.0000 0.0000 0.0000 0.0000 0.0000 0.0007 0.0001 0.0000 -0.0012 0.0001 0.0000 -0.0008 0.0003 0.0000 0.0001 0.0000 0.0000 0.0000 0.0000 0.0000 -0.0008 0.0000 0.0000 0.0002 -29.9996 -0.0001 -0.0003 29.9996 0.0000 0.0000 0.0000 2.0814 -13.2348 178.0185 0.0000 0.0000 0.0828 -5.1682 68.6684 -7.2681 0.0000 25.3510 0.0000 -7.1645 -19.9896 -178.5126 -0.0175 -10.2165 -0.0812 9.3983 69.0327 6.6239 0.0000 28.8877 -0.0001 
-2.8215 92.6770 -0.8802 5.4411 17.4707 3.2370 5.5387 6.8513 -2.1623 5.5738 6.8963 -2.1741 5.5551 6.8723 -2.1678 57.3825 77.1108 -49.2949 69.2202 60.6844 51.7080 31.3141 22.0442 94.9725 -1.7484 0.5304 -3.2928 0.0000 0.0000 0.0001 0.0000 0.0000 0.0000 0.0000 -0.0013 -0.0008 0.0000 -0.0004 0.0001 0.0000 0.0000 0.0000 0.0000 0.0000 0.0000 0.0000 0.0002 0.0000 0.0000 -0.0006 0.0003 0.0000 0.0004 -0.0006 0.0000 0.0000 0.0001 0.0000 0.0000 0.0000 0.0000 -0.0010 -0.0002 0.0000 0.0002 30.0001 -0.0001 0.0005 -29.9998 0.0000 0.0000 0.0000 -10.3989 -14.4786 5.9944 -10.3990 -14.4786 5.9944 16.6130 66.5460 115.8343 -51.9717 57.6455 -10.5961 -50.1310 32.6404 -106.7828 0.9843 -0.7711 2.7056 0.0000 -0.0001 0.0001 0.0000 0.0000 0.0000 0.0000 -0.0006 0.0003 0.0000 -0.0001 0.0001 0.0000 0.0000 0.0000 0.0000 0.0000 0.0000 0.0000 0.0007 0.0001 0.0000 -0.0011 0.0001 0.0000 -0.0008 0.0003 0.0000 0.0001 0.0000 0.0000 0.0000 0.0000 0.0000 -0.0008 0.0000 0.0000 0.0002 -29.9996 -0.0001 -0.0003 29.9996 0.0000 0.0000 0.0000 2.2018 -13.2910 178.0688 0.0000 0.0000 0.0828 -5.3973 68.7183 -7.7291 0.0000 25.3510 0.0000 -7.2379 -19.8779 -178.4258 -0.0213 -10.0497 -0.0808 9.2049 69.0055 6.4471 0.0000 28.9090 -0.0001 
-2.8685 92.6965 -0.8904 5.4310 17.5033 3.1733 5.4217 6.8550 -2.1513 5.4556 6.8993 -2.1630 5.4378 6.8760 -2.1569 56.6240 76.6200 -49.6602 68.5930 60.5861 51.2050 31.4892 22.2685 94.9962 -1.8032 0.5709 -3.3048 0.0000 0.0000 0.0001 0.0000 0.0000 0.0000 0.0000 -0.0013 -0.0008 0.0000 -0.0004 0.0001 0.0000 0.0000 0.0000 0.0000 0.0000 0.0000 0.0000 0.0002 0.0000 0.0000 -0.0006 0.0003 0.0000 0.0004 -0.0006 0.0000 0.0000 0.0001 0.0000 0.0000 0.0000 0.0000 -0.0010 -0.0002 0.0000 0.0002 30.0001 -0.0001 0.0005 -29.9998 0.0000 0.0000 0.0000 -10.3217 -14.4492 6.1090 -10.3217 -14.4492 6.1090 16.8912 66.7397 116.2297 -51.6856 58.0123 -10.5847 -49.9432 32.6009 -106.6941 0.9701 -0.7947 2.7255 0.0000 -0.0001 0.0001 0.0000 0.0000 0.0000 0.0000 -0.0006 0.0003 0.0000 -0.0001 0.0001 0.0000 0.0000 0.0000 0.0000 0.0000 0.0000 0.0000 0.0007 0.0001 0.0000 -0.0012 0.0001 0.0000 -0.0008 0.0003 0.0000 0.0001 0.0000 0.0000 0.0000 0.0000 0.0000 -0.0009 0.0000 0.0000 0.0002 -29.9996 -0.0001 -0.0003 29.9996 0.0000 0.0000 0.0000 2.3703 -13.3335 178.1345 0.0002 -0.0163 0.0828 -5.7527 68.7668 -8.2827 0.0000 25.3510 0.0000 -7.2495 -19.7217 -178.3193 -0.0243 -9.8330 -0.0806 8.9429 68.9514 6.2220 0.0000 28.9347 -0.0001 
-2.9138 92.7200 -0.9043 5.3300 17.5278 3.0832 5.2758 6.8423 -2.1437 5.3080 6.8855 -2.1551 5.2914 6.8633 -2.1492 55.8083 76.1125 -50.0467 68.0721 60.4210 50.7030 31.6171 22.5024 95.0291 -1.8570 0.6128 -3.3094 0.0000 0.0000 0.0001 0.0000 0.0000 0.0000 0.0000 -0.0013 -0.0008 0.0000 -0.0004 0.0001 0.0000 0.0000 0.0000 0.0000 0.0000 0.0000 0.0000 0.0002 0.0000 0.0000 -0.0006 0.0003 0.0000 0.0004 -0.0006 0.0000 0.0000 0.0001 0.0000 0.0000 0.0000 0.0000 -0.0010 -0.0002 0.0000 0.0002 30.0001 -0.0001 0.0005 -29.9998 0.0000 0.0000 0.0000 -10.1991 -14.3827 6.2141 -10.1992 -14.3827 6.2141 17.1754 66.9795 116.6104 -51.2840 58.4155 -10.4792 -49.7706 32.5801 -106.5988 0.9551 -0.8186 2.7434 0.0000 -0.0001 0.0001 0.0000 0.0000 0.0000 0.0000 -0.0006 0.0003 0.0000 -0.0001 0.0001 0.0000 0.0000 0.0000 0.0000 0.0000 0.0000 0.0000 0.0007 0.0001 0.0000 -0.0012 0.0001 0.0000 -0.0008 0.0003 0.0000 0.0001 0.0000 0.0000 0.0000 0.0000 0.0000 -0.0009 0.0000 0.0000 0.0002 -29.9996 -0.0001 -0.0002 29.9996 0.0000 0.0000 0.0000 2.5784 -13.3440 178.2112 0.0000 0.0001 0.0828 -6.2051 68.7850 -8.9045 0.0000 25.3510 0.0000 -7.2161 -19.5406 -178.1932 -0.0253 -9.5846 -0.0806 8.6057 68.8743 5.9451 0.0000 28.9656 -0.0001 
-2.9534 92.7461 -0.9216 5.1050 17.5444 2.9565 5.0858 6.8095 -2.1441 5.1158 6.8511 -2.1552 5.1008 6.8304 -2.1496 54.7939 75.5622 -50.6213 67.7313 60.1444 50.1814 31.6886 22.7593 95.0537 -1.9091 0.6576 -3.3017 0.0000 0.0000 0.0001 0.0000 0.0000 0.0000 0.0000 -0.0013 -0.0008 0.0000 -0.0004 0.0001 0.0000 0.0000 0.0000 0.0000 0.0000 0.0000 0.0000 0.0002 0.0000 0.0000 -0.0006 0.0003 0.0000 0.0004 -0.0006 0.0000 0.0000 0.0001 0.0000 0.0000 0.0000 0.0000 -0.0010 -0.0002 0.0000 0.0002 30.0001 -0.0001 0.0005 -29.9998 0.0000 0.0000 0.0000 -10.0087 -14.2721 6.3107 -10.0087 -14.2721 6.3107 17.4715 67.2779 116.9949 -50.7712 58.8377 -10.3065 -49.6100 32.5731 -106.4874 0.9398 -0.8416 2.7589 0.0000 -0.0001 0.0001 0.0000 0.0000 0.0000 0.0000 -0.0006 0.0003 0.0000 -0.0001 0.0001 0.0000 0.0000 0.0000 0.0000 0.0000 0.0000 0.0000 0.0007 0.0001 0.0000 -0.0012 0.0001 0.0000 -0.0008 0.0003 0.0000 0.0001 0.0000 0.0000 0.0000 0.0000 0.0000 -0.0009 0.0000 0.0000 0.0002 -29.9997 -0.0001 -0.0003 29.9996 0.0000 0.0000 0.0000 2.8386 -13.3450 178.3009 0.0000 0.0000 0.0828 -6.7586 68.7900 -9.5806 0.0000 25.3510 0.0000 -7.1311 -19.3485 -178.0459 -0.0252 -9.3239 -0.0807 8.1862 68.7783 5.6269 0.0000 29.0003 -0.0001 
-2.9829 92.7736 -0.9369 4.7847 17.5579 2.8010 4.8634 6.7685 -2.1505 4.8911 6.8084 -2.1613 4.8778 6.7892 -2.1561 53.5800 74.9498 -51.3218 67.5356 59.8610 49.5688 31.7429 22.9754 95.1161 -1.9578 0.7041 -3.2840 0.0000 0.0000 0.0001 0.0000 0.0000 0.0000 0.0000 -0.0013 -0.0008 0.0000 -0.0004 0.0001 0.0000 0.0000 0.0000 0.0000 0.0000 0.0000 0.0000 0.0002 0.0000 0.0000 -0.0006 0.0003 0.0000 0.0004 -0.0006 0.0000 0.0000 0.0001 0.0000 0.0000 0.0000 0.0000 -0.0010 -0.0002 0.0000 0.0002 30.0001 -0.0001 0.0005 -29.9998 0.0000 0.0000 0.0000 -9.7635 -14.1422 6.3971 -9.7635 -14.1422 6.3971 17.7607 67.6128 117.4041 -50.2231 59.2436 -10.1592 -49.4501 32.5654 -106.3620 0.9258 -0.8631 2.7746 0.0000 -0.0001 0.0001 0.0000 0.0000 0.0000 0.0000 -0.0006 0.0003 0.0000 -0.0001 0.0001 0.0000 0.0000 0.0000 0.0000 0.0000 0.0000 0.0000 0.0007 0.0001 0.0000 -0.0011 0.0001 0.0000 -0.0008 0.0003 0.0000 0.0001 0.0000 0.0000 0.0000 0.0000 0.0000 -0.0008 0.0000 0.0000 0.0002 -29.9996 -0.0001 -0.0003 29.9996 0.0000 0.0000 0.0000 3.1446 -13.3325 178.3968 0.0000 0.0000 0.0828 -7.3667 68.7816 -10.2806 0.0000 25.3510 0.0000 -7.0082 -19.1625 -177.8908 -0.0266 -9.0721 -0.0806 7.7386 68.6756 5.3091 0.0000 29.0357 -0.0001 
-3.0052 92.8019 -0.9445 4.3836 17.5683 2.6230 4.6138 6.7206 -2.1637 4.6390 6.7585 -2.1743 4.6274 6.7411 -2.1695 52.3857 74.3272 -51.9949 67.4332 59.5437 48.8947 31.8197 23.1435 95.2079 -2.0017 0.7530 -3.2536 0.0000 0.0000 0.0001 0.0000 0.0000 0.0000 0.0000 -0.0013 -0.0008 0.0000 -0.0004 0.0001 0.0000 0.0000 0.0000 0.0000 0.0000 0.0000 0.0000 0.0003 0.0000 0.0000 -0.0006 0.0003 0.0000 0.0004 -0.0006 0.0000 0.0000 0.0001 0.0000 0.0000 0.0000 0.0000 -0.0010 -0.0002 0.0000 0.0002 30.0001 -0.0001 0.0005 -29.9998 0.0000 0.0000 0.0000 -9.4679 -13.9944 6.4692 -9.4679 -13.9944 6.4691 18.0890 67.9911 117.8768 -49.6225 59.6332 -10.0304 -49.3021 32.5576 -106.2231 0.9124 -0.8833 2.7897 0.0000 -0.0001 0.0001 0.0000 0.0000 0.0000 0.0000 -0.0006 0.0003 0.0000 -0.0001 0.0001 0.0000 0.0000 0.0000 0.0000 0.0000 0.0000 0.0000 0.0007 0.0001 0.0000 -0.0012 0.0001 0.0000 -0.0008 0.0003 0.0000 0.0001 0.0000 0.0000 0.0000 0.0000 0.0000 -0.0008 0.0000 0.0000 0.0002 -29.9997 -0.0001 -0.0003 29.9996 0.0000 0.0000 0.0000 3.4960 -13.3038 178.4960 0.0000 0.0001 0.0828 -8.0342 68.7640 -11.0241 0.0000 25.3510 0.0000 -6.8541 -18.9802 -177.7275 -0.0283 -8.8257 -0.0805 7.2600 68.5694 4.9801 0.0000 29.0694 -0.0001 
-3.0208 92.8298 -0.9362 3.8728 17.5757 2.4175 4.3272 6.6661 -2.1931 4.3497 6.7021 -2.2035 4.3400 6.6865 -2.1990 51.1901 73.6967 -52.6418 67.3852 59.2243 48.0630 31.9290 23.3075 95.3376 -2.0406 0.8020 -3.2091 0.0000 0.0000 0.0001 0.0000 0.0000 0.0000 0.0000 -0.0013 -0.0008 0.0000 -0.0004 0.0001 0.0000 0.0000 0.0000 0.0000 0.0000 0.0000 0.0000 0.0002 0.0000 0.0000 -0.0006 0.0003 0.0000 0.0004 -0.0006 0.0000 0.0000 0.0001 0.0000 0.0000 0.0000 0.0000 -0.0010 -0.0002 0.0000 0.0002 30.0001 -0.0001 0.0005 -29.9998 0.0000 0.0000 0.0000 -9.0892 -13.8263 6.5324 -9.0892 -13.8263 6.5324 18.5278 68.4308 118.5034 -49.0331 59.9525 -10.0308 -49.1632 32.5907 -106.0871 0.9013 -0.9033 2.8044 0.0000 -0.0001 0.0001 0.0000 0.0000 0.0000 0.0000 -0.0006 0.0003 0.0000 -0.0001 0.0001 0.0000 0.0000 0.0000 0.0000 0.0000 0.0000 0.0000 0.0007 0.0001 0.0000 -0.0012 0.0001 0.0000 -0.0008 0.0003 0.0000 0.0001 0.0000 0.0000 0.0000 0.0000 0.0000 -0.0009 0.0000 0.0000 0.0002 -29.9997 -0.0001 -0.0003 29.9996 0.0000 0.0000 0.0000 3.9173 -13.2740 178.5979 0.0006 -0.0487 0.0828 -8.8055 68.7630 -11.8599 0.0000 25.3510 0.0000 -6.6656 -18.8017 -177.5428 -0.0277 -8.5876 -0.0806 6.7003 68.4677 4.5992 0.0000 29.0511 -0.0001 
-3.0286 92.8578 -0.9200 3.2850 17.5870 2.1944 4.0117 6.6099 -2.2398 4.0315 6.6438 -2.2500 4.0235 6.6301 -2.2459 50.1664 73.0797 -53.0680 67.3763 58.9461 47.1412 32.0679 23.4684 95.5165 -2.0734 0.8483 -3.1537 0.0000 0.0000 0.0001 0.0000 0.0000 0.0000 0.0000 -0.0013 -0.0008 0.0000 -0.0004 0.0001 0.0000 0.0000 0.0000 0.0000 0.0000 0.0000 0.0000 0.0002 0.0000 0.0000 -0.0006 0.0003 0.0000 0.0004 -0.0006 0.0000 0.0000 0.0001 0.0000 0.0000 0.0000 0.0000 -0.0010 -0.0002 0.0000 0.0002 30.0001 -0.0001 0.0005 -29.9998 0.0000 0.0000 0.0000 -8.6369 -13.6504 6.5955 -8.6369 -13.6504 6.5955 19.1792 68.9241 119.3858 -48.5662 60.1823 -10.2521 -48.9537 32.6441 -105.9743 0.8922 -0.9244 2.8214 0.0000 -0.0001 0.0001 0.0000 0.0000 0.0000 0.0000 -0.0006 0.0003 0.0000 -0.0001 0.0001 0.0000 0.0000 0.0000 0.0000 0.0000 0.0000 0.0000 0.0007 0.0001 0.0000 -0.0012 0.0001 0.0000 -0.0008 0.0003 0.0000 0.0001 0.0000 0.0000 0.0000 0.0000 0.0000 -0.0009 0.0000 0.0000 0.0002 -29.9996 -0.0001 -0.0003 29.9996 0.0000 0.0000 0.0000 4.3855 -13.1862 178.7004 0.0000 0.0000 0.0828 -9.6152 68.7075 -12.7286 0.0000 25.3510 0.0000 -6.4678 -18.6443 -177.3435 -0.0263 -8.3790 -0.0808 6.0840 68.3855 4.1926 0.0000 28.7089 -0.0001 
-3.0257 92.8867 -0.9030 2.6413 17.6032 1.9570 3.6730 6.5537 -2.2988 3.6901 6.5857 -2.3090 3.6837 6.5737 -2.3052 49.3667 72.5033 -53.2225 67.4191 58.6926 46.1935 32.2148 23.6224 95.7466 -2.0998 0.8912 -3.0886 0.0000 0.0000 0.0001 0.0000 0.0000 0.0000 0.0000 -0.0013 -0.0008 0.0000 -0.0004 0.0001 0.0000 0.0000 0.0000 0.0000 0.0000 0.0000 0.0000 0.0003 0.0000 0.0000 -0.0006 0.0003 0.0000 0.0004 -0.0006 0.0000 0.0000 0.0001 0.0000 0.0000 0.0000 0.0000 -0.0010 -0.0002 0.0000 0.0003 30.0001 -0.0001 0.0005 -29.9998 0.0000 0.0000 0.0000 -8.1240 -13.4731 6.6553 -8.1240 -13.4731 6.6553 19.9624 69.4682 120.4885 -48.2199 60.3663 -10.6915 -48.7241 32.7045 -105.8529 0.8816 -0.9469 2.8375 0.0000 -0.0001 0.0001 0.0000 0.0000 0.0000 0.0000 -0.0006 0.0003 0.0000 -0.0001 0.0001 0.0000 0.0000 0.0000 0.0000 0.0000 0.0000 0.0000 0.0007 0.0001 0.0000 -0.0012 0.0001 0.0000 -0.0008 0.0003 0.0000 0.0001 0.0000 0.0000 0.0000 0.0000 0.0000 -0.0009 0.0000 0.0000 0.0002 -29.9996 -0.0001 -0.0003 29.9996 0.0000 0.0000 0.0000 4.8845 -13.1468 178.8052 0.0005 -0.0487 0.0828 -10.4766 68.6921 -13.6451 0.0000 25.3510 0.0000 -6.2619 -18.5203 -177.1406 -0.0254 -8.2155 -0.0809 5.4613 68.3312 3.7982 0.0000 28.2960 -0.0001 
-3.0136 92.9160 -0.8963 1.9409 17.6328 1.7029 3.2989 6.4957 -2.3722 3.3135 6.5259 -2.3823 3.3085 6.5156 -2.3788 49.0249 72.0512 -52.9166 67.4714 58.4177 45.2761 32.3509 23.7933 96.0144 -2.1186 0.9306 -3.0105 0.0000 0.0000 0.0001 0.0000 0.0000 0.0000 0.0000 -0.0013 -0.0008 0.0000 -0.0004 0.0001 0.0000 0.0000 0.0000 0.0000 0.0000 0.0000 0.0000 0.0002 0.0000 0.0000 -0.0006 0.0003 0.0000 0.0004 -0.0006 0.0000 0.0000 0.0001 0.0000 0.0000 0.0000 0.0000 -0.0010 -0.0002 0.0000 0.0002 30.0001 -0.0001 0.0005 -29.9998 0.0000 0.0000 0.0000 -7.5288 -13.2977 6.7094 -7.5288 -13.2977 6.7094 20.9884 70.0842 121.8815 -47.8790 60.5186 -11.2826 -48.5156 32.8169 -105.6994 0.8692 -0.9712 2.8498 0.0000 -0.0001 0.0001 0.0000 0.0000 0.0000 0.0000 -0.0006 0.0003 0.0000 -0.0001 0.0001 0.0000 0.0000 0.0000 0.0000 0.0000 0.0000 0.0000 0.0007 0.0001 0.0000 -0.0012 0.0001 0.0000 -0.0008 0.0003 0.0000 0.0001 0.0000 0.0000 0.0000 0.0000 0.0000 -0.0008 0.0000 0.0000 0.0002 -29.9996 -0.0001 -0.0003 29.9996 0.0000 0.0000 0.0000 5.3955 -13.0748 178.9209 0.0000 0.0000 0.0828 -11.3366 68.6179 -14.5480 0.0000 25.3510 0.0000 -6.0436 -18.4562 -176.9432 -0.0260 -8.1146 -0.0809 4.8741 68.3173 3.4488 0.0000 27.7818 -0.0001 
-2.9969 92.9413 -0.9037 1.2287 17.6783 1.4405 2.8920 6.4392 -2.4522 2.9041 6.4675 -2.4623 2.9003 6.4588 -2.4592 49.0776 71.7085 -52.2673 67.5214 58.1118 44.4440 32.4918 23.9792 96.2919 -2.1312 0.9671 -2.9237 0.0000 0.0000 0.0001 0.0000 0.0000 0.0000 0.0000 -0.0013 -0.0008 0.0000 -0.0004 0.0001 0.0000 0.0000 0.0000 0.0000 0.0000 0.0000 0.0000 0.0002 0.0000 0.0000 -0.0006 0.0003 0.0000 0.0004 -0.0006 0.0000 0.0000 0.0001 0.0000 0.0000 0.0000 0.0000 -0.0010 -0.0002 0.0000 0.0002 30.0001 -0.0001 0.0005 -29.9998 0.0000 0.0000 0.0000 -6.8716 -13.1368 6.7609 -6.8716 -13.1368 6.7609 22.2000 70.7368 123.4717 -47.5568 60.6648 -12.0009 -48.3010 32.9773 -105.4921 0.8562 -0.9959 2.8591 0.0000 -0.0001 0.0001 0.0000 0.0000 0.0000 0.0000 -0.0006 0.0003 0.0000 -0.0001 0.0001 0.0000 0.0000 0.0000 0.0000 0.0000 0.0000 0.0000 0.0007 0.0001 0.0000 -0.0012 0.0001 0.0000 -0.0008 0.0003 0.0000 0.0001 0.0000 0.0000 0.0000 0.0000 0.0000 -0.0008 0.0000 0.0000 0.0002 -29.9996 -0.0001 -0.0003 29.9996 0.0000 0.0000 0.0000 5.8901 -13.0533 179.0469 0.0000 0.0001 0.0828 -12.1913 68.5620 -15.4301 0.0000 25.3510 0.0000 -5.8222 -18.4299 -176.7471 -0.0262 -8.0352 -0.0809 4.3276 68.3267 3.1339 0.0000 27.2273 -0.0001 
-2.9723 92.9607 -0.9245 0.5272 17.7379 1.1776 2.4588 6.3896 -2.5372 2.4685 6.4164 -2.5472 2.4658 6.4091 -2.5444 49.3048 71.4227 -51.4483 67.5857 57.8098 43.6528 32.6611 24.1647 96.5968 -2.1376 0.9997 -2.8310 0.0000 0.0000 0.0001 0.0000 0.0000 0.0000 0.0000 -0.0013 -0.0008 0.0000 -0.0004 0.0001 0.0000 0.0000 0.0000 0.0000 0.0000 0.0000 0.0000 0.0002 0.0000 0.0000 -0.0006 0.0003 0.0000 0.0004 -0.0006 0.0000 0.0000 0.0001 0.0000 0.0000 0.0000 0.0000 -0.0010 -0.0002 0.0000 0.0002 30.0001 -0.0001 0.0005 -29.9998 0.0000 0.0000 0.0000 -6.1706 -13.0020 6.8133 -6.1706 -13.0020 6.8133 23.5993 71.4037 125.2514 -47.2386 60.8229 -12.8063 -48.0582 33.1528 -105.2458 0.8435 -1.0211 2.8690 0.0000 -0.0001 0.0001 0.0000 0.0000 0.0000 0.0000 -0.0006 0.0003 0.0000 -0.0001 0.0001 0.0000 0.0000 0.0000 0.0000 0.0000 0.0000 0.0000 0.0007 0.0001 0.0000 -0.0012 0.0001 0.0000 -0.0008 0.0003 0.0000 0.0001 0.0000 0.0000 0.0000 0.0000 0.0000 -0.0008 0.0000 0.0000 0.0002 -29.9996 -0.0001 -0.0003 29.9996 0.0000 0.0000 0.0000 6.3667 -13.0653 179.1700 0.0002 -0.0163 0.0828 -12.9872 68.5152 -16.2434 0.0000 25.3510 0.0000 -5.6023 -18.4270 -176.5555 -0.0259 -7.9590 -0.0809 3.8291 68.3500 2.8521 0.0000 26.6693 -0.0001 
-2.9315 92.9722 -0.9494 -0.1235 17.8116 0.9253 2.0150 6.3541 -2.6258 2.0225 6.3797 -2.6359 2.0206 6.3734 -2.6334 49.6653 71.1915 -50.4599 67.6774 57.4736 42.9137 32.8743 24.3527 96.9276 -2.1371 1.0298 -2.7275 0.0000 0.0000 0.0001 0.0000 0.0000 0.0000 0.0000 -0.0013 -0.0008 0.0000 -0.0004 0.0001 0.0000 0.0000 0.0000 0.0000 0.0000 0.0000 0.0000 0.0002 0.0000 0.0000 -0.0006 0.0003 0.0000 0.0004 -0.0006 0.0000 0.0000 0.0001 0.0000 0.0000 0.0000 0.0000 -0.0010 -0.0002 0.0000 0.0002 30.0001 -0.0001 0.0005 -29.9998 0.0000 0.0000 0.0000 -5.4849 -12.8985 6.8713 -5.4849 -12.8985 6.8713 25.1712 72.0864 127.2849 -46.6940 61.1098 -13.4912 -47.9009 33.2851 -104.8918 0.8232 -1.0480 2.8763 0.0000 -0.0001 0.0001 0.0000 0.0000 0.0000 0.0000 -0.0006 0.0003 0.0000 -0.0001 0.0001 0.0000 0.0000 0.0000 0.0000 0.0000 0.0000 0.0000 0.0007 0.0001 0.0000 -0.0012 0.0001 0.0000 -0.0008 0.0003 0.0000 0.0001 0.0000 0.0000 0.0000 0.0000 0.0000 -0.0008 0.0000 0.0000 0.0002 -29.9996 -0.0001 -0.0003 29.9996 0.0000 0.0000 0.0000 6.8011 -13.0832 179.2770 0.0000 0.0000 0.0828 -13.6383 68.4700 -16.8968 0.0000 25.3510 0.0000 -5.3953 -18.4666 -176.3775 -0.0251 -7.9118 -0.0810 3.4186 68.3948 2.6236 0.0000 26.1341 -0.0001 
-2.8805 92.9813 -0.9659 -0.7173 17.8923 0.6882 1.5384 6.3402 -2.7267 1.5438 6.3650 -2.7370 1.5426 6.3595 -2.7347 50.0481 70.9658 -49.5291 67.8234 57.0923 42.2219 33.1170 24.5248 97.2714 -2.1319 1.0580 -2.6199 0.0000 0.0000 0.0001 0.0000 0.0000 0.0000 0.0000 -0.0013 -0.0008 0.0000 -0.0004 0.0001 0.0000 0.0000 0.0000 0.0000 0.0000 0.0000 0.0000 0.0002 0.0000 0.0000 -0.0006 0.0003 0.0000 0.0004 -0.0006 0.0000 0.0000 0.0001 0.0000 0.0000 0.0000 0.0000 -0.0010 -0.0002 0.0000 0.0002 30.0001 -0.0001 0.0005 -29.9998 0.0000 0.0000 0.0000 -4.7924 -12.8359 6.9497 -4.7925 -12.8359 6.9497 27.0460 72.7583 129.5738 -46.1058 61.4043 -14.1744 -47.7939 33.4235 -104.5513 0.8026 -1.0761 2.8833 0.0000 -0.0001 0.0001 0.0000 0.0000 0.0000 0.0000 -0.0006 0.0003 0.0000 -0.0001 0.0001 0.0000 0.0000 0.0000 0.0000 0.0000 0.0000 0.0000 0.0007 0.0001 0.0000 -0.0012 0.0001 0.0000 -0.0008 0.0003 0.0000 0.0001 0.0000 0.0000 0.0000 0.0000 0.0000 -0.0008 0.0000 0.0000 0.0002 -29.9996 -0.0001 -0.0003 29.9996 0.0000 0.0000 0.0000 7.1977 -13.1266 179.3644 0.0002 -0.0163 0.0828 -14.1745 68.4639 -17.4182 0.0000 25.3510 0.0000 -5.2160 -18.5658 -176.2177 -0.0248 -7.9328 -0.0810 3.0860 68.4588 2.4552 0.0000 25.6178 -0.0001 
-2.8201 92.9912 -0.9841 -1.2749 17.9819 0.4571 1.0563 6.3414 -2.8342 1.0598 6.3657 -2.8448 1.0590 6.3606 -2.8426 50.3893 70.7597 -48.6652 67.9619 56.7729 41.5160 33.4508 24.6283 97.5868 -2.1177 1.0837 -2.5067 0.0000 0.0000 0.0001 0.0000 0.0000 0.0000 0.0000 -0.0013 -0.0008 0.0000 -0.0004 0.0001 0.0000 0.0000 0.0000 0.0000 0.0000 0.0000 0.0000 0.0002 0.0000 0.0000 -0.0006 0.0003 0.0000 0.0004 -0.0006 0.0000 0.0000 0.0001 0.0000 0.0000 0.0000 0.0000 -0.0010 -0.0002 0.0000 0.0002 30.0001 -0.0001 0.0005 -29.9998 0.0000 0.0000 0.0000 -4.1223 -12.8039 7.0469 -4.1223 -12.8039 7.0469 29.2191 73.4389 132.1385 -45.5316 61.7124 -14.8945 -47.6877 33.5418 -104.2385 0.7810 -1.1052 2.8910 0.0000 -0.0001 0.0001 0.0000 0.0000 0.0000 0.0000 -0.0006 0.0003 0.0000 -0.0001 0.0001 0.0000 0.0000 0.0000 0.0000 0.0000 0.0000 0.0000 0.0007 0.0001 0.0000 -0.0011 0.0001 0.0000 -0.0008 0.0003 0.0000 0.0001 0.0000 0.0000 0.0000 0.0000 0.0000 -0.0008 0.0000 0.0000 0.0002 -29.9997 -0.0001 -0.0003 29.9996 0.0000 0.0000 0.0000 7.5774 -13.1707 179.4343 0.0000 0.0001 0.0828 -14.5851 68.4568 -17.7956 0.0000 25.3510 0.0000 -5.0583 -18.7384 -176.0725 -0.0261 -8.0356 -0.0809 2.8256 68.5346 2.3533 0.0000 25.1090 -0.0001 
-2.7549 93.0053 -1.0221 -1.7989 18.0859 0.2311 0.5929 6.3604 -2.9510 0.5946 6.3848 -2.9622 0.5942 6.3796 -2.9598 50.5836 70.5739 -47.9543 68.1323 56.4079 40.7975 33.8127 24.6948 97.9018 -2.0981 1.1084 -2.3872 0.0000 0.0000 0.0001 0.0000 0.0000 0.0000 0.0000 -0.0013 -0.0008 0.0000 -0.0004 0.0001 0.0000 0.0000 0.0000 0.0000 0.0000 0.0000 0.0000 0.0002 0.0000 0.0000 -0.0006 0.0003 0.0000 0.0004 -0.0006 0.0000 0.0000 0.0001 0.0000 0.0000 0.0000 0.0000 -0.0010 -0.0002 0.0000 0.0003 30.0001 -0.0001 0.0005 -29.9998 0.0000 0.0000 0.0000 -3.5152 -12.8076 7.1790 -3.5152 -12.8076 7.1790 31.7601 74.1001 135.0651 -44.9063 62.0100 -15.5836 -47.6074 33.6496 -103.9699 0.7595 -1.1359 2.9004 0.0000 -0.0001 0.0001 0.0000 0.0000 0.0000 0.0000 -0.0006 0.0003 0.0000 -0.0001 0.0001 0.0000 0.0000 0.0000 0.0000 0.0000 0.0000 0.0000 0.0007 0.0001 0.0000 -0.0012 0.0001 0.0000 -0.0008 0.0003 0.0000 0.0001 0.0000 0.0000 0.0000 0.0000 0.0000 -0.0008 0.0000 0.0000 0.0002 -29.9996 -0.0001 -0.0003 29.9996 0.0000 0.0000 0.0000 7.9576 -13.2575 179.4813 0.0000 0.0000 0.0828 -14.8331 68.4632 -17.9914 0.0000 25.3510 0.0000 -4.9249 -18.9738 -175.9403 -0.0291 -8.2003 -0.0806 2.6388 68.6017 2.3354 0.0000 24.9861 -0.0001 
-2.7011 93.0238 -1.0825 -2.3210 18.1971 -0.0071 0.1620 6.3856 -3.0692 0.1619 6.4104 -3.0811 0.1620 6.4049 -3.0784 50.7326 70.4030 -47.3119 68.3504 55.9651 40.1412 34.1583 24.7868 98.2143 -2.0764 1.1319 -2.2659 0.0000 0.0000 0.0001 0.0000 0.0000 0.0000 0.0000 -0.0013 -0.0008 0.0000 -0.0004 0.0001 0.0000 0.0000 0.0000 0.0000 0.0000 0.0000 0.0000 0.0002 0.0000 0.0000 -0.0006 0.0003 0.0000 0.0004 -0.0006 0.0000 0.0000 0.0001 0.0000 0.0000 0.0000 0.0000 -0.0010 -0.0002 0.0000 0.0002 30.0001 -0.0001 0.0005 -29.9998 0.0000 0.0000 0.0000 -2.9819 -12.8227 7.3307 -2.9819 -12.8227 7.3307 34.5799 74.7262 138.2682 -44.2505 62.2983 -16.2095 -47.5759 33.7611 -103.7464 0.7371 -1.1676 2.9081 0.0000 -0.0001 0.0001 0.0000 0.0000 0.0000 0.0000 -0.0006 0.0003 0.0000 -0.0001 0.0001 0.0000 0.0000 0.0000 0.0000 0.0000 0.0000 0.0000 0.0007 0.0001 0.0000 -0.0012 0.0001 0.0000 -0.0008 0.0003 0.0000 0.0001 0.0000 0.0000 0.0000 0.0000 0.0000 -0.0008 0.0000 0.0000 0.0002 -29.9996 -0.0001 -0.0003 29.9996 0.0000 0.0000 0.0000 8.3491 -13.3968 179.5342 0.0005 -0.0485 0.0828 -14.9968 68.4894 -18.0891 0.0000 25.3510 0.0000 -4.8036 -19.1924 -175.7940 -0.0323 -8.3366 -0.0804 2.4657 68.6368 2.3594 0.0000 24.9866 -0.0001 
-2.6694 93.0459 -1.1499 -2.8587 18.3115 -0.2662 -0.2447 6.4147 -3.1855 -0.2464 6.4400 -3.1981 -0.2460 6.4341 -3.1951 50.9027 70.2538 -46.7215 68.5367 55.5733 39.5252 34.5483 24.8485 98.4772 -2.0499 1.1520 -2.1476 0.0000 0.0000 0.0001 0.0000 0.0000 0.0000 0.0000 -0.0013 -0.0008 0.0000 -0.0004 0.0001 0.0000 0.0000 0.0000 0.0000 0.0000 0.0000 0.0000 0.0002 -0.0001 0.0000 -0.0006 0.0003 0.0000 0.0004 -0.0006 0.0000 0.0000 0.0001 0.0000 0.0000 0.0000 0.0000 -0.0010 -0.0002 0.0000 0.0002 30.0001 -0.0001 0.0005 -29.9998 0.0000 0.0000 0.0000 -2.4810 -12.8511 7.4909 -2.4810 -12.8511 7.4909 37.6365 75.3018 141.6603 -43.5829 62.5753 -16.7756 -47.5794 33.8799 -103.5640 0.7156 -1.1988 2.9143 0.0000 -0.0001 0.0001 0.0000 0.0000 0.0000 0.0000 -0.0006 0.0003 0.0000 -0.0001 0.0001 0.0000 0.0000 0.0000 0.0000 0.0000 0.0000 0.0000 0.0007 0.0001 0.0000 -0.0012 0.0001 0.0000 -0.0008 0.0003 0.0000 0.0001 0.0000 0.0000 0.0000 0.0000 0.0000 -0.0008 0.0000 0.0000 0.0002 -29.9996 -0.0001 -0.0003 29.9996 0.0000 0.0000 0.0000 8.7542 -13.5005 179.6109 0.0000 0.0001 0.0828 -15.0818 68.4709 -18.0945 0.0000 25.3510 0.0000 -4.6852 -19.3567 -175.6189 -0.0349 -8.4118 -0.0802 2.2735 68.6454 2.3952 0.0000 24.9867 -0.0001 
-2.6717 93.0719 -1.2189 -3.4370 18.4237 -0.5597 -0.5852 6.4444 -3.2880 -0.5883 6.4704 -3.3014 -0.5876 6.4638 -3.2980 51.1168 70.1564 -46.1456 68.6458 55.1770 38.9974 34.8884 24.8880 98.6909 -2.0267 1.1726 -2.0404 0.0000 0.0000 0.0001 0.0000 0.0000 0.0000 0.0000 -0.0013 -0.0008 0.0000 -0.0004 0.0001 0.0000 0.0000 0.0000 0.0000 0.0000 0.0000 0.0000 0.0002 0.0000 0.0000 -0.0006 0.0003 0.0000 0.0004 -0.0006 0.0000 0.0000 0.0001 0.0000 0.0000 0.0000 0.0000 -0.0010 -0.0002 0.0000 0.0002 30.0001 -0.0001 0.0006 -29.9998 0.0000 0.0000 0.0000 -2.0465 -12.8869 7.6437 -2.0465 -12.8869 7.6437 40.7718 75.8106 145.1152 -42.8970 62.8204 -17.2472 -47.5925 34.0129 -103.4278 0.6970 -1.2292 2.9212 0.0000 -0.0001 0.0001 0.0000 0.0000 0.0000 0.0000 -0.0006 0.0003 0.0000 -0.0001 0.0001 0.0000 0.0000 0.0000 0.0000 0.0000 0.0000 0.0000 0.0007 0.0001 0.0000 -0.0012 0.0001 0.0000 -0.0008 0.0003 0.0000 0.0001 0.0000 0.0000 0.0000 0.0000 0.0000 -0.0009 0.0000 0.0000 0.0002 -29.9997 -0.0001 -0.0003 29.9996 0.0000 0.0000 0.0000 9.1843 -13.6412 179.7296 0.0002 -0.0163 0.0828 -15.1554 68.4908 -18.0742 0.0000 25.3510 0.0000 -4.5577 -19.4126 -175.3944 -0.0365 -8.3638 -0.0801 2.0322 68.6181 2.4241 0.0000 24.9864 -0.0001 
-2.6963 93.0981 -1.2888 -4.0321 18.5292 -0.8542 -0.8669 6.4664 -3.3806 -0.8713 6.4930 -3.3948 -0.8701 6.4858 -3.3909 51.4382 70.0896 -45.5054 68.6760 54.7665 38.5714 35.1716 24.9380 98.8857 -2.0094 1.1938 -1.9460 0.0000 0.0000 0.0001 0.0000 0.0000 0.0000 0.0000 -0.0013 -0.0008 0.0000 -0.0004 0.0001 0.0000 0.0000 0.0000 0.0000 0.0000 0.0000 0.0000 0.0002 0.0000 0.0000 -0.0006 0.0003 0.0000 0.0004 -0.0006 0.0000 0.0000 0.0001 0.0000 0.0000 0.0000 0.0000 -0.0010 -0.0002 0.0000 0.0002 30.0001 -0.0001 0.0005 -29.9998 0.0000 0.0000 0.0000 -1.6725 -12.9143 7.7795 -1.6725 -12.9144 7.7795 43.7944 76.2307 148.4610 -42.1812 63.0577 -17.6207 -47.5859 34.1675 -103.2751 0.6820 -1.2579 2.9294 0.0000 -0.0001 0.0001 0.0000 0.0000 0.0000 0.0000 -0.0006 0.0003 0.0000 -0.0001 0.0001 0.0000 0.0000 0.0000 0.0000 0.0000 0.0000 0.0000 0.0007 0.0001 0.0000 -0.0011 0.0001 0.0000 -0.0008 0.0003 0.0000 0.0001 0.0000 0.0000 0.0000 0.0000 0.0000 -0.0009 0.0000 0.0000 0.0002 -29.9996 -0.0001 -0.0003 29.9996 0.0000 0.0000 0.0000 9.6083 -13.7703 179.8631 0.0002 -0.0163 0.0828 -15.2148 68.5045 -18.0223 0.0000 25.3510 0.0000 -4.4372 -19.3836 -175.1442 -0.0369 -8.2193 -0.0801 1.7288 68.5709 2.4190 0.0000 24.9859 -0.0001 
-2.7353 93.1213 -1.3646 -4.6112 18.6242 -1.1220 -1.1176 6.4807 -3.4710 -1.1232 6.5079 -3.4860 -1.1216 6.5002 -3.4817 51.8229 70.0350 -44.8761 68.6667 54.3169 38.2429 35.3650 25.0084 99.0822 -2.0003 1.2162 -1.8665 0.0000 0.0000 0.0001 0.0000 0.0000 0.0000 0.0000 -0.0013 -0.0008 0.0000 -0.0004 0.0001 0.0000 0.0000 0.0000 0.0000 0.0000 0.0000 0.0000 0.0002 0.0000 0.0000 -0.0006 0.0003 0.0000 0.0004 -0.0006 0.0000 0.0000 0.0001 0.0000 0.0000 0.0000 0.0000 -0.0010 -0.0002 0.0000 0.0002 30.0001 -0.0001 0.0005 -29.9998 0.0000 0.0000 0.0000 -1.3349 -12.9345 7.8987 -1.3349 -12.9345 7.8987 46.6109 76.5679 151.5673 -41.4494 63.2951 -17.8767 -47.5734 34.3134 -103.1334 0.6700 -1.2847 2.9397 0.0000 -0.0001 0.0001 0.0000 0.0000 0.0000 0.0000 -0.0006 0.0003 0.0000 -0.0001 0.0001 0.0000 0.0000 0.0000 0.0000 0.0000 0.0000 0.0000 0.0007 0.0001 0.0000 -0.0012 0.0001 0.0000 -0.0008 0.0003 0.0000 0.0001 0.0000 0.0000 0.0000 0.0000 0.0000 -0.0008 0.0000 0.0000 0.0002 -29.9997 -0.0001 -0.0003 29.9996 0.0000 0.0000 0.0000 9.9965 -13.8856 179.9901 0.0000 0.0001 0.0828 -15.2679 68.5041 -17.9447 0.0000 25.3510 0.0000 -4.3480 -19.2986 -174.8884 -0.0356 -8.0063 -0.0802 1.3674 68.5011 2.3746 0.0000 24.9853 -0.0001 
-2.7824 93.1374 -1.4459 -5.1475 18.6974 -1.3339 -1.3285 6.4850 -3.5612 -1.3352 6.5128 -3.5769 -1.3332 6.5045 -3.5722 52.2377 70.0031 -44.3113 68.4578 54.0983 37.9196 35.5982 24.9929 99.1724 -1.9949 1.2361 -1.8100 0.0000 0.0000 0.0001 0.0000 0.0000 0.0000 0.0000 -0.0013 -0.0008 0.0000 -0.0004 0.0001 0.0000 0.0000 0.0000 0.0000 0.0000 0.0000 0.0000 0.0002 0.0000 0.0000 -0.0006 0.0003 0.0000 0.0004 -0.0006 0.0000 0.0000 0.0001 0.0000 0.0000 0.0000 0.0000 -0.0010 -0.0002 0.0000 0.0002 30.0001 -0.0001 0.0005 -29.9998 0.0000 0.0000 0.0000 -1.0472 -12.9464 7.9913 -1.0472 -12.9464 7.9913 48.8895 76.8052 154.0746 -40.6471 63.5415 -17.9037 -47.5623 34.4221 -103.0235 0.6634 -1.3088 2.9571 0.0000 -0.0001 0.0001 0.0000 0.0000 0.0000 0.0000 -0.0006 0.0003 0.0000 -0.0001 0.0001 0.0000 0.0000 0.0000 0.0000 0.0000 0.0000 0.0000 0.0007 0.0001 0.0000 -0.0012 0.0001 0.0000 -0.0008 0.0003 0.0000 0.0001 0.0000 0.0000 0.0000 0.0000 0.0000 -0.0009 0.0000 0.0000 0.0002 -29.9996 -0.0001 -0.0003 29.9996 0.0000 0.0000 0.0000 10.2962 -14.0194 -179.9032 0.0007 -0.0624 0.0828 -15.3847 68.5298 -17.8838 0.0000 25.3510 0.0000 -4.3269 -19.2100 -174.6406 -0.0328 -7.8044 -0.0805 0.9437 68.4215 2.2911 0.0000 24.9846 -0.0001 
-2.8224 93.1488 -1.5144 -5.6321 18.7481 -1.4884 -1.5160 6.4810 -3.6495 -1.5236 6.5092 -3.6660 -1.5212 6.5004 -3.6608 52.6297 70.0064 -43.8318 68.2981 53.8631 37.7062 35.6767 24.9950 99.2647 -1.9958 1.2537 -1.7709 0.0000 0.0000 0.0001 0.0000 0.0000 0.0000 0.0000 -0.0013 -0.0008 0.0000 -0.0004 0.0001 0.0000 0.0000 0.0000 0.0000 0.0000 0.0000 0.0000 0.0002 -0.0001 0.0000 -0.0006 0.0003 0.0000 0.0004 -0.0006 0.0000 0.0000 0.0001 0.0000 0.0000 0.0000 0.0000 -0.0010 -0.0002 0.0000 0.0002 30.0001 -0.0001 0.0005 -29.9998 0.0000 0.0000 0.0000 -0.7908 -12.9519 8.0547 -0.7908 -12.9519 8.0547 50.3288 76.9532 155.7185 -40.0293 63.7774 -17.8752 -47.5191 34.4723 -102.9438 0.6596 -1.3293 2.9785 0.0000 -0.0001 0.0001 0.0000 0.0000 0.0000 0.0000 -0.0006 0.0003 0.0000 -0.0001 0.0001 0.0000 0.0000 0.0000 0.0000 0.0000 0.0000 0.0000 0.0007 0.0001 0.0000 -0.0012 0.0001 0.0000 -0.0008 0.0003 0.0000 0.0001 0.0000 0.0000 0.0000 0.0000 0.0000 -0.0008 0.0000 0.0000 0.0002 -29.9996 -0.0001 -0.0003 29.9996 0.0000 0.0000 0.0000 10.5152 -14.0800 -179.8274 0.0005 -0.0487 0.0828 -15.5105 68.5199 -17.7958 0.0000 25.3510 0.0000 -4.3569 -19.1650 -174.4281 -0.0304 -7.6641 -0.0807 0.5255 68.3366 2.2118 0.0000 24.9837 -0.0001 
-2.8554 93.1589 -1.5652 -6.0661 18.7794 -1.5943 -1.6845 6.4683 -3.7325 -1.6930 6.4969 -3.7497 -1.6903 6.4877 -3.7441 53.0017 70.0427 -43.4170 68.1501 53.6991 37.5521 35.7102 25.0097 99.3326 -1.9971 1.2655 -1.7451 0.0000 0.0000 0.0001 0.0000 0.0000 0.0000 0.0000 -0.0013 -0.0008 0.0000 -0.0004 0.0001 0.0000 0.0000 0.0000 0.0000 0.0000 0.0000 0.0000 0.0002 0.0000 0.0000 -0.0006 0.0003 0.0000 0.0004 -0.0006 0.0000 0.0000 0.0001 0.0000 0.0000 0.0000 0.0000 -0.0010 -0.0002 0.0000 0.0002 30.0001 -0.0001 0.0005 -29.9998 0.0000 0.0000 0.0000 -0.5602 -12.9528 8.0864 -0.5602 -12.9528 8.0864 50.9400 77.0307 156.5106 -39.6484 63.9883 -17.8329 -47.4549 34.4839 -102.8740 0.6568 -1.3449 2.9975 0.0000 -0.0001 0.0001 0.0000 0.0000 0.0000 0.0000 -0.0006 0.0003 0.0000 -0.0001 0.0001 0.0000 0.0000 0.0000 0.0000 0.0000 0.0000 0.0000 0.0007 0.0001 0.0000 -0.0012 0.0001 0.0000 -0.0008 0.0003 0.0000 0.0001 0.0000 0.0000 0.0000 0.0000 0.0000 -0.0009 0.0000 0.0000 0.0002 -29.9996 -0.0001 -0.0003 29.9996 0.0000 0.0000 0.0000 10.6708 -14.1202 -179.7783 0.0007 -0.0625 0.0828 -15.6712 68.5275 -17.7233 0.0000 25.3510 0.0000 -4.4214 -19.1501 -174.2513 -0.0283 -7.5713 -0.0809 0.1376 68.2467 2.1499 0.0000 24.9827 -0.0001 
-2.8805 93.1703 -1.5903 -6.4336 18.7774 -1.6437 -1.8222 6.4453 -3.8022 -1.8315 6.4741 -3.8199 -1.8284 6.4646 -3.8141 53.3366 70.1319 -43.0891 68.0280 53.6572 37.4698 35.7141 25.0444 99.3655 -1.9953 1.2668 -1.7354 0.0000 0.0000 0.0001 0.0000 0.0000 0.0000 0.0000 -0.0013 -0.0008 0.0000 -0.0004 0.0001 0.0000 0.0000 0.0000 0.0000 0.0000 0.0000 0.0000 0.0002 0.0000 0.0000 -0.0006 0.0003 0.0000 0.0004 -0.0006 0.0000 0.0000 0.0001 0.0000 0.0000 0.0000 0.0000 -0.0010 -0.0002 0.0000 0.0002 30.0001 -0.0001 0.0005 -29.9998 0.0000 0.0000 0.0000 -0.3632 -12.9506 8.0653 -0.3632 -12.9506 8.0653 50.3871 77.0248 156.0854 -39.6125 64.1470 -17.7803 -47.3808 34.4668 -102.7924 0.6547 -1.3513 3.0073 0.0000 -0.0001 0.0001 0.0000 0.0000 0.0000 0.0000 -0.0006 0.0002 0.0000 -0.0001 0.0001 0.0000 0.0000 0.0000 0.0000 0.0000 0.0000 0.0000 0.0007 0.0001 0.0000 -0.0012 0.0001 0.0000 -0.0008 0.0003 0.0000 0.0001 0.0000 0.0000 0.0000 0.0000 0.0000 -0.0009 0.0000 0.0000 0.0002 -29.9997 -0.0001 -0.0003 29.9996 0.0000 0.0000 0.0000 10.7682 -14.0770 -179.7618 0.0002 -0.0163 0.0828 -15.8320 68.5119 -17.6458 0.0000 25.3510 0.0000 -4.5019 -19.1196 -174.1273 -0.0263 -7.4792 -0.0810 -0.2020 68.1347 2.1060 0.0000 24.9817 -0.0001 
-2.9031 93.1822 -1.6114 -6.7501 18.7460 -1.6675 -1.9299 6.4170 -3.8546 -1.9397 6.4459 -3.8727 -1.9364 6.4362 -3.8666 53.6626 70.2650 -42.8080 67.9627 53.6902 37.4657 35.6862 25.0880 99.3843 -1.9898 1.2592 -1.7365 0.0000 0.0000 0.0001 0.0000 0.0000 0.0000 0.0000 -0.0013 -0.0008 0.0000 -0.0004 0.0001 0.0000 0.0000 0.0000 0.0000 0.0000 0.0000 0.0000 0.0002 0.0000 0.0000 -0.0006 0.0003 0.0000 0.0004 -0.0006 0.0000 0.0000 0.0001 0.0000 0.0000 0.0000 0.0000 -0.0010 -0.0002 0.0000 0.0002 30.0001 -0.0001 0.0005 -29.9998 0.0000 0.0000 0.0000 -0.1915 -12.9486 8.0006 -0.1915 -12.9486 8.0006 49.0435 76.9672 154.8201 -39.8055 64.2436 -17.7271 -47.2687 34.4230 -102.7029 0.6559 -1.3491 3.0126 0.0000 -0.0001 0.0001 0.0000 0.0000 0.0000 0.0000 -0.0006 0.0003 0.0000 -0.0001 0.0001 0.0000 0.0000 0.0000 0.0000 0.0000 0.0000 0.0000 0.0007 0.0001 0.0000 -0.0012 0.0001 0.0000 -0.0008 0.0003 0.0000 0.0001 0.0000 0.0000 0.0000 0.0000 0.0000 -0.0009 0.0000 0.0000 0.0002 -29.9996 -0.0001 -0.0003 29.9996 0.0000 0.0000 0.0000 10.8350 -14.0431 -179.7554 0.0005 -0.0487 0.0828 -16.0220 68.5243 -17.6130 0.0000 25.3510 0.0000 -4.5784 -19.0359 -174.0280 -0.0232 -7.3524 -0.0812 -0.4971 68.0056 2.0682 0.0000 24.9805 -0.0001 
-2.9248 93.1936 -1.6289 -7.0228 18.6922 -1.6718 -2.0092 6.3841 -3.8906 -2.0194 6.4129 -3.9089 -2.0160 6.4032 -3.9027 54.0155 70.4358 -42.5319 67.9509 53.7810 37.5418 35.6293 25.1364 99.3941 -1.9809 1.2439 -1.7460 0.0000 0.0000 0.0001 0.0000 0.0000 0.0000 0.0000 -0.0013 -0.0008 0.0000 -0.0004 0.0001 0.0000 0.0000 0.0000 0.0000 0.0000 0.0000 0.0000 0.0002 0.0000 0.0000 -0.0006 0.0003 0.0000 0.0004 -0.0006 0.0000 0.0000 0.0001 0.0000 0.0000 0.0000 0.0000 -0.0010 -0.0002 0.0000 0.0002 30.0001 -0.0001 0.0005 -29.9998 0.0000 0.0000 0.0000 -0.0416 -12.9437 7.9010 -0.0416 -12.9437 7.9010 47.1571 76.8761 152.9805 -40.1030 64.2676 -17.6532 -47.1473 34.3757 -102.6049 0.6627 -1.3390 3.0155 0.0000 -0.0001 0.0001 0.0000 0.0000 0.0000 0.0000 -0.0006 0.0003 0.0000 -0.0001 0.0001 0.0000 0.0000 0.0000 0.0000 0.0000 0.0000 0.0000 0.0007 0.0001 0.0000 -0.0012 0.0001 0.0000 -0.0008 0.0003 0.0000 0.0001 0.0000 0.0000 0.0000 0.0000 0.0000 -0.0009 0.0000 0.0000 0.0002 -29.9996 -0.0001 -0.0003 29.9996 0.0000 0.0000 0.0000 10.8846 -13.9461 -179.7570 0.0000 0.0000 0.0828 -16.1713 68.4879 -17.5638 0.0000 25.3510 0.0000 -4.6433 -18.9098 -173.9522 -0.0201 -7.2000 -0.0815 -0.7594 67.8734 2.0234 0.0000 24.9794 -0.0001 
-2.9508 93.2042 -1.6379 -7.2226 18.6121 -1.6456 -2.0512 6.3469 -3.9079 -2.0616 6.3754 -3.9263 -2.0581 6.3659 -3.9201 54.4660 70.6393 -42.2251 67.9905 53.9447 37.7275 35.5427 25.1780 99.3910 -1.9688 1.2205 -1.7662 0.0000 0.0000 0.0001 0.0000 0.0000 0.0000 0.0000 -0.0013 -0.0008 0.0000 -0.0004 0.0001 0.0000 0.0000 0.0000 0.0000 0.0000 0.0000 0.0000 0.0002 0.0000 0.0000 -0.0006 0.0003 0.0000 0.0004 -0.0006 0.0000 0.0000 0.0001 0.0000 0.0000 0.0000 0.0000 -0.0010 -0.0002 0.0000 0.0003 30.0001 -0.0001 0.0005 -29.9998 0.0000 0.0000 0.0000 0.0836 -12.9228 7.7743 0.0836 -12.9228 7.7743 44.5596 76.7224 150.3876 -40.5674 64.1675 -17.6089 -47.0307 34.3490 -102.4972 0.6789 -1.3183 3.0160 0.0000 -0.0001 0.0001 0.0000 0.0000 0.0000 0.0000 -0.0006 0.0003 0.0000 -0.0001 0.0001 0.0000 0.0000 0.0000 0.0000 0.0000 0.0000 0.0000 0.0007 0.0001 0.0000 -0.0011 0.0001 0.0000 -0.0008 0.0003 0.0000 0.0001 0.0000 0.0000 0.0000 0.0000 0.0000 -0.0009 0.0000 0.0000 0.0002 -29.9996 -0.0001 -0.0003 29.9996 0.0000 0.0000 0.0000 10.8875 -13.8539 -179.7614 0.0002 -0.0163 0.0828 -16.3377 68.4685 -17.5639 0.0000 25.0466 0.0000 -4.6974 -18.7460 -173.9122 -0.0175 -7.0410 -0.0816 -0.9710 67.7564 1.9653 0.0000 24.9785 -0.0001 
-2.9802 93.2142 -1.6329 -7.3558 18.5137 -1.5882 -2.0659 6.3087 -3.9171 -2.0762 6.3368 -3.9353 -2.0728 6.3275 -3.9293 55.0289 70.8506 -41.8856 68.0393 54.1582 37.9864 35.4319 25.1953 99.3777 -1.9570 1.1937 -1.7953 0.0000 0.0000 0.0001 0.0000 0.0000 0.0000 0.0000 -0.0013 -0.0008 0.0000 -0.0004 0.0001 0.0000 0.0000 0.0000 0.0000 0.0000 0.0000 0.0000 0.0002 -0.0001 0.0000 -0.0006 0.0003 0.0000 0.0004 -0.0006 0.0000 0.0000 0.0001 0.0000 0.0000 0.0000 0.0000 -0.0010 -0.0002 0.0000 0.0002 30.0001 -0.0001 0.0005 -29.9998 0.0000 0.0000 0.0000 0.1858 -12.8849 7.6461 0.1858 -12.8849 7.6461 41.7460 76.5011 147.5075 -40.9222 63.9733 -17.4872 -46.9761 34.3798 -102.3697 0.7058 -1.2908 3.0187 0.0000 -0.0001 0.0001 0.0000 0.0000 0.0000 0.0000 -0.0006 0.0003 0.0000 -0.0001 0.0001 0.0000 0.0000 0.0000 0.0000 0.0000 0.0000 0.0000 0.0007 0.0001 0.0000 -0.0012 0.0001 0.0000 -0.0008 0.0003 0.0000 0.0001 0.0000 0.0000 0.0000 0.0000 0.0000 -0.0008 0.0000 0.0000 0.0002 -29.9997 -0.0001 -0.0003 29.9996 0.0000 0.0000 0.0000 10.8331 -13.7200 -179.7672 0.0000 0.0001 0.0828 -16.4926 68.4275 -17.5686 0.0000 25.0464 0.0000 -4.7493 -18.5737 -173.9030 -0.0151 -6.9041 -0.0818 -1.1389 67.6591 1.8942 0.0000 24.9778 -0.0001 
-3.0067 93.2242 -1.6148 -7.4167 18.4041 -1.4994 -2.0609 6.2704 -3.9203 -2.0711 6.2982 -3.9384 -2.0678 6.2891 -3.9325 55.6835 71.0670 -41.5181 68.0704 54.4294 38.2844 35.2936 25.1856 99.3547 -1.9468 1.1648 -1.8334 0.0000 0.0000 0.0001 0.0000 0.0000 0.0000 0.0000 -0.0013 -0.0008 0.0000 -0.0004 0.0001 0.0000 0.0000 0.0000 0.0000 0.0000 0.0000 0.0000 0.0003 0.0000 0.0000 -0.0006 0.0003 0.0000 0.0004 -0.0006 0.0000 0.0000 0.0001 0.0000 0.0000 0.0000 0.0000 -0.0010 -0.0002 0.0000 0.0003 30.0001 -0.0001 0.0005 -29.9998 0.0000 0.0000 0.0000 0.2631 -12.8308 7.5226 0.2631 -12.8308 7.5226 38.7876 76.1994 144.4176 -41.1656 63.7074 -17.2837 -46.9915 34.4578 -102.2268 0.7420 -1.2577 3.0239 0.0000 -0.0001 0.0001 0.0000 0.0000 0.0000 0.0000 -0.0006 0.0003 0.0000 -0.0001 0.0001 0.0000 0.0000 0.0000 0.0000 0.0000 0.0000 0.0000 0.0007 0.0001 0.0000 -0.0012 0.0001 0.0000 -0.0008 0.0003 0.0000 0.0001 0.0000 0.0000 0.0000 0.0000 0.0000 -0.0009 0.0000 0.0000 0.0002 -29.9996 -0.0001 -0.0003 29.9996 0.0000 0.0000 0.0000 10.7185 -13.5767 -179.7805 0.0000 0.0000 0.0828 -16.6321 68.3910 -17.5808 0.0000 25.0462 0.0000 -4.8126 -18.4059 -173.9198 -0.0124 -6.7957 -0.0820 -1.2577 67.5785 1.8165 0.0000 24.9771 -0.0001 
-3.0196 93.2340 -1.5787 -7.3707 18.2836 -1.3673 -2.0261 6.2355 -3.9152 -2.0360 6.2628 -3.9330 -2.0329 6.2542 -3.9273 56.4236 71.2879 -41.1547 68.0532 54.7901 38.6238 35.1141 25.1495 99.3040 -1.9408 1.1344 -1.8863 0.0000 0.0000 0.0001 0.0000 0.0000 0.0000 0.0000 -0.0013 -0.0008 0.0000 -0.0004 0.0001 0.0000 0.0000 0.0000 0.0000 0.0000 0.0000 0.0000 0.0002 -0.0001 0.0000 -0.0006 0.0003 0.0000 0.0004 -0.0006 0.0000 0.0000 0.0001 0.0000 0.0000 0.0000 0.0000 -0.0010 -0.0002 0.0000 0.0002 30.0001 -0.0001 0.0005 -29.9998 0.0000 0.0000 0.0000 0.3070 -12.7554 7.4021 0.3070 -12.7554 7.4021 35.7593 75.7809 141.1544 -41.2165 63.3626 -16.9184 -47.1236 34.5989 -102.0602 0.7882 -1.2179 3.0306 0.0000 -0.0001 0.0001 0.0000 0.0000 0.0000 0.0000 -0.0006 0.0003 0.0000 -0.0001 0.0001 0.0000 0.0000 0.0000 0.0000 0.0000 0.0000 0.0000 0.0007 0.0001 0.0000 -0.0011 0.0001 0.0000 -0.0008 0.0003 0.0000 0.0001 0.0000 0.0000 0.0000 0.0000 0.0000 -0.0009 0.0000 0.0000 0.0002 -29.9996 -0.0001 -0.0003 29.9996 0.0000 0.0000 0.0000 10.5090 -13.4139 -179.8094 0.0000 0.0000 0.0828 -16.7308 68.3571 -17.5751 0.0000 25.0460 0.0000 -4.8883 -18.2561 -173.9780 -0.0094 -6.7268 -0.0822 -1.2986 67.5149 1.7379 0.0000 24.9766 -0.0001 
-3.0181 93.2422 -1.5325 -7.2481 18.1549 -1.2104 -1.9591 6.2088 -3.9007 -1.9687 6.2357 -3.9183 -1.9657 6.2274 -3.9128 57.1855 71.5105 -40.8382 67.9910 55.2080 39.0002 34.9019 25.1089 99.2206 -1.9389 1.1031 -1.9517 0.0000 0.0000 0.0001 0.0000 0.0000 0.0000 0.0000 -0.0013 -0.0008 0.0000 -0.0004 0.0001 0.0000 0.0000 0.0000 0.0000 0.0000 0.0000 0.0000 0.0003 0.0000 0.0000 -0.0006 0.0003 0.0000 0.0004 -0.0006 0.0000 0.0000 0.0001 0.0000 0.0000 0.0000 0.0000 -0.0010 -0.0002 0.0000 0.0003 30.0001 -0.0001 0.0005 -29.9998 0.0000 0.0000 0.0000 0.3136 -12.6694 7.2754 0.3136 -12.6694 7.2754 32.8235 75.2574 137.8901 -41.3874 62.9611 -16.5839 -47.3082 34.7588 -101.9227 0.8359 -1.1748 3.0324 0.0000 -0.0001 0.0001 0.0000 0.0000 0.0000 0.0000 -0.0006 0.0003 0.0000 -0.0001 0.0001 0.0000 0.0000 0.0000 0.0000 0.0000 0.0000 0.0000 0.0007 0.0001 0.0000 -0.0012 0.0001 0.0000 -0.0008 0.0003 0.0000 0.0001 0.0000 0.0000 0.0000 0.0000 0.0000 -0.0009 0.0000 0.0000 0.0002 -29.9997 -0.0001 -0.0003 29.9996 0.0000 0.0000 0.0000 10.2259 -13.2404 -179.8480 0.0000 0.0001 0.0828 -16.7914 68.3276 -17.5349 0.0000 25.0458 0.0000 -4.9621 -18.1216 -174.0786 -0.0073 -6.6881 -0.0823 -1.2520 67.4676 1.6929 0.0000 24.9762 -0.0001 
-3.0045 93.2495 -1.4892 -7.0676 18.0223 -1.0396 -1.8593 6.1908 -3.8771 -1.8682 6.2172 -3.8943 -1.8655 6.2093 -3.8891 57.9547 71.7400 -40.5754 67.8802 55.6597 39.4062 34.6567 25.0599 99.1087 -1.9410 1.0721 -2.0279 0.0000 0.0000 0.0001 0.0000 0.0000 0.0000 0.0000 -0.0013 -0.0008 0.0000 -0.0004 0.0001 0.0000 0.0000 0.0000 0.0000 0.0000 0.0000 0.0000 0.0002 0.0000 0.0000 -0.0006 0.0003 0.0000 0.0004 -0.0006 0.0000 0.0000 0.0001 0.0000 0.0000 0.0000 0.0000 -0.0010 -0.0002 0.0000 0.0002 30.0001 -0.0001 0.0005 -29.9998 0.0000 0.0000 0.0000 0.2757 -12.5837 7.1396 0.2757 -12.5837 7.1396 30.2147 74.6710 134.8609 -41.6687 62.5151 -16.3100 -47.5046 34.9177 -101.8317 0.8836 -1.1299 3.0311 0.0000 -0.0001 0.0001 0.0000 0.0000 0.0000 0.0000 -0.0006 0.0003 0.0000 -0.0001 0.0001 0.0000 0.0000 0.0000 0.0000 0.0000 0.0000 0.0000 0.0007 0.0001 0.0000 -0.0012 0.0001 0.0000 -0.0008 0.0003 0.0000 0.0001 0.0000 0.0000 0.0000 0.0000 0.0000 -0.0008 0.0000 0.0000 0.0002 -29.9996 -0.0001 -0.0003 29.9996 0.0000 0.0000 0.0000 9.8955 -13.0784 -179.8946 0.0002 -0.0163 0.0828 -16.8022 68.3055 -17.4496 0.0000 25.0455 0.0000 -5.0313 -18.0006 -174.2137 -0.0062 -6.6730 -0.0824 -1.1260 67.4361 1.6916 0.0000 24.9759 -0.0001 
-2.9757 93.2554 -1.4635 -6.8158 17.8941 -0.8569 -1.6994 6.1844 -3.8354 -1.7075 6.2105 -3.8522 -1.7052 6.2029 -3.8473 58.6998 72.0229 -40.3628 67.6348 56.1664 39.7920 34.4732 24.9274 98.9236 -1.9420 1.0427 -2.1073 0.0000 0.0000 0.0001 0.0000 0.0000 0.0000 0.0000 -0.0013 -0.0008 0.0000 -0.0004 0.0001 0.0000 0.0000 0.0000 0.0000 0.0000 0.0000 0.0000 0.0002 0.0000 0.0000 -0.0006 0.0003 0.0000 0.0004 -0.0006 0.0000 0.0000 0.0001 0.0000 0.0000 0.0000 0.0000 -0.0010 -0.0002 0.0000 0.0002 30.0001 -0.0001 0.0005 -29.9998 0.0000 0.0000 0.0000 0.1476 -12.5065 6.9846 0.1476 -12.5065 6.9846 28.0723 74.0586 132.1888 -42.0250 62.0199 -16.0570 -47.7061 35.0500 -101.8254 0.9303 -1.0834 3.0265 0.0000 -0.0001 0.0001 0.0000 0.0000 0.0000 0.0000 -0.0006 0.0003 0.0000 -0.0001 0.0001 0.0000 0.0000 0.0000 0.0000 0.0000 0.0000 0.0000 0.0007 0.0001 0.0000 -0.0012 0.0001 0.0000 -0.0008 0.0003 0.0000 0.0001 0.0000 0.0000 0.0000 0.0000 0.0000 -0.0008 0.0000 0.0000 0.0002 -29.9997 -0.0001 -0.0003 29.9996 0.0000 0.0000 0.0000 9.5262 -12.9243 -179.9558 0.0000 0.0001 0.0828 -16.6993 68.2640 -17.2617 0.0000 25.0450 0.0000 -5.0972 -17.8922 -174.3888 -0.0061 -6.6735 -0.0824 -0.9110 67.4282 1.7515 0.0000 24.9759 -0.0001 
-2.9332 93.2600 -1.4428 -6.5108 17.7803 -0.6705 -1.4849 6.1888 -3.7761 -1.4920 6.2144 -3.7922 -1.4900 6.2074 -3.7877 59.3587 72.3507 -40.2437 67.2812 56.6915 40.1545 34.2748 24.7712 98.7094 -1.9463 1.0147 -2.1955 0.0000 0.0000 0.0001 0.0000 0.0000 0.0000 0.0000 -0.0013 -0.0008 0.0000 -0.0004 0.0001 0.0000 0.0000 0.0000 0.0000 0.0000 0.0000 0.0000 0.0002 0.0000 0.0000 -0.0006 0.0003 0.0000 0.0004 -0.0006 0.0000 0.0000 0.0001 0.0000 0.0000 0.0000 0.0000 -0.0010 -0.0002 0.0000 0.0002 30.0001 -0.0001 0.0005 -29.9998 0.0000 0.0000 0.0000 -0.0584 -12.4438 6.8136 -0.0584 -12.4438 6.8136 26.3236 73.4417 129.8595 -42.3821 61.5008 -15.7661 -47.8969 35.1363 -101.9125 0.9763 -1.0377 3.0235 0.0000 -0.0001 0.0001 0.0000 0.0000 0.0000 0.0000 -0.0006 0.0003 0.0000 -0.0001 0.0001 0.0000 0.0000 0.0000 0.0000 0.0000 0.0000 0.0000 0.0007 0.0001 0.0000 -0.0012 0.0001 0.0000 -0.0008 0.0003 0.0000 0.0001 0.0000 0.0000 0.0000 0.0000 0.0000 -0.0009 0.0000 0.0000 0.0002 -29.9997 -0.0001 -0.0003 29.9996 0.0000 0.0000 0.0000 9.1302 -12.8282 179.9696 0.0006 -0.0487 0.0828 -16.5490 68.2616 -17.0266 0.0000 25.0443 0.0000 -5.1796 -17.7943 -174.5782 -0.0061 -6.6848 -0.0824 -0.6755 67.4552 1.8371 0.0000 24.9761 -0.0001 
-2.8772 93.2621 -1.4116 -6.1586 17.6835 -0.4823 -1.2273 6.2014 -3.7022 -1.2331 6.2266 -3.7177 -1.2316 6.2200 -3.7136 59.9278 72.7044 -40.2249 66.8685 57.2173 40.5043 34.0904 24.6030 98.4800 -1.9511 0.9866 -2.2880 0.0000 0.0000 0.0001 0.0000 0.0000 0.0000 0.0000 -0.0013 -0.0008 0.0000 -0.0004 0.0001 0.0000 0.0000 0.0000 0.0000 0.0000 0.0000 0.0000 0.0002 0.0000 0.0000 -0.0006 0.0003 0.0000 0.0004 -0.0006 0.0000 0.0000 0.0001 0.0000 0.0000 0.0000 0.0000 -0.0010 -0.0002 0.0000 0.0003 30.0001 -0.0001 0.0005 -29.9998 0.0000 0.0000 0.0000 -0.3323 -12.3957 6.6338 -0.3323 -12.3958 6.6338 24.9207 72.8372 127.8419 -42.7518 60.9601 -15.4537 -48.0861 35.1913 -102.0928 1.0211 -0.9937 3.0210 0.0000 -0.0001 0.0001 0.0000 0.0000 0.0000 0.0000 -0.0006 0.0003 0.0000 -0.0001 0.0001 0.0000 0.0000 0.0000 0.0000 0.0000 0.0000 0.0000 0.0007 0.0001 0.0000 -0.0012 0.0001 0.0000 -0.0008 0.0003 0.0000 0.0001 0.0000 0.0000 0.0000 0.0000 0.0000 -0.0009 0.0000 0.0000 0.0002 -29.9996 -0.0001 -0.0003 29.9996 0.0000 0.0000 0.0000 8.7184 -12.7002 179.8817 0.0000 0.0000 0.0828 -16.2865 68.2322 -16.6803 0.0000 25.0434 0.0000 -5.2952 -17.7056 -174.7727 -0.0069 -6.7055 -0.0823 -0.4376 67.5211 1.9459 0.0000 24.9767 -0.0001 
-2.8065 93.2591 -1.3518 -5.7369 17.6157 -0.2938 -0.9112 6.2261 -3.6142 -0.9157 6.2511 -3.6290 -0.9146 6.2449 -3.6253 60.3505 73.0478 -40.3663 66.5611 57.5588 40.9647 33.8278 24.5135 98.2723 -1.9603 0.9605 -2.3810 0.0000 0.0000 0.0001 0.0000 0.0000 0.0000 0.0000 -0.0013 -0.0008 0.0000 -0.0004 0.0001 0.0000 0.0000 0.0000 0.0000 0.0000 0.0000 0.0000 0.0003 0.0000 0.0000 -0.0006 0.0003 0.0000 0.0004 -0.0006 0.0000 0.0000 0.0001 0.0000 0.0000 0.0000 0.0000 -0.0010 -0.0002 0.0000 0.0003 30.0001 -0.0001 0.0005 -29.9998 0.0000 0.0000 0.0000 -0.7050 -12.3744 6.4568 -0.7050 -12.3745 6.4568 23.8950 72.2326 126.2034 -43.1041 60.3937 -15.1012 -48.2961 35.2445 -102.3623 1.0632 -0.9547 3.0187 0.0000 -0.0001 0.0001 0.0000 0.0000 0.0000 0.0000 -0.0006 0.0003 0.0000 -0.0001 0.0001 0.0000 0.0000 0.0000 0.0000 0.0000 0.0000 0.0000 0.0007 0.0001 0.0000 -0.0012 0.0001 0.0000 -0.0008 0.0003 0.0000 0.0001 0.0000 0.0000 0.0000 0.0000 0.0000 -0.0009 0.0000 0.0000 0.0002 -29.9996 -0.0001 -0.0003 29.9996 0.0000 0.0000 0.0000 8.3119 -12.6157 179.7740 0.0000 0.0001 0.0828 -15.8713 68.2681 -16.2113 0.0000 25.0421 0.0000 -5.4851 -17.6351 -174.9568 -0.0091 -6.7415 -0.0822 -0.2046 67.6367 2.0907 0.0000 24.9776 -0.0001 
-2.7365 93.2527 -1.2788 -5.2599 17.5735 -0.1038 -0.5476 6.2605 -3.5091 -0.5505 6.2853 -3.5232 -0.5498 6.2793 -3.5198 60.6446 73.3823 -40.6248 66.3912 57.8569 41.5339 33.5956 24.4377 98.0460 -1.9629 0.9308 -2.4685 0.0000 0.0000 0.0001 0.0000 0.0000 0.0000 0.0000 -0.0013 -0.0008 0.0000 -0.0004 0.0001 0.0000 0.0000 0.0000 0.0000 0.0000 0.0000 0.0000 0.0002 -0.0001 0.0000 -0.0006 0.0003 0.0000 0.0004 -0.0006 0.0000 0.0000 0.0001 0.0000 0.0000 0.0000 0.0000 -0.0010 -0.0002 0.0000 0.0002 30.0001 -0.0001 0.0005 -29.9998 0.0000 0.0000 0.0000 -1.1565 -12.3741 6.2784 -1.1565 -12.3741 6.2784 23.0186 71.6011 124.7610 -43.4653 59.8217 -14.6955 -48.5226 35.2894 -102.6803 1.1025 -0.9193 3.0158 0.0000 -0.0001 0.0001 0.0000 0.0000 0.0000 0.0000 -0.0006 0.0003 0.0000 -0.0001 0.0001 0.0000 0.0000 0.0000 0.0000 0.0000 0.0000 0.0000 0.0007 0.0001 0.0000 -0.0011 0.0001 0.0000 -0.0008 0.0003 0.0000 0.0001 0.0000 0.0000 0.0000 0.0000 0.0000 -0.0009 0.0000 0.0000 0.0002 -29.9996 -0.0001 -0.0002 29.9996 0.0000 0.0000 0.0000 7.9197 -12.5643 179.6537 0.0002 -0.0163 0.0828 -15.3135 68.3363 -15.6290 0.0000 25.0404 0.0000 -5.7381 -17.5833 -175.1175 -0.0115 -6.7805 -0.0820 0.0124 67.7733 2.2375 0.0000 24.9785 -0.0001 
-2.6748 93.2448 -1.2069 -4.7357 17.5541 0.0903 -0.1464 6.3035 -3.3902 -0.1477 6.3284 -3.4036 -0.1474 6.3226 -3.4005 60.7942 73.7089 -41.0128 66.3378 58.1021 42.2023 33.3179 24.4048 97.8235 -1.9643 0.8978 -2.5576 0.0000 0.0000 0.0001 0.0000 0.0000 0.0000 0.0000 -0.0013 -0.0008 0.0000 -0.0004 0.0001 0.0000 0.0000 0.0000 0.0000 0.0000 0.0000 0.0000 0.0002 0.0000 0.0000 -0.0006 0.0003 0.0000 0.0004 -0.0006 0.0000 0.0000 0.0001 0.0000 0.0000 0.0000 0.0000 -0.0010 -0.0002 0.0000 0.0002 30.0001 -0.0001 0.0005 -29.9998 0.0000 0.0000 0.0000 -1.6697 -12.3922 6.0990 -1.6697 -12.3922 6.0990 22.2297 70.9405 123.4502 -43.8576 59.2630 -14.2464 -48.7496 35.3128 -103.0338 1.1386 -0.8869 3.0127 0.0000 -0.0001 0.0001 0.0000 0.0000 0.0000 0.0000 -0.0006 0.0003 0.0000 -0.0001 0.0001 0.0000 0.0000 0.0000 0.0000 0.0000 0.0000 0.0000 0.0007 0.0001 0.0000 -0.0012 0.0001 0.0000 -0.0008 0.0003 0.0000 0.0001 0.0000 0.0000 0.0000 0.0000 0.0000 -0.0009 0.0000 0.0000 0.0002 -29.9996 -0.0001 -0.0003 29.9996 0.0000 0.0000 0.0000 7.5323 -12.5359 179.5260 0.0002 -0.0163 0.0828 -14.6393 68.4042 -14.9486 0.0000 25.0385 0.0000 -6.0401 -17.5488 -175.2509 -0.0128 -6.8091 -0.0820 0.1913 67.9163 2.3499 0.0000 24.9795 -0.0001 
-2.6272 93.2349 -1.1496 -4.1534 17.5654 0.2929 0.2948 6.3629 -3.2572 0.2952 6.3881 -3.2700 0.2951 6.3821 -3.2670 60.7580 74.0041 -41.6016 66.4486 58.2456 43.0373 33.0074 24.4159 97.5863 -1.9647 0.8629 -2.6466 0.0000 0.0000 0.0001 0.0000 0.0000 0.0000 0.0000 -0.0013 -0.0008 0.0000 -0.0004 0.0001 0.0000 0.0000 0.0000 0.0000 0.0000 0.0000 0.0000 0.0002 0.0000 0.0000 -0.0006 0.0003 0.0000 0.0004 -0.0006 0.0000 0.0000 0.0001 0.0000 0.0000 0.0000 0.0000 -0.0010 -0.0002 0.0000 0.0002 30.0001 -0.0001 0.0005 -29.9998 0.0000 0.0000 0.0000 -2.2492 -12.4424 5.9215 -2.2492 -12.4424 5.9215 21.5320 70.2177 122.2717 -44.3169 58.7337 -13.7442 -48.9609 35.3162 -103.4300 1.1698 -0.8604 3.0102 0.0000 -0.0001 0.0001 0.0000 0.0000 0.0000 0.0000 -0.0006 0.0003 0.0000 -0.0001 0.0001 0.0000 0.0000 0.0000 0.0000 0.0000 0.0000 0.0000 0.0007 0.0001 0.0000 -0.0012 0.0001 0.0000 -0.0008 0.0003 0.0000 0.0001 0.0000 0.0000 0.0000 0.0000 0.0000 -0.0009 0.0000 0.0000 0.0002 -29.9996 -0.0001 -0.0003 29.9996 0.0000 0.0000 0.0000 7.1538 -12.5489 179.3869 0.0000 0.0001 0.0828 -13.8201 68.4636 -14.1476 0.0000 25.0363 0.0000 -6.3995 -17.5455 -175.3513 -0.0127 -6.8274 -0.0820 0.3267 68.0619 2.4133 0.0000 24.9806 -0.0001 
-2.5826 93.2238 -1.1019 -3.5433 17.5990 0.5066 0.7719 6.4336 -3.1194 0.7743 6.4594 -3.1318 0.7737 6.4531 -3.1287 60.7996 74.2722 -42.1093 66.6797 58.3042 44.0568 32.6991 24.4229 97.3331 -1.9629 0.8291 -2.7299 0.0000 0.0000 0.0001 0.0000 0.0000 0.0000 0.0000 -0.0013 -0.0008 0.0000 -0.0004 0.0001 0.0000 0.0000 0.0000 0.0000 0.0000 0.0000 0.0000 0.0002 0.0000 0.0000 -0.0006 0.0003 0.0000 0.0004 -0.0006 0.0000 0.0000 0.0001 0.0000 0.0000 0.0000 0.0000 -0.0010 -0.0002 0.0000 0.0002 30.0001 -0.0001 0.0005 -29.9998 0.0000 0.0000 0.0000 -2.8870 -12.5203 5.7524 -2.8870 -12.5203 5.7524 20.8723 69.4494 121.1853 -44.9313 58.2793 -13.3120 -49.1243 35.3056 -103.8203 1.1941 -0.8407 3.0074 0.0000 -0.0001 0.0001 0.0000 0.0000 0.0000 0.0000 -0.0006 0.0003 0.0000 -0.0001 0.0001 0.0000 0.0000 0.0000 0.0000 0.0000 0.0000 0.0000 0.0007 0.0001 0.0000 -0.0012 0.0001 0.0000 -0.0008 0.0003 0.0000 0.0001 0.0000 0.0000 0.0000 0.0000 0.0000 -0.0009 0.0000 0.0000 0.0002 -29.9997 -0.0001 -0.0002 29.9996 0.0000 0.0000 0.0000 6.7802 -12.6027 179.2328 0.0000 0.0001 0.0828 -12.9361 68.5271 -13.2876 0.0000 25.0341 0.0000 -6.7858 -17.5674 -175.4501 -0.0130 -6.8353 -0.0819 0.4734 68.1959 2.4851 0.0000 24.9817 -0.0001 
-2.5381 93.2111 -1.0606 -2.9163 17.6494 0.7328 1.2758 6.5136 -2.9769 1.2803 6.5405 -2.9889 1.2791 6.5333 -2.9857 61.0065 74.5461 -42.4309 66.8844 58.4008 45.1414 32.4721 24.3668 97.0691 -1.9567 0.7957 -2.8088 0.0000 0.0000 0.0001 0.0000 0.0000 0.0000 0.0000 -0.0013 -0.0008 0.0000 -0.0004 0.0001 0.0000 0.0000 0.0000 0.0000 0.0000 0.0000 0.0000 0.0002 0.0000 0.0000 -0.0006 0.0003 0.0000 0.0004 -0.0006 0.0000 0.0000 0.0001 0.0000 0.0000 0.0000 0.0000 -0.0010 -0.0002 0.0000 0.0002 30.0001 -0.0002 0.0005 -29.9998 0.0000 0.0000 0.0000 -3.5696 -12.6264 5.5891 -3.5696 -12.6264 5.5891 20.2576 68.6543 120.1777 -45.6252 57.8903 -12.9112 -49.2408 35.2676 -104.1938 1.2138 -0.8249 3.0056 0.0000 -0.0001 0.0001 0.0000 0.0000 0.0000 0.0000 -0.0006 0.0003 0.0000 -0.0001 0.0001 0.0000 0.0000 0.0000 0.0000 0.0000 0.0000 0.0000 0.0007 0.0001 0.0000 -0.0011 0.0001 0.0000 -0.0008 0.0003 0.0000 0.0001 0.0000 0.0000 0.0000 0.0000 0.0000 -0.0008 0.0000 0.0000 0.0002 -29.9997 -0.0001 -0.0003 29.9996 0.0000 0.0000 0.0000 6.3961 -12.6798 179.0677 0.0000 0.0000 0.0828 -12.0424 68.5859 -12.4092 0.0000 25.0320 0.0000 -7.1885 -17.6090 -175.5576 -0.0142 -6.8380 -0.0819 0.6357 68.3187 2.5757 0.0000 24.9826 -0.0001 
-2.4971 93.1983 -1.0332 -2.2650 17.7245 0.9821 1.7989 6.6052 -2.8367 1.8059 6.6336 -2.8485 1.8038 6.6253 -2.8450 61.4466 74.8589 -42.4755 66.8224 58.5188 46.1445 32.3321 24.2549 96.8082 -1.9554 0.7699 -2.8877 0.0000 0.0000 0.0001 0.0000 0.0000 0.0000 0.0000 -0.0013 -0.0008 0.0000 -0.0004 0.0001 0.0000 0.0000 0.0000 0.0000 0.0000 0.0000 0.0000 0.0002 0.0000 0.0000 -0.0006 0.0003 0.0000 0.0004 -0.0006 0.0000 0.0000 0.0001 0.0000 0.0000 0.0000 0.0000 -0.0010 -0.0002 0.0000 0.0002 30.0001 -0.0001 0.0005 -29.9998 0.0000 0.0000 0.0000 -4.2971 -12.7733 5.4498 -4.2971 -12.7733 5.4498 19.7865 67.8498 119.3374 -46.3035 57.5653 -12.4920 -49.3073 35.1773 -104.5444 1.2293 -0.8123 3.0067 0.0000 -0.0001 0.0001 0.0000 0.0000 0.0000 0.0000 -0.0006 0.0003 0.0000 -0.0001 0.0001 0.0000 0.0000 0.0000 0.0000 0.0000 0.0000 0.0000 0.0007 0.0001 0.0000 -0.0012 0.0001 0.0000 -0.0008 0.0003 0.0000 0.0001 0.0000 0.0000 0.0000 0.0000 0.0000 -0.0008 0.0000 0.0000 0.0002 -29.9996 -0.0001 -0.0002 29.9996 0.0000 0.0000 0.0000 5.9773 -12.7930 178.8915 0.0000 0.0001 0.0828 -11.2084 68.6347 -11.5778 0.0000 25.0303 0.0000 -7.6139 -17.6711 -175.6790 -0.0156 -6.8174 -0.0818 0.7957 68.4159 2.6755 0.0000 24.9834 -0.0001 
-2.4683 93.1859 -1.0340 -1.5918 17.8162 1.2508 2.3263 6.7005 -2.7032 2.3361 6.7309 -2.7148 2.3329 6.7209 -2.7110 61.9999 75.1748 -42.3626 66.5884 58.6257 47.0827 32.2264 24.1451 96.5338 -1.9602 0.7518 -2.9656 0.0000 0.0000 0.0001 0.0000 0.0000 0.0000 0.0000 -0.0013 -0.0008 0.0000 -0.0004 0.0001 0.0000 0.0000 0.0000 0.0000 0.0000 0.0000 0.0000 0.0002 0.0000 0.0000 -0.0006 0.0003 0.0000 0.0004 -0.0006 0.0000 0.0000 0.0001 0.0000 0.0000 0.0000 0.0000 -0.0010 -0.0002 0.0000 0.0002 30.0001 -0.0001 0.0005 -29.9998 0.0000 0.0000 0.0000 -5.0489 -12.9462 5.3432 -5.0489 -12.9462 5.3432 19.4232 67.0823 118.6400 -46.8798 57.2816 -12.0492 -49.3841 35.0718 -104.8758 1.2435 -0.8018 3.0105 0.0000 -0.0001 0.0001 0.0000 0.0000 0.0000 0.0000 -0.0006 0.0003 0.0000 -0.0001 0.0001 0.0000 0.0000 0.0000 0.0000 0.0000 0.0000 0.0000 0.0007 0.0001 0.0000 -0.0012 0.0001 0.0000 -0.0008 0.0003 0.0000 0.0001 0.0000 0.0000 0.0000 0.0000 0.0000 -0.0008 0.0000 0.0000 0.0002 -29.9996 -0.0001 -0.0003 29.9996 0.0000 0.0000 0.0000 5.5379 -12.9685 178.7145 0.0006 -0.0487 0.0828 -10.4748 68.6837 -10.8622 0.0000 25.0290 0.0000 -8.0548 -17.7663 -175.8038 -0.0157 -6.7894 -0.0818 0.9320 68.4821 2.7623 0.0000 24.9840 -0.0001 
-2.4476 93.1739 -1.0661 -0.9019 17.9253 1.5313 2.8508 6.7944 -2.5756 2.8637 6.8271 -2.5871 2.8589 6.8151 -2.5829 62.5755 75.4748 -42.1976 66.2708 58.7315 47.9987 32.1528 24.0483 96.2299 -1.9684 0.7389 -3.0419 0.0000 0.0000 0.0001 0.0000 0.0000 0.0000 0.0000 -0.0013 -0.0008 0.0000 -0.0004 0.0001 0.0000 0.0000 0.0000 0.0000 0.0000 0.0000 0.0000 0.0002 0.0000 0.0000 -0.0006 0.0003 0.0000 0.0004 -0.0006 0.0000 0.0000 0.0001 0.0000 0.0000 0.0000 0.0000 -0.0010 -0.0002 0.0000 0.0002 30.0001 -0.0001 0.0005 -29.9998 0.0000 0.0000 0.0000 -5.8094 -13.1404 5.2675 -5.8094 -13.1404 5.2675 19.1409 66.3627 118.0589 -47.3391 57.0296 -11.5920 -49.4699 34.9665 -105.1750 1.2576 -0.7925 3.0167 0.0000 -0.0001 0.0001 0.0000 0.0000 0.0000 0.0000 -0.0006 0.0003 0.0000 -0.0001 0.0001 0.0000 0.0000 0.0000 0.0000 0.0000 0.0000 0.0000 0.0007 0.0001 0.0000 -0.0012 0.0001 0.0000 -0.0008 0.0003 0.0000 0.0001 0.0000 0.0000 0.0000 0.0000 0.0000 -0.0009 0.0000 0.0000 0.0002 -29.9997 -0.0001 -0.0003 29.9996 0.0000 0.0000 0.0000 5.0876 -13.1363 178.5399 0.0000 0.0001 0.0828 -9.8062 68.6579 -10.2331 0.0000 25.0280 0.0000 -8.4964 -17.9144 -175.9327 -0.0151 -6.7736 -0.0818 1.0698 68.5172 2.8493 0.0000 24.9845 -0.0001 
-2.4280 93.1630 -1.1377 -0.1963 18.0500 1.8183 3.3585 6.8886 -2.4557 3.3749 6.9239 -2.4672 3.3683 6.9096 -2.4625 62.7369 75.7135 -42.3924 65.8727 58.8330 48.7728 32.1427 23.9798 95.8988 -1.9817 0.7325 -3.1156 0.0000 0.0000 0.0001 0.0000 0.0000 0.0000 0.0000 -0.0013 -0.0008 0.0000 -0.0004 0.0001 0.0000 0.0000 0.0000 0.0000 0.0000 0.0000 0.0000 0.0003 0.0000 0.0000 -0.0006 0.0003 0.0000 0.0004 -0.0006 0.0000 0.0000 0.0001 0.0000 0.0000 0.0000 0.0000 -0.0010 -0.0002 0.0000 0.0003 30.0001 -0.0001 0.0005 -29.9998 0.0000 0.0000 0.0000 -6.5582 -13.3637 5.2368 -6.5582 -13.3637 5.2368 18.9135 65.7171 117.6148 -47.5920 56.7706 -11.0863 -49.5461 34.8482 -105.4276 1.2754 -0.7812 3.0280 0.0000 -0.0001 0.0001 0.0000 0.0000 0.0000 0.0000 -0.0006 0.0003 0.0000 -0.0001 0.0001 0.0000 0.0000 0.0000 0.0000 0.0000 0.0000 0.0000 0.0007 0.0001 0.0000 -0.0012 0.0001 0.0000 -0.0008 0.0003 0.0000 0.0001 0.0000 0.0000 0.0000 0.0000 0.0000 -0.0008 0.0000 0.0000 0.0002 -29.9996 -0.0001 -0.0003 29.9996 0.0000 0.0000 0.0000 4.6458 -13.3972 178.3679 0.0006 -0.0487 0.0828 -9.2820 68.6459 -9.7948 0.0000 25.0274 0.0000 -8.9088 -18.1424 -176.0733 -0.0147 -6.7949 -0.0818 1.2504 68.5111 2.9504 0.0000 24.9848 -0.0001 
-2.3995 93.1531 -1.2225 0.5186 18.1773 2.1069 3.8344 6.9815 -2.3447 3.8545 7.0196 -2.3561 3.8456 7.0028 -2.3511 62.3084 75.8785 -43.1673 65.5319 58.9080 49.4494 32.1655 23.9331 95.5416 -1.9963 0.7294 -3.1858 0.0000 0.0000 0.0001 0.0000 0.0000 0.0000 0.0000 -0.0013 -0.0008 0.0000 -0.0004 0.0001 0.0000 0.0000 0.0000 0.0000 0.0000 0.0000 0.0000 0.0002 -0.0001 0.0000 -0.0006 0.0003 0.0000 0.0004 -0.0006 0.0000 0.0000 0.0001 0.0000 0.0000 0.0000 0.0000 -0.0010 -0.0002 0.0000 0.0002 30.0001 -0.0001 0.0005 -29.9998 0.0000 0.0000 0.0000 -7.2699 -13.5985 5.2460 -7.2699 -13.5985 5.2460 18.6957 65.1205 117.2519 -47.7075 56.4893 -10.5376 -49.6281 34.7082 -105.6634 1.2963 -0.7675 3.0428 0.0000 -0.0001 0.0001 0.0000 0.0000 0.0000 0.0000 -0.0006 0.0003 0.0000 -0.0001 0.0001 0.0000 0.0000 0.0000 0.0000 0.0000 0.0000 0.0000 0.0007 0.0001 0.0000 -0.0012 0.0001 0.0000 -0.0008 0.0003 0.0000 0.0001 0.0000 0.0000 0.0000 0.0000 0.0000 -0.0009 0.0000 0.0000 0.0002 -29.9996 -0.0001 -0.0003 29.9996 0.0000 0.0000 0.0000 4.2380 -13.6233 178.1882 0.0000 0.0000 0.0828 -8.7901 68.5784 -9.4465 0.0000 25.0271 0.0000 -9.2854 -18.3994 -176.2276 -0.0146 -6.8363 -0.0818 1.4939 68.4914 3.0726 0.0000 24.9849 -0.0001 
-2.3647 93.1434 -1.3060 1.2459 18.3017 2.3937 4.2720 7.0700 -2.2417 4.2959 7.1111 -2.2531 4.2846 7.0916 -2.2476 61.3796 75.9653 -44.4416 65.2875 58.9634 50.0628 32.2110 23.8982 95.1636 -2.0105 0.7285 -3.2512 0.0000 0.0000 0.0001 0.0000 0.0000 0.0000 0.0000 -0.0013 -0.0008 0.0000 -0.0004 0.0001 0.0000 0.0000 0.0000 0.0000 0.0000 0.0000 0.0000 0.0003 0.0000 0.0000 -0.0006 0.0003 0.0000 0.0004 -0.0006 0.0000 0.0000 0.0001 0.0000 0.0000 0.0000 0.0000 -0.0010 -0.0002 0.0000 0.0002 30.0001 -0.0001 0.0005 -29.9998 0.0000 0.0000 0.0000 -7.9348 -13.8364 5.2945 -7.9348 -13.8364 5.2945 18.4572 64.5715 116.9378 -47.7788 56.2081 -10.0150 -49.7076 34.5658 -105.8744 1.3176 -0.7532 3.0583 0.0000 -0.0001 0.0001 0.0000 0.0000 0.0000 0.0000 -0.0006 0.0003 0.0000 -0.0001 0.0001 0.0000 0.0000 0.0000 0.0000 0.0000 0.0000 0.0000 0.0007 0.0001 0.0000 -0.0012 0.0001 0.0000 -0.0008 0.0003 0.0000 0.0001 0.0000 0.0000 0.0000 0.0000 0.0000 -0.0008 0.0000 0.0000 0.0002 -29.9996 -0.0001 -0.0003 29.9996 0.0000 0.0000 0.0000 3.8635 -13.8730 178.0038 0.0000 0.0000 0.0828 -8.3441 68.5393 -9.1955 0.0000 25.0269 0.0000 -9.6452 -18.6602 -176.3848 -0.0143 -6.8960 -0.0819 1.7808 68.4796 3.2058 0.0000 24.9850 -0.0001 
-2.3226 93.1319 -1.3791 1.9652 18.4157 2.6527 4.6499 7.1513 -2.1439 4.6774 7.1952 -2.1552 4.6636 7.1731 -2.1495 59.9309 75.9428 -46.2280 65.1514 59.0023 50.5737 32.2931 23.8885 94.7799 -2.0245 0.7296 -3.3099 0.0000 0.0000 0.0001 0.0000 0.0000 0.0000 0.0000 -0.0013 -0.0008 0.0000 -0.0004 0.0001 0.0000 0.0000 0.0000 0.0000 0.0000 0.0000 0.0000 0.0002 0.0000 0.0000 -0.0006 0.0003 0.0000 0.0004 -0.0006 0.0000 0.0000 0.0001 0.0000 0.0000 0.0000 0.0000 -0.0010 -0.0002 0.0000 0.0002 30.0001 -0.0001 0.0005 -29.9998 0.0000 0.0000 0.0000 -8.5138 -14.0748 5.3906 -8.5138 -14.0748 5.3906 18.1867 64.0861 116.6700 -47.7941 55.9687 -9.5271 -49.7958 34.4413 -106.0293 1.3357 -0.7404 3.0718 0.0000 -0.0001 0.0001 0.0000 0.0000 0.0000 0.0000 -0.0006 0.0003 0.0000 -0.0001 0.0001 0.0000 0.0000 0.0000 0.0000 0.0000 0.0000 0.0000 0.0007 0.0001 0.0000 -0.0012 0.0001 0.0000 -0.0008 0.0003 0.0000 0.0001 0.0000 0.0000 0.0000 0.0000 0.0000 -0.0008 0.0000 0.0000 0.0002 -29.9996 -0.0001 -0.0003 29.9996 0.0000 0.0000 0.0000 3.5615 -14.1294 177.8261 0.0006 -0.0487 0.0828 -7.9243 68.5404 -9.0375 0.0000 25.0269 0.0000 -9.9821 -18.9075 -176.5251 -0.0145 -6.9915 -0.0818 2.1106 68.5008 3.3530 0.0000 24.9851 -0.0001 
-2.2844 93.1192 -1.4480 2.6484 18.5063 2.8754 4.9768 7.2253 -2.0520 5.0078 7.2719 -2.0632 4.9915 7.2474 -2.0573 58.3801 75.8367 -48.0992 65.0918 59.0418 50.9909 32.4248 23.9291 94.4184 -2.0364 0.7301 -3.3583 0.0000 0.0000 0.0001 0.0000 0.0000 0.0000 0.0000 -0.0013 -0.0008 0.0000 -0.0004 0.0001 0.0000 0.0000 0.0000 0.0000 0.0000 0.0000 0.0000 0.0002 0.0000 0.0000 -0.0006 0.0003 0.0000 0.0004 -0.0006 0.0000 0.0000 0.0001 0.0000 0.0000 0.0000 0.0000 -0.0010 -0.0002 0.0000 0.0002 30.0001 -0.0001 0.0005 -29.9998 0.0000 0.0000 0.0000 -9.0130 -14.3085 5.5193 -9.0131 -14.3085 5.5193 17.8917 63.6748 116.4162 -47.8476 55.8049 -9.1514 -49.8485 34.3185 -106.1281 1.3489 -0.7300 3.0830 0.0000 -0.0001 0.0001 0.0000 0.0000 0.0000 0.0000 -0.0006 0.0003 0.0000 -0.0001 0.0001 0.0000 0.0000 0.0000 0.0000 0.0000 0.0000 0.0000 0.0007 0.0001 0.0000 -0.0011 0.0001 0.0000 -0.0008 0.0003 0.0000 0.0001 0.0000 0.0000 0.0000 0.0000 0.0000 -0.0008 0.0000 0.0000 0.0002 -29.9997 -0.0001 -0.0002 29.9996 0.0000 0.0000 0.0000 3.3261 -14.3074 177.6671 0.0000 0.0000 0.0828 -7.4906 68.5045 -8.8995 0.0000 25.3510 0.0000 -10.2891 -19.1231 -176.6397 -0.0155 -7.0978 -0.0818 2.4498 68.5352 3.4944 0.0000 25.1291 -0.0001 
-2.2580 93.1080 -1.5176 3.3137 18.5689 3.0699 5.2488 7.2903 -1.9676 5.2830 7.3393 -1.9785 5.2644 7.3126 -1.9726 56.9670 75.6733 -49.8159 65.0491 59.0919 51.3100 32.5991 24.0219 94.0776 -2.0474 0.7312 -3.3966 0.0000 0.0000 0.0001 0.0000 0.0000 0.0000 0.0000 -0.0013 -0.0008 0.0000 -0.0004 0.0001 0.0000 0.0000 0.0000 0.0000 0.0000 0.0000 0.0000 0.0002 0.0000 0.0000 -0.0006 0.0003 0.0000 0.0004 -0.0006 0.0000 0.0000 0.0001 0.0000 0.0000 0.0000 0.0000 -0.0010 -0.0002 0.0000 0.0002 30.0001 -0.0001 0.0005 -29.9998 0.0000 0.0000 0.0000 -9.4418 -14.5317 5.6768 -9.4418 -14.5317 5.6768 17.6154 63.3428 116.2020 -47.9445 55.6920 -8.9082 -49.8709 34.2143 -106.1893 1.3583 -0.7221 3.0922 0.0000 -0.0001 0.0001 0.0000 0.0000 0.0000 0.0000 -0.0006 0.0003 0.0000 -0.0001 0.0001 0.0000 0.0000 0.0000 0.0000 0.0000 0.0000 0.0000 0.0007 0.0001 0.0000 -0.0012 0.0001 0.0000 -0.0008 0.0003 0.0000 0.0001 0.0000 0.0000 0.0000 0.0000 0.0000 -0.0008 0.0000 0.0000 0.0002 -29.9997 -0.0001 -0.0003 29.9996 0.0000 0.0000 0.0000 3.1212 -14.4824 177.5371 0.0000 0.0000 0.0828 -7.0928 68.4947 -8.8133 0.0000 25.3510 0.0000 -10.5936 -19.2806 -176.7199 -0.0157 -7.1687 -0.0817 2.7561 68.5569 3.5992 0.0000 25.3816 -0.0001 
-2.2535 93.1026 -1.5891 3.9375 18.5873 3.2196 5.4512 7.3356 -1.8945 5.4878 7.3864 -1.9051 5.4674 7.3581 -1.8991 56.0336 75.4794 -50.9865 64.9688 59.1687 51.4908 32.8199 24.1835 93.7725 -2.0579 0.7343 -3.4189 0.0000 0.0000 0.0001 0.0000 0.0000 0.0000 0.0000 -0.0013 -0.0008 0.0000 -0.0004 0.0001 0.0000 0.0000 0.0000 0.0000 0.0000 0.0000 0.0000 0.0002 0.0000 0.0000 -0.0006 0.0003 0.0000 0.0004 -0.0006 0.0000 0.0000 0.0001 0.0000 0.0000 0.0000 0.0000 -0.0010 -0.0002 0.0000 0.0002 30.0001 -0.0001 0.0005 -29.9998 0.0000 0.0000 0.0000 -9.7954 -14.7142 5.8583 -9.7954 -14.7143 5.8583 17.3934 63.1719 116.0791 -48.0134 55.6783 -8.8171 -49.8458 34.1361 -106.1939 1.3618 -0.7198 3.1005 0.0000 -0.0001 0.0001 0.0000 0.0000 0.0000 0.0000 -0.0006 0.0003 0.0000 -0.0001 0.0001 0.0000 0.0000 0.0000 0.0000 0.0000 0.0000 0.0000 0.0007 0.0001 0.0000 -0.0011 0.0001 0.0000 -0.0008 0.0003 0.0000 0.0001 0.0000 0.0000 0.0000 0.0000 0.0000 -0.0009 0.0000 0.0000 0.0002 -29.9997 -0.0001 -0.0003 29.9996 0.0000 0.0000 0.0000 2.9298 -14.6150 177.4666 0.0000 0.0000 0.0828 -6.7966 68.4771 -8.8173 0.0000 25.3510 0.0000 -10.8941 -19.3598 -176.7448 -0.0136 -7.2036 -0.0819 2.9817 68.5616 3.6345 0.0000 25.5679 -0.0001 
-2.2591 93.1039 -1.6538 4.5144 18.5668 3.3296 5.6030 7.3614 -1.8307 5.6416 7.4133 -1.8410 5.6197 7.3839 -1.8351 55.5342 75.2887 -51.6552 64.9283 59.2363 51.6319 33.0306 24.3613 93.5082 -2.0659 0.7390 -3.4273 0.0000 0.0000 0.0001 0.0000 0.0000 0.0000 0.0000 -0.0013 -0.0008 0.0000 -0.0004 0.0001 0.0000 0.0000 0.0000 0.0000 0.0000 0.0000 0.0000 0.0002 0.0000 0.0000 -0.0006 0.0003 0.0000 0.0004 -0.0006 0.0000 0.0000 0.0001 0.0000 0.0000 0.0000 0.0000 -0.0010 -0.0002 0.0000 0.0002 30.0001 -0.0001 0.0005 -29.9998 0.0000 0.0000 0.0000 -10.0936 -14.8584 6.0539 -10.0937 -14.8584 6.0539 17.2128 63.1387 116.0423 -48.0027 55.7566 -8.8081 -49.7481 34.0578 -106.1556 1.3621 -0.7224 3.1128 0.0000 -0.0001 0.0001 0.0000 0.0000 0.0000 0.0000 -0.0006 0.0003 0.0000 -0.0001 0.0001 0.0000 0.0000 0.0000 0.0000 0.0000 0.0000 0.0000 0.0007 0.0001 0.0000 -0.0012 0.0001 0.0000 -0.0008 0.0003 0.0000 0.0001 0.0000 0.0000 0.0000 0.0000 0.0000 -0.0009 0.0000 0.0000 0.0002 -29.9996 -0.0001 -0.0003 29.9996 0.0000 0.0000 0.0000 2.7362 -14.7385 177.4471 0.0009 -0.0686 0.0828 -6.6207 68.4813 -8.9130 0.0000 25.3510 0.0000 -11.1796 -19.3907 -176.7426 -0.0118 -7.2514 -0.0820 3.1724 68.5714 3.6557 0.0000 25.6834 -0.0001 
-2.2665 93.1092 -1.7045 5.0346 18.5122 3.4055 5.7124 7.3689 -1.7768 5.7522 7.4216 -1.7868 5.7295 7.3914 -1.7811 55.3604 75.1072 -51.9506 64.9160 59.2716 51.7551 33.2202 24.5355 93.2914 -2.0730 0.7458 -3.4262 0.0000 0.0000 0.0001 0.0000 0.0000 0.0000 0.0000 -0.0013 -0.0008 0.0000 -0.0004 0.0001 0.0000 0.0000 0.0000 0.0000 0.0000 0.0000 0.0000 0.0002 0.0000 0.0000 -0.0006 0.0003 0.0000 0.0004 -0.0006 0.0000 0.0000 0.0001 0.0000 0.0000 0.0000 0.0000 -0.0010 -0.0002 0.0000 0.0002 30.0001 -0.0001 0.0005 -29.9998 0.0000 0.0000 0.0000 -10.3456 -14.9631 6.2525 -10.3456 -14.9631 6.2524 17.0663 63.2364 116.0594 -47.8690 55.9346 -8.8248 -49.5914 33.9804 -106.0807 1.3603 -0.7295 3.1297 0.0000 -0.0001 0.0001 0.0000 0.0000 0.0000 0.0000 -0.0006 0.0003 0.0000 -0.0001 0.0001 0.0000 0.0000 0.0000 0.0000 0.0000 0.0000 0.0000 0.0007 0.0001 0.0000 -0.0012 0.0001 0.0000 -0.0008 0.0003 0.0000 0.0001 0.0000 0.0000 0.0000 0.0000 0.0000 -0.0009 0.0000 0.0000 0.0002 -29.9996 -0.0001 -0.0003 29.9996 0.0000 0.0000 0.0000 2.5488 -14.7471 177.4618 0.0000 0.0000 0.0828 -6.5005 68.4128 -9.0383 0.0000 25.3510 0.0000 -11.4307 -19.4020 -176.7332 -0.0121 -7.3529 -0.0819 3.3701 68.6033 3.6932 0.0000 25.7465 -0.0001 
-2.2823 93.1169 -1.7265 5.4851 18.4113 3.4445 5.7575 7.3485 -1.7389 5.7977 7.4011 -1.7486 5.7747 7.3710 -1.7431 55.4705 74.9189 -51.8780 64.9519 59.2400 51.8512 33.3748 24.6948 93.1405 -2.0803 0.7571 -3.4132 0.0000 0.0000 0.0001 0.0000 0.0000 0.0000 0.0000 -0.0013 -0.0008 0.0000 -0.0004 0.0001 0.0000 0.0000 0.0000 0.0000 0.0000 0.0000 0.0000 0.0002 0.0000 0.0000 -0.0006 0.0003 0.0000 0.0004 -0.0006 0.0000 0.0000 0.0001 0.0000 0.0000 0.0000 0.0000 -0.0010 -0.0002 0.0000 0.0002 30.0001 -0.0001 0.0005 -29.9998 0.0000 0.0000 0.0000 -10.5379 -15.0001 6.4441 -10.5379 -15.0001 6.4441 16.9784 63.4968 116.1635 -47.6375 56.2088 -8.9165 -49.3147 33.9321 -105.9730 1.3570 -0.7432 3.1531 0.0000 -0.0001 0.0001 0.0000 0.0000 0.0000 0.0000 -0.0006 0.0003 0.0000 -0.0001 0.0001 0.0000 0.0000 0.0000 0.0000 0.0000 0.0000 0.0000 0.0007 0.0001 0.0000 -0.0012 0.0001 0.0000 -0.0008 0.0003 0.0000 0.0001 0.0000 0.0000 0.0000 0.0000 0.0000 -0.0009 0.0000 0.0000 0.0002 -29.9997 -0.0001 -0.0003 29.9996 0.0000 0.0000 0.0000 2.3598 -14.7217 177.5180 0.0000 0.0000 0.0828 -6.4962 68.3774 -9.2374 0.0000 25.3510 0.0000 -11.6279 -19.3549 -176.7227 -0.0143 -7.4732 -0.0818 3.5837 68.6460 3.7460 0.0000 25.7817 -0.0001 
-2.3135 93.1239 -1.7252 5.8623 18.2809 3.4552 5.7588 7.3046 -1.7133 5.7986 7.3564 -1.7228 5.7759 7.3269 -1.7174 55.6919 74.7314 -51.6029 65.0132 59.1626 51.9134 33.4880 24.8017 93.0520 -2.0881 0.7728 -3.3933 0.0000 0.0000 0.0001 0.0000 0.0000 0.0000 0.0000 -0.0013 -0.0008 0.0000 -0.0004 0.0001 0.0000 0.0000 0.0000 0.0000 0.0000 0.0000 0.0000 0.0003 0.0000 0.0000 -0.0006 0.0003 0.0000 0.0004 -0.0006 0.0000 0.0000 0.0001 0.0000 0.0000 0.0000 0.0000 -0.0010 -0.0002 0.0000 0.0003 30.0001 -0.0001 0.0005 -29.9998 0.0000 0.0000 0.0000 -10.6868 -14.9753 6.6117 -10.6868 -14.9753 6.6117 16.9264 63.8606 116.3217 -47.2546 56.5934 -8.9398 -49.0063 33.8913 -105.8261 1.3481 -0.7625 3.1769 0.0000 -0.0001 0.0001 0.0000 0.0000 0.0000 0.0000 -0.0006 0.0003 0.0000 -0.0001 0.0001 0.0000 0.0000 0.0000 0.0000 0.0000 0.0000 0.0000 0.0007 0.0001 0.0000 -0.0012 0.0001 0.0000 -0.0008 0.0003 0.0000 0.0001 0.0000 0.0000 0.0000 0.0000 0.0000 -0.0009 0.0000 0.0000 0.0002 -29.9997 -0.0001 -0.0003 29.9996 0.0000 0.0000 0.0000 2.1872 -14.6460 177.6048 0.0000 0.0001 0.0828 -6.5714 68.3455 -9.4830 0.0000 25.3510 0.0000 -11.7721 -19.2421 -176.7000 -0.0149 -7.5506 -0.0817 3.7567 68.6719 3.7649 0.0000 25.8145 -0.0001 
-2.3554 93.1298 -1.7152 6.1714 18.1300 3.4413 5.7241 7.2400 -1.6965 5.7631 7.2906 -1.7057 5.7412 7.2622 -1.7005 55.9192 74.5439 -51.2378 65.0850 59.0597 51.9199 33.5840 24.8509 93.0174 -2.0957 0.7922 -3.3677 0.0000 0.0000 0.0001 0.0000 0.0000 0.0000 0.0000 -0.0013 -0.0008 0.0000 -0.0004 0.0001 0.0000 0.0000 0.0000 0.0000 0.0000 0.0000 0.0000 0.0002 0.0000 0.0000 -0.0006 0.0003 0.0000 0.0004 -0.0006 0.0000 0.0000 0.0001 0.0000 0.0000 0.0000 0.0000 -0.0010 -0.0002 0.0000 0.0003 30.0001 -0.0001 0.0005 -29.9998 0.0000 0.0000 0.0000 -10.7928 -14.9012 6.7528 -10.7928 -14.9012 6.7528 16.8803 64.3007 116.4985 -46.7863 57.0633 -8.9198 -48.6688 33.8650 -105.6497 1.3344 -0.7858 3.1994 0.0000 -0.0001 0.0001 0.0000 0.0000 0.0000 0.0000 -0.0006 0.0003 0.0000 -0.0001 0.0001 0.0000 0.0000 0.0000 0.0000 0.0000 0.0000 0.0000 0.0007 0.0001 0.0000 -0.0012 0.0001 0.0000 -0.0008 0.0003 0.0000 0.0001 0.0000 0.0000 0.0000 0.0000 0.0000 -0.0008 0.0000 0.0000 0.0002 -29.9996 -0.0001 -0.0002 29.9996 0.0000 0.0000 0.0000 2.0369 -14.5377 177.7123 0.0000 0.0001 0.0828 -6.6951 68.3125 -9.7483 0.0000 25.3510 0.0000 -11.8665 -19.0659 -176.6676 -0.0148 -7.5536 -0.0817 3.8860 68.6607 3.7468 0.0000 25.8595 -0.0001 
-2.3989 93.1347 -1.7001 6.3713 17.9570 3.3940 5.6357 7.1509 -1.6895 5.6731 7.1995 -1.6986 5.6525 7.1728 -1.6936 56.0304 74.3515 -50.8879 64.9540 58.9333 51.7511 33.7184 24.9432 93.0096 -2.1109 0.8174 -3.3414 0.0000 0.0000 0.0001 0.0000 0.0000 0.0000 0.0000 -0.0013 -0.0008 0.0000 -0.0004 0.0001 0.0000 0.0000 0.0000 0.0000 0.0000 0.0000 0.0000 0.0002 0.0000 0.0000 -0.0006 0.0003 0.0000 0.0004 -0.0006 0.0000 0.0000 0.0001 0.0000 0.0000 0.0000 0.0000 -0.0010 -0.0002 0.0000 0.0002 30.0001 -0.0001 0.0005 -29.9998 0.0000 0.0000 0.0000 -10.8288 -14.7646 6.8382 -10.8288 -14.7646 6.8382 16.7885 64.8224 116.6150 -46.2397 57.6349 -8.8558 -48.3108 33.8628 -105.4341 1.3164 -0.8121 3.2188 0.0000 -0.0001 0.0001 0.0000 0.0000 0.0000 0.0000 -0.0006 0.0003 0.0000 -0.0001 0.0001 0.0000 0.0000 0.0000 0.0000 0.0000 0.0000 0.0000 0.0007 0.0001 0.0000 -0.0012 0.0001 0.0000 -0.0008 0.0003 0.0000 0.0001 0.0000 0.0000 0.0000 0.0000 0.0000 -0.0009 0.0000 0.0000 0.0002 -29.9996 -0.0001 -0.0003 29.9996 0.0000 0.0000 0.0000 1.9513 -14.3907 177.8299 0.0000 0.0000 0.0828 -6.8265 68.2825 -9.9912 0.0000 25.3510 0.0000 -11.8751 -18.8120 -176.6330 -0.0148 -7.4482 -0.0818 3.9689 68.5920 3.6901 0.0000 25.9162 -0.0001 
-2.4337 93.1382 -1.6802 6.4745 17.7671 3.3238 5.5094 7.0459 -1.6916 5.5447 7.0921 -1.7004 5.5258 7.0674 -1.6957 56.0052 74.1415 -50.5881 64.6324 58.8047 51.4125 33.9252 25.1260 92.9904 -2.1325 0.8471 -3.3126 0.0000 0.0000 0.0001 0.0000 0.0000 0.0000 0.0000 -0.0013 -0.0008 0.0000 -0.0004 0.0001 0.0000 0.0000 0.0000 0.0000 0.0000 0.0000 0.0000 0.0002 0.0000 0.0000 -0.0006 0.0003 0.0000 0.0004 -0.0006 0.0000 0.0000 0.0001 0.0000 0.0000 0.0000 0.0000 -0.0010 -0.0002 0.0000 0.0002 30.0001 -0.0001 0.0005 -29.9998 0.0000 0.0000 0.0000 -10.8116 -14.5731 6.8728 -10.8116 -14.5731 6.8728 16.6369 65.3887 116.6681 -45.6682 58.2506 -8.7872 -47.9585 33.8680 -105.1833 1.2961 -0.8372 3.2338 0.0000 -0.0001 0.0001 0.0000 0.0000 0.0000 0.0000 -0.0006 0.0003 0.0000 -0.0001 0.0001 0.0000 0.0000 0.0000 0.0000 0.0000 0.0000 0.0000 0.0007 0.0001 0.0000 -0.0012 0.0001 0.0000 -0.0008 0.0003 0.0000 0.0001 0.0000 0.0000 0.0000 0.0000 0.0000 -0.0009 0.0000 0.0000 0.0002 -29.9996 -0.0001 -0.0003 29.9996 0.0000 0.0000 0.0000 1.9142 -14.2109 177.9460 0.0000 0.0001 0.0828 -6.9533 68.2614 -10.1919 0.0000 25.3510 0.0000 -11.8066 -18.5127 -176.6078 -0.0148 -7.2836 -0.0818 4.0276 68.4932 3.6170 0.0000 25.9746 -0.0001 
-2.4609 93.1401 -1.6464 6.4884 17.5631 3.2352 5.3486 6.9282 -1.7020 5.3815 6.9719 -1.7106 5.3646 6.9494 -1.7062 55.9127 73.9233 -50.3009 64.1691 58.6710 50.9530 34.1956 25.3862 92.9652 -2.1584 0.8797 -3.2812 0.0000 0.0000 0.0001 0.0000 0.0000 0.0000 0.0000 -0.0013 -0.0008 0.0000 -0.0004 0.0001 0.0000 0.0000 0.0000 0.0000 0.0000 0.0000 0.0000 0.0003 0.0000 0.0000 -0.0006 0.0003 0.0000 0.0004 -0.0006 0.0000 0.0000 0.0001 0.0000 0.0000 0.0000 0.0000 -0.0010 -0.0002 0.0000 0.0002 30.0001 -0.0001 0.0005 -29.9998 0.0000 0.0000 0.0000 -10.7366 -14.3347 6.8651 -10.7366 -14.3347 6.8651 16.4419 65.9909 116.6741 -45.0946 58.8788 -8.7394 -47.6038 33.8716 -104.9086 1.2755 -0.8600 3.2457 0.0000 -0.0001 0.0001 0.0000 0.0000 0.0000 0.0000 -0.0006 0.0003 0.0000 -0.0001 0.0001 0.0000 0.0000 0.0000 0.0000 0.0000 0.0000 0.0000 0.0007 0.0001 0.0000 -0.0012 0.0001 0.0000 -0.0008 0.0003 0.0000 0.0001 0.0000 0.0000 0.0000 0.0000 0.0000 -0.0008 0.0000 0.0000 0.0002 -29.9996 -0.0001 -0.0003 29.9996 0.0000 0.0000 0.0000 1.9183 -14.0205 178.0602 0.0007 -0.0485 0.0828 -7.0978 68.2774 -10.3743 0.0000 25.3510 0.0000 -11.6774 -18.1815 -176.5901 -0.0142 -7.0938 -0.0818 4.0574 68.3873 3.5328 0.0000 26.0237 -0.0001 
-2.4744 93.1386 -1.5873 6.3636 17.3400 3.1209 5.1415 6.7957 -1.7244 5.1715 6.8364 -1.7329 5.1568 6.8165 -1.7287 55.7610 73.6942 -50.0335 63.6162 58.4886 50.3797 34.4672 25.6999 92.9905 -2.1889 0.9140 -3.2496 0.0000 0.0000 0.0001 0.0000 0.0000 0.0000 0.0000 -0.0013 -0.0008 0.0000 -0.0004 0.0001 0.0000 0.0000 0.0000 0.0000 0.0000 0.0000 0.0000 0.0003 0.0000 0.0000 -0.0006 0.0003 0.0000 0.0004 -0.0006 0.0000 0.0000 0.0001 0.0000 0.0000 0.0000 0.0000 -0.0010 -0.0002 0.0000 0.0003 30.0001 -0.0001 0.0005 -29.9998 0.0000 0.0000 0.0000 -10.5619 -14.0378 6.8106 -10.5619 -14.0378 6.8106 16.3285 66.6742 116.7291 -44.4332 59.4871 -8.6884 -47.2508 33.8785 -104.6107 1.2559 -0.8788 3.2537 0.0000 -0.0001 0.0001 0.0000 0.0000 0.0000 0.0000 -0.0006 0.0003 0.0000 -0.0001 0.0001 0.0000 0.0000 0.0000 0.0000 0.0000 0.0000 0.0000 0.0007 0.0001 0.0000 -0.0012 0.0001 0.0000 -0.0008 0.0003 0.0000 0.0001 0.0000 0.0000 0.0000 0.0000 0.0000 -0.0008 0.0000 0.0000 0.0002 -29.9997 -0.0001 -0.0003 29.9996 0.0000 0.0000 0.0000 1.9762 -13.7612 178.1709 0.0009 -0.0686 0.0828 -7.2753 68.3006 -10.5297 0.0000 25.3510 0.0000 -11.4655 -17.8103 -176.5845 -0.0126 -6.8830 -0.0820 4.0349 68.2813 3.4355 0.0000 26.0646 -0.0001 
-2.4683 93.1355 -1.5129 6.1172 17.1041 2.9833 4.9057 6.6572 -1.7543 4.9326 6.6948 -1.7625 4.9202 6.6775 -1.7588 55.5456 73.4628 -49.8066 63.0349 58.2184 49.7797 34.6719 26.0661 93.0731 -2.2252 0.9485 -3.2227 0.0000 0.0000 0.0001 0.0000 0.0000 0.0000 0.0000 -0.0013 -0.0008 0.0000 -0.0004 0.0001 0.0000 0.0000 0.0000 0.0000 0.0000 0.0000 0.0000 0.0002 0.0000 0.0000 -0.0006 0.0003 0.0000 0.0004 -0.0006 0.0000 0.0000 0.0001 0.0000 0.0000 0.0000 0.0000 -0.0010 -0.0002 0.0000 0.0002 30.0001 -0.0001 0.0005 -29.9998 0.0000 0.0000 0.0000 -10.3036 -13.7107 6.7350 -10.3036 -13.7107 6.7350 16.3046 67.4207 116.8541 -43.6666 60.0629 -8.6000 -47.0188 33.8696 -104.2616 1.2326 -0.8899 3.2477 0.0000 -0.0001 0.0001 0.0000 0.0000 0.0000 0.0000 -0.0006 0.0003 0.0000 -0.0001 0.0001 0.0000 0.0000 0.0000 0.0000 0.0000 0.0000 0.0000 0.0007 0.0001 0.0000 -0.0012 0.0001 0.0000 -0.0008 0.0003 0.0000 0.0001 0.0000 0.0000 0.0000 0.0000 0.0000 -0.0009 0.0000 0.0000 0.0002 -29.9997 -0.0001 -0.0003 29.9996 0.0000 0.0000 0.0000 2.0843 -13.4179 178.2746 0.0000 0.0001 0.0828 -7.4614 68.2954 -10.6475 0.0000 25.3510 0.0000 -11.1880 -17.4144 -176.5900 -0.0112 -6.6571 -0.0821 3.9811 68.1707 3.3477 0.0000 26.0923 -0.0001 
-2.4486 93.1341 -1.4403 5.7616 16.8619 2.8234 4.6493 6.5127 -1.7910 4.6734 6.5473 -1.7990 4.6631 6.5326 -1.7956 55.2882 73.2301 -49.5977 62.5014 57.8862 49.1990 34.8559 26.4085 93.2140 -2.2618 0.9835 -3.1945 0.0000 0.0000 0.0001 0.0000 0.0000 0.0000 0.0000 -0.0013 -0.0008 0.0000 -0.0004 0.0001 0.0000 0.0000 0.0000 0.0000 0.0000 0.0000 0.0000 0.0002 0.0000 0.0000 -0.0006 0.0003 0.0000 0.0004 -0.0006 0.0000 0.0000 0.0001 0.0000 0.0000 0.0000 0.0000 -0.0010 -0.0002 0.0000 0.0002 30.0001 -0.0001 0.0005 -29.9998 0.0000 0.0000 0.0000 -9.9746 -13.3641 6.6505 -9.9746 -13.3641 6.6505 16.3927 68.2269 117.0814 -42.8140 60.6034 -8.4881 -46.8552 33.8805 -103.8727 1.2070 -0.8966 3.2311 0.0000 -0.0001 0.0001 0.0000 0.0000 0.0000 0.0000 -0.0006 0.0003 0.0000 -0.0001 0.0001 0.0000 0.0000 0.0000 0.0000 0.0000 0.0000 0.0000 0.0007 0.0001 0.0000 -0.0012 0.0001 0.0000 -0.0008 0.0003 0.0000 0.0001 0.0000 0.0000 0.0000 0.0000 0.0000 -0.0009 0.0000 0.0000 0.0002 -29.9996 -0.0001 -0.0003 29.9996 0.0000 0.0000 0.0000 2.2439 -13.0901 178.3741 0.0000 0.0001 0.0828 -7.6825 68.3277 -10.7634 0.0000 25.3510 0.0000 -10.8544 -17.0085 -176.6043 -0.0104 -6.4347 -0.0821 3.9084 68.0671 3.2806 0.0000 26.0725 -0.0001 
-2.4152 93.1349 -1.3696 5.2510 16.6163 2.6285 4.3803 6.3635 -1.8374 4.4015 6.3952 -1.8453 4.3933 6.3830 -1.8423 54.9567 72.9955 -49.3872 62.0853 57.4726 48.6728 34.9741 26.6875 93.4197 -2.2974 1.0204 -3.1625 0.0000 0.0000 0.0001 0.0000 0.0000 0.0000 0.0000 -0.0013 -0.0008 0.0000 -0.0004 0.0001 0.0000 0.0000 0.0000 0.0000 0.0000 0.0000 0.0000 0.0002 0.0000 0.0000 -0.0006 0.0003 0.0000 0.0004 -0.0006 0.0000 0.0000 0.0001 0.0000 0.0000 0.0000 0.0000 -0.0010 -0.0002 0.0000 0.0002 30.0001 -0.0001 0.0006 -29.9998 0.0000 0.0000 0.0000 -9.5644 -13.0113 6.5666 -9.5643 -13.0113 6.5666 16.6929 69.1224 117.5534 -41.9553 61.0848 -8.4486 -46.6817 33.9170 -103.4774 1.1795 -0.9026 3.2076 0.0000 -0.0001 0.0001 0.0000 0.0000 0.0000 0.0000 -0.0006 0.0003 0.0000 -0.0001 0.0001 0.0000 0.0000 0.0000 0.0000 0.0000 0.0000 0.0000 0.0007 0.0001 0.0000 -0.0012 0.0001 0.0000 -0.0008 0.0003 0.0000 0.0001 0.0000 0.0000 0.0000 0.0000 0.0000 -0.0009 0.0000 0.0000 0.0002 -29.9997 -0.0001 -0.0003 29.9996 0.0000 0.0000 0.0000 2.4781 -12.7412 178.4769 0.0000 0.0001 0.0828 -7.9597 68.3626 -10.8882 0.0000 25.3510 0.0000 -10.4508 -16.6069 -176.6253 -0.0110 -6.2737 -0.0821 3.8089 68.0194 3.2493 0.0000 25.9512 -0.0001 
-2.3761 93.1393 -1.2999 4.6326 16.3669 2.4090 4.1081 6.2165 -1.8928 4.1266 6.2455 -1.9005 4.1202 6.2354 -1.8978 54.5811 72.7664 -49.1276 61.7610 57.0005 48.1414 35.0252 26.8861 93.7057 -2.3319 1.0593 -3.1255 0.0000 0.0000 0.0001 0.0000 0.0000 0.0000 0.0000 -0.0013 -0.0008 0.0000 -0.0004 0.0001 0.0000 0.0000 0.0000 0.0000 0.0000 0.0000 0.0000 0.0002 0.0000 0.0000 -0.0006 0.0003 0.0000 0.0004 -0.0006 0.0000 0.0000 0.0001 0.0000 0.0000 0.0000 0.0000 -0.0010 -0.0002 0.0000 0.0002 30.0001 -0.0001 0.0005 -29.9998 0.0000 0.0000 0.0000 -9.1038 -12.6837 6.4926 -9.1038 -12.6837 6.4926 17.1712 70.0617 118.2577 -41.0635 61.5163 -8.4792 -46.4748 34.0044 -103.0821 1.1548 -0.9113 3.1872 0.0000 -0.0001 0.0001 0.0000 0.0000 0.0000 0.0000 -0.0006 0.0003 0.0000 -0.0001 0.0001 0.0000 0.0000 0.0000 0.0000 0.0000 0.0000 0.0000 0.0007 0.0001 0.0000 -0.0012 0.0001 0.0000 -0.0008 0.0003 0.0000 0.0001 0.0000 0.0000 0.0000 0.0000 0.0000 -0.0009 0.0000 0.0000 0.0002 -29.9996 -0.0001 -0.0003 29.9996 0.0000 0.0000 0.0000 2.7697 -12.3767 178.5890 0.0000 0.0000 0.0828 -8.2956 68.3970 -11.0424 0.0000 25.3510 0.0000 -10.0101 -16.2294 -176.6381 -0.0121 -6.2084 -0.0821 3.6674 68.0489 3.2234 0.0000 25.7017 -0.0001 
-2.3291 93.1446 -1.2184 3.9373 16.1124 2.1733 3.8172 6.0654 -1.9546 3.8332 6.0918 -1.9622 3.8284 6.0839 -1.9599 54.2364 72.5621 -48.7907 61.4954 56.5134 47.6091 35.0306 27.0533 94.0075 -2.3637 1.0987 -3.0838 0.0000 0.0000 0.0001 0.0000 0.0000 0.0000 0.0000 -0.0013 -0.0008 0.0000 -0.0004 0.0001 0.0000 0.0000 0.0000 0.0000 0.0000 0.0000 0.0000 0.0002 0.0000 0.0000 -0.0006 0.0003 0.0000 0.0004 -0.0006 0.0000 0.0000 0.0001 0.0000 0.0000 0.0000 0.0000 -0.0010 -0.0002 0.0000 0.0002 30.0001 -0.0001 0.0005 -29.9998 0.0000 0.0000 0.0000 -8.5865 -12.3753 6.4197 -8.5865 -12.3753 6.4197 17.7559 71.0177 119.0936 -40.2100 61.9161 -8.6016 -46.2847 34.1140 -102.6612 1.1304 -0.9185 3.1636 0.0000 -0.0001 0.0001 0.0000 0.0000 0.0000 0.0000 -0.0006 0.0003 0.0000 -0.0001 0.0001 0.0000 0.0000 0.0000 0.0000 0.0000 0.0000 0.0000 0.0007 0.0001 0.0000 -0.0012 0.0001 0.0000 -0.0008 0.0003 0.0000 0.0001 0.0000 0.0000 0.0000 0.0000 0.0000 -0.0009 0.0000 0.0000 0.0002 -29.9996 -0.0001 -0.0003 29.9996 0.0000 0.0000 0.0000 3.1044 -12.0157 178.7059 0.0006 -0.0487 0.0828 -8.6755 68.4635 -11.2191 0.0000 25.3510 0.0000 -9.5462 -15.8664 -176.6388 -0.0135 -6.2052 -0.0820 3.4834 68.1338 3.1850 0.0000 25.3627 -0.0001 
-2.2736 93.1521 -1.1244 3.1640 15.8526 1.9191 3.5049 5.9123 -2.0245 3.5186 5.9363 -2.0319 3.5152 5.9303 -2.0301 53.9061 72.3866 -48.3543 61.2682 56.0352 47.0420 35.1253 27.1734 94.3130 -2.3871 1.1397 -3.0253 0.0000 0.0000 0.0001 0.0000 0.0000 0.0000 0.0000 -0.0013 -0.0008 0.0000 -0.0004 0.0001 0.0000 0.0000 0.0000 0.0000 0.0000 0.0000 0.0000 0.0003 0.0000 0.0000 -0.0006 0.0003 0.0000 0.0004 -0.0006 0.0000 0.0000 0.0001 0.0000 0.0000 0.0000 0.0000 -0.0010 -0.0002 0.0000 0.0002 30.0001 -0.0002 0.0005 -29.9998 0.0000 0.0000 0.0000 -8.0156 -12.0986 6.3475 -8.0156 -12.0986 6.3475 18.3355 71.9544 120.0258 -39.5629 62.2799 -8.9766 -46.1017 34.2229 -102.2014 1.1061 -0.9241 3.1385 0.0000 -0.0001 0.0001 0.0000 0.0000 0.0000 0.0000 -0.0006 0.0003 0.0000 -0.0001 0.0001 0.0000 0.0000 0.0000 0.0000 0.0000 0.0000 0.0000 0.0007 0.0001 0.0000 -0.0012 0.0001 0.0000 -0.0008 0.0003 0.0000 0.0001 0.0000 0.0000 0.0000 0.0000 0.0000 -0.0008 0.0000 0.0000 0.0002 -29.9996 -0.0001 -0.0003 29.9996 0.0000 0.0000 0.0000 3.4746 -11.6098 178.8315 0.0006 -0.0485 0.0828 -9.0609 68.5171 -11.3722 0.0000 25.3510 0.0000 -9.0622 -15.5325 -176.6134 -0.0148 -6.2614 -0.0819 3.2360 68.2692 3.1006 0.0000 24.9857 -0.0001 
-2.2206 93.1586 -1.0217 2.3705 15.5852 1.6608 3.1635 5.7608 -2.0972 3.1749 5.7824 -2.1044 3.1728 5.7783 -2.1031 53.6874 72.2572 -47.7761 61.1149 55.5677 46.4765 35.2075 27.3358 94.5957 -2.4029 1.1768 -2.9573 0.0000 0.0000 0.0001 0.0000 0.0000 0.0000 0.0000 -0.0013 -0.0008 0.0000 -0.0004 0.0001 0.0000 0.0000 0.0000 0.0000 0.0000 0.0000 0.0000 0.0002 0.0000 0.0000 -0.0006 0.0003 0.0000 0.0004 -0.0006 0.0000 0.0000 0.0001 0.0000 0.0000 0.0000 0.0000 -0.0010 -0.0002 0.0000 0.0002 30.0001 -0.0001 0.0005 -29.9998 0.0000 0.0000 0.0000 -7.4016 -11.8435 6.2754 -7.4016 -11.8435 6.2754 18.9003 72.8773 120.9934 -39.0929 62.6291 -9.5821 -45.8592 34.3045 -101.7537 1.0870 -0.9297 3.1234 0.0000 -0.0001 0.0001 0.0000 0.0000 0.0000 0.0000 -0.0006 0.0003 0.0000 -0.0001 0.0001 0.0000 0.0000 0.0000 0.0000 0.0000 0.0000 0.0000 0.0007 0.0001 0.0000 -0.0012 0.0001 0.0000 -0.0008 0.0003 0.0000 0.0001 0.0000 0.0000 0.0000 0.0000 0.0000 -0.0008 0.0000 0.0000 0.0002 -29.9997 -0.0001 -0.0003 29.9996 0.0000 0.0000 0.0000 3.8363 -11.1677 178.9661 0.0000 0.0000 0.0828 -9.4325 68.5570 -11.4865 0.0000 25.0320 0.0000 -8.5754 -15.2019 -176.5710 -0.0162 -6.3166 -0.0818 2.9632 68.4206 2.9776 0.0000 24.9870 -0.0001 
-2.1776 93.1628 -0.9143 1.5844 15.3109 1.4054 2.7999 5.6137 -2.1696 2.8092 5.6331 -2.1766 2.8081 5.6308 -2.1757 53.5850 72.1758 -47.0495 61.0490 55.1196 45.9127 35.2846 27.5013 94.8868 -2.4095 1.2089 -2.8798 0.0000 0.0000 0.0001 0.0000 0.0000 0.0000 0.0000 -0.0013 -0.0008 0.0000 -0.0004 0.0001 0.0000 0.0000 0.0000 0.0000 0.0000 0.0000 0.0000 0.0002 -0.0001 0.0000 -0.0006 0.0003 0.0000 0.0004 -0.0006 0.0000 0.0000 0.0001 0.0000 0.0000 0.0000 0.0000 -0.0010 -0.0002 0.0000 0.0003 30.0001 -0.0001 0.0005 -29.9998 0.0000 0.0000 0.0000 -6.7649 -11.6054 6.2073 -6.7649 -11.6054 6.2073 19.4031 73.7737 121.9569 -38.7115 62.9674 -10.3426 -45.5354 34.4016 -101.3085 1.0760 -0.9374 3.1224 0.0000 -0.0001 0.0001 0.0000 0.0000 0.0000 0.0000 -0.0006 0.0003 0.0000 -0.0001 0.0001 0.0000 0.0000 0.0000 0.0000 0.0000 0.0000 0.0000 0.0007 0.0001 0.0000 -0.0012 0.0001 0.0000 -0.0008 0.0003 0.0000 0.0001 0.0000 0.0000 0.0000 0.0000 0.0000 -0.0009 0.0000 0.0000 0.0002 -29.9996 -0.0001 -0.0003 29.9996 0.0000 0.0000 0.0000 4.1714 -10.7441 179.1128 0.0000 0.0000 0.0828 -9.8190 68.6277 -11.5982 0.0000 25.0322 0.0000 -8.0920 -14.8792 -176.5150 -0.0175 -6.3745 -0.0817 2.6813 68.5867 2.8164 0.0000 24.9886 -0.0001 
-2.1598 93.1629 -0.8142 0.8393 15.0328 1.1623 2.3731 5.4647 -2.2447 2.3803 5.4821 -2.2514 2.3800 5.4813 -2.2511 53.6293 72.1512 -46.2429 61.0465 54.6896 45.2814 35.3995 27.7002 95.1884 -2.4054 1.2342 -2.7914 0.0000 0.0000 0.0001 0.0000 0.0000 0.0000 0.0000 -0.0013 -0.0008 0.0000 -0.0004 0.0001 0.0000 0.0000 0.0000 0.0000 0.0000 0.0000 0.0000 0.0002 0.0000 0.0000 -0.0006 0.0003 0.0000 0.0004 -0.0006 0.0000 0.0000 0.0001 0.0000 0.0000 0.0000 0.0000 -0.0010 -0.0002 0.0000 0.0002 30.0001 -0.0001 0.0005 -29.9998 0.0000 0.0000 0.0000 -6.0632 -11.3678 6.1532 -6.0632 -11.3678 6.1532 19.9557 74.6394 122.9594 -38.4279 63.2523 -11.2416 -45.3491 34.4758 -100.8037 1.0646 -0.9363 3.1116 0.0000 -0.0001 0.0001 0.0000 0.0000 0.0000 0.0000 -0.0006 0.0003 0.0000 -0.0001 0.0001 0.0000 0.0000 0.0000 0.0000 0.0000 0.0000 0.0000 0.0007 0.0001 0.0000 -0.0012 0.0001 0.0000 -0.0008 0.0003 0.0000 0.0001 0.0000 0.0000 0.0000 0.0000 0.0000 -0.0008 0.0000 0.0000 0.0002 -29.9997 -0.0001 -0.0003 29.9996 0.0000 0.0000 0.0000 4.4490 -10.3285 179.2791 0.0000 0.0001 0.0828 -10.2172 68.7005 -11.7071 0.0000 25.0322 0.0000 -7.6162 -14.5715 -176.4443 -0.0175 -6.4206 -0.0817 2.3937 68.7493 2.5978 0.0000 24.9903 -0.0001 
-2.1637 93.1596 -0.7352 0.1396 14.7592 0.9325 1.9181 5.3245 -2.3215 1.9234 5.3401 -2.3280 1.9236 5.3407 -2.3282 53.6096 72.1419 -45.5217 61.1094 54.2415 44.5873 35.5683 27.9039 95.5429 -2.3943 1.2544 -2.6956 0.0000 0.0000 0.0001 0.0000 0.0000 0.0000 0.0000 -0.0013 -0.0008 0.0000 -0.0004 0.0001 0.0000 0.0000 0.0000 0.0000 0.0000 0.0000 0.0000 0.0003 0.0000 0.0000 -0.0006 0.0003 0.0000 0.0004 -0.0006 0.0000 0.0000 0.0001 0.0000 0.0000 0.0000 0.0000 -0.0010 -0.0002 0.0000 0.0002 30.0001 -0.0001 0.0005 -29.9998 0.0000 0.0000 0.0000 -5.3409 -11.1346 6.1234 -5.3409 -11.1346 6.1234 20.5889 75.4531 124.0679 -38.2516 63.4756 -12.2218 -45.1901 34.5477 -100.3034 1.0546 -0.9331 3.0996 0.0000 -0.0001 0.0001 0.0000 0.0000 0.0000 0.0000 -0.0006 0.0003 0.0000 -0.0001 0.0001 0.0000 0.0000 0.0000 0.0000 0.0000 0.0000 0.0000 0.0007 0.0001 0.0000 -0.0011 0.0001 0.0000 -0.0008 0.0003 0.0000 0.0001 0.0000 0.0000 0.0000 0.0000 0.0000 -0.0009 0.0000 0.0000 0.0002 -29.9996 -0.0001 -0.0002 29.9996 0.0000 0.0000 0.0000 4.6904 -9.9452 179.4570 0.0002 -0.0163 0.0828 -10.6155 68.7788 -11.8239 0.0000 25.0322 0.0000 -7.1452 -14.2999 -176.3705 -0.0167 -6.4784 -0.0818 2.1064 68.9211 2.3280 0.0000 24.9924 -0.0001 
-2.1773 93.1542 -0.6806 -0.5190 14.4925 0.7112 1.4480 5.1974 -2.4022 1.4516 5.2116 -2.4085 1.4520 5.2132 -2.4092 53.4975 72.1354 -44.9027 61.2902 53.7712 43.8922 35.7494 28.0712 95.9369 -2.3761 1.2708 -2.5935 0.0000 0.0000 0.0001 0.0000 0.0000 0.0000 0.0000 -0.0013 -0.0008 0.0000 -0.0004 0.0001 0.0000 0.0000 0.0000 0.0000 0.0000 0.0000 0.0000 0.0002 0.0000 0.0000 -0.0006 0.0003 0.0000 0.0004 -0.0006 0.0000 0.0000 0.0001 0.0000 0.0000 0.0000 0.0000 -0.0010 -0.0002 0.0000 0.0002 30.0001 -0.0001 0.0005 -29.9998 0.0000 0.0000 0.0000 -4.6087 -10.9109 6.1244 -4.6087 -10.9109 6.1244 21.3871 76.1994 125.3557 -38.0806 63.6574 -13.1950 -45.0801 34.6430 -99.7835 1.0443 -0.9297 3.0851 0.0000 -0.0001 0.0001 0.0000 0.0000 0.0000 0.0000 -0.0006 0.0003 0.0000 -0.0001 0.0001 0.0000 0.0000 0.0000 0.0000 0.0000 0.0000 0.0000 0.0007 0.0001 0.0000 -0.0012 0.0001 0.0000 -0.0008 0.0003 0.0000 0.0001 0.0000 0.0000 0.0000 0.0000 0.0000 -0.0009 0.0000 0.0000 0.0002 -29.9996 -0.0001 -0.0003 29.9996 0.0000 0.0000 0.0000 4.9101 -9.5737 179.6398 0.0000 0.0001 0.0828 -10.9841 68.8377 -11.9248 0.0000 25.0322 0.0000 -6.6827 -14.0661 -176.3011 -0.0159 -6.5558 -0.0818 1.8371 69.1008 2.0452 0.0000 24.9947 -0.0001 
-2.1822 93.1474 -0.6600 -1.1284 14.2393 0.4951 0.9487 5.0850 -2.4927 0.9508 5.0981 -2.4990 0.9512 5.1004 -2.5001 53.3037 72.1438 -44.4345 61.5907 53.2601 43.1579 35.9214 28.1759 96.3654 -2.3507 1.2850 -2.4839 0.0000 0.0000 0.0001 0.0000 0.0000 0.0000 0.0000 -0.0013 -0.0008 0.0000 -0.0004 0.0001 0.0000 0.0000 0.0000 0.0000 0.0000 0.0000 0.0000 0.0002 0.0000 0.0000 -0.0006 0.0003 0.0000 0.0004 -0.0006 0.0000 0.0000 0.0001 0.0000 0.0000 0.0000 0.0000 -0.0010 -0.0002 0.0000 0.0002 30.0001 -0.0001 0.0005 -29.9998 0.0000 0.0000 0.0000 -3.8617 -10.6970 6.1784 -3.8617 -10.6970 6.1784 22.5710 76.8457 126.9740 -37.8618 63.7716 -14.1091 -44.9110 34.8330 -99.2440 1.0369 -0.9298 3.0724 0.0000 -0.0001 0.0001 0.0000 0.0000 0.0000 0.0000 -0.0006 0.0003 0.0000 -0.0001 0.0001 0.0000 0.0000 0.0000 0.0000 0.0000 0.0000 0.0000 0.0007 0.0001 0.0000 -0.0011 0.0001 0.0000 -0.0008 0.0003 0.0000 0.0001 0.0000 0.0000 0.0000 0.0000 0.0000 -0.0008 0.0000 0.0000 0.0002 -29.9996 -0.0001 -0.0003 29.9996 0.0000 0.0000 0.0000 5.1263 -9.2511 179.8139 0.0000 0.0001 0.0828 -11.2855 68.9006 -11.9885 0.0000 25.0321 0.0000 -6.2359 -13.8778 -176.2503 -0.0160 -6.6527 -0.0818 1.6262 69.2804 1.8044 0.0000 24.9970 -0.0001 
-2.1631 93.1417 -0.6633 -1.7239 14.0023 0.2773 0.4476 4.9870 -2.5944 0.4484 4.9993 -2.6007 0.4486 5.0021 -2.6022 52.9519 72.1613 -44.1737 61.8921 52.6988 42.3367 36.0960 28.2656 96.8230 -2.3249 1.3000 -2.3727 0.0000 0.0000 0.0001 0.0000 0.0000 0.0000 0.0000 -0.0013 -0.0008 0.0000 -0.0004 0.0001 0.0000 0.0000 0.0000 0.0000 0.0000 0.0000 0.0000 0.0002 0.0000 0.0000 -0.0006 0.0003 0.0000 0.0004 -0.0006 0.0000 0.0000 0.0001 0.0000 0.0000 0.0000 0.0000 -0.0010 -0.0002 0.0000 0.0002 30.0001 -0.0001 0.0005 -29.9998 0.0000 0.0000 0.0000 -3.1253 -10.5050 6.2827 -3.1253 -10.5050 6.2827 24.1176 77.4152 128.9048 -37.6953 63.8507 -15.0173 -44.8564 34.9968 -98.6694 1.0230 -0.9262 3.0463 0.0000 -0.0001 0.0001 0.0000 0.0000 0.0000 0.0000 -0.0006 0.0003 0.0000 -0.0001 0.0001 0.0000 0.0000 0.0000 0.0000 0.0000 0.0000 0.0000 0.0007 0.0001 0.0000 -0.0011 0.0001 0.0000 -0.0008 0.0003 0.0000 0.0001 0.0000 0.0000 0.0000 0.0000 0.0000 -0.0009 0.0000 0.0000 0.0002 -29.9996 -0.0001 -0.0003 29.9996 0.0000 0.0000 0.0000 5.3780 -8.9627 179.9654 0.0000 0.0001 0.0828 -11.4962 68.9596 -11.9895 0.0000 25.0320 0.0000 -5.7943 -13.7289 -176.2192 -0.0169 -6.7647 -0.0817 1.4796 69.4470 1.6467 0.0000 24.9991 -0.0001 
-2.1219 93.1384 -0.6896 -2.3251 13.7847 0.0544 -0.0442 4.9018 -2.7067 -0.0446 4.9137 -2.7132 -0.0447 4.9166 -2.7148 52.5547 72.1867 -44.0202 62.1797 52.1137 41.4905 36.2540 28.3203 97.2896 -2.3000 1.3164 -2.2631 0.0000 0.0000 0.0001 0.0000 0.0000 0.0000 0.0000 -0.0013 -0.0008 0.0000 -0.0004 0.0001 0.0000 0.0000 0.0000 0.0000 0.0000 0.0000 0.0000 0.0002 0.0000 0.0000 -0.0006 0.0003 0.0000 0.0004 -0.0006 0.0000 0.0000 0.0001 0.0000 0.0000 0.0000 0.0000 -0.0010 -0.0002 0.0000 0.0002 30.0001 -0.0001 0.0005 -29.9998 0.0000 0.0000 0.0000 -2.4077 -10.3450 6.4321 -2.4077 -10.3450 6.4321 26.0190 77.9238 131.1303 -37.5750 63.9057 -15.9216 -44.8125 35.1426 -98.1137 1.0072 -0.9225 3.0178 0.0000 -0.0001 0.0001 0.0000 0.0000 0.0000 0.0000 -0.0006 0.0003 0.0000 -0.0001 0.0001 0.0000 0.0000 0.0000 0.0000 0.0000 0.0000 0.0000 0.0007 0.0001 0.0000 -0.0012 0.0001 0.0000 -0.0008 0.0003 0.0000 0.0001 0.0000 0.0000 0.0000 0.0000 0.0000 -0.0009 0.0000 0.0000 0.0002 -29.9996 -0.0001 -0.0003 29.9996 0.0000 0.0000 0.0000 5.6762 -8.7106 -179.9045 0.0000 0.0000 0.0828 -11.6199 69.0120 -11.9230 0.0000 25.0319 0.0000 -5.3467 -13.6308 -176.2021 -0.0182 -6.9057 -0.0816 1.3961 69.6072 1.5704 0.0000 25.0011 -0.0001 
-2.0561 93.1382 -0.7532 -2.9579 13.5897 -0.1823 -0.4838 4.8427 -2.8257 -0.4852 4.8544 -2.8326 -0.4856 4.8573 -2.8343 52.1096 72.2420 -43.9740 62.3807 51.5679 40.6230 36.3926 28.2564 97.7133 -2.2773 1.3367 -2.1589 0.0000 0.0000 0.0001 0.0000 0.0000 0.0000 0.0000 -0.0013 -0.0008 0.0000 -0.0004 0.0001 0.0000 0.0000 0.0000 0.0000 0.0000 0.0000 0.0000 0.0002 0.0000 0.0000 -0.0006 0.0003 0.0000 0.0004 -0.0006 0.0000 0.0000 0.0001 0.0000 0.0000 0.0000 0.0000 -0.0010 -0.0002 0.0000 0.0002 30.0001 -0.0001 0.0005 -29.9998 0.0000 0.0000 0.0000 -1.7643 -10.2512 6.6368 -1.7643 -10.2512 6.6368 28.2611 78.3719 133.6730 -37.5456 63.9218 -16.8251 -44.7506 35.2329 -97.6436 0.9902 -0.9201 2.9913 0.0000 -0.0001 0.0001 0.0000 0.0000 0.0000 0.0000 -0.0006 0.0003 0.0000 -0.0001 0.0001 0.0000 0.0000 0.0000 0.0000 0.0000 0.0000 0.0000 0.0007 0.0001 0.0000 -0.0012 0.0001 0.0000 -0.0008 0.0003 0.0000 0.0001 0.0000 0.0000 0.0000 0.0000 0.0000 -0.0008 0.0000 0.0000 0.0002 -29.9997 -0.0001 -0.0003 29.9996 0.0000 0.0000 0.0000 6.0474 -8.5075 -179.7971 0.0000 0.0001 0.0828 -11.6392 69.0467 -11.7655 0.0000 25.0318 0.0000 -4.8809 -13.6353 -176.1991 -0.0202 -7.1489 -0.0815 1.4084 69.7664 1.6283 0.0000 25.0026 -0.0001 
-1.9848 93.1396 -0.8415 -3.6312 13.4055 -0.4276 -0.8664 4.8048 -2.9464 -0.8689 4.8167 -2.9538 -0.8694 4.8192 -2.9554 51.7377 72.3485 -43.9276 62.4222 51.0798 39.7182 36.5540 28.1139 98.1155 -2.2571 1.3581 -2.0624 0.0000 0.0000 0.0001 0.0000 0.0000 0.0000 0.0000 -0.0013 -0.0008 0.0000 -0.0004 0.0001 0.0000 0.0000 0.0000 0.0000 0.0000 0.0000 0.0000 0.0002 0.0000 0.0000 -0.0006 0.0003 0.0000 0.0004 -0.0006 0.0000 0.0000 0.0001 0.0000 0.0000 0.0000 0.0000 -0.0010 -0.0002 0.0000 0.0002 30.0001 -0.0001 0.0005 -29.9998 0.0000 0.0000 0.0000 -1.2130 -10.2176 6.8764 -1.2130 -10.2176 6.8764 30.6942 78.8165 136.3715 -37.5634 63.9440 -17.7257 -44.6752 35.2683 -97.2540 0.9742 -0.9183 2.9692 0.0000 -0.0001 0.0001 0.0000 0.0000 0.0000 0.0000 -0.0006 0.0003 0.0000 -0.0001 0.0001 0.0000 0.0000 0.0000 0.0000 0.0000 0.0000 0.0000 0.0007 0.0001 0.0000 -0.0011 0.0001 0.0000 -0.0008 0.0003 0.0000 0.0001 0.0000 0.0000 0.0000 0.0000 0.0000 -0.0009 0.0000 0.0000 0.0002 -29.9997 -0.0001 -0.0003 29.9996 0.0000 0.0000 0.0000 6.4790 -8.3328 -179.6986 0.0000 0.0000 0.0828 -11.6192 69.0645 -11.5702 0.0000 25.0316 0.0000 -4.3948 -13.7312 -176.2032 -0.0227 -7.5069 -0.0812 1.4837 69.9340 1.7850 0.0000 25.0037 -0.0001 
-1.9134 93.1418 -0.9429 -4.3420 13.2317 -0.6772 -1.1938 4.7783 -3.0661 -1.1972 4.7905 -3.0741 -1.1978 4.7926 -3.0755 51.4227 72.5144 -43.8354 62.2937 50.6487 38.7480 36.7128 27.9471 98.5077 -2.2409 1.3798 -1.9741 0.0000 0.0000 0.0001 0.0000 0.0000 0.0000 0.0000 -0.0013 -0.0008 0.0000 -0.0004 0.0001 0.0000 0.0000 0.0000 0.0000 0.0000 0.0000 0.0000 0.0003 0.0000 0.0000 -0.0006 0.0003 0.0000 0.0004 -0.0006 0.0000 0.0000 0.0001 0.0000 0.0000 0.0000 0.0000 -0.0010 -0.0002 0.0000 0.0002 30.0001 -0.0001 0.0005 -29.9998 0.0000 0.0000 0.0000 -0.7389 -10.2272 7.1362 -0.7389 -10.2272 7.1362 33.2310 79.2524 139.1227 -37.5201 63.9853 -18.5017 -44.6065 35.2597 -96.9522 0.9605 -0.9166 2.9526 0.0000 -0.0001 0.0001 0.0000 0.0000 0.0000 0.0000 -0.0006 0.0003 0.0000 -0.0001 0.0001 0.0000 0.0000 0.0000 0.0000 0.0000 0.0000 0.0000 0.0007 0.0001 0.0000 -0.0012 0.0001 0.0000 -0.0008 0.0003 0.0000 0.0001 0.0000 0.0000 0.0000 0.0000 0.0000 -0.0008 0.0000 0.0000 0.0002 -29.9996 -0.0001 -0.0003 29.9996 0.0000 0.0000 0.0000 6.9627 -8.1783 -179.6062 0.0000 0.0000 0.0828 -11.5829 69.0729 -11.3592 0.0000 25.0313 0.0000 -3.8922 -13.8965 -176.2134 -0.0256 -7.9514 -0.0809 1.6008 70.1097 2.0142 0.0000 25.0045 -0.0001 
-1.8485 93.1451 -1.0452 -5.1014 13.0737 -0.9373 -1.4465 4.7593 -3.1781 -1.4507 4.7718 -3.1867 -1.4513 4.7735 -3.1879 51.3969 72.7237 -43.5380 62.0379 50.3156 37.8360 36.8798 27.7659 98.8640 -2.2264 1.3982 -1.8972 0.0000 0.0000 0.0001 0.0000 0.0000 0.0000 0.0000 -0.0013 -0.0008 0.0000 -0.0004 0.0001 0.0000 0.0000 0.0000 0.0000 0.0000 0.0000 0.0000 0.0002 0.0000 0.0000 -0.0006 0.0003 0.0000 0.0004 -0.0006 0.0000 0.0000 0.0001 0.0000 0.0000 0.0000 0.0000 -0.0010 -0.0002 0.0000 0.0002 30.0001 -0.0001 0.0005 -29.9998 0.0000 0.0000 0.0000 -0.3646 -10.2788 7.4060 -0.3646 -10.2788 7.4060 35.6251 79.6724 141.7499 -37.4175 64.0347 -19.1358 -44.5961 35.2195 -96.7648 0.9503 -0.9163 2.9433 0.0000 -0.0001 0.0001 0.0000 0.0000 0.0000 0.0000 -0.0006 0.0003 0.0000 -0.0001 0.0001 0.0000 0.0000 0.0000 0.0000 0.0000 0.0000 0.0000 0.0007 0.0001 0.0000 -0.0012 0.0001 0.0000 -0.0008 0.0003 0.0000 0.0001 0.0000 0.0000 0.0000 0.0000 0.0000 -0.0009 0.0000 0.0000 0.0002 -29.9996 -0.0001 -0.0003 29.9996 0.0000 0.0000 0.0000 7.4972 -8.0726 -179.5103 0.0003 -0.0625 0.0828 -11.5723 69.1111 -11.1658 0.0000 25.0311 0.0000 -3.3778 -14.1162 -176.2249 -0.0297 -8.4747 -0.0805 1.7575 70.3026 2.3260 0.0000 25.0050 -0.0001 
-1.7926 93.1488 -1.1387 -5.8777 12.9164 -1.1986 -1.6393 4.7462 -3.2776 -1.6441 4.7591 -3.2868 -1.6447 4.7604 -3.2877 51.4816 72.9440 -43.2010 61.8737 50.0558 37.0900 37.0241 27.5689 99.1689 -2.2062 1.4080 -1.8276 0.0000 0.0000 0.0001 0.0000 0.0000 0.0000 0.0000 -0.0013 -0.0008 0.0000 -0.0004 0.0001 0.0000 0.0000 0.0000 0.0000 0.0000 0.0000 0.0000 0.0002 0.0000 0.0000 -0.0006 0.0003 0.0000 0.0004 -0.0006 0.0000 0.0000 0.0001 0.0000 0.0000 0.0000 0.0000 -0.0010 -0.0002 0.0000 0.0002 30.0001 -0.0001 0.0005 -29.9998 0.0000 0.0000 0.0000 -0.0719 -10.3397 7.6591 -0.0719 -10.3397 7.6591 37.7189 80.0320 144.0921 -37.2849 64.1082 -19.5768 -44.6370 35.1642 -96.6500 0.9396 -0.9179 2.9352 0.0000 -0.0001 0.0001 0.0000 0.0000 0.0000 0.0000 -0.0006 0.0002 0.0000 -0.0001 0.0001 0.0000 0.0000 0.0000 0.0000 0.0000 0.0000 0.0000 0.0007 0.0001 0.0000 -0.0012 0.0001 0.0000 -0.0008 0.0003 0.0000 0.0001 0.0000 0.0000 0.0000 0.0000 0.0000 -0.0009 0.0000 0.0000 0.0002 -29.9996 -0.0001 -0.0003 29.9996 0.0000 0.0000 0.0000 8.0320 -7.9019 -179.4061 0.0000 0.0000 0.0828 -11.5682 69.0918 -10.9579 0.0000 25.0308 0.0000 -2.8786 -14.2990 -176.2368 -0.0354 -8.9694 -0.0799 1.9242 70.4928 2.6816 0.0000 25.0054 -0.0001 
-1.7543 93.1528 -1.2245 -6.6507 12.7584 -1.4537 -1.7975 4.7336 -3.3678 -1.8029 4.7468 -3.3774 -1.8033 4.7478 -3.3782 51.6921 73.1741 -42.8278 61.7954 49.8556 36.4871 37.1521 27.3936 99.4386 -2.1810 1.4087 -1.7659 0.0000 0.0000 0.0001 0.0000 0.0000 0.0000 0.0000 -0.0013 -0.0008 0.0000 -0.0004 0.0001 0.0000 0.0000 0.0000 0.0000 0.0000 0.0000 0.0000 0.0002 0.0000 0.0000 -0.0006 0.0003 0.0000 0.0004 -0.0006 0.0000 0.0000 0.0001 0.0000 0.0000 0.0000 0.0000 -0.0010 -0.0002 0.0000 0.0002 30.0001 -0.0001 0.0005 -29.9998 0.0000 0.0000 0.0000 0.1721 -10.3889 7.8833 0.1721 -10.3889 7.8833 39.3481 80.3302 145.9402 -37.2298 64.2153 -19.9132 -44.7009 35.1187 -96.5368 0.9262 -0.9192 2.9210 0.0000 -0.0001 0.0001 0.0000 0.0000 0.0000 0.0000 -0.0006 0.0003 0.0000 -0.0001 0.0001 0.0000 0.0000 0.0000 0.0000 0.0000 0.0000 0.0000 0.0007 0.0001 0.0000 -0.0012 0.0001 0.0000 -0.0008 0.0003 0.0000 0.0001 0.0000 0.0000 0.0000 0.0000 0.0000 -0.0009 0.0000 0.0000 0.0002 -29.9997 -0.0001 -0.0003 29.9996 0.0000 0.0000 0.0000 8.5423 -7.7608 -179.2896 0.0000 0.0001 0.0828 -11.6401 69.1031 -10.8079 0.0000 25.0305 0.0000 -2.4099 -14.4248 -176.2442 -0.0421 -9.4088 -0.0793 2.0785 70.6761 3.0543 0.0000 25.0055 -0.0001 
-1.7531 93.1582 -1.3056 -7.3786 12.6011 -1.6876 -1.9194 4.7152 -3.4448 -1.9253 4.7286 -3.4549 -1.9256 4.7293 -3.4554 52.0793 73.4068 -42.3821 61.8948 49.6565 36.1421 37.1576 27.3314 99.6717 -2.1547 1.3999 -1.7184 0.0000 0.0000 0.0001 0.0000 0.0000 0.0000 0.0000 -0.0013 -0.0008 0.0000 -0.0004 0.0001 0.0000 0.0000 0.0000 0.0000 0.0000 0.0000 0.0000 0.0003 0.0000 0.0000 -0.0006 0.0003 0.0000 0.0004 -0.0006 0.0000 0.0000 0.0001 0.0000 0.0000 0.0000 0.0000 -0.0010 -0.0002 0.0000 0.0002 30.0001 -0.0001 0.0005 -29.9998 0.0000 0.0000 0.0000 0.3579 -10.4006 8.0514 0.3579 -10.4006 8.0514 39.9136 80.5335 146.6554 -37.4013 64.3841 -20.1632 -44.7424 35.0837 -96.4208 0.9090 -0.9209 2.9001 0.0000 -0.0001 0.0001 0.0000 0.0000 0.0000 0.0000 -0.0006 0.0003 0.0000 -0.0001 0.0001 0.0000 0.0000 0.0000 0.0000 0.0000 0.0000 0.0000 0.0007 0.0001 0.0000 -0.0012 0.0001 0.0000 -0.0008 0.0003 0.0000 0.0001 0.0000 0.0000 0.0000 0.0000 0.0000 -0.0009 0.0000 0.0000 0.0002 -29.9997 -0.0001 -0.0003 29.9996 0.0000 0.0000 0.0000 8.9724 -7.6225 -179.1504 0.0000 0.0001 0.0828 -11.8216 69.1051 -10.7392 0.0000 25.0303 0.0000 -2.0165 -14.4555 -176.2347 -0.0474 -9.7329 -0.0787 2.1797 70.8301 3.4082 0.0000 25.0056 -0.0001 
-1.7809 93.1652 -1.3817 -8.0270 12.4405 -1.8894 -2.0192 4.6899 -3.5095 -2.0255 4.7034 -3.5199 -2.0258 4.7039 -3.5203 52.6086 73.6301 -41.8878 62.0748 49.5484 35.9654 37.1300 27.3099 99.8436 -2.1255 1.3828 -1.6833 0.0000 0.0000 0.0001 0.0000 0.0000 0.0000 0.0000 -0.0013 -0.0008 0.0000 -0.0004 0.0001 0.0000 0.0000 0.0000 0.0000 0.0000 0.0000 0.0000 0.0002 0.0000 0.0000 -0.0006 0.0003 0.0000 0.0004 -0.0006 0.0000 0.0000 0.0001 0.0000 0.0000 0.0000 0.0000 -0.0010 -0.0002 0.0000 0.0002 30.0001 -0.0001 0.0005 -29.9998 0.0000 0.0000 0.0000 0.5013 -10.3709 8.1673 0.5014 -10.3709 8.1673 39.5262 80.6710 146.4241 -37.9108 64.5596 -20.4733 -44.7440 35.0243 -96.3269 0.8880 -0.9219 2.8729 0.0000 -0.0001 0.0001 0.0000 0.0000 0.0000 0.0000 -0.0006 0.0003 0.0000 -0.0001 0.0001 0.0000 0.0000 0.0000 0.0000 0.0000 0.0000 0.0000 0.0007 0.0001 0.0000 -0.0012 0.0001 0.0000 -0.0008 0.0003 0.0000 0.0001 0.0000 0.0000 0.0000 0.0000 0.0000 -0.0008 0.0000 0.0000 0.0002 -29.9996 -0.0001 -0.0002 29.9996 0.0000 0.0000 0.0000 9.3045 -7.5072 -178.9983 0.0001 -0.0487 0.0828 -12.0995 69.1188 -10.7580 0.0000 25.0301 0.0000 -1.7034 -14.4256 -176.2118 -0.0507 -9.9689 -0.0783 2.2340 70.9449 3.7222 0.0000 25.0054 -0.0001 
-1.8235 93.1728 -1.4439 -8.5759 12.2769 -2.0505 -2.1041 4.6623 -3.5638 -2.1107 4.6758 -3.5745 -2.1109 4.6762 -3.5748 53.2048 73.8392 -41.4337 62.3081 49.4844 35.9381 37.0547 27.3013 99.9650 -2.0944 1.3585 -1.6603 0.0000 0.0000 0.0001 0.0000 0.0000 0.0000 0.0000 -0.0013 -0.0008 0.0000 -0.0004 0.0001 0.0000 0.0000 0.0000 0.0000 0.0000 0.0000 0.0000 0.0002 0.0000 0.0000 -0.0006 0.0003 0.0000 0.0004 -0.0006 0.0000 0.0000 0.0001 0.0000 0.0000 0.0000 0.0000 -0.0010 -0.0002 0.0000 0.0002 30.0001 -0.0001 0.0005 -29.9998 0.0000 0.0000 0.0000 0.6072 -10.3110 8.2363 0.6072 -10.3110 8.2363 38.4345 80.7313 145.4069 -38.5643 64.7492 -20.6579 -44.7072 34.9268 -96.2720 0.8641 -0.9215 2.8408 0.0000 -0.0001 0.0001 0.0000 0.0000 0.0000 0.0000 -0.0006 0.0003 0.0000 -0.0001 0.0001 0.0000 0.0000 0.0000 0.0000 0.0000 0.0000 0.0000 0.0007 0.0001 0.0000 -0.0012 0.0001 0.0000 -0.0008 0.0003 0.0000 0.0001 0.0000 0.0000 0.0000 0.0000 0.0000 -0.0009 0.0000 0.0000 0.0002 -29.9996 -0.0001 -0.0003 29.9996 0.0000 0.0000 0.0000 9.5465 -7.3690 -178.8520 0.0001 -0.0686 0.0828 -12.4090 69.1128 -10.8217 0.0000 25.0300 0.0000 -1.4683 -14.3481 -176.1847 -0.0529 -10.1268 -0.0780 2.2566 71.0179 3.9919 0.0000 25.0051 -0.0001 
-1.8707 93.1789 -1.4718 -8.9488 12.1167 -2.1424 -2.1659 4.6330 -3.6018 -2.1728 4.6466 -3.6128 -2.1729 4.6468 -3.6130 53.8081 74.0484 -41.0469 62.4644 49.5372 36.0012 36.8952 27.2725 100.0084 -2.0733 1.3345 -1.6612 0.0000 0.0000 0.0001 0.0000 0.0000 0.0000 0.0000 -0.0013 -0.0008 0.0000 -0.0004 0.0001 0.0000 0.0000 0.0000 0.0000 0.0000 0.0000 0.0000 0.0002 0.0000 0.0000 -0.0006 0.0003 0.0000 0.0004 -0.0006 0.0000 0.0000 0.0001 0.0000 0.0000 0.0000 0.0000 -0.0010 -0.0002 0.0000 0.0002 30.0001 -0.0001 0.0005 -29.9998 0.0000 0.0000 0.0000 0.6512 -10.2199 8.2349 0.6512 -10.2199 8.2349 36.2551 80.6923 143.1934 -39.4145 64.9594 -20.7230 -44.6154 34.7982 -96.2306 0.8390 -0.9174 2.8033 0.0000 -0.0001 0.0001 0.0000 0.0000 0.0000 0.0000 -0.0006 0.0003 0.0000 -0.0001 0.0001 0.0000 0.0000 0.0000 0.0000 0.0000 0.0000 0.0000 0.0007 0.0001 0.0000 -0.0012 0.0001 0.0000 -0.0008 0.0003 0.0000 0.0001 0.0000 0.0000 0.0000 0.0000 0.0000 -0.0009 0.0000 0.0000 0.0002 -29.9996 -0.0001 -0.0003 29.9996 0.0000 0.0000 0.0000 9.6734 -7.1721 -178.7391 0.0000 0.0001 0.0828 -12.6840 69.0653 -10.9108 0.0000 25.0299 0.0000 -1.3496 -14.2035 -176.1577 -0.0534 -10.1570 -0.0780 2.2336 71.0206 4.1754 0.0000 25.0046 -0.0001 
-1.9134 93.1822 -1.4707 -9.1624 11.9595 -2.1746 -2.2031 4.6019 -3.6239 -2.2101 4.6154 -3.6349 -2.2102 4.6156 -3.6351 54.5267 74.2705 -40.5873 62.5074 49.7111 36.1446 36.6677 27.2250 99.9724 -2.0611 1.3116 -1.6822 0.0000 0.0000 0.0001 0.0000 0.0000 0.0000 0.0000 -0.0013 -0.0008 0.0000 -0.0004 0.0001 0.0000 0.0000 0.0000 0.0000 0.0000 0.0000 0.0000 0.0002 0.0000 0.0000 -0.0006 0.0003 0.0000 0.0004 -0.0006 0.0000 0.0000 0.0001 0.0000 0.0000 0.0000 0.0000 -0.0010 -0.0002 0.0000 0.0002 30.0001 -0.0001 0.0005 -29.9998 0.0000 0.0000 0.0000 0.6410 -10.1176 8.1811 0.6410 -10.1176 8.1811 33.3465 80.5799 140.1683 -40.2478 65.1872 -20.6314 -44.5108 34.6526 -96.2189 0.8186 -0.9105 2.7703 0.0000 -0.0001 0.0001 0.0000 0.0000 0.0000 0.0000 -0.0006 0.0003 0.0000 -0.0001 0.0001 0.0000 0.0000 0.0000 0.0000 0.0000 0.0000 0.0000 0.0007 0.0001 0.0000 -0.0011 0.0001 0.0000 -0.0008 0.0003 0.0000 0.0001 0.0000 0.0000 0.0000 0.0000 0.0000 -0.0008 0.0000 0.0000 0.0002 -29.9996 -0.0001 -0.0003 29.9996 0.0000 0.0000 0.0000 9.7184 -7.0229 -178.6644 0.0000 -0.0487 0.0828 -12.9376 69.0786 -11.0555 0.0000 25.0300 0.0000 -1.3319 -13.9996 -176.1258 -0.0515 -10.0785 -0.0782 2.1425 70.9697 4.2488 0.0000 25.0041 -0.0001 
-1.9532 93.1837 -1.4515 -9.2414 11.8079 -2.1581 -2.2170 4.5702 -3.6328 -2.2239 4.5835 -3.6438 -2.2241 4.5838 -3.6440 55.3380 74.4971 -40.0752 62.4570 49.9937 36.3543 36.3901 27.1662 99.8700 -2.0560 1.2893 -1.7207 0.0000 0.0000 0.0001 0.0000 0.0000 0.0000 0.0000 -0.0013 -0.0008 0.0000 -0.0004 0.0001 0.0000 0.0000 0.0000 0.0000 0.0000 0.0000 0.0000 0.0002 0.0000 0.0000 -0.0006 0.0003 0.0000 0.0004 -0.0006 0.0000 0.0000 0.0001 0.0000 0.0000 0.0000 0.0000 -0.0010 -0.0002 0.0000 0.0003 30.0001 -0.0001 0.0005 -29.9998 0.0000 0.0000 0.0000 0.5900 -10.0180 8.0919 0.5900 -10.0180 8.0919 29.9997 80.3786 136.6307 -40.9549 65.4362 -20.3227 -44.4007 34.4488 -96.2667 0.8044 -0.9014 2.7480 0.0000 -0.0001 0.0001 0.0000 0.0000 0.0000 0.0000 -0.0006 0.0003 0.0000 -0.0001 0.0001 0.0000 0.0000 0.0000 0.0000 0.0000 0.0000 0.0000 0.0007 0.0001 0.0000 -0.0012 0.0001 0.0000 -0.0008 0.0003 0.0000 0.0001 0.0000 0.0000 0.0000 0.0000 0.0000 -0.0009 0.0000 0.0000 0.0002 -29.9996 -0.0001 -0.0003 29.9996 0.0000 0.0000 0.0000 9.7006 -6.8229 -178.6222 0.0000 0.0001 0.0828 -13.1071 69.0439 -11.1814 0.0000 25.0300 0.0000 -1.3999 -13.7499 -176.0865 -0.0473 -9.9114 -0.0786 1.9785 70.8773 4.2134 0.0000 25.0036 -0.0001 
-1.9913 93.1853 -1.4174 -9.1495 11.6690 -2.0825 -2.1943 4.5417 -3.6269 -2.2012 4.5548 -3.6377 -2.2014 4.5552 -3.6381 56.2286 74.7189 -39.5582 62.3001 50.4120 36.6508 36.0558 27.0929 99.6911 -2.0608 1.2672 -1.7828 0.0000 0.0000 0.0001 0.0000 0.0000 0.0000 0.0000 -0.0013 -0.0008 0.0000 -0.0004 0.0001 0.0000 0.0000 0.0000 0.0000 0.0000 0.0000 0.0000 0.0002 0.0000 0.0000 -0.0006 0.0003 0.0000 0.0004 -0.0006 0.0000 0.0000 0.0001 0.0000 0.0000 0.0000 0.0000 -0.0010 -0.0002 0.0000 0.0003 30.0001 -0.0001 0.0005 -29.9998 0.0000 0.0000 0.0000 0.4913 -9.9403 7.9710 0.4913 -9.9403 7.9710 26.5694 80.0441 132.8777 -41.1332 65.6569 -19.5427 -44.4275 34.2962 -96.3395 0.8031 -0.8887 2.7380 0.0000 -0.0001 0.0001 0.0000 0.0000 0.0000 0.0000 -0.0006 0.0003 0.0000 -0.0001 0.0001 0.0000 0.0000 0.0000 0.0000 0.0000 0.0000 0.0000 0.0007 0.0001 0.0000 -0.0011 0.0001 0.0000 -0.0008 0.0003 0.0000 0.0001 0.0000 0.0000 0.0000 0.0000 0.0000 -0.0009 0.0000 0.0000 0.0002 -29.9997 -0.0001 -0.0003 29.9996 0.0000 0.0000 0.0000 9.5991 -6.6566 -178.6181 0.0000 0.0000 0.0828 -13.2211 69.0279 -11.3370 0.0000 25.0302 0.0000 -1.5763 -13.4431 -176.0402 -0.0409 -9.6291 -0.0793 1.7236 70.7356 4.0417 0.0000 25.0030 -0.0001 
-2.0293 93.1872 -1.3828 -8.9557 11.5423 -1.9718 -2.1313 4.5178 -3.6114 -2.1378 4.5307 -3.6220 -2.1382 4.5313 -3.6225 57.1325 74.9391 -39.0794 62.0910 50.9106 37.0062 35.6990 27.0205 99.4704 -2.0702 1.2436 -1.8598 0.0000 0.0000 0.0001 0.0000 0.0000 0.0000 0.0000 -0.0013 -0.0008 0.0000 -0.0004 0.0001 0.0000 0.0000 0.0000 0.0000 0.0000 0.0000 0.0000 0.0003 0.0000 0.0000 -0.0006 0.0003 0.0000 0.0004 -0.0006 0.0000 0.0000 0.0001 0.0000 0.0000 0.0000 0.0000 -0.0010 -0.0002 0.0000 0.0002 30.0001 -0.0001 0.0005 -29.9998 0.0000 0.0000 0.0000 0.3488 -9.8845 7.8429 0.3488 -9.8845 7.8429 23.5748 79.6142 129.4584 -41.2047 65.6988 -18.7716 -44.4704 34.2655 -96.4456 0.8153 -0.8728 2.7355 0.0000 -0.0001 0.0001 0.0000 0.0000 0.0000 0.0000 -0.0006 0.0003 0.0000 -0.0001 0.0001 0.0000 0.0000 0.0000 0.0000 0.0000 0.0000 0.0000 0.0007 0.0001 0.0000 -0.0012 0.0001 0.0000 -0.0008 0.0003 0.0000 0.0001 0.0000 0.0000 0.0000 0.0000 0.0000 -0.0008 0.0000 0.0000 0.0002 -29.9996 -0.0001 -0.0003 29.9996 0.0000 0.0000 0.0000 9.4307 -6.5141 -178.6349 0.0000 -0.0163 0.0828 -13.3127 69.0123 -11.5047 0.0000 25.0304 0.0000 -1.8149 -13.1118 -175.9980 -0.0348 -9.2800 -0.0799 1.4307 70.5624 3.8039 0.0000 25.0025 -0.0001 
-2.0675 93.1891 -1.3518 -8.6932 11.4247 -1.8389 -2.0260 4.4986 -3.5873 -2.0321 4.5111 -3.5976 -2.0325 4.5120 -3.5984 58.0562 75.1620 -38.6189 61.8539 51.4620 37.4190 35.3362 26.9640 99.2223 -2.0814 1.2172 -1.9472 0.0000 0.0000 0.0001 0.0000 0.0000 0.0000 0.0000 -0.0013 -0.0008 0.0000 -0.0004 0.0001 0.0000 0.0000 0.0000 0.0000 0.0000 0.0000 0.0000 0.0002 0.0000 0.0000 -0.0006 0.0003 0.0000 0.0004 -0.0006 0.0000 0.0000 0.0001 0.0000 0.0000 0.0000 0.0000 -0.0010 -0.0002 0.0000 0.0003 30.0001 -0.0001 0.0005 -29.9998 0.0000 0.0000 0.0000 0.1665 -9.8472 7.7123 0.1665 -9.8472 7.7123 21.1270 79.1081 126.5095 -41.1447 65.6409 -17.9083 -44.5816 34.2397 -96.5967 0.8329 -0.8534 2.7359 0.0000 -0.0001 0.0001 0.0000 0.0000 0.0000 0.0000 -0.0006 0.0003 0.0000 -0.0001 0.0001 0.0000 0.0000 0.0000 0.0000 0.0000 0.0000 0.0000 0.0007 0.0001 0.0000 -0.0012 0.0001 0.0000 -0.0008 0.0003 0.0000 0.0001 0.0000 0.0000 0.0000 0.0000 0.0000 -0.0008 0.0000 0.0000 0.0002 -29.9997 -0.0001 -0.0003 29.9995 0.0000 0.0000 0.0000 9.1987 -6.3773 -178.6623 0.0000 -0.0162 0.0828 -13.3973 68.9825 -11.6697 0.0000 25.0306 0.0000 -2.0940 -12.7684 -175.9616 -0.0288 -8.8828 -0.0805 1.1268 70.3616 3.5349 0.0000 25.0021 -0.0001 
-2.1023 93.1899 -1.3244 -8.3551 11.3217 -1.6905 -1.8556 4.4868 -3.5490 -1.8611 4.4989 -3.5589 -1.8616 4.5002 -3.5599 58.9455 75.3981 -38.2507 61.5763 52.0557 37.8916 34.9852 26.9453 98.9437 -2.0940 1.1864 -2.0467 0.0000 0.0000 0.0001 0.0000 0.0000 0.0000 0.0000 -0.0013 -0.0008 0.0000 -0.0004 0.0001 0.0000 0.0000 0.0000 0.0000 0.0000 0.0000 0.0000 0.0002 0.0000 0.0000 -0.0006 0.0003 0.0000 0.0004 -0.0006 0.0000 0.0000 0.0001 0.0000 0.0000 0.0000 0.0000 -0.0010 -0.0002 0.0000 0.0003 30.0001 -0.0001 0.0005 -29.9998 0.0000 0.0000 0.0000 -0.0698 -9.8319 7.5787 -0.0698 -9.8319 7.5786 19.4503 78.5161 124.2565 -40.9865 65.3787 -17.0138 -44.7715 34.2470 -96.8233 0.8588 -0.8297 2.7392 0.0000 -0.0001 0.0001 0.0000 0.0000 0.0000 0.0000 -0.0006 0.0003 0.0000 -0.0001 0.0001 0.0000 0.0000 0.0000 0.0000 0.0000 0.0000 0.0000 0.0007 0.0001 0.0000 -0.0012 0.0001 0.0000 -0.0008 0.0003 0.0000 0.0001 0.0000 0.0000 0.0000 0.0000 0.0000 -0.0009 0.0000 0.0000 0.0002 -29.9996 -0.0001 -0.0003 29.9996 0.0000 0.0000 0.0000 8.8774 -6.2536 -178.6948 0.0000 0.0001 0.0828 -13.4865 68.9428 -11.8207 0.0000 25.0308 0.0000 -2.4214 -12.4248 -175.9308 -0.0230 -8.4397 -0.0810 0.8387 70.1256 3.2650 0.0000 25.0016 -0.0001 
-2.1274 93.1902 -1.2904 -7.9695 11.2392 -1.5454 -1.6298 4.4782 -3.4968 -1.6345 4.4900 -3.5062 -1.6351 4.4916 -3.5075 59.7778 75.6740 -37.9851 61.2450 52.6491 38.3732 34.6918 26.9271 98.6378 -2.1018 1.1511 -2.1471 0.0000 0.0000 0.0001 0.0000 0.0000 0.0000 0.0000 -0.0013 -0.0008 0.0000 -0.0004 0.0001 0.0000 0.0000 0.0000 0.0000 0.0000 0.0000 0.0000 0.0003 0.0000 0.0000 -0.0006 0.0003 0.0000 0.0004 -0.0006 0.0000 0.0000 0.0001 0.0000 0.0000 0.0000 0.0000 -0.0010 -0.0002 0.0000 0.0002 30.0001 -0.0001 0.0005 -29.9998 0.0000 0.0000 0.0000 -0.3765 -9.8168 7.4448 -0.3765 -9.8168 7.4448 18.5336 77.8749 122.7117 -40.8060 64.9059 -16.1713 -45.0321 34.3654 -97.0723 0.8897 -0.8029 2.7370 0.0000 -0.0001 0.0001 0.0000 0.0000 0.0000 0.0000 -0.0006 0.0003 0.0000 -0.0001 0.0001 0.0000 0.0000 0.0000 0.0000 0.0000 0.0000 0.0000 0.0007 0.0001 0.0000 -0.0012 0.0001 0.0000 -0.0008 0.0003 0.0000 0.0001 0.0000 0.0000 0.0000 0.0000 0.0000 -0.0008 0.0000 0.0000 0.0002 -29.9997 -0.0001 -0.0003 29.9996 0.0000 0.0000 0.0000 8.5053 -6.1599 -178.7273 0.0000 0.0001 0.0828 -13.5710 68.9192 -11.9540 0.0000 25.0310 0.0000 -2.7815 -12.1015 -175.9001 -0.0180 -7.9920 -0.0815 0.5979 69.8777 3.0359 0.0000 25.0011 -0.0001 
-2.1405 93.1906 -1.2464 -7.5386 11.1774 -1.4061 -1.3543 4.4704 -3.4298 -1.3581 4.4818 -3.4387 -1.3588 4.4838 -3.4403 60.5680 75.9921 -37.7906 60.8869 53.2268 38.8736 34.5027 26.8929 98.2951 -2.0991 1.1107 -2.2396 0.0000 0.0000 0.0001 0.0000 0.0000 0.0000 0.0000 -0.0013 -0.0008 0.0000 -0.0004 0.0001 0.0000 0.0000 0.0000 0.0000 0.0000 0.0000 0.0000 0.0002 -0.0001 0.0000 -0.0006 0.0003 0.0000 0.0004 -0.0006 0.0000 0.0000 0.0001 0.0000 0.0000 0.0000 0.0000 -0.0010 -0.0002 0.0000 0.0003 30.0001 -0.0001 0.0005 -29.9998 0.0000 0.0000 0.0000 -0.7420 -9.7958 7.3015 -0.7420 -9.7958 7.3015 18.1345 77.2139 121.6554 -40.7203 64.2881 -15.4721 -45.2960 34.5545 -97.3282 0.9232 -0.7741 2.7303 0.0000 -0.0001 0.0001 0.0000 0.0000 0.0000 0.0000 -0.0006 0.0003 0.0000 -0.0001 0.0001 0.0000 0.0000 0.0000 0.0000 0.0000 0.0000 0.0000 0.0007 0.0001 0.0000 -0.0012 0.0001 0.0000 -0.0008 0.0003 0.0000 0.0001 0.0000 0.0000 0.0000 0.0000 0.0000 -0.0009 0.0000 0.0000 0.0002 -29.9997 -0.0001 -0.0003 29.9996 0.0000 0.0000 0.0000 8.1028 -6.1115 -178.7621 0.0001 -0.0485 0.0828 -13.6354 68.9300 -12.0692 0.0000 25.0313 0.0000 -3.1631 -11.7958 -175.8711 -0.0144 -7.5381 -0.0818 0.4237 69.6208 2.8578 0.0000 25.0005 -0.0001 
-2.1369 93.1905 -1.1862 -7.0305 11.1477 -1.2789 -1.0121 4.4621 -3.3407 -1.0149 4.4729 -3.3489 -1.0155 4.4755 -3.3509 61.3439 76.3741 -37.6430 60.4425 53.7515 39.3930 34.3610 26.9128 97.9109 -2.0930 1.0676 -2.3307 0.0000 0.0000 0.0001 0.0000 0.0000 0.0000 0.0000 -0.0013 -0.0008 0.0000 -0.0004 0.0001 0.0000 0.0000 0.0000 0.0000 0.0000 0.0000 0.0000 0.0002 0.0000 0.0000 -0.0006 0.0003 0.0000 0.0004 -0.0006 0.0000 0.0000 0.0001 0.0000 0.0000 0.0000 0.0000 -0.0010 -0.0002 0.0000 0.0002 30.0001 -0.0001 0.0005 -29.9998 0.0000 0.0000 0.0000 -1.1948 -9.7640 7.1366 -1.1948 -9.7640 7.1366 18.0653 76.5310 120.9242 -40.7660 63.6414 -14.9184 -45.4968 34.7034 -97.5975 0.9564 -0.7462 2.7270 0.0000 -0.0001 0.0001 0.0000 0.0000 0.0000 0.0000 -0.0006 0.0003 0.0000 -0.0001 0.0001 0.0000 0.0000 0.0000 0.0000 0.0000 0.0000 0.0000 0.0007 0.0001 0.0000 -0.0012 0.0001 0.0000 -0.0008 0.0003 0.0000 0.0001 0.0000 0.0000 0.0000 0.0000 0.0000 -0.0008 0.0000 0.0000 0.0002 -29.9996 -0.0001 -0.0003 29.9996 0.0000 0.0000 0.0000 7.6766 -6.0558 -178.7986 0.0001 -0.0163 0.0828 -13.5823 68.9189 -12.0897 0.0000 25.0314 0.0000 -3.5715 -11.5156 -175.8344 -0.0113 -7.0876 -0.0820 0.3525 69.3613 2.7505 0.0000 24.9997 -0.0001 
-2.1269 93.1895 -1.1206 -6.4442 11.1440 -1.1519 -0.6029 4.4531 -3.2352 -0.6046 4.4635 -3.2429 -0.6051 4.4665 -3.2451 62.0806 76.7999 -37.4954 59.9908 54.1649 39.9891 34.2026 26.9717 97.5005 -2.0870 1.0263 -2.4181 0.0000 0.0000 0.0001 0.0000 0.0000 0.0000 0.0000 -0.0013 -0.0008 0.0000 -0.0004 0.0001 0.0000 0.0000 0.0000 0.0000 0.0000 0.0000 0.0000 0.0002 0.0000 0.0000 -0.0006 0.0003 0.0000 0.0004 -0.0006 0.0000 0.0000 0.0001 0.0000 0.0000 0.0000 0.0000 -0.0010 -0.0002 0.0000 0.0002 30.0001 -0.0001 0.0005 -29.9998 0.0000 0.0000 0.0000 -1.7438 -9.7265 6.9478 -1.7438 -9.7265 6.9478 18.0055 75.8392 120.2742 -40.7580 63.0552 -14.3337 -45.6758 34.8477 -97.8170 0.9880 -0.7210 2.7264 0.0000 -0.0001 0.0001 0.0000 0.0000 0.0000 0.0000 -0.0006 0.0003 0.0000 -0.0001 0.0001 0.0000 0.0000 0.0000 0.0000 0.0000 0.0000 0.0000 0.0007 0.0001 0.0000 -0.0011 0.0001 0.0000 -0.0008 0.0003 0.0000 0.0001 0.0000 0.0000 0.0000 0.0000 0.0000 -0.0008 0.0000 0.0000 0.0002 -29.9996 -0.0001 -0.0003 29.9996 0.0000 0.0000 0.0000 7.2474 -6.0494 -178.8415 0.0001 -0.0163 0.0828 -13.4291 68.9310 -12.0581 0.0000 25.0315 0.0000 -4.0085 -11.2549 -175.7916 -0.0080 -6.6310 -0.0823 0.3481 69.0938 2.6785 0.0000 24.9988 -0.0001 
-2.1172 93.1862 -1.0626 -5.7803 11.1589 -1.0182 -0.1503 4.4441 -3.1205 -0.1510 4.4542 -3.1276 -0.1512 4.4575 -3.1299 62.7678 77.2594 -37.3844 59.6663 54.4260 40.7410 33.9484 27.0394 97.0761 -2.0803 0.9865 -2.5014 0.0000 0.0000 0.0001 0.0000 0.0000 0.0000 0.0000 -0.0013 -0.0008 0.0000 -0.0004 0.0001 0.0000 0.0000 0.0000 0.0000 0.0000 0.0000 0.0000 0.0002 0.0000 0.0000 -0.0006 0.0003 0.0000 0.0004 -0.0006 0.0000 0.0000 0.0001 0.0000 0.0000 0.0000 0.0000 -0.0010 -0.0002 0.0000 0.0002 30.0001 -0.0001 0.0005 -29.9998 0.0000 0.0000 0.0000 -2.3725 -9.6832 6.7461 -2.3725 -9.6832 6.7461 17.9182 75.1420 119.6323 -40.8634 62.4983 -13.8677 -45.7315 35.0219 -97.9742 1.0196 -0.6973 2.7274 0.0000 -0.0001 0.0001 0.0000 0.0000 0.0000 0.0000 -0.0006 0.0003 0.0000 -0.0001 0.0001 0.0000 0.0000 0.0000 0.0000 0.0000 0.0000 0.0000 0.0007 0.0001 0.0000 -0.0012 0.0001 0.0000 -0.0008 0.0003 0.0000 0.0001 0.0000 0.0000 0.0000 0.0000 0.0000 -0.0009 0.0000 0.0000 0.0002 -29.9997 -0.0001 -0.0003 29.9996 0.0000 0.0000 0.0000 6.8195 -6.0686 -178.8918 0.0000 0.0001 0.0828 -13.1579 68.9320 -11.9626 0.0000 25.0314 0.0000 -4.4702 -11.0332 -175.7505 -0.0047 -6.2012 -0.0825 0.4040 68.8277 2.6309 0.0000 24.9978 -0.0001 
-2.1134 93.1806 -1.0362 -4.9950 11.1910 -0.8554 0.3561 4.4414 -3.0047 0.3566 4.4514 -3.0114 0.3568 4.4549 -3.0137 63.2476 77.7201 -37.4393 59.4973 54.6005 41.6618 33.6572 27.0432 96.5898 -2.0675 0.9489 -2.5758 0.0000 0.0000 0.0001 0.0000 0.0000 0.0000 0.0000 -0.0013 -0.0008 0.0000 -0.0004 0.0001 0.0000 0.0000 0.0000 0.0000 0.0000 0.0000 0.0000 0.0002 0.0000 0.0000 -0.0006 0.0003 0.0000 0.0004 -0.0006 0.0000 0.0000 0.0001 0.0000 0.0000 0.0000 0.0000 -0.0010 -0.0002 0.0000 0.0003 30.0001 -0.0001 0.0005 -29.9998 0.0000 0.0000 0.0000 -3.0984 -9.6495 6.5416 -3.0984 -9.6495 6.5416 17.7939 74.4427 119.0301 -40.9627 62.0843 -13.3522 -45.6819 35.1383 -98.0482 1.0439 -0.6779 2.7294 0.0000 -0.0001 0.0001 0.0000 0.0000 0.0000 0.0000 -0.0006 0.0003 0.0000 -0.0001 0.0001 0.0000 0.0000 0.0000 0.0000 0.0000 0.0000 0.0000 0.0007 0.0001 0.0000 -0.0012 0.0001 0.0000 -0.0008 0.0003 0.0000 0.0001 0.0000 0.0000 0.0000 0.0000 0.0000 -0.0009 0.0000 0.0000 0.0002 -29.9996 -0.0001 -0.0003 29.9996 0.0000 0.0000 0.0000 6.3845 -6.1468 -178.9650 0.0000 0.0001 0.0828 -12.7145 68.9219 -11.7745 0.0000 25.0311 0.0000 -4.9516 -10.8883 -175.7424 -0.0018 -5.8405 -0.0826 0.5704 68.5733 2.6226 0.0000 24.9967 -0.0001 
-2.1103 93.1741 -1.0470 -4.1005 11.2314 -0.6512 0.8957 4.4488 -2.8987 0.8974 4.4589 -2.9051 0.8980 4.4623 -2.9073 63.5725 78.1247 -37.5970 59.4950 54.7207 42.7631 33.2145 27.0542 96.0633 -2.0611 0.9164 -2.6558 0.0000 0.0000 0.0001 0.0000 0.0000 0.0000 0.0000 -0.0013 -0.0008 0.0000 -0.0004 0.0001 0.0000 0.0000 0.0000 0.0000 0.0000 0.0000 0.0000 0.0003 0.0000 0.0000 -0.0006 0.0003 0.0000 0.0004 -0.0006 0.0000 0.0000 0.0001 0.0000 0.0000 0.0000 0.0000 -0.0010 -0.0002 0.0000 0.0002 30.0001 -0.0001 0.0005 -29.9998 0.0000 0.0000 0.0000 -3.8948 -9.6375 6.3516 -3.8948 -9.6375 6.3516 17.6979 73.7172 118.5389 -41.0588 61.7769 -12.7422 -45.5993 35.1815 -98.1117 1.0602 -0.6643 2.7319 0.0000 -0.0001 0.0001 0.0000 0.0000 0.0000 0.0000 -0.0006 0.0003 0.0000 -0.0001 0.0001 0.0000 0.0000 0.0000 0.0000 0.0000 0.0000 0.0000 0.0007 0.0001 0.0000 -0.0012 0.0001 0.0000 -0.0008 0.0003 0.0000 0.0001 0.0000 0.0000 0.0000 0.0000 0.0000 -0.0008 0.0000 0.0000 0.0002 -29.9997 -0.0001 -0.0003 29.9996 0.0000 0.0000 0.0000 5.9158 -6.2921 -179.0721 0.0003 -0.0485 0.0828 -12.1371 68.9127 -11.5010 0.0000 25.0307 0.0000 -5.4438 -10.8257 -175.7893 -0.0002 -5.5743 -0.0827 0.8537 68.3493 2.6664 0.0000 24.9957 -0.0001 
-2.1024 93.1671 -1.0838 -3.1065 11.2824 -0.3991 1.4582 4.4652 -2.8055 1.4614 4.4757 -2.8119 1.4623 4.4788 -2.8138 63.9101 78.4804 -37.6787 59.6480 54.8084 44.0420 32.7086 27.0121 95.4976 -2.0546 0.8889 -2.7324 0.0000 0.0000 0.0001 0.0000 0.0000 0.0000 0.0000 -0.0013 -0.0008 0.0000 -0.0004 0.0001 0.0000 0.0000 0.0000 0.0000 0.0000 0.0000 0.0000 0.0002 0.0000 0.0000 -0.0006 0.0003 0.0000 0.0004 -0.0006 0.0000 0.0000 0.0001 0.0000 0.0000 0.0000 0.0000 -0.0010 -0.0002 0.0000 0.0002 30.0001 -0.0001 0.0005 -29.9998 0.0000 0.0000 0.0000 -4.7590 -9.6491 6.1813 -4.7590 -9.6491 6.1813 17.6279 72.9800 118.1571 -41.2032 61.5260 -12.0689 -45.5224 35.1688 -98.2021 1.0684 -0.6554 2.7312 0.0000 -0.0001 0.0001 0.0000 0.0000 0.0000 0.0000 -0.0006 0.0003 0.0000 -0.0001 0.0001 0.0000 0.0000 0.0000 0.0000 0.0000 0.0000 0.0000 0.0007 0.0001 0.0000 -0.0012 0.0001 0.0000 -0.0008 0.0003 0.0000 0.0001 0.0000 0.0000 0.0000 0.0000 0.0000 -0.0009 0.0000 0.0000 0.0002 -29.9996 -0.0001 -0.0003 29.9996 0.0000 0.0000 0.0000 5.3989 -6.4495 -179.2220 0.0004 -0.0485 0.0828 -11.4259 68.8640 -11.1188 0.0000 25.0301 0.0000 -5.9485 -10.8270 -175.8952 0.0008 -5.3767 -0.0828 1.2279 68.1558 2.7441 0.0000 24.9948 -0.0001 
-2.0815 93.1586 -1.1484 -1.9901 11.3493 -0.0786 2.0265 4.4952 -2.7304 2.0312 4.5064 -2.7369 2.0323 4.5089 -2.7384 64.4545 78.7797 -37.4839 59.9327 54.9002 45.4976 32.1786 26.8978 94.8971 -2.0471 0.8671 -2.8039 0.0000 0.0000 0.0001 0.0000 0.0000 0.0000 0.0000 -0.0013 -0.0008 0.0000 -0.0004 0.0001 0.0000 0.0000 0.0000 0.0000 0.0000 0.0000 0.0000 0.0003 0.0000 0.0000 -0.0006 0.0003 0.0000 0.0004 -0.0006 0.0000 0.0000 0.0001 0.0000 0.0000 0.0000 0.0000 -0.0010 -0.0002 0.0000 0.0002 30.0001 -0.0001 0.0005 -29.9998 0.0000 0.0000 0.0000 -5.6700 -9.7015 6.0420 -5.6700 -9.7015 6.0420 17.4966 72.2925 117.9717 -41.6835 61.2125 -11.6880 -45.4538 35.1107 -98.3220 1.0681 -0.6483 2.7216 0.0000 -0.0001 0.0001 0.0000 0.0000 0.0000 0.0000 -0.0006 0.0003 0.0000 -0.0001 0.0001 0.0000 0.0000 0.0000 0.0000 0.0000 0.0000 0.0000 0.0007 0.0001 0.0000 -0.0012 0.0001 0.0000 -0.0008 0.0003 0.0000 0.0001 0.0000 0.0000 0.0000 0.0000 0.0000 -0.0009 0.0000 0.0000 0.0002 -29.9996 -0.0001 -0.0003 29.9996 0.0000 0.0000 0.0000 4.7917 -6.6513 -179.4364 0.0004 -0.0485 0.0828 -10.5805 68.7991 -10.6031 0.0000 25.0294 0.0000 -6.4523 -10.9274 -176.0854 0.0018 -5.2917 -0.0828 1.7193 68.0151 2.8535 0.0000 24.9942 -0.0001 
-2.0484 93.1477 -1.2278 -0.8075 11.4113 0.2788 2.5815 4.5405 -2.6631 2.5881 4.5528 -2.6700 2.5889 4.5544 -2.6708 65.1786 79.0488 -37.1894 60.2472 55.0640 47.0273 31.8030 26.6802 94.2705 -2.0323 0.8463 -2.8684 0.0000 0.0000 0.0001 0.0000 0.0000 0.0000 0.0000 -0.0013 -0.0008 0.0000 -0.0004 0.0001 0.0000 0.0000 0.0000 0.0000 0.0000 0.0000 0.0000 0.0002 0.0000 0.0000 -0.0006 0.0003 0.0000 0.0004 -0.0006 0.0000 0.0000 0.0001 0.0000 0.0000 0.0000 0.0000 -0.0010 -0.0002 0.0000 0.0003 30.0001 -0.0001 0.0005 -29.9998 0.0000 0.0000 0.0000 -6.5746 -9.7868 5.9273 -6.5745 -9.7868 5.9273 17.4330 71.6293 117.8834 -42.1614 60.8681 -11.2876 -45.4197 35.0359 -98.5114 1.0676 -0.6424 2.7124 0.0000 -0.0001 0.0001 0.0000 0.0000 0.0000 0.0000 -0.0006 0.0003 0.0000 -0.0001 0.0001 0.0000 0.0000 0.0000 0.0000 0.0000 0.0000 0.0000 0.0007 0.0001 0.0000 -0.0011 0.0001 0.0000 -0.0008 0.0003 0.0000 0.0001 0.0000 0.0000 0.0000 0.0000 0.0000 -0.0008 0.0000 0.0000 0.0002 -29.9997 -0.0001 -0.0003 29.9996 0.0000 0.0000 0.0000 4.0980 -6.8509 -179.6832 0.0001 -0.0163 0.0828 -9.6841 68.7106 -9.9976 0.0000 25.0286 0.0000 -6.9402 -11.0875 -176.3313 0.0029 -5.3049 -0.0828 2.2951 67.9287 2.9866 0.0000 24.9937 -0.0001 
-2.0059 93.1351 -1.3186 0.4093 11.4638 0.6588 3.1217 4.5984 -2.5977 3.1306 4.6122 -2.6050 3.1308 4.6126 -2.6051 66.0725 79.2890 -36.6938 60.5367 55.2785 48.5196 31.5236 26.4316 93.6993 -2.0191 0.8282 -2.9311 0.0000 0.0000 0.0001 0.0000 0.0000 0.0000 0.0000 -0.0013 -0.0008 0.0000 -0.0004 0.0001 0.0000 0.0000 0.0000 0.0000 0.0000 0.0000 0.0000 0.0002 -0.0001 0.0000 -0.0006 0.0003 0.0000 0.0004 -0.0006 0.0000 0.0000 0.0001 0.0000 0.0000 0.0000 0.0000 -0.0010 -0.0002 0.0000 0.0002 30.0001 -0.0002 0.0005 -29.9998 0.0000 0.0000 0.0000 -7.4584 -9.8969 5.8292 -7.4584 -9.8969 5.8292 17.3678 71.0003 117.8412 -42.6287 60.4800 -10.9002 -45.4361 34.9676 -98.7463 1.0685 -0.6362 2.7033 0.0000 -0.0001 0.0001 0.0000 0.0000 0.0000 0.0000 -0.0006 0.0003 0.0000 -0.0001 0.0001 0.0000 0.0000 0.0000 0.0000 0.0000 0.0000 0.0000 0.0007 0.0001 0.0000 -0.0011 0.0001 0.0000 -0.0008 0.0003 0.0000 0.0001 0.0000 0.0000 0.0000 0.0000 0.0000 -0.0009 0.0000 0.0000 0.0002 -29.9996 -0.0001 -0.0003 29.9996 0.0000 0.0000 0.0000 3.3361 -7.0649 -179.9487 0.0000 0.0000 0.0828 -8.7898 68.6245 -9.3496 0.0000 25.0277 0.0000 -7.4125 -11.2696 -176.6227 0.0031 -5.3721 -0.0829 2.9462 67.8804 3.1578 0.0000 24.9935 -0.0001 
-1.9642 93.1204 -1.4154 1.6279 11.5000 1.0503 3.6278 4.6723 -2.5318 3.6392 4.6878 -2.5396 3.6384 4.6867 -2.5390 67.3205 79.5113 -35.7895 60.7235 55.5653 49.8973 31.3434 26.1866 93.2032 -2.0093 0.8127 -2.9923 0.0000 0.0000 0.0001 0.0000 0.0000 0.0000 0.0000 -0.0013 -0.0008 0.0000 -0.0004 0.0001 0.0000 0.0000 0.0000 0.0000 0.0000 0.0000 0.0000 0.0002 -0.0001 0.0000 -0.0006 0.0003 0.0000 0.0004 -0.0006 0.0000 0.0000 0.0001 0.0000 0.0000 0.0000 0.0000 -0.0010 -0.0002 0.0000 0.0002 30.0001 -0.0001 0.0005 -29.9998 0.0000 0.0000 0.0000 -8.2774 -10.0376 5.7555 -8.2774 -10.0376 5.7555 17.3260 70.4516 117.8591 -42.9254 60.0056 -10.4912 -45.5607 34.9704 -99.0032 1.0757 -0.6272 2.6947 0.0000 -0.0001 0.0001 0.0000 0.0000 0.0000 0.0000 -0.0006 0.0003 0.0000 -0.0001 0.0001 0.0000 0.0000 0.0000 0.0000 0.0000 0.0000 0.0000 0.0007 0.0001 0.0000 -0.0012 0.0001 0.0000 -0.0008 0.0003 0.0000 0.0001 0.0000 0.0000 0.0000 0.0000 0.0000 -0.0009 0.0000 0.0000 0.0002 -29.9996 -0.0001 -0.0003 29.9996 0.0000 0.0000 0.0000 2.5071 -7.2899 179.7850 0.0001 -0.0163 0.0828 -7.9698 68.5533 -8.7065 0.0000 25.0269 0.0000 -7.8715 -11.4179 -176.9509 0.0016 -5.4385 -0.0828 3.6582 67.8614 3.3758 0.0000 24.9933 -0.0001 
-1.9382 93.1046 -1.5058 2.7948 11.5058 1.4235 4.0988 4.7545 -2.4572 4.1131 4.7718 -2.4653 4.1109 4.7692 -2.4641 68.6676 79.7251 -34.7913 60.8921 55.8975 51.2300 31.2343 25.9766 92.7211 -1.9978 0.7952 -3.0509 0.0000 0.0000 0.0001 0.0000 0.0000 0.0000 0.0000 -0.0013 -0.0008 0.0000 -0.0004 0.0001 0.0000 0.0000 0.0000 0.0000 0.0000 0.0000 0.0000 0.0002 0.0000 0.0000 -0.0006 0.0003 0.0000 0.0004 -0.0006 0.0000 0.0000 0.0001 0.0000 0.0000 0.0000 0.0000 -0.0010 -0.0002 0.0000 0.0002 30.0001 -0.0001 0.0005 -29.9998 0.0000 0.0000 0.0000 -9.0139 -10.1885 5.6916 -9.0140 -10.1885 5.6916 17.1618 69.9774 117.7612 -43.1422 59.4958 -10.1270 -45.6807 35.0052 -99.2205 1.0902 -0.6120 2.6879 0.0000 -0.0001 0.0001 0.0000 0.0000 0.0000 0.0000 -0.0006 0.0003 0.0000 -0.0001 0.0001 0.0000 0.0000 0.0000 0.0000 0.0000 0.0000 0.0000 0.0007 0.0001 0.0000 -0.0012 0.0001 0.0000 -0.0008 0.0003 0.0000 0.0001 0.0000 0.0000 0.0000 0.0000 0.0000 -0.0009 0.0000 0.0000 0.0002 -29.9996 -0.0001 -0.0003 29.9996 0.0000 0.0000 0.0000 1.6735 -7.4672 179.5483 0.0000 0.0000 0.0828 -7.2568 68.4718 -8.1210 0.0000 25.3510 0.0000 -8.3205 -11.4886 -177.2631 0.0000 -5.4733 -0.0827 4.3326 67.8650 3.5800 0.0000 24.9932 -0.0001 
-1.9309 93.0883 -1.5873 3.8983 11.4804 1.7578 4.5403 4.8419 -2.3694 4.5576 4.8611 -2.3778 4.5537 4.8568 -2.3759 69.6514 79.9316 -34.1619 61.0924 56.2378 52.4806 31.1772 25.7629 92.2746 -1.9848 0.7764 -3.1077 0.0000 0.0000 0.0001 0.0000 0.0000 0.0000 0.0000 -0.0013 -0.0008 0.0000 -0.0004 0.0001 0.0000 0.0000 0.0000 0.0000 0.0000 0.0000 0.0000 0.0002 0.0000 0.0000 -0.0006 0.0003 0.0000 0.0004 -0.0006 0.0000 0.0000 0.0001 0.0000 0.0000 0.0000 0.0000 -0.0010 -0.0002 0.0000 0.0002 30.0001 -0.0001 0.0005 -29.9998 0.0000 0.0000 0.0000 -9.6760 -10.3436 5.6363 -9.6761 -10.3436 5.6364 16.9308 69.5326 117.5057 -43.1609 59.0220 -9.6258 -45.7899 35.0644 -99.3949 1.1107 -0.5926 2.6842 0.0000 -0.0001 0.0001 0.0000 0.0000 0.0000 0.0000 -0.0006 0.0003 0.0000 -0.0001 0.0001 0.0000 0.0000 0.0000 0.0000 0.0000 0.0000 0.0000 0.0007 0.0001 0.0000 -0.0012 0.0001 0.0000 -0.0008 0.0003 0.0000 0.0001 0.0000 0.0000 0.0000 0.0000 0.0000 -0.0008 0.0000 0.0000 0.0002 -29.9996 -0.0001 -0.0003 29.9996 0.0000 0.0000 0.0000 0.8706 -7.6520 179.3576 0.0006 -0.0682 0.0828 -6.6519 68.4403 -7.6229 0.0000 25.3510 0.0000 -8.7627 -11.4937 -177.5245 -0.0009 -5.4993 -0.0827 4.9293 67.9007 3.7349 0.0000 24.9932 -0.0001 
-1.9422 93.0724 -1.6645 4.8915 11.4162 2.0280 4.9387 4.9306 -2.2698 4.9592 4.9519 -2.2785 4.9534 4.9458 -2.2760 69.9629 80.1207 -34.1629 61.3031 56.5911 53.5400 31.1277 25.5336 91.8843 -1.9730 0.7583 -3.1645 0.0000 0.0000 0.0001 0.0000 0.0000 0.0000 0.0000 -0.0013 -0.0008 0.0000 -0.0004 0.0001 0.0000 0.0000 0.0000 0.0000 0.0000 0.0000 0.0000 0.0002 -0.0001 0.0000 -0.0006 0.0003 0.0000 0.0004 -0.0006 0.0000 0.0000 0.0001 0.0000 0.0000 0.0000 0.0000 -0.0010 -0.0002 0.0000 0.0002 30.0001 -0.0001 0.0005 -29.9998 0.0000 0.0000 0.0000 -10.2344 -10.4964 5.6083 -10.2344 -10.4964 5.6083 16.6016 69.1525 117.1121 -42.9896 58.5978 -9.0713 -45.8898 35.1639 -99.5000 1.1373 -0.5699 2.6850 0.0000 -0.0001 0.0001 0.0000 0.0000 0.0000 0.0000 -0.0006 0.0003 0.0000 -0.0001 0.0001 0.0000 0.0000 0.0000 0.0000 0.0000 0.0000 0.0000 0.0007 0.0001 0.0000 -0.0012 0.0001 0.0000 -0.0008 0.0003 0.0000 0.0001 0.0000 0.0000 0.0000 0.0000 0.0000 -0.0008 0.0000 0.0000 0.0002 -29.9996 -0.0001 -0.0003 29.9996 0.0000 0.0000 0.0000 0.1682 -7.7448 179.2307 0.0004 -0.0487 0.0828 -6.1285 68.3743 -7.2195 0.0000 25.3510 0.0000 -9.1888 -11.4149 -177.6976 0.0000 -5.4795 -0.0827 5.3754 67.9425 3.7881 0.0000 24.9931 -0.0001 
-1.9526 93.0571 -1.7527 5.7965 11.3302 2.2556 5.2981 5.0070 -2.1712 5.3217 5.0301 -2.1800 5.3138 5.0224 -2.1770 69.8521 80.2738 -34.5123 61.5384 56.9703 54.4681 31.0358 25.3175 91.5070 -1.9625 0.7419 -3.2200 0.0000 0.0000 0.0001 0.0000 0.0000 0.0000 0.0000 -0.0013 -0.0008 0.0000 -0.0004 0.0001 0.0000 0.0000 0.0000 0.0000 0.0000 0.0000 0.0000 0.0002 0.0000 0.0000 -0.0006 0.0003 0.0000 0.0004 -0.0006 0.0000 0.0000 0.0001 0.0000 0.0000 0.0000 0.0000 -0.0010 -0.0002 0.0000 0.0002 30.0001 -0.0001 0.0005 -29.9998 0.0000 0.0000 0.0000 -10.7195 -10.6317 5.6076 -10.7195 -10.6317 5.6076 16.2054 68.8572 116.6889 -42.7790 58.2334 -8.6081 -45.9546 35.2831 -99.5500 1.1650 -0.5479 2.6889 0.0000 0.0000 0.0001 0.0000 0.0000 0.0000 0.0000 -0.0006 0.0003 0.0000 -0.0001 0.0001 0.0000 0.0000 0.0000 0.0000 0.0000 0.0000 0.0000 0.0007 0.0001 0.0000 -0.0012 0.0001 0.0000 -0.0008 0.0003 0.0000 0.0001 0.0000 0.0000 0.0000 0.0000 0.0000 -0.0008 0.0000 0.0000 0.0002 -29.9997 -0.0001 -0.0003 29.9996 0.0000 0.0000 0.0000 -0.4155 -7.8427 179.1286 0.0008 -0.0836 0.0828 -5.6244 68.3352 -6.8799 0.0000 25.3510 0.0000 -9.5798 -11.3180 -177.8251 0.0022 -5.4208 -0.0828 5.7412 67.9477 3.7879 0.0000 24.9932 -0.0001 
-1.9530 93.0420 -1.8539 6.6348 11.2282 2.4414 5.6203 5.0674 -2.0720 5.6470 5.0923 -2.0808 5.6370 5.0830 -2.0775 69.2786 80.4019 -35.3273 61.8345 57.3074 55.3234 30.9176 25.1127 91.1371 -1.9516 0.7262 -3.2719 0.0000 0.0000 0.0001 0.0000 0.0000 0.0000 0.0000 -0.0013 -0.0008 0.0000 -0.0004 0.0001 0.0000 0.0000 0.0000 0.0000 0.0000 0.0000 0.0000 0.0003 -0.0001 0.0000 -0.0006 0.0003 0.0000 0.0004 -0.0006 0.0000 0.0000 0.0001 0.0000 0.0000 0.0000 0.0000 -0.0010 -0.0002 0.0000 0.0002 30.0001 -0.0001 0.0005 -29.9998 0.0000 0.0000 0.0000 -11.1491 -10.7449 5.6260 -11.1491 -10.7449 5.6260 15.7679 68.6425 116.2537 -42.5980 57.9589 -8.2478 -45.9362 35.3804 -99.5582 1.1907 -0.5281 2.6953 0.0000 -0.0001 0.0001 0.0000 0.0000 0.0000 0.0000 -0.0006 0.0003 0.0000 -0.0001 0.0001 0.0000 0.0000 0.0000 0.0000 0.0000 0.0000 0.0000 0.0007 0.0001 0.0000 -0.0012 0.0001 0.0000 -0.0008 0.0003 0.0000 0.0001 0.0000 0.0000 0.0000 0.0000 0.0000 -0.0009 0.0000 0.0000 0.0002 -29.9996 -0.0001 -0.0003 29.9996 0.0000 0.0000 0.0000 -0.9019 -7.8976 179.0470 0.0006 -0.0625 0.0828 -5.1014 68.2648 -6.5637 0.0000 25.3510 0.0000 -9.9227 -11.2484 -177.9308 0.0044 -5.3842 -0.0829 6.1089 67.9346 3.7932 0.0000 25.2580 -0.0001 
-1.9286 93.0303 -1.9736 7.3975 11.1069 2.5645 5.8791 5.0999 -1.9738 5.9084 5.1262 -1.9824 5.8966 5.1156 -1.9790 67.9740 80.4842 -36.8586 62.2263 57.6031 55.9622 30.7996 24.8295 90.8879 -1.9395 0.7124 -3.3181 0.0000 0.0000 0.0001 0.0000 0.0000 0.0000 0.0000 -0.0013 -0.0008 0.0000 -0.0004 0.0001 0.0000 0.0000 0.0000 0.0000 0.0000 0.0000 0.0000 0.0002 0.0000 0.0000 -0.0006 0.0003 0.0000 0.0004 -0.0006 0.0000 0.0000 0.0001 0.0000 0.0000 0.0000 0.0000 -0.0010 -0.0002 0.0000 0.0002 30.0001 -0.0001 0.0005 -29.9998 0.0000 0.0000 0.0000 -11.5068 -10.8149 5.6679 -11.5068 -10.8149 5.6679 15.3026 68.5515 115.8391 -42.5169 57.8493 -8.0670 -45.7870 35.4364 -99.5147 1.2089 -0.5149 2.7036 0.0000 -0.0001 0.0001 0.0000 0.0000 0.0000 0.0000 -0.0006 0.0003 0.0000 -0.0001 0.0001 0.0000 0.0000 0.0000 0.0000 0.0000 0.0000 0.0000 0.0007 0.0001 0.0000 -0.0011 0.0001 0.0000 -0.0008 0.0003 0.0000 0.0001 0.0000 0.0000 0.0000 0.0000 0.0000 -0.0008 0.0000 0.0000 0.0002 -29.9997 -0.0001 -0.0003 29.9996 0.0000 0.0000 0.0000 -1.2704 -7.9137 178.9886 0.0000 0.0000 0.0828 -4.5172 68.1679 -6.2435 0.0000 25.3510 0.0000 -10.1644 -11.2761 -178.0284 0.0054 -5.5166 -0.0830 6.6019 67.9668 3.8871 0.0000 25.4435 -0.0001 
-1.8961 93.0203 -2.0924 8.1044 10.9647 2.6492 6.0815 5.1088 -1.8820 6.1128 5.1360 -1.8904 6.0996 5.1246 -1.8868 66.5234 80.5098 -38.4915 62.6916 57.8964 56.4562 30.6830 24.5116 90.7351 -1.9259 0.6995 -3.3571 0.0000 0.0000 0.0001 0.0000 0.0000 0.0000 0.0000 -0.0013 -0.0008 0.0000 -0.0004 0.0001 0.0000 0.0000 0.0000 0.0000 0.0000 0.0000 0.0000 0.0002 0.0000 0.0000 -0.0006 0.0003 0.0000 0.0004 -0.0006 0.0000 0.0000 0.0001 0.0000 0.0000 0.0000 0.0000 -0.0010 -0.0002 0.0000 0.0002 30.0001 -0.0001 0.0005 -29.9998 0.0000 0.0000 0.0000 -11.8126 -10.8443 5.7242 -11.8126 -10.8443 5.7242 14.8949 68.5739 115.5222 -42.4482 57.8776 -7.9675 -45.5796 35.4739 -99.4422 1.2182 -0.5096 2.7109 0.0000 -0.0001 0.0001 0.0000 0.0000 0.0000 0.0000 -0.0006 0.0002 0.0000 -0.0001 0.0001 0.0000 0.0000 0.0000 0.0000 0.0000 0.0000 0.0000 0.0007 0.0001 0.0000 -0.0011 0.0001 0.0000 -0.0008 0.0003 0.0000 0.0001 0.0000 0.0000 0.0000 0.0000 0.0000 -0.0008 0.0000 0.0000 0.0002 -29.9996 -0.0001 -0.0003 29.9996 0.0000 0.0000 0.0000 -1.5709 -7.9318 178.9491 0.0000 0.0000 0.0828 -3.9369 68.1055 -5.9542 0.0000 25.3510 0.0000 -10.3133 -11.3454 -178.1252 0.0062 -5.7910 -0.0830 7.2006 68.0669 4.0452 0.0000 25.5542 -0.0001 
-1.8691 93.0120 -2.2039 8.7641 10.8026 2.7101 6.2300 5.0986 -1.7993 6.2628 5.1262 -1.8074 6.2486 5.1143 -1.8039 65.2069 80.4795 -39.9517 63.2102 58.1844 56.8642 30.5720 24.2233 90.6245 -1.9101 0.6863 -3.3863 0.0000 0.0000 0.0001 0.0000 0.0000 0.0000 0.0000 -0.0013 -0.0008 0.0000 -0.0004 0.0001 0.0000 0.0000 0.0000 0.0000 0.0000 0.0000 0.0000 0.0003 0.0000 0.0000 -0.0006 0.0003 0.0000 0.0004 -0.0006 0.0000 0.0000 0.0001 0.0000 0.0000 0.0000 0.0000 -0.0010 -0.0002 0.0000 0.0002 30.0001 -0.0001 0.0005 -29.9998 0.0000 0.0000 0.0000 -12.0729 -10.8371 5.7851 -12.0729 -10.8371 5.7851 14.5229 68.6888 115.2699 -42.3705 58.0300 -7.9051 -45.3338 35.4833 -99.3491 1.2196 -0.5109 2.7172 0.0000 -0.0001 0.0001 0.0000 0.0000 0.0000 0.0000 -0.0006 0.0003 0.0000 -0.0001 0.0001 0.0000 0.0000 0.0000 0.0000 0.0000 0.0000 0.0000 0.0007 0.0001 0.0000 -0.0012 0.0001 0.0000 -0.0008 0.0003 0.0000 0.0001 0.0000 0.0000 0.0000 0.0000 0.0000 -0.0009 0.0000 0.0000 0.0002 -29.9997 -0.0001 -0.0003 29.9996 0.0000 0.0000 0.0000 -1.8427 -7.9510 178.9286 0.0007 -0.0625 0.0828 -3.4092 68.0781 -5.7138 0.0000 25.3510 0.0000 -10.3842 -11.4054 -178.2149 0.0082 -6.1168 -0.0831 7.8522 68.1970 4.2211 0.0000 25.6185 -0.0001 
-1.8608 93.0047 -2.2989 9.3474 10.6141 2.7427 6.3008 5.0644 -1.7292 6.3342 5.0919 -1.7370 6.3197 5.0800 -1.7336 64.1389 80.3926 -41.1078 63.7694 58.4365 57.1703 30.4691 23.9687 90.5625 -1.8926 0.6745 -3.4016 0.0000 0.0000 0.0001 0.0000 0.0000 0.0000 0.0000 -0.0013 -0.0008 0.0000 -0.0004 0.0001 0.0000 0.0000 0.0000 0.0000 0.0000 0.0000 0.0000 0.0002 0.0000 0.0000 -0.0006 0.0003 0.0000 0.0004 -0.0006 0.0000 0.0000 0.0001 0.0000 0.0000 0.0000 0.0000 -0.0010 -0.0002 0.0000 0.0002 30.0001 -0.0001 0.0005 -29.9998 0.0000 0.0000 0.0000 -12.2662 -10.7757 5.8355 -12.2662 -10.7757 5.8355 14.1705 68.9205 115.0616 -42.2578 58.3422 -7.8535 -45.0555 35.4443 -99.2387 1.2113 -0.5194 2.7219 0.0000 -0.0001 0.0001 0.0000 0.0000 0.0000 0.0000 -0.0006 0.0003 0.0000 -0.0001 0.0001 0.0000 0.0000 0.0000 0.0000 0.0000 0.0000 0.0000 0.0007 0.0001 0.0000 -0.0012 0.0001 0.0000 -0.0008 0.0003 0.0000 0.0001 0.0000 0.0000 0.0000 0.0000 0.0000 -0.0009 0.0000 0.0000 0.0002 -29.9997 -0.0001 -0.0003 29.9996 0.0000 0.0000 0.0000 -2.1215 -7.8628 178.9439 0.0000 0.0000 0.0828 -3.0053 67.9929 -5.5423 0.0000 25.3510 0.0000 -10.3553 -11.4054 -178.2825 0.0121 -6.4133 -0.0834 8.5134 68.3158 4.3685 0.0000 25.6682 -0.0001 
-1.8630 93.0009 -2.3810 9.8348 10.4054 2.7593 6.3226 5.0176 -1.6687 6.3559 5.0448 -1.6760 6.3416 5.0331 -1.6729 63.2213 80.2723 -42.0594 64.3487 58.6257 57.4328 30.3477 23.6766 90.5600 -1.8779 0.6686 -3.4116 0.0000 0.0000 0.0001 0.0000 0.0000 0.0000 0.0000 -0.0013 -0.0008 0.0000 -0.0004 0.0001 0.0000 0.0000 0.0000 0.0000 0.0000 0.0000 0.0000 0.0002 0.0000 0.0000 -0.0006 0.0003 0.0000 0.0004 -0.0006 0.0000 0.0000 0.0001 0.0000 0.0000 0.0000 0.0000 -0.0010 -0.0002 0.0000 0.0002 30.0001 -0.0001 0.0005 -29.9998 0.0000 0.0000 0.0000 -12.4030 -10.6845 5.8697 -12.4030 -10.6845 5.8697 13.7555 69.2215 114.8115 -42.0935 58.7510 -7.7869 -44.7722 35.3833 -99.1113 1.1989 -0.5309 2.7262 0.0000 -0.0001 0.0001 0.0000 0.0000 0.0000 0.0000 -0.0006 0.0003 0.0000 -0.0001 0.0001 0.0000 0.0000 0.0000 0.0000 0.0000 0.0000 0.0000 0.0007 0.0001 0.0000 -0.0012 0.0001 0.0000 -0.0008 0.0003 0.0000 0.0001 0.0000 0.0000 0.0000 0.0000 0.0000 -0.0008 0.0000 0.0000 0.0002 -29.9997 -0.0001 -0.0003 29.9996 0.0000 0.0000 0.0000 -2.4084 -7.7922 178.9757 0.0005 -0.0487 0.0828 -2.7357 67.9672 -5.4212 0.0000 25.3510 0.0000 -10.2647 -11.3586 -178.3421 0.0149 -6.6592 -0.0836 9.1406 68.3990 4.4971 0.0000 25.7073 -0.0001 
-1.8683 92.9994 -2.4448 10.2073 10.1831 2.7695 6.3134 4.9626 -1.6192 6.3462 4.9891 -1.6262 6.3323 4.9779 -1.6232 62.5177 80.1345 -42.7298 64.8634 58.7628 57.6536 30.2184 23.3891 90.5958 -1.8693 0.6691 -3.4199 0.0000 0.0000 0.0001 0.0000 0.0000 0.0000 0.0000 -0.0013 -0.0008 0.0000 -0.0004 0.0001 0.0000 0.0000 0.0000 0.0000 0.0000 0.0000 0.0000 0.0002 0.0000 0.0000 -0.0006 0.0003 0.0000 0.0004 -0.0006 0.0000 0.0000 0.0001 0.0000 0.0000 0.0000 0.0000 -0.0010 -0.0002 0.0000 0.0002 30.0001 -0.0001 0.0005 -29.9998 0.0000 0.0000 0.0000 -12.4916 -10.5714 5.8849 -12.4916 -10.5714 5.8849 13.2494 69.5650 114.4913 -41.8568 59.2278 -7.6749 -44.5006 35.3112 -98.9653 1.1844 -0.5437 2.7304 0.0000 -0.0001 0.0001 0.0000 0.0000 0.0000 0.0000 -0.0006 0.0003 0.0000 -0.0001 0.0001 0.0000 0.0000 0.0000 0.0000 0.0000 0.0000 0.0000 0.0007 0.0001 0.0000 -0.0012 0.0001 0.0000 -0.0008 0.0003 0.0000 0.0001 0.0000 0.0000 0.0000 0.0000 0.0000 -0.0009 0.0000 0.0000 0.0002 -29.9997 -0.0001 -0.0003 29.9996 0.0000 0.0000 0.0000 -2.6780 -7.6427 179.0064 0.0002 -0.0163 0.0828 -2.5556 67.9149 -5.3111 0.0000 25.3510 0.0000 -10.1267 -11.2805 -178.4038 0.0161 -6.8797 -0.0837 9.7061 68.4672 4.6129 0.0000 25.7354 -0.0001 
-1.8798 92.9986 -2.4713 10.3743 9.9491 2.7852 6.2707 4.8985 -1.5891 6.3027 4.9241 -1.5959 6.2895 4.9135 -1.5931 61.8792 79.9908 -43.2388 65.1679 58.8351 57.7319 30.1316 23.1420 90.6809 -1.8719 0.6785 -3.4285 0.0000 0.0000 0.0001 0.0000 0.0000 0.0000 0.0000 -0.0013 -0.0008 0.0000 -0.0004 0.0001 0.0000 0.0000 0.0000 0.0000 0.0000 0.0000 0.0000 0.0002 0.0000 0.0000 -0.0006 0.0003 0.0000 0.0004 -0.0006 0.0000 0.0000 0.0001 0.0000 0.0000 0.0000 0.0000 -0.0010 -0.0002 0.0000 0.0002 30.0001 -0.0001 0.0005 -29.9998 0.0000 0.0000 0.0000 -12.5028 -10.4302 5.8605 -12.5028 -10.4302 5.8605 12.5886 69.9462 114.0191 -41.5125 59.7729 -7.4735 -44.2484 35.2192 -98.7921 1.1693 -0.5553 2.7341 0.0000 -0.0001 0.0001 0.0000 0.0000 0.0000 0.0000 -0.0006 0.0003 0.0000 -0.0001 0.0001 0.0000 0.0000 0.0000 0.0000 0.0000 0.0000 0.0000 0.0007 0.0001 0.0000 -0.0011 0.0001 0.0000 -0.0008 0.0003 0.0000 0.0001 0.0000 0.0000 0.0000 0.0000 0.0000 -0.0009 0.0000 0.0000 0.0002 -29.9996 -0.0001 -0.0003 29.9996 0.0000 0.0000 0.0000 -2.8734 -7.4499 179.0153 0.0002 -0.0163 0.0828 -2.5058 67.9096 -5.2228 0.0000 25.3510 0.0000 -9.9299 -11.1747 -178.4788 0.0167 -7.0911 -0.0837 10.1176 68.5400 4.6954 0.0000 25.7550 -0.0001 
-1.8885 92.9970 -2.4684 10.3466 9.7131 2.8096 6.2151 4.8343 -1.5764 6.2461 4.8591 -1.5830 6.2337 4.8492 -1.5803 61.2003 79.8559 -43.6822 65.2373 58.8868 57.6684 30.0972 22.8838 90.8288 -1.8869 0.6976 -3.4438 0.0000 0.0000 0.0001 0.0000 0.0000 0.0000 0.0000 -0.0013 -0.0008 0.0000 -0.0004 0.0001 0.0000 0.0000 0.0000 0.0000 0.0000 0.0000 0.0000 0.0002 0.0000 0.0000 -0.0006 0.0003 0.0000 0.0004 -0.0006 0.0000 0.0000 0.0001 0.0000 0.0000 0.0000 0.0000 -0.0010 -0.0002 0.0000 0.0002 30.0001 -0.0001 0.0005 -29.9998 0.0000 0.0000 0.0000 -12.4541 -10.2754 5.7965 -12.4541 -10.2754 5.7965 11.7563 70.3217 113.3731 -41.1347 60.3441 -7.2497 -43.9847 35.1128 -98.5861 1.1567 -0.5636 2.7394 0.0000 -0.0001 0.0001 0.0000 0.0000 0.0000 0.0000 -0.0006 0.0003 0.0000 -0.0001 0.0001 0.0000 0.0000 0.0000 0.0000 0.0000 0.0000 0.0000 0.0007 0.0001 0.0000 -0.0012 0.0001 0.0000 -0.0008 0.0003 0.0000 0.0001 0.0000 0.0000 0.0000 0.0000 0.0000 -0.0008 0.0000 0.0000 0.0002 -29.9997 -0.0001 -0.0003 29.9995 0.0000 0.0000 0.0000 -2.9535 -7.2281 178.9890 0.0005 -0.0487 0.0828 -2.5181 67.9483 -5.1309 0.0000 25.3510 0.0000 -9.6987 -11.0616 -178.5705 0.0179 -7.3088 -0.0839 10.3613 68.6262 4.7511 0.0000 25.7666 -0.0001 
-1.8830 92.9945 -2.4500 10.1428 9.4779 2.8378 6.1572 4.7718 -1.5773 6.1873 4.7958 -1.5838 6.1756 4.7865 -1.5813 60.4366 79.7215 -44.0981 65.1672 58.9152 57.5120 30.0868 22.5978 91.0282 -1.9107 0.7250 -3.4623 0.0000 0.0000 0.0001 0.0000 0.0000 0.0000 0.0000 -0.0013 -0.0008 0.0000 -0.0004 0.0001 0.0000 0.0000 0.0000 0.0000 0.0000 0.0000 0.0000 0.0002 -0.0001 0.0000 -0.0006 0.0003 0.0000 0.0004 -0.0006 0.0000 0.0000 0.0001 0.0000 0.0000 0.0000 0.0000 -0.0010 -0.0002 0.0000 0.0002 30.0001 -0.0001 0.0005 -29.9998 0.0000 0.0000 0.0000 -12.3584 -10.1162 5.7024 -12.3584 -10.1162 5.7024 10.7404 70.6812 112.5609 -40.7464 60.9279 -7.0386 -43.7122 35.0188 -98.3221 1.1462 -0.5690 2.7446 0.0000 -0.0001 0.0001 0.0000 0.0000 0.0000 0.0000 -0.0006 0.0003 0.0000 -0.0001 0.0001 0.0000 0.0000 0.0000 0.0000 0.0000 0.0000 0.0000 0.0007 0.0001 0.0000 -0.0012 0.0001 0.0000 -0.0008 0.0003 0.0000 0.0001 0.0000 0.0000 0.0000 0.0000 0.0000 -0.0009 0.0000 0.0000 0.0002 -29.9996 -0.0001 -0.0002 29.9996 0.0000 0.0000 0.0000 -2.9239 -6.9575 178.9266 0.0005 -0.0487 0.0828 -2.5523 67.9916 -5.0066 0.0000 25.3510 0.0000 -9.4472 -10.9492 -178.6789 0.0192 -7.5297 -0.0840 10.4550 68.7173 4.7975 0.0000 25.7704 -0.0001 
-1.8490 92.9920 -2.4364 9.6960 9.2477 2.8601 6.0869 4.7015 -1.5948 6.1160 4.7246 -1.6013 6.1051 4.7160 -1.5989 59.5033 79.5731 -44.5644 64.9945 58.8671 57.2492 30.1003 22.3813 91.2221 -1.9286 0.7493 -3.4643 0.0000 0.0000 0.0001 0.0000 0.0000 0.0000 0.0000 -0.0013 -0.0008 0.0000 -0.0004 0.0001 0.0000 0.0000 0.0000 0.0000 0.0000 0.0000 0.0000 0.0002 0.0000 0.0000 -0.0006 0.0003 0.0000 0.0004 -0.0006 0.0000 0.0000 0.0001 0.0000 0.0000 0.0000 0.0000 -0.0010 -0.0002 0.0000 0.0002 30.0001 -0.0001 0.0005 -29.9998 0.0000 0.0000 0.0000 -12.1773 -9.9366 5.5730 -12.1773 -9.9366 5.5730 9.5298 71.0509 111.5629 -40.3404 61.5216 -6.9000 -43.4260 34.9474 -97.9643 1.1391 -0.5695 2.7496 0.0000 -0.0001 0.0001 0.0000 0.0000 0.0000 0.0000 -0.0006 0.0003 0.0000 -0.0001 0.0001 0.0000 0.0000 0.0000 0.0000 0.0000 0.0000 0.0000 0.0007 0.0001 0.0000 -0.0011 0.0001 0.0000 -0.0008 0.0003 0.0000 0.0001 0.0000 0.0000 0.0000 0.0000 0.0000 -0.0009 0.0000 0.0000 0.0002 -29.9996 -0.0001 -0.0003 29.9996 0.0000 0.0000 0.0000 -2.7302 -6.6622 178.8186 0.0005 -0.0487 0.0828 -2.5987 68.0468 -4.8348 0.0000 25.3510 0.0000 -9.1749 -10.8494 -178.8094 0.0198 -7.7478 -0.0841 10.3498 68.7976 4.8479 0.0000 25.7545 -0.0001 
-1.8004 92.9893 -2.4276 9.0876 9.0206 2.8632 5.9951 4.6217 -1.6192 6.0229 4.6437 -1.6256 6.0130 4.6359 -1.6233 58.1056 79.3817 -45.4245 64.7935 58.7293 56.8529 30.1248 22.2767 91.3651 -1.9484 0.7763 -3.4542 0.0000 0.0000 0.0001 0.0000 0.0000 0.0000 0.0000 -0.0013 -0.0008 0.0000 -0.0004 0.0001 0.0000 0.0000 0.0000 0.0000 0.0000 0.0000 0.0000 0.0002 0.0000 0.0000 -0.0006 0.0003 0.0000 0.0004 -0.0006 0.0000 0.0000 0.0001 0.0000 0.0000 0.0000 0.0000 -0.0010 -0.0002 0.0000 0.0003 30.0001 -0.0001 0.0005 -29.9998 0.0000 0.0000 0.0000 -11.9178 -9.7326 5.4281 -11.9178 -9.7326 5.4281 8.3407 71.4797 110.5788 -39.9027 62.1010 -6.8442 -43.0947 34.8458 -97.5665 1.1343 -0.5661 2.7564 0.0000 -0.0001 0.0001 0.0000 0.0000 0.0000 0.0000 -0.0006 0.0003 0.0000 -0.0001 0.0001 0.0000 0.0000 0.0000 0.0000 0.0000 0.0000 0.0000 0.0007 0.0001 0.0000 -0.0011 0.0001 0.0000 -0.0008 0.0003 0.0000 0.0001 0.0000 0.0000 0.0000 0.0000 0.0000 -0.0008 0.0000 0.0000 0.0002 -29.9996 -0.0001 -0.0002 29.9996 0.0000 0.0000 0.0000 -2.4236 -6.3513 178.7006 0.0004 -0.0487 0.0828 -2.6854 68.1041 -4.6755 0.0000 25.3510 0.0000 -8.8828 -10.7358 -178.9494 0.0194 -7.9437 -0.0841 10.1356 68.8728 4.9177 0.0000 25.7079 -0.0001 
-1.7525 92.9872 -2.4222 8.3652 8.7931 2.8420 5.8797 4.5350 -1.6452 5.9060 4.5559 -1.6515 5.8973 4.5490 -1.6494 56.2860 79.1311 -46.6552 64.5951 58.4784 56.3662 30.1201 22.2738 91.4546 -1.9744 0.8097 -3.4372 0.0000 0.0000 0.0001 0.0000 0.0000 0.0000 0.0000 -0.0013 -0.0008 0.0000 -0.0004 0.0001 0.0000 0.0000 0.0000 0.0000 0.0000 0.0000 0.0000 0.0003 0.0000 0.0000 -0.0006 0.0003 0.0000 0.0004 -0.0006 0.0000 0.0000 0.0001 0.0000 0.0000 0.0000 0.0000 -0.0010 -0.0002 0.0000 0.0002 30.0001 -0.0001 0.0005 -29.9998 0.0000 0.0000 0.0000 -11.5907 -9.5072 5.2801 -11.5907 -9.5072 5.2801 7.1961 71.9683 109.6461 -39.5033 62.6739 -6.9109 -42.7297 34.7124 -97.1449 1.1288 -0.5611 2.7625 0.0000 -0.0001 0.0001 0.0000 0.0000 0.0000 0.0000 -0.0006 0.0003 0.0000 -0.0001 0.0001 0.0000 0.0000 0.0000 0.0000 0.0000 0.0000 0.0000 0.0007 0.0001 0.0000 -0.0012 0.0001 0.0000 -0.0008 0.0003 0.0000 0.0001 0.0000 0.0000 0.0000 0.0000 0.0000 -0.0009 0.0000 0.0000 0.0002 -29.9997 -0.0001 -0.0003 29.9996 0.0000 0.0000 0.0000 -2.0386 -6.0032 178.5964 0.0000 0.0000 0.0828 -2.8322 68.1365 -4.5615 0.0000 25.3510 0.0000 -8.5740 -10.6018 -179.0820 0.0188 -8.1136 -0.0840 9.8370 68.9434 4.9876 0.0000 25.6197 -0.0001 
-1.7119 92.9851 -2.3977 7.5226 8.5564 2.7723 5.7121 4.4386 -1.6681 5.7365 4.4581 -1.6743 5.7292 4.4523 -1.6724 54.1026 78.7855 -48.2292 64.5686 58.1156 55.7954 30.0773 22.2860 91.5126 -2.0015 0.8507 -3.4050 0.0000 0.0000 0.0001 0.0000 0.0000 0.0000 0.0000 -0.0013 -0.0008 0.0000 -0.0004 0.0001 0.0000 0.0000 0.0000 0.0000 0.0000 0.0000 0.0000 0.0002 0.0000 0.0000 -0.0006 0.0003 0.0000 0.0004 -0.0006 0.0000 0.0000 0.0001 0.0000 0.0000 0.0000 0.0000 -0.0010 -0.0002 0.0000 0.0002 30.0001 -0.0001 0.0005 -29.9998 0.0000 0.0000 0.0000 -11.1486 -9.2551 5.1441 -11.1486 -9.2551 5.1441 6.1773 72.5376 108.8524 -39.1488 63.2357 -7.1665 -42.3691 34.5707 -96.6702 1.1203 -0.5554 2.7648 0.0000 -0.0001 0.0001 0.0000 0.0000 0.0000 0.0000 -0.0006 0.0003 0.0000 -0.0001 0.0001 0.0000 0.0000 0.0000 0.0000 0.0000 0.0000 0.0000 0.0007 0.0001 0.0000 -0.0012 0.0001 0.0000 -0.0008 0.0003 0.0000 0.0001 0.0000 0.0000 0.0000 0.0000 0.0000 -0.0009 0.0000 0.0000 0.0002 -29.9997 -0.0001 -0.0003 29.9996 0.0000 0.0000 0.0000 -1.5718 -5.6424 178.5377 0.0000 0.0000 0.0828 -3.0866 68.2082 -4.5416 0.0000 25.3510 0.0000 -8.2303 -10.4173 -179.1844 0.0173 -8.2473 -0.0839 9.4794 69.0217 5.0637 0.0000 25.4553 -0.0001 
-1.6776 92.9842 -2.3537 6.6353 8.3013 2.6633 5.5009 4.3388 -1.6832 5.5230 4.3567 -1.6892 5.5173 4.3521 -1.6877 51.7743 78.3513 -49.9259 64.6108 57.6290 55.1669 29.9899 22.4047 91.5228 -2.0332 0.8976 -3.3626 0.0000 0.0000 0.0001 0.0000 0.0000 0.0000 0.0000 -0.0013 -0.0008 0.0000 -0.0004 0.0001 0.0000 0.0000 0.0000 0.0000 0.0000 0.0000 0.0000 0.0002 -0.0001 0.0000 -0.0006 0.0003 0.0000 0.0004 -0.0006 0.0000 0.0000 0.0001 0.0000 0.0000 0.0000 0.0000 -0.0010 -0.0002 0.0000 0.0002 30.0001 -0.0001 0.0005 -29.9998 0.0000 0.0000 0.0000 -10.6239 -8.9778 5.0225 -10.6239 -8.9778 5.0225 5.1963 73.1508 108.1651 -38.7694 63.7760 -7.5257 -42.0983 34.4558 -96.1902 1.1109 -0.5527 2.7676 0.0000 -0.0001 0.0001 0.0000 0.0000 0.0000 0.0000 -0.0006 0.0003 0.0000 -0.0001 0.0001 0.0000 0.0000 0.0000 0.0000 0.0000 0.0000 0.0000 0.0007 0.0001 0.0000 -0.0011 0.0001 0.0000 -0.0008 0.0003 0.0000 0.0001 0.0000 0.0000 0.0000 0.0000 0.0000 -0.0008 0.0000 0.0000 0.0002 -29.9997 -0.0001 -0.0003 29.9996 0.0000 0.0000 0.0000 -1.0688 -5.2448 178.5232 0.0000 0.0000 0.0828 -3.4017 68.2969 -4.5858 0.0000 25.3510 0.0000 -7.8610 -10.1885 -179.2479 0.0157 -8.3519 -0.0839 9.1047 69.1018 5.1255 0.0000 25.2209 -0.0001 
-1.6470 92.9856 -2.2908 5.7483 8.0276 2.5276 5.2364 4.2386 -1.6899 5.2558 4.2548 -1.6955 5.2520 4.2516 -1.6944 49.4057 77.8441 -51.6625 64.7709 57.0554 54.4944 29.9092 22.5839 91.5246 -2.0489 0.9344 -3.2974 0.0000 0.0000 0.0001 0.0000 0.0000 0.0000 0.0000 -0.0013 -0.0008 0.0000 -0.0004 0.0001 0.0000 0.0000 0.0000 0.0000 0.0000 0.0000 0.0000 0.0002 0.0000 0.0000 -0.0006 0.0003 0.0000 0.0004 -0.0006 0.0000 0.0000 0.0001 0.0000 0.0000 0.0000 0.0000 -0.0010 -0.0002 0.0000 0.0002 30.0001 -0.0001 0.0005 -29.9998 0.0000 0.0000 0.0000 -10.0202 -8.6794 4.9077 -10.0202 -8.6794 4.9077 4.2694 73.7946 107.5737 -38.4118 64.2890 -7.9808 -41.9123 34.3717 -95.7298 1.1000 -0.5531 2.7692 0.0000 -0.0001 0.0001 0.0000 0.0000 0.0000 0.0000 -0.0006 0.0003 0.0000 -0.0001 0.0001 0.0000 0.0000 0.0000 0.0000 0.0000 0.0000 0.0000 0.0007 0.0001 0.0000 -0.0012 0.0001 0.0000 -0.0008 0.0003 0.0000 0.0001 0.0000 0.0000 0.0000 0.0000 0.0000 -0.0008 0.0000 0.0000 0.0002 -29.9996 -0.0001 -0.0003 29.9996 0.0000 0.0000 0.0000 -0.5535 -4.8169 178.5427 0.0000 0.0001 0.0828 -3.7340 68.4024 -4.6635 0.0000 25.3510 0.0000 -7.4821 -9.9153 -179.2813 0.0145 -8.4275 -0.0838 8.7481 69.1850 5.1846 0.0000 24.9954 -0.0001 
-1.6217 92.9889 -2.2128 4.9050 7.7315 2.3597 4.8861 4.1374 -1.6824 4.9026 4.1518 -1.6875 4.9007 4.1501 -1.6869 47.2464 77.3036 -53.1894 64.9362 56.3761 53.7044 29.8655 22.8316 91.5594 -2.0630 0.9723 -3.2166 0.0000 0.0000 0.0001 0.0000 0.0000 0.0000 0.0000 -0.0013 -0.0008 0.0000 -0.0004 0.0001 0.0000 0.0000 0.0000 0.0000 0.0000 0.0000 0.0000 0.0002 0.0000 0.0000 -0.0006 0.0003 0.0000 0.0004 -0.0006 0.0000 0.0000 0.0001 0.0000 0.0000 0.0000 0.0000 -0.0010 -0.0002 0.0000 0.0002 30.0001 -0.0001 0.0005 -29.9998 0.0000 0.0000 0.0000 -9.3100 -8.3538 4.7962 -9.3100 -8.3538 4.7962 3.4796 74.4885 107.1558 -38.1657 64.7438 -8.6093 -41.8081 34.3556 -95.2921 1.0859 -0.5570 2.7643 0.0000 -0.0001 0.0001 0.0000 0.0000 0.0000 0.0000 -0.0006 0.0003 0.0000 -0.0001 0.0001 0.0000 0.0000 0.0000 0.0000 0.0000 0.0000 0.0000 0.0007 0.0001 0.0000 -0.0012 0.0001 0.0000 -0.0008 0.0003 0.0000 0.0001 0.0000 0.0000 0.0000 0.0000 0.0000 -0.0008 0.0000 0.0000 0.0002 -29.9996 -0.0001 -0.0003 29.9996 0.0000 0.0000 0.0000 -0.0478 -4.3629 178.6060 0.0000 0.0001 0.0828 -4.0326 68.5237 -4.7376 0.0000 25.3511 0.0000 -7.1080 -9.6016 -179.2745 0.0132 -8.4792 -0.0837 8.4738 69.2666 5.2751 0.0000 24.9959 -0.0001 
-1.6068 92.9945 -2.1523 4.1210 7.4281 2.1756 4.4601 4.0328 -1.6637 4.4735 4.0453 -1.6682 4.4734 4.0452 -1.6682 45.6161 76.7899 -54.1431 65.0234 55.6892 52.8279 29.8595 23.1417 91.6204 -2.0766 1.0113 -3.1259 0.0000 0.0000 0.0001 0.0000 0.0000 0.0000 0.0000 -0.0013 -0.0008 0.0000 -0.0004 0.0001 0.0000 0.0000 0.0000 0.0000 0.0000 0.0000 0.0000 0.0002 0.0000 0.0000 -0.0006 0.0003 0.0000 0.0004 -0.0006 0.0000 0.0000 0.0001 0.0000 0.0000 0.0000 0.0000 -0.0010 -0.0002 0.0000 0.0002 30.0001 -0.0001 0.0005 -29.9998 0.0000 0.0000 0.0000 -8.5192 -8.0180 4.6836 -8.5192 -8.0180 4.6836 2.6610 75.2065 106.7029 -37.9826 65.1688 -9.3660 -41.7213 34.3937 -94.8370 1.0737 -0.5607 2.7583 0.0000 -0.0001 0.0001 0.0000 0.0000 0.0000 0.0000 -0.0006 0.0002 0.0000 -0.0001 0.0001 0.0000 0.0000 0.0000 0.0000 0.0000 0.0000 0.0000 0.0007 0.0001 0.0000 -0.0011 0.0001 0.0000 -0.0008 0.0003 0.0000 0.0001 0.0000 0.0000 0.0000 0.0000 0.0000 -0.0008 0.0000 0.0000 0.0002 -29.9997 -0.0001 -0.0003 29.9996 0.0000 0.0000 0.0000 0.4228 -3.9312 178.7009 0.0001 -0.0163 0.0828 -4.2941 68.6408 -4.7897 0.0000 25.3510 0.0000 -6.7482 -9.2901 -179.2362 0.0122 -8.5280 -0.0836 8.2811 69.3365 5.3946 0.0000 24.9961 -0.0001 
-1.6056 92.9991 -2.1235 3.3894 7.1227 1.9859 3.9840 3.9279 -1.6386 3.9944 3.9385 -1.6425 3.9958 3.9399 -1.6431 44.3823 76.2697 -54.5716 65.0536 55.0691 51.8723 29.7935 23.5608 91.7172 -2.0966 1.0510 -3.0392 0.0000 0.0000 0.0001 0.0000 0.0000 0.0000 0.0000 -0.0013 -0.0008 0.0000 -0.0004 0.0001 0.0000 0.0000 0.0000 0.0000 0.0000 0.0000 0.0000 0.0002 0.0000 0.0000 -0.0006 0.0003 0.0000 0.0004 -0.0006 0.0000 0.0000 0.0001 0.0000 0.0000 0.0000 0.0000 -0.0010 -0.0002 0.0000 0.0002 30.0001 -0.0001 0.0005 -29.9998 0.0000 0.0000 0.0000 -7.6863 -7.6835 4.5751 -7.6863 -7.6835 4.5751 1.8158 75.9601 106.2379 -37.8123 65.5789 -10.1917 -41.6245 34.4385 -94.3859 1.0632 -0.5643 2.7543 0.0000 0.0000 0.0001 0.0000 0.0000 0.0000 0.0000 -0.0006 0.0003 0.0000 -0.0001 0.0001 0.0000 0.0000 0.0000 0.0000 0.0000 0.0000 0.0000 0.0007 0.0001 0.0000 -0.0012 0.0001 0.0000 -0.0008 0.0003 0.0000 0.0001 0.0000 0.0000 0.0000 0.0000 0.0000 -0.0008 0.0000 0.0000 0.0002 -29.9997 -0.0001 -0.0003 29.9996 0.0000 0.0000 0.0000 0.8631 -3.5117 178.8177 0.0000 0.0001 0.0828 -4.5218 68.7171 -4.8229 0.0000 25.3510 0.0000 -6.3915 -8.9987 -179.1733 0.0122 -8.5855 -0.0836 8.1423 69.3964 5.5125 0.0000 24.9963 -0.0001 
-1.6220 93.0019 -2.1484 2.7530 6.8363 1.7980 3.4166 3.8151 -1.6101 3.4242 3.8238 -1.6135 3.4267 3.8268 -1.6146 43.6787 75.7867 -54.5412 65.1603 54.4188 50.9848 29.6874 24.0382 91.8203 -2.1131 1.0885 -2.9469 0.0000 0.0000 0.0001 0.0000 0.0000 0.0000 0.0000 -0.0013 -0.0008 0.0000 -0.0004 0.0001 0.0000 0.0000 0.0000 0.0000 0.0000 0.0000 0.0000 0.0002 0.0000 0.0000 -0.0006 0.0003 0.0000 0.0004 -0.0006 0.0000 0.0000 0.0001 0.0000 0.0000 0.0000 0.0000 -0.0010 -0.0002 0.0000 0.0002 30.0001 -0.0001 0.0005 -29.9998 0.0000 0.0000 0.0000 -6.7778 -7.3596 4.4791 -6.7778 -7.3596 4.4791 1.2050 76.7759 105.8479 -37.4931 66.0042 -10.8873 -41.4592 34.4197 -93.9792 1.0549 -0.5658 2.7545 0.0000 -0.0001 0.0001 0.0000 0.0000 0.0000 0.0000 -0.0006 0.0003 0.0000 -0.0001 0.0001 0.0000 0.0000 0.0000 0.0000 0.0000 0.0000 0.0000 0.0007 0.0001 0.0000 -0.0011 0.0001 0.0000 -0.0008 0.0003 0.0000 0.0001 0.0000 0.0000 0.0000 0.0000 0.0000 -0.0008 0.0000 0.0000 0.0002 -29.9996 -0.0001 -0.0003 29.9996 0.0000 0.0000 0.0000 1.2484 -3.1704 178.9544 0.0000 0.0000 0.0828 -4.7114 68.7495 -4.8513 0.0000 25.3511 0.0000 -6.0393 -8.7645 -179.0828 0.0153 -8.6708 -0.0839 8.0721 69.4548 5.6016 0.0000 24.9965 -0.0001 
-1.6388 93.0000 -2.2032 2.1634 6.5770 1.6105 2.8137 3.7028 -1.5858 2.8188 3.7099 -1.5886 2.8220 3.7141 -1.5903 43.3217 75.3218 -54.1993 65.2979 53.7565 50.1391 29.6296 24.5249 91.9432 -2.1269 1.1273 -2.8474 0.0000 0.0000 0.0001 0.0000 0.0000 0.0000 0.0000 -0.0013 -0.0008 0.0000 -0.0004 0.0001 0.0000 0.0000 0.0000 0.0000 0.0000 0.0000 0.0000 0.0002 0.0000 0.0000 -0.0006 0.0003 0.0000 0.0004 -0.0006 0.0000 0.0000 0.0001 0.0000 0.0000 0.0000 0.0000 -0.0010 -0.0002 0.0000 0.0002 30.0001 -0.0001 0.0005 -29.9998 0.0000 0.0000 0.0000 -5.8547 -7.0678 4.4045 -5.8547 -7.0678 4.4045 0.8163 77.6098 105.5631 -36.9945 66.4863 -11.3974 -41.2331 34.3026 -93.6445 1.0483 -0.5690 2.7658 0.0000 -0.0001 0.0001 0.0000 0.0000 0.0000 0.0000 -0.0006 0.0003 0.0000 -0.0001 0.0001 0.0000 0.0000 0.0000 0.0000 0.0000 0.0000 0.0000 0.0007 0.0001 0.0000 -0.0012 0.0001 0.0000 -0.0008 0.0003 0.0000 0.0001 0.0000 0.0000 0.0000 0.0000 0.0000 -0.0009 0.0000 0.0000 0.0002 -29.9996 -0.0001 -0.0003 29.9996 0.0000 0.0000 0.0000 1.6221 -2.9093 179.0976 0.0002 -0.0487 0.0828 -4.8788 68.7679 -4.8886 0.0000 25.3511 0.0000 -5.6673 -8.6040 -178.9862 0.0185 -8.8123 -0.0841 8.0675 69.5286 5.6868 0.0000 24.9967 -0.0001 
-1.6488 92.9941 -2.2726 1.5975 6.3479 1.4206 2.1970 3.5918 -1.5678 2.2004 3.5976 -1.5701 2.2035 3.6028 -1.5723 43.2686 74.8812 -53.5773 65.4256 53.1219 49.3168 29.6106 25.0001 92.0898 -2.1402 1.1685 -2.7458 0.0000 0.0000 0.0001 0.0000 0.0000 0.0000 0.0000 -0.0013 -0.0008 0.0000 -0.0004 0.0001 0.0000 0.0000 0.0000 0.0000 0.0000 0.0000 0.0000 0.0002 0.0000 0.0000 -0.0006 0.0003 0.0000 0.0004 -0.0006 0.0000 0.0000 0.0001 0.0000 0.0000 0.0000 0.0000 -0.0010 -0.0002 0.0000 0.0003 30.0001 -0.0001 0.0005 -29.9998 0.0000 0.0000 0.0000 -4.9371 -6.8084 4.3497 -4.9371 -6.8084 4.3497 0.5961 78.4579 105.4531 -36.4615 66.9826 -11.8959 -40.9789 34.1018 -93.3492 1.0415 -0.5732 2.7840 0.0000 -0.0001 0.0001 0.0000 0.0000 0.0000 0.0000 -0.0006 0.0003 0.0000 -0.0001 0.0001 0.0000 0.0000 0.0000 0.0000 0.0000 0.0000 0.0000 0.0007 0.0001 0.0000 -0.0012 0.0001 0.0000 -0.0008 0.0003 0.0000 0.0001 0.0000 0.0000 0.0000 0.0000 0.0000 -0.0009 0.0000 0.0000 0.0002 -29.9996 -0.0001 -0.0003 29.9995 0.0000 0.0000 0.0000 2.0005 -2.6446 179.2438 0.0000 0.0000 0.0828 -5.0200 68.7132 -4.9233 0.0000 25.3510 0.0000 -5.2762 -8.5159 -178.8924 0.0201 -9.0131 -0.0843 8.1171 69.6241 5.7824 0.0000 24.9972 -0.0001 
-1.6492 92.9836 -2.3501 1.0313 6.1634 1.2189 1.5973 3.4884 -1.5640 1.5994 3.4931 -1.5660 1.6020 3.4990 -1.5686 43.4978 74.4624 -52.6853 65.4985 52.5734 48.4750 29.6476 25.4181 92.2604 -2.1537 1.2136 -2.6435 0.0000 0.0000 0.0001 0.0000 0.0000 0.0000 0.0000 -0.0013 -0.0008 0.0000 -0.0004 0.0001 0.0000 0.0000 0.0000 0.0000 0.0000 0.0000 0.0000 0.0002 0.0000 0.0000 -0.0006 0.0003 0.0000 0.0004 -0.0006 0.0000 0.0000 0.0001 0.0000 0.0000 0.0000 0.0000 -0.0010 -0.0002 0.0000 0.0002 30.0001 -0.0001 0.0005 -29.9998 0.0000 0.0000 0.0000 -4.0620 -6.6002 4.3261 -4.0620 -6.6001 4.3260 0.8266 79.3201 105.8983 -36.0350 67.4117 -12.5678 -40.6988 33.8630 -93.1052 1.0343 -0.5815 2.8094 0.0000 -0.0001 0.0001 0.0000 0.0000 0.0000 0.0000 -0.0006 0.0003 0.0000 -0.0001 0.0001 0.0000 0.0000 0.0000 0.0000 0.0000 0.0000 0.0000 0.0007 0.0001 0.0000 -0.0012 0.0001 0.0000 -0.0008 0.0003 0.0000 0.0001 0.0000 0.0000 0.0000 0.0000 0.0000 -0.0009 0.0000 0.0000 0.0002 -29.9996 -0.0001 -0.0003 29.9996 0.0000 0.0000 0.0000 2.4200 -2.4581 179.3975 0.0000 0.0001 0.0828 -5.1580 68.6595 -4.9914 0.0000 25.3510 0.0000 -4.8474 -8.5195 -178.8020 0.0191 -9.2941 -0.0843 8.2098 69.7558 5.8821 0.0000 24.9979 -0.0001 
-1.6489 92.9725 -2.4235 0.4390 6.0177 0.9938 1.0386 3.3958 -1.5685 1.0398 3.3998 -1.5703 1.0416 3.4061 -1.5731 43.8671 74.1270 -51.8062 65.6376 51.9551 47.7473 29.7621 25.7445 92.4475 -2.1558 1.2547 -2.5319 0.0000 0.0000 0.0001 0.0000 0.0000 0.0000 0.0000 -0.0013 -0.0008 0.0000 -0.0004 0.0001 0.0000 0.0000 0.0000 0.0000 0.0000 0.0000 0.0000 0.0002 -0.0001 0.0000 -0.0006 0.0003 0.0000 0.0004 -0.0006 0.0000 0.0000 0.0001 0.0000 0.0000 0.0000 0.0000 -0.0010 -0.0002 0.0000 0.0002 30.0001 -0.0001 0.0005 -29.9998 0.0000 0.0000 0.0000 -3.2258 -6.4321 4.3288 -3.2258 -6.4321 4.3288 1.5292 80.1821 106.9544 -35.8452 67.7387 -13.5517 -40.4016 33.6415 -92.9104 1.0280 -0.5946 2.8413 0.0000 -0.0001 0.0001 0.0000 0.0000 0.0000 0.0000 -0.0006 0.0003 0.0000 -0.0001 0.0001 0.0000 0.0000 0.0000 0.0000 0.0000 0.0000 0.0000 0.0007 0.0001 0.0000 -0.0012 0.0001 0.0000 -0.0008 0.0003 0.0000 0.0001 0.0000 0.0000 0.0000 0.0000 0.0000 -0.0009 0.0000 0.0000 0.0002 -29.9996 -0.0001 -0.0003 29.9996 0.0000 0.0000 0.0000 2.8874 -2.3337 179.5737 0.0002 -0.0487 0.0828 -5.3111 68.6211 -5.0940 0.0000 25.3510 0.0000 -4.3984 -8.5677 -178.6915 0.0180 -9.6065 -0.0842 8.2789 69.9129 5.9595 0.0000 24.9987 -0.0001 
-1.6478 92.9635 -2.4896 -0.1895 5.9081 0.7421 0.5188 3.3125 -1.5743 0.5193 3.3160 -1.5760 0.5203 3.3225 -1.5790 44.1611 73.8694 -51.0457 65.8933 51.3644 47.0645 29.9713 25.9269 92.6426 -2.1377 1.2857 -2.4057 0.0000 0.0000 0.0001 0.0000 0.0000 0.0000 0.0000 -0.0013 -0.0008 0.0000 -0.0004 0.0001 0.0000 0.0000 0.0000 0.0000 0.0000 0.0000 0.0000 0.0002 0.0000 0.0000 -0.0006 0.0003 0.0000 0.0004 -0.0006 0.0000 0.0000 0.0001 0.0000 0.0000 0.0000 0.0000 -0.0010 -0.0002 0.0000 0.0002 30.0001 -0.0001 0.0005 -29.9998 0.0000 0.0000 0.0000 -2.4314 -6.2984 4.3482 -2.4314 -6.2984 4.3482 2.7068 80.9909 108.5924 -35.7910 67.9950 -14.7073 -40.1289 33.4264 -92.7416 1.0226 -0.6110 2.8793 0.0000 -0.0001 0.0001 0.0000 0.0000 0.0000 0.0000 -0.0006 0.0003 0.0000 -0.0001 0.0001 0.0000 0.0000 0.0000 0.0000 0.0000 0.0000 0.0000 0.0007 0.0001 0.0000 -0.0012 0.0001 0.0000 -0.0008 0.0003 0.0000 0.0001 0.0000 0.0000 0.0000 0.0000 0.0000 -0.0009 0.0000 0.0000 0.0002 -29.9996 -0.0001 -0.0003 29.9996 0.0000 0.0000 0.0000 3.3921 -2.1932 179.7742 0.0000 0.0001 0.0828 -5.4624 68.5338 -5.1912 0.0000 25.3510 0.0000 -3.9576 -8.6505 -178.5543 0.0169 -9.9406 -0.0842 8.2994 70.0916 6.0279 0.0000 24.9996 -0.0001 
-1.6395 92.9584 -2.5492 -0.9059 5.8508 0.4489 0.0655 3.2334 -1.5788 0.0655 3.2367 -1.5804 0.0656 3.2432 -1.5835 44.4170 73.7541 -50.3560 66.1779 50.8966 46.3355 30.2365 26.0278 92.8718 -2.1008 1.2987 -2.2765 0.0000 0.0000 0.0001 0.0000 0.0000 0.0000 0.0000 -0.0013 -0.0008 0.0000 -0.0004 0.0001 0.0000 0.0000 0.0000 0.0000 0.0000 0.0000 0.0000 0.0002 0.0000 0.0000 -0.0006 0.0003 0.0000 0.0004 -0.0006 0.0000 0.0000 0.0001 0.0000 0.0000 0.0000 0.0000 -0.0010 -0.0002 0.0000 0.0002 30.0001 -0.0001 0.0005 -29.9998 0.0000 0.0000 0.0000 -1.7016 -6.1951 4.3909 -1.7016 -6.1951 4.3909 4.5288 81.6962 111.1858 -36.2359 68.0344 -16.4313 -39.8553 33.2301 -92.5402 1.0183 -0.6271 2.9189 0.0000 -0.0001 0.0001 0.0000 0.0000 0.0000 0.0000 -0.0006 0.0003 0.0000 -0.0001 0.0001 0.0000 0.0000 0.0000 0.0000 0.0000 0.0000 0.0000 0.0007 0.0001 0.0000 -0.0012 0.0001 0.0000 -0.0008 0.0003 0.0000 0.0001 0.0000 0.0000 0.0000 0.0000 0.0000 -0.0009 0.0000 0.0000 0.0002 -29.9996 -0.0001 -0.0003 29.9996 0.0000 0.0000 0.0000 3.9603 -2.1310 -179.9977 0.0000 -0.0162 0.0828 -5.6223 68.4859 -5.2638 0.0000 25.3510 0.0000 -3.5148 -8.7885 -178.3863 0.0143 -10.2965 -0.0840 8.2671 70.2814 6.1256 0.0000 25.0005 -0.0001 
-1.6219 92.9537 -2.6136 -1.7196 5.8179 0.1237 -0.3335 3.1625 -1.5801 -0.3338 3.1656 -1.5817 -0.3346 3.1720 -1.5849 44.6549 73.7411 -49.7392 66.5974 50.5494 45.6792 30.4462 25.9898 93.1022 -2.0487 1.2964 -2.1512 0.0000 0.0000 0.0001 0.0000 0.0000 0.0000 0.0000 -0.0013 -0.0008 0.0000 -0.0004 0.0001 0.0000 0.0000 0.0000 0.0000 0.0000 0.0000 0.0000 0.0002 -0.0001 0.0000 -0.0006 0.0003 0.0000 0.0004 -0.0006 0.0000 0.0000 0.0001 0.0000 0.0000 0.0000 0.0000 -0.0010 -0.0002 0.0000 0.0002 30.0001 -0.0001 0.0005 -29.9998 0.0000 0.0000 0.0000 -1.0166 -6.1106 4.4568 -1.0166 -6.1106 4.4568 6.9882 82.3284 114.4412 -36.6301 68.0113 -18.1040 -39.6174 33.0497 -92.3323 1.0154 -0.6426 2.9595 0.0000 -0.0001 0.0001 0.0000 0.0000 0.0000 0.0000 -0.0006 0.0003 0.0000 -0.0001 0.0001 0.0000 0.0000 0.0000 0.0000 0.0000 0.0000 0.0000 0.0007 0.0001 0.0000 -0.0012 0.0001 0.0000 -0.0008 0.0003 0.0000 0.0001 0.0000 0.0000 0.0000 0.0000 0.0000 -0.0009 0.0000 0.0000 0.0002 -29.9997 -0.0001 -0.0003 29.9996 0.0000 0.0000 0.0000 4.5927 -2.0860 -179.7538 0.0000 -0.0163 0.0828 -5.7741 68.4358 -5.2916 0.0000 25.3510 0.0000 -3.0421 -8.9888 -178.2045 0.0100 -10.7008 -0.0836 8.2263 70.4739 6.2802 0.0000 25.0012 -0.0001 
-1.5945 92.9497 -2.6827 -2.6248 5.7924 -0.2205 -0.6900 3.1040 -1.5764 -0.6907 3.1070 -1.5780 -0.6922 3.1134 -1.5812 44.8990 73.8191 -49.2048 67.1217 50.2128 45.1508 30.5188 25.8924 93.3331 -1.9924 1.2846 -2.0382 0.0000 0.0000 0.0001 0.0000 0.0000 0.0000 0.0000 -0.0013 -0.0008 0.0000 -0.0004 0.0001 0.0000 0.0000 0.0000 0.0000 0.0000 0.0000 0.0000 0.0003 0.0000 0.0000 -0.0006 0.0003 0.0000 0.0004 -0.0006 0.0000 0.0000 0.0001 0.0000 0.0000 0.0000 0.0000 -0.0010 -0.0002 0.0000 0.0003 30.0001 -0.0001 0.0005 -29.9998 0.0000 0.0000 0.0000 -0.3605 -6.0459 4.5385 -0.3605 -6.0460 4.5385 9.9012 82.9002 118.1059 -36.9118 67.9792 -19.6346 -39.4412 32.8947 -92.1394 1.0142 -0.6576 3.0002 0.0000 -0.0001 0.0001 0.0000 0.0000 0.0000 0.0000 -0.0006 0.0003 0.0000 -0.0001 0.0001 0.0000 0.0000 0.0000 0.0000 0.0000 0.0000 0.0000 0.0007 0.0001 0.0000 -0.0012 0.0001 0.0000 -0.0008 0.0003 0.0000 0.0001 0.0000 0.0000 0.0000 0.0000 0.0000 -0.0009 0.0000 0.0000 0.0002 -29.9996 -0.0001 -0.0003 29.9996 0.0000 0.0000 0.0000 5.2801 -2.0416 -179.5046 0.0000 0.0001 0.0828 -5.9296 68.3835 -5.2853 0.0000 25.3510 0.0000 -2.5268 -9.2339 -178.0202 0.0048 -11.1443 -0.0832 8.1827 70.6653 6.4783 0.0000 25.0018 -0.0001 
-1.5498 92.9451 -2.7584 -3.6498 5.7633 -0.5703 -0.9839 3.0638 -1.5694 -0.9849 3.0668 -1.5709 -0.9870 3.0730 -1.5742 45.0996 74.0052 -48.8413 67.5878 50.0657 44.6531 30.5988 25.6882 93.5349 -1.9299 1.2597 -1.9433 0.0000 0.0000 0.0001 0.0000 0.0000 0.0000 0.0000 -0.0013 -0.0008 0.0000 -0.0004 0.0001 0.0000 0.0000 0.0000 0.0000 0.0000 0.0000 0.0000 0.0002 -0.0001 0.0000 -0.0006 0.0003 0.0000 0.0004 -0.0006 0.0000 0.0000 0.0001 0.0000 0.0000 0.0000 0.0000 -0.0010 -0.0002 0.0000 0.0002 30.0001 -0.0001 0.0005 -29.9998 0.0000 0.0000 0.0000 0.2351 -6.0033 4.6335 0.2351 -6.0033 4.6335 12.8856 83.3519 121.7315 -36.7190 68.0934 -20.5536 -39.4585 32.7247 -91.9062 1.0085 -0.6718 3.0342 0.0000 -0.0001 0.0001 0.0000 0.0000 0.0000 0.0000 -0.0006 0.0003 0.0000 -0.0001 0.0001 0.0000 0.0000 0.0000 0.0000 0.0000 0.0000 0.0000 0.0007 0.0001 0.0000 -0.0012 0.0001 0.0000 -0.0008 0.0003 0.0000 0.0001 0.0000 0.0000 0.0000 0.0000 0.0000 -0.0009 0.0000 0.0000 0.0002 -29.9996 -0.0001 -0.0003 29.9996 0.0000 0.0000 0.0000 6.0283 -2.0009 -179.2661 0.0000 0.0000 0.0828 -6.1154 68.3471 -5.2511 0.0000 25.3510 0.0000 -1.9398 -9.5277 -177.8519 0.0003 -11.6425 -0.0827 8.1440 70.8563 6.7295 0.0000 25.0023 -0.0001 
-1.4839 92.9426 -2.8289 -4.7335 5.7065 -0.8878 -1.2321 3.0321 -1.5726 -1.2333 3.0352 -1.5742 -1.2359 3.0413 -1.5774 45.3947 74.2352 -48.4738 67.9391 49.9929 44.1693 30.6728 25.5086 93.7489 -1.8745 1.2324 -1.8666 0.0000 0.0000 0.0001 0.0000 0.0000 0.0000 0.0000 -0.0013 -0.0008 0.0000 -0.0004 0.0001 0.0000 0.0000 0.0000 0.0000 0.0000 0.0000 0.0000 0.0002 0.0000 0.0000 -0.0006 0.0003 0.0000 0.0004 -0.0006 0.0000 0.0000 0.0001 0.0000 0.0000 0.0000 0.0000 -0.0010 -0.0002 0.0000 0.0003 30.0001 -0.0001 0.0005 -29.9998 0.0000 0.0000 0.0000 0.7646 -5.9551 4.7334 0.7646 -5.9551 4.7334 15.3423 83.7242 124.7497 -36.5677 68.2732 -21.3123 -39.5343 32.5816 -91.6693 1.0000 -0.6844 3.0578 0.0000 -0.0001 0.0001 0.0000 0.0000 0.0000 0.0000 -0.0006 0.0003 0.0000 -0.0001 0.0001 0.0000 0.0000 0.0000 0.0000 0.0000 0.0000 0.0000 0.0007 0.0001 0.0000 -0.0012 0.0001 0.0000 -0.0008 0.0003 0.0000 0.0001 0.0000 0.0000 0.0000 0.0000 0.0000 -0.0009 0.0000 0.0000 0.0002 -29.9996 -0.0001 -0.0003 29.9996 0.0000 0.0000 0.0000 6.7886 -1.9351 -179.0686 0.0000 -0.0163 0.0828 -6.3316 68.3263 -5.2046 0.0000 25.0239 0.0000 -1.3023 -9.8135 -177.7345 -0.0048 -12.1514 -0.0822 8.1463 71.0370 7.0418 0.0000 25.0026 -0.0001 
-1.4013 92.9397 -2.8956 -5.8378 5.6139 -1.1640 -1.4421 3.0085 -1.5880 -1.4437 3.0117 -1.5896 -1.4466 3.0176 -1.5928 45.7480 74.4705 -48.1093 68.1566 49.9846 43.6778 30.7357 25.3471 93.9589 -1.8293 1.2083 -1.8064 0.0000 0.0000 0.0001 0.0000 0.0000 0.0000 0.0000 -0.0013 -0.0008 0.0000 -0.0004 0.0001 0.0000 0.0000 0.0000 0.0000 0.0000 0.0000 0.0000 0.0002 0.0000 0.0000 -0.0006 0.0003 0.0000 0.0004 -0.0006 0.0000 0.0000 0.0001 0.0000 0.0000 0.0000 0.0000 -0.0010 -0.0002 0.0000 0.0002 30.0001 -0.0001 0.0005 -29.9998 0.0000 0.0000 0.0000 1.2333 -5.8972 4.8336 1.2333 -5.8972 4.8336 17.0655 84.1159 126.9725 -36.5304 68.5360 -22.0311 -39.6751 32.4520 -91.4467 0.9879 -0.6949 3.0698 0.0000 -0.0001 0.0001 0.0000 0.0000 0.0000 0.0000 -0.0006 0.0003 0.0000 -0.0001 0.0001 0.0000 0.0000 0.0000 0.0000 0.0000 0.0000 0.0000 0.0007 0.0001 0.0000 -0.0012 0.0001 0.0000 -0.0008 0.0003 0.0000 0.0001 0.0000 0.0000 0.0000 0.0000 0.0000 -0.0009 0.0000 0.0000 0.0002 -29.9997 -0.0001 -0.0003 29.9996 0.0000 0.0000 0.0000 7.5295 -1.8140 -178.9145 0.0000 0.0001 0.0828 -6.5709 68.2895 -5.1459 0.0000 25.0238 0.0000 -0.6336 -10.0774 -177.6747 -0.0124 -12.6702 -0.0813 8.2058 71.2103 7.4177 0.0000 25.0028 -0.0001 
-1.3113 92.9363 -2.9505 -6.9142 5.4648 -1.3603 -1.6076 2.9950 -1.6215 -1.6094 2.9982 -1.6233 -1.6126 3.0040 -1.6265 46.1582 74.7051 -47.7813 68.2895 49.9299 43.2805 30.6496 25.2534 94.1506 -1.8017 1.1918 -1.7692 0.0000 0.0000 0.0001 0.0000 0.0000 0.0000 0.0000 -0.0013 -0.0008 0.0000 -0.0004 0.0001 0.0000 0.0000 0.0000 0.0000 0.0000 0.0000 0.0000 0.0002 0.0000 0.0000 -0.0006 0.0003 0.0000 0.0004 -0.0006 0.0000 0.0000 0.0001 0.0000 0.0000 0.0000 0.0000 -0.0010 -0.0002 0.0000 0.0002 30.0001 -0.0001 0.0005 -29.9998 0.0000 0.0000 0.0000 1.6055 -5.8225 4.9233 1.6055 -5.8225 4.9233 17.0222 84.4714 127.3476 -36.7989 68.8288 -22.7459 -39.8708 32.3261 -91.2791 0.9744 -0.6995 3.0674 0.0000 -0.0001 0.0001 0.0000 0.0000 0.0000 0.0000 -0.0006 0.0003 0.0000 -0.0001 0.0001 0.0000 0.0000 0.0000 0.0000 0.0000 0.0000 0.0000 0.0007 0.0001 0.0000 -0.0012 0.0001 0.0000 -0.0008 0.0003 0.0000 0.0001 0.0000 0.0000 0.0000 0.0000 0.0000 -0.0009 0.0000 0.0000 0.0002 -29.9996 -0.0001 -0.0003 29.9996 0.0000 0.0000 0.0000 8.1858 -1.6342 -178.8269 0.0000 0.0000 0.0828 -6.8691 68.2521 -5.1000 0.0000 25.0237 0.0000 0.0262 -10.2689 -177.6989 -0.0221 -13.1738 -0.0802 8.3115 71.3729 7.8435 0.0000 25.0029 -0.0001 
-1.2388 92.9318 -2.9867 -7.8979 5.2829 -1.4863 -1.7312 2.9826 -1.6643 -1.7332 2.9860 -1.6662 -1.7365 2.9916 -1.6694 46.5476 74.9317 -47.4699 68.2865 50.0503 42.8728 30.6560 25.1822 94.2883 -1.7758 1.1727 -1.7435 0.0000 0.0000 0.0001 0.0000 0.0000 0.0000 0.0000 -0.0013 -0.0008 0.0000 -0.0004 0.0001 0.0000 0.0000 0.0000 0.0000 0.0000 0.0000 0.0000 0.0002 0.0000 0.0000 -0.0006 0.0003 0.0000 0.0004 -0.0006 0.0000 0.0000 0.0001 0.0000 0.0000 0.0000 0.0000 -0.0010 -0.0002 0.0000 0.0003 30.0001 -0.0001 0.0005 -29.9998 0.0000 0.0000 0.0000 1.8638 -5.7308 4.9939 1.8638 -5.7308 4.9939 15.2757 84.6977 126.0149 -37.3568 69.0823 -23.4670 -40.0535 32.1718 -91.1393 0.9616 -0.6983 3.0588 0.0000 -0.0001 0.0001 0.0000 0.0000 0.0000 0.0000 -0.0006 0.0003 0.0000 -0.0001 0.0001 0.0000 0.0000 0.0000 0.0000 0.0000 0.0000 0.0000 0.0007 0.0001 0.0000 -0.0011 0.0001 0.0000 -0.0008 0.0003 0.0000 0.0001 0.0000 0.0000 0.0000 0.0000 0.0000 -0.0009 0.0000 0.0000 0.0002 -29.9996 -0.0001 -0.0002 29.9996 0.0000 0.0000 0.0000 8.7162 -1.4108 -178.7781 0.0000 0.0000 0.0828 -7.2354 68.2047 -5.1005 0.0000 25.0236 0.0000 0.6119 -10.3765 -177.7695 -0.0317 -13.6195 -0.0789 8.3986 71.5175 8.2490 0.0000 25.0028 -0.0001 
-1.1918 92.9277 -2.9949 -8.7649 5.0881 -1.5539 -1.8356 2.9646 -1.7128 -1.8377 2.9680 -1.7148 -1.8412 2.9735 -1.7180 46.9678 75.1441 -47.1412 68.3235 50.2082 42.5650 30.5919 25.1348 94.3971 -1.7532 1.1530 -1.7277 0.0000 0.0000 0.0001 0.0000 0.0000 0.0000 0.0000 -0.0013 -0.0008 0.0000 -0.0004 0.0001 0.0000 0.0000 0.0000 0.0000 0.0000 0.0000 0.0000 0.0002 0.0000 0.0000 -0.0006 0.0003 0.0000 0.0004 -0.0006 0.0000 0.0000 0.0001 0.0000 0.0000 0.0000 0.0000 -0.0010 -0.0002 0.0000 0.0002 30.0001 -0.0001 0.0005 -29.9998 0.0000 0.0000 0.0000 2.0374 -5.6218 5.0443 2.0374 -5.6218 5.0443 12.1545 84.8027 123.2559 -38.0887 69.2874 -24.1404 -40.2212 31.9897 -91.0313 0.9510 -0.6910 3.0463 0.0000 -0.0001 0.0001 0.0000 0.0000 0.0000 0.0000 -0.0006 0.0003 0.0000 -0.0001 0.0001 0.0000 0.0000 0.0000 0.0000 0.0000 0.0000 0.0000 0.0007 0.0001 0.0000 -0.0012 0.0001 0.0000 -0.0008 0.0003 0.0000 0.0001 0.0000 0.0000 0.0000 0.0000 0.0000 -0.0008 0.0000 0.0000 0.0002 -29.9997 -0.0001 -0.0003 29.9996 0.0000 0.0000 0.0000 9.1170 -1.1590 -178.7532 0.0000 0.0001 0.0828 -7.6652 68.1564 -5.1638 0.0000 25.0234 0.0000 1.0920 -10.4042 -177.8629 -0.0404 -13.9827 -0.0778 8.4338 71.6354 8.6056 0.0000 25.0025 -0.0001 
-1.1852 92.9247 -2.9451 -9.4306 4.8874 -1.5588 -1.9195 2.9370 -1.7572 -1.9217 2.9404 -1.7593 -1.9254 2.9458 -1.7626 47.4202 75.3412 -46.7925 68.4124 50.4340 42.3954 30.4285 25.0921 94.4642 -1.7351 1.1324 -1.7261 0.0000 0.0000 0.0001 0.0000 0.0000 0.0000 0.0000 -0.0013 -0.0008 0.0000 -0.0004 0.0001 0.0000 0.0000 0.0000 0.0000 0.0000 0.0000 0.0000 0.0002 0.0000 0.0000 -0.0006 0.0003 0.0000 0.0004 -0.0006 0.0000 0.0000 0.0001 0.0000 0.0000 0.0000 0.0000 -0.0010 -0.0002 0.0000 0.0002 30.0001 -0.0001 0.0005 -29.9998 0.0000 0.0000 0.0000 2.1003 -5.4929 5.0573 2.1003 -5.4929 5.0573 7.6841 84.7605 119.0458 -38.9476 69.4079 -24.7257 -40.3572 31.7936 -90.9613 0.9464 -0.6750 3.0314 0.0000 -0.0001 0.0001 0.0000 0.0000 0.0000 0.0000 -0.0006 0.0003 0.0000 -0.0001 0.0001 0.0000 0.0000 0.0000 0.0000 0.0000 0.0000 0.0000 0.0007 0.0001 0.0000 -0.0012 0.0001 0.0000 -0.0008 0.0003 0.0000 0.0001 0.0000 0.0000 0.0000 0.0000 0.0000 -0.0008 0.0000 0.0000 0.0002 -29.9996 -0.0001 -0.0003 29.9996 0.0000 0.0000 0.0000 9.3228 -0.8935 -178.7413 -0.0003 -0.0487 0.0828 -8.1878 68.1495 -5.3469 0.0000 25.0233 0.0000 1.3879 -10.3062 -177.9590 -0.0482 -14.1851 -0.0767 8.3626 71.6971 8.8555 0.0000 25.0020 -0.0001 
-1.2046 92.9226 -2.8504 -9.9319 4.7013 -1.5405 -1.9833 2.8981 -1.7869 -1.9857 2.9015 -1.7891 -1.9894 2.9068 -1.7924 47.9056 75.5691 -46.4134 68.4534 50.7423 42.2777 30.2157 25.0223 94.4941 -1.7193 1.1108 -1.7353 0.0000 0.0000 0.0001 0.0000 0.0000 0.0000 0.0000 -0.0013 -0.0008 0.0000 -0.0004 0.0001 0.0000 0.0000 0.0000 0.0000 0.0000 0.0000 0.0000 0.0002 0.0000 0.0000 -0.0006 0.0003 0.0000 0.0004 -0.0006 0.0000 0.0000 0.0001 0.0000 0.0000 0.0000 0.0000 -0.0010 -0.0002 0.0000 0.0002 30.0001 -0.0001 0.0005 -29.9998 0.0000 0.0000 0.0000 2.0863 -5.3558 5.0368 2.0863 -5.3558 5.0368 2.6380 84.5718 114.1650 -39.8251 69.4546 -25.2038 -40.4758 31.6200 -90.9074 0.9481 -0.6530 3.0164 0.0000 -0.0001 0.0001 0.0000 0.0000 0.0000 0.0000 -0.0006 0.0003 0.0000 -0.0001 0.0001 0.0000 0.0000 0.0000 0.0000 0.0000 0.0000 0.0000 0.0007 0.0001 0.0000 -0.0012 0.0001 0.0000 -0.0008 0.0003 0.0000 0.0001 0.0000 0.0000 0.0000 0.0000 0.0000 -0.0008 0.0000 0.0000 0.0002 -29.9996 -0.0001 -0.0003 29.9996 0.0000 0.0000 0.0000 9.4013 -0.5794 -178.7229 -0.0001 -0.0163 0.0828 -8.7346 68.1262 -5.6019 0.0000 25.0232 0.0000 1.5561 -10.1362 -178.0262 -0.0541 -14.2507 -0.0760 8.2049 71.7024 8.9844 0.0000 25.0014 -0.0001 
-1.2397 92.9213 -2.7334 -10.2892 4.5364 -1.5098 -2.0297 2.8485 -1.8033 -2.0321 2.8519 -1.8054 -2.0359 2.8571 -1.8088 48.4292 75.8177 -45.9942 68.4411 51.1302 42.1883 29.9713 24.9337 94.4954 -1.7059 1.0887 -1.7534 0.0000 0.0000 0.0001 0.0000 0.0000 0.0000 0.0000 -0.0013 -0.0008 0.0000 -0.0004 0.0001 0.0000 0.0000 0.0000 0.0000 0.0000 0.0000 0.0000 0.0002 0.0000 0.0000 -0.0006 0.0003 0.0000 0.0004 -0.0006 0.0000 0.0000 0.0001 0.0000 0.0000 0.0000 0.0000 -0.0010 -0.0002 0.0000 0.0002 30.0001 -0.0001 0.0005 -29.9998 0.0000 0.0000 0.0000 2.0146 -5.2192 4.9872 2.0146 -5.2192 4.9872 -2.3965 84.2341 109.2134 -40.6888 69.4473 -25.5751 -40.5847 31.4668 -90.8662 0.9552 -0.6267 3.0029 0.0000 -0.0001 0.0001 0.0000 0.0000 0.0000 0.0000 -0.0006 0.0003 0.0000 -0.0001 0.0001 0.0000 0.0000 0.0000 0.0000 0.0000 0.0000 0.0000 0.0007 0.0001 0.0000 -0.0012 0.0001 0.0000 -0.0008 0.0003 0.0000 0.0001 0.0000 0.0000 0.0000 0.0000 0.0000 -0.0008 0.0000 0.0000 0.0002 -29.9997 0.0000 -0.0003 29.9996 0.0000 0.0000 0.0000 9.3895 -0.2874 -178.6991 0.0000 0.0001 0.0828 -9.2825 68.1282 -5.9171 0.0000 25.0231 0.0000 1.6322 -9.9238 -178.0594 -0.0567 -14.1972 -0.0757 7.9716 71.6508 8.9897 0.0000 25.0007 -0.0001 
-1.2811 92.9225 -2.6127 -10.4507 4.4064 -1.4757 -2.0510 2.7837 -1.8038 -2.0534 2.7869 -1.8059 -2.0573 2.7920 -1.8094 49.0860 76.0809 -45.4522 68.3529 51.6251 42.1314 29.7046 24.8353 94.4652 -1.6957 1.0661 -1.7822 0.0000 0.0000 0.0001 0.0000 0.0000 0.0000 0.0000 -0.0013 -0.0008 0.0000 -0.0004 0.0001 0.0000 0.0000 0.0000 0.0000 0.0000 0.0000 0.0000 0.0002 0.0000 0.0000 -0.0006 0.0003 0.0000 0.0004 -0.0006 0.0000 0.0000 0.0001 0.0000 0.0000 0.0000 0.0000 -0.0010 -0.0002 0.0000 0.0002 30.0001 -0.0001 0.0005 -29.9998 0.0000 0.0000 0.0000 1.8789 -5.0925 4.9059 1.8789 -5.0925 4.9059 -6.8898 83.7616 104.6692 -41.4645 69.3901 -25.8063 -40.6573 31.3226 -90.8798 0.9708 -0.5972 2.9984 0.0000 -0.0001 0.0001 0.0000 0.0000 0.0000 0.0000 -0.0007 0.0003 0.0000 -0.0001 0.0001 0.0000 0.0000 0.0000 0.0000 0.0000 0.0000 0.0000 0.0007 0.0001 0.0000 -0.0011 0.0001 0.0000 -0.0008 0.0003 0.0000 0.0001 0.0000 0.0000 0.0000 0.0000 0.0000 -0.0008 0.0000 0.0000 0.0002 -29.9997 -0.0001 -0.0003 29.9996 0.0000 0.0000 0.0000 9.2979 -0.0502 -178.6691 0.0000 0.0000 0.0828 -9.7591 68.1526 -6.2737 0.0000 25.0232 0.0000 1.6124 -9.6856 -178.0370 -0.0529 -14.0058 -0.0762 7.6755 71.5238 8.8386 0.0000 25.0001 -0.0001 
-1.3146 92.9246 -2.5047 -10.4663 4.2966 -1.4418 -2.0504 2.7119 -1.7944 -2.0528 2.7149 -1.7965 -2.0567 2.7200 -1.8000 49.8793 76.3444 -44.8007 68.2162 52.1818 42.1136 29.4330 24.7357 94.4148 -1.6882 1.0436 -1.8186 0.0000 0.0000 0.0001 0.0000 0.0000 0.0000 0.0000 -0.0013 -0.0008 0.0000 -0.0004 0.0001 0.0000 0.0000 0.0000 0.0000 0.0000 0.0000 0.0000 0.0002 0.0000 0.0000 -0.0006 0.0003 0.0000 0.0004 -0.0006 0.0000 0.0000 0.0001 0.0000 0.0000 0.0000 0.0000 -0.0010 -0.0002 0.0000 0.0003 30.0001 -0.0001 0.0005 -29.9998 0.0000 0.0000 0.0000 1.7077 -4.9795 4.8121 1.7077 -4.9796 4.8121 -10.4481 83.2049 100.9575 -42.2279 69.2688 -26.0092 -40.6878 31.1941 -90.9381 0.9919 -0.5662 2.9997 0.0000 -0.0001 0.0001 0.0000 0.0000 0.0000 0.0000 -0.0006 0.0003 0.0000 -0.0001 0.0001 0.0000 0.0000 0.0000 0.0000 0.0000 0.0000 0.0000 0.0007 0.0001 0.0000 -0.0012 0.0001 0.0000 -0.0008 0.0003 0.0000 0.0001 0.0000 0.0000 0.0000 0.0000 0.0000 -0.0008 0.0000 0.0000 0.0002 -29.9996 -0.0001 -0.0003 29.9996 0.0000 0.0000 0.0000 9.1727 0.1372 -178.6423 -0.0001 -0.0163 0.0828 -10.1200 68.1890 -6.6112 0.0000 25.0234 0.0000 1.5416 -9.4383 -177.9873 -0.0462 -13.7354 -0.0772 7.4064 71.3498 8.6298 0.0000 24.9994 -0.0001 
-1.3402 92.9274 -2.4040 -10.3610 4.2012 -1.4039 -2.0281 2.6372 -1.7807 -2.0303 2.6400 -1.7826 -2.0343 2.6451 -1.7862 50.7790 76.5993 -44.0702 68.0363 52.7784 42.1267 29.1594 24.6306 94.3476 -1.6834 1.0220 -1.8611 0.0000 0.0000 0.0001 0.0000 0.0000 0.0000 0.0000 -0.0013 -0.0008 0.0000 -0.0004 0.0001 0.0000 0.0000 0.0000 0.0000 0.0000 0.0000 0.0000 0.0002 -0.0001 0.0000 -0.0006 0.0003 0.0000 0.0004 -0.0006 0.0000 0.0000 0.0001 0.0000 0.0000 0.0000 0.0000 -0.0010 -0.0002 0.0000 0.0002 30.0001 -0.0001 0.0005 -29.9998 0.0000 0.0000 0.0000 1.5111 -4.8807 4.7191 1.5111 -4.8807 4.7191 -13.0933 82.5635 98.0727 -43.0554 69.0768 -26.2394 -40.6650 31.0780 -91.0345 1.0171 -0.5341 3.0052 0.0000 -0.0001 0.0001 0.0000 0.0000 0.0000 0.0000 -0.0006 0.0003 0.0000 -0.0001 0.0001 0.0000 0.0000 0.0000 0.0000 0.0000 0.0000 0.0000 0.0007 0.0001 0.0000 -0.0011 0.0001 0.0000 -0.0008 0.0003 0.0000 0.0001 0.0000 0.0000 0.0000 0.0000 0.0000 -0.0009 0.0000 0.0000 0.0002 -29.9996 -0.0001 -0.0003 29.9995 0.0000 0.0000 0.0000 9.0254 0.3022 -178.6235 -0.0001 -0.0163 0.0828 -10.3607 68.2214 -6.9081 0.0000 25.0236 0.0000 1.4355 -9.1802 -177.9315 -0.0391 -13.4089 -0.0781 7.2038 71.1455 8.4154 0.0000 24.9987 -0.0001 
-1.3609 92.9303 -2.3090 -10.0932 4.1247 -1.3543 -1.9673 2.5652 -1.7613 -1.9694 2.5678 -1.7632 -1.9734 2.5729 -1.7667 51.7768 76.8846 -43.2851 67.7301 53.4017 42.1476 28.8909 24.5080 94.2616 -1.6828 1.0019 -1.9128 0.0000 0.0000 0.0001 0.0000 0.0000 0.0000 0.0000 -0.0013 -0.0008 0.0000 -0.0004 0.0001 0.0000 0.0000 0.0000 0.0000 0.0000 0.0000 0.0000 0.0002 0.0000 0.0000 -0.0006 0.0003 0.0000 0.0004 -0.0006 0.0000 0.0000 0.0001 0.0000 0.0000 0.0000 0.0000 -0.0010 -0.0002 0.0000 0.0002 30.0001 -0.0001 0.0005 -29.9998 0.0000 0.0000 0.0000 1.2787 -4.8101 4.6279 1.2787 -4.8101 4.6279 -14.6544 81.8263 96.1469 -43.8944 68.7762 -26.4352 -40.5785 30.9970 -91.1452 1.0470 -0.4999 3.0125 0.0000 -0.0001 0.0001 0.0000 0.0000 0.0000 0.0000 -0.0006 0.0003 0.0000 -0.0001 0.0001 0.0000 0.0000 0.0000 0.0000 0.0000 0.0000 0.0000 0.0007 0.0001 0.0000 -0.0012 0.0001 0.0000 -0.0008 0.0003 0.0000 0.0001 0.0000 0.0000 0.0000 0.0000 0.0000 -0.0009 0.0000 0.0000 0.0002 -29.9996 -0.0001 -0.0003 29.9996 0.0000 0.0000 0.0000 8.8380 0.4385 -178.6183 0.0000 0.0001 0.0828 -10.4435 68.2524 -7.1367 0.0000 25.0239 0.0000 1.2716 -8.9042 -177.8852 -0.0333 -13.0203 -0.0789 7.1153 70.9112 8.2316 0.0000 24.9980 -0.0001 
-1.3853 92.9328 -2.2249 -9.7055 4.0570 -1.2965 -1.8695 2.5022 -1.7405 -1.8713 2.5046 -1.7422 -1.8752 2.5096 -1.7459 52.8867 77.2030 -42.5145 67.3407 53.9362 42.2183 28.6424 24.3749 94.1737 -1.6855 0.9833 -1.9701 0.0000 0.0000 0.0001 0.0000 0.0000 0.0000 0.0000 -0.0013 -0.0008 0.0000 -0.0004 0.0001 0.0000 0.0000 0.0000 0.0000 0.0000 0.0000 0.0000 0.0002 0.0000 0.0000 -0.0006 0.0003 0.0000 0.0004 -0.0006 0.0000 0.0000 0.0001 0.0000 0.0000 0.0000 0.0000 -0.0010 -0.0002 0.0000 0.0002 30.0001 -0.0001 0.0005 -29.9998 0.0000 0.0000 0.0000 1.0124 -4.7641 4.5416 1.0124 -4.7641 4.5417 -15.3319 81.0883 95.0304 -44.6233 68.3919 -26.5481 -40.4827 30.9638 -91.2263 1.0778 -0.4639 3.0148 0.0000 -0.0001 0.0001 0.0000 0.0000 0.0000 0.0000 -0.0006 0.0003 0.0000 -0.0001 0.0001 0.0000 0.0000 0.0000 0.0000 0.0000 0.0000 0.0000 0.0007 0.0001 0.0000 -0.0012 0.0001 0.0000 -0.0008 0.0003 0.0000 0.0001 0.0000 0.0000 0.0000 0.0000 0.0000 -0.0009 0.0000 0.0000 0.0002 -29.9996 -0.0001 -0.0003 29.9996 0.0000 0.0000 0.0000 8.6153 0.5312 -178.6172 -0.0001 -0.0163 0.0828 -10.4282 68.2977 -7.3291 0.0000 25.0243 0.0000 1.0399 -8.6094 -177.8415 -0.0267 -12.5999 -0.0798 7.0843 70.6669 8.0702 0.0000 24.9972 -0.0001 
-1.4127 92.9344 -2.1528 -9.2201 3.9959 -1.2325 -1.7358 2.4479 -1.7199 -1.7374 2.4501 -1.7215 -1.7411 2.4552 -1.7251 54.0739 77.5364 -41.7291 66.9069 54.4306 42.3195 28.4233 24.2445 94.0821 -1.6888 0.9646 -2.0300 0.0000 0.0000 0.0001 0.0000 0.0000 0.0000 0.0000 -0.0013 -0.0008 0.0000 -0.0004 0.0001 0.0000 0.0000 0.0000 0.0000 0.0000 0.0000 0.0000 0.0002 0.0000 0.0000 -0.0006 0.0003 0.0000 0.0004 -0.0006 0.0000 0.0000 0.0001 0.0000 0.0000 0.0000 0.0000 -0.0010 -0.0002 0.0000 0.0002 30.0001 -0.0001 0.0005 -29.9998 0.0000 0.0000 0.0000 0.6990 -4.7313 4.4647 0.6990 -4.7313 4.4647 -15.4982 80.3938 94.4179 -45.3399 67.9214 -26.7049 -40.4077 30.9929 -91.2706 1.1070 -0.4274 3.0083 0.0000 -0.0001 0.0001 0.0000 0.0000 0.0000 0.0000 -0.0006 0.0003 0.0000 -0.0001 0.0001 0.0000 0.0000 0.0000 0.0000 0.0000 0.0000 0.0000 0.0007 0.0001 0.0000 -0.0012 0.0001 0.0000 -0.0008 0.0003 0.0000 0.0001 0.0000 0.0000 0.0000 0.0000 0.0000 -0.0009 0.0000 0.0000 0.0002 -29.9996 -0.0001 -0.0003 29.9996 0.0000 0.0000 0.0000 8.3493 0.6172 -178.6187 0.0000 0.0001 0.0828 -10.3329 68.3229 -7.4751 0.0000 25.0245 0.0000 0.7410 -8.3035 -177.7975 -0.0195 -12.1632 -0.0806 7.0857 70.4193 7.9276 0.0000 24.9963 -0.0001 
-1.4391 92.9351 -2.1079 -8.6097 3.9442 -1.1604 -1.5448 2.4071 -1.7000 -1.5461 2.4092 -1.7015 -1.5496 2.4143 -1.7052 55.2588 77.8993 -41.0122 66.5024 54.8761 42.4669 28.2481 24.0588 94.0104 -1.6875 0.9428 -2.0885 0.0000 0.0000 0.0001 0.0000 0.0000 0.0000 0.0000 -0.0013 -0.0008 0.0000 -0.0004 0.0001 0.0000 0.0000 0.0000 0.0000 0.0000 0.0000 0.0000 0.0002 0.0000 0.0000 -0.0006 0.0003 0.0000 0.0004 -0.0006 0.0000 0.0000 0.0001 0.0000 0.0000 0.0000 0.0000 -0.0010 -0.0002 0.0000 0.0002 30.0001 -0.0001 0.0005 -29.9998 0.0000 0.0000 0.0000 0.3108 -4.7166 4.4032 0.3108 -4.7167 4.4032 -15.1346 79.6925 94.2625 -45.9873 67.3727 -26.7895 -40.3497 31.1003 -91.3102 1.1362 -0.3919 2.9963 0.0000 -0.0001 0.0001 0.0000 0.0000 0.0000 0.0000 -0.0006 0.0003 0.0000 -0.0001 0.0001 0.0000 0.0000 0.0000 0.0000 0.0000 0.0000 0.0000 0.0007 0.0001 0.0000 -0.0012 0.0001 0.0000 -0.0008 0.0003 0.0000 0.0001 0.0000 0.0000 0.0000 0.0000 0.0000 -0.0008 0.0000 0.0000 0.0002 -29.9996 -0.0001 -0.0003 29.9996 0.0000 0.0000 0.0000 8.0220 0.6562 -178.6269 0.0000 0.0001 0.0828 -10.1347 68.3463 -7.5540 0.0000 25.0248 0.0000 0.3546 -7.9918 -177.7568 -0.0127 -11.7151 -0.0814 7.1370 70.1663 7.8244 0.0000 24.9953 -0.0001 
-1.4641 92.9346 -2.0796 -7.9115 3.8973 -1.0830 -1.3023 2.3778 -1.6799 -1.3033 2.3796 -1.6812 -1.3063 2.3849 -1.6850 56.4236 78.3011 -40.3509 66.1091 55.2528 42.6600 28.0975 23.7938 93.9572 -1.6836 0.9209 -2.1457 0.0000 0.0000 0.0001 0.0000 0.0000 0.0000 0.0000 -0.0013 -0.0008 0.0000 -0.0004 0.0001 0.0000 0.0000 0.0000 0.0000 0.0000 0.0000 0.0000 0.0002 0.0000 0.0000 -0.0006 0.0003 0.0000 0.0004 -0.0006 0.0000 0.0000 0.0001 0.0000 0.0000 0.0000 0.0000 -0.0010 -0.0002 0.0000 0.0002 30.0001 -0.0001 0.0005 -29.9998 0.0000 0.0000 0.0000 -0.1461 -4.7227 4.3467 -0.1461 -4.7227 4.3467 -14.4524 79.0055 94.3913 -46.5415 66.7578 -26.7930 -40.2946 31.2612 -91.3762 1.1669 -0.3574 2.9836 0.0000 -0.0001 0.0001 0.0000 0.0000 0.0000 0.0000 -0.0006 0.0003 0.0000 -0.0001 0.0001 0.0000 0.0000 0.0000 0.0000 0.0000 0.0000 0.0000 0.0007 0.0001 0.0000 -0.0012 0.0001 0.0000 -0.0008 0.0003 0.0000 0.0001 0.0000 0.0000 0.0000 0.0000 0.0000 -0.0009 0.0000 0.0000 0.0002 -29.9997 -0.0001 -0.0003 29.9996 0.0000 0.0000 0.0000 7.6651 0.6705 -178.6402 0.0000 0.0001 0.0828 -9.8402 68.3676 -7.5721 0.0000 25.0250 0.0000 -0.0737 -7.6841 -177.7213 -0.0075 -11.2650 -0.0820 7.2361 69.9068 7.7423 0.0000 24.9942 -0.0001 
-1.4874 92.9320 -2.0657 -7.1449 3.8514 -0.9987 -1.0149 2.3573 -1.6627 -1.0156 2.3591 -1.6639 -1.0180 2.3644 -1.6677 57.6223 78.7145 -39.6811 65.7880 55.4708 42.9659 27.8981 23.5082 93.9349 -1.6825 0.9026 -2.2031 0.0000 0.0000 0.0001 0.0000 0.0000 0.0000 0.0000 -0.0013 -0.0008 0.0000 -0.0004 0.0001 0.0000 0.0000 0.0000 0.0000 0.0000 0.0000 0.0000 0.0002 0.0000 0.0000 -0.0006 0.0003 0.0000 0.0004 -0.0006 0.0000 0.0000 0.0001 0.0000 0.0000 0.0000 0.0000 -0.0010 -0.0002 0.0000 0.0002 30.0001 -0.0001 0.0005 -29.9998 0.0000 0.0000 0.0000 -0.6641 -4.7453 4.2994 -0.6641 -4.7453 4.2994 -13.6211 78.3699 94.6467 -46.9834 66.1106 -26.7181 -40.2485 31.4656 -91.4783 1.1986 -0.3248 2.9713 0.0000 -0.0001 0.0001 0.0000 0.0000 0.0000 0.0000 -0.0006 0.0003 0.0000 -0.0001 0.0001 0.0000 0.0000 0.0000 0.0000 0.0000 0.0000 0.0000 0.0007 0.0001 0.0000 -0.0012 0.0001 0.0000 -0.0008 0.0003 0.0000 0.0001 0.0000 0.0000 0.0000 0.0000 0.0000 -0.0009 0.0000 0.0000 0.0002 -29.9997 -0.0001 -0.0003 29.9996 0.0000 0.0000 0.0000 7.3021 0.6669 -178.6613 0.0000 0.0000 0.0828 -9.4466 68.3863 -7.5327 0.0000 25.0251 0.0000 -0.5159 -7.3889 -177.6896 -0.0027 -10.8219 -0.0825 7.3716 69.6446 7.6561 0.0000 24.9930 -0.0001 
-1.5095 92.9246 -2.0659 -6.2991 3.8066 -0.9002 -0.6633 2.3443 -1.6511 -0.6638 2.3459 -1.6522 -0.6654 2.3514 -1.6561 58.8108 79.0856 -39.0075 65.4875 55.6926 43.3549 27.8076 23.1399 93.8898 -1.6794 0.8873 -2.2572 0.0000 0.0000 0.0001 0.0000 0.0000 0.0000 0.0000 -0.0013 -0.0008 0.0000 -0.0004 0.0001 0.0000 0.0000 0.0000 0.0000 0.0000 0.0000 0.0000 0.0002 0.0000 0.0000 -0.0006 0.0003 0.0000 0.0004 -0.0006 0.0000 0.0000 0.0001 0.0000 0.0000 0.0000 0.0000 -0.0010 -0.0002 0.0000 0.0002 30.0001 -0.0001 0.0005 -29.9998 0.0000 0.0000 0.0000 -1.2682 -4.7872 4.2664 -1.2682 -4.7872 4.2664 -12.5714 77.8095 95.0914 -47.2503 65.4365 -26.4822 -40.1756 31.7062 -91.6605 1.2319 -0.2960 2.9628 0.0000 -0.0001 0.0001 0.0000 0.0000 0.0000 0.0000 -0.0006 0.0003 0.0000 -0.0001 0.0001 0.0000 0.0000 0.0000 0.0000 0.0000 0.0000 0.0000 0.0007 0.0001 0.0000 -0.0012 0.0001 0.0000 -0.0008 0.0003 0.0000 0.0001 0.0000 0.0000 0.0000 0.0000 0.0000 -0.0009 0.0000 0.0000 0.0002 -29.9996 -0.0001 -0.0003 29.9996 0.0000 0.0000 0.0000 6.9491 0.6104 -178.6997 -0.0001 -0.0682 0.0828 -8.9083 68.4413 -7.4076 0.0000 25.0251 0.0000 -0.9526 -7.1267 -177.6620 0.0038 -10.4133 -0.0831 7.5432 69.3961 7.5395 0.0000 24.9920 -0.0001 
-1.5229 92.9132 -2.0848 -5.4145 3.7607 -0.7838 -0.2467 2.3363 -1.6405 -0.2469 2.3378 -1.6415 -0.2475 2.3434 -1.6455 59.8492 79.4363 -38.3971 65.2245 55.7283 43.8580 27.6451 22.7945 93.8738 -1.6869 0.8810 -2.3159 0.0000 0.0000 0.0001 0.0000 0.0000 0.0000 0.0000 -0.0013 -0.0008 0.0000 -0.0004 0.0001 0.0000 0.0000 0.0000 0.0000 0.0000 0.0000 0.0000 0.0002 0.0000 0.0000 -0.0006 0.0003 0.0000 0.0004 -0.0006 0.0000 0.0000 0.0001 0.0000 0.0000 0.0000 0.0000 -0.0010 -0.0002 0.0000 0.0002 30.0001 -0.0001 0.0005 -29.9998 0.0000 0.0000 0.0000 -1.9505 -4.8480 4.2354 -1.9505 -4.8480 4.2354 -11.4861 77.2544 95.5057 -47.4155 64.8683 -26.0662 -40.0257 31.9566 -91.8334 1.2617 -0.2725 2.9555 0.0000 -0.0001 0.0001 0.0000 0.0000 0.0000 0.0000 -0.0006 0.0003 0.0000 -0.0001 0.0001 0.0000 0.0000 0.0000 0.0000 0.0000 0.0000 0.0000 0.0007 0.0001 0.0000 -0.0012 0.0001 0.0000 -0.0008 0.0003 0.0000 0.0001 0.0000 0.0000 0.0000 0.0000 0.0000 -0.0009 0.0000 0.0000 0.0002 -29.9996 -0.0001 -0.0003 29.9996 0.0000 0.0000 0.0000 6.6021 0.6075 -178.7660 0.0000 0.0001 0.0828 -8.2120 68.4307 -7.1379 0.0000 25.0250 0.0000 -1.3736 -6.9030 -177.6536 0.0105 -10.0573 -0.0836 7.7394 69.1741 7.4096 0.0000 24.9912 -0.0001 
-1.5299 92.8976 -2.1216 -4.5026 3.7109 -0.6467 0.2330 2.3335 -1.6299 0.2331 2.3350 -1.6309 0.2336 2.3406 -1.6348 60.7187 79.7950 -37.8810 64.8685 55.6460 44.4082 27.5781 22.4390 93.8315 -1.6976 0.8814 -2.3716 0.0000 0.0000 0.0001 0.0000 0.0000 0.0000 0.0000 -0.0013 -0.0008 0.0000 -0.0004 0.0001 0.0000 0.0000 0.0000 0.0000 0.0000 0.0000 0.0000 0.0002 0.0000 0.0000 -0.0006 0.0003 0.0000 0.0004 -0.0006 0.0000 0.0000 0.0001 0.0000 0.0000 0.0000 0.0000 -0.0010 -0.0002 0.0000 0.0002 30.0001 -0.0001 0.0005 -29.9998 0.0000 0.0000 0.0000 -2.7007 -4.9274 4.2019 -2.7007 -4.9274 4.2019 -10.5756 76.7487 95.8026 -47.6303 64.3947 -25.6668 -39.8257 32.2185 -91.9562 1.2839 -0.2543 2.9430 0.0000 -0.0001 0.0001 0.0000 0.0000 0.0000 0.0000 -0.0006 0.0003 0.0000 -0.0001 0.0001 0.0000 0.0000 0.0000 0.0000 0.0000 0.0000 0.0000 0.0007 0.0001 0.0000 -0.0012 0.0001 0.0000 -0.0008 0.0003 0.0000 0.0001 0.0000 0.0000 0.0000 0.0000 0.0000 -0.0009 0.0000 0.0000 0.0002 -29.9996 -0.0001 -0.0003 29.9996 0.0000 0.0000 0.0000 6.2417 0.5605 -178.8624 0.0000 0.0000 0.0828 -7.4347 68.4531 -6.7815 0.0000 25.0248 0.0000 -1.7811 -6.7120 -177.6789 0.0164 -9.7561 -0.0841 7.9691 68.9831 7.2908 0.0000 24.9905 -0.0001 
-1.5305 92.8756 -2.1932 -3.5612 3.6527 -0.4680 0.7728 2.3367 -1.6265 0.7733 2.3383 -1.6276 0.7750 2.3438 -1.6313 61.3285 80.1689 -37.5665 64.3766 55.4542 45.0343 27.5986 22.1063 93.7126 -1.7133 0.8888 -2.4284 0.0000 0.0000 0.0001 0.0000 0.0000 0.0000 0.0000 -0.0013 -0.0008 0.0000 -0.0004 0.0001 0.0000 0.0000 0.0000 0.0000 0.0000 0.0000 0.0000 0.0003 0.0000 0.0000 -0.0006 0.0003 0.0000 0.0004 -0.0006 0.0000 0.0000 0.0001 0.0000 0.0000 0.0000 0.0000 -0.0010 -0.0002 0.0000 0.0002 30.0001 -0.0001 0.0005 -29.9998 0.0000 0.0000 0.0000 -3.5153 -5.0164 4.1728 -3.5153 -5.0164 4.1728 -9.9580 76.3292 95.8689 -47.9143 64.0815 -25.2821 -39.6179 32.5107 -91.9914 1.2915 -0.2441 2.9159 0.0000 -0.0001 0.0001 0.0000 0.0000 0.0000 0.0000 -0.0006 0.0003 0.0000 -0.0001 0.0001 0.0000 0.0000 0.0000 0.0000 0.0000 0.0000 0.0000 0.0007 0.0001 0.0000 -0.0012 0.0001 0.0000 -0.0008 0.0003 0.0000 0.0001 0.0000 0.0000 0.0000 0.0000 0.0000 -0.0009 0.0000 0.0000 0.0002 -29.9997 -0.0001 -0.0003 29.9996 0.0000 0.0000 0.0000 5.8146 0.4999 -179.0112 0.0000 0.0001 0.0828 -6.5803 68.4622 -6.2841 0.0000 25.0245 0.0000 -2.1574 -6.5661 -177.7810 0.0200 -9.5297 -0.0844 8.2963 68.8294 7.2401 0.0000 24.9901 -0.0001 
-1.5305 92.8474 -2.2893 -2.6121 3.5864 -0.2543 1.3481 2.3461 -1.6311 1.3492 2.3480 -1.6324 1.3521 2.3533 -1.6360 61.7833 80.5463 -37.3463 63.7853 55.2766 45.7100 27.6857 21.8253 93.5128 -1.7310 0.8985 -2.4879 0.0000 0.0000 0.0001 0.0000 0.0000 0.0000 0.0000 -0.0013 -0.0008 0.0000 -0.0004 0.0001 0.0000 0.0000 0.0000 0.0000 0.0000 0.0000 0.0000 0.0002 0.0000 0.0000 -0.0006 0.0003 0.0000 0.0004 -0.0006 0.0000 0.0000 0.0001 0.0000 0.0000 0.0000 0.0000 -0.0010 -0.0002 0.0000 0.0002 30.0001 -0.0001 0.0005 -29.9998 0.0000 0.0000 0.0000 -4.3613 -5.1005 4.1469 -4.3613 -5.1005 4.1469 -9.4991 75.9350 95.8506 -48.3176 63.8832 -24.9037 -39.4278 32.8189 -91.9615 1.2844 -0.2408 2.8734 0.0000 -0.0001 0.0001 0.0000 0.0000 0.0000 0.0000 -0.0006 0.0003 0.0000 -0.0001 0.0001 0.0000 0.0000 0.0000 0.0000 0.0000 0.0000 0.0000 0.0007 0.0001 0.0000 -0.0012 0.0001 0.0000 -0.0008 0.0003 0.0000 0.0001 0.0000 0.0000 0.0000 0.0000 0.0000 -0.0008 0.0000 0.0000 0.0002 -29.9997 -0.0001 -0.0003 29.9996 0.0000 0.0000 0.0000 5.2965 0.4326 -179.2012 0.0000 0.0000 0.0828 -5.7350 68.4571 -5.6980 0.0000 25.0241 0.0000 -2.4943 -6.4684 -177.9521 0.0224 -9.3786 -0.0845 8.7258 68.7027 7.2693 0.0000 24.9899 -0.0001 
-1.5280 92.8159 -2.4041 -1.6640 3.5165 -0.0080 1.9459 2.3620 -1.6471 1.9477 2.3643 -1.6486 1.9516 2.3693 -1.6519 62.1546 80.9197 -37.1508 63.1420 55.1114 46.4360 27.8091 21.5878 93.2534 -1.7504 0.9104 -2.5483 0.0000 0.0000 0.0001 0.0000 0.0000 0.0000 0.0000 -0.0013 -0.0008 0.0000 -0.0004 0.0001 0.0000 0.0000 0.0000 0.0000 0.0000 0.0000 0.0000 0.0002 0.0000 0.0000 -0.0006 0.0003 0.0000 0.0004 -0.0006 0.0000 0.0000 0.0001 0.0000 0.0000 0.0000 0.0000 -0.0010 -0.0002 0.0000 0.0002 30.0001 -0.0001 0.0005 -29.9998 0.0000 0.0000 0.0000 -5.2224 -5.1741 4.1295 -5.2224 -5.1741 4.1295 -9.0905 75.5598 95.8586 -48.8717 63.7733 -24.5647 -39.2506 33.1326 -91.8920 1.2635 -0.2451 2.8180 0.0000 0.0000 0.0001 0.0000 0.0000 0.0000 0.0000 -0.0006 0.0003 0.0000 -0.0001 0.0001 0.0000 0.0000 0.0000 0.0000 0.0000 0.0000 0.0000 0.0007 0.0001 0.0000 -0.0012 0.0001 0.0000 -0.0008 0.0003 0.0000 0.0001 0.0000 0.0000 0.0000 0.0000 0.0000 -0.0009 0.0000 0.0000 0.0002 -29.9997 -0.0001 -0.0003 29.9996 0.0000 0.0000 0.0000 4.6843 0.3571 -179.4306 0.0000 0.0001 0.0828 -4.9358 68.4375 -5.0556 0.0000 25.3510 0.0000 -2.7881 -6.4252 -178.1820 0.0250 -9.3026 -0.0847 9.2369 68.5988 7.3556 0.0000 24.9898 -0.0001 
-1.5095 92.7858 -2.5313 -0.7015 3.4489 0.2900 2.5480 2.3858 -1.6794 2.5509 2.3887 -1.6813 2.5555 2.3931 -1.6843 62.6934 81.3250 -36.7188 62.4131 54.9947 47.2006 27.9683 21.3696 92.9137 -1.7681 0.9238 -2.6062 0.0000 0.0000 0.0001 0.0000 0.0000 0.0000 0.0000 -0.0013 -0.0008 0.0000 -0.0004 0.0001 0.0000 0.0000 0.0000 0.0000 0.0000 0.0000 0.0000 0.0002 0.0000 0.0000 -0.0006 0.0003 0.0000 0.0004 -0.0006 0.0000 0.0000 0.0001 0.0000 0.0000 0.0000 0.0000 -0.0010 -0.0002 0.0000 0.0002 30.0001 -0.0001 0.0005 -29.9998 0.0000 0.0000 0.0000 -6.0767 -5.2257 4.1251 -6.0767 -5.2257 4.1251 -8.7052 75.2336 95.9340 -49.5819 63.7490 -24.2488 -39.0556 33.4085 -91.8083 1.2278 -0.2563 2.7494 0.0000 -0.0001 0.0001 0.0000 0.0000 0.0000 0.0000 -0.0006 0.0003 0.0000 -0.0001 0.0001 0.0000 0.0000 0.0000 0.0000 0.0000 0.0000 0.0000 0.0007 0.0001 0.0000 -0.0012 0.0001 0.0000 -0.0008 0.0003 0.0000 0.0001 0.0000 0.0000 0.0000 0.0000 0.0000 -0.0008 0.0000 0.0000 0.0002 -29.9997 -0.0001 -0.0003 29.9996 0.0000 0.0000 0.0000 3.9275 0.2700 -179.7184 0.0000 0.0000 0.0828 -4.2356 68.3969 -4.3800 0.0000 25.3510 0.0000 -3.0247 -6.4610 -178.4936 0.0281 -9.3405 -0.0850 9.8770 68.5406 7.5105 0.0000 24.9899 -0.0001 
-1.4734 92.7591 -2.6587 0.2778 3.3799 0.6163 3.1058 2.4128 -1.7200 3.1102 2.4164 -1.7223 3.1150 2.4202 -1.7250 63.4387 81.7337 -36.1267 61.6930 54.9920 48.0028 28.1631 21.1495 92.5201 -1.7808 0.9341 -2.6639 0.0000 0.0000 0.0001 0.0000 0.0000 0.0000 0.0000 -0.0013 -0.0008 0.0000 -0.0004 0.0001 0.0000 0.0000 0.0000 0.0000 0.0000 0.0000 0.0000 0.0002 0.0000 0.0000 -0.0006 0.0003 0.0000 0.0004 -0.0006 0.0000 0.0000 0.0001 0.0000 0.0000 0.0000 0.0000 -0.0010 -0.0002 0.0000 0.0002 30.0001 -0.0001 0.0005 -29.9998 0.0000 0.0000 0.0000 -6.8615 -5.2510 4.1226 -6.8615 -5.2510 4.1226 -8.2236 74.9586 96.0726 -50.2138 63.7167 -23.8117 -38.8727 33.6886 -91.7834 1.1912 -0.2678 2.6779 0.0000 -0.0001 0.0001 0.0000 0.0000 0.0000 0.0000 -0.0006 0.0003 0.0000 -0.0001 0.0001 0.0000 0.0000 0.0000 0.0000 0.0000 0.0000 0.0000 0.0007 0.0001 0.0000 -0.0012 0.0001 0.0000 -0.0008 0.0003 0.0000 0.0001 0.0000 0.0000 0.0000 0.0000 0.0000 -0.0008 0.0000 0.0000 0.0002 -29.9996 -0.0001 -0.0003 29.9996 0.0000 0.0000 0.0000 3.0785 0.1461 179.9615 0.0002 -0.0625 0.0828 -3.6282 68.3680 -3.7272 0.0000 25.3510 0.0000 -3.2190 -6.5515 -178.8481 0.0313 -9.4726 -0.0853 10.6199 68.5249 7.7016 0.0000 24.9902 -0.0001 
-1.4240 92.7352 -2.7830 1.2669 3.3060 0.9598 3.6351 2.4427 -1.7636 3.6413 2.4470 -1.7665 3.6459 2.4502 -1.7686 64.2764 82.1341 -35.4353 61.0193 55.0072 48.8380 28.2758 20.9743 92.1229 -1.7963 0.9444 -2.7265 0.0000 0.0000 0.0001 0.0000 0.0000 0.0000 0.0000 -0.0013 -0.0008 0.0000 -0.0004 0.0001 0.0000 0.0000 0.0000 0.0000 0.0000 0.0000 0.0000 0.0002 -0.0001 0.0000 -0.0006 0.0003 0.0000 0.0004 -0.0006 0.0000 0.0000 0.0001 0.0000 0.0000 0.0000 0.0000 -0.0010 -0.0002 0.0000 0.0002 30.0001 -0.0001 0.0005 -29.9998 0.0000 0.0000 0.0000 -7.6032 -5.2545 4.1142 -7.6032 -5.2545 4.1142 -7.6535 74.7481 96.3227 -50.7466 63.6715 -23.2931 -38.6788 33.9653 -91.7888 1.1547 -0.2792 2.6067 0.0000 -0.0001 0.0001 0.0000 0.0000 0.0000 0.0000 -0.0006 0.0003 0.0000 -0.0001 0.0001 0.0000 0.0000 0.0000 0.0000 0.0000 0.0000 0.0000 0.0007 0.0001 0.0000 -0.0012 0.0001 0.0000 -0.0008 0.0003 0.0000 0.0001 0.0000 0.0000 0.0000 0.0000 0.0000 -0.0009 0.0000 0.0000 0.0002 -29.9996 -0.0001 -0.0003 29.9996 0.0000 0.0000 0.0000 2.1718 0.0586 179.6230 0.0001 -0.0487 0.0828 -3.0982 68.2837 -3.1141 0.0000 25.3510 0.0000 -3.3962 -6.6608 -179.2260 0.0347 -9.6449 -0.0856 11.3976 68.5286 7.8904 0.0000 25.4177 -0.0001 
-1.3701 92.7118 -2.8937 2.2389 3.2440 1.3000 4.1243 2.4620 -1.7991 4.1326 2.4672 -1.8025 4.1366 2.4697 -1.8042 65.0155 82.5190 -34.8450 60.4286 55.0250 49.5907 28.3972 20.8131 91.7682 -1.8073 0.9519 -2.7810 0.0000 0.0000 0.0001 0.0000 0.0000 0.0000 0.0000 -0.0013 -0.0008 0.0000 -0.0004 0.0001 0.0000 0.0000 0.0000 0.0000 0.0000 0.0000 0.0000 0.0002 0.0000 0.0000 -0.0006 0.0003 0.0000 0.0004 -0.0006 0.0000 0.0000 0.0001 0.0000 0.0000 0.0000 0.0000 -0.0010 -0.0002 0.0000 0.0003 30.0001 -0.0001 0.0005 -29.9998 0.0000 0.0000 0.0000 -8.2778 -5.2284 4.0813 -8.2778 -5.2284 4.0813 -6.9975 74.6584 96.7004 -50.9507 63.5952 -22.5597 -38.4831 34.2089 -91.8220 1.1231 -0.2860 2.5400 0.0000 -0.0001 0.0001 0.0000 0.0000 0.0000 0.0000 -0.0006 0.0003 0.0000 -0.0001 0.0001 0.0000 0.0000 0.0000 0.0000 0.0000 0.0000 0.0000 0.0007 0.0001 0.0000 -0.0012 0.0001 0.0000 -0.0008 0.0003 0.0000 0.0001 0.0000 0.0000 0.0000 0.0000 0.0000 -0.0009 0.0000 0.0000 0.0002 -29.9997 -0.0001 -0.0003 29.9996 0.0000 0.0000 0.0000 1.2501 -0.0484 179.2883 0.0001 -0.0485 0.0828 -2.6795 68.1876 -2.6024 0.0000 25.3510 0.0000 -3.5888 -6.7918 -179.5946 0.0387 -9.8419 -0.0860 12.1103 68.5530 8.0228 0.0000 25.9012 -0.0001 
-1.3237 92.6886 -2.9831 3.1943 3.1834 1.6078 4.5735 2.4743 -1.8098 4.5841 2.4803 -1.8139 4.5871 2.4820 -1.8150 65.1092 82.9115 -34.9117 60.0019 55.0275 50.2475 28.5197 20.6355 91.4785 -1.8095 0.9523 -2.8264 0.0000 0.0000 0.0001 0.0000 0.0000 0.0000 0.0000 -0.0013 -0.0008 0.0000 -0.0004 0.0001 0.0000 0.0000 0.0000 0.0000 0.0000 0.0000 0.0000 0.0002 0.0000 0.0000 -0.0006 0.0003 0.0000 0.0004 -0.0006 0.0000 0.0000 0.0001 0.0000 0.0000 0.0000 0.0000 -0.0010 -0.0002 0.0000 0.0002 30.0001 -0.0001 0.0005 -29.9998 0.0000 0.0000 0.0000 -8.8957 -5.1908 4.0103 -8.8957 -5.1908 4.0103 -6.5303 74.6486 96.9402 -50.8363 63.5377 -21.6654 -38.3118 34.3883 -91.8791 1.1008 -0.2864 2.4854 0.0000 -0.0001 0.0001 0.0000 0.0000 0.0000 0.0000 -0.0006 0.0003 0.0000 -0.0001 0.0001 0.0000 0.0000 0.0000 0.0000 0.0000 0.0000 0.0000 0.0007 0.0001 0.0000 -0.0012 0.0001 0.0000 -0.0008 0.0003 0.0000 0.0001 0.0000 0.0000 0.0000 0.0000 0.0000 -0.0009 0.0000 0.0000 0.0002 -29.9996 -0.0001 -0.0003 29.9996 0.0000 0.0000 0.0000 0.3573 -0.1519 178.9935 0.0001 -0.0487 0.0828 -2.3378 68.0878 -2.2002 0.0000 25.3510 0.0000 -3.8485 -6.8825 -179.9232 0.0413 -9.9974 -0.0863 12.7048 68.5811 8.0969 0.0000 26.3559 -0.0001 
-1.2855 92.6654 -3.0503 4.1168 3.1112 1.8700 4.9842 2.4866 -1.7937 4.9974 2.4934 -1.7982 4.9991 2.4943 -1.7988 64.1700 83.3032 -36.0340 59.7392 55.0119 50.7914 28.6441 20.4497 91.2515 -1.8036 0.9453 -2.8649 0.0000 0.0000 0.0001 0.0000 0.0000 0.0000 0.0000 -0.0013 -0.0008 0.0000 -0.0004 0.0001 0.0000 0.0000 0.0000 0.0000 0.0000 0.0000 0.0000 0.0002 0.0000 0.0000 -0.0006 0.0003 0.0000 0.0004 -0.0006 0.0000 0.0000 0.0001 0.0000 0.0000 0.0000 0.0000 -0.0010 -0.0002 0.0000 0.0002 30.0001 -0.0001 0.0005 -29.9998 0.0000 0.0000 0.0000 -9.4555 -5.1518 3.9062 -9.4555 -5.1518 3.9062 -6.2085 74.6816 97.0650 -50.4151 63.4899 -20.6179 -38.1750 34.5225 -91.9532 1.0886 -0.2809 2.4440 0.0000 -0.0001 0.0001 0.0000 0.0000 0.0000 0.0000 -0.0006 0.0003 0.0000 -0.0001 0.0001 0.0000 0.0000 0.0000 0.0000 0.0000 0.0000 0.0000 0.0007 0.0001 0.0000 -0.0012 0.0001 0.0000 -0.0008 0.0003 0.0000 0.0001 0.0000 0.0000 0.0000 0.0000 0.0000 -0.0009 0.0000 0.0000 0.0002 -29.9997 -0.0001 -0.0003 29.9996 0.0000 0.0000 0.0000 -0.4733 -0.2334 178.7503 0.0001 -0.0485 0.0828 -2.0458 67.9943 -1.8965 0.0000 25.3510 0.0000 -4.1640 -6.9129 179.7976 0.0418 -10.1081 -0.0864 13.1958 68.6145 8.1338 0.0000 26.7755 -0.0001 
-1.2580 92.6426 -3.0895 4.9759 3.0191 2.0522 5.3386 2.4967 -1.7393 5.3541 2.5043 -1.7440 5.3545 2.5045 -1.7441 61.7359 83.6636 -38.6635 59.6826 55.0029 51.1293 28.7840 20.2725 91.1254 -1.7870 0.9273 -2.8932 0.0000 0.0000 0.0001 0.0000 0.0000 0.0000 0.0000 -0.0013 -0.0008 0.0000 -0.0004 0.0001 0.0000 0.0000 0.0000 0.0000 0.0000 0.0000 0.0000 0.0002 -0.0001 0.0000 -0.0006 0.0003 0.0000 0.0004 -0.0006 0.0000 0.0000 0.0001 0.0000 0.0000 0.0000 0.0000 -0.0010 -0.0002 0.0000 0.0002 30.0001 -0.0001 0.0005 -29.9998 0.0000 0.0000 0.0000 -9.9297 -5.1083 3.7618 -9.9297 -5.1083 3.7618 -6.1482 74.7227 96.9742 -49.7581 63.4756 -19.4827 -38.0821 34.5991 -92.0318 1.0865 -0.2703 2.4174 0.0000 -0.0001 0.0001 0.0000 0.0000 0.0000 0.0000 -0.0006 0.0003 0.0000 -0.0001 0.0001 0.0000 0.0000 0.0000 0.0000 0.0000 0.0000 0.0000 0.0007 0.0001 0.0000 -0.0012 0.0001 0.0000 -0.0008 0.0003 0.0000 0.0001 0.0000 0.0000 0.0000 0.0000 0.0000 -0.0008 0.0000 0.0000 0.0002 -29.9996 -0.0001 -0.0003 29.9996 0.0000 0.0000 0.0000 -1.1862 -0.2825 178.5930 0.0002 -0.0686 0.0828 -1.7994 67.9297 -1.7148 0.0000 25.3510 0.0000 -4.5580 -6.8621 179.6087 0.0408 -10.1547 -0.0863 13.4997 68.6449 8.0987 0.0000 27.1341 -0.0001 
-1.2323 92.6222 -3.1191 5.7804 2.9167 2.1680 5.6361 2.5015 -1.6618 5.6539 2.5097 -1.6666 5.6530 2.5093 -1.6664 58.8779 83.9827 -41.7173 59.7648 55.0536 51.3456 28.9303 20.1199 91.0637 -1.7615 0.9001 -2.9123 0.0000 0.0000 0.0001 0.0000 0.0000 0.0000 0.0000 -0.0013 -0.0008 0.0000 -0.0004 0.0001 0.0000 0.0000 0.0000 0.0000 0.0000 0.0000 0.0000 0.0002 0.0000 0.0000 -0.0006 0.0003 0.0000 0.0004 -0.0006 0.0000 0.0000 0.0001 0.0000 0.0000 0.0000 0.0000 -0.0010 -0.0002 0.0000 0.0002 30.0001 -0.0001 0.0005 -29.9998 0.0000 0.0000 0.0000 -10.3249 -5.0570 3.5993 -10.3249 -5.0570 3.5993 -6.3158 74.7397 96.6987 -49.0694 63.4956 -18.4040 -38.0206 34.6306 -92.1005 1.0895 -0.2576 2.4004 0.0000 -0.0001 0.0001 0.0000 0.0000 0.0000 0.0000 -0.0006 0.0003 0.0000 -0.0001 0.0001 0.0000 0.0000 0.0000 0.0000 0.0000 0.0000 0.0000 0.0007 0.0001 0.0000 -0.0012 0.0001 0.0000 -0.0008 0.0003 0.0000 0.0001 0.0000 0.0000 0.0000 0.0000 0.0000 -0.0009 0.0000 0.0000 0.0002 -29.9997 -0.0001 -0.0003 29.9996 0.0000 0.0000 0.0000 -1.7922 -0.2626 178.5003 0.0000 0.0000 0.0828 -1.5289 67.8357 -1.5715 0.0000 25.3510 0.0000 -4.9881 -6.7823 179.4924 0.0396 -10.1702 -0.0862 13.7002 68.6629 8.0251 0.0000 27.4155 -0.0001 
-1.2034 92.6055 -3.1489 6.5399 2.8029 2.2294 5.8771 2.5034 -1.5712 5.8967 2.5121 -1.5760 5.8947 2.5112 -1.5755 55.8573 84.2510 -44.9350 59.9468 55.1628 51.4808 29.0643 19.9900 91.0386 -1.7305 0.8673 -2.9249 0.0000 0.0000 0.0001 0.0000 0.0000 0.0000 0.0000 -0.0013 -0.0008 0.0000 -0.0004 0.0001 0.0000 0.0000 0.0000 0.0000 0.0000 0.0000 0.0000 0.0002 0.0000 0.0000 -0.0006 0.0003 0.0000 0.0004 -0.0006 0.0000 0.0000 0.0001 0.0000 0.0000 0.0000 0.0000 -0.0010 -0.0002 0.0000 0.0002 30.0001 -0.0001 0.0005 -29.9998 0.0000 0.0000 0.0000 -10.6474 -4.9978 3.4314 -10.6474 -4.9978 3.4314 -6.6668 74.7285 96.2690 -48.4175 63.5581 -17.4283 -37.9761 34.6235 -92.1579 1.0954 -0.2447 2.3913 0.0000 -0.0001 0.0001 0.0000 0.0000 0.0000 0.0000 -0.0006 0.0003 0.0000 -0.0001 0.0001 0.0000 0.0000 0.0000 0.0000 0.0000 0.0000 0.0000 0.0007 0.0001 0.0000 -0.0012 0.0001 0.0000 -0.0008 0.0003 0.0000 0.0001 0.0000 0.0000 0.0000 0.0000 0.0000 -0.0008 0.0000 0.0000 0.0002 -29.9997 -0.0001 -0.0003 29.9996 0.0000 0.0000 0.0000 -2.3048 -0.2821 178.4554 0.0002 -0.0487 0.0828 -1.2276 67.8125 -1.4476 0.0000 25.3510 0.0000 -5.4161 -6.6989 179.4296 0.0389 -10.1897 -0.0862 13.8688 68.6750 7.9444 0.0000 27.6078 -0.0001 
-1.1654 92.5933 -3.1868 7.2404 2.6738 2.2403 6.0411 2.5017 -1.4721 6.0620 2.5108 -1.4767 6.0592 2.5095 -1.4761 53.0445 84.4317 -47.9122 60.2866 55.3550 51.5955 29.1495 19.8973 91.0243 -1.6942 0.8295 -2.9308 0.0000 0.0000 0.0001 0.0000 0.0000 0.0000 0.0000 -0.0013 -0.0008 0.0000 -0.0004 0.0001 0.0000 0.0000 0.0000 0.0000 0.0000 0.0000 0.0000 0.0002 0.0000 0.0000 -0.0006 0.0003 0.0000 0.0004 -0.0006 0.0000 0.0000 0.0001 0.0000 0.0000 0.0000 0.0000 -0.0010 -0.0002 0.0000 0.0002 30.0001 -0.0001 0.0005 -29.9998 0.0000 0.0000 0.0000 -10.8823 -4.9235 3.2588 -10.8823 -4.9235 3.2588 -7.2441 74.6908 95.6695 -47.8821 63.6841 -16.6469 -37.9273 34.5728 -92.1966 1.1031 -0.2338 2.3915 0.0000 -0.0001 0.0001 0.0000 0.0000 0.0000 0.0000 -0.0006 0.0003 0.0000 -0.0001 0.0001 0.0000 0.0000 0.0000 0.0000 0.0000 0.0000 0.0000 0.0007 0.0001 0.0000 -0.0011 0.0001 0.0000 -0.0008 0.0003 0.0000 0.0001 0.0000 0.0000 0.0000 0.0000 0.0000 -0.0008 0.0000 0.0000 0.0002 -29.9997 -0.0001 -0.0003 29.9996 0.0000 0.0000 0.0000 -2.7060 -0.2308 178.4484 0.0000 0.0001 0.0828 -0.8644 67.7580 -1.3200 0.0000 25.3510 0.0000 -5.7827 -6.6131 179.4024 0.0384 -10.2107 -0.0861 14.0974 68.6670 7.9078 0.0000 27.7186 -0.0001 
-1.1264 92.5817 -3.2314 7.8871 2.5495 2.2246 6.1475 2.4862 -1.3760 6.1692 2.4954 -1.3804 6.1659 2.4940 -1.3798 50.7505 84.5325 -50.3304 60.7422 55.5969 51.7298 29.1864 19.8279 91.0079 -1.6566 0.7914 -2.9314 0.0000 0.0000 0.0001 0.0000 0.0000 0.0000 0.0000 -0.0013 -0.0008 0.0000 -0.0004 0.0001 0.0000 0.0000 0.0000 0.0000 0.0000 0.0000 0.0000 0.0002 0.0000 0.0000 -0.0006 0.0003 0.0000 0.0004 -0.0006 0.0000 0.0000 0.0001 0.0000 0.0000 0.0000 0.0000 -0.0010 -0.0002 0.0000 0.0002 30.0001 -0.0001 0.0005 -29.9998 0.0000 0.0000 0.0000 -11.0624 -4.8285 3.0933 -11.0624 -4.8285 3.0933 -7.8980 74.6621 95.0235 -47.4789 63.8623 -16.0408 -37.8477 34.5026 -92.2152 1.1086 -0.2262 2.3945 0.0000 -0.0001 0.0001 0.0000 0.0000 0.0000 0.0000 -0.0006 0.0003 0.0000 -0.0001 0.0001 0.0000 0.0000 0.0000 0.0000 0.0000 0.0000 0.0000 0.0007 0.0001 0.0000 -0.0012 0.0001 0.0000 -0.0008 0.0003 0.0000 0.0001 0.0000 0.0000 0.0000 0.0000 0.0000 -0.0009 0.0000 0.0000 0.0002 -29.9997 -0.0001 -0.0002 29.9996 0.0000 0.0000 0.0000 -3.0409 -0.2034 178.4619 0.0000 0.0000 0.0828 -0.4865 67.7420 -1.1899 0.0000 25.3510 0.0000 -6.0604 -6.5371 179.3833 0.0379 -10.2396 -0.0861 14.4445 68.6443 7.9578 0.0000 27.7553 -0.0001 
-1.0923 92.5705 -3.2773 8.4767 2.4366 2.1910 6.2093 2.4564 -1.2869 6.2315 2.4654 -1.2910 6.2280 2.4640 -1.2903 48.7987 84.5751 -52.3588 61.2504 55.8569 51.8510 29.1804 19.7869 90.9783 -1.6195 0.7548 -2.9270 0.0000 0.0000 0.0001 0.0000 0.0000 0.0000 0.0000 -0.0013 -0.0008 0.0000 -0.0004 0.0001 0.0000 0.0000 0.0000 0.0000 0.0000 0.0000 0.0000 0.0003 0.0000 0.0000 -0.0007 0.0003 0.0000 0.0004 -0.0006 0.0000 0.0000 0.0001 0.0000 0.0000 0.0000 0.0000 -0.0010 -0.0002 0.0000 0.0003 30.0001 -0.0001 0.0005 -29.9998 0.0000 0.0000 0.0000 -11.1934 -4.7140 2.9341 -11.1934 -4.7140 2.9341 -8.5864 74.6623 94.3667 -47.1747 64.0795 -15.5787 -37.7308 34.4179 -92.2205 1.1121 -0.2218 2.3996 0.0000 -0.0001 0.0001 0.0000 0.0000 0.0000 0.0000 -0.0006 0.0003 0.0000 -0.0001 0.0001 0.0000 0.0000 0.0000 0.0000 0.0000 0.0000 0.0000 0.0007 0.0001 0.0000 -0.0012 0.0001 0.0000 -0.0008 0.0003 0.0000 0.0001 0.0000 0.0000 0.0000 0.0000 0.0000 -0.0008 0.0000 0.0000 0.0002 -29.9996 -0.0001 -0.0003 29.9996 0.0000 0.0000 0.0000 -3.3210 -0.1868 178.4925 0.0001 -0.0163 0.0828 -0.1122 67.7520 -1.0637 0.0000 25.3510 0.0000 -6.2296 -6.4537 179.3676 0.0372 -10.2532 -0.0860 14.9145 68.6076 8.0864 0.0000 27.7691 -0.0001 
-1.0721 92.5624 -3.3157 8.9667 2.3436 2.1450 6.2198 2.4109 -1.2121 6.2419 2.4198 -1.2160 6.2385 2.4184 -1.2154 47.2538 84.5392 -53.8896 61.7786 56.1094 51.9600 29.1196 19.7738 90.9313 -1.5878 0.7244 -2.9192 0.0000 0.0000 0.0001 0.0000 0.0000 0.0000 0.0000 -0.0013 -0.0008 0.0000 -0.0004 0.0001 0.0000 0.0000 0.0000 0.0000 0.0000 0.0000 0.0000 0.0003 -0.0001 0.0000 -0.0006 0.0003 0.0000 0.0004 -0.0006 0.0000 0.0000 0.0001 0.0000 0.0000 0.0000 0.0000 -0.0010 -0.0002 0.0000 0.0003 30.0001 -0.0001 0.0005 -29.9998 0.0000 0.0000 0.0000 -11.2607 -4.5791 2.7876 -11.2607 -4.5791 2.7876 -9.3072 74.7227 93.7088 -46.9312 64.3692 -15.2686 -37.5559 34.2993 -92.1964 1.1127 -0.2216 2.4087 0.0000 -0.0001 0.0001 0.0000 0.0000 0.0000 0.0000 -0.0006 0.0003 0.0000 -0.0001 0.0001 0.0000 0.0000 0.0000 0.0000 0.0000 0.0000 0.0000 0.0007 0.0001 0.0000 -0.0012 0.0001 0.0000 -0.0008 0.0003 0.0000 0.0001 0.0000 0.0000 0.0000 0.0000 0.0000 -0.0008 0.0000 0.0000 0.0002 -29.9997 -0.0001 -0.0003 29.9996 0.0000 0.0000 0.0000 -3.5259 -0.1540 178.5401 0.0000 0.0000 0.0828 0.2128 67.7828 -0.9752 0.0000 25.3510 0.0000 -6.2394 -6.3372 179.3589 0.0370 -10.2216 -0.0860 15.5026 68.5596 8.2862 0.0000 27.7911 -0.0001 
-1.0632 92.5596 -3.3487 9.3523 2.2678 2.0980 6.2103 2.3534 -1.1451 6.2321 2.3620 -1.1486 6.2290 2.3608 -1.1481 45.3333 84.3980 -55.6632 62.3178 56.3273 52.0089 29.0361 19.7835 90.8675 -1.5620 0.7017 -2.9073 0.0000 0.0000 0.0001 0.0000 0.0000 0.0000 0.0000 -0.0013 -0.0008 0.0000 -0.0004 0.0001 0.0000 0.0000 0.0000 0.0000 0.0000 0.0000 0.0000 0.0003 0.0000 0.0000 -0.0006 0.0003 0.0000 0.0004 -0.0006 0.0000 0.0000 0.0001 0.0000 0.0000 0.0000 0.0000 -0.0010 -0.0002 0.0000 0.0002 30.0001 -0.0001 0.0005 -29.9998 0.0000 0.0000 0.0000 -11.2910 -4.4294 2.6465 -11.2910 -4.4294 2.6465 -10.1830 74.8369 92.9452 -46.6604 64.7348 -15.0130 -37.3534 34.1483 -92.1448 1.1120 -0.2236 2.4214 0.0000 -0.0001 0.0001 0.0000 0.0000 0.0000 0.0000 -0.0006 0.0003 0.0000 -0.0001 0.0001 0.0000 0.0000 0.0000 0.0000 0.0000 0.0000 0.0000 0.0007 0.0001 0.0000 -0.0012 0.0001 0.0000 -0.0008 0.0003 0.0000 0.0001 0.0000 0.0000 0.0000 0.0000 0.0000 -0.0009 0.0000 0.0000 0.0002 -29.9996 -0.0001 -0.0003 29.9996 0.0000 0.0000 0.0000 -3.6676 -0.1534 178.5924 0.0003 -0.0485 0.0828 0.4611 67.8755 -0.9358 0.0000 25.3510 0.0000 -6.1401 -6.1920 179.3625 0.0384 -10.1384 -0.0861 16.0894 68.4957 8.4855 0.0000 27.8204 -0.0001 
-1.0616 92.5615 -3.3859 9.6356 2.2059 2.0472 6.1825 2.2859 -1.0861 6.2038 2.2940 -1.0894 6.2011 2.2930 -1.0890 43.4451 84.1867 -57.3142 62.7982 56.4951 51.9916 28.9569 19.8221 90.7897 -1.5430 0.6868 -2.8915 0.0000 0.0000 0.0001 0.0000 0.0000 0.0000 0.0000 -0.0013 -0.0008 0.0000 -0.0004 0.0001 0.0000 0.0000 0.0000 0.0000 0.0000 0.0000 0.0000 0.0002 0.0000 0.0000 -0.0007 0.0003 0.0000 0.0004 -0.0006 0.0000 0.0000 0.0001 0.0000 0.0000 0.0000 0.0000 -0.0010 -0.0002 0.0000 0.0002 30.0001 -0.0001 0.0005 -29.9998 0.0000 0.0000 0.0000 -11.2789 -4.2664 2.5173 -11.2789 -4.2664 2.5173 -11.0832 75.0137 92.1584 -46.2978 65.1588 -14.7208 -37.1407 33.9772 -92.0760 1.1088 -0.2275 2.4344 0.0000 -0.0001 0.0001 0.0000 0.0000 0.0000 0.0000 -0.0006 0.0003 0.0000 -0.0001 0.0001 0.0000 0.0000 0.0000 0.0000 0.0000 0.0000 0.0000 0.0007 0.0001 0.0000 -0.0011 0.0001 0.0000 -0.0008 0.0003 0.0000 0.0001 0.0000 0.0000 0.0000 0.0000 0.0000 -0.0009 0.0000 0.0000 0.0002 -29.9997 -0.0001 -0.0003 29.9996 0.0000 0.0000 0.0000 -3.7464 -0.1319 178.6493 0.0003 -0.0485 0.0828 0.6487 67.9620 -0.9304 0.0000 25.3510 0.0000 -5.9685 -6.0374 179.3836 0.0406 -10.0242 -0.0863 16.6333 68.4169 8.6723 0.0000 27.8563 -0.0001 
-1.0666 92.5686 -3.4376 9.7715 2.1589 1.9943 6.1254 2.2047 -1.0386 6.1459 2.2123 -1.0417 6.1438 2.2115 -1.0414 41.7873 83.9041 -58.6299 63.1568 56.6391 51.8412 28.9641 19.8733 90.7026 -1.5299 0.6815 -2.8667 0.0000 0.0000 0.0001 0.0000 0.0000 0.0000 0.0000 -0.0013 -0.0008 0.0000 -0.0004 0.0001 0.0000 0.0000 0.0000 0.0000 0.0000 0.0000 0.0000 0.0003 0.0000 0.0000 -0.0006 0.0003 0.0000 0.0004 -0.0006 0.0000 0.0000 0.0001 0.0000 0.0000 0.0000 0.0000 -0.0010 -0.0002 0.0000 0.0002 30.0001 -0.0001 0.0005 -29.9998 0.0000 0.0000 0.0000 -11.1914 -4.0814 2.4074 -11.1914 -4.0814 2.4074 -12.0544 75.2698 91.3056 -45.9640 65.6369 -14.4253 -36.9322 33.7698 -92.0342 1.0988 -0.2340 2.4401 0.0000 -0.0001 0.0001 0.0000 0.0000 0.0000 0.0000 -0.0006 0.0003 0.0000 -0.0001 0.0001 0.0000 0.0000 0.0000 0.0000 0.0000 0.0000 0.0000 0.0007 0.0001 0.0000 -0.0012 0.0001 0.0000 -0.0008 0.0003 0.0000 0.0001 0.0000 0.0000 0.0000 0.0000 0.0000 -0.0009 0.0000 0.0000 0.0002 -29.9996 -0.0001 -0.0003 29.9996 0.0000 0.0000 0.0000 -3.7283 -0.1170 178.7067 0.0003 -0.0487 0.0828 0.7680 68.0622 -0.9568 0.0000 25.3510 0.0000 -5.7469 -5.8824 179.4231 0.0425 -9.8842 -0.0864 17.0636 68.3272 8.8364 0.0000 27.8938 -0.0001 
-1.0734 92.5775 -3.4978 9.7965 2.1167 1.9469 6.0387 2.1180 -0.9962 6.0582 2.1251 -0.9991 6.0568 2.1246 -0.9989 40.3954 83.5926 -59.6149 63.4091 56.7249 51.6235 29.0181 19.9710 90.6013 -1.5222 0.6826 -2.8363 0.0000 0.0000 0.0001 0.0000 0.0000 0.0000 0.0000 -0.0013 -0.0008 0.0000 -0.0004 0.0001 0.0000 0.0000 0.0000 0.0000 0.0000 0.0000 0.0000 0.0003 0.0000 0.0000 -0.0006 0.0003 0.0000 0.0004 -0.0006 0.0000 0.0000 0.0001 0.0000 0.0000 0.0000 0.0000 -0.0010 -0.0002 0.0000 0.0003 30.0001 -0.0001 0.0005 -29.9998 0.0000 0.0000 0.0000 -11.0330 -3.8830 2.3081 -11.0330 -3.8830 2.3081 -13.1740 75.5769 90.3328 -45.6896 66.1403 -14.1774 -36.7526 33.5412 -92.0085 1.0843 -0.2412 2.4398 0.0000 -0.0001 0.0001 0.0000 0.0000 0.0000 0.0000 -0.0006 0.0003 0.0000 -0.0001 0.0001 0.0000 0.0000 0.0000 0.0000 0.0000 0.0000 0.0000 0.0007 0.0001 0.0000 -0.0012 0.0001 0.0000 -0.0008 0.0003 0.0000 0.0001 0.0000 0.0000 0.0000 0.0000 0.0000 -0.0008 0.0000 0.0000 0.0002 -29.9996 -0.0001 -0.0003 29.9996 0.0000 0.0000 0.0000 -3.6411 -0.0844 178.7544 0.0001 -0.0162 0.0828 0.8508 68.1481 -0.9840 0.0000 25.3510 0.0000 -5.5404 -5.7193 179.4628 0.0435 -9.7209 -0.0864 17.3644 68.2332 8.9840 0.0000 27.9277 -0.0001 
-1.0799 92.5870 -3.5629 9.7232 2.0752 1.9049 5.9267 2.0311 -0.9556 5.9450 2.0376 -0.9582 5.9445 2.0374 -0.9582 39.0167 83.2267 -60.5447 63.6381 56.7475 51.3809 29.1023 20.0978 90.4886 -1.5184 0.6888 -2.8018 0.0000 0.0000 0.0001 0.0000 0.0000 0.0000 0.0000 -0.0013 -0.0008 0.0000 -0.0004 0.0001 0.0000 0.0000 0.0000 0.0000 0.0000 0.0000 0.0000 0.0002 0.0000 0.0000 -0.0006 0.0003 0.0000 0.0004 -0.0006 0.0000 0.0000 0.0001 0.0000 0.0000 0.0000 0.0000 -0.0010 -0.0002 0.0000 0.0002 30.0001 -0.0001 0.0005 -29.9998 0.0000 0.0000 0.0000 -10.8146 -3.6791 2.2173 -10.8146 -3.6791 2.2173 -14.4135 75.9227 89.2678 -45.4598 66.6554 -13.9824 -36.5975 33.2942 -91.9951 1.0668 -0.2491 2.4356 0.0000 -0.0001 0.0001 0.0000 0.0000 0.0000 0.0000 -0.0006 0.0003 0.0000 -0.0001 0.0001 0.0000 0.0000 0.0000 0.0000 0.0000 0.0000 0.0000 0.0007 0.0001 0.0000 -0.0012 0.0001 0.0000 -0.0008 0.0003 0.0000 0.0001 0.0000 0.0000 0.0000 0.0000 0.0000 -0.0009 0.0000 0.0000 0.0002 -29.9996 -0.0001 -0.0003 29.9996 0.0000 0.0000 0.0000 -3.4986 -0.0619 178.7911 0.0001 -0.0163 0.0828 0.9095 68.2481 -0.9907 0.0000 25.3510 0.0000 -5.3688 -5.5503 179.4975 0.0440 -9.5382 -0.0864 17.5492 68.1281 9.1354 0.0000 27.9609 -0.0001 
-1.0844 92.5959 -3.6386 9.5093 2.0282 1.8677 5.7741 1.9484 -0.9129 5.7909 1.9543 -0.9153 5.7914 1.9545 -0.9154 37.7354 82.8141 -61.3406 63.8305 56.7005 51.1216 29.2127 20.2435 90.3713 -1.5197 0.7011 -2.7646 0.0000 0.0000 0.0001 0.0000 0.0000 0.0000 0.0000 -0.0013 -0.0008 0.0000 -0.0004 0.0001 0.0000 0.0000 0.0000 0.0000 0.0000 0.0000 0.0000 0.0002 0.0000 0.0000 -0.0006 0.0003 0.0000 0.0004 -0.0006 0.0000 0.0000 0.0001 0.0000 0.0000 0.0000 0.0000 -0.0010 -0.0002 0.0000 0.0002 30.0001 -0.0001 0.0005 -29.9998 0.0000 0.0000 0.0000 -10.5007 -3.4735 2.1323 -10.5007 -3.4735 2.1323 -15.7524 76.3150 88.1315 -45.3358 67.1402 -13.8985 -36.4665 33.0184 -92.0394 1.0481 -0.2567 2.4292 0.0000 -0.0001 0.0001 0.0000 0.0000 0.0000 0.0000 -0.0006 0.0003 0.0000 -0.0001 0.0001 0.0000 0.0000 0.0000 0.0000 0.0000 0.0000 0.0000 0.0007 0.0001 0.0000 -0.0012 0.0001 0.0000 -0.0008 0.0003 0.0000 0.0001 0.0000 0.0000 0.0000 0.0000 0.0000 -0.0009 0.0000 0.0000 0.0002 -29.9996 -0.0001 -0.0003 29.9996 0.0000 0.0000 0.0000 -3.2812 -0.0270 178.8129 0.0001 -0.0163 0.0828 0.9435 68.3358 -0.9521 0.0000 25.3510 0.0000 -5.2369 -5.3839 179.5167 0.0436 -9.3464 -0.0863 17.6347 67.9990 9.3516 0.0000 27.9968 -0.0001 
-1.0911 92.6034 -3.7269 9.1848 1.9699 1.8274 5.5831 1.8739 -0.8648 5.5984 1.8792 -0.8669 5.5999 1.8797 -0.8671 36.6587 82.3836 -61.9352 64.0188 56.6211 50.8825 29.3156 20.3785 90.2680 -1.5246 0.7169 -2.7295 0.0000 0.0000 0.0001 0.0000 0.0000 0.0000 0.0000 -0.0013 -0.0008 0.0000 -0.0004 0.0001 0.0000 0.0000 0.0000 0.0000 0.0000 0.0000 0.0000 0.0002 0.0000 0.0000 -0.0006 0.0003 0.0000 0.0004 -0.0006 0.0000 0.0000 0.0001 0.0000 0.0000 0.0000 0.0000 -0.0010 -0.0002 0.0000 0.0002 30.0001 -0.0001 0.0005 -29.9998 0.0000 0.0000 0.0000 -10.1033 -3.2738 2.0484 -10.1033 -3.2738 2.0484 -17.2549 76.6803 86.8676 -45.3373 67.5866 -13.9868 -36.3512 32.7294 -92.1093 1.0333 -0.2629 2.4283 0.0000 -0.0001 0.0001 0.0000 0.0000 0.0000 0.0000 -0.0006 0.0003 0.0000 -0.0001 0.0001 0.0000 0.0000 0.0000 0.0000 0.0000 0.0000 0.0000 0.0007 0.0001 0.0000 -0.0012 0.0001 0.0000 -0.0008 0.0003 0.0000 0.0001 0.0000 0.0000 0.0000 0.0000 0.0000 -0.0009 0.0000 0.0000 0.0002 -29.9996 -0.0001 -0.0003 29.9996 0.0000 0.0000 0.0000 -3.0065 0.0213 178.8323 0.0001 -0.0163 0.0828 0.9489 68.4044 -0.8875 0.0000 25.3510 0.0000 -5.1343 -5.2249 179.5238 0.0428 -9.1703 -0.0861 17.6910 67.8586 9.6685 0.0000 28.0330 -0.0001 
-1.1034 92.6089 -3.8222 8.7620 1.8985 1.7798 5.3583 1.8066 -0.8117 5.3718 1.8113 -0.8135 5.3744 1.8122 -0.8139 35.7540 81.9318 -62.3528 64.1979 56.4940 50.6876 29.3641 20.5385 90.1731 -1.5359 0.7366 -2.7006 0.0000 0.0000 0.0001 0.0000 0.0000 0.0000 0.0000 -0.0013 -0.0008 0.0000 -0.0004 0.0001 0.0000 0.0000 0.0000 0.0000 0.0000 0.0000 0.0000 0.0002 0.0000 0.0000 -0.0006 0.0003 0.0000 0.0004 -0.0006 0.0000 0.0000 0.0001 0.0000 0.0000 0.0000 0.0000 -0.0010 -0.0002 0.0000 0.0002 30.0001 -0.0001 0.0005 -29.9998 0.0000 0.0000 0.0000 -9.6327 -3.0797 1.9664 -9.6327 -3.0797 1.9664 -18.9473 77.0088 85.4703 -45.4459 67.9992 -14.3150 -36.2421 32.4445 -92.1615 1.0248 -0.2681 2.4386 0.0000 -0.0001 0.0001 0.0000 0.0000 0.0000 0.0000 -0.0006 0.0002 0.0000 -0.0001 0.0001 0.0000 0.0000 0.0000 0.0000 0.0000 0.0000 0.0000 0.0007 0.0001 0.0000 -0.0012 0.0001 0.0000 -0.0008 0.0003 0.0000 0.0001 0.0000 0.0000 0.0000 0.0000 0.0000 -0.0009 0.0000 0.0000 0.0002 -29.9996 -0.0001 -0.0003 29.9996 0.0000 0.0000 0.0000 -2.6819 0.0952 178.8580 0.0000 0.0000 0.0828 0.9150 68.4489 -0.8164 0.0000 25.3510 0.0000 -5.0434 -5.0672 179.5244 0.0420 -9.0155 -0.0860 17.7318 67.7186 10.0679 0.0000 28.0675 -0.0001 
-1.1199 92.6118 -3.9209 8.1946 1.8023 1.7174 5.0967 1.7514 -0.7510 5.1083 1.7555 -0.7525 5.1120 1.7568 -0.7530 35.0901 81.4674 -62.5178 64.3871 56.3168 50.5420 29.3417 20.7386 90.0871 -1.5528 0.7592 -2.6765 0.0000 0.0000 0.0001 0.0000 0.0000 0.0000 0.0000 -0.0013 -0.0008 0.0000 -0.0004 0.0001 0.0000 0.0000 0.0000 0.0000 0.0000 0.0000 0.0000 0.0002 0.0000 0.0000 -0.0006 0.0003 0.0000 0.0004 -0.0006 0.0000 0.0000 0.0001 0.0000 0.0000 0.0000 0.0000 -0.0010 -0.0002 0.0000 0.0003 30.0001 -0.0001 0.0005 -29.9998 0.0000 0.0000 0.0000 -9.0726 -2.8991 1.8856 -9.0726 -2.8991 1.8856 -20.7447 77.2980 84.0457 -45.6182 68.3591 -14.9356 -36.1247 32.1721 -92.1640 1.0259 -0.2726 2.4669 0.0000 -0.0001 0.0001 0.0000 0.0000 0.0000 0.0000 -0.0006 0.0003 0.0000 -0.0001 0.0001 0.0000 0.0000 0.0000 0.0000 0.0000 0.0000 0.0000 0.0007 0.0001 0.0000 -0.0012 0.0001 0.0000 -0.0008 0.0003 0.0000 0.0001 0.0000 0.0000 0.0000 0.0000 0.0000 -0.0009 0.0000 0.0000 0.0002 -29.9996 -0.0001 -0.0003 29.9996 0.0000 0.0000 0.0000 -2.2945 0.1966 178.8962 0.0000 0.0001 0.0828 0.7942 68.4845 -0.7616 0.0000 25.3510 0.0000 -4.9357 -4.8986 179.5245 0.0414 -8.8881 -0.0859 17.7421 67.5854 10.5377 0.0000 28.0994 -0.0001 
-1.1341 92.6129 -4.0106 7.5166 1.6807 1.6392 4.8045 1.7052 -0.6791 4.8142 1.7088 -0.6803 4.8189 1.7105 -0.6809 34.6777 81.0254 -62.4342 64.5821 56.1636 50.3965 29.3342 20.9588 90.0457 -1.5692 0.7791 -2.6536 0.0000 0.0000 0.0001 0.0000 0.0000 0.0000 0.0000 -0.0013 -0.0008 0.0000 -0.0004 0.0001 0.0000 0.0000 0.0000 0.0000 0.0000 0.0000 0.0000 0.0002 0.0000 0.0000 -0.0006 0.0003 0.0000 0.0004 -0.0006 0.0000 0.0000 0.0001 0.0000 0.0000 0.0000 0.0000 -0.0010 -0.0002 0.0000 0.0002 30.0001 -0.0001 0.0005 -29.9998 0.0000 0.0000 0.0000 -8.4382 -2.7293 1.7942 -8.4382 -2.7293 1.7942 -22.5498 77.5483 82.6365 -45.8476 68.6888 -15.7176 -36.0283 31.9245 -92.1274 1.0302 -0.2773 2.5020 0.0000 -0.0001 0.0001 0.0000 0.0000 0.0000 0.0000 -0.0006 0.0003 0.0000 -0.0001 0.0001 0.0000 0.0000 0.0000 0.0000 0.0000 0.0000 0.0000 0.0007 0.0001 0.0000 -0.0012 0.0001 0.0000 -0.0008 0.0003 0.0000 0.0001 0.0000 0.0000 0.0000 0.0000 0.0000 -0.0008 0.0000 0.0000 0.0002 -29.9996 -0.0001 -0.0003 29.9996 0.0000 0.0000 0.0000 -1.8569 0.3081 178.9469 0.0005 -0.0625 0.0828 0.5826 68.5455 -0.7581 0.0000 25.3510 0.0000 -4.7882 -4.7231 179.5410 0.0420 -8.7771 -0.0859 17.6861 67.4548 10.9796 0.0000 28.1257 -0.0001 
-1.1477 92.6118 -4.0901 6.7505 1.5366 1.5461 4.4829 1.6689 -0.5986 4.4909 1.6719 -0.5995 4.4963 1.6740 -0.6002 34.4403 80.6250 -62.1919 64.7376 56.0326 50.2534 29.3532 21.2178 90.0210 -1.5848 0.7957 -2.6320 0.0000 0.0000 0.0001 0.0000 0.0000 0.0000 0.0000 -0.0013 -0.0008 0.0000 -0.0004 0.0001 0.0000 0.0000 0.0000 0.0000 0.0000 0.0000 0.0000 0.0002 -0.0001 0.0000 -0.0006 0.0003 0.0000 0.0004 -0.0006 0.0000 0.0000 0.0001 0.0000 0.0000 0.0000 0.0000 -0.0010 -0.0002 0.0000 0.0002 30.0001 -0.0001 0.0005 -29.9998 0.0000 0.0000 0.0000 -7.7363 -2.5704 1.6931 -7.7363 -2.5704 1.6931 -24.2256 77.7461 81.3512 -46.1045 68.9910 -16.5854 -35.9575 31.7225 -92.0263 1.0355 -0.2827 2.5391 0.0000 -0.0001 0.0001 0.0000 0.0000 0.0000 0.0000 -0.0006 0.0003 0.0000 -0.0001 0.0001 0.0000 0.0000 0.0000 0.0000 0.0000 0.0000 0.0000 0.0007 0.0001 0.0000 -0.0012 0.0001 0.0000 -0.0008 0.0003 0.0000 0.0001 0.0000 0.0000 0.0000 0.0000 0.0000 -0.0009 0.0000 0.0000 0.0002 -29.9996 -0.0001 -0.0003 29.9996 0.0000 0.0000 0.0000 -1.3783 0.5197 179.0129 0.0000 0.0001 0.0828 0.2798 68.5392 -0.8275 0.0000 25.3510 0.0000 -4.6089 -4.5483 179.5801 0.0442 -8.6817 -0.0861 17.5354 67.3277 11.3531 0.0000 28.1437 -0.0001 
-1.1677 92.6102 -4.1529 5.8792 1.3618 1.4398 4.1186 1.6462 -0.5153 4.1248 1.6488 -0.5160 4.1309 1.6513 -0.5167 34.3586 80.2694 -61.8156 64.8376 55.9128 50.1046 29.3240 21.5760 89.9927 -1.6019 0.8086 -2.6159 0.0000 0.0000 0.0001 0.0000 0.0000 0.0000 0.0000 -0.0013 -0.0008 0.0000 -0.0004 0.0001 0.0000 0.0000 0.0000 0.0000 0.0000 0.0000 0.0000 0.0002 0.0000 0.0000 -0.0006 0.0003 0.0000 0.0004 -0.0006 0.0000 0.0000 0.0001 0.0000 0.0000 0.0000 0.0000 -0.0010 -0.0002 0.0000 0.0002 30.0001 -0.0001 0.0005 -29.9998 0.0000 0.0000 0.0000 -6.9402 -2.4219 1.5875 -6.9402 -2.4219 1.5875 -25.4444 77.8858 80.4978 -46.4287 69.2068 -17.5400 -35.9113 31.6182 -91.8343 1.0391 -0.2897 2.5711 0.0000 -0.0001 0.0001 0.0000 0.0000 0.0000 0.0000 -0.0006 0.0003 0.0000 -0.0001 0.0001 0.0000 0.0000 0.0000 0.0000 0.0000 0.0000 0.0000 0.0007 0.0001 0.0000 -0.0012 0.0001 0.0000 -0.0008 0.0003 0.0000 0.0001 0.0000 0.0000 0.0000 0.0000 0.0000 -0.0009 0.0000 0.0000 0.0002 -29.9996 -0.0001 -0.0003 29.9996 0.0000 0.0000 0.0000 -0.8450 0.7496 179.0998 0.0000 0.0000 0.0828 -0.1735 68.5566 -1.0425 0.0000 25.3510 0.0000 -4.4037 -4.3643 179.6445 0.0473 -8.5945 -0.0863 17.2084 67.2220 11.5685 0.0000 28.1383 -0.0001 
-1.1917 92.6061 -4.2067 4.9456 1.1644 1.3347 3.7224 1.6336 -0.4397 3.7272 1.6358 -0.4402 3.7336 1.6387 -0.4408 34.3575 79.9418 -61.3733 64.9482 55.7854 49.9212 29.2173 22.0099 89.9707 -1.6182 0.8175 -2.6002 0.0000 0.0000 0.0001 0.0000 0.0000 0.0000 0.0000 -0.0013 -0.0008 0.0000 -0.0004 0.0001 0.0000 0.0000 0.0000 0.0000 0.0000 0.0000 0.0000 0.0002 0.0000 0.0000 -0.0006 0.0003 0.0000 0.0004 -0.0006 0.0000 0.0000 0.0001 0.0000 0.0000 0.0000 0.0000 -0.0010 -0.0002 0.0000 0.0002 30.0001 -0.0001 0.0005 -29.9998 0.0000 0.0000 0.0000 -6.0778 -2.2713 1.4910 -6.0778 -2.2713 1.4910 -26.2680 78.0193 80.0190 -46.8540 69.3302 -18.5407 -35.8865 31.5436 -91.6542 1.0396 -0.2975 2.5962 0.0000 -0.0001 0.0001 0.0000 0.0000 0.0000 0.0000 -0.0006 0.0003 0.0000 -0.0001 0.0001 0.0000 0.0000 0.0000 0.0000 0.0000 0.0000 0.0000 0.0007 0.0001 0.0000 -0.0012 0.0001 0.0000 -0.0008 0.0003 0.0000 0.0001 0.0000 0.0000 0.0000 0.0000 0.0000 -0.0009 0.0000 0.0000 0.0002 -29.9996 -0.0001 -0.0003 29.9996 0.0000 0.0000 0.0000 -0.2899 0.9865 179.1937 0.0003 -0.0487 0.0828 -0.7557 68.5903 -1.3790 0.0000 25.3510 0.0000 -4.1787 -4.1613 179.7129 0.0486 -8.5149 -0.0863 16.7597 67.1510 11.6553 0.0000 28.1119 -0.0001 
-1.2166 92.6006 -4.2556 3.9785 0.9535 1.2400 3.2976 1.6307 -0.3742 3.3010 1.6325 -0.3746 3.3075 1.6357 -0.3752 34.3495 79.6461 -60.9454 65.0817 55.6566 49.6906 29.1050 22.4478 89.9711 -1.6302 0.8231 -2.5801 0.0000 0.0000 0.0001 0.0000 0.0000 0.0000 0.0000 -0.0013 -0.0008 0.0000 -0.0004 0.0001 0.0000 0.0000 0.0000 0.0000 0.0000 0.0000 0.0000 0.0002 -0.0001 0.0000 -0.0006 0.0003 0.0000 0.0004 -0.0006 0.0000 0.0000 0.0001 0.0000 0.0000 0.0000 0.0000 -0.0010 -0.0002 0.0000 0.0002 30.0001 -0.0001 0.0005 -29.9998 0.0000 0.0000 0.0000 -5.1649 -2.1186 1.4054 -5.1649 -2.1186 1.4054 -26.8383 78.1489 79.7847 -47.3388 69.3885 -19.5753 -35.8898 31.4887 -91.4857 1.0386 -0.3059 2.6173 0.0000 -0.0001 0.0001 0.0000 0.0000 0.0000 0.0000 -0.0006 0.0003 0.0000 -0.0001 0.0001 0.0000 0.0000 0.0000 0.0000 0.0000 0.0000 0.0000 0.0007 0.0001 0.0000 -0.0011 0.0001 0.0000 -0.0008 0.0003 0.0000 0.0001 0.0000 0.0000 0.0000 0.0000 0.0000 -0.0008 0.0000 0.0000 0.0002 -29.9996 -0.0001 -0.0003 29.9996 0.0000 0.0000 0.0000 0.2730 1.2648 179.2845 0.0003 -0.0485 0.0828 -1.4283 68.5900 -1.8044 0.0000 25.3510 0.0000 -3.9388 -3.9466 179.7811 0.0494 -8.4367 -0.0864 16.2244 67.1092 11.6346 0.0000 28.0659 -0.0001 
-1.2354 92.5893 -4.3010 2.9921 0.7397 1.1695 2.8290 1.6330 -0.3289 2.8314 1.6344 -0.3291 2.8375 1.6380 -0.3297 34.3297 79.4104 -60.5438 65.1342 55.5040 49.3428 28.9761 22.9129 89.9982 -1.6412 0.8274 -2.5572 0.0000 0.0000 0.0001 0.0000 0.0000 0.0000 0.0000 -0.0013 -0.0008 0.0000 -0.0004 0.0001 0.0000 0.0000 0.0000 0.0000 0.0000 0.0000 0.0000 0.0002 0.0000 0.0000 -0.0006 0.0003 0.0000 0.0004 -0.0006 0.0000 0.0000 0.0001 0.0000 0.0000 0.0000 0.0000 -0.0010 -0.0002 0.0000 0.0002 30.0001 -0.0002 0.0005 -29.9998 0.0000 0.0000 0.0000 -4.1897 -1.9559 1.3437 -4.1897 -1.9559 1.3437 -27.0322 78.2566 79.9193 -47.8611 69.3523 -20.6299 -35.9254 31.4536 -91.3351 1.0379 -0.3142 2.6370 0.0000 -0.0001 0.0001 0.0000 0.0000 0.0000 0.0000 -0.0006 0.0003 0.0000 -0.0001 0.0001 0.0000 0.0000 0.0000 0.0000 0.0000 0.0000 0.0000 0.0007 0.0001 0.0000 -0.0012 0.0001 0.0000 -0.0008 0.0003 0.0000 0.0001 0.0000 0.0000 0.0000 0.0000 0.0000 -0.0009 0.0000 0.0000 0.0002 -29.9996 -0.0001 -0.0003 29.9996 0.0000 0.0000 0.0000 0.8281 1.5721 179.3536 0.0000 0.0000 0.0828 -2.1742 68.5481 -2.2992 0.0000 25.3510 0.0000 -3.6956 -3.7631 179.8430 0.0522 -8.3923 -0.0865 15.5765 67.1088 11.4791 0.0000 27.9917 -0.0001 
-1.2409 92.5749 -4.3451 2.0129 0.5352 1.1300 2.3331 1.6336 -0.3046 2.3345 1.6346 -0.3047 2.3401 1.6385 -0.3054 34.2962 79.2116 -60.1604 65.1201 55.3240 48.8671 28.8139 23.3652 90.0383 -1.6518 0.8339 -2.5297 0.0000 0.0000 0.0001 0.0000 0.0000 0.0000 0.0000 -0.0013 -0.0008 0.0000 -0.0004 0.0001 0.0000 0.0000 0.0000 0.0000 0.0000 0.0000 0.0000 0.0002 -0.0001 0.0000 -0.0006 0.0003 0.0000 0.0004 -0.0006 0.0000 0.0000 0.0001 0.0000 0.0000 0.0000 0.0000 -0.0010 -0.0002 0.0000 0.0002 30.0001 -0.0001 0.0005 -29.9998 0.0000 0.0000 0.0000 -3.1905 -1.7818 1.3068 -3.1905 -1.7818 1.3068 -27.0734 78.3725 80.1985 -48.3345 69.2594 -21.6408 -35.9817 31.3995 -91.2636 1.0411 -0.3220 2.6626 0.0000 -0.0001 0.0001 0.0000 0.0000 0.0000 0.0000 -0.0006 0.0003 0.0000 -0.0001 0.0001 0.0000 0.0000 0.0000 0.0000 0.0000 0.0000 0.0000 0.0007 0.0001 0.0000 -0.0012 0.0001 0.0000 -0.0008 0.0003 0.0000 0.0001 0.0000 0.0000 0.0000 0.0000 0.0000 -0.0009 0.0000 0.0000 0.0002 -29.9996 -0.0001 -0.0003 29.9996 0.0000 0.0000 0.0000 1.3555 1.8208 179.3870 0.0002 -0.0487 0.0828 -2.9227 68.5399 -2.7756 0.0000 25.3510 0.0000 -3.4672 -3.6418 179.8696 0.0550 -8.4029 -0.0867 14.8934 67.1361 11.2818 0.0000 27.8962 -0.0001 
-1.2264 92.5598 -4.3889 1.0496 0.3416 1.1177 1.8235 1.6329 -0.2984 1.8243 1.6337 -0.2985 1.8289 1.6379 -0.2992 34.2774 79.0473 -59.7644 65.1091 55.1343 48.3144 28.6175 23.7452 90.1073 -1.6603 0.8425 -2.4976 0.0000 0.0000 0.0001 0.0000 0.0000 0.0000 0.0000 -0.0013 -0.0008 0.0000 -0.0004 0.0001 0.0000 0.0000 0.0000 0.0000 0.0000 0.0000 0.0000 0.0002 0.0000 0.0000 -0.0006 0.0003 0.0000 0.0004 -0.0006 0.0000 0.0000 0.0001 0.0000 0.0000 0.0000 0.0000 -0.0010 -0.0002 0.0000 0.0002 30.0001 -0.0001 0.0005 -29.9998 0.0000 0.0000 0.0000 -2.1924 -1.6031 1.2903 -2.1924 -1.6031 1.2903 -27.0497 78.4913 80.5409 -48.7544 69.1551 -22.5850 -36.0655 31.3148 -91.2505 1.0455 -0.3296 2.6915 0.0000 -0.0001 0.0001 0.0000 0.0000 0.0000 0.0000 -0.0006 0.0003 0.0000 -0.0001 0.0001 0.0000 0.0000 0.0000 0.0000 0.0000 0.0000 0.0000 0.0007 0.0001 0.0000 -0.0012 0.0001 0.0000 -0.0008 0.0003 0.0000 0.0002 0.0000 0.0000 0.0000 0.0000 0.0000 -0.0009 0.0000 0.0000 0.0002 -29.9996 -0.0001 -0.0003 29.9996 0.0000 0.0000 0.0000 1.8436 2.1064 179.3819 0.0000 0.0001 0.0828 -3.6199 68.4723 -3.1659 0.0000 25.3510 0.0000 -3.2385 -3.5822 179.8471 0.0552 -8.4807 -0.0868 14.2343 67.1930 11.0979 0.0000 27.7442 -0.0001 
-1.1794 92.5423 -4.4410 0.1294 0.1741 1.1404 1.3088 1.6281 -0.3138 1.3093 1.6287 -0.3139 1.3127 1.6330 -0.3147 34.2548 78.9400 -59.3860 65.0051 54.9083 47.6252 28.5644 23.9868 90.2234 -1.6634 0.8559 -2.4506 0.0000 0.0000 0.0001 0.0000 0.0000 0.0000 0.0000 -0.0013 -0.0008 0.0000 -0.0004 0.0001 0.0000 0.0000 0.0000 0.0000 0.0000 0.0000 0.0000 0.0002 0.0000 0.0000 -0.0006 0.0003 0.0000 0.0004 -0.0006 0.0000 0.0000 0.0001 0.0000 0.0000 0.0000 0.0000 -0.0010 -0.0002 0.0000 0.0002 30.0001 -0.0001 0.0005 -29.9998 0.0000 0.0000 0.0000 -1.2211 -1.4298 1.2930 -1.2211 -1.4298 1.2930 -26.9202 78.5848 80.9900 -49.1093 69.0773 -23.4235 -36.1779 31.1950 -91.2802 1.0498 -0.3388 2.7244 0.0000 -0.0001 0.0001 0.0000 0.0000 0.0000 0.0000 -0.0006 0.0003 0.0000 -0.0001 0.0001 0.0000 0.0000 0.0000 0.0000 0.0000 0.0000 0.0000 0.0007 0.0001 0.0000 -0.0011 0.0001 0.0000 -0.0008 0.0003 0.0000 0.0001 0.0000 0.0000 0.0000 0.0000 0.0000 -0.0008 0.0000 0.0000 0.0002 -29.9997 -0.0001 -0.0003 29.9996 0.0000 0.0000 0.0000 2.2548 2.3073 179.3181 0.0002 -0.0485 0.0828 -4.2280 68.4292 -3.4084 0.0000 25.3510 0.0000 -2.9894 -3.6091 179.7547 0.0525 -8.6521 -0.0867 13.6476 67.2909 10.9490 0.0000 27.5363 -0.0001 
-1.1136 92.5228 -4.5115 -0.7549 0.0348 1.1790 0.8066 1.6185 -0.3388 0.8068 1.6190 -0.3389 0.8090 1.6234 -0.3398 34.2819 78.8798 -58.9783 64.7630 54.6571 46.8532 28.5258 24.2042 90.3472 -1.6700 0.8741 -2.4039 0.0000 0.0000 0.0001 0.0000 0.0000 0.0000 0.0000 -0.0013 -0.0008 0.0000 -0.0004 0.0001 0.0000 0.0000 0.0000 0.0000 0.0000 0.0000 0.0000 0.0002 0.0000 0.0000 -0.0006 0.0003 0.0000 0.0004 -0.0006 0.0000 0.0000 0.0001 0.0000 0.0000 0.0000 0.0000 -0.0010 -0.0002 0.0000 0.0002 30.0001 -0.0001 0.0005 -29.9998 0.0000 0.0000 0.0000 -0.2926 -1.2704 1.2987 -0.2926 -1.2704 1.2987 -26.6368 78.6574 81.5746 -49.3765 69.0422 -24.1446 -36.3006 31.0904 -91.3157 1.0528 -0.3515 2.7596 0.0000 -0.0001 0.0001 0.0000 0.0000 0.0000 0.0000 -0.0006 0.0003 0.0000 -0.0001 0.0001 0.0000 0.0000 0.0000 0.0000 0.0000 0.0000 0.0000 0.0007 0.0001 0.0000 -0.0012 0.0001 0.0000 -0.0008 0.0003 0.0000 0.0001 0.0000 0.0000 0.0000 0.0000 0.0000 -0.0009 0.0000 0.0000 0.0002 -29.9996 -0.0001 -0.0003 29.9996 0.0000 0.0000 0.0000 2.6060 2.5114 179.2231 0.0000 0.0000 0.0828 -4.7512 68.3057 -3.5240 0.0000 25.3510 0.0000 -2.7127 -3.7042 179.6375 0.0513 -8.8914 -0.0867 13.0923 67.4160 10.7982 0.0000 27.3350 -0.0001 
-1.0380 92.4986 -4.5956 -1.6149 -0.0835 1.2163 0.3300 1.6079 -0.3665 0.3300 1.6083 -0.3665 0.3309 1.6128 -0.3675 34.3269 78.8401 -58.5668 64.4324 54.3910 46.0477 28.5114 24.4169 90.4494 -1.6783 0.8959 -2.3564 0.0000 0.0000 0.0001 0.0000 0.0000 0.0000 0.0000 -0.0013 -0.0008 0.0000 -0.0004 0.0001 0.0000 0.0000 0.0000 0.0000 0.0000 0.0000 0.0000 0.0002 0.0000 0.0000 -0.0006 0.0003 0.0000 0.0004 -0.0006 0.0000 0.0000 0.0001 0.0000 0.0000 0.0000 0.0000 -0.0010 -0.0002 0.0000 0.0002 30.0001 -0.0001 0.0005 -29.9998 0.0000 0.0000 0.0000 0.5725 -1.1280 1.3063 0.5725 -1.1280 1.3063 -26.2399 78.7338 82.2568 -49.5501 69.0534 -24.7425 -36.4234 31.0025 -91.3682 1.0540 -0.3681 2.7961 0.0000 -0.0001 0.0001 0.0000 0.0000 0.0000 0.0000 -0.0006 0.0002 0.0000 -0.0001 0.0001 0.0000 0.0000 0.0000 0.0000 0.0000 0.0000 0.0000 0.0007 0.0001 0.0000 -0.0012 0.0001 0.0000 -0.0008 0.0003 0.0000 0.0001 0.0000 0.0000 0.0000 0.0000 0.0000 -0.0009 0.0000 0.0000 0.0002 -29.9996 -0.0001 -0.0003 29.9996 0.0000 0.0000 0.0000 2.9191 2.6558 179.1213 0.0000 0.0000 0.0828 -5.2334 68.1772 -3.5702 0.0000 25.3510 0.0000 -2.4043 -3.8481 179.5165 0.0514 -9.1852 -0.0868 12.5614 67.5629 10.6440 0.0000 27.1498 -0.0001 
-0.9604 92.4711 -4.6799 -2.4747 -0.1728 1.2253 -0.0807 1.5949 -0.3930 -0.0807 1.5953 -0.3931 -0.0810 1.5997 -0.3942 34.4831 78.8107 -58.0588 64.0195 54.1102 45.2596 28.5145 24.6263 90.4890 -1.6885 0.9230 -2.3076 0.0000 0.0000 0.0001 0.0000 0.0000 0.0000 0.0000 -0.0013 -0.0008 0.0000 -0.0004 0.0001 0.0000 0.0000 0.0000 0.0000 0.0000 0.0000 0.0000 0.0002 0.0000 0.0000 -0.0006 0.0003 0.0000 0.0004 -0.0006 0.0000 0.0000 0.0001 0.0000 0.0000 0.0000 0.0000 -0.0010 -0.0002 0.0000 0.0002 30.0001 -0.0001 0.0005 -29.9998 0.0000 0.0000 0.0000 1.3232 -1.0119 1.3249 1.3232 -1.0119 1.3249 -25.6811 78.8463 83.1095 -49.7006 69.1292 -25.2152 -36.5141 30.9040 -91.4672 1.0481 -0.3919 2.8297 0.0000 -0.0001 0.0001 0.0000 0.0000 0.0000 0.0000 -0.0006 0.0003 0.0000 -0.0001 0.0001 0.0000 0.0000 0.0000 0.0000 0.0000 0.0000 0.0000 0.0007 0.0001 0.0000 -0.0011 0.0001 0.0000 -0.0008 0.0003 0.0000 0.0001 0.0000 0.0000 0.0000 0.0000 0.0000 -0.0009 0.0000 0.0000 0.0002 -29.9996 -0.0001 -0.0003 29.9996 0.0000 0.0000 0.0000 3.2369 2.7418 179.0470 0.0000 -0.0487 0.0828 -5.6927 68.0594 -3.5796 0.0000 25.3510 0.0000 -2.0073 -4.0433 179.4056 0.0502 -9.5450 -0.0869 12.1284 67.7386 10.5381 0.0000 26.9489 -0.0001 
-0.8939 92.4427 -4.7424 -3.3295 -0.2299 1.2079 -0.4326 1.5744 -0.4158 -0.4327 1.5748 -0.4159 -0.4339 1.5792 -0.4170 34.7569 78.7878 -57.4666 63.6041 53.9030 44.4773 28.6108 24.7802 90.5237 -1.6938 0.9482 -2.2557 0.0000 0.0000 0.0001 0.0000 0.0000 0.0000 0.0000 -0.0013 -0.0008 0.0000 -0.0004 0.0001 0.0000 0.0000 0.0000 0.0000 0.0000 0.0000 0.0000 0.0002 0.0000 0.0000 -0.0006 0.0003 0.0000 0.0004 -0.0006 0.0000 0.0000 0.0001 0.0000 0.0000 0.0000 0.0000 -0.0010 -0.0002 0.0000 0.0002 30.0001 -0.0001 0.0005 -29.9998 0.0000 0.0000 0.0000 1.9771 -0.9163 1.3542 1.9771 -0.9163 1.3542 -25.0404 78.9695 84.0616 -49.9549 69.2687 -25.6757 -36.5492 30.7960 -91.5783 1.0339 -0.4217 2.8578 0.0000 -0.0001 0.0001 0.0000 0.0000 0.0000 0.0000 -0.0006 0.0003 0.0000 -0.0001 0.0001 0.0000 0.0000 0.0000 0.0000 0.0000 0.0000 0.0000 0.0007 0.0001 0.0000 -0.0012 0.0001 0.0000 -0.0008 0.0003 0.0000 0.0001 0.0000 0.0000 0.0000 0.0000 0.0000 -0.0009 0.0000 0.0000 0.0002 -29.9996 -0.0001 -0.0003 29.9996 0.0000 0.0000 0.0000 3.5744 2.8316 179.0087 0.0000 -0.0487 0.0828 -6.1608 67.9334 -3.6161 0.0000 25.3510 0.0000 -1.5460 -4.2441 179.3071 0.0462 -9.8994 -0.0867 11.8048 67.9191 10.5009 0.0000 26.7461 -0.0001 
-0.8429 92.4145 -4.7853 -4.1951 -0.2554 1.1588 -0.7318 1.5487 -0.4282 -0.7320 1.5491 -0.4283 -0.7340 1.5534 -0.4295 35.0879 78.7685 -56.8655 63.2472 53.7280 43.7253 28.7468 24.8877 90.5854 -1.6954 0.9703 -2.2030 0.0000 0.0000 0.0001 0.0000 0.0000 0.0000 0.0000 -0.0013 -0.0008 0.0000 -0.0004 0.0001 0.0000 0.0000 0.0000 0.0000 0.0000 0.0000 0.0000 0.0002 0.0000 0.0000 -0.0006 0.0003 0.0000 0.0004 -0.0006 0.0000 0.0000 0.0001 0.0000 0.0000 0.0000 0.0000 -0.0010 -0.0002 0.0000 0.0002 30.0001 -0.0001 0.0005 -29.9998 0.0000 0.0000 0.0000 2.5583 -0.8434 1.3887 2.5583 -0.8434 1.3887 -24.3920 79.0948 85.0155 -50.2716 69.4690 -26.1009 -36.5385 30.6842 -91.7111 1.0145 -0.4560 2.8827 0.0000 -0.0001 0.0001 0.0000 0.0000 0.0000 0.0000 -0.0006 0.0003 0.0000 -0.0001 0.0001 0.0000 0.0000 0.0000 0.0000 0.0000 0.0000 0.0000 0.0007 0.0001 0.0000 -0.0012 0.0001 0.0000 -0.0008 0.0003 0.0000 0.0001 0.0000 0.0000 0.0000 0.0000 0.0000 -0.0009 0.0000 0.0000 0.0002 -29.9996 -0.0001 -0.0003 29.9996 0.0000 0.0000 0.0000 3.9556 2.9029 179.0144 -0.0001 -0.0485 0.0828 -6.6435 67.8296 -3.6950 0.0000 25.3510 0.0000 -1.0311 -4.4557 179.2391 0.0414 -10.2510 -0.0864 11.5588 68.1020 10.5191 0.0000 26.5297 -0.0001 
-0.8183 92.3942 -4.8191 -5.0906 -0.2364 1.0505 -0.9581 1.5125 -0.4171 -0.9583 1.5130 -0.4173 -0.9610 1.5171 -0.4184 35.5095 78.7736 -56.2398 63.0202 53.6462 43.0278 28.9115 24.8912 90.6877 -1.6878 0.9843 -2.1494 0.0000 0.0000 0.0001 0.0000 0.0000 0.0000 0.0000 -0.0013 -0.0008 0.0000 -0.0004 0.0001 0.0000 0.0000 0.0000 0.0000 0.0000 0.0000 0.0000 0.0002 0.0000 0.0000 -0.0006 0.0003 0.0000 0.0004 -0.0006 0.0000 0.0000 0.0001 0.0000 0.0000 0.0000 0.0000 -0.0010 -0.0002 0.0000 0.0002 30.0001 -0.0001 0.0005 -29.9998 0.0000 0.0000 0.0000 3.0390 -0.7960 1.4279 3.0390 -0.7960 1.4279 -23.7923 79.2392 85.8686 -50.4957 69.7593 -26.3301 -36.4776 30.5692 -91.8542 0.9904 -0.4927 2.9028 0.0000 -0.0001 0.0001 0.0000 0.0000 0.0000 0.0000 -0.0006 0.0003 0.0000 -0.0001 0.0001 0.0000 0.0000 0.0000 0.0000 0.0000 0.0000 0.0000 0.0007 0.0001 0.0000 -0.0011 0.0001 0.0000 -0.0008 0.0003 0.0000 0.0001 0.0000 0.0000 0.0000 0.0000 0.0000 -0.0009 0.0000 0.0000 0.0002 -29.9996 -0.0001 -0.0003 29.9996 0.0000 0.0000 0.0000 4.4300 2.9547 179.0987 0.0000 -0.0163 0.0828 -7.1244 67.7395 -3.8258 0.0000 25.3510 0.0000 -0.4506 -4.6743 179.2462 0.0382 -10.5693 -0.0862 11.3704 68.2709 10.5778 0.0000 26.2399 -0.0001 
-0.8090 92.3789 -4.8628 -5.9897 -0.1842 0.9058 -1.1270 1.4660 -0.3914 -1.1274 1.4665 -0.3915 -1.1304 1.4705 -0.3927 36.1010 78.8211 -55.4656 62.9033 53.6528 42.3769 29.0753 24.7865 90.8361 -1.6722 0.9913 -2.0940 0.0000 0.0000 0.0001 0.0000 0.0000 0.0000 0.0000 -0.0013 -0.0008 0.0000 -0.0004 0.0001 0.0000 0.0000 0.0000 0.0000 0.0000 0.0000 0.0000 0.0002 0.0000 0.0000 -0.0006 0.0003 0.0000 0.0004 -0.0006 0.0000 0.0000 0.0001 0.0000 0.0000 0.0000 0.0000 -0.0010 -0.0002 0.0000 0.0002 30.0001 -0.0001 0.0005 -29.9998 0.0000 0.0000 0.0000 3.4544 -0.7681 1.4698 3.4544 -0.7681 1.4698 -23.2184 79.4083 86.6676 -50.5038 70.1049 -26.3082 -36.3923 30.4297 -92.0190 0.9661 -0.5288 2.9236 0.0000 -0.0001 0.0001 0.0000 0.0000 0.0000 0.0000 -0.0007 0.0003 0.0000 -0.0001 0.0001 0.0000 0.0000 0.0000 0.0000 0.0000 0.0000 0.0000 0.0007 0.0001 0.0000 -0.0012 0.0001 0.0000 -0.0008 0.0003 0.0000 0.0001 0.0000 0.0000 0.0000 0.0000 0.0000 -0.0009 0.0000 0.0000 0.0002 -29.9996 -0.0001 -0.0003 29.9996 0.0000 0.0000 0.0000 4.9697 2.9576 179.2295 0.0000 0.0001 0.0828 -7.5754 67.6721 -3.9813 0.0000 25.3510 0.0000 0.1475 -4.8926 179.3070 0.0364 -10.8344 -0.0861 11.1975 68.4109 10.6450 0.0000 25.9244 -0.0001 
-0.8079 92.3691 -4.9131 -6.8549 -0.1070 0.7411 -1.2598 1.4098 -0.3560 -1.2601 1.4102 -0.3561 -1.2636 1.4141 -0.3571 36.8425 78.9018 -54.5870 62.9383 53.7215 41.8069 29.2147 24.5706 91.0252 -1.6485 0.9914 -2.0372 0.0000 0.0000 0.0001 0.0000 0.0000 0.0000 0.0000 -0.0013 -0.0008 0.0000 -0.0004 0.0001 0.0000 0.0000 0.0000 0.0000 0.0000 0.0000 0.0000 0.0002 0.0000 0.0000 -0.0006 0.0003 0.0000 0.0004 -0.0006 0.0000 0.0000 0.0001 0.0000 0.0000 0.0000 0.0000 -0.0010 -0.0002 0.0000 0.0002 30.0001 -0.0001 0.0005 -29.9998 0.0000 0.0000 0.0000 3.8174 -0.7531 1.5131 3.8174 -0.7531 1.5131 -22.7226 79.5796 87.3759 -50.3121 70.4891 -26.0946 -36.2967 30.2888 -92.1815 0.9439 -0.5637 2.9476 0.0000 -0.0001 0.0001 0.0000 0.0000 0.0000 0.0000 -0.0006 0.0003 0.0000 -0.0001 0.0001 0.0000 0.0000 0.0000 0.0000 0.0000 0.0000 0.0000 0.0007 0.0001 0.0000 -0.0012 0.0001 0.0000 -0.0008 0.0003 0.0000 0.0001 0.0000 0.0000 0.0000 0.0000 0.0000 -0.0009 0.0000 0.0000 0.0002 -29.9996 -0.0001 -0.0003 29.9996 0.0000 0.0000 0.0000 5.5209 2.9164 179.3842 0.0000 0.0001 0.0828 -7.9892 67.6172 -4.1429 0.0000 25.3511 0.0000 0.7222 -5.0957 179.3992 0.0349 -11.0330 -0.0861 11.0428 68.5155 10.7248 0.0000 25.6081 -0.0001 
-0.8137 92.3616 -4.9585 -7.6362 -0.0063 0.5577 -1.3561 1.3462 -0.3093 -1.3565 1.3466 -0.3094 -1.3602 1.3502 -0.3103 37.6727 79.0153 -53.6816 63.1900 53.8505 41.3551 29.2840 24.2800 91.2478 -1.6153 0.9810 -1.9809 0.0000 0.0000 0.0001 0.0000 0.0000 0.0000 0.0000 -0.0013 -0.0008 0.0000 -0.0004 0.0001 0.0000 0.0000 0.0000 0.0000 0.0000 0.0000 0.0000 0.0002 0.0000 0.0000 -0.0006 0.0003 0.0000 0.0004 -0.0006 0.0000 0.0000 0.0001 0.0000 0.0000 0.0000 0.0000 -0.0010 -0.0002 0.0000 0.0002 30.0001 -0.0001 0.0005 -29.9998 0.0000 0.0000 0.0000 4.1158 -0.7575 1.5551 4.1158 -0.7575 1.5551 -22.3177 79.7285 87.9708 -49.8806 70.9202 -25.6721 -36.2015 30.1452 -92.3585 0.9266 -0.5980 2.9810 0.0000 -0.0001 0.0001 0.0000 0.0000 0.0000 0.0000 -0.0006 0.0003 0.0000 -0.0001 0.0001 0.0000 0.0000 0.0000 0.0000 0.0000 0.0000 0.0000 0.0007 0.0001 0.0000 -0.0012 0.0001 0.0000 -0.0008 0.0003 0.0000 0.0001 0.0000 0.0000 0.0000 0.0000 0.0000 -0.0009 0.0000 0.0000 0.0002 -29.9996 -0.0001 -0.0003 29.9996 0.0000 0.0000 0.0000 6.0421 2.8172 179.5600 -0.0002 -0.0487 0.0828 -8.3517 67.5882 -4.3095 0.0000 25.3510 0.0000 1.2320 -5.2578 179.5245 0.0336 -11.1228 -0.0860 10.9272 68.5587 10.8277 0.0000 25.3623 -0.0001 
-0.8291 92.3603 -4.9914 -8.3123 0.0945 0.3721 -1.4370 1.2767 -0.2591 -1.4374 1.2771 -0.2592 -1.4413 1.2806 -0.2600 38.6391 79.1736 -52.6764 63.5113 54.0074 40.9915 29.3039 24.0564 91.4394 -1.5768 0.9626 -1.9261 0.0000 0.0000 0.0001 0.0000 0.0000 0.0000 0.0000 -0.0013 -0.0008 0.0000 -0.0004 0.0001 0.0000 0.0000 0.0000 0.0000 0.0000 0.0000 0.0000 0.0002 -0.0001 0.0000 -0.0006 0.0003 0.0000 0.0004 -0.0006 0.0000 0.0000 0.0001 0.0000 0.0000 0.0000 0.0000 -0.0010 -0.0002 0.0000 0.0002 30.0001 -0.0001 0.0005 -29.9998 0.0000 0.0000 0.0000 4.3661 -0.7633 1.5952 4.3661 -0.7633 1.5952 -21.9700 79.8955 88.4979 -49.3159 71.3604 -25.1524 -36.1259 30.0220 -92.5280 0.9103 -0.6320 3.0148 0.0000 -0.0001 0.0001 0.0000 0.0000 0.0000 0.0000 -0.0006 0.0003 0.0000 -0.0001 0.0001 0.0000 0.0000 0.0000 0.0000 0.0000 0.0000 0.0000 0.0007 0.0001 0.0000 -0.0012 0.0001 0.0000 -0.0008 0.0003 0.0000 0.0001 0.0000 0.0000 0.0000 0.0000 0.0000 -0.0008 0.0000 0.0000 0.0002 -29.9997 -0.0001 -0.0003 29.9996 0.0000 0.0000 0.0000 6.4958 2.7376 179.7472 -0.0002 -0.0487 0.0828 -8.6784 67.5367 -4.4860 0.0000 25.3510 0.0000 1.6535 -5.3906 179.6651 0.0329 -11.1583 -0.0859 10.8463 68.5659 10.9419 0.0000 25.1337 -0.0001 
-0.8566 92.3642 -5.0133 -8.8712 0.1902 0.2023 -1.5073 1.2041 -0.2139 -1.5077 1.2045 -0.2140 -1.5118 1.2077 -0.2146 39.7290 79.3632 -51.5555 63.8823 54.2277 40.6907 29.3090 23.8833 91.5889 -1.5319 0.9367 -1.8711 0.0000 0.0000 0.0001 0.0000 0.0000 0.0000 0.0000 -0.0013 -0.0008 0.0000 -0.0004 0.0001 0.0000 0.0000 0.0000 0.0000 0.0000 0.0000 0.0000 0.0002 0.0000 0.0000 -0.0006 0.0003 0.0000 0.0004 -0.0006 0.0000 0.0000 0.0001 0.0000 0.0000 0.0000 0.0000 -0.0010 -0.0002 0.0000 0.0002 30.0001 -0.0001 0.0005 -29.9998 0.0000 0.0000 0.0000 4.5663 -0.7682 1.6338 4.5663 -0.7682 1.6338 -21.6179 80.0799 89.0583 -48.6980 71.7702 -24.6199 -36.0564 29.9115 -92.6905 0.8950 -0.6652 3.0489 0.0000 -0.0001 0.0001 0.0000 0.0000 0.0000 0.0000 -0.0006 0.0003 0.0000 -0.0001 0.0001 0.0000 0.0000 0.0000 0.0000 0.0000 0.0000 0.0000 0.0007 0.0001 0.0000 -0.0011 0.0001 0.0000 -0.0008 0.0003 0.0000 0.0001 0.0000 0.0000 0.0000 0.0000 0.0000 -0.0009 0.0000 0.0000 0.0002 -29.9996 -0.0001 -0.0003 29.9996 0.0000 0.0000 0.0000 6.8612 2.6841 179.9308 0.0000 0.0001 0.0828 -8.9827 67.4635 -4.6805 0.0000 25.3510 0.0000 1.9690 -5.4861 179.8043 0.0326 -11.1343 -0.0859 10.7817 68.5391 11.0501 0.0000 24.9956 -0.0001 
-0.8992 92.3792 -5.0179 -9.2480 0.2725 0.0687 -1.5723 1.1313 -0.1827 -1.5727 1.1317 -0.1828 -1.5770 1.1347 -0.1833 41.0648 79.5905 -50.2715 64.3308 54.4823 40.5184 29.2976 23.8002 91.6756 -1.4799 0.9019 -1.8166 0.0000 0.0000 0.0001 0.0000 0.0000 0.0000 0.0000 -0.0013 -0.0008 0.0000 -0.0004 0.0001 0.0000 0.0000 0.0000 0.0000 0.0000 0.0000 0.0000 0.0002 0.0000 0.0000 -0.0006 0.0003 0.0000 0.0004 -0.0006 0.0000 0.0000 0.0001 0.0000 0.0000 0.0000 0.0000 -0.0010 -0.0002 0.0000 0.0002 30.0001 -0.0001 0.0005 -29.9998 0.0000 0.0000 0.0000 4.7042 -0.7708 1.6683 4.7042 -0.7708 1.6683 -21.1980 80.2568 89.7048 -48.2035 72.1095 -24.1931 -35.9689 29.7949 -92.8474 0.8796 -0.6955 3.0786 0.0000 -0.0001 0.0001 0.0000 0.0000 0.0000 0.0000 -0.0006 0.0003 0.0000 -0.0001 0.0001 0.0000 0.0000 0.0000 0.0000 0.0000 0.0000 0.0000 0.0007 0.0001 0.0000 -0.0012 0.0001 0.0000 -0.0008 0.0003 0.0000 0.0001 0.0000 0.0000 0.0000 0.0000 0.0000 -0.0009 0.0000 0.0000 0.0002 -29.9996 -0.0001 -0.0003 29.9996 0.0000 0.0000 0.0000 7.0768 2.6204 -179.9040 0.0000 0.0000 0.0828 -9.2760 67.4234 -4.9115 0.0000 25.0252 0.0000 2.1207 -5.5272 179.9354 0.0330 -11.0426 -0.0859 10.7250 68.4737 11.1435 0.0000 24.9948 -0.0001 
-0.9516 92.3962 -5.0091 -9.4908 0.3456 -0.0290 -1.6328 1.0565 -0.1649 -1.6332 1.0568 -0.1649 -1.6377 1.0597 -0.1654 42.6379 79.8655 -48.7636 64.6741 54.7918 40.3769 29.2749 23.8242 91.6894 -1.4283 0.8641 -1.7677 0.0000 0.0000 0.0001 0.0000 0.0000 0.0000 0.0000 -0.0013 -0.0008 0.0000 -0.0004 0.0001 0.0000 0.0000 0.0000 0.0000 0.0000 0.0000 0.0000 0.0003 0.0000 0.0000 -0.0006 0.0003 0.0000 0.0004 -0.0006 0.0000 0.0000 0.0001 0.0000 0.0000 0.0000 0.0000 -0.0010 -0.0002 0.0000 0.0002 30.0001 -0.0001 0.0005 -29.9998 0.0000 0.0000 0.0000 4.7960 -0.7658 1.6948 4.7960 -0.7658 1.6948 -20.7911 80.3960 90.3270 -47.9086 72.3903 -23.9071 -35.8729 29.6821 -92.9652 0.8629 -0.7212 3.0987 0.0000 -0.0001 0.0001 0.0000 0.0000 0.0000 0.0000 -0.0006 0.0003 0.0000 -0.0001 0.0001 0.0000 0.0000 0.0000 0.0000 0.0000 0.0000 0.0000 0.0007 0.0001 0.0000 -0.0012 0.0001 0.0000 -0.0008 0.0003 0.0000 0.0001 0.0000 0.0000 0.0000 0.0000 0.0000 -0.0009 0.0000 0.0000 0.0002 -29.9996 -0.0001 -0.0003 29.9996 0.0000 0.0000 0.0000 7.1774 2.5690 -179.7670 0.0000 0.0000 0.0828 -9.5440 67.3967 -5.1354 0.0000 25.0252 0.0000 2.1608 -5.5327 -179.9455 0.0340 -10.9166 -0.0859 10.6723 68.3915 11.2201 0.0000 24.9938 -0.0001 
-1.0099 92.4147 -4.9941 -9.6317 0.4110 -0.0959 -1.6853 0.9807 -0.1580 -1.6858 0.9810 -0.1580 -1.6904 0.9837 -0.1585 44.5503 80.1839 -46.9485 64.8978 55.1357 40.2712 29.2330 23.8898 91.6710 -1.3808 0.8269 -1.7272 0.0000 0.0000 0.0001 0.0000 0.0000 0.0000 0.0000 -0.0013 -0.0008 0.0000 -0.0004 0.0001 0.0000 0.0000 0.0000 0.0000 0.0000 0.0000 0.0000 0.0002 0.0000 0.0000 -0.0006 0.0003 0.0000 0.0004 -0.0006 0.0000 0.0000 0.0001 0.0000 0.0000 0.0000 0.0000 -0.0010 -0.0002 0.0000 0.0002 30.0001 -0.0001 0.0005 -29.9998 0.0000 0.0000 0.0000 4.8452 -0.7547 1.7114 4.8452 -0.7547 1.7114 -20.4298 80.4961 90.8803 -47.7705 72.6166 -23.7362 -35.7801 29.5878 -93.0347 0.8461 -0.7419 3.1094 0.0000 -0.0001 0.0001 0.0000 0.0000 0.0000 0.0000 -0.0006 0.0003 0.0000 -0.0001 0.0001 0.0000 0.0000 0.0000 0.0000 0.0000 0.0000 0.0000 0.0007 0.0001 0.0000 -0.0012 0.0001 0.0000 -0.0008 0.0003 0.0000 0.0001 0.0000 0.0000 0.0000 0.0000 0.0000 -0.0009 0.0000 0.0000 0.0002 -29.9996 -0.0001 -0.0003 29.9996 0.0000 0.0000 0.0000 7.1941 2.4901 -179.6582 -0.0001 -0.0682 0.0828 -9.7907 67.4154 -5.3510 0.0000 25.0252 0.0000 2.1213 -5.5243 -179.8440 0.0345 -10.7858 -0.0860 10.6411 68.3050 11.2996 0.0000 24.9926 -0.0001 
-1.0766 92.4304 -4.9843 -9.6539 0.4609 -0.1221 -1.7149 0.9053 -0.1641 -1.7154 0.9056 -0.1641 -1.7200 0.9080 -0.1646 47.1059 80.5528 -44.5557 64.9393 55.5217 40.2320 29.1530 23.9297 91.6480 -1.3426 0.7939 -1.7025 0.0000 0.0000 0.0001 0.0000 0.0000 0.0000 0.0000 -0.0013 -0.0008 0.0000 -0.0004 0.0001 0.0000 0.0000 0.0000 0.0000 0.0000 0.0000 0.0000 0.0002 0.0000 0.0000 -0.0006 0.0003 0.0000 0.0004 -0.0006 0.0000 0.0000 0.0001 0.0000 0.0000 0.0000 0.0000 -0.0010 -0.0002 0.0000 0.0003 30.0001 -0.0001 0.0005 -29.9998 0.0000 0.0000 0.0000 4.8233 -0.7344 1.7103 4.8233 -0.7344 1.7103 -20.1867 80.5500 91.3053 -47.7805 72.7259 -23.7224 -35.7038 29.5329 -93.0470 0.8346 -0.7540 3.1130 0.0000 -0.0001 0.0001 0.0000 0.0000 0.0000 0.0000 -0.0006 0.0003 0.0000 -0.0001 0.0001 0.0000 0.0000 0.0000 0.0000 0.0000 0.0000 0.0000 0.0007 0.0001 0.0000 -0.0012 0.0001 0.0000 -0.0008 0.0003 0.0000 0.0001 0.0000 0.0000 0.0000 0.0000 0.0000 -0.0008 0.0000 0.0000 0.0002 -29.9996 -0.0001 -0.0003 29.9996 0.0000 0.0000 0.0000 7.1252 2.4854 -179.5876 0.0000 0.0000 0.0828 -9.9455 67.3769 -5.4841 0.0000 25.0253 0.0000 1.9992 -5.5230 -179.7739 0.0342 -10.7000 -0.0859 10.6549 68.2328 11.4063 0.0000 24.9912 -0.0001 
-1.1453 92.4473 -4.9871 -9.6019 0.4906 -0.1211 -1.7178 0.8366 -0.1769 -1.7183 0.8369 -0.1770 -1.7230 0.8392 -0.1775 50.1954 80.9285 -41.7038 64.8329 55.9480 40.2300 29.0652 23.9168 91.6427 -1.3133 0.7654 -1.6923 0.0000 0.0000 0.0001 0.0000 0.0000 0.0000 0.0000 -0.0013 -0.0008 0.0000 -0.0004 0.0001 0.0000 0.0000 0.0000 0.0000 0.0000 0.0000 0.0000 0.0002 0.0000 0.0000 -0.0006 0.0003 0.0000 0.0004 -0.0006 0.0000 0.0000 0.0001 0.0000 0.0000 0.0000 0.0000 -0.0010 -0.0002 0.0000 0.0002 30.0001 -0.0001 0.0005 -29.9998 0.0000 0.0000 0.0000 4.7398 -0.7129 1.6935 4.7398 -0.7129 1.6935 -20.1023 80.5281 91.4911 -47.8263 72.7813 -23.7020 -35.6404 29.5121 -93.0331 0.8287 -0.7595 3.1133 0.0000 -0.0001 0.0001 0.0000 0.0000 0.0000 0.0000 -0.0006 0.0003 0.0000 -0.0001 0.0001 0.0000 0.0000 0.0000 0.0000 0.0000 0.0000 0.0000 0.0007 0.0001 0.0000 -0.0012 0.0001 0.0000 -0.0008 0.0003 0.0000 0.0001 0.0000 0.0000 0.0000 0.0000 0.0000 -0.0008 0.0000 0.0000 0.0002 -29.9996 -0.0001 -0.0003 29.9996 0.0000 0.0000 0.0000 7.0145 2.4533 -179.5446 0.0000 0.0001 0.0828 -10.0504 67.3715 -5.5749 0.0000 25.0252 0.0000 1.8366 -5.5286 -179.7349 0.0327 -10.6622 -0.0858 10.7285 68.1705 11.5706 0.0000 24.9895 -0.0001 
-1.2133 92.4648 -5.0007 -9.4913 0.4987 -0.0997 -1.6953 0.7764 -0.1939 -1.6958 0.7767 -0.1940 -1.7004 0.7788 -0.1946 53.7386 81.2877 -38.4772 64.6522 56.4172 40.2544 28.9873 23.8388 91.6682 -1.2890 0.7386 -1.6923 0.0000 0.0000 0.0001 0.0000 0.0000 0.0000 0.0000 -0.0013 -0.0008 0.0000 -0.0004 0.0001 0.0000 0.0000 0.0000 0.0000 0.0000 0.0000 0.0000 0.0002 0.0000 0.0000 -0.0006 0.0003 0.0000 0.0004 -0.0006 0.0000 0.0000 0.0001 0.0000 0.0000 0.0000 0.0000 -0.0010 -0.0002 0.0000 0.0002 30.0001 -0.0001 0.0005 -29.9998 0.0000 0.0000 0.0000 4.6038 -0.6927 1.6633 4.6037 -0.6927 1.6633 -20.1744 80.4339 91.4451 -47.9605 72.7869 -23.7112 -35.5839 29.5276 -93.0007 0.8273 -0.7595 3.1094 0.0000 -0.0001 0.0001 0.0000 0.0000 0.0000 0.0000 -0.0006 0.0003 0.0000 -0.0001 0.0001 0.0000 0.0000 0.0000 0.0000 0.0000 0.0000 0.0000 0.0007 0.0001 0.0000 -0.0012 0.0001 0.0000 -0.0008 0.0003 0.0000 0.0001 0.0000 0.0000 0.0000 0.0000 0.0000 -0.0008 0.0000 0.0000 0.0002 -29.9996 -0.0001 -0.0003 29.9996 0.0000 0.0000 0.0000 6.8758 2.4320 -179.5226 0.0000 0.0000 0.0828 -10.1032 67.3660 -5.6199 0.0000 25.0252 0.0000 1.6427 -5.5318 -179.7170 0.0314 -10.6612 -0.0856 10.8520 68.1137 11.7840 0.0000 24.9876 -0.0001 
-1.2790 92.4911 -5.0281 -9.3034 0.4688 -0.0546 -1.6335 0.7331 -0.2155 -1.6339 0.7333 -0.2155 -1.6384 0.7353 -0.2162 57.6763 81.6064 -34.9785 64.4665 56.9401 40.3543 28.9155 23.6113 91.7665 -1.2702 0.7135 -1.7070 0.0000 0.0000 0.0001 0.0000 0.0000 0.0000 0.0000 -0.0013 -0.0008 0.0000 -0.0004 0.0001 0.0000 0.0000 0.0000 0.0000 0.0000 0.0000 0.0000 0.0002 0.0000 0.0000 -0.0006 0.0003 0.0000 0.0004 -0.0006 0.0000 0.0000 0.0001 0.0000 0.0000 0.0000 0.0000 -0.0010 -0.0002 0.0000 0.0003 30.0001 -0.0001 0.0005 -29.9998 0.0000 0.0000 0.0000 4.3943 -0.6788 1.6185 4.3943 -0.6788 1.6185 -20.4884 80.2195 91.0522 -48.3153 72.7149 -23.8233 -35.5325 29.5995 -92.9521 0.8313 -0.7523 3.0984 0.0000 -0.0001 0.0001 0.0000 0.0000 0.0000 0.0000 -0.0006 0.0003 0.0000 -0.0001 0.0001 0.0000 0.0000 0.0000 0.0000 0.0000 0.0000 0.0000 0.0007 0.0001 0.0000 -0.0011 0.0001 0.0000 -0.0008 0.0003 0.0000 0.0001 0.0000 0.0000 0.0000 0.0000 0.0000 -0.0009 0.0000 0.0000 0.0002 -29.9996 -0.0001 -0.0003 29.9996 0.0000 0.0000 0.0000 6.7021 2.4336 -179.5245 0.0000 0.0000 0.0828 -10.0843 67.3629 -5.6051 0.0000 25.0251 0.0000 1.3991 -5.5197 -179.7287 0.0291 -10.7010 -0.0854 11.0562 68.0516 12.0869 0.0000 24.9851 -0.0001 
-1.3476 92.5233 -5.0646 -9.0615 0.4116 0.0006 -1.5330 0.7020 -0.2380 -1.5334 0.7022 -0.2381 -1.5376 0.7041 -0.2388 61.8130 81.8746 -31.3547 64.3617 57.4996 40.5447 28.8352 23.2525 91.9104 -1.2526 0.6887 -1.7300 0.0000 0.0000 0.0001 0.0000 0.0000 0.0000 0.0000 -0.0013 -0.0008 0.0000 -0.0004 0.0001 0.0000 0.0000 0.0000 0.0000 0.0000 0.0000 0.0000 0.0002 -0.0001 0.0000 -0.0006 0.0003 0.0000 0.0004 -0.0006 0.0000 0.0000 0.0001 0.0000 0.0000 0.0000 0.0000 -0.0010 -0.0002 0.0000 0.0002 30.0001 -0.0001 0.0005 -29.9998 0.0000 0.0000 0.0000 4.1246 -0.6699 1.5689 4.1246 -0.6699 1.5689 -20.9703 79.9434 90.4115 -48.7746 72.5821 -23.9646 -35.4853 29.7037 -92.9105 0.8400 -0.7390 3.0825 0.0000 -0.0001 0.0001 0.0000 0.0000 0.0000 0.0000 -0.0006 0.0003 0.0000 -0.0001 0.0001 0.0000 0.0000 0.0000 0.0000 0.0000 0.0000 0.0000 0.0007 0.0001 0.0000 -0.0012 0.0001 0.0000 -0.0008 0.0003 0.0000 0.0002 0.0000 0.0000 0.0000 0.0000 0.0000 -0.0009 0.0000 0.0000 0.0002 -29.9997 -0.0001 -0.0003 29.9996 0.0000 0.0000 0.0000 6.5070 2.4437 -179.5335 0.0000 -0.0163 0.0828 -10.0064 67.3701 -5.5421 0.0000 25.3510 0.0000 1.1140 -5.5041 -179.7537 0.0261 -10.7840 -0.0852 11.3370 67.9796 12.4886 0.0000 24.9819 -0.0001 
-1.4237 92.5621 -5.1067 -8.7772 0.3371 0.0559 -1.3962 0.6807 -0.2580 -1.3964 0.6809 -0.2581 -1.4004 0.6828 -0.2588 65.9829 82.1037 -27.7411 64.2867 58.0662 40.7985 28.7571 22.8481 92.0585 -1.2362 0.6641 -1.7593 0.0000 0.0000 0.0001 0.0000 0.0000 0.0000 0.0000 -0.0013 -0.0008 0.0000 -0.0004 0.0001 0.0000 0.0000 0.0000 0.0000 0.0000 0.0000 0.0000 0.0002 0.0000 0.0000 -0.0006 0.0003 0.0000 0.0004 -0.0006 0.0000 0.0000 0.0001 0.0000 0.0000 0.0000 0.0000 -0.0010 -0.0002 0.0000 0.0002 30.0001 -0.0001 0.0005 -29.9998 0.0000 0.0000 0.0000 3.8000 -0.6643 1.5193 3.8000 -0.6643 1.5193 -21.5738 79.6123 89.5900 -49.2992 72.4000 -24.1096 -35.4311 29.8050 -92.8912 0.8535 -0.7200 3.0661 0.0000 -0.0001 0.0001 0.0000 0.0000 0.0000 0.0000 -0.0006 0.0003 0.0000 -0.0001 0.0001 0.0000 0.0000 0.0000 0.0000 0.0000 0.0000 0.0000 0.0007 0.0001 0.0000 -0.0012 0.0001 0.0000 -0.0008 0.0003 0.0000 0.0001 0.0000 0.0000 0.0000 0.0000 0.0000 -0.0009 0.0000 0.0000 0.0002 -29.9996 -0.0001 -0.0003 29.9996 0.0000 0.0000 0.0000 6.2943 2.4788 -179.5387 0.0000 0.0000 0.0828 -9.8659 67.3620 -5.4192 0.0000 25.3510 0.0000 0.7980 -5.4948 -179.7814 0.0223 -10.9108 -0.0848 11.6925 67.9023 12.9789 0.0000 24.9780 -0.0001 
-1.5125 92.6058 -5.1537 -8.4385 0.2505 0.1003 -1.2032 0.6708 -0.2700 -1.2034 0.6710 -0.2700 -1.2068 0.6729 -0.2708 69.8261 82.3106 -24.4638 64.2153 58.6215 41.0953 28.6922 22.4386 92.1922 -1.2214 0.6393 -1.7958 0.0000 0.0000 0.0001 0.0000 0.0000 0.0000 0.0000 -0.0013 -0.0008 0.0000 -0.0004 0.0001 0.0000 0.0000 0.0000 0.0000 0.0000 0.0000 0.0000 0.0002 0.0000 0.0000 -0.0006 0.0003 0.0000 0.0004 -0.0006 0.0000 0.0000 0.0001 0.0000 0.0000 0.0000 0.0000 -0.0010 -0.0002 0.0000 0.0002 30.0001 -0.0001 0.0005 -29.9998 0.0000 0.0000 0.0000 3.3984 -0.6667 1.4736 3.3984 -0.6667 1.4736 -22.2866 79.2291 88.6059 -49.6251 72.2465 -24.0081 -35.4601 29.8517 -92.8751 0.8694 -0.6944 3.0488 0.0000 -0.0001 0.0001 0.0000 0.0000 0.0000 0.0000 -0.0007 0.0003 0.0000 -0.0001 0.0001 0.0000 0.0000 0.0000 0.0000 0.0000 0.0000 0.0000 0.0007 0.0001 0.0000 -0.0012 0.0001 0.0000 -0.0008 0.0003 0.0000 0.0001 0.0000 0.0000 0.0000 0.0000 0.0000 -0.0009 0.0000 0.0000 0.0002 -29.9996 -0.0001 -0.0003 29.9996 0.0000 0.0000 0.0000 6.0445 2.5076 -179.5249 0.0000 0.0001 0.0828 -9.6461 67.3597 -5.1987 0.0000 25.3510 0.0000 0.4619 -5.4815 -179.7998 0.0174 -11.0529 -0.0844 12.1625 67.7991 13.5813 0.0000 24.9731 -0.0001 
-1.6041 92.6535 -5.2191 -8.0736 0.1648 0.1290 -0.9594 0.6662 -0.2721 -0.9595 0.6664 -0.2722 -0.9623 0.6683 -0.2730 73.3752 82.5151 -21.4499 64.0862 59.1414 41.4199 28.6407 22.0872 92.2991 -1.2099 0.6149 -1.8399 0.0000 0.0000 0.0001 0.0000 0.0000 0.0000 0.0000 -0.0013 -0.0008 0.0000 -0.0004 0.0001 0.0000 0.0000 0.0000 0.0000 0.0000 0.0000 0.0000 0.0002 0.0000 0.0000 -0.0006 0.0003 0.0000 0.0004 -0.0006 0.0000 0.0000 0.0001 0.0000 0.0000 0.0000 0.0000 -0.0010 -0.0002 0.0000 0.0002 30.0001 -0.0001 0.0005 -29.9998 0.0000 0.0000 0.0000 2.9382 -0.6741 1.4321 2.9382 -0.6741 1.4321 -23.0231 78.8475 87.5815 -49.7236 72.0529 -23.7726 -35.5133 29.9397 -92.8295 0.8927 -0.6641 3.0353 0.0000 -0.0001 0.0001 0.0000 0.0000 0.0000 0.0000 -0.0006 0.0003 0.0000 -0.0001 0.0001 0.0000 0.0000 0.0000 0.0000 0.0000 0.0000 0.0000 0.0007 0.0001 0.0000 -0.0012 0.0001 0.0000 -0.0008 0.0003 0.0000 0.0001 0.0000 0.0000 0.0000 0.0000 0.0000 -0.0008 0.0000 0.0000 0.0002 -29.9996 -0.0001 -0.0003 29.9996 0.0000 0.0000 0.0000 5.7814 2.5175 -179.4960 0.0000 0.0001 0.0828 -9.3198 67.3394 -4.8508 0.0000 25.3510 0.0000 0.1642 -5.4574 -179.8042 0.0113 -11.1492 -0.0838 12.6946 67.6476 14.2016 0.0000 24.9676 -0.0001 
-1.6964 92.7027 -5.3082 -7.6990 0.0852 0.1384 -0.6696 0.6635 -0.2641 -0.6697 0.6636 -0.2641 -0.6716 0.6656 -0.2649 76.6538 82.7237 -18.6700 63.9010 59.6316 41.7583 28.6057 21.7904 92.3770 -1.2009 0.5908 -1.8899 0.0000 0.0000 0.0001 0.0000 0.0000 0.0000 0.0000 -0.0013 -0.0008 0.0000 -0.0004 0.0001 0.0000 0.0000 0.0000 0.0000 0.0000 0.0000 0.0000 0.0002 0.0000 0.0000 -0.0006 0.0003 0.0000 0.0004 -0.0006 0.0000 0.0000 0.0001 0.0000 0.0000 0.0000 0.0000 -0.0010 -0.0002 0.0000 0.0003 30.0001 -0.0001 0.0005 -29.9998 0.0000 0.0000 0.0000 2.4295 -0.6829 1.3942 2.4295 -0.6829 1.3942 -23.7428 78.5004 86.5656 -49.6064 71.8300 -23.4170 -35.5893 30.0546 -92.7707 0.9212 -0.6308 3.0250 0.0000 -0.0001 0.0001 0.0000 0.0000 0.0000 0.0000 -0.0006 0.0003 0.0000 -0.0001 0.0001 0.0000 0.0000 0.0000 0.0000 0.0000 0.0000 0.0000 0.0007 0.0001 0.0000 -0.0012 0.0001 0.0000 -0.0008 0.0003 0.0000 0.0001 0.0000 0.0000 0.0000 0.0000 0.0000 -0.0009 0.0000 0.0000 0.0002 -29.9996 -0.0001 -0.0003 29.9996 0.0000 0.0000 0.0000 5.5165 2.5010 -179.4494 0.0000 0.0001 0.0828 -8.8870 67.2911 -4.3738 0.0000 25.3510 0.0000 -0.0693 -5.4298 -179.7889 0.0055 -11.1963 -0.0833 13.2740 67.4496 14.8099 0.0000 24.9618 -0.0001 
-1.7612 92.7426 -5.4138 -7.3275 0.0150 0.1149 -0.3144 0.6618 -0.2440 -0.3144 0.6619 -0.2440 -0.3153 0.6639 -0.2447 79.3273 82.9536 -16.4269 63.6511 60.0207 42.0834 28.5587 21.6221 92.4010 -1.1960 0.5679 -1.9430 0.0000 0.0000 0.0001 0.0000 0.0000 0.0000 0.0000 -0.0013 -0.0008 0.0000 -0.0004 0.0001 0.0000 0.0000 0.0000 0.0000 0.0000 0.0000 0.0000 0.0002 -0.0001 0.0000 -0.0006 0.0003 0.0000 0.0004 -0.0006 0.0000 0.0000 0.0001 0.0000 0.0000 0.0000 0.0000 -0.0010 -0.0002 0.0000 0.0002 30.0001 -0.0001 0.0005 -29.9998 0.0000 0.0000 0.0000 1.8571 -0.6880 1.3647 1.8571 -0.6880 1.3647 -24.3157 78.2326 85.6994 -49.1655 71.5682 -22.8695 -35.6913 30.2081 -92.6758 0.9532 -0.5948 3.0146 0.0000 -0.0001 0.0001 0.0000 0.0000 0.0000 0.0000 -0.0007 0.0003 0.0000 -0.0001 0.0001 0.0000 0.0000 0.0000 0.0000 0.0000 0.0000 0.0000 0.0007 0.0001 0.0000 -0.0012 0.0001 0.0000 -0.0008 0.0003 0.0000 0.0001 0.0000 0.0000 0.0000 0.0000 0.0000 -0.0008 0.0000 0.0000 0.0002 -29.9996 -0.0001 -0.0003 29.9996 0.0000 0.0000 0.0000 5.2695 2.4573 -179.3938 0.0000 0.0000 0.0828 -8.2452 67.2080 -3.6560 0.0000 25.3510 0.0000 -0.1763 -5.3840 -179.7451 0.0007 -11.1529 -0.0828 13.9112 67.1950 15.3673 0.0000 24.9560 -0.0001 
-1.8010 92.7751 -5.5186 -6.9677 -0.0486 0.0653 0.0888 0.6600 -0.2185 0.0889 0.6601 -0.2185 0.0891 0.6621 -0.2191 81.4046 83.1953 -14.7095 63.4354 60.3109 42.4305 28.5599 21.4980 92.3699 -1.1890 0.5456 -1.9897 0.0000 0.0000 0.0001 0.0000 0.0000 0.0000 0.0000 -0.0013 -0.0008 0.0000 -0.0004 0.0001 0.0000 0.0000 0.0000 0.0000 0.0000 0.0000 0.0000 0.0002 0.0000 0.0000 -0.0006 0.0003 0.0000 0.0004 -0.0006 0.0000 0.0000 0.0001 0.0000 0.0000 0.0000 0.0000 -0.0010 -0.0002 0.0000 0.0002 30.0001 -0.0001 0.0005 -29.9998 0.0000 0.0000 0.0000 1.2445 -0.6862 1.3446 1.2445 -0.6862 1.3446 -24.6694 78.0288 85.0729 -48.5520 71.2796 -22.2148 -35.8204 30.4199 -92.5299 0.9825 -0.5601 2.9974 0.0000 -0.0001 0.0001 0.0000 0.0000 0.0000 0.0000 -0.0006 0.0003 0.0000 -0.0001 0.0001 0.0000 0.0000 0.0000 0.0000 0.0000 0.0000 0.0000 0.0007 0.0001 0.0000 -0.0012 0.0001 0.0000 -0.0008 0.0003 0.0000 0.0001 0.0000 0.0000 0.0000 0.0000 0.0000 -0.0009 0.0000 0.0000 0.0002 -29.9996 -0.0001 -0.0002 29.9996 0.0000 0.0000 0.0000 5.0516 2.3798 -179.3325 0.0004 -0.0485 0.0828 -7.4710 67.1294 -2.7975 0.0000 25.3510 0.0000 -0.1677 -5.3287 -179.6553 0.0014 -11.0374 -0.0828 14.4964 66.9078 15.7680 0.0000 24.9506 -0.0001 
-1.8224 92.8014 -5.6144 -6.6223 -0.1108 -0.0016 0.5394 0.6613 -0.1873 0.5395 0.6614 -0.1874 0.5411 0.6634 -0.1879 82.9657 83.4594 -13.4142 63.2393 60.5761 42.7803 28.5835 21.3954 92.3105 -1.1806 0.5225 -2.0344 0.0000 0.0000 0.0001 0.0000 0.0000 0.0000 0.0000 -0.0013 -0.0008 0.0000 -0.0004 0.0001 0.0000 0.0000 0.0000 0.0000 0.0000 0.0000 0.0000 0.0002 0.0000 0.0000 -0.0006 0.0003 0.0000 0.0004 -0.0006 0.0000 0.0000 0.0001 0.0000 0.0000 0.0000 0.0000 -0.0010 -0.0002 0.0000 0.0002 30.0001 -0.0001 0.0005 -29.9998 0.0000 0.0000 0.0000 0.5914 -0.6823 1.3246 0.5914 -0.6823 1.3246 -24.9110 77.8774 84.6113 -47.9515 70.9136 -21.6356 -35.9226 30.7193 -92.3617 1.0123 -0.5271 2.9774 0.0000 -0.0001 0.0001 0.0000 0.0000 0.0000 0.0000 -0.0006 0.0003 0.0000 -0.0001 0.0001 0.0000 0.0000 0.0000 0.0000 0.0000 0.0000 0.0000 0.0007 0.0001 0.0000 -0.0012 0.0001 0.0000 -0.0008 0.0003 0.0000 0.0001 0.0000 0.0000 0.0000 0.0000 0.0000 -0.0009 0.0000 0.0000 0.0002 -29.9996 -0.0001 -0.0003 29.9995 0.0000 0.0000 0.0000 4.8704 2.3557 -179.2682 0.0000 0.0001 0.0828 -6.5993 66.9942 -1.8539 0.0000 25.3510 0.0000 -0.0551 -5.2511 -179.5336 0.0059 -10.8439 -0.0833 15.0254 66.5874 16.0212 0.0000 24.9459 -0.0001 
-1.8457 92.8256 -5.7138 -6.2956 -0.1816 -0.0850 1.0159 0.6671 -0.1487 1.0160 0.6672 -0.1488 1.0189 0.6692 -0.1492 83.9378 83.7713 -12.6511 63.0277 60.8091 43.0914 28.6100 21.3122 92.2186 -1.1714 0.4991 -2.0786 0.0000 0.0000 0.0001 0.0000 0.0000 0.0000 0.0000 -0.0013 -0.0008 0.0000 -0.0004 0.0001 0.0000 0.0000 0.0000 0.0000 0.0000 0.0000 0.0000 0.0002 0.0000 0.0000 -0.0006 0.0003 0.0000 0.0004 -0.0006 0.0000 0.0000 0.0001 0.0000 0.0000 0.0000 0.0000 -0.0010 -0.0002 0.0000 0.0003 30.0001 -0.0001 0.0005 -29.9998 0.0000 0.0000 0.0000 -0.0647 -0.6697 1.2965 -0.0647 -0.6697 1.2965 -25.0138 77.8004 84.2825 -47.4965 70.4602 -21.2055 -35.9836 31.0665 -92.2026 1.0397 -0.4940 2.9486 0.0000 -0.0001 0.0001 0.0000 0.0000 0.0000 0.0000 -0.0006 0.0003 0.0000 -0.0001 0.0001 0.0000 0.0000 0.0000 0.0000 0.0000 0.0000 0.0000 0.0007 0.0001 0.0000 -0.0012 0.0001 0.0000 -0.0008 0.0003 0.0000 0.0001 0.0000 0.0000 0.0000 0.0000 0.0000 -0.0009 0.0000 0.0000 0.0002 -29.9996 -0.0001 -0.0003 29.9996 0.0000 0.0000 0.0000 4.7368 2.3161 -179.1856 0.0000 0.0001 0.0828 -5.7330 66.8659 -0.9563 0.0000 25.3510 0.0000 0.1750 -5.1647 -179.3687 0.0184 -10.5922 -0.0844 15.4553 66.2407 16.0708 0.0000 24.9420 -0.0001 
-1.8688 92.8470 -5.8068 -5.9664 -0.2687 -0.1729 1.4742 0.6805 -0.1086 1.4745 0.6807 -0.1086 1.4786 0.6826 -0.1089 85.1248 84.1117 -11.7510 62.8249 60.9725 43.4211 28.6364 21.2245 92.1203 -1.1608 0.4755 -2.1201 0.0000 0.0000 0.0001 0.0000 0.0000 0.0000 0.0000 -0.0013 -0.0008 0.0000 -0.0004 0.0001 0.0000 0.0000 0.0000 0.0000 0.0000 0.0000 0.0000 0.0002 0.0000 0.0000 -0.0006 0.0003 0.0000 0.0004 -0.0006 0.0000 0.0000 0.0001 0.0000 0.0000 0.0000 0.0000 -0.0010 -0.0002 0.0000 0.0002 30.0001 -0.0001 0.0005 -29.9998 0.0000 0.0000 0.0000 -0.6756 -0.6553 1.2588 -0.6756 -0.6553 1.2588 -25.0149 77.7238 84.0062 -47.0794 69.9812 -20.7876 -36.0717 31.4470 -92.0288 1.0649 -0.4601 2.9128 0.0000 -0.0001 0.0001 0.0000 0.0000 0.0000 0.0000 -0.0007 0.0003 0.0000 -0.0001 0.0001 0.0000 0.0000 0.0000 0.0000 0.0000 0.0000 0.0000 0.0007 0.0001 0.0000 -0.0012 0.0001 0.0000 -0.0008 0.0003 0.0000 0.0001 0.0000 0.0000 0.0000 0.0000 0.0000 -0.0009 0.0000 0.0000 0.0002 -29.9996 -0.0001 -0.0003 29.9996 0.0000 0.0000 0.0000 4.6264 2.2988 -179.0941 0.0000 0.0001 0.0828 -4.9175 66.7398 -0.1568 0.0000 25.3510 0.0000 0.4206 -5.0736 -179.2184 0.0293 -10.3600 -0.0854 15.8794 65.9159 16.0942 0.0000 24.9389 -0.0001 
-1.8868 92.8660 -5.8890 -5.6198 -0.3699 -0.2592 1.9076 0.7019 -0.0710 1.9082 0.7022 -0.0710 1.9134 0.7041 -0.0712 86.5971 84.4494 -10.5510 62.6067 61.1465 43.7313 28.6546 21.1486 92.0166 -1.1498 0.4522 -2.1597 0.0000 0.0000 0.0001 0.0000 0.0000 0.0000 0.0000 -0.0013 -0.0008 0.0000 -0.0004 0.0001 0.0000 0.0000 0.0000 0.0000 0.0000 0.0000 0.0000 0.0002 0.0000 0.0000 -0.0006 0.0003 0.0000 0.0004 -0.0006 0.0000 0.0000 0.0001 0.0000 0.0000 0.0000 0.0000 -0.0010 -0.0002 0.0000 0.0002 30.0001 -0.0001 0.0005 -29.9998 0.0000 0.0000 0.0000 -1.2413 -0.6436 1.2165 -1.2413 -0.6436 1.2165 -24.9693 77.6319 83.7596 -46.6935 69.5051 -20.3987 -36.2268 31.8195 -91.8085 1.0863 -0.4243 2.8701 0.0000 -0.0001 0.0001 0.0000 0.0000 0.0000 0.0000 -0.0006 0.0003 0.0000 -0.0001 0.0001 0.0000 0.0000 0.0000 0.0000 0.0000 0.0000 0.0000 0.0007 0.0001 0.0000 -0.0011 0.0001 0.0000 -0.0008 0.0003 0.0000 0.0001 0.0000 0.0000 0.0000 0.0000 0.0000 -0.0009 0.0000 0.0000 0.0002 -29.9997 -0.0001 -0.0003 29.9996 0.0000 0.0000 0.0000 4.5238 2.2942 -179.0046 0.0002 -0.0163 0.0828 -4.1582 66.6320 0.5385 0.0000 25.3510 0.0000 0.6480 -4.9767 -179.0908 0.0365 -10.1661 -0.0860 16.3120 65.6287 16.1235 0.0000 24.9363 -0.0001 
-1.9024 92.8814 -5.9541 -5.2232 -0.4869 -0.3349 2.2791 0.7365 -0.0399 2.2801 0.7369 -0.0399 2.2859 0.7388 -0.0400 88.4729 84.7730 -8.9237 62.3061 61.4882 43.9029 28.7141 21.0368 91.9216 -1.1355 0.4266 -2.1987 0.0000 0.0000 0.0001 0.0000 0.0000 0.0000 0.0000 -0.0013 -0.0008 0.0000 -0.0004 0.0001 0.0000 0.0000 0.0000 0.0000 0.0000 0.0000 0.0000 0.0002 -0.0001 0.0000 -0.0006 0.0003 0.0000 0.0004 -0.0006 0.0000 0.0000 0.0001 0.0000 0.0000 0.0000 0.0000 -0.0010 -0.0002 0.0000 0.0002 30.0001 -0.0001 0.0005 -29.9998 0.0000 0.0000 0.0000 -1.7161 -0.6412 1.1652 -1.7161 -0.6412 1.1652 -24.9397 77.5295 83.4806 -46.3330 69.0647 -20.0946 -36.3836 32.1477 -91.5272 1.1067 -0.3862 2.8294 0.0000 -0.0001 0.0001 0.0000 0.0000 0.0000 0.0000 -0.0007 0.0003 0.0000 -0.0001 0.0001 0.0000 0.0000 0.0000 0.0000 0.0000 0.0000 0.0000 0.0007 0.0001 0.0000 -0.0012 0.0001 0.0000 -0.0008 0.0003 0.0000 0.0001 0.0000 0.0000 0.0000 0.0000 0.0000 -0.0009 0.0000 0.0000 0.0002 -29.9997 -0.0001 -0.0003 29.9996 0.0000 0.0000 0.0000 4.4130 2.3301 -178.9256 0.0000 0.0001 0.0828 -3.4883 66.5323 1.0690 0.0000 25.3510 0.0000 0.8018 -4.8645 -178.9943 0.0401 -10.0274 -0.0862 16.7258 65.4090 16.1477 0.0000 24.9344 -0.0001 
-1.9190 92.8935 -6.0099 -4.7617 -0.6044 -0.3971 2.5683 0.7760 -0.0174 2.5697 0.7764 -0.0173 2.5760 0.7784 -0.0173 90.6729 85.0599 -7.0015 62.0587 61.8242 44.0206 28.6907 20.9682 91.8738 -1.1225 0.4007 -2.2364 0.0000 0.0000 0.0001 0.0000 0.0000 0.0000 0.0000 -0.0013 -0.0008 0.0000 -0.0004 0.0001 0.0000 0.0000 0.0000 0.0000 0.0000 0.0000 0.0000 0.0002 0.0000 0.0000 -0.0006 0.0003 0.0000 0.0004 -0.0006 0.0000 0.0000 0.0001 0.0000 0.0000 0.0000 0.0000 -0.0010 -0.0002 0.0000 0.0002 30.0001 -0.0001 0.0005 -29.9998 0.0000 0.0000 0.0000 -2.0851 -0.6415 1.1089 -2.0851 -0.6415 1.1089 -24.8934 77.4458 83.1751 -46.1080 68.6679 -19.9546 -36.4643 32.3888 -91.2436 1.1259 -0.3477 2.7940 0.0000 -0.0001 0.0001 0.0000 0.0000 0.0000 0.0000 -0.0006 0.0003 0.0000 -0.0001 0.0001 0.0000 0.0000 0.0000 0.0000 0.0000 0.0000 0.0000 0.0007 0.0001 0.0000 -0.0012 0.0001 0.0000 -0.0008 0.0003 0.0000 0.0001 0.0000 0.0000 0.0000 0.0000 0.0000 -0.0009 0.0000 0.0000 0.0002 -29.9996 -0.0001 -0.0003 29.9996 0.0000 0.0000 0.0000 4.2806 2.3608 -178.8603 0.0000 0.0000 0.0828 -2.8848 66.4606 1.4664 0.0000 25.3510 0.0000 0.8408 -4.7385 -178.9049 0.0449 -9.9113 -0.0866 17.0429 65.2457 16.1084 0.0000 24.9333 -0.0001 
-1.9355 92.9014 -6.0607 -4.2356 -0.7132 -0.4497 2.7856 0.8122 -0.0051 2.7874 0.8128 -0.0051 2.7940 0.8147 -0.0051 93.1966 85.2981 -4.7717 61.9010 62.1445 44.1084 28.6436 20.9065 91.8627 -1.1076 0.3749 -2.2664 0.0000 0.0000 0.0001 0.0000 0.0000 0.0000 0.0000 -0.0013 -0.0008 0.0000 -0.0004 0.0001 0.0000 0.0000 0.0000 0.0000 0.0000 0.0000 0.0000 0.0002 0.0000 0.0000 -0.0006 0.0003 0.0000 0.0004 -0.0006 0.0000 0.0000 0.0001 0.0000 0.0000 0.0000 0.0000 -0.0010 -0.0002 0.0000 0.0002 30.0001 -0.0001 0.0005 -29.9998 0.0000 0.0000 0.0000 -2.3688 -0.6348 1.0552 -2.3688 -0.6348 1.0552 -24.8488 77.3930 82.8541 -45.9892 68.3185 -19.9597 -36.4908 32.5563 -90.9689 1.1433 -0.3105 2.7640 0.0000 -0.0001 0.0001 0.0000 0.0000 0.0000 0.0000 -0.0006 0.0003 0.0000 -0.0001 0.0001 0.0000 0.0000 0.0000 0.0000 0.0000 0.0000 0.0000 0.0007 0.0001 0.0000 -0.0012 0.0001 0.0000 -0.0008 0.0003 0.0000 0.0001 0.0000 0.0000 0.0000 0.0000 0.0000 -0.0009 0.0000 0.0000 0.0002 -29.9997 -0.0001 -0.0003 29.9996 0.0000 0.0000 0.0000 4.1257 2.3827 -178.8024 0.0000 0.0001 0.0828 -2.3296 66.4066 1.7577 0.0000 25.3510 0.0000 0.7563 -4.6117 -178.8169 0.0506 -9.8061 -0.0870 17.2526 65.1249 15.9997 0.0000 24.9329 -0.0001 
-1.9401 92.9050 -6.1046 -3.6116 -0.7951 -0.4930 2.9362 0.8383 -0.0081 2.9383 0.8390 -0.0081 2.9450 0.8409 -0.0080 95.3524 85.4603 -2.7874 61.8665 62.4403 44.1450 28.5525 20.8577 91.8884 -1.0930 0.3526 -2.2856 0.0000 0.0000 0.0001 0.0000 0.0000 0.0000 0.0000 -0.0013 -0.0008 0.0000 -0.0004 0.0001 0.0000 0.0000 0.0000 0.0000 0.0000 0.0000 0.0000 0.0002 -0.0001 0.0000 -0.0006 0.0003 0.0000 0.0004 -0.0006 0.0000 0.0000 0.0001 0.0000 0.0000 0.0000 0.0000 -0.0010 -0.0002 0.0000 0.0002 30.0001 -0.0001 0.0005 -29.9998 0.0000 0.0000 0.0000 -2.5954 -0.6150 1.0109 -2.5954 -0.6150 1.0109 -24.9038 77.3886 82.5464 -46.1107 68.0524 -20.2051 -36.4228 32.5991 -90.7759 1.1562 -0.2810 2.7449 0.0000 -0.0001 0.0001 0.0000 0.0000 0.0000 0.0000 -0.0006 0.0003 0.0000 -0.0001 0.0001 0.0000 0.0000 0.0000 0.0000 0.0000 0.0000 0.0000 0.0007 0.0001 0.0000 -0.0012 0.0001 0.0000 -0.0008 0.0003 0.0000 0.0001 0.0000 0.0000 0.0000 0.0000 0.0000 -0.0008 0.0000 0.0000 0.0002 -29.9996 -0.0001 -0.0003 29.9996 0.0000 0.0000 0.0000 3.9321 2.3775 -178.7539 0.0000 0.0000 0.0828 -1.8150 66.3832 1.9352 0.0000 25.3510 0.0000 0.5031 -4.4994 -178.7403 0.0544 -9.7160 -0.0873 17.3476 65.0637 15.8115 0.0000 24.9335 -0.0001 
-1.9404 92.9072 -6.1436 -2.9144 -0.8533 -0.5264 3.0349 0.8550 -0.0210 3.0372 0.8557 -0.0210 3.0440 0.8576 -0.0210 96.7985 85.5776 -1.4281 61.9059 62.6980 44.1252 28.4413 20.7977 91.9425 -1.0801 0.3348 -2.2981 0.0000 0.0000 0.0001 0.0000 0.0000 0.0000 0.0000 -0.0013 -0.0008 0.0000 -0.0004 0.0001 0.0000 0.0000 0.0000 0.0000 0.0000 0.0000 0.0000 0.0003 0.0000 0.0000 -0.0006 0.0003 0.0000 0.0004 -0.0006 0.0000 0.0000 0.0001 0.0000 0.0000 0.0000 0.0000 -0.0010 -0.0002 0.0000 0.0002 30.0001 -0.0001 0.0005 -29.9998 0.0000 0.0000 0.0000 -2.7834 -0.5835 0.9696 -2.7834 -0.5835 0.9696 -25.0021 77.4420 82.3146 -46.4790 67.8299 -20.6292 -36.3115 32.5761 -90.6911 1.1614 -0.2610 2.7280 0.0000 -0.0001 0.0001 0.0000 0.0000 0.0000 0.0000 -0.0006 0.0003 0.0000 -0.0001 0.0001 0.0000 0.0000 0.0000 0.0000 0.0000 0.0000 0.0000 0.0007 0.0001 0.0000 -0.0012 0.0001 0.0000 -0.0008 0.0003 0.0000 0.0002 0.0000 0.0000 0.0000 0.0000 0.0000 -0.0009 0.0000 0.0000 0.0002 -29.9996 -0.0001 -0.0003 29.9996 0.0000 0.0000 0.0000 3.6957 2.3493 -178.7139 0.0000 0.0000 0.0828 -1.3437 66.3861 2.0266 0.0000 25.3510 0.0000 0.1461 -4.3863 -178.6838 0.0562 -9.6169 -0.0874 17.3819 65.0459 15.5658 0.0000 24.9352 -0.0001 
-1.9401 92.9093 -6.1834 -2.1624 -0.8957 -0.5489 3.0952 0.8653 -0.0407 3.0977 0.8661 -0.0407 3.1045 0.8680 -0.0408 97.6693 85.6683 -0.6205 61.9781 62.8784 44.0670 28.3410 20.7255 92.0165 -1.0695 0.3218 -2.3049 0.0000 0.0000 0.0001 0.0000 0.0000 0.0000 0.0000 -0.0013 -0.0008 0.0000 -0.0004 0.0001 0.0000 0.0000 0.0000 0.0000 0.0000 0.0000 0.0000 0.0002 0.0000 0.0000 -0.0006 0.0003 0.0000 0.0004 -0.0006 0.0000 0.0000 0.0001 0.0000 0.0000 0.0000 0.0000 -0.0010 -0.0002 0.0000 0.0002 30.0001 -0.0001 0.0005 -29.9998 0.0000 0.0000 0.0000 -2.9464 -0.5446 0.9273 -2.9464 -0.5446 0.9273 -25.1321 77.5275 82.1133 -47.0014 67.6691 -21.1085 -36.2078 32.5277 -90.7030 1.1586 -0.2506 2.7094 0.0000 -0.0001 0.0001 0.0000 0.0000 0.0000 0.0000 -0.0006 0.0003 0.0000 -0.0001 0.0001 0.0000 0.0000 0.0000 0.0000 0.0000 0.0000 0.0000 0.0007 0.0001 0.0000 -0.0012 0.0001 0.0000 -0.0008 0.0003 0.0000 0.0001 0.0000 0.0000 0.0000 0.0000 0.0000 -0.0009 0.0000 0.0000 0.0002 -29.9996 -0.0001 -0.0003 29.9996 0.0000 0.0000 0.0000 3.4066 2.3033 -178.6848 0.0000 0.0000 0.0828 -0.9220 66.4046 2.0523 0.0000 25.3510 0.0000 -0.2848 -4.2647 -178.6451 0.0572 -9.5069 -0.0875 17.3663 65.0650 15.2671 0.0000 24.9378 -0.0001 
-1.9465 92.9126 -6.2341 -1.3596 -0.9219 -0.5537 3.1183 0.8682 -0.0684 3.1208 0.8690 -0.0684 3.1277 0.8709 -0.0685 97.9082 85.7247 -0.4105 61.9198 62.9577 43.8830 28.3037 20.6626 92.1102 -1.0667 0.3179 -2.3087 0.0000 0.0000 0.0001 0.0000 0.0000 0.0000 0.0000 -0.0013 -0.0008 0.0000 -0.0004 0.0001 0.0000 0.0000 0.0000 0.0000 0.0000 0.0000 0.0000 0.0002 0.0000 0.0000 -0.0006 0.0003 0.0000 0.0004 -0.0006 0.0000 0.0000 0.0001 0.0000 0.0000 0.0000 0.0000 -0.0010 -0.0002 0.0000 0.0002 30.0001 -0.0001 0.0005 -29.9998 0.0000 0.0000 0.0000 -3.0890 -0.5017 0.8825 -3.0890 -0.5017 0.8825 -25.3706 77.6529 81.8717 -47.6389 67.6003 -21.5875 -36.1754 32.4671 -90.8318 1.1458 -0.2520 2.6870 0.0000 -0.0001 0.0001 0.0000 0.0000 0.0000 0.0000 -0.0006 0.0003 0.0000 -0.0001 0.0001 0.0000 0.0000 0.0000 0.0000 0.0000 0.0000 0.0000 0.0007 0.0001 0.0000 -0.0012 0.0001 0.0000 -0.0008 0.0003 0.0000 0.0001 0.0000 0.0000 0.0000 0.0000 0.0000 -0.0008 0.0000 0.0000 0.0002 -29.9996 -0.0001 -0.0003 29.9996 0.0000 0.0000 0.0000 3.0189 2.2246 -178.6722 0.0002 -0.0162 0.0828 -0.6016 66.4339 2.0027 0.0000 25.3510 0.0000 -0.7752 -4.1252 -178.6292 0.0584 -9.3756 -0.0875 17.3374 65.1168 14.9375 0.0000 24.9410 -0.0001 
-1.9595 92.9171 -6.2969 -0.5509 -0.9400 -0.5433 3.1268 0.8701 -0.1015 3.1293 0.8708 -0.1015 3.1362 0.8728 -0.1017 97.9191 85.7558 -0.4123 61.6685 62.9691 43.6102 28.3252 20.6185 92.2037 -1.0732 0.3220 -2.3162 0.0000 0.0000 0.0001 0.0000 0.0000 0.0000 0.0000 -0.0013 -0.0008 0.0000 -0.0004 0.0001 0.0000 0.0000 0.0000 0.0000 0.0000 0.0000 0.0000 0.0002 0.0000 0.0000 -0.0007 0.0003 0.0000 0.0004 -0.0006 0.0000 0.0000 0.0001 0.0000 0.0000 0.0000 0.0000 -0.0010 -0.0002 0.0000 0.0002 30.0001 -0.0001 0.0005 -29.9998 0.0000 0.0000 0.0000 -3.2214 -0.4671 0.8367 -3.2214 -0.4671 0.8367 -25.6932 77.7944 81.5884 -48.2482 67.6007 -21.9825 -36.1678 32.4451 -90.9985 1.1283 -0.2610 2.6634 0.0000 -0.0001 0.0001 0.0000 0.0000 0.0000 0.0000 -0.0007 0.0003 0.0000 -0.0001 0.0001 0.0000 0.0000 0.0000 0.0000 0.0000 0.0000 0.0000 0.0007 0.0001 0.0000 -0.0012 0.0001 0.0000 -0.0008 0.0003 0.0000 0.0001 0.0000 0.0000 0.0000 0.0000 0.0000 -0.0009 0.0000 0.0000 0.0002 -29.9997 -0.0001 -0.0003 29.9996 0.0000 0.0000 0.0000 2.5478 2.1220 -178.6743 0.0007 -0.0487 0.0828 -0.3777 66.4606 1.9188 0.0000 25.3510 0.0000 -1.2561 -3.9772 -178.6330 0.0598 -9.2316 -0.0875 17.3610 65.1772 14.6320 0.0000 24.9442 -0.0001 
-1.9758 92.9231 -6.3656 0.2515 -0.9553 -0.5172 3.1218 0.8759 -0.1374 3.1244 0.8767 -0.1374 3.1312 0.8786 -0.1377 97.7201 85.7748 -0.6217 61.2826 62.9321 43.3091 28.3801 20.5758 92.2870 -1.0870 0.3324 -2.3291 0.0000 0.0000 0.0001 0.0000 0.0000 0.0000 0.0000 -0.0013 -0.0008 0.0000 -0.0004 0.0001 0.0000 0.0000 0.0000 0.0000 0.0000 0.0000 0.0000 0.0002 0.0000 0.0000 -0.0006 0.0003 0.0000 0.0004 -0.0006 0.0000 0.0000 0.0001 0.0000 0.0000 0.0000 0.0000 -0.0010 -0.0002 0.0000 0.0002 30.0001 -0.0001 0.0005 -29.9998 0.0000 0.0000 0.0000 -3.3389 -0.4469 0.7863 -3.3389 -0.4469 0.7863 -26.0536 77.9436 81.2847 -48.8260 67.6548 -22.2949 -36.1828 32.4579 -91.1479 1.1053 -0.2742 2.6338 0.0000 -0.0001 0.0001 0.0000 0.0000 0.0000 0.0000 -0.0006 0.0003 0.0000 -0.0001 0.0001 0.0000 0.0000 0.0000 0.0000 0.0000 0.0000 0.0000 0.0007 0.0001 0.0000 -0.0011 0.0001 0.0000 -0.0008 0.0003 0.0000 0.0001 0.0000 0.0000 0.0000 0.0000 0.0000 -0.0008 0.0000 0.0000 0.0002 -29.9996 -0.0001 -0.0003 29.9996 0.0000 0.0000 0.0000 2.0126 2.0195 -178.6928 0.0010 -0.0682 0.0828 -0.2352 66.4720 1.8113 0.0000 25.3510 0.0000 -1.7107 -3.8193 -178.6629 0.0600 -9.0796 -0.0875 17.4642 65.2363 14.3833 0.0000 24.9471 -0.0001 
-1.9943 92.9298 -6.4325 0.9951 -0.9638 -0.4698 3.1114 0.8884 -0.1720 3.1139 0.8891 -0.1721 3.1208 0.8911 -0.1724 97.2603 85.7982 -1.0900 60.7740 62.8377 43.0376 28.4601 20.5465 92.3430 -1.1087 0.3480 -2.3506 0.0000 0.0000 0.0001 0.0000 0.0000 0.0000 0.0000 -0.0013 -0.0008 0.0000 -0.0004 0.0001 0.0000 0.0000 0.0000 0.0000 0.0000 0.0000 0.0000 0.0002 0.0000 0.0000 -0.0006 0.0003 0.0000 0.0004 -0.0006 0.0000 0.0000 0.0001 0.0000 0.0000 0.0000 0.0000 -0.0010 -0.0002 0.0000 0.0002 30.0001 -0.0001 0.0005 -29.9998 0.0000 0.0000 0.0000 -3.4307 -0.4525 0.7236 -3.4307 -0.4525 0.7236 -26.4541 78.1116 80.9302 -49.2226 67.7715 -22.4174 -36.2454 32.4770 -91.2573 1.0788 -0.2879 2.5990 0.0000 -0.0001 0.0001 0.0000 0.0000 0.0000 0.0000 -0.0006 0.0003 0.0000 -0.0001 0.0001 0.0000 0.0000 0.0000 0.0000 0.0000 0.0000 0.0000 0.0007 0.0001 0.0000 -0.0012 0.0001 0.0000 -0.0008 0.0003 0.0000 0.0001 0.0000 0.0000 0.0000 0.0000 0.0000 -0.0009 0.0000 0.0000 0.0002 -29.9996 -0.0001 -0.0003 29.9996 0.0000 0.0000 0.0000 1.4494 1.9518 -178.7335 0.0002 -0.0163 0.0828 -0.1905 66.4411 1.6765 0.0000 25.3510 0.0000 -2.0839 -3.6550 -178.7264 0.0575 -8.9117 -0.0872 17.6780 65.2808 14.2230 0.0000 24.9495 -0.0001 
-2.0150 92.9366 -6.4907 1.6403 -0.9629 -0.4145 3.1074 0.9032 -0.1992 3.1099 0.9040 -0.1993 3.1168 0.9060 -0.1997 96.5875 85.8387 -1.7685 60.2559 62.7079 42.8470 28.5272 20.5553 92.3729 -1.1337 0.3639 -2.3785 0.0000 0.0000 0.0001 0.0000 0.0000 0.0000 0.0000 -0.0013 -0.0008 0.0000 -0.0004 0.0001 0.0000 0.0000 0.0000 0.0000 0.0000 0.0000 0.0000 0.0002 0.0000 0.0000 -0.0006 0.0003 0.0000 0.0004 -0.0006 0.0000 0.0000 0.0001 0.0000 0.0000 0.0000 0.0000 -0.0010 -0.0002 0.0000 0.0002 30.0001 -0.0001 0.0005 -29.9998 0.0000 0.0000 0.0000 -3.4965 -0.4752 0.6499 -3.4965 -0.4752 0.6499 -26.8873 78.3012 80.5131 -49.4042 67.9026 -22.3801 -36.2388 32.4907 -91.3639 1.0586 -0.2988 2.5726 0.0000 -0.0001 0.0001 0.0000 0.0000 0.0000 0.0000 -0.0006 0.0003 0.0000 -0.0001 0.0001 0.0000 0.0000 0.0000 0.0000 0.0000 0.0000 0.0000 0.0007 0.0001 0.0000 -0.0012 0.0001 0.0000 -0.0008 0.0003 0.0000 0.0001 0.0000 0.0000 0.0000 0.0000 0.0000 -0.0009 0.0000 0.0000 0.0002 -29.9996 -0.0001 -0.0003 29.9996 0.0000 0.0000 0.0000 0.9516 1.8620 -178.7794 0.0002 -0.0163 0.0828 -0.1853 66.4382 1.5291 0.0000 25.3510 0.0000 -2.3552 -3.5005 -178.7925 0.0541 -8.7363 -0.0868 17.9479 65.3071 14.1130 0.0000 24.9513 -0.0001 
-2.0411 92.9438 -6.5398 2.1951 -0.9539 -0.3543 3.1069 0.9182 -0.2191 3.1094 0.9190 -0.2193 3.1163 0.9210 -0.2197 95.5658 85.8967 -2.7945 59.8041 62.5597 42.7452 28.5710 20.6109 92.3752 -1.1587 0.3774 -2.4089 0.0000 0.0000 0.0001 0.0000 0.0000 0.0000 0.0000 -0.0013 -0.0008 0.0000 -0.0004 0.0001 0.0000 0.0000 0.0000 0.0000 0.0000 0.0000 0.0000 0.0002 0.0000 0.0000 -0.0006 0.0003 0.0000 0.0004 -0.0006 0.0000 0.0000 0.0001 0.0000 0.0000 0.0000 0.0000 -0.0010 -0.0002 0.0000 0.0002 30.0001 -0.0001 0.0005 -29.9998 0.0000 0.0000 0.0000 -3.5396 -0.5069 0.5683 -3.5396 -0.5069 0.5683 -27.3341 78.4997 80.0749 -49.4150 68.0112 -22.2312 -36.1900 32.5051 -91.4680 1.0449 -0.3061 2.5534 0.0000 -0.0001 0.0001 0.0000 0.0000 0.0000 0.0000 -0.0006 0.0003 0.0000 -0.0001 0.0001 0.0000 0.0000 0.0000 0.0000 0.0000 0.0000 0.0000 0.0007 0.0001 0.0000 -0.0012 0.0001 0.0000 -0.0008 0.0003 0.0000 0.0001 0.0000 0.0000 0.0000 0.0000 0.0000 -0.0009 0.0000 0.0000 0.0002 -29.9997 -0.0001 -0.0003 29.9996 0.0000 0.0000 0.0000 0.5371 1.7850 -178.8243 0.0000 0.0000 0.0828 -0.1968 66.4326 1.3715 0.0000 25.3510 0.0000 -2.5450 -3.3519 -178.8459 0.0519 -8.5474 -0.0866 18.2175 65.3178 14.0089 0.0000 24.9527 -0.0001 
-2.0726 92.9527 -6.5759 2.6152 -0.9395 -0.2949 3.1088 0.9335 -0.2292 3.1113 0.9344 -0.2294 3.1181 0.9364 -0.2298 93.9651 85.9707 -4.3940 59.5496 62.4187 42.7671 28.5602 20.6835 92.3529 -1.1784 0.3858 -2.4372 0.0000 0.0000 0.0001 0.0000 0.0000 0.0000 0.0000 -0.0013 -0.0008 0.0000 -0.0004 0.0001 0.0000 0.0000 0.0000 0.0000 0.0000 0.0000 0.0000 0.0002 0.0000 0.0000 -0.0006 0.0003 0.0000 0.0004 -0.0006 0.0000 0.0000 0.0001 0.0000 0.0000 0.0000 0.0000 -0.0010 -0.0002 0.0000 0.0002 30.0001 -0.0001 0.0005 -29.9998 0.0000 0.0000 0.0000 -3.5377 -0.5450 0.4747 -3.5377 -0.5450 0.4747 -27.7457 78.6841 79.6575 -49.2005 68.0743 -21.9351 -36.1576 32.5017 -91.5458 1.0384 -0.3066 2.5395 0.0000 -0.0001 0.0001 0.0000 0.0000 0.0000 0.0000 -0.0006 0.0003 0.0000 -0.0001 0.0001 0.0000 0.0000 0.0000 0.0000 0.0000 0.0000 0.0000 0.0007 0.0001 0.0000 -0.0012 0.0001 0.0000 -0.0008 0.0003 0.0000 0.0001 0.0000 0.0000 0.0000 0.0000 0.0000 -0.0009 0.0000 0.0000 0.0002 -29.9996 -0.0001 -0.0003 29.9996 0.0000 0.0000 0.0000 0.2750 1.6880 -178.8616 0.0007 -0.0485 0.0828 -0.1992 66.4707 1.2075 0.0000 25.3510 0.0000 -2.6466 -3.2113 -178.8747 0.0519 -8.3552 -0.0865 18.4234 65.3216 13.8854 0.0000 24.9536 -0.0001 
-2.1005 92.9620 -6.6069 2.9304 -0.9257 -0.2448 3.1093 0.9491 -0.2317 3.1118 0.9499 -0.2318 3.1186 0.9520 -0.2323 91.9185 86.0476 -6.4337 59.4355 62.3120 42.8125 28.5250 20.7479 92.3254 -1.1919 0.3899 -2.4599 0.0000 0.0000 0.0001 0.0000 0.0000 0.0000 0.0000 -0.0013 -0.0008 0.0000 -0.0004 0.0001 0.0000 0.0000 0.0000 0.0000 0.0000 0.0000 0.0000 0.0002 0.0000 0.0000 -0.0007 0.0003 0.0000 0.0004 -0.0006 0.0000 0.0000 0.0001 0.0000 0.0000 0.0000 0.0000 -0.0010 -0.0002 0.0000 0.0002 30.0001 -0.0001 0.0005 -29.9998 0.0000 0.0000 0.0000 -3.5039 -0.5813 0.3786 -3.5039 -0.5813 0.3786 -28.1065 78.8428 79.2759 -48.8445 68.0947 -21.5512 -36.1508 32.4634 -91.6392 1.0387 -0.3020 2.5330 0.0000 -0.0001 0.0001 0.0000 0.0000 0.0000 0.0000 -0.0006 0.0003 0.0000 -0.0001 0.0001 0.0000 0.0000 0.0000 0.0000 0.0000 0.0000 0.0000 0.0007 0.0001 0.0000 -0.0012 0.0001 0.0000 -0.0008 0.0003 0.0000 0.0001 0.0000 0.0000 0.0000 0.0000 0.0000 -0.0009 0.0000 0.0000 0.0002 -29.9996 -0.0001 -0.0003 29.9996 0.0000 0.0000 0.0000 0.1353 1.6512 -178.8901 0.0000 0.0000 0.0828 -0.1731 66.4637 1.0540 0.0000 25.3510 0.0000 -2.7089 -3.0764 -178.8997 0.0505 -8.1692 -0.0863 18.5818 65.3208 13.7805 0.0000 24.9543 -0.0001 
-2.1227 92.9708 -6.6389 3.1580 -0.9134 -0.2064 3.1085 0.9635 -0.2285 3.1111 0.9644 -0.2287 3.1179 0.9665 -0.2291 89.5002 86.1163 -8.8370 59.3840 62.2421 42.8234 28.4898 20.8193 92.2924 -1.2009 0.3911 -2.4769 0.0000 0.0000 0.0001 0.0000 0.0000 0.0000 0.0000 -0.0013 -0.0008 0.0000 -0.0004 0.0001 0.0000 0.0000 0.0000 0.0000 0.0000 0.0000 0.0000 0.0002 0.0000 0.0000 -0.0006 0.0003 0.0000 0.0004 -0.0006 0.0000 0.0000 0.0001 0.0000 0.0000 0.0000 0.0000 -0.0010 -0.0002 0.0000 0.0003 30.0001 -0.0001 0.0005 -29.9998 0.0000 0.0000 0.0000 -3.4495 -0.6115 0.2863 -3.4495 -0.6115 0.2863 -28.4185 78.9746 78.9344 -48.3976 68.0847 -21.1349 -36.1501 32.4075 -91.7236 1.0447 -0.2939 2.5334 0.0000 -0.0001 0.0001 0.0000 0.0000 0.0000 0.0000 -0.0006 0.0003 0.0000 -0.0001 0.0001 0.0000 0.0000 0.0000 0.0000 0.0000 0.0000 0.0000 0.0007 0.0001 0.0000 -0.0012 0.0001 0.0000 -0.0008 0.0003 0.0000 0.0001 0.0000 0.0000 0.0000 0.0000 0.0000 -0.0009 0.0000 0.0000 0.0002 -29.9996 -0.0001 -0.0003 29.9996 0.0000 0.0000 0.0000 0.0821 1.5978 -178.9101 0.0000 0.0001 0.0828 -0.1307 66.4766 0.9180 0.0000 25.3510 0.0000 -2.7473 -2.9537 -178.9270 0.0469 -7.9939 -0.0860 18.7077 65.3102 13.7072 0.0000 24.9549 -0.0001 
-2.1422 92.9775 -6.6751 3.2987 -0.9081 -0.1818 3.0967 0.9754 -0.2212 3.0992 0.9762 -0.2214 3.1060 0.9784 -0.2218 86.6626 86.1655 -11.6511 59.3363 62.2206 42.7164 28.4795 20.9149 92.2612 -1.2060 0.3898 -2.4867 0.0000 0.0000 0.0001 0.0000 0.0000 0.0000 0.0000 -0.0013 -0.0008 0.0000 -0.0004 0.0001 0.0000 0.0000 0.0000 0.0000 0.0000 0.0000 0.0000 0.0002 0.0000 0.0000 -0.0006 0.0003 0.0000 0.0004 -0.0006 0.0000 0.0000 0.0001 0.0000 0.0000 0.0000 0.0000 -0.0010 -0.0002 0.0000 0.0002 30.0001 -0.0001 0.0005 -29.9998 0.0000 0.0000 0.0000 -3.3794 -0.6266 0.2065 -3.3794 -0.6266 0.2065 -28.6469 79.0735 78.6681 -47.9253 68.0284 -20.7586 -36.1501 32.3593 -91.7689 1.0553 -0.2824 2.5378 0.0000 -0.0001 0.0001 0.0000 0.0000 0.0000 0.0000 -0.0006 0.0003 0.0000 -0.0001 0.0001 0.0000 0.0000 0.0000 0.0000 0.0000 0.0000 0.0000 0.0007 0.0001 0.0000 -0.0012 0.0001 0.0000 -0.0008 0.0003 0.0000 0.0001 0.0000 0.0000 0.0000 0.0000 0.0000 -0.0009 0.0000 0.0000 0.0002 -29.9996 -0.0001 -0.0003 29.9996 0.0000 0.0000 0.0000 0.0748 1.5314 -178.9185 0.0007 -0.0487 0.0828 -0.1032 66.4990 0.8073 0.0000 25.3510 0.0000 -2.7989 -2.8337 -178.9546 0.0423 -7.8159 -0.0856 18.7669 65.2749 13.6674 0.0000 24.9553 -0.0001 
-2.1656 92.9831 -6.7133 3.3832 -0.9082 -0.1637 3.0750 0.9856 -0.2123 3.0774 0.9864 -0.2125 3.0842 0.9886 -0.2129 83.8863 86.1959 -14.3946 59.2721 62.2289 42.5394 28.4728 21.0203 92.2370 -1.2097 0.3877 -2.4929 0.0000 0.0000 0.0001 0.0000 0.0000 0.0000 0.0000 -0.0013 -0.0008 0.0000 -0.0004 0.0001 0.0000 0.0000 0.0000 0.0000 0.0000 0.0000 0.0000 0.0002 0.0000 0.0000 -0.0006 0.0003 0.0000 0.0004 -0.0006 0.0000 0.0000 0.0001 0.0000 0.0000 0.0000 0.0000 -0.0010 -0.0002 0.0000 0.0002 30.0001 -0.0001 0.0005 -29.9998 0.0000 0.0000 0.0000 -3.2980 -0.6296 0.1333 -3.2980 -0.6296 0.1333 -28.8124 79.1492 78.4523 -47.5244 67.9368 -20.4699 -36.1423 32.3468 -91.7787 1.0668 -0.2699 2.5410 0.0000 -0.0001 0.0001 0.0000 0.0000 0.0000 0.0000 -0.0006 0.0003 0.0000 -0.0001 0.0001 0.0000 0.0000 0.0000 0.0000 0.0000 0.0000 0.0000 0.0007 0.0001 0.0000 -0.0012 0.0001 0.0000 -0.0008 0.0003 0.0000 0.0001 0.0000 0.0000 0.0000 0.0000 0.0000 -0.0008 0.0000 0.0000 0.0002 -29.9997 -0.0001 -0.0003 29.9996 0.0000 0.0000 0.0000 0.0542 1.4978 -178.9196 0.0007 -0.0487 0.0828 -0.1299 66.4839 0.7069 0.0000 25.3510 0.0000 -2.8846 -2.7084 -178.9748 0.0395 -7.6322 -0.0853 18.7304 65.2312 13.6182 0.0000 24.9555 -0.0001 
-2.1906 92.9879 -6.7532 3.4158 -0.9136 -0.1480 3.0483 0.9963 -0.2024 3.0507 0.9972 -0.2025 3.0575 0.9994 -0.2029 81.2495 86.2128 -16.9855 59.1914 62.2585 42.3209 28.4544 21.1287 92.2205 -1.2130 0.3853 -2.4980 0.0000 0.0000 0.0001 0.0000 0.0000 0.0000 0.0000 -0.0013 -0.0008 0.0000 -0.0004 0.0001 0.0000 0.0000 0.0000 0.0000 0.0000 0.0000 0.0000 0.0002 0.0000 0.0000 -0.0006 0.0003 0.0000 0.0004 -0.0006 0.0000 0.0000 0.0001 0.0000 0.0000 0.0000 0.0000 -0.0010 -0.0002 0.0000 0.0002 30.0001 -0.0001 0.0005 -29.9998 0.0000 0.0000 0.0000 -3.2198 -0.6245 0.0684 -3.2198 -0.6245 0.0684 -28.9393 79.2042 78.2676 -47.1903 67.8231 -20.2429 -36.1395 32.3785 -91.7716 1.0782 -0.2580 2.5422 0.0000 -0.0001 0.0001 0.0000 0.0000 0.0000 0.0000 -0.0006 0.0002 0.0000 -0.0001 0.0001 0.0000 0.0000 0.0000 0.0000 0.0000 0.0000 0.0000 0.0007 0.0001 0.0000 -0.0011 0.0001 0.0000 -0.0008 0.0003 0.0000 0.0001 0.0000 0.0000 0.0000 0.0000 0.0000 -0.0009 0.0000 0.0000 0.0002 -29.9996 -0.0001 -0.0003 29.9996 0.0000 0.0000 0.0000 0.0118 1.4970 -178.9194 0.0000 0.0001 0.0828 -0.2153 66.4311 0.6151 0.0000 25.3510 0.0000 -2.9913 -2.5810 -178.9951 0.0375 -7.4543 -0.0851 18.6234 65.1895 13.5661 0.0000 24.9557 -0.0001 
-2.2116 92.9914 -6.7938 3.3722 -0.9234 -0.1320 3.0168 1.0059 -0.1907 3.0191 1.0067 -0.1908 3.0259 1.0089 -0.1912 78.8668 86.2251 -19.3224 59.0515 62.3072 42.0521 28.4222 21.2543 92.2011 -1.2172 0.3830 -2.5040 0.0000 0.0000 0.0001 0.0000 0.0000 0.0000 0.0000 -0.0013 -0.0008 0.0000 -0.0004 0.0001 0.0000 0.0000 0.0000 0.0000 0.0000 0.0000 0.0000 0.0002 0.0000 0.0000 -0.0006 0.0003 0.0000 0.0004 -0.0006 0.0000 0.0000 0.0001 0.0000 0.0000 0.0000 0.0000 -0.0010 -0.0002 0.0000 0.0003 30.0001 -0.0001 0.0005 -29.9998 0.0000 0.0000 0.0000 -3.1485 -0.6073 0.0130 -3.1485 -0.6073 0.0130 -29.0557 79.2350 78.0878 -46.9380 67.6951 -20.0686 -36.1548 32.4581 -91.7651 1.0889 -0.2476 2.5409 0.0000 -0.0001 0.0001 0.0000 0.0000 0.0000 0.0000 -0.0006 0.0003 0.0000 -0.0001 0.0001 0.0000 0.0000 0.0000 0.0000 0.0000 0.0000 0.0000 0.0007 0.0001 0.0000 -0.0011 0.0001 0.0000 -0.0008 0.0003 0.0000 0.0001 0.0000 0.0000 0.0000 0.0000 0.0000 -0.0009 0.0000 0.0000 0.0002 -29.9996 -0.0001 -0.0003 29.9996 0.0000 0.0000 0.0000 -0.0731 1.4581 -178.9253 0.0007 -0.0487 0.0828 -0.3923 66.4088 0.5434 0.0000 25.3510 0.0000 -3.1006 -2.4631 -179.0309 0.0342 -7.3020 -0.0849 18.4683 65.1567 13.5368 0.0000 24.9559 -0.0001 
-2.2290 92.9932 -6.8329 3.2669 -0.9342 -0.1152 2.9839 1.0124 -0.1775 2.9862 1.0133 -0.1776 2.9928 1.0155 -0.1779 76.8658 86.2346 -21.2947 58.8638 62.3522 41.7775 28.3874 21.3857 92.1759 -1.2227 0.3814 -2.5113 0.0000 0.0000 0.0001 0.0000 0.0000 0.0000 0.0000 -0.0013 -0.0008 0.0000 -0.0004 0.0001 0.0000 0.0000 0.0000 0.0000 0.0000 0.0000 0.0000 0.0002 0.0000 0.0000 -0.0006 0.0003 0.0000 0.0004 -0.0006 0.0000 0.0000 0.0001 0.0000 0.0000 0.0000 0.0000 -0.0010 -0.0002 0.0000 0.0002 30.0001 -0.0001 0.0005 -29.9998 0.0000 0.0000 0.0000 -3.0803 -0.5816 -0.0366 -3.0803 -0.5816 -0.0366 -29.1750 79.2579 77.9063 -46.7541 67.5763 -19.9400 -36.1642 32.5329 -91.7680 1.0983 -0.2384 2.5391 0.0000 -0.0001 0.0001 0.0000 0.0000 0.0000 0.0000 -0.0006 0.0003 0.0000 -0.0001 0.0001 0.0000 0.0000 0.0000 0.0000 0.0000 0.0000 0.0000 0.0007 0.0001 0.0000 -0.0012 0.0001 0.0000 -0.0008 0.0003 0.0000 0.0001 0.0000 0.0000 0.0000 0.0000 0.0000 -0.0009 0.0000 0.0000 0.0002 -29.9997 -0.0001 -0.0003 29.9996 0.0000 0.0000 0.0000 -0.1755 1.4758 -178.9356 0.0000 0.0001 0.0828 -0.6283 66.3289 0.4875 0.0000 25.3510 0.0000 -3.1826 -2.3624 -179.0742 0.0303 -7.1709 -0.0846 18.2818 65.1317 13.5004 0.0000 24.9564 -0.0001 
-2.2463 92.9933 -6.8663 3.1112 -0.9449 -0.0986 2.9508 1.0158 -0.1627 2.9530 1.0166 -0.1628 2.9596 1.0189 -0.1631 75.3049 86.2457 -22.8474 58.6410 62.3851 41.5113 28.3511 21.5064 92.1470 -1.2292 0.3812 -2.5193 0.0000 0.0000 0.0001 0.0000 0.0000 0.0000 0.0000 -0.0013 -0.0008 0.0000 -0.0004 0.0001 0.0000 0.0000 0.0000 0.0000 0.0000 0.0000 0.0000 0.0002 0.0000 0.0000 -0.0006 0.0003 0.0000 0.0004 -0.0006 0.0000 0.0000 0.0001 0.0000 0.0000 0.0000 0.0000 -0.0010 -0.0002 0.0000 0.0002 30.0001 -0.0001 0.0005 -29.9998 0.0000 0.0000 0.0000 -3.0134 -0.5505 -0.0804 -3.0134 -0.5505 -0.0804 -29.3029 79.2814 77.7176 -46.6227 67.4679 -19.8324 -36.1659 32.5879 -91.8008 1.1068 -0.2302 2.5378 0.0000 -0.0001 0.0001 0.0000 0.0000 0.0000 0.0000 -0.0006 0.0003 0.0000 -0.0001 0.0001 0.0000 0.0000 0.0000 0.0000 0.0000 0.0000 0.0000 0.0007 0.0001 0.0000 -0.0012 0.0001 0.0000 -0.0008 0.0003 0.0000 0.0001 0.0000 0.0000 0.0000 0.0000 0.0000 -0.0009 0.0000 0.0000 0.0002 -29.9996 -0.0001 -0.0003 29.9996 0.0000 0.0000 0.0000 -0.2727 1.4428 -178.9459 0.0010 -0.0682 0.0828 -0.9065 66.3064 0.4326 0.0000 25.3510 0.0000 -3.2310 -2.2761 -179.1117 0.0274 -7.0477 -0.0844 18.0468 65.1126 13.4201 0.0000 24.9572 -0.0001 
-2.2666 92.9930 -6.8843 2.8972 -0.9528 -0.0842 2.9169 1.0146 -0.1465 2.9190 1.0154 -0.1466 2.9256 1.0177 -0.1469 74.3911 86.2621 -23.7758 58.3601 62.3976 41.2599 28.3164 21.6073 92.0848 -1.2366 0.3840 -2.5256 0.0000 0.0000 0.0001 0.0000 0.0000 0.0000 0.0000 -0.0013 -0.0008 0.0000 -0.0004 0.0001 0.0000 0.0000 0.0000 0.0000 0.0000 0.0000 0.0000 0.0002 0.0000 0.0000 -0.0006 0.0003 0.0000 0.0004 -0.0006 0.0000 0.0000 0.0001 0.0000 0.0000 0.0000 0.0000 -0.0010 -0.0002 0.0000 0.0002 30.0001 -0.0001 0.0005 -29.9998 0.0000 0.0000 0.0000 -2.9468 -0.5175 -0.1125 -2.9468 -0.5175 -0.1125 -29.4618 79.3074 77.5073 -46.5046 67.3982 -19.6944 -36.1624 32.5933 -91.8767 1.1138 -0.2236 2.5381 0.0000 -0.0001 0.0001 0.0000 0.0000 0.0000 0.0000 -0.0006 0.0003 0.0000 -0.0001 0.0001 0.0000 0.0000 0.0000 0.0000 0.0000 0.0000 0.0000 0.0007 0.0001 0.0000 -0.0012 0.0001 0.0000 -0.0008 0.0003 0.0000 0.0001 0.0000 0.0000 0.0000 0.0000 0.0000 -0.0009 0.0000 0.0000 0.0002 -29.9996 -0.0001 -0.0003 29.9996 0.0000 0.0000 0.0000 -0.3326 1.4667 -178.9509 0.0007 -0.0487 0.0828 -1.2124 66.2503 0.3671 0.0000 25.3510 0.0000 -3.2232 -2.1974 -179.1309 0.0263 -6.8993 -0.0843 17.7336 65.0852 13.2431 0.0000 24.9584 -0.0001 
-2.2831 92.9921 -6.8885 2.6573 -0.9561 -0.0720 2.8790 1.0087 -0.1302 2.8811 1.0095 -0.1303 2.8877 1.0118 -0.1305 73.7989 86.2817 -24.3925 58.0437 62.3887 41.0221 28.2810 21.6990 91.9633 -1.2435 0.3898 -2.5276 0.0000 0.0000 0.0001 0.0000 0.0000 0.0000 0.0000 -0.0013 -0.0008 0.0000 -0.0004 0.0001 0.0000 0.0000 0.0000 0.0000 0.0000 0.0000 0.0000 0.0003 0.0000 0.0000 -0.0006 0.0003 0.0000 0.0004 -0.0006 0.0000 0.0000 0.0001 0.0000 0.0000 0.0000 0.0000 -0.0010 -0.0002 0.0000 0.0002 30.0001 -0.0001 0.0005 -29.9998 0.0000 0.0000 0.0000 -2.8789 -0.4846 -0.1336 -2.8789 -0.4846 -0.1336 -29.6585 79.3349 77.2764 -46.3362 67.3803 -19.4803 -36.1570 32.5453 -91.9713 1.1194 -0.2180 2.5407 0.0000 -0.0001 0.0001 0.0000 0.0000 0.0000 0.0000 -0.0006 0.0003 0.0000 -0.0001 0.0001 0.0000 0.0000 0.0000 0.0000 0.0000 0.0000 0.0000 0.0007 0.0001 0.0000 -0.0011 0.0001 0.0000 -0.0008 0.0003 0.0000 0.0001 0.0000 0.0000 0.0000 0.0000 0.0000 -0.0009 0.0000 0.0000 0.0002 -29.9996 -0.0001 -0.0003 29.9995 0.0000 0.0000 0.0000 -0.3471 1.4884 -178.9545 0.0007 -0.0485 0.0828 -1.5020 66.2180 0.2975 0.0000 25.3510 0.0000 -3.1715 -2.1078 -179.1345 0.0262 -6.7013 -0.0842 17.3768 65.0400 12.9888 0.0000 24.9600 -0.0001 
-2.2933 92.9909 -6.8854 2.4083 -0.9553 -0.0608 2.8358 1.0002 -0.1146 2.8378 1.0010 -0.1147 2.8443 1.0033 -0.1149 73.2707 86.2983 -24.9461 57.7178 62.3528 40.8037 28.2349 21.7889 91.7805 -1.2501 0.3984 -2.5250 0.0000 0.0000 0.0001 0.0000 0.0000 0.0000 0.0000 -0.0013 -0.0008 0.0000 -0.0004 0.0001 0.0000 0.0000 0.0000 0.0000 0.0000 0.0000 0.0000 0.0003 0.0000 0.0000 -0.0006 0.0003 0.0000 0.0004 -0.0006 0.0000 0.0000 0.0001 0.0000 0.0000 0.0000 0.0000 -0.0010 -0.0002 0.0000 0.0003 30.0001 -0.0001 0.0005 -29.9998 0.0000 0.0000 0.0000 -2.8105 -0.4524 -0.1456 -2.8105 -0.4524 -0.1456 -29.8659 79.3634 77.0537 -46.1190 67.4069 -19.2064 -36.1402 32.4564 -92.0700 1.1240 -0.2135 2.5456 0.0000 -0.0001 0.0001 0.0000 0.0000 0.0000 0.0000 -0.0006 0.0003 0.0000 -0.0001 0.0001 0.0000 0.0000 0.0000 0.0000 0.0000 0.0000 0.0000 0.0007 0.0001 0.0000 -0.0012 0.0001 0.0000 -0.0008 0.0003 0.0000 0.0001 0.0000 0.0000 0.0000 0.0000 0.0000 -0.0009 0.0000 0.0000 0.0002 -29.9996 -0.0001 -0.0003 29.9996 0.0000 0.0000 0.0000 -0.3221 1.5362 -178.9599 0.0000 0.0000 0.0828 -1.7593 66.1733 0.2293 0.0000 25.3510 0.0000 -3.0912 -1.9994 -179.1302 0.0264 -6.4486 -0.0842 16.9940 64.9737 12.6796 0.0000 24.9617 -0.0001 
-2.2915 92.9883 -6.8861 2.1645 -0.9486 -0.0477 2.7842 0.9907 -0.1030 2.7861 0.9914 -0.1030 2.7926 0.9937 -0.1032 72.4552 86.3035 -25.7415 57.3762 62.2980 40.5670 28.1518 21.8984 91.5144 -1.2565 0.4104 -2.5161 0.0000 0.0000 0.0001 0.0000 0.0000 0.0000 0.0000 -0.0013 -0.0008 0.0000 -0.0004 0.0001 0.0000 0.0000 0.0000 0.0000 0.0000 0.0000 0.0000 0.0002 0.0000 0.0000 -0.0006 0.0003 0.0000 0.0004 -0.0006 0.0000 0.0000 0.0001 0.0000 0.0000 0.0000 0.0000 -0.0010 -0.0002 0.0000 0.0002 30.0001 -0.0001 0.0005 -29.9998 0.0000 0.0000 0.0000 -2.7453 -0.4215 -0.1459 -2.7453 -0.4215 -0.1459 -30.0480 79.3997 76.8874 -45.8199 67.4796 -18.8457 -36.0988 32.3254 -92.1645 1.1273 -0.2103 2.5535 0.0000 -0.0001 0.0001 0.0000 0.0000 0.0000 0.0000 -0.0006 0.0003 0.0000 -0.0001 0.0001 0.0000 0.0000 0.0000 0.0000 0.0000 0.0000 0.0000 0.0007 0.0001 0.0000 -0.0011 0.0001 0.0000 -0.0008 0.0003 0.0000 0.0001 0.0000 0.0000 0.0000 0.0000 0.0000 -0.0008 0.0000 0.0000 0.0002 -29.9996 -0.0001 -0.0003 29.9996 0.0000 0.0000 0.0000 -0.2598 1.5434 -178.9740 0.0002 -0.0163 0.0828 -1.9791 66.1701 0.1553 0.0000 25.3510 0.0000 -2.9960 -1.8733 -179.1233 0.0273 -6.1416 -0.0842 16.6047 64.8793 12.3396 0.0000 24.9635 -0.0001 
-2.2844 92.9868 -6.8921 1.9338 -0.9355 -0.0310 2.7243 0.9812 -0.0952 2.7260 0.9819 -0.0953 2.7325 0.9842 -0.0954 71.3669 86.3013 -26.7882 57.0739 62.2188 40.3412 28.0180 21.9959 91.2092 -1.2626 0.4249 -2.5037 0.0000 0.0000 0.0001 0.0000 0.0000 0.0000 0.0000 -0.0013 -0.0008 0.0000 -0.0004 0.0001 0.0000 0.0000 0.0000 0.0000 0.0000 0.0000 0.0000 0.0002 0.0000 0.0000 -0.0006 0.0003 0.0000 0.0004 -0.0006 0.0000 0.0000 0.0001 0.0000 0.0000 0.0000 0.0000 -0.0010 -0.0002 0.0000 0.0002 30.0001 -0.0001 0.0005 -29.9998 0.0000 0.0000 0.0000 -2.6828 -0.3903 -0.1418 -2.6828 -0.3903 -0.1418 -30.2096 79.4466 76.7597 -45.4299 67.5790 -18.4193 -36.0270 32.1625 -92.2301 1.1308 -0.2065 2.5639 0.0000 0.0000 0.0001 0.0000 0.0000 0.0000 0.0000 -0.0006 0.0003 0.0000 -0.0001 0.0001 0.0000 0.0000 0.0000 0.0000 0.0000 0.0000 0.0000 0.0007 0.0001 0.0000 -0.0012 0.0001 0.0000 -0.0008 0.0003 0.0000 0.0001 0.0000 0.0000 0.0000 0.0000 0.0000 -0.0009 0.0000 0.0000 0.0002 -29.9996 -0.0001 -0.0003 29.9996 0.0000 0.0000 0.0000 -0.1892 1.5479 -178.9941 0.0002 -0.0163 0.0828 -2.1929 66.1635 0.0629 0.0000 25.3510 0.0000 -2.9144 -1.7603 -179.1239 0.0282 -5.8434 -0.0842 16.2391 64.7780 12.0305 0.0000 24.9651 -0.0001 
-2.2748 92.9866 -6.9000 1.7143 -0.9151 -0.0123 2.6580 0.9707 -0.0905 2.6597 0.9714 -0.0905 2.6660 0.9737 -0.0907 70.1452 86.2899 -27.9512 56.8127 62.1259 40.1236 27.8411 22.0541 90.8953 -1.2686 0.4419 -2.4896 0.0000 0.0000 0.0001 0.0000 0.0000 0.0000 0.0000 -0.0013 -0.0008 0.0000 -0.0004 0.0001 0.0000 0.0000 0.0000 0.0000 0.0000 0.0000 0.0000 0.0002 0.0000 0.0000 -0.0006 0.0003 0.0000 0.0004 -0.0006 0.0000 0.0000 0.0001 0.0000 0.0000 0.0000 0.0000 -0.0010 -0.0002 0.0000 0.0002 30.0001 -0.0001 0.0005 -29.9998 0.0000 0.0000 0.0000 -2.6232 -0.3564 -0.1364 -2.6232 -0.3564 -0.1364 -30.3555 79.5040 76.6638 -44.9645 67.6921 -17.9546 -35.9217 31.9693 -92.2620 1.1349 -0.2014 2.5769 0.0000 -0.0001 0.0001 0.0000 0.0000 0.0000 0.0000 -0.0006 0.0003 0.0000 -0.0001 0.0001 0.0000 0.0000 0.0000 0.0000 0.0000 0.0000 0.0000 0.0007 0.0001 0.0000 -0.0011 0.0001 0.0000 -0.0008 0.0003 0.0000 0.0001 0.0000 0.0000 0.0000 0.0000 0.0000 -0.0009 0.0000 0.0000 0.0002 -29.9996 -0.0001 -0.0003 29.9996 0.0000 0.0000 0.0000 -0.1181 1.5517 -179.0167 0.0000 0.0000 0.0828 -2.4163 66.1533 -0.0544 0.0000 25.3510 0.0000 -2.8503 -1.6748 -179.1305 0.0289 -5.5845 -0.0841 15.8991 64.6847 11.7631 0.0000 24.9665 -0.0001 
-2.2641 92.9884 -6.9029 1.5050 -0.8867 0.0054 2.5849 0.9588 -0.0880 2.5864 0.9594 -0.0880 2.5926 0.9617 -0.0882 68.9730 86.2677 -29.0580 56.5806 62.0307 39.8993 27.6286 22.0183 90.6070 -1.2757 0.4631 -2.4760 0.0000 0.0000 0.0001 0.0000 0.0000 0.0000 0.0000 -0.0013 -0.0008 0.0000 -0.0004 0.0001 0.0000 0.0000 0.0000 0.0000 0.0000 0.0000 0.0000 0.0003 0.0000 0.0000 -0.0006 0.0003 0.0000 0.0004 -0.0006 0.0000 0.0000 0.0001 0.0000 0.0000 0.0000 0.0000 -0.0010 -0.0002 0.0000 0.0003 30.0001 -0.0001 0.0005 -29.9998 0.0000 0.0000 0.0000 -2.5682 -0.3179 -0.1323 -2.5682 -0.3179 -0.1323 -30.4704 79.5786 76.6185 -44.4102 67.7978 -17.4649 -35.7630 31.7353 -92.2424 1.1411 -0.1927 2.5930 0.0000 -0.0001 0.0001 0.0000 0.0000 0.0000 0.0000 -0.0007 0.0003 0.0000 -0.0001 0.0001 0.0000 0.0000 0.0000 0.0000 0.0000 0.0000 0.0000 0.0007 0.0001 0.0000 -0.0012 0.0001 0.0000 -0.0008 0.0003 0.0000 0.0001 0.0000 0.0000 0.0000 0.0000 0.0000 -0.0009 0.0000 0.0000 0.0002 -29.9997 -0.0001 -0.0003 29.9996 0.0000 0.0000 0.0000 -0.0482 1.5110 -179.0370 0.0009 -0.0624 0.0828 -2.6633 66.1916 -0.2071 0.0000 25.3510 0.0000 -2.8081 -1.6273 -179.1414 0.0294 -5.3923 -0.0841 15.5959 64.6110 11.5611 0.0000 24.9675 -0.0001 
-2.2552 92.9909 -6.9033 1.2974 -0.8565 0.0201 2.5095 0.9464 -0.0853 2.5108 0.9469 -0.0853 2.5170 0.9493 -0.0855 68.0812 86.2395 -29.8910 56.3341 61.9464 39.6638 27.4192 21.9105 90.3515 -1.2843 0.4873 -2.4645 0.0000 0.0000 0.0001 0.0000 0.0000 0.0000 0.0000 -0.0013 -0.0008 0.0000 -0.0004 0.0001 0.0000 0.0000 0.0000 0.0000 0.0000 0.0000 0.0000 0.0002 0.0000 0.0000 -0.0006 0.0003 0.0000 0.0004 -0.0006 0.0000 0.0000 0.0001 0.0000 0.0000 0.0000 0.0000 -0.0010 -0.0002 0.0000 0.0002 30.0001 -0.0001 0.0005 -29.9998 0.0000 0.0000 0.0000 -2.5198 -0.2781 -0.1299 -2.5198 -0.2781 -0.1299 -30.5615 79.6637 76.5943 -43.8566 67.8688 -17.0249 -35.5385 31.5023 -92.1737 1.1500 -0.1805 2.6101 0.0000 -0.0001 0.0001 0.0000 0.0000 0.0000 0.0000 -0.0006 0.0003 0.0000 -0.0001 0.0001 0.0000 0.0000 0.0000 0.0000 0.0000 0.0000 0.0000 0.0007 0.0001 0.0000 -0.0012 0.0001 0.0000 -0.0008 0.0003 0.0000 0.0001 0.0000 0.0000 0.0000 0.0000 0.0000 -0.0009 0.0000 0.0000 0.0002 -29.9996 -0.0001 -0.0003 29.9996 0.0000 0.0000 0.0000 0.0186 1.5085 -179.0527 0.0007 -0.0485 0.0828 -2.9188 66.1941 -0.3673 0.0000 25.3510 0.0000 -2.7814 -1.5965 -179.1514 0.0296 -5.2339 -0.0841 15.3103 64.5414 11.4048 0.0000 24.9682 -0.0001 
-2.2482 92.9937 -6.9036 1.0893 -0.8279 0.0317 2.4351 0.9336 -0.0821 2.4363 0.9342 -0.0821 2.4424 0.9365 -0.0823 67.5068 86.2065 -30.4255 56.0743 61.8573 39.4235 27.2212 21.7540 90.1322 -1.2946 0.5137 -2.4549 0.0000 0.0000 0.0001 0.0000 0.0000 0.0000 0.0000 -0.0013 -0.0008 0.0000 -0.0004 0.0001 0.0000 0.0000 0.0000 0.0000 0.0000 0.0000 0.0000 0.0002 0.0000 0.0000 -0.0006 0.0003 0.0000 0.0004 -0.0006 0.0000 0.0000 0.0001 0.0000 0.0000 0.0000 0.0000 -0.0010 -0.0002 0.0000 0.0002 30.0001 -0.0001 0.0005 -29.9998 0.0000 0.0000 0.0000 -2.4810 -0.2382 -0.1275 -2.4810 -0.2382 -0.1275 -30.6220 79.7504 76.5866 -43.2331 67.9322 -16.5420 -35.2914 31.2862 -92.0437 1.1593 -0.1660 2.6252 0.0000 -0.0001 0.0001 0.0000 0.0000 0.0000 0.0000 -0.0006 0.0003 0.0000 -0.0001 0.0001 0.0000 0.0000 0.0000 0.0000 0.0000 0.0000 0.0000 0.0007 0.0001 0.0000 -0.0012 0.0001 0.0000 -0.0008 0.0003 0.0000 0.0001 0.0000 0.0000 0.0000 0.0000 0.0000 -0.0009 0.0000 0.0000 0.0002 -29.9997 -0.0001 -0.0003 29.9996 0.0000 0.0000 0.0000 0.0880 1.5004 -179.0643 0.0007 -0.0487 0.0828 -3.1719 66.2014 -0.5259 0.0000 25.3510 0.0000 -2.7598 -1.5735 -179.1593 0.0294 -5.0945 -0.0840 15.0400 64.4716 11.2805 0.0000 24.9687 -0.0001 
-2.2436 92.9964 -6.9073 0.8794 -0.8050 0.0387 2.3633 0.9228 -0.0771 2.3644 0.9233 -0.0771 2.3704 0.9256 -0.0772 67.1678 86.1620 -30.7449 55.7934 61.7712 39.1657 27.0485 21.5128 89.9317 -1.3059 0.5442 -2.4449 0.0000 0.0000 0.0001 0.0000 0.0000 0.0000 0.0000 -0.0013 -0.0008 0.0000 -0.0004 0.0001 0.0000 0.0000 0.0000 0.0000 0.0000 0.0000 0.0000 0.0002 0.0000 0.0000 -0.0006 0.0003 0.0000 0.0004 -0.0006 0.0000 0.0000 0.0001 0.0000 0.0000 0.0000 0.0000 -0.0010 -0.0002 0.0000 0.0002 30.0001 -0.0001 0.0005 -29.9998 0.0000 0.0000 0.0000 -2.4519 -0.2032 -0.1233 -2.4519 -0.2032 -0.1233 -30.6146 79.8267 76.6384 -42.5104 67.9719 -15.9846 -35.0401 31.1377 -91.8021 1.1676 -0.1489 2.6327 0.0000 -0.0001 0.0001 0.0000 0.0000 0.0000 0.0000 -0.0006 0.0002 0.0000 -0.0001 0.0001 0.0000 0.0000 0.0000 0.0000 0.0000 0.0000 0.0000 0.0007 0.0001 0.0000 -0.0011 0.0001 0.0000 -0.0008 0.0003 0.0000 0.0001 0.0000 0.0000 0.0000 0.0000 0.0000 -0.0009 0.0000 0.0000 0.0002 -29.9996 -0.0001 -0.0003 29.9996 0.0000 0.0000 0.0000 0.1628 1.5196 -179.0713 0.0000 0.0001 0.0828 -3.3952 66.1738 -0.6539 0.0000 25.3510 0.0000 -2.7408 -1.5644 -179.1641 0.0289 -4.9904 -0.0840 14.7838 64.4085 11.1889 0.0000 24.9689 -0.0001 
-2.2382 92.9986 -6.9113 0.6702 -0.7894 0.0440 2.2961 0.9146 -0.0713 2.2972 0.9151 -0.0713 2.3030 0.9174 -0.0715 66.8917 86.1035 -30.9991 55.5171 61.7042 38.9105 26.8974 21.2479 89.7112 -1.3161 0.5758 -2.4323 0.0000 0.0000 0.0001 0.0000 0.0000 0.0000 0.0000 -0.0013 -0.0008 0.0000 -0.0004 0.0001 0.0000 0.0000 0.0000 0.0000 0.0000 0.0000 0.0000 0.0003 0.0000 0.0000 -0.0006 0.0003 0.0000 0.0004 -0.0006 0.0000 0.0000 0.0001 0.0000 0.0000 0.0000 0.0000 -0.0010 -0.0002 0.0000 0.0002 30.0001 -0.0001 0.0005 -29.9998 0.0000 0.0000 0.0000 -2.4324 -0.1720 -0.1154 -2.4324 -0.1720 -0.1154 -30.5347 79.8913 76.7602 -41.7324 67.9779 -15.3768 -34.7855 31.0503 -91.4787 1.1750 -0.1298 2.6334 0.0000 -0.0001 0.0001 0.0000 0.0000 0.0000 0.0000 -0.0006 0.0003 0.0000 -0.0001 0.0001 0.0000 0.0000 0.0000 0.0000 0.0000 0.0000 0.0000 0.0007 0.0001 0.0000 -0.0012 0.0001 0.0000 -0.0008 0.0003 0.0000 0.0001 0.0000 0.0000 0.0000 0.0000 0.0000 -0.0009 0.0000 0.0000 0.0002 -29.9997 -0.0001 -0.0003 29.9996 0.0000 0.0000 0.0000 0.2378 1.4959 -179.0787 0.0006 -0.0487 0.0828 -3.5853 66.1864 -0.7421 0.0000 25.3510 0.0000 -2.7196 -1.5699 -179.1697 0.0282 -4.9301 -0.0839 14.5506 64.3622 11.1266 0.0000 24.9690 -0.0001 
-2.2326 93.0000 -6.9119 0.4628 -0.7801 0.0483 2.2321 0.9090 -0.0647 2.2331 0.9095 -0.0647 2.2388 0.9118 -0.0648 66.6142 86.0365 -31.2558 55.2674 61.6569 38.6739 26.7576 20.9823 89.4512 -1.3234 0.6066 -2.4157 0.0000 0.0000 0.0001 0.0000 0.0000 0.0000 0.0000 -0.0013 -0.0008 0.0000 -0.0004 0.0001 0.0000 0.0000 0.0000 0.0000 0.0000 0.0000 0.0000 0.0002 0.0000 0.0000 -0.0006 0.0003 0.0000 0.0004 -0.0006 0.0000 0.0000 0.0001 0.0000 0.0000 0.0000 0.0000 -0.0010 -0.0002 0.0000 0.0002 30.0001 -0.0001 0.0005 -29.9998 0.0000 0.0000 0.0000 -2.4255 -0.1416 -0.1041 -2.4255 -0.1416 -0.1041 -30.4060 79.9482 76.9301 -40.9640 67.9451 -14.7800 -34.5204 30.9949 -91.1109 1.1825 -0.1087 2.6299 0.0000 -0.0001 0.0001 0.0000 0.0000 0.0000 0.0000 -0.0006 0.0002 0.0000 -0.0001 0.0001 0.0000 0.0000 0.0000 0.0000 0.0000 0.0000 0.0000 0.0007 0.0001 0.0000 -0.0012 0.0001 0.0000 -0.0008 0.0003 0.0000 0.0001 0.0000 0.0000 0.0000 0.0000 0.0000 -0.0009 0.0000 0.0000 0.0002 -29.9996 -0.0001 -0.0003 29.9996 0.0000 0.0000 0.0000 0.3104 1.5287 -179.0865 0.0000 0.0000 0.0828 -3.7342 66.1471 -0.7815 0.0000 25.3510 0.0000 -2.6955 -1.5887 -179.1758 0.0275 -4.9140 -0.0839 14.3412 64.3367 11.0906 0.0000 24.9690 -0.0001 
-2.2291 93.0002 -6.9013 0.2578 -0.7755 0.0511 2.1736 0.9056 -0.0577 2.1745 0.9060 -0.0577 2.1801 0.9084 -0.0578 66.3417 85.9647 -31.5039 55.0751 61.6104 38.4772 26.5863 20.7719 89.1016 -1.3263 0.6351 -2.3910 0.0000 0.0000 0.0001 0.0000 0.0000 0.0000 0.0000 -0.0013 -0.0008 0.0000 -0.0004 0.0001 0.0000 0.0000 0.0000 0.0000 0.0000 0.0000 0.0000 0.0002 0.0000 0.0000 -0.0006 0.0003 0.0000 0.0004 -0.0006 0.0000 0.0000 0.0001 0.0000 0.0000 0.0000 0.0000 -0.0010 -0.0002 0.0000 0.0003 30.0001 -0.0001 0.0005 -29.9998 0.0000 0.0000 0.0000 -2.4366 -0.1080 -0.0873 -2.4366 -0.1080 -0.0873 -30.2344 80.0086 77.1494 -40.2218 67.8625 -14.2159 -34.2374 30.9398 -90.7121 1.1904 -0.0844 2.6231 0.0000 -0.0001 0.0001 0.0000 0.0000 0.0000 0.0000 -0.0006 0.0003 0.0000 -0.0001 0.0001 0.0000 0.0000 0.0000 0.0000 0.0000 0.0000 0.0000 0.0007 0.0001 0.0000 -0.0012 0.0001 0.0000 -0.0008 0.0003 0.0000 0.0001 0.0000 0.0000 0.0000 0.0000 0.0000 -0.0009 0.0000 0.0000 0.0002 -29.9996 -0.0001 -0.0003 29.9996 0.0000 0.0000 0.0000 0.3824 1.5485 -179.0929 0.0000 0.0001 0.0828 -3.8527 66.1328 -0.7856 0.0000 25.3510 0.0000 -2.6644 -1.6196 -179.1802 0.0273 -4.9471 -0.0839 14.1649 64.3403 11.0860 0.0000 24.9690 -0.0001 
-2.2293 92.9994 -6.8820 0.0554 -0.7693 0.0515 2.1188 0.9021 -0.0504 2.1197 0.9026 -0.0504 2.1252 0.9049 -0.0505 66.0857 85.8981 -31.7296 54.9466 61.5748 38.3269 26.3579 20.5939 88.6148 -1.3223 0.6619 -2.3553 0.0000 0.0000 0.0001 0.0000 0.0000 0.0000 0.0000 -0.0013 -0.0008 0.0000 -0.0004 0.0001 0.0000 0.0000 0.0000 0.0000 0.0000 0.0000 0.0000 0.0003 0.0000 0.0000 -0.0006 0.0003 0.0000 0.0004 -0.0006 0.0000 0.0000 0.0001 0.0000 0.0000 0.0000 0.0000 -0.0010 -0.0002 0.0000 0.0003 30.0001 -0.0001 0.0005 -29.9998 0.0000 0.0000 0.0000 -2.4603 -0.0690 -0.0669 -2.4603 -0.0690 -0.0669 -30.0574 80.0865 77.3963 -39.4994 67.7404 -13.6981 -33.9318 30.8362 -90.3072 1.1998 -0.0562 2.6166 0.0000 -0.0001 0.0001 0.0000 0.0000 0.0000 0.0000 -0.0006 0.0003 0.0000 -0.0001 0.0001 0.0000 0.0000 0.0000 0.0000 0.0000 0.0000 0.0000 0.0007 0.0001 0.0000 -0.0012 0.0001 0.0000 -0.0008 0.0003 0.0000 0.0001 0.0000 0.0000 0.0000 0.0000 0.0000 -0.0009 0.0000 0.0000 0.0002 -29.9997 -0.0001 -0.0003 29.9996 0.0000 0.0000 0.0000 0.4623 1.5641 -179.0950 0.0002 -0.0163 0.0828 -3.9506 66.1302 -0.7745 0.0000 25.3510 0.0000 -2.6247 -1.6588 -179.1801 0.0274 -5.0058 -0.0839 14.0122 64.3601 11.0978 0.0000 24.9689 -0.0001 
-2.2324 92.9982 -6.8588 -0.1446 -0.7596 0.0494 2.0667 0.8982 -0.0428 2.0675 0.8986 -0.0428 2.0729 0.9010 -0.0429 65.8483 85.8415 -31.9315 54.8617 61.5631 38.2115 26.0592 20.4763 87.9797 -1.3118 0.6855 -2.3104 0.0000 0.0000 0.0001 0.0000 0.0000 0.0000 0.0000 -0.0013 -0.0008 0.0000 -0.0004 0.0001 0.0000 0.0000 0.0000 0.0000 0.0000 0.0000 0.0000 0.0002 0.0000 0.0000 -0.0006 0.0003 0.0000 0.0004 -0.0006 0.0000 0.0000 0.0001 0.0000 0.0000 0.0000 0.0000 -0.0010 -0.0002 0.0000 0.0002 30.0001 -0.0001 0.0005 -29.9998 0.0000 0.0000 0.0000 -2.4931 -0.0258 -0.0439 -2.4931 -0.0258 -0.0439 -29.8724 80.1730 77.6512 -38.7877 67.5956 -13.2122 -33.5899 30.6799 -89.9043 1.2115 -0.0243 2.6130 0.0000 -0.0001 0.0001 0.0000 0.0000 0.0000 0.0000 -0.0006 0.0003 0.0000 -0.0001 0.0001 0.0000 0.0000 0.0000 0.0000 0.0000 0.0000 0.0000 0.0007 0.0001 0.0000 -0.0012 0.0001 0.0000 -0.0008 0.0003 0.0000 0.0001 0.0000 0.0000 0.0000 0.0000 0.0000 -0.0009 0.0000 0.0000 0.0002 -29.9996 -0.0001 -0.0003 29.9996 0.0000 0.0000 0.0000 0.5534 1.5704 -179.0926 0.0006 -0.0487 0.0828 -4.0321 66.1385 -0.7568 0.0000 25.3511 0.0000 -2.5770 -1.7041 -179.1762 0.0277 -5.0754 -0.0839 13.8745 64.3874 11.1157 0.0000 24.9687 -0.0001 
-2.2391 92.9963 -6.8388 -0.3384 -0.7453 0.0443 2.0155 0.8936 -0.0352 2.0163 0.8940 -0.0352 2.0216 0.8963 -0.0352 65.6330 85.8009 -32.1075 54.7903 61.6016 38.1083 25.6308 20.4700 87.0613 -1.2908 0.7050 -2.2500 0.0000 0.0000 0.0001 0.0000 0.0000 0.0000 0.0000 -0.0013 -0.0008 0.0000 -0.0004 0.0001 0.0000 0.0000 0.0000 0.0000 0.0000 0.0000 0.0000 0.0002 0.0000 0.0000 -0.0006 0.0003 0.0000 0.0004 -0.0006 0.0000 0.0000 0.0001 0.0000 0.0000 0.0000 0.0000 -0.0010 -0.0002 0.0000 0.0002 30.0001 -0.0001 0.0005 -29.9998 0.0000 0.0000 0.0000 -2.5452 0.0236 -0.0156 -2.5452 0.0236 -0.0156 -29.6831 80.2624 77.8975 -38.0566 67.4451 -12.7371 -33.2035 30.4478 -89.4967 1.2261 0.0119 2.6139 0.0000 -0.0001 0.0001 0.0000 0.0000 0.0000 0.0000 -0.0006 0.0003 0.0000 -0.0001 0.0001 0.0000 0.0000 0.0000 0.0000 0.0000 0.0000 0.0000 0.0007 0.0001 0.0000 -0.0012 0.0001 0.0000 -0.0008 0.0003 0.0000 0.0001 0.0000 0.0000 0.0000 0.0000 0.0000 -0.0008 0.0000 0.0000 0.0002 -29.9997 -0.0001 -0.0003 29.9996 0.0000 0.0000 0.0000 0.6627 1.6099 -179.0842 0.0000 0.0001 0.0828 -4.0874 66.1051 -0.7348 0.0000 25.3510 0.0000 -2.5159 -1.7602 -179.1671 0.0278 -5.1538 -0.0840 13.7555 64.4180 11.1335 0.0000 24.9685 -0.0001 
-2.2493 92.9935 -6.8281 -0.5240 -0.7293 0.0393 1.9632 0.8892 -0.0283 1.9639 0.8896 -0.0283 1.9691 0.8919 -0.0283 65.4177 85.7756 -32.2936 54.7063 61.6716 38.0046 25.0573 20.5736 85.8484 -1.2614 0.7221 -2.1759 0.0000 0.0000 0.0001 0.0000 0.0000 0.0000 0.0000 -0.0013 -0.0008 0.0000 -0.0004 0.0001 0.0000 0.0000 0.0000 0.0000 0.0000 0.0000 0.0000 0.0002 0.0000 0.0000 -0.0006 0.0003 0.0000 0.0004 -0.0006 0.0000 0.0000 0.0001 0.0000 0.0000 0.0000 0.0000 -0.0010 -0.0002 0.0000 0.0002 30.0001 -0.0001 0.0005 -29.9998 0.0000 0.0000 0.0000 -2.5968 0.0738 0.0143 -2.5968 0.0738 0.0143 -29.4985 80.3446 78.1208 -37.2702 67.3162 -12.2300 -32.7848 30.1786 -89.0356 1.2409 0.0509 2.6155 0.0000 -0.0001 0.0001 0.0000 0.0000 0.0000 0.0000 -0.0006 0.0003 0.0000 -0.0001 0.0001 0.0000 0.0000 0.0000 0.0000 0.0000 0.0000 0.0000 0.0007 0.0001 0.0000 -0.0012 0.0001 0.0000 -0.0008 0.0003 0.0000 0.0001 0.0000 0.0000 0.0000 0.0000 0.0000 -0.0009 0.0000 0.0000 0.0002 -29.9996 -0.0001 -0.0003 29.9996 0.0000 0.0000 0.0000 0.7766 1.6161 -179.0729 0.0000 0.0000 0.0828 -4.1476 66.0893 -0.7315 0.0000 25.3510 0.0000 -2.4518 -1.8275 -179.1552 0.0284 -5.2406 -0.0840 13.6436 64.4483 11.1476 0.0000 24.9684 -0.0001 
-2.2612 92.9898 -6.8257 -0.7014 -0.7128 0.0357 1.9131 0.8842 -0.0233 1.9138 0.8845 -0.0233 1.9189 0.8869 -0.0233 65.2674 85.7627 -32.4181 54.6022 61.7874 37.8964 24.3514 20.7499 84.3482 -1.2240 0.7373 -2.0895 0.0000 0.0000 0.0001 0.0000 0.0000 0.0000 0.0000 -0.0013 -0.0008 0.0000 -0.0004 0.0001 0.0000 0.0000 0.0000 0.0000 0.0000 0.0000 0.0000 0.0002 0.0000 0.0000 -0.0006 0.0003 0.0000 0.0004 -0.0006 0.0000 0.0000 0.0001 0.0000 0.0000 0.0000 0.0000 -0.0010 -0.0002 0.0000 0.0002 30.0001 -0.0001 0.0005 -29.9998 0.0000 0.0000 0.0000 -2.6517 0.1254 0.0473 -2.6517 0.1254 0.0473 -29.3023 80.4136 78.3489 -36.4279 67.2164 -11.6783 -32.3325 29.8929 -88.4871 1.2536 0.0916 2.6143 0.0000 -0.0001 0.0001 0.0000 0.0000 0.0000 0.0000 -0.0006 0.0003 0.0000 -0.0001 0.0001 0.0000 0.0000 0.0000 0.0000 0.0000 0.0000 0.0000 0.0007 0.0001 0.0000 -0.0012 0.0001 0.0000 -0.0008 0.0003 0.0000 0.0001 0.0000 0.0000 0.0000 0.0000 0.0000 -0.0009 0.0000 0.0000 0.0002 -29.9996 -0.0001 -0.0003 29.9996 0.0000 0.0000 0.0000 0.8864 1.5909 -179.0614 0.0006 -0.0487 0.0828 -4.2167 66.0923 -0.7416 0.0000 25.3510 0.0000 -2.3910 -1.9085 -179.1430 0.0291 -5.3443 -0.0841 13.5380 64.4818 11.1639 0.0000 24.9682 -0.0001 
-2.2718 92.9858 -6.8274 -0.8673 -0.6966 0.0345 1.8676 0.8769 -0.0209 1.8683 0.8773 -0.0209 1.8733 0.8796 -0.0209 65.2903 85.7718 -32.3830 54.4526 61.9724 37.7869 23.4394 21.0156 82.3979 -1.1749 0.7509 -1.9855 0.0000 0.0000 0.0001 0.0000 0.0000 0.0000 0.0000 -0.0013 -0.0008 0.0000 -0.0004 0.0001 0.0000 0.0000 0.0000 0.0000 0.0000 0.0000 0.0000 0.0002 0.0000 0.0000 -0.0006 0.0003 0.0000 0.0004 -0.0006 0.0000 0.0000 0.0001 0.0000 0.0000 0.0000 0.0000 -0.0010 -0.0002 0.0000 0.0002 30.0001 -0.0001 0.0005 -29.9998 0.0000 0.0000 0.0000 -2.7091 0.1802 0.0860 -2.7091 0.1802 0.0860 -29.1012 80.4531 78.5809 -35.5585 67.1701 -11.0978 -31.8086 29.6289 -87.7415 1.2593 0.1330 2.6025 0.0000 -0.0001 0.0001 0.0000 0.0000 0.0000 0.0000 -0.0006 0.0003 0.0000 -0.0001 0.0001 0.0000 0.0000 0.0000 0.0000 0.0000 0.0000 0.0000 0.0007 0.0001 0.0000 -0.0012 0.0001 0.0000 -0.0008 0.0003 0.0000 0.0001 0.0000 0.0000 0.0000 0.0000 0.0000 -0.0009 0.0000 0.0000 0.0002 -29.9996 -0.0001 -0.0003 29.9996 0.0000 0.0000 0.0000 0.9801 1.6114 -179.0532 0.0000 0.0001 0.0828 -4.2863 66.0456 -0.7473 0.0000 25.3510 0.0000 -2.3398 -2.0061 -179.1342 0.0295 -5.4780 -0.0841 13.4418 64.5285 11.1883 0.0000 24.9679 -0.0001 
-2.2834 92.9824 -6.8272 -1.0262 -0.6814 0.0368 1.8266 0.8670 -0.0201 1.8272 0.8673 -0.0201 1.8321 0.8696 -0.0201 65.5511 85.8056 -32.1318 54.2684 62.2056 37.7127 22.3315 21.3306 80.0556 -1.1176 0.7630 -1.8708 0.0000 0.0000 0.0001 0.0000 0.0000 0.0000 0.0000 -0.0013 -0.0008 0.0000 -0.0004 0.0001 0.0000 0.0000 0.0000 0.0000 0.0000 0.0000 0.0000 0.0002 0.0000 0.0000 -0.0006 0.0003 0.0000 0.0004 -0.0006 0.0000 0.0000 0.0001 0.0000 0.0000 0.0000 0.0000 -0.0010 -0.0002 0.0000 0.0002 30.0001 -0.0001 0.0005 -29.9998 0.0000 0.0000 0.0000 -2.7661 0.2399 0.1294 -2.7661 0.2399 0.1294 -28.9326 80.4711 78.7869 -34.7654 67.1710 -10.5737 -31.1987 29.4266 -86.7793 1.2554 0.1729 2.5752 0.0000 -0.0001 0.0001 0.0000 0.0000 0.0000 0.0000 -0.0006 0.0003 0.0000 -0.0001 0.0001 0.0000 0.0000 0.0000 0.0000 0.0000 0.0000 0.0000 0.0007 0.0001 0.0000 -0.0011 0.0001 0.0000 -0.0008 0.0003 0.0000 0.0001 0.0000 0.0000 0.0000 0.0000 0.0000 -0.0009 0.0000 0.0000 0.0002 -29.9996 -0.0001 -0.0003 29.9996 0.0000 0.0000 0.0000 1.0536 1.6096 -179.0484 0.0000 0.0001 0.0828 -4.3771 66.0267 -0.7622 0.0000 25.3510 0.0000 -2.2990 -2.1054 -179.1291 0.0299 -5.6205 -0.0842 13.3422 64.5824 11.2121 0.0000 24.9678 -0.0001 
-2.2971 92.9797 -6.8253 -1.1816 -0.6667 0.0418 1.7917 0.8529 -0.0204 1.7922 0.8532 -0.0203 1.7971 0.8555 -0.0204 66.0859 85.8636 -31.6302 54.0760 62.4749 37.7009 21.0316 21.6407 77.3819 -1.0546 0.7741 -1.7512 0.0000 0.0000 0.0001 0.0000 0.0000 0.0000 0.0000 -0.0013 -0.0008 0.0000 -0.0004 0.0001 0.0000 0.0000 0.0000 0.0000 0.0000 0.0000 0.0000 0.0002 0.0000 0.0000 -0.0006 0.0003 0.0000 0.0004 -0.0006 0.0000 0.0000 0.0001 0.0000 0.0000 0.0000 0.0000 -0.0010 -0.0002 0.0000 0.0002 30.0001 -0.0001 0.0005 -29.9998 0.0000 0.0000 0.0000 -2.8247 0.3076 0.1769 -2.8247 0.3076 0.1769 -28.8207 80.4821 78.9448 -34.0735 67.2192 -10.1291 -30.4907 29.2854 -85.5943 1.2408 0.2105 2.5309 0.0000 -0.0001 0.0001 0.0000 0.0000 0.0000 0.0000 -0.0006 0.0003 0.0000 -0.0001 0.0001 0.0000 0.0000 0.0000 0.0000 0.0000 0.0000 0.0000 0.0007 0.0001 0.0000 -0.0012 0.0001 0.0000 -0.0008 0.0003 0.0000 0.0001 0.0000 0.0000 0.0000 0.0000 0.0000 -0.0009 0.0000 0.0000 0.0002 -29.9997 -0.0001 -0.0003 29.9996 0.0000 0.0000 0.0000 1.1087 1.6099 -179.0456 0.0000 0.0000 0.0828 -4.4866 66.0111 -0.7819 0.0000 25.3510 0.0000 -2.2705 -2.1985 -179.1254 0.0307 -5.7546 -0.0842 13.2281 64.6337 11.2297 0.0000 24.9676 -0.0001 
-2.3097 92.9776 -6.8233 -1.3337 -0.6523 0.0466 1.7700 0.8327 -0.0207 1.7706 0.8330 -0.0207 1.7754 0.8352 -0.0207 66.9524 85.9560 -30.8331 53.9327 62.7774 37.8280 19.4593 21.8054 74.3341 -0.9866 0.7871 -1.6284 0.0000 0.0000 0.0001 0.0000 0.0000 0.0000 0.0000 -0.0013 -0.0008 0.0000 -0.0004 0.0001 0.0000 0.0000 0.0000 0.0000 0.0000 0.0000 0.0000 0.0002 0.0000 0.0000 -0.0006 0.0003 0.0000 0.0004 -0.0006 0.0000 0.0000 0.0001 0.0000 0.0000 0.0000 0.0000 -0.0010 -0.0002 0.0000 0.0002 30.0001 -0.0002 0.0005 -29.9998 0.0000 0.0000 0.0000 -2.8929 0.3885 0.2302 -2.8929 0.3885 0.2302 -28.7692 80.4885 79.0665 -33.5481 67.3411 -9.8138 -29.6078 29.2412 -84.0270 1.2085 0.2445 2.4581 0.0000 -0.0001 0.0001 0.0000 0.0000 0.0000 0.0000 -0.0006 0.0003 0.0000 -0.0001 0.0001 0.0000 0.0000 0.0000 0.0000 0.0000 0.0000 0.0000 0.0007 0.0001 0.0000 -0.0012 0.0001 0.0000 -0.0008 0.0003 0.0000 0.0001 0.0000 0.0000 0.0000 0.0000 0.0000 -0.0009 0.0000 0.0000 0.0002 -29.9997 -0.0001 -0.0003 29.9996 0.0000 0.0000 0.0000 1.1444 1.5865 -179.0439 0.0007 -0.0487 0.0828 -4.6128 66.0249 -0.8008 0.0000 25.3510 0.0000 -2.2631 -2.2802 -179.1219 0.0317 -5.8682 -0.0843 13.0914 64.6750 11.2426 0.0000 24.9674 -0.0001 
-2.3136 92.9756 -6.8208 -1.4816 -0.6389 0.0474 1.7547 0.8090 -0.0188 1.7552 0.8093 -0.0188 1.7600 0.8115 -0.0188 68.0144 86.0678 -29.8853 53.8581 63.1157 38.0893 17.7099 21.7008 71.0637 -0.9175 0.8031 -1.5092 0.0000 0.0000 0.0001 0.0000 0.0000 0.0000 0.0000 -0.0013 -0.0008 0.0000 -0.0004 0.0001 0.0000 0.0000 0.0000 0.0000 0.0000 0.0000 0.0000 0.0002 0.0000 0.0000 -0.0006 0.0003 0.0000 0.0004 -0.0006 0.0000 0.0000 0.0001 0.0000 0.0000 0.0000 0.0000 -0.0010 -0.0002 0.0000 0.0003 30.0001 -0.0001 0.0005 -29.9998 0.0000 0.0000 0.0000 -2.9652 0.4780 0.2843 -2.9652 0.4780 0.2843 -28.7012 80.4922 79.2221 -33.1389 67.5185 -9.5858 -28.5661 29.2393 -82.1080 1.1618 0.2761 2.3615 0.0000 -0.0001 0.0001 0.0000 0.0000 0.0000 0.0000 -0.0006 0.0002 0.0000 -0.0001 0.0001 0.0000 0.0000 0.0000 0.0000 0.0000 0.0000 0.0000 0.0007 0.0001 0.0000 -0.0012 0.0001 0.0000 -0.0008 0.0003 0.0000 0.0001 0.0000 0.0000 0.0000 0.0000 0.0000 -0.0008 0.0000 0.0000 0.0002 -29.9997 -0.0001 -0.0003 29.9996 0.0000 0.0000 0.0000 1.1740 1.6130 -179.0444 0.0000 0.0000 0.0828 -4.7170 65.9952 -0.7936 0.0000 25.3510 0.0000 -2.2645 -2.3519 -179.1203 0.0322 -5.9651 -0.0844 12.9578 64.7076 11.2635 0.0000 24.9672 -0.0001 
-2.3115 92.9737 -6.8179 -1.6250 -0.6255 0.0452 1.7425 0.7842 -0.0145 1.7430 0.7844 -0.0145 1.7478 0.7866 -0.0145 69.3076 86.1993 -28.7408 53.7952 63.5085 38.4446 15.8520 21.3761 67.6082 -0.8484 0.8189 -1.3962 0.0000 0.0000 0.0001 0.0000 0.0000 0.0000 0.0000 -0.0013 -0.0008 0.0000 -0.0004 0.0001 0.0000 0.0000 0.0000 0.0000 0.0000 0.0000 0.0000 0.0002 0.0000 0.0000 -0.0006 0.0003 0.0000 0.0004 -0.0006 0.0000 0.0000 0.0001 0.0000 0.0000 0.0000 0.0000 -0.0010 -0.0002 0.0000 0.0002 30.0001 -0.0001 0.0005 -29.9998 0.0000 0.0000 0.0000 -3.0388 0.5704 0.3374 -3.0388 0.5703 0.3374 -28.5845 80.4953 79.4469 -32.8361 67.7455 -9.4486 -27.3727 29.2241 -79.8778 1.1040 0.3059 2.2477 0.0000 -0.0001 0.0001 0.0000 0.0000 0.0000 0.0000 -0.0006 0.0002 0.0000 -0.0001 0.0001 0.0000 0.0000 0.0000 0.0000 0.0000 0.0000 0.0000 0.0007 0.0001 0.0000 -0.0012 0.0001 0.0000 -0.0008 0.0003 0.0000 0.0001 0.0000 0.0000 0.0000 0.0000 0.0000 -0.0009 0.0000 0.0000 0.0002 -29.9997 -0.0001 -0.0003 29.9996 0.0000 0.0000 0.0000 1.2023 1.6152 -179.0458 0.0000 0.0000 0.0828 -4.8150 65.9937 -0.7823 0.0000 25.3510 0.0000 -2.2662 -2.4141 -179.1201 0.0324 -6.0441 -0.0844 12.8373 64.7302 11.2935 0.0000 24.9670 -0.0001 
-2.3087 92.9722 -6.8176 -1.7542 -0.6153 0.0387 1.7321 0.7593 -0.0085 1.7326 0.7596 -0.0085 1.7373 0.7617 -0.0085 70.9910 86.3643 -27.2273 53.6627 64.0306 38.8743 13.9052 20.8664 63.8772 -0.7768 0.8300 -1.2889 0.0000 0.0000 0.0001 0.0000 0.0000 0.0000 0.0000 -0.0013 -0.0008 0.0000 -0.0004 0.0001 0.0000 0.0000 0.0000 0.0000 0.0000 0.0000 0.0000 0.0003 0.0000 0.0000 -0.0006 0.0003 0.0000 0.0004 -0.0006 0.0000 0.0000 0.0001 0.0000 0.0000 0.0000 0.0000 -0.0010 -0.0002 0.0000 0.0002 30.0001 -0.0001 0.0005 -29.9998 0.0000 0.0000 0.0000 -3.1157 0.6646 0.3921 -3.1157 0.6646 0.3921 -28.3978 80.5189 79.7924 -32.7606 68.0426 -9.5449 -25.9295 29.1372 -77.2303 1.0325 0.3336 2.1140 0.0000 -0.0001 0.0001 0.0000 0.0000 0.0000 0.0000 -0.0006 0.0003 0.0000 -0.0001 0.0001 0.0000 0.0000 0.0000 0.0000 0.0000 0.0000 0.0000 0.0007 0.0001 0.0000 -0.0012 0.0001 0.0000 -0.0008 0.0003 0.0000 0.0001 0.0000 0.0000 0.0000 0.0000 0.0000 -0.0009 0.0000 0.0000 0.0002 -29.9996 -0.0001 -0.0003 29.9996 0.0000 0.0000 0.0000 1.2309 1.5934 -179.0431 0.0007 -0.0487 0.0828 -4.9047 66.0190 -0.7759 0.0000 25.3510 0.0000 -2.2711 -2.4623 -179.1168 0.0326 -6.1000 -0.0844 12.7369 64.7372 11.3327 0.0000 24.9666 -0.0001 
-2.3101 92.9713 -6.8216 -1.8645 -0.6090 0.0262 1.7216 0.7341 -0.0023 1.7221 0.7343 -0.0023 1.7268 0.7363 -0.0023 72.5105 86.5535 -25.8765 53.5173 64.6589 39.3393 11.9489 20.2118 60.0465 -0.7054 0.8340 -1.1905 0.0000 0.0000 0.0001 0.0000 0.0000 0.0000 0.0000 -0.0013 -0.0008 0.0000 -0.0004 0.0001 0.0000 0.0000 0.0000 0.0000 0.0000 0.0000 0.0000 0.0003 0.0000 0.0000 -0.0006 0.0003 0.0000 0.0004 -0.0006 0.0000 0.0000 0.0001 0.0000 0.0000 0.0000 0.0000 -0.0010 -0.0002 0.0000 0.0003 30.0001 -0.0001 0.0005 -29.9998 0.0000 0.0000 0.0000 -3.1975 0.7599 0.4509 -3.1975 0.7599 0.4509 -28.1561 80.5906 80.2420 -32.8671 68.4022 -9.8752 -24.2773 28.8912 -74.3037 0.9549 0.3596 1.9742 0.0000 -0.0001 0.0001 0.0000 0.0000 0.0000 0.0000 -0.0006 0.0003 0.0000 -0.0001 0.0001 0.0000 0.0000 0.0000 0.0000 0.0000 0.0000 0.0000 0.0007 0.0001 0.0000 -0.0012 0.0001 0.0000 -0.0008 0.0003 0.0000 0.0001 0.0000 0.0000 0.0000 0.0000 0.0000 -0.0009 0.0000 0.0000 0.0002 -29.9996 -0.0001 -0.0003 29.9996 0.0000 0.0000 0.0000 1.2614 1.6198 -179.0311 0.0000 0.0000 0.0828 -4.9706 65.9960 -0.7649 0.0000 25.3510 0.0000 -2.2831 -2.5084 -179.1051 0.0332 -6.1569 -0.0845 12.6538 64.7412 11.3777 0.0000 24.9662 -0.0001 
-2.3128 92.9708 -6.8286 -1.9577 -0.6052 0.0085 1.7101 0.7093 0.0039 1.7106 0.7095 0.0040 1.7152 0.7115 0.0040 73.5324 86.7813 -25.0269 53.3808 65.3382 39.8038 10.0230 19.4083 56.2419 -0.6365 0.8317 -1.1014 0.0000 0.0000 0.0001 0.0000 0.0000 0.0000 0.0000 -0.0013 -0.0008 0.0000 -0.0004 0.0001 0.0000 0.0000 0.0000 0.0000 0.0000 0.0000 0.0000 0.0002 -0.0001 0.0000 -0.0006 0.0003 0.0000 0.0004 -0.0006 0.0000 0.0000 0.0001 0.0000 0.0000 0.0000 0.0000 -0.0010 -0.0002 0.0000 0.0002 30.0001 -0.0001 0.0005 -29.9998 0.0000 0.0000 0.0000 -3.2828 0.8536 0.5128 -3.2828 0.8536 0.5128 -27.7976 80.7176 80.8420 -33.0589 68.8137 -10.3615 -22.4808 28.4453 -71.1829 0.8754 0.3838 1.8347 0.0000 -0.0001 0.0001 0.0000 0.0000 0.0000 0.0000 -0.0006 0.0003 0.0000 -0.0001 0.0001 0.0000 0.0000 0.0000 0.0000 0.0000 0.0000 0.0000 0.0007 0.0001 0.0000 -0.0012 0.0001 0.0000 -0.0008 0.0003 0.0000 0.0001 0.0000 0.0000 0.0000 0.0000 0.0000 -0.0009 0.0000 0.0000 0.0002 -29.9996 -0.0001 -0.0003 29.9996 0.0000 0.0000 0.0000 1.2935 1.6205 -179.0124 0.0000 0.0001 0.0828 -5.0251 65.9973 -0.7595 0.0000 25.3510 0.0000 -2.2948 -2.5533 -179.0877 0.0336 -6.2147 -0.0845 12.5956 64.7429 11.4304 0.0000 24.9657 -0.0001 
-2.3165 92.9706 -6.8381 -2.0268 -0.6039 -0.0149 1.6941 0.6883 0.0101 1.6946 0.6885 0.0101 1.6992 0.6904 0.0102 74.1506 87.0599 -24.5882 53.2287 66.0697 40.2349 8.1370 18.5995 52.5314 -0.5705 0.8191 -1.0227 0.0000 0.0000 0.0001 0.0000 0.0000 0.0000 0.0000 -0.0013 -0.0008 0.0000 -0.0004 0.0001 0.0000 0.0000 0.0000 0.0000 0.0000 0.0000 0.0000 0.0002 0.0000 0.0000 -0.0006 0.0003 0.0000 0.0004 -0.0006 0.0000 0.0000 0.0001 0.0000 0.0000 0.0000 0.0000 -0.0010 -0.0002 0.0000 0.0002 30.0001 -0.0001 0.0005 -29.9998 0.0000 0.0000 0.0000 -3.3679 0.9377 0.5741 -3.3679 0.9377 0.5741 -27.1627 80.9220 81.7408 -33.1849 69.3047 -10.9172 -20.5876 27.7225 -67.8301 0.7936 0.4059 1.6966 0.0000 -0.0001 0.0001 0.0000 0.0000 0.0000 0.0000 -0.0006 0.0003 0.0000 -0.0001 0.0001 0.0000 0.0000 0.0000 0.0000 0.0000 0.0000 0.0000 0.0007 0.0001 0.0000 -0.0012 0.0001 0.0000 -0.0008 0.0003 0.0000 0.0001 0.0000 0.0000 0.0000 0.0000 0.0000 -0.0009 0.0000 0.0000 0.0002 -29.9996 -0.0001 -0.0003 29.9996 0.0000 0.0000 0.0000 1.3293 1.6195 -178.9870 0.0000 0.0001 0.0828 -5.0520 65.9980 -0.7524 0.0000 25.3510 0.0000 -2.2977 -2.5889 -179.0645 0.0337 -6.2594 -0.0846 12.5739 64.7368 11.4866 0.0000 24.9652 -0.0001 
-2.3228 92.9698 -6.8500 -2.0746 -0.6055 -0.0396 1.6741 0.6723 0.0141 1.6745 0.6725 0.0141 1.6791 0.6743 0.0142 74.6722 87.3553 -24.2501 53.0292 66.8513 40.6341 6.3098 17.8506 48.9575 -0.5098 0.7987 -0.9564 0.0000 0.0000 0.0001 0.0000 0.0000 0.0000 0.0000 -0.0013 -0.0008 0.0000 -0.0004 0.0001 0.0000 0.0000 0.0000 0.0000 0.0000 0.0000 0.0000 0.0002 0.0000 0.0000 -0.0006 0.0003 0.0000 0.0004 -0.0006 0.0000 0.0000 0.0001 0.0000 0.0000 0.0000 0.0000 -0.0010 -0.0002 0.0000 0.0003 30.0001 -0.0001 0.0005 -29.9998 0.0000 0.0000 0.0000 -3.4515 1.0084 0.6323 -3.4515 1.0084 0.6323 -26.2518 81.1632 82.9230 -33.1428 69.8509 -11.4173 -18.7527 26.7913 -64.3416 0.7135 0.4244 1.5633 0.0000 -0.0001 0.0001 0.0000 0.0000 0.0000 0.0000 -0.0006 0.0003 0.0000 -0.0001 0.0001 0.0000 0.0000 0.0000 0.0000 0.0000 0.0000 0.0000 0.0007 0.0001 0.0000 -0.0012 0.0001 0.0000 -0.0008 0.0003 0.0000 0.0001 0.0000 0.0000 0.0000 0.0000 0.0000 -0.0009 0.0000 0.0000 0.0002 -29.9996 -0.0001 -0.0003 29.9996 0.0000 0.0000 0.0000 1.3676 1.6175 -178.9581 0.0000 0.0001 0.0828 -5.0556 65.9944 -0.7442 0.0000 25.3510 0.0000 -2.2975 -2.6070 -179.0379 0.0338 -6.2760 -0.0846 12.5620 64.7194 11.5278 0.0000 24.9647 -0.0001 
-2.3323 92.9684 -6.8641 -2.1046 -0.6103 -0.0643 1.6526 0.6607 0.0148 1.6530 0.6609 0.0148 1.6575 0.6628 0.0148 101.3960 90.0000 0.0000 52.8383 67.6719 41.0290 4.5585 17.1076 45.5593 -0.4547 0.7735 -0.9001 0.0000 0.0000 0.0001 0.0000 0.0000 0.0000 0.0000 -0.0013 -0.0008 0.0000 -0.0004 0.0001 0.0000 0.0000 0.0000 0.0000 0.0000 0.0000 0.0000 0.0002 0.0000 0.0000 -0.0006 0.0003 0.0000 0.0004 -0.0006 0.0000 0.0000 0.0001 0.0000 0.0000 0.0000 0.0000 -0.0010 -0.0002 0.0000 0.0002 30.0001 -0.0001 0.0005 -29.9998 0.0000 0.0000 0.0000 -3.5352 1.0666 0.6876 -3.5352 1.0666 0.6876 -25.1346 81.4277 84.3150 -32.8891 70.4430 -11.8014 -17.0492 25.7125 -60.7765 0.6369 0.4382 1.4365 0.0000 -0.0001 0.0001 0.0000 0.0000 0.0000 0.0000 -0.0006 0.0003 0.0000 -0.0001 0.0001 0.0000 0.0000 0.0000 0.0000 0.0000 0.0000 0.0000 0.0007 0.0001 0.0000 -0.0011 0.0001 0.0000 -0.0008 0.0003 0.0000 0.0001 0.0000 0.0000 0.0000 0.0000 0.0000 -0.0009 0.0000 0.0000 0.0002 -29.9996 -0.0001 -0.0003 29.9996 0.0000 0.0000 0.0000 1.4067 1.6152 -178.9268 0.0000 0.0001 0.0828 -5.0421 65.9864 -0.7369 0.0000 25.3510 0.0000 -2.2961 -2.6126 -179.0088 0.0341 -6.2748 -0.0846 12.5503 64.6971 11.5497 0.0000 24.9643 -0.0001 
-2.3448 92.9660 -6.8823 -2.1149 -0.6187 -0.0872 1.6320 0.6555 0.0117 1.6324 0.6557 0.0117 1.6369 0.6575 0.0117 101.3332 90.0000 0.0000 52.7145 68.5283 41.4964 2.8950 16.3803 42.3605 -0.4055 0.7454 -0.8540 0.0000 0.0000 0.0001 0.0000 0.0000 0.0000 0.0000 -0.0013 -0.0008 0.0000 -0.0004 0.0001 0.0000 0.0000 0.0000 0.0000 0.0000 0.0000 0.0000 0.0002 0.0000 0.0000 -0.0006 0.0003 0.0000 0.0004 -0.0006 0.0000 0.0000 0.0001 0.0000 0.0000 0.0000 0.0000 -0.0010 -0.0002 0.0000 0.0002 30.0001 -0.0001 0.0005 -29.9998 0.0000 0.0000 0.0000 -3.6129 1.1053 0.7355 -3.6129 1.1053 0.7355 -23.9355 81.7277 85.7753 -32.2247 71.1033 -11.9104 -15.5649 24.5647 -57.1080 0.5644 0.4463 1.3160 0.0000 -0.0001 0.0001 0.0000 0.0000 0.0000 0.0000 -0.0006 0.0003 0.0000 -0.0001 0.0001 0.0000 0.0000 0.0000 0.0000 0.0000 0.0000 0.0000 0.0007 0.0001 0.0000 -0.0011 0.0001 0.0000 -0.0008 0.0003 0.0000 0.0001 0.0000 0.0000 0.0000 0.0000 0.0000 -0.0008 0.0000 0.0000 0.0002 -29.9996 -0.0001 -0.0003 29.9996 0.0000 0.0000 0.0000 1.4462 1.6109 -178.8950 0.0000 0.0001 0.0828 -5.0105 65.9710 -0.7310 0.0000 25.3510 0.0000 -2.2851 -2.6187 -178.9785 0.0346 -6.2798 -0.0846 12.5481 64.6824 11.5515 0.0000 24.9641 -0.0001 
-2.3577 92.9628 -6.9036 -2.1093 -0.6311 -0.1072 1.6143 0.6557 0.0052 1.6147 0.6559 0.0052 1.6192 0.6577 0.0052 101.3068 90.0000 0.0000 52.7411 69.3902 42.1848 1.2186 15.6847 39.1626 -0.3600 0.7154 -0.8133 0.0000 0.0000 0.0001 0.0000 0.0000 0.0000 0.0000 -0.0013 -0.0008 0.0000 -0.0004 0.0001 0.0000 0.0000 0.0000 0.0000 0.0000 0.0000 0.0000 0.0002 0.0000 0.0000 -0.0006 0.0003 0.0000 0.0004 -0.0006 0.0000 0.0000 0.0001 0.0000 0.0000 0.0000 0.0000 -0.0010 -0.0002 0.0000 0.0002 30.0001 -0.0001 0.0005 -29.9998 0.0000 0.0000 0.0000 -3.6903 1.1297 0.7822 -3.6903 1.1297 0.7822 -22.7395 82.0522 87.2160 -31.2650 71.8095 -11.8201 -14.2436 23.4253 -53.3989 0.4974 0.4484 1.2042 0.0000 -0.0001 0.0001 0.0000 0.0000 0.0000 0.0000 -0.0006 0.0003 0.0000 -0.0001 0.0001 0.0000 0.0000 0.0000 0.0000 0.0000 0.0000 0.0000 0.0007 0.0001 0.0000 -0.0012 0.0001 0.0000 -0.0008 0.0003 0.0000 0.0001 0.0000 0.0000 0.0000 0.0000 0.0000 -0.0009 0.0000 0.0000 0.0002 -29.9997 -0.0001 -0.0003 29.9996 0.0000 0.0000 0.0000 1.4814 1.6066 -178.8655 0.0000 0.0000 0.0828 -4.9690 65.9503 -0.7273 0.0000 25.3510 0.0000 -2.2687 -2.6309 -178.9504 0.0350 -6.3037 -0.0846 12.5564 64.6805 11.5419 0.0000 24.9640 -0.0001 
-2.3714 92.9589 -6.9268 -2.0885 -0.6460 -0.1237 1.6012 0.6591 -0.0040 1.6016 0.6593 -0.0040 1.6060 0.6611 -0.0040 101.3068 90.0000 0.0000 53.0161 70.2354 43.1949 -0.5458 15.0166 35.8766 -0.3174 0.6842 -0.7765 0.0000 0.0000 0.0001 0.0000 0.0000 0.0000 0.0000 -0.0013 -0.0008 0.0000 -0.0004 0.0001 0.0000 0.0000 0.0000 0.0000 0.0000 0.0000 0.0000 0.0002 0.0000 0.0000 -0.0006 0.0003 0.0000 0.0004 -0.0006 0.0000 0.0000 0.0001 0.0000 0.0000 0.0000 0.0000 -0.0010 -0.0002 0.0000 0.0003 30.0001 -0.0001 0.0005 -29.9998 0.0000 0.0000 0.0000 -3.7675 1.1447 0.8305 -3.7675 1.1447 0.8305 -21.5126 82.3927 88.6753 -30.1524 72.5370 -11.6420 -13.0236 22.2892 -49.6616 0.4366 0.4462 1.1018 0.0000 -0.0001 0.0001 0.0000 0.0000 0.0000 0.0000 -0.0006 0.0003 0.0000 -0.0001 0.0001 0.0000 0.0000 0.0000 0.0000 0.0000 0.0000 0.0000 0.0007 0.0001 0.0000 -0.0011 0.0001 0.0000 -0.0008 0.0003 0.0000 0.0001 0.0000 0.0000 0.0000 0.0000 0.0000 -0.0009 0.0000 0.0000 0.0002 -29.9996 -0.0001 -0.0003 29.9996 0.0000 0.0000 0.0000 1.5104 1.6020 -178.8387 0.0000 0.0000 0.0828 -4.9228 65.9258 -0.7285 0.0000 25.3510 0.0000 -2.2576 -2.6467 -178.9250 0.0356 -6.3397 -0.0847 12.5671 64.6879 11.5239 0.0000 24.9640 -0.0001 
-2.3853 92.9543 -6.9499 -2.0458 -0.6622 -0.1349 1.5974 0.6644 -0.0154 1.5978 0.6646 -0.0154 1.6022 0.6665 -0.0154 101.2798 90.0000 0.0000 53.9016 71.0253 44.9316 -2.5236 14.2934 32.3422 -0.2754 0.6501 -0.7413 0.0000 0.0000 0.0001 0.0000 0.0000 0.0000 0.0000 -0.0013 -0.0008 0.0000 -0.0004 0.0001 0.0000 0.0000 0.0000 0.0000 0.0000 0.0000 0.0000 0.0003 0.0000 0.0000 -0.0006 0.0003 0.0000 0.0004 -0.0006 0.0000 0.0000 0.0001 0.0000 0.0000 0.0000 0.0000 -0.0010 -0.0002 0.0000 0.0003 30.0001 -0.0001 0.0005 -29.9998 0.0000 0.0000 0.0000 -3.8437 1.1547 0.8809 -3.8437 1.1547 0.8809 -20.3809 82.7400 90.0265 -29.1194 73.2810 -11.5843 -11.8367 21.1854 -45.8824 0.3811 0.4400 1.0073 0.0000 -0.0001 0.0001 0.0000 0.0000 0.0000 0.0000 -0.0006 0.0003 0.0000 -0.0001 0.0001 0.0000 0.0000 0.0000 0.0000 0.0000 0.0000 0.0000 0.0007 0.0001 0.0000 -0.0011 0.0001 0.0000 -0.0008 0.0003 0.0000 0.0001 0.0000 0.0000 0.0000 0.0000 0.0000 -0.0009 0.0000 0.0000 0.0002 -29.9996 -0.0001 -0.0003 29.9996 0.0000 0.0000 0.0000 1.5283 1.5971 -178.8165 0.0000 0.0001 0.0828 -4.8732 65.9001 -0.7377 0.0000 25.3510 0.0000 -2.2646 -2.6597 -178.9043 0.0362 -6.3771 -0.0847 12.5731 64.7008 11.4971 0.0000 24.9641 -0.0001 
-2.3969 92.9499 -6.9698 -1.9849 -0.6786 -0.1449 1.5975 0.6689 -0.0255 1.5979 0.6691 -0.0255 1.6023 0.6710 -0.0255 101.1783 90.0000 0.0000 55.2741 71.7095 47.2013 -4.6343 13.4072 28.6866 -0.2351 0.6168 -0.7061 0.0000 0.0000 0.0001 0.0000 0.0000 0.0000 0.0000 -0.0013 -0.0008 0.0000 -0.0004 0.0001 0.0000 0.0000 0.0000 0.0000 0.0000 0.0000 0.0000 0.0003 0.0000 0.0000 -0.0007 0.0003 0.0000 0.0004 -0.0006 0.0000 0.0000 0.0001 0.0000 0.0000 0.0000 0.0000 -0.0010 -0.0002 0.0000 0.0002 30.0001 -0.0001 0.0005 -29.9998 0.0000 0.0000 0.0000 -3.9093 1.1699 0.9292 -3.9093 1.1699 0.9292 -19.0622 83.1144 91.5469 -28.3720 73.9936 -11.8475 -10.6119 20.0768 -42.1361 0.3318 0.4317 0.9229 0.0000 -0.0001 0.0001 0.0000 0.0000 0.0000 0.0000 -0.0006 0.0003 0.0000 -0.0001 0.0001 0.0000 0.0000 0.0000 0.0000 0.0000 0.0000 0.0000 0.0007 0.0001 0.0000 -0.0012 0.0001 0.0000 -0.0008 0.0003 0.0000 0.0001 0.0000 0.0000 0.0000 0.0000 0.0000 -0.0008 0.0000 0.0000 0.0002 -29.9996 -0.0001 -0.0003 29.9996 0.0000 0.0000 0.0000 1.5382 1.5927 -178.7968 0.0000 0.0000 0.0828 -4.8145 65.8776 -0.7476 0.0000 25.3510 0.0000 -2.2871 -2.6661 -178.8867 0.0365 -6.4088 -0.0848 12.5804 64.7150 11.4686 0.0000 24.9643 -0.0001 
-2.4067 92.9460 -6.9882 -1.9095 -0.6937 -0.1543 1.5986 0.6723 -0.0344 1.5989 0.6725 -0.0344 1.6034 0.6744 -0.0345 100.9883 90.0000 0.0000 56.8807 72.2859 49.7367 -6.7663 12.3706 24.9917 -0.1977 0.5857 -0.6715 0.0000 0.0000 0.0001 0.0000 0.0000 0.0000 0.0000 -0.0013 -0.0008 0.0000 -0.0004 0.0001 0.0000 0.0000 0.0000 0.0000 0.0000 0.0000 0.0000 0.0002 0.0000 0.0000 -0.0006 0.0003 0.0000 0.0004 -0.0006 0.0000 0.0000 0.0001 0.0000 0.0000 0.0000 0.0000 -0.0010 -0.0002 0.0000 0.0002 30.0001 -0.0001 0.0005 -29.9998 0.0000 0.0000 0.0000 -3.9633 1.1929 0.9734 -3.9633 1.1929 0.9734 -17.4416 83.4984 93.3515 -28.0767 74.6702 -12.5722 -9.3263 18.9374 -38.4334 0.2875 0.4219 0.8471 0.0000 -0.0001 0.0001 0.0000 0.0000 0.0000 0.0000 -0.0006 0.0003 0.0000 -0.0001 0.0001 0.0000 0.0000 0.0000 0.0000 0.0000 0.0000 0.0000 0.0007 0.0001 0.0000 -0.0012 0.0001 0.0000 -0.0008 0.0003 0.0000 0.0001 0.0000 0.0000 0.0000 0.0000 0.0000 -0.0009 0.0000 0.0000 0.0002 -29.9996 -0.0001 -0.0003 29.9996 0.0000 0.0000 0.0000 1.5469 1.5867 -178.7787 0.0000 0.0001 0.0828 -4.7429 65.8576 -0.7574 0.0000 25.3510 0.0000 -2.3214 -2.6695 -178.8711 0.0365 -6.4366 -0.0848 12.5878 64.7312 11.4365 0.0000 24.9645 -0.0001 
-2.4159 92.9424 -7.0082 -1.8186 -0.7062 -0.1615 1.5974 0.6731 -0.0420 1.5978 0.6733 -0.0421 1.6022 0.6752 -0.0421 100.6815 90.0000 0.0000 58.3933 72.7518 52.1798 -8.7642 11.2282 21.3013 -0.1633 0.5578 -0.6359 0.0000 0.0000 0.0001 0.0000 0.0000 0.0000 0.0000 -0.0013 -0.0008 0.0000 -0.0004 0.0001 0.0000 0.0000 0.0000 0.0000 0.0000 0.0000 0.0000 0.0002 0.0000 0.0000 -0.0006 0.0003 0.0000 0.0004 -0.0006 0.0000 0.0000 0.0001 0.0000 0.0000 0.0000 0.0000 -0.0010 -0.0002 0.0000 0.0002 30.0001 -0.0001 0.0005 -29.9998 0.0000 0.0000 0.0000 -3.9900 1.2304 1.0055 -3.9900 1.2304 1.0055 -15.4000 83.8771 95.5468 -28.5415 75.2838 -14.0669 -7.9443 17.7783 -34.7390 0.2477 0.4109 0.7784 0.0000 -0.0001 0.0001 0.0000 0.0000 0.0000 0.0000 -0.0006 0.0003 0.0000 -0.0001 0.0001 0.0000 0.0000 0.0000 0.0000 0.0000 0.0000 0.0000 0.0007 0.0001 0.0000 -0.0012 0.0001 0.0000 -0.0008 0.0003 0.0000 0.0001 0.0000 0.0000 0.0000 0.0000 0.0000 -0.0008 0.0000 0.0000 0.0002 -29.9996 -0.0001 -0.0003 29.9996 0.0000 0.0000 0.0000 1.5585 1.5511 -178.7634 0.0007 -0.0487 0.0828 -4.6597 65.8642 -0.7737 0.0000 25.3511 0.0000 -2.3690 -2.6694 -178.8579 0.0366 -6.4526 -0.0848 12.5837 64.7463 11.3887 0.0000 24.9649 -0.0001 
-2.4233 92.9378 -7.0322 -1.7225 -0.7183 -0.1664 1.5922 0.6736 -0.0488 1.5926 0.6738 -0.0488 1.5970 0.6756 -0.0489 100.3184 90.0000 0.0000 59.6638 73.2451 54.4080 -10.4698 9.9449 17.6668 -0.1319 0.5329 -0.6016 0.0000 0.0000 0.0001 0.0000 0.0000 0.0000 0.0000 -0.0013 -0.0008 0.0000 -0.0004 0.0001 0.0000 0.0000 0.0000 0.0000 0.0000 0.0000 0.0000 0.0002 0.0000 0.0000 -0.0006 0.0003 0.0000 0.0004 -0.0006 0.0000 0.0000 0.0001 0.0000 0.0000 0.0000 0.0000 -0.0010 -0.0002 0.0000 0.0002 30.0001 -0.0001 0.0005 -29.9998 0.0000 0.0000 0.0000 -3.9891 1.2778 1.0230 -3.9891 1.2778 1.0230 -13.0263 84.2182 98.0542 -29.6975 75.8407 -16.2533 -6.5523 16.5757 -31.0599 0.2120 0.4001 0.7168 0.0000 -0.0001 0.0001 0.0000 0.0000 0.0000 0.0000 -0.0006 0.0003 0.0000 -0.0001 0.0001 0.0000 0.0000 0.0000 0.0000 0.0000 0.0000 0.0000 0.0007 0.0001 0.0000 -0.0012 0.0001 0.0000 -0.0008 0.0003 0.0000 0.0001 0.0000 0.0000 0.0000 0.0000 0.0000 -0.0008 0.0000 0.0000 0.0002 -29.9996 -0.0001 -0.0003 29.9996 0.0000 0.0000 0.0000 1.5712 1.5612 -178.7513 0.0000 0.0001 0.0828 -4.5589 65.8235 -0.7781 0.0000 25.3510 0.0000 -2.4186 -2.6678 -178.8469 0.0368 -6.4609 -0.0848 12.5682 64.7604 11.3247 0.0000 24.9654 -0.0001 
-2.4262 92.9318 -7.0583 -1.6261 -0.7316 -0.1691 1.5827 0.6739 -0.0553 1.5831 0.6741 -0.0553 1.5875 0.6759 -0.0555 99.9317 90.0000 0.0000 60.5750 73.7798 56.2614 -11.8502 8.5933 14.1540 -0.1039 0.5117 -0.5684 0.0000 0.0000 0.0001 0.0000 0.0000 0.0000 0.0000 -0.0013 -0.0008 0.0000 -0.0004 0.0001 0.0000 0.0000 0.0000 0.0000 0.0000 0.0000 0.0000 0.0002 0.0000 0.0000 -0.0006 0.0003 0.0000 0.0004 -0.0006 0.0000 0.0000 0.0001 0.0000 0.0000 0.0000 0.0000 -0.0010 -0.0002 0.0000 0.0002 30.0001 -0.0001 0.0005 -29.9998 0.0000 0.0000 0.0000 -3.9642 1.3326 1.0284 -3.9642 1.3326 1.0284 -10.2505 84.5395 100.9429 -31.4464 76.3203 -19.0352 -5.1818 15.3503 -27.4488 0.1805 0.3897 0.6620 0.0000 -0.0001 0.0001 0.0000 0.0000 0.0000 0.0000 -0.0006 0.0003 0.0000 -0.0001 0.0001 0.0000 0.0000 0.0000 0.0000 0.0000 0.0000 0.0000 0.0007 0.0001 0.0000 -0.0011 0.0001 0.0000 -0.0008 0.0003 0.0000 0.0001 0.0000 0.0000 0.0000 0.0000 0.0000 -0.0008 0.0000 0.0000 0.0002 -29.9996 -0.0001 -0.0003 29.9996 0.0000 0.0000 0.0000 1.5810 1.5228 -178.7446 0.0007 -0.0487 0.0828 -4.4636 65.8340 -0.7856 0.0000 25.3510 0.0000 -2.4619 -2.6638 -178.8401 0.0369 -6.4647 -0.0848 12.5463 64.7762 11.2463 0.0000 24.9660 -0.0001 
-2.4226 92.9238 -7.0830 -1.5366 -0.7464 -0.1690 1.5694 0.6741 -0.0616 1.5698 0.6743 -0.0617 1.5742 0.6762 -0.0618 99.5657 90.0000 0.0000 60.9874 74.3905 57.5863 -12.7282 7.2755 10.9715 -0.0803 0.4951 -0.5392 0.0000 0.0000 0.0001 0.0000 0.0000 0.0000 0.0000 -0.0013 -0.0008 0.0000 -0.0004 0.0001 0.0000 0.0000 0.0000 0.0000 0.0000 0.0000 0.0000 0.0002 0.0000 0.0000 -0.0006 0.0003 0.0000 0.0004 -0.0006 0.0000 0.0000 0.0001 0.0000 0.0000 0.0000 0.0000 -0.0010 -0.0002 0.0000 0.0002 30.0001 -0.0001 0.0005 -29.9998 0.0000 0.0000 0.0000 -3.9123 1.3923 1.0180 -3.9123 1.3923 1.0180 -7.2121 84.8302 104.0672 -33.8783 76.6928 -22.4809 -3.8523 14.1310 -23.9761 0.1531 0.3805 0.6142 0.0000 -0.0001 0.0001 0.0000 0.0000 0.0000 0.0000 -0.0006 0.0003 0.0000 -0.0001 0.0001 0.0000 0.0000 0.0000 0.0000 0.0000 0.0000 0.0000 0.0007 0.0001 0.0000 -0.0012 0.0001 0.0000 -0.0008 0.0003 0.0000 0.0001 0.0000 0.0000 0.0000 0.0000 0.0000 -0.0009 0.0000 0.0000 0.0002 -29.9996 -0.0001 -0.0003 29.9996 0.0000 0.0000 0.0000 1.5866 1.5288 -178.7451 0.0002 -0.0163 0.0828 -4.3632 65.8112 -0.7767 0.0000 25.3510 0.0000 -2.4872 -2.6588 -178.8390 0.0366 -6.4698 -0.0848 12.5190 64.8017 11.1492 0.0000 24.9669 -0.0001 
-2.4187 92.9145 -7.1035 -1.4566 -0.7609 -0.1667 1.5545 0.6751 -0.0675 1.5548 0.6753 -0.0675 1.5591 0.6772 -0.0676 99.2733 90.0000 0.0000 61.3737 74.9797 58.8332 -13.3618 5.9673 8.0231 -0.0598 0.4819 -0.5129 0.0000 0.0000 0.0001 0.0000 0.0000 0.0000 0.0000 -0.0013 -0.0008 0.0000 -0.0004 0.0001 0.0000 0.0000 0.0000 0.0000 0.0000 0.0000 0.0000 0.0002 0.0000 0.0000 -0.0006 0.0003 0.0000 0.0004 -0.0006 0.0000 0.0000 0.0001 0.0000 0.0000 0.0000 0.0000 -0.0010 -0.0002 0.0000 0.0002 30.0001 -0.0001 0.0005 -29.9998 0.0000 0.0000 0.0000 -3.8455 1.4470 0.9948 -3.8455 1.4470 0.9948 -4.0920 85.0772 107.2606 -36.7094 76.9788 -26.3002 -2.6303 12.8868 -20.6747 0.1292 0.3731 0.5733 0.0000 -0.0001 0.0001 0.0000 0.0000 0.0000 0.0000 -0.0006 0.0003 0.0000 -0.0001 0.0001 0.0000 0.0000 0.0000 0.0000 0.0000 0.0000 0.0000 0.0007 0.0001 0.0000 -0.0011 0.0001 0.0000 -0.0008 0.0003 0.0000 0.0001 0.0000 0.0000 0.0000 0.0000 0.0000 -0.0009 0.0000 0.0000 0.0002 -29.9996 -0.0001 -0.0003 29.9996 0.0000 0.0000 0.0000 1.5811 1.4995 -178.7486 0.0009 -0.0625 0.0828 -4.2914 65.8342 -0.7768 0.0000 25.3510 0.0000 -2.4968 -2.6508 -178.8392 0.0368 -6.4726 -0.0848 12.4773 64.8359 11.0295 0.0000 24.9680 -0.0001 
-2.4146 92.9039 -7.1207 -1.3850 -0.7747 -0.1631 1.5379 0.6800 -0.0722 1.5383 0.6802 -0.0722 1.5426 0.6821 -0.0724 99.0454 90.0000 0.0000 61.9978 75.4923 60.2522 -13.8694 4.6761 5.3365 -0.0419 0.4710 -0.4898 0.0000 0.0000 0.0001 0.0000 0.0000 0.0000 0.0000 -0.0013 -0.0008 0.0000 -0.0004 0.0001 0.0000 0.0000 0.0000 0.0000 0.0000 0.0000 0.0000 0.0002 0.0000 0.0000 -0.0006 0.0003 0.0000 0.0004 -0.0006 0.0000 0.0000 0.0001 0.0000 0.0000 0.0000 0.0000 -0.0010 -0.0002 0.0000 0.0002 30.0001 -0.0001 0.0005 -29.9998 0.0000 0.0000 0.0000 -3.7686 1.4886 0.9601 -3.7686 1.4886 0.9601 -0.8711 85.2685 110.5505 -39.8438 77.1658 -30.3830 -1.5269 11.6142 -17.5696 0.1085 0.3677 0.5387 0.0000 -0.0001 0.0001 0.0000 0.0000 0.0000 0.0000 -0.0006 0.0003 0.0000 -0.0001 0.0001 0.0000 0.0000 0.0000 0.0000 0.0000 0.0000 0.0000 0.0007 0.0001 0.0000 -0.0012 0.0001 0.0000 -0.0008 0.0003 0.0000 0.0001 0.0000 0.0000 0.0000 0.0000 0.0000 -0.0009 0.0000 0.0000 0.0002 -29.9996 -0.0001 -0.0003 29.9996 0.0000 0.0000 0.0000 1.5666 1.4934 -178.7538 0.0010 -0.0682 0.0828 -4.2334 65.8417 -0.7739 0.0000 25.3510 0.0000 -2.4951 -2.6432 -178.8400 0.0376 -6.4787 -0.0848 12.4233 64.8785 10.8940 0.0000 24.9693 -0.0001 
-2.4008 92.8912 -7.1342 -1.3263 -0.7847 -0.1581 1.5186 0.6924 -0.0746 1.5189 0.6926 -0.0746 1.5232 0.6945 -0.0748 98.8840 90.0000 0.0000 63.1555 75.8360 62.0914 -14.2962 3.4587 3.0865 -0.0273 0.4627 -0.4711 0.0000 0.0000 0.0001 0.0000 0.0000 0.0000 0.0000 -0.0013 -0.0008 0.0000 -0.0004 0.0001 0.0000 0.0000 0.0000 0.0000 0.0000 0.0000 0.0000 0.0002 0.0000 0.0000 -0.0006 0.0003 0.0000 0.0004 -0.0006 0.0000 0.0000 0.0001 0.0000 0.0000 0.0000 0.0000 -0.0010 -0.0002 0.0000 0.0002 30.0001 -0.0001 0.0005 -29.9998 0.0000 0.0000 0.0000 -3.6805 1.5031 0.9093 -3.6805 1.5031 0.9093 2.1622 85.3777 113.6495 -43.3746 77.2128 -34.7625 -0.5421 10.3385 -14.8146 0.0910 0.3645 0.5110 0.0000 -0.0001 0.0001 0.0000 0.0000 0.0000 0.0000 -0.0006 0.0003 0.0000 -0.0001 0.0001 0.0000 0.0000 0.0000 0.0000 0.0000 0.0000 0.0000 0.0007 0.0001 0.0000 -0.0012 0.0001 0.0000 -0.0008 0.0003 0.0000 0.0001 0.0000 0.0000 0.0000 0.0000 0.0000 -0.0009 0.0000 0.0000 0.0002 -29.9997 -0.0001 -0.0003 29.9996 0.0000 0.0000 0.0000 1.5468 1.5004 -178.7676 0.0007 -0.0487 0.0828 -4.1772 65.8413 -0.7542 0.0000 25.3510 0.0000 -2.4832 -2.6454 -178.8476 0.0385 -6.4990 -0.0849 12.3732 64.9303 10.7670 0.0000 24.9706 -0.0001 
-2.3712 92.8781 -7.1426 -1.2784 -0.7881 -0.1535 1.4999 0.7092 -0.0755 1.5003 0.7094 -0.0755 1.5044 0.7114 -0.0756 98.7565 90.0000 0.0000 64.6397 76.0008 64.1195 -14.6503 2.3893 1.2649 -0.0156 0.4567 -0.4552 0.0000 0.0000 0.0001 0.0000 0.0000 0.0000 0.0000 -0.0013 -0.0008 0.0000 -0.0004 0.0001 0.0000 0.0000 0.0000 0.0000 0.0000 0.0000 0.0000 0.0002 0.0000 0.0000 -0.0006 0.0003 0.0000 0.0004 -0.0006 0.0000 0.0000 0.0001 0.0000 0.0000 0.0000 0.0000 -0.0010 -0.0002 0.0000 0.0002 30.0001 -0.0002 0.0005 -29.9998 0.0000 0.0000 0.0000 -3.5901 1.4950 0.8485 -3.5901 1.4950 0.8485 4.7789 85.4582 116.3364 -47.2607 77.1542 -39.4153 0.4003 9.0882 -12.3915 0.0761 0.3619 0.4890 0.0000 -0.0001 0.0001 0.0000 0.0000 0.0000 0.0000 -0.0006 0.0003 0.0000 -0.0001 0.0001 0.0000 0.0000 0.0000 0.0000 0.0000 0.0000 0.0000 0.0007 0.0001 0.0000 -0.0011 0.0001 0.0000 -0.0008 0.0003 0.0000 0.0001 0.0000 0.0000 0.0000 0.0000 0.0000 -0.0009 0.0000 0.0000 0.0002 -29.9996 -0.0001 -0.0003 29.9996 0.0000 0.0000 0.0000 1.5322 1.5197 -178.7918 0.0000 0.0000 0.0828 -4.1013 65.8297 -0.7072 0.0000 25.3510 0.0000 -2.4708 -2.6631 -178.8658 0.0388 -6.5408 -0.0849 12.3467 64.9891 10.6784 0.0000 24.9718 -0.0001 
-2.3325 92.8661 -7.1435 -1.2401 -0.7851 -0.1498 1.4827 0.7284 -0.0753 1.4831 0.7286 -0.0753 1.4872 0.7306 -0.0755 98.6575 90.0000 0.0000 66.2934 76.0197 66.1594 -14.9440 1.4710 -0.2208 -0.0063 0.4530 -0.4408 0.0000 0.0000 0.0001 0.0000 0.0000 0.0000 0.0000 -0.0013 -0.0008 0.0000 -0.0004 0.0001 0.0000 0.0000 0.0000 0.0000 0.0000 0.0000 0.0000 0.0002 0.0000 0.0000 -0.0006 0.0003 0.0000 0.0004 -0.0006 0.0000 0.0000 0.0001 0.0000 0.0000 0.0000 0.0000 -0.0010 -0.0002 0.0000 0.0002 30.0001 -0.0001 0.0005 -29.9998 0.0000 0.0000 0.0000 -3.4997 1.4693 0.7807 -3.4997 1.4693 0.7807 6.9786 85.5254 118.6061 -51.3442 77.0122 -44.1807 1.3227 7.8796 -10.2739 0.0632 0.3590 0.4715 0.0000 -0.0001 0.0001 0.0000 0.0000 0.0000 0.0000 -0.0006 0.0003 0.0000 -0.0001 0.0001 0.0000 0.0000 0.0000 0.0000 0.0000 0.0000 0.0000 0.0007 0.0001 0.0000 -0.0012 0.0001 0.0000 -0.0008 0.0003 0.0000 0.0001 0.0000 0.0000 0.0000 0.0000 0.0000 -0.0009 0.0000 0.0000 0.0002 -29.9997 -0.0001 -0.0003 29.9996 0.0000 0.0000 0.0000 1.5258 1.5140 -178.8210 0.0000 0.0000 0.0828 -4.0194 65.8457 -0.6521 0.0000 25.3510 0.0000 -2.4618 -2.6905 -178.8905 0.0384 -6.5963 -0.0849 12.3352 65.0525 10.6217 0.0000 24.9729 -0.0001 
-2.2977 92.8574 -7.1306 -1.2171 -0.7740 -0.1478 1.4720 0.7510 -0.0741 1.4723 0.7512 -0.0741 1.4764 0.7533 -0.0742 98.6136 90.0000 0.0000 68.0595 75.8879 68.0470 -15.1177 0.8607 -1.1302 -0.0005 0.4505 -0.4277 0.0000 0.0000 0.0001 0.0000 0.0000 0.0000 0.0000 -0.0013 -0.0008 0.0000 -0.0004 0.0001 0.0000 0.0000 0.0000 0.0000 0.0000 0.0000 0.0000 0.0002 0.0000 0.0000 -0.0006 0.0003 0.0000 0.0004 -0.0006 0.0000 0.0000 0.0001 0.0000 0.0000 0.0000 0.0000 -0.0010 -0.0002 0.0000 0.0002 30.0001 -0.0001 0.0005 -29.9998 0.0000 0.0000 0.0000 -3.4158 1.4200 0.7054 -3.4158 1.4200 0.7054 8.6179 85.5820 120.3089 -55.4329 76.8315 -48.8135 2.2153 6.7835 -8.5943 0.0527 0.3547 0.4592 0.0000 -0.0001 0.0001 0.0000 0.0000 0.0000 0.0000 -0.0006 0.0003 0.0000 -0.0001 0.0001 0.0000 0.0000 0.0000 0.0000 0.0000 0.0000 0.0000 0.0007 0.0001 0.0000 -0.0012 0.0001 0.0000 -0.0008 0.0003 0.0000 0.0001 0.0000 0.0000 0.0000 0.0000 0.0000 -0.0009 0.0000 0.0000 0.0002 -29.9996 -0.0001 -0.0003 29.9996 0.0000 0.0000 0.0000 1.5340 1.5103 -178.8458 0.0000 0.0001 0.0828 -3.9463 65.8663 -0.6060 0.0000 25.3510 0.0000 -2.4611 -2.7161 -178.9130 0.0380 -6.6476 -0.0849 12.3187 65.1135 10.5865 0.0000 24.9738 -0.0001 
-2.2784 92.8515 -7.1097 -1.2075 -0.7565 -0.1480 1.4674 0.7752 -0.0711 1.4677 0.7754 -0.0711 1.4718 0.7776 -0.0713 98.6394 90.0000 0.0000 69.7405 75.6920 69.6033 -15.1754 0.5744 -1.5128 0.0020 0.4484 -0.4160 0.0000 0.0000 0.0001 0.0000 0.0000 0.0000 0.0000 -0.0013 -0.0008 0.0000 -0.0004 0.0001 0.0000 0.0000 0.0000 0.0000 0.0000 0.0000 0.0000 0.0002 0.0000 0.0000 -0.0006 0.0003 0.0000 0.0004 -0.0006 0.0000 0.0000 0.0001 0.0000 0.0000 0.0000 0.0000 -0.0010 -0.0002 0.0000 0.0002 30.0001 -0.0001 0.0005 -29.9998 0.0000 0.0000 0.0000 -3.3374 1.3556 0.6273 -3.3374 1.3556 0.6273 9.8567 85.6279 121.6038 -59.2148 76.6274 -53.0082 3.0612 5.8473 -7.2604 0.0443 0.3485 0.4493 0.0000 -0.0001 0.0001 0.0000 0.0000 0.0000 0.0000 -0.0006 0.0003 0.0000 -0.0001 0.0001 0.0000 0.0000 0.0000 0.0000 0.0000 0.0000 0.0000 0.0007 0.0001 0.0000 -0.0011 0.0001 0.0000 -0.0008 0.0003 0.0000 0.0002 0.0000 0.0000 0.0000 0.0000 0.0000 -0.0009 0.0000 0.0000 0.0002 -29.9996 -0.0001 -0.0003 29.9996 0.0000 0.0000 0.0000 1.5545 1.5060 -178.8580 0.0000 0.0001 0.0828 -3.8971 65.8882 -0.5843 0.0000 25.3510 0.0000 -2.4709 -2.7334 -178.9242 0.0382 -6.6789 -0.0849 12.2810 65.1633 10.5537 0.0000 24.9744 -0.0001 
-2.2689 92.8471 -7.0856 -1.2085 -0.7336 -0.1507 1.4709 0.7991 -0.0673 1.4712 0.7993 -0.0673 1.4753 0.8015 -0.0675 98.7334 90.0000 0.0000 71.3075 75.4571 70.8671 -15.1672 0.5620 -1.4749 0.0020 0.4460 -0.4057 0.0000 0.0000 0.0001 0.0000 0.0000 0.0000 0.0000 -0.0013 -0.0008 0.0000 -0.0004 0.0001 0.0000 0.0000 0.0000 0.0000 0.0000 0.0000 0.0000 0.0002 0.0000 0.0000 -0.0006 0.0003 0.0000 0.0004 -0.0006 0.0000 0.0000 0.0001 0.0000 0.0000 0.0000 0.0000 -0.0010 -0.0002 0.0000 0.0002 30.0001 -0.0001 0.0005 -29.9998 0.0000 0.0000 0.0000 -3.2684 1.2837 0.5499 -3.2684 1.2837 0.5499 10.7862 85.6665 122.5970 -62.5889 76.4007 -56.6765 3.8771 5.0975 -6.2224 0.0377 0.3411 0.4420 0.0000 -0.0001 0.0001 0.0000 0.0000 0.0000 0.0000 -0.0006 0.0003 0.0000 -0.0001 0.0001 0.0000 0.0000 0.0000 0.0000 0.0000 0.0000 0.0000 0.0007 0.0001 0.0000 -0.0012 0.0001 0.0000 -0.0008 0.0003 0.0000 0.0001 0.0000 0.0000 0.0000 0.0000 0.0000 -0.0009 0.0000 0.0000 0.0002 -29.9997 -0.0001 -0.0003 29.9996 0.0000 0.0000 0.0000 1.5845 1.4991 -178.8612 0.0000 0.0001 0.0828 -3.8619 65.9089 -0.5760 0.0000 25.3510 0.0000 -2.4865 -2.7459 -178.9269 0.0385 -6.6934 -0.0850 12.2309 65.2016 10.5244 0.0000 24.9749 -0.0001 
-2.2620 92.8440 -7.0633 -1.2201 -0.7073 -0.1565 1.4841 0.8212 -0.0635 1.4844 0.8215 -0.0635 1.4885 0.8238 -0.0637 98.9171 90.0000 0.0000 72.7605 75.1807 71.8369 -15.1744 0.8839 -0.9399 -0.0010 0.4424 -0.3985 0.0000 0.0000 0.0001 0.0000 0.0000 0.0000 0.0000 -0.0013 -0.0008 0.0000 -0.0004 0.0001 0.0000 0.0000 0.0000 0.0000 0.0000 0.0000 0.0000 0.0002 0.0000 0.0000 -0.0006 0.0003 0.0000 0.0004 -0.0006 0.0000 0.0000 0.0001 0.0000 0.0000 0.0000 0.0000 -0.0010 -0.0002 0.0000 0.0002 30.0001 -0.0001 0.0005 -29.9998 0.0000 0.0000 0.0000 -3.2127 1.2123 0.4798 -3.2127 1.2123 0.4798 11.3540 85.6958 123.2484 -65.2860 76.1994 -59.5203 4.6422 4.6514 -5.5562 0.0335 0.3317 0.4376 0.0000 -0.0001 0.0001 0.0000 0.0000 0.0000 0.0000 -0.0006 0.0003 0.0000 -0.0001 0.0001 0.0000 0.0000 0.0000 0.0000 0.0000 0.0000 0.0000 0.0007 0.0001 0.0000 -0.0012 0.0001 0.0000 -0.0008 0.0003 0.0000 0.0001 0.0000 0.0000 0.0000 0.0000 0.0000 -0.0009 0.0000 0.0000 0.0002 -29.9996 -0.0001 -0.0003 29.9996 0.0000 0.0000 0.0000 1.6253 1.4567 -178.8597 0.0008 -0.0624 0.0828 -3.8311 65.9567 -0.5726 0.0000 25.3510 0.0000 -2.5034 -2.7564 -178.9251 0.0384 -6.6928 -0.0850 12.1821 65.2249 10.5084 0.0000 24.9752 -0.0001 
-2.2523 92.8415 -7.0459 -1.2340 -0.6822 -0.1635 1.5039 0.8419 -0.0616 1.5042 0.8421 -0.0616 1.5084 0.8444 -0.0618 99.1501 90.0000 0.0000 74.1331 74.8411 72.6767 -15.3084 1.4124 -0.1567 -0.0056 0.4370 -0.3941 0.0000 0.0000 0.0001 0.0000 0.0000 0.0000 0.0000 -0.0013 -0.0008 0.0000 -0.0004 0.0001 0.0000 0.0000 0.0000 0.0000 0.0000 0.0000 0.0000 0.0002 0.0000 0.0000 -0.0006 0.0003 0.0000 0.0004 -0.0006 0.0000 0.0000 0.0001 0.0000 0.0000 0.0000 0.0000 -0.0010 -0.0002 0.0000 0.0002 30.0001 -0.0001 0.0005 -29.9998 0.0000 0.0000 0.0000 -3.1705 1.1520 0.4244 -3.1705 1.1520 0.4244 11.7737 85.7199 123.7761 -67.5668 75.9893 -61.8670 5.3905 4.4174 -5.1275 0.0309 0.3207 0.4348 0.0000 -0.0001 0.0001 0.0000 0.0000 0.0000 0.0000 -0.0006 0.0003 0.0000 -0.0001 0.0001 0.0000 0.0000 0.0000 0.0000 0.0000 0.0000 0.0000 0.0007 0.0001 0.0000 -0.0012 0.0001 0.0000 -0.0008 0.0003 0.0000 0.0001 0.0000 0.0000 0.0000 0.0000 0.0000 -0.0009 0.0000 0.0000 0.0002 -29.9996 -0.0001 -0.0003 29.9996 0.0000 0.0000 0.0000 1.6705 1.4751 -178.8590 0.0000 0.0000 0.0828 -3.7817 65.9383 -0.5514 0.0000 25.3510 0.0000 -2.5163 -2.7680 -178.9246 0.0378 -6.6891 -0.0849 12.1465 65.2405 10.5048 0.0000 24.9754 -0.0001 
-2.2445 92.8393 -7.0326 -1.2473 -0.6587 -0.1711 1.5287 0.8603 -0.0615 1.5291 0.8606 -0.0615 1.5333 0.8630 -0.0616 99.4120 90.0000 0.0000 75.3979 74.4292 73.4350 -15.5593 2.0784 0.7373 -0.0109 0.4301 -0.3922 0.0000 0.0000 0.0001 0.0000 0.0000 0.0000 0.0000 -0.0013 -0.0008 0.0000 -0.0004 0.0001 0.0000 0.0000 0.0000 0.0000 0.0000 0.0000 0.0000 0.0002 0.0000 0.0000 -0.0006 0.0003 0.0000 0.0004 -0.0006 0.0000 0.0000 0.0001 0.0000 0.0000 0.0000 0.0000 -0.0010 -0.0002 0.0000 0.0002 30.0001 -0.0001 0.0005 -29.9998 0.0000 0.0000 0.0000 -3.1414 1.1074 0.3849 -3.1414 1.1074 0.3849 12.1478 85.7465 124.2746 -69.5359 75.7515 -63.8609 6.1320 4.3425 -4.8692 0.0293 0.3088 0.4331 0.0000 -0.0001 0.0001 0.0000 0.0000 0.0000 0.0000 -0.0006 0.0003 0.0000 -0.0001 0.0001 0.0000 0.0000 0.0000 0.0000 0.0000 0.0000 0.0000 0.0007 0.0001 0.0000 -0.0011 0.0001 0.0000 -0.0008 0.0003 0.0000 0.0001 0.0000 0.0000 0.0000 0.0000 0.0000 -0.0009 0.0000 0.0000 0.0002 -29.9996 -0.0001 -0.0003 29.9996 0.0000 0.0000 0.0000 1.7138 1.4297 -178.8564 0.0008 -0.0625 0.0828 -3.7442 65.9791 -0.5418 0.0000 25.3510 0.0000 -2.5261 -2.7798 -178.9223 0.0372 -6.6835 -0.0849 12.1171 65.2521 10.5034 0.0000 24.9755 -0.0001 
-2.2471 92.8369 -7.0231 -1.2552 -0.6391 -0.1785 1.5544 0.8750 -0.0624 1.5548 0.8753 -0.0624 1.5591 0.8777 -0.0625 99.6710 90.0000 0.0000 76.6227 73.8931 74.2905 -15.9811 2.8027 1.6079 -0.0162 0.4214 -0.3940 0.0000 0.0000 0.0001 0.0000 0.0000 0.0000 0.0000 -0.0013 -0.0008 0.0000 -0.0004 0.0001 0.0000 0.0000 0.0000 0.0000 0.0000 0.0000 0.0000 0.0002 0.0000 0.0000 -0.0006 0.0003 0.0000 0.0004 -0.0006 0.0000 0.0000 0.0001 0.0000 0.0000 0.0000 0.0000 -0.0010 -0.0002 0.0000 0.0002 30.0001 -0.0001 0.0005 -29.9998 0.0000 0.0000 0.0000 -3.1225 1.0992 0.3686 -3.1225 1.0992 0.3686 12.4875 85.7838 124.7333 -71.2028 75.4807 -65.5236 6.8455 4.4262 -4.8059 0.0289 0.2972 0.4336 0.0000 -0.0001 0.0001 0.0000 0.0000 0.0000 0.0000 -0.0006 0.0003 0.0000 -0.0001 0.0001 0.0000 0.0000 0.0000 0.0000 0.0000 0.0000 0.0000 0.0007 0.0001 0.0000 -0.0012 0.0001 0.0000 -0.0008 0.0003 0.0000 0.0001 0.0000 0.0000 0.0000 0.0000 0.0000 -0.0009 0.0000 0.0000 0.0002 -29.9996 -0.0001 -0.0003 29.9996 0.0000 0.0000 0.0000 1.7471 1.4396 -178.8470 0.0002 -0.0163 0.0828 -3.7180 65.9622 -0.5402 0.0000 25.3510 0.0000 -2.5312 -2.7893 -178.9130 0.0373 -6.6777 -0.0849 12.0848 65.2638 10.4878 0.0000 24.9757 -0.0001 
-2.2567 92.8338 -7.0170 -1.2542 -0.6250 -0.1847 1.5789 0.8857 -0.0636 1.5793 0.8860 -0.0636 1.5837 0.8885 -0.0638 99.8817 90.0000 0.0000 77.8301 73.3008 75.2829 -16.4626 3.4372 2.3214 -0.0207 0.4120 -0.3972 0.0000 0.0000 0.0001 0.0000 0.0000 0.0000 0.0000 -0.0013 -0.0008 0.0000 -0.0004 0.0001 0.0000 0.0000 0.0000 0.0000 0.0000 0.0000 0.0000 0.0002 0.0000 0.0000 -0.0006 0.0003 0.0000 0.0004 -0.0006 0.0000 0.0000 0.0001 0.0000 0.0000 0.0000 0.0000 -0.0010 -0.0002 0.0000 0.0002 30.0001 -0.0001 0.0005 -29.9998 0.0000 0.0000 0.0000 -3.1114 1.1275 0.3702 -3.1114 1.1275 0.3702 12.9154 85.8266 125.2508 -72.7359 75.2451 -67.0453 7.4588 4.5394 -4.8369 0.0289 0.2853 0.4339 0.0000 -0.0001 0.0001 0.0000 0.0000 0.0000 0.0000 -0.0006 0.0003 0.0000 -0.0001 0.0001 0.0000 0.0000 0.0000 0.0000 0.0000 0.0000 0.0000 0.0007 0.0001 0.0000 -0.0012 0.0001 0.0000 -0.0008 0.0003 0.0000 0.0001 0.0000 0.0000 0.0000 0.0000 0.0000 -0.0009 0.0000 0.0000 0.0002 -29.9996 -0.0001 -0.0003 29.9996 0.0000 0.0000 0.0000 1.7646 1.4371 -178.8343 0.0000 0.0001 0.0828 -3.7114 65.9562 -0.5525 0.0000 25.3510 0.0000 -2.5303 -2.7960 -178.9000 0.0379 -6.6748 -0.0849 12.0528 65.2774 10.4570 0.0000 24.9758 -0.0001 
-2.2669 92.8303 -7.0165 -1.2432 -0.6173 -0.1898 1.6018 0.8933 -0.0650 1.6022 0.8936 -0.0650 1.6066 0.8960 -0.0651 100.0326 90.0000 0.0000 78.9690 72.7185 76.3233 -16.9237 3.9458 2.8720 -0.0241 0.4024 -0.4005 0.0000 0.0000 0.0001 0.0000 0.0000 0.0000 0.0000 -0.0013 -0.0008 0.0000 -0.0004 0.0001 0.0000 0.0000 0.0000 0.0000 0.0000 0.0000 0.0000 0.0003 0.0000 0.0000 -0.0007 0.0003 0.0000 0.0004 -0.0006 0.0000 0.0000 0.0001 0.0000 0.0000 0.0000 0.0000 -0.0010 -0.0002 0.0000 0.0002 30.0001 -0.0001 0.0005 -29.9998 0.0000 0.0000 0.0000 -3.1071 1.1859 0.3853 -3.1071 1.1859 0.3853 13.4257 85.8716 125.8199 -74.1808 75.0583 -68.4681 7.9487 4.6484 -4.9243 0.0291 0.2743 0.4346 0.0000 -0.0001 0.0001 0.0000 0.0000 0.0000 0.0000 -0.0006 0.0003 0.0000 -0.0001 0.0001 0.0000 0.0000 0.0000 0.0000 0.0000 0.0000 0.0000 0.0007 0.0001 0.0000 -0.0012 0.0001 0.0000 -0.0008 0.0003 0.0000 0.0001 0.0000 0.0000 0.0000 0.0000 0.0000 -0.0008 0.0000 0.0000 0.0002 -29.9996 -0.0001 -0.0003 29.9996 0.0000 0.0000 0.0000 1.7677 1.4281 -178.8223 0.0000 0.0001 0.0828 -3.7112 65.9529 -0.5673 0.0000 25.3510 0.0000 -2.5260 -2.8020 -178.8874 0.0384 -6.6774 -0.0850 12.0248 65.2926 10.4167 0.0000 24.9761 -0.0001 
-2.2736 92.8261 -7.0243 -1.2169 -0.6186 -0.1937 1.6208 0.8968 -0.0660 1.6212 0.8971 -0.0660 1.6257 0.8995 -0.0661 100.0758 90.0000 0.0000 80.0221 72.2513 77.3931 -17.2501 4.2178 3.1950 -0.0260 0.3939 -0.4030 0.0000 0.0000 0.0001 0.0000 0.0000 0.0000 0.0000 -0.0013 -0.0008 0.0000 -0.0004 0.0001 0.0000 0.0000 0.0000 0.0000 0.0000 0.0000 0.0000 0.0003 0.0000 0.0000 -0.0006 0.0003 0.0000 0.0004 -0.0006 0.0000 0.0000 0.0001 0.0000 0.0000 0.0000 0.0000 -0.0010 -0.0002 0.0000 0.0002 30.0001 -0.0001 0.0005 -29.9998 0.0000 0.0000 0.0000 -3.1104 1.2831 0.4137 -3.1104 1.2831 0.4137 14.0306 85.9140 126.4401 -75.4020 74.9616 -69.6587 8.2072 4.7520 -5.0520 0.0293 0.2648 0.4347 0.0000 -0.0001 0.0001 0.0000 0.0000 0.0000 0.0000 -0.0006 0.0003 0.0000 -0.0001 0.0001 0.0000 0.0000 0.0000 0.0000 0.0000 0.0000 0.0000 0.0007 0.0001 0.0000 -0.0012 0.0001 0.0000 -0.0008 0.0003 0.0000 0.0001 0.0000 0.0000 0.0000 0.0000 0.0000 -0.0008 0.0000 0.0000 0.0002 -29.9996 -0.0001 -0.0003 29.9996 0.0000 0.0000 0.0000 1.7537 1.4212 -178.8140 0.0000 0.0001 0.0828 -3.7061 65.9417 -0.5743 0.0000 25.3510 0.0000 -2.5203 -2.8073 -178.8784 0.0386 -6.6874 -0.0850 12.0018 65.3099 10.3644 0.0000 24.9764 -0.0001 
-2.2793 92.8211 -7.0315 -1.1786 -0.6261 -0.1968 1.6334 0.8984 -0.0665 1.6338 0.8987 -0.0665 1.6383 0.9011 -0.0666 100.0335 90.0000 0.0000 80.9647 71.9417 78.3766 -17.4123 4.3088 3.3728 -0.0266 0.3859 -0.4034 0.0000 0.0000 0.0001 0.0000 0.0000 0.0000 0.0000 -0.0013 -0.0008 0.0000 -0.0004 0.0001 0.0000 0.0000 0.0000 0.0000 0.0000 0.0000 0.0000 0.0002 0.0000 0.0000 -0.0006 0.0003 0.0000 0.0004 -0.0006 0.0000 0.0000 0.0001 0.0000 0.0000 0.0000 0.0000 -0.0010 -0.0002 0.0000 0.0003 30.0001 -0.0001 0.0005 -29.9998 0.0000 0.0000 0.0000 -3.1120 1.4046 0.4465 -3.1120 1.4046 0.4465 14.6677 85.9501 127.0537 -76.3956 74.9364 -70.6147 8.2620 4.8484 -5.1887 0.0295 0.2566 0.4332 0.0000 -0.0001 0.0001 0.0000 0.0000 0.0000 0.0000 -0.0006 0.0003 0.0000 -0.0001 0.0001 0.0000 0.0000 0.0000 0.0000 0.0000 0.0000 0.0000 0.0007 0.0001 0.0000 -0.0012 0.0001 0.0000 -0.0008 0.0003 0.0000 0.0001 0.0000 0.0000 0.0000 0.0000 0.0000 -0.0009 0.0000 0.0000 0.0002 -29.9996 -0.0001 -0.0003 29.9996 0.0000 0.0000 0.0000 1.7336 1.4195 -178.8070 0.0000 0.0000 0.0828 -3.6947 65.9302 -0.5808 0.0000 25.3510 0.0000 -2.4698 -2.8079 -178.8702 0.0413 -6.7011 -0.0851 12.0288 65.3321 10.3079 0.0000 24.9769 -0.0001 
-2.2638 92.8157 -7.0288 -1.1307 -0.6364 -0.1982 1.6411 0.8976 -0.0673 1.6415 0.8979 -0.0673 1.6460 0.9003 -0.0674 99.9213 90.0000 0.0000 81.7655 71.7750 79.2109 -17.4508 4.2850 3.4517 -0.0266 0.3794 -0.4027 0.0000 0.0000 0.0001 0.0000 0.0000 0.0000 0.0000 -0.0013 -0.0008 0.0000 -0.0004 0.0001 0.0000 0.0000 0.0000 0.0000 0.0000 0.0000 0.0000 0.0002 0.0000 0.0000 -0.0006 0.0003 0.0000 0.0004 -0.0006 0.0000 0.0000 0.0001 0.0000 0.0000 0.0000 0.0000 -0.0010 -0.0002 0.0000 0.0002 30.0001 -0.0001 0.0005 -29.9998 0.0000 0.0000 0.0000 -3.1143 1.5412 0.4809 -3.1142 1.5412 0.4809 15.3336 85.9751 127.6699 -77.1946 74.9569 -71.3612 8.1553 4.9356 -5.3276 0.0298 0.2509 0.4321 0.0000 -0.0001 0.0001 0.0000 0.0000 0.0000 0.0000 -0.0006 0.0003 0.0000 -0.0001 0.0001 0.0000 0.0000 0.0000 0.0000 0.0000 0.0000 0.0000 0.0007 0.0001 0.0000 -0.0012 0.0001 0.0000 -0.0008 0.0003 0.0000 0.0001 0.0000 0.0000 0.0000 0.0000 0.0000 -0.0009 0.0000 0.0000 0.0002 -29.9996 -0.0001 -0.0003 29.9996 0.0000 0.0000 0.0000 1.7071 1.4023 -178.8157 0.0006 -0.0487 0.0828 -3.6569 65.9504 -0.5616 0.0000 25.3510 0.0000 -2.3727 -2.7994 -178.8775 0.0432 -6.7141 -0.0852 12.1372 65.3596 10.2807 0.0000 24.9775 -0.0001 
-2.2260 92.8090 -7.0218 -1.0720 -0.6439 -0.1939 1.6426 0.8920 -0.0700 1.6430 0.8923 -0.0700 1.6475 0.8947 -0.0702 99.7532 90.0000 0.0000 82.3021 71.8219 79.7556 -17.3258 4.1904 3.4497 -0.0260 0.3741 -0.4000 0.0000 0.0000 0.0001 0.0000 0.0000 0.0000 0.0000 -0.0013 -0.0008 0.0000 -0.0004 0.0001 0.0000 0.0000 0.0000 0.0000 0.0000 0.0000 0.0000 0.0003 0.0000 0.0000 -0.0006 0.0003 0.0000 0.0004 -0.0006 0.0000 0.0000 0.0001 0.0000 0.0000 0.0000 0.0000 -0.0010 -0.0002 0.0000 0.0003 30.0001 -0.0001 0.0005 -29.9998 0.0000 0.0000 0.0000 -3.1175 1.6892 0.5097 -3.1175 1.6892 0.5097 15.9814 85.9814 128.2538 -77.7513 74.9766 -71.8531 7.8900 5.0088 -5.4451 0.0300 0.2475 0.4295 0.0000 -0.0001 0.0001 0.0000 0.0000 0.0000 0.0000 -0.0006 0.0003 0.0000 -0.0001 0.0001 0.0000 0.0000 0.0000 0.0000 0.0000 0.0000 0.0000 0.0007 0.0001 0.0000 -0.0012 0.0001 0.0000 -0.0008 0.0003 0.0000 0.0001 0.0000 0.0000 0.0000 0.0000 0.0000 -0.0009 0.0000 0.0000 0.0002 -29.9997 -0.0001 -0.0003 29.9996 0.0000 0.0000 0.0000 1.6485 1.4341 -178.8457 0.0000 0.0001 0.0828 -3.6096 65.9275 -0.5105 0.0000 25.3510 0.0000 -2.2484 -2.7896 -178.9042 0.0438 -6.7237 -0.0853 12.2964 65.3905 10.2686 0.0000 24.9782 -0.0001 
-2.1884 92.8024 -7.0104 -1.0094 -0.6455 -0.1844 1.6385 0.8831 -0.0743 1.6390 0.8834 -0.0743 1.6434 0.8858 -0.0745 99.5810 90.0000 0.0000 82.6075 71.9628 80.0539 -17.1381 4.1065 3.4282 -0.0254 0.3706 -0.3974 0.0000 0.0000 0.0001 0.0000 0.0000 0.0000 0.0000 -0.0013 -0.0008 0.0000 -0.0004 0.0001 0.0000 0.0000 0.0000 0.0000 0.0000 0.0000 0.0000 0.0003 0.0000 0.0000 -0.0006 0.0003 0.0000 0.0004 -0.0006 0.0000 0.0000 0.0001 0.0000 0.0000 0.0000 0.0000 -0.0010 -0.0002 0.0000 0.0002 30.0001 -0.0001 0.0005 -29.9998 0.0000 0.0000 0.0000 -3.1180 1.8352 0.5274 -3.1180 1.8352 0.5274 16.6168 85.9800 128.8283 -78.1982 74.9275 -72.2414 7.6037 5.0456 -5.5319 0.0301 0.2461 0.4261 0.0000 -0.0001 0.0001 0.0000 0.0000 0.0000 0.0000 -0.0006 0.0003 0.0000 -0.0001 0.0001 0.0000 0.0000 0.0000 0.0000 0.0000 0.0000 0.0000 0.0007 0.0001 0.0000 -0.0012 0.0001 0.0000 -0.0008 0.0003 0.0000 0.0001 0.0000 0.0000 0.0000 0.0000 0.0000 -0.0008 0.0000 0.0000 0.0002 -29.9996 -0.0001 -0.0003 29.9996 0.0000 0.0000 0.0000 1.5671 1.4390 -178.8808 0.0000 0.0001 0.0828 -3.5970 65.9330 -0.4786 0.0000 25.3510 0.0000 -2.1262 -2.7829 -178.9350 0.0454 -6.7352 -0.0854 12.4369 65.4314 10.2347 0.0000 24.9791 -0.0001 
-2.1598 92.7957 -7.0008 -0.9472 -0.6415 -0.1710 1.6299 0.8716 -0.0792 1.6303 0.8719 -0.0793 1.6348 0.8743 -0.0794 99.4203 90.0000 0.0000 82.7379 72.1178 80.1812 -16.9417 4.0436 3.3892 -0.0249 0.3678 -0.3941 0.0000 0.0000 0.0001 0.0000 0.0000 0.0000 0.0000 -0.0013 -0.0008 0.0000 -0.0004 0.0001 0.0000 0.0000 0.0000 0.0000 0.0000 0.0000 0.0000 0.0002 0.0000 0.0000 -0.0006 0.0003 0.0000 0.0004 -0.0006 0.0000 0.0000 0.0001 0.0000 0.0000 0.0000 0.0000 -0.0010 -0.0002 0.0000 0.0002 30.0001 -0.0001 0.0005 -29.9998 0.0000 0.0000 0.0000 -3.1150 1.9686 0.5331 -3.1150 1.9686 0.5331 17.2828 85.9769 129.4334 -78.5909 74.8182 -72.5718 7.3623 5.0254 -5.6022 0.0301 0.2467 0.4231 0.0000 -0.0001 0.0001 0.0000 0.0000 0.0000 0.0000 -0.0006 0.0003 0.0000 -0.0001 0.0001 0.0000 0.0000 0.0000 0.0000 0.0000 0.0000 0.0000 0.0007 0.0001 0.0000 -0.0011 0.0001 0.0000 -0.0008 0.0003 0.0000 0.0001 0.0000 0.0000 0.0000 0.0000 0.0000 -0.0009 0.0000 0.0000 0.0002 -29.9996 -0.0001 -0.0003 29.9996 0.0000 0.0000 0.0000 1.4721 1.4292 -178.9138 0.0002 -0.0163 0.0828 -3.6236 65.9460 -0.4763 0.0000 25.3511 0.0000 -2.0168 -2.7816 -178.9627 0.0478 -6.7456 -0.0855 12.5274 65.4782 10.1603 0.0000 24.9802 -0.0001 
-2.1467 92.7878 -6.9910 -0.8933 -0.6325 -0.1557 1.6173 0.8588 -0.0823 1.6177 0.8591 -0.0823 1.6222 0.8614 -0.0825 99.2894 90.0000 0.0000 82.6767 72.1965 80.1514 -16.8058 3.9955 3.3185 -0.0244 0.3670 -0.3914 0.0000 0.0000 0.0001 0.0000 0.0000 0.0000 0.0000 -0.0013 -0.0008 0.0000 -0.0004 0.0001 0.0000 0.0000 0.0000 0.0000 0.0000 0.0000 0.0000 0.0002 0.0000 0.0000 -0.0006 0.0003 0.0000 0.0004 -0.0006 0.0000 0.0000 0.0001 0.0000 0.0000 0.0000 0.0000 -0.0010 -0.0002 0.0000 0.0002 30.0001 -0.0001 0.0005 -29.9998 0.0000 0.0000 0.0000 -3.1069 2.0696 0.5184 -3.1069 2.0696 0.5184 17.8701 85.9718 129.9639 -78.9229 74.6732 -72.8136 7.2839 4.9115 -5.6496 0.0297 0.2485 0.4197 0.0000 -0.0001 0.0001 0.0000 0.0000 0.0000 0.0000 -0.0006 0.0003 0.0000 -0.0001 0.0001 0.0000 0.0000 0.0000 0.0000 0.0000 0.0000 0.0000 0.0007 0.0001 0.0000 -0.0012 0.0001 0.0000 -0.0008 0.0003 0.0000 0.0001 0.0000 0.0000 0.0000 0.0000 0.0000 -0.0008 0.0000 0.0000 0.0002 -29.9996 -0.0001 -0.0003 29.9996 0.0000 0.0000 0.0000 1.3807 1.4317 -178.9375 0.0000 0.0000 0.0828 -3.6903 65.9419 -0.5160 0.0000 25.3510 0.0000 -1.9457 -2.7866 -178.9802 0.0504 -6.7613 -0.0857 12.5076 65.5402 10.0139 0.0000 24.9815 -0.0001 
-2.1300 92.7766 -6.9802 -0.8515 -0.6261 -0.1434 1.6037 0.8482 -0.0816 1.6041 0.8485 -0.0816 1.6086 0.8508 -0.0818 99.1908 90.0000 0.0000 82.5339 72.1747 80.0633 -16.7732 3.8931 3.2335 -0.0237 0.3682 -0.3893 0.0000 0.0000 0.0001 0.0000 0.0000 0.0000 0.0000 -0.0013 -0.0008 0.0000 -0.0004 0.0001 0.0000 0.0000 0.0000 0.0000 0.0000 0.0000 0.0000 0.0003 0.0000 0.0000 -0.0006 0.0003 0.0000 0.0004 -0.0006 0.0000 0.0000 0.0001 0.0000 0.0000 0.0000 0.0000 -0.0010 -0.0002 0.0000 0.0002 30.0001 -0.0001 0.0005 -29.9998 0.0000 0.0000 0.0000 -3.0938 2.1397 0.4865 -3.0938 2.1397 0.4865 18.2451 85.9657 130.2945 -79.1110 74.5712 -72.8928 7.3761 4.7579 -5.6763 0.0292 0.2506 0.4171 0.0000 -0.0001 0.0001 0.0000 0.0000 0.0000 0.0000 -0.0006 0.0003 0.0000 -0.0001 0.0001 0.0000 0.0000 0.0000 0.0000 0.0000 0.0000 0.0000 0.0007 0.0001 0.0000 -0.0012 0.0001 0.0000 -0.0008 0.0003 0.0000 0.0001 0.0000 0.0000 0.0000 0.0000 0.0000 -0.0009 0.0000 0.0000 0.0002 -29.9996 -0.0001 -0.0003 29.9996 0.0000 0.0000 0.0000 1.3103 1.3955 -178.9600 0.0007 -0.0682 0.0828 -3.7568 65.9801 -0.5669 0.0000 25.3510 0.0000 -1.9567 -2.7816 -178.9964 0.0502 -6.7655 -0.0857 12.3658 65.6021 9.8337 0.0000 24.9830 -0.0001 
-2.1270 92.7627 -6.9658 -0.8211 -0.6265 -0.1350 1.5912 0.8413 -0.0782 1.5916 0.8416 -0.0782 1.5960 0.8439 -0.0784 99.1189 90.0000 0.0000 82.3152 72.0871 79.9102 -16.8170 3.7518 3.1366 -0.0230 0.3713 -0.3879 0.0000 0.0000 0.0001 0.0000 0.0000 0.0000 0.0000 -0.0013 -0.0008 0.0000 -0.0004 0.0001 0.0000 0.0000 0.0000 0.0000 0.0000 0.0000 0.0000 0.0002 0.0000 0.0000 -0.0006 0.0003 0.0000 0.0004 -0.0006 0.0000 0.0000 0.0001 0.0000 0.0000 0.0000 0.0000 -0.0010 -0.0002 0.0000 0.0002 30.0001 -0.0001 0.0005 -29.9998 0.0000 0.0000 0.0000 -3.0785 2.1789 0.4435 -3.0785 2.1789 0.4435 18.4497 85.9652 130.4708 -79.0939 74.5450 -72.7599 7.5971 4.6007 -5.6980 0.0287 0.2521 0.4148 0.0000 -0.0001 0.0001 0.0000 0.0000 0.0000 0.0000 -0.0006 0.0003 0.0000 -0.0001 0.0001 0.0000 0.0000 0.0000 0.0000 0.0000 0.0000 0.0000 0.0007 0.0001 0.0000 -0.0012 0.0001 0.0000 -0.0008 0.0003 0.0000 0.0001 0.0000 0.0000 0.0000 0.0000 0.0000 -0.0009 0.0000 0.0000 0.0002 -29.9996 -0.0001 -0.0003 29.9996 0.0000 0.0000 0.0000 1.2718 1.4128 -178.9684 0.0005 -0.0487 0.0828 -3.8240 65.9758 -0.6428 0.0000 25.3510 0.0000 -2.0146 -2.7594 -178.9992 0.0503 -6.7556 -0.0857 12.1231 65.6648 9.6051 0.0000 24.9845 -0.0001 
-2.1411 92.7474 -6.9394 -0.8063 -0.6378 -0.1309 1.5805 0.8409 -0.0719 1.5809 0.8411 -0.0719 1.5853 0.8435 -0.0721 99.0814 90.0000 0.0000 81.9222 71.9739 79.5898 -16.9061 3.5756 3.0250 -0.0222 0.3764 -0.3871 0.0000 0.0000 0.0001 0.0000 0.0000 0.0000 0.0000 -0.0013 -0.0008 0.0000 -0.0004 0.0001 0.0000 0.0000 0.0000 0.0000 0.0000 0.0000 0.0000 0.0002 0.0000 0.0000 -0.0006 0.0003 0.0000 0.0004 -0.0006 0.0000 0.0000 0.0001 0.0000 0.0000 0.0000 0.0000 -0.0010 -0.0002 0.0000 0.0002 30.0001 -0.0001 0.0005 -29.9998 0.0000 0.0000 0.0000 -3.0592 2.1716 0.3926 -3.0592 2.1716 0.3926 18.4546 85.9684 130.4569 -78.6301 74.6739 -72.1761 7.9129 4.4891 -5.7442 0.0285 0.2538 0.4147 0.0000 -0.0001 0.0001 0.0000 0.0000 0.0000 0.0000 -0.0006 0.0003 0.0000 -0.0001 0.0001 0.0000 0.0000 0.0000 0.0000 0.0000 0.0000 0.0000 0.0007 0.0001 0.0000 -0.0011 0.0001 0.0000 -0.0008 0.0003 0.0000 0.0001 0.0000 0.0000 0.0000 0.0000 0.0000 -0.0009 0.0000 0.0000 0.0002 -29.9996 -0.0001 -0.0003 29.9996 0.0000 0.0000 0.0000 1.2827 1.4642 -178.9595 0.0000 0.0001 0.0828 -3.8869 65.9640 -0.7522 0.0000 25.3510 0.0000 -2.1117 -2.7032 -178.9871 0.0492 -6.7162 -0.0856 11.7965 65.7219 9.3405 0.0000 24.9859 -0.0001 
-2.1692 92.7348 -6.9111 -0.8054 -0.6543 -0.1294 1.5720 0.8441 -0.0642 1.5724 0.8443 -0.0642 1.5767 0.8467 -0.0644 99.0718 90.0000 0.0000 81.3143 71.9249 79.0442 -16.9560 3.4017 2.9340 -0.0216 0.3833 -0.3874 0.0000 0.0000 0.0001 0.0000 0.0000 0.0000 0.0000 -0.0013 -0.0008 0.0000 -0.0004 0.0001 0.0000 0.0000 0.0000 0.0000 0.0000 0.0000 0.0000 0.0002 0.0000 0.0000 -0.0006 0.0003 0.0000 0.0004 -0.0006 0.0000 0.0000 0.0001 0.0000 0.0000 0.0000 0.0000 -0.0010 -0.0002 0.0000 0.0002 30.0001 -0.0001 0.0005 -29.9998 0.0000 0.0000 0.0000 -3.0360 2.1348 0.3423 -3.0360 2.1348 0.3423 18.2880 85.9743 130.2736 -77.7438 74.9241 -71.1760 8.1844 4.4629 -5.8187 0.0287 0.2555 0.4155 0.0000 -0.0001 0.0001 0.0000 0.0000 0.0000 0.0000 -0.0006 0.0003 0.0000 -0.0001 0.0001 0.0000 0.0000 0.0000 0.0000 0.0000 0.0000 0.0000 0.0007 0.0001 0.0000 -0.0012 0.0001 0.0000 -0.0008 0.0003 0.0000 0.0001 0.0000 0.0000 0.0000 0.0000 0.0000 -0.0009 0.0000 0.0000 0.0002 -29.9997 -0.0001 -0.0003 29.9996 0.0000 0.0000 0.0000 1.3173 1.4986 -178.9378 0.0000 0.0000 0.0828 -3.9609 65.9783 -0.8837 0.0000 25.3510 0.0000 -2.2049 -2.6418 -178.9644 0.0485 -6.6769 -0.0855 11.4690 65.7737 9.0828 0.0000 24.9872 -0.0001 
-2.2036 92.7258 -6.8824 -0.8142 -0.6722 -0.1304 1.5654 0.8483 -0.0559 1.5658 0.8486 -0.0559 1.5701 0.8509 -0.0560 99.0898 90.0000 0.0000 80.5082 71.9630 78.2787 -16.9418 3.2403 2.8853 -0.0212 0.3920 -0.3888 0.0000 0.0000 0.0001 0.0000 0.0000 0.0000 0.0000 -0.0013 -0.0008 0.0000 -0.0004 0.0001 0.0000 0.0000 0.0000 0.0000 0.0000 0.0000 0.0000 0.0002 0.0000 0.0000 -0.0006 0.0003 0.0000 0.0004 -0.0006 0.0000 0.0000 0.0001 0.0000 0.0000 0.0000 0.0000 -0.0010 -0.0002 0.0000 0.0002 30.0001 -0.0001 0.0005 -29.9998 0.0000 0.0000 0.0000 -3.0104 2.0814 0.2966 -3.0104 2.0814 0.2966 17.9794 85.9827 129.9480 -76.4872 75.2349 -69.8202 8.3683 4.5101 -5.9174 0.0293 0.2583 0.4175 0.0000 -0.0001 0.0001 0.0000 0.0000 0.0000 0.0000 -0.0006 0.0003 0.0000 -0.0001 0.0001 0.0000 0.0000 0.0000 0.0000 0.0000 0.0000 0.0000 0.0007 0.0001 0.0000 -0.0012 0.0001 0.0000 -0.0008 0.0003 0.0000 0.0001 0.0000 0.0000 0.0000 0.0000 0.0000 -0.0009 0.0000 0.0000 0.0002 -29.9997 -0.0001 -0.0003 29.9996 0.0000 0.0000 0.0000 1.3588 1.5356 -178.9094 0.0000 0.0001 0.0828 -4.0406 65.9939 -1.0168 0.0000 25.3510 0.0000 -2.2832 -2.5855 -178.9366 0.0480 -6.6479 -0.0855 11.1760 65.8217 8.8556 0.0000 24.9881 -0.0001 
-2.2303 92.7216 -6.8558 -0.8334 -0.6851 -0.1331 1.5611 0.8502 -0.0480 1.5615 0.8504 -0.0480 1.5658 0.8528 -0.0481 99.1454 90.0000 0.0000 79.4520 72.1325 77.2278 -16.7927 3.1646 2.9112 -0.0213 0.4014 -0.3908 0.0000 0.0000 0.0001 0.0000 0.0000 0.0000 0.0000 -0.0013 -0.0008 0.0000 -0.0004 0.0001 0.0000 0.0000 0.0000 0.0000 0.0000 0.0000 0.0000 0.0002 0.0000 0.0000 -0.0006 0.0003 0.0000 0.0004 -0.0006 0.0000 0.0000 0.0001 0.0000 0.0000 0.0000 0.0000 -0.0010 -0.0002 0.0000 0.0002 30.0001 -0.0001 0.0005 -29.9998 0.0000 0.0000 0.0000 -2.9831 2.0098 0.2621 -2.9831 2.0098 0.2621 17.4547 85.9927 129.4049 -74.8731 75.5289 -68.1340 8.4104 4.6373 -6.0440 0.0304 0.2628 0.4202 0.0000 -0.0001 0.0001 0.0000 0.0000 0.0000 0.0000 -0.0006 0.0003 0.0000 -0.0001 0.0001 0.0000 0.0000 0.0000 0.0000 0.0000 0.0000 0.0000 0.0007 0.0001 0.0000 -0.0012 0.0001 0.0000 -0.0008 0.0003 0.0000 0.0001 0.0000 0.0000 0.0000 0.0000 0.0000 -0.0009 0.0000 0.0000 0.0002 -29.9996 -0.0001 -0.0003 29.9996 0.0000 0.0000 0.0000 1.3871 1.5677 -178.8858 0.0000 0.0000 0.0828 -4.1188 66.0102 -1.1207 0.0000 25.3510 0.0000 -2.3369 -2.5462 -178.9141 0.0471 -6.6348 -0.0854 10.9651 65.8603 8.7008 0.0000 24.9888 -0.0001 
-2.2451 92.7189 -6.8284 -0.8572 -0.6899 -0.1360 1.5575 0.8490 -0.0415 1.5579 0.8492 -0.0415 1.5622 0.8516 -0.0416 99.2230 90.0000 0.0000 78.2652 72.3570 76.0324 -16.5441 3.1426 3.0036 -0.0219 0.4113 -0.3935 0.0000 0.0000 0.0001 0.0000 0.0000 0.0000 0.0000 -0.0013 -0.0008 0.0000 -0.0004 0.0001 0.0000 0.0000 0.0000 0.0000 0.0000 0.0000 0.0000 0.0002 0.0000 0.0000 -0.0006 0.0003 0.0000 0.0004 -0.0006 0.0000 0.0000 0.0001 0.0000 0.0000 0.0000 0.0000 -0.0010 -0.0002 0.0000 0.0003 30.0001 -0.0001 0.0005 -29.9998 0.0000 0.0000 0.0000 -2.9561 1.9301 0.2387 -2.9561 1.9301 0.2387 16.7594 85.9997 128.6872 -73.1923 75.7193 -66.4007 8.3841 4.7788 -6.1843 0.0317 0.2697 0.4237 0.0000 -0.0001 0.0001 0.0000 0.0000 0.0000 0.0000 -0.0006 0.0003 0.0000 -0.0001 0.0001 0.0000 0.0000 0.0000 0.0000 0.0000 0.0000 0.0000 0.0007 0.0001 0.0000 -0.0012 0.0001 0.0000 -0.0008 0.0003 0.0000 0.0001 0.0000 0.0000 0.0000 0.0000 0.0000 -0.0009 0.0000 0.0000 0.0002 -29.9997 -0.0001 -0.0003 29.9996 0.0000 0.0000 0.0000 1.4064 1.5931 -178.8716 0.0000 0.0001 0.0828 -4.1780 66.0276 -1.1868 0.0000 25.3510 0.0000 -2.3715 -2.5132 -178.9006 0.0455 -6.6156 -0.0853 10.8220 65.8861 8.6038 0.0000 24.9892 -0.0001 
-2.2551 92.7163 -6.8008 -0.8833 -0.6886 -0.1404 1.5544 0.8452 -0.0359 1.5547 0.8454 -0.0359 1.5590 0.8478 -0.0360 99.3143 90.0000 0.0000 77.0093 72.5836 74.7642 -16.2439 3.1381 3.1511 -0.0229 0.4221 -0.3968 0.0000 0.0000 0.0001 0.0000 0.0000 0.0000 0.0000 -0.0013 -0.0008 0.0000 -0.0004 0.0001 0.0000 0.0000 0.0000 0.0000 0.0000 0.0000 0.0000 0.0002 0.0000 0.0000 -0.0006 0.0003 0.0000 0.0004 -0.0006 0.0000 0.0000 0.0001 0.0000 0.0000 0.0000 0.0000 -0.0010 -0.0002 0.0000 0.0002 30.0001 -0.0001 0.0005 -29.9998 0.0000 0.0000 0.0000 -2.9311 1.8486 0.2247 -2.9311 1.8486 0.2247 15.9185 86.0040 127.8208 -71.5710 75.8086 -64.7346 8.3375 4.9175 -6.3353 0.0331 0.2771 0.4262 0.0000 -0.0001 0.0001 0.0000 0.0000 0.0000 0.0000 -0.0006 0.0003 0.0000 -0.0001 0.0001 0.0000 0.0000 0.0000 0.0000 0.0000 0.0000 0.0000 0.0007 0.0001 0.0000 -0.0011 0.0001 0.0000 -0.0008 0.0003 0.0000 0.0001 0.0000 0.0000 0.0000 0.0000 0.0000 -0.0009 0.0000 0.0000 0.0002 -29.9996 -0.0001 -0.0003 29.9996 0.0000 0.0000 0.0000 1.4211 1.6044 -178.8599 0.0002 -0.0163 0.0828 -4.2260 66.0532 -1.2310 0.0000 25.3510 0.0000 -2.3940 -2.4811 -178.8890 0.0442 -6.5853 -0.0853 10.7185 65.9003 8.5395 0.0000 24.9895 -0.0001 
-2.2660 92.7139 -6.7725 -0.9094 -0.6820 -0.1479 1.5506 0.8385 -0.0313 1.5510 0.8387 -0.0313 1.5553 0.8410 -0.0314 99.4196 90.0000 0.0000 75.7639 72.7484 73.5037 -15.9373 3.1491 3.3458 -0.0241 0.4336 -0.4007 0.0000 0.0000 0.0001 0.0000 0.0000 0.0000 0.0000 -0.0013 -0.0008 0.0000 -0.0004 0.0001 0.0000 0.0000 0.0000 0.0000 0.0000 0.0000 0.0000 0.0002 0.0000 0.0000 -0.0006 0.0003 0.0000 0.0004 -0.0006 0.0000 0.0000 0.0001 0.0000 0.0000 0.0000 0.0000 -0.0010 -0.0002 0.0000 0.0002 30.0001 -0.0001 0.0005 -29.9998 0.0000 0.0000 0.0000 -2.9103 1.7727 0.2219 -2.9103 1.7727 0.2219 14.8626 86.0038 126.7378 -70.1208 75.7832 -63.2423 8.3161 5.0236 -6.5151 0.0346 0.2866 0.4299 0.0000 -0.0001 0.0001 0.0000 0.0000 0.0000 0.0000 -0.0006 0.0003 0.0000 -0.0001 0.0001 0.0000 0.0000 0.0000 0.0000 0.0000 0.0000 0.0000 0.0007 0.0001 0.0000 -0.0012 0.0001 0.0000 -0.0008 0.0003 0.0000 0.0001 0.0000 0.0000 0.0000 0.0000 0.0000 -0.0009 0.0000 0.0000 0.0002 -29.9997 -0.0001 -0.0003 29.9996 0.0000 0.0000 0.0000 1.4335 1.5957 -178.8451 0.0008 -0.0625 0.0828 -4.2680 66.0926 -1.2636 0.0000 25.3510 0.0000 -2.4027 -2.4491 -178.8739 0.0437 -6.5456 -0.0852 10.6443 65.9071 8.4937 0.0000 24.9896 -0.0001 
-2.2762 92.7122 -6.7478 -0.9336 -0.6754 -0.1556 1.5457 0.8315 -0.0284 1.5461 0.8317 -0.0284 1.5504 0.8340 -0.0285 99.5312 90.0000 0.0000 74.6345 72.8265 72.3554 -15.6755 3.1481 3.5493 -0.0253 0.4461 -0.4054 0.0000 0.0000 0.0001 0.0000 0.0000 0.0000 0.0000 -0.0013 -0.0008 0.0000 -0.0004 0.0001 0.0000 0.0000 0.0000 0.0000 0.0000 0.0000 0.0000 0.0002 0.0000 0.0000 -0.0006 0.0003 0.0000 0.0004 -0.0006 0.0000 0.0000 0.0001 0.0000 0.0000 0.0000 0.0000 -0.0010 -0.0002 0.0000 0.0003 30.0001 -0.0001 0.0005 -29.9998 0.0000 0.0000 0.0000 -2.8933 1.7085 0.2247 -2.8933 1.7085 0.2247 13.6560 85.9916 125.5092 -68.7664 75.7218 -61.8397 8.3227 5.1075 -6.7249 0.0362 0.2964 0.4345 0.0000 -0.0001 0.0001 0.0000 0.0000 0.0000 0.0000 -0.0006 0.0003 0.0000 -0.0001 0.0001 0.0000 0.0000 0.0000 0.0000 0.0000 0.0000 0.0000 0.0007 0.0001 0.0000 -0.0012 0.0001 0.0000 -0.0008 0.0003 0.0000 0.0001 0.0000 0.0000 0.0000 0.0000 0.0000 -0.0009 0.0000 0.0000 0.0002 -29.9996 -0.0001 -0.0003 29.9996 0.0000 0.0000 0.0000 1.4495 1.6387 -178.8304 0.0000 0.0000 0.0828 -4.2893 66.0744 -1.2799 0.0000 25.3510 0.0000 -2.4101 -2.4212 -178.8591 0.0434 -6.5095 -0.0852 10.5784 65.9125 8.4539 0.0000 24.9898 -0.0001 
-2.2834 92.7110 -6.7293 -0.9560 -0.6699 -0.1623 1.5398 0.8254 -0.0275 1.5402 0.8257 -0.0275 1.5445 0.8280 -0.0275 99.6423 90.0000 0.0000 73.5492 72.8302 71.2520 -15.4662 3.1504 3.7493 -0.0267 0.4589 -0.4103 0.0000 0.0000 0.0001 0.0000 0.0000 0.0000 0.0000 -0.0013 -0.0008 0.0000 -0.0004 0.0001 0.0000 0.0000 0.0000 0.0000 0.0000 0.0000 0.0000 0.0002 0.0000 0.0000 -0.0006 0.0003 0.0000 0.0004 -0.0006 0.0000 0.0000 0.0001 0.0000 0.0000 0.0000 0.0000 -0.0010 -0.0002 0.0000 0.0002 30.0001 -0.0001 0.0005 -29.9998 0.0000 0.0000 0.0000 -2.8810 1.6540 0.2317 -2.8810 1.6540 0.2317 12.3904 85.9657 124.2260 -67.4134 75.6718 -60.4340 8.3227 5.1763 -6.9643 0.0379 0.3062 0.4397 0.0000 -0.0001 0.0001 0.0000 0.0000 0.0000 0.0000 -0.0006 0.0003 0.0000 -0.0001 0.0001 0.0000 0.0000 0.0000 0.0000 0.0000 0.0000 0.0000 0.0007 0.0001 0.0000 -0.0012 0.0001 0.0000 -0.0008 0.0003 0.0000 0.0001 0.0000 0.0000 0.0000 0.0000 0.0000 -0.0009 0.0000 0.0000 0.0002 -29.9996 -0.0001 -0.0003 29.9996 0.0000 0.0000 0.0000 1.4632 1.6471 -178.8188 0.0000 0.0000 0.0828 -4.3100 66.0822 -1.2943 0.0000 25.3510 0.0000 -2.4189 -2.4016 -178.8474 0.0431 -6.4835 -0.0851 10.5185 65.9182 8.4207 0.0000 24.9898 -0.0001 
-2.2864 92.7099 -6.7183 -0.9758 -0.6685 -0.1668 1.5315 0.8219 -0.0291 1.5319 0.8221 -0.0291 1.5361 0.8244 -0.0291 99.7368 90.0000 0.0000 72.4747 72.7670 70.1585 -15.3282 3.1513 3.9672 -0.0282 0.4719 -0.4160 0.0000 0.0000 0.0001 0.0000 0.0000 0.0000 0.0000 -0.0013 -0.0008 0.0000 -0.0004 0.0001 0.0000 0.0000 0.0000 0.0000 0.0000 0.0000 0.0000 0.0002 0.0000 0.0000 -0.0006 0.0003 0.0000 0.0004 -0.0006 0.0000 0.0000 0.0001 0.0000 0.0000 0.0000 0.0000 -0.0010 -0.0002 0.0000 0.0002 30.0001 -0.0001 0.0005 -29.9998 0.0000 0.0000 0.0000 -2.8745 1.6153 0.2433 -2.8745 1.6153 0.2433 11.1824 85.9287 123.0005 -65.8771 75.6983 -58.8530 8.2537 5.2343 -7.2478 0.0397 0.3158 0.4460 0.0000 -0.0001 0.0001 0.0000 0.0000 0.0000 0.0000 -0.0006 0.0003 0.0000 -0.0001 0.0001 0.0000 0.0000 0.0000 0.0000 0.0000 0.0000 0.0000 0.0007 0.0001 0.0000 -0.0012 0.0001 0.0000 -0.0008 0.0003 0.0000 0.0001 0.0000 0.0000 0.0000 0.0000 0.0000 -0.0008 0.0000 0.0000 0.0002 -29.9996 -0.0001 -0.0003 29.9996 0.0000 0.0000 0.0000 1.4706 1.6301 -178.8124 0.0007 -0.0487 0.0828 -4.3313 66.1082 -1.3052 0.0000 25.3510 0.0000 -2.4263 -2.3906 -178.8408 0.0428 -6.4722 -0.0851 10.4699 65.9251 8.3965 0.0000 24.9899 -0.0001 
-2.2892 92.7081 -6.7092 -0.9956 -0.6702 -0.1698 1.5209 0.8197 -0.0320 1.5212 0.8199 -0.0320 1.5254 0.8222 -0.0321 99.8103 90.0000 0.0000 71.3993 72.6941 69.0394 -15.2318 3.1768 4.2342 -0.0301 0.4855 -0.4232 0.0000 0.0000 0.0001 0.0000 0.0000 0.0000 0.0000 -0.0013 -0.0008 0.0000 -0.0004 0.0001 0.0000 0.0000 0.0000 0.0000 0.0000 0.0000 0.0000 0.0002 0.0000 0.0000 -0.0006 0.0003 0.0000 0.0004 -0.0006 0.0000 0.0000 0.0001 0.0000 0.0000 0.0000 0.0000 -0.0010 -0.0002 0.0000 0.0002 30.0001 -0.0001 0.0005 -29.9998 0.0000 0.0000 0.0000 -2.8698 1.5899 0.2574 -2.8698 1.5899 0.2574 10.1126 85.8864 121.9085 -64.0771 75.7939 -57.0227 8.0959 5.3140 -7.5686 0.0418 0.3253 0.4534 0.0000 -0.0001 0.0001 0.0000 0.0000 0.0000 0.0000 -0.0006 0.0003 0.0000 -0.0001 0.0001 0.0000 0.0000 0.0000 0.0000 0.0000 0.0000 0.0000 0.0007 0.0001 0.0000 -0.0012 0.0001 0.0000 -0.0008 0.0003 0.0000 0.0001 0.0000 0.0000 0.0000 0.0000 0.0000 -0.0009 0.0000 0.0000 0.0002 -29.9997 -0.0001 -0.0003 29.9996 0.0000 0.0000 0.0000 1.4748 1.6393 -178.8076 0.0006 -0.0487 0.0828 -4.3525 66.1077 -1.3130 0.0000 25.3510 0.0000 -2.4244 -2.3827 -178.8356 0.0429 -6.4703 -0.0851 10.4301 65.9350 8.3726 0.0000 24.9901 -0.0001 
-2.2924 92.7056 -6.7006 -1.0175 -0.6744 -0.1724 1.5094 0.8181 -0.0357 1.5097 0.8183 -0.0357 1.5139 0.8206 -0.0357 99.8717 90.0000 0.0000 70.3405 72.6308 67.8889 -15.1588 3.2302 4.5978 -0.0325 0.4984 -0.4311 0.0000 0.0000 0.0001 0.0000 0.0000 0.0000 0.0000 -0.0013 -0.0008 0.0000 -0.0004 0.0001 0.0000 0.0000 0.0000 0.0000 0.0000 0.0000 0.0000 0.0003 0.0000 0.0000 -0.0006 0.0003 0.0000 0.0004 -0.0006 0.0000 0.0000 0.0001 0.0000 0.0000 0.0000 0.0000 -0.0010 -0.0002 0.0000 0.0002 30.0001 -0.0001 0.0005 -29.9998 0.0000 0.0000 0.0000 -2.8661 1.5745 0.2733 -2.8661 1.5745 0.2733 9.1480 85.8353 120.9203 -62.0249 75.9260 -54.9395 7.8688 5.4329 -7.9364 0.0444 0.3347 0.4618 0.0000 -0.0001 0.0001 0.0000 0.0000 0.0000 0.0000 -0.0006 0.0003 0.0000 -0.0001 0.0001 0.0000 0.0000 0.0000 0.0000 0.0000 0.0000 0.0000 0.0007 0.0001 0.0000 -0.0012 0.0001 0.0000 -0.0008 0.0003 0.0000 0.0001 0.0000 0.0000 0.0000 0.0000 0.0000 -0.0009 0.0000 0.0000 0.0002 -29.9997 -0.0001 -0.0003 29.9996 0.0000 0.0000 0.0000 1.4798 1.6508 -178.8027 0.0006 -0.0487 0.0828 -4.3764 66.1066 -1.3227 0.0000 25.3510 0.0000 -2.4127 -2.3759 -178.8304 0.0430 -6.4744 -0.0851 10.3951 65.9472 8.3458 0.0000 24.9902 -0.0001 
-2.2991 92.7027 -6.6919 -1.0444 -0.6814 -0.1743 1.4974 0.8180 -0.0399 1.4978 0.8182 -0.0399 1.5019 0.8205 -0.0400 99.9324 90.0000 0.0000 69.2183 72.6168 66.5855 -15.0768 3.3684 5.1812 -0.0363 0.5105 -0.4410 0.0000 0.0000 0.0001 0.0000 0.0000 0.0000 0.0000 -0.0013 -0.0008 0.0000 -0.0004 0.0001 0.0000 0.0000 0.0000 0.0000 0.0000 0.0000 0.0000 0.0002 0.0000 0.0000 -0.0006 0.0003 0.0000 0.0004 -0.0006 0.0000 0.0000 0.0001 0.0000 0.0000 0.0000 0.0000 -0.0010 -0.0002 0.0000 0.0002 30.0001 -0.0001 0.0005 -29.9998 0.0000 0.0000 0.0000 -2.8616 1.5663 0.2900 -2.8616 1.5663 0.2900 8.2176 85.7626 119.9680 -59.6589 76.0768 -52.5103 7.5687 5.6468 -8.4116 0.0476 0.3433 0.4712 0.0000 -0.0001 0.0001 0.0000 0.0000 0.0000 0.0000 -0.0006 0.0003 0.0000 -0.0001 0.0001 0.0000 0.0000 0.0000 0.0000 0.0000 0.0000 0.0000 0.0007 0.0001 0.0000 -0.0011 0.0001 0.0000 -0.0008 0.0003 0.0000 0.0001 0.0000 0.0000 0.0000 0.0000 0.0000 -0.0009 0.0000 0.0000 0.0002 -29.9997 -0.0001 -0.0003 29.9996 0.0000 0.0000 0.0000 1.4878 1.6899 -178.7961 0.0000 0.0001 0.0828 -4.4033 66.0810 -1.3341 0.0000 25.3510 0.0000 -2.3913 -2.3700 -178.8233 0.0433 -6.4850 -0.0852 10.3559 65.9630 8.3096 0.0000 24.9904 -0.0001 
-2.3088 92.7000 -6.6829 -1.0758 -0.6892 -0.1747 1.4849 0.8189 -0.0448 1.4852 0.8191 -0.0448 1.4893 0.8214 -0.0449 100.0027 90.0000 0.0000 67.9152 72.6918 65.0164 -14.9285 3.6118 5.9936 -0.0417 0.5217 -0.4530 0.0000 0.0000 0.0001 0.0000 0.0000 0.0000 0.0000 -0.0013 -0.0008 0.0000 -0.0004 0.0001 0.0000 0.0000 0.0000 0.0000 0.0000 0.0000 0.0000 0.0002 0.0000 0.0000 -0.0006 0.0003 0.0000 0.0004 -0.0006 0.0000 0.0000 0.0001 0.0000 0.0000 0.0000 0.0000 -0.0010 -0.0002 0.0000 0.0002 30.0001 -0.0001 0.0005 -29.9998 0.0000 0.0000 0.0000 -2.8536 1.5582 0.3061 -2.8535 1.5582 0.3061 7.2491 85.6763 118.9827 -57.0557 76.2128 -49.7913 7.2225 5.9717 -9.0352 0.0519 0.3515 0.4824 0.0000 -0.0001 0.0001 0.0000 0.0000 0.0000 0.0000 -0.0006 0.0003 0.0000 -0.0001 0.0001 0.0000 0.0000 0.0000 0.0000 0.0000 0.0000 0.0000 0.0007 0.0001 0.0000 -0.0012 0.0001 0.0000 -0.0008 0.0003 0.0000 0.0001 0.0000 0.0000 0.0000 0.0000 0.0000 -0.0009 0.0000 0.0000 0.0002 -29.9996 -0.0001 -0.0003 29.9996 0.0000 0.0000 0.0000 1.4977 1.7061 -178.7889 0.0000 0.0000 0.0828 -4.4418 66.0797 -1.3549 0.0000 25.3510 0.0000 -2.3659 -2.3646 -178.8155 0.0437 -6.4978 -0.0852 10.3102 65.9803 8.2665 0.0000 24.9906 -0.0001 
-2.3205 92.6976 -6.6725 -1.1110 -0.6970 -0.1739 1.4737 0.8201 -0.0504 1.4740 0.8204 -0.0504 1.4781 0.8227 -0.0505 100.0848 90.0000 0.0000 66.3953 72.8607 63.1434 -14.6929 3.9593 7.0449 -0.0487 0.5323 -0.4671 0.0000 0.0000 0.0001 0.0000 0.0000 0.0000 0.0000 -0.0013 -0.0008 0.0000 -0.0004 0.0001 0.0000 0.0000 0.0000 0.0000 0.0000 0.0000 0.0000 0.0002 0.0000 0.0000 -0.0006 0.0003 0.0000 0.0004 -0.0006 0.0000 0.0000 0.0001 0.0000 0.0000 0.0000 0.0000 -0.0010 -0.0002 0.0000 0.0002 30.0001 -0.0001 0.0005 -29.9998 0.0000 0.0000 0.0000 -2.8433 1.5493 0.3215 -2.8432 1.5493 0.3215 6.2236 85.5826 117.9513 -54.2279 76.3277 -46.7925 6.8256 6.4132 -9.8322 0.0575 0.3595 0.4957 0.0000 -0.0001 0.0001 0.0000 0.0000 0.0000 0.0000 -0.0006 0.0003 0.0000 -0.0001 0.0001 0.0000 0.0000 0.0000 0.0000 0.0000 0.0000 0.0000 0.0007 0.0001 0.0000 -0.0011 0.0001 0.0000 -0.0008 0.0003 0.0000 0.0001 0.0000 0.0000 0.0000 0.0000 0.0000 -0.0008 0.0000 0.0000 0.0002 -29.9996 -0.0001 -0.0003 29.9996 0.0000 0.0000 0.0000 1.5085 1.7157 -178.7818 0.0002 -0.0163 0.0828 -4.4870 66.0872 -1.3799 0.0000 25.3510 0.0000 -2.3378 -2.3592 -178.8075 0.0440 -6.5118 -0.0852 10.2611 65.9985 8.2207 0.0000 24.9908 -0.0001 
-2.3326 92.6959 -6.6580 -1.1516 -0.7034 -0.1716 1.4659 0.8203 -0.0563 1.4663 0.8205 -0.0563 1.4703 0.8228 -0.0564 100.1945 90.0000 0.0000 64.5171 73.1456 60.8170 -14.3369 4.4774 8.4386 -0.0584 0.5415 -0.4848 0.0000 0.0000 0.0001 0.0000 0.0000 0.0000 0.0000 -0.0013 -0.0008 0.0000 -0.0004 0.0001 0.0000 0.0000 0.0000 0.0000 0.0000 0.0000 0.0000 0.0002 0.0000 0.0000 -0.0006 0.0003 0.0000 0.0004 -0.0006 0.0000 0.0000 0.0001 0.0000 0.0000 0.0000 0.0000 -0.0010 -0.0002 0.0000 0.0002 30.0001 -0.0001 0.0005 -29.9998 0.0000 0.0000 0.0000 -2.8304 1.5387 0.3355 -2.8304 1.5387 0.3355 5.0302 85.4955 116.7702 -51.0808 76.4328 -43.3941 6.3245 7.0298 -10.9173 0.0649 0.3662 0.5109 0.0000 -0.0001 0.0001 0.0000 0.0000 0.0000 0.0000 -0.0006 0.0003 0.0000 -0.0001 0.0001 0.0000 0.0000 0.0000 0.0000 0.0000 0.0000 0.0000 0.0007 0.0001 0.0000 -0.0012 0.0001 0.0000 -0.0008 0.0003 0.0000 0.0001 0.0000 0.0000 0.0000 0.0000 0.0000 -0.0009 0.0000 0.0000 0.0002 -29.9997 -0.0001 -0.0003 29.9996 0.0000 0.0000 0.0000 1.5196 1.7435 -178.7760 0.0000 0.0001 0.0828 -4.5330 66.0811 -1.3997 0.0000 25.3510 0.0000 -2.3102 -2.3520 -178.8009 0.0442 -6.5237 -0.0852 10.2086 66.0177 8.1771 0.0000 24.9909 -0.0001 
-2.3442 92.6946 -6.6393 -1.1956 -0.7085 -0.1694 1.4612 0.8189 -0.0614 1.4615 0.8191 -0.0614 1.4656 0.8214 -0.0616 100.3334 90.0000 0.0000 62.3889 73.4436 58.2169 -13.9223 5.1274 10.0559 -0.0701 0.5501 -0.5063 0.0000 0.0000 0.0001 0.0000 0.0000 0.0000 0.0000 -0.0013 -0.0008 0.0000 -0.0004 0.0001 0.0000 0.0000 0.0000 0.0000 0.0000 0.0000 0.0000 0.0002 0.0000 0.0000 -0.0006 0.0003 0.0000 0.0004 -0.0006 0.0000 0.0000 0.0001 0.0000 0.0000 0.0000 0.0000 -0.0010 -0.0002 0.0000 0.0002 30.0001 -0.0001 0.0005 -29.9998 0.0000 0.0000 0.0000 -2.8166 1.5278 0.3471 -2.8166 1.5278 0.3471 3.6447 85.4231 115.4073 -47.7102 76.5180 -39.7400 5.7258 7.7626 -12.2156 0.0740 0.3728 0.5292 0.0000 -0.0001 0.0001 0.0000 0.0000 0.0000 0.0000 -0.0006 0.0003 0.0000 -0.0001 0.0001 0.0000 0.0000 0.0000 0.0000 0.0000 0.0000 0.0000 0.0007 0.0001 0.0000 -0.0011 0.0001 0.0000 -0.0008 0.0003 0.0000 0.0001 0.0000 0.0000 0.0000 0.0000 0.0000 -0.0009 0.0000 0.0000 0.0002 -29.9996 -0.0001 -0.0003 29.9996 0.0000 0.0000 0.0000 1.5300 1.7649 -178.7707 0.0000 0.0000 0.0828 -4.5815 66.0856 -1.4171 0.0000 25.3510 0.0000 -2.2877 -2.3402 -178.7950 0.0441 -6.5295 -0.0852 10.1556 66.0351 8.1422 0.0000 24.9910 -0.0001 
-2.3555 92.6939 -6.6174 -1.2373 -0.7125 -0.1674 1.4584 0.8168 -0.0656 1.4587 0.8171 -0.0656 1.4628 0.8194 -0.0658 100.4706 90.0000 0.0000 60.2566 73.7132 55.6503 -13.5047 5.7892 11.6401 -0.0822 0.5578 -0.5285 0.0000 0.0000 0.0001 0.0000 0.0000 0.0000 0.0000 -0.0013 -0.0008 0.0000 -0.0004 0.0001 0.0000 0.0000 0.0000 0.0000 0.0000 0.0000 0.0000 0.0002 0.0000 0.0000 -0.0006 0.0003 0.0000 0.0004 -0.0006 0.0000 0.0000 0.0001 0.0000 0.0000 0.0000 0.0000 -0.0010 -0.0002 0.0000 0.0002 30.0001 -0.0001 0.0005 -29.9998 0.0000 0.0000 0.0000 -2.8033 1.5178 0.3563 -2.8033 1.5178 0.3563 2.2883 85.3667 114.0771 -44.5047 76.5655 -36.2650 5.1174 8.4911 -13.5195 0.0835 0.3786 0.5477 0.0000 -0.0001 0.0001 0.0000 0.0000 0.0000 0.0000 -0.0006 0.0003 0.0000 -0.0001 0.0001 0.0000 0.0000 0.0000 0.0000 0.0000 0.0000 0.0000 0.0007 0.0001 0.0000 -0.0011 0.0001 0.0000 -0.0008 0.0003 0.0000 0.0001 0.0000 0.0000 0.0000 0.0000 0.0000 -0.0009 0.0000 0.0000 0.0002 -29.9997 -0.0001 -0.0003 29.9996 0.0000 0.0000 0.0000 1.5380 1.7870 -178.7655 0.0000 0.0000 0.0828 -4.6291 66.0921 -1.4329 0.0000 25.3510 0.0000 -2.2703 -2.3234 -178.7896 0.0440 -6.5281 -0.0852 10.1063 66.0503 8.1141 0.0000 24.9911 -0.0001 
-2.3622 92.6937 -6.6015 -1.2698 -0.7148 -0.1663 1.4580 0.8144 -0.0682 1.4583 0.8146 -0.0682 1.4623 0.8169 -0.0684 100.5774 90.0000 0.0000 58.4595 73.9181 53.5153 -13.1576 6.3487 12.9378 -0.0926 0.5637 -0.5476 0.0000 0.0000 0.0001 0.0000 0.0000 0.0000 0.0000 -0.0013 -0.0008 0.0000 -0.0004 0.0001 0.0000 0.0000 0.0000 0.0000 0.0000 0.0000 0.0000 0.0003 0.0000 0.0000 -0.0006 0.0003 0.0000 0.0004 -0.0006 0.0000 0.0000 0.0001 0.0000 0.0000 0.0000 0.0000 -0.0010 -0.0002 0.0000 0.0003 30.0001 -0.0001 0.0005 -29.9998 0.0000 0.0000 0.0000 -2.7936 1.5108 0.3624 -2.7936 1.5108 0.3624 1.2078 85.3394 113.0190 -41.9185 76.5899 -33.4755 4.5873 9.0889 -14.6113 0.0916 0.3833 0.5637 0.0000 -0.0001 0.0001 0.0000 0.0000 0.0000 0.0000 -0.0006 0.0003 0.0000 -0.0001 0.0001 0.0000 0.0000 0.0000 0.0000 0.0000 0.0000 0.0000 0.0007 0.0001 0.0000 -0.0012 0.0001 0.0000 -0.0008 0.0003 0.0000 0.0001 0.0000 0.0000 0.0000 0.0000 0.0000 -0.0009 0.0000 0.0000 0.0002 -29.9996 -0.0001 -0.0003 29.9996 0.0000 0.0000 0.0000 1.5421 1.8028 -178.7626 0.0000 0.0000 0.0828 -4.6645 66.0959 -1.4410 0.0000 25.3510 0.0000 -2.2611 -2.3102 -178.7867 0.0436 -6.5234 -0.0852 10.0690 66.0589 8.0981 0.0000 24.9911 -0.0001 
-2.3622 92.6937 -6.6015 -1.2698 -0.7148 -0.1663 1.4580 0.8144 -0.0682 1.4583 0.8146 -0.0682 1.4623 0.8169 -0.0684 100.5774 90.0000 0.0000 58.4595 73.9181 53.5153 -13.1576 6.3487 12.9378 -0.0926 0.5637 -0.5476 0.0000 0.0000 0.0001 0.0000 0.0000 0.0000 0.0000 -0.0013 -0.0008 0.0000 -0.0004 0.0001 0.0000 0.0000 0.0000 0.0000 0.0000 0.0000 0.0000 0.0003 0.0000 0.0000 -0.0006 0.0003 0.0000 0.0004 -0.0006 0.0000 0.0000 0.0001 0.0000 0.0000 0.0000 0.0000 -0.0010 -0.0002 0.0000 0.0003 30.0001 -0.0001 0.0005 -29.9998 0.0000 0.0000 0.0000 -2.7936 1.5108 0.3624 -2.7936 1.5108 0.3624 1.2078 85.3394 113.0190 -41.9185 76.5899 -33.4755 4.5873 9.0889 -14.6113 0.0916 0.3833 0.5637 0.0000 -0.0001 0.0001 0.0000 0.0000 0.0000 0.0000 -0.0006 0.0003 0.0000 -0.0001 0.0001 0.0000 0.0000 0.0000 0.0000 0.0000 0.0000 0.0000 0.0007 0.0001 0.0000 -0.0012 0.0001 0.0000 -0.0008 0.0003 0.0000 0.0001 0.0000 0.0000 0.0000 0.0000 0.0000 -0.0009 0.0000 0.0000 0.0002 -29.9996 -0.0001 -0.0003 29.9996 0.0000 0.0000 0.0000 1.5421 1.8028 -178.7626 0.0000 0.0000 0.0828 -4.6645 66.0959 -1.4410 0.0000 25.3510 0.0000 -2.2611 -2.3102 -178.7867 0.0436 -6.5234 -0.0852 10.0690 66.0589 8.0981 0.0000 25.3508 -0.0001 