HIERARCHY
ROOT Hips
{
  OFFSET 0.0000 92.1569 0.0000
  CHANNELS 6 Xposition Yposition Zposition Yrotation Xrotation Zrotation
  JOINT Spine
  {
    OFFSET 0.0000 12.8432 0.0000
    CHANNELS 3 Yrotation Xrotation Zrotation
    JOINT Spine1
    {
      OFFSET 0.0000 12.7668 0.0000
      CHANNELS 3 Yrotation Xrotation Zrotation
      JOINT Spine2
      {
        OFFSET 0.0000 12.9359 0.0000
        CHANNELS 3 Yrotation Xrotation Zrotation
        JOINT LeftShoulder
        {
          OFFSET 7.0928 10.5283 0.0000
          CHANNELS 3 Yrotation Xrotation Zrotation
          JOINT LeftArm
          {
            OFFSET 0.0000 13.4072 0.0000
            CHANNELS 3 Yrotation Xrotation Zrotation
            JOINT LeftForeArm
            {
              OFFSET -0.0001 23.6311 0.0000
              CHANNELS 3 Yrotation Xrotation Zrotation
              JOINT LeftHand
              {
                OFFSET 0.0000 26.0214 0.0000
                CHANNELS 3 Yrotation Xrotation Zrotation
                JOINT LeftHandIndex1
                {
                  OFFSET -2.3384 7.3717 0.0940
                  CHANNELS 3 Yrotation Xrotation Zrotation
                  JOINT LeftHandIndex2
                  {
                    OFFSET 0.0000 4.1821 0.0000
                    CHANNELS 3 Yrotation Xrotation Zrotation
                    JOINT LeftHandIndex3
                    {
                      OFFSET 0.0000 2.5729 0.0000
                      CHANNELS 3 Yrotation Xrotation Zrotation
                      End Site
                      {
                        OFFSET 0.0000 1.3566 0.0000
                      }
                    }
                  }
                }
                JOINT LeftHandMiddle1
                {
                  OFFSET -0.4976 7.4289 0.0940
                  CHANNELS 3 Yrotation Xrotation Zrotation
                  JOINT LeftHandMiddle2
                  {
                    OFFSET 0.0000 4.2934 0.0000
                    CHANNELS 3 Yrotation Xrotation Zrotation
                    JOINT LeftHandMiddle3
                    {
                      OFFSET 0.0000 2.8318 0.0000
                      CHANNELS 3 Yrotation Xrotation Zrotation
                      End Site
                      {
                        OFFSET 0.0000 1.4991 0.0000
                      }
                    }
                  }
                }
                JOINT LeftHandPinky1
                {
                  OFFSET 2.8640 6.4077 0.0941
                  CHANNELS 3 Yrotation Xrotation Zrotation
                  JOINT LeftHandPinky2
                  {
                    OFFSET 0.0000 3.2449 0.0000
                    CHANNELS 3 Yrotation Xrotation Zrotation
                    JOINT LeftHandPinky3
                    {
                      OFFSET 0.0000 2.0396 0.0000
                      CHANNELS 3 Yrotation Xrotation Zrotation
                      End Site
                      {
                        OFFSET 0.0000 1.1205 0.0000
                      }
                    }
                  }
                }
                JOINT LeftHandRing1
                {
                  OFFSET 1.3152 7.1278 0.0941
                  CHANNELS 3 Yrotation Xrotation Zrotation
                  JOINT LeftHandRing2
                  {
                    OFFSET 0.0000 4.0102 0.0000
                    CHANNELS 3 Yrotation Xrotation Zrotation
                    JOINT LeftHandRing3
                    {
                      OFFSET 0.0000 2.5863 0.0000
                      CHANNELS 3 Yrotation Xrotation Zrotation
                      End Site
                      {
                        OFFSET 0.0000 1.3500 0.0000
                      }
                    }
                  }
                }
                JOINT LeftHandThumb1
                {
                  OFFSET -2.5440 1.8982 0.0857
                  CHANNELS 3 Yrotation Xrotation Zrotation
                  JOINT LeftHandThumb2
                  {
                    OFFSET 0.0000 3.6174 0.0000
                    CHANNELS 3 Yrotation Xrotation Zrotation
                    JOINT LeftHandThumb3
                    {
                      OFFSET 0.0000 2.7456 0.0000
                      CHANNELS 3 Yrotation Xrotation Zrotation
                      End Site
                      {
                        OFFSET 0.0000 1.7295 0.0000
                      }
                    }
                  }
                }
              }
            }
          }
        }
        JOINT Neck
        {
          OFFSET 0.0000 18.3612 0.0000
          CHANNELS 3 Yrotation Xrotation Zrotation
          JOINT Head
          {
            OFFSET 0.0000 10.8799 0.0000
            CHANNELS 3 Yrotation Xrotation Zrotation
            End Site
            {
              OFFSET 0.0000 7.8269 0.0000
            }
          }
        }
        JOINT RightShoulder
        {
          OFFSET -7.0929 10.5283 0.0000
          CHANNELS 3 Yrotation Xrotation Zrotation
          JOINT RightArm
          {
            OFFSET 0.0000 13.4072 0.0000
            CHANNELS 3 Yrotation Xrotation Zrotation
            JOINT RightForeArm
            {
              OFFSET 0.0000 23.6311 0.0000
              CHANNELS 3 Yrotation Xrotation Zrotation
              JOINT RightHand
              {
                OFFSET -0.0001 26.0214 0.0000
                CHANNELS 3 Yrotation Xrotation Zrotation
                JOINT RightHandIndex1
                {
                  OFFSET 2.3384 7.3718 0.0941
                  CHANNELS 3 Yrotation Xrotation Zrotation
                  JOINT RightHandIndex2
                  {
                    OFFSET 0.0000 4.1821 0.0000
                    CHANNELS 3 Yrotation Xrotation Zrotation
                    JOINT RightHandIndex3
                    {
                      OFFSET 0.0000 2.5730 0.0000
                      CHANNELS 3 Yrotation Xrotation Zrotation
                      End Site
                      {
                        OFFSET 0.0000 1.3566 0.0000
                      }
                    }
                  }
                }
                JOINT RightHandMiddle1
                {
                  OFFSET 0.4976 7.4289 0.0941
                  CHANNELS 3 Yrotation Xrotation Zrotation
                  JOINT RightHandMiddle2
                  {
                    OFFSET 0.0000 4.2934 0.0000
                    CHANNELS 3 Yrotation Xrotation Zrotation
                    JOINT RightHandMiddle3
                    {
                      OFFSET 0.0000 2.8318 0.0000
                      CHANNELS 3 Yrotation Xrotation Zrotation
                      End Site
                      {
                        OFFSET 0.0000 1.4991 0.0000
                      }
                    }
                  }
                }
                JOINT RightHandPinky1
                {
                  OFFSET -2.8640 6.4077 0.0941
                  CHANNELS 3 Yrotation Xrotation Zrotation
                  JOINT RightHandPinky2
                  {
                    OFFSET 0.0000 3.2449 0.0000
                    CHANNELS 3 Yrotation Xrotation Zrotation
                    JOINT RightHandPinky3
                    {
                      OFFSET 0.0000 2.0397 0.0000
                      CHANNELS 3 Yrotation Xrotation Zrotation
                      End Site
                      {
                        OFFSET 0.0000 1.1205 0.0000
                      }
                    }
                  }
                }
                JOINT RightHandRing1
                {
                  OFFSET -1.3152 7.1278 0.0941
                  CHANNELS 3 Yrotation Xrotation Zrotation
                  JOINT RightHandRing2
                  {
                    OFFSET 0.0000 4.0102 0.0000
                    CHANNELS 3 Yrotation Xrotation Zrotation
                    JOINT RightHandRing3
                    {
                      OFFSET 0.0000 2.5863 0.0000
                      CHANNELS 3 Yrotation Xrotation Zrotation
                      End Site
                      {
                        OFFSET 0.0000 1.3500 0.0000
                      }
                    }
                  }
                }
                JOINT RightHandThumb1
                {
                  OFFSET 2.5440 1.8982 0.0856
                  CHANNELS 3 Yrotation Xrotation Zrotation
                  JOINT RightHandThumb2
                  {
                    OFFSET 0.0000 3.6173 0.0000
                    CHANNELS 3 Yrotation Xrotation Zrotation
                    JOINT RightHandThumb3
                    {
                      OFFSET 0.0000 2.7456 0.0000
                      CHANNELS 3 Yrotation Xrotation Zrotation
                      End Site
                      {
                        OFFSET 0.0000 1.7295 0.0000
                      }
                    }
                  }
                }
              }
            }
          }
        }
      }
    }
  }
  JOINT LeftUpLeg
  {
    OFFSET 7.9554 0.0000 0.0000
    CHANNELS 3 Yrotation Xrotation Zrotation
    JOINT LeftLeg
    {
      OFFSET 0.0000 42.3529 0.0000
      CHANNELS 3 Yrotation Xrotation Zrotation
      JOINT LeftFoot
      {
        OFFSET 0.0000 42.0403 0.0000
        CHANNELS 3 Yrotation Xrotation Zrotation
        JOINT LeftToe
        {
          OFFSET 0.0000 15.0850 0.0000
          CHANNELS 3 Yrotation Xrotation Zrotation
          End Site
          {
            OFFSET 0.0000 3.5000 0.0000
          }
        }
      }
    }
  }
  JOINT RightUpLeg
  {
    OFFSET -7.9554 0.0000 0.0000
    CHANNELS 3 Yrotation Xrotation Zrotation
    JOINT RightLeg
    {
      OFFSET 0.0000 42.3529 0.0000
      CHANNELS 3 Yrotation Xrotation Zrotation
      JOINT RightFoot
      {
        OFFSET 0.0000 42.0403 0.0000
        CHANNELS 3 Yrotation Xrotation Zrotation
        JOINT RightToe
        {
          OFFSET 0.0000 15.0850 0.0000
          CHANNELS 3 Yrotation Xrotation Zrotation
          End Site
          {
            OFFSET 0.0000 3.5000 0.0000
          }
        }
      }
    }
  }
}
MOTION
Frames: 558
Frame Time: 0.016667
0.0000 92.1569 0.0000 0.0000 0.0000 0.0000 0.0000 0.0000 0.0000 0.0000 0.0000 0.0000 0.0000 0.0000 0.0000 -270.0000 90.0000 0.0000 0.0000 0.0000 0.0000 0.0000 0.0000 0.0000 0.0000 0.0000 0.0000 0.0000 0.0000 0.0001 0.0000 0.0000 0.0000 0.0000 -0.0013 -0.0008 0.0000 -0.0004 0.0001 0.0000 0.0000 0.0000 0.0000 0.0000 0.0000 0.0000 0.0003 0.0000 0.0000 -0.0006 0.0003 0.0000 0.0004 -0.0006 0.0000 0.0000 0.0001 0.0000 0.0000 0.0000 0.0000 -0.0010 -0.0002 0.0000 0.0002 30.0001 -0.0001 0.0005 -29.9998 0.0000 0.0000 0.0000 0.0000 0.0000 0.0000 0.0000 0.0000 0.0000 270.0001 90.0000 0.0000 0.0000 0.0000 0.0000 0.0000 0.0000 0.0000 0.0000 0.0000 0.0000 0.0000 -0.0001 0.0001 0.0000 0.0000 0.0000 0.0000 -0.0006 0.0003 0.0000 -0.0001 0.0001 0.0000 0.0000 0.0000 0.0000 0.0000 0.0000 0.0000 0.0007 0.0001 0.0000 -0.0012 0.0001 0.0000 -0.0008 0.0003 0.0000 0.0001 0.0000 0.0000 0.0000 0.0000 0.0000 -0.0009 0.0000 0.0000 0.0002 -29.9997 -0.0001 -0.0003 29.9996 0.0000 0.0000 0.0000 0.0000 0.0000 179.9999 0.0000 0.0001 0.0826 -0.1744 64.6492 -0.1930 0.0000 25.3510 0.0000 0.0000 0.0000 180.0000 0.0000 0.0000 -0.0827 0.1745 64.6492 0.1931 0.0000 25.3508 -0.0001 
1.6757 92.0669 -12.4623 2.3270 -0.2628 -0.8798 1.0985 -0.7734 0.1377 1.0986 -0.7734 0.1377 1.1018 -0.7756 0.1381 101.4634 90.0000 0.0000 75.0869 83.8528 73.3593 5.8579 -0.2254 4.3260 -0.0176 0.4691 -0.3398 0.0000 0.0000 0.0001 0.0000 0.0000 0.0000 0.0000 -0.0013 -0.0008 0.0000 -0.0004 0.0001 0.0000 0.0000 0.0000 0.0000 0.0000 0.0000 0.0000 0.0002 0.0000 0.0000 -0.0006 0.0003 0.0000 0.0004 -0.0006 0.0000 0.0000 0.0001 0.0000 0.0000 0.0000 0.0000 -0.0010 -0.0002 0.0000 0.0002 30.0001 -0.0001 0.0005 -29.9998 0.0000 0.0000 0.0000 -2.2379 2.6108 -0.4970 -2.2379 2.6108 -0.4970 246.3557 90.0000 0.0000 -77.0664 80.7228 -74.0762 1.0837 0.4748 -5.8261 0.0198 0.3460 0.4308 0.0000 -0.0001 0.0001 0.0000 0.0000 0.0000 0.0000 -0.0006 0.0003 0.0000 -0.0001 0.0001 0.0000 0.0000 0.0000 0.0000 0.0000 0.0000 0.0000 0.0007 0.0001 0.0000 -0.0012 0.0001 0.0000 -0.0008 0.0003 0.0000 0.0001 0.0000 0.0000 0.0000 0.0000 0.0000 -0.0009 0.0000 0.0000 0.0002 -29.9996 -0.0001 -0.0003 29.9996 0.0000 0.0000 0.0000 -2.3655 -2.6682 179.2420 0.0278 -9.0673 0.0806 -11.2872 71.8122 -3.9805 0.0000 25.3511 0.0000 -6.0125 -0.3099 -179.8747 -0.0413 -5.7416 -0.0807 -0.7007 69.2511 -2.8382 0.0000 25.0272 -0.0001 
1.7049 92.0648 -12.4550 2.3029 -0.2620 -0.9051 1.1011 -0.7774 0.1446 1.1013 -0.7774 0.1446 1.1045 -0.7797 0.1450 101.4713 90.0000 0.0000 75.5081 83.8575 73.7363 5.8724 -0.1963 4.3441 -0.0177 0.4673 -0.3388 0.0000 0.0000 0.0001 0.0000 0.0000 0.0000 0.0000 -0.0013 -0.0008 0.0000 -0.0004 0.0001 0.0000 0.0000 0.0000 0.0000 0.0000 0.0000 0.0000 0.0002 0.0000 0.0000 -0.0006 0.0003 0.0000 0.0004 -0.0006 0.0000 0.0000 0.0001 0.0000 0.0000 0.0000 0.0000 -0.0010 -0.0002 0.0000 0.0002 30.0001 -0.0001 0.0005 -29.9998 0.0000 0.0000 0.0000 -2.2429 2.6246 -0.4814 -2.2429 2.6246 -0.4814 246.3586 90.0000 0.0000 -77.1217 80.7282 -74.1219 1.0658 0.4888 -5.8336 0.0198 0.3451 0.4302 0.0000 -0.0001 0.0001 0.0000 0.0000 0.0000 0.0000 -0.0006 0.0003 0.0000 -0.0001 0.0001 0.0000 0.0000 0.0000 0.0000 0.0000 0.0000 0.0000 0.0007 0.0001 0.0000 -0.0012 0.0001 0.0000 -0.0008 0.0003 0.0000 0.0001 0.0000 0.0000 0.0000 0.0000 0.0000 -0.0009 0.0000 0.0000 0.0002 -29.9996 -0.0001 -0.0003 29.9996 0.0000 0.0000 0.0000 -2.3209 -2.7211 179.2517 0.0296 -9.1917 0.0804 -11.3455 71.8933 -4.0635 0.0000 25.3510 0.0000 -6.0086 -0.3092 -179.8864 -0.0426 -5.7353 -0.0806 -0.6641 69.2490 -2.7815 0.0000 25.0272 -0.0001 
1.7330 92.0574 -12.4517 2.2719 -0.2627 -0.9369 1.1044 -0.7824 0.1524 1.1045 -0.7825 0.1524 1.1077 -0.7847 0.1528 101.4811 90.0000 0.0000 76.0793 83.8681 74.2524 5.8914 -0.1620 4.3669 -0.0178 0.4643 -0.3372 0.0000 0.0000 0.0001 0.0000 0.0000 0.0000 0.0000 -0.0013 -0.0008 0.0000 -0.0004 0.0001 0.0000 0.0000 0.0000 0.0000 0.0000 0.0000 0.0000 0.0003 0.0000 0.0000 -0.0006 0.0003 0.0000 0.0004 -0.0006 0.0000 0.0000 0.0001 0.0000 0.0000 0.0000 0.0000 -0.0010 -0.0002 0.0000 0.0003 30.0001 -0.0001 0.0005 -29.9998 0.0000 0.0000 0.0000 -2.2498 2.6447 -0.4626 -2.2498 2.6447 -0.4626 246.3650 90.0000 0.0000 -77.2126 80.7393 -74.2018 1.0396 0.5043 -5.8400 0.0198 0.3439 0.4293 0.0000 -0.0001 0.0001 0.0000 0.0000 0.0000 0.0000 -0.0006 0.0003 0.0000 -0.0001 0.0001 0.0000 0.0000 0.0000 0.0000 0.0000 0.0000 0.0000 0.0007 0.0001 0.0000 -0.0012 0.0001 0.0000 -0.0008 0.0003 0.0000 0.0001 0.0000 0.0000 0.0000 0.0000 0.0000 -0.0009 0.0000 0.0000 0.0002 -29.9996 -0.0001 -0.0003 29.9996 0.0000 0.0000 0.0000 -2.2763 -2.8042 179.2669 0.0330 -9.3740 0.0801 -11.4412 71.9988 -4.1774 0.0000 25.3510 0.0000 -6.0013 -0.3430 -179.9022 -0.0445 -5.7868 -0.0805 -0.6151 69.2699 -2.7090 0.0000 25.0274 -0.0001 
1.7650 92.0486 -12.4535 2.2412 -0.2662 -0.9676 1.1073 -0.7866 0.1586 1.1074 -0.7867 0.1586 1.1106 -0.7889 0.1591 101.4902 90.0000 0.0000 76.6329 83.8838 74.7604 5.9123 -0.1314 4.3866 -0.0178 0.4617 -0.3360 0.0000 0.0000 0.0001 0.0000 0.0000 0.0000 0.0000 -0.0013 -0.0008 0.0000 -0.0004 0.0001 0.0000 0.0000 0.0000 0.0000 0.0000 0.0000 0.0000 0.0002 0.0000 0.0000 -0.0006 0.0003 0.0000 0.0004 -0.0006 0.0000 0.0000 0.0001 0.0000 0.0000 0.0000 0.0000 -0.0010 -0.0002 0.0000 0.0002 30.0001 -0.0001 0.0005 -29.9998 0.0000 0.0000 0.0000 -2.2563 2.6660 -0.4460 -2.2563 2.6660 -0.4460 246.3720 90.0000 0.0000 -77.3450 80.7526 -74.3249 1.0097 0.5157 -5.8399 0.0198 0.3428 0.4284 0.0000 -0.0001 0.0001 0.0000 0.0000 0.0000 0.0000 -0.0006 0.0003 0.0000 -0.0001 0.0001 0.0000 0.0000 0.0000 0.0000 0.0000 0.0000 0.0000 0.0007 0.0001 0.0000 -0.0012 0.0001 0.0000 -0.0008 0.0003 0.0000 0.0001 0.0000 0.0000 0.0000 0.0000 0.0000 -0.0009 0.0000 0.0000 0.0002 -29.9996 -0.0001 -0.0003 29.9996 0.0000 0.0000 0.0000 -2.2499 -2.8882 179.2771 0.0359 -9.5548 0.0798 -11.5297 72.0966 -4.2640 0.0000 25.3510 0.0000 -5.9901 -0.3893 -179.9367 -0.0484 -5.8519 -0.0802 -0.5135 69.2891 -2.5847 0.0000 25.0275 -0.0001 
1.7994 92.0435 -12.4590 2.2108 -0.2730 -0.9992 1.1095 -0.7897 0.1642 1.1096 -0.7898 0.1643 1.1128 -0.7920 0.1647 101.4999 90.0000 0.0000 77.2204 83.9018 75.3042 5.9351 -0.1041 4.4079 -0.0179 0.4593 -0.3352 0.0000 0.0000 0.0001 0.0000 0.0000 0.0000 0.0000 -0.0013 -0.0008 0.0000 -0.0004 0.0001 0.0000 0.0000 0.0000 0.0000 0.0000 0.0000 0.0000 0.0002 0.0000 0.0000 -0.0006 0.0003 0.0000 0.0004 -0.0006 0.0000 0.0000 0.0001 0.0000 0.0000 0.0000 0.0000 -0.0010 -0.0002 0.0000 0.0002 30.0001 -0.0001 0.0005 -29.9998 0.0000 0.0000 0.0000 -2.2638 2.6884 -0.4302 -2.2638 2.6884 -0.4302 246.3792 90.0000 0.0000 -77.5067 80.7716 -74.4763 0.9751 0.5255 -5.8388 0.0197 0.3414 0.4272 0.0000 -0.0001 0.0001 0.0000 0.0000 0.0000 0.0000 -0.0006 0.0003 0.0000 -0.0001 0.0001 0.0000 0.0000 0.0000 0.0000 0.0000 0.0000 0.0000 0.0007 0.0001 0.0000 -0.0012 0.0001 0.0000 -0.0008 0.0003 0.0000 0.0001 0.0000 0.0000 0.0000 0.0000 0.0000 -0.0008 0.0000 0.0000 0.0002 -29.9996 -0.0001 -0.0003 29.9996 0.0000 0.0000 0.0000 -2.2385 -2.9608 179.2860 0.0388 -9.7128 0.0795 -11.6187 72.1775 -4.3350 0.0000 25.3510 0.0000 -5.9760 -0.4329 -179.9726 -0.0523 -5.9131 -0.0800 -0.4039 69.3040 -2.4545 0.0000 25.0276 -0.0001 
1.8355 92.0401 -12.4647 2.1830 -0.2842 -1.0314 1.1105 -0.7907 0.1687 1.1107 -0.7908 0.1688 1.1138 -0.7931 0.1692 101.5108 90.0000 0.0000 77.8738 83.9203 75.9178 5.9570 -0.0887 4.4315 -0.0179 0.4563 -0.3342 0.0000 0.0000 0.0001 0.0000 0.0000 0.0000 0.0000 -0.0013 -0.0008 0.0000 -0.0004 0.0001 0.0000 0.0000 0.0000 0.0000 0.0000 0.0000 0.0000 0.0002 0.0000 0.0000 -0.0006 0.0003 0.0000 0.0004 -0.0006 0.0000 0.0000 0.0001 0.0000 0.0000 0.0000 0.0000 -0.0010 -0.0002 0.0000 0.0003 30.0001 -0.0001 0.0005 -29.9998 0.0000 0.0000 0.0000 -2.2732 2.7098 -0.4164 -2.2732 2.7098 -0.4164 246.3865 90.0000 0.0000 -77.6911 80.7967 -74.6489 0.9344 0.5343 -5.8412 0.0197 0.3401 0.4264 0.0000 -0.0001 0.0001 0.0000 0.0000 0.0000 0.0000 -0.0006 0.0003 0.0000 -0.0001 0.0001 0.0000 0.0000 0.0000 0.0000 0.0000 0.0000 0.0000 0.0007 0.0001 0.0000 -0.0012 0.0001 0.0000 -0.0008 0.0003 0.0000 0.0001 0.0000 0.0000 0.0000 0.0000 0.0000 -0.0008 0.0000 0.0000 0.0002 -29.9996 -0.0001 -0.0003 29.9996 0.0000 0.0000 0.0000 -2.2513 -3.0110 179.2938 0.0416 -9.8337 0.0792 -11.7212 72.2349 -4.3984 0.0000 25.3510 0.0000 -5.9608 -0.4402 -179.9897 -0.0537 -5.9242 -0.0800 -0.3411 69.3011 -2.3771 0.0000 25.0278 -0.0001 
1.8739 92.0371 -12.4692 2.1585 -0.2983 -1.0628 1.1106 -0.7898 0.1718 1.1108 -0.7899 0.1719 1.1140 -0.7922 0.1723 101.5232 90.0000 0.0000 78.5589 83.9345 76.5682 5.9784 -0.0751 4.4576 -0.0179 0.4534 -0.3334 0.0000 0.0000 0.0001 0.0000 0.0000 0.0000 0.0000 -0.0013 -0.0008 0.0000 -0.0004 0.0001 0.0000 0.0000 0.0000 0.0000 0.0000 0.0000 0.0000 0.0003 0.0000 0.0000 -0.0006 0.0003 0.0000 0.0004 -0.0006 0.0000 0.0000 0.0001 0.0000 0.0000 0.0000 0.0000 -0.0010 -0.0002 0.0000 0.0003 30.0001 -0.0001 0.0005 -29.9998 0.0000 0.0000 0.0000 -2.2841 2.7274 -0.4040 -2.2841 2.7274 -0.4040 246.3945 90.0000 0.0000 -77.8789 80.8220 -74.8248 0.8875 0.5433 -5.8491 0.0197 0.3391 0.4258 0.0000 -0.0001 0.0001 0.0000 0.0000 0.0000 0.0000 -0.0006 0.0003 0.0000 -0.0001 0.0001 0.0000 0.0000 0.0000 0.0000 0.0000 0.0000 0.0000 0.0007 0.0001 0.0000 -0.0012 0.0001 0.0000 -0.0008 0.0003 0.0000 0.0001 0.0000 0.0000 0.0000 0.0000 0.0000 -0.0009 0.0000 0.0000 0.0002 -29.9996 -0.0001 -0.0003 29.9996 0.0000 0.0000 0.0000 -2.2793 -3.0590 179.2992 0.0445 -9.9565 0.0789 -11.8480 72.2919 -4.4750 0.0000 25.3510 0.0000 -5.9475 -0.4176 -179.9907 -0.0528 -5.8956 -0.0800 -0.3219 69.2859 -2.3466 0.0000 25.0279 -0.0001 
1.9150 92.0328 -12.4741 2.1373 -0.3142 -1.0930 1.1099 -0.7869 0.1734 1.1100 -0.7870 0.1734 1.1132 -0.7893 0.1739 101.5362 90.0000 0.0000 79.2396 83.9427 77.2207 5.9989 -0.0624 4.4868 -0.0179 0.4507 -0.3329 0.0000 0.0000 0.0001 0.0000 0.0000 0.0000 0.0000 -0.0013 -0.0008 0.0000 -0.0004 0.0001 0.0000 0.0000 0.0000 0.0000 0.0000 0.0000 0.0000 0.0003 0.0000 0.0000 -0.0006 0.0003 0.0000 0.0004 -0.0006 0.0000 0.0000 0.0001 0.0000 0.0000 0.0000 0.0000 -0.0010 -0.0002 0.0000 0.0002 30.0001 -0.0001 0.0005 -29.9998 0.0000 0.0000 0.0000 -2.2959 2.7399 -0.3921 -2.2959 2.7399 -0.3921 246.4030 90.0000 0.0000 -78.0714 80.8443 -75.0052 0.8350 0.5526 -5.8615 0.0197 0.3378 0.4250 0.0000 -0.0001 0.0001 0.0000 0.0000 0.0000 0.0000 -0.0006 0.0003 0.0000 -0.0001 0.0001 0.0000 0.0000 0.0000 0.0000 0.0000 0.0000 0.0000 0.0007 0.0001 0.0000 -0.0012 0.0001 0.0000 -0.0008 0.0003 0.0000 0.0001 0.0000 0.0000 0.0000 0.0000 0.0000 -0.0009 0.0000 0.0000 0.0002 -29.9996 -0.0001 -0.0003 29.9996 0.0000 0.0000 0.0000 -2.3178 -3.1079 179.3016 0.0476 -10.0835 0.0786 -11.9945 72.3491 -4.5644 0.0000 25.3510 0.0000 -5.9368 -0.3860 -179.9878 -0.0513 -5.8569 -0.0801 -0.3144 69.2685 -2.3288 0.0000 25.0280 -0.0001 
1.9628 92.0277 -12.4833 2.1211 -0.3320 -1.1216 1.1086 -0.7811 0.1724 1.1087 -0.7812 0.1724 1.1119 -0.7834 0.1729 101.5501 90.0000 0.0000 79.9048 83.9418 77.8664 6.0170 -0.0493 4.5224 -0.0180 0.4478 -0.3326 0.0000 0.0000 0.0001 0.0000 0.0000 0.0000 0.0000 -0.0013 -0.0008 0.0000 -0.0004 0.0001 0.0000 0.0000 0.0000 0.0000 0.0000 0.0000 0.0000 0.0002 0.0000 0.0000 -0.0006 0.0003 0.0000 0.0004 -0.0006 0.0000 0.0000 0.0001 0.0000 0.0000 0.0000 0.0000 -0.0010 -0.0002 0.0000 0.0002 30.0001 -0.0001 0.0005 -29.9998 0.0000 0.0000 0.0000 -2.3094 2.7438 -0.3805 -2.3094 2.7438 -0.3805 246.4126 90.0000 0.0000 -78.2661 80.8627 -75.1872 0.7713 0.5625 -5.8807 0.0197 0.3367 0.4245 0.0000 -0.0001 0.0001 0.0000 0.0000 0.0000 0.0000 -0.0006 0.0003 0.0000 -0.0001 0.0001 0.0000 0.0000 0.0000 0.0000 0.0000 0.0000 0.0000 0.0007 0.0001 0.0000 -0.0012 0.0001 0.0000 -0.0008 0.0003 0.0000 0.0001 0.0000 0.0000 0.0000 0.0000 0.0000 -0.0009 0.0000 0.0000 0.0002 -29.9996 -0.0001 -0.0003 29.9996 0.0000 0.0000 0.0000 -2.3657 -3.1614 179.2981 0.0503 -10.2163 0.0783 -12.1534 72.4038 -4.6611 0.0000 25.3510 0.0000 -5.9319 -0.3673 -179.9912 -0.0505 -5.8425 -0.0802 -0.2966 69.2628 -2.2998 0.0000 25.0281 -0.0001 
2.0155 92.0216 -12.4968 2.1090 -0.3513 -1.1488 1.1077 -0.7723 0.1694 1.1078 -0.7724 0.1694 1.1110 -0.7746 0.1698 101.5637 90.0000 0.0000 80.5621 83.9346 78.5103 6.0301 -0.0360 4.5650 -0.0181 0.4454 -0.3329 0.0000 0.0000 0.0001 0.0000 0.0000 0.0000 0.0000 -0.0013 -0.0008 0.0000 -0.0004 0.0001 0.0000 0.0000 0.0000 0.0000 0.0000 0.0000 0.0000 0.0002 0.0000 0.0000 -0.0006 0.0003 0.0000 0.0004 -0.0006 0.0000 0.0000 0.0001 0.0000 0.0000 0.0000 0.0000 -0.0010 -0.0002 0.0000 0.0002 30.0001 -0.0001 0.0005 -29.9998 0.0000 0.0000 0.0000 -2.3250 2.7400 -0.3687 -2.3250 2.7400 -0.3687 246.4218 90.0000 0.0000 -78.4505 80.8734 -75.3586 0.6998 0.5762 -5.9047 0.0198 0.3358 0.4239 0.0000 -0.0001 0.0001 0.0000 0.0000 0.0000 0.0000 -0.0006 0.0003 0.0000 -0.0001 0.0001 0.0000 0.0000 0.0000 0.0000 0.0000 0.0000 0.0000 0.0007 0.0001 0.0000 -0.0012 0.0001 0.0000 -0.0008 0.0003 0.0000 0.0001 0.0000 0.0000 0.0000 0.0000 0.0000 -0.0009 0.0000 0.0000 0.0002 -29.9996 -0.0001 -0.0003 29.9996 0.0000 0.0000 0.0000 -2.4208 -3.2138 179.2902 0.0517 -10.3428 0.0781 -12.3104 72.4497 -4.7531 0.0000 25.3510 0.0000 -5.9339 -0.3555 -179.9993 -0.0498 -5.8397 -0.0802 -0.2757 69.2634 -2.2648 0.0000 25.0283 -0.0001 
2.0705 92.0162 -12.5132 2.0989 -0.3719 -1.1739 1.1080 -0.7605 0.1643 1.1081 -0.7606 0.1643 1.1113 -0.7627 0.1648 101.5762 90.0000 0.0000 81.2093 83.9208 79.1486 6.0392 -0.0180 4.6149 -0.0182 0.4426 -0.3332 0.0000 0.0000 0.0001 0.0000 0.0000 0.0000 0.0000 -0.0013 -0.0008 0.0000 -0.0004 0.0001 0.0000 0.0000 0.0000 0.0000 0.0000 0.0000 0.0000 0.0003 0.0000 0.0000 -0.0006 0.0003 0.0000 0.0004 -0.0006 0.0000 0.0000 0.0001 0.0000 0.0000 0.0000 0.0000 -0.0010 -0.0002 0.0000 0.0002 30.0001 -0.0002 0.0005 -29.9998 0.0000 0.0000 0.0000 -2.3429 2.7286 -0.3562 -2.3429 2.7286 -0.3562 246.4307 90.0000 0.0000 -78.6240 80.8772 -75.5181 0.6227 0.5939 -5.9321 0.0199 0.3353 0.4238 0.0000 -0.0001 0.0001 0.0000 0.0000 0.0000 0.0000 -0.0006 0.0003 0.0000 -0.0001 0.0001 0.0000 0.0000 0.0000 0.0000 0.0000 0.0000 0.0000 0.0007 0.0001 0.0000 -0.0012 0.0001 0.0000 -0.0008 0.0003 0.0000 0.0001 0.0000 0.0000 0.0000 0.0000 0.0000 -0.0009 0.0000 0.0000 0.0002 -29.9996 -0.0001 -0.0003 29.9996 0.0000 0.0000 0.0000 -2.4747 -3.2680 179.2790 0.0521 -10.4702 0.0780 -12.4608 72.4919 -4.8413 0.0000 25.3510 0.0000 -5.9425 -0.3404 179.9889 -0.0490 -5.8290 -0.0802 -0.2568 69.2616 -2.2276 0.0000 25.0284 -0.0001 
2.1284 92.0099 -12.5323 2.0881 -0.3941 -1.1975 1.1116 -0.7425 0.1564 1.1117 -0.7425 0.1565 1.1149 -0.7447 0.1569 101.5878 90.0000 0.0000 81.8161 83.9002 79.7531 6.0468 -0.0006 4.6774 -0.0184 0.4401 -0.3341 0.0000 0.0000 0.0001 0.0000 0.0000 0.0000 0.0000 -0.0013 -0.0008 0.0000 -0.0004 0.0001 0.0000 0.0000 0.0000 0.0000 0.0000 0.0000 0.0000 0.0002 0.0000 0.0000 -0.0006 0.0003 0.0000 0.0004 -0.0006 0.0000 0.0000 0.0001 0.0000 0.0000 0.0000 0.0000 -0.0010 -0.0002 0.0000 0.0002 30.0001 -0.0001 0.0005 -29.9998 0.0000 0.0000 0.0000 -2.3644 2.7037 -0.3421 -2.3644 2.7037 -0.3421 246.4406 90.0000 0.0000 -78.7892 80.8682 -75.6649 0.5446 0.6175 -5.9635 0.0200 0.3348 0.4237 0.0000 -0.0001 0.0001 0.0000 0.0000 0.0000 0.0000 -0.0006 0.0003 0.0000 -0.0001 0.0001 0.0000 0.0000 0.0000 0.0000 0.0000 0.0000 0.0000 0.0007 0.0001 0.0000 -0.0012 0.0001 0.0000 -0.0008 0.0003 0.0000 0.0001 0.0000 0.0000 0.0000 0.0000 0.0000 -0.0008 0.0000 0.0000 0.0002 -29.9996 -0.0001 -0.0003 29.9996 0.0000 0.0000 0.0000 -2.5206 -3.3248 179.2642 0.0515 -10.6020 0.0780 -12.5984 72.5306 -4.9233 0.0000 25.3510 0.0000 -5.9587 -0.3172 179.9736 -0.0480 -5.8023 -0.0803 -0.2433 69.2529 -2.1871 0.0000 25.0286 -0.0001 
2.1928 92.0028 -12.5545 2.0757 -0.4187 -1.2222 1.1190 -0.7182 0.1470 1.1192 -0.7182 0.1470 1.1224 -0.7203 0.1474 101.5984 90.0000 0.0000 82.3858 83.8725 80.3280 6.0558 0.0054 4.7499 -0.0186 0.4382 -0.3355 0.0000 0.0000 0.0001 0.0000 0.0000 0.0000 0.0000 -0.0013 -0.0008 0.0000 -0.0004 0.0001 0.0000 0.0000 0.0000 0.0000 0.0000 0.0000 0.0000 0.0002 0.0000 0.0000 -0.0006 0.0003 0.0000 0.0004 -0.0006 0.0000 0.0000 0.0001 0.0000 0.0000 0.0000 0.0000 -0.0010 -0.0002 0.0000 0.0002 30.0001 -0.0001 0.0005 -29.9998 0.0000 0.0000 0.0000 -2.3906 2.6665 -0.3258 -2.3906 2.6665 -0.3258 246.4487 90.0000 0.0000 -78.9590 80.8461 -75.8111 0.4758 0.6466 -5.9979 0.0202 0.3341 0.4238 0.0000 -0.0001 0.0001 0.0000 0.0000 0.0000 0.0000 -0.0006 0.0003 0.0000 -0.0001 0.0001 0.0000 0.0000 0.0000 0.0000 0.0000 0.0000 0.0000 0.0007 0.0001 0.0000 -0.0012 0.0001 0.0000 -0.0008 0.0003 0.0000 0.0001 0.0000 0.0000 0.0000 0.0000 0.0000 -0.0009 0.0000 0.0000 0.0002 -29.9996 -0.0001 -0.0003 29.9996 0.0000 0.0000 0.0000 -2.5530 -3.3871 179.2464 0.0498 -10.7452 0.0781 -12.7137 72.5728 -4.9944 0.0000 25.3510 0.0000 -5.9791 -0.3001 179.9546 -0.0472 -5.7880 -0.0803 -0.2279 69.2486 -2.1372 0.0000 25.0288 -0.0001 
2.2674 91.9952 -12.5795 2.0631 -0.4464 -1.2485 1.1293 -0.6889 0.1369 1.1294 -0.6889 0.1369 1.1326 -0.6909 0.1373 101.6081 90.0000 0.0000 82.9215 83.8370 80.8752 6.0636 -0.0007 4.8286 -0.0188 0.4364 -0.3372 0.0000 0.0000 0.0001 0.0000 0.0000 0.0000 0.0000 -0.0013 -0.0008 0.0000 -0.0004 0.0001 0.0000 0.0000 0.0000 0.0000 0.0000 0.0000 0.0000 0.0002 0.0000 0.0000 -0.0006 0.0003 0.0000 0.0004 -0.0006 0.0000 0.0000 0.0001 0.0000 0.0000 0.0000 0.0000 -0.0010 -0.0002 0.0000 0.0002 30.0001 -0.0001 0.0005 -29.9998 0.0000 0.0000 0.0000 -2.4210 2.6197 -0.3083 -2.4210 2.6197 -0.3083 246.4545 90.0000 0.0000 -79.1335 80.8117 -75.9574 0.4172 0.6793 -6.0337 0.0203 0.3333 0.4239 0.0000 -0.0001 0.0001 0.0000 0.0000 0.0000 0.0000 -0.0006 0.0003 0.0000 -0.0001 0.0001 0.0000 0.0000 0.0000 0.0000 0.0000 0.0000 0.0000 0.0007 0.0001 0.0000 -0.0012 0.0001 0.0000 -0.0008 0.0003 0.0000 0.0001 0.0000 0.0000 0.0000 0.0000 0.0000 -0.0009 0.0000 0.0000 0.0002 -29.9996 -0.0001 -0.0003 29.9996 0.0000 0.0000 0.0000 -2.5733 -3.4577 179.2236 0.0461 -10.9072 0.0784 -12.8024 72.6240 -5.0513 0.0000 25.3510 0.0000 -6.0034 -0.3022 179.9296 -0.0471 -5.8128 -0.0803 -0.1991 69.2608 -2.0675 0.0000 25.0289 -0.0001 
2.3564 91.9833 -12.6084 2.0515 -0.4773 -1.2756 1.1415 -0.6538 0.1255 1.1417 -0.6538 0.1256 1.1450 -0.6557 0.1259 101.6205 90.0000 0.0000 83.3608 83.7939 81.3395 6.0646 -0.0204 4.9128 -0.0190 0.4354 -0.3396 0.0000 0.0000 0.0001 0.0000 0.0000 0.0000 0.0000 -0.0013 -0.0008 0.0000 -0.0004 0.0001 0.0000 0.0000 0.0000 0.0000 0.0000 0.0000 0.0000 0.0003 0.0000 0.0000 -0.0006 0.0003 0.0000 0.0004 -0.0006 0.0000 0.0000 0.0001 0.0000 0.0000 0.0000 0.0000 -0.0010 -0.0002 0.0000 0.0003 30.0001 -0.0001 0.0005 -29.9998 0.0000 0.0000 0.0000 -2.4561 2.5612 -0.2918 -2.4561 2.5612 -0.2918 246.4653 90.0000 0.0000 -79.3036 80.7572 -76.0956 0.3786 0.7143 -6.0690 0.0206 0.3329 0.4247 0.0000 -0.0001 0.0001 0.0000 0.0000 0.0000 0.0000 -0.0006 0.0003 0.0000 -0.0001 0.0001 0.0000 0.0000 0.0000 0.0000 0.0000 0.0000 0.0000 0.0007 0.0001 0.0000 -0.0012 0.0001 0.0000 -0.0008 0.0003 0.0000 0.0001 0.0000 0.0000 0.0000 0.0000 0.0000 -0.0009 0.0000 0.0000 0.0002 -29.9996 -0.0001 -0.0003 29.9996 0.0000 0.0000 0.0000 -2.5664 -3.5455 179.1931 0.0405 -11.1064 0.0788 -12.8479 72.6955 -5.0938 0.0000 25.3510 0.0000 -6.0325 -0.3376 179.8944 -0.0485 -5.9036 -0.0802 -0.1480 69.3025 -1.9676 0.0000 25.0291 -0.0001 
2.4532 91.9698 -12.6387 2.0418 -0.5098 -1.3021 1.1545 -0.6159 0.1125 1.1547 -0.6159 0.1125 1.1580 -0.6177 0.1128 101.6399 90.0000 0.0000 83.6906 83.7539 81.6996 6.0625 -0.0435 4.9991 -0.0193 0.4351 -0.3423 0.0000 0.0000 0.0001 0.0000 0.0000 0.0000 0.0000 -0.0013 -0.0008 0.0000 -0.0004 0.0001 0.0000 0.0000 0.0000 0.0000 0.0000 0.0000 0.0000 0.0002 0.0000 0.0000 -0.0006 0.0003 0.0000 0.0004 -0.0006 0.0000 0.0000 0.0001 0.0000 0.0000 0.0000 0.0000 -0.0010 -0.0002 0.0000 0.0002 30.0001 -0.0001 0.0005 -29.9998 0.0000 0.0000 0.0000 -2.4945 2.4973 -0.2776 -2.4945 2.4973 -0.2776 246.4853 90.0000 0.0000 -79.4650 80.6864 -76.2244 0.3636 0.7516 -6.1016 0.0207 0.3321 0.4248 0.0000 -0.0001 0.0001 0.0000 0.0000 0.0000 0.0000 -0.0006 0.0003 0.0000 -0.0001 0.0001 0.0000 0.0000 0.0000 0.0000 0.0000 0.0000 0.0000 0.0007 0.0001 0.0000 -0.0012 0.0001 0.0000 -0.0008 0.0003 0.0000 0.0001 0.0000 0.0000 0.0000 0.0000 0.0000 -0.0009 0.0000 0.0000 0.0002 -29.9996 -0.0001 -0.0003 29.9996 0.0000 0.0000 0.0000 -2.5448 -3.6490 179.1576 0.0353 -11.3391 0.0793 -12.8782 72.7860 -5.1365 0.0000 25.3510 0.0000 -6.0638 -0.3962 179.8528 -0.0508 -6.0406 -0.0800 -0.0830 69.3663 -1.8516 0.0000 25.0292 -0.0001 
2.5555 91.9542 -12.6714 2.0357 -0.5436 -1.3292 1.1678 -0.5759 0.0982 1.1680 -0.5759 0.0982 1.1713 -0.5776 0.0984 101.6636 90.0000 0.0000 83.9054 83.7214 81.9447 6.0600 -0.0654 5.0845 -0.0195 0.4351 -0.3451 0.0000 0.0000 0.0001 0.0000 0.0000 0.0000 0.0000 -0.0013 -0.0008 0.0000 -0.0004 0.0001 0.0000 0.0000 0.0000 0.0000 0.0000 0.0000 0.0000 0.0002 0.0000 0.0000 -0.0006 0.0003 0.0000 0.0004 -0.0006 0.0000 0.0000 0.0001 0.0000 0.0000 0.0000 0.0000 -0.0010 -0.0002 0.0000 0.0003 30.0001 -0.0001 0.0005 -29.9998 0.0000 0.0000 0.0000 -2.5370 2.4308 -0.2651 -2.5370 2.4308 -0.2651 246.5088 90.0000 0.0000 -79.6178 80.6030 -76.3446 0.3684 0.7896 -6.1309 0.0209 0.3316 0.4252 0.0000 -0.0001 0.0001 0.0000 0.0000 0.0000 0.0000 -0.0006 0.0003 0.0000 -0.0001 0.0001 0.0000 0.0000 0.0000 0.0000 0.0000 0.0000 0.0000 0.0007 0.0001 0.0000 -0.0012 0.0001 0.0000 -0.0008 0.0003 0.0000 0.0001 0.0000 0.0000 0.0000 0.0000 0.0000 -0.0008 0.0000 0.0000 0.0002 -29.9996 -0.0001 -0.0003 29.9996 0.0000 0.0000 0.0000 -2.5215 -3.7591 179.1191 0.0300 -11.5845 0.0797 -12.8988 72.8848 -5.1730 0.0000 25.3510 0.0000 -6.0981 -0.4644 179.8078 -0.0536 -6.1970 -0.0798 -0.0129 69.4404 -1.7295 0.0000 25.0294 -0.0001 
2.6666 91.9378 -12.7111 2.0371 -0.5776 -1.3577 1.1795 -0.5353 0.0829 1.1797 -0.5353 0.0829 1.1831 -0.5368 0.0832 101.6927 90.0000 0.0000 83.9457 83.7027 82.0123 6.0499 -0.0765 5.1641 -0.0198 0.4352 -0.3478 0.0000 0.0000 0.0001 0.0000 0.0000 0.0000 0.0000 -0.0013 -0.0008 0.0000 -0.0004 0.0001 0.0000 0.0000 0.0000 0.0000 0.0000 0.0000 0.0000 0.0002 0.0000 0.0000 -0.0006 0.0003 0.0000 0.0004 -0.0006 0.0000 0.0000 0.0001 0.0000 0.0000 0.0000 0.0000 -0.0010 -0.0002 0.0000 0.0003 30.0001 -0.0001 0.0005 -29.9998 0.0000 0.0000 0.0000 -2.5839 2.3657 -0.2556 -2.5839 2.3657 -0.2556 246.5349 90.0000 0.0000 -79.7717 80.5132 -76.4666 0.3983 0.8300 -6.1544 0.0211 0.3306 0.4250 0.0000 -0.0001 0.0001 0.0000 0.0000 0.0000 0.0000 -0.0006 0.0003 0.0000 -0.0001 0.0001 0.0000 0.0000 0.0000 0.0000 0.0000 0.0000 0.0000 0.0007 0.0001 0.0000 -0.0012 0.0001 0.0000 -0.0008 0.0003 0.0000 0.0001 0.0000 0.0000 0.0000 0.0000 0.0000 -0.0009 0.0000 0.0000 0.0002 -29.9996 -0.0001 -0.0003 29.9996 0.0000 0.0000 0.0000 -2.4957 -3.8837 179.0760 0.0221 -11.8499 0.0805 -12.8940 72.9955 -5.1930 0.0000 25.3510 0.0000 -6.1408 -0.5500 179.7589 -0.0572 -6.3818 -0.0795 0.0587 69.5310 -1.6037 0.0000 25.0296 -0.0001 
2.7828 91.9173 -12.7575 2.0432 -0.6075 -1.3875 1.1888 -0.4954 0.0661 1.1890 -0.4954 0.0661 1.1924 -0.4969 0.0663 101.7301 90.0000 0.0000 83.8616 83.6899 81.9518 6.0252 -0.0742 5.2362 -0.0201 0.4356 -0.3506 0.0000 0.0000 0.0001 0.0000 0.0000 0.0000 0.0000 -0.0013 -0.0008 0.0000 -0.0004 0.0001 0.0000 0.0000 0.0000 0.0000 0.0000 0.0000 0.0000 0.0002 0.0000 0.0000 -0.0006 0.0003 0.0000 0.0004 -0.0006 0.0000 0.0000 0.0001 0.0000 0.0000 0.0000 0.0000 -0.0010 -0.0002 0.0000 0.0002 30.0001 -0.0001 0.0005 -29.9998 0.0000 0.0000 0.0000 -2.6318 2.3037 -0.2460 -2.6318 2.3037 -0.2460 246.5669 90.0000 0.0000 -79.9083 80.4264 -76.5728 0.4401 0.8740 -6.1722 0.0213 0.3301 0.4254 0.0000 -0.0001 0.0001 0.0000 0.0000 0.0000 0.0000 -0.0006 0.0003 0.0000 -0.0001 0.0001 0.0000 0.0000 0.0000 0.0000 0.0000 0.0000 0.0000 0.0007 0.0001 0.0000 -0.0012 0.0001 0.0000 -0.0008 0.0003 0.0000 0.0001 0.0000 0.0000 0.0000 0.0000 0.0000 -0.0009 0.0000 0.0000 0.0002 -29.9996 -0.0001 -0.0003 29.9996 0.0000 0.0000 0.0000 -2.4645 -4.0336 179.0308 0.0118 -12.1482 0.0815 -12.8807 73.1228 -5.2151 0.0000 25.3510 0.0000 -6.1915 -0.6592 179.7086 -0.0614 -6.5983 -0.0792 0.1233 69.6374 -1.4813 0.0000 25.0298 -0.0001 
2.9026 91.8931 -12.8091 2.0530 -0.6322 -1.4184 1.1959 -0.4569 0.0475 1.1960 -0.4569 0.0475 1.1995 -0.4582 0.0477 101.7753 90.0000 0.0000 83.6843 83.6780 81.7949 5.9864 -0.0613 5.2997 -0.0204 0.4367 -0.3537 0.0000 0.0000 0.0001 0.0000 0.0000 0.0000 0.0000 -0.0013 -0.0008 0.0000 -0.0004 0.0001 0.0000 0.0000 0.0000 0.0000 0.0000 0.0000 0.0000 0.0002 0.0000 0.0000 -0.0006 0.0003 0.0000 0.0004 -0.0006 0.0000 0.0000 0.0001 0.0000 0.0000 0.0000 0.0000 -0.0010 -0.0002 0.0000 0.0002 30.0001 -0.0001 0.0005 -29.9998 0.0000 0.0000 0.0000 -2.6794 2.2456 -0.2338 -2.6794 2.2456 -0.2338 246.6036 90.0000 0.0000 -80.0338 80.3449 -76.6695 0.4929 0.9237 -6.1862 0.0214 0.3291 0.4253 0.0000 -0.0001 0.0001 0.0000 0.0000 0.0000 0.0000 -0.0006 0.0003 0.0000 -0.0001 0.0001 0.0000 0.0000 0.0000 0.0000 0.0000 0.0000 0.0000 0.0007 0.0001 0.0000 -0.0012 0.0001 0.0000 -0.0008 0.0003 0.0000 0.0001 0.0000 0.0000 0.0000 0.0000 0.0000 -0.0009 0.0000 0.0000 0.0002 -29.9997 -0.0001 -0.0003 29.9996 0.0000 0.0000 0.0000 -2.4317 -4.2139 178.9847 -0.0001 -12.4904 0.0828 -12.8827 73.2731 -5.2588 0.0000 25.3510 0.0000 -6.2486 -0.8026 179.6580 -0.0664 -6.8671 -0.0788 0.1835 69.7668 -1.3604 0.0000 25.0301 -0.0001 
3.0307 91.8635 -12.8668 2.0659 -0.6470 -1.4542 1.2016 -0.4210 0.0265 1.2017 -0.4210 0.0265 1.2052 -0.4222 0.0266 101.8249 90.0000 0.0000 83.4103 83.6535 81.5314 5.9246 -0.0443 5.3519 -0.0207 0.4381 -0.3564 0.0000 0.0000 0.0001 0.0000 0.0000 0.0000 0.0000 -0.0013 -0.0008 0.0000 -0.0004 0.0001 0.0000 0.0000 0.0000 0.0000 0.0000 0.0000 0.0000 0.0002 0.0000 0.0000 -0.0006 0.0003 0.0000 0.0004 -0.0006 0.0000 0.0000 0.0001 0.0000 0.0000 0.0000 0.0000 -0.0010 -0.0002 0.0000 0.0002 30.0001 -0.0001 0.0005 -29.9998 0.0000 0.0000 0.0000 -2.7313 2.1930 -0.2163 -2.7313 2.1930 -0.2163 246.6403 90.0000 0.0000 -80.1544 80.2762 -76.7591 0.5572 0.9802 -6.1997 0.0216 0.3275 0.4251 0.0000 -0.0001 0.0001 0.0000 0.0000 0.0000 0.0000 -0.0006 0.0003 0.0000 -0.0001 0.0001 0.0000 0.0000 0.0000 0.0000 0.0000 0.0000 0.0000 0.0007 0.0001 0.0000 -0.0012 0.0001 0.0000 -0.0008 0.0003 0.0000 0.0001 0.0000 0.0000 0.0000 0.0000 0.0000 -0.0009 0.0000 0.0000 0.0002 -29.9996 -0.0001 -0.0003 29.9996 0.0000 0.0000 0.0000 -2.3894 -4.4410 178.9400 -0.0158 -12.9011 0.0845 -12.9252 73.4640 -5.3605 0.0000 25.3510 0.0000 -6.3126 -1.0122 179.6073 -0.0725 -7.2397 -0.0781 0.2439 69.9382 -1.2330 0.0000 25.0304 -0.0001 
3.1711 91.8298 -12.9256 2.0791 -0.6526 -1.4967 1.2054 -0.3885 0.0046 1.2055 -0.3885 0.0046 1.2090 -0.3896 0.0046 101.8774 90.0000 0.0000 83.0692 83.6153 81.1965 5.8446 -0.0314 5.3948 -0.0210 0.4395 -0.3585 0.0000 0.0000 0.0001 0.0000 0.0000 0.0000 0.0000 -0.0013 -0.0008 0.0000 -0.0004 0.0001 0.0000 0.0000 0.0000 0.0000 0.0000 0.0000 0.0000 0.0002 0.0000 0.0000 -0.0006 0.0003 0.0000 0.0004 -0.0006 0.0000 0.0000 0.0001 0.0000 0.0000 0.0000 0.0000 -0.0010 -0.0002 0.0000 0.0002 30.0001 -0.0001 0.0005 -29.9998 0.0000 0.0000 0.0000 -2.7857 2.1450 -0.1931 -2.7857 2.1450 -0.1931 246.6792 90.0000 0.0000 -80.2858 80.2215 -76.8557 0.6306 1.0417 -6.2162 0.0217 0.3253 0.4245 0.0000 -0.0001 0.0001 0.0000 0.0000 0.0000 0.0000 -0.0006 0.0003 0.0000 -0.0001 0.0001 0.0000 0.0000 0.0000 0.0000 0.0000 0.0000 0.0000 0.0007 0.0001 0.0000 -0.0012 0.0001 0.0000 -0.0008 0.0003 0.0000 0.0001 0.0000 0.0000 0.0000 0.0000 0.0000 -0.0008 0.0000 0.0000 0.0002 -29.9996 -0.0001 -0.0003 29.9996 0.0000 0.0000 0.0000 -2.3209 -4.6987 178.8969 -0.0368 -13.3571 0.0871 -13.0014 73.6897 -5.5333 0.0000 25.3510 0.0000 -6.3797 -1.2795 179.5553 -0.0801 -7.7051 -0.0773 0.3196 70.1439 -1.0832 0.0000 25.0306 -0.0001 
3.3265 91.7931 -12.9798 2.0927 -0.6510 -1.5446 1.2063 -0.3587 -0.0185 1.2064 -0.3587 -0.0185 1.2099 -0.3598 -0.0185 101.9369 90.0000 0.0000 82.6694 83.5709 80.7982 5.7526 -0.0223 5.4318 -0.0213 0.4417 -0.3606 0.0000 0.0000 0.0001 0.0000 0.0000 0.0000 0.0000 -0.0013 -0.0008 0.0000 -0.0004 0.0001 0.0000 0.0000 0.0000 0.0000 0.0000 0.0000 0.0000 0.0002 0.0000 0.0000 -0.0006 0.0003 0.0000 0.0004 -0.0006 0.0000 0.0000 0.0001 0.0000 0.0000 0.0000 0.0000 -0.0010 -0.0002 0.0000 0.0002 30.0001 -0.0001 0.0005 -29.9998 0.0000 0.0000 0.0000 -2.8412 2.1003 -0.1643 -2.8412 2.1003 -0.1643 246.7239 90.0000 0.0000 -80.4158 80.1764 -76.9488 0.7129 1.1107 -6.2338 0.0219 0.3230 0.4240 0.0000 -0.0001 0.0001 0.0000 0.0000 0.0000 0.0000 -0.0006 0.0003 0.0000 -0.0001 0.0001 0.0000 0.0000 0.0000 0.0000 0.0000 0.0000 0.0000 0.0007 0.0001 0.0000 -0.0012 0.0001 0.0000 -0.0008 0.0003 0.0000 0.0001 0.0000 0.0000 0.0000 0.0000 0.0000 -0.0009 0.0000 0.0000 0.0002 -29.9996 -0.0001 -0.0003 29.9996 0.0000 0.0000 0.0000 -2.2256 -4.9766 178.8526 -0.0635 -13.8504 0.0905 -13.1076 73.9493 -5.7762 0.0000 25.3510 0.0000 -6.4488 -1.5844 179.4984 -0.0898 -8.2345 -0.0763 0.4132 70.3722 -0.9106 0.0000 25.0309 -0.0001 
3.4960 91.7530 -13.0263 2.1060 -0.6389 -1.5986 1.2014 -0.3329 -0.0439 1.2015 -0.3329 -0.0439 1.2050 -0.3338 -0.0441 102.0121 90.0000 0.0000 82.1931 83.5350 80.3104 5.6488 -0.0154 5.4646 -0.0215 0.4443 -0.3624 0.0000 0.0000 0.0001 0.0000 0.0000 0.0000 0.0000 -0.0013 -0.0008 0.0000 -0.0004 0.0001 0.0000 0.0000 0.0000 0.0000 0.0000 0.0000 0.0000 0.0002 0.0000 0.0000 -0.0006 0.0003 0.0000 0.0004 -0.0006 0.0000 0.0000 0.0001 0.0000 0.0000 0.0000 0.0000 -0.0010 -0.0002 0.0000 0.0002 30.0001 -0.0001 0.0005 -29.9998 0.0000 0.0000 0.0000 -2.8974 2.0578 -0.1266 -2.8974 2.0578 -0.1266 246.7842 90.0000 0.0000 -80.5286 80.1439 -77.0211 0.8123 1.1941 -6.2554 0.0221 0.3204 0.4236 0.0000 -0.0001 0.0001 0.0000 0.0000 0.0000 0.0000 -0.0006 0.0003 0.0000 -0.0001 0.0001 0.0000 0.0000 0.0000 0.0000 0.0000 0.0000 0.0000 0.0007 0.0001 0.0000 -0.0012 0.0001 0.0000 -0.0008 0.0003 0.0000 0.0001 0.0000 0.0000 0.0000 0.0000 0.0000 -0.0009 0.0000 0.0000 0.0002 -29.9996 -0.0001 -0.0003 29.9996 0.0000 0.0000 0.0000 -2.1091 -5.2597 178.8096 -0.0952 -14.3504 0.0947 -13.2962 74.2306 -6.1444 0.0000 25.3510 0.0000 -6.5269 -1.8914 179.4382 -0.1000 -8.7539 -0.0751 0.5027 70.5900 -0.7312 0.0000 25.0313 -0.0001 
3.6368 91.7232 -13.0633 2.1159 -0.6159 -1.6622 1.1929 -0.3117 -0.0706 1.1930 -0.3117 -0.0706 1.1965 -0.3126 -0.0708 102.1005 90.0000 0.0000 81.6689 83.5243 79.7578 5.5386 -0.0070 5.5003 -0.0218 0.4464 -0.3635 0.0000 0.0000 0.0001 0.0000 0.0000 0.0000 0.0000 -0.0013 -0.0008 0.0000 -0.0004 0.0001 0.0000 0.0000 0.0000 0.0000 0.0000 0.0000 0.0000 0.0002 0.0000 0.0000 -0.0006 0.0003 0.0000 0.0004 -0.0006 0.0000 0.0000 0.0001 0.0000 0.0000 0.0000 0.0000 -0.0010 -0.0002 0.0000 0.0002 30.0001 -0.0001 0.0005 -29.9998 0.0000 0.0000 0.0000 -2.9582 2.0150 -0.0815 -2.9582 2.0150 -0.0815 246.8590 90.0000 0.0000 -80.6344 80.1272 -77.0833 0.9259 1.2841 -6.2822 0.0223 0.3172 0.4228 0.0000 -0.0001 0.0001 0.0000 0.0000 0.0000 0.0000 -0.0006 0.0003 0.0000 -0.0001 0.0001 0.0000 0.0000 0.0000 0.0000 0.0000 0.0000 0.0000 0.0007 0.0001 0.0000 -0.0012 0.0001 0.0000 -0.0008 0.0003 0.0000 0.0001 0.0000 0.0000 0.0000 0.0000 0.0000 -0.0009 0.0000 0.0000 0.0002 -29.9996 -0.0001 -0.0003 29.9996 0.0000 0.0000 0.0000 -1.9824 -5.5185 178.7997 -0.1230 -14.7978 0.0987 -13.6569 74.4967 -6.7111 0.0000 25.3510 0.0000 -6.6210 -2.1712 179.4010 -0.1066 -9.2154 -0.0741 0.5132 70.7936 -0.6161 0.0000 25.0317 -0.0001 
3.7464 91.7035 -13.0960 2.1246 -0.5825 -1.7353 1.1808 -0.2945 -0.0988 1.1809 -0.2945 -0.0988 1.1843 -0.2954 -0.0991 102.2021 90.0000 0.0000 81.0835 83.5356 79.1317 5.4234 0.0054 5.5376 -0.0221 0.4489 -0.3647 0.0000 0.0000 0.0001 0.0000 0.0000 0.0000 0.0000 -0.0013 -0.0008 0.0000 -0.0004 0.0001 0.0000 0.0000 0.0000 0.0000 0.0000 0.0000 0.0000 0.0002 0.0000 0.0000 -0.0006 0.0003 0.0000 0.0004 -0.0006 0.0000 0.0000 0.0001 0.0000 0.0000 0.0000 0.0000 -0.0010 -0.0002 0.0000 0.0003 30.0001 -0.0001 0.0005 -29.9998 0.0000 0.0000 0.0000 -3.0227 1.9704 -0.0275 -3.0227 1.9704 -0.0275 246.9471 90.0000 0.0000 -80.7424 80.1286 -77.1453 1.0476 1.3755 -6.3123 0.0225 0.3138 0.4221 0.0000 -0.0001 0.0001 0.0000 0.0000 0.0000 0.0000 -0.0006 0.0003 0.0000 -0.0001 0.0001 0.0000 0.0000 0.0000 0.0000 0.0000 0.0000 0.0000 0.0007 0.0001 0.0000 -0.0011 0.0001 0.0000 -0.0008 0.0003 0.0000 0.0001 0.0000 0.0000 0.0000 0.0000 0.0000 -0.0009 0.0000 0.0000 0.0002 -29.9996 -0.0001 -0.0003 29.9996 0.0000 0.0000 0.0000 -1.8473 -5.7478 178.8240 -0.1455 -15.1748 0.1021 -14.1607 74.7313 -7.4456 0.0000 25.3510 0.0000 -6.7382 -2.4164 179.3686 -0.1114 -9.6076 -0.0734 0.5213 70.9913 -0.4750 0.0000 25.0320 -0.0001 
3.8117 91.6984 -13.1181 2.1391 -0.5355 -1.8167 1.1617 -0.2816 -0.1331 1.1619 -0.2816 -0.1331 1.1652 -0.2824 -0.1335 102.3247 90.0000 0.0000 80.4200 83.5731 78.4126 5.2981 0.0253 5.5759 -0.0224 0.4515 -0.3658 0.0000 0.0000 0.0001 0.0000 0.0000 0.0000 0.0000 -0.0013 -0.0008 0.0000 -0.0004 0.0001 0.0000 0.0000 0.0000 0.0000 0.0000 0.0000 0.0000 0.0002 0.0000 0.0000 -0.0006 0.0003 0.0000 0.0004 -0.0006 0.0000 0.0000 0.0001 0.0000 0.0000 0.0000 0.0000 -0.0010 -0.0002 0.0000 0.0003 30.0001 -0.0001 0.0005 -29.9998 0.0000 0.0000 0.0000 -3.0941 1.9191 0.0421 -3.0941 1.9191 0.0421 247.0592 90.0000 0.0000 -80.8378 80.1565 -77.1923 1.1726 1.4687 -6.3438 0.0226 0.3095 0.4206 0.0000 -0.0001 0.0001 0.0000 0.0000 0.0000 0.0000 -0.0006 0.0003 0.0000 -0.0001 0.0001 0.0000 0.0000 0.0000 0.0000 0.0000 0.0000 0.0000 0.0007 0.0001 0.0000 -0.0012 0.0001 0.0000 -0.0008 0.0003 0.0000 0.0001 0.0000 0.0000 0.0000 0.0000 0.0000 -0.0009 0.0000 0.0000 0.0002 -29.9996 -0.0001 -0.0003 29.9996 0.0000 0.0000 0.0000 -1.6950 -5.9510 178.8911 -0.1593 -15.4897 0.1043 -14.8248 74.9360 -8.3807 0.0000 25.3510 0.0000 -6.9062 -2.6586 179.3212 -0.1163 -10.0127 -0.0726 0.6219 71.2558 -0.1852 0.0000 25.3508 -0.0001 
3.8719 91.6917 -13.1354 2.1591 -0.4763 -1.8981 1.1387 -0.2712 -0.1760 1.1388 -0.2712 -0.1760 1.1421 -0.2719 -0.1765 102.4617 90.0000 0.0000 79.7237 83.6136 77.6556 5.1602 0.0503 5.6136 -0.0228 0.4548 -0.3670 0.0000 0.0000 0.0001 0.0000 0.0000 0.0000 0.0000 -0.0013 -0.0008 0.0000 -0.0004 0.0001 0.0000 0.0000 0.0000 0.0000 0.0000 0.0000 0.0000 0.0002 0.0000 0.0000 -0.0006 0.0003 0.0000 0.0004 -0.0006 0.0000 0.0000 0.0001 0.0000 0.0000 0.0000 0.0000 -0.0010 -0.0002 0.0000 0.0002 30.0001 -0.0001 0.0005 -29.9998 0.0000 0.0000 0.0000 -3.1741 1.8586 0.1251 -3.1741 1.8586 0.1251 247.1921 90.0000 0.0000 -80.9126 80.2067 -77.2169 1.2905 1.5627 -6.3748 0.0227 0.3044 0.4187 0.0000 -0.0001 0.0001 0.0000 0.0000 0.0000 0.0000 -0.0006 0.0003 0.0000 -0.0001 0.0001 0.0000 0.0000 0.0000 0.0000 0.0000 0.0000 0.0000 0.0007 0.0001 0.0000 -0.0012 0.0001 0.0000 -0.0008 0.0003 0.0000 0.0001 0.0000 0.0000 0.0000 0.0000 0.0000 -0.0009 0.0000 0.0000 0.0002 -29.9996 -0.0001 -0.0003 29.9996 0.0000 0.0000 0.0000 -1.5429 -6.1586 178.9630 -0.1719 -15.7948 0.1065 -15.5324 75.1332 -9.3656 0.0000 25.3510 0.0000 -7.1051 -2.9517 179.2157 -0.1279 -10.5111 -0.0710 1.0443 71.5911 0.4662 0.0000 25.3508 -0.0001 
3.9262 91.6836 -13.1514 2.1815 -0.4075 -1.9805 1.1142 -0.2606 -0.2265 1.1143 -0.2606 -0.2265 1.1176 -0.2613 -0.2271 102.6063 90.0000 0.0000 78.9942 83.6440 76.8612 5.0140 0.0777 5.6485 -0.0232 0.4580 -0.3679 0.0000 0.0000 0.0001 0.0000 0.0000 0.0000 0.0000 -0.0013 -0.0008 0.0000 -0.0004 0.0001 0.0000 0.0000 0.0000 0.0000 0.0000 0.0000 0.0000 0.0002 0.0000 0.0000 -0.0006 0.0003 0.0000 0.0004 -0.0006 0.0000 0.0000 0.0001 0.0000 0.0000 0.0000 0.0000 -0.0010 -0.0002 0.0000 0.0002 30.0001 -0.0001 0.0005 -29.9998 0.0000 0.0000 0.0000 -3.2631 1.7865 0.2195 -3.2631 1.7865 0.2195 247.3377 90.0000 0.0000 -81.0048 80.2740 -77.2610 1.3941 1.6507 -6.4048 0.0228 0.2991 0.4169 0.0000 -0.0001 0.0001 0.0000 0.0000 0.0000 0.0000 -0.0006 0.0003 0.0000 -0.0001 0.0001 0.0000 0.0000 0.0000 0.0000 0.0000 0.0000 0.0000 0.0007 0.0001 0.0000 -0.0012 0.0001 0.0000 -0.0008 0.0003 0.0000 0.0001 0.0000 0.0000 0.0000 0.0000 0.0000 -0.0009 0.0000 0.0000 0.0002 -29.9996 -0.0001 -0.0003 29.9996 0.0000 0.0000 0.0000 -1.3839 -6.3735 179.0393 -0.1840 -16.0955 0.1087 -16.2585 75.3248 -10.3748 0.0000 25.3510 0.0000 -7.3101 -3.3311 179.0767 -0.1439 -11.1473 -0.0687 1.8063 71.9835 1.4666 0.0000 25.3508 -0.0001 
3.9616 91.6751 -13.1667 2.2055 -0.3341 -2.0561 1.0902 -0.2417 -0.2908 1.0903 -0.2417 -0.2908 1.0934 -0.2424 -0.2917 102.7561 90.0000 0.0000 78.2185 83.6483 76.0203 4.8662 0.1033 5.6781 -0.0236 0.4624 -0.3692 0.0000 0.0000 0.0001 0.0000 0.0000 0.0000 0.0000 -0.0013 -0.0008 0.0000 -0.0004 0.0001 0.0000 0.0000 0.0000 0.0000 0.0000 0.0000 0.0000 0.0002 0.0000 0.0000 -0.0006 0.0003 0.0000 0.0004 -0.0006 0.0000 0.0000 0.0001 0.0000 0.0000 0.0000 0.0000 -0.0010 -0.0002 0.0000 0.0002 30.0001 -0.0001 0.0005 -29.9998 0.0000 0.0000 0.0000 -3.3665 1.6886 0.3302 -3.3665 1.6886 0.3302 247.4969 90.0000 0.0000 -81.1462 80.3424 -77.3590 1.4783 1.7267 -6.4300 0.0228 0.2938 0.4155 0.0000 -0.0001 0.0001 0.0000 0.0000 0.0000 0.0000 -0.0006 0.0003 0.0000 -0.0001 0.0001 0.0000 0.0000 0.0000 0.0000 0.0000 0.0000 0.0000 0.0007 0.0001 0.0000 -0.0012 0.0001 0.0000 -0.0008 0.0003 0.0000 0.0001 0.0000 0.0000 0.0000 0.0000 0.0000 -0.0009 0.0000 0.0000 0.0002 -29.9996 -0.0001 -0.0002 29.9995 0.0000 0.0000 0.0000 -1.2184 -6.5859 179.1202 -0.1953 -16.3791 0.1108 -16.9862 75.4976 -11.3889 0.0000 25.3510 0.0000 -7.4842 -3.8416 178.8897 -0.1643 -11.9796 -0.0655 3.1058 72.4143 2.9655 0.0000 25.3508 -0.0001 
3.9728 91.6670 -13.1889 2.2252 -0.2679 -2.1126 1.0677 -0.2082 -0.3705 1.0678 -0.2081 -0.3705 1.0709 -0.2087 -0.3716 102.9039 90.0000 0.0000 77.3310 83.6264 75.0757 4.7278 0.1234 5.7052 -0.0241 0.4674 -0.3708 0.0000 0.0000 0.0001 0.0000 0.0000 0.0000 0.0000 -0.0013 -0.0008 0.0000 -0.0004 0.0001 0.0000 0.0000 0.0000 0.0000 0.0000 0.0000 0.0000 0.0002 0.0000 0.0000 -0.0006 0.0003 0.0000 0.0004 -0.0006 0.0000 0.0000 0.0001 0.0000 0.0000 0.0000 0.0000 -0.0010 -0.0002 0.0000 0.0002 30.0001 -0.0001 0.0005 -29.9998 0.0000 0.0000 0.0000 -3.4793 1.5617 0.4540 -3.4794 1.5617 0.4540 247.6649 90.0000 0.0000 -81.3379 80.3834 -77.5142 1.5591 1.8017 -6.4490 0.0227 0.2883 0.4142 0.0000 -0.0001 0.0001 0.0000 0.0000 0.0000 0.0000 -0.0006 0.0003 0.0000 -0.0001 0.0001 0.0000 0.0000 0.0000 0.0000 0.0000 0.0000 0.0000 0.0007 0.0001 0.0000 -0.0012 0.0001 0.0000 -0.0008 0.0003 0.0000 0.0001 0.0000 0.0000 0.0000 0.0000 0.0000 -0.0009 0.0000 0.0000 0.0002 -29.9996 -0.0001 -0.0003 29.9996 0.0000 0.0000 0.0000 -1.0504 -6.7877 179.1963 -0.2055 -16.6426 0.1127 -17.7123 75.6408 -12.3951 0.0000 25.3510 0.0000 -7.5985 -4.4467 178.6654 -0.1861 -12.9680 -0.0616 4.7974 72.8428 4.7581 0.0000 25.3508 -0.0001 
3.9583 91.6581 -13.2201 2.2383 -0.2109 -2.1577 1.0464 -0.1595 -0.4619 1.0465 -0.1595 -0.4620 1.0496 -0.1600 -0.4633 103.0470 90.0000 0.0000 76.2797 83.5827 73.9855 4.5998 0.1407 5.7306 -0.0245 0.4735 -0.3731 0.0000 0.0000 0.0001 0.0000 0.0000 0.0000 0.0000 -0.0013 -0.0008 0.0000 -0.0004 0.0001 0.0000 0.0000 0.0000 0.0000 0.0000 0.0000 0.0000 0.0002 0.0000 0.0000 -0.0006 0.0003 0.0000 0.0004 -0.0006 0.0000 0.0000 0.0001 0.0000 0.0000 0.0000 0.0000 -0.0010 -0.0002 0.0000 0.0002 30.0001 -0.0001 0.0005 -29.9998 0.0000 0.0000 0.0000 -3.5981 1.4067 0.5897 -3.5981 1.4067 0.5897 247.8434 90.0000 0.0000 -81.5689 80.3907 -77.7150 1.6326 1.8645 -6.4625 0.0227 0.2829 0.4132 0.0000 -0.0001 0.0001 0.0000 0.0000 0.0000 0.0000 -0.0006 0.0003 0.0000 -0.0001 0.0001 0.0000 0.0000 0.0000 0.0000 0.0000 0.0000 0.0000 0.0007 0.0001 0.0000 -0.0011 0.0001 0.0000 -0.0008 0.0003 0.0000 0.0001 0.0000 0.0000 0.0000 0.0000 0.0000 -0.0009 0.0000 0.0000 0.0002 -29.9996 -0.0001 -0.0003 29.9996 0.0000 0.0000 0.0000 -0.8914 -6.9818 179.2767 -0.2135 -16.8935 0.1144 -18.4817 75.7598 -13.4247 0.0000 25.3510 0.0000 -7.6455 -5.1100 178.4165 -0.2095 -14.0763 -0.0569 6.7646 73.2803 6.6652 0.0000 25.3508 -0.0001 
3.9130 91.6460 -13.2619 2.2465 -0.1773 -2.1830 1.0260 -0.0798 -0.5759 1.0262 -0.0797 -0.5760 1.0291 -0.0799 -0.5776 103.2078 90.0000 0.0000 75.0148 83.5117 72.6931 4.4838 0.1575 5.7493 -0.0251 0.4812 -0.3769 0.0000 0.0000 0.0001 0.0000 0.0000 0.0000 0.0000 -0.0013 -0.0008 0.0000 -0.0004 0.0001 0.0000 0.0000 0.0000 0.0000 0.0000 0.0000 0.0000 0.0002 0.0000 0.0000 -0.0006 0.0003 0.0000 0.0004 -0.0006 0.0000 0.0000 0.0001 0.0000 0.0000 0.0000 0.0000 -0.0010 -0.0002 0.0000 0.0002 30.0001 -0.0001 0.0005 -29.9998 0.0000 0.0000 0.0000 -3.7239 1.2019 0.7498 -3.7239 1.2019 0.7498 248.0390 90.0000 0.0000 -81.9427 80.3453 -78.0760 1.7092 1.9202 -6.4688 0.0225 0.2772 0.4133 0.0000 -0.0001 0.0001 0.0000 0.0000 0.0000 0.0000 -0.0006 0.0003 0.0000 -0.0001 0.0001 0.0000 0.0000 0.0000 0.0000 0.0000 0.0000 0.0000 0.0007 0.0001 0.0000 -0.0011 0.0001 0.0000 -0.0008 0.0003 0.0000 0.0001 0.0000 0.0000 0.0000 0.0000 0.0000 -0.0009 0.0000 0.0000 0.0002 -29.9996 -0.0001 -0.0003 29.9996 0.0000 0.0000 0.0000 -0.7396 -7.1599 179.3562 -0.2190 -17.1405 0.1156 -19.2811 75.8570 -14.4655 0.0000 25.3510 0.0000 -7.1549 -5.7809 178.1445 -0.2271 -15.2911 -0.0523 9.5074 73.7588 8.6720 0.0000 25.3508 -0.0001 
3.8565 91.6315 -13.2984 2.2636 -0.1714 -2.1932 1.0033 0.0217 -0.7045 1.0034 0.0218 -0.7045 1.0063 0.0219 -0.7066 103.3800 90.0000 0.0000 73.6511 83.4209 71.3240 4.3702 0.1775 5.7570 -0.0256 0.4894 -0.3813 0.0000 0.0000 0.0001 0.0000 0.0000 0.0000 0.0000 -0.0013 -0.0008 0.0000 -0.0004 0.0001 0.0000 0.0000 0.0000 0.0000 0.0000 0.0000 0.0000 0.0002 0.0000 0.0000 -0.0006 0.0003 0.0000 0.0004 -0.0006 0.0000 0.0000 0.0001 0.0000 0.0000 0.0000 0.0000 -0.0010 -0.0002 0.0000 0.0002 30.0001 -0.0001 0.0005 -29.9998 0.0000 0.0000 0.0000 -3.8564 0.9689 0.9243 -3.8564 0.9689 0.9243 248.2407 90.0000 0.0000 -82.3726 80.2650 -78.4970 1.7949 1.9880 -6.4759 0.0224 0.2713 0.4134 0.0000 -0.0001 0.0001 0.0000 0.0000 0.0000 0.0000 -0.0006 0.0003 0.0000 -0.0001 0.0001 0.0000 0.0000 0.0000 0.0000 0.0000 0.0000 0.0000 0.0007 0.0001 0.0000 -0.0012 0.0001 0.0000 -0.0008 0.0003 0.0000 0.0001 0.0000 0.0000 0.0000 0.0000 0.0000 -0.0009 0.0000 0.0000 0.0002 -29.9996 -0.0001 -0.0003 29.9996 0.0000 0.0000 0.0000 -0.6002 -7.3046 179.4264 -0.2235 -17.3805 0.1168 -20.0307 75.9406 -15.4469 0.0000 25.3510 0.0000 -5.4802 -6.3668 177.8801 -0.2219 -16.5327 -0.0506 14.1873 74.2615 11.1878 0.0000 25.3508 -0.0001 
3.7975 91.6147 -13.3260 2.2959 -0.1874 -2.1985 0.9788 0.1391 -0.8422 0.9789 0.1392 -0.8423 0.9817 0.1396 -0.8448 103.5600 90.0000 0.0000 72.2264 83.3036 69.9144 4.2515 0.1977 5.7528 -0.0262 0.4986 -0.3867 0.0000 0.0000 0.0001 0.0000 0.0000 0.0000 0.0000 -0.0013 -0.0008 0.0000 -0.0004 0.0001 0.0000 0.0000 0.0000 0.0000 0.0000 0.0000 0.0000 0.0002 0.0000 0.0000 -0.0006 0.0003 0.0000 0.0004 -0.0006 0.0000 0.0000 0.0001 0.0000 0.0000 0.0000 0.0000 -0.0010 -0.0002 0.0000 0.0002 30.0001 -0.0001 0.0005 -29.9998 0.0000 0.0000 0.0000 -3.9988 0.7176 1.1105 -3.9988 0.7176 1.1105 248.4366 90.0000 0.0000 -82.8387 80.1700 -78.9505 1.8830 2.0693 -6.4869 0.0224 0.2653 0.4136 0.0000 -0.0001 0.0001 0.0000 0.0000 0.0000 0.0000 -0.0006 0.0003 0.0000 -0.0001 0.0001 0.0000 0.0000 0.0000 0.0000 0.0000 0.0000 0.0000 0.0007 0.0001 0.0000 -0.0012 0.0001 0.0000 -0.0008 0.0003 0.0000 0.0001 0.0000 0.0000 0.0000 0.0000 0.0000 -0.0009 0.0000 0.0000 0.0002 -29.9996 -0.0001 -0.0003 29.9996 0.0000 0.0000 0.0000 -0.4818 -7.4143 179.4911 -0.2280 -17.6024 0.1179 -20.6792 76.0079 -16.3132 0.0000 25.3510 0.0000 -3.9894 -6.9009 177.5854 -0.2112 -17.7648 -0.0498 18.9106 74.7895 13.6464 0.0000 25.3508 -0.0001 
3.7431 91.6006 -13.3350 2.3640 -0.2385 -2.2078 0.9521 0.2760 -0.9865 0.9522 0.2761 -0.9867 0.9549 0.2769 -0.9895 103.7460 90.0000 0.0000 70.8087 83.1491 68.5534 4.1190 0.2097 5.7311 -0.0266 0.5080 -0.3926 0.0000 0.0000 0.0001 0.0000 0.0000 0.0000 0.0000 -0.0013 -0.0008 0.0000 -0.0004 0.0001 0.0000 0.0000 0.0000 0.0000 0.0000 0.0000 0.0000 0.0002 0.0000 0.0000 -0.0006 0.0003 0.0000 0.0004 -0.0006 0.0000 0.0000 0.0001 0.0000 0.0000 0.0000 0.0000 -0.0010 -0.0002 0.0000 0.0002 30.0001 -0.0001 0.0005 -29.9998 0.0000 0.0000 0.0000 -4.1609 0.4531 1.3089 -4.1609 0.4531 1.3089 248.6178 90.0000 0.0000 -83.3201 80.0861 -79.4068 1.9765 2.1858 -6.5066 0.0225 0.2596 0.4148 0.0000 -0.0001 0.0001 0.0000 0.0000 0.0000 0.0000 -0.0006 0.0003 0.0000 -0.0001 0.0001 0.0000 0.0000 0.0000 0.0000 0.0000 0.0000 0.0000 0.0007 0.0001 0.0000 -0.0012 0.0001 0.0000 -0.0008 0.0003 0.0000 0.0001 0.0000 0.0000 0.0000 0.0000 0.0000 -0.0009 0.0000 0.0000 0.0002 -29.9997 -0.0001 -0.0003 29.9996 0.0000 0.0000 0.0000 -0.3888 -7.4647 179.5521 -0.2340 -17.7907 0.1192 -21.0984 76.0568 -16.9418 0.0000 25.3510 0.0000 -2.8538 -7.3367 177.2658 -0.1933 -18.9438 -0.0506 23.4474 75.4114 15.8263 0.0000 25.3508 -0.0001 
3.6825 91.5890 -13.3524 2.4602 -0.3118 -2.2319 0.9289 0.4217 -1.1280 0.9291 0.4218 -1.1282 0.9317 0.4230 -1.1314 103.9388 90.0000 0.0000 69.5726 82.9828 67.3943 3.9789 0.2062 5.6999 -0.0270 0.5176 -0.3990 0.0000 0.0000 0.0001 0.0000 0.0000 0.0000 0.0000 -0.0013 -0.0008 0.0000 -0.0004 0.0001 0.0000 0.0000 0.0000 0.0000 0.0000 0.0000 0.0000 0.0003 0.0000 0.0000 -0.0006 0.0003 0.0000 0.0004 -0.0006 0.0000 0.0000 0.0001 0.0000 0.0000 0.0000 0.0000 -0.0010 -0.0002 0.0000 0.0003 30.0001 -0.0001 0.0005 -29.9998 0.0000 0.0000 0.0000 -4.3463 0.1917 1.5113 -4.3463 0.1917 1.5113 248.7805 90.0000 0.0000 -83.7752 80.0356 -79.8184 2.0918 2.3436 -6.5279 0.0228 0.2536 0.4157 0.0000 -0.0001 0.0001 0.0000 0.0000 0.0000 0.0000 -0.0006 0.0003 0.0000 -0.0001 0.0001 0.0000 0.0000 0.0000 0.0000 0.0000 0.0000 0.0000 0.0007 0.0001 0.0000 -0.0012 0.0001 0.0000 -0.0008 0.0003 0.0000 0.0001 0.0000 0.0000 0.0000 0.0000 0.0000 -0.0009 0.0000 0.0000 0.0002 -29.9996 -0.0001 -0.0003 29.9996 0.0000 0.0000 0.0000 -0.3115 -7.4847 179.6276 -0.2387 -17.9399 0.1203 -21.2775 76.0679 -17.3266 0.0000 25.3510 0.0000 -2.0767 -7.6784 176.9409 -0.1695 -20.0341 -0.0529 27.7512 76.0911 17.8829 0.0000 25.3508 -0.0001 
3.6117 91.5831 -13.3679 2.5709 -0.3982 -2.2680 0.9139 0.5664 -1.2619 0.9141 0.5666 -1.2622 0.9166 0.5682 -1.2657 104.1163 90.0000 0.0000 68.4513 82.8249 66.3751 3.8346 0.1897 5.6603 -0.0273 0.5263 -0.4051 0.0000 0.0000 0.0001 0.0000 0.0000 0.0000 0.0000 -0.0013 -0.0008 0.0000 -0.0004 0.0001 0.0000 0.0000 0.0000 0.0000 0.0000 0.0000 0.0000 0.0003 0.0000 0.0000 -0.0006 0.0003 0.0000 0.0004 -0.0006 0.0000 0.0000 0.0001 0.0000 0.0000 0.0000 0.0000 -0.0010 -0.0002 0.0000 0.0002 30.0001 -0.0001 0.0005 -29.9998 0.0000 0.0000 0.0000 -4.5545 -0.0545 1.7094 -4.5545 -0.0545 1.7094 248.9160 90.0000 0.0000 -84.2003 80.0234 -80.1793 2.2440 2.5442 -6.5539 0.0232 0.2474 0.4160 0.0000 -0.0001 0.0001 0.0000 0.0000 0.0000 0.0000 -0.0006 0.0003 0.0000 -0.0001 0.0001 0.0000 0.0000 0.0000 0.0000 0.0000 0.0000 0.0000 0.0007 0.0001 0.0000 -0.0012 0.0001 0.0000 -0.0008 0.0003 0.0000 0.0001 0.0000 0.0000 0.0000 0.0000 0.0000 -0.0009 0.0000 0.0000 0.0002 -29.9996 -0.0001 -0.0003 29.9996 0.0000 0.0000 0.0000 -0.2460 -7.4902 179.7189 -0.2408 -18.0812 0.1209 -21.2876 76.0621 -17.5321 0.0000 25.3510 0.0000 -1.6005 -7.9181 176.6150 -0.1410 -20.9973 -0.0567 31.9890 76.7684 20.0079 0.0000 25.3508 -0.0001 
3.5244 91.5819 -13.3862 2.6823 -0.4893 -2.3322 0.9175 0.7020 -1.3777 0.9177 0.7022 -1.3781 0.9202 0.7042 -1.3819 104.2663 90.0000 0.0000 67.3589 82.7002 65.4225 3.6846 0.1585 5.6191 -0.0274 0.5336 -0.4110 0.0000 0.0000 0.0001 0.0000 0.0000 0.0000 0.0000 -0.0013 -0.0008 0.0000 -0.0004 0.0001 0.0000 0.0000 0.0000 0.0000 0.0000 0.0000 0.0000 0.0002 0.0000 0.0000 -0.0006 0.0003 0.0000 0.0004 -0.0006 0.0000 0.0000 0.0001 0.0000 0.0000 0.0000 0.0000 -0.0010 -0.0002 0.0000 0.0002 30.0001 -0.0002 0.0005 -29.9998 0.0000 0.0000 0.0000 -4.7936 -0.2730 1.8965 -4.7936 -0.2730 1.8965 249.0197 90.0000 0.0000 -84.5750 80.0678 -80.4556 2.4631 2.7804 -6.5921 0.0237 0.2414 0.4153 0.0000 -0.0001 0.0001 0.0000 0.0000 0.0000 0.0000 -0.0006 0.0003 0.0000 -0.0001 0.0001 0.0000 0.0000 0.0000 0.0000 0.0000 0.0000 0.0000 0.0007 0.0001 0.0000 -0.0012 0.0001 0.0000 -0.0008 0.0003 0.0000 0.0001 0.0000 0.0000 0.0000 0.0000 0.0000 -0.0009 0.0000 0.0000 0.0002 -29.9996 -0.0001 -0.0003 29.9996 0.0000 0.0000 0.0000 -0.1884 -7.4753 179.8450 -0.2378 -18.1802 0.1207 -21.0508 76.0129 -17.4618 0.0000 25.3510 0.0000 -1.4876 -8.0394 176.2788 -0.1145 -21.7497 -0.0608 35.7981 77.4300 22.0557 0.0000 25.3508 -0.0001 
3.4373 91.5854 -13.3928 2.7722 -0.5735 -2.4189 0.9419 0.8238 -1.4768 0.9421 0.8241 -1.4773 0.9446 0.8264 -1.4812 104.3863 90.0000 0.0000 66.1577 82.6314 64.3868 3.5278 0.1276 5.5894 -0.0275 0.5398 -0.4172 0.0000 0.0000 0.0001 0.0000 0.0000 0.0000 0.0000 -0.0013 -0.0008 0.0000 -0.0004 0.0001 0.0000 0.0000 0.0000 0.0000 0.0000 0.0000 0.0000 0.0002 0.0000 0.0000 -0.0006 0.0003 0.0000 0.0004 -0.0006 0.0000 0.0000 0.0001 0.0000 0.0000 0.0000 0.0000 -0.0010 -0.0002 0.0000 0.0002 30.0001 -0.0001 0.0005 -29.9998 0.0000 0.0000 0.0000 -5.0458 -0.4619 2.0741 -5.0458 -0.4619 2.0741 249.1134 90.0000 0.0000 -84.9047 80.1393 -80.6668 2.7645 3.0204 -6.6318 0.0243 0.2360 0.4146 0.0000 -0.0001 0.0001 0.0000 0.0000 0.0000 0.0000 -0.0006 0.0003 0.0000 -0.0001 0.0001 0.0000 0.0000 0.0000 0.0000 0.0000 0.0000 0.0000 0.0007 0.0001 0.0000 -0.0012 0.0001 0.0000 -0.0008 0.0003 0.0000 0.0001 0.0000 0.0000 0.0000 0.0000 0.0000 -0.0009 0.0000 0.0000 0.0002 -29.9996 -0.0001 -0.0003 29.9996 0.0000 0.0000 0.0000 -0.1092 -7.4465 179.9909 -0.2341 -18.2509 0.1202 -20.6480 75.9523 -17.2054 0.0000 25.3510 0.0000 -1.5562 -8.0740 175.9090 -0.0994 -22.2983 -0.0632 39.1502 78.0500 24.0487 0.0000 25.3508 -0.0001 
3.3526 91.5919 -13.3938 2.8317 -0.6464 -2.5257 0.9857 0.9298 -1.5595 0.9860 0.9302 -1.5600 0.9886 0.9327 -1.5641 104.4771 90.0000 0.0000 64.7978 82.6466 63.2017 3.3777 0.0992 5.5844 -0.0276 0.5436 -0.4230 0.0000 0.0000 0.0001 0.0000 0.0000 0.0000 0.0000 -0.0013 -0.0008 0.0000 -0.0004 0.0001 0.0000 0.0000 0.0000 0.0000 0.0000 0.0000 0.0000 0.0002 0.0000 0.0000 -0.0006 0.0003 0.0000 0.0004 -0.0006 0.0000 0.0000 0.0001 0.0000 0.0000 0.0000 0.0000 -0.0010 -0.0002 0.0000 0.0002 30.0001 -0.0001 0.0005 -29.9998 0.0000 0.0000 0.0000 -5.3104 -0.6248 2.2400 -5.3104 -0.6248 2.2400 249.2199 90.0000 0.0000 -85.1719 80.2285 -80.8003 3.1538 3.2509 -6.6699 0.0248 0.2311 0.4131 0.0000 -0.0001 0.0001 0.0000 0.0000 0.0000 0.0000 -0.0006 0.0003 0.0000 -0.0001 0.0001 0.0000 0.0000 0.0000 0.0000 0.0000 0.0000 0.0000 0.0007 0.0001 0.0000 -0.0012 0.0001 0.0000 -0.0008 0.0003 0.0000 0.0001 0.0000 0.0000 0.0000 0.0000 0.0000 -0.0009 0.0000 0.0000 0.0002 -29.9996 -0.0001 -0.0003 29.9996 0.0000 0.0000 0.0000 -0.0034 -7.4119 -179.8472 -0.2303 -18.2927 0.1197 -20.1209 75.8793 -16.8045 0.0000 25.3510 0.0000 -1.7161 -8.0624 175.5026 -0.0936 -22.6821 -0.0640 42.2146 78.5975 26.1111 0.0000 25.3508 -0.0001 
3.2668 91.6027 -13.3848 2.8373 -0.6945 -2.6518 1.0558 1.0083 -1.6214 1.0562 1.0087 -1.6220 1.0589 1.0114 -1.6263 104.5275 90.0000 0.0000 63.0541 82.7887 61.6242 3.2089 0.1016 5.6108 -0.0278 0.5440 -0.4284 0.0000 0.0000 0.0001 0.0000 0.0000 0.0000 0.0000 -0.0013 -0.0008 0.0000 -0.0004 0.0001 0.0000 0.0000 0.0000 0.0000 0.0000 0.0000 0.0000 0.0002 0.0000 0.0000 -0.0006 0.0003 0.0000 0.0004 -0.0006 0.0000 0.0000 0.0001 0.0000 0.0000 0.0000 0.0000 -0.0010 -0.0002 0.0000 0.0002 30.0001 -0.0001 0.0005 -29.9998 0.0000 0.0000 0.0000 -5.5854 -0.7498 2.3878 -5.5854 -0.7498 2.3878 249.3941 90.0000 0.0000 -85.2437 80.3697 -80.6986 3.6844 3.4576 -6.7191 0.0253 0.2263 0.4100 0.0000 -0.0001 0.0001 0.0000 0.0000 0.0000 0.0000 -0.0006 0.0003 0.0000 -0.0001 0.0001 0.0000 0.0000 0.0000 0.0000 0.0000 0.0000 0.0000 0.0007 0.0001 0.0000 -0.0012 0.0001 0.0000 -0.0008 0.0003 0.0000 0.0001 0.0000 0.0000 0.0000 0.0000 0.0000 -0.0009 0.0000 0.0000 0.0002 -29.9996 -0.0001 -0.0003 29.9996 0.0000 0.0000 0.0000 0.1430 -7.3827 -179.6672 -0.2245 -18.3076 0.1188 -19.4772 75.7943 -16.2545 0.0000 25.3510 0.0000 -1.9403 -8.0434 175.0309 -0.0987 -22.8715 -0.0628 44.6660 79.0570 28.0627 0.0000 25.3508 -0.0001 
3.1740 91.6170 -13.3652 2.8073 -0.7306 -2.7923 1.1389 1.0699 -1.6688 1.1393 1.0704 -1.6695 1.1423 1.0732 -1.6738 104.5554 90.0000 0.0000 60.9138 83.0112 59.6324 3.0138 0.1350 5.6814 -0.0282 0.5423 -0.4342 0.0000 0.0000 0.0001 0.0000 0.0000 0.0000 0.0000 -0.0013 -0.0008 0.0000 -0.0004 0.0001 0.0000 0.0000 0.0000 0.0000 0.0000 0.0000 0.0000 0.0002 0.0000 0.0000 -0.0006 0.0003 0.0000 0.0004 -0.0006 0.0000 0.0000 0.0001 0.0000 0.0000 0.0000 0.0000 -0.0010 -0.0002 0.0000 0.0002 30.0001 -0.0001 0.0005 -29.9998 0.0000 0.0000 0.0000 -5.8588 -0.8469 2.5258 -5.8588 -0.8469 2.5258 249.6493 90.0000 0.0000 -85.0404 80.5695 -80.2711 4.3618 3.6583 -6.7665 0.0256 0.2214 0.4060 0.0000 -0.0001 0.0001 0.0000 0.0000 0.0000 0.0000 -0.0006 0.0003 0.0000 -0.0001 0.0001 0.0000 0.0000 0.0000 0.0000 0.0000 0.0000 0.0000 0.0007 0.0001 0.0000 -0.0012 0.0001 0.0000 -0.0008 0.0003 0.0000 0.0001 0.0000 0.0000 0.0000 0.0000 0.0000 -0.0009 0.0000 0.0000 0.0002 -29.9996 -0.0001 -0.0003 29.9996 0.0000 0.0000 0.0000 0.3033 -7.3548 -179.4686 -0.2161 -18.3153 0.1175 -18.8251 75.7063 -15.6643 0.0000 25.3510 0.0000 -2.1649 -8.0469 174.5080 -0.1081 -22.9367 -0.0609 46.5113 79.4267 29.7391 0.0000 25.3508 -0.0001 
3.0753 91.6329 -13.3395 2.7523 -0.7554 -2.9506 1.2278 1.1188 -1.7025 1.2283 1.1194 -1.7032 1.2314 1.1223 -1.7076 104.5653 90.0000 0.0000 58.4103 83.2812 57.2581 2.7779 0.1975 5.7920 -0.0287 0.5385 -0.4402 0.0000 0.0000 0.0001 0.0000 0.0000 0.0000 0.0000 -0.0013 -0.0008 0.0000 -0.0004 0.0001 0.0000 0.0000 0.0000 0.0000 0.0000 0.0000 0.0000 0.0002 0.0000 0.0000 -0.0006 0.0003 0.0000 0.0004 -0.0006 0.0000 0.0000 0.0001 0.0000 0.0000 0.0000 0.0000 -0.0010 -0.0002 0.0000 0.0002 30.0001 -0.0001 0.0005 -29.9998 0.0000 0.0000 0.0000 -6.1253 -0.9227 2.6575 -6.1253 -0.9227 2.6575 249.9680 90.0000 0.0000 -84.6561 80.8207 -79.6428 5.1969 3.8347 -6.7775 0.0258 0.2165 0.4023 0.0000 -0.0001 0.0001 0.0000 0.0000 0.0000 0.0000 -0.0006 0.0003 0.0000 -0.0001 0.0001 0.0000 0.0000 0.0000 0.0000 0.0000 0.0000 0.0000 0.0007 0.0001 0.0000 -0.0012 0.0001 0.0000 -0.0008 0.0003 0.0000 0.0001 0.0000 0.0000 0.0000 0.0000 0.0000 -0.0009 0.0000 0.0000 0.0002 -29.9996 -0.0001 -0.0003 29.9996 0.0000 0.0000 0.0000 0.4594 -7.3273 -179.2486 -0.2066 -18.3087 0.1159 -18.2097 75.6140 -15.0778 0.0000 25.3511 0.0000 -2.3721 -8.0726 173.9521 -0.1192 -22.8977 -0.0586 47.7888 79.7293 31.0731 0.0000 25.3508 -0.0001 
2.9696 91.6514 -13.3096 2.6781 -0.7725 -3.1264 1.3159 1.1562 -1.7238 1.3165 1.1568 -1.7246 1.3198 1.1598 -1.7289 104.5587 90.0000 0.0000 55.4230 83.6183 54.3451 2.4698 0.2817 5.9699 -0.0296 0.5328 -0.4466 0.0000 0.0000 0.0001 0.0000 0.0000 0.0000 0.0000 -0.0013 -0.0008 0.0000 -0.0004 0.0001 0.0000 0.0000 0.0000 0.0000 0.0000 0.0000 0.0000 0.0002 0.0000 0.0000 -0.0006 0.0003 0.0000 0.0004 -0.0006 0.0000 0.0000 0.0001 0.0000 0.0000 0.0000 0.0000 -0.0010 -0.0002 0.0000 0.0002 30.0001 -0.0001 0.0005 -29.9998 0.0000 0.0000 0.0000 -6.3801 -0.9752 2.7888 -6.3801 -0.9752 2.7888 250.3548 90.0000 0.0000 -84.0801 81.1782 -78.7744 6.2981 3.9822 -6.7740 0.0257 0.2095 0.3973 0.0000 -0.0001 0.0001 0.0000 0.0000 0.0000 0.0000 -0.0006 0.0003 0.0000 -0.0001 0.0001 0.0000 0.0000 0.0000 0.0000 0.0000 0.0000 0.0000 0.0007 0.0001 0.0000 -0.0012 0.0001 0.0000 -0.0008 0.0003 0.0000 0.0001 0.0000 0.0000 0.0000 0.0000 0.0000 -0.0009 0.0000 0.0000 0.0002 -29.9996 -0.0001 -0.0003 29.9996 0.0000 0.0000 0.0000 0.5960 -7.3040 -179.0072 -0.1994 -18.3013 0.1148 -17.6925 75.5295 -14.5564 0.0000 25.3510 0.0000 -2.5876 -8.1027 173.3348 -0.1423 -22.6716 -0.0543 48.1611 79.9380 31.7565 0.0000 25.3508 -0.0001 
2.8508 91.6718 -13.2617 2.6055 -0.7863 -3.3146 1.3916 1.1891 -1.7407 1.3923 1.1898 -1.7416 1.3957 1.1928 -1.7459 104.5640 90.0000 0.0000 52.0110 83.9456 50.9576 1.9942 0.3862 6.1896 -0.0306 0.5261 -0.4544 0.0000 0.0000 0.0001 0.0000 0.0000 0.0000 0.0000 -0.0013 -0.0008 0.0000 -0.0004 0.0001 0.0000 0.0000 0.0000 0.0000 0.0000 0.0000 0.0000 0.0002 0.0000 0.0000 -0.0006 0.0003 0.0000 0.0004 -0.0006 0.0000 0.0000 0.0001 0.0000 0.0000 0.0000 0.0000 -0.0010 -0.0002 0.0000 0.0002 30.0001 -0.0001 0.0005 -29.9998 0.0000 0.0000 0.0000 -6.6175 -1.0181 2.9297 -6.6175 -1.0181 2.9297 250.7968 90.0000 0.0000 -83.2917 81.7298 -77.6538 7.5985 4.0920 -6.8045 0.0254 0.2007 0.3929 0.0000 -0.0001 0.0001 0.0000 0.0000 0.0000 0.0000 -0.0006 0.0003 0.0000 -0.0001 0.0001 0.0000 0.0000 0.0000 0.0000 0.0000 0.0000 0.0000 0.0007 0.0001 0.0000 -0.0012 0.0001 0.0000 -0.0008 0.0003 0.0000 0.0001 0.0000 0.0000 0.0000 0.0000 0.0000 -0.0009 0.0000 0.0000 0.0002 -29.9996 -0.0001 -0.0003 29.9996 0.0000 0.0000 0.0000 0.7212 -7.2733 -178.7427 -0.1928 -18.2967 0.1137 -17.2870 75.4635 -14.1513 0.0000 25.3510 0.0000 -2.8890 -8.1234 172.7002 -0.1686 -22.2748 -0.0496 47.6701 80.0651 31.7715 0.0000 25.3508 -0.0001 
2.7147 91.6947 -13.1878 2.5462 -0.7940 -3.5180 1.4521 1.2187 -1.7540 1.4529 1.2194 -1.7549 1.4564 1.2225 -1.7592 104.5838 90.0000 0.0000 48.0018 84.2642 46.9204 1.3134 0.5098 6.4513 -0.0319 0.5183 -0.4641 0.0000 0.0000 0.0001 0.0000 0.0000 0.0000 0.0000 -0.0013 -0.0008 0.0000 -0.0004 0.0001 0.0000 0.0000 0.0000 0.0000 0.0000 0.0000 0.0000 0.0002 0.0000 0.0000 -0.0006 0.0003 0.0000 0.0004 -0.0006 0.0000 0.0000 0.0001 0.0000 0.0000 0.0000 0.0000 -0.0010 -0.0002 0.0000 0.0002 30.0001 -0.0001 0.0005 -29.9998 0.0000 0.0000 0.0000 -6.8342 -1.0563 3.0824 -6.8342 -1.0563 3.0824 251.2600 90.0000 0.0000 -82.2127 82.5055 -76.2140 9.0587 4.1663 -6.8510 0.0250 0.1900 0.3893 0.0000 -0.0001 0.0001 0.0000 0.0000 0.0000 0.0000 -0.0006 0.0003 0.0000 -0.0001 0.0001 0.0000 0.0000 0.0000 0.0000 0.0000 0.0000 0.0000 0.0007 0.0001 0.0000 -0.0011 0.0001 0.0000 -0.0008 0.0003 0.0000 0.0001 0.0000 0.0000 0.0000 0.0000 0.0000 -0.0009 0.0000 0.0000 0.0002 -29.9996 -0.0001 -0.0003 29.9996 0.0000 0.0000 0.0000 0.8344 -7.2330 -178.4482 -0.1843 -18.2949 0.1123 -17.0023 75.4213 -13.8817 0.0000 25.3510 0.0000 -3.3055 -8.1355 172.0783 -0.1938 -21.7351 -0.0456 46.4213 80.1275 31.2017 0.0000 25.3508 -0.0001 
2.5594 91.7227 -13.0751 2.5219 -0.7833 -3.7449 1.4899 1.2393 -1.7635 1.4907 1.2400 -1.7644 1.4943 1.2431 -1.7687 104.6143 90.0000 0.0000 42.5236 84.6205 41.3358 0.2906 0.6742 6.7889 -0.0335 0.5080 -0.4768 0.0000 0.0000 0.0001 0.0000 0.0000 0.0000 0.0000 -0.0013 -0.0008 0.0000 -0.0004 0.0001 0.0000 0.0000 0.0000 0.0000 0.0000 0.0000 0.0000 0.0002 0.0000 0.0000 -0.0006 0.0003 0.0000 0.0004 -0.0006 0.0000 0.0000 0.0001 0.0000 0.0000 0.0000 0.0000 -0.0010 -0.0002 0.0000 0.0002 30.0001 -0.0001 0.0005 -29.9998 0.0000 0.0000 0.0000 -7.0280 -1.0919 3.2524 -7.0280 -1.0919 3.2524 251.7006 90.0000 0.0000 -80.4879 83.6249 -74.1094 10.7183 4.1865 -6.9197 0.0242 0.1762 0.3858 0.0000 -0.0001 0.0001 0.0000 0.0000 0.0000 0.0000 -0.0006 0.0003 0.0000 -0.0001 0.0001 0.0000 0.0000 0.0000 0.0000 0.0000 0.0000 0.0000 0.0007 0.0001 0.0000 -0.0012 0.0001 0.0000 -0.0008 0.0003 0.0000 0.0001 0.0000 0.0000 0.0000 0.0000 0.0000 -0.0009 0.0000 0.0000 0.0002 -29.9996 -0.0001 -0.0003 29.9996 0.0000 0.0000 0.0000 0.9260 -7.1841 -178.1124 -0.1718 -18.2905 0.1103 -16.8657 75.4097 -13.7899 0.0000 25.3510 0.0000 -3.9487 -8.1287 171.5174 -0.2091 -21.0133 -0.0441 44.2565 80.1359 29.9820 0.0000 25.3508 -0.0001 
2.4074 91.7556 -12.9548 2.5395 -0.7548 -3.9820 1.5075 1.2483 -1.7744 1.5083 1.2491 -1.7753 1.5120 1.2522 -1.7797 104.6576 90.0000 0.0000 34.4703 85.0167 33.1293 -0.9794 0.8917 7.1845 -0.0354 0.4960 -0.4928 0.0000 0.0000 0.0001 0.0000 0.0000 0.0000 0.0000 -0.0013 -0.0008 0.0000 -0.0004 0.0001 0.0000 0.0000 0.0000 0.0000 0.0000 0.0000 0.0000 0.0002 0.0000 0.0000 -0.0006 0.0003 0.0000 0.0004 -0.0006 0.0000 0.0000 0.0001 0.0000 0.0000 0.0000 0.0000 -0.0010 -0.0002 0.0000 0.0002 30.0001 -0.0001 0.0005 -29.9998 0.0000 0.0000 0.0000 -7.2079 -1.1228 3.4347 -7.2079 -1.1228 3.4347 252.0959 90.0000 0.0000 -77.2703 84.9665 -70.4929 12.4895 4.1837 -7.0115 0.0233 0.1620 0.3824 0.0000 -0.0001 0.0001 0.0000 0.0000 0.0000 0.0000 -0.0006 0.0003 0.0000 -0.0001 0.0001 0.0000 0.0000 0.0000 0.0000 0.0000 0.0000 0.0000 0.0007 0.0001 0.0000 -0.0011 0.0001 0.0000 -0.0008 0.0003 0.0000 0.0001 0.0000 0.0000 0.0000 0.0000 0.0000 -0.0009 0.0000 0.0000 0.0002 -29.9997 -0.0001 -0.0003 29.9996 0.0000 0.0000 0.0000 0.9990 -7.1474 -177.7663 -0.1601 -18.2810 0.1084 -16.7411 75.4057 -13.7402 0.0000 25.3510 0.0000 -4.8602 -8.1277 171.0078 -0.2222 -20.1687 -0.0433 41.5802 80.1162 28.5133 0.0000 25.3508 -0.0001 
2.2650 91.7911 -12.8450 2.5929 -0.7097 -4.2256 1.5054 1.2466 -1.7877 1.5062 1.2473 -1.7886 1.5099 1.2505 -1.7930 104.7260 90.0000 0.0000 22.8917 85.3642 21.3700 -2.4177 1.1626 7.6202 -0.0376 0.4814 -0.5111 0.0000 0.0000 0.0001 0.0000 0.0000 0.0000 0.0000 -0.0013 -0.0008 0.0000 -0.0004 0.0001 0.0000 0.0000 0.0000 0.0000 0.0000 0.0000 0.0000 0.0002 0.0000 0.0000 -0.0006 0.0003 0.0000 0.0004 -0.0006 0.0000 0.0000 0.0001 0.0000 0.0000 0.0000 0.0000 -0.0010 -0.0002 0.0000 0.0002 30.0001 -0.0001 0.0005 -29.9998 0.0000 0.0000 0.0000 -7.3727 -1.1491 3.6260 -7.3727 -1.1491 3.6260 252.4598 90.0000 0.0000 -70.4647 86.4311 -63.2673 14.3378 4.1659 -7.1129 0.0224 0.1481 0.3778 0.0000 -0.0001 0.0001 0.0000 0.0000 0.0000 0.0000 -0.0006 0.0003 0.0000 -0.0001 0.0001 0.0000 0.0000 0.0000 0.0000 0.0000 0.0000 0.0000 0.0007 0.0001 0.0000 -0.0012 0.0001 0.0000 -0.0008 0.0003 0.0000 0.0001 0.0000 0.0000 0.0000 0.0000 0.0000 -0.0009 0.0000 0.0000 0.0002 -29.9996 -0.0001 -0.0003 29.9996 0.0000 0.0000 0.0000 1.0538 -7.1367 -177.4200 -0.1497 -18.2708 0.1068 -16.5728 75.3966 -13.6655 0.0000 25.3510 0.0000 -6.0237 -8.1451 170.5466 -0.2342 -19.2271 -0.0432 38.4328 80.0479 26.8227 0.0000 25.3508 -0.0001 
2.1335 91.8259 -12.7590 2.6899 -0.6400 -4.4753 1.4777 1.2305 -1.8013 1.4785 1.2312 -1.8023 1.4821 1.2343 -1.8067 104.8209 90.0000 0.0000 5.8996 85.4946 4.1931 -3.9782 1.4846 8.1051 -0.0401 0.4649 -0.5334 0.0000 0.0000 0.0001 0.0000 0.0000 0.0000 0.0000 -0.0013 -0.0008 0.0000 -0.0004 0.0001 0.0000 0.0000 0.0000 0.0000 0.0000 0.0000 0.0000 0.0002 0.0000 0.0000 -0.0006 0.0003 0.0000 0.0004 -0.0006 0.0000 0.0000 0.0001 0.0000 0.0000 0.0000 0.0000 -0.0010 -0.0002 0.0000 0.0002 30.0001 -0.0001 0.0005 -29.9998 0.0000 0.0000 0.0000 -7.5165 -1.1690 3.8197 -7.5165 -1.1690 3.8197 252.7613 90.0000 0.0000 350.6530 90.0000 0.0000 16.2572 4.1120 -7.1573 0.0213 0.1367 0.3723 0.0000 -0.0001 0.0001 0.0000 0.0000 0.0000 0.0000 -0.0006 0.0003 0.0000 -0.0001 0.0001 0.0000 0.0000 0.0000 0.0000 0.0000 0.0000 0.0000 0.0007 0.0001 0.0000 -0.0012 0.0001 0.0000 -0.0008 0.0003 0.0000 0.0001 0.0000 0.0000 0.0000 0.0000 0.0000 -0.0008 0.0000 0.0000 0.0002 -29.9996 -0.0001 -0.0003 29.9996 0.0000 0.0000 0.0000 1.1128 -7.1775 -177.0758 -0.1388 -18.2715 0.1050 -16.2607 75.3770 -13.4858 0.0000 25.3510 0.0000 -7.5096 -8.1954 170.1563 -0.2429 -18.1712 -0.0440 34.6466 79.9237 24.8233 0.0000 25.3508 -0.0001 
1.9965 91.8587 -12.6807 2.8048 -0.5538 -4.7189 1.4397 1.2041 -1.8183 1.4404 1.2048 -1.8192 1.4440 1.2078 -1.8237 104.9264 90.0000 0.0000 -13.1367 85.1291 -14.9876 -5.5029 1.8438 8.5825 -0.0428 0.4483 -0.5579 0.0000 0.0000 0.0001 0.0000 0.0000 0.0000 0.0000 -0.0013 -0.0008 0.0000 -0.0004 0.0001 0.0000 0.0000 0.0000 0.0000 0.0000 0.0000 0.0000 0.0002 0.0000 0.0000 -0.0006 0.0003 0.0000 0.0004 -0.0006 0.0000 0.0000 0.0001 0.0000 0.0000 0.0000 0.0000 -0.0010 -0.0002 0.0000 0.0002 30.0001 -0.0001 0.0005 -29.9998 0.0000 0.0000 0.0000 -7.6515 -1.1778 4.0111 -7.6515 -1.1778 4.0111 253.0022 90.0000 0.0000 351.8239 90.0000 0.0000 18.1990 4.0536 -7.1317 0.0205 0.1298 0.3663 0.0000 -0.0001 0.0001 0.0000 0.0000 0.0000 0.0000 -0.0006 0.0003 0.0000 -0.0001 0.0001 0.0000 0.0000 0.0000 0.0000 0.0000 0.0000 0.0000 0.0007 0.0001 0.0000 -0.0011 0.0001 0.0000 -0.0008 0.0003 0.0000 0.0001 0.0000 0.0000 0.0000 0.0000 0.0000 -0.0009 0.0000 0.0000 0.0002 -29.9996 -0.0001 -0.0003 29.9996 0.0000 0.0000 0.0000 1.1828 -7.2584 -176.7386 -0.1275 -18.2988 0.1032 -15.8643 75.3608 -13.2458 0.0000 25.3510 0.0000 -9.2269 -8.2874 169.8243 -0.2467 -17.0504 -0.0459 30.3486 79.7801 22.5476 0.0000 25.3508 -0.0001 
1.8451 91.8900 -12.5949 2.9192 -0.4568 -4.9515 1.3981 1.1703 -1.8404 1.3988 1.1710 -1.8413 1.4022 1.1740 -1.8458 105.0485 90.0000 0.0000 -29.0342 84.2239 -30.9647 -6.9417 2.2138 9.0098 -0.0455 0.4329 -0.5839 0.0000 0.0000 0.0001 0.0000 0.0000 0.0000 0.0000 -0.0013 -0.0008 0.0000 -0.0004 0.0001 0.0000 0.0000 0.0000 0.0000 0.0000 0.0000 0.0000 0.0002 0.0000 0.0000 -0.0006 0.0003 0.0000 0.0004 -0.0006 0.0000 0.0000 0.0001 0.0000 0.0000 0.0000 0.0000 -0.0010 -0.0002 0.0000 0.0002 30.0001 -0.0001 0.0005 -29.9998 0.0000 0.0000 0.0000 -7.7786 -1.1744 4.2012 -7.7786 -1.1744 4.2012 253.2055 90.0000 0.0000 352.8841 90.0000 0.0000 20.1379 3.9830 -7.0359 0.0198 0.1278 0.3590 0.0000 -0.0001 0.0001 0.0000 0.0000 0.0000 0.0000 -0.0006 0.0003 0.0000 -0.0001 0.0001 0.0000 0.0000 0.0000 0.0000 0.0000 0.0000 0.0000 0.0007 0.0001 0.0000 -0.0012 0.0001 0.0000 -0.0008 0.0003 0.0000 0.0001 0.0000 0.0000 0.0000 0.0000 0.0000 -0.0009 0.0000 0.0000 0.0002 -29.9996 -0.0001 -0.0003 29.9996 0.0000 0.0000 0.0000 1.2255 -7.3627 -176.4077 -0.1168 -18.3588 0.1016 -15.5267 75.3585 -13.0413 0.0000 25.3510 0.0000 -11.1240 -8.4199 169.5453 -0.2447 -15.8875 -0.0487 25.5677 79.6183 19.9669 0.0000 25.3508 -0.0001 
1.6605 91.9179 -12.4930 3.0064 -0.3543 -5.1611 1.3598 1.1326 -1.8668 1.3605 1.1332 -1.8677 1.3638 1.1361 -1.8724 133.8778 87.4114 30.5254 -39.7650 82.9372 -41.6776 -8.2470 2.5290 9.3423 -0.0480 0.4222 -0.6120 0.0000 0.0000 0.0001 0.0000 0.0000 0.0000 0.0000 -0.0013 -0.0008 0.0000 -0.0004 0.0001 0.0000 0.0000 0.0000 0.0000 0.0000 0.0000 0.0000 0.0002 0.0000 0.0000 -0.0006 0.0003 0.0000 0.0004 -0.0006 0.0000 0.0000 0.0001 0.0000 0.0000 0.0000 0.0000 -0.0010 -0.0002 0.0000 0.0002 30.0001 -0.0001 0.0005 -29.9998 0.0000 0.0000 0.0000 -7.8936 -1.1576 4.3848 -7.8936 -1.1576 4.3848 253.3444 90.0000 0.0000 49.7976 86.1301 59.0358 22.0649 3.8613 -6.8525 0.0194 0.1333 0.3531 0.0000 -0.0001 0.0001 0.0000 0.0000 0.0000 0.0000 -0.0006 0.0003 0.0000 -0.0001 0.0001 0.0000 0.0000 0.0000 0.0000 0.0000 0.0000 0.0000 0.0007 0.0001 0.0000 -0.0012 0.0001 0.0000 -0.0008 0.0003 0.0000 0.0001 0.0000 0.0000 0.0000 0.0000 0.0000 -0.0009 0.0000 0.0000 0.0002 -29.9996 -0.0001 -0.0003 29.9996 0.0000 0.0000 0.0000 1.2512 -7.4863 -176.0807 -0.1060 -18.4687 0.0999 -15.3484 75.3813 -12.9670 0.0000 25.3510 0.0000 -12.6129 -8.4928 169.3038 -0.2332 -14.6949 -0.0527 21.0929 79.3401 17.2905 0.0000 25.3508 -0.0001 
1.4431 91.9373 -12.3768 3.0506 -0.2503 -5.3487 1.3343 1.0962 -1.8944 1.3350 1.0968 -1.8953 1.3383 1.0996 -1.9000 135.7705 87.2236 32.3442 -46.1986 81.5167 -48.0050 -9.4868 2.7794 9.5686 -0.0504 0.4162 -0.6411 0.0000 0.0000 0.0001 0.0000 0.0000 0.0000 0.0000 -0.0013 -0.0008 0.0000 -0.0004 0.0001 0.0000 0.0000 0.0000 0.0000 0.0000 0.0000 0.0000 0.0002 0.0000 0.0000 -0.0006 0.0003 0.0000 0.0004 -0.0006 0.0000 0.0000 0.0001 0.0000 0.0000 0.0000 0.0000 -0.0010 -0.0002 0.0000 0.0002 30.0001 -0.0001 0.0005 -29.9998 0.0000 0.0000 0.0000 -8.0039 -1.1372 4.5617 -8.0039 -1.1372 4.5617 253.4207 90.0000 0.0000 53.8602 84.6599 63.7207 23.9315 3.7072 -6.6211 0.0191 0.1444 0.3482 0.0000 -0.0001 0.0001 0.0000 0.0000 0.0000 0.0000 -0.0006 0.0003 0.0000 -0.0001 0.0001 0.0000 0.0000 0.0000 0.0000 0.0000 0.0000 0.0000 0.0007 0.0001 0.0000 -0.0012 0.0001 0.0000 -0.0008 0.0003 0.0000 0.0001 0.0000 0.0000 0.0000 0.0000 0.0000 -0.0009 0.0000 0.0000 0.0002 -29.9996 -0.0001 -0.0003 29.9995 0.0000 0.0000 0.0000 1.2687 -7.6183 -175.7501 -0.0914 -18.6174 0.0977 -15.3936 75.4268 -13.0843 0.0000 25.3510 0.0000 -12.8681 -8.3591 169.0593 -0.2075 -13.5111 -0.0582 18.5142 78.9114 15.2989 0.0000 25.3508 -0.0001 
1.2148 91.9488 -12.2626 3.0508 -0.1504 -5.5182 1.3238 1.0627 -1.9222 1.3245 1.0633 -1.9231 1.3277 1.0660 -1.9279 137.0193 87.0326 33.5368 -49.9837 80.0867 -51.6184 -10.7058 2.9756 9.6862 -0.0526 0.4148 -0.6720 0.0000 0.0000 0.0001 0.0000 0.0000 0.0000 0.0000 -0.0013 -0.0008 0.0000 -0.0004 0.0001 0.0000 0.0000 0.0000 0.0000 0.0000 0.0000 0.0000 0.0002 0.0000 0.0000 -0.0006 0.0003 0.0000 0.0004 -0.0006 0.0000 0.0000 0.0001 0.0000 0.0000 0.0000 0.0000 -0.0010 -0.0002 0.0000 0.0002 30.0001 -0.0001 0.0005 -29.9998 0.0000 0.0000 0.0000 -8.1125 -1.1159 4.7331 -8.1125 -1.1159 4.7331 253.4408 90.0000 0.0000 55.0957 83.1419 65.6332 25.7030 3.5389 -6.3474 0.0191 0.1606 0.3445 0.0000 -0.0001 0.0001 0.0000 0.0000 0.0000 0.0000 -0.0006 0.0003 0.0000 -0.0001 0.0001 0.0000 0.0000 0.0000 0.0000 0.0000 0.0000 0.0000 0.0007 0.0001 0.0000 -0.0012 0.0001 0.0000 -0.0008 0.0003 0.0000 0.0001 0.0000 0.0000 0.0000 0.0000 0.0000 -0.0009 0.0000 0.0000 0.0002 -29.9996 -0.0001 -0.0003 29.9996 0.0000 0.0000 0.0000 1.2800 -7.7550 -175.4274 -0.0781 -18.7891 0.0956 -15.6027 75.4835 -13.3343 0.0000 25.3510 0.0000 -13.1191 -8.2466 168.8260 -0.1818 -12.3563 -0.0631 15.7362 78.4565 13.0986 0.0000 25.3508 -0.0001 
0.9853 91.9531 -12.1546 2.9929 -0.0687 -5.6527 1.3325 1.0395 -1.9536 1.3332 1.0401 -1.9546 1.3365 1.0428 -1.9595 137.2865 86.8431 33.7748 -51.7300 78.7356 -53.1096 -11.9288 3.0993 9.6343 -0.0546 0.4205 -0.7056 0.0000 0.0000 0.0001 0.0000 0.0000 0.0000 0.0000 -0.0013 -0.0008 0.0000 -0.0004 0.0001 0.0000 0.0000 0.0000 0.0000 0.0000 0.0000 0.0000 0.0002 0.0000 0.0000 -0.0006 0.0003 0.0000 0.0004 -0.0006 0.0000 0.0000 0.0001 0.0000 0.0000 0.0000 0.0000 -0.0010 -0.0002 0.0000 0.0002 30.0001 -0.0001 0.0005 -29.9998 0.0000 0.0000 0.0000 -8.2186 -1.1000 4.8985 -8.2186 -1.1000 4.8985 253.3884 90.0000 0.0000 54.7958 81.5546 66.0571 27.2936 3.3608 -6.0133 0.0193 0.1835 0.3438 0.0000 -0.0001 0.0001 0.0000 0.0000 0.0000 0.0000 -0.0006 0.0003 0.0000 -0.0001 0.0001 0.0000 0.0000 0.0000 0.0000 0.0000 0.0000 0.0000 0.0007 0.0001 0.0000 -0.0012 0.0001 0.0000 -0.0008 0.0003 0.0000 0.0001 0.0000 0.0000 0.0000 0.0000 0.0000 -0.0009 0.0000 0.0000 0.0002 -29.9997 -0.0001 -0.0003 29.9996 0.0000 0.0000 0.0000 1.2893 -7.8827 -175.1363 -0.0701 -18.9851 0.0944 -16.0069 75.5546 -13.7440 0.0000 25.3510 0.0000 -13.3810 -8.1424 168.6152 -0.1539 -11.2433 -0.0676 12.4390 77.9632 10.3377 0.0000 25.3508 -0.0001 
0.7650 91.9515 -12.0501 2.8943 -0.0056 -5.7568 1.3521 1.0285 -1.9859 1.3528 1.0291 -1.9869 1.3561 1.0317 -1.9918 136.8024 86.6756 33.2814 -52.3557 77.4326 -53.4226 -13.1267 3.1610 9.4528 -0.0564 0.4319 -0.7428 0.0000 0.0000 0.0001 0.0000 0.0000 0.0000 0.0000 -0.0013 -0.0008 0.0000 -0.0004 0.0001 0.0000 0.0000 0.0000 0.0000 0.0000 0.0000 0.0000 0.0002 0.0000 0.0000 -0.0006 0.0003 0.0000 0.0004 -0.0006 0.0000 0.0000 0.0001 0.0000 0.0000 0.0000 0.0000 -0.0010 -0.0002 0.0000 0.0002 30.0001 -0.0002 0.0005 -29.9998 0.0000 0.0000 0.0000 -8.3198 -1.0957 5.0545 -8.3198 -1.0957 5.0545 253.2571 90.0000 0.0000 53.9832 79.9153 65.9882 28.7145 3.1741 -5.6234 0.0197 0.2116 0.3470 0.0000 -0.0001 0.0001 0.0000 0.0000 0.0000 0.0000 -0.0006 0.0003 0.0000 -0.0001 0.0001 0.0000 0.0000 0.0000 0.0000 0.0000 0.0000 0.0000 0.0007 0.0001 0.0000 -0.0012 0.0001 0.0000 -0.0008 0.0003 0.0000 0.0001 0.0000 0.0000 0.0000 0.0000 0.0000 -0.0009 0.0000 0.0000 0.0002 -29.9996 -0.0001 -0.0003 29.9996 0.0000 0.0000 0.0000 1.2979 -7.9840 -174.8811 -0.0674 -19.1743 0.0941 -16.5234 75.6295 -14.2351 0.0000 25.3510 0.0000 -13.6643 -8.0443 168.4335 -0.1252 -10.1787 -0.0716 8.8887 77.3721 7.2591 0.0000 25.3508 -0.0001 
0.5433 91.9446 -11.9390 2.7621 0.0416 -5.8375 1.3780 1.0275 -2.0191 1.3788 1.0281 -2.0202 1.3821 1.0307 -2.0251 135.6544 86.5304 32.1385 -52.3352 76.1476 -53.0468 -14.2719 3.1634 9.1629 -0.0580 0.4485 -0.7839 0.0000 0.0000 0.0001 0.0000 0.0000 0.0000 0.0000 -0.0013 -0.0008 0.0000 -0.0004 0.0001 0.0000 0.0000 0.0000 0.0000 0.0000 0.0000 0.0000 0.0002 0.0000 0.0000 -0.0006 0.0003 0.0000 0.0004 -0.0006 0.0000 0.0000 0.0001 0.0000 0.0000 0.0000 0.0000 -0.0010 -0.0002 0.0000 0.0002 30.0001 -0.0001 0.0005 -29.9998 0.0000 0.0000 0.0000 -8.4135 -1.1016 5.2015 -8.4135 -1.1016 5.2015 253.0667 90.0000 0.0000 52.9388 78.2269 65.7011 29.9754 2.9789 -5.1942 0.0200 0.2433 0.3532 0.0000 -0.0001 0.0001 0.0000 0.0000 0.0000 0.0000 -0.0006 0.0003 0.0000 -0.0001 0.0001 0.0000 0.0000 0.0000 0.0000 0.0000 0.0000 0.0000 0.0007 0.0001 0.0000 -0.0012 0.0001 0.0000 -0.0008 0.0003 0.0000 0.0001 0.0000 0.0000 0.0000 0.0000 0.0000 -0.0009 0.0000 0.0000 0.0002 -29.9997 -0.0001 -0.0003 29.9996 0.0000 0.0000 0.0000 1.3142 -8.0530 -174.6478 -0.0652 -19.3489 0.0938 -17.1458 75.7085 -14.8102 0.0000 25.0394 0.0000 -13.9697 -7.9552 168.2801 -0.0968 -9.1519 -0.0750 5.2549 76.6682 4.0418 0.0000 25.3508 -0.0001 
0.3219 91.9332 -11.8147 2.5881 0.0651 -5.8848 1.4066 1.0369 -2.0535 1.4074 1.0376 -2.0547 1.4108 1.0402 -2.0596 133.6971 86.4240 30.2061 -51.7570 74.8353 -52.0652 -15.3088 3.0826 8.7438 -0.0592 0.4724 -0.8303 0.0000 0.0000 0.0001 0.0000 0.0000 0.0000 0.0000 -0.0013 -0.0008 0.0000 -0.0004 0.0001 0.0000 0.0000 0.0000 0.0000 0.0000 0.0000 0.0000 0.0002 0.0000 0.0000 -0.0006 0.0003 0.0000 0.0004 -0.0006 0.0000 0.0000 0.0001 0.0000 0.0000 0.0000 0.0000 -0.0010 -0.0002 0.0000 0.0002 30.0001 -0.0001 0.0005 -29.9998 0.0000 0.0000 0.0000 -8.4836 -1.1168 5.3269 -8.4836 -1.1168 5.3269 252.8103 90.0000 0.0000 51.7789 76.4466 65.2841 31.0057 2.7694 -4.7302 0.0203 0.2798 0.3642 0.0000 -0.0001 0.0001 0.0000 0.0000 0.0000 0.0000 -0.0006 0.0003 0.0000 -0.0001 0.0001 0.0000 0.0000 0.0000 0.0000 0.0000 0.0000 0.0000 0.0007 0.0001 0.0000 -0.0012 0.0001 0.0000 -0.0008 0.0003 0.0000 0.0001 0.0000 0.0000 0.0000 0.0000 0.0000 -0.0009 0.0000 0.0000 0.0002 -29.9996 -0.0001 -0.0003 29.9996 0.0000 0.0000 0.0000 1.3439 -8.0597 -174.4478 -0.0630 -19.4766 0.0935 -17.8805 75.7826 -15.4652 0.0000 25.0389 0.0000 -14.3161 -7.8893 168.1470 -0.0708 -8.1821 -0.0777 1.2167 75.8224 0.3655 0.0000 25.3508 -0.0001 
0.1091 91.9240 -11.6847 2.3812 0.0682 -5.8994 1.4360 1.0520 -2.0906 1.4369 1.0527 -2.0918 1.4403 1.0553 -2.0969 131.3070 86.3463 27.8595 -51.0763 73.5306 -50.9883 -16.2671 2.8860 8.2997 -0.0597 0.5012 -0.8812 0.0000 0.0000 0.0001 0.0000 0.0000 0.0000 0.0000 -0.0013 -0.0008 0.0000 -0.0004 0.0001 0.0000 0.0000 0.0000 0.0000 0.0000 0.0000 0.0000 0.0002 0.0000 0.0000 -0.0006 0.0003 0.0000 0.0004 -0.0006 0.0000 0.0000 0.0001 0.0000 0.0000 0.0000 0.0000 -0.0010 -0.0002 0.0000 0.0002 30.0001 -0.0001 0.0005 -29.9998 0.0000 0.0000 0.0000 -8.5389 -1.1310 5.4289 -8.5389 -1.1310 5.4289 252.5143 90.0000 0.0000 50.6607 74.5763 64.8684 31.8615 2.5379 -4.2403 0.0204 0.3198 0.3804 0.0000 -0.0001 0.0001 0.0000 0.0000 0.0000 0.0000 -0.0006 0.0003 0.0000 -0.0001 0.0001 0.0000 0.0000 0.0000 0.0000 0.0000 0.0000 0.0000 0.0007 0.0001 0.0000 -0.0012 0.0001 0.0000 -0.0008 0.0003 0.0000 0.0001 0.0000 0.0000 0.0000 0.0000 0.0000 -0.0009 0.0000 0.0000 0.0002 -29.9996 -0.0001 -0.0003 29.9996 0.0000 0.0000 0.0000 1.4000 -8.0160 -174.2869 -0.0647 -19.5590 0.0939 -18.6349 75.8431 -16.1272 0.0000 25.0385 0.0000 -14.6869 -7.8380 168.0020 -0.0497 -7.2539 -0.0796 -2.5692 74.7757 -3.0952 0.0000 25.3508 -0.0001 
-0.1013 91.9168 -11.5548 2.1490 0.0602 -5.8900 1.4634 1.0688 -2.1273 1.4643 1.0695 -2.1286 1.4677 1.0721 -2.1337 128.7113 86.2835 25.3237 -50.3577 72.1879 -49.8659 -17.1204 2.6178 7.8267 -0.0596 0.5346 -0.9363 0.0000 0.0000 0.0001 0.0000 0.0000 0.0000 0.0000 -0.0013 -0.0008 0.0000 -0.0004 0.0001 0.0000 0.0000 0.0000 0.0000 0.0000 0.0000 0.0000 0.0002 0.0000 0.0000 -0.0006 0.0003 0.0000 0.0004 -0.0006 0.0000 0.0000 0.0001 0.0000 0.0000 0.0000 0.0000 -0.0010 -0.0002 0.0000 0.0002 30.0001 -0.0001 0.0005 -29.9998 0.0000 0.0000 0.0000 -8.5784 -1.1411 5.5055 -8.5784 -1.1411 5.5055 252.1764 90.0000 0.0000 49.6177 72.6363 64.4822 32.5914 2.2845 -3.7513 0.0202 0.3620 0.4021 0.0000 -0.0001 0.0001 0.0000 0.0000 0.0000 0.0000 -0.0006 0.0003 0.0000 -0.0001 0.0001 0.0000 0.0000 0.0000 0.0000 0.0000 0.0000 0.0000 0.0007 0.0001 0.0000 -0.0012 0.0001 0.0000 -0.0008 0.0003 0.0000 0.0001 0.0000 0.0000 0.0000 0.0000 0.0000 -0.0009 0.0000 0.0000 0.0002 -29.9996 -0.0001 -0.0003 29.9996 0.0000 0.0000 0.0000 1.4778 -7.9443 -174.1527 -0.0696 -19.6110 0.0947 -19.4048 75.8883 -16.7993 0.0000 25.0382 0.0000 -15.0665 -7.8066 167.8442 -0.0337 -6.3695 -0.0808 -5.8929 73.5804 -6.1303 0.0000 25.3508 -0.0001 
-0.3237 91.9058 -11.4245 1.8643 0.0411 -5.8542 1.4899 1.0837 -2.1589 1.4908 1.0844 -2.1602 1.4943 1.0871 -2.1653 125.9515 86.2404 22.6473 -49.6075 70.7856 -48.7158 -17.8485 2.2811 7.3576 -0.0591 0.5738 -0.9963 0.0000 0.0000 0.0001 0.0000 0.0000 0.0000 0.0000 -0.0013 -0.0008 0.0000 -0.0004 0.0001 0.0000 0.0000 0.0000 0.0000 0.0000 0.0000 0.0000 0.0002 0.0000 0.0000 -0.0006 0.0003 0.0000 0.0004 -0.0006 0.0000 0.0000 0.0001 0.0000 0.0000 0.0000 0.0000 -0.0010 -0.0002 0.0000 0.0002 30.0001 -0.0001 0.0005 -29.9998 0.0000 0.0000 0.0000 -8.5894 -1.1411 5.5391 -8.5894 -1.1411 5.5391 251.7743 90.0000 0.0000 48.6745 70.6198 64.1102 33.2205 2.0237 -3.3118 0.0199 0.4057 0.4314 0.0000 -0.0001 0.0001 0.0000 0.0000 0.0000 0.0000 -0.0006 0.0003 0.0000 -0.0001 0.0001 0.0000 0.0000 0.0000 0.0000 0.0000 0.0000 0.0000 0.0007 0.0001 0.0000 -0.0012 0.0001 0.0000 -0.0008 0.0003 0.0000 0.0001 0.0000 0.0000 0.0000 0.0000 0.0000 -0.0008 0.0000 0.0000 0.0002 -29.9996 -0.0001 -0.0003 29.9996 0.0000 0.0000 0.0000 1.5930 -7.8512 -174.0375 -0.0744 -19.6474 0.0956 -20.2656 75.9181 -17.5517 0.0000 25.0380 0.0000 -15.3976 -7.8563 167.6798 -0.0218 -5.6647 -0.0816 -8.8393 72.3792 -8.8219 0.0000 25.3508 -0.0001 
-0.5616 91.8906 -11.3055 1.5390 0.0102 -5.7944 1.5131 1.0970 -2.1872 1.5140 1.0978 -2.1886 1.5176 1.1004 -2.1937 123.0661 86.2057 19.8569 -48.9432 69.3311 -47.6760 -18.5272 1.9165 6.9287 -0.0582 0.6162 -1.0621 0.0000 0.0000 0.0001 0.0000 0.0000 0.0000 0.0000 -0.0013 -0.0008 0.0000 -0.0004 0.0001 0.0000 0.0000 0.0000 0.0000 0.0000 0.0000 0.0000 0.0003 0.0000 0.0000 -0.0006 0.0003 0.0000 0.0004 -0.0006 0.0000 0.0000 0.0001 0.0000 0.0000 0.0000 0.0000 -0.0010 -0.0002 0.0000 0.0002 30.0001 -0.0001 0.0005 -29.9998 0.0000 0.0000 0.0000 -8.5727 -1.1305 5.5375 -8.5727 -1.1305 5.5375 251.3417 90.0000 0.0000 47.8803 68.5710 63.8130 33.7959 1.7614 -2.9356 0.0197 0.4501 0.4684 0.0000 -0.0001 0.0001 0.0000 0.0000 0.0000 0.0000 -0.0006 0.0003 0.0000 -0.0001 0.0001 0.0000 0.0000 0.0000 0.0000 0.0000 0.0000 0.0000 0.0007 0.0001 0.0000 -0.0012 0.0001 0.0000 -0.0008 0.0003 0.0000 0.0001 0.0000 0.0000 0.0000 0.0000 0.0000 -0.0008 0.0000 0.0000 0.0002 -29.9996 -0.0001 -0.0003 29.9996 0.0000 0.0000 0.0000 1.7329 -7.7595 -173.9348 -0.0771 -19.7002 0.0961 -21.2290 75.9367 -18.3966 0.0000 25.0378 0.0000 -15.6403 -8.0308 167.5085 -0.0133 -5.2572 -0.0821 -11.3708 71.3374 -11.0847 0.0000 25.3508 -0.0001 
-0.8043 91.8724 -11.1930 1.1784 -0.0319 -5.7161 1.5332 1.1100 -2.2129 1.5342 1.1108 -2.2143 1.5377 1.1135 -2.2195 120.0751 86.1703 16.9638 -48.4163 67.8287 -46.7931 -19.1737 1.5403 6.5504 -0.0571 0.6605 -1.1343 0.0000 0.0000 0.0001 0.0000 0.0000 0.0000 0.0000 -0.0013 -0.0008 0.0000 -0.0004 0.0001 0.0000 0.0000 0.0000 0.0000 0.0000 0.0000 0.0000 0.0002 0.0000 0.0000 -0.0006 0.0003 0.0000 0.0004 -0.0006 0.0000 0.0000 0.0001 0.0000 0.0000 0.0000 0.0000 -0.0010 -0.0002 0.0000 0.0002 30.0001 -0.0001 0.0005 -29.9998 0.0000 0.0000 0.0000 -8.5344 -1.1111 5.5094 -8.5344 -1.1111 5.5094 -145.7601 87.4105 -38.0891 47.1543 66.5148 63.5363 34.3402 1.5112 -2.6252 0.0194 0.4938 0.5125 0.0000 -0.0001 0.0001 0.0000 0.0000 0.0000 0.0000 -0.0006 0.0003 0.0000 -0.0001 0.0001 0.0000 0.0000 0.0000 0.0000 0.0000 0.0000 0.0000 0.0007 0.0001 0.0000 -0.0012 0.0001 0.0000 -0.0008 0.0003 0.0000 0.0001 0.0000 0.0000 0.0000 0.0000 0.0000 -0.0009 0.0000 0.0000 0.0002 -29.9996 -0.0001 -0.0003 29.9996 0.0000 0.0000 0.0000 1.8929 -7.6614 -173.8465 -0.0807 -19.7610 0.0968 -22.2576 75.9456 -19.2962 0.0000 25.0377 0.0000 -15.7783 -8.3460 167.3379 -0.0067 -5.2007 -0.0824 -13.4808 70.4656 -12.8598 0.0000 25.3508 -0.0001 
-1.0386 91.8534 -11.0788 0.7761 -0.0887 -5.6184 1.5480 1.1255 -2.2339 1.5490 1.1263 -2.2354 1.5525 1.1290 -2.2406 116.9035 86.1302 13.8843 -48.0533 66.2315 -46.0755 -19.7751 1.2024 6.2386 -0.0563 0.7057 -1.2157 0.0000 0.0000 0.0001 0.0000 0.0000 0.0000 0.0000 -0.0013 -0.0008 0.0000 -0.0004 0.0001 0.0000 0.0000 0.0000 0.0000 0.0000 0.0000 0.0000 0.0002 0.0000 0.0000 -0.0006 0.0003 0.0000 0.0004 -0.0006 0.0000 0.0000 0.0001 0.0000 0.0000 0.0000 0.0000 -0.0010 -0.0002 0.0000 0.0002 30.0001 -0.0001 0.0005 -29.9998 0.0000 0.0000 0.0000 -8.4638 -1.0850 5.4502 -8.4638 -1.0850 5.4502 -136.7801 87.1533 -29.1444 46.3864 64.4985 63.1750 34.9083 1.3267 -2.4269 0.0197 0.5360 0.5655 0.0000 -0.0001 0.0001 0.0000 0.0000 0.0000 0.0000 -0.0006 0.0003 0.0000 -0.0001 0.0001 0.0000 0.0000 0.0000 0.0000 0.0000 0.0000 0.0000 0.0007 0.0001 0.0000 -0.0012 0.0001 0.0000 -0.0008 0.0003 0.0000 0.0001 0.0000 0.0000 0.0000 0.0000 0.0000 -0.0009 0.0000 0.0000 0.0002 -29.9996 -0.0001 -0.0003 29.9996 0.0000 0.0000 0.0000 2.0863 -7.5394 -173.7819 -0.0884 -19.8133 0.0981 -23.3144 75.9483 -20.2179 0.0000 25.0376 0.0000 -15.7476 -8.8177 167.1672 -0.0020 -5.5810 -0.0826 -15.2279 69.8595 -14.1223 0.0000 25.3508 -0.0001 
-1.2681 91.8326 -10.9443 0.3446 -0.1571 -5.5103 1.5609 1.1443 -2.2505 1.5620 1.1452 -2.2520 1.5656 1.1479 -2.2572 113.6214 86.0728 10.6834 -47.8049 64.5593 -45.4583 -20.3483 0.9177 5.9793 -0.0559 0.7514 -1.3074 0.0000 0.0000 0.0001 0.0000 0.0000 0.0000 0.0000 -0.0013 -0.0008 0.0000 -0.0004 0.0001 0.0000 0.0000 0.0000 0.0000 0.0000 0.0000 0.0000 0.0002 0.0000 0.0000 -0.0006 0.0003 0.0000 0.0004 -0.0006 0.0000 0.0000 0.0001 0.0000 0.0000 0.0000 0.0000 -0.0010 -0.0002 0.0000 0.0002 30.0001 -0.0001 0.0005 -29.9998 0.0000 0.0000 0.0000 -8.3684 -1.0586 5.3727 -8.3684 -1.0586 5.3727 -128.7507 86.8453 -21.1742 45.6258 62.5513 62.7833 35.5367 1.1938 -2.3194 0.0205 0.5760 0.6267 0.0000 -0.0001 0.0001 0.0000 0.0000 0.0000 0.0000 -0.0006 0.0003 0.0000 -0.0001 0.0001 0.0000 0.0000 0.0000 0.0000 0.0000 0.0000 0.0000 0.0007 0.0001 0.0000 -0.0012 0.0001 0.0000 -0.0008 0.0003 0.0000 0.0001 0.0000 0.0000 0.0000 0.0000 0.0000 -0.0009 0.0000 0.0000 0.0002 -29.9997 -0.0001 -0.0003 29.9996 0.0000 0.0000 0.0000 2.3186 -7.3806 -173.7305 -0.0983 -19.8470 0.0999 -24.3814 75.9529 -21.1589 0.0000 25.0376 0.0000 -15.5800 -9.3237 167.0047 0.0026 -6.1348 -0.0829 -16.5159 69.3213 -14.6953 0.0000 25.3508 -0.0001 
-1.4994 91.8102 -10.7901 -0.1023 -0.2375 -5.3937 1.5718 1.1663 -2.2643 1.5728 1.1672 -2.2659 1.5764 1.1700 -2.2711 110.2252 85.9931 7.3550 -47.6658 62.8819 -44.9726 -20.9162 0.6506 5.8173 -0.0560 0.7966 -1.4084 0.0000 0.0000 0.0001 0.0000 0.0000 0.0000 0.0000 -0.0013 -0.0008 0.0000 -0.0004 0.0001 0.0000 0.0000 0.0000 0.0000 0.0000 0.0000 0.0000 0.0002 0.0000 0.0000 -0.0006 0.0003 0.0000 0.0004 -0.0006 0.0000 0.0000 0.0001 0.0000 0.0000 0.0000 0.0000 -0.0010 -0.0002 0.0000 0.0002 30.0001 -0.0001 0.0005 -29.9998 0.0000 0.0000 0.0000 -8.2541 -1.0328 5.2834 -8.2541 -1.0328 5.2834 -121.8045 86.4901 -14.3124 44.8968 60.6726 62.3839 36.2028 1.0922 -2.2696 0.0216 0.6141 0.6954 0.0000 -0.0001 0.0001 0.0000 0.0000 0.0000 0.0000 -0.0006 0.0003 0.0000 -0.0001 0.0001 0.0000 0.0000 0.0000 0.0000 0.0000 0.0000 0.0000 0.0007 0.0001 0.0000 -0.0012 0.0001 0.0000 -0.0008 0.0003 0.0000 0.0001 0.0000 0.0000 0.0000 0.0000 0.0000 -0.0009 0.0000 0.0000 0.0002 -29.9996 -0.0001 -0.0003 29.9996 0.0000 0.0000 0.0000 2.5880 -7.1941 -173.6850 -0.1094 -19.8764 0.1019 -25.4552 75.9629 -22.1281 0.0000 25.0376 0.0000 -15.3072 -9.7965 166.8475 0.0071 -6.7283 -0.0831 -17.1010 68.8067 -14.4165 0.0000 25.3508 -0.0001 
-1.7563 91.7832 -10.6255 -0.5526 -0.3353 -5.2669 1.5769 1.1934 -2.2745 1.5780 1.1943 -2.2761 1.5816 1.1972 -2.2813 106.6330 85.8778 3.8076 -47.6384 61.2658 -44.6560 -21.4603 0.3978 5.8405 -0.0570 0.8404 -1.5181 0.0000 0.0000 0.0001 0.0000 0.0000 0.0000 0.0000 -0.0013 -0.0008 0.0000 -0.0004 0.0001 0.0000 0.0000 0.0000 0.0000 0.0000 0.0000 0.0000 0.0002 0.0000 0.0000 -0.0006 0.0003 0.0000 0.0004 -0.0006 0.0000 0.0000 0.0001 0.0000 0.0000 0.0000 0.0000 -0.0010 -0.0002 0.0000 0.0002 30.0001 -0.0001 0.0005 -29.9998 0.0000 0.0000 0.0000 -8.1150 -1.0101 5.1836 -8.1150 -1.0101 5.1836 -115.5830 86.0986 -8.2060 44.1433 58.9457 61.9138 36.8949 1.0237 -2.2950 0.0233 0.6494 0.7704 0.0000 -0.0001 0.0001 0.0000 0.0000 0.0000 0.0000 -0.0006 0.0003 0.0000 -0.0001 0.0001 0.0000 0.0000 0.0000 0.0000 0.0000 0.0000 0.0000 0.0007 0.0001 0.0000 -0.0012 0.0001 0.0000 -0.0008 0.0003 0.0000 0.0001 0.0000 0.0000 0.0000 0.0000 0.0000 -0.0009 0.0000 0.0000 0.0002 -29.9996 -0.0001 -0.0003 29.9996 0.0000 0.0000 0.0000 2.8825 -6.9908 -173.6292 -0.1159 -19.9201 0.1030 -26.5861 75.9705 -23.1757 0.0000 25.0376 0.0000 -14.9165 -10.1712 166.6926 0.0098 -7.3103 -0.0833 -16.5294 68.3391 -12.8509 0.0000 25.3508 -0.0001 
-2.0303 91.7527 -10.4607 -0.9882 -0.4435 -5.1302 1.5754 1.2261 -2.2827 1.5765 1.2271 -2.2843 1.5801 1.2300 -2.2895 103.0693 85.7322 0.2741 -47.5720 59.7649 -44.3571 -21.9551 0.1983 5.9457 -0.0589 0.8830 -1.6311 0.0000 0.0000 0.0001 0.0000 0.0000 0.0000 0.0000 -0.0013 -0.0008 0.0000 -0.0004 0.0001 0.0000 0.0000 0.0000 0.0000 0.0000 0.0000 0.0000 0.0002 0.0000 0.0000 -0.0006 0.0003 0.0000 0.0004 -0.0006 0.0000 0.0000 0.0001 0.0000 0.0000 0.0000 0.0000 -0.0010 -0.0002 0.0000 0.0002 30.0001 -0.0001 0.0005 -29.9998 0.0000 0.0000 0.0000 -7.9600 -0.9940 5.0798 -7.9601 -0.9940 5.0798 -110.1528 85.6834 -2.8963 43.3118 57.3926 61.3405 37.5671 0.9805 -2.3790 0.0255 0.6837 0.8506 0.0000 -0.0001 0.0001 0.0000 0.0000 0.0000 0.0000 -0.0006 0.0003 0.0000 -0.0001 0.0001 0.0000 0.0000 0.0000 0.0000 0.0000 0.0000 0.0000 0.0007 0.0001 0.0000 -0.0011 0.0001 0.0000 -0.0008 0.0003 0.0000 0.0001 0.0000 0.0000 0.0000 0.0000 0.0000 -0.0009 0.0000 0.0000 0.0002 -29.9996 -0.0001 -0.0003 29.9996 0.0000 0.0000 0.0000 3.1743 -6.7875 -173.5695 -0.1198 -19.9861 0.1038 -27.7483 75.9728 -24.2672 0.0000 25.0376 0.0000 -14.4738 -10.4504 166.5311 0.0101 -7.8805 -0.0834 -15.3566 68.0482 -10.6827 0.0000 25.3508 -0.0001 
-2.3147 91.7192 -10.2913 -1.4053 -0.5575 -4.9823 1.5688 1.2631 -2.2910 1.5699 1.2641 -2.2926 1.5734 1.2671 -2.2978 99.5537 85.5603 -3.2228 -47.3745 58.3965 -43.9911 -22.4565 0.0335 6.1618 -0.0621 0.9263 -1.7497 0.0000 0.0000 0.0001 0.0000 0.0000 0.0000 0.0000 -0.0013 -0.0008 0.0000 -0.0004 0.0001 0.0000 0.0000 0.0000 0.0000 0.0000 0.0000 0.0000 0.0002 0.0000 0.0000 -0.0006 0.0003 0.0000 0.0004 -0.0006 0.0000 0.0000 0.0001 0.0000 0.0000 0.0000 0.0000 -0.0010 -0.0002 0.0000 0.0002 30.0001 -0.0001 0.0005 -29.9998 0.0000 0.0000 0.0000 -7.7943 -0.9834 4.9756 -7.7943 -0.9834 4.9756 -105.5275 85.2568 1.6067 42.4144 56.0012 60.6871 38.1872 0.9652 -2.5166 0.0283 0.7175 0.9339 0.0000 -0.0001 0.0001 0.0000 0.0000 0.0000 0.0000 -0.0006 0.0003 0.0000 -0.0001 0.0001 0.0000 0.0000 0.0000 0.0000 0.0000 0.0000 0.0000 0.0007 0.0001 0.0000 -0.0011 0.0001 0.0000 -0.0008 0.0003 0.0000 0.0001 0.0000 0.0000 0.0000 0.0000 0.0000 -0.0009 0.0000 0.0000 0.0002 -29.9996 -0.0001 -0.0003 29.9996 0.0000 0.0000 0.0000 3.4631 -6.5818 -173.5124 -0.1234 -20.0650 0.1045 -28.9076 75.9721 -25.3722 0.0000 25.0376 0.0000 -14.0144 -10.6470 166.3616 0.0074 -8.4470 -0.0833 -13.6595 67.9146 -8.0549 0.0000 25.3508 -0.0001 
-2.6083 91.6790 -10.1000 -1.7977 -0.6759 -4.8092 1.5581 1.3061 -2.3040 1.5592 1.3071 -2.3057 1.5627 1.3101 -2.3109 95.9915 85.3791 -6.7825 -46.9387 57.2287 -43.4929 -22.9743 -0.0205 6.5270 -0.0681 0.9688 -1.8705 0.0000 0.0000 0.0001 0.0000 0.0000 0.0000 0.0000 -0.0013 -0.0008 0.0000 -0.0004 0.0001 0.0000 0.0000 0.0000 0.0000 0.0000 0.0000 0.0000 0.0002 0.0000 0.0000 -0.0006 0.0003 0.0000 0.0004 -0.0006 0.0000 0.0000 0.0001 0.0000 0.0000 0.0000 0.0000 -0.0010 -0.0002 0.0000 0.0002 30.0001 -0.0001 0.0005 -29.9998 0.0000 0.0000 0.0000 -7.6168 -0.9788 4.8751 -7.6168 -0.9788 4.8751 -101.4076 84.8602 5.5940 41.3939 54.8377 59.9079 38.7087 1.0082 -2.7302 0.0323 0.7517 1.0173 0.0000 -0.0001 0.0001 0.0000 0.0000 0.0000 0.0000 -0.0006 0.0003 0.0000 -0.0001 0.0001 0.0000 0.0000 0.0000 0.0000 0.0000 0.0000 0.0000 0.0007 0.0001 0.0000 -0.0011 0.0001 0.0000 -0.0008 0.0003 0.0000 0.0001 0.0000 0.0000 0.0000 0.0000 0.0000 -0.0009 0.0000 0.0000 0.0002 -29.9996 -0.0001 -0.0003 29.9996 0.0000 0.0000 0.0000 3.7401 -6.3600 -173.4734 -0.1315 -20.1536 0.1060 -30.0573 75.9783 -26.4810 0.0000 25.0374 0.0000 -13.5738 -10.7523 166.1799 -0.0021 -9.0136 -0.0825 -11.0778 68.0008 -4.7809 0.0000 25.3508 -0.0001 
-2.9259 91.6299 -9.8924 -2.1600 -0.7883 -4.6171 1.5416 1.3533 -2.3177 1.5427 1.3544 -2.3194 1.5461 1.3575 -2.3246 92.6448 85.2124 -10.1309 -46.3749 56.1696 -42.9269 -23.5079 0.0550 6.9815 -0.0770 1.0079 -1.9924 0.0000 0.0000 0.0001 0.0000 0.0000 0.0000 0.0000 -0.0013 -0.0008 0.0000 -0.0004 0.0001 0.0000 0.0000 0.0000 0.0000 0.0000 0.0000 0.0000 0.0002 0.0000 0.0000 -0.0006 0.0003 0.0000 0.0004 -0.0006 0.0000 0.0000 0.0001 0.0000 0.0000 0.0000 0.0000 -0.0010 -0.0002 0.0000 0.0002 30.0001 -0.0001 0.0005 -29.9998 0.0000 0.0000 0.0000 -7.4307 -0.9782 4.7733 -7.4307 -0.9782 4.7733 -97.6612 84.4886 9.2057 40.3177 53.8191 59.0773 39.1801 1.1429 -3.0162 0.0377 0.7846 1.1014 0.0000 -0.0001 0.0001 0.0000 0.0000 0.0000 0.0000 -0.0006 0.0003 0.0000 -0.0001 0.0001 0.0000 0.0000 0.0000 0.0000 0.0000 0.0000 0.0000 0.0007 0.0001 0.0000 -0.0012 0.0001 0.0000 -0.0008 0.0003 0.0000 0.0001 0.0000 0.0000 0.0000 0.0000 0.0000 -0.0008 0.0000 0.0000 0.0002 -29.9997 -0.0001 -0.0003 29.9996 0.0000 0.0000 0.0000 3.9845 -6.1246 -173.4389 -0.1387 -20.2317 0.1074 -31.2338 75.9785 -27.6150 0.0000 25.0371 0.0000 -13.1875 -10.8270 166.0198 -0.0129 -9.5875 -0.0816 -8.2243 68.2096 -1.4209 0.0000 25.3508 -0.0001 
-3.2798 91.5733 -9.6729 -2.5009 -0.8901 -4.4099 1.5238 1.4014 -2.3324 1.5250 1.4025 -2.3341 1.5283 1.4058 -2.3393 89.7628 85.0589 -13.0103 -45.7625 55.1415 -42.2968 -24.0598 0.2548 7.4711 -0.0888 1.0438 -2.1198 0.0000 0.0000 0.0001 0.0000 0.0000 0.0000 0.0000 -0.0013 -0.0008 0.0000 -0.0004 0.0001 0.0000 0.0000 0.0000 0.0000 0.0000 0.0000 0.0000 0.0002 0.0000 0.0000 -0.0006 0.0003 0.0000 0.0004 -0.0006 0.0000 0.0000 0.0001 0.0000 0.0000 0.0000 0.0000 -0.0010 -0.0002 0.0000 0.0002 30.0001 -0.0001 0.0005 -29.9998 0.0000 0.0000 0.0000 -7.2399 -0.9773 4.6707 -7.2399 -0.9773 4.6707 -94.4384 84.1355 12.3106 39.2978 52.8718 58.2965 39.6297 1.3950 -3.3903 0.0451 0.8142 1.1873 0.0000 -0.0001 0.0001 0.0000 0.0000 0.0000 0.0000 -0.0006 0.0003 0.0000 -0.0001 0.0001 0.0000 0.0000 0.0000 0.0000 0.0000 0.0000 0.0000 0.0007 0.0001 0.0000 -0.0011 0.0001 0.0000 -0.0008 0.0003 0.0000 0.0001 0.0000 0.0000 0.0000 0.0000 0.0000 -0.0008 0.0000 0.0000 0.0002 -29.9997 -0.0001 -0.0003 29.9996 0.0000 0.0000 0.0000 4.2020 -5.8828 -173.3963 -0.1421 -20.2991 0.1081 -32.4791 75.9668 -28.8179 0.0000 25.0368 0.0000 -12.8517 -10.8937 165.8844 -0.0266 -10.1459 -0.0804 -5.4104 68.4523 1.8130 0.0000 25.3508 -0.0001 
-3.6835 91.5112 -9.4442 -2.8198 -0.9727 -4.1857 1.5089 1.4442 -2.3486 1.5101 1.4454 -2.3503 1.5134 1.4487 -2.3555 87.4971 84.9178 -15.2624 -45.2244 54.0817 -41.6767 -24.6248 0.6132 8.0108 -0.1044 1.0744 -2.2581 0.0000 0.0000 0.0001 0.0000 0.0000 0.0000 0.0000 -0.0013 -0.0008 0.0000 -0.0004 0.0001 0.0000 0.0000 0.0000 0.0000 0.0000 0.0000 0.0000 0.0002 0.0000 0.0000 -0.0006 0.0003 0.0000 0.0004 -0.0006 0.0000 0.0000 0.0001 0.0000 0.0000 0.0000 0.0000 -0.0010 -0.0002 0.0000 0.0002 30.0001 -0.0001 0.0005 -29.9998 0.0000 0.0000 0.0000 -7.0423 -0.9679 4.5677 -7.0423 -0.9679 4.5677 -92.0036 83.7965 14.6642 38.6383 51.8824 57.8038 39.9918 1.8171 -3.9335 0.0558 0.8346 1.2751 0.0000 -0.0001 0.0001 0.0000 0.0000 0.0000 0.0000 -0.0006 0.0003 0.0000 -0.0001 0.0001 0.0000 0.0000 0.0000 0.0000 0.0000 0.0000 0.0000 0.0007 0.0001 0.0000 -0.0011 0.0001 0.0000 -0.0008 0.0003 0.0000 0.0001 0.0000 0.0000 0.0000 0.0000 0.0000 -0.0009 0.0000 0.0000 0.0002 -29.9996 -0.0001 -0.0003 29.9996 0.0000 0.0000 0.0000 4.4222 -5.6304 -173.3361 -0.1428 -20.3209 0.1083 -33.7415 75.9303 -30.0756 0.0000 25.0364 0.0000 -12.5706 -10.9312 165.8269 -0.0348 -10.6693 -0.0795 -2.8621 68.6979 4.6797 0.0000 25.3508 -0.0001 
-4.1226 91.4521 -9.2051 -3.1298 -1.0386 -3.9513 1.4944 1.4798 -2.3627 1.4955 1.4811 -2.3645 1.4988 1.4844 -2.3698 85.6782 84.7757 -17.0651 -44.9776 52.8996 -41.2380 -25.1011 1.0418 8.5453 -0.1223 1.0980 -2.4081 0.0000 0.0000 0.0001 0.0000 0.0000 0.0000 0.0000 -0.0013 -0.0008 0.0000 -0.0004 0.0001 0.0000 0.0000 0.0000 0.0000 0.0000 0.0000 0.0000 0.0002 0.0000 0.0000 -0.0006 0.0003 0.0000 0.0004 -0.0006 0.0000 0.0000 0.0001 0.0000 0.0000 0.0000 0.0000 -0.0010 -0.0002 0.0000 0.0002 30.0001 -0.0001 0.0005 -29.9998 0.0000 0.0000 0.0000 -6.8307 -0.9498 4.4578 -6.8307 -0.9498 4.4578 -90.1911 83.4409 16.4299 38.5266 50.7028 57.7083 40.1833 2.3380 -4.6267 0.0692 0.8436 1.3689 0.0000 -0.0001 0.0001 0.0000 0.0000 0.0000 0.0000 -0.0006 0.0003 0.0000 -0.0001 0.0001 0.0000 0.0000 0.0000 0.0000 0.0000 0.0000 0.0000 0.0007 0.0001 0.0000 -0.0012 0.0001 0.0000 -0.0008 0.0003 0.0000 0.0001 0.0000 0.0000 0.0000 0.0000 0.0000 -0.0009 0.0000 0.0000 0.0002 -29.9996 -0.0001 -0.0003 29.9996 0.0000 0.0000 0.0000 4.6690 -5.3556 -173.2585 -0.1415 -20.2782 0.1080 -34.9765 75.8627 -31.3518 0.0000 25.0361 0.0000 -12.2976 -10.9218 165.8044 -0.0436 -11.1449 -0.0785 -0.4948 68.9478 7.2890 0.0000 25.3508 -0.0001 
-4.5832 91.3986 -8.9620 -3.4338 -1.0914 -3.7117 1.4771 1.5093 -2.3725 1.4782 1.5106 -2.3743 1.4814 1.5140 -2.3795 83.9413 84.6036 -18.7652 -45.0721 51.5798 -41.0800 -25.4503 1.4842 9.0514 -0.1409 1.1141 -2.5673 0.0000 0.0000 0.0001 0.0000 0.0000 0.0000 0.0000 -0.0013 -0.0008 0.0000 -0.0004 0.0001 0.0000 0.0000 0.0000 0.0000 0.0000 0.0000 0.0000 0.0002 0.0000 0.0000 -0.0006 0.0003 0.0000 0.0004 -0.0006 0.0000 0.0000 0.0001 0.0000 0.0000 0.0000 0.0000 -0.0010 -0.0002 0.0000 0.0002 30.0001 -0.0001 0.0005 -29.9998 0.0000 0.0000 0.0000 -6.6023 -0.9242 4.3390 -6.6023 -0.9242 4.3390 -88.7188 83.0651 17.8930 38.8827 49.3175 57.9316 40.2094 2.9378 -5.4545 0.0849 0.8409 1.4708 0.0000 -0.0001 0.0001 0.0000 0.0000 0.0000 0.0000 -0.0006 0.0003 0.0000 -0.0001 0.0001 0.0000 0.0000 0.0000 0.0000 0.0000 0.0000 0.0000 0.0007 0.0001 0.0000 -0.0011 0.0001 0.0000 -0.0008 0.0003 0.0000 0.0001 0.0000 0.0000 0.0000 0.0000 0.0000 -0.0009 0.0000 0.0000 0.0002 -29.9996 -0.0001 -0.0003 29.9996 0.0000 0.0000 0.0000 4.9377 -5.0554 -173.1685 -0.1394 -20.1645 0.1074 -36.1525 75.7601 -32.6038 0.0000 25.0358 0.0000 -11.9940 -10.8749 165.8142 -0.0498 -11.6033 -0.0777 1.5925 69.2569 9.5466 0.0000 25.3508 -0.0001 
-5.0592 91.3492 -8.7234 -3.7448 -1.1294 -3.4631 1.4581 1.5292 -2.3780 1.4592 1.5305 -2.3799 1.4623 1.5339 -2.3851 82.2177 84.3647 -20.4465 -45.5423 50.1038 -41.2124 -25.6925 1.8700 9.5086 -0.1587 1.1213 -2.7411 0.0000 0.0000 0.0001 0.0000 0.0000 0.0000 0.0000 -0.0013 -0.0008 0.0000 -0.0004 0.0001 0.0000 0.0000 0.0000 0.0000 0.0000 0.0000 0.0000 0.0002 0.0000 0.0000 -0.0006 0.0003 0.0000 0.0004 -0.0006 0.0000 0.0000 0.0001 0.0000 0.0000 0.0000 0.0000 -0.0010 -0.0002 0.0000 0.0002 30.0001 -0.0001 0.0005 -29.9998 0.0000 0.0000 0.0000 -6.3473 -0.8860 4.2130 -6.3473 -0.8860 4.2130 -87.6242 82.6689 19.0097 39.8112 47.6242 58.4981 40.0287 3.6243 -6.4693 0.1036 0.8229 1.5862 0.0000 -0.0001 0.0001 0.0000 0.0000 0.0000 0.0000 -0.0006 0.0003 0.0000 -0.0001 0.0001 0.0000 0.0000 0.0000 0.0000 0.0000 0.0000 0.0000 0.0007 0.0001 0.0000 -0.0012 0.0001 0.0000 -0.0008 0.0003 0.0000 0.0001 0.0000 0.0000 0.0000 0.0000 0.0000 -0.0009 0.0000 0.0000 0.0002 -29.9996 -0.0001 -0.0003 29.9996 0.0000 0.0000 0.0000 5.2272 -4.7203 -173.0754 -0.1371 -19.9503 0.1068 -37.2459 75.6088 -33.7904 0.0000 25.0357 0.0000 -11.5769 -10.8490 165.8115 -0.0635 -12.0717 -0.0760 3.4402 69.6275 11.4623 0.0000 25.3508 -0.0001 
-5.5363 91.3025 -8.4969 -4.0683 -1.1569 -3.2107 1.4352 1.5387 -2.3811 1.4363 1.5399 -2.3829 1.4394 1.5434 -2.3881 80.4368 84.0374 -22.1991 -46.1468 48.5847 -41.4555 -25.9393 2.1601 9.8858 -0.1741 1.1207 -2.9271 0.0000 0.0000 0.0001 0.0000 0.0000 0.0000 0.0000 -0.0013 -0.0008 0.0000 -0.0004 0.0001 0.0000 0.0000 0.0000 0.0000 0.0000 0.0000 0.0000 0.0002 0.0000 0.0000 -0.0006 0.0003 0.0000 0.0004 -0.0006 0.0000 0.0000 0.0001 0.0000 0.0000 0.0000 0.0000 -0.0010 -0.0002 0.0000 0.0002 30.0001 -0.0001 0.0005 -29.9998 0.0000 0.0000 0.0000 -6.0705 -0.8336 4.0813 -6.0705 -0.8336 4.0813 -86.7623 82.2548 19.9232 40.9296 45.8028 59.0750 39.7486 4.3308 -7.5790 0.1241 0.7957 1.7158 0.0000 -0.0001 0.0001 0.0000 0.0000 0.0000 0.0000 -0.0006 0.0003 0.0000 -0.0001 0.0001 0.0000 0.0000 0.0000 0.0000 0.0000 0.0000 0.0000 0.0007 0.0001 0.0000 -0.0012 0.0001 0.0000 -0.0008 0.0003 0.0000 0.0001 0.0000 0.0000 0.0000 0.0000 0.0000 -0.0009 0.0000 0.0000 0.0002 -29.9996 -0.0001 -0.0003 29.9996 0.0000 0.0000 0.0000 5.5210 -4.3687 -172.9865 -0.1378 -19.6750 0.1066 -38.2569 75.4242 -34.8861 0.0000 25.0356 0.0000 -11.0269 -10.8894 165.8061 -0.0838 -12.5827 -0.0735 5.3355 69.9747 13.3042 0.0000 25.3508 -0.0001 
-6.0169 91.2588 -8.2823 -4.3986 -1.1728 -2.9624 1.4040 1.5393 -2.3772 1.4050 1.5405 -2.3790 1.4081 1.5440 -2.3843 78.5401 83.6466 -24.0895 -46.7698 47.0907 -41.7569 -26.2267 2.3271 10.2250 -0.1867 1.1169 -3.1224 0.0000 0.0000 0.0001 0.0000 0.0000 0.0000 0.0000 -0.0013 -0.0008 0.0000 -0.0004 0.0001 0.0000 0.0000 0.0000 0.0000 0.0000 0.0000 0.0000 0.0002 0.0000 0.0000 -0.0006 0.0003 0.0000 0.0004 -0.0006 0.0000 0.0000 0.0001 0.0000 0.0000 0.0000 0.0000 -0.0010 -0.0002 0.0000 0.0002 30.0001 -0.0001 0.0005 -29.9998 0.0000 0.0000 0.0000 -5.7751 -0.7721 3.9395 -5.7751 -0.7721 3.9395 -85.9649 81.8270 20.7907 42.0158 43.9704 59.4823 39.4209 5.0263 -8.7199 0.1460 0.7638 1.8609 0.0000 -0.0001 0.0001 0.0000 0.0000 0.0000 0.0000 -0.0006 0.0003 0.0000 -0.0001 0.0001 0.0000 0.0000 0.0000 0.0000 0.0000 0.0000 0.0000 0.0007 0.0001 0.0000 -0.0012 0.0001 0.0000 -0.0008 0.0003 0.0000 0.0001 0.0000 0.0000 0.0000 0.0000 0.0000 -0.0009 0.0000 0.0000 0.0002 -29.9996 -0.0001 -0.0003 29.9996 0.0000 0.0000 0.0000 5.7960 -4.0202 -172.8954 -0.1412 -19.3776 0.1068 -39.2316 75.2177 -35.9232 0.0000 25.0355 0.0000 -10.3751 -10.9726 165.8226 -0.1058 -13.1315 -0.0706 7.2350 70.3039 15.0376 0.0000 25.3508 -0.0001 
-6.5207 91.1978 -8.0717 -4.7356 -1.1754 -2.7279 1.3606 1.5297 -2.3613 1.3616 1.5309 -2.3630 1.3646 1.5344 -2.3683 76.2970 83.1736 -26.3490 -47.2702 45.6523 -42.0278 -26.6266 2.3243 10.5051 -0.1942 1.1082 -3.3243 0.0000 0.0000 0.0001 0.0000 0.0000 0.0000 0.0000 -0.0013 -0.0008 0.0000 -0.0004 0.0001 0.0000 0.0000 0.0000 0.0000 0.0000 0.0000 0.0000 0.0002 0.0000 0.0000 -0.0006 0.0003 0.0000 0.0004 -0.0006 0.0000 0.0000 0.0001 0.0000 0.0000 0.0000 0.0000 -0.0010 -0.0002 0.0000 0.0002 30.0001 -0.0001 0.0005 -29.9998 0.0000 0.0000 0.0000 -5.4541 -0.6944 3.7839 -5.4541 -0.6944 3.7839 -85.1016 81.3960 21.7501 42.7395 42.3286 59.4330 39.1893 5.6892 -9.8414 0.1697 0.7346 2.0269 0.0000 -0.0001 0.0001 0.0000 0.0000 0.0000 0.0000 -0.0006 0.0003 0.0000 -0.0001 0.0001 0.0000 0.0000 0.0000 0.0000 0.0000 0.0000 0.0000 0.0007 0.0001 0.0000 -0.0012 0.0001 0.0000 -0.0008 0.0003 0.0000 0.0001 0.0000 0.0000 0.0000 0.0000 0.0000 -0.0009 0.0000 0.0000 0.0002 -29.9996 -0.0001 -0.0003 29.9996 0.0000 0.0000 0.0000 6.0292 -3.6722 -172.7812 -0.1437 -19.0645 0.1068 -40.2497 74.9931 -36.9547 0.0000 25.0353 0.0000 -9.6207 -11.0693 165.8948 -0.1249 -13.7057 -0.0678 9.0658 70.6207 16.5654 0.0000 25.3508 -0.0001 
-7.0564 91.1432 -7.8513 -5.0793 -1.1668 -2.5137 1.3151 1.5138 -2.3337 1.3160 1.5149 -2.3354 1.3189 1.5185 -2.3406 74.1712 82.6703 -28.5388 -47.4676 44.3082 -42.0226 -27.2448 2.2646 10.6909 -0.1984 1.0921 -3.5339 0.0000 0.0000 0.0001 0.0000 0.0000 0.0000 0.0000 -0.0013 -0.0008 0.0000 -0.0004 0.0001 0.0000 0.0000 0.0000 0.0000 0.0000 0.0000 0.0000 0.0002 0.0000 0.0000 -0.0006 0.0003 0.0000 0.0004 -0.0006 0.0000 0.0000 0.0001 0.0000 0.0000 0.0000 0.0000 -0.0010 -0.0002 0.0000 0.0002 30.0001 -0.0001 0.0005 -29.9998 0.0000 0.0000 0.0000 -5.1252 -0.6097 3.6199 -5.1252 -0.6097 3.6199 -84.2308 80.9654 22.7515 43.0080 40.9530 58.9011 39.1419 6.3439 -10.8910 0.1960 0.7099 2.2145 0.0000 -0.0001 0.0001 0.0000 0.0000 0.0000 0.0000 -0.0006 0.0003 0.0000 -0.0001 0.0001 0.0000 0.0000 0.0000 0.0000 0.0000 0.0000 0.0000 0.0007 0.0001 0.0000 -0.0012 0.0001 0.0000 -0.0008 0.0003 0.0000 0.0001 0.0000 0.0000 0.0000 0.0000 0.0000 -0.0009 0.0000 0.0000 0.0002 -29.9996 -0.0001 -0.0003 29.9996 0.0000 0.0000 0.0000 6.2259 -3.3084 -172.6327 -0.1440 -18.7217 0.1064 -41.3149 74.7504 -37.9842 0.0000 25.0350 0.0000 -8.8491 -11.1540 166.0206 -0.1407 -14.2845 -0.0651 10.8213 70.9417 17.9748 0.0000 25.3508 -0.0001 
-7.6204 91.0881 -7.6173 -5.4332 -1.1433 -2.3224 1.2684 1.4902 -2.2938 1.2693 1.4914 -2.2954 1.2722 1.4949 -2.3006 72.3098 82.1559 -30.5004 -47.4063 43.0414 -41.7579 -28.0582 2.1756 10.7861 -0.1999 1.0682 -3.7517 0.0000 0.0000 0.0001 0.0000 0.0000 0.0000 0.0000 -0.0013 -0.0008 0.0000 -0.0004 0.0001 0.0000 0.0000 0.0000 0.0000 0.0000 0.0000 0.0000 0.0002 0.0000 0.0000 -0.0006 0.0003 0.0000 0.0004 -0.0006 0.0000 0.0000 0.0001 0.0000 0.0000 0.0000 0.0000 -0.0010 -0.0002 0.0000 0.0002 30.0001 -0.0001 0.0005 -29.9998 0.0000 0.0000 0.0000 -4.7872 -0.5221 3.4461 -4.7872 -0.5221 3.4461 -83.4786 80.5252 23.6718 42.8921 39.8336 57.9712 39.2603 6.9950 -11.8742 0.2255 0.6899 2.4248 0.0000 -0.0001 0.0001 0.0000 0.0000 0.0000 0.0000 -0.0006 0.0003 0.0000 -0.0001 0.0001 0.0000 0.0000 0.0000 0.0000 0.0000 0.0000 0.0000 0.0007 0.0001 0.0000 -0.0012 0.0001 0.0000 -0.0008 0.0003 0.0000 0.0001 0.0000 0.0000 0.0000 0.0000 0.0000 -0.0009 0.0000 0.0000 0.0002 -29.9997 -0.0001 -0.0003 29.9996 0.0000 0.0000 0.0000 6.4143 -2.8980 -172.4496 -0.1433 -18.2819 0.1057 -42.3186 74.4705 -38.9214 0.0000 25.0346 0.0000 -8.0858 -11.2456 166.1788 -0.1584 -14.8567 -0.0621 12.5909 71.2540 19.3952 0.0000 25.3508 -0.0001 
-8.2264 91.0563 -7.3644 -5.8115 -1.0912 -2.1704 1.2205 1.4547 -2.2334 1.2213 1.4558 -2.2348 1.2240 1.4592 -2.2400 70.4982 81.6485 -32.4264 -47.0319 41.8098 -41.2137 -29.0682 2.0894 10.8145 -0.1998 1.0377 -3.9796 0.0000 0.0000 0.0001 0.0000 0.0000 0.0000 0.0000 -0.0013 -0.0008 0.0000 -0.0004 0.0001 0.0000 0.0000 0.0000 0.0000 0.0000 0.0000 0.0000 0.0002 0.0000 0.0000 -0.0006 0.0003 0.0000 0.0004 -0.0006 0.0000 0.0000 0.0001 0.0000 0.0000 0.0000 0.0000 -0.0010 -0.0002 0.0000 0.0002 30.0001 -0.0001 0.0005 -29.9998 0.0000 0.0000 0.0000 -4.4281 -0.4424 3.2593 -4.4281 -0.4424 3.2593 -82.7699 80.0690 24.5823 42.2843 39.0019 56.5306 39.5148 7.5956 -12.7611 0.2590 0.6823 2.6646 0.0000 -0.0001 0.0001 0.0000 0.0000 0.0000 0.0000 -0.0006 0.0003 0.0000 -0.0001 0.0001 0.0000 0.0000 0.0000 0.0000 0.0000 0.0000 0.0000 0.0007 0.0001 0.0000 -0.0012 0.0001 0.0000 -0.0008 0.0003 0.0000 0.0001 0.0000 0.0000 0.0000 0.0000 0.0000 -0.0008 0.0000 0.0000 0.0002 -29.9996 -0.0001 -0.0003 29.9996 0.0000 0.0000 0.0000 6.6386 -2.4168 -172.2077 -0.1422 -17.6647 0.1048 -43.1614 74.1289 -39.6883 0.0000 25.0342 0.0000 -7.3763 -11.3468 166.3847 -0.1773 -15.4130 -0.0588 14.1861 71.6108 20.6741 0.0000 25.3508 -0.0001 
-8.8708 91.0232 -7.1094 -6.2224 -1.0108 -2.0466 1.1753 1.4122 -2.1582 1.1760 1.4132 -2.1595 1.1787 1.4166 -2.1647 68.7891 81.1473 -34.2515 -46.4400 40.5516 -40.4808 -30.2064 2.0640 10.8137 -0.2003 0.9985 -4.2200 0.0000 0.0000 0.0001 0.0000 0.0000 0.0000 0.0000 -0.0013 -0.0008 0.0000 -0.0004 0.0001 0.0000 0.0000 0.0000 0.0000 0.0000 0.0000 0.0000 0.0002 0.0000 0.0000 -0.0006 0.0003 0.0000 0.0004 -0.0006 0.0000 0.0000 0.0001 0.0000 0.0000 0.0000 0.0000 -0.0010 -0.0002 0.0000 0.0002 30.0001 -0.0001 0.0005 -29.9998 0.0000 0.0000 0.0000 -4.0449 -0.3767 3.0726 -4.0449 -0.3767 3.0726 -81.9766 79.5884 25.5792 41.4121 38.2661 54.7855 39.7513 8.1406 -13.5715 0.2966 0.6835 2.9339 0.0000 -0.0001 0.0001 0.0000 0.0000 0.0000 0.0000 -0.0006 0.0003 0.0000 -0.0001 0.0001 0.0000 0.0000 0.0000 0.0000 0.0000 0.0000 0.0000 0.0007 0.0001 0.0000 -0.0012 0.0001 0.0000 -0.0008 0.0003 0.0000 0.0001 0.0000 0.0000 0.0000 0.0000 0.0000 -0.0009 0.0000 0.0000 0.0002 -29.9997 -0.0001 -0.0003 29.9996 0.0000 0.0000 0.0000 6.9365 -1.8979 -171.9136 -0.1384 -16.9122 0.1033 -43.8560 73.7334 -40.3294 0.0000 25.0337 0.0000 -6.7577 -11.4311 166.6443 -0.1962 -15.9328 -0.0553 15.5216 72.0610 21.7776 0.0000 25.3508 -0.0001 
-9.5454 90.9916 -6.8681 -6.6636 -0.9001 -1.9468 1.1329 1.3645 -2.0713 1.1335 1.3654 -2.0725 1.1362 1.3688 -2.0775 67.2603 80.6507 -35.9052 -45.7002 39.2362 -39.5804 -31.4487 2.1122 10.7632 -0.2018 0.9472 -4.4759 0.0000 0.0000 0.0001 0.0000 0.0000 0.0000 0.0000 -0.0013 -0.0008 0.0000 -0.0004 0.0001 0.0000 0.0000 0.0000 0.0000 0.0000 0.0000 0.0000 0.0002 0.0000 0.0000 -0.0006 0.0003 0.0000 0.0004 -0.0006 0.0000 0.0000 0.0001 0.0000 0.0000 0.0000 0.0000 -0.0010 -0.0002 0.0000 0.0002 30.0001 -0.0001 0.0005 -29.9998 0.0000 0.0000 0.0000 -3.6436 -0.3323 2.8906 -3.6436 -0.3323 2.8906 -81.0871 79.0867 26.6681 40.3723 37.5471 52.8245 39.9504 8.6431 -14.3229 0.3386 0.6905 3.2342 0.0000 -0.0001 0.0001 0.0000 0.0000 0.0000 0.0000 -0.0006 0.0003 0.0000 -0.0001 0.0001 0.0000 0.0000 0.0000 0.0000 0.0000 0.0000 0.0000 0.0007 0.0001 0.0000 -0.0011 0.0001 0.0000 -0.0008 0.0003 0.0000 0.0001 0.0000 0.0000 0.0000 0.0000 0.0000 -0.0009 0.0000 0.0000 0.0002 -29.9996 -0.0001 -0.0003 29.9996 0.0000 0.0000 0.0000 7.2996 -1.4105 -171.5761 -0.1334 -16.1369 0.1016 -44.5072 73.3167 -40.9557 0.0000 25.0333 0.0000 -6.2263 -11.5132 166.9610 -0.2132 -16.4197 -0.0521 16.5719 72.5900 22.6885 0.0000 25.3508 -0.0001 
-10.2497 90.9320 -6.6770 -7.1380 -0.7444 -1.8774 1.0877 1.3105 -1.9688 1.0882 1.3113 -1.9698 1.0909 1.3146 -1.9746 65.8759 80.1712 -37.4307 -44.8408 37.8736 -38.5641 -32.8190 2.2660 10.7490 -0.2059 0.8784 -4.7477 0.0000 0.0000 0.0001 0.0000 0.0000 0.0000 0.0000 -0.0013 -0.0008 0.0000 -0.0004 0.0001 0.0000 0.0000 0.0000 0.0000 0.0000 0.0000 0.0000 0.0002 0.0000 0.0000 -0.0006 0.0003 0.0000 0.0004 -0.0006 0.0000 0.0000 0.0001 0.0000 0.0000 0.0000 0.0000 -0.0010 -0.0002 0.0000 0.0002 30.0001 -0.0001 0.0005 -29.9998 0.0000 0.0000 0.0000 -3.2129 -0.3221 2.7178 -3.2129 -0.3221 2.7178 -80.1552 78.6003 27.7883 39.1606 36.7952 50.5820 40.0935 9.1035 -15.0192 0.3867 0.7056 3.5764 0.0000 -0.0001 0.0001 0.0000 0.0000 0.0000 0.0000 -0.0006 0.0003 0.0000 -0.0001 0.0001 0.0000 0.0000 0.0000 0.0000 0.0000 0.0000 0.0000 0.0007 0.0001 0.0000 -0.0012 0.0001 0.0000 -0.0008 0.0003 0.0000 0.0001 0.0000 0.0000 0.0000 0.0000 0.0000 -0.0009 0.0000 0.0000 0.0002 -29.9996 -0.0001 -0.0003 29.9996 0.0000 0.0000 0.0000 7.7328 -1.0360 -171.1868 -0.1296 -15.4227 0.1002 -45.1627 72.8804 -41.6370 0.0000 25.0331 0.0000 -5.7852 -11.6332 167.3488 -0.2277 -16.8833 -0.0490 17.1563 73.1865 23.2430 0.0000 25.3508 -0.0001 
-10.9668 90.8652 -6.5372 -7.6169 -0.5721 -1.8300 1.0332 1.2584 -1.8555 1.0336 1.2590 -1.8564 1.0362 1.2623 -1.8611 64.5892 79.7113 -38.8718 -43.9820 36.4598 -37.5327 -34.1938 2.4630 10.8012 -0.2108 0.7933 -5.0281 0.0000 0.0000 0.0001 0.0000 0.0000 0.0000 0.0000 -0.0013 -0.0008 0.0000 -0.0004 0.0001 0.0000 0.0000 0.0000 0.0000 0.0000 0.0000 0.0000 0.0002 0.0000 0.0000 -0.0006 0.0003 0.0000 0.0004 -0.0006 0.0000 0.0000 0.0001 0.0000 0.0000 0.0000 0.0000 -0.0010 -0.0002 0.0000 0.0002 30.0001 -0.0001 0.0005 -29.9998 0.0000 0.0000 0.0000 -2.7610 -0.3364 2.5531 -2.7610 -0.3364 2.5532 -79.1156 78.0980 28.9570 37.9738 36.0150 48.3180 40.1500 9.5080 -15.7843 0.4406 0.7207 3.9647 0.0000 -0.0001 0.0001 0.0000 0.0000 0.0000 0.0000 -0.0006 0.0003 0.0000 -0.0001 0.0001 0.0000 0.0000 0.0000 0.0000 0.0000 0.0000 0.0000 0.0007 0.0001 0.0000 -0.0012 0.0001 0.0000 -0.0008 0.0003 0.0000 0.0001 0.0000 0.0000 0.0000 0.0000 0.0000 -0.0009 0.0000 0.0000 0.0002 -29.9996 -0.0001 -0.0003 29.9996 0.0000 0.0000 0.0000 8.1960 -0.7678 -170.7650 -0.1288 -14.8073 0.0994 -45.8299 72.4357 -42.3722 0.0000 25.0330 0.0000 -5.3268 -11.8223 167.7537 -0.2480 -17.3706 -0.0450 17.4823 73.7685 23.5397 0.0000 25.3508 -0.0001 
-11.6956 90.7890 -6.4294 -8.0845 -0.4003 -1.8044 0.9696 1.2126 -1.7341 0.9700 1.2132 -1.7348 0.9725 1.2164 -1.7392 63.4555 79.2487 -40.1919 -43.1683 35.0332 -36.5078 -35.5360 2.6750 10.9076 -0.2149 0.6916 -5.3140 0.0000 0.0000 0.0001 0.0000 0.0000 0.0000 0.0000 -0.0013 -0.0008 0.0000 -0.0004 0.0001 0.0000 0.0000 0.0000 0.0000 0.0000 0.0000 0.0000 0.0002 0.0000 0.0000 -0.0006 0.0003 0.0000 0.0004 -0.0006 0.0000 0.0000 0.0001 0.0000 0.0000 0.0000 0.0000 -0.0010 -0.0002 0.0000 0.0002 30.0001 -0.0001 0.0005 -29.9998 0.0000 0.0000 0.0000 -2.2982 -0.3689 2.3956 -2.2982 -0.3689 2.3956 -78.0418 77.5783 30.1103 36.8402 35.1792 46.0734 40.1135 9.8913 -16.5938 0.5002 0.7380 4.3808 0.0000 -0.0001 0.0001 0.0000 0.0000 0.0000 0.0000 -0.0006 0.0003 0.0000 -0.0001 0.0001 0.0000 0.0000 0.0000 0.0000 0.0000 0.0000 0.0000 0.0007 0.0001 0.0000 -0.0012 0.0001 0.0000 -0.0008 0.0003 0.0000 0.0001 0.0000 0.0000 0.0000 0.0000 0.0000 -0.0009 0.0000 0.0000 0.0002 -29.9997 -0.0001 -0.0003 29.9996 0.0000 0.0000 0.0000 8.6742 -0.5351 -170.3112 -0.1286 -14.2059 0.0987 -46.4433 71.9613 -43.0805 0.0000 25.0330 0.0000 -4.7951 -12.0566 168.1534 -0.2786 -17.8966 -0.0390 17.7115 74.3219 23.6663 0.0000 25.3508 -0.0001 
-12.4399 90.7253 -6.3329 -8.5245 -0.2412 -1.8134 0.9020 1.1775 -1.6006 0.9024 1.1780 -1.6011 0.9047 1.1812 -1.6053 62.5512 78.7630 -41.3180 -42.4509 33.6279 -35.4879 -36.8060 2.9183 11.0883 -0.2191 0.5719 -5.6112 0.0000 0.0000 0.0001 0.0000 0.0000 0.0000 0.0000 -0.0013 -0.0008 0.0000 -0.0004 0.0001 0.0000 0.0000 0.0000 0.0000 0.0000 0.0000 0.0000 0.0002 0.0000 0.0000 -0.0006 0.0003 0.0000 0.0004 -0.0006 0.0000 0.0000 0.0001 0.0000 0.0000 0.0000 0.0000 -0.0010 -0.0002 0.0000 0.0002 30.0001 -0.0001 0.0005 -29.9998 0.0000 0.0000 0.0000 -1.8406 -0.4217 2.2449 -1.8406 -0.4217 2.2449 -77.0881 77.0657 31.1081 35.8079 34.3666 44.0413 40.0313 10.2914 -17.4901 0.5611 0.8075 4.6577 0.0000 -0.0001 0.0001 0.0000 0.0000 0.0000 0.0000 -0.0006 0.0003 0.0000 -0.0001 0.0001 0.0000 0.0000 0.0000 0.0000 0.0000 0.0000 0.0000 0.0007 0.0001 0.0000 -0.0012 0.0001 0.0000 -0.0008 0.0003 0.0000 0.0001 0.0000 0.0000 0.0000 0.0000 0.0000 -0.0009 0.0000 0.0000 0.0002 -29.9996 -0.0001 -0.0003 29.9996 0.0000 0.0000 0.0000 9.1615 -0.2979 -169.8093 -0.1278 -13.5769 0.0979 -46.9925 71.4471 -43.7494 0.0000 25.0331 0.0000 -4.0685 -12.3437 168.5482 -0.3180 -18.5042 -0.0311 17.9298 74.8223 23.5703 0.0000 25.3508 -0.0001 
-13.1890 90.6533 -6.2241 -8.9493 -0.0976 -1.8525 0.8419 1.1515 -1.4566 0.8422 1.1520 -1.4571 0.8444 1.1551 -1.4609 61.9596 78.2682 -42.1372 -41.8528 32.3076 -34.5662 -38.0203 3.1707 11.3009 -0.2228 0.4623 -5.8161 0.0000 0.0000 0.0001 0.0000 0.0000 0.0000 0.0000 -0.0013 -0.0008 0.0000 -0.0004 0.0001 0.0000 0.0000 0.0000 0.0000 0.0000 0.0000 0.0000 0.0002 0.0000 0.0000 -0.0006 0.0003 0.0000 0.0004 -0.0006 0.0000 0.0000 0.0001 0.0000 0.0000 0.0000 0.0000 -0.0010 -0.0002 0.0000 0.0002 30.0001 -0.0001 0.0005 -29.9998 0.0000 0.0000 0.0000 -1.4031 -0.4857 2.0931 -1.4031 -0.4857 2.0931 -76.3882 76.5692 31.8428 34.8892 33.5981 42.1878 39.9962 10.7480 -18.4659 0.6234 0.9047 4.8289 0.0000 -0.0001 0.0001 0.0000 0.0000 0.0000 0.0000 -0.0006 0.0003 0.0000 -0.0001 0.0001 0.0000 0.0000 0.0000 0.0000 0.0000 0.0000 0.0000 0.0007 0.0001 0.0000 -0.0012 0.0001 0.0000 -0.0008 0.0003 0.0000 0.0001 0.0000 0.0000 0.0000 0.0000 0.0000 -0.0009 0.0000 0.0000 0.0002 -29.9996 -0.0001 -0.0003 29.9996 0.0000 0.0000 0.0000 9.6706 -0.0612 -169.2706 -0.1277 -12.9707 0.0972 -47.5455 70.9325 -44.4490 0.0000 25.0333 0.0000 -3.1630 -12.6629 168.9611 -0.3549 -19.1705 -0.0230 18.1638 75.2838 23.2924 0.0000 25.3508 -0.0001 
-13.9408 90.5623 -6.1080 -9.3606 0.0376 -1.9267 0.7907 1.1285 -1.3014 0.7909 1.1289 -1.3018 0.7930 1.1320 -1.3053 61.7441 77.7761 -42.5784 -41.3665 31.1134 -33.7984 -39.1939 3.4200 11.5365 -0.2272 0.3914 -5.8660 0.0000 0.0000 0.0001 0.0000 0.0000 0.0000 0.0000 -0.0013 -0.0008 0.0000 -0.0004 0.0001 0.0000 0.0000 0.0000 0.0000 0.0000 0.0000 0.0000 0.0002 -0.0001 0.0000 -0.0006 0.0003 0.0000 0.0004 -0.0006 0.0000 0.0000 0.0001 0.0000 0.0000 0.0000 0.0000 -0.0010 -0.0002 0.0000 0.0002 30.0001 -0.0001 0.0005 -29.9998 0.0000 0.0000 0.0000 -0.9890 -0.5522 1.9388 -0.9890 -0.5522 1.9388 -75.9618 76.0716 32.2919 34.0795 32.8389 40.4265 39.9896 11.2618 -19.5278 0.6914 0.9947 5.0030 0.0000 -0.0001 0.0001 0.0000 0.0000 0.0000 0.0000 -0.0006 0.0003 0.0000 -0.0001 0.0001 0.0000 0.0000 0.0000 0.0000 0.0000 0.0000 0.0000 0.0007 0.0001 0.0000 -0.0012 0.0001 0.0000 -0.0008 0.0003 0.0000 0.0001 0.0000 0.0000 0.0000 0.0000 0.0000 -0.0009 0.0000 0.0000 0.0002 -29.9996 -0.0001 -0.0003 29.9996 0.0000 0.0000 0.0000 10.2068 0.1455 -168.6911 -0.1286 -12.4204 0.0967 -48.1122 70.4299 -45.1959 0.0000 25.0336 0.0000 -2.1370 -13.0001 169.4011 -0.3902 -19.8774 -0.0146 18.4531 75.7315 22.9179 0.0000 25.3508 -0.0001 
-14.7085 90.4607 -5.9946 -9.7397 0.1535 -2.0304 0.7478 1.1064 -1.1377 0.7479 1.1067 -1.1380 0.7500 1.1098 -1.1411 62.0740 77.2971 -42.4733 -40.9504 30.0485 -32.9844 -40.3131 3.6752 11.8013 -0.2334 0.3303 -5.9194 0.0000 0.0000 0.0001 0.0000 0.0000 0.0000 0.0000 -0.0013 -0.0008 0.0000 -0.0004 0.0001 0.0000 0.0000 0.0000 0.0000 0.0000 0.0000 0.0000 0.0002 0.0000 0.0000 -0.0006 0.0003 0.0000 0.0004 -0.0006 0.0000 0.0000 0.0001 0.0000 0.0000 0.0000 0.0000 -0.0010 -0.0002 0.0000 0.0002 30.0001 -0.0001 0.0005 -29.9998 0.0000 0.0000 0.0000 -0.6084 -0.6076 1.7872 -0.6084 -0.6076 1.7872 -76.0249 75.5572 32.2682 33.4141 32.0939 38.7715 39.9872 11.8767 -20.6908 0.7678 1.0794 5.1775 0.0000 -0.0001 0.0001 0.0000 0.0000 0.0000 0.0000 -0.0006 0.0003 0.0000 -0.0001 0.0001 0.0000 0.0000 0.0000 0.0000 0.0000 0.0000 0.0000 0.0007 0.0001 0.0000 -0.0012 0.0001 0.0000 -0.0008 0.0003 0.0000 0.0001 0.0000 0.0000 0.0000 0.0000 0.0000 -0.0009 0.0000 0.0000 0.0002 -29.9996 -0.0001 -0.0003 29.9996 0.0000 0.0000 0.0000 10.7748 0.2970 -168.0644 -0.1288 -11.9656 0.0962 -48.6885 69.9433 -46.0047 0.0000 25.0338 0.0000 -1.0431 -13.2496 169.8665 -0.4263 -20.5574 -0.0057 18.8812 76.2066 22.5343 0.0000 25.3508 -0.0001 
-15.4966 90.3596 -5.8933 -10.0717 0.2518 -2.1465 0.7072 1.0813 -0.9704 0.7073 1.0816 -0.9706 0.7093 1.0846 -0.9733 62.7668 76.8191 -41.9912 -40.5400 29.0872 -32.1226 -41.4025 3.9577 12.0508 -0.2424 0.2781 -5.9746 0.0000 0.0000 0.0001 0.0000 0.0000 0.0000 0.0000 -0.0013 -0.0008 0.0000 -0.0004 0.0001 0.0000 0.0000 0.0000 0.0000 0.0000 0.0000 0.0000 0.0002 -0.0001 0.0000 -0.0006 0.0003 0.0000 0.0004 -0.0006 0.0000 0.0000 0.0001 0.0000 0.0000 0.0000 0.0000 -0.0010 -0.0002 0.0000 0.0002 30.0001 -0.0001 0.0005 -29.9998 0.0000 0.0000 0.0000 -0.2584 -0.6382 1.6402 -0.2584 -0.6382 1.6402 -76.4850 75.0657 31.9207 32.8983 31.3405 37.0858 39.9878 12.5116 -21.8626 0.8478 1.1569 5.3508 0.0000 -0.0001 0.0001 0.0000 0.0000 0.0000 0.0000 -0.0006 0.0003 0.0000 -0.0001 0.0001 0.0000 0.0000 0.0000 0.0000 0.0000 0.0000 0.0000 0.0007 0.0001 0.0000 -0.0012 0.0001 0.0000 -0.0008 0.0003 0.0000 0.0001 0.0000 0.0000 0.0000 0.0000 0.0000 -0.0009 0.0000 0.0000 0.0002 -29.9996 -0.0001 -0.0003 29.9996 0.0000 0.0000 0.0000 11.3511 0.4880 -167.4100 -0.1249 -11.4033 0.0952 -49.0582 69.3983 -46.6103 0.0000 25.0340 0.0000 -0.0216 -13.3830 170.3640 -0.4591 -21.1713 0.0028 19.3308 76.7350 22.1595 0.0000 25.3508 -0.0001 
-16.2945 90.2731 -5.8091 -10.3493 0.3222 -2.2757 0.6643 1.0587 -0.7970 0.6644 1.0589 -0.7971 0.6663 1.0619 -0.7994 63.6704 76.3730 -41.2873 -40.1256 28.2067 -31.1811 -42.4686 4.2532 12.2836 -0.2533 0.2337 -6.0316 0.0000 0.0000 0.0001 0.0000 0.0000 0.0000 0.0000 -0.0013 -0.0008 0.0000 -0.0004 0.0001 0.0000 0.0000 0.0000 0.0000 0.0000 0.0000 0.0000 0.0002 0.0000 0.0000 -0.0006 0.0003 0.0000 0.0004 -0.0006 0.0000 0.0000 0.0001 0.0000 0.0000 0.0000 0.0000 -0.0010 -0.0002 0.0000 0.0002 30.0001 -0.0002 0.0005 -29.9998 0.0000 0.0000 0.0000 0.0645 -0.6433 1.4930 0.0645 -0.6433 1.4930 -77.1509 74.5824 31.4266 32.5451 30.5914 35.3968 39.9731 13.1299 -23.0600 0.9290 1.2253 5.5215 0.0000 -0.0001 0.0001 0.0000 0.0000 0.0000 0.0000 -0.0006 0.0003 0.0000 -0.0001 0.0001 0.0000 0.0000 0.0000 0.0000 0.0000 0.0000 0.0000 0.0007 0.0001 0.0000 -0.0012 0.0001 0.0000 -0.0008 0.0003 0.0000 0.0001 0.0000 0.0000 0.0000 0.0000 0.0000 -0.0009 0.0000 0.0000 0.0002 -29.9996 -0.0001 -0.0003 29.9996 0.0000 0.0000 0.0000 11.9073 0.7253 -166.7370 -0.1192 -10.7365 0.0939 -49.2120 68.7952 -46.9816 0.0000 25.0340 0.0000 0.8940 -13.4296 170.9107 -0.4801 -21.7183 0.0091 19.6595 77.2911 21.7017 0.0000 25.3508 -0.0001 
-17.0890 90.1860 -5.7580 -10.5220 0.3465 -2.4094 0.6047 1.0368 -0.6240 0.6048 1.0370 -0.6241 0.6065 1.0400 -0.6258 64.7576 75.9625 -40.4073 -39.6626 27.4394 -30.0944 -43.4760 4.5749 12.5092 -0.2681 0.2040 -6.0945 0.0000 0.0000 0.0001 0.0000 0.0000 0.0000 0.0000 -0.0013 -0.0008 0.0000 -0.0004 0.0001 0.0000 0.0000 0.0000 0.0000 0.0000 0.0000 0.0000 0.0002 -0.0001 0.0000 -0.0006 0.0003 0.0000 0.0004 -0.0006 0.0000 0.0000 0.0001 0.0000 0.0000 0.0000 0.0000 -0.0010 -0.0002 0.0000 0.0002 30.0001 -0.0001 0.0005 -29.9998 0.0000 0.0000 0.0000 0.3541 -0.5973 1.3488 0.3541 -0.5973 1.3488 -77.9049 74.1117 30.8985 32.3391 29.8326 33.6536 39.9310 13.6978 -24.2369 1.0092 1.2859 5.6887 0.0000 -0.0001 0.0001 0.0000 0.0000 0.0000 0.0000 -0.0006 0.0003 0.0000 -0.0001 0.0001 0.0000 0.0000 0.0000 0.0000 0.0000 0.0000 0.0000 0.0007 0.0001 0.0000 -0.0012 0.0001 0.0000 -0.0008 0.0003 0.0000 0.0001 0.0000 0.0000 0.0000 0.0000 0.0000 -0.0008 0.0000 0.0000 0.0002 -29.9996 -0.0001 -0.0003 29.9996 0.0000 0.0000 0.0000 12.3649 0.9586 -166.0615 -0.1140 -10.0830 0.0928 -49.1843 68.1528 -47.1364 0.0000 25.0338 0.0000 1.6551 -13.4227 171.4990 -0.4862 -22.1881 0.0123 19.7891 77.8178 21.1030 0.0000 25.3508 -0.0001 
-17.8659 90.0886 -5.7304 -10.6000 0.3168 -2.5021 0.5202 1.0222 -0.4610 0.5203 1.0224 -0.4610 0.5218 1.0254 -0.4624 65.6745 75.5869 -39.7516 -39.1385 26.7550 -28.8792 -44.4007 4.9176 12.7566 -0.2857 0.1823 -6.1581 0.0000 0.0000 0.0001 0.0000 0.0000 0.0000 0.0000 -0.0013 -0.0008 0.0000 -0.0004 0.0001 0.0000 0.0000 0.0000 0.0000 0.0000 0.0000 0.0000 0.0002 0.0000 0.0000 -0.0006 0.0003 0.0000 0.0004 -0.0006 0.0000 0.0000 0.0001 0.0000 0.0000 0.0000 0.0000 -0.0010 -0.0002 0.0000 0.0002 30.0001 -0.0001 0.0005 -29.9998 0.0000 0.0000 0.0000 0.6314 -0.5077 1.2000 0.6314 -0.5077 1.2000 -78.5514 73.6110 30.4752 32.2096 29.0715 31.8667 39.8916 14.2085 -25.3383 1.0867 1.3397 5.8520 0.0000 -0.0001 0.0001 0.0000 0.0000 0.0000 0.0000 -0.0006 0.0002 0.0000 -0.0001 0.0001 0.0000 0.0000 0.0000 0.0000 0.0000 0.0000 0.0000 0.0007 0.0001 0.0000 -0.0012 0.0001 0.0000 -0.0008 0.0003 0.0000 0.0001 0.0000 0.0000 0.0000 0.0000 0.0000 -0.0009 0.0000 0.0000 0.0002 -29.9996 -0.0001 -0.0003 29.9996 0.0000 0.0000 0.0000 12.6669 1.0725 -165.4335 -0.1122 -9.7477 0.0923 -49.2661 67.5682 -47.3723 0.0000 25.0333 0.0000 2.3211 -13.3848 172.0422 -0.4946 -22.6085 0.0158 19.8801 78.2716 20.4862 0.0000 25.3508 -0.0001 
-18.6231 89.9864 -5.7162 -10.6085 0.2421 -2.5484 0.4214 1.0122 -0.3153 0.4214 1.0124 -0.3153 0.4226 1.0153 -0.3162 66.2246 75.2261 -39.4979 -38.5434 26.1434 -27.5999 -45.2186 5.2613 13.0145 -0.3045 0.1669 -6.2187 0.0000 0.0000 0.0001 0.0000 0.0000 0.0000 0.0000 -0.0013 -0.0008 0.0000 -0.0004 0.0001 0.0000 0.0000 0.0000 0.0000 0.0000 0.0000 0.0000 0.0002 0.0000 0.0000 -0.0006 0.0003 0.0000 0.0004 -0.0006 0.0000 0.0000 0.0001 0.0000 0.0000 0.0000 0.0000 -0.0010 -0.0002 0.0000 0.0002 30.0001 -0.0001 0.0005 -29.9998 0.0000 0.0000 0.0000 0.8935 -0.3812 1.0563 0.8934 -0.3812 1.0563 -79.1070 73.1022 30.1341 32.1471 28.3195 30.0485 39.8846 14.6618 -26.3421 1.1598 1.3862 6.0070 0.0000 -0.0001 0.0001 0.0000 0.0000 0.0000 0.0000 -0.0006 0.0003 0.0000 -0.0001 0.0001 0.0000 0.0000 0.0000 0.0000 0.0000 0.0000 0.0000 0.0007 0.0001 0.0000 -0.0012 0.0001 0.0000 -0.0008 0.0003 0.0000 0.0001 0.0000 0.0000 0.0000 0.0000 0.0000 -0.0009 0.0000 0.0000 0.0002 -29.9996 -0.0001 -0.0003 29.9996 0.0000 0.0000 0.0000 12.8045 1.0481 -164.8612 -0.1140 -9.7872 0.0925 -49.5163 67.0571 -47.7450 0.0000 25.0323 0.0000 3.0036 -13.3062 172.5319 -0.5011 -22.9960 0.0189 20.0916 78.6645 19.9292 0.0000 25.3508 -0.0001 
-19.3393 89.8659 -5.7081 -10.5617 0.1328 -2.5282 0.3241 1.0001 -0.1957 0.3242 1.0002 -0.1958 0.3251 1.0032 -0.1963 65.8028 74.8728 -40.2284 -37.7447 25.5553 -26.1298 -45.8758 5.5969 13.3254 -0.3250 0.1601 -6.2859 0.0000 0.0000 0.0001 0.0000 0.0000 0.0000 0.0000 -0.0013 -0.0008 0.0000 -0.0004 0.0001 0.0000 0.0000 0.0000 0.0000 0.0000 0.0000 0.0000 0.0003 0.0000 0.0000 -0.0006 0.0003 0.0000 0.0004 -0.0006 0.0000 0.0000 0.0001 0.0000 0.0000 0.0000 0.0000 -0.0010 -0.0002 0.0000 0.0002 30.0001 -0.0001 0.0005 -29.9998 0.0000 0.0000 0.0000 1.1198 -0.2130 0.9227 1.1198 -0.2130 0.9227 -79.5901 72.5918 29.8386 32.1390 27.5884 28.2021 39.9630 15.0271 -27.2008 1.2246 1.4245 6.1511 0.0000 -0.0001 0.0001 0.0000 0.0000 0.0000 0.0000 -0.0006 0.0003 0.0000 -0.0001 0.0001 0.0000 0.0000 0.0000 0.0000 0.0000 0.0000 0.0000 0.0007 0.0001 0.0000 -0.0012 0.0001 0.0000 -0.0008 0.0003 0.0000 0.0001 0.0000 0.0000 0.0000 0.0000 0.0000 -0.0009 0.0000 0.0000 0.0002 -29.9997 -0.0001 -0.0003 29.9995 0.0000 0.0000 0.0000 12.7491 0.8988 -164.3778 -0.1195 -10.1958 0.0934 -49.8517 66.5895 -48.1397 0.0000 25.0305 0.0000 3.8985 -13.1731 172.9492 -0.4912 -23.3714 0.0186 20.7621 79.0047 19.6037 0.0000 25.3508 -0.0001 
-20.0252 89.7587 -5.7026 -10.5146 0.0250 -2.4321 0.2426 0.9763 -0.1067 0.2426 0.9764 -0.1067 0.2433 0.9793 -0.1070 65.3454 74.5292 -41.0112 -36.9692 25.0382 -24.5493 -46.4111 5.9620 13.8142 -0.3503 0.1641 -6.3644 0.0000 0.0000 0.0001 0.0000 0.0000 0.0000 0.0000 -0.0013 -0.0008 0.0000 -0.0004 0.0001 0.0000 0.0000 0.0000 0.0000 0.0000 0.0000 0.0000 0.0002 0.0000 0.0000 -0.0006 0.0003 0.0000 0.0004 -0.0006 0.0000 0.0000 0.0001 0.0000 0.0000 0.0000 0.0000 -0.0010 -0.0002 0.0000 0.0002 30.0001 -0.0001 0.0005 -29.9998 0.0000 0.0000 0.0000 1.3147 -0.0214 0.8023 1.3147 -0.0214 0.8023 -80.0270 72.0661 29.5397 32.1340 26.8901 26.3721 40.1290 15.3324 -27.9487 1.2833 1.4602 6.2813 0.0000 -0.0001 0.0001 0.0000 0.0000 0.0000 0.0000 -0.0006 0.0002 0.0000 -0.0001 0.0001 0.0000 0.0000 0.0000 0.0000 0.0000 0.0000 0.0000 0.0007 0.0001 0.0000 -0.0012 0.0001 0.0000 -0.0008 0.0003 0.0000 0.0001 0.0000 0.0000 0.0000 0.0000 0.0000 -0.0009 0.0000 0.0000 0.0002 -29.9997 -0.0001 -0.0003 29.9996 0.0000 0.0000 0.0000 12.6000 0.7067 -163.9947 -0.1247 -10.7377 0.0944 -50.0813 66.0879 -48.3690 0.0000 25.3450 0.0000 4.6632 -13.0493 173.2999 -0.4786 -23.7177 0.0175 21.1158 79.3294 19.0866 0.0000 25.3508 -0.0001 
-20.6843 89.6628 -5.7035 -10.4790 -0.0674 -2.2581 0.1801 0.9430 -0.0494 0.1801 0.9432 -0.0494 0.1806 0.9459 -0.0495 64.7525 74.1780 -41.9518 -36.1813 24.5937 -22.8603 -46.8201 6.2732 14.3060 -0.3754 0.1792 -6.4452 0.0000 0.0000 0.0001 0.0000 0.0000 0.0000 0.0000 -0.0013 -0.0008 0.0000 -0.0004 0.0001 0.0000 0.0000 0.0000 0.0000 0.0000 0.0000 0.0000 0.0002 0.0000 0.0000 -0.0006 0.0003 0.0000 0.0004 -0.0006 0.0000 0.0000 0.0001 0.0000 0.0000 0.0000 0.0000 -0.0010 -0.0002 0.0000 0.0002 30.0001 -0.0001 0.0005 -29.9998 0.0000 0.0000 0.0000 1.4808 0.1785 0.7021 1.4808 0.1785 0.7021 -80.4259 71.5293 29.2342 32.1279 26.2242 24.5780 40.3662 15.5913 -28.6084 1.3370 1.4953 6.3962 0.0000 -0.0001 0.0001 0.0000 0.0000 0.0000 0.0000 -0.0006 0.0003 0.0000 -0.0001 0.0001 0.0000 0.0000 0.0000 0.0000 0.0000 0.0000 0.0000 0.0007 0.0001 0.0000 -0.0012 0.0001 0.0000 -0.0008 0.0003 0.0000 0.0001 0.0000 0.0000 0.0000 0.0000 0.0000 -0.0009 0.0000 0.0000 0.0002 -29.9997 -0.0001 -0.0003 29.9996 0.0000 0.0000 0.0000 12.4078 0.5496 -163.7141 -0.1268 -11.2160 0.0952 -50.0458 65.4963 -48.2707 0.0000 26.0466 0.0000 5.2828 -12.9410 173.5777 -0.4686 -24.0413 0.0168 21.1070 79.6499 18.3529 0.0000 25.3508 -0.0001 
-21.3215 89.6345 -5.7139 -10.4635 -0.1417 -1.9878 0.1562 0.9018 -0.0309 0.1563 0.9020 -0.0309 0.1567 0.9046 -0.0309 63.5660 73.7933 -43.4556 -35.2621 24.1916 -20.9891 -47.0349 6.5089 14.8108 -0.4008 0.2124 -6.5359 0.0000 0.0000 0.0001 0.0000 0.0000 0.0000 0.0000 -0.0013 -0.0008 0.0000 -0.0004 0.0001 0.0000 0.0000 0.0000 0.0000 0.0000 0.0000 0.0000 0.0002 0.0000 0.0000 -0.0006 0.0003 0.0000 0.0004 -0.0006 0.0000 0.0000 0.0001 0.0000 0.0000 0.0000 0.0000 -0.0010 -0.0002 0.0000 0.0002 30.0001 -0.0001 0.0005 -29.9998 0.0000 0.0000 0.0000 1.5979 0.3808 0.6387 1.5979 0.3808 0.6387 -80.8653 71.0028 28.8644 32.1331 25.5985 22.8396 40.6561 15.7711 -29.1901 1.3839 1.5337 6.4914 0.0000 -0.0001 0.0001 0.0000 0.0000 0.0000 0.0000 -0.0006 0.0003 0.0000 -0.0001 0.0001 0.0000 0.0000 0.0000 0.0000 0.0000 0.0000 0.0000 0.0007 0.0001 0.0000 -0.0011 0.0001 0.0000 -0.0008 0.0003 0.0000 0.0001 0.0000 0.0000 0.0000 0.0000 0.0000 -0.0009 0.0000 0.0000 0.0002 -29.9996 -0.0001 -0.0003 29.9996 0.0000 0.0000 0.0000 12.1989 0.4525 -163.5611 -0.1264 -11.5545 0.0955 -49.5512 64.7704 -47.6507 0.0000 26.7082 0.0000 5.6711 -12.8645 173.7603 -0.4649 -24.3758 0.0174 20.5529 79.9961 17.3188 0.0000 25.3508 -0.0001 
-21.9433 89.6366 -5.6997 -10.4534 -0.1996 -1.6730 0.1635 0.8592 -0.0303 0.1635 0.8593 -0.0303 0.1640 0.8619 -0.0304 62.4370 73.3424 -44.8791 -34.3439 23.8969 -19.0200 -47.1331 6.7092 15.3438 -0.4284 0.2603 -6.6365 0.0000 0.0000 0.0001 0.0000 0.0000 0.0000 0.0000 -0.0013 -0.0008 0.0000 -0.0004 0.0001 0.0000 0.0000 0.0000 0.0000 0.0000 0.0000 0.0000 0.0002 0.0000 0.0000 -0.0006 0.0003 0.0000 0.0004 -0.0006 0.0000 0.0000 0.0001 0.0000 0.0000 0.0000 0.0000 -0.0010 -0.0002 0.0000 0.0002 30.0001 -0.0001 0.0005 -29.9998 0.0000 0.0000 0.0000 1.6682 0.5706 0.5921 1.6682 0.5706 0.5921 -81.3310 70.4892 28.4698 32.1814 25.0129 21.1589 40.9367 15.8627 -29.7461 1.4250 1.5782 6.5677 0.0000 -0.0001 0.0001 0.0000 0.0000 0.0000 0.0000 -0.0006 0.0002 0.0000 -0.0001 0.0001 0.0000 0.0000 0.0000 0.0000 0.0000 0.0000 0.0000 0.0007 0.0001 0.0000 -0.0012 0.0001 0.0000 -0.0008 0.0003 0.0000 0.0001 0.0000 0.0000 0.0000 0.0000 0.0000 -0.0009 0.0000 0.0000 0.0002 -29.9996 -0.0001 -0.0003 29.9996 0.0000 0.0000 0.0000 11.9686 0.4051 -163.4745 -0.1226 -11.8046 0.0954 -48.7911 63.9715 -46.7149 0.0000 27.4566 0.0000 5.8592 -12.8826 173.8897 -0.4700 -24.8176 0.0204 19.6350 80.3899 16.1252 0.0000 25.3508 -0.0001 
-22.5535 89.6516 -5.6622 -10.4384 -0.2496 -1.3228 0.1870 0.8201 -0.0408 0.1870 0.8202 -0.0408 0.1876 0.8226 -0.0409 61.5460 72.8841 -46.0625 -33.4985 23.6799 -16.9442 -47.1507 6.8788 15.9133 -0.4581 0.3207 -6.7434 0.0000 0.0000 0.0001 0.0000 0.0000 0.0000 0.0000 -0.0013 -0.0008 0.0000 -0.0004 0.0001 0.0000 0.0000 0.0000 0.0000 0.0000 0.0000 0.0000 0.0002 -0.0001 0.0000 -0.0006 0.0003 0.0000 0.0004 -0.0006 0.0000 0.0000 0.0001 0.0000 0.0000 0.0000 0.0000 -0.0010 -0.0002 0.0000 0.0002 30.0001 -0.0001 0.0005 -29.9998 0.0000 0.0000 0.0000 1.7087 0.7441 0.5468 1.7087 0.7441 0.5468 -81.7623 69.9717 28.0916 32.2500 24.4656 19.5151 41.2121 15.8674 -30.2492 1.4603 1.6292 6.6291 0.0000 -0.0001 0.0001 0.0000 0.0000 0.0000 0.0000 -0.0006 0.0003 0.0000 -0.0001 0.0001 0.0000 0.0000 0.0000 0.0000 0.0000 0.0000 0.0000 0.0007 0.0001 0.0000 -0.0012 0.0001 0.0000 -0.0008 0.0003 0.0000 0.0001 0.0000 0.0000 0.0000 0.0000 0.0000 -0.0009 0.0000 0.0000 0.0002 -29.9996 -0.0001 -0.0003 29.9996 0.0000 0.0000 0.0000 11.7013 0.3275 -163.4377 -0.1157 -12.1378 0.0950 -47.9523 63.1654 -45.6822 0.0000 28.2583 0.0000 5.8820 -12.9743 173.9655 -0.4900 -25.3506 0.0271 18.4682 80.8181 14.8400 0.0000 25.3508 -0.0001 
-23.1486 89.6704 -5.5926 -10.4088 -0.2976 -0.9350 0.2230 0.7904 -0.0618 0.2230 0.7905 -0.0618 0.2237 0.7928 -0.0620 60.4149 72.4077 -47.4950 -32.5982 23.5471 -14.7393 -47.0352 6.9644 16.4859 -0.4873 0.3969 -6.8526 0.0000 0.0000 0.0001 0.0000 0.0000 0.0000 0.0000 -0.0013 -0.0008 0.0000 -0.0004 0.0001 0.0000 0.0000 0.0000 0.0000 0.0000 0.0000 0.0000 0.0002 -0.0001 0.0000 -0.0006 0.0003 0.0000 0.0004 -0.0006 0.0000 0.0000 0.0001 0.0000 0.0000 0.0000 0.0000 -0.0010 -0.0002 0.0000 0.0002 30.0001 -0.0001 0.0005 -29.9998 0.0000 0.0000 0.0000 1.7205 0.8934 0.4951 1.7205 0.8934 0.4951 -82.1278 69.4670 27.7520 32.3082 23.9446 17.8513 41.5171 15.7707 -30.6355 1.4881 1.6865 6.6789 0.0000 -0.0001 0.0001 0.0000 0.0000 0.0000 0.0000 -0.0006 0.0003 0.0000 -0.0001 0.0001 0.0000 0.0000 0.0000 0.0000 0.0000 0.0000 0.0000 0.0007 0.0001 0.0000 -0.0012 0.0001 0.0000 -0.0008 0.0003 0.0000 0.0001 0.0000 0.0000 0.0000 0.0000 0.0000 -0.0009 0.0000 0.0000 0.0002 -29.9997 -0.0001 -0.0003 29.9996 0.0000 0.0000 0.0000 11.3945 0.1608 -163.4507 -0.1035 -12.6786 0.0942 -47.0757 62.3945 -44.6163 0.0000 29.1328 0.0000 5.7044 -13.1229 173.9789 -0.5283 -25.9422 0.0386 16.9922 81.2654 13.4314 0.0000 25.3508 -0.0001 
-23.7320 89.6969 -5.5257 -10.3700 -0.3622 -0.5365 0.2611 0.7701 -0.0791 0.2612 0.7702 -0.0791 0.2619 0.7725 -0.0794 59.0871 71.9157 -49.1362 -31.6933 23.4684 -12.4895 -46.8205 7.0124 17.1163 -0.5171 0.4807 -6.9599 0.0000 0.0000 0.0001 0.0000 0.0000 0.0000 0.0000 -0.0013 -0.0008 0.0000 -0.0004 0.0001 0.0000 0.0000 0.0000 0.0000 0.0000 0.0000 0.0000 0.0002 -0.0001 0.0000 -0.0006 0.0003 0.0000 0.0004 -0.0006 0.0000 0.0000 0.0001 0.0000 0.0000 0.0000 0.0000 -0.0010 -0.0002 0.0000 0.0002 30.0001 -0.0001 0.0005 -29.9998 0.0000 0.0000 0.0000 1.7241 1.0356 0.4238 1.7241 1.0355 0.4238 -82.4603 68.9744 27.4210 32.3917 23.4345 16.1429 41.8239 15.6151 -30.9858 1.5131 1.7509 6.7222 0.0000 -0.0001 0.0001 0.0000 0.0000 0.0000 0.0000 -0.0006 0.0003 0.0000 -0.0001 0.0001 0.0000 0.0000 0.0000 0.0000 0.0000 0.0000 0.0000 0.0007 0.0001 0.0000 -0.0012 0.0001 0.0000 -0.0008 0.0003 0.0000 0.0001 0.0000 0.0000 0.0000 0.0000 0.0000 -0.0009 0.0000 0.0000 0.0002 -29.9997 -0.0001 -0.0003 29.9996 0.0000 0.0000 0.0000 11.1013 -0.0610 -163.4794 -0.0900 -13.3260 0.0932 -46.1248 61.6436 -43.5109 0.0000 29.9949 0.0000 5.4079 -13.2344 173.9758 -0.5662 -26.4803 0.0501 15.1212 81.6999 11.7349 0.0000 25.3508 -0.0001 
-24.3108 89.7365 -5.4587 -10.3307 -0.4456 -0.1312 0.2986 0.7574 -0.0955 0.2986 0.7574 -0.0955 0.2995 0.7597 -0.0957 57.8086 71.4098 -50.7610 -30.8554 23.4645 -10.2369 -46.5496 7.1117 17.9150 -0.5526 0.5663 -7.0659 0.0000 0.0000 0.0001 0.0000 0.0000 0.0000 0.0000 -0.0013 -0.0008 0.0000 -0.0004 0.0001 0.0000 0.0000 0.0000 0.0000 0.0000 0.0000 0.0000 0.0002 0.0000 0.0000 -0.0006 0.0003 0.0000 0.0004 -0.0006 0.0000 0.0000 0.0001 0.0000 0.0000 0.0000 0.0000 -0.0010 -0.0002 0.0000 0.0002 30.0001 -0.0001 0.0005 -29.9998 0.0000 0.0000 0.0000 1.7232 1.1725 0.3312 1.7232 1.1725 0.3312 -82.7732 68.5087 27.0908 32.5339 22.9409 14.3943 42.1015 15.4240 -31.3163 1.5376 1.8217 6.7620 0.0000 -0.0001 0.0001 0.0000 0.0000 0.0000 0.0000 -0.0006 0.0003 0.0000 -0.0001 0.0001 0.0000 0.0000 0.0000 0.0000 0.0000 0.0000 0.0000 0.0007 0.0001 0.0000 -0.0012 0.0001 0.0000 -0.0008 0.0003 0.0000 0.0001 0.0000 0.0000 0.0000 0.0000 0.0000 -0.0009 0.0000 0.0000 0.0002 -29.9996 -0.0001 -0.0003 29.9996 0.0000 0.0000 0.0000 10.8260 -0.3009 -163.5334 -0.0755 -14.0246 0.0920 -45.1057 60.9115 -42.3554 0.0000 30.8153 0.0000 5.0820 -13.2978 173.9630 -0.5961 -26.9565 0.0598 12.9659 82.1054 9.7870 0.0000 25.3508 -0.0001 
-24.8572 89.7762 -5.4057 -10.2951 -0.5513 0.2837 0.3320 0.7504 -0.1137 0.3320 0.7505 -0.1137 0.3330 0.7527 -0.1140 56.7052 70.9383 -52.2317 -30.1808 23.5441 -8.0182 -46.2512 7.2711 18.8693 -0.5933 0.6462 -7.1714 0.0000 0.0000 0.0001 0.0000 0.0000 0.0000 0.0000 -0.0013 -0.0008 0.0000 -0.0004 0.0001 0.0000 0.0000 0.0000 0.0000 0.0000 0.0000 0.0000 0.0002 0.0000 0.0000 -0.0006 0.0003 0.0000 0.0004 -0.0006 0.0000 0.0000 0.0001 0.0000 0.0000 0.0000 0.0000 -0.0010 -0.0002 0.0000 0.0002 30.0001 -0.0001 0.0005 -29.9998 0.0000 0.0000 0.0000 1.7225 1.3131 0.2169 1.7225 1.3131 0.2169 -83.0718 68.0861 26.7427 32.7687 22.4679 12.5718 42.3154 15.1884 -31.6112 1.5619 1.9008 6.8037 0.0000 -0.0001 0.0001 0.0000 0.0000 0.0000 0.0000 -0.0006 0.0003 0.0000 -0.0001 0.0001 0.0000 0.0000 0.0000 0.0000 0.0000 0.0000 0.0000 0.0007 0.0001 0.0000 -0.0011 0.0001 0.0000 -0.0008 0.0003 0.0000 0.0001 0.0000 0.0000 0.0000 0.0000 0.0000 -0.0009 0.0000 0.0000 0.0002 -29.9996 -0.0001 -0.0003 29.9995 0.0000 0.0000 0.0000 10.6244 -0.5633 -163.6411 -0.0656 -14.7749 0.0913 -43.9338 60.2318 -41.1050 0.0000 31.7740 0.0000 5.0553 -13.2859 173.9209 -0.6081 -27.3671 0.0649 11.4645 82.4370 8.2351 0.0000 25.3508 -0.0001 
-25.3616 89.8101 -5.3776 -10.2588 -0.6794 0.7035 0.3616 0.7469 -0.1352 0.3616 0.7470 -0.1352 0.3627 0.7492 -0.1356 55.5194 70.4930 -53.7877 -29.5823 23.6402 -5.7942 -45.9303 7.4985 19.9458 -0.6398 0.7204 -7.2758 0.0000 0.0000 0.0001 0.0000 0.0000 0.0000 0.0000 -0.0013 -0.0008 0.0000 -0.0004 0.0001 0.0000 0.0000 0.0000 0.0000 0.0000 0.0000 0.0000 0.0002 0.0000 0.0000 -0.0006 0.0003 0.0000 0.0004 -0.0006 0.0000 0.0000 0.0001 0.0000 0.0000 0.0000 0.0000 -0.0010 -0.0002 0.0000 0.0002 30.0001 -0.0001 0.0005 -29.9998 0.0000 0.0000 0.0000 1.7215 1.4653 0.0970 1.7215 1.4653 0.0970 -83.3559 67.7189 26.4197 33.0808 22.0310 10.6429 42.4379 14.8846 -31.9221 1.5869 1.9933 6.8444 0.0000 -0.0001 0.0001 0.0000 0.0000 0.0000 0.0000 -0.0006 0.0003 0.0000 -0.0001 0.0001 0.0000 0.0000 0.0000 0.0000 0.0000 0.0000 0.0000 0.0007 0.0001 0.0000 -0.0012 0.0001 0.0000 -0.0008 0.0003 0.0000 0.0001 0.0000 0.0000 0.0000 0.0000 0.0000 -0.0009 0.0000 0.0000 0.0002 -29.9996 -0.0001 -0.0003 29.9996 0.0000 0.0000 0.0000 10.5041 -0.8460 -163.7910 -0.0614 -15.5627 0.0911 -42.6813 59.5896 -39.8325 0.0000 32.8455 0.0000 5.0287 -13.2528 173.8476 -0.6169 -27.7367 0.0692 9.9636 82.7041 6.7076 0.0000 25.3508 -0.0001 
-25.8285 89.8422 -5.3720 -10.2203 -0.8299 1.1170 0.3888 0.7462 -0.1579 0.3888 0.7463 -0.1579 0.3899 0.7485 -0.1584 54.6108 70.0761 -55.0735 -29.1412 23.8252 -3.6185 -45.5739 7.7771 21.1214 -0.6923 0.7942 -7.3774 0.0000 0.0000 0.0001 0.0000 0.0000 0.0000 0.0000 -0.0013 -0.0008 0.0000 -0.0004 0.0001 0.0000 0.0000 0.0000 0.0000 0.0000 0.0000 0.0000 0.0002 0.0000 0.0000 -0.0006 0.0003 0.0000 0.0004 -0.0006 0.0000 0.0000 0.0001 0.0000 0.0000 0.0000 0.0000 -0.0010 -0.0001 0.0000 0.0002 30.0001 -0.0001 0.0005 -29.9998 0.0000 0.0000 0.0000 1.7186 1.6295 -0.0229 1.7186 1.6295 -0.0229 -83.6125 67.4037 26.1454 33.4802 21.6417 8.6285 42.4300 14.5155 -32.2935 1.6147 2.1010 6.8839 0.0000 -0.0001 0.0001 0.0000 0.0000 0.0000 0.0000 -0.0006 0.0002 0.0000 -0.0001 0.0001 0.0000 0.0000 0.0000 0.0000 0.0000 0.0000 0.0000 0.0007 0.0001 0.0000 -0.0012 0.0001 0.0000 -0.0008 0.0003 0.0000 0.0001 0.0000 0.0000 0.0000 0.0000 0.0000 -0.0009 0.0000 0.0000 0.0002 -29.9996 -0.0001 -0.0003 29.9996 0.0000 0.0000 0.0000 10.4061 -1.1039 -163.9651 -0.0614 -16.3295 0.0915 -41.4417 58.9469 -38.5624 0.0000 33.9786 0.0000 5.0005 -13.1910 173.7569 -0.6221 -28.0503 0.0722 8.4953 82.8987 5.2350 0.0000 25.3508 -0.0001 
-26.2604 89.8984 -5.3860 -10.1752 -1.0106 1.5086 0.4120 0.7501 -0.1802 0.4120 0.7502 -0.1802 0.4132 0.7524 -0.1807 53.8080 69.6717 -56.2368 -28.7883 24.0800 -1.4608 -45.1788 8.1149 22.4008 -0.7524 0.8688 -7.4789 0.0000 0.0000 0.0001 0.0000 0.0000 0.0000 0.0000 -0.0013 -0.0008 0.0000 -0.0004 0.0001 0.0000 0.0000 0.0000 0.0000 0.0000 0.0000 0.0000 0.0002 0.0000 0.0000 -0.0006 0.0003 0.0000 0.0004 -0.0006 0.0000 0.0000 0.0001 0.0000 0.0000 0.0000 0.0000 -0.0010 -0.0002 0.0000 0.0002 30.0001 -0.0001 0.0005 -29.9998 0.0000 0.0000 0.0000 1.7136 1.8066 -0.1356 1.7136 1.8066 -0.1356 -83.8334 67.1704 25.9270 34.0320 21.3408 6.5259 42.2332 14.0895 -32.7252 1.6459 2.2205 6.9295 0.0000 -0.0001 0.0001 0.0000 0.0000 0.0000 0.0000 -0.0006 0.0003 0.0000 -0.0001 0.0001 0.0000 0.0000 0.0000 0.0000 0.0000 0.0000 0.0000 0.0007 0.0001 0.0000 -0.0012 0.0001 0.0000 -0.0008 0.0003 0.0000 0.0001 0.0000 0.0000 0.0000 0.0000 0.0000 -0.0008 0.0000 0.0000 0.0002 -29.9996 -0.0001 -0.0003 29.9996 0.0000 0.0000 0.0000 10.3073 -1.3030 -164.1544 -0.0633 -17.0302 0.0922 -40.2372 58.2912 -37.2885 0.0000 35.0218 0.0000 4.9701 -13.0761 173.6665 -0.6203 -28.2748 0.0731 7.1455 82.9957 3.9002 0.0000 25.3508 -0.0001 
-26.6848 89.9482 -5.4086 -10.1175 -1.2088 1.8731 0.4294 0.7564 -0.1944 0.4295 0.7565 -0.1944 0.4307 0.7588 -0.1949 53.0903 69.3056 -57.2714 -28.4950 24.3735 0.6682 -44.7175 8.4698 23.7597 -0.8198 0.9531 -7.5782 0.0000 0.0000 0.0001 0.0000 0.0000 0.0000 0.0000 -0.0013 -0.0008 0.0000 -0.0004 0.0001 0.0000 0.0000 0.0000 0.0000 0.0000 0.0000 0.0000 0.0002 0.0000 0.0000 -0.0006 0.0003 0.0000 0.0004 -0.0006 0.0000 0.0000 0.0001 0.0000 0.0000 0.0000 0.0000 -0.0010 -0.0002 0.0000 0.0002 30.0001 -0.0001 0.0005 -29.9998 0.0000 0.0000 0.0000 1.7062 1.9890 -0.2464 1.7062 1.9890 -0.2464 -83.9859 66.9858 25.7928 34.6638 21.1374 4.3512 41.9185 13.6493 -33.1986 1.6816 2.3472 6.9819 0.0000 -0.0001 0.0001 0.0000 0.0000 0.0000 0.0000 -0.0006 0.0003 0.0000 -0.0001 0.0001 0.0000 0.0000 0.0000 0.0000 0.0000 0.0000 0.0000 0.0007 0.0001 0.0000 -0.0012 0.0001 0.0000 -0.0008 0.0003 0.0000 0.0001 0.0000 0.0000 0.0000 0.0000 0.0000 -0.0009 0.0000 0.0000 0.0002 -29.9997 -0.0001 -0.0003 29.9996 0.0000 0.0000 0.0000 10.1465 -1.4773 -164.3479 -0.0665 -17.7181 0.0931 -39.1259 57.6363 -36.0586 0.0000 36.1422 0.0000 4.9463 -12.9211 173.5989 -0.6129 -28.4395 0.0722 5.9037 83.0340 2.6594 0.0000 25.3508 -0.0001 
-27.1058 89.9950 -5.4329 -10.0536 -1.4227 2.2052 0.4426 0.7669 -0.1990 0.4426 0.7670 -0.1990 0.4439 0.7692 -0.1996 52.3937 68.9717 -58.2447 -28.2445 24.6912 2.7763 -44.1560 8.8171 25.1903 -0.8943 1.0508 -7.6739 0.0000 0.0000 0.0001 0.0000 0.0000 0.0000 0.0000 -0.0013 -0.0008 0.0000 -0.0004 0.0001 0.0000 0.0000 0.0000 0.0000 0.0000 0.0000 0.0000 0.0002 0.0000 0.0000 -0.0006 0.0003 0.0000 0.0004 -0.0006 0.0000 0.0000 0.0001 0.0000 0.0000 0.0000 0.0000 -0.0010 -0.0002 0.0000 0.0002 30.0001 -0.0001 0.0005 -29.9998 0.0000 0.0000 0.0000 1.6983 2.1722 -0.3514 1.6983 2.1722 -0.3514 -84.0470 66.8387 25.7732 35.3382 21.0363 2.1024 41.5108 13.2038 -33.7036 1.7215 2.4791 7.0414 0.0000 -0.0001 0.0001 0.0000 0.0000 0.0000 0.0000 -0.0006 0.0003 0.0000 -0.0001 0.0001 0.0000 0.0000 0.0000 0.0000 0.0000 0.0000 0.0000 0.0007 0.0001 0.0000 -0.0012 0.0001 0.0000 -0.0008 0.0003 0.0000 0.0001 0.0000 0.0000 0.0000 0.0000 0.0000 -0.0009 0.0000 0.0000 0.0002 -29.9996 -0.0001 -0.0003 29.9996 0.0000 0.0000 0.0000 9.9139 -1.6423 -164.5263 -0.0682 -18.4200 0.0938 -38.1563 56.9758 -34.9216 0.0000 37.2485 0.0000 4.9304 -12.7538 173.5631 -0.6015 -28.6077 0.0702 4.7505 83.0647 1.4938 0.0000 25.3508 -0.0001 
-27.5033 90.0088 -5.4645 -9.9908 -1.6588 2.4971 0.4518 0.7846 -0.1909 0.4518 0.7847 -0.1909 0.4531 0.7870 -0.1915 51.6905 68.6762 -59.1893 -28.0418 25.0500 4.8847 -43.4306 9.1318 26.7140 -0.9774 1.1681 -7.7677 0.0000 0.0000 0.0001 0.0000 0.0000 0.0000 0.0000 -0.0013 -0.0008 0.0000 -0.0004 0.0001 0.0000 0.0000 0.0000 0.0000 0.0000 0.0000 0.0000 0.0002 -0.0001 0.0000 -0.0006 0.0003 0.0000 0.0004 -0.0006 0.0000 0.0000 0.0001 0.0000 0.0000 0.0000 0.0000 -0.0010 -0.0002 0.0000 0.0002 30.0001 -0.0001 0.0005 -29.9998 0.0000 0.0000 0.0000 1.6946 2.3539 -0.4474 1.6946 2.3539 -0.4474 -84.0070 66.7378 25.8736 36.0877 21.0770 -0.2245 40.9823 12.7739 -34.2625 1.7672 2.6117 7.1151 0.0000 -0.0001 0.0001 0.0000 0.0000 0.0000 0.0000 -0.0006 0.0003 0.0000 -0.0001 0.0001 0.0000 0.0000 0.0000 0.0000 0.0000 0.0000 0.0000 0.0007 0.0001 0.0000 -0.0012 0.0001 0.0000 -0.0008 0.0003 0.0000 0.0001 0.0000 0.0000 0.0000 0.0000 0.0000 -0.0009 0.0000 0.0000 0.0002 -29.9996 -0.0001 -0.0003 29.9996 0.0000 0.0000 0.0000 9.5788 -1.7939 -164.6759 -0.0666 -19.1575 0.0940 -37.4467 56.3131 -33.9713 0.0000 38.4773 0.0001 4.9417 -12.5777 173.5560 -0.5967 -28.7923 0.0700 3.8306 83.0997 0.5312 0.0000 25.3508 -0.0001 
-27.8820 90.0190 -5.5139 -9.9284 -1.9049 2.7649 0.4592 0.8076 -0.1735 0.4593 0.8078 -0.1735 0.4606 0.8101 -0.1740 50.9287 68.3877 -60.1502 -27.8599 25.4542 6.9777 -42.5843 9.4427 28.3082 -1.0689 1.2953 -7.8616 0.0000 0.0000 0.0001 0.0000 0.0000 0.0000 0.0000 -0.0013 -0.0008 0.0000 -0.0004 0.0001 0.0000 0.0000 0.0000 0.0000 0.0000 0.0000 0.0000 0.0002 0.0000 0.0000 -0.0006 0.0003 0.0000 0.0004 -0.0006 0.0000 0.0000 0.0001 0.0000 0.0000 0.0000 0.0000 -0.0010 -0.0002 0.0000 0.0002 30.0001 -0.0001 0.0005 -29.9998 0.0000 0.0000 0.0000 1.6925 2.5311 -0.5385 1.6925 2.5311 -0.5385 -83.9077 66.6592 26.0365 36.8853 21.2388 -2.5796 40.3917 12.4101 -34.8655 1.8198 2.7392 7.2039 0.0000 -0.0001 0.0001 0.0000 0.0000 0.0000 0.0000 -0.0006 0.0003 0.0000 -0.0001 0.0001 0.0000 0.0000 0.0000 0.0000 0.0000 0.0000 0.0000 0.0007 0.0001 0.0000 -0.0012 0.0001 0.0000 -0.0008 0.0003 0.0000 0.0001 0.0000 0.0000 0.0000 0.0000 0.0000 -0.0009 0.0000 0.0000 0.0002 -29.9996 -0.0001 -0.0003 29.9996 0.0000 0.0000 0.0000 9.2145 -1.9179 -164.7989 -0.0634 -19.8764 0.0938 -36.8776 55.6591 -33.1685 0.0001 39.5802 0.0001 4.9768 -12.4062 173.5655 -0.5964 -28.9839 0.0710 3.0619 83.1334 -0.3101 0.0000 25.3508 -0.0001 
-28.2516 90.0386 -5.5780 -9.8581 -2.1593 3.0234 0.4635 0.8366 -0.1503 0.4635 0.8367 -0.1503 0.4648 0.8392 -0.1507 50.1259 68.1078 -61.1112 -27.6939 25.9117 9.0504 -41.6633 9.7760 29.9734 -1.1691 1.4236 -7.9578 0.0000 0.0000 0.0001 0.0000 0.0000 0.0000 0.0000 -0.0013 -0.0008 0.0000 -0.0004 0.0001 0.0000 0.0000 0.0000 0.0000 0.0000 0.0000 0.0000 0.0002 0.0000 0.0000 -0.0006 0.0003 0.0000 0.0004 -0.0006 0.0000 0.0000 0.0001 0.0000 0.0000 0.0000 0.0000 -0.0010 -0.0002 0.0000 0.0002 30.0001 -0.0001 0.0005 -29.9998 0.0000 0.0000 0.0000 1.6879 2.7020 -0.6283 1.6879 2.7020 -0.6283 -83.7585 66.5828 26.2635 37.6873 21.5314 -4.9729 39.7691 12.1032 -35.4985 1.8781 2.8603 7.3078 0.0000 -0.0001 0.0001 0.0000 0.0000 0.0000 0.0000 -0.0006 0.0003 0.0000 -0.0001 0.0001 0.0000 0.0000 0.0000 0.0000 0.0000 0.0000 0.0000 0.0007 0.0001 0.0000 -0.0012 0.0001 0.0000 -0.0008 0.0003 0.0000 0.0001 0.0000 0.0000 0.0000 0.0000 0.0000 -0.0009 0.0000 0.0000 0.0002 -29.9996 -0.0001 -0.0003 29.9996 0.0000 0.0000 0.0000 8.8469 -2.0102 -164.9075 -0.0601 -20.5636 0.0936 -36.3783 55.0179 -32.4743 0.0001 40.4771 0.0001 5.0179 -12.2267 173.5813 -0.5948 -29.1580 0.0715 2.3534 83.1569 -1.1078 0.0000 25.3508 -0.0001 
-28.6221 90.0623 -5.6588 -9.7735 -2.4298 3.2809 0.4624 0.8736 -0.1256 0.4624 0.8737 -0.1256 0.4637 0.8763 -0.1260 49.3299 67.8591 -62.0328 -27.5645 26.4611 11.1211 -40.6786 10.1576 31.7657 -1.2800 1.5470 -8.0616 0.0000 0.0000 0.0001 0.0000 0.0000 0.0000 0.0000 -0.0013 -0.0008 0.0000 -0.0004 0.0001 0.0000 0.0000 0.0000 0.0000 0.0000 0.0000 0.0000 0.0002 0.0000 0.0000 -0.0006 0.0003 0.0000 0.0004 -0.0006 0.0000 0.0000 0.0001 0.0000 0.0000 0.0000 0.0000 -0.0010 -0.0002 0.0000 0.0002 30.0001 -0.0001 0.0005 -29.9998 0.0000 0.0000 0.0000 1.6775 2.8651 -0.7164 1.6775 2.8651 -0.7164 -83.5849 66.5048 26.5411 38.4947 22.0069 -7.4216 39.1076 11.8480 -36.1769 1.9419 2.9713 7.4328 0.0000 -0.0001 0.0001 0.0000 0.0000 0.0000 0.0000 -0.0006 0.0003 0.0000 -0.0001 0.0001 0.0000 0.0000 0.0000 0.0000 0.0000 0.0000 0.0000 0.0007 0.0001 0.0000 -0.0012 0.0001 0.0000 -0.0008 0.0003 0.0000 0.0001 0.0000 0.0000 0.0000 0.0000 0.0000 -0.0009 0.0000 0.0000 0.0002 -29.9996 -0.0001 -0.0003 29.9996 0.0000 0.0000 0.0000 8.5033 -2.0548 -165.0018 -0.0563 -21.1926 0.0932 -35.9618 54.3970 -31.9259 0.0001 41.1445 0.0001 5.0443 -12.0278 173.5995 -0.5836 -29.3041 0.0694 1.6503 83.1611 -1.8957 0.0000 25.3508 -0.0001 
-28.9887 90.0869 -5.7423 -9.6777 -2.7079 3.5515 0.4571 0.9121 -0.1072 0.4571 0.9122 -0.1072 0.4585 0.9149 -0.1075 48.5092 67.6387 -62.9618 -27.4691 27.1036 13.2227 -39.6002 10.5307 33.6451 -1.3975 1.6659 -8.1722 0.0000 0.0000 0.0001 0.0000 0.0000 0.0000 0.0000 -0.0013 -0.0008 0.0000 -0.0004 0.0001 0.0000 0.0000 0.0000 0.0000 0.0000 0.0000 0.0000 0.0002 -0.0001 0.0000 -0.0006 0.0003 0.0000 0.0004 -0.0006 0.0000 0.0000 0.0001 0.0000 0.0000 0.0000 0.0000 -0.0010 -0.0002 0.0000 0.0002 30.0001 -0.0001 0.0005 -29.9998 0.0000 0.0000 0.0000 1.6630 3.0261 -0.8014 1.6630 3.0261 -0.8014 -83.4831 66.4285 26.7484 39.3258 22.6409 -9.8890 38.4152 11.6161 -36.8833 2.0083 3.0716 7.5783 0.0000 -0.0001 0.0001 0.0000 0.0000 0.0000 0.0000 -0.0006 0.0003 0.0000 -0.0001 0.0001 0.0000 0.0000 0.0000 0.0000 0.0000 0.0000 0.0000 0.0007 0.0001 0.0000 -0.0012 0.0001 0.0000 -0.0008 0.0003 0.0000 0.0001 0.0000 0.0000 0.0000 0.0000 0.0000 -0.0008 0.0000 0.0000 0.0002 -29.9997 -0.0001 -0.0003 29.9996 0.0000 0.0000 0.0000 8.1987 -2.0726 -165.0972 -0.0516 -21.7771 0.0926 -35.6360 53.7996 -31.5239 0.0001 41.5823 0.0001 5.0463 -11.8345 173.5993 -0.5708 -29.4702 0.0670 0.9663 83.1729 -2.6527 0.0000 25.3508 -0.0001 
-29.3419 90.0969 -5.8324 -9.5745 -2.9871 3.8333 0.4507 0.9474 -0.0934 0.4507 0.9475 -0.0934 0.4520 0.9503 -0.0937 47.6594 67.4346 -63.8940 -27.3866 27.8509 15.3490 -38.4097 10.8626 35.6061 -1.5196 1.7803 -8.2911 0.0000 0.0000 0.0001 0.0000 0.0000 0.0000 0.0000 -0.0013 -0.0008 0.0000 -0.0004 0.0001 0.0000 0.0000 0.0000 0.0000 0.0000 0.0000 0.0000 0.0002 0.0000 0.0000 -0.0006 0.0003 0.0000 0.0004 -0.0006 0.0000 0.0000 0.0001 0.0000 0.0000 0.0000 0.0000 -0.0010 -0.0002 0.0000 0.0002 30.0001 -0.0001 0.0005 -29.9998 0.0000 0.0000 0.0000 1.6438 3.1878 -0.8873 1.6438 3.1878 -0.8873 -83.4276 66.3522 26.9123 40.1516 23.4166 -12.3896 37.7048 11.4015 -37.6040 2.0751 3.1578 7.7453 0.0000 -0.0001 0.0001 0.0000 0.0000 0.0000 0.0000 -0.0006 0.0003 0.0000 -0.0001 0.0001 0.0000 0.0000 0.0000 0.0000 0.0000 0.0000 0.0000 0.0007 0.0001 0.0000 -0.0012 0.0001 0.0000 -0.0008 0.0003 0.0000 0.0001 0.0000 0.0000 0.0000 0.0000 0.0000 -0.0009 0.0000 0.0000 0.0002 -29.9996 -0.0001 -0.0003 29.9996 0.0000 0.0000 0.0000 7.9181 -2.0712 -165.1993 -0.0477 -22.3245 0.0921 -35.3648 53.2362 -31.2313 0.0001 41.9544 0.0001 5.0292 -11.6588 173.5765 -0.5608 -29.6605 0.0653 0.3036 83.1919 -3.3833 0.0000 25.3508 -0.0001 
-29.6824 90.1000 -5.9310 -9.4680 -3.2637 4.1180 0.4449 0.9772 -0.0817 0.4449 0.9773 -0.0817 0.4462 0.9802 -0.0819 46.8039 67.2365 -64.7923 -27.2678 28.6928 17.3780 -37.1017 11.2324 37.7739 -1.6540 1.8847 -8.4206 0.0000 0.0000 0.0001 0.0000 0.0000 0.0000 0.0000 -0.0013 -0.0008 0.0000 -0.0004 0.0001 0.0000 0.0000 0.0000 0.0000 0.0000 0.0000 0.0000 0.0002 0.0000 0.0000 -0.0006 0.0003 0.0000 0.0004 -0.0006 0.0000 0.0000 0.0001 0.0000 0.0000 0.0000 0.0000 -0.0010 -0.0002 0.0000 0.0002 30.0001 -0.0001 0.0005 -29.9998 0.0000 0.0000 0.0000 1.6166 3.3468 -0.9792 1.6166 3.3468 -0.9792 -83.3696 66.2592 27.0811 40.9268 24.3795 -14.9475 37.0117 11.1953 -38.3472 2.1390 3.2202 7.9406 0.0000 -0.0001 0.0001 0.0000 0.0000 0.0000 0.0000 -0.0006 0.0003 0.0000 -0.0001 0.0001 0.0000 0.0000 0.0000 0.0000 0.0000 0.0000 0.0000 0.0007 0.0001 0.0000 -0.0012 0.0001 0.0000 -0.0008 0.0003 0.0000 0.0001 0.0000 0.0000 0.0000 0.0000 0.0000 -0.0008 0.0000 0.0000 0.0002 -29.9997 -0.0001 -0.0003 29.9996 0.0000 0.0000 0.0000 7.6536 -2.0348 -165.3030 -0.0452 -22.8051 0.0919 -35.1503 52.7238 -31.0560 0.0001 42.1971 0.0001 4.9852 -11.5192 173.5399 -0.5467 -29.8986 0.0628 -0.4991 83.2313 -4.2420 0.0000 25.3508 -0.0001 
-30.0114 90.0995 -6.0302 -9.3705 -3.5336 4.3967 0.4436 1.0002 -0.0699 0.4436 1.0003 -0.0699 0.4449 1.0032 -0.0700 45.9632 67.0541 -65.6527 -27.0949 29.6643 19.4724 -35.6983 11.4932 40.0307 -1.7887 1.9822 -8.5630 0.0000 0.0000 0.0001 0.0000 0.0000 0.0000 0.0000 -0.0013 -0.0008 0.0000 -0.0004 0.0001 0.0000 0.0000 0.0000 0.0000 0.0000 0.0000 0.0000 0.0002 0.0000 0.0000 -0.0006 0.0003 0.0000 0.0004 -0.0006 0.0000 0.0000 0.0001 0.0000 0.0000 0.0000 0.0000 -0.0010 -0.0002 0.0000 0.0002 30.0001 -0.0001 0.0005 -29.9998 0.0000 0.0000 0.0000 1.5872 3.5076 -1.0692 1.5872 3.5076 -1.0692 -83.3167 66.1588 27.2299 41.6477 25.5017 -17.5380 36.3239 10.9950 -39.1199 2.1979 3.2552 8.1641 0.0000 -0.0001 0.0001 0.0000 0.0000 0.0000 0.0000 -0.0006 0.0003 0.0000 -0.0001 0.0001 0.0000 0.0000 0.0000 0.0000 0.0000 0.0000 0.0000 0.0007 0.0001 0.0000 -0.0012 0.0001 0.0000 -0.0008 0.0003 0.0000 0.0001 0.0000 0.0000 0.0000 0.0000 0.0000 -0.0009 0.0000 0.0000 0.0002 -29.9996 -0.0001 -0.0003 29.9996 0.0000 0.0000 0.0000 7.4016 -1.9739 -165.3993 -0.0437 -23.2342 0.0917 -34.9937 52.2460 -30.9815 0.0001 42.3313 0.0001 4.9498 -11.3933 173.5033 -0.5313 -30.1482 0.0600 -1.4044 83.2791 -5.2198 0.0000 25.3508 -0.0001 
-30.3293 90.0939 -6.1321 -9.2789 -3.7931 4.6657 0.4459 1.0165 -0.0572 0.4460 1.0166 -0.0572 0.4473 1.0196 -0.0574 45.1236 66.8909 -66.4815 -26.8576 30.7387 21.6359 -34.1984 11.6528 42.3423 -1.9218 2.0696 -8.7198 0.0000 0.0000 0.0001 0.0000 0.0000 0.0000 0.0000 -0.0013 -0.0008 0.0000 -0.0004 0.0001 0.0000 0.0000 0.0000 0.0000 0.0000 0.0000 0.0000 0.0002 0.0000 0.0000 -0.0006 0.0003 0.0000 0.0004 -0.0006 0.0000 0.0000 0.0001 0.0000 0.0000 0.0000 0.0000 -0.0010 -0.0002 0.0000 0.0002 30.0001 -0.0001 0.0005 -29.9998 0.0000 0.0000 0.0000 1.5554 3.6681 -1.1549 1.5555 3.6681 -1.1549 -83.2335 66.0430 27.3781 42.2891 26.7657 -20.1364 35.6214 10.8114 -39.9351 2.2509 3.2593 8.4161 0.0000 -0.0001 0.0001 0.0000 0.0000 0.0000 0.0000 -0.0006 0.0003 0.0000 -0.0001 0.0001 0.0000 0.0000 0.0000 0.0000 0.0000 0.0000 0.0000 0.0007 0.0001 0.0000 -0.0012 0.0001 0.0000 -0.0008 0.0003 0.0000 0.0001 0.0000 0.0000 0.0000 0.0000 0.0000 -0.0009 0.0000 0.0000 0.0002 -29.9997 -0.0001 -0.0003 29.9996 0.0000 0.0000 0.0000 7.1626 -1.8994 -165.4816 -0.0424 -23.6223 0.0916 -34.8784 51.8006 -30.9977 0.0001 42.3802 0.0001 4.9225 -11.2712 173.4704 -0.5120 -30.3797 0.0559 -2.4195 83.3200 -6.3237 0.0000 25.3508 -0.0001 
-30.6198 90.1052 -6.2402 -9.1852 -4.0323 4.9177 0.4514 1.0244 -0.0442 0.4515 1.0245 -0.0442 0.4528 1.0275 -0.0443 44.2734 66.7327 -67.2746 -26.4811 31.9341 23.9031 -32.6178 11.6723 44.6942 -2.0491 2.1457 -8.8948 0.0000 0.0000 0.0001 0.0000 0.0000 0.0000 0.0000 -0.0013 -0.0008 0.0000 -0.0004 0.0001 0.0000 0.0000 0.0000 0.0000 0.0000 0.0000 0.0000 0.0002 0.0000 0.0000 -0.0006 0.0003 0.0000 0.0004 -0.0006 0.0000 0.0000 0.0001 0.0000 0.0000 0.0000 0.0000 -0.0010 -0.0002 0.0000 0.0002 30.0001 -0.0001 0.0005 -29.9998 0.0000 0.0000 0.0000 1.5177 3.8213 -1.2305 1.5177 3.8213 -1.2305 -83.0969 65.9112 27.5327 42.8180 28.1857 -22.7396 34.8963 10.6283 -40.8136 2.2947 3.2276 8.6980 0.0000 -0.0001 0.0001 0.0000 0.0000 0.0000 0.0000 -0.0006 0.0003 0.0000 -0.0001 0.0001 0.0000 0.0000 0.0000 0.0000 0.0000 0.0000 0.0000 0.0007 0.0001 0.0000 -0.0012 0.0001 0.0000 -0.0008 0.0003 0.0000 0.0001 0.0000 0.0000 0.0000 0.0000 0.0000 -0.0008 0.0000 0.0000 0.0002 -29.9996 -0.0001 -0.0003 29.9996 0.0000 0.0000 0.0000 6.9310 -1.8151 -165.5372 -0.0391 -23.9581 0.0910 -34.8136 51.3973 -31.1353 0.0001 42.1303 0.0001 4.8977 -11.1566 173.4374 -0.4894 -30.5731 0.0507 -3.5241 83.3403 -7.5354 0.0000 25.3508 -0.0001 
-30.8757 90.1103 -6.3522 -9.0802 -4.2553 5.1585 0.4573 1.0283 -0.0324 0.4573 1.0285 -0.0324 0.4587 1.0315 -0.0324 43.4249 66.5657 -68.0313 -25.9254 33.2065 26.2916 -30.9965 11.5544 47.0290 -2.1660 2.2079 -9.0858 0.0000 0.0000 0.0001 0.0000 0.0000 0.0000 0.0000 -0.0013 -0.0008 0.0000 -0.0004 0.0001 0.0000 0.0000 0.0000 0.0000 0.0000 0.0000 0.0000 0.0002 0.0000 0.0000 -0.0006 0.0003 0.0000 0.0004 -0.0006 0.0000 0.0000 0.0001 0.0000 0.0000 0.0000 0.0000 -0.0010 -0.0002 0.0000 0.0002 30.0001 -0.0001 0.0005 -29.9998 0.0000 0.0000 0.0000 1.4713 3.9598 -1.3006 1.4713 3.9598 -1.3006 -82.9162 65.7764 27.7027 43.2363 29.7272 -25.3672 34.1320 10.4479 -41.7330 2.3265 3.1589 9.0052 0.0000 -0.0001 0.0001 0.0000 0.0000 0.0000 0.0000 -0.0006 0.0003 0.0000 -0.0001 0.0001 0.0000 0.0000 0.0000 0.0000 0.0000 0.0000 0.0000 0.0007 0.0001 0.0000 -0.0012 0.0001 0.0000 -0.0008 0.0003 0.0000 0.0001 0.0000 0.0000 0.0000 0.0000 0.0000 -0.0009 0.0000 0.0000 0.0002 -29.9996 -0.0001 -0.0003 29.9996 0.0000 0.0000 0.0000 6.6889 -1.7283 -165.5790 -0.0342 -24.2545 0.0901 -34.8026 51.0233 -31.3581 0.0001 41.7990 0.0001 4.8691 -11.0505 173.3914 -0.4717 -30.7400 0.0466 -4.5396 83.3424 -8.6682 0.0000 25.3508 -0.0001 
-31.1020 90.1154 -6.4588 -8.9600 -4.4666 5.3932 0.4618 1.0309 -0.0232 0.4618 1.0311 -0.0232 0.4631 1.0341 -0.0232 42.5757 66.4013 -68.7706 -25.1840 34.5771 28.9144 -29.3388 11.2176 49.2651 -2.2611 2.2578 -9.2929 0.0000 0.0000 0.0001 0.0000 0.0000 0.0000 0.0000 -0.0013 -0.0008 0.0000 -0.0004 0.0001 0.0000 0.0000 0.0000 0.0000 0.0000 0.0000 0.0000 0.0002 0.0000 0.0000 -0.0006 0.0003 0.0000 0.0004 -0.0006 0.0000 0.0000 0.0001 0.0000 0.0000 0.0000 0.0000 -0.0010 -0.0002 0.0000 0.0003 30.0001 -0.0001 0.0005 -29.9998 0.0000 0.0000 0.0000 1.4181 4.0816 -1.3662 1.4181 4.0816 -1.3662 -82.7244 65.6412 27.8618 43.5421 31.3145 -27.9353 33.3440 10.3810 -42.7292 2.3517 3.0462 9.3328 0.0000 -0.0001 0.0001 0.0000 0.0000 0.0000 0.0000 -0.0006 0.0003 0.0000 -0.0001 0.0001 0.0000 0.0000 0.0000 0.0000 0.0000 0.0000 0.0000 0.0007 0.0001 0.0000 -0.0012 0.0001 0.0000 -0.0008 0.0003 0.0000 0.0001 0.0000 0.0000 0.0000 0.0000 0.0000 -0.0009 0.0000 0.0000 0.0002 -29.9997 -0.0001 -0.0003 29.9996 0.0000 0.0000 0.0000 6.4322 -1.6396 -165.6187 -0.0298 -24.5191 0.0892 -34.8416 50.6624 -31.6598 0.0001 41.3959 0.0001 4.8287 -10.9656 173.3287 -0.4591 -30.9273 0.0439 -5.4693 83.3534 -9.7178 0.0000 25.3508 -0.0001 
-31.2955 90.0961 -6.5465 -8.8116 -4.6628 5.6292 0.4603 1.0347 -0.0214 0.4603 1.0348 -0.0214 0.4617 1.0379 -0.0215 41.7049 66.2322 -69.5120 -24.1907 36.0321 31.8047 -27.6672 10.6214 51.3569 -2.3264 2.2983 -9.5139 0.0000 0.0000 0.0001 0.0000 0.0000 0.0000 0.0000 -0.0013 -0.0008 0.0000 -0.0004 0.0001 0.0000 0.0000 0.0000 0.0000 0.0000 0.0000 0.0000 0.0002 0.0000 0.0000 -0.0006 0.0003 0.0000 0.0004 -0.0006 0.0000 0.0000 0.0001 0.0000 0.0000 0.0000 0.0000 -0.0010 -0.0002 0.0000 0.0002 30.0001 -0.0001 0.0005 -29.9998 0.0000 0.0000 0.0000 1.3559 4.1694 -1.4280 1.3559 4.1694 -1.4280 -82.5034 65.4925 28.0055 43.6569 33.0397 -30.3078 32.5043 10.4289 -43.8397 2.3597 2.9081 9.5308 0.0000 -0.0001 0.0001 0.0000 0.0000 0.0000 0.0000 -0.0006 0.0003 0.0000 -0.0001 0.0001 0.0000 0.0000 0.0000 0.0000 0.0000 0.0000 0.0000 0.0007 0.0001 0.0000 -0.0012 0.0001 0.0000 -0.0008 0.0003 0.0000 0.0001 0.0000 0.0000 0.0000 0.0000 0.0000 -0.0009 0.0000 0.0000 0.0002 -29.9997 -0.0001 -0.0003 29.9996 0.0000 0.0000 0.0000 6.1534 -1.5552 -165.6726 -0.0285 -24.7529 0.0890 -34.9421 50.3356 -32.0514 0.0001 41.0870 0.0001 4.7589 -10.9069 173.2356 -0.4511 -31.1547 0.0427 -6.3329 83.3901 -10.6954 0.0000 25.3508 -0.0001 
-31.4693 90.0786 -6.6224 -8.6447 -4.8485 5.8719 0.4530 1.0425 -0.0274 0.4530 1.0426 -0.0274 0.4543 1.0456 -0.0274 40.7922 66.0407 -70.2829 -22.9243 37.5028 34.9082 -26.0080 9.8905 53.2852 -2.3637 2.3198 -9.7462 0.0000 0.0000 0.0001 0.0000 0.0000 0.0000 0.0000 -0.0013 -0.0008 0.0000 -0.0004 0.0001 0.0000 0.0000 0.0000 0.0000 0.0000 0.0000 0.0000 0.0002 0.0000 0.0000 -0.0006 0.0003 0.0000 0.0004 -0.0006 0.0000 0.0000 0.0001 0.0000 0.0000 0.0000 0.0000 -0.0010 -0.0002 0.0000 0.0002 30.0001 -0.0001 0.0005 -29.9998 0.0000 0.0000 0.0000 1.2890 4.2230 -1.4860 1.2890 4.2230 -1.4860 -82.3131 65.3332 28.1032 43.4918 35.0287 -32.7020 31.5996 10.3539 -44.9296 2.3238 2.7726 9.5068 0.0000 -0.0001 0.0001 0.0000 0.0000 0.0000 0.0000 -0.0006 0.0003 0.0000 -0.0001 0.0001 0.0000 0.0000 0.0000 0.0000 0.0000 0.0000 0.0000 0.0007 0.0001 0.0000 -0.0011 0.0001 0.0000 -0.0008 0.0003 0.0000 0.0001 0.0000 0.0000 0.0000 0.0000 0.0000 -0.0009 0.0000 0.0000 0.0002 -29.9997 -0.0001 -0.0003 29.9996 0.0000 0.0000 0.0000 5.8523 -1.4852 -165.7448 -0.0282 -24.9716 0.0890 -35.0590 50.0231 -32.4769 0.0001 40.7204 0.0001 4.6648 -10.8586 173.1172 -0.4461 -31.3919 0.0423 -7.1739 83.4371 -11.6413 0.0000 25.3508 -0.0001 
-31.6226 90.0737 -6.6955 -8.4679 -5.0288 6.1204 0.4437 1.0544 -0.0405 0.4437 1.0546 -0.0405 0.4450 1.0576 -0.0406 39.8610 65.8402 -71.0534 -21.3554 38.9765 38.1361 -24.3975 9.0862 55.0193 -2.3768 2.3525 -9.8707 0.0000 0.0000 0.0001 0.0000 0.0000 0.0000 0.0000 -0.0013 -0.0008 0.0000 -0.0004 0.0001 0.0000 0.0000 0.0000 0.0000 0.0000 0.0000 0.0000 0.0002 0.0000 0.0000 -0.0006 0.0003 0.0000 0.0004 -0.0006 0.0000 0.0000 0.0001 0.0000 0.0000 0.0000 0.0000 -0.0010 -0.0002 0.0000 0.0002 30.0001 -0.0001 0.0005 -29.9998 0.0000 0.0000 0.0000 1.2168 4.2490 -1.5382 1.2168 4.2490 -1.5382 -82.1272 65.1657 28.1749 43.1233 37.0725 -35.1574 30.6510 10.2423 -46.0250 2.2741 2.6285 9.4541 0.0000 -0.0001 0.0001 0.0000 0.0000 0.0000 0.0000 -0.0006 0.0003 0.0000 -0.0001 0.0001 0.0000 0.0000 0.0000 0.0000 0.0000 0.0000 0.0000 0.0007 0.0001 0.0000 -0.0012 0.0001 0.0000 -0.0008 0.0003 0.0000 0.0001 0.0000 0.0000 0.0000 0.0000 0.0000 -0.0009 0.0000 0.0000 0.0002 -29.9996 -0.0001 -0.0003 29.9996 0.0000 0.0000 0.0000 5.5247 -1.4272 -165.8325 -0.0270 -25.1769 0.0888 -35.1964 49.7026 -32.9239 0.0001 40.2399 0.0001 4.5564 -10.8047 172.9767 -0.4450 -31.6066 0.0429 -7.9199 83.4744 -12.4853 0.0000 25.3508 -0.0001 
-31.7385 90.0768 -6.7691 -8.2886 -5.2056 6.3681 0.4362 1.0724 -0.0601 0.4362 1.0726 -0.0601 0.4375 1.0757 -0.0603 38.9263 65.6365 -71.8030 -19.4223 40.3917 41.4709 -22.9678 8.2945 56.4439 -2.3726 2.4110 -9.8200 0.0000 0.0000 0.0001 0.0000 0.0000 0.0000 0.0000 -0.0013 -0.0008 0.0000 -0.0004 0.0001 0.0000 0.0000 0.0000 0.0000 0.0000 0.0000 0.0000 0.0002 0.0000 0.0000 -0.0006 0.0003 0.0000 0.0004 -0.0006 0.0000 0.0000 0.0001 0.0000 0.0000 0.0000 0.0000 -0.0010 -0.0002 0.0000 0.0002 30.0001 -0.0001 0.0005 -29.9998 0.0000 0.0000 0.0000 1.1344 4.2433 -1.5818 1.1344 4.2433 -1.5818 -81.9465 64.9776 28.2024 42.6077 39.0325 -37.4604 29.6883 10.2313 -47.2444 2.2327 2.4779 9.4083 0.0000 -0.0001 0.0001 0.0000 0.0000 0.0000 0.0000 -0.0006 0.0003 0.0000 -0.0001 0.0001 0.0000 0.0000 0.0000 0.0000 0.0000 0.0000 0.0000 0.0007 0.0001 0.0000 -0.0012 0.0001 0.0000 -0.0008 0.0003 0.0000 0.0001 0.0000 0.0000 0.0000 0.0000 0.0000 -0.0009 0.0000 0.0000 0.0002 -29.9997 -0.0001 -0.0003 29.9996 0.0000 0.0000 0.0000 5.1673 -1.3757 -165.9324 -0.0236 -25.3575 0.0880 -35.3581 49.3578 -33.3821 0.0001 39.7309 0.0001 4.4436 -10.7334 172.8098 -0.4508 -31.7732 0.0452 -8.3985 83.4897 -13.0538 0.0000 25.3508 -0.0001 
-31.8248 90.0828 -6.8380 -8.1191 -5.3796 6.6047 0.4334 1.0938 -0.0791 0.4335 1.0940 -0.0791 0.4347 1.0971 -0.0793 38.0413 65.4434 -72.4850 -17.2497 41.7129 44.9960 -21.7096 7.6147 57.5820 -2.3481 2.4358 -9.7510 0.0000 0.0000 0.0001 0.0000 0.0000 0.0000 0.0000 -0.0013 -0.0008 0.0000 -0.0004 0.0001 0.0000 0.0000 0.0000 0.0000 0.0000 0.0000 0.0000 0.0002 0.0000 0.0000 -0.0006 0.0003 0.0000 0.0004 -0.0006 0.0000 0.0000 0.0001 0.0000 0.0000 0.0000 0.0000 -0.0010 -0.0002 0.0000 0.0002 30.0001 -0.0001 0.0005 -29.9998 0.0000 0.0000 0.0000 1.0446 4.2233 -1.6208 1.0446 4.2233 -1.6208 -81.7536 64.7640 28.2048 41.8916 41.1032 -39.8462 28.6599 10.0648 -48.5066 2.1770 2.3302 9.3661 0.0000 -0.0001 0.0001 0.0000 0.0000 0.0000 0.0000 -0.0006 0.0003 0.0000 -0.0001 0.0001 0.0000 0.0000 0.0000 0.0000 0.0000 0.0000 0.0000 0.0007 0.0001 0.0000 -0.0012 0.0001 0.0000 -0.0008 0.0003 0.0000 0.0001 0.0000 0.0000 0.0000 0.0000 0.0000 -0.0009 0.0000 0.0000 0.0002 -29.9996 -0.0001 -0.0003 29.9996 0.0000 0.0000 0.0000 4.8103 -1.3170 -166.0350 -0.0202 -25.5228 0.0873 -35.5138 49.0183 -33.8181 0.0001 39.2458 0.0001 4.3496 -10.6610 172.6333 -0.4623 -31.9347 0.0492 -8.6407 83.5075 -13.3904 0.0000 25.3508 -0.0001 
-31.8904 90.0759 -6.8976 -7.9622 -5.5491 6.8279 0.4351 1.1169 -0.0947 0.4351 1.1171 -0.0947 0.4364 1.1204 -0.0950 37.2020 65.2581 -73.1131 -14.8779 42.9406 48.6915 -20.5908 7.0747 58.4607 -2.3040 2.4229 -9.6654 0.0000 0.0000 0.0001 0.0000 0.0000 0.0000 0.0000 -0.0013 -0.0008 0.0000 -0.0004 0.0001 0.0000 0.0000 0.0000 0.0000 0.0000 0.0000 0.0000 0.0002 0.0000 0.0000 -0.0006 0.0003 0.0000 0.0004 -0.0006 0.0000 0.0000 0.0001 0.0000 0.0000 0.0000 0.0000 -0.0010 -0.0002 0.0000 0.0002 30.0001 -0.0001 0.0005 -29.9998 0.0000 0.0000 0.0000 0.9523 4.1965 -1.6582 0.9523 4.1965 -1.6582 -81.5720 64.5390 28.1580 40.9601 43.2972 -42.4003 27.5429 9.6869 -49.7639 2.1025 2.1916 9.3224 0.0000 -0.0001 0.0001 0.0000 0.0000 0.0000 0.0000 -0.0006 0.0003 0.0000 -0.0001 0.0001 0.0000 0.0000 0.0000 0.0000 0.0000 0.0000 0.0000 0.0007 0.0001 0.0000 -0.0011 0.0001 0.0000 -0.0008 0.0003 0.0000 0.0001 0.0000 0.0000 0.0000 0.0000 0.0000 -0.0009 0.0000 0.0000 0.0002 -29.9996 -0.0001 -0.0003 29.9996 0.0000 0.0000 0.0000 4.4734 -1.2560 -166.1374 -0.0188 -25.6851 0.0870 -35.6263 48.7004 -34.2101 0.0000 38.9243 0.0001 4.2753 -10.5917 172.4551 -0.4780 -32.1021 0.0544 -8.7316 83.5375 -13.5789 0.0000 25.3508 -0.0001 
-31.9375 90.0610 -6.9406 -7.8227 -5.7102 7.0298 0.4425 1.1408 -0.1041 0.4426 1.1410 -0.1041 0.4439 1.1443 -0.1044 36.5032 65.1288 -73.6023 -12.4178 44.1358 52.5138 -19.6739 6.6079 58.9242 -2.2264 2.3695 -9.5700 0.0000 0.0000 0.0001 0.0000 0.0000 0.0000 0.0000 -0.0013 -0.0008 0.0000 -0.0004 0.0001 0.0000 0.0000 0.0000 0.0000 0.0000 0.0000 0.0000 0.0002 0.0000 0.0000 -0.0006 0.0003 0.0000 0.0004 -0.0006 0.0000 0.0000 0.0001 0.0000 0.0000 0.0000 0.0000 -0.0010 -0.0002 0.0000 0.0002 30.0001 -0.0001 0.0005 -29.9998 0.0000 0.0000 0.0000 0.8622 4.1669 -1.6917 0.8622 4.1669 -1.6917 -81.3550 64.3183 28.0907 39.8044 45.5061 -44.9967 26.3554 9.1688 -51.1027 2.0200 2.0643 9.2808 0.0000 -0.0001 0.0001 0.0000 0.0000 0.0000 0.0000 -0.0006 0.0003 0.0000 -0.0001 0.0001 0.0000 0.0000 0.0000 0.0000 0.0000 0.0000 0.0000 0.0007 0.0001 0.0000 -0.0012 0.0001 0.0000 -0.0008 0.0003 0.0000 0.0001 0.0000 0.0000 0.0000 0.0000 0.0000 -0.0009 0.0000 0.0000 0.0002 -29.9997 -0.0001 -0.0003 29.9996 0.0000 0.0000 0.0000 4.1699 -1.2037 -166.2346 -0.0189 -25.8486 0.0871 -35.6782 48.4052 -34.5325 0.0000 38.7650 0.0001 4.2206 -10.5307 172.2852 -0.4959 -32.2867 0.0604 -8.7241 83.5908 -13.6676 0.0000 25.3508 -0.0001 
-31.9822 90.0453 -6.9688 -7.6921 -5.8648 7.2147 0.4563 1.1628 -0.1119 0.4564 1.1630 -0.1119 0.4577 1.1664 -0.1122 35.8994 65.0147 -73.9837 -9.7268 45.3625 56.4379 -18.7476 6.2768 59.1966 -2.0865 2.2247 -9.3607 0.0000 0.0000 0.0001 0.0000 0.0000 0.0000 0.0000 -0.0013 -0.0008 0.0000 -0.0004 0.0001 0.0000 0.0000 0.0000 0.0000 0.0000 0.0000 0.0000 0.0003 0.0000 0.0000 -0.0006 0.0003 0.0000 0.0004 -0.0006 0.0000 0.0000 0.0001 0.0000 0.0000 0.0000 0.0000 -0.0010 -0.0002 0.0000 0.0003 30.0001 -0.0001 0.0005 -29.9998 0.0000 0.0000 0.0000 0.7739 4.1405 -1.7137 0.7739 4.1405 -1.7137 -81.0944 64.1180 28.0487 38.4565 47.7206 -47.6185 25.1040 8.6397 -52.5194 1.9345 1.9355 9.2423 0.0000 -0.0001 0.0001 0.0000 0.0000 0.0000 0.0000 -0.0006 0.0003 0.0000 -0.0001 0.0001 0.0000 0.0000 0.0000 0.0000 0.0000 0.0000 0.0000 0.0007 0.0001 0.0000 -0.0012 0.0001 0.0000 -0.0008 0.0003 0.0000 0.0001 0.0000 0.0000 0.0000 0.0000 0.0000 -0.0009 0.0000 0.0000 0.0002 -29.9996 -0.0001 -0.0003 29.9996 0.0000 0.0000 0.0000 3.9012 -1.1653 -166.3236 -0.0184 -26.0048 0.0870 -35.6732 48.1328 -34.7827 0.0000 38.6631 0.0001 4.1625 -10.4636 172.1306 -0.5114 -32.4619 0.0657 -8.7766 83.6517 -13.8067 0.0000 25.3508 -0.0001 
-32.0262 90.0309 -6.9884 -7.5664 -6.0160 7.3844 0.4767 1.1827 -0.1185 0.4768 1.1829 -0.1185 0.4781 1.1864 -0.1188 35.3544 64.9028 -74.2948 -6.8715 46.5760 60.4393 -17.7883 6.0011 59.3201 -1.9263 2.0524 -9.0980 0.0000 0.0000 0.0001 0.0000 0.0000 0.0000 0.0000 -0.0013 -0.0008 0.0000 -0.0004 0.0001 0.0000 0.0000 0.0000 0.0000 0.0000 0.0000 0.0000 0.0002 0.0000 0.0000 -0.0006 0.0003 0.0000 0.0004 -0.0006 0.0000 0.0000 0.0001 0.0000 0.0000 0.0000 0.0000 -0.0010 -0.0002 0.0000 0.0002 30.0001 -0.0001 0.0005 -29.9998 0.0000 0.0000 0.0000 0.6863 4.1178 -1.7252 0.6863 4.1178 -1.7252 -80.8141 63.9297 28.0354 36.7866 50.0512 -50.5210 23.7928 7.9993 -53.9085 1.8324 1.8056 9.2007 0.0000 -0.0001 0.0001 0.0000 0.0000 0.0000 0.0000 -0.0006 0.0003 0.0000 -0.0001 0.0001 0.0000 0.0000 0.0000 0.0000 0.0000 0.0000 0.0000 0.0007 0.0001 0.0000 -0.0012 0.0001 0.0000 -0.0008 0.0003 0.0000 0.0001 0.0000 0.0000 0.0000 0.0000 0.0000 -0.0008 0.0000 0.0000 0.0002 -29.9996 -0.0001 -0.0003 29.9996 0.0000 0.0000 0.0000 3.6713 -1.1351 -166.4015 -0.0168 -26.1471 0.0866 -35.6167 47.8841 -34.9704 0.0000 38.5800 0.0001 4.0929 -10.3780 171.9907 -0.5252 -32.6008 0.0705 -8.9179 83.7046 -14.0252 0.0000 25.3508 -0.0001 
-32.0743 90.0461 -7.0025 -7.4418 -6.1631 7.5294 0.5013 1.2020 -0.1199 0.5014 1.2022 -0.1199 0.5028 1.2056 -0.1202 34.9211 64.8224 -74.4738 -3.9758 47.8052 64.4409 -16.8134 5.7574 59.2977 -1.7673 1.8802 -8.8339 0.0000 0.0000 0.0001 0.0000 0.0000 0.0000 0.0000 -0.0013 -0.0008 0.0000 -0.0004 0.0001 0.0000 0.0000 0.0000 0.0000 0.0000 0.0000 0.0000 0.0002 0.0000 0.0000 -0.0006 0.0003 0.0000 0.0004 -0.0006 0.0000 0.0000 0.0001 0.0000 0.0000 0.0000 0.0000 -0.0010 -0.0002 0.0000 0.0002 30.0001 -0.0002 0.0005 -29.9998 0.0000 0.0000 0.0000 0.6042 4.0964 -1.7282 0.6042 4.0964 -1.7282 -80.4949 63.7426 28.0547 34.6510 52.4671 -53.7178 22.4459 7.3317 -55.3038 1.7036 1.6507 9.1102 0.0000 -0.0001 0.0001 0.0000 0.0000 0.0000 0.0000 -0.0006 0.0003 0.0000 -0.0001 0.0001 0.0000 0.0000 0.0000 0.0000 0.0000 0.0000 0.0000 0.0007 0.0001 0.0000 -0.0012 0.0001 0.0000 -0.0008 0.0003 0.0000 0.0001 0.0000 0.0000 0.0000 0.0000 0.0000 -0.0008 0.0000 0.0000 0.0002 -29.9996 -0.0001 -0.0003 29.9996 0.0000 0.0000 0.0000 3.5120 -1.1116 -166.4587 -0.0164 -26.2748 0.0866 -35.4801 47.6776 -35.0864 0.0000 38.3026 0.0001 3.9994 -10.2626 171.8787 -0.5360 -32.6737 0.0740 -9.2257 83.7390 -14.3963 0.0000 25.3508 -0.0001 
-32.1299 90.0640 -7.0173 -7.3132 -6.3076 7.6464 0.5233 1.2222 -0.1125 0.5233 1.2224 -0.1125 0.5248 1.2259 -0.1128 34.5956 64.7724 -74.5307 -0.9390 49.0333 68.4939 -15.8758 5.5450 59.1919 -1.6098 1.7043 -8.5723 0.0000 0.0000 0.0001 0.0000 0.0000 0.0000 0.0000 -0.0013 -0.0008 0.0000 -0.0004 0.0001 0.0000 0.0000 0.0000 0.0000 0.0000 0.0000 0.0000 0.0002 0.0000 0.0000 -0.0006 0.0003 0.0000 0.0004 -0.0006 0.0000 0.0000 0.0001 0.0000 0.0000 0.0000 0.0000 -0.0010 -0.0002 0.0000 0.0002 30.0001 -0.0001 0.0005 -29.9998 0.0000 0.0000 0.0000 0.5289 4.0733 -1.7256 0.5289 4.0733 -1.7256 -80.1307 63.5664 28.0977 32.0354 54.7772 -57.1800 21.0512 6.7693 -56.6399 1.5653 1.4841 8.9491 0.0000 -0.0001 0.0001 0.0000 0.0000 0.0000 0.0000 -0.0006 0.0003 0.0000 -0.0001 0.0001 0.0000 0.0000 0.0000 0.0000 0.0000 0.0000 0.0000 0.0007 0.0001 0.0000 -0.0012 0.0001 0.0000 -0.0008 0.0003 0.0000 0.0001 0.0000 0.0000 0.0000 0.0000 0.0000 -0.0008 0.0000 0.0000 0.0002 -29.9996 -0.0001 -0.0003 29.9996 0.0000 0.0000 0.0000 3.3846 -1.0949 -166.4955 -0.0169 -26.4068 0.0867 -35.3711 47.4891 -35.2135 0.0000 38.0141 0.0001 3.8948 -10.1249 171.8007 -0.5438 -32.6933 0.0764 -9.5944 83.7556 -14.8278 0.0000 25.3508 -0.0001 
-32.1948 90.0856 -7.0346 -7.1817 -6.4494 7.7355 0.5459 1.2400 -0.1002 0.5460 1.2402 -0.1002 0.5475 1.2438 -0.1005 34.3647 64.7457 -74.4521 2.2628 50.2457 72.5928 -14.9166 5.4574 59.0832 -1.4612 1.5198 -8.3093 0.0000 0.0000 0.0001 0.0000 0.0000 0.0000 0.0000 -0.0013 -0.0008 0.0000 -0.0004 0.0001 0.0000 0.0000 0.0000 0.0000 0.0000 0.0000 0.0000 0.0003 0.0000 0.0000 -0.0006 0.0003 0.0000 0.0004 -0.0006 0.0000 0.0000 0.0001 0.0000 0.0000 0.0000 0.0000 -0.0010 -0.0002 0.0000 0.0002 30.0001 -0.0001 0.0005 -29.9998 0.0000 0.0000 0.0000 0.4524 4.0538 -1.7125 0.4524 4.0538 -1.7125 -79.7614 63.4222 28.1468 29.0383 56.9151 -60.9151 19.6280 6.2964 -57.9018 1.4444 1.3399 8.7897 0.0000 -0.0001 0.0001 0.0000 0.0000 0.0000 0.0000 -0.0006 0.0003 0.0000 -0.0001 0.0001 0.0000 0.0000 0.0000 0.0000 0.0000 0.0000 0.0000 0.0007 0.0001 0.0000 -0.0012 0.0001 0.0000 -0.0008 0.0003 0.0000 0.0001 0.0000 0.0000 0.0000 0.0000 0.0000 -0.0009 0.0000 0.0000 0.0002 -29.9996 -0.0001 -0.0003 29.9996 0.0000 0.0000 0.0000 3.2782 -1.0897 -166.5100 -0.0170 -26.5490 0.0868 -35.3086 47.3128 -35.3648 0.0000 37.6820 0.0001 3.7922 -9.9884 171.7580 -0.5469 -32.7060 0.0773 -10.0007 83.7731 -15.3029 0.0000 25.3508 -0.0001 
-32.2661 90.0815 -7.0619 -7.0431 -6.5841 7.7834 0.5758 1.2503 -0.0877 0.5759 1.2505 -0.0877 0.5775 1.2541 -0.0879 34.2070 64.7435 -74.1898 5.5698 51.4008 76.6460 -14.0002 5.5190 58.9189 -1.3199 1.3240 -8.0450 0.0000 0.0000 0.0001 0.0000 0.0000 0.0000 0.0000 -0.0013 -0.0008 0.0000 -0.0004 0.0001 0.0000 0.0000 0.0000 0.0000 0.0000 0.0000 0.0000 0.0002 0.0000 0.0000 -0.0006 0.0003 0.0000 0.0004 -0.0006 0.0000 0.0000 0.0001 0.0000 0.0000 0.0000 0.0000 -0.0010 -0.0002 0.0000 0.0002 30.0001 -0.0001 0.0005 -29.9998 0.0000 0.0000 0.0000 0.3584 4.0451 -1.6810 0.3584 4.0451 -1.6810 -79.4753 63.3326 28.1634 25.6241 58.8335 -64.9162 18.2815 5.8971 -59.1560 1.3218 1.1883 8.6170 0.0000 -0.0001 0.0001 0.0000 0.0000 0.0000 0.0000 -0.0006 0.0003 0.0000 -0.0001 0.0001 0.0000 0.0000 0.0000 0.0000 0.0000 0.0000 0.0000 0.0007 0.0001 0.0000 -0.0011 0.0001 0.0000 -0.0008 0.0003 0.0000 0.0001 0.0000 0.0000 0.0000 0.0000 0.0000 -0.0009 0.0000 0.0000 0.0002 -29.9996 -0.0001 -0.0003 29.9996 0.0000 0.0000 0.0000 3.1950 -1.1023 -166.4913 -0.0174 -26.7013 0.0869 -35.3230 47.1430 -35.5619 0.0000 37.5586 0.0000 3.7067 -9.8691 171.7632 -0.5458 -32.7272 0.0771 -10.3434 83.7928 -15.7364 0.0000 25.3508 -0.0001 
-32.3327 90.0732 -7.1078 -6.8915 -6.7093 7.8015 0.6022 1.2558 -0.0719 0.6023 1.2561 -0.0719 0.6040 1.2597 -0.0721 34.1095 64.8008 -73.7951 8.8169 52.4783 80.5915 -13.1739 5.7250 58.6708 -1.1859 1.1183 -7.7895 0.0000 0.0000 0.0001 0.0000 0.0000 0.0000 0.0000 -0.0013 -0.0008 0.0000 -0.0004 0.0001 0.0000 0.0000 0.0000 0.0000 0.0000 0.0000 0.0000 0.0002 0.0000 0.0000 -0.0006 0.0003 0.0000 0.0004 -0.0006 0.0000 0.0000 0.0001 0.0000 0.0000 0.0000 0.0000 -0.0010 -0.0002 0.0000 0.0002 30.0001 -0.0001 0.0005 -29.9998 0.0000 0.0000 0.0000 0.2556 4.0390 -1.6492 0.2556 4.0390 -1.6492 -79.3309 63.2702 28.0476 21.8279 60.5274 -69.1851 17.0211 5.5099 -60.4115 1.1955 1.0344 8.4401 0.0000 -0.0001 0.0001 0.0000 0.0000 0.0000 0.0000 -0.0006 0.0003 0.0000 -0.0001 0.0001 0.0000 0.0000 0.0000 0.0000 0.0000 0.0000 0.0000 0.0007 0.0001 0.0000 -0.0012 0.0001 0.0000 -0.0008 0.0003 0.0000 0.0001 0.0000 0.0000 0.0000 0.0000 0.0000 -0.0009 0.0000 0.0000 0.0002 -29.9996 -0.0001 -0.0003 29.9996 0.0000 0.0000 0.0000 3.1054 -1.1187 -166.4517 -0.0178 -26.8513 0.0870 -35.4140 46.9747 -35.7982 0.0000 37.4659 0.0000 3.6441 -9.7841 171.7975 -0.5460 -32.7753 0.0774 -10.5357 83.8167 -16.0500 0.0000 25.3508 -0.0001 
-32.3915 90.0585 -7.1694 -6.7297 -6.8236 7.7965 0.6183 1.2587 -0.0491 0.6184 1.2589 -0.0491 0.6201 1.2625 -0.0492 34.0202 64.8820 -73.3713 11.9906 53.5017 84.3794 -12.4252 6.1551 58.3900 -1.0632 0.8972 -7.5494 0.0000 0.0000 0.0001 0.0000 0.0000 0.0000 0.0000 -0.0013 -0.0008 0.0000 -0.0004 0.0001 0.0000 0.0000 0.0000 0.0000 0.0000 0.0000 0.0000 0.0002 0.0000 0.0000 -0.0006 0.0003 0.0000 0.0004 -0.0006 0.0000 0.0000 0.0001 0.0000 0.0000 0.0000 0.0000 -0.0010 -0.0002 0.0000 0.0002 30.0001 -0.0001 0.0005 -29.9998 0.0000 0.0000 0.0000 0.1566 4.0333 -1.6251 0.1566 4.0333 -1.6251 -79.2914 63.2244 27.8150 17.6911 61.9774 -73.7188 15.7965 5.1107 -61.6266 1.0756 0.8971 8.2689 0.0000 -0.0001 0.0001 0.0000 0.0000 0.0000 0.0000 -0.0007 0.0003 0.0000 -0.0001 0.0001 0.0000 0.0000 0.0000 0.0000 0.0000 0.0000 0.0000 0.0007 0.0001 0.0000 -0.0012 0.0001 0.0000 -0.0008 0.0003 0.0000 0.0001 0.0000 0.0000 0.0000 0.0000 0.0000 -0.0008 0.0000 0.0000 0.0002 -29.9997 -0.0001 -0.0003 29.9996 0.0000 0.0000 0.0000 3.0000 -1.1358 -166.3973 -0.0182 -26.9951 0.0871 -35.5768 46.8033 -36.0715 0.0000 37.4227 0.0000 3.6056 -9.7267 171.8524 -0.5489 -32.8388 0.0786 -10.5612 83.8396 -16.2269 0.0000 25.3508 -0.0001 
-32.4426 90.0370 -7.2427 -6.5700 -6.9217 7.7736 0.6192 1.2572 -0.0260 0.6193 1.2575 -0.0260 0.6211 1.2611 -0.0261 33.9848 64.9960 -72.8637 15.1506 54.6760 88.0244 -11.6511 6.7873 58.0820 -0.9467 0.6572 -7.3246 0.0000 0.0000 0.0001 0.0000 0.0000 0.0000 0.0000 -0.0013 -0.0008 0.0000 -0.0004 0.0001 0.0000 0.0000 0.0000 0.0000 0.0000 0.0000 0.0000 0.0002 0.0000 0.0000 -0.0006 0.0003 0.0000 0.0004 -0.0006 0.0000 0.0000 0.0001 0.0000 0.0000 0.0000 0.0000 -0.0010 -0.0002 0.0000 0.0002 30.0001 -0.0001 0.0005 -29.9998 0.0000 0.0000 0.0000 0.0736 4.0249 -1.6007 0.0736 4.0249 -1.6007 -79.3946 63.2251 27.4417 13.3835 63.1551 -78.3904 14.6006 4.6901 -62.7420 0.9641 0.7809 8.1040 0.0000 -0.0001 0.0001 0.0000 0.0000 0.0000 0.0000 -0.0006 0.0003 0.0000 -0.0001 0.0001 0.0000 0.0000 0.0000 0.0000 0.0000 0.0000 0.0000 0.0007 0.0001 0.0000 -0.0012 0.0001 0.0000 -0.0008 0.0003 0.0000 0.0001 0.0000 0.0000 0.0000 0.0000 0.0000 -0.0009 0.0000 0.0000 0.0002 -29.9997 -0.0001 -0.0003 29.9996 0.0000 0.0000 0.0000 2.8844 -1.1707 -166.3304 -0.0185 -27.1378 0.0872 -35.7912 46.6297 -36.3539 0.0000 37.4185 0.0001 3.6146 -9.7009 171.9251 -0.5527 -32.9249 0.0802 -10.4290 83.8658 -16.2874 0.0000 25.3508 -0.0001 
-32.4915 90.0126 -7.3130 -6.4230 -7.0055 7.7582 0.6165 1.2513 -0.0186 0.6166 1.2515 -0.0186 0.6183 1.2551 -0.0186 34.0117 65.1461 -72.2306 18.3513 55.8870 91.5797 -10.8394 7.5159 57.8062 -0.8396 0.4193 -7.1053 0.0000 0.0000 0.0001 0.0000 0.0000 0.0000 0.0000 -0.0013 -0.0008 0.0000 -0.0004 0.0001 0.0000 0.0000 0.0000 0.0000 0.0000 0.0000 0.0000 0.0002 0.0000 0.0000 -0.0006 0.0003 0.0000 0.0004 -0.0006 0.0000 0.0000 0.0001 0.0000 0.0000 0.0000 0.0000 -0.0010 -0.0002 0.0000 0.0002 30.0001 -0.0002 0.0005 -29.9998 0.0000 0.0000 0.0000 -0.0025 4.0120 -1.5619 -0.0025 4.0120 -1.5619 -79.6765 63.2841 26.9256 9.0592 64.1591 -83.0988 13.4449 4.2736 -63.8370 0.8560 0.6702 7.9624 0.0000 -0.0001 0.0001 0.0000 0.0000 0.0000 0.0000 -0.0006 0.0003 0.0000 -0.0001 0.0001 0.0000 0.0000 0.0000 0.0000 0.0000 0.0000 0.0000 0.0007 0.0001 0.0000 -0.0012 0.0001 0.0000 -0.0008 0.0003 0.0000 0.0001 0.0000 0.0000 0.0000 0.0000 0.0000 -0.0009 0.0000 0.0000 0.0002 -29.9996 -0.0001 -0.0003 29.9996 0.0000 0.0000 0.0000 2.7737 -1.2341 -166.2680 -0.0167 -27.2865 0.0868 -35.9938 46.4526 -36.5990 0.0000 37.4098 0.0001 3.6540 -9.6898 171.9915 -0.5557 -33.0216 0.0816 -10.2961 83.8959 -16.3663 0.0000 25.3508 -0.0001 
-32.5370 89.9878 -7.3766 -6.2912 -7.0766 7.7558 0.6104 1.2421 -0.0233 0.6105 1.2424 -0.0233 0.6122 1.2459 -0.0233 34.0730 65.3338 -71.5379 21.6789 57.0332 95.1403 -10.0215 8.2822 57.5971 -0.7414 0.1913 -6.8908 0.0000 0.0000 0.0001 0.0000 0.0000 0.0000 0.0000 -0.0013 -0.0008 0.0000 -0.0004 0.0001 0.0000 0.0000 0.0000 0.0000 0.0000 0.0000 0.0000 0.0002 0.0000 0.0000 -0.0006 0.0003 0.0000 0.0004 -0.0006 0.0000 0.0000 0.0001 0.0000 0.0000 0.0000 0.0000 -0.0010 -0.0002 0.0000 0.0002 30.0001 -0.0001 0.0005 -29.9998 0.0000 0.0000 0.0000 -0.0720 3.9936 -1.5170 -0.0720 3.9936 -1.5170 -80.1294 63.3681 26.2694 4.6469 64.9850 -87.8816 12.3537 3.9222 -64.8983 0.7511 0.5576 7.8353 0.0000 -0.0001 0.0001 0.0000 0.0000 0.0000 0.0000 -0.0007 0.0003 0.0000 -0.0001 0.0001 0.0000 0.0000 0.0000 0.0000 0.0000 0.0000 0.0000 0.0007 0.0001 0.0000 -0.0012 0.0001 0.0000 -0.0008 0.0003 0.0000 0.0001 0.0000 0.0000 0.0000 0.0000 0.0000 -0.0009 0.0000 0.0000 0.0002 -29.9996 -0.0001 -0.0003 29.9996 0.0000 0.0000 0.0000 2.6620 -1.3140 -166.2194 -0.0145 -27.4376 0.0863 -36.1855 46.2771 -36.7997 0.0000 37.3864 0.0000 3.7059 -9.6899 172.0431 -0.5596 -33.1244 0.0833 -10.2247 83.9280 -16.5053 0.0000 25.3508 -0.0001 
-32.5754 89.9678 -7.4211 -6.1989 -7.1228 7.7691 0.5967 1.2276 -0.0328 0.5968 1.2278 -0.0328 0.5985 1.2313 -0.0329 34.1591 65.5882 -70.8462 25.0717 58.0315 98.5596 -9.2248 9.1061 57.5690 -0.6576 -0.0212 -6.6905 0.0000 0.0000 0.0001 0.0000 0.0000 0.0000 0.0000 -0.0013 -0.0008 0.0000 -0.0004 0.0001 0.0000 0.0000 0.0000 0.0000 0.0000 0.0000 0.0000 0.0003 0.0000 0.0000 -0.0006 0.0003 0.0000 0.0004 -0.0006 0.0000 0.0000 0.0001 0.0000 0.0000 0.0000 0.0000 -0.0010 -0.0002 0.0000 0.0002 30.0001 -0.0001 0.0005 -29.9998 0.0000 0.0000 0.0000 -0.1213 3.9689 -1.4810 -0.1213 3.9689 -1.4810 -80.6444 63.4194 25.5757 0.0512 65.5836 -92.7118 11.3244 3.6817 -65.9112 0.6557 0.4475 7.7102 0.0000 -0.0001 0.0001 0.0000 0.0000 0.0000 0.0000 -0.0006 0.0003 0.0000 -0.0001 0.0001 0.0000 0.0000 0.0000 0.0000 0.0000 0.0000 0.0000 0.0007 0.0001 0.0000 -0.0011 0.0001 0.0000 -0.0008 0.0003 0.0000 0.0002 0.0000 0.0000 0.0000 0.0000 0.0000 -0.0009 0.0000 0.0000 0.0002 -29.9996 -0.0001 -0.0003 29.9996 0.0000 0.0000 0.0000 2.5670 -1.4040 -166.1879 -0.0115 -27.5767 0.0856 -36.3250 46.1112 -36.9037 0.0000 37.3536 0.0001 3.7591 -9.7084 172.0720 -0.5670 -33.2325 0.0860 -10.3210 83.9677 -16.7749 0.0000 25.3508 -0.0001 
-32.6109 89.9553 -7.4326 -6.1596 -7.1488 7.7948 0.5805 1.2107 -0.0444 0.5806 1.2110 -0.0444 0.5823 1.2144 -0.0445 34.3232 65.9019 -70.1183 28.7197 58.8637 102.1126 -8.4446 9.8186 57.6510 -0.5773 -0.2123 -6.4964 0.0000 0.0000 0.0001 0.0000 0.0000 0.0000 0.0000 -0.0013 -0.0008 0.0000 -0.0004 0.0001 0.0000 0.0000 0.0000 0.0000 0.0000 0.0000 0.0000 0.0003 0.0000 0.0000 -0.0006 0.0003 0.0000 0.0004 -0.0006 0.0000 0.0000 0.0001 0.0000 0.0000 0.0000 0.0000 -0.0010 -0.0002 0.0000 0.0003 30.0001 -0.0001 0.0005 -29.9998 0.0000 0.0000 0.0000 -0.1483 3.9407 -1.4473 -0.1483 3.9407 -1.4473 -81.1152 63.4940 24.9141 -4.5256 65.9309 -97.4277 10.2279 3.5167 -66.8360 0.5746 0.3520 7.5790 0.0000 -0.0001 0.0001 0.0000 0.0000 0.0000 0.0000 -0.0006 0.0003 0.0000 -0.0001 0.0001 0.0000 0.0000 0.0000 0.0000 0.0000 0.0000 0.0000 0.0007 0.0001 0.0000 -0.0011 0.0001 0.0000 -0.0008 0.0003 0.0000 0.0001 0.0000 0.0000 0.0000 0.0000 0.0000 -0.0009 0.0000 0.0000 0.0002 -29.9997 -0.0001 -0.0003 29.9996 0.0000 0.0000 0.0000 2.5278 -1.5013 -166.1677 -0.0099 -27.7004 0.0852 -36.3680 45.9536 -36.8945 0.0000 37.3446 0.0001 3.8090 -9.7237 172.0840 -0.5772 -33.3281 0.0896 -10.5882 84.0138 -17.1602 0.0000 25.3508 -0.0001 
-32.6517 89.9491 -7.4068 -6.1643 -7.1608 7.8367 0.5683 1.1912 -0.0652 0.5684 1.1914 -0.0652 0.5701 1.1949 -0.0654 34.5471 66.2460 -69.3590 32.5064 59.4697 105.6572 -7.7012 10.4623 57.8807 -0.5030 -0.3834 -6.3106 0.0000 0.0000 0.0001 0.0000 0.0000 0.0000 0.0000 -0.0013 -0.0008 0.0000 -0.0004 0.0001 0.0000 0.0000 0.0000 0.0000 0.0000 0.0000 0.0000 0.0002 0.0000 0.0000 -0.0007 0.0003 0.0000 0.0004 -0.0006 0.0000 0.0000 0.0001 0.0000 0.0000 0.0000 0.0000 -0.0010 -0.0002 0.0000 0.0002 30.0001 -0.0001 0.0005 -29.9998 0.0000 0.0000 0.0000 -0.1658 3.9127 -1.4043 -0.1658 3.9127 -1.4043 -81.6431 63.6195 24.1891 -8.8554 66.1200 -101.8204 9.0678 3.4197 -67.7453 0.5056 0.2669 7.4545 0.0000 -0.0001 0.0001 0.0000 0.0000 0.0000 0.0000 -0.0006 0.0003 0.0000 -0.0001 0.0001 0.0000 0.0000 0.0000 0.0000 0.0000 0.0000 0.0000 0.0007 0.0001 0.0000 -0.0011 0.0001 0.0000 -0.0008 0.0003 0.0000 0.0001 0.0000 0.0000 0.0000 0.0000 0.0000 -0.0009 0.0000 0.0000 0.0002 -29.9996 -0.0001 -0.0003 29.9996 0.0000 0.0000 0.0000 2.5370 -1.6034 -166.1642 -0.0099 -27.8107 0.0852 -36.3209 45.7999 -36.7831 0.0000 37.3699 0.0001 3.8432 -9.7213 172.0784 -0.5864 -33.4014 0.0927 -11.0599 84.0655 -17.6901 0.0000 25.3507 -0.0001 
-32.7079 89.9487 -7.3414 -6.2215 -7.1591 7.9036 0.5680 1.1678 -0.1008 0.5681 1.1680 -0.1008 0.5697 1.1714 -0.1010 34.8271 66.5990 -68.5754 36.3974 59.7569 109.0357 -7.0440 11.0238 58.3907 -0.4354 -0.5327 -6.1385 0.0000 0.0000 0.0001 0.0000 0.0000 0.0000 0.0000 -0.0013 -0.0008 0.0000 -0.0004 0.0001 0.0000 0.0000 0.0000 0.0000 0.0000 0.0000 0.0000 0.0002 0.0000 0.0000 -0.0006 0.0003 0.0000 0.0004 -0.0006 0.0000 0.0000 0.0001 0.0000 0.0000 0.0000 0.0000 -0.0010 -0.0002 0.0000 0.0002 30.0001 -0.0001 0.0005 -29.9998 0.0000 0.0000 0.0000 -0.1844 3.8931 -1.3523 -0.1844 3.8931 -1.3523 -82.2891 63.7751 23.3792 -12.8112 66.1624 -105.6781 7.9624 3.4270 -68.7267 0.4517 0.1897 7.3474 0.0000 -0.0001 0.0001 0.0000 0.0000 0.0000 0.0000 -0.0006 0.0003 0.0000 -0.0001 0.0001 0.0000 0.0000 0.0000 0.0000 0.0000 0.0000 0.0000 0.0007 0.0001 0.0000 -0.0012 0.0001 0.0000 -0.0008 0.0003 0.0000 0.0001 0.0000 0.0000 0.0000 0.0000 0.0000 -0.0009 0.0000 0.0000 0.0002 -29.9996 -0.0001 -0.0003 29.9996 0.0000 0.0000 0.0000 2.5836 -1.6910 -166.1917 -0.0117 -27.8981 0.0856 -36.1856 45.6528 -36.5527 0.0000 37.4582 0.0001 3.8342 -9.6967 172.0486 -0.5888 -33.4402 0.0937 -11.8344 84.1118 -18.4202 0.0000 25.3507 -0.0001 
-32.7688 89.9519 -7.2728 -6.3156 -7.1463 7.9756 0.5753 1.1437 -0.1364 0.5753 1.1439 -0.1364 0.5770 1.1472 -0.1368 35.0334 66.9629 -67.8878 40.2564 59.7771 112.1510 -6.4620 11.6042 59.1290 -0.3715 -0.6757 -5.9792 0.0000 0.0000 0.0001 0.0000 0.0000 0.0000 0.0000 -0.0013 -0.0008 0.0000 -0.0004 0.0001 0.0000 0.0000 0.0000 0.0000 0.0000 0.0000 0.0000 0.0002 0.0000 0.0000 -0.0006 0.0003 0.0000 0.0004 -0.0006 0.0000 0.0000 0.0001 0.0000 0.0000 0.0000 0.0000 -0.0010 -0.0002 0.0000 0.0002 30.0001 -0.0001 0.0005 -29.9998 0.0000 0.0000 0.0000 -0.2029 3.8797 -1.3093 -0.2029 3.8797 -1.3093 -82.9059 63.9108 22.6252 -16.6720 66.0035 -109.2420 6.9509 3.5020 -69.7326 0.4071 0.1185 7.2443 0.0000 -0.0001 0.0001 0.0000 0.0000 0.0000 0.0000 -0.0006 0.0003 0.0000 -0.0001 0.0001 0.0000 0.0000 0.0000 0.0000 0.0000 0.0000 0.0000 0.0007 0.0001 0.0000 -0.0011 0.0001 0.0000 -0.0008 0.0003 0.0000 0.0001 0.0000 0.0000 0.0000 0.0000 0.0000 -0.0009 0.0000 0.0000 0.0002 -29.9997 -0.0001 -0.0003 29.9996 0.0000 0.0000 0.0000 2.6409 -1.7521 -166.2305 -0.0142 -27.9607 0.0863 -36.0225 45.5071 -36.2637 0.0000 37.5991 0.0001 3.7938 -9.6855 172.0095 -0.5895 -33.4709 0.0941 -12.6866 84.1432 -19.1481 0.0000 25.3508 -0.0001 
-32.8256 89.9575 -7.2098 -6.4432 -7.1236 8.0433 0.5845 1.1224 -0.1665 0.5846 1.1226 -0.1666 0.5863 1.1259 -0.1670 35.1804 67.3244 -67.2920 44.1355 59.6522 115.0885 -5.8474 12.1919 60.0254 -0.3090 -0.8137 -5.8295 0.0000 0.0000 0.0001 0.0000 0.0000 0.0000 0.0000 -0.0013 -0.0008 0.0000 -0.0004 0.0001 0.0000 0.0000 0.0000 0.0000 0.0000 0.0000 0.0000 0.0003 -0.0001 0.0000 -0.0006 0.0003 0.0000 0.0004 -0.0006 0.0000 0.0000 0.0001 0.0000 0.0000 0.0000 0.0000 -0.0010 -0.0002 0.0000 0.0003 30.0001 -0.0001 0.0005 -29.9998 0.0000 0.0000 0.0000 -0.2114 3.8680 -1.2771 -0.2114 3.8680 -1.2771 -83.4863 64.0507 21.9010 -20.3647 65.6935 -112.5159 5.9737 3.6487 -70.6998 0.3684 0.0491 7.1391 0.0000 -0.0001 0.0001 0.0000 0.0000 0.0000 0.0000 -0.0006 0.0003 0.0000 -0.0001 0.0001 0.0000 0.0000 0.0000 0.0000 0.0000 0.0000 0.0000 0.0007 0.0001 0.0000 -0.0012 0.0001 0.0000 -0.0008 0.0003 0.0000 0.0001 0.0000 0.0000 0.0000 0.0000 0.0000 -0.0009 0.0000 0.0000 0.0002 -29.9997 -0.0001 -0.0003 29.9996 0.0000 0.0000 0.0000 2.7151 -1.7975 -166.2645 -0.0163 -28.0107 0.0868 -35.8437 45.3614 -35.9476 0.0000 37.7685 0.0001 3.7426 -9.6953 171.9681 -0.5932 -33.5022 0.0953 -13.4570 84.1577 -19.7392 0.0000 25.3508 -0.0001 
-32.8796 89.9620 -7.1502 -6.6162 -7.0922 8.1017 0.5940 1.1039 -0.1890 0.5941 1.1041 -0.1890 0.5958 1.1073 -0.1895 35.4903 67.7183 -66.5444 48.1307 59.6039 117.9377 -5.0039 12.7369 61.0754 -0.2494 -0.9383 -5.6907 0.0000 0.0000 0.0001 0.0000 0.0000 0.0000 0.0000 -0.0013 -0.0008 0.0000 -0.0004 0.0001 0.0000 0.0000 0.0000 0.0000 0.0000 0.0000 0.0000 0.0002 0.0000 0.0000 -0.0006 0.0003 0.0000 0.0004 -0.0006 0.0000 0.0000 0.0001 0.0000 0.0000 0.0000 0.0000 -0.0010 -0.0002 0.0000 0.0002 30.0001 -0.0001 0.0005 -29.9998 0.0000 0.0000 0.0000 -0.1995 3.8634 -1.2586 -0.1995 3.8634 -1.2586 -84.1208 64.2110 21.1045 -23.9682 65.3396 -115.5686 4.9832 3.8892 -71.6078 0.3332 -0.0241 7.0282 0.0000 -0.0001 0.0001 0.0000 0.0000 0.0000 0.0000 -0.0006 0.0003 0.0000 -0.0001 0.0001 0.0000 0.0000 0.0000 0.0000 0.0000 0.0000 0.0000 0.0007 0.0001 0.0000 -0.0012 0.0001 0.0000 -0.0008 0.0003 0.0000 0.0001 0.0000 0.0000 0.0000 0.0000 0.0000 -0.0009 0.0000 0.0000 0.0002 -29.9996 -0.0001 -0.0003 29.9996 0.0000 0.0000 0.0000 2.8124 -1.8374 -166.2840 -0.0189 -28.0678 0.0875 -35.6663 45.2127 -35.6371 0.0000 37.9592 0.0001 3.7007 -9.7217 171.9311 -0.5978 -33.5321 0.0969 -14.0059 84.1510 -20.0566 0.0000 25.3508 -0.0001 
-32.9404 89.9581 -7.0936 -6.8103 -7.0627 8.1558 0.6006 1.0877 -0.2101 0.6006 1.0879 -0.2101 0.6024 1.0910 -0.2107 35.8982 68.0861 -65.6981 52.3665 59.6373 120.8008 -3.8964 13.2035 62.2151 -0.1915 -1.0476 -5.5587 0.0000 0.0000 0.0001 0.0000 0.0000 0.0000 0.0000 -0.0013 -0.0008 0.0000 -0.0004 0.0001 0.0000 0.0000 0.0000 0.0000 0.0000 0.0000 0.0000 0.0002 0.0000 0.0000 -0.0006 0.0003 0.0000 0.0004 -0.0006 0.0000 0.0000 0.0001 0.0000 0.0000 0.0000 0.0000 -0.0010 -0.0002 0.0000 0.0002 30.0001 -0.0001 0.0005 -29.9998 0.0000 0.0000 0.0000 -0.1727 3.8662 -1.2485 -0.1727 3.8662 -1.2485 -84.6938 64.3289 20.3856 -27.8295 64.9802 -118.7084 3.9613 4.1861 -72.4750 0.2942 -0.1062 6.9150 0.0000 -0.0001 0.0001 0.0000 0.0000 0.0000 0.0000 -0.0006 0.0003 0.0000 -0.0001 0.0001 0.0000 0.0000 0.0000 0.0000 0.0000 0.0000 0.0000 0.0007 0.0001 0.0000 -0.0011 0.0001 0.0000 -0.0008 0.0003 0.0000 0.0001 0.0000 0.0000 0.0000 0.0000 0.0000 -0.0008 0.0000 0.0000 0.0002 -29.9996 -0.0001 -0.0003 29.9996 0.0000 0.0000 0.0000 2.8974 -1.8750 -166.2933 -0.0196 -28.1335 0.0876 -35.5206 45.0510 -35.3579 0.0000 38.1844 0.0001 3.6680 -9.7488 171.9018 -0.5997 -33.5575 0.0976 -14.3492 84.1235 -20.1482 0.0000 25.3508 -0.0001 
-33.0133 89.9463 -7.0447 -7.0188 -7.0379 8.2071 0.6017 1.0787 -0.2303 0.6018 1.0789 -0.2303 0.6035 1.0820 -0.2309 36.3197 68.4339 -64.8259 56.7127 59.6980 123.5951 -2.5606 13.5783 63.3597 -0.1376 -1.1366 -5.4307 0.0000 0.0000 0.0001 0.0000 0.0000 0.0000 0.0000 -0.0013 -0.0008 0.0000 -0.0004 0.0001 0.0000 0.0000 0.0000 0.0000 0.0000 0.0000 0.0000 0.0002 0.0000 0.0000 -0.0006 0.0003 0.0000 0.0004 -0.0006 0.0000 0.0000 0.0001 0.0000 0.0000 0.0000 0.0000 -0.0010 -0.0002 0.0000 0.0002 30.0001 -0.0001 0.0005 -29.9998 0.0000 0.0000 0.0000 -0.1300 3.8681 -1.2447 -0.1300 3.8681 -1.2447 -85.1031 64.4107 19.8353 -32.0200 64.5761 -121.9864 2.8613 4.5241 -73.2943 0.2512 -0.1951 6.7959 0.0000 -0.0001 0.0001 0.0000 0.0000 0.0000 0.0000 -0.0006 0.0003 0.0000 -0.0001 0.0001 0.0000 0.0000 0.0000 0.0000 0.0000 0.0000 0.0000 0.0007 0.0001 0.0000 -0.0012 0.0001 0.0000 -0.0008 0.0003 0.0000 0.0001 0.0000 0.0000 0.0000 0.0000 0.0000 -0.0008 0.0000 0.0000 0.0002 -29.9996 -0.0001 -0.0003 29.9996 0.0000 0.0000 0.0000 2.9668 -1.8969 -166.2947 -0.0174 -28.1888 0.0871 -35.4208 44.8717 -35.1153 0.0000 38.4447 0.0001 3.6446 -9.7788 171.8835 -0.5989 -33.5856 0.0976 -14.5590 84.0785 -20.0969 0.0000 25.3508 -0.0001 
-33.1020 89.9294 -7.0027 -7.2410 -7.0207 8.2602 0.5898 1.0851 -0.2512 0.5899 1.0852 -0.2513 0.5916 1.0884 -0.2520 36.7215 68.7652 -63.9930 60.9845 59.7610 126.1382 -1.0432 13.8205 64.4362 -0.0957 -1.1921 -5.3109 0.0000 0.0000 0.0001 0.0000 0.0000 0.0000 0.0000 -0.0013 -0.0008 0.0000 -0.0004 0.0001 0.0000 0.0000 0.0000 0.0000 0.0000 0.0000 0.0000 0.0002 -0.0001 0.0000 -0.0007 0.0003 0.0000 0.0004 -0.0006 0.0000 0.0000 0.0001 0.0000 0.0000 0.0000 0.0000 -0.0010 -0.0002 0.0000 0.0002 30.0001 -0.0001 0.0005 -29.9998 0.0000 0.0000 0.0000 -0.0595 3.8582 -1.2416 -0.0595 3.8582 -1.2416 -85.2474 64.4575 19.5265 -36.6602 64.1523 -125.4266 1.6111 4.9246 -74.0706 0.2050 -0.2916 6.6675 0.0000 -0.0001 0.0001 0.0000 0.0000 0.0000 0.0000 -0.0006 0.0003 0.0000 -0.0001 0.0001 0.0000 0.0000 0.0000 0.0000 0.0000 0.0000 0.0000 0.0007 0.0001 0.0000 -0.0012 0.0001 0.0000 -0.0008 0.0003 0.0000 0.0001 0.0000 0.0000 0.0000 0.0000 0.0000 -0.0009 0.0000 0.0000 0.0002 -29.9996 -0.0001 -0.0003 29.9996 0.0000 0.0000 0.0000 3.0269 -1.8831 -166.2922 -0.0128 -28.2118 0.0859 -35.3811 44.6729 -34.9318 0.0000 38.7146 0.0001 3.6196 -9.8162 171.8733 -0.5992 -33.6296 0.0979 -14.7187 84.0228 -19.9785 0.0000 25.3508 -0.0001 
-33.1997 89.9168 -6.9576 -7.4732 -7.0139 8.3219 0.5667 1.1073 -0.2720 0.5668 1.1075 -0.2721 0.5684 1.1107 -0.2728 37.1676 69.0803 -63.2246 65.0320 59.7111 128.4323 0.4545 14.0300 65.3776 -0.0633 -1.2297 -5.1988 0.0000 0.0000 0.0001 0.0000 0.0000 0.0000 0.0000 -0.0013 -0.0008 0.0000 -0.0004 0.0001 0.0000 0.0000 0.0000 0.0000 0.0000 0.0000 0.0000 0.0002 0.0000 0.0000 -0.0006 0.0003 0.0000 0.0004 -0.0006 0.0000 0.0000 0.0001 0.0000 0.0000 0.0000 0.0000 -0.0010 -0.0002 0.0000 0.0002 30.0001 -0.0001 0.0005 -29.9998 0.0000 0.0000 0.0000 0.0320 3.8298 -1.2376 0.0320 3.8298 -1.2376 -85.2164 64.4943 19.3494 -41.4243 63.6556 -128.7572 0.2336 5.2747 -74.8276 0.1600 -0.3775 6.5330 0.0000 -0.0001 0.0001 0.0000 0.0000 0.0000 0.0000 -0.0006 0.0003 0.0000 -0.0001 0.0001 0.0000 0.0000 0.0000 0.0000 0.0000 0.0000 0.0000 0.0007 0.0001 0.0000 -0.0012 0.0001 0.0000 -0.0008 0.0003 0.0000 0.0001 0.0000 0.0000 0.0000 0.0000 0.0000 -0.0009 0.0000 0.0000 0.0002 -29.9996 -0.0001 -0.0003 29.9996 0.0000 0.0000 0.0000 3.0904 -1.8421 -166.2971 -0.0094 -28.2252 0.0851 -35.3489 44.4867 -34.7807 0.0000 38.9225 0.0001 3.6072 -9.8483 171.8620 -0.5992 -33.6922 0.0983 -14.8267 83.9704 -19.8102 0.0000 25.3508 -0.0001 
-33.2975 89.9071 -6.9143 -7.7093 -7.0180 8.3935 0.5374 1.1396 -0.2954 0.5375 1.1398 -0.2954 0.5391 1.1431 -0.2963 37.6036 69.3344 -62.5918 68.9611 59.4887 130.5536 1.9006 14.2474 66.1439 -0.0385 -1.2560 -5.0861 0.0000 0.0000 0.0001 0.0000 0.0000 0.0000 0.0000 -0.0013 -0.0008 0.0000 -0.0004 0.0001 0.0000 0.0000 0.0000 0.0000 0.0000 0.0000 0.0000 0.0002 0.0000 0.0000 -0.0006 0.0003 0.0000 0.0004 -0.0006 0.0000 0.0000 0.0001 0.0000 0.0000 0.0000 0.0000 -0.0010 -0.0002 0.0000 0.0002 30.0001 -0.0001 0.0005 -29.9998 0.0000 0.0000 0.0000 0.1337 3.7876 -1.2261 0.1337 3.7876 -1.2261 -85.0370 64.5301 19.3116 -46.1418 63.0395 -131.8283 -1.2145 5.5401 -75.5700 0.1192 -0.4462 6.3967 0.0000 -0.0001 0.0001 0.0000 0.0000 0.0000 0.0000 -0.0006 0.0003 0.0000 -0.0001 0.0001 0.0000 0.0000 0.0000 0.0000 0.0000 0.0000 0.0000 0.0007 0.0001 0.0000 -0.0012 0.0001 0.0000 -0.0008 0.0003 0.0000 0.0001 0.0000 0.0000 0.0000 0.0000 0.0000 -0.0008 0.0000 0.0000 0.0002 -29.9996 -0.0001 -0.0003 29.9996 0.0000 0.0000 0.0000 3.1353 -1.7901 -166.3157 -0.0065 -28.2508 0.0844 -35.3268 44.3137 -34.6528 0.0000 39.0754 0.0001 3.6016 -9.8744 171.8422 -0.6024 -33.7651 0.0996 -14.8448 83.9164 -19.5569 0.0000 25.3508 -0.0001 
-33.3860 89.8943 -6.8894 -7.9442 -7.0370 8.4754 0.5099 1.1889 -0.3241 0.5099 1.1891 -0.3241 0.5114 1.1925 -0.3250 37.9876 69.5200 -62.0979 72.5959 59.1460 132.2956 3.2704 14.5678 66.6743 -0.0296 -1.2676 -4.9702 0.0000 0.0000 0.0001 0.0000 0.0000 0.0000 0.0000 -0.0013 -0.0008 0.0000 -0.0004 0.0001 0.0000 0.0000 0.0000 0.0000 0.0000 0.0000 0.0000 0.0002 0.0000 0.0000 -0.0006 0.0003 0.0000 0.0004 -0.0006 0.0000 0.0000 0.0001 0.0000 0.0000 0.0000 0.0000 -0.0010 -0.0002 0.0000 0.0002 30.0001 -0.0001 0.0005 -29.9998 0.0000 0.0000 0.0000 0.2310 3.7175 -1.1967 0.2310 3.7175 -1.1967 -84.6368 64.5379 19.5309 -50.6383 62.3204 -134.3732 -2.6851 5.7313 -76.3198 0.0939 -0.4863 6.2648 0.0000 -0.0001 0.0001 0.0000 0.0000 0.0000 0.0000 -0.0006 0.0003 0.0000 -0.0001 0.0001 0.0000 0.0000 0.0000 0.0000 0.0000 0.0000 0.0000 0.0007 0.0001 0.0000 -0.0011 0.0001 0.0000 -0.0008 0.0003 0.0000 0.0001 0.0000 0.0000 0.0000 0.0000 0.0000 -0.0008 0.0000 0.0000 0.0002 -29.9996 -0.0001 -0.0003 29.9996 0.0000 0.0000 0.0000 3.1282 -1.7330 -166.3543 -0.0007 -28.3045 0.0829 -35.3104 44.1560 -34.5333 0.0000 39.2298 0.0001 3.6007 -9.9026 171.8074 -0.6136 -33.8474 0.1035 -14.7528 83.8537 -19.2039 0.0000 25.3508 -0.0001 
-33.4619 89.8745 -6.8811 -8.1742 -7.0623 8.5619 0.4907 1.2513 -0.3548 0.4908 1.2515 -0.3549 0.4922 1.2551 -0.3559 38.4734 69.7385 -61.5123 75.6661 58.8265 133.6067 4.5401 15.0471 66.9947 -0.0352 -1.2722 -4.8552 0.0000 0.0000 0.0001 0.0000 0.0000 0.0000 0.0000 -0.0013 -0.0008 0.0000 -0.0004 0.0001 0.0000 0.0000 0.0000 0.0000 0.0000 0.0000 0.0000 0.0002 0.0000 0.0000 -0.0006 0.0003 0.0000 0.0004 -0.0006 0.0000 0.0000 0.0001 0.0000 0.0000 0.0000 0.0000 -0.0010 -0.0002 0.0000 0.0002 30.0001 -0.0001 0.0005 -29.9998 0.0000 0.0000 0.0000 0.3111 3.6234 -1.1573 0.3111 3.6234 -1.1573 -84.1258 64.5276 19.9037 -54.7263 61.5452 -136.3002 -4.0836 5.8979 -77.1004 0.0822 -0.5070 6.1454 0.0000 -0.0001 0.0001 0.0000 0.0000 0.0000 0.0000 -0.0006 0.0003 0.0000 -0.0001 0.0001 0.0000 0.0000 0.0000 0.0000 0.0000 0.0000 0.0000 0.0007 0.0001 0.0000 -0.0011 0.0001 0.0000 -0.0008 0.0003 0.0000 0.0001 0.0000 0.0000 0.0000 0.0000 0.0000 -0.0009 0.0000 0.0000 0.0002 -29.9996 -0.0001 -0.0003 29.9996 0.0000 0.0000 0.0000 3.0908 -1.6667 -166.4104 0.0049 -28.3699 0.0815 -35.2395 44.0239 -34.3781 0.0000 39.4919 0.0001 3.6028 -9.9370 171.7605 -0.6302 -33.9325 0.1090 -14.6565 83.7874 -18.8560 0.0000 25.3508 -0.0001 
-33.5255 89.8520 -6.8789 -8.3973 -7.0911 8.6432 0.4789 1.3240 -0.3798 0.4790 1.3243 -0.3798 0.4803 1.3281 -0.3809 38.8751 69.9503 -61.0402 78.4565 58.5157 134.6214 5.7690 15.5790 67.2212 -0.0473 -1.2715 -4.7443 0.0000 0.0000 0.0001 0.0000 0.0000 0.0000 0.0000 -0.0013 -0.0008 0.0000 -0.0004 0.0001 0.0000 0.0000 0.0000 0.0000 0.0000 0.0000 0.0000 0.0002 0.0000 0.0000 -0.0006 0.0003 0.0000 0.0004 -0.0006 0.0000 0.0000 0.0001 0.0000 0.0000 0.0000 0.0000 -0.0010 -0.0002 0.0000 0.0002 30.0001 -0.0001 0.0005 -29.9998 0.0000 0.0000 0.0000 0.3746 3.5123 -1.1212 0.3746 3.5123 -1.1212 -83.5655 64.5139 20.3565 -58.4516 60.7576 -137.7114 -5.4205 6.0446 -77.8786 0.0813 -0.5126 6.0355 0.0000 -0.0001 0.0001 0.0000 0.0000 0.0000 0.0000 -0.0006 0.0003 0.0000 -0.0001 0.0001 0.0000 0.0000 0.0000 0.0000 0.0000 0.0000 0.0000 0.0007 0.0001 0.0000 -0.0012 0.0001 0.0000 -0.0008 0.0003 0.0000 0.0001 0.0000 0.0000 0.0000 0.0000 0.0000 -0.0009 0.0000 0.0000 0.0002 -29.9996 -0.0001 -0.0003 29.9995 0.0000 0.0000 0.0000 3.0332 -1.5841 -166.4743 0.0080 -28.4349 0.0807 -35.1026 43.9167 -34.1800 0.0001 39.8620 0.0001 3.6199 -9.9733 171.7141 -0.6480 -34.0249 0.1150 -14.5516 83.7294 -18.5235 0.0000 25.3508 -0.0001 
-33.5666 89.8324 -6.8810 -8.6012 -7.1279 8.7071 0.4721 1.4055 -0.3948 0.4722 1.4058 -0.3949 0.4735 1.4098 -0.3960 39.1418 70.1513 -60.7344 81.1392 58.3202 135.3799 7.1147 16.1395 67.3179 -0.0735 -1.2522 -4.6375 0.0000 0.0000 0.0001 0.0000 0.0000 0.0000 0.0000 -0.0013 -0.0008 0.0000 -0.0004 0.0001 0.0000 0.0000 0.0000 0.0000 0.0000 0.0000 0.0000 0.0002 0.0000 0.0000 -0.0006 0.0003 0.0000 0.0004 -0.0006 0.0000 0.0000 0.0001 0.0000 0.0000 0.0000 0.0000 -0.0010 -0.0002 0.0000 0.0002 30.0001 -0.0001 0.0005 -29.9998 0.0000 0.0000 0.0000 0.4236 3.3892 -1.0948 0.4236 3.3892 -1.0948 -82.9797 64.5393 20.9097 -61.8915 60.0417 -138.6787 -6.7794 6.2646 -78.5546 0.0996 -0.5025 5.9287 0.0000 -0.0001 0.0001 0.0000 0.0000 0.0000 0.0000 -0.0006 0.0003 0.0000 -0.0001 0.0001 0.0000 0.0000 0.0000 0.0000 0.0000 0.0000 0.0000 0.0007 0.0001 0.0000 -0.0012 0.0001 0.0000 -0.0008 0.0003 0.0000 0.0001 0.0000 0.0000 0.0000 0.0000 0.0000 -0.0009 0.0000 0.0000 0.0002 -29.9996 -0.0001 -0.0003 29.9996 0.0000 0.0000 0.0000 2.9394 -1.4855 -166.5360 0.0087 -28.5063 0.0805 -34.9180 43.8237 -33.9458 0.0001 40.3110 0.0001 3.6639 -10.0029 171.6777 -0.6647 -34.1268 0.1208 -14.3633 83.6878 -18.1549 0.0000 25.3508 -0.0001 
-33.5828 89.8149 -6.8881 -8.7776 -7.1733 8.7532 0.4671 1.4946 -0.4073 0.4672 1.4949 -0.4074 0.4685 1.4991 -0.4085 39.4078 70.3586 -60.4186 83.8961 58.3279 136.1665 8.6622 16.7123 67.3379 -0.1052 -1.2248 -4.5340 0.0000 0.0000 0.0001 0.0000 0.0000 0.0000 0.0000 -0.0013 -0.0008 0.0000 -0.0004 0.0001 0.0000 0.0000 0.0000 0.0000 0.0000 0.0000 0.0000 0.0002 0.0000 0.0000 -0.0006 0.0003 0.0000 0.0004 -0.0006 0.0000 0.0000 0.0001 0.0000 0.0000 0.0000 0.0000 -0.0010 -0.0002 0.0000 0.0002 30.0001 -0.0001 0.0005 -29.9998 0.0000 0.0000 0.0000 0.4646 3.2502 -1.0739 0.4646 3.2502 -1.0739 -82.3448 64.5728 21.6284 -65.5385 59.5549 -139.7372 -8.4233 6.6264 -79.0550 0.1330 -0.4875 5.8213 0.0000 -0.0001 0.0001 0.0000 0.0000 0.0000 0.0000 -0.0007 0.0003 0.0000 -0.0001 0.0001 0.0000 0.0000 0.0000 0.0000 0.0000 0.0000 0.0000 0.0007 0.0001 0.0000 -0.0011 0.0001 0.0000 -0.0008 0.0003 0.0000 0.0001 0.0000 0.0000 0.0000 0.0000 0.0000 -0.0008 0.0000 0.0000 0.0002 -29.9996 -0.0001 -0.0003 29.9996 0.0000 0.0000 0.0000 2.8265 -1.4000 -166.5784 0.0131 -28.6029 0.0794 -34.7484 43.7294 -33.7282 0.0001 40.7131 0.0001 3.7624 -10.0187 171.6520 -0.6808 -34.2303 0.1264 -13.9238 83.6600 -17.6127 0.0000 25.3508 -0.0001 
-33.5807 89.7952 -6.8982 -8.9259 -7.2269 8.7864 0.4605 1.5925 -0.4207 0.4606 1.5929 -0.4208 0.4618 1.5973 -0.4219 39.9094 70.6330 -59.8538 86.6064 58.5306 136.9098 10.3870 17.3295 67.3579 -0.1440 -1.1898 -4.4363 0.0000 0.0000 0.0001 0.0000 0.0000 0.0000 0.0000 -0.0013 -0.0008 0.0000 -0.0004 0.0001 0.0000 0.0000 0.0000 0.0000 0.0000 0.0000 0.0000 0.0002 0.0000 0.0000 -0.0006 0.0003 0.0000 0.0004 -0.0006 0.0000 0.0000 0.0001 0.0000 0.0000 0.0000 0.0000 -0.0010 -0.0002 0.0000 0.0002 30.0001 -0.0001 0.0005 -29.9998 0.0000 0.0000 0.0000 0.5029 3.0913 -1.0549 0.5029 3.0913 -1.0549 -81.6428 64.6119 22.4958 -69.4872 59.3097 -140.9689 -10.3475 7.1059 -79.4509 0.1739 -0.4747 5.7189 0.0000 -0.0001 0.0001 0.0000 0.0000 0.0000 0.0000 -0.0006 0.0003 0.0000 -0.0001 0.0001 0.0000 0.0000 0.0000 0.0000 0.0000 0.0000 0.0000 0.0007 0.0001 0.0000 -0.0011 0.0001 0.0000 -0.0008 0.0003 0.0000 0.0001 0.0000 0.0000 0.0000 0.0000 0.0000 -0.0009 0.0000 0.0000 0.0002 -29.9997 -0.0001 -0.0003 29.9996 0.0000 0.0000 0.0000 2.7190 -1.3332 -166.6000 0.0211 -28.7314 0.0774 -34.5929 43.6491 -33.5400 0.0001 41.0507 0.0001 3.8950 -10.0188 171.6331 -0.6974 -34.3269 0.1321 -13.3057 83.6417 -16.9525 0.0000 25.3508 -0.0001 
-33.5700 89.7700 -6.9019 -9.0337 -7.2888 8.8068 0.4442 1.7020 -0.4313 0.4443 1.7025 -0.4315 0.4455 1.7072 -0.4326 40.2260 70.8947 -59.4471 89.3305 58.8962 137.4306 12.2795 17.9330 67.4648 -0.1884 -1.1450 -4.3473 0.0000 0.0000 0.0001 0.0000 0.0000 0.0000 0.0000 -0.0013 -0.0008 0.0000 -0.0004 0.0001 0.0000 0.0000 0.0000 0.0000 0.0000 0.0000 0.0000 0.0002 0.0000 0.0000 -0.0006 0.0003 0.0000 0.0004 -0.0006 0.0000 0.0000 0.0001 0.0000 0.0000 0.0000 0.0000 -0.0010 -0.0002 0.0000 0.0002 30.0001 -0.0001 0.0005 -29.9998 0.0000 0.0000 0.0000 0.5481 2.8902 -1.0436 0.5481 2.8902 -1.0436 -80.8209 64.6883 23.5715 -73.8061 59.3034 -142.4023 -12.5388 7.7116 -79.7487 0.2198 -0.4673 5.6232 0.0000 -0.0001 0.0001 0.0000 0.0000 0.0000 0.0000 -0.0006 0.0003 0.0000 -0.0001 0.0001 0.0000 0.0000 0.0000 0.0000 0.0000 0.0000 0.0000 0.0007 0.0001 0.0000 -0.0011 0.0001 0.0000 -0.0008 0.0003 0.0000 0.0001 0.0000 0.0000 0.0000 0.0000 0.0000 -0.0008 0.0000 0.0000 0.0002 -29.9996 -0.0001 -0.0003 29.9996 0.0000 0.0000 0.0000 2.6567 -1.2743 -166.5973 0.0292 -28.8917 0.0752 -34.4932 43.6055 -33.4362 0.0001 41.2887 0.0001 4.0243 -9.9948 171.6221 -0.7123 -34.4056 0.1372 -12.6580 83.6336 -16.3042 0.0000 25.3507 -0.0001 
-33.5691 89.7468 -6.8916 -9.1066 -7.3520 8.8259 0.4107 1.8191 -0.4431 0.4108 1.8196 -0.4433 0.4119 1.8246 -0.4445 40.5194 71.1549 -59.0427 92.0339 59.3545 137.8736 14.2367 18.3948 67.6109 -0.2319 -1.0900 -4.2656 0.0000 0.0000 0.0001 0.0000 0.0000 0.0000 0.0000 -0.0013 -0.0008 0.0000 -0.0004 0.0001 0.0000 0.0000 0.0000 0.0000 0.0000 0.0000 0.0000 0.0002 0.0000 0.0000 -0.0006 0.0003 0.0000 0.0004 -0.0006 0.0000 0.0000 0.0001 0.0000 0.0000 0.0000 0.0000 -0.0010 -0.0002 0.0000 0.0002 30.0001 -0.0001 0.0005 -29.9998 0.0000 0.0000 0.0000 0.6107 2.6513 -1.0296 0.6107 2.6513 -1.0296 -79.8800 64.7939 24.8165 -78.2058 59.3593 -143.7978 -14.8855 8.3595 -79.8762 0.2729 -0.4521 5.5196 0.0000 -0.0001 0.0001 0.0000 0.0000 0.0000 0.0000 -0.0006 0.0003 0.0000 -0.0001 0.0001 0.0000 0.0000 0.0000 0.0000 0.0000 0.0000 0.0000 0.0007 0.0001 0.0000 -0.0012 0.0001 0.0000 -0.0008 0.0003 0.0000 0.0001 0.0000 0.0000 0.0000 0.0000 0.0000 -0.0009 0.0000 0.0000 0.0002 -29.9997 -0.0001 -0.0003 29.9996 0.0000 0.0000 0.0000 2.6476 -1.2109 -166.5901 0.0335 -29.0367 0.0741 -34.4303 43.5819 -33.3931 0.0001 41.4556 0.0001 4.1400 -9.9508 171.6174 -0.7187 -34.4730 0.1397 -12.0587 83.6349 -15.7267 0.0000 25.3508 -0.0001 
-33.5738 89.7299 -6.8721 -9.1492 -7.4140 8.8481 0.3627 1.9406 -0.4591 0.3629 1.9413 -0.4592 0.3638 1.9465 -0.4604 40.9670 71.4389 -58.4788 94.7659 59.8602 138.4035 16.2387 18.6845 67.7271 -0.2718 -1.0259 -4.1854 0.0000 0.0000 0.0001 0.0000 0.0000 0.0000 0.0000 -0.0013 -0.0008 0.0000 -0.0004 0.0001 0.0000 0.0000 0.0000 0.0000 0.0000 0.0000 0.0000 0.0002 0.0000 0.0000 -0.0006 0.0003 0.0000 0.0004 -0.0006 0.0000 0.0000 0.0001 0.0000 0.0000 0.0000 0.0000 -0.0010 -0.0002 0.0000 0.0002 30.0001 -0.0001 0.0005 -29.9998 0.0000 0.0000 0.0000 0.6867 2.3851 -1.0067 0.6867 2.3851 -1.0067 -78.8027 64.9226 26.2493 -82.5657 59.4489 -145.0832 -17.3072 9.0475 -79.8140 0.3317 -0.4295 5.4083 0.0000 -0.0001 0.0001 0.0000 0.0000 0.0000 0.0000 -0.0006 0.0003 0.0000 -0.0001 0.0001 0.0000 0.0000 0.0000 0.0000 0.0000 0.0000 0.0000 0.0007 0.0001 0.0000 -0.0012 0.0001 0.0000 -0.0008 0.0003 0.0000 0.0001 0.0000 0.0000 0.0000 0.0000 0.0000 -0.0009 0.0000 0.0000 0.0002 -29.9996 -0.0001 -0.0003 29.9996 0.0000 0.0000 0.0000 2.6845 -1.1415 -166.5816 0.0359 -29.1476 0.0735 -34.3692 43.5695 -33.3823 0.0001 41.5520 0.0001 4.2361 -9.8967 171.6116 -0.7225 -34.5346 0.1413 -11.5296 83.6465 -15.2320 0.0000 25.3508 -0.0001 
-33.5778 89.7242 -6.8489 -9.1519 -7.4730 8.8737 0.2952 2.0679 -0.4808 0.2953 2.0687 -0.4809 0.2960 2.0742 -0.4822 41.4932 71.7514 -57.7843 97.4407 60.4594 138.8367 18.3018 18.6433 67.9074 -0.3112 -0.9384 -4.1150 0.0000 0.0000 0.0001 0.0000 0.0000 0.0000 0.0000 -0.0013 -0.0008 0.0000 -0.0004 0.0001 0.0000 0.0000 0.0000 0.0000 0.0000 0.0000 0.0000 0.0002 0.0000 0.0000 -0.0006 0.0003 0.0000 0.0004 -0.0006 0.0000 0.0000 0.0001 0.0000 0.0000 0.0000 0.0000 -0.0010 -0.0002 0.0000 0.0002 30.0001 -0.0001 0.0005 -29.9998 0.0000 0.0000 0.0000 0.7756 2.0922 -0.9726 0.7756 2.0922 -0.9726 -77.6041 65.0519 27.8508 -86.6676 59.6122 -146.0639 -19.6602 9.9446 -79.5105 0.4041 -0.4038 5.2897 0.0000 -0.0001 0.0001 0.0000 0.0000 0.0000 0.0000 -0.0006 0.0003 0.0000 -0.0001 0.0001 0.0000 0.0000 0.0000 0.0000 0.0000 0.0000 0.0000 0.0007 0.0001 0.0000 -0.0011 0.0001 0.0000 -0.0008 0.0003 0.0000 0.0001 0.0000 0.0000 0.0000 0.0000 0.0000 -0.0009 0.0000 0.0000 0.0002 -29.9996 -0.0001 -0.0003 29.9996 0.0000 0.0000 0.0000 2.7610 -1.0780 -166.5718 0.0390 -29.2027 0.0726 -34.2949 43.5506 -33.3937 0.0001 41.5700 0.0001 4.2929 -9.8428 171.5978 -0.7301 -34.5949 0.1440 -11.1841 83.6772 -14.9305 0.0000 25.3508 -0.0001 
-33.5815 89.7212 -6.8308 -9.1335 -7.5239 8.8971 0.2167 2.1967 -0.5015 0.2168 2.1976 -0.5017 0.2173 2.2034 -0.5030 41.6981 72.0379 -57.3561 99.7444 61.1107 138.8823 20.2388 18.5628 67.9501 -0.3585 -0.8360 -4.0438 0.0000 0.0000 0.0001 0.0000 0.0000 0.0000 0.0000 -0.0013 -0.0008 0.0000 -0.0004 0.0001 0.0000 0.0000 0.0000 0.0000 0.0000 0.0000 0.0000 0.0002 0.0000 0.0000 -0.0006 0.0003 0.0000 0.0004 -0.0006 0.0000 0.0000 0.0001 0.0000 0.0000 0.0000 0.0000 -0.0010 -0.0002 0.0000 0.0002 30.0001 -0.0001 0.0005 -29.9998 0.0000 0.0000 0.0000 0.8668 1.7849 -0.9420 0.8668 1.7849 -0.9420 -76.3879 65.1597 29.4860 -90.2064 59.7343 -146.4924 -21.7307 10.9919 -79.0795 0.4832 -0.3775 5.1698 0.0000 -0.0001 0.0001 0.0000 0.0000 0.0000 0.0000 -0.0006 0.0003 0.0000 -0.0001 0.0001 0.0000 0.0000 0.0000 0.0000 0.0000 0.0000 0.0000 0.0007 0.0001 0.0000 -0.0012 0.0001 0.0000 -0.0008 0.0003 0.0000 0.0001 0.0000 0.0000 0.0000 0.0000 0.0000 -0.0008 0.0000 0.0000 0.0002 -29.9996 -0.0001 -0.0003 29.9996 0.0000 0.0000 0.0000 2.8519 -1.0323 -166.5575 0.0436 -29.2372 0.0714 -34.2290 43.5299 -33.4323 0.0001 41.5521 0.0001 4.3215 -9.7995 171.5832 -0.7382 -34.6501 0.1469 -11.0256 83.7145 -14.8174 0.0000 25.3508 -0.0001 
-33.5877 89.7163 -6.8204 -9.1024 -7.5618 8.9105 0.1310 2.3212 -0.5184 0.1310 2.3223 -0.5186 0.1313 2.3282 -0.5199 41.7445 72.3156 -57.0789 101.7442 61.7746 138.6934 22.0464 18.3724 67.9022 -0.4076 -0.7228 -3.9744 0.0000 0.0000 0.0001 0.0000 0.0000 0.0000 0.0000 -0.0013 -0.0008 0.0000 -0.0004 0.0001 0.0000 0.0000 0.0000 0.0000 0.0000 0.0000 0.0000 0.0002 -0.0001 0.0000 -0.0006 0.0003 0.0000 0.0004 -0.0006 0.0000 0.0000 0.0001 0.0000 0.0000 0.0000 0.0000 -0.0010 -0.0002 0.0000 0.0002 30.0001 -0.0001 0.0005 -29.9998 0.0000 0.0000 0.0000 0.9579 1.4758 -0.9190 0.9579 1.4758 -0.9190 -75.1505 65.2189 31.1511 -93.2722 59.7703 -146.4337 -23.5427 12.0454 -78.6058 0.5609 -0.3474 5.0515 0.0000 -0.0001 0.0001 0.0000 0.0000 0.0000 0.0000 -0.0006 0.0003 0.0000 -0.0001 0.0001 0.0000 0.0000 0.0000 0.0000 0.0000 0.0000 0.0000 0.0007 0.0001 0.0000 -0.0012 0.0001 0.0000 -0.0008 0.0003 0.0000 0.0001 0.0000 0.0000 0.0000 0.0000 0.0000 -0.0008 0.0000 0.0000 0.0002 -29.9996 -0.0001 -0.0003 29.9996 0.0000 0.0000 0.0000 2.9439 -1.0099 -166.5363 0.0465 -29.2672 0.0706 -34.1697 43.5191 -33.4909 0.0001 41.5428 0.0001 4.3360 -9.7714 171.5797 -0.7430 -34.6988 0.1488 -11.0064 83.7511 -14.8469 0.0000 25.3508 -0.0001 
-33.5910 89.7041 -6.8265 -9.0656 -7.5742 8.8974 0.0413 2.4367 -0.5242 0.0413 2.4379 -0.5245 0.0414 2.4441 -0.5258 41.7488 72.5875 -56.8628 103.3548 62.4616 138.2685 23.7377 18.2903 67.4978 -0.4697 -0.5928 -3.8946 0.0000 0.0000 0.0001 0.0000 0.0000 0.0000 0.0000 -0.0013 -0.0008 0.0000 -0.0004 0.0001 0.0000 0.0000 0.0000 0.0000 0.0000 0.0000 0.0000 0.0002 0.0000 0.0000 -0.0006 0.0003 0.0000 0.0004 -0.0006 0.0000 0.0000 0.0001 0.0000 0.0000 0.0000 0.0000 -0.0010 -0.0002 0.0000 0.0003 30.0001 -0.0001 0.0005 -29.9998 0.0000 0.0000 0.0000 1.0455 1.1707 -0.9122 1.0455 1.1707 -0.9122 -73.8226 65.1955 32.9133 -95.6312 59.6580 -145.8195 -24.9394 13.1704 -77.9984 0.6367 -0.3181 4.9319 0.0000 -0.0001 0.0001 0.0000 0.0000 0.0000 0.0000 -0.0006 0.0003 0.0000 -0.0001 0.0001 0.0000 0.0000 0.0000 0.0000 0.0000 0.0000 0.0000 0.0007 0.0001 0.0000 -0.0012 0.0001 0.0000 -0.0008 0.0003 0.0000 0.0001 0.0000 0.0000 0.0000 0.0000 0.0000 -0.0008 0.0000 0.0000 0.0002 -29.9996 -0.0001 -0.0003 29.9996 0.0000 0.0000 0.0000 3.0161 -1.0148 -166.4984 0.0475 -29.2931 0.0704 -34.1528 43.5240 -33.5910 0.0001 41.5849 0.0001 4.3493 -9.7771 171.6022 -0.7452 -34.7402 0.1498 -11.1359 83.7824 -15.0366 0.0000 25.3508 -0.0001 
-33.5791 89.6872 -6.8494 -9.0373 -7.5624 8.8581 -0.0458 2.5449 -0.5194 -0.0458 2.5463 -0.5196 -0.0460 2.5526 -0.5209 41.4964 72.8339 -56.8882 104.6794 63.1980 137.6594 25.3287 18.2630 66.8589 -0.5372 -0.4538 -3.8094 0.0000 0.0000 0.0001 0.0000 0.0000 0.0000 0.0000 -0.0013 -0.0008 0.0000 -0.0004 0.0001 0.0000 0.0000 0.0000 0.0000 0.0000 0.0000 0.0000 0.0002 0.0000 0.0000 -0.0006 0.0003 0.0000 0.0004 -0.0006 0.0000 0.0000 0.0001 0.0000 0.0000 0.0000 0.0000 -0.0010 -0.0002 0.0000 0.0003 30.0001 -0.0001 0.0005 -29.9998 0.0000 0.0000 0.0000 1.1298 0.8696 -0.9194 1.1298 0.8696 -0.9194 -72.4723 65.1119 34.7151 -97.7067 59.4392 -144.8231 -26.1470 14.2790 -77.3830 0.7073 -0.2871 4.8110 0.0000 -0.0001 0.0001 0.0000 0.0000 0.0000 0.0000 -0.0006 0.0003 0.0000 -0.0001 0.0001 0.0000 0.0000 0.0000 0.0000 0.0000 0.0000 0.0000 0.0007 0.0001 0.0000 -0.0011 0.0001 0.0000 -0.0008 0.0003 0.0000 0.0001 0.0000 0.0000 0.0000 0.0000 0.0000 -0.0009 0.0000 0.0000 0.0002 -29.9996 -0.0001 -0.0003 29.9996 0.0000 0.0000 0.0000 3.0747 -1.0313 -166.4384 0.0515 -29.3004 0.0693 -34.1928 43.5261 -33.7327 0.0001 41.6668 0.0001 4.3747 -9.8230 171.6424 -0.7495 -34.7854 0.1515 -11.3037 83.8093 -15.2703 0.0000 25.3508 -0.0001 
-33.5487 89.6687 -6.8796 -9.0164 -7.5281 8.8010 -0.1286 2.6466 -0.5102 -0.1287 2.6481 -0.5104 -0.1291 2.6546 -0.5117 41.1062 73.0581 -57.0294 105.7320 63.9398 136.8919 26.7740 18.3382 66.0128 -0.6066 -0.3121 -3.7179 0.0000 0.0000 0.0001 0.0000 0.0000 0.0000 0.0000 -0.0013 -0.0008 0.0000 -0.0004 0.0001 0.0000 0.0000 0.0000 0.0000 0.0000 0.0000 0.0000 0.0002 0.0000 0.0000 -0.0006 0.0003 0.0000 0.0004 -0.0006 0.0000 0.0000 0.0001 0.0000 0.0000 0.0000 0.0000 -0.0010 -0.0002 0.0000 0.0002 30.0001 -0.0001 0.0005 -29.9998 0.0000 0.0000 0.0000 1.2110 0.5710 -0.9335 1.2110 0.5710 -0.9335 -71.1904 65.0058 36.4280 -99.5720 59.2199 -143.7275 -27.1898 15.3622 -76.6419 0.7715 -0.2533 4.6885 0.0000 -0.0001 0.0001 0.0000 0.0000 0.0000 0.0000 -0.0006 0.0003 0.0000 -0.0001 0.0001 0.0000 0.0000 0.0000 0.0000 0.0000 0.0000 0.0000 0.0007 0.0001 0.0000 -0.0012 0.0001 0.0000 -0.0008 0.0003 0.0000 0.0001 0.0001 0.0000 0.0000 0.0000 0.0000 -0.0008 0.0000 0.0000 0.0002 -29.9996 -0.0001 -0.0003 29.9996 0.0000 0.0000 0.0000 3.1340 -1.0634 -166.3628 0.0576 -29.2873 0.0678 -34.2595 43.5247 -33.8956 0.0001 41.7727 0.0001 4.4065 -9.9018 171.6875 -0.7571 -34.8357 0.1542 -11.4545 83.8352 -15.4852 0.0000 25.3508 -0.0001 
-33.4934 89.6512 -6.9030 -9.0053 -7.4679 8.7333 -0.2082 2.7452 -0.5022 -0.2083 2.7469 -0.5025 -0.2089 2.7535 -0.5038 40.7269 73.2655 -57.1264 106.3405 64.6396 135.8655 27.9625 18.5932 64.9868 -0.6776 -0.1729 -3.6234 0.0000 0.0000 0.0001 0.0000 0.0000 0.0000 0.0000 -0.0013 -0.0008 0.0000 -0.0004 0.0001 0.0000 0.0000 0.0000 0.0000 0.0000 0.0000 0.0000 0.0002 0.0000 0.0000 -0.0006 0.0003 0.0000 0.0004 -0.0006 0.0000 0.0000 0.0001 0.0000 0.0000 0.0000 0.0000 -0.0010 -0.0002 0.0000 0.0002 30.0001 -0.0001 0.0005 -29.9998 0.0000 0.0000 0.0000 1.2951 0.2687 -0.9516 1.2951 0.2687 -0.9516 -69.9929 64.9318 37.9772 -101.4004 59.0728 -142.6814 -28.1274 16.1199 -75.9614 0.8206 -0.2109 4.5780 0.0000 -0.0001 0.0001 0.0000 0.0000 0.0000 0.0000 -0.0006 0.0003 0.0000 -0.0001 0.0001 0.0000 0.0000 0.0000 0.0000 0.0000 0.0000 0.0000 0.0007 0.0001 0.0000 -0.0011 0.0001 0.0000 -0.0008 0.0003 0.0000 0.0001 0.0000 0.0000 0.0000 0.0000 0.0000 -0.0008 0.0000 0.0000 0.0002 -29.9996 -0.0001 -0.0003 29.9996 0.0000 0.0000 0.0000 3.1940 -1.1193 -166.2864 0.0610 -29.2541 0.0669 -34.3391 43.5233 -34.0674 0.0001 41.9088 0.0001 4.4388 -10.0069 171.7236 -0.7697 -34.8879 0.1585 -11.5676 83.8659 -15.6501 0.0000 25.3508 -0.0001 
-33.4293 89.6354 -6.9093 -9.0010 -7.3985 8.6715 -0.2900 2.8462 -0.4966 -0.2902 2.8481 -0.4969 -0.2909 2.8548 -0.4981 40.4934 73.5106 -57.0411 106.6127 65.3157 134.7000 28.9412 18.9531 63.9069 -0.7450 -0.0406 -3.5307 0.0000 0.0000 0.0001 0.0000 0.0000 0.0000 0.0000 -0.0013 -0.0008 0.0000 -0.0004 0.0001 0.0000 0.0000 0.0000 0.0000 0.0000 0.0000 0.0000 0.0002 -0.0001 0.0000 -0.0006 0.0003 0.0000 0.0004 -0.0006 0.0000 0.0000 0.0001 0.0000 0.0000 0.0000 0.0000 -0.0010 -0.0002 0.0000 0.0002 30.0001 -0.0001 0.0005 -29.9998 0.0000 0.0000 0.0000 1.3903 -0.0413 -0.9743 1.3903 -0.0413 -0.9743 -68.9099 64.9291 39.3517 -103.2727 59.0238 -141.7858 -29.0912 16.7183 -75.1544 0.8614 -0.1594 4.4630 0.0000 -0.0001 0.0001 0.0000 0.0000 0.0000 0.0000 -0.0006 0.0003 0.0000 -0.0001 0.0001 0.0000 0.0000 0.0000 0.0000 0.0000 0.0000 0.0000 0.0007 0.0001 0.0000 -0.0011 0.0001 0.0000 -0.0008 0.0003 0.0000 0.0001 0.0000 0.0000 0.0000 0.0000 0.0000 -0.0008 0.0000 0.0000 0.0002 -29.9997 -0.0001 -0.0003 29.9996 0.0000 0.0000 0.0000 3.2402 -1.1924 -166.2275 0.0610 -29.2242 0.0669 -34.4395 43.5184 -34.2461 0.0001 42.0487 0.0001 4.4609 -10.1086 171.7440 -0.7825 -34.9343 0.1629 -11.7443 83.9043 -15.8588 0.0000 25.3508 -0.0001 
-33.3638 89.6211 -6.9049 -9.0013 -7.3226 8.6149 -0.3759 2.9499 -0.4927 -0.3762 2.9520 -0.4930 -0.3771 2.9588 -0.4942 40.3532 73.8008 -56.8423 106.5247 65.9775 133.3360 29.7378 19.4027 62.8125 -0.8131 0.0925 -3.4413 0.0000 0.0000 0.0001 0.0000 0.0000 0.0000 0.0000 -0.0013 -0.0008 0.0000 -0.0004 0.0001 0.0000 0.0000 0.0000 0.0000 0.0000 0.0000 0.0000 0.0002 -0.0001 0.0000 -0.0006 0.0003 0.0000 0.0004 -0.0006 0.0000 0.0000 0.0001 0.0000 0.0000 0.0000 0.0000 -0.0010 -0.0002 0.0000 0.0002 30.0001 -0.0001 0.0005 -29.9998 0.0000 0.0000 0.0000 1.4988 -0.3621 -1.0000 1.4988 -0.3621 -1.0000 -68.0482 65.0364 40.4502 -105.1422 59.1398 -140.9782 -30.1507 17.2657 -74.2829 0.9046 -0.0925 4.3382 0.0000 -0.0001 0.0001 0.0000 0.0000 0.0000 0.0000 -0.0006 0.0003 0.0000 -0.0001 0.0001 0.0000 0.0000 0.0000 0.0000 0.0000 0.0000 0.0000 0.0007 0.0001 0.0000 -0.0012 0.0001 0.0000 -0.0008 0.0003 0.0000 0.0001 0.0000 0.0000 0.0000 0.0000 0.0000 -0.0009 0.0000 0.0000 0.0002 -29.9997 -0.0001 -0.0003 29.9996 0.0000 0.0000 0.0000 3.2766 -1.2816 -166.1784 0.0620 -29.2029 0.0666 -34.5529 43.5098 -34.4291 0.0001 42.1686 0.0001 4.4713 -10.2091 171.7547 -0.7923 -34.9766 0.1663 -12.0446 83.9487 -16.1724 0.0000 25.3508 -0.0001 
-33.2972 89.6089 -6.8998 -9.0088 -7.2347 8.5617 -0.4712 3.0596 -0.4903 -0.4716 3.0619 -0.4907 -0.4727 3.0688 -0.4918 40.4437 74.1841 -56.3851 105.8633 66.6513 131.6578 30.3315 19.9639 61.7357 -0.8857 0.2301 -3.3604 0.0000 0.0000 0.0001 0.0000 0.0000 0.0000 0.0000 -0.0013 -0.0008 0.0000 -0.0004 0.0001 0.0000 0.0000 0.0000 0.0000 0.0000 0.0000 0.0000 0.0003 0.0000 0.0000 -0.0006 0.0003 0.0000 0.0004 -0.0006 0.0000 0.0000 0.0001 0.0000 0.0000 0.0000 0.0000 -0.0010 -0.0002 0.0000 0.0002 30.0001 -0.0001 0.0005 -29.9998 0.0000 0.0000 0.0000 1.6344 -0.7131 -1.0307 1.6344 -0.7131 -1.0307 -67.5051 65.3376 41.0877 -106.8560 59.5958 -140.3515 -31.2475 18.0438 -73.1575 0.9563 -0.0205 4.2087 0.0000 -0.0001 0.0001 0.0000 0.0000 0.0000 0.0000 -0.0006 0.0003 0.0000 -0.0001 0.0001 0.0000 0.0000 0.0000 0.0000 0.0000 0.0000 0.0000 0.0007 0.0001 0.0000 -0.0012 0.0001 0.0000 -0.0008 0.0003 0.0000 0.0001 0.0000 0.0000 0.0000 0.0000 0.0000 -0.0009 0.0000 0.0000 0.0002 -29.9996 -0.0001 -0.0003 29.9996 0.0000 0.0000 0.0000 3.3148 -1.3899 -166.1314 0.0679 -29.1869 0.0651 -34.6618 43.5020 -34.6065 0.0001 42.2530 0.0001 4.4699 -10.3229 171.7585 -0.7979 -35.0189 0.1684 -12.4988 83.9945 -16.6160 0.0000 25.3508 -0.0001 
-33.2269 89.5978 -6.9030 -9.0331 -7.1358 8.5107 -0.5664 3.1733 -0.4888 -0.5669 3.1759 -0.4892 -0.5682 3.1829 -0.4903 40.7677 74.5764 -55.7167 104.8567 67.2686 129.7778 30.8263 20.5256 60.6919 -0.9548 0.3661 -3.2861 0.0000 0.0000 0.0001 0.0000 0.0000 0.0000 0.0000 -0.0013 -0.0008 0.0000 -0.0004 0.0001 0.0000 0.0000 0.0000 0.0000 0.0000 0.0000 0.0000 0.0002 0.0000 0.0000 -0.0006 0.0003 0.0000 0.0004 -0.0006 0.0000 0.0000 0.0001 0.0000 0.0000 0.0000 0.0000 -0.0010 -0.0002 0.0000 0.0002 30.0001 -0.0001 0.0005 -29.9998 0.0000 0.0000 0.0000 1.7869 -1.0966 -1.0655 1.7869 -1.0966 -1.0655 -67.1604 65.7710 41.3760 -108.3008 60.2864 -139.6811 -32.2901 18.7605 -72.1685 1.0041 0.0489 4.0966 0.0000 -0.0001 0.0001 0.0000 0.0000 0.0000 0.0000 -0.0006 0.0003 0.0000 -0.0001 0.0001 0.0000 0.0000 0.0000 0.0000 0.0000 0.0000 0.0000 0.0007 0.0001 0.0000 -0.0012 0.0001 0.0000 -0.0008 0.0002 0.0000 0.0001 0.0000 0.0000 0.0000 0.0000 0.0000 -0.0008 0.0000 0.0000 0.0002 -29.9996 -0.0001 -0.0003 29.9996 0.0000 0.0000 0.0000 3.3627 -1.4930 -166.0924 0.0737 -29.1564 0.0636 -34.7712 43.4970 -34.7671 0.0001 42.3599 0.0001 4.4827 -10.4543 171.7596 -0.8045 -35.0636 0.1708 -12.9985 84.0364 -17.1013 0.0000 25.3508 -0.0001 
-33.1600 89.5864 -6.9113 -9.0808 -7.0249 8.4621 -0.6564 3.2894 -0.4850 -0.6570 3.2923 -0.4855 -0.6584 3.2993 -0.4866 41.2301 74.9622 -54.9304 103.5713 67.8051 127.7454 31.2288 21.0559 59.6551 -1.0189 0.5007 -3.2157 0.0000 0.0000 0.0001 0.0000 0.0000 0.0000 0.0000 -0.0013 -0.0008 0.0000 -0.0004 0.0001 0.0000 0.0000 0.0000 0.0000 0.0000 0.0000 0.0000 0.0002 0.0000 0.0000 -0.0006 0.0003 0.0000 0.0004 -0.0006 0.0000 0.0000 0.0001 0.0000 0.0000 0.0000 0.0000 -0.0010 -0.0002 0.0000 0.0002 30.0001 -0.0001 0.0005 -29.9998 0.0000 0.0000 0.0000 1.9511 -1.5080 -1.1049 1.9511 -1.5080 -1.1049 -66.8862 66.2579 41.5072 -109.4598 61.0456 -138.8462 -33.1930 19.4530 -71.2150 1.0492 0.1184 3.9924 0.0000 -0.0001 0.0001 0.0000 0.0000 0.0000 0.0000 -0.0006 0.0003 0.0000 -0.0001 0.0001 0.0000 0.0000 0.0000 0.0000 0.0000 0.0000 0.0000 0.0007 0.0001 0.0000 -0.0012 0.0001 0.0000 -0.0008 0.0003 0.0000 0.0001 0.0000 0.0000 0.0000 0.0000 0.0000 -0.0009 0.0000 0.0000 0.0002 -29.9996 -0.0001 -0.0003 29.9996 0.0000 0.0000 0.0000 3.4254 -1.5863 -166.0659 0.0758 -29.1056 0.0631 -34.8821 43.4908 -34.9046 0.0001 42.5355 0.0001 4.5158 -10.5996 171.7629 -0.8093 -35.1067 0.1726 -13.5861 84.0711 -17.6705 0.0000 25.3508 -0.0001 
-33.1056 89.5757 -6.9141 -9.1712 -6.8903 8.4112 -0.7315 3.4064 -0.4763 -0.7322 3.4096 -0.4768 -0.7338 3.4166 -0.4778 41.6706 75.3012 -54.2020 101.9857 68.1910 125.5416 31.4851 21.4827 58.5422 -1.0777 0.6396 -3.1484 0.0000 0.0000 0.0001 0.0000 0.0000 0.0000 0.0000 -0.0013 -0.0008 0.0000 -0.0004 0.0001 0.0000 0.0000 0.0000 0.0000 0.0000 0.0000 0.0000 0.0002 0.0000 0.0000 -0.0006 0.0003 0.0000 0.0004 -0.0006 0.0000 0.0000 0.0001 0.0000 0.0000 0.0000 0.0000 -0.0010 -0.0002 0.0000 0.0002 30.0001 -0.0001 0.0005 -29.9998 0.0000 0.0000 0.0000 2.1257 -1.9516 -1.1463 2.1257 -1.9516 -1.1463 -66.7370 66.8442 41.4304 -110.0307 61.8516 -137.6659 -33.8640 20.1890 -70.3218 1.0941 0.1845 3.8996 0.0000 -0.0001 0.0001 0.0000 0.0000 0.0000 0.0000 -0.0006 0.0003 0.0000 -0.0001 0.0001 0.0000 0.0000 0.0000 0.0000 0.0000 0.0000 0.0000 0.0007 0.0001 0.0000 -0.0011 0.0001 0.0000 -0.0008 0.0003 0.0000 0.0001 0.0000 0.0000 0.0000 0.0000 0.0000 -0.0008 0.0000 0.0000 0.0002 -29.9997 -0.0001 -0.0003 29.9996 0.0000 0.0000 0.0000 3.5288 -1.6730 -166.0465 0.0734 -29.0220 0.0638 -34.9753 43.4823 -34.9981 0.0001 42.8066 0.0001 4.5828 -10.7626 171.7790 -0.8084 -35.1474 0.1726 -14.3902 84.1040 -18.4470 0.0000 25.3508 -0.0001 
-33.0586 89.5649 -6.9060 -9.3079 -6.7363 8.3548 -0.7867 3.5228 -0.4647 -0.7875 3.5264 -0.4652 -0.7891 3.5334 -0.4662 42.0278 75.5939 -53.5827 100.2311 68.4624 123.2498 31.6715 21.7832 57.3014 -1.1316 0.7882 -3.0793 0.0000 0.0000 0.0001 0.0000 0.0000 0.0000 0.0000 -0.0013 -0.0008 0.0000 -0.0004 0.0001 0.0000 0.0000 0.0000 0.0000 0.0000 0.0000 0.0000 0.0002 0.0000 0.0000 -0.0006 0.0003 0.0000 0.0004 -0.0006 0.0000 0.0000 0.0001 0.0000 0.0000 0.0000 0.0000 -0.0010 -0.0002 0.0000 0.0002 30.0001 -0.0001 0.0005 -29.9998 0.0000 0.0000 0.0000 2.3020 -2.4051 -1.1870 2.3020 -2.4051 -1.1870 -66.7150 67.5169 41.1718 -110.1355 62.7554 -136.2715 -34.3536 21.0510 -69.3843 1.1412 0.2469 3.8178 0.0000 -0.0001 0.0001 0.0000 0.0000 0.0000 0.0000 -0.0006 0.0002 0.0000 -0.0001 0.0001 0.0000 0.0000 0.0000 0.0000 0.0000 0.0000 0.0000 0.0007 0.0001 0.0000 -0.0012 0.0001 0.0000 -0.0008 0.0003 0.0000 0.0001 0.0000 0.0000 0.0000 0.0000 0.0000 -0.0009 0.0000 0.0000 0.0002 -29.9996 -0.0001 -0.0003 29.9996 0.0000 0.0000 0.0000 3.6892 -1.7675 -166.0134 0.0737 -28.9296 0.0638 -35.0461 43.4712 -35.0673 0.0001 43.0981 0.0001 4.6795 -10.9362 171.8079 -0.8045 -35.1843 0.1717 -15.4029 84.1332 -19.4194 0.0000 25.3508 -0.0001 
-33.0124 89.5542 -6.8903 -9.4823 -6.5703 8.2950 -0.8226 3.6356 -0.4531 -0.8235 3.6396 -0.4536 -0.8251 3.6466 -0.4545 42.3632 75.8271 -53.0177 98.4090 68.6170 120.9582 31.8119 21.9894 55.9294 -1.1800 0.9452 -3.0066 0.0000 0.0000 0.0001 0.0000 0.0000 0.0000 0.0000 -0.0013 -0.0008 0.0000 -0.0004 0.0001 0.0000 0.0000 0.0000 0.0000 0.0000 0.0000 0.0000 0.0002 -0.0001 0.0000 -0.0006 0.0003 0.0000 0.0004 -0.0006 0.0000 0.0000 0.0001 0.0000 0.0000 0.0000 0.0000 -0.0010 -0.0002 0.0000 0.0003 30.0001 -0.0001 0.0005 -29.9998 0.0000 0.0000 0.0000 2.4752 -2.8509 -1.2275 2.4752 -2.8508 -1.2275 -66.7652 68.2306 40.8170 -109.9577 63.7026 -134.7700 -34.7305 21.8095 -68.5467 1.1844 0.3074 3.7510 0.0000 -0.0001 0.0001 0.0000 0.0000 0.0000 0.0000 -0.0006 0.0003 0.0000 -0.0001 0.0001 0.0000 0.0000 0.0000 0.0000 0.0000 0.0000 0.0000 0.0007 0.0001 0.0000 -0.0012 0.0001 0.0000 -0.0008 0.0003 0.0000 0.0001 0.0000 0.0000 0.0000 0.0000 0.0000 -0.0008 0.0000 0.0000 0.0002 -29.9996 -0.0001 -0.0003 29.9996 0.0000 0.0000 0.0000 3.8958 -1.8751 -165.9676 0.0768 -28.8422 0.0631 -35.0922 43.4563 -35.1153 0.0001 43.3903 0.0001 4.7963 -11.1175 171.8428 -0.8019 -35.2207 0.1712 -16.5678 84.1571 -20.5321 0.0000 25.3508 -0.0001 
-32.9663 89.5423 -6.8667 -9.7060 -6.3999 8.2331 -0.8392 3.7441 -0.4369 -0.8401 3.7484 -0.4375 -0.8417 3.7554 -0.4383 42.7215 76.0249 -52.4454 96.5422 68.6232 118.6851 31.8629 22.0931 54.4340 -1.2214 1.1088 -2.9290 0.0000 0.0000 0.0001 0.0000 0.0000 0.0000 0.0000 -0.0013 -0.0008 0.0000 -0.0004 0.0001 0.0000 0.0000 0.0000 0.0000 0.0000 0.0000 0.0000 0.0002 0.0000 0.0000 -0.0006 0.0003 0.0000 0.0004 -0.0006 0.0000 0.0000 0.0001 0.0000 0.0000 0.0000 0.0000 -0.0010 -0.0002 0.0000 0.0002 30.0001 -0.0001 0.0005 -29.9998 0.0000 0.0000 0.0000 2.6479 -3.2611 -1.2782 2.6479 -3.2611 -1.2782 -66.8281 68.9450 40.4660 -109.5409 64.6005 -133.2249 -34.9531 22.4161 -67.6436 1.2240 0.3740 3.6932 0.0000 -0.0001 0.0001 0.0000 0.0000 0.0000 0.0000 -0.0006 0.0003 0.0000 -0.0001 0.0001 0.0000 0.0000 0.0000 0.0000 0.0000 0.0000 0.0000 0.0007 0.0001 0.0000 -0.0012 0.0001 0.0000 -0.0008 0.0003 0.0000 0.0001 0.0000 0.0000 0.0000 0.0000 0.0000 -0.0008 0.0000 0.0000 0.0002 -29.9997 -0.0001 -0.0003 29.9996 0.0000 0.0000 0.0000 4.1555 -2.0032 -165.9090 0.0812 -28.7788 0.0620 -35.0835 43.4340 -35.1164 0.0001 43.7125 0.0001 4.9363 -11.2998 171.8842 -0.8026 -35.2574 0.1717 -17.9262 84.1766 -21.8218 0.0000 25.3508 -0.0001 
-32.9306 89.5315 -6.8327 -9.9608 -6.2316 8.1653 -0.8479 3.8471 -0.4155 -0.8489 3.8518 -0.4160 -0.8505 3.8587 -0.4168 43.0337 76.2357 -51.9173 94.7471 68.5531 116.5000 31.8062 22.1853 52.9475 -1.2534 1.2615 -2.8522 0.0000 0.0000 0.0001 0.0000 0.0000 0.0000 0.0000 -0.0013 -0.0008 0.0000 -0.0004 0.0001 0.0000 0.0000 0.0000 0.0000 0.0000 0.0000 0.0000 0.0002 -0.0001 0.0000 -0.0006 0.0003 0.0000 0.0004 -0.0006 0.0000 0.0000 0.0001 0.0000 0.0000 0.0000 0.0000 -0.0010 -0.0002 0.0000 0.0002 30.0001 -0.0001 0.0005 -29.9998 0.0000 0.0000 0.0000 2.8236 -3.6284 -1.3350 2.8235 -3.6284 -1.3350 -66.9128 69.6524 40.1519 -108.9697 65.3806 -131.6843 -35.0555 22.8724 -66.6245 1.2583 0.4475 3.6380 0.0000 -0.0001 0.0001 0.0000 0.0000 0.0000 0.0000 -0.0006 0.0003 0.0000 -0.0001 0.0001 0.0000 0.0000 0.0000 0.0000 0.0000 0.0000 0.0000 0.0007 0.0001 0.0000 -0.0012 0.0001 0.0000 -0.0008 0.0003 0.0000 0.0001 0.0000 0.0000 0.0000 0.0000 0.0000 -0.0009 0.0000 0.0000 0.0002 -29.9997 -0.0001 -0.0003 29.9996 0.0000 0.0000 0.0000 4.4415 -2.1479 -165.8437 0.0837 -28.7389 0.0614 -35.0322 43.4076 -35.0824 0.0001 44.0661 0.0001 5.0832 -11.4735 171.9396 -0.8004 -35.2921 0.1712 -19.4482 84.1942 -23.2572 0.0000 25.3508 -0.0001 
-32.9024 89.5222 -6.7937 -10.2322 -6.0686 8.0912 -0.8510 3.9427 -0.3931 -0.8521 3.9477 -0.3937 -0.8536 3.9546 -0.3944 43.2868 76.4684 -51.4440 93.2132 68.3300 114.4019 31.6464 22.2310 51.5381 -1.1924 1.2568 -2.7045 0.0000 0.0000 0.0001 0.0000 0.0000 0.0000 0.0000 -0.0013 -0.0008 0.0000 -0.0004 0.0001 0.0000 0.0000 0.0000 0.0000 0.0000 0.0000 0.0000 0.0002 0.0000 0.0000 -0.0006 0.0003 0.0000 0.0004 -0.0006 0.0000 0.0000 0.0001 0.0000 0.0000 0.0000 0.0000 -0.0010 -0.0002 0.0000 0.0002 30.0001 -0.0001 0.0005 -29.9998 0.0000 0.0000 0.0000 2.9968 -3.9484 -1.3917 2.9968 -3.9484 -1.3917 -67.1453 70.3916 39.7277 -108.2161 66.0852 -130.1612 -35.0546 23.2146 -65.5185 1.2882 0.5251 3.5867 0.0000 -0.0001 0.0001 0.0000 0.0000 0.0000 0.0000 -0.0006 0.0003 0.0000 -0.0001 0.0001 0.0000 0.0000 0.0000 0.0000 0.0000 0.0000 0.0000 0.0007 0.0001 0.0000 -0.0012 0.0001 0.0000 -0.0008 0.0003 0.0000 0.0001 0.0000 0.0000 0.0000 0.0000 0.0000 -0.0008 0.0000 0.0000 0.0002 -29.9997 -0.0001 -0.0002 29.9996 0.0000 0.0000 0.0000 4.7353 -2.3006 -165.7731 0.0858 -28.7179 0.0608 -34.9536 43.3783 -35.0241 0.0001 44.4399 0.0001 5.2264 -11.6369 172.0052 -0.7959 -35.3197 0.1700 -21.0110 84.2047 -24.7167 0.0000 25.3508 -0.0001 
-32.8751 89.5150 -6.7601 -10.5058 -5.9143 8.0097 -0.8500 4.0247 -0.3736 -0.8512 4.0300 -0.3741 -0.8526 4.0369 -0.3748 43.4595 76.7395 -51.0510 91.8286 68.1211 112.3680 31.3623 22.1095 50.2701 -1.1307 1.2433 -2.5716 0.0000 0.0000 0.0001 0.0000 0.0000 0.0000 0.0000 -0.0013 -0.0008 0.0000 -0.0004 0.0001 0.0000 0.0000 0.0000 0.0000 0.0000 0.0000 0.0000 0.0002 0.0000 0.0000 -0.0006 0.0003 0.0000 0.0004 -0.0006 0.0000 0.0000 0.0001 0.0000 0.0000 0.0000 0.0000 -0.0010 -0.0002 0.0000 0.0002 30.0001 -0.0001 0.0005 -29.9998 0.0000 0.0000 0.0000 3.1586 -4.1858 -1.4461 3.1586 -4.1857 -1.4461 -67.4129 71.1280 39.3305 -107.2103 66.6715 -128.5592 -34.9189 23.4250 -64.3463 1.3152 0.6085 3.5417 0.0000 -0.0001 0.0001 0.0000 0.0000 0.0000 0.0000 -0.0006 0.0002 0.0000 -0.0001 0.0001 0.0000 0.0000 0.0000 0.0000 0.0000 0.0000 0.0000 0.0007 0.0001 0.0000 -0.0012 0.0001 0.0000 -0.0008 0.0003 0.0000 0.0001 0.0000 0.0000 0.0000 0.0000 0.0000 -0.0008 0.0000 0.0000 0.0002 -29.9997 -0.0001 -0.0003 29.9996 0.0000 0.0000 0.0000 5.0057 -2.4587 -165.6996 0.0886 -28.7220 0.0601 -34.8697 43.3429 -34.9509 0.0001 44.8201 0.0001 5.3557 -11.7899 172.0755 -0.7935 -35.3310 0.1693 -22.3589 84.1994 -25.9451 0.0000 25.3508 -0.0001 
-32.8410 89.5057 -6.7368 -10.7627 -5.7691 7.9270 -0.8523 4.0962 -0.3563 -0.8535 4.1017 -0.3568 -0.8549 4.1085 -0.3574 43.5557 77.0341 -50.7869 90.6299 67.8843 110.4166 31.0544 21.7854 49.1738 -1.0710 1.2291 -2.4495 0.0000 0.0000 0.0001 0.0000 0.0000 0.0000 0.0000 -0.0013 -0.0008 0.0000 -0.0004 0.0001 0.0000 0.0000 0.0000 0.0000 0.0000 0.0000 0.0000 0.0002 0.0000 0.0000 -0.0006 0.0003 0.0000 0.0004 -0.0006 0.0000 0.0000 0.0001 0.0000 0.0000 0.0000 0.0000 -0.0010 -0.0002 0.0000 0.0002 30.0001 -0.0001 0.0005 -29.9998 0.0000 0.0000 0.0000 3.3082 -4.3557 -1.5018 3.3082 -4.3557 -1.5018 -67.6026 71.8369 39.0908 -106.0122 67.1041 -126.8386 -34.6552 23.5635 -63.1263 1.3386 0.6930 3.5004 0.0000 -0.0001 0.0001 0.0000 0.0000 0.0000 0.0000 -0.0006 0.0003 0.0000 -0.0001 0.0001 0.0000 0.0000 0.0000 0.0000 0.0000 0.0000 0.0000 0.0007 0.0001 0.0000 -0.0012 0.0001 0.0000 -0.0008 0.0003 0.0000 0.0001 0.0000 0.0000 0.0000 0.0000 0.0000 -0.0009 0.0000 0.0000 0.0002 -29.9996 -0.0001 -0.0003 29.9996 0.0000 0.0000 0.0000 5.2296 -2.6088 -165.6324 0.0915 -28.7377 0.0594 -34.8066 43.3063 -34.8792 0.0001 45.2185 0.0001 5.4730 -11.9380 172.1395 -0.7973 -35.3315 0.1705 -23.3423 84.1856 -26.8073 0.0000 25.3507 -0.0001 
-32.8063 89.4948 -6.7193 -10.9978 -5.6373 7.8466 -0.8614 4.1622 -0.3411 -0.8626 4.1681 -0.3416 -0.8640 4.1748 -0.3422 43.6664 77.3523 -50.5666 89.6167 67.6879 108.5950 30.7447 21.3710 48.2207 -1.0148 1.2118 -2.3394 0.0000 0.0000 0.0001 0.0000 0.0000 0.0000 0.0000 -0.0013 -0.0008 0.0000 -0.0004 0.0001 0.0000 0.0000 0.0000 0.0000 0.0000 0.0000 0.0000 0.0002 0.0000 0.0000 -0.0006 0.0003 0.0000 0.0004 -0.0006 0.0000 0.0000 0.0001 0.0000 0.0000 0.0000 0.0000 -0.0010 -0.0002 0.0000 0.0002 30.0001 -0.0001 0.0005 -29.9998 0.0000 0.0000 0.0000 3.4474 -4.4780 -1.5559 3.4474 -4.4780 -1.5559 -67.7670 72.5169 38.9293 -104.7291 67.4109 -125.0930 -34.3042 23.6782 -61.8906 1.3576 0.7739 3.4612 0.0000 -0.0001 0.0001 0.0000 0.0000 0.0000 0.0000 -0.0006 0.0003 0.0000 -0.0001 0.0001 0.0000 0.0000 0.0000 0.0000 0.0000 0.0000 0.0000 0.0007 0.0001 0.0000 -0.0011 0.0001 0.0000 -0.0008 0.0003 0.0000 0.0001 0.0000 0.0000 0.0000 0.0000 0.0000 -0.0008 0.0000 0.0000 0.0002 -29.9996 -0.0001 -0.0003 29.9996 0.0000 0.0000 0.0000 5.4049 -2.7391 -165.5738 0.0945 -28.7560 0.0586 -34.7706 43.2718 -34.8167 0.0001 45.6160 0.0001 5.5739 -12.0781 172.1975 -0.8003 -35.3317 0.1715 -24.0717 84.1708 -27.4118 0.0000 25.3508 -0.0001 
-32.7678 89.4816 -6.7095 -11.1920 -5.5272 7.7807 -0.8811 4.2252 -0.3367 -0.8824 4.2313 -0.3372 -0.8838 4.2379 -0.3378 43.8426 77.6716 -50.3402 88.8615 67.6817 107.0009 30.5292 20.8911 47.3230 -0.9620 1.1933 -2.2409 0.0000 0.0000 0.0001 0.0000 0.0000 0.0000 0.0000 -0.0013 -0.0008 0.0000 -0.0004 0.0001 0.0000 0.0000 0.0000 0.0000 0.0000 0.0000 0.0000 0.0002 -0.0001 0.0000 -0.0006 0.0003 0.0000 0.0004 -0.0006 0.0000 0.0000 0.0001 0.0000 0.0000 0.0000 0.0000 -0.0010 -0.0002 0.0000 0.0002 30.0001 -0.0001 0.0005 -29.9998 0.0000 0.0000 0.0000 3.5673 -4.5549 -1.5967 3.5673 -4.5549 -1.5967 -67.9391 73.1751 38.7804 -103.4540 67.6426 -123.4213 -33.9314 23.8188 -60.7407 1.3718 0.8426 3.4256 0.0000 -0.0001 0.0001 0.0000 0.0000 0.0000 0.0000 -0.0006 0.0002 0.0000 -0.0001 0.0001 0.0000 0.0000 0.0000 0.0000 0.0000 0.0000 0.0000 0.0007 0.0001 0.0000 -0.0011 0.0001 0.0000 -0.0008 0.0003 0.0000 0.0001 0.0000 0.0000 0.0000 0.0000 0.0000 -0.0008 0.0000 0.0000 0.0002 -29.9996 -0.0001 -0.0003 29.9996 0.0000 0.0000 0.0000 5.5092 -2.8305 -165.5373 0.0969 -28.7668 0.0580 -34.7767 43.2418 -34.7718 0.0001 45.9994 0.0001 5.6449 -12.2072 172.2337 -0.8020 -35.3419 0.1721 -24.4982 84.1581 -27.7092 0.0000 25.3508 -0.0001 
-32.7221 89.4695 -6.7181 -11.3559 -5.4310 7.7361 -0.9057 4.2905 -0.3424 -0.9071 4.2969 -0.3430 -0.9085 4.3034 -0.3436 44.0632 77.9596 -50.0897 88.3086 67.8352 105.6378 30.4251 20.3318 46.3832 -0.9117 1.1788 -2.1478 0.0000 0.0000 0.0001 0.0000 0.0000 0.0000 0.0000 -0.0013 -0.0008 0.0000 -0.0004 0.0001 0.0000 0.0000 0.0000 0.0000 0.0000 0.0000 0.0000 0.0002 -0.0001 0.0000 -0.0006 0.0003 0.0000 0.0004 -0.0006 0.0000 0.0000 0.0001 0.0000 0.0000 0.0000 0.0000 -0.0010 -0.0002 0.0000 0.0002 30.0001 -0.0001 0.0005 -29.9998 0.0000 0.0000 0.0000 3.6670 -4.6127 -1.6211 3.6670 -4.6127 -1.6211 -67.9858 73.8004 38.7505 -102.1670 67.8553 -121.7163 -33.5716 23.9615 -59.7466 1.3835 0.9014 3.3952 0.0000 -0.0001 0.0001 0.0000 0.0000 0.0000 0.0000 -0.0006 0.0003 0.0000 -0.0001 0.0001 0.0000 0.0000 0.0000 0.0000 0.0000 0.0000 0.0000 0.0007 0.0001 0.0000 -0.0011 0.0001 0.0000 -0.0008 0.0003 0.0000 0.0001 0.0000 0.0000 0.0000 0.0000 0.0000 -0.0009 0.0000 0.0000 0.0002 -29.9996 -0.0001 -0.0002 29.9996 0.0000 0.0000 0.0000 5.5746 -2.8981 -165.5224 0.0999 -28.7685 0.0572 -34.8078 43.2133 -34.7389 0.0001 46.3226 0.0001 5.7031 -12.3397 172.2424 -0.8061 -35.3644 0.1736 -24.6844 84.1419 -27.7721 0.0000 25.3508 -0.0001 
-32.6688 89.4596 -6.7424 -11.5004 -5.3393 7.7074 -0.9304 4.3567 -0.3560 -0.9319 4.3634 -0.3565 -0.9333 4.3698 -0.3571 44.2642 78.2120 -49.8761 87.9275 68.0616 104.4577 30.2412 19.8516 45.3641 -0.8628 1.1593 -2.0616 0.0000 0.0000 0.0001 0.0000 0.0000 0.0000 0.0000 -0.0013 -0.0008 0.0000 -0.0004 0.0001 0.0000 0.0000 0.0000 0.0000 0.0000 0.0000 0.0000 0.0002 0.0000 0.0000 -0.0006 0.0003 0.0000 0.0004 -0.0006 0.0000 0.0000 0.0001 0.0000 0.0000 0.0000 0.0000 -0.0010 -0.0002 0.0000 0.0002 30.0001 -0.0001 0.0005 -29.9998 0.0000 0.0000 0.0000 3.7484 -4.6650 -1.6306 3.7484 -4.6650 -1.6306 -67.9332 74.3973 38.8142 -100.8955 68.0193 -120.0020 -33.1972 24.0760 -58.8861 1.3921 0.9516 3.3686 0.0000 -0.0001 0.0001 0.0000 0.0000 0.0000 0.0000 -0.0006 0.0003 0.0000 -0.0001 0.0001 0.0000 0.0000 0.0000 0.0000 0.0000 0.0000 0.0000 0.0007 0.0001 0.0000 -0.0012 0.0001 0.0000 -0.0008 0.0003 0.0000 0.0001 0.0001 0.0000 0.0000 0.0000 0.0000 -0.0009 0.0000 0.0000 0.0002 -29.9996 -0.0001 -0.0003 29.9996 0.0000 0.0000 0.0000 5.6214 -2.9570 -165.5214 0.1037 -28.7643 0.0562 -34.8497 43.1851 -34.7102 0.0001 46.5840 0.0001 5.7618 -12.4817 172.2299 -0.8143 -35.3970 0.1764 -24.6783 84.1233 -27.6543 0.0000 25.3508 -0.0001 
-32.6188 89.4501 -6.7835 -11.6310 -5.2370 7.6886 -0.9478 4.4198 -0.3750 -0.9493 4.4269 -0.3756 -0.9507 4.4332 -0.3762 44.4216 78.4044 -49.7139 87.7258 68.3381 103.4491 29.7835 19.6522 44.3153 -0.8181 1.1265 -1.9906 0.0000 0.0000 0.0001 0.0000 0.0000 0.0000 0.0000 -0.0013 -0.0008 0.0000 -0.0004 0.0001 0.0000 0.0000 0.0000 0.0000 0.0000 0.0000 0.0000 0.0002 0.0000 0.0000 -0.0006 0.0003 0.0000 0.0004 -0.0006 0.0000 0.0000 0.0001 0.0000 0.0000 0.0000 0.0000 -0.0010 -0.0002 0.0000 0.0002 30.0001 -0.0001 0.0005 -29.9998 0.0000 0.0000 0.0000 3.8054 -4.7206 -1.6219 3.8054 -4.7206 -1.6219 -67.8796 74.9640 38.8402 -99.6862 68.0992 -118.3388 -32.7585 24.1791 -58.2456 1.3899 0.9766 3.3406 0.0000 -0.0001 0.0001 0.0000 0.0000 0.0000 0.0000 -0.0006 0.0003 0.0000 -0.0001 0.0001 0.0000 0.0000 0.0000 0.0000 0.0000 0.0000 0.0000 0.0007 0.0001 0.0000 -0.0012 0.0001 0.0000 -0.0008 0.0003 0.0000 0.0001 0.0000 0.0000 0.0000 0.0000 0.0000 -0.0009 0.0000 0.0000 0.0002 -29.9997 -0.0001 -0.0002 29.9996 0.0000 0.0000 0.0000 5.6639 -3.0266 -165.5262 0.1091 -28.7576 0.0549 -34.8921 43.1585 -34.6771 0.0001 46.7991 0.0001 5.8364 -12.6475 172.2098 -0.8205 -35.4392 0.1788 -24.5316 84.1001 -27.4152 0.0000 25.3508 -0.0001 
-32.5796 89.4381 -6.8251 -11.7644 -5.1241 7.6588 -0.9533 4.4800 -0.3914 -0.9549 4.4873 -0.3921 -0.9562 4.4935 -0.3927 44.5234 78.5662 -49.5957 87.5399 68.6254 102.4916 29.1769 19.6301 43.3230 -0.7787 1.0886 -1.9308 0.0000 0.0000 0.0001 0.0000 0.0000 0.0000 0.0000 -0.0013 -0.0008 0.0000 -0.0004 0.0001 0.0000 0.0000 0.0000 0.0000 0.0000 0.0000 0.0000 0.0002 0.0000 0.0000 -0.0006 0.0003 0.0000 0.0004 -0.0006 0.0000 0.0000 0.0001 0.0000 0.0000 0.0000 0.0000 -0.0010 -0.0002 0.0000 0.0002 30.0001 -0.0001 0.0005 -29.9998 0.0000 0.0000 0.0000 3.8481 -4.7814 -1.6067 3.8481 -4.7814 -1.6067 -67.8726 75.5000 38.7939 -98.5689 68.0467 -116.7047 -32.2505 24.2199 -57.7386 1.3384 0.9329 3.2626 0.0000 -0.0001 0.0001 0.0000 0.0000 0.0000 0.0000 -0.0006 0.0003 0.0000 -0.0001 0.0001 0.0000 0.0000 0.0000 0.0000 0.0000 0.0000 0.0000 0.0007 0.0001 0.0000 -0.0012 0.0001 0.0000 -0.0008 0.0003 0.0000 0.0001 0.0000 0.0000 0.0000 0.0000 0.0000 -0.0008 0.0000 0.0000 0.0002 -29.9996 -0.0001 -0.0003 29.9996 0.0000 0.0000 0.0000 5.7247 -3.1109 -165.5188 0.1143 -28.7512 0.0536 -34.9301 43.1312 -34.6323 0.0001 47.0429 0.0001 5.9253 -12.8243 172.2088 -0.8236 -35.4840 0.1801 -24.3840 84.0752 -27.1887 0.0000 25.3508 -0.0001 
-32.5485 89.4216 -6.8631 -11.8990 -5.0076 7.6143 -0.9485 4.5361 -0.4031 -0.9501 4.5436 -0.4038 -0.9514 4.5498 -0.4044 44.5044 78.7177 -49.5918 87.2463 68.8491 101.4676 28.5138 19.6494 42.4544 -0.7448 1.0531 -1.8782 0.0000 0.0000 0.0001 0.0000 0.0000 0.0000 0.0000 -0.0013 -0.0008 0.0000 -0.0004 0.0001 0.0000 0.0000 0.0000 0.0000 0.0000 0.0000 0.0000 0.0002 -0.0001 0.0000 -0.0006 0.0003 0.0000 0.0004 -0.0006 0.0000 0.0000 0.0001 0.0000 0.0000 0.0000 0.0000 -0.0010 -0.0002 0.0000 0.0002 30.0001 -0.0001 0.0005 -29.9998 0.0000 0.0000 0.0000 3.8821 -4.8412 -1.5928 3.8821 -4.8412 -1.5928 -67.9638 76.0118 38.6427 -97.5535 67.9426 -115.1938 -31.6835 24.1737 -57.2716 1.2892 0.8935 3.1900 0.0000 -0.0001 0.0001 0.0000 0.0000 0.0000 0.0000 -0.0006 0.0003 0.0000 -0.0001 0.0001 0.0000 0.0000 0.0000 0.0000 0.0000 0.0000 0.0000 0.0007 0.0001 0.0000 -0.0012 0.0001 0.0000 -0.0008 0.0003 0.0000 0.0001 0.0000 0.0000 0.0000 0.0000 0.0000 -0.0009 0.0000 0.0000 0.0002 -29.9997 -0.0001 -0.0003 29.9996 0.0000 0.0000 0.0000 5.8107 -3.2088 -165.4956 0.1180 -28.7472 0.0526 -34.9522 43.1051 -34.5706 0.0001 47.3453 0.0001 6.0175 -12.9997 172.2287 -0.8258 -35.5231 0.1811 -24.2332 84.0471 -26.9661 0.0000 25.3508 -0.0001 
-32.5246 89.4012 -6.8913 -12.0176 -4.8809 7.5500 -0.9358 4.5821 -0.4096 -0.9374 4.5898 -0.4103 -0.9386 4.5959 -0.4109 44.4996 78.8961 -49.5611 86.7120 68.8820 100.2964 27.5628 19.8307 41.6289 -0.7152 1.0150 -1.8327 0.0000 0.0000 0.0001 0.0000 0.0000 0.0000 0.0000 -0.0013 -0.0008 0.0000 -0.0004 0.0001 0.0000 0.0000 0.0000 0.0000 0.0000 0.0000 0.0000 0.0002 0.0000 0.0000 -0.0006 0.0003 0.0000 0.0004 -0.0006 0.0000 0.0000 0.0001 0.0000 0.0000 0.0000 0.0000 -0.0010 -0.0002 0.0000 0.0003 30.0001 -0.0001 0.0005 -29.9998 0.0000 0.0000 0.0000 3.9118 -4.8934 -1.5885 3.9118 -4.8934 -1.5885 -68.3289 76.5196 38.1827 -96.7731 67.8925 -113.9923 -31.1522 24.0113 -56.7627 1.2399 0.8603 3.1186 0.0000 -0.0001 0.0001 0.0000 0.0000 0.0000 0.0000 -0.0006 0.0003 0.0000 -0.0001 0.0001 0.0000 0.0000 0.0000 0.0000 0.0000 0.0000 0.0000 0.0007 0.0001 0.0000 -0.0012 0.0001 0.0000 -0.0008 0.0003 0.0000 0.0001 0.0000 0.0000 0.0000 0.0000 0.0000 -0.0009 0.0000 0.0000 0.0002 -29.9996 -0.0001 -0.0003 29.9996 0.0000 0.0000 0.0000 5.9217 -3.3350 -165.4533 0.1187 -28.7454 0.0524 -34.9508 43.0795 -34.4857 0.0001 47.7123 0.0001 6.0862 -13.1730 172.2706 -0.8291 -35.5461 0.1824 -24.1155 84.0200 -26.7763 0.0000 25.3507 -0.0001 
-32.5039 89.3824 -6.9115 -12.1015 -4.7503 7.4769 -0.9261 4.6198 -0.4163 -0.9278 4.6277 -0.4171 -0.9290 4.6337 -0.4176 44.4818 79.0979 -49.5357 86.0528 68.7030 99.1198 26.4075 20.0598 40.7870 -0.6880 0.9787 -1.7901 0.0000 0.0000 0.0001 0.0000 0.0000 0.0000 0.0000 -0.0013 -0.0008 0.0000 -0.0004 0.0001 0.0000 0.0000 0.0000 0.0000 0.0000 0.0000 0.0000 0.0002 0.0000 0.0000 -0.0006 0.0003 0.0000 0.0004 -0.0006 0.0000 0.0000 0.0001 0.0000 0.0000 0.0000 0.0000 -0.0010 -0.0002 0.0000 0.0002 30.0001 -0.0001 0.0005 -29.9998 0.0000 0.0000 0.0000 3.9444 -4.9353 -1.5952 3.9444 -4.9353 -1.5952 -68.8811 77.0392 37.5045 -96.2167 67.9579 -113.1371 -30.7048 23.7985 -56.1115 1.1901 0.8321 3.0462 0.0000 -0.0001 0.0001 0.0000 0.0000 0.0000 0.0000 -0.0006 0.0003 0.0000 -0.0001 0.0001 0.0000 0.0000 0.0000 0.0000 0.0000 0.0000 0.0000 0.0007 0.0001 0.0000 -0.0012 0.0001 0.0000 -0.0008 0.0003 0.0000 0.0001 0.0000 0.0000 0.0000 0.0000 0.0000 -0.0008 0.0000 0.0000 0.0002 -29.9996 -0.0001 -0.0003 29.9996 0.0000 0.0000 0.0000 6.0234 -3.4757 -165.4016 0.1198 -28.7397 0.0522 -34.9393 43.0520 -34.3900 0.0001 48.0673 0.0001 6.1143 -13.3408 172.3196 -0.8347 -35.5575 0.1842 -24.0450 83.9965 -26.6336 0.0000 25.3507 -0.0001 
-32.4890 89.3673 -6.9303 -12.1456 -4.6246 7.4029 -0.9239 4.6533 -0.4242 -0.9255 4.6615 -0.4250 -0.9267 4.6674 -0.4255 44.4163 79.3252 -49.5513 85.3526 68.3404 98.0148 25.1701 20.2426 39.9912 -0.6635 0.9473 -1.7507 0.0000 0.0000 0.0001 0.0000 0.0000 0.0000 0.0000 -0.0013 -0.0008 0.0000 -0.0004 0.0001 0.0000 0.0000 0.0000 0.0000 0.0000 0.0000 0.0000 0.0002 0.0000 0.0000 -0.0006 0.0003 0.0000 0.0004 -0.0006 0.0000 0.0000 0.0001 0.0000 0.0000 0.0000 0.0000 -0.0010 -0.0002 0.0000 0.0002 30.0001 -0.0001 0.0005 -29.9998 0.0000 0.0000 0.0000 3.9819 -4.9676 -1.6118 3.9819 -4.9676 -1.6118 -69.5420 77.5703 36.7049 -95.8315 68.1018 -112.5732 -30.3133 23.4664 -55.3067 1.1400 0.8122 2.9742 0.0000 -0.0001 0.0001 0.0000 0.0000 0.0000 0.0000 -0.0006 0.0003 0.0000 -0.0001 0.0001 0.0000 0.0000 0.0000 0.0000 0.0000 0.0000 0.0000 0.0007 0.0001 0.0000 -0.0012 0.0001 0.0000 -0.0008 0.0003 0.0000 0.0001 0.0000 0.0000 0.0000 0.0000 0.0000 -0.0008 0.0000 0.0000 0.0002 -29.9996 -0.0001 -0.0002 29.9996 0.0000 0.0000 0.0000 6.1031 -3.6196 -165.3463 0.1219 -28.7333 0.0516 -34.9239 43.0255 -34.2949 0.0001 48.3685 0.0001 6.0969 -13.4996 172.3703 -0.8385 -35.5614 0.1855 -24.0455 83.9749 -26.5585 0.0000 25.3508 -0.0001 
-32.4776 89.3620 -6.9596 -12.1259 -4.5120 7.3380 -0.9364 4.6800 -0.4367 -0.9381 4.6882 -0.4375 -0.9393 4.6941 -0.4381 44.1966 79.6249 -49.7282 84.5591 67.7600 96.9299 23.6976 20.4588 39.1286 -0.6393 0.9147 -1.7133 0.0000 0.0000 0.0001 0.0000 0.0000 0.0000 0.0000 -0.0013 -0.0008 0.0000 -0.0004 0.0001 0.0000 0.0000 0.0000 0.0000 0.0000 0.0000 0.0000 0.0002 0.0000 0.0000 -0.0006 0.0003 0.0000 0.0004 -0.0006 0.0000 0.0000 0.0001 0.0000 0.0000 0.0000 0.0000 -0.0010 -0.0002 0.0000 0.0002 30.0001 -0.0001 0.0005 -29.9998 0.0000 0.0000 0.0000 4.0265 -4.9800 -1.6335 4.0265 -4.9800 -1.6335 -70.3237 78.1500 35.7628 -95.6609 68.3557 -112.3620 -30.0467 22.8767 -54.3585 1.0883 0.8052 2.9029 0.0000 -0.0001 0.0001 0.0000 0.0000 0.0000 0.0000 -0.0006 0.0003 0.0000 -0.0001 0.0001 0.0000 0.0000 0.0000 0.0000 0.0000 0.0000 0.0000 0.0007 0.0001 0.0000 -0.0012 0.0001 0.0000 -0.0008 0.0003 0.0000 0.0001 0.0000 0.0000 0.0000 0.0000 0.0000 -0.0009 0.0000 0.0000 0.0002 -29.9996 -0.0001 -0.0003 29.9996 0.0000 0.0000 0.0000 6.1356 -3.7775 -165.2973 0.1236 -28.7534 0.0512 -34.9020 43.0120 -34.2128 0.0001 48.5157 0.0001 6.0181 -13.6484 172.4112 -0.8373 -35.5584 0.1851 -24.0839 83.9501 -26.5194 0.0000 25.3508 -0.0001 
-32.4584 89.3589 -7.0055 -12.0634 -4.4000 7.2857 -0.9591 4.6968 -0.4536 -0.9609 4.7052 -0.4545 -0.9621 4.7110 -0.4551 43.9822 79.9457 -49.9146 83.9379 67.1368 96.0649 22.0262 20.7792 38.1738 -0.6147 0.8753 -1.6795 0.0000 0.0000 0.0001 0.0000 0.0000 0.0000 0.0000 -0.0013 -0.0008 0.0000 -0.0004 0.0001 0.0000 0.0000 0.0000 0.0000 0.0000 0.0000 0.0000 0.0002 0.0000 0.0000 -0.0006 0.0003 0.0000 0.0004 -0.0006 0.0000 0.0000 0.0001 0.0000 0.0000 0.0000 0.0000 -0.0010 -0.0002 0.0000 0.0002 30.0001 -0.0001 0.0005 -29.9998 0.0000 0.0000 0.0000 4.0722 -4.9731 -1.6471 4.0722 -4.9731 -1.6471 -71.0868 78.7833 34.8330 -95.5779 68.6877 -112.3265 -29.9243 22.1453 -53.4130 1.0389 0.8047 2.8370 0.0000 -0.0001 0.0001 0.0000 0.0000 0.0000 0.0000 -0.0006 0.0003 0.0000 -0.0001 0.0001 0.0000 0.0000 0.0000 0.0000 0.0000 0.0000 0.0000 0.0007 0.0001 0.0000 -0.0011 0.0001 0.0000 -0.0008 0.0003 0.0000 0.0001 0.0000 0.0000 0.0000 0.0000 0.0000 -0.0008 0.0000 0.0000 0.0002 -29.9996 -0.0001 -0.0003 29.9996 0.0000 0.0000 0.0000 6.1191 -3.9784 -165.2710 0.1187 -28.8255 0.0523 -34.8776 43.0190 -34.1420 0.0001 48.5916 0.0001 5.9103 -13.8044 172.4326 -0.8358 -35.5499 0.1845 -24.0107 83.9163 -26.3733 0.0000 25.3508 -0.0001 
-32.4291 89.3559 -7.0605 -11.9776 -4.2888 7.2425 -0.9860 4.7061 -0.4720 -0.9878 4.7145 -0.4729 -0.9891 4.7203 -0.4735 43.6380 80.3060 -50.2567 83.3952 66.5611 95.3225 20.3487 21.1045 37.1608 -0.5901 0.8341 -1.6471 0.0000 0.0000 0.0001 0.0000 0.0000 0.0000 0.0000 -0.0013 -0.0008 0.0000 -0.0004 0.0001 0.0000 0.0000 0.0000 0.0000 0.0000 0.0000 0.0000 0.0002 0.0000 0.0000 -0.0006 0.0003 0.0000 0.0004 -0.0006 0.0000 0.0000 0.0001 0.0000 0.0000 0.0000 0.0000 -0.0010 -0.0002 0.0000 0.0002 30.0001 -0.0001 0.0005 -29.9998 0.0000 0.0000 0.0000 4.1150 -4.9488 -1.6494 4.1150 -4.9488 -1.6494 -71.8950 79.4636 33.8771 -95.4639 69.0429 -112.3598 -29.9000 21.3465 -52.4885 0.9930 0.8088 2.7773 0.0000 -0.0001 0.0001 0.0000 0.0000 0.0000 0.0000 -0.0006 0.0003 0.0000 -0.0001 0.0001 0.0000 0.0000 0.0000 0.0000 0.0000 0.0000 0.0000 0.0007 0.0001 0.0000 -0.0012 0.0001 0.0000 -0.0008 0.0003 0.0000 0.0001 0.0000 0.0000 0.0000 0.0000 0.0000 -0.0008 0.0000 0.0000 0.0002 -29.9996 -0.0001 -0.0003 29.9996 0.0000 0.0000 0.0000 6.0618 -4.2084 -165.2617 0.1086 -28.9403 0.0548 -34.8604 43.0453 -34.0870 0.0001 48.6161 0.0001 5.7915 -13.9640 172.4378 -0.8384 -35.5384 0.1853 -23.8043 83.8787 -26.1009 0.0000 25.3508 -0.0001 
-32.4035 89.3497 -7.1072 -11.8848 -4.1822 7.2031 -1.0109 4.7077 -0.4866 -1.0127 4.7162 -0.4876 -1.0140 4.7219 -0.4882 43.1910 80.7176 -50.7340 82.9125 66.1679 94.7380 18.9844 21.2431 36.1528 -0.5661 0.8003 -1.6159 0.0000 0.0000 0.0001 0.0000 0.0000 0.0000 0.0000 -0.0013 -0.0008 0.0000 -0.0004 0.0001 0.0000 0.0000 0.0000 0.0000 0.0000 0.0000 0.0000 0.0002 0.0000 0.0000 -0.0006 0.0003 0.0000 0.0004 -0.0006 0.0000 0.0000 0.0001 0.0000 0.0000 0.0000 0.0000 -0.0010 -0.0002 0.0000 0.0003 30.0001 -0.0001 0.0005 -29.9998 0.0000 0.0000 0.0000 4.1509 -4.8997 -1.6374 4.1509 -4.8997 -1.6374 -72.8881 80.1935 32.7792 -95.1734 69.3670 -112.3678 -29.9235 20.6050 -51.6012 0.9530 0.8139 2.7261 0.0000 -0.0001 0.0001 0.0000 0.0000 0.0000 0.0000 -0.0006 0.0003 0.0000 -0.0001 0.0001 0.0000 0.0000 0.0000 0.0000 0.0000 0.0000 0.0000 0.0007 0.0001 0.0000 -0.0012 0.0001 0.0000 -0.0008 0.0003 0.0000 0.0001 0.0000 0.0000 0.0000 0.0000 0.0000 -0.0009 0.0000 0.0000 0.0002 -29.9996 -0.0001 -0.0003 29.9996 0.0000 0.0000 0.0000 5.9737 -4.4283 -165.2565 0.0961 -29.0563 0.0579 -34.8596 43.0845 -34.0634 0.0001 48.6239 0.0001 5.6728 -14.1114 172.4411 -0.8405 -35.5245 0.1858 -23.5419 83.8439 -25.7765 0.0000 25.3508 -0.0001 
-32.3967 89.3456 -7.1332 -11.8120 -4.0810 7.1633 -1.0244 4.7059 -0.4974 -1.0262 4.7144 -0.4984 -1.0275 4.7201 -0.4990 42.6353 81.1606 -51.3414 82.3918 65.9387 94.2078 18.0210 21.1351 35.1552 -0.5428 0.7786 -1.5826 0.0000 0.0000 0.0001 0.0000 0.0000 0.0000 0.0000 -0.0013 -0.0008 0.0000 -0.0004 0.0001 0.0000 0.0000 0.0000 0.0000 0.0000 0.0000 0.0000 0.0002 0.0000 0.0000 -0.0006 0.0003 0.0000 0.0004 -0.0006 0.0000 0.0000 0.0001 0.0000 0.0000 0.0000 0.0000 -0.0010 -0.0002 0.0000 0.0002 30.0001 -0.0001 0.0005 -29.9998 0.0000 0.0000 0.0000 4.1791 -4.8323 -1.6213 4.1791 -4.8323 -1.6213 -74.1339 80.9339 31.4392 -94.7491 69.6442 -112.3068 -29.9054 20.0079 -50.7215 0.9161 0.8138 2.6774 0.0000 -0.0001 0.0001 0.0000 0.0000 0.0000 0.0000 -0.0006 0.0003 0.0000 -0.0001 0.0001 0.0000 0.0000 0.0000 0.0000 0.0000 0.0000 0.0000 0.0007 0.0001 0.0000 -0.0011 0.0001 0.0000 -0.0008 0.0003 0.0000 0.0001 0.0000 0.0000 0.0000 0.0000 0.0000 -0.0009 0.0000 0.0000 0.0002 -29.9996 -0.0001 -0.0003 29.9996 0.0000 0.0000 0.0000 5.8973 -4.5860 -165.2372 0.0882 -29.1127 0.0599 -34.8738 43.1196 -34.0719 0.0001 48.5999 0.0001 5.5663 -14.2348 172.4578 -0.8366 -35.5050 0.1844 -23.3594 83.8146 -25.5257 0.0000 25.3507 -0.0001 
-32.4058 89.3451 -7.1482 -11.7604 -3.9906 7.1209 -1.0256 4.7052 -0.5053 -1.0275 4.7137 -0.5062 -1.0288 4.7194 -0.5069 42.0345 81.6069 -52.0019 81.8912 65.8146 93.8064 17.4642 20.7563 34.1582 -0.5198 0.7705 -1.5466 0.0000 0.0000 0.0001 0.0000 0.0000 0.0000 0.0000 -0.0013 -0.0008 0.0000 -0.0004 0.0001 0.0000 0.0000 0.0000 0.0000 0.0000 0.0000 0.0000 0.0003 0.0000 0.0000 -0.0006 0.0003 0.0000 0.0004 -0.0006 0.0000 0.0000 0.0001 0.0000 0.0000 0.0000 0.0000 -0.0010 -0.0002 0.0000 0.0002 30.0001 -0.0001 0.0005 -29.9998 0.0000 0.0000 0.0000 4.1983 -4.7574 -1.6041 4.1983 -4.7574 -1.6041 -75.5008 81.6614 29.9892 -94.2599 69.8455 -112.2156 -29.8153 19.5118 -49.7865 0.8805 0.8100 2.6288 0.0000 -0.0001 0.0001 0.0000 0.0000 0.0000 0.0000 -0.0006 0.0003 0.0000 -0.0001 0.0001 0.0000 0.0000 0.0000 0.0000 0.0000 0.0000 0.0000 0.0007 0.0001 0.0000 -0.0012 0.0001 0.0000 -0.0008 0.0003 0.0000 0.0001 0.0000 0.0000 0.0000 0.0000 0.0000 -0.0009 0.0000 0.0000 0.0002 -29.9996 -0.0001 -0.0003 29.9996 0.0000 0.0000 0.0000 5.8357 -4.6860 -165.2037 0.0846 -29.1109 0.0608 -34.8991 43.1438 -34.1005 0.0001 48.5538 0.0001 5.4698 -14.3360 172.4896 -0.8284 -35.4796 0.1816 -23.2346 83.7846 -25.3250 0.0000 25.3508 -0.0001 
-32.4210 89.3454 -7.1705 -11.7362 -3.9174 7.0753 -1.0093 4.7116 -0.5092 -1.0111 4.7201 -0.5102 -1.0124 4.7258 -0.5109 41.3813 82.0805 -52.6885 81.3151 65.7413 93.5177 17.3841 20.0121 33.0957 -0.4965 0.7816 -1.5049 0.0000 0.0000 0.0001 0.0000 0.0000 0.0000 0.0000 -0.0013 -0.0008 0.0000 -0.0004 0.0001 0.0000 0.0000 0.0000 0.0000 0.0000 0.0000 0.0000 0.0003 0.0000 0.0000 -0.0006 0.0003 0.0000 0.0004 -0.0006 0.0000 0.0000 0.0001 0.0000 0.0000 0.0000 0.0000 -0.0010 -0.0002 0.0000 0.0003 30.0001 -0.0001 0.0005 -29.9998 0.0000 0.0000 0.0000 4.2080 -4.6790 -1.5967 4.2080 -4.6790 -1.5967 -76.9313 82.3324 28.4914 -93.7102 69.9048 -112.1241 -29.5948 19.1408 -48.7011 0.8458 0.8043 2.5772 0.0000 -0.0001 0.0001 0.0000 0.0000 0.0000 0.0000 -0.0006 0.0003 0.0000 -0.0001 0.0001 0.0000 0.0000 0.0000 0.0000 0.0000 0.0000 0.0000 0.0007 0.0001 0.0000 -0.0012 0.0001 0.0000 -0.0008 0.0003 0.0000 0.0001 0.0000 0.0000 0.0000 0.0000 0.0000 -0.0009 0.0000 0.0000 0.0002 -29.9997 -0.0001 -0.0003 29.9996 0.0000 0.0000 0.0000 5.7861 -4.7384 -165.1586 0.0838 -29.0643 0.0611 -34.9471 43.1581 -34.1503 0.0001 48.4999 0.0001 5.3835 -14.4228 172.5328 -0.8218 -35.4490 0.1793 -23.1030 83.7447 -25.1059 0.0000 25.3508 -0.0001 
-32.4307 89.3429 -7.2150 -11.7193 -3.8589 7.0287 -0.9838 4.7257 -0.5128 -0.9856 4.7343 -0.5138 -0.9868 4.7400 -0.5145 40.7837 82.5632 -53.2971 80.7340 65.5710 93.3769 17.4318 19.0752 31.9365 -0.4728 0.8022 -1.4608 0.0000 0.0000 0.0001 0.0000 0.0000 0.0000 0.0000 -0.0013 -0.0008 0.0000 -0.0004 0.0001 0.0000 0.0000 0.0000 0.0000 0.0000 0.0000 0.0000 0.0002 0.0000 0.0000 -0.0006 0.0003 0.0000 0.0004 -0.0006 0.0000 0.0000 0.0001 0.0000 0.0000 0.0000 0.0000 -0.0010 -0.0002 0.0000 0.0002 30.0001 -0.0001 0.0005 -29.9998 0.0000 0.0000 0.0000 4.2151 -4.6013 -1.6013 4.2151 -4.6013 -1.6012 -78.4825 82.9396 26.8774 -93.0646 69.8446 -111.9624 -29.2937 18.8486 -47.5539 0.8134 0.7995 2.5239 0.0000 -0.0001 0.0001 0.0000 0.0000 0.0000 0.0000 -0.0006 0.0003 0.0000 -0.0001 0.0001 0.0000 0.0000 0.0000 0.0000 0.0000 0.0000 0.0000 0.0007 0.0001 0.0000 -0.0012 0.0001 0.0000 -0.0008 0.0003 0.0000 0.0001 0.0000 0.0000 0.0000 0.0000 0.0000 -0.0008 0.0000 0.0000 0.0002 -29.9996 -0.0001 -0.0003 29.9996 0.0000 0.0000 0.0000 5.7298 -4.7958 -165.1123 0.0829 -29.0359 0.0613 -35.0087 43.1793 -34.2081 0.0001 48.4348 0.0001 5.3013 -14.5128 172.5771 -0.8175 -35.4218 0.1777 -22.9383 83.6950 -24.8521 0.0000 25.3508 -0.0001 
-32.4336 89.3364 -7.2757 -11.7014 -3.8137 6.9816 -0.9529 4.7466 -0.5177 -0.9547 4.7552 -0.5187 -0.9559 4.7609 -0.5194 40.3456 83.0571 -53.7330 80.1687 65.2761 93.3694 17.4844 18.0601 30.7261 -0.4495 0.8268 -1.4173 0.0000 0.0000 0.0001 0.0000 0.0000 0.0000 0.0000 -0.0013 -0.0008 0.0000 -0.0004 0.0001 0.0000 0.0000 0.0000 0.0000 0.0000 0.0000 0.0000 0.0003 0.0000 0.0000 -0.0006 0.0003 0.0000 0.0004 -0.0006 0.0000 0.0000 0.0001 0.0000 0.0000 0.0000 0.0000 -0.0010 -0.0002 0.0000 0.0002 30.0001 -0.0001 0.0005 -29.9998 0.0000 0.0000 0.0000 4.2192 -4.5267 -1.6140 4.2192 -4.5266 -1.6140 -80.0596 83.5021 25.2343 -92.3100 69.6798 -111.6914 -28.9294 18.5997 -46.3838 0.7829 0.7960 2.4696 0.0000 -0.0001 0.0001 0.0000 0.0000 0.0000 0.0000 -0.0006 0.0003 0.0000 -0.0001 0.0001 0.0000 0.0000 0.0000 0.0000 0.0000 0.0000 0.0000 0.0007 0.0001 0.0000 -0.0012 0.0001 0.0000 -0.0008 0.0003 0.0000 0.0001 0.0000 0.0000 0.0000 0.0000 0.0000 -0.0009 0.0000 0.0000 0.0002 -29.9996 -0.0001 -0.0003 29.9996 0.0000 0.0000 0.0000 5.6635 -4.8607 -165.0685 0.0815 -29.0304 0.0617 -35.0771 43.2098 -34.2651 0.0001 48.3810 0.0001 5.2219 -14.6042 172.6205 -0.8158 -35.4015 0.1770 -22.7467 83.6410 -24.5779 0.0000 25.3508 -0.0001 
-32.4324 89.3285 -7.3477 -11.6677 -3.7928 6.9398 -0.9220 4.7768 -0.5278 -0.9238 4.7856 -0.5288 -0.9249 4.7912 -0.5295 40.2396 83.5633 -53.8394 79.6563 64.8056 93.5444 17.4511 17.0599 29.4059 -0.4260 0.8517 -1.3735 0.0000 0.0000 0.0001 0.0000 0.0000 0.0000 0.0000 -0.0013 -0.0008 0.0000 -0.0004 0.0001 0.0000 0.0000 0.0000 0.0000 0.0000 0.0000 0.0000 0.0002 0.0000 0.0000 -0.0006 0.0003 0.0000 0.0004 -0.0006 0.0000 0.0000 0.0001 0.0000 0.0000 0.0000 0.0000 -0.0010 -0.0002 0.0000 0.0002 30.0001 -0.0001 0.0005 -29.9998 0.0000 0.0000 0.0000 4.2212 -4.4584 -1.6278 4.2212 -4.4584 -1.6278 -81.3847 84.0151 23.8594 -91.4358 69.3586 -111.2911 -28.5553 18.2040 -45.2229 0.7544 0.8035 2.4152 0.0000 -0.0001 0.0001 0.0000 0.0000 0.0000 0.0000 -0.0006 0.0003 0.0000 -0.0001 0.0001 0.0000 0.0000 0.0000 0.0000 0.0000 0.0000 0.0000 0.0007 0.0001 0.0000 -0.0012 0.0001 0.0000 -0.0008 0.0003 0.0000 0.0001 0.0000 0.0000 0.0000 0.0000 0.0000 -0.0008 0.0000 0.0000 0.0002 -29.9996 -0.0001 -0.0003 29.9996 0.0000 0.0000 0.0000 5.5812 -4.9232 -165.0343 0.0795 -29.0462 0.0622 -35.1440 43.2518 -34.3097 0.0001 48.3238 0.0001 5.1433 -14.6813 172.6597 -0.8147 -35.3913 0.1765 -22.5590 83.5898 -24.3295 0.0000 25.3508 -0.0001 
-32.4324 89.3224 -7.4218 -11.6099 -3.7881 6.9055 -0.8989 4.8092 -0.5417 -0.9006 4.8181 -0.5427 -0.9017 4.8237 -0.5434 40.6414 84.0946 -53.4523 79.1335 64.2348 93.7711 17.3450 16.1185 28.0504 -0.4028 0.8742 -1.3296 0.0000 0.0000 0.0001 0.0000 0.0000 0.0000 0.0000 -0.0013 -0.0008 0.0000 -0.0004 0.0001 0.0000 0.0000 0.0000 0.0000 0.0000 0.0000 0.0000 0.0002 0.0000 0.0000 -0.0006 0.0003 0.0000 0.0004 -0.0006 0.0000 0.0000 0.0001 0.0000 0.0000 0.0000 0.0000 -0.0010 -0.0002 0.0000 0.0002 30.0001 -0.0001 0.0005 -29.9998 0.0000 0.0000 0.0000 4.2271 -4.3890 -1.6370 4.2271 -4.3889 -1.6370 -82.7259 84.4947 22.4833 -90.4903 68.9582 -110.8087 -28.2899 17.6307 -44.1200 0.7277 0.8225 2.3600 0.0000 -0.0001 0.0001 0.0000 0.0000 0.0000 0.0000 -0.0006 0.0003 0.0000 -0.0001 0.0001 0.0000 0.0000 0.0000 0.0000 0.0000 0.0000 0.0000 0.0007 0.0001 0.0000 -0.0012 0.0001 0.0000 -0.0008 0.0003 0.0000 0.0001 0.0000 0.0000 0.0000 0.0000 0.0000 -0.0008 0.0000 0.0000 0.0002 -29.9997 -0.0001 -0.0003 29.9996 0.0000 0.0000 0.0000 5.4853 -4.9768 -165.0096 0.0782 -29.0569 0.0625 -35.2045 43.2930 -34.3363 0.0001 48.2556 0.0001 5.0580 -14.7433 172.6939 -0.8106 -35.3868 0.1752 -22.4368 83.5446 -24.1685 0.0000 25.3508 -0.0001 
-32.4294 89.3182 -7.4983 -11.5319 -3.7969 6.8796 -0.8840 4.8416 -0.5598 -0.8857 4.8507 -0.5609 -0.8867 4.8562 -0.5616 41.6235 84.6396 -52.5048 78.6308 63.6274 94.0546 17.2577 15.1936 26.7156 -0.3804 0.8960 -1.2871 0.0000 0.0000 0.0001 0.0000 0.0000 0.0000 0.0000 -0.0013 -0.0008 0.0000 -0.0004 0.0001 0.0000 0.0000 0.0000 0.0000 0.0000 0.0000 0.0000 0.0002 0.0000 0.0000 -0.0006 0.0003 0.0000 0.0004 -0.0006 0.0000 0.0000 0.0001 0.0000 0.0000 0.0000 0.0000 -0.0010 -0.0002 0.0000 0.0002 30.0001 -0.0001 0.0005 -29.9998 0.0000 0.0000 0.0000 4.2390 -4.3130 -1.6412 4.2390 -4.3130 -1.6412 -84.2965 84.9449 20.8915 -89.5288 68.5335 -110.2909 -28.1505 16.9489 -43.0628 0.7022 0.8485 2.3027 0.0000 -0.0001 0.0001 0.0000 0.0000 0.0000 0.0000 -0.0006 0.0003 0.0000 -0.0001 0.0001 0.0000 0.0000 0.0000 0.0000 0.0000 0.0000 0.0000 0.0007 0.0001 0.0000 -0.0012 0.0001 0.0000 -0.0008 0.0003 0.0000 0.0001 0.0000 0.0000 0.0000 0.0000 0.0000 -0.0008 0.0000 0.0000 0.0002 -29.9996 -0.0001 -0.0003 29.9996 0.0000 0.0000 0.0000 5.3825 -5.0233 -164.9962 0.0760 -29.0605 0.0631 -35.2569 43.3316 -34.3448 0.0001 48.1839 0.0001 4.9647 -14.7911 172.7187 -0.8062 -35.3821 0.1738 -22.3394 83.5020 -24.0478 0.0000 25.3508 -0.0001 
-32.4130 89.3198 -7.5793 -11.4361 -3.8172 6.8640 -0.8799 4.8710 -0.5845 -0.8816 4.8803 -0.5857 -0.8826 4.8857 -0.5864 43.4487 85.1754 -50.7356 78.2144 63.0497 94.4321 17.2527 14.2775 25.4237 -0.3587 0.9164 -1.2455 0.0000 0.0000 0.0001 0.0000 0.0000 0.0000 0.0000 -0.0013 -0.0008 0.0000 -0.0004 0.0001 0.0000 0.0000 0.0000 0.0000 0.0000 0.0000 0.0000 0.0002 0.0000 0.0000 -0.0006 0.0003 0.0000 0.0004 -0.0006 0.0000 0.0000 0.0001 0.0000 0.0000 0.0000 0.0000 -0.0010 -0.0002 0.0000 0.0002 30.0001 -0.0001 0.0005 -29.9998 0.0000 0.0000 0.0000 4.2564 -4.2331 -1.6334 4.2564 -4.2331 -1.6334 -86.4560 85.3883 18.7131 -88.5222 68.0481 -109.7648 -28.0891 16.1728 -41.9849 0.6766 0.8800 2.2419 0.0000 -0.0001 0.0001 0.0000 0.0000 0.0000 0.0000 -0.0006 0.0003 0.0000 -0.0001 0.0001 0.0000 0.0000 0.0000 0.0000 0.0000 0.0000 0.0000 0.0007 0.0001 0.0000 -0.0012 0.0001 0.0000 -0.0008 0.0003 0.0000 0.0002 0.0000 0.0000 0.0000 0.0000 0.0000 -0.0009 0.0000 0.0000 0.0002 -29.9996 -0.0001 -0.0003 29.9996 0.0000 0.0000 0.0000 5.2828 -5.0719 -165.0023 0.0683 -29.0652 0.0651 -35.2934 43.3729 -34.3308 0.0001 48.0982 0.0001 4.8626 -14.8267 172.7251 -0.8060 -35.3711 0.1736 -22.1826 83.4579 -23.8794 0.0000 25.3508 -0.0001 
-32.3837 89.3225 -7.6551 -11.3372 -3.8392 6.8516 -0.8851 4.8950 -0.6108 -0.8868 4.9045 -0.6120 -0.8878 4.9098 -0.6127 45.6911 85.6694 -48.5751 77.9066 62.5549 94.8549 17.2981 13.3911 24.1506 -0.3375 0.9336 -1.2059 0.0000 0.0000 0.0001 0.0000 0.0000 0.0000 0.0000 -0.0013 -0.0008 0.0000 -0.0004 0.0001 0.0000 0.0000 0.0000 0.0000 0.0000 0.0000 0.0000 0.0002 0.0000 0.0000 -0.0006 0.0003 0.0000 0.0004 -0.0006 0.0000 0.0000 0.0001 0.0000 0.0000 0.0000 0.0000 -0.0010 -0.0002 0.0000 0.0002 30.0001 -0.0001 0.0005 -29.9998 0.0000 0.0000 0.0000 4.2807 -4.1487 -1.6213 4.2807 -4.1487 -1.6213 -88.8955 85.8019 16.2613 -87.5887 67.5242 -109.3302 -28.0791 15.3188 -40.8474 0.6509 0.9151 2.1798 0.0000 -0.0001 0.0001 0.0000 0.0000 0.0000 0.0000 -0.0006 0.0003 0.0000 -0.0001 0.0001 0.0000 0.0000 0.0000 0.0000 0.0000 0.0000 0.0000 0.0007 0.0001 0.0000 -0.0012 0.0001 0.0000 -0.0008 0.0003 0.0000 0.0001 0.0000 0.0000 0.0000 0.0000 0.0000 -0.0009 0.0000 0.0000 0.0002 -29.9997 -0.0001 -0.0003 29.9996 0.0000 0.0000 0.0000 5.2010 -5.1234 -165.0185 0.0546 -29.0761 0.0686 -35.3169 43.4245 -34.3136 0.0001 48.0259 0.0001 4.7527 -14.8542 172.7183 -0.8098 -35.3512 0.1747 -21.9682 83.4137 -23.6490 0.0000 25.3508 -0.0001 
-32.3461 89.3266 -7.7199 -11.2420 -3.8611 6.8398 -0.8979 4.9137 -0.6364 -0.8997 4.9232 -0.6377 -0.9007 4.9285 -0.6385 48.4302 86.1163 -45.9389 77.7140 62.1975 95.2983 17.3791 12.5400 22.9132 -0.3169 0.9472 -1.1693 0.0000 0.0000 0.0001 0.0000 0.0000 0.0000 0.0000 -0.0013 -0.0008 0.0000 -0.0004 0.0001 0.0000 0.0000 0.0000 0.0000 0.0000 0.0000 0.0000 0.0002 0.0000 0.0000 -0.0006 0.0003 0.0000 0.0004 -0.0006 0.0000 0.0000 0.0001 0.0000 0.0000 0.0000 0.0000 -0.0010 -0.0002 0.0000 0.0002 30.0001 -0.0001 0.0005 -29.9998 0.0000 0.0000 0.0000 4.3119 -4.0600 -1.6111 4.3119 -4.0600 -1.6111 -91.7218 86.1860 13.4267 -86.7069 66.9836 -108.9418 -28.1221 14.4260 -39.6802 0.6250 0.9517 2.1165 0.0000 -0.0001 0.0001 0.0000 0.0000 0.0000 0.0000 -0.0006 0.0003 0.0000 -0.0001 0.0001 0.0000 0.0000 0.0000 0.0000 0.0000 0.0000 0.0000 0.0007 0.0001 0.0000 -0.0012 0.0001 0.0000 -0.0008 0.0003 0.0000 0.0001 0.0000 0.0000 0.0000 0.0000 0.0000 -0.0009 0.0000 0.0000 0.0002 -29.9996 -0.0001 -0.0003 29.9996 0.0000 0.0000 0.0000 5.1413 -5.1754 -165.0385 0.0369 -29.0971 0.0732 -35.3358 43.4888 -34.3063 0.0001 47.9432 0.0001 4.6367 -14.8739 172.7033 -0.8151 -35.3262 0.1762 -21.7534 83.3740 -23.4087 0.0000 25.3508 -0.0001 
-32.2988 89.3284 -7.7640 -11.1686 -3.8761 6.8276 -0.9150 4.9234 -0.6596 -0.9169 4.9331 -0.6609 -0.9179 4.9383 -0.6617 51.5733 86.4842 -42.9196 77.6922 62.1074 95.7334 17.4257 11.7908 21.7215 -0.2970 0.9525 -1.1372 0.0000 0.0000 0.0001 0.0000 0.0000 0.0000 0.0000 -0.0013 -0.0008 0.0000 -0.0004 0.0001 0.0000 0.0000 0.0000 0.0000 0.0000 0.0000 0.0000 0.0002 0.0000 0.0000 -0.0006 0.0003 0.0000 0.0004 -0.0006 0.0000 0.0000 0.0001 0.0000 0.0000 0.0000 0.0000 -0.0010 -0.0002 0.0000 0.0003 30.0001 -0.0001 0.0005 -29.9998 0.0000 0.0000 0.0000 4.3478 -3.9656 -1.6134 4.3478 -3.9656 -1.6134 -95.0147 86.5199 10.1281 -85.9225 66.4265 -108.6427 -28.1732 13.5526 -38.4555 0.5990 0.9866 2.0522 0.0000 -0.0001 0.0001 0.0000 0.0000 0.0000 0.0000 -0.0006 0.0003 0.0000 -0.0001 0.0001 0.0000 0.0000 0.0000 0.0000 0.0000 0.0000 0.0000 0.0007 0.0001 0.0000 -0.0012 0.0001 0.0000 -0.0008 0.0003 0.0000 0.0001 0.0000 0.0000 0.0000 0.0000 0.0000 -0.0009 0.0000 0.0000 0.0002 -29.9997 -0.0001 -0.0003 29.9996 0.0000 0.0000 0.0000 5.1302 -5.2247 -165.0572 0.0169 -29.1258 0.0784 -35.3620 43.5658 -34.3287 0.0001 47.8652 0.0001 4.5237 -14.8872 172.6796 -0.8237 -35.2975 0.1787 -21.5713 83.3432 -23.1835 0.0000 25.3508 -0.0001 
-32.2467 89.3310 -7.7960 -11.1250 -3.8820 6.8178 -0.9273 4.9262 -0.6809 -0.9292 4.9358 -0.6824 -0.9302 4.9410 -0.6831 54.8023 86.7813 -39.8262 77.7565 62.2427 96.1050 17.3311 11.2271 20.5501 -0.2784 0.9489 -1.1112 0.0000 0.0000 0.0001 0.0000 0.0000 0.0000 0.0000 -0.0013 -0.0008 0.0000 -0.0004 0.0001 0.0000 0.0000 0.0000 0.0000 0.0000 0.0000 0.0000 0.0002 0.0000 0.0000 -0.0006 0.0003 0.0000 0.0004 -0.0006 0.0000 0.0000 0.0001 0.0000 0.0000 0.0000 0.0000 -0.0010 -0.0002 0.0000 0.0002 30.0001 -0.0001 0.0005 -29.9998 0.0000 0.0000 0.0000 4.3808 -3.8682 -1.6315 4.3808 -3.8682 -1.6315 -98.9597 86.8104 6.1660 -85.2063 65.8913 -108.4079 -28.2166 12.7269 -37.1724 0.5729 1.0184 1.9879 0.0000 -0.0001 0.0001 0.0000 0.0000 0.0000 0.0000 -0.0006 0.0003 0.0000 -0.0001 0.0001 0.0000 0.0000 0.0000 0.0000 0.0000 0.0000 0.0000 0.0007 0.0001 0.0000 -0.0012 0.0001 0.0000 -0.0008 0.0003 0.0000 0.0001 0.0000 0.0000 0.0000 0.0000 0.0000 -0.0009 0.0000 0.0000 0.0002 -29.9997 -0.0001 -0.0003 29.9996 0.0000 0.0000 0.0000 5.1646 -5.2697 -165.0755 -0.0033 -29.1500 0.0836 -35.3862 43.6445 -34.3697 0.0001 47.7842 0.0001 4.4249 -14.9021 172.6501 -0.8334 -35.2673 0.1815 -21.4209 83.3160 -22.9745 0.0000 25.3508 -0.0001 
-32.1925 89.3363 -7.8225 -11.1082 -3.8804 6.8112 -0.9316 4.9233 -0.7005 -0.9334 4.9330 -0.7020 -0.9345 4.9382 -0.7027 57.8384 87.0165 -36.9399 77.8841 62.5197 96.4258 17.1047 10.8296 19.4315 -0.2615 0.9385 -1.0909 0.0000 0.0000 0.0001 0.0000 0.0000 0.0000 0.0000 -0.0013 -0.0008 0.0000 -0.0004 0.0001 0.0000 0.0000 0.0000 0.0000 0.0000 0.0000 0.0000 0.0002 0.0000 0.0000 -0.0006 0.0003 0.0000 0.0004 -0.0006 0.0000 0.0000 0.0001 0.0000 0.0000 0.0000 0.0000 -0.0010 -0.0002 0.0000 0.0002 30.0001 -0.0001 0.0005 -29.9998 0.0000 0.0000 0.0000 4.4075 -3.7688 -1.6660 4.4075 -3.7688 -1.6660 -103.4757 87.0578 1.6179 -84.5267 65.3876 -108.1970 -28.2541 11.9424 -35.8192 0.5465 1.0477 1.9229 0.0000 -0.0001 0.0001 0.0000 0.0000 0.0000 0.0000 -0.0006 0.0003 0.0000 -0.0001 0.0001 0.0000 0.0000 0.0000 0.0000 0.0000 0.0000 0.0000 0.0007 0.0001 0.0000 -0.0012 0.0001 0.0000 -0.0008 0.0003 0.0000 0.0001 0.0000 0.0000 0.0000 0.0000 0.0000 -0.0009 0.0000 0.0000 0.0002 -29.9997 -0.0001 -0.0003 29.9996 0.0000 0.0000 0.0000 5.2314 -5.3071 -165.0955 -0.0237 -29.1609 0.0889 -35.3909 43.7181 -34.4103 0.0001 47.7144 0.0001 4.3428 -14.9201 172.6165 -0.8432 -35.2348 0.1843 -21.2971 83.2879 -22.7807 0.0000 25.3508 -0.0001 
-32.1393 89.3444 -7.8454 -11.1273 -3.8735 6.8125 -0.9174 4.9152 -0.7176 -0.9193 4.9248 -0.7191 -0.9203 4.9300 -0.7199 60.3027 87.1892 -34.6476 78.0845 62.8795 96.7217 16.9003 10.5347 18.3958 -0.2465 0.9256 -1.0731 0.0000 0.0000 0.0001 0.0000 0.0000 0.0000 0.0000 -0.0013 -0.0008 0.0000 -0.0004 0.0001 0.0000 0.0000 0.0000 0.0000 0.0000 0.0000 0.0000 0.0002 0.0000 0.0000 -0.0006 0.0003 0.0000 0.0004 -0.0006 0.0000 0.0000 0.0001 0.0000 0.0000 0.0000 0.0000 -0.0010 -0.0002 0.0000 0.0002 30.0001 -0.0001 0.0005 -29.9998 0.0000 0.0000 0.0000 4.4189 -3.6664 -1.7276 4.4189 -3.6664 -1.7276 -108.0539 87.2530 -3.0074 -83.8769 64.9344 -107.9626 -28.2685 11.2244 -34.3609 0.5193 1.0734 1.8552 0.0000 -0.0001 0.0001 0.0000 0.0000 0.0000 0.0000 -0.0006 0.0003 0.0000 -0.0001 0.0001 0.0000 0.0000 0.0000 0.0000 0.0000 0.0000 0.0000 0.0007 0.0001 0.0000 -0.0012 0.0001 0.0000 -0.0008 0.0003 0.0000 0.0001 0.0000 0.0000 0.0000 0.0000 0.0000 -0.0009 0.0000 0.0000 0.0002 -29.9996 -0.0001 -0.0003 29.9996 0.0000 0.0000 0.0000 5.3251 -5.3264 -165.1190 -0.0402 -29.1486 0.0932 -35.3596 43.7753 -34.4339 0.0001 47.6804 0.0001 4.2962 -14.9372 172.5777 -0.8527 -35.1969 0.1870 -21.1924 83.2576 -22.6043 0.0000 25.3508 -0.0001 
-32.0913 89.3548 -7.8688 -11.1636 -3.8680 6.8156 -0.8840 4.9056 -0.7326 -0.8858 4.9151 -0.7341 -0.8868 4.9204 -0.7350 62.7752 87.3324 -32.3530 78.2862 63.1452 97.0382 16.9086 10.1831 17.4023 -0.2323 0.9188 -1.0516 0.0000 0.0000 0.0001 0.0000 0.0000 0.0000 0.0000 -0.0013 -0.0008 0.0000 -0.0004 0.0001 0.0000 0.0000 0.0000 0.0000 0.0000 0.0000 0.0000 0.0003 0.0000 0.0000 -0.0006 0.0003 0.0000 0.0004 -0.0006 0.0000 0.0000 0.0001 0.0000 0.0000 0.0000 0.0000 -0.0010 -0.0002 0.0000 0.0003 30.0001 -0.0001 0.0005 -29.9998 0.0000 0.0000 0.0000 4.4118 -3.5607 -1.8060 4.4118 -3.5607 -1.8060 -112.4345 87.4181 -7.4388 -83.2463 64.4635 -107.7007 -28.2150 10.5747 -32.8080 0.4913 1.0948 1.7858 0.0000 -0.0001 0.0001 0.0000 0.0000 0.0000 0.0000 -0.0006 0.0003 0.0000 -0.0001 0.0001 0.0000 0.0000 0.0000 0.0000 0.0000 0.0000 0.0000 0.0007 0.0001 0.0000 -0.0012 0.0001 0.0000 -0.0008 0.0003 0.0000 0.0001 0.0000 0.0000 0.0000 0.0000 0.0000 -0.0009 0.0000 0.0000 0.0002 -29.9996 -0.0001 -0.0003 29.9996 0.0000 0.0000 0.0000 5.4162 -5.3363 -165.1385 -0.0494 -29.1287 0.0955 -35.3226 43.8114 -34.4513 0.0001 47.6498 0.0001 4.2768 -14.9507 172.5422 -0.8617 -35.1586 0.1896 -21.0789 83.2278 -22.4301 0.0000 25.3508 -0.0001 
-32.0504 89.3643 -7.8924 -11.2011 -3.8687 6.8123 -0.8376 4.8957 -0.7429 -0.8393 4.9052 -0.7444 -0.8402 4.9104 -0.7452 97.6387 90.0000 0.0000 78.4696 63.2495 97.3924 17.1366 9.7529 16.4259 -0.2184 0.9193 -1.0257 0.0000 0.0000 0.0001 0.0000 0.0000 0.0000 0.0000 -0.0013 -0.0008 0.0000 -0.0004 0.0001 0.0000 0.0000 0.0000 0.0000 0.0000 0.0000 0.0000 0.0002 -0.0001 0.0000 -0.0006 0.0003 0.0000 0.0004 -0.0006 0.0000 0.0000 0.0001 0.0000 0.0000 0.0000 0.0000 -0.0010 -0.0002 0.0000 0.0002 30.0001 -0.0001 0.0005 -29.9998 0.0000 0.0000 0.0000 4.3903 -3.4503 -1.8937 4.3903 -3.4503 -1.8937 252.8869 90.0000 0.0000 -82.6277 63.9767 -107.4050 -28.1138 10.0069 -31.2064 0.4633 1.1116 1.7157 0.0000 -0.0001 0.0001 0.0000 0.0000 0.0000 0.0000 -0.0006 0.0003 0.0000 -0.0001 0.0001 0.0000 0.0000 0.0000 0.0000 0.0000 0.0000 0.0000 0.0007 0.0001 0.0000 -0.0012 0.0001 0.0000 -0.0008 0.0003 0.0000 0.0001 0.0000 0.0000 0.0000 0.0000 0.0000 -0.0008 0.0000 0.0000 0.0002 -29.9997 -0.0001 -0.0003 29.9996 0.0000 0.0000 0.0000 5.4829 -5.3404 -165.1463 -0.0513 -29.1120 0.0960 -35.2973 43.8315 -34.4708 0.0001 47.6244 0.0001 4.2698 -14.9565 172.5193 -0.8684 -35.1208 0.1914 -20.9530 83.2000 -22.2562 0.0000 25.3508 -0.0001 
-32.0201 89.3720 -7.9186 -11.2169 -3.8823 6.7903 -0.7808 4.8876 -0.7439 -0.7824 4.8970 -0.7454 -0.7833 4.9023 -0.7462 97.7576 90.0000 0.0000 78.6106 63.0360 97.7798 17.6361 9.2257 15.4062 -0.2042 0.9292 -0.9900 0.0000 0.0000 0.0001 0.0000 0.0000 0.0000 0.0000 -0.0013 -0.0008 0.0000 -0.0004 0.0001 0.0000 0.0000 0.0000 0.0000 0.0000 0.0000 0.0000 0.0002 -0.0001 0.0000 -0.0006 0.0003 0.0000 0.0004 -0.0006 0.0000 0.0000 0.0001 0.0000 0.0000 0.0000 0.0000 -0.0010 -0.0002 0.0000 0.0002 30.0001 -0.0001 0.0005 -29.9998 0.0000 0.0000 0.0000 4.3518 -3.3352 -1.9832 4.3518 -3.3352 -1.9832 253.0743 90.0000 0.0000 -81.9907 63.4341 -107.0659 -27.9478 9.5440 -29.5815 0.4363 1.1249 1.6464 0.0000 -0.0001 0.0001 0.0000 0.0000 0.0000 0.0000 -0.0006 0.0003 0.0000 -0.0001 0.0001 0.0000 0.0000 0.0000 0.0000 0.0000 0.0000 0.0000 0.0007 0.0001 0.0000 -0.0012 0.0001 0.0000 -0.0008 0.0003 0.0000 0.0001 0.0000 0.0000 0.0000 0.0000 0.0000 -0.0009 0.0000 0.0000 0.0002 -29.9996 -0.0001 -0.0003 29.9996 0.0000 0.0000 0.0000 5.4825 -5.3494 -165.1330 -0.0457 -29.1292 0.0946 -35.2976 43.8468 -34.4935 0.0001 47.5918 0.0001 4.2603 -14.9465 172.5240 -0.8676 -35.0800 0.1908 -20.7909 83.1742 -22.0660 0.0000 25.3508 -0.0001 
-31.9859 89.3760 -7.9473 -11.1971 -3.9087 6.7509 -0.7265 4.8817 -0.7380 -0.7280 4.8910 -0.7394 -0.7288 4.8964 -0.7403 97.8835 90.0000 0.0000 78.7285 62.6051 98.1659 18.2225 8.7365 14.3554 -0.1901 0.9425 -0.9496 0.0000 0.0000 0.0001 0.0000 0.0000 0.0000 0.0000 -0.0013 -0.0008 0.0000 -0.0004 0.0001 0.0000 0.0000 0.0000 0.0000 0.0000 0.0000 0.0000 0.0002 -0.0001 0.0000 -0.0006 0.0003 0.0000 0.0004 -0.0006 0.0000 0.0000 0.0001 0.0000 0.0000 0.0000 0.0000 -0.0010 -0.0002 0.0000 0.0002 30.0001 -0.0001 0.0005 -29.9998 0.0000 0.0000 0.0000 4.3077 -3.2188 -2.0662 4.3077 -3.2188 -2.0662 253.1983 90.0000 0.0000 -81.3869 62.8251 -106.7439 -27.8139 9.0774 -27.9573 0.4100 1.1391 1.5774 0.0000 -0.0001 0.0001 0.0000 0.0000 0.0000 0.0000 -0.0006 0.0003 0.0000 -0.0001 0.0001 0.0000 0.0000 0.0000 0.0000 0.0000 0.0000 0.0000 0.0007 0.0001 0.0000 -0.0012 0.0001 0.0000 -0.0008 0.0003 0.0000 0.0001 0.0000 0.0000 0.0000 0.0000 0.0000 -0.0009 0.0000 0.0000 0.0002 -29.9996 -0.0001 -0.0003 29.9996 0.0000 0.0000 0.0000 5.4142 -5.3741 -165.1129 -0.0403 -29.1970 0.0932 -35.3136 43.8808 -34.5075 0.0001 47.5786 0.0001 4.2298 -14.9210 172.5436 -0.8654 -35.0308 0.1897 -20.5416 83.1480 -21.8029 0.0000 25.3508 -0.0001 
-31.9438 89.3771 -7.9780 -11.1411 -3.9464 6.6962 -0.6793 4.8764 -0.7264 -0.6806 4.8857 -0.7278 -0.6814 4.8911 -0.7287 98.0106 90.0000 0.0000 78.8248 62.0425 98.4954 18.7357 8.3473 13.3201 -0.1768 0.9536 -0.9077 0.0000 0.0000 0.0001 0.0000 0.0000 0.0000 0.0000 -0.0013 -0.0008 0.0000 -0.0004 0.0001 0.0000 0.0000 0.0000 0.0000 0.0000 0.0000 0.0000 0.0002 0.0000 0.0000 -0.0006 0.0003 0.0000 0.0004 -0.0006 0.0000 0.0000 0.0001 0.0000 0.0000 0.0000 0.0000 -0.0010 -0.0002 0.0000 0.0002 30.0001 -0.0001 0.0005 -29.9998 0.0000 0.0000 0.0000 4.2637 -3.1016 -2.1421 4.2637 -3.1016 -2.1421 253.2685 90.0000 0.0000 -80.8482 62.1585 -106.4775 -27.7427 8.5811 -26.3414 0.3842 1.1545 1.5089 0.0000 -0.0001 0.0001 0.0000 0.0000 0.0000 0.0000 -0.0006 0.0003 0.0000 -0.0001 0.0001 0.0000 0.0000 0.0000 0.0000 0.0000 0.0000 0.0000 0.0007 0.0001 0.0000 -0.0012 0.0001 0.0000 -0.0008 0.0003 0.0000 0.0001 0.0000 0.0000 0.0000 0.0000 0.0000 -0.0008 0.0000 0.0000 0.0002 -29.9997 -0.0001 -0.0003 29.9996 0.0000 0.0000 0.0000 5.2928 -5.4147 -165.0889 -0.0370 -29.3059 0.0924 -35.3541 43.9319 -34.5194 0.0001 47.5782 0.0001 4.1704 -14.8814 172.5726 -0.8638 -34.9708 0.1887 -20.2031 83.1204 -21.4583 0.0000 25.3508 -0.0001 
-31.8936 89.3812 -8.0043 -11.0332 -3.9992 6.6188 -0.6480 4.8704 -0.7049 -0.6493 4.8796 -0.7063 -0.6500 4.8850 -0.7071 98.1313 90.0000 0.0000 78.9664 61.4495 98.7470 18.9862 8.1567 12.3910 -0.1651 0.9560 -0.8693 0.0000 0.0000 0.0001 0.0000 0.0000 0.0000 0.0000 -0.0013 -0.0008 0.0000 -0.0004 0.0001 0.0000 0.0000 0.0000 0.0000 0.0000 0.0000 0.0000 0.0003 0.0000 0.0000 -0.0006 0.0003 0.0000 0.0004 -0.0006 0.0000 0.0000 0.0001 0.0000 0.0000 0.0000 0.0000 -0.0010 -0.0002 0.0000 0.0002 30.0001 -0.0001 0.0005 -29.9998 0.0000 0.0000 0.0000 4.2285 -2.9843 -2.2138 4.2285 -2.9843 -2.2138 253.2617 90.0000 0.0000 -80.4062 61.4266 -106.3054 -27.7415 8.0634 -24.7239 0.3587 1.1706 1.4407 0.0000 -0.0001 0.0001 0.0000 0.0000 0.0000 0.0000 -0.0006 0.0003 0.0000 -0.0001 0.0001 0.0000 0.0000 0.0000 0.0000 0.0000 0.0000 0.0000 0.0007 0.0001 0.0000 -0.0012 0.0001 0.0000 -0.0008 0.0003 0.0000 0.0001 0.0000 0.0000 0.0000 0.0000 0.0000 -0.0009 0.0000 0.0000 0.0002 -29.9997 -0.0001 -0.0003 29.9996 0.0000 0.0000 0.0000 5.1203 -5.4640 -165.0560 -0.0377 -29.4398 0.0926 -35.4261 44.0043 -34.5274 0.0001 47.5499 0.0001 4.0669 -14.8203 172.6171 -0.8633 -34.9008 0.1880 -19.7865 83.0950 -21.0459 0.0000 25.3508 -0.0001 
-31.8514 89.3861 -8.0206 -10.9000 -4.0577 6.5356 -0.6283 4.8645 -0.6796 -0.6295 4.8737 -0.6809 -0.6303 4.8792 -0.6817 98.2482 90.0000 0.0000 79.1883 60.9768 98.9398 19.0674 8.1152 11.6255 -0.1557 0.9510 -0.8376 0.0000 0.0000 0.0001 0.0000 0.0000 0.0000 0.0000 -0.0013 -0.0008 0.0000 -0.0004 0.0001 0.0000 0.0000 0.0000 0.0000 0.0000 0.0000 0.0000 0.0002 0.0000 0.0000 -0.0006 0.0003 0.0000 0.0004 -0.0006 0.0000 0.0000 0.0001 0.0000 0.0000 0.0000 0.0000 -0.0010 -0.0002 0.0000 0.0002 30.0001 -0.0001 0.0005 -29.9998 0.0000 0.0000 0.0000 4.2035 -2.8743 -2.2871 4.2035 -2.8743 -2.2871 253.2099 90.0000 0.0000 -80.0795 60.6905 -106.2391 -27.8170 7.4993 -23.0880 0.3332 1.1874 1.3747 0.0000 -0.0001 0.0001 0.0000 0.0000 0.0000 0.0000 -0.0006 0.0003 0.0000 -0.0001 0.0001 0.0000 0.0000 0.0000 0.0000 0.0000 0.0000 0.0000 0.0007 0.0001 0.0000 -0.0012 0.0001 0.0000 -0.0008 0.0003 0.0000 0.0001 0.0000 0.0000 0.0000 0.0000 0.0000 -0.0009 0.0000 0.0000 0.0002 -29.9996 -0.0001 -0.0003 29.9996 0.0000 0.0000 0.0000 4.9455 -5.5022 -165.0169 -0.0385 -29.5580 0.0929 -35.4991 44.0915 -34.5294 0.0001 47.4943 0.0001 3.9452 -14.7424 172.6708 -0.8565 -34.8252 0.1852 -19.4063 83.0735 -20.6757 0.0000 25.3508 -0.0001 
-31.8158 89.3919 -8.0293 -10.7572 -4.1178 6.4540 -0.6156 4.8580 -0.6527 -0.6168 4.8671 -0.6539 -0.6175 4.8727 -0.6547 98.3825 90.0000 0.0000 79.5043 60.6331 99.1288 19.1199 8.1543 11.0684 -0.1487 0.9419 -0.8126 0.0000 0.0000 0.0001 0.0000 0.0000 0.0000 0.0000 -0.0013 -0.0008 0.0000 -0.0004 0.0001 0.0000 0.0000 0.0000 0.0000 0.0000 0.0000 0.0000 0.0002 0.0000 0.0000 -0.0006 0.0003 0.0000 0.0004 -0.0006 0.0000 0.0000 0.0001 0.0000 0.0000 0.0000 0.0000 -0.0010 -0.0002 0.0000 0.0002 30.0001 -0.0001 0.0005 -29.9998 0.0000 0.0000 0.0000 4.1862 -2.7719 -2.3645 4.1862 -2.7719 -2.3645 253.1403 90.0000 0.0000 -79.9001 59.9922 -106.2679 -27.9800 6.8560 -21.4242 0.3068 1.2030 1.3095 0.0000 -0.0001 0.0001 0.0000 0.0000 0.0000 0.0000 -0.0006 0.0003 0.0000 -0.0001 0.0001 0.0000 0.0000 0.0000 0.0000 0.0000 0.0000 0.0000 0.0007 0.0001 0.0000 -0.0011 0.0001 0.0000 -0.0008 0.0003 0.0000 0.0001 0.0000 0.0000 0.0000 0.0000 0.0000 -0.0009 0.0000 0.0000 0.0002 -29.9996 -0.0001 -0.0003 29.9996 0.0000 0.0000 0.0000 4.7849 -5.5287 -164.9783 -0.0406 -29.6593 0.0935 -35.5639 44.1939 -34.5279 0.0001 47.4120 0.0001 3.8168 -14.6575 172.7258 -0.8441 -34.7524 0.1807 -19.0854 83.0554 -20.3642 0.0000 25.3508 -0.0001 
-31.7739 89.3935 -8.0335 -10.6193 -4.1742 6.3796 -0.6056 4.8488 -0.6232 -0.6067 4.8579 -0.6244 -0.6075 4.8635 -0.6252 98.5237 90.0000 0.0000 79.9373 60.4803 99.3767 19.3836 8.1975 10.8392 -0.1449 0.9328 -0.7952 0.0000 0.0000 0.0001 0.0000 0.0000 0.0000 0.0000 -0.0013 -0.0008 0.0000 -0.0004 0.0001 0.0000 0.0000 0.0000 0.0000 0.0000 0.0000 0.0000 0.0002 0.0000 0.0000 -0.0006 0.0003 0.0000 0.0004 -0.0006 0.0000 0.0000 0.0001 0.0000 0.0000 0.0000 0.0000 -0.0010 -0.0002 0.0000 0.0002 30.0001 -0.0001 0.0005 -29.9998 0.0000 0.0000 0.0000 4.1823 -2.6767 -2.4629 4.1823 -2.6767 -2.4629 253.0628 90.0000 0.0000 -79.9625 59.4081 -106.4423 -28.1881 6.1545 -19.7014 0.2787 1.2130 1.2464 0.0000 -0.0001 0.0001 0.0000 0.0000 0.0000 0.0000 -0.0006 0.0003 0.0000 -0.0001 0.0001 0.0000 0.0000 0.0000 0.0000 0.0000 0.0000 0.0000 0.0007 0.0001 0.0000 -0.0012 0.0001 0.0000 -0.0008 0.0003 0.0000 0.0001 0.0000 0.0000 0.0000 0.0000 0.0000 -0.0009 0.0000 0.0000 0.0002 -29.9996 -0.0001 -0.0003 29.9996 0.0000 0.0000 0.0000 4.6541 -5.5453 -164.9509 -0.0478 -29.7449 0.0954 -35.6181 44.3225 -34.5272 0.0001 47.3509 0.0001 3.6905 -14.5780 172.7679 -0.8306 -34.6881 0.1760 -18.7878 83.0392 -20.0651 0.0000 25.3508 -0.0001 
-31.7115 89.3953 -8.0325 -10.4983 -4.2246 6.3151 -0.5904 4.8395 -0.5909 -0.5915 4.8484 -0.5920 -0.5922 4.8541 -0.5928 98.6464 90.0000 0.0000 80.3982 60.4392 99.6725 19.9642 8.1653 10.7751 -0.1426 0.9284 -0.7801 0.0000 0.0000 0.0001 0.0000 0.0000 0.0000 0.0000 -0.0013 -0.0008 0.0000 -0.0004 0.0001 0.0000 0.0000 0.0000 0.0000 0.0000 0.0000 0.0000 0.0002 0.0000 0.0000 -0.0006 0.0003 0.0000 0.0004 -0.0006 0.0000 0.0000 0.0001 0.0000 0.0000 0.0000 0.0000 -0.0010 -0.0002 0.0000 0.0002 30.0001 -0.0001 0.0005 -29.9998 0.0000 0.0000 0.0000 4.1860 -2.5884 -2.5855 4.1860 -2.5884 -2.5855 252.9744 90.0000 0.0000 -80.1731 58.9621 -106.6936 -28.3632 5.4917 -18.0021 0.2513 1.2166 1.1898 0.0000 -0.0001 0.0001 0.0000 0.0000 0.0000 0.0000 -0.0006 0.0003 0.0000 -0.0001 0.0001 0.0000 0.0000 0.0000 0.0000 0.0000 0.0000 0.0000 0.0007 0.0001 0.0000 -0.0012 0.0001 0.0000 -0.0008 0.0003 0.0000 0.0001 0.0000 0.0000 0.0000 0.0000 0.0000 -0.0009 0.0000 0.0000 0.0002 -29.9997 -0.0001 -0.0003 29.9996 0.0000 0.0000 0.0000 4.5438 -5.5530 -164.9442 -0.0628 -29.8218 0.0994 -35.6710 44.4769 -34.5340 0.0001 47.2947 0.0001 3.5720 -14.5061 172.7853 -0.8244 -34.6280 0.1736 -18.4392 83.0242 -19.6986 0.0000 25.3508 -0.0001 
-31.6351 89.4003 -8.0204 -10.3948 -4.2679 6.2647 -0.5693 4.8317 -0.5571 -0.5704 4.8406 -0.5581 -0.5711 4.8463 -0.5588 98.7489 90.0000 0.0000 80.8506 60.4510 99.9993 20.7827 8.0733 10.8054 -0.1413 0.9289 -0.7664 0.0000 0.0000 0.0001 0.0000 0.0000 0.0000 0.0000 -0.0013 -0.0008 0.0000 -0.0004 0.0001 0.0000 0.0000 0.0000 0.0000 0.0000 0.0000 0.0000 0.0002 0.0000 0.0000 -0.0006 0.0003 0.0000 0.0004 -0.0006 0.0000 0.0000 0.0001 0.0000 0.0000 0.0000 0.0000 -0.0010 -0.0002 0.0000 0.0003 30.0001 -0.0001 0.0005 -29.9998 0.0000 0.0000 0.0000 4.1959 -2.5083 -2.7303 4.1959 -2.5083 -2.7303 252.8721 90.0000 0.0000 -80.4848 58.6535 -106.9767 -28.5164 4.8579 -16.4018 0.2257 1.2167 1.1409 0.0000 -0.0001 0.0001 0.0000 0.0000 0.0000 0.0000 -0.0006 0.0003 0.0000 -0.0001 0.0001 0.0000 0.0000 0.0000 0.0000 0.0000 0.0000 0.0000 0.0007 0.0001 0.0000 -0.0012 0.0001 0.0000 -0.0008 0.0003 0.0000 0.0001 0.0000 0.0000 0.0000 0.0000 0.0000 -0.0009 0.0000 0.0000 0.0002 -29.9996 -0.0001 -0.0003 29.9996 0.0000 0.0000 0.0000 4.4418 -5.5385 -164.9600 -0.0831 -29.8754 0.1049 -35.7274 44.6480 -34.5516 0.0001 47.2259 0.0001 3.4599 -14.4342 172.7776 -0.8237 -34.5640 0.1729 -18.0605 83.0089 -19.2849 0.0000 25.3508 -0.0001 
-31.5608 89.4112 -7.9838 -10.3129 -4.2945 6.2408 -0.5413 4.8257 -0.5223 -0.5423 4.8345 -0.5233 -0.5430 4.8402 -0.5239 98.8205 90.0000 0.0000 81.2417 60.4420 100.3452 21.8832 7.8929 10.9534 -0.1411 0.9370 -0.7536 0.0000 0.0000 0.0001 0.0000 0.0000 0.0000 0.0000 -0.0013 -0.0008 0.0000 -0.0004 0.0001 0.0000 0.0000 0.0000 0.0000 0.0000 0.0000 0.0000 0.0002 0.0000 0.0000 -0.0006 0.0003 0.0000 0.0004 -0.0006 0.0000 0.0000 0.0001 0.0000 0.0000 0.0000 0.0000 -0.0010 -0.0002 0.0000 0.0002 30.0001 -0.0001 0.0005 -29.9998 0.0000 0.0000 0.0000 4.2167 -2.4433 -2.9030 4.2167 -2.4433 -2.9030 252.7480 90.0000 0.0000 -80.8983 58.5217 -107.2723 -28.6356 4.2647 -14.9917 0.2032 1.2140 1.1018 0.0000 -0.0001 0.0001 0.0000 0.0000 0.0000 0.0000 -0.0006 0.0003 0.0000 -0.0001 0.0001 0.0000 0.0000 0.0000 0.0000 0.0000 0.0000 0.0000 0.0007 0.0001 0.0000 -0.0012 0.0001 0.0000 -0.0008 0.0003 0.0000 0.0001 0.0000 0.0000 0.0000 0.0000 0.0000 -0.0009 0.0000 0.0000 0.0002 -29.9997 -0.0001 -0.0003 29.9996 0.0000 0.0000 0.0000 4.3358 -5.4730 -165.0039 -0.1042 -29.8638 0.1104 -35.7846 44.8254 -34.5891 0.0001 47.1242 0.0001 3.3433 -14.3584 172.7395 -0.8178 -34.4878 0.1705 -17.7764 82.9938 -18.9249 0.0000 25.3508 -0.0001 
-31.4854 89.4282 -7.9364 -10.2423 -4.3044 6.2384 -0.5106 4.8223 -0.4873 -0.5115 4.8311 -0.4882 -0.5122 4.8369 -0.4889 98.8545 90.0000 0.0000 81.5134 60.3733 100.6436 23.0714 7.6954 11.1431 -0.1418 0.9499 -0.7411 0.0000 0.0000 0.0001 0.0000 0.0000 0.0000 0.0000 -0.0013 -0.0008 0.0000 -0.0004 0.0001 0.0000 0.0000 0.0000 0.0000 0.0000 0.0000 0.0000 0.0002 0.0000 0.0000 -0.0006 0.0003 0.0000 0.0004 -0.0006 0.0000 0.0000 0.0001 0.0000 0.0000 0.0000 0.0000 -0.0010 -0.0002 0.0000 0.0002 30.0001 -0.0001 0.0005 -29.9998 0.0000 0.0000 0.0000 4.2521 -2.3930 -3.0947 4.2521 -2.3930 -3.0947 252.5979 90.0000 0.0000 -81.2865 58.4671 -107.5147 -28.6380 3.8113 -13.7649 0.1846 1.2095 1.0717 0.0000 -0.0001 0.0001 0.0000 0.0000 0.0000 0.0000 -0.0006 0.0003 0.0000 -0.0001 0.0001 0.0000 0.0000 0.0000 0.0000 0.0000 0.0000 0.0000 0.0007 0.0001 0.0000 -0.0012 0.0001 0.0000 -0.0008 0.0003 0.0000 0.0001 0.0000 0.0000 0.0000 0.0000 0.0000 -0.0008 0.0000 0.0000 0.0002 -29.9996 -0.0001 -0.0003 29.9996 0.0000 0.0000 0.0000 4.1984 -5.3712 -165.0755 -0.1227 -29.8004 0.1153 -35.8452 44.9999 -34.6344 0.0001 47.0087 0.0001 3.2023 -14.2935 172.6735 -0.8063 -34.4059 0.1663 -17.5580 82.9720 -18.5776 0.0000 25.3508 -0.0001 
-31.3919 89.4471 -7.8903 -10.1817 -4.2999 6.2523 -0.4788 4.8234 -0.4518 -0.4797 4.8322 -0.4526 -0.4803 4.8379 -0.4532 98.8446 90.0000 0.0000 81.6658 60.2550 100.8662 24.2189 7.5093 11.3311 -0.1428 0.9654 -0.7295 0.0000 0.0000 0.0001 0.0000 0.0000 0.0000 0.0000 -0.0013 -0.0008 0.0000 -0.0004 0.0001 0.0000 0.0000 0.0000 0.0000 0.0000 0.0000 0.0000 0.0002 0.0000 0.0000 -0.0006 0.0003 0.0000 0.0004 -0.0006 0.0000 0.0000 0.0001 0.0000 0.0000 0.0000 0.0000 -0.0010 -0.0002 0.0000 0.0002 30.0001 -0.0001 0.0005 -29.9998 0.0000 0.0000 0.0000 4.2998 -2.3613 -3.2938 4.2998 -2.3613 -3.2938 252.4259 90.0000 0.0000 -81.5852 58.4360 -107.6509 -28.5008 3.5085 -12.7486 0.1700 1.2042 1.0500 0.0000 -0.0001 0.0001 0.0000 0.0000 0.0000 0.0000 -0.0006 0.0003 0.0000 -0.0001 0.0001 0.0000 0.0000 0.0000 0.0000 0.0000 0.0000 0.0000 0.0007 0.0001 0.0000 -0.0011 0.0001 0.0000 -0.0008 0.0003 0.0000 0.0001 0.0000 0.0000 0.0000 0.0000 0.0000 -0.0009 0.0000 0.0000 0.0002 -29.9997 -0.0001 -0.0003 29.9996 0.0000 0.0000 0.0000 4.0300 -5.2564 -165.1771 -0.1428 -29.7126 0.1205 -35.9080 45.1782 -34.6803 0.0001 46.9217 0.0001 3.0353 -14.2505 172.5746 -0.8011 -34.3228 0.1640 -17.2910 82.9401 -18.1339 0.0000 25.3508 -0.0001 
-31.2663 89.4670 -7.8522 -10.1344 -4.2716 6.2852 -0.4479 4.8320 -0.4157 -0.4488 4.8408 -0.4165 -0.4493 4.8465 -0.4170 98.8042 90.0000 0.0000 81.6942 60.0481 100.9912 25.1355 7.3729 11.4706 -0.1441 0.9813 -0.7198 0.0000 0.0000 0.0001 0.0000 0.0000 0.0000 0.0000 -0.0013 -0.0008 0.0000 -0.0004 0.0001 0.0000 0.0000 0.0000 0.0000 0.0000 0.0000 0.0000 0.0002 0.0000 0.0000 -0.0006 0.0003 0.0000 0.0004 -0.0006 0.0000 0.0000 0.0001 0.0000 0.0000 0.0000 0.0000 -0.0010 -0.0002 0.0000 0.0002 30.0001 -0.0001 0.0005 -29.9998 0.0000 0.0000 0.0000 4.3661 -2.3636 -3.4928 4.3661 -2.3636 -3.4928 252.2455 90.0000 0.0000 -81.7030 58.4168 -107.5722 -28.1845 3.4009 -12.1024 0.1615 1.1989 1.0392 0.0000 -0.0001 0.0001 0.0000 0.0000 0.0000 0.0000 -0.0006 0.0003 0.0000 -0.0001 0.0001 0.0000 0.0000 0.0000 0.0000 0.0000 0.0000 0.0000 0.0007 0.0001 0.0000 -0.0012 0.0001 0.0000 -0.0008 0.0003 0.0000 0.0001 0.0000 0.0000 0.0000 0.0000 0.0000 -0.0008 0.0000 0.0000 0.0002 -29.9997 -0.0001 -0.0003 29.9996 0.0000 0.0000 0.0000 3.8294 -5.1528 -165.3176 -0.1674 -29.6225 0.1269 -35.9654 45.3766 -34.7280 0.0001 46.8569 0.0001 2.8394 -14.2472 172.4305 -0.8122 -34.2384 0.1668 -16.9047 82.8943 -17.5192 0.0000 25.3508 -0.0001 
-31.1426 89.4866 -7.8121 -10.0929 -4.2233 6.3278 -0.4208 4.8458 -0.3795 -0.4216 4.8547 -0.3802 -0.4221 4.8604 -0.3806 98.7532 90.0000 0.0000 81.6642 59.8057 101.0495 25.8712 7.2898 11.6062 -0.1457 0.9964 -0.7123 0.0000 0.0000 0.0001 0.0000 0.0000 0.0000 0.0000 -0.0013 -0.0008 0.0000 -0.0004 0.0001 0.0000 0.0000 0.0000 0.0000 0.0000 0.0000 0.0000 0.0002 0.0000 0.0000 -0.0006 0.0003 0.0000 0.0004 -0.0006 0.0000 0.0000 0.0001 0.0000 0.0000 0.0000 0.0000 -0.0010 -0.0002 0.0000 0.0002 30.0001 -0.0001 0.0005 -29.9998 0.0000 0.0000 0.0000 4.4464 -2.3951 -3.6815 4.4463 -2.3951 -3.6815 252.0747 90.0000 0.0000 -81.7250 58.4195 -107.3595 -27.7846 3.4025 -11.7146 0.1568 1.1935 1.0346 0.0000 -0.0001 0.0001 0.0000 0.0000 0.0000 0.0000 -0.0006 0.0003 0.0000 -0.0001 0.0001 0.0000 0.0000 0.0000 0.0000 0.0000 0.0000 0.0000 0.0007 0.0001 0.0000 -0.0011 0.0001 0.0000 -0.0008 0.0003 0.0000 0.0001 0.0000 0.0000 0.0000 0.0000 0.0000 -0.0008 0.0000 0.0000 0.0002 -29.9996 -0.0001 -0.0003 29.9996 0.0000 0.0000 0.0000 3.6369 -5.0755 -165.4624 -0.1870 -29.5437 0.1319 -35.9697 45.6023 -34.7673 0.0001 46.7462 0.0001 2.6224 -14.2649 172.2740 -0.8181 -34.1491 0.1679 -16.5728 82.8400 -16.9233 0.0000 25.3508 -0.0001 
-31.0269 89.5062 -7.7709 -10.0525 -4.1592 6.3760 -0.3985 4.8636 -0.3426 -0.3992 4.8726 -0.3433 -0.3997 4.8783 -0.3437 98.6994 90.0000 0.0000 81.6013 59.5729 101.0497 26.4370 7.2773 11.7383 -0.1477 1.0089 -0.7065 0.0000 0.0000 0.0001 0.0000 0.0000 0.0000 0.0000 -0.0013 -0.0008 0.0000 -0.0004 0.0001 0.0000 0.0000 0.0000 0.0000 0.0000 0.0000 0.0000 0.0002 0.0000 0.0000 -0.0006 0.0003 0.0000 0.0004 -0.0006 0.0000 0.0000 0.0001 0.0000 0.0000 0.0000 0.0000 -0.0010 -0.0002 0.0000 0.0002 30.0001 -0.0001 0.0005 -29.9998 0.0000 0.0000 0.0000 4.5370 -2.4493 -3.8586 4.5370 -2.4493 -3.8586 251.9172 90.0000 0.0000 -81.7065 58.4520 -107.0728 -27.3314 3.4764 -11.5132 0.1548 1.1876 1.0348 0.0000 -0.0001 0.0001 0.0000 0.0000 0.0000 0.0000 -0.0006 0.0003 0.0000 -0.0001 0.0001 0.0000 0.0000 0.0000 0.0000 0.0000 0.0000 0.0000 0.0007 0.0001 0.0000 -0.0012 0.0001 0.0000 -0.0008 0.0003 0.0000 0.0001 0.0000 0.0000 0.0000 0.0000 0.0000 -0.0009 0.0000 0.0000 0.0002 -29.9996 -0.0001 -0.0003 29.9996 0.0000 0.0000 0.0000 3.4654 -5.0296 -165.5977 -0.1952 -29.4728 0.1339 -35.9027 45.8453 -34.7814 0.0001 46.5777 0.0001 2.3699 -14.2987 172.1127 -0.8088 -34.0510 0.1643 -16.3559 82.7726 -16.3917 0.0000 25.3508 -0.0001 
-30.8702 89.5297 -7.7490 -10.0085 -4.0775 6.4292 -0.3861 4.8879 -0.3025 -0.3868 4.8970 -0.3031 -0.3873 4.9026 -0.3035 47.1708 87.3856 -49.5312 81.5597 59.4091 101.0070 26.7757 7.3573 11.8543 -0.1497 1.0163 -0.7034 0.0000 0.0000 0.0001 0.0000 0.0000 0.0000 0.0000 -0.0013 -0.0008 0.0000 -0.0004 0.0001 0.0000 0.0000 0.0000 0.0000 0.0000 0.0000 0.0000 0.0002 0.0000 0.0000 -0.0006 0.0003 0.0000 0.0004 -0.0006 0.0000 0.0000 0.0001 0.0000 0.0000 0.0000 0.0000 -0.0010 -0.0002 0.0000 0.0002 30.0001 -0.0001 0.0005 -29.9998 0.0000 0.0000 0.0000 4.6413 -2.5311 -4.0219 4.6413 -2.5311 -4.0219 251.7809 90.0000 0.0000 -81.6971 58.5305 -106.7545 -26.8358 3.6363 -11.5343 0.1558 1.1794 1.0410 0.0000 -0.0001 0.0001 0.0000 0.0000 0.0000 0.0000 -0.0006 0.0003 0.0000 -0.0001 0.0001 0.0000 0.0000 0.0000 0.0000 0.0000 0.0000 0.0000 0.0007 0.0001 0.0000 -0.0012 0.0001 0.0000 -0.0008 0.0003 0.0000 0.0001 0.0000 0.0000 0.0000 0.0000 0.0000 -0.0009 0.0000 0.0000 0.0002 -29.9996 -0.0001 -0.0003 29.9996 0.0000 0.0000 0.0000 3.3376 -5.0243 -165.7244 -0.1898 -29.4168 0.1324 -35.7342 46.1229 -34.7467 0.0001 46.3242 0.0001 2.0685 -14.3723 171.9159 -0.8036 -33.9439 0.1619 -15.9919 82.6779 -15.6487 0.0000 25.3508 -0.0001 
-30.6382 89.5485 -7.7540 -9.9615 -3.9844 6.4898 -0.3850 4.9180 -0.2602 -0.3858 4.9273 -0.2607 -0.3862 4.9329 -0.2610 44.2059 87.2656 -52.4634 81.5960 59.3364 100.9792 27.0092 7.4749 11.9683 -0.1517 1.0201 -0.7025 0.0000 0.0000 0.0001 0.0000 0.0000 0.0000 0.0000 -0.0013 -0.0008 0.0000 -0.0004 0.0001 0.0000 0.0000 0.0000 0.0000 0.0000 0.0000 0.0000 0.0002 0.0000 0.0000 -0.0006 0.0003 0.0000 0.0004 -0.0006 0.0000 0.0000 0.0001 0.0000 0.0000 0.0000 0.0000 -0.0010 -0.0002 0.0000 0.0003 30.0001 -0.0001 0.0005 -29.9998 0.0000 0.0000 0.0000 4.7569 -2.6303 -4.1784 4.7569 -2.6303 -4.1784 251.6624 90.0000 0.0000 -81.7182 58.6545 -106.4666 -26.3829 3.7949 -11.6717 0.1582 1.1722 1.0516 0.0000 -0.0001 0.0001 0.0000 0.0000 0.0000 0.0000 -0.0006 0.0003 0.0000 -0.0001 0.0001 0.0000 0.0000 0.0000 0.0000 0.0000 0.0000 0.0000 0.0007 0.0001 0.0000 -0.0012 0.0001 0.0000 -0.0008 0.0003 0.0000 0.0001 0.0000 0.0000 0.0000 0.0000 0.0000 -0.0009 0.0000 0.0000 0.0002 -29.9996 -0.0001 -0.0003 29.9996 0.0000 0.0000 0.0000 3.2468 -5.0321 -165.8707 -0.1862 -29.3469 0.1314 -35.4999 46.4356 -34.6534 0.0001 46.1497 0.0001 1.7498 -14.4919 171.6608 -0.8242 -33.8371 0.1673 -15.2791 82.5615 -14.5280 0.0000 25.3508 -0.0001 
-30.3647 89.5640 -7.7696 -9.9155 -3.8832 6.5588 -0.3948 4.9537 -0.2172 -0.3956 4.9631 -0.2176 -0.3960 4.9686 -0.2179 41.6077 87.1272 -55.0283 81.7057 59.3577 100.9781 27.2196 7.5980 12.0972 -0.1537 1.0217 -0.7031 0.0000 0.0000 0.0001 0.0000 0.0000 0.0000 0.0000 -0.0013 -0.0008 0.0000 -0.0004 0.0001 0.0000 0.0000 0.0000 0.0000 0.0000 0.0000 0.0000 0.0002 0.0000 0.0000 -0.0006 0.0003 0.0000 0.0004 -0.0006 0.0000 0.0000 0.0001 0.0000 0.0000 0.0000 0.0000 -0.0010 -0.0002 0.0000 0.0002 30.0001 -0.0001 0.0005 -29.9998 0.0000 0.0000 0.0000 4.8840 -2.7414 -4.3306 4.8840 -2.7414 -4.3306 251.5542 90.0000 0.0000 -81.7751 58.8076 -106.2340 -26.0031 3.9309 -11.8714 0.1613 1.1665 1.0649 0.0000 -0.0001 0.0001 0.0000 0.0000 0.0000 0.0000 -0.0006 0.0003 0.0000 -0.0001 0.0001 0.0000 0.0000 0.0000 0.0000 0.0000 0.0000 0.0000 0.0007 0.0001 0.0000 -0.0011 0.0001 0.0000 -0.0008 0.0003 0.0000 0.0001 0.0000 0.0000 0.0000 0.0000 0.0000 -0.0008 0.0000 0.0000 0.0002 -29.9996 -0.0001 -0.0003 29.9996 0.0000 0.0000 0.0000 3.1924 -5.0296 -166.0406 -0.1883 -29.2509 0.1317 -35.2305 46.7852 -34.5213 0.0001 46.0371 0.0001 1.4213 -14.6438 171.3686 -0.8536 -33.7407 0.1755 -14.4317 82.4354 -13.2471 0.0000 25.3508 -0.0001 
-30.0789 89.5733 -7.7721 -9.8826 -3.7705 6.6374 -0.4194 4.9974 -0.1727 -0.4202 5.0071 -0.1731 -0.4207 5.0125 -0.1733 39.6447 86.9782 -56.9671 81.9132 59.4953 101.0363 27.4608 7.6841 12.2684 -0.1559 1.0224 -0.7055 0.0000 0.0000 0.0001 0.0000 0.0000 0.0000 0.0000 -0.0013 -0.0008 0.0000 -0.0004 0.0001 0.0000 0.0000 0.0000 0.0000 0.0000 0.0000 0.0000 0.0002 0.0000 0.0000 -0.0006 0.0003 0.0000 0.0004 -0.0006 0.0000 0.0000 0.0001 0.0000 0.0000 0.0000 0.0000 -0.0010 -0.0002 0.0000 0.0002 30.0001 -0.0001 0.0005 -29.9998 0.0000 0.0000 0.0000 5.0299 -2.8660 -4.4827 5.0299 -2.8660 -4.4827 251.4643 90.0000 0.0000 -81.8787 58.9630 -106.1116 -25.7243 4.0230 -12.0768 0.1645 1.1636 1.0806 0.0000 -0.0001 0.0001 0.0000 0.0000 0.0000 0.0000 -0.0006 0.0003 0.0000 -0.0001 0.0001 0.0000 0.0000 0.0000 0.0000 0.0000 0.0000 0.0000 0.0007 0.0001 0.0000 -0.0011 0.0001 0.0000 -0.0008 0.0003 0.0000 0.0001 0.0000 0.0000 0.0000 0.0000 0.0000 -0.0009 0.0000 0.0000 0.0002 -29.9997 -0.0001 -0.0003 29.9996 0.0000 0.0000 0.0000 3.2002 -5.0097 -166.2309 -0.1960 -29.1042 0.1335 -34.9510 47.1694 -34.3714 0.0001 45.9790 0.0001 1.0806 -14.8153 171.0555 -0.8742 -33.6596 0.1810 -13.6565 82.3109 -11.9965 0.0000 25.3508 -0.0001 
-29.7951 89.5837 -7.7625 -9.8721 -3.6462 6.7196 -0.4531 5.0462 -0.1266 -0.4540 5.0562 -0.1269 -0.4545 5.0614 -0.1270 38.2625 86.8393 -58.3425 82.1888 59.6804 101.1565 27.6940 7.7014 12.4405 -0.1578 1.0228 -0.7093 0.0000 0.0000 0.0001 0.0000 0.0000 0.0000 0.0000 -0.0013 -0.0008 0.0000 -0.0004 0.0001 0.0000 0.0000 0.0000 0.0000 0.0000 0.0000 0.0000 0.0002 0.0000 0.0000 -0.0006 0.0003 0.0000 0.0004 -0.0006 0.0000 0.0000 0.0001 0.0000 0.0000 0.0000 0.0000 -0.0010 -0.0002 0.0000 0.0002 30.0001 -0.0001 0.0005 -29.9998 0.0000 0.0000 0.0000 5.1927 -3.0001 -4.6385 5.1927 -3.0001 -4.6385 251.4060 90.0000 0.0000 -81.9714 59.0922 -106.0533 -25.4754 4.1051 -12.2396 0.1674 1.1616 1.0971 0.0000 -0.0001 0.0001 0.0000 0.0000 0.0000 0.0000 -0.0006 0.0003 0.0000 -0.0001 0.0001 0.0000 0.0000 0.0000 0.0000 0.0000 0.0000 0.0000 0.0007 0.0001 0.0000 -0.0012 0.0001 0.0000 -0.0008 0.0003 0.0000 0.0001 0.0000 0.0000 0.0000 0.0000 0.0000 -0.0008 0.0000 0.0000 0.0002 -29.9996 -0.0001 -0.0003 29.9996 0.0000 0.0000 0.0000 3.2597 -4.9944 -166.4120 -0.2000 -28.9373 0.1342 -34.7369 47.5647 -34.2884 0.0001 45.7756 0.0001 0.7501 -14.9961 170.7420 -0.8887 -33.5802 0.1847 -13.0048 82.1878 -10.8575 0.0000 25.3508 -0.0001 
-29.4943 89.5956 -7.7517 -9.8847 -3.5109 6.8016 -0.4917 5.0971 -0.0805 -0.4927 5.1074 -0.0807 -0.4932 5.1125 -0.0808 37.3920 86.7134 -59.2135 82.5000 59.8891 101.3176 27.8886 7.6576 12.5992 -0.1594 1.0234 -0.7142 0.0000 0.0000 0.0001 0.0000 0.0000 0.0000 0.0000 -0.0013 -0.0008 0.0000 -0.0004 0.0001 0.0000 0.0000 0.0000 0.0000 0.0000 0.0000 0.0000 0.0002 0.0000 0.0000 -0.0006 0.0003 0.0000 0.0004 -0.0006 0.0000 0.0000 0.0001 0.0000 0.0000 0.0000 0.0000 -0.0010 -0.0002 0.0000 0.0002 30.0001 -0.0001 0.0005 -29.9998 0.0000 0.0000 0.0000 5.3672 -3.1407 -4.7940 5.3672 -3.1407 -4.7940 251.3883 90.0000 0.0000 -82.0239 59.2008 -106.0177 -25.2335 4.1805 -12.3697 0.1699 1.1599 1.1141 0.0000 -0.0001 0.0001 0.0000 0.0000 0.0000 0.0000 -0.0006 0.0003 0.0000 -0.0001 0.0001 0.0000 0.0000 0.0000 0.0000 0.0000 0.0000 0.0000 0.0007 0.0001 0.0000 -0.0012 0.0001 0.0000 -0.0008 0.0003 0.0000 0.0001 0.0000 0.0000 0.0000 0.0000 0.0000 -0.0009 0.0000 0.0000 0.0002 -29.9996 -0.0001 -0.0003 29.9996 0.0000 0.0000 0.0000 3.3720 -4.9909 -166.5728 -0.1986 -28.7617 0.1335 -34.5967 47.9685 -34.2963 0.0001 45.3879 0.0001 0.4482 -15.1890 170.4223 -0.9116 -33.4957 0.1909 -12.3254 82.0590 -9.7040 0.0000 25.3508 -0.0001 
-29.1771 89.6053 -7.7454 -9.9291 -3.3648 6.8767 -0.5353 5.1500 -0.0359 -0.5364 5.1607 -0.0361 -0.5369 5.1656 -0.0361 37.1787 86.6122 -59.4510 82.8020 60.1027 101.5079 27.9885 7.5735 12.7365 -0.1607 1.0244 -0.7214 0.0000 0.0000 0.0001 0.0000 0.0000 0.0000 0.0000 -0.0013 -0.0008 0.0000 -0.0004 0.0001 0.0000 0.0000 0.0000 0.0000 0.0000 0.0000 0.0000 0.0002 0.0000 0.0000 -0.0006 0.0003 0.0000 0.0004 -0.0006 0.0000 0.0000 0.0001 0.0000 0.0000 0.0000 0.0000 -0.0010 -0.0002 0.0000 0.0003 30.0001 -0.0001 0.0005 -29.9998 0.0000 0.0000 0.0000 5.5547 -3.2897 -4.9419 5.5547 -3.2897 -4.9419 251.4340 90.0000 0.0000 -82.0120 59.2886 -105.9929 -25.0043 4.2741 -12.4979 0.1726 1.1573 1.1314 0.0000 -0.0001 0.0001 0.0000 0.0000 0.0000 0.0000 -0.0006 0.0003 0.0000 -0.0001 0.0001 0.0000 0.0000 0.0000 0.0000 0.0000 0.0000 0.0000 0.0007 0.0001 0.0000 -0.0012 0.0001 0.0000 -0.0008 0.0003 0.0000 0.0001 0.0000 0.0000 0.0000 0.0000 0.0000 -0.0009 0.0000 0.0000 0.0002 -29.9996 -0.0001 -0.0003 29.9996 0.0000 0.0000 0.0000 3.5807 -5.0002 -166.6988 -0.1943 -28.5719 0.1321 -34.5298 48.3959 -34.4415 0.0001 44.7974 0.0001 0.1864 -15.3946 170.1046 -0.9375 -33.4011 0.1978 -11.6768 81.9265 -8.5998 0.0000 25.3508 -0.0001 
-28.8519 89.6134 -7.7358 -9.9827 -3.2168 6.9437 -0.5843 5.2059 0.0066 -0.5855 5.2169 0.0066 -0.5860 5.2216 0.0066 37.4563 86.5191 -59.2212 83.0771 60.3050 101.6779 27.9828 7.4803 12.8713 -0.1620 1.0251 -0.7298 0.0000 0.0000 0.0001 0.0000 0.0000 0.0000 0.0000 -0.0013 -0.0008 0.0000 -0.0004 0.0001 0.0000 0.0000 0.0000 0.0000 0.0000 0.0000 0.0000 0.0002 0.0000 0.0000 -0.0006 0.0003 0.0000 0.0004 -0.0006 0.0000 0.0000 0.0001 0.0000 0.0000 0.0000 0.0000 -0.0010 -0.0002 0.0000 0.0002 30.0001 -0.0001 0.0005 -29.9998 0.0000 0.0000 0.0000 5.7461 -3.4464 -5.0783 5.7461 -3.4464 -5.0783 251.5234 90.0000 0.0000 -81.9973 59.3644 -106.0007 -24.8003 4.3812 -12.6529 0.1755 1.1535 1.1491 0.0000 -0.0001 0.0001 0.0000 0.0000 0.0000 0.0000 -0.0006 0.0003 0.0000 -0.0001 0.0001 0.0000 0.0000 0.0000 0.0000 0.0000 0.0000 0.0000 0.0007 0.0001 0.0000 -0.0012 0.0001 0.0000 -0.0008 0.0003 0.0000 0.0001 0.0000 0.0000 0.0000 0.0000 0.0000 -0.0008 0.0000 0.0000 0.0002 -29.9996 -0.0001 -0.0003 29.9996 0.0000 0.0000 0.0000 3.8551 -5.0060 -166.8068 -0.1939 -28.3558 0.1316 -34.4754 48.8501 -34.6699 0.0001 44.1241 0.0001 -0.0556 -15.6009 169.7939 -0.9655 -33.3072 0.2053 -11.0888 81.8092 -7.5788 0.0000 25.3508 -0.0001 
-28.5282 89.6190 -7.7287 -10.0331 -3.0691 7.0056 -0.6393 5.2641 0.0466 -0.6407 5.2755 0.0466 -0.6413 5.2800 0.0466 38.0436 86.4287 -58.7055 83.3298 60.4891 101.8328 27.8839 7.4027 12.9964 -0.1633 1.0253 -0.7394 0.0000 0.0000 0.0001 0.0000 0.0000 0.0000 0.0000 -0.0013 -0.0008 0.0000 -0.0004 0.0001 0.0000 0.0000 0.0000 0.0000 0.0000 0.0000 0.0000 0.0002 0.0000 0.0000 -0.0006 0.0003 0.0000 0.0004 -0.0006 0.0000 0.0000 0.0001 0.0000 0.0000 0.0000 0.0000 -0.0010 -0.0002 0.0000 0.0002 30.0001 -0.0001 0.0005 -29.9998 0.0000 0.0000 0.0000 5.9374 -3.6093 -5.2019 5.9374 -3.6093 -5.2019 251.6460 90.0000 0.0000 -81.9871 59.4315 -106.0350 -24.6290 4.4765 -12.8242 0.1784 1.1494 1.1665 0.0000 -0.0001 0.0001 0.0000 0.0000 0.0000 0.0000 -0.0006 0.0003 0.0000 -0.0001 0.0001 0.0000 0.0000 0.0000 0.0000 0.0000 0.0000 0.0000 0.0007 0.0001 0.0000 -0.0011 0.0001 0.0000 -0.0008 0.0003 0.0000 0.0001 0.0000 0.0000 0.0000 0.0000 0.0000 -0.0008 0.0000 0.0000 0.0002 -29.9997 -0.0001 -0.0003 29.9996 0.0000 0.0000 0.0000 4.1537 -5.0056 -166.9094 -0.1957 -28.1123 0.1316 -34.4412 49.3204 -34.9590 0.0001 43.4154 0.0001 -0.2765 -15.8071 169.4936 -0.9922 -33.2171 0.2124 -10.5582 81.7075 -6.6511 0.0000 25.3508 -0.0001 
-28.1996 89.6226 -7.7493 -10.0637 -2.9250 7.0628 -0.7005 5.3218 0.0786 -0.7020 5.3336 0.0787 -0.7026 5.3378 0.0788 39.1660 86.3285 -57.6720 83.5362 60.6449 101.9462 27.6926 7.3676 13.1184 -0.1649 1.0253 -0.7491 0.0000 0.0000 0.0001 0.0000 0.0000 0.0000 0.0000 -0.0013 -0.0008 0.0000 -0.0004 0.0001 0.0000 0.0000 0.0000 0.0000 0.0000 0.0000 0.0000 0.0002 0.0000 0.0000 -0.0007 0.0003 0.0000 0.0004 -0.0006 0.0000 0.0000 0.0001 0.0000 0.0000 0.0000 0.0000 -0.0010 -0.0002 0.0000 0.0002 30.0001 -0.0001 0.0005 -29.9998 0.0000 0.0000 0.0000 6.1154 -3.7739 -5.3004 6.1154 -3.7739 -5.3004 251.8114 90.0000 0.0000 -82.0006 59.4814 -106.1084 -24.4943 4.5370 -13.0095 0.1811 1.1445 1.1839 0.0000 -0.0001 0.0001 0.0000 0.0000 0.0000 0.0000 -0.0006 0.0003 0.0000 -0.0001 0.0001 0.0000 0.0000 0.0000 0.0000 0.0000 0.0000 0.0000 0.0007 0.0001 0.0000 -0.0012 0.0001 0.0000 -0.0008 0.0003 0.0000 0.0001 0.0000 0.0000 0.0000 0.0000 0.0000 -0.0008 0.0000 0.0000 0.0002 -29.9997 -0.0001 -0.0003 29.9996 0.0000 0.0000 0.0000 4.4331 -4.9998 -167.0156 -0.1964 -27.8332 0.1313 -34.4655 49.8026 -35.3159 0.0001 42.6650 0.0001 -0.4485 -16.0246 169.2023 -1.0188 -33.1424 0.2196 -10.0171 81.6211 -5.7982 0.0000 25.3508 -0.0001 
-27.8690 89.6220 -7.8116 -10.0735 -2.7889 7.1166 -0.7651 5.3824 0.1059 -0.7669 5.3947 0.1060 -0.7674 5.3987 0.1061 40.4441 86.2054 -56.4929 83.7104 60.7637 102.0209 27.4703 7.3762 13.2729 -0.1670 1.0255 -0.7588 0.0000 0.0000 0.0001 0.0000 0.0000 0.0000 0.0000 -0.0013 -0.0008 0.0000 -0.0004 0.0001 0.0000 0.0000 0.0000 0.0000 0.0000 0.0000 0.0000 0.0002 0.0000 0.0000 -0.0006 0.0003 0.0000 0.0004 -0.0006 0.0000 0.0000 0.0001 0.0000 0.0000 0.0000 0.0000 -0.0010 -0.0002 0.0000 0.0002 30.0001 -0.0001 0.0005 -29.9998 0.0000 0.0000 0.0000 6.2792 -3.9389 -5.3846 6.2792 -3.9389 -5.3846 251.9990 90.0000 0.0000 -82.0313 59.5148 -106.2029 -24.3616 4.5755 -13.1962 0.1835 1.1393 1.2013 0.0000 -0.0001 0.0001 0.0000 0.0000 0.0000 0.0000 -0.0006 0.0003 0.0000 -0.0001 0.0001 0.0000 0.0000 0.0000 0.0000 0.0000 0.0000 0.0000 0.0007 0.0001 0.0000 -0.0011 0.0001 0.0000 -0.0008 0.0003 0.0000 0.0001 0.0000 0.0000 0.0000 0.0000 0.0000 -0.0009 0.0000 0.0000 0.0002 -29.9996 -0.0001 -0.0003 29.9996 0.0000 0.0000 0.0000 4.6661 -4.9872 -167.1339 -0.1971 -27.5388 0.1309 -34.5811 50.2983 -35.7343 0.0001 41.8865 0.0001 -0.5645 -16.2604 168.9208 -1.0391 -33.0887 0.2251 -9.4582 81.5392 -5.0136 0.0000 25.3508 -0.0001 
-27.5253 89.6152 -7.9039 -10.0641 -2.6596 7.1669 -0.8310 5.4444 0.1294 -0.8330 5.4571 0.1297 -0.8335 5.4608 0.1297 41.8014 86.0647 -55.2372 83.8643 60.8457 102.0530 27.2302 7.3957 13.4599 -0.1694 1.0261 -0.7675 0.0000 0.0000 0.0001 0.0000 0.0000 0.0000 0.0000 -0.0013 -0.0008 0.0000 -0.0004 0.0001 0.0000 0.0000 0.0000 0.0000 0.0000 0.0000 0.0000 0.0003 0.0000 0.0000 -0.0006 0.0003 0.0000 0.0004 -0.0006 0.0000 0.0000 0.0001 0.0000 0.0000 0.0000 0.0000 -0.0010 -0.0002 0.0000 0.0002 30.0001 -0.0001 0.0005 -29.9998 0.0000 0.0000 0.0000 6.4307 -4.1009 -5.4583 6.4307 -4.1008 -5.4583 252.1971 90.0000 0.0000 -82.0677 59.5388 -106.3046 -24.2199 4.5925 -13.3780 0.1856 1.1341 1.2189 0.0000 -0.0001 0.0001 0.0000 0.0000 0.0000 0.0000 -0.0006 0.0003 0.0000 -0.0001 0.0001 0.0000 0.0000 0.0000 0.0000 0.0000 0.0000 0.0000 0.0007 0.0001 0.0000 -0.0012 0.0001 0.0000 -0.0008 0.0003 0.0000 0.0001 0.0000 0.0000 0.0000 0.0000 0.0000 -0.0008 0.0000 0.0000 0.0002 -29.9996 -0.0001 -0.0003 29.9996 0.0000 0.0000 0.0000 4.8506 -4.9675 -167.2654 -0.1986 -27.2434 0.1307 -34.8149 50.8148 -36.2305 0.0001 41.0675 0.0001 -0.6298 -16.5079 168.6392 -1.0574 -33.0509 0.2302 -8.8245 81.4624 -4.2276 0.0000 25.3508 -0.0001 
-27.1452 89.6030 -8.0136 -10.0289 -2.5359 7.2097 -0.8938 5.5055 0.1493 -0.8959 5.5188 0.1496 -0.8965 5.5222 0.1497 43.2220 85.9101 -53.9138 83.9954 60.8620 102.0583 26.9861 7.4180 13.6884 -0.1723 1.0275 -0.7755 0.0000 0.0000 0.0001 0.0000 0.0000 0.0000 0.0000 -0.0013 -0.0008 0.0000 -0.0004 0.0001 0.0000 0.0000 0.0000 0.0000 0.0000 0.0000 0.0000 0.0002 0.0000 0.0000 -0.0006 0.0003 0.0000 0.0004 -0.0006 0.0000 0.0000 0.0001 0.0000 0.0000 0.0000 0.0000 -0.0010 -0.0002 0.0000 0.0003 30.0001 -0.0001 0.0005 -29.9998 0.0000 0.0000 0.0000 6.5614 -4.2547 -5.5227 6.5614 -4.2547 -5.5227 252.3968 90.0000 0.0000 -82.0898 59.5634 -106.3978 -24.0586 4.5767 -13.5414 0.1874 1.1299 1.2370 0.0000 -0.0001 0.0001 0.0000 0.0000 0.0000 0.0000 -0.0006 0.0003 0.0000 -0.0001 0.0001 0.0000 0.0000 0.0000 0.0000 0.0000 0.0000 0.0000 0.0007 0.0001 0.0000 -0.0011 0.0001 0.0000 -0.0008 0.0003 0.0000 0.0001 0.0000 0.0000 0.0000 0.0000 0.0000 -0.0008 0.0000 0.0000 0.0002 -29.9996 -0.0001 -0.0003 29.9996 0.0000 0.0000 0.0000 4.9691 -4.9458 -167.4123 -0.2004 -26.9707 0.1306 -35.2690 51.3700 -36.8774 0.0001 40.1111 0.0001 -0.6323 -16.7566 168.3436 -1.0761 -33.0255 0.2354 -7.9712 81.3962 -3.3042 0.0000 25.3508 -0.0001 
-26.7187 89.5850 -8.1140 -9.9772 -2.4162 7.2448 -0.9494 5.5639 0.1666 -0.9517 5.5776 0.1669 -0.9523 5.5807 0.1669 44.7769 85.7604 -52.4489 84.0973 60.8268 102.0598 26.7529 7.4414 13.9444 -0.1754 1.0297 -0.7827 0.0000 0.0000 0.0001 0.0000 0.0000 0.0000 0.0000 -0.0013 -0.0008 0.0000 -0.0004 0.0001 0.0000 0.0000 0.0000 0.0000 0.0000 0.0000 0.0000 0.0002 0.0000 0.0000 -0.0006 0.0003 0.0000 0.0004 -0.0006 0.0000 0.0000 0.0001 0.0000 0.0000 0.0000 0.0000 -0.0010 -0.0002 0.0000 0.0002 30.0001 -0.0001 0.0005 -29.9998 0.0000 0.0000 0.0000 6.6730 -4.3983 -5.5824 6.6730 -4.3983 -5.5824 252.5930 90.0000 0.0000 -82.0790 59.5969 -106.4555 -23.8826 4.5640 -13.6797 0.1889 1.1256 1.2541 0.0000 -0.0001 0.0001 0.0000 0.0000 0.0000 0.0000 -0.0006 0.0003 0.0000 -0.0001 0.0001 0.0000 0.0000 0.0000 0.0000 0.0000 0.0000 0.0000 0.0007 0.0001 0.0000 -0.0012 0.0001 0.0000 -0.0008 0.0003 0.0000 0.0001 0.0000 0.0000 0.0000 0.0000 0.0000 -0.0009 0.0000 0.0000 0.0002 -29.9997 -0.0001 -0.0003 29.9996 0.0000 0.0000 0.0000 5.0624 -4.9346 -167.5596 -0.1997 -26.7356 0.1301 -35.9126 51.9545 -37.6726 0.0000 39.0018 0.0001 -0.5988 -16.9892 168.0226 -1.1014 -32.9953 0.2426 -6.8471 81.3350 -2.1484 0.0000 25.3508 -0.0001 
-26.2518 89.5625 -8.2052 -9.9128 -2.3015 7.2716 -0.9969 5.6202 0.1825 -0.9994 5.6343 0.1829 -0.9999 5.6372 0.1829 46.4751 85.6208 -50.8355 84.1796 60.7499 102.0766 26.5337 7.4607 14.2090 -0.1787 1.0328 -0.7894 0.0000 0.0000 0.0001 0.0000 0.0000 0.0000 0.0000 -0.0013 -0.0008 0.0000 -0.0004 0.0001 0.0000 0.0000 0.0000 0.0000 0.0000 0.0000 0.0000 0.0002 0.0000 0.0000 -0.0006 0.0003 0.0000 0.0004 -0.0006 0.0000 0.0000 0.0001 0.0000 0.0000 0.0000 0.0000 -0.0010 -0.0002 0.0000 0.0002 30.0001 -0.0001 0.0005 -29.9998 0.0000 0.0000 0.0000 6.7672 -4.5325 -5.6386 6.7672 -4.5325 -5.6386 252.7795 90.0000 0.0000 -82.0239 59.6380 -106.4605 -23.6976 4.5675 -13.8082 0.1905 1.1217 1.2702 0.0000 -0.0001 0.0001 0.0000 0.0000 0.0000 0.0000 -0.0006 0.0003 0.0000 -0.0001 0.0001 0.0000 0.0000 0.0000 0.0000 0.0000 0.0000 0.0000 0.0007 0.0001 0.0000 -0.0011 0.0001 0.0000 -0.0008 0.0003 0.0000 0.0001 0.0000 0.0000 0.0000 0.0000 0.0000 -0.0009 0.0000 0.0000 0.0002 -29.9996 -0.0001 -0.0003 29.9996 0.0000 0.0000 0.0000 5.1573 -4.9403 -167.7024 -0.1979 -26.5349 0.1293 -36.6855 52.5586 -38.5832 0.0000 37.7725 0.0001 -0.5408 -17.2091 167.6794 -1.1346 -32.9643 0.2521 -5.4767 81.2759 -0.7685 0.0000 25.3508 -0.0001 
-25.7536 89.5285 -8.2878 -9.8326 -2.1969 7.2841 -1.0316 5.6720 0.1986 -1.0342 5.6866 0.1990 -1.0347 5.6891 0.1991 48.1739 85.5040 -49.2132 84.2366 60.6282 102.1124 26.3578 7.4745 14.4578 -0.1818 1.0362 -0.7946 0.0000 0.0000 0.0001 0.0000 0.0000 0.0000 0.0000 -0.0013 -0.0008 0.0000 -0.0004 0.0001 0.0000 0.0000 0.0000 0.0000 0.0000 0.0000 0.0000 0.0002 0.0000 0.0000 -0.0006 0.0003 0.0000 0.0004 -0.0006 0.0000 0.0000 0.0001 0.0000 0.0000 0.0000 0.0000 -0.0010 -0.0002 0.0000 0.0003 30.0001 -0.0001 0.0005 -29.9998 0.0000 0.0000 0.0000 6.8402 -4.6500 -5.6881 6.8402 -4.6500 -5.6881 252.9440 90.0000 0.0000 -81.8924 59.6826 -106.3791 -23.5239 4.5946 -13.9504 0.1925 1.1194 1.2847 0.0000 -0.0001 0.0001 0.0000 0.0000 0.0000 0.0000 -0.0006 0.0003 0.0000 -0.0001 0.0001 0.0000 0.0000 0.0000 0.0000 0.0000 0.0000 0.0000 0.0007 0.0001 0.0000 -0.0012 0.0001 0.0000 -0.0008 0.0003 0.0000 0.0001 0.0000 0.0000 0.0000 0.0000 0.0000 -0.0009 0.0000 0.0000 0.0002 -29.9997 -0.0001 -0.0003 29.9996 0.0000 0.0000 0.0000 5.2620 -4.9672 -167.8388 -0.1970 -26.3688 0.1287 -37.5908 53.1831 -39.6204 0.0000 36.4865 0.0000 -0.4634 -17.4139 167.3242 -1.1704 -32.9383 0.2623 -3.8712 81.2139 0.8316 0.0000 25.3508 -0.0001 
-25.2584 89.4883 -8.3656 -9.7441 -2.1033 7.2841 -1.0556 5.7213 0.2158 -1.0583 5.7362 0.2162 -1.0587 5.7386 0.2163 49.7417 85.4018 -47.7178 84.2802 60.4851 102.1695 26.2392 7.4857 14.6761 -0.1847 1.0403 -0.7987 0.0000 0.0000 0.0001 0.0000 0.0000 0.0000 0.0000 -0.0013 -0.0008 0.0000 -0.0004 0.0001 0.0000 0.0000 0.0000 0.0000 0.0000 0.0000 0.0000 0.0002 0.0000 0.0000 -0.0006 0.0003 0.0000 0.0004 -0.0006 0.0000 0.0000 0.0001 0.0000 0.0000 0.0000 0.0000 -0.0010 -0.0002 0.0000 0.0002 30.0001 -0.0001 0.0005 -29.9998 0.0000 0.0000 0.0000 6.8955 -4.7545 -5.7337 6.8955 -4.7545 -5.7337 253.0920 90.0000 0.0000 -81.7103 59.7123 -106.2495 -23.3793 4.6303 -14.0893 0.1949 1.1197 1.2979 0.0000 -0.0001 0.0001 0.0000 0.0000 0.0000 0.0000 -0.0006 0.0003 0.0000 -0.0001 0.0001 0.0000 0.0000 0.0000 0.0000 0.0000 0.0000 0.0000 0.0007 0.0001 0.0000 -0.0012 0.0001 0.0000 -0.0008 0.0003 0.0000 0.0001 0.0000 0.0000 0.0000 0.0000 0.0000 -0.0008 0.0000 0.0000 0.0002 -29.9996 -0.0001 -0.0003 29.9996 0.0000 0.0000 0.0000 5.3551 -4.9894 -167.9766 -0.1981 -26.2068 0.1287 -38.6176 53.8107 -40.7562 0.0000 35.1787 0.0000 -0.3590 -17.6000 166.9798 -1.1996 -32.9206 0.2707 -2.1769 81.1484 2.4946 0.0000 25.3508 -0.0001 
-24.7727 89.4447 -8.4391 -9.6501 -2.0204 7.2728 -1.0706 5.7692 0.2330 -1.0734 5.7846 0.2335 -1.0738 5.7866 0.2335 51.1413 85.3111 -46.3842 84.3096 60.3362 102.2328 26.1646 7.4872 14.8695 -0.1872 1.0450 -0.8018 0.0000 0.0000 0.0001 0.0000 0.0000 0.0000 0.0000 -0.0013 -0.0008 0.0000 -0.0004 0.0001 0.0000 0.0000 0.0000 0.0000 0.0000 0.0000 0.0000 0.0002 0.0000 0.0000 -0.0006 0.0003 0.0000 0.0004 -0.0006 0.0000 0.0000 0.0001 0.0000 0.0000 0.0000 0.0000 -0.0010 -0.0002 0.0000 0.0003 30.0001 -0.0001 0.0005 -29.9998 0.0000 0.0000 0.0000 6.9364 -4.8498 -5.7742 6.9364 -4.8498 -5.7742 253.2301 90.0000 0.0000 -81.4844 59.7104 -106.0676 -23.2460 4.6673 -14.2216 0.1974 1.1220 1.3091 0.0000 -0.0001 0.0001 0.0000 0.0000 0.0000 0.0000 -0.0006 0.0003 0.0000 -0.0001 0.0001 0.0000 0.0000 0.0000 0.0000 0.0000 0.0000 0.0000 0.0007 0.0001 0.0000 -0.0012 0.0001 0.0000 -0.0008 0.0003 0.0000 0.0001 0.0000 0.0000 0.0000 0.0000 0.0000 -0.0009 0.0000 0.0000 0.0002 -29.9996 -0.0001 -0.0003 29.9996 0.0000 0.0000 0.0000 5.4309 -4.9977 -168.1168 -0.2003 -26.0400 0.1289 -39.7726 54.4357 -41.9898 0.0000 33.8327 0.0000 -0.2258 -17.7621 166.6507 -1.2222 -32.9047 0.2772 -0.4380 81.0791 4.1691 0.0000 25.3508 -0.0001 
-24.2852 89.3958 -8.5153 -9.5447 -1.9525 7.2442 -1.0751 5.8140 0.2498 -1.0780 5.8297 0.2504 -1.0783 5.8316 0.2504 52.3469 85.2364 -45.2348 84.3487 60.1916 102.3255 26.1111 7.4646 15.0224 -0.1892 1.0498 -0.8047 0.0000 0.0000 0.0001 0.0000 0.0000 0.0000 0.0000 -0.0013 -0.0008 0.0000 -0.0004 0.0001 0.0000 0.0000 0.0000 0.0000 0.0000 0.0000 0.0000 0.0002 0.0000 0.0000 -0.0006 0.0003 0.0000 0.0004 -0.0006 0.0000 0.0000 0.0001 0.0000 0.0000 0.0000 0.0000 -0.0010 -0.0002 0.0000 0.0002 30.0001 -0.0001 0.0005 -29.9998 0.0000 0.0000 0.0000 6.9574 -4.9338 -5.8051 6.9574 -4.9338 -5.8051 253.3530 90.0000 0.0000 -81.2171 59.6577 -105.8222 -23.1016 4.7032 -14.3441 0.1999 1.1257 1.3178 0.0000 -0.0001 0.0001 0.0000 0.0000 0.0000 0.0000 -0.0006 0.0003 0.0000 -0.0001 0.0001 0.0000 0.0000 0.0000 0.0000 0.0000 0.0000 0.0000 0.0007 0.0001 0.0000 -0.0012 0.0001 0.0000 -0.0008 0.0003 0.0000 0.0001 0.0000 0.0000 0.0000 0.0000 0.0000 -0.0009 0.0000 0.0000 0.0002 -29.9996 -0.0001 -0.0003 29.9996 0.0000 0.0000 0.0000 5.4673 -4.9812 -168.2584 -0.2023 -25.8689 0.1291 -41.1243 55.0668 -43.3565 0.0000 32.4191 0.0000 -0.0490 -17.8928 166.3373 -1.2409 -32.8848 0.2825 1.4127 81.0010 5.8958 0.0000 25.3508 -0.0001 
-23.7801 89.3413 -8.6081 -9.4271 -1.8970 7.1969 -1.0754 5.8543 0.2683 -1.0783 5.8704 0.2688 -1.0786 5.8720 0.2689 53.3034 85.1819 -44.3336 84.3950 60.0712 102.4128 26.0552 7.4255 15.1643 -0.1910 1.0533 -0.8080 0.0000 0.0000 0.0001 0.0000 0.0000 0.0000 0.0000 -0.0013 -0.0008 0.0000 -0.0004 0.0001 0.0000 0.0000 0.0000 0.0000 0.0000 0.0000 0.0000 0.0002 0.0000 0.0000 -0.0006 0.0003 0.0000 0.0004 -0.0006 0.0000 0.0000 0.0001 0.0000 0.0000 0.0000 0.0000 -0.0010 -0.0002 0.0000 0.0002 30.0001 -0.0001 0.0005 -29.9998 0.0000 0.0000 0.0000 6.9672 -5.0107 -5.8304 6.9672 -5.0107 -5.8304 253.4610 90.0000 0.0000 -80.9488 59.5753 -105.5626 -22.9406 4.7298 -14.4714 0.2023 1.1297 1.3250 0.0000 -0.0001 0.0001 0.0000 0.0000 0.0000 0.0000 -0.0006 0.0003 0.0000 -0.0001 0.0001 0.0000 0.0000 0.0000 0.0000 0.0000 0.0000 0.0000 0.0007 0.0001 0.0000 -0.0012 0.0001 0.0000 -0.0008 0.0003 0.0000 0.0001 0.0000 0.0000 0.0000 0.0000 0.0000 -0.0008 0.0000 0.0000 0.0002 -29.9996 -0.0001 -0.0003 29.9996 0.0000 0.0000 0.0000 5.4679 -4.9516 -168.3930 -0.2029 -25.7107 0.1289 -42.6635 55.7091 -44.8539 0.0000 30.9056 0.0000 0.1624 -18.0086 166.0312 -1.2562 -32.8628 0.2867 3.3722 80.9044 7.6863 0.0000 25.3508 -0.0001 
-23.2507 89.2789 -8.7151 -9.3033 -1.8551 7.1352 -1.0714 5.8953 0.2863 -1.0743 5.9116 0.2870 -1.0746 5.9131 0.2870 54.1813 85.1412 -43.5115 84.4381 59.9893 102.4878 26.0076 7.3789 15.3234 -0.1928 1.0565 -0.8121 0.0000 0.0000 0.0001 0.0000 0.0000 0.0000 0.0000 -0.0013 -0.0008 0.0000 -0.0004 0.0001 0.0000 0.0000 0.0000 0.0000 0.0000 0.0000 0.0000 0.0002 0.0000 0.0000 -0.0006 0.0003 0.0000 0.0004 -0.0006 0.0000 0.0000 0.0001 0.0000 0.0000 0.0000 0.0000 -0.0010 -0.0002 0.0000 0.0002 30.0001 -0.0001 0.0005 -29.9998 0.0000 0.0000 0.0000 6.9679 -5.0898 -5.8520 6.9679 -5.0898 -5.8520 253.5546 90.0000 0.0000 -80.6966 59.4785 -105.3119 -22.7756 4.7518 -14.5937 0.2046 1.1336 1.3316 0.0000 -0.0001 0.0001 0.0000 0.0000 0.0000 0.0000 -0.0006 0.0003 0.0000 -0.0001 0.0001 0.0000 0.0000 0.0000 0.0000 0.0000 0.0000 0.0000 0.0007 0.0001 0.0000 -0.0012 0.0001 0.0000 -0.0008 0.0003 0.0000 0.0001 0.0000 0.0000 0.0000 0.0000 0.0000 -0.0008 0.0000 0.0000 0.0002 -29.9996 -0.0001 -0.0003 29.9996 0.0000 0.0000 0.0000 5.4470 -4.9167 -168.5214 -0.2026 -25.5757 0.1286 -44.3951 56.3602 -46.4932 0.0000 29.2833 0.0000 0.3975 -18.1108 165.7225 -1.2712 -32.8368 0.2908 5.4183 80.7861 9.5380 0.0000 25.3508 -0.0001 
-22.6863 89.2073 -8.8216 -9.1630 -1.8345 7.0543 -1.0647 5.9367 0.3022 -1.0677 5.9534 0.3029 -1.0679 5.9546 0.3029 55.0755 85.1210 -42.6756 84.4778 59.9644 102.5553 25.9849 7.3204 15.5015 -0.1947 1.0589 -0.8169 0.0000 0.0000 0.0001 0.0000 0.0000 0.0000 0.0000 -0.0013 -0.0008 0.0000 -0.0004 0.0001 0.0000 0.0000 0.0000 0.0000 0.0000 0.0000 0.0000 0.0002 -0.0001 0.0000 -0.0006 0.0003 0.0000 0.0004 -0.0006 0.0000 0.0000 0.0001 0.0000 0.0000 0.0000 0.0000 -0.0010 -0.0002 0.0000 0.0003 30.0001 -0.0001 0.0005 -29.9998 0.0000 0.0000 0.0000 6.9577 -5.1768 -5.8693 6.9577 -5.1768 -5.8693 253.6345 90.0000 0.0000 -80.4787 59.3839 -105.0806 -22.6096 4.7589 -14.7273 0.2066 1.1365 1.3372 0.0000 -0.0001 0.0001 0.0000 0.0000 0.0000 0.0000 -0.0006 0.0003 0.0000 -0.0001 0.0001 0.0000 0.0000 0.0000 0.0000 0.0000 0.0000 0.0000 0.0007 0.0001 0.0000 -0.0012 0.0001 0.0000 -0.0008 0.0003 0.0000 0.0001 0.0000 0.0000 0.0000 0.0000 0.0000 -0.0009 0.0000 0.0000 0.0002 -29.9997 -0.0001 -0.0003 29.9996 0.0000 0.0000 0.0000 5.4018 -4.8838 -168.6406 -0.2007 -25.4678 0.1280 -46.3565 57.0337 -48.2869 0.0000 27.4989 0.0000 0.6307 -18.1848 165.4065 -1.2887 -32.8022 0.2956 7.5786 80.6476 11.4952 0.0000 25.3508 -0.0001 
-22.1085 89.1320 -8.9097 -9.0031 -1.8308 6.9584 -1.0582 5.9768 0.3154 -1.0612 5.9939 0.3161 -1.0613 5.9949 0.3162 56.0728 85.1130 -41.7397 84.5201 59.9710 102.6328 25.9633 7.2615 15.6940 -0.1967 1.0610 -0.8229 0.0000 0.0000 0.0001 0.0000 0.0000 0.0000 0.0000 -0.0013 -0.0008 0.0000 -0.0004 0.0001 0.0000 0.0000 0.0000 0.0000 0.0000 0.0000 0.0000 0.0002 0.0000 0.0000 -0.0006 0.0003 0.0000 0.0004 -0.0006 0.0000 0.0000 0.0001 0.0000 0.0000 0.0000 0.0000 -0.0010 -0.0002 0.0000 0.0002 30.0001 -0.0001 0.0005 -29.9998 0.0000 0.0000 0.0000 6.9393 -5.2711 -5.8817 6.9393 -5.2711 -5.8817 253.7011 90.0000 0.0000 -80.3105 59.3184 -104.8902 -22.4655 4.7546 -14.8720 0.2085 1.1380 1.3425 0.0000 -0.0001 0.0001 0.0000 0.0000 0.0000 0.0000 -0.0006 0.0003 0.0000 -0.0001 0.0001 0.0000 0.0000 0.0000 0.0000 0.0000 0.0000 0.0000 0.0007 0.0001 0.0000 -0.0012 0.0001 0.0000 -0.0008 0.0003 0.0000 0.0001 0.0000 0.0000 0.0000 0.0000 0.0000 -0.0008 0.0000 0.0000 0.0002 -29.9996 -0.0001 -0.0003 29.9996 0.0000 0.0000 0.0000 5.3528 -4.8565 -168.7537 -0.1969 -25.3680 0.1269 -48.4224 57.7166 -50.1396 0.0000 25.6344 0.0000 0.8261 -18.2227 165.0927 -1.3038 -32.7499 0.2993 9.7265 80.4950 13.4590 0.0000 25.3508 -0.0001 
-21.5297 89.0558 -8.9804 -8.8294 -1.8403 6.8484 -1.0506 6.0161 0.3273 -1.0536 6.0334 0.3281 -1.0537 6.0342 0.3282 57.1566 85.1150 -40.7219 84.5503 59.9960 102.7108 25.9524 7.2092 15.8936 -0.1989 1.0629 -0.8294 0.0000 0.0000 0.0001 0.0000 0.0000 0.0000 0.0000 -0.0013 -0.0008 0.0000 -0.0004 0.0001 0.0000 0.0000 0.0000 0.0000 0.0000 0.0000 0.0000 0.0003 0.0000 0.0000 -0.0006 0.0003 0.0000 0.0004 -0.0006 0.0000 0.0000 0.0001 0.0000 0.0000 0.0000 0.0000 -0.0010 -0.0002 0.0000 0.0002 30.0001 -0.0001 0.0005 -29.9998 0.0000 0.0000 0.0000 6.9155 -5.3717 -5.8902 6.9155 -5.3717 -5.8902 253.7539 90.0000 0.0000 -80.1907 59.2802 -104.7440 -22.3486 4.7400 -15.0229 0.2101 1.1385 1.3476 0.0000 -0.0001 0.0001 0.0000 0.0000 0.0000 0.0000 -0.0006 0.0003 0.0000 -0.0001 0.0001 0.0000 0.0000 0.0000 0.0000 0.0000 0.0000 0.0000 0.0007 0.0001 0.0000 -0.0011 0.0001 0.0000 -0.0008 0.0003 0.0000 0.0001 0.0000 0.0000 0.0000 0.0000 0.0000 -0.0009 0.0000 0.0000 0.0002 -29.9996 -0.0001 -0.0003 29.9996 0.0000 0.0000 0.0000 5.3202 -4.8333 -168.8638 -0.1923 -25.2737 0.1257 -50.5601 58.4032 -52.0247 0.0000 24.8621 0.0000 0.9772 -18.2288 164.7905 -1.3128 -32.6776 0.3011 11.7804 80.3293 15.3556 0.0000 25.3508 -0.0001 
-20.9574 88.9817 -9.0323 -8.6492 -1.8658 6.7167 -1.0356 6.0550 0.3375 -1.0385 6.0727 0.3383 -1.0386 6.0733 0.3383 58.2933 85.1248 -39.6494 84.5257 60.0355 102.7472 25.9677 7.1727 16.1010 -0.2013 1.0655 -0.8354 0.0000 0.0000 0.0001 0.0000 0.0000 0.0000 0.0000 -0.0013 -0.0008 0.0000 -0.0004 0.0001 0.0000 0.0000 0.0000 0.0000 0.0000 0.0000 0.0000 0.0002 0.0000 0.0000 -0.0006 0.0003 0.0000 0.0004 -0.0006 0.0000 0.0000 0.0001 0.0000 0.0000 0.0000 0.0000 -0.0010 -0.0002 0.0000 0.0002 30.0001 -0.0001 0.0005 -29.9998 0.0000 0.0000 0.0000 6.8850 -5.4786 -5.8919 6.8850 -5.4786 -5.8919 253.7910 90.0000 0.0000 -80.1249 59.2690 -104.6572 -22.2605 4.7153 -15.1721 0.2113 1.1373 1.3525 0.0000 -0.0001 0.0001 0.0000 0.0000 0.0000 0.0000 -0.0006 0.0003 0.0000 -0.0001 0.0001 0.0000 0.0000 0.0000 0.0000 0.0000 0.0000 0.0000 0.0007 0.0001 0.0000 -0.0011 0.0001 0.0000 -0.0008 0.0003 0.0000 0.0001 0.0000 0.0000 0.0000 0.0000 0.0000 -0.0008 0.0000 0.0000 0.0002 -29.9996 -0.0001 -0.0003 29.9996 0.0000 0.0000 0.0000 5.3554 -4.8250 -168.9733 -0.1889 -25.2046 0.1248 -52.7190 59.1231 -53.8877 0.0000 24.9102 0.0000 1.0658 -18.1975 164.5151 -1.3133 -32.5730 0.2999 13.6488 80.1494 17.1112 0.0000 25.3508 -0.0001 
-20.3899 88.9070 -9.0777 -8.4653 -1.8969 6.5619 -1.0155 6.0875 0.3490 -1.0185 6.1055 0.3498 -1.0185 6.1059 0.3498 59.3553 85.1379 -38.6545 84.4576 60.0426 102.7508 25.9603 7.1574 16.2816 -0.2036 1.0680 -0.8408 0.0000 0.0000 0.0001 0.0000 0.0000 0.0000 0.0000 -0.0013 -0.0008 0.0000 -0.0004 0.0001 0.0000 0.0000 0.0000 0.0000 0.0000 0.0000 0.0000 0.0002 0.0000 0.0000 -0.0006 0.0003 0.0000 0.0004 -0.0006 0.0000 0.0000 0.0001 0.0000 0.0000 0.0000 0.0000 -0.0010 -0.0002 0.0000 0.0002 30.0001 -0.0001 0.0005 -29.9998 0.0000 0.0000 0.0000 6.8527 -5.5789 -5.8855 6.8527 -5.5789 -5.8855 253.8271 90.0000 0.0000 -80.0811 59.2733 -104.6005 -22.1818 4.6895 -15.3115 0.2122 1.1347 1.3561 0.0000 -0.0001 0.0001 0.0000 0.0000 0.0000 0.0000 -0.0006 0.0003 0.0000 -0.0001 0.0001 0.0000 0.0000 0.0000 0.0000 0.0000 0.0000 0.0000 0.0007 0.0001 0.0000 -0.0011 0.0001 0.0000 -0.0008 0.0003 0.0000 0.0001 0.0000 0.0000 0.0000 0.0000 0.0000 -0.0008 0.0000 0.0000 0.0002 -29.9996 -0.0001 -0.0003 29.9996 0.0000 0.0000 0.0000 5.4510 -4.8537 -169.0861 -0.1911 -25.1713 0.1253 -54.8558 59.8575 -55.7096 0.0000 24.9522 0.0000 1.0966 -18.1499 164.2689 -1.3117 -32.4401 0.2978 15.3091 79.9519 18.6971 0.0000 25.3508 -0.0001 
-19.8279 88.8319 -9.1221 -8.2759 -1.9296 6.3854 -0.9931 6.1122 0.3616 -0.9960 6.1304 0.3625 -0.9960 6.1307 0.3625 60.3546 85.1512 -37.7310 84.3625 60.0170 102.7291 25.9118 7.1658 16.4431 -0.2058 1.0700 -0.8459 0.0000 0.0000 0.0001 0.0000 0.0000 0.0000 0.0000 -0.0013 -0.0008 0.0000 -0.0004 0.0001 0.0000 0.0000 0.0000 0.0000 0.0000 0.0000 0.0000 0.0002 0.0000 0.0000 -0.0006 0.0003 0.0000 0.0004 -0.0006 0.0000 0.0000 0.0001 0.0000 0.0000 0.0000 0.0000 -0.0010 -0.0002 0.0000 0.0002 30.0001 -0.0001 0.0005 -29.9998 0.0000 0.0000 0.0000 6.8198 -5.6691 -5.8682 6.8199 -5.6691 -5.8682 253.8620 90.0000 0.0000 -80.0432 59.2797 -104.5431 -22.1110 4.6686 -15.4460 0.2128 1.1305 1.3577 0.0000 -0.0001 0.0001 0.0000 0.0000 0.0000 0.0000 -0.0006 0.0003 0.0000 -0.0001 0.0001 0.0000 0.0000 0.0000 0.0000 0.0000 0.0000 0.0000 0.0007 0.0001 0.0000 -0.0012 0.0001 0.0000 -0.0008 0.0003 0.0000 0.0001 0.0000 0.0000 0.0000 0.0000 0.0000 -0.0008 0.0000 0.0000 0.0002 -29.9996 -0.0001 -0.0003 29.9996 0.0000 0.0000 0.0000 5.5993 -4.9260 -169.1986 -0.1983 -25.1626 0.1269 -56.9096 60.5812 -57.4474 0.0000 24.9874 0.0000 1.0565 -18.1002 164.0523 -1.3076 -32.2827 0.2947 16.7263 79.7389 20.0935 0.0000 25.3508 -0.0001 
-19.2725 88.7546 -9.1686 -8.0863 -1.9585 6.1786 -0.9648 6.1256 0.3737 -0.9676 6.1438 0.3747 -0.9676 6.1441 0.3747 61.3139 85.1623 -36.8674 84.2175 59.9337 102.6579 25.7954 7.2120 16.5816 -0.2079 1.0714 -0.8504 0.0000 0.0000 0.0001 0.0000 0.0000 0.0000 0.0000 -0.0013 -0.0008 0.0000 -0.0004 0.0001 0.0000 0.0000 0.0000 0.0000 0.0000 0.0000 0.0000 0.0002 -0.0001 0.0000 -0.0006 0.0003 0.0000 0.0004 -0.0006 0.0000 0.0000 0.0001 0.0000 0.0000 0.0000 0.0000 -0.0010 -0.0002 0.0000 0.0002 30.0001 -0.0001 0.0005 -29.9998 0.0000 0.0000 0.0000 6.7838 -5.7432 -5.8286 6.7838 -5.7432 -5.8286 253.8963 90.0000 0.0000 -79.9964 59.2803 -104.4466 -22.0465 4.6610 -15.5899 0.2131 1.1238 1.3562 0.0000 -0.0001 0.0001 0.0000 0.0000 0.0000 0.0000 -0.0006 0.0003 0.0000 -0.0001 0.0001 0.0000 0.0000 0.0000 0.0000 0.0000 0.0000 0.0000 0.0007 0.0001 0.0000 -0.0012 0.0001 0.0000 -0.0008 0.0003 0.0000 0.0001 0.0000 0.0000 0.0000 0.0000 0.0000 -0.0008 0.0000 0.0000 0.0002 -29.9997 -0.0001 -0.0003 29.9996 0.0000 0.0000 0.0000 5.8281 -5.0564 -169.2931 -0.1995 -25.1720 0.1271 -58.7801 61.2625 -58.9871 0.0000 25.0154 0.0000 0.8863 -18.0663 163.8770 -1.2979 -32.0845 0.2894 17.7637 79.5043 21.2298 0.0000 25.3508 -0.0001 
-18.7157 88.6781 -9.2024 -7.9005 -1.9849 5.9447 -0.9300 6.1303 0.3849 -0.9327 6.1485 0.3859 -0.9327 6.1488 0.3859 62.2518 85.1702 -36.0450 84.0238 59.8014 102.5323 25.6328 7.2880 16.7126 -0.2100 1.0722 -0.8542 0.0000 0.0000 0.0001 0.0000 0.0000 0.0000 0.0000 -0.0013 -0.0008 0.0000 -0.0004 0.0001 0.0000 0.0000 0.0000 0.0000 0.0000 0.0000 0.0000 0.0002 0.0000 0.0000 -0.0006 0.0003 0.0000 0.0004 -0.0006 0.0000 0.0000 0.0001 0.0000 0.0000 0.0000 0.0000 -0.0010 -0.0002 0.0000 0.0002 30.0001 -0.0001 0.0005 -29.9998 0.0000 0.0000 0.0000 6.7400 -5.8039 -5.7640 6.7400 -5.8039 -5.7640 253.9513 90.0000 0.0000 -79.8992 59.3065 -104.2751 -21.9851 4.6725 -15.7821 0.2135 1.1146 1.3524 0.0000 -0.0001 0.0001 0.0000 0.0000 0.0000 0.0000 -0.0006 0.0003 0.0000 -0.0001 0.0001 0.0000 0.0000 0.0000 0.0000 0.0000 0.0000 0.0000 0.0007 0.0001 0.0000 -0.0011 0.0001 0.0000 -0.0008 0.0003 0.0000 0.0001 0.0000 0.0000 0.0000 0.0000 0.0000 -0.0008 0.0000 0.0000 0.0002 -29.9997 -0.0001 -0.0003 29.9996 0.0000 0.0000 0.0000 6.1199 -5.2038 -169.3766 -0.1992 -25.1865 0.1271 -60.5422 61.9128 -60.4062 0.0000 25.0374 0.0000 0.5815 -18.0421 163.7327 -1.2878 -31.8472 0.2837 18.4768 79.2651 22.1685 0.0000 25.3508 -0.0001 
-18.1551 88.6035 -9.2128 -7.7192 -2.0117 5.6876 -0.8895 6.1272 0.3939 -0.8921 6.1453 0.3949 -0.8922 6.1457 0.3950 63.2427 85.1780 -35.1936 83.7920 59.6283 102.3623 25.4387 7.3884 16.8475 -0.2122 1.0725 -0.8572 0.0000 0.0000 0.0001 0.0000 0.0000 0.0000 0.0000 -0.0013 -0.0008 0.0000 -0.0004 0.0001 0.0000 0.0000 0.0000 0.0000 0.0000 0.0000 0.0000 0.0002 0.0000 0.0000 -0.0006 0.0003 0.0000 0.0004 -0.0006 0.0000 0.0000 0.0001 0.0000 0.0000 0.0000 0.0000 -0.0010 -0.0002 0.0000 0.0002 30.0001 -0.0001 0.0005 -29.9998 0.0000 0.0000 0.0000 6.6850 -5.8523 -5.6730 6.6850 -5.8523 -5.6730 254.0496 90.0000 0.0000 -79.7276 59.3855 -104.0104 -21.9220 4.7094 -16.0445 0.2144 1.1023 1.3466 0.0000 -0.0001 0.0001 0.0000 0.0000 0.0000 0.0000 -0.0006 0.0003 0.0000 -0.0001 0.0001 0.0000 0.0000 0.0000 0.0000 0.0000 0.0000 0.0000 0.0007 0.0001 0.0000 -0.0011 0.0001 0.0000 -0.0008 0.0003 0.0000 0.0001 0.0000 0.0000 0.0000 0.0000 0.0000 -0.0009 0.0000 0.0000 0.0002 -29.9996 -0.0001 -0.0003 29.9995 0.0000 0.0000 0.0000 6.4530 -5.3409 -169.4517 -0.2001 -25.2053 0.1273 -62.2751 62.5443 -61.7995 0.0000 25.0547 0.0000 0.1367 -18.0196 163.6140 -1.2814 -31.5730 0.2785 18.9110 79.0301 22.9586 0.0000 25.3508 -0.0001 
-17.5966 88.5330 -9.1841 -7.5429 -2.0423 5.4024 -0.8392 6.1168 0.3938 -0.8416 6.1349 0.3949 -0.8416 6.1353 0.3949 64.3807 85.1740 -34.2304 83.5223 59.4101 102.1497 25.2155 7.5165 17.0062 -0.2148 1.0728 -0.8598 0.0000 0.0000 0.0001 0.0000 0.0000 0.0000 0.0000 -0.0013 -0.0008 0.0000 -0.0004 0.0001 0.0000 0.0000 0.0000 0.0000 0.0000 0.0000 0.0000 0.0002 0.0000 0.0000 -0.0006 0.0003 0.0000 0.0004 -0.0006 0.0000 0.0000 0.0001 0.0000 0.0000 0.0000 0.0000 -0.0010 -0.0002 0.0000 0.0002 30.0001 -0.0001 0.0005 -29.9998 0.0000 0.0000 0.0000 6.6019 -5.8889 -5.5353 6.6019 -5.8889 -5.5353 254.2372 90.0000 0.0000 -79.4167 59.5914 -103.5815 -21.8654 4.8028 -16.4433 0.2164 1.0858 1.3397 0.0000 -0.0001 0.0001 0.0000 0.0000 0.0000 0.0000 -0.0006 0.0003 0.0000 -0.0001 0.0001 0.0000 0.0000 0.0000 0.0000 0.0000 0.0000 0.0000 0.0007 0.0001 0.0000 -0.0012 0.0001 0.0000 -0.0008 0.0003 0.0000 0.0001 0.0000 0.0000 0.0000 0.0000 0.0000 -0.0008 0.0000 0.0000 0.0002 -29.9997 -0.0001 -0.0003 29.9996 0.0000 0.0000 0.0000 6.7859 -5.4281 -169.5347 -0.2100 -25.2024 0.1296 -63.9511 63.1474 -63.1408 0.0000 25.0680 0.0000 -0.5277 -17.9949 163.5320 -1.2790 -31.2444 0.2739 18.9449 78.8051 23.5554 0.0000 25.3508 -0.0001 
-17.0549 88.4666 -9.1450 -7.3701 -2.0748 5.1065 -0.7782 6.1016 0.3803 -0.7804 6.1194 0.3813 -0.7805 6.1200 0.3813 65.6405 85.1546 -33.1654 83.2394 59.1722 101.9223 24.9698 7.6661 17.1897 -0.2179 1.0735 -0.8628 0.0000 0.0000 0.0001 0.0000 0.0000 0.0000 0.0000 -0.0013 -0.0008 0.0000 -0.0004 0.0001 0.0000 0.0000 0.0000 0.0000 0.0000 0.0000 0.0000 0.0002 0.0000 0.0000 -0.0006 0.0003 0.0000 0.0004 -0.0006 0.0000 0.0000 0.0001 0.0000 0.0000 0.0000 0.0000 -0.0010 -0.0002 0.0000 0.0002 30.0001 -0.0001 0.0005 -29.9998 0.0000 0.0000 0.0000 6.4900 -5.9236 -5.3597 6.4900 -5.9236 -5.3597 254.4975 90.0000 0.0000 -78.9730 59.9216 -103.0163 -21.8409 4.9509 -16.9435 0.2194 1.0664 1.3320 0.0000 -0.0001 0.0001 0.0000 0.0000 0.0000 0.0000 -0.0006 0.0003 0.0000 -0.0001 0.0001 0.0000 0.0000 0.0000 0.0000 0.0000 0.0000 0.0000 0.0007 0.0001 0.0000 -0.0012 0.0001 0.0000 -0.0008 0.0003 0.0000 0.0001 0.0000 0.0000 0.0000 0.0000 0.0000 -0.0009 0.0000 0.0000 0.0002 -29.9996 -0.0001 -0.0003 29.9996 0.0000 0.0000 0.0000 7.1051 -5.4628 -169.6136 -0.2112 -25.1228 0.1297 -65.5099 63.6913 -64.3725 0.0000 25.0780 0.0000 -1.3249 -17.9745 163.4789 -1.2686 -30.8773 0.2666 18.6863 78.5788 23.9926 0.0000 25.3508 -0.0001 
-16.5281 88.4017 -9.1120 -7.1987 -2.1055 4.8106 -0.7089 6.0808 0.3533 -0.7109 6.0984 0.3542 -0.7110 6.0992 0.3543 66.9598 85.1242 -32.0568 82.9483 58.9205 101.6930 24.7037 7.8400 17.3950 -0.2214 1.0739 -0.8666 0.0000 0.0000 0.0001 0.0000 0.0000 0.0000 0.0000 -0.0013 -0.0008 0.0000 -0.0004 0.0001 0.0000 0.0000 0.0000 0.0000 0.0000 0.0000 0.0000 0.0002 0.0000 0.0000 -0.0006 0.0003 0.0000 0.0004 -0.0006 0.0000 0.0000 0.0001 0.0000 0.0000 0.0000 0.0000 -0.0010 -0.0002 0.0000 0.0003 30.0001 -0.0001 0.0005 -29.9998 0.0000 0.0000 0.0000 6.3544 -5.9574 -5.1572 6.3544 -5.9574 -5.1572 254.7820 90.0000 0.0000 -78.4657 60.3367 -102.3899 -21.8463 5.1352 -17.4910 0.2227 1.0454 1.3231 0.0000 -0.0001 0.0001 0.0000 0.0000 0.0000 0.0000 -0.0006 0.0003 0.0000 -0.0001 0.0001 0.0000 0.0000 0.0000 0.0000 0.0000 0.0000 0.0000 0.0007 0.0001 0.0000 -0.0012 0.0001 0.0000 -0.0008 0.0003 0.0000 0.0001 0.0000 0.0000 0.0000 0.0000 0.0000 -0.0008 0.0000 0.0000 0.0002 -29.9997 -0.0001 -0.0003 29.9996 0.0000 0.0000 0.0000 7.3832 -5.4594 -169.7117 -0.2208 -24.9479 0.1314 -66.8740 64.1890 -65.4060 0.0000 25.0855 0.0000 -2.2012 -17.9676 163.4411 -1.2498 -30.4850 0.2569 18.2256 78.3436 24.3111 0.0000 25.3508 -0.0001 
-16.0130 88.3372 -9.1015 -7.0244 -2.1270 4.5306 -0.6304 6.0514 0.3039 -0.6321 6.0687 0.3047 -0.6322 6.0697 0.3047 68.2088 85.0757 -31.0426 82.6893 58.6585 101.5023 24.4444 8.0299 17.6158 -0.2254 1.0750 -0.8718 0.0000 0.0000 0.0001 0.0000 0.0000 0.0000 0.0000 -0.0013 -0.0008 0.0000 -0.0004 0.0001 0.0000 0.0000 0.0000 0.0000 0.0000 0.0000 0.0000 0.0002 0.0000 0.0000 -0.0006 0.0003 0.0000 0.0004 -0.0006 0.0000 0.0000 0.0001 0.0000 0.0000 0.0000 0.0000 -0.0010 -0.0002 0.0000 0.0002 30.0001 -0.0001 0.0005 -29.9998 0.0000 0.0000 0.0000 6.1892 -5.9932 -4.9301 6.1892 -5.9932 -4.9301 255.0536 90.0000 0.0000 -77.9757 60.8072 -101.7903 -21.8454 5.3530 -18.0348 0.2257 1.0225 1.3130 0.0000 -0.0001 0.0001 0.0000 0.0000 0.0000 0.0000 -0.0006 0.0003 0.0000 -0.0001 0.0001 0.0000 0.0000 0.0000 0.0000 0.0000 0.0000 0.0000 0.0007 0.0001 0.0000 -0.0012 0.0001 0.0000 -0.0008 0.0003 0.0000 0.0001 0.0000 0.0000 0.0000 0.0000 0.0000 -0.0009 0.0000 0.0000 0.0002 -29.9997 -0.0001 -0.0003 29.9996 0.0000 0.0000 0.0000 7.6172 -5.4008 -169.8051 -0.2228 -24.6319 0.1312 -67.9010 64.6100 -66.1529 0.0000 25.0905 0.0000 -3.1506 -17.9990 163.4020 -1.2249 -30.0764 0.2454 17.5873 78.0895 24.5363 0.0000 25.3508 -0.0001 
-15.4967 88.2735 -9.1027 -6.8428 -2.1316 4.2722 -0.5464 6.0136 0.2344 -0.5479 6.0305 0.2350 -0.5481 6.0318 0.2350 69.3475 85.0100 -30.1573 82.5067 58.3742 101.4042 24.2338 8.1983 17.8226 -0.2291 1.0765 -0.8768 0.0000 0.0000 0.0001 0.0000 0.0000 0.0000 0.0000 -0.0013 -0.0008 0.0000 -0.0004 0.0001 0.0000 0.0000 0.0000 0.0000 0.0000 0.0000 0.0000 0.0002 0.0000 0.0000 -0.0006 0.0003 0.0000 0.0004 -0.0006 0.0000 0.0000 0.0001 0.0000 0.0000 0.0000 0.0000 -0.0010 -0.0002 0.0000 0.0003 30.0001 -0.0001 0.0005 -29.9998 0.0000 0.0000 0.0000 6.0042 -6.0324 -4.6987 6.0042 -6.0324 -4.6987 255.2904 90.0000 0.0000 -77.6137 61.2431 -101.2886 -21.7729 5.5786 -18.5250 0.2279 0.9977 1.3024 0.0000 -0.0001 0.0001 0.0000 0.0000 0.0000 0.0000 -0.0006 0.0003 0.0000 -0.0001 0.0001 0.0000 0.0000 0.0000 0.0000 0.0000 0.0000 0.0000 0.0007 0.0001 0.0000 -0.0012 0.0001 0.0000 -0.0008 0.0003 0.0000 0.0001 0.0000 0.0000 0.0000 0.0000 0.0000 -0.0009 0.0000 0.0000 0.0002 -29.9996 -0.0001 -0.0003 29.9996 0.0000 0.0000 0.0000 7.8018 -5.3123 -169.9155 -0.2176 -24.2400 0.1293 -68.6324 65.0020 -66.6775 0.0000 25.3510 0.0000 -4.1491 -18.0704 163.3464 -1.1996 -29.6661 0.2340 16.8858 77.8189 24.7563 0.0000 25.3508 -0.0001 
-14.9818 88.2127 -9.1011 -6.6566 -2.1139 4.0368 -0.4567 5.9669 0.1468 -0.4580 5.9834 0.1471 -0.4581 5.9849 0.1471 70.3714 84.9349 -29.3953 82.3823 58.0595 101.3921 24.0753 8.3358 17.9929 -0.2326 1.0795 -0.8816 0.0000 0.0000 0.0001 0.0000 0.0000 0.0000 0.0000 -0.0013 -0.0008 0.0000 -0.0004 0.0001 0.0000 0.0000 0.0000 0.0000 0.0000 0.0000 0.0000 0.0002 -0.0001 0.0000 -0.0006 0.0003 0.0000 0.0004 -0.0006 0.0000 0.0000 0.0001 0.0000 0.0000 0.0000 0.0000 -0.0010 -0.0002 0.0000 0.0002 30.0001 -0.0001 0.0005 -29.9998 0.0000 0.0000 0.0000 5.8066 -6.0763 -4.4690 5.8066 -6.0764 -4.4690 255.4833 90.0000 0.0000 -77.3720 61.6152 -100.8783 -21.6361 5.8016 -18.9697 0.2293 0.9726 1.2919 0.0000 -0.0001 0.0001 0.0000 0.0000 0.0000 0.0000 -0.0006 0.0003 0.0000 -0.0001 0.0001 0.0000 0.0000 0.0000 0.0000 0.0000 0.0000 0.0000 0.0007 0.0001 0.0000 -0.0012 0.0001 0.0000 -0.0008 0.0003 0.0000 0.0001 0.0000 0.0000 0.0000 0.0000 0.0000 -0.0009 0.0000 0.0000 0.0002 -29.9996 -0.0001 -0.0003 29.9996 0.0000 0.0000 0.0000 7.9036 -5.2151 -170.0543 -0.2105 -23.8052 0.1270 -69.1233 65.3727 -66.9868 0.0000 25.3510 0.0000 -4.5203 -17.9806 163.2379 -1.1411 -29.2502 0.2142 17.5180 77.4938 25.7409 0.0000 25.3508 -0.0001 
-14.4785 88.1589 -9.0714 -6.4683 -2.0555 3.8424 -0.3573 5.9046 0.0341 -0.3583 5.9205 0.0342 -0.3584 5.9224 0.0342 71.2594 84.8665 -28.7812 82.3088 57.6785 101.4767 23.9899 8.4185 18.0709 -0.2347 1.0838 -0.8836 0.0000 0.0000 0.0001 0.0000 0.0000 0.0000 0.0000 -0.0013 -0.0008 0.0000 -0.0004 0.0001 0.0000 0.0000 0.0000 0.0000 0.0000 0.0000 0.0000 0.0002 0.0000 0.0000 -0.0006 0.0003 0.0000 0.0004 -0.0006 0.0000 0.0000 0.0001 0.0000 0.0000 0.0000 0.0000 -0.0010 -0.0002 0.0000 0.0002 30.0001 -0.0001 0.0005 -29.9998 0.0000 0.0000 0.0000 5.6001 -6.1272 -4.2525 5.6001 -6.1272 -4.2525 255.5864 90.0000 0.0000 -77.3319 61.8499 -100.6083 -21.4345 5.9789 -19.3568 0.2296 0.9484 1.2799 0.0000 -0.0001 0.0001 0.0000 0.0000 0.0000 0.0000 -0.0006 0.0003 0.0000 -0.0001 0.0001 0.0000 0.0000 0.0000 0.0000 0.0000 0.0000 0.0000 0.0007 0.0001 0.0000 -0.0012 0.0001 0.0000 -0.0008 0.0003 0.0000 0.0001 0.0000 0.0000 0.0000 0.0000 0.0000 -0.0009 0.0000 0.0000 0.0002 -29.9996 -0.0001 -0.0003 29.9996 0.0000 0.0000 0.0000 7.8692 -5.1544 -170.2810 -0.2252 -23.3596 0.1292 -69.2574 65.7586 -66.9537 0.0000 25.3510 0.0000 -4.9494 -17.9198 163.0986 -1.0851 -28.8122 0.1952 18.0594 77.1762 26.6928 0.0000 25.3508 -0.0001 
-14.0004 88.1130 -9.0172 -6.2865 -1.9682 3.6864 -0.2440 5.8349 -0.0997 -0.2447 5.8502 -0.1000 -0.2448 5.8525 -0.1000 71.8626 84.8478 -28.5040 82.1877 57.1825 101.5434 23.9645 8.4577 18.0649 -0.2356 1.0889 -0.8819 0.0000 0.0000 0.0001 0.0000 0.0000 0.0000 0.0000 -0.0013 -0.0008 0.0000 -0.0004 0.0001 0.0000 0.0000 0.0000 0.0000 0.0000 0.0000 0.0000 0.0002 -0.0001 0.0000 -0.0006 0.0003 0.0000 0.0004 -0.0006 0.0000 0.0000 0.0001 0.0000 0.0000 0.0000 0.0000 -0.0010 -0.0002 0.0000 0.0002 30.0001 -0.0001 0.0005 -29.9998 0.0000 0.0000 0.0000 5.3847 -6.1920 -4.0454 5.3847 -6.1920 -4.0454 255.6585 90.0000 0.0000 -77.3920 61.9980 -100.3992 -21.2016 6.1075 -19.7217 0.2292 0.9253 1.2674 0.0000 -0.0001 0.0001 0.0000 0.0000 0.0000 0.0000 -0.0006 0.0003 0.0000 -0.0001 0.0001 0.0000 0.0000 0.0000 0.0000 0.0000 0.0000 0.0000 0.0007 0.0001 0.0000 -0.0012 0.0001 0.0000 -0.0008 0.0003 0.0000 0.0001 0.0000 0.0000 0.0000 0.0000 0.0000 -0.0008 0.0000 0.0000 0.0002 -29.9996 -0.0001 -0.0003 29.9996 0.0000 0.0000 0.0000 7.7355 -5.1490 -170.5477 -0.2387 -22.9722 0.1311 -69.2371 66.1298 -66.7797 0.0000 25.3510 0.0000 -5.4471 -17.8838 162.9430 -1.0316 -28.3529 0.1771 18.4259 76.8743 27.5328 0.0000 25.3508 -0.0001 
-13.5550 88.0775 -8.9521 -6.1103 -1.8547 3.5711 -0.1146 5.7589 -0.2556 -0.1149 5.7737 -0.2562 -0.1150 5.7763 -0.2564 72.4216 84.8514 -28.2757 82.0438 56.6198 101.6178 23.9974 8.4581 18.0006 -0.2356 1.0952 -0.8768 0.0000 0.0000 0.0001 0.0000 0.0000 0.0000 0.0000 -0.0013 -0.0008 0.0000 -0.0004 0.0001 0.0000 0.0000 0.0000 0.0000 0.0000 0.0000 0.0000 0.0002 0.0000 0.0000 -0.0006 0.0003 0.0000 0.0004 -0.0006 0.0000 0.0000 0.0001 0.0000 0.0000 0.0000 0.0000 -0.0010 -0.0002 0.0000 0.0002 30.0001 -0.0001 0.0005 -29.9998 0.0000 0.0000 0.0000 5.1545 -6.2714 -3.8384 5.1545 -6.2714 -3.8384 255.7379 90.0000 0.0000 -77.4966 62.1319 -100.2015 -20.9654 6.2144 -20.0769 0.2282 0.9022 1.2544 0.0000 -0.0001 0.0001 0.0000 0.0000 0.0000 0.0000 -0.0006 0.0003 0.0000 -0.0001 0.0001 0.0000 0.0000 0.0000 0.0000 0.0000 0.0000 0.0000 0.0007 0.0001 0.0000 -0.0012 0.0001 0.0000 -0.0008 0.0003 0.0000 0.0001 0.0000 0.0000 0.0000 0.0000 0.0000 -0.0008 0.0000 0.0000 0.0002 -29.9996 -0.0001 -0.0003 29.9996 0.0000 0.0000 0.0000 7.5047 -5.2042 -170.8314 -0.2377 -22.6732 0.1303 -69.1898 66.4634 -66.5688 0.0000 25.3510 0.0000 -6.0151 -17.8817 162.7767 -0.9733 -27.8765 0.1581 18.5667 76.5874 28.2149 0.0000 25.3508 -0.0001 
-13.1543 88.0640 -8.8739 -5.9373 -1.7204 3.5183 0.0408 5.6787 -0.4461 0.0409 5.6929 -0.4472 0.0409 5.6958 -0.4474 73.2055 84.8784 -27.7975 81.8192 55.9973 101.6646 24.1157 8.4102 17.8945 -0.2349 1.1041 -0.8673 0.0000 0.0000 0.0001 0.0000 0.0000 0.0000 0.0000 -0.0013 -0.0008 0.0000 -0.0004 0.0001 0.0000 0.0000 0.0000 0.0000 0.0000 0.0000 0.0000 0.0002 0.0000 0.0000 -0.0006 0.0003 0.0000 0.0004 -0.0006 0.0000 0.0000 0.0001 0.0000 0.0000 0.0000 0.0000 -0.0010 -0.0002 0.0000 0.0003 30.0001 -0.0001 0.0005 -29.9998 0.0000 0.0000 0.0000 4.8996 -6.3691 -3.6202 4.8996 -6.3691 -3.6202 151.3513 87.2167 -103.1764 -77.6493 62.3329 -100.0196 -20.7814 6.3159 -20.4021 0.2267 0.8785 1.2405 0.0000 -0.0001 0.0001 0.0000 0.0000 0.0000 0.0000 -0.0006 0.0003 0.0000 -0.0001 0.0001 0.0000 0.0000 0.0000 0.0000 0.0000 0.0000 0.0000 0.0007 0.0001 0.0000 -0.0011 0.0001 0.0000 -0.0008 0.0003 0.0000 0.0001 0.0000 0.0000 0.0000 0.0000 0.0000 -0.0009 0.0000 0.0000 0.0002 -29.9996 -0.0001 -0.0003 29.9996 0.0000 0.0000 0.0000 7.1098 -5.3644 -171.1582 -0.2237 -22.5274 0.1272 -69.1295 66.7422 -66.2708 0.0000 25.3510 0.0000 -6.6539 -17.9085 162.5879 -0.9126 -27.3848 0.1390 18.4912 76.3303 28.7436 0.0000 25.3508 -0.0001 
-12.7819 88.0701 -8.7902 -5.7403 -1.5830 3.5015 0.2127 5.5970 -0.6561 0.2131 5.6107 -0.6577 0.2132 5.6139 -0.6580 74.1906 84.9195 -27.0793 81.5278 55.3608 101.6567 24.2830 8.3443 17.7901 -0.2340 1.1144 -0.8548 0.0000 0.0000 0.0001 0.0000 0.0000 0.0000 0.0000 -0.0013 -0.0008 0.0000 -0.0004 0.0001 0.0000 0.0000 0.0000 0.0000 0.0000 0.0000 0.0000 0.0002 0.0000 0.0000 -0.0006 0.0003 0.0000 0.0004 -0.0006 0.0000 0.0000 0.0001 0.0000 0.0000 0.0000 0.0000 -0.0010 -0.0002 0.0000 0.0002 30.0001 -0.0001 0.0005 -29.9998 0.0000 0.0000 0.0000 4.6258 -6.4741 -3.3973 4.6258 -6.4741 -3.3973 153.6563 86.9962 -100.9535 -77.8787 62.6142 -99.8886 -20.6586 6.4234 -20.6751 0.2243 0.8535 1.2244 0.0000 -0.0001 0.0001 0.0000 0.0000 0.0000 0.0000 -0.0006 0.0003 0.0000 -0.0001 0.0001 0.0000 0.0000 0.0000 0.0000 0.0000 0.0000 0.0000 0.0007 0.0001 0.0000 -0.0011 0.0001 0.0000 -0.0008 0.0003 0.0000 0.0001 0.0000 0.0000 0.0000 0.0000 0.0000 -0.0009 0.0000 0.0000 0.0002 -29.9997 -0.0001 -0.0003 29.9996 0.0000 0.0000 0.0000 6.6006 -5.6189 -171.5463 -0.2202 -22.4806 0.1264 -68.9303 67.0176 -65.7659 0.0000 25.3510 0.0000 -7.3254 -17.9361 162.3883 -0.8531 -26.8903 0.1206 18.3763 76.0970 29.2316 0.0000 25.3508 -0.0001 
-12.4267 88.0851 -8.7286 -5.5065 -1.4538 3.4975 0.3964 5.5174 -0.8723 0.3972 5.5307 -0.8743 0.3974 5.5340 -0.8748 75.2967 84.9745 -26.1977 81.2019 54.7351 101.6091 24.4769 8.2858 17.7072 -0.2331 1.1241 -0.8405 0.0000 0.0000 0.0001 0.0000 0.0000 0.0000 0.0000 -0.0013 -0.0008 0.0000 -0.0004 0.0001 0.0000 0.0000 0.0000 0.0000 0.0000 0.0000 0.0000 0.0002 0.0000 0.0000 -0.0006 0.0003 0.0000 0.0004 -0.0006 0.0000 0.0000 0.0001 0.0000 0.0000 0.0000 0.0000 -0.0010 -0.0002 0.0000 0.0002 30.0001 -0.0001 0.0005 -29.9998 0.0000 0.0000 0.0000 4.3329 -6.5800 -3.1797 4.3329 -6.5800 -3.1797 155.7743 86.7897 -98.8967 -78.1735 62.9500 -99.8112 -20.5643 6.5398 -20.8893 0.2214 0.8283 1.2078 0.0000 -0.0001 0.0001 0.0000 0.0000 0.0000 0.0000 -0.0006 0.0003 0.0000 -0.0001 0.0001 0.0000 0.0000 0.0000 0.0000 0.0000 0.0000 0.0000 0.0007 0.0001 0.0000 -0.0012 0.0001 0.0000 -0.0008 0.0003 0.0000 0.0001 0.0000 0.0000 0.0000 0.0000 0.0000 -0.0009 0.0000 0.0000 0.0002 -29.9997 -0.0001 -0.0003 29.9996 0.0000 0.0000 0.0000 6.0260 -5.9157 -171.9709 -0.2233 -22.4989 0.1270 -68.6304 67.3119 -65.1173 0.0000 25.3510 0.0000 -7.9966 -17.9589 162.1921 -0.7909 -26.3972 0.1022 18.2950 75.8654 29.7114 0.0000 25.3508 -0.0001 
-12.0809 88.0919 -8.7394 -5.2016 -1.3410 3.4809 0.6011 5.4428 -1.0875 0.6024 5.4559 -1.0900 0.6028 5.4592 -1.0907 76.6934 85.0039 -24.9052 80.8847 54.1977 101.5612 24.6743 8.2462 17.6710 -0.2328 1.1334 -0.8259 0.0000 0.0000 0.0001 0.0000 0.0000 0.0000 0.0000 -0.0013 -0.0008 0.0000 -0.0004 0.0001 0.0000 0.0000 0.0000 0.0000 0.0000 0.0000 0.0000 0.0002 0.0000 0.0000 -0.0006 0.0003 0.0000 0.0004 -0.0006 0.0000 0.0000 0.0001 0.0000 0.0000 0.0000 0.0000 -0.0010 -0.0002 0.0000 0.0002 30.0001 -0.0001 0.0005 -29.9998 0.0000 0.0000 0.0000 3.9924 -6.6749 -2.9610 3.9924 -6.6749 -2.9610 157.3569 86.6219 -97.3188 -78.5575 63.3267 -99.7844 -20.4685 6.6595 -21.0365 0.2178 0.8021 1.1912 0.0000 -0.0001 0.0001 0.0000 0.0000 0.0000 0.0000 -0.0006 0.0003 0.0000 -0.0001 0.0001 0.0000 0.0000 0.0000 0.0000 0.0000 0.0000 0.0000 0.0007 0.0001 0.0000 -0.0012 0.0001 0.0000 -0.0008 0.0003 0.0000 0.0001 0.0000 0.0000 0.0000 0.0000 0.0000 -0.0009 0.0000 0.0000 0.0002 -29.9996 -0.0001 -0.0003 29.9996 0.0000 0.0000 0.0000 5.3894 -6.2060 -172.4117 -0.2312 -22.5728 0.1287 -68.2826 67.6530 -64.3757 0.0000 25.3510 0.0000 -8.6251 -17.9789 162.0166 -0.7212 -25.9128 0.0827 18.3342 75.5931 30.2015 0.0000 25.3508 -0.0001 
-11.7313 88.0750 -8.8291 -4.8325 -1.2433 3.4274 0.8047 5.3695 -1.2833 0.8065 5.3824 -1.2863 0.8070 5.3857 -1.2871 78.3232 85.0236 -23.3116 80.6273 53.7786 101.5512 24.8501 8.2166 17.6688 -0.2326 1.1404 -0.8136 0.0000 0.0000 0.0001 0.0000 0.0000 0.0000 0.0000 -0.0013 -0.0008 0.0000 -0.0004 0.0001 0.0000 0.0000 0.0000 0.0000 0.0000 0.0000 0.0000 0.0002 0.0000 0.0000 -0.0006 0.0003 0.0000 0.0004 -0.0006 0.0000 0.0000 0.0001 0.0000 0.0000 0.0000 0.0000 -0.0010 -0.0002 0.0000 0.0002 30.0001 -0.0001 0.0005 -29.9998 0.0000 0.0000 0.0000 3.6301 -6.7400 -2.7664 3.6301 -6.7400 -2.7664 158.9736 86.4942 -95.6960 -78.9623 63.6702 -99.7407 -20.3422 6.7887 -21.1645 0.2141 0.7769 1.1738 0.0000 -0.0001 0.0001 0.0000 0.0000 0.0000 0.0000 -0.0006 0.0003 0.0000 -0.0001 0.0001 0.0000 0.0000 0.0000 0.0000 0.0000 0.0000 0.0000 0.0007 0.0001 0.0000 -0.0011 0.0001 0.0000 -0.0008 0.0003 0.0000 0.0001 0.0000 0.0000 0.0000 0.0000 0.0000 -0.0009 0.0000 0.0000 0.0002 -29.9997 -0.0001 -0.0003 29.9996 0.0000 0.0000 0.0000 4.7404 -6.4495 -172.8077 -0.2349 -22.6527 0.1297 -67.9290 68.0238 -63.6404 0.0000 25.3510 0.0000 -9.1788 -17.9914 161.8743 -0.6493 -25.4340 0.0634 18.5286 75.2442 30.7117 0.0000 25.3508 -0.0001 
-11.3791 88.0393 -8.9605 -4.4154 -1.1595 3.3297 1.0054 5.2973 -1.4570 1.0077 5.3101 -1.4604 1.0083 5.3133 -1.4613 80.0267 85.0520 -21.6227 80.3783 53.4100 101.5154 24.9471 8.2129 17.7062 -0.2328 1.1444 -0.8035 0.0000 0.0000 0.0001 0.0000 0.0000 0.0000 0.0000 -0.0013 -0.0008 0.0000 -0.0004 0.0001 0.0000 0.0000 0.0000 0.0000 0.0000 0.0000 0.0000 0.0002 -0.0001 0.0000 -0.0006 0.0003 0.0000 0.0004 -0.0006 0.0000 0.0000 0.0001 0.0000 0.0000 0.0000 0.0000 -0.0010 -0.0002 0.0000 0.0002 30.0001 -0.0001 0.0005 -29.9998 0.0000 0.0000 0.0000 3.2551 -6.7794 -2.5962 3.2551 -6.7794 -2.5962 160.5224 86.3839 -94.1319 -79.3064 63.9414 -99.6209 -20.1590 6.9327 -21.3065 0.2109 0.7533 1.1562 0.0000 -0.0001 0.0001 0.0000 0.0000 0.0000 0.0000 -0.0006 0.0003 0.0000 -0.0001 0.0001 0.0000 0.0000 0.0000 0.0000 0.0000 0.0000 0.0000 0.0007 0.0001 0.0000 -0.0012 0.0001 0.0000 -0.0008 0.0003 0.0000 0.0001 0.0000 0.0000 0.0000 0.0000 0.0000 -0.0009 0.0000 0.0000 0.0002 -29.9997 -0.0001 -0.0003 29.9996 0.0000 0.0000 0.0000 4.0968 -6.6537 -173.1395 -0.2334 -22.7211 0.1295 -67.5359 68.4060 -62.8996 0.0000 25.3510 0.0000 -9.6556 -17.9769 161.7682 -0.5804 -24.9668 0.0454 18.8804 74.8380 31.2466 0.0000 25.3508 -0.0001 
-11.0415 87.9866 -9.1177 -3.9583 -1.0870 3.1689 1.2039 5.2262 -1.5970 1.2067 5.2389 -1.6007 1.2073 5.2420 -1.6016 81.6199 85.1010 -20.0405 80.1815 53.1408 101.4837 24.9171 8.2455 17.7806 -0.2334 1.1443 -0.7995 0.0000 0.0000 0.0001 0.0000 0.0000 0.0000 0.0000 -0.0013 -0.0008 0.0000 -0.0004 0.0001 0.0000 0.0000 0.0000 0.0000 0.0000 0.0000 0.0000 0.0002 0.0000 0.0000 -0.0006 0.0003 0.0000 0.0004 -0.0006 0.0000 0.0000 0.0001 0.0000 0.0000 0.0000 0.0000 -0.0010 -0.0002 0.0000 0.0002 30.0001 -0.0001 0.0005 -29.9998 0.0000 0.0000 0.0000 2.8695 -6.7958 -2.4546 2.8695 -6.7958 -2.4546 161.0370 86.2567 -93.5625 -79.3224 64.0328 -99.1904 -19.8535 7.0968 -21.5093 0.2087 0.7324 1.1393 0.0000 -0.0001 0.0001 0.0000 0.0000 0.0000 0.0000 -0.0006 0.0003 0.0000 -0.0001 0.0001 0.0000 0.0000 0.0000 0.0000 0.0000 0.0000 0.0000 0.0007 0.0001 0.0000 -0.0012 0.0001 0.0000 -0.0008 0.0003 0.0000 0.0001 0.0000 0.0000 0.0000 0.0000 0.0000 -0.0009 0.0000 0.0000 0.0002 -29.9996 -0.0001 -0.0003 29.9996 0.0000 0.0000 0.0000 3.4920 -6.8458 -173.3670 -0.2192 -22.7668 0.1267 -67.0197 68.7682 -62.1044 0.0000 25.3510 0.0000 -10.0339 -17.9214 161.7238 -0.5079 -24.5233 0.0273 19.3614 74.3767 31.7564 0.0000 25.3508 -0.0001 
-10.7274 87.9296 -9.2570 -3.4904 -1.0239 2.9830 1.3969 5.1585 -1.7232 1.4001 5.1712 -1.7272 1.4009 5.1742 -1.7282 83.1951 85.1476 -18.5053 80.0593 52.9706 101.5094 24.8217 8.2805 17.8661 -0.2343 1.1423 -0.8007 0.0000 0.0000 0.0001 0.0000 0.0000 0.0000 0.0000 -0.0013 -0.0008 0.0000 -0.0004 0.0001 0.0000 0.0000 0.0000 0.0000 0.0000 0.0000 0.0000 0.0002 0.0000 0.0000 -0.0006 0.0003 0.0000 0.0004 -0.0006 0.0000 0.0000 0.0001 0.0000 0.0000 0.0000 0.0000 -0.0010 -0.0002 0.0000 0.0002 30.0001 -0.0001 0.0005 -29.9998 0.0000 0.0000 0.0000 2.4831 -6.8080 -2.3143 2.4831 -6.8080 -2.3143 160.8400 86.0784 -93.8329 -79.0763 64.1593 -98.5046 -19.4772 7.2604 -21.8034 0.2073 0.7125 1.1232 0.0000 -0.0001 0.0001 0.0000 0.0000 0.0000 0.0000 -0.0006 0.0003 0.0000 -0.0001 0.0001 0.0000 0.0000 0.0000 0.0000 0.0000 0.0000 0.0000 0.0007 0.0001 0.0000 -0.0012 0.0001 0.0000 -0.0008 0.0003 0.0000 0.0001 0.0000 0.0000 0.0000 0.0000 0.0000 -0.0009 0.0000 0.0000 0.0002 -29.9996 -0.0001 -0.0003 29.9996 0.0000 0.0000 0.0000 2.8865 -7.0719 -173.5530 -0.2003 -22.8380 0.1231 -66.4436 69.0971 -61.2642 0.0000 25.3510 0.0000 -10.3729 -17.8270 161.7114 -0.4384 -24.0997 0.0106 19.8549 73.9063 32.2066 0.0000 25.3508 -0.0001 
-10.4392 87.8739 -9.3653 -3.0224 -0.9668 2.7827 1.5789 5.0931 -1.8382 1.5826 5.1058 -1.8426 1.5834 5.1086 -1.8436 84.7992 85.1949 -16.9955 79.9939 52.8698 101.5890 24.7127 8.3008 17.9755 -0.2355 1.1397 -0.8065 0.0000 0.0000 0.0001 0.0000 0.0000 0.0000 0.0000 -0.0013 -0.0008 0.0000 -0.0004 0.0001 0.0000 0.0000 0.0000 0.0000 0.0000 0.0000 0.0000 0.0002 0.0000 0.0000 -0.0006 0.0003 0.0000 0.0004 -0.0006 0.0000 0.0000 0.0001 0.0000 0.0000 0.0000 0.0000 -0.0010 -0.0002 0.0000 0.0002 30.0001 -0.0001 0.0005 -29.9998 0.0000 0.0000 0.0000 2.1087 -6.8221 -2.1734 2.1087 -6.8222 -2.1734 160.0375 85.8586 -94.8388 -78.5885 64.3600 -97.5534 -19.0669 7.4527 -22.1945 0.2066 0.6927 1.1076 0.0000 -0.0001 0.0001 0.0000 0.0000 0.0000 0.0000 -0.0006 0.0003 0.0000 -0.0001 0.0001 0.0000 0.0000 0.0000 0.0000 0.0000 0.0000 0.0000 0.0007 0.0001 0.0000 -0.0011 0.0001 0.0000 -0.0008 0.0003 0.0000 0.0001 0.0000 0.0000 0.0000 0.0000 0.0000 -0.0009 0.0000 0.0000 0.0002 -29.9996 -0.0001 -0.0003 29.9996 0.0000 0.0000 0.0000 2.2591 -7.3493 -173.7314 -0.1876 -22.9392 0.1207 -65.7950 69.3961 -60.3367 0.0000 25.3510 0.0000 -10.7212 -17.7103 161.7263 -0.3744 -23.7027 -0.0044 20.2848 73.4520 32.5792 0.0000 25.3508 -0.0001 
-10.1963 87.8231 -9.4205 -2.5808 -0.9132 2.5627 1.7583 5.0312 -1.9426 1.7624 5.0439 -1.9472 1.7633 5.0465 -1.9482 86.3905 85.2269 -15.5607 79.9572 52.8454 101.7113 24.6745 8.2757 18.1431 -0.2379 1.1401 -0.8163 0.0000 0.0000 0.0001 0.0000 0.0000 0.0000 0.0000 -0.0013 -0.0008 0.0000 -0.0004 0.0001 0.0000 0.0000 0.0000 0.0000 0.0000 0.0000 0.0000 0.0002 0.0000 0.0000 -0.0006 0.0003 0.0000 0.0004 -0.0006 0.0000 0.0000 0.0001 0.0000 0.0000 0.0000 0.0000 -0.0010 -0.0002 0.0000 0.0002 30.0001 -0.0001 0.0005 -29.9998 0.0000 0.0000 0.0000 1.7438 -6.8553 -2.0128 1.7438 -6.8553 -2.0128 158.3963 85.5385 -96.8025 -77.7595 64.6792 -96.2522 -18.6364 7.7168 -22.7120 0.2068 0.6707 1.0920 0.0000 -0.0001 0.0001 0.0000 0.0000 0.0000 0.0000 -0.0006 0.0003 0.0000 -0.0001 0.0001 0.0000 0.0000 0.0000 0.0000 0.0000 0.0000 0.0000 0.0007 0.0001 0.0000 -0.0012 0.0001 0.0000 -0.0008 0.0003 0.0000 0.0001 0.0000 0.0000 0.0000 0.0000 0.0000 -0.0009 0.0000 0.0000 0.0002 -29.9996 -0.0001 -0.0003 29.9996 0.0000 0.0000 0.0000 1.6010 -7.6777 -173.9122 -0.1905 -23.1041 0.1216 -65.1888 69.6685 -59.4175 0.0000 25.3510 0.0000 -11.1357 -17.5868 161.7914 -0.3128 -23.3473 -0.0183 20.5134 73.0517 32.8040 0.0000 25.3508 -0.0001 
-9.9785 87.7710 -9.4369 -2.1849 -0.8652 2.3378 1.9501 4.9735 -2.0463 1.9548 4.9862 -2.0513 1.9557 4.9886 -2.0522 87.9221 85.2316 -14.1969 79.9279 52.8851 101.8513 24.7740 8.1770 18.3662 -0.2411 1.1454 -0.8267 0.0000 0.0000 0.0001 0.0000 0.0000 0.0000 0.0000 -0.0013 -0.0008 0.0000 -0.0004 0.0001 0.0000 0.0000 0.0000 0.0000 0.0000 0.0000 0.0000 0.0002 0.0000 0.0000 -0.0006 0.0003 0.0000 0.0004 -0.0006 0.0000 0.0000 0.0001 0.0000 0.0000 0.0000 0.0000 -0.0010 -0.0002 0.0000 0.0002 30.0001 -0.0001 0.0005 -29.9998 0.0000 0.0000 0.0000 1.3729 -6.9063 -1.8182 1.3729 -6.9063 -1.8182 156.3291 85.1046 -99.2939 -76.6765 65.1838 -94.6636 -18.2450 8.0007 -23.3572 0.2070 0.6460 1.0760 0.0000 -0.0001 0.0001 0.0000 0.0000 0.0000 0.0000 -0.0006 0.0003 0.0000 -0.0001 0.0001 0.0000 0.0000 0.0000 0.0000 0.0000 0.0000 0.0000 0.0007 0.0001 0.0000 -0.0012 0.0001 0.0000 -0.0008 0.0003 0.0000 0.0001 0.0000 0.0000 0.0000 0.0000 0.0000 -0.0009 0.0000 0.0000 0.0002 -29.9997 -0.0001 -0.0003 29.9996 0.0000 0.0000 0.0000 0.9694 -7.9748 -174.0825 -0.1958 -23.2938 0.1230 -64.7129 69.9189 -58.6266 0.0000 25.3510 0.0000 -11.6251 -17.4799 161.8821 -0.2543 -23.0280 -0.0311 20.5349 72.7073 32.9146 0.0000 25.3508 -0.0001 
-9.7623 87.7108 -9.4362 -1.8415 -0.8015 2.1295 2.1564 4.9136 -2.1578 2.1618 4.9266 -2.1632 2.1627 4.9286 -2.1640 89.3001 85.2151 -12.9735 79.9183 53.0201 102.0008 25.0400 7.9919 18.6347 -0.2448 1.1553 -0.8369 0.0000 0.0000 0.0001 0.0000 0.0000 0.0000 0.0000 -0.0013 -0.0008 0.0000 -0.0004 0.0001 0.0000 0.0000 0.0000 0.0000 0.0000 0.0000 0.0000 0.0002 0.0000 0.0000 -0.0006 0.0003 0.0000 0.0004 -0.0006 0.0000 0.0000 0.0001 0.0000 0.0000 0.0000 0.0000 -0.0010 -0.0002 0.0000 0.0002 30.0001 -0.0001 0.0005 -29.9998 0.0000 0.0000 0.0000 0.9921 -6.9679 -1.5938 0.9921 -6.9679 -1.5938 154.3191 84.5728 -101.8517 -75.3801 65.9323 -92.8277 -17.9227 8.3102 -24.0979 0.2072 0.6187 1.0599 0.0000 -0.0001 0.0001 0.0000 0.0000 0.0000 0.0000 -0.0006 0.0003 0.0000 -0.0001 0.0001 0.0000 0.0000 0.0000 0.0000 0.0000 0.0000 0.0000 0.0007 0.0001 0.0000 -0.0012 0.0001 0.0000 -0.0008 0.0003 0.0000 0.0001 0.0000 0.0000 0.0000 0.0000 0.0000 -0.0009 0.0000 0.0000 0.0002 -29.9996 -0.0001 -0.0003 29.9996 0.0000 0.0000 0.0000 0.4024 -8.2343 -174.2524 -0.1976 -23.4839 0.1237 -64.3778 70.1561 -57.9941 0.0000 25.3510 0.0000 -12.1587 -17.4251 161.9670 -0.2025 -22.7333 -0.0421 20.3943 72.3906 32.9477 0.0000 25.3508 -0.0001 
-9.5216 87.6379 -9.4432 -1.5993 -0.7045 1.9438 2.3884 4.8508 -2.2809 2.3945 4.8640 -2.2868 2.3953 4.8656 -2.2875 90.2896 85.1674 -12.0867 79.8557 53.2845 102.0285 25.4784 7.7008 18.9975 -0.2499 1.1722 -0.8452 0.0000 0.0000 0.0001 0.0000 0.0000 0.0000 0.0000 -0.0013 -0.0008 0.0000 -0.0004 0.0001 0.0000 0.0000 0.0000 0.0000 0.0000 0.0000 0.0000 0.0002 0.0000 0.0000 -0.0007 0.0003 0.0000 0.0004 -0.0006 0.0000 0.0000 0.0001 0.0000 0.0000 0.0000 0.0000 -0.0010 -0.0002 0.0000 0.0002 30.0001 -0.0001 0.0005 -29.9998 0.0000 0.0000 0.0000 0.6030 -7.0551 -1.3338 0.6030 -7.0551 -1.3338 152.0879 83.9497 -104.7553 -73.7576 66.9798 -90.5985 -17.6677 8.6918 -24.9265 0.2070 0.5867 1.0434 0.0000 -0.0001 0.0001 0.0000 0.0000 0.0000 0.0000 -0.0006 0.0003 0.0000 -0.0001 0.0001 0.0000 0.0000 0.0000 0.0000 0.0000 0.0000 0.0000 0.0007 0.0001 0.0000 -0.0011 0.0001 0.0000 -0.0008 0.0003 0.0000 0.0001 0.0000 0.0000 0.0000 0.0000 0.0000 -0.0008 0.0000 0.0000 0.0002 -29.9997 -0.0001 -0.0003 29.9996 0.0000 0.0000 0.0000 -0.0156 -8.4254 -174.4210 -0.1986 -23.5968 0.1241 -64.1099 70.3771 -57.4765 0.0000 25.3510 0.0000 -12.6878 -17.4824 162.0331 -0.1608 -22.4939 -0.0508 20.0437 72.0823 32.8523 0.0000 25.3508 -0.0001 
-9.2622 87.5603 -9.4738 -1.4689 -0.5704 1.7682 2.6446 4.7830 -2.4106 2.6517 4.7965 -2.4170 2.6523 4.7976 -2.4175 91.0266 85.0918 -11.4021 79.7470 53.6780 101.8987 25.8615 7.3566 19.3989 -0.2554 1.1913 -0.8538 0.0000 0.0000 0.0001 0.0000 0.0000 0.0000 0.0000 -0.0013 -0.0008 0.0000 -0.0004 0.0001 0.0000 0.0000 0.0000 0.0000 0.0000 0.0000 0.0000 0.0002 0.0000 0.0000 -0.0006 0.0003 0.0000 0.0004 -0.0006 0.0000 0.0000 0.0001 0.0000 0.0000 0.0000 0.0000 -0.0010 -0.0002 0.0000 0.0002 30.0001 -0.0001 0.0005 -29.9998 0.0000 0.0000 0.0000 0.2109 -7.1601 -1.0554 0.2109 -7.1601 -1.0554 149.9086 83.2508 -107.5963 -71.8619 68.0700 -88.0748 -17.3652 9.1586 -25.7917 0.2062 0.5507 1.0266 0.0000 -0.0001 0.0001 0.0000 0.0000 0.0000 0.0000 -0.0006 0.0003 0.0000 -0.0001 0.0001 0.0000 0.0000 0.0000 0.0000 0.0000 0.0000 0.0000 0.0007 0.0001 0.0000 -0.0012 0.0001 0.0000 -0.0008 0.0003 0.0000 0.0001 0.0000 0.0000 0.0000 0.0000 0.0000 -0.0009 0.0000 0.0000 0.0002 -29.9996 -0.0001 -0.0003 29.9996 0.0000 0.0000 0.0000 -0.2647 -8.5913 -174.5847 -0.2006 -23.6219 0.1246 -63.7461 70.5841 -56.9151 0.0000 25.3510 0.0000 -13.1336 -17.6393 162.0983 -0.1246 -22.3037 -0.0582 19.5407 71.7612 32.6178 0.0000 25.3508 -0.0001 
-9.0059 87.4833 -9.5071 -1.4245 -0.4123 1.6001 2.9150 4.7104 -2.5446 2.9232 4.7243 -2.5516 2.9235 4.7248 -2.5519 91.6142 85.0112 -10.8354 79.6377 54.1914 101.6275 25.9678 7.0062 19.8364 -0.2610 1.2065 -0.8676 0.0000 0.0000 0.0001 0.0000 0.0000 0.0000 0.0000 -0.0013 -0.0008 0.0000 -0.0004 0.0001 0.0000 0.0000 0.0000 0.0000 0.0000 0.0000 0.0000 0.0002 0.0000 0.0000 -0.0006 0.0003 0.0000 0.0004 -0.0006 0.0000 0.0000 0.0001 0.0000 0.0000 0.0000 0.0000 -0.0010 -0.0002 0.0000 0.0002 30.0001 -0.0001 0.0005 -29.9998 0.0000 0.0000 0.0000 -0.1810 -7.2751 -0.7673 -0.1810 -7.2751 -0.7673 148.1966 82.4678 -110.0513 -69.6655 69.2440 -85.2578 -16.9823 9.6836 -26.6924 0.2050 0.5120 1.0108 0.0000 -0.0001 0.0001 0.0000 0.0000 0.0000 0.0000 -0.0006 0.0003 0.0000 -0.0001 0.0001 0.0000 0.0000 0.0000 0.0000 0.0000 0.0000 0.0000 0.0007 0.0001 0.0000 -0.0012 0.0001 0.0000 -0.0008 0.0003 0.0000 0.0001 0.0000 0.0000 0.0000 0.0000 0.0000 -0.0009 0.0000 0.0000 0.0002 -29.9996 -0.0001 -0.0003 29.9996 0.0000 0.0000 0.0000 -0.3795 -8.7557 -174.7447 -0.2004 -23.6004 0.1245 -63.2966 70.7836 -56.3085 0.0000 25.3510 0.0000 -13.5049 -17.8496 162.1720 -0.0899 -22.1474 -0.0652 18.9209 71.4460 32.2623 0.0000 25.3508 -0.0001 
-8.7673 87.4033 -9.5281 -1.4733 -0.2118 1.4213 3.1895 4.6238 -2.6745 3.1989 4.6381 -2.6822 3.1988 4.6380 -2.6822 92.3065 84.9343 -10.1545 79.5894 54.8805 101.1682 25.7059 6.6921 20.3081 -0.2656 1.2105 -0.8859 0.0000 0.0000 0.0001 0.0000 0.0000 0.0000 0.0000 -0.0013 -0.0008 0.0000 -0.0004 0.0001 0.0000 0.0000 0.0000 0.0000 0.0000 0.0000 0.0000 0.0002 0.0000 0.0000 -0.0006 0.0003 0.0000 0.0004 -0.0006 0.0000 0.0000 0.0001 0.0000 0.0000 0.0000 0.0000 -0.0010 -0.0002 0.0000 0.0002 30.0001 -0.0001 0.0005 -29.9998 0.0000 0.0000 0.0000 -0.5593 -7.3987 -0.4782 -0.5593 -7.3987 -0.4782 146.6853 81.5901 -112.3611 -66.9898 70.4347 -81.9617 -16.4228 10.2920 -27.5726 0.2029 0.4701 0.9938 0.0000 -0.0001 0.0001 0.0000 0.0000 0.0000 0.0000 -0.0006 0.0003 0.0000 -0.0001 0.0001 0.0000 0.0000 0.0000 0.0000 0.0000 0.0000 0.0000 0.0007 0.0001 0.0000 -0.0012 0.0001 0.0000 -0.0008 0.0003 0.0000 0.0001 0.0000 0.0000 0.0000 0.0000 0.0000 -0.0008 0.0000 0.0000 0.0002 -29.9996 -0.0001 -0.0003 29.9996 0.0000 0.0000 0.0000 -0.3767 -8.9741 -174.8877 -0.1983 -23.5915 0.1240 -62.8493 70.9943 -55.7167 0.0000 25.3510 0.0000 -13.7703 -18.0992 162.2828 -0.0548 -22.0092 -0.0721 18.1760 71.1376 31.7479 0.0000 25.3508 -0.0001 
-8.5363 87.3140 -9.5358 -1.5598 -0.0008 1.2030 3.4521 4.5280 -2.7895 3.4626 4.5425 -2.7978 3.4622 4.5419 -2.7975 93.3666 84.8621 -9.1516 79.5350 55.6856 100.5342 25.1279 6.4937 20.7750 -0.2691 1.2030 -0.9063 0.0000 0.0000 0.0001 0.0000 0.0000 0.0000 0.0000 -0.0013 -0.0008 0.0000 -0.0004 0.0001 0.0000 0.0000 0.0000 0.0000 0.0000 0.0000 0.0000 0.0002 0.0000 0.0000 -0.0006 0.0003 0.0000 0.0004 -0.0006 0.0000 0.0000 0.0001 0.0000 0.0000 0.0000 0.0000 -0.0010 -0.0002 0.0000 0.0002 30.0001 -0.0001 0.0005 -29.9998 0.0000 0.0000 0.0000 -0.9158 -7.5264 -0.1986 -0.9158 -7.5264 -0.1986 145.1600 80.6754 -114.6964 -63.9233 71.5203 -78.2667 -15.6560 10.8914 -28.2940 0.1989 0.4279 0.9735 0.0000 -0.0001 0.0001 0.0000 0.0000 0.0000 0.0000 -0.0006 0.0003 0.0000 -0.0001 0.0001 0.0000 0.0000 0.0000 0.0000 0.0000 0.0000 0.0000 0.0007 0.0001 0.0000 -0.0012 0.0001 0.0000 -0.0008 0.0003 0.0000 0.0001 0.0000 0.0000 0.0000 0.0000 0.0000 -0.0009 0.0000 0.0000 0.0002 -29.9996 -0.0001 -0.0003 29.9996 0.0000 0.0000 0.0000 -0.3696 -9.2366 -174.9961 -0.2017 -23.6326 0.1248 -62.4531 71.2175 -55.1476 0.0000 25.3510 0.0000 -13.9587 -18.3284 162.4389 -0.0193 -21.8745 -0.0790 17.4057 70.8250 31.1535 0.0000 25.3508 -0.0001 
-8.2966 87.2136 -9.5429 -1.6527 0.2029 0.9386 3.6981 4.4244 -2.8866 3.7098 4.4391 -2.8955 3.7089 4.4380 -2.8948 94.9660 84.7944 -7.6689 79.4223 56.5532 99.7394 24.2140 6.4365 21.1910 -0.2712 1.1854 -0.9283 0.0000 0.0000 0.0001 0.0000 0.0000 0.0000 0.0000 -0.0013 -0.0008 0.0000 -0.0004 0.0001 0.0000 0.0000 0.0000 0.0000 0.0000 0.0000 0.0000 0.0003 -0.0001 0.0000 -0.0006 0.0003 0.0000 0.0004 -0.0006 0.0000 0.0000 0.0001 0.0000 0.0000 0.0000 0.0000 -0.0010 -0.0002 0.0000 0.0003 30.0001 -0.0001 0.0005 -29.9998 0.0000 0.0000 0.0000 -1.2586 -7.6424 0.0736 -1.2586 -7.6424 0.0736 143.8215 79.7239 -116.8301 -60.5904 72.4728 -74.3039 -14.7025 11.4283 -28.8612 0.1929 0.3869 0.9491 0.0000 -0.0001 0.0001 0.0000 0.0000 0.0000 0.0000 -0.0006 0.0003 0.0000 -0.0001 0.0001 0.0000 0.0000 0.0000 0.0000 0.0000 0.0000 0.0000 0.0007 0.0001 0.0000 -0.0011 0.0001 0.0000 -0.0008 0.0003 0.0000 0.0001 0.0000 0.0000 0.0000 0.0000 0.0000 -0.0008 0.0000 0.0000 0.0002 -29.9996 -0.0001 -0.0002 29.9996 0.0000 0.0000 0.0000 -0.3930 -9.5071 -175.0551 -0.2067 -23.7002 0.1260 -62.0987 71.4422 -54.5904 0.0000 25.3510 0.0000 -14.1038 -18.5325 162.6319 0.0141 -21.7520 -0.0854 16.6581 70.5142 30.5454 0.0000 25.3508 -0.0001 
-8.0410 87.0990 -9.5367 -1.7084 0.3848 0.6231 3.9115 4.3097 -2.9614 3.9242 4.3245 -2.9708 3.9229 4.3231 -2.9699 97.3574 84.7592 -5.4745 79.1775 57.4513 98.6920 22.8842 6.4828 21.5214 -0.2709 1.1563 -0.9495 0.0000 0.0000 0.0001 0.0000 0.0000 0.0000 0.0000 -0.0013 -0.0008 0.0000 -0.0004 0.0001 0.0000 0.0000 0.0000 0.0000 0.0000 0.0000 0.0000 0.0002 0.0000 0.0000 -0.0006 0.0003 0.0000 0.0004 -0.0006 0.0000 0.0000 0.0001 0.0000 0.0000 0.0000 0.0000 -0.0010 -0.0002 0.0000 0.0002 30.0001 -0.0001 0.0005 -29.9998 0.0000 0.0000 0.0000 -1.5890 -7.7299 0.3359 -1.5890 -7.7299 0.3359 142.6720 78.7301 -118.7092 -57.1068 73.2911 -70.2296 -13.5066 11.8101 -29.1302 0.1843 0.3489 0.9192 0.0000 -0.0001 0.0001 0.0000 0.0000 0.0000 0.0000 -0.0006 0.0003 0.0000 -0.0001 0.0001 0.0000 0.0000 0.0000 0.0000 0.0000 0.0000 0.0000 0.0007 0.0001 0.0000 -0.0011 0.0001 0.0000 -0.0008 0.0003 0.0000 0.0001 0.0000 0.0000 0.0000 0.0000 0.0000 -0.0009 0.0000 0.0000 0.0002 -29.9996 -0.0001 -0.0003 29.9996 0.0000 0.0000 0.0000 -0.4959 -9.7488 -175.0380 -0.2076 -23.7747 0.1263 -61.8140 71.6513 -54.0701 0.0000 25.3510 0.0000 -14.2394 -18.6864 162.8526 0.0443 -21.6498 -0.0911 15.9766 70.2335 29.9783 0.0000 25.3508 -0.0001 
-7.7843 86.9821 -9.5231 -1.7183 0.5539 0.2931 4.0974 4.1856 -3.0284 4.1110 4.2003 -3.0382 4.1094 4.1986 -3.0371 100.1439 84.7329 -2.9298 78.7943 58.3199 97.4314 21.5106 6.5341 21.7351 -0.2680 1.1243 -0.9598 0.0000 0.0000 0.0001 0.0000 0.0000 0.0000 0.0000 -0.0013 -0.0008 0.0000 -0.0004 0.0001 0.0000 0.0000 0.0000 0.0000 0.0000 0.0000 0.0000 0.0002 -0.0001 0.0000 -0.0006 0.0003 0.0000 0.0004 -0.0006 0.0000 0.0000 0.0001 0.0000 0.0000 0.0000 0.0000 -0.0010 -0.0002 0.0000 0.0002 30.0001 -0.0001 0.0005 -29.9998 0.0000 0.0000 0.0000 -1.9098 -7.7944 0.5887 -1.9098 -7.7944 0.5887 141.5881 77.7862 -120.4220 -53.5507 74.0644 -66.0864 -12.1699 12.0130 -29.0154 0.1730 0.3151 0.8822 0.0000 -0.0001 0.0001 0.0000 0.0000 0.0000 0.0000 -0.0006 0.0003 0.0000 -0.0001 0.0001 0.0000 0.0000 0.0000 0.0000 0.0000 0.0000 0.0000 0.0007 0.0001 0.0000 -0.0012 0.0001 0.0000 -0.0008 0.0003 0.0000 0.0001 0.0000 0.0000 0.0000 0.0000 0.0000 -0.0008 0.0000 0.0000 0.0002 -29.9996 -0.0001 -0.0003 29.9996 0.0000 0.0000 0.0000 -0.6508 -9.9440 -174.9763 -0.2064 -23.8195 0.1261 -61.5666 71.8389 -53.5878 0.0000 25.3510 0.0000 -14.3706 -18.8121 163.0760 0.0756 -21.5749 -0.0970 15.3737 69.9911 29.4679 0.0000 25.3508 -0.0001 
-7.5297 86.8661 -9.5177 -1.6852 0.7107 -0.0295 4.2568 4.0570 -3.0973 4.2712 4.0715 -3.1076 4.2693 4.0696 -3.1062 102.9668 84.6895 -0.3664 78.2477 59.1506 95.9432 19.9974 6.5598 21.8594 -0.2638 1.0938 -0.9632 0.0000 0.0000 0.0001 0.0000 0.0000 0.0000 0.0000 -0.0013 -0.0008 0.0000 -0.0004 0.0001 0.0000 0.0000 0.0000 0.0000 0.0000 0.0000 0.0000 0.0002 0.0000 0.0000 -0.0006 0.0003 0.0000 0.0004 -0.0006 0.0000 0.0000 0.0001 0.0000 0.0000 0.0000 0.0000 -0.0010 -0.0002 0.0000 0.0002 30.0001 -0.0001 0.0005 -29.9998 0.0000 0.0000 0.0000 -2.2180 -7.8437 0.8345 -2.2180 -7.8437 0.8345 140.5496 76.9222 -121.9972 -49.9349 74.8479 -61.9041 -10.7729 12.0066 -28.5010 0.1597 0.2868 0.8399 0.0000 -0.0001 0.0001 0.0000 0.0000 0.0000 0.0000 -0.0006 0.0003 0.0000 -0.0001 0.0001 0.0000 0.0000 0.0000 0.0000 0.0000 0.0000 0.0000 0.0007 0.0001 0.0000 -0.0011 0.0001 0.0000 -0.0008 0.0003 0.0000 0.0001 0.0000 0.0000 0.0000 0.0000 0.0000 -0.0009 0.0000 0.0000 0.0002 -29.9997 -0.0001 -0.0003 29.9996 0.0000 0.0000 0.0000 -0.8483 -10.0957 -174.8944 -0.2017 -23.8371 0.1252 -61.3616 72.0042 -53.1533 0.0000 25.3510 0.0000 -14.4892 -18.9211 163.2841 0.1084 -21.5194 -0.1032 14.8357 69.7711 28.9903 0.0000 25.3508 -0.0001 
-7.2780 86.7560 -9.5538 -1.5930 0.8538 -0.3212 4.3777 3.9247 -3.1756 4.3927 3.9389 -3.1862 4.3906 3.9369 -3.1847 105.4309 84.6259 1.8595 77.5337 59.9748 94.1493 17.9786 6.5928 21.8853 -0.2585 1.0623 -0.9668 0.0000 0.0000 0.0001 0.0000 0.0000 0.0000 0.0000 -0.0013 -0.0008 0.0000 -0.0004 0.0001 0.0000 0.0000 0.0000 0.0000 0.0000 0.0000 0.0000 0.0003 0.0000 0.0000 -0.0006 0.0003 0.0000 0.0004 -0.0006 0.0000 0.0000 0.0001 0.0000 0.0000 0.0000 0.0000 -0.0010 -0.0002 0.0000 0.0002 30.0001 -0.0001 0.0005 -29.9998 0.0000 0.0000 0.0000 -2.5077 -7.8777 1.0714 -2.5077 -7.8777 1.0714 139.6691 76.2232 -123.2702 -46.5224 75.7100 -57.9672 -9.3585 11.6827 -27.4204 0.1441 0.2656 0.7911 0.0000 -0.0001 0.0001 0.0000 0.0000 0.0000 0.0000 -0.0006 0.0003 0.0000 -0.0001 0.0001 0.0000 0.0000 0.0000 0.0000 0.0000 0.0000 0.0000 0.0007 0.0001 0.0000 -0.0012 0.0001 0.0000 -0.0008 0.0003 0.0000 0.0001 0.0000 0.0000 0.0000 0.0000 0.0000 -0.0009 0.0000 0.0000 0.0002 -29.9996 -0.0001 -0.0003 29.9996 0.0000 0.0000 0.0000 -1.0612 -10.1966 -174.8218 -0.1985 -23.8184 0.1245 -61.1565 72.1616 -52.7636 0.0000 25.3510 0.0000 -14.5807 -19.0380 163.4566 0.1414 -21.4947 -0.1095 14.3592 69.5705 28.5138 0.0000 25.3508 -0.0001 
-7.0423 86.6564 -9.6171 -1.4626 0.9954 -0.5836 4.4682 3.7883 -3.2604 4.4836 3.8022 -3.2714 4.4814 3.8001 -3.2698 107.5321 84.5930 3.7262 76.6341 60.8516 92.0314 15.6467 6.6609 21.8686 -0.2528 1.0293 -0.9695 0.0000 0.0000 0.0001 0.0000 0.0000 0.0000 0.0000 -0.0013 -0.0008 0.0000 -0.0004 0.0001 0.0000 0.0000 0.0000 0.0000 0.0000 0.0000 0.0000 0.0003 0.0000 0.0000 -0.0006 0.0003 0.0000 0.0004 -0.0006 0.0000 0.0000 0.0001 0.0000 0.0000 0.0000 0.0000 -0.0010 -0.0002 0.0000 0.0003 30.0001 -0.0001 0.0005 -29.9998 0.0000 0.0000 0.0000 -2.7840 -7.9037 1.3026 -2.7840 -7.9037 1.3026 139.0647 75.6915 -124.1529 -43.0761 76.6573 -54.0081 -7.9990 11.1890 -25.9719 0.1282 0.2499 0.7393 0.0000 -0.0001 0.0001 0.0000 0.0000 0.0000 0.0000 -0.0006 0.0003 0.0000 -0.0001 0.0001 0.0000 0.0000 0.0000 0.0000 0.0000 0.0000 0.0000 0.0007 0.0001 0.0000 -0.0012 0.0001 0.0000 -0.0008 0.0003 0.0000 0.0001 0.0000 0.0000 0.0000 0.0000 0.0000 -0.0009 0.0000 0.0000 0.0002 -29.9996 -0.0001 -0.0003 29.9996 0.0000 0.0000 0.0000 -1.2628 -10.2920 -174.7670 -0.1955 -23.7936 0.1238 -60.9243 72.3161 -52.3973 0.0000 25.3510 0.0000 -14.6479 -19.1630 163.6080 0.1737 -21.4878 -0.1156 13.9156 69.3873 28.0062 0.0000 25.3508 -0.0001 
-6.8290 86.5672 -9.6908 -1.3053 1.1335 -0.8252 4.5338 3.6511 -3.3476 4.5495 3.6645 -3.3590 4.5472 3.6625 -3.3573 109.1994 84.5763 5.1652 75.5295 61.8262 89.6185 13.0225 6.8488 21.8002 -0.2474 0.9947 -0.9740 0.0000 0.0000 0.0001 0.0000 0.0000 0.0000 0.0000 -0.0013 -0.0008 0.0000 -0.0004 0.0001 0.0000 0.0000 0.0000 0.0000 0.0000 0.0000 0.0000 0.0002 0.0000 0.0000 -0.0006 0.0003 0.0000 0.0004 -0.0006 0.0000 0.0000 0.0001 0.0000 0.0000 0.0000 0.0000 -0.0010 -0.0002 0.0000 0.0002 30.0001 -0.0001 0.0005 -29.9998 0.0000 0.0000 0.0000 -3.0501 -7.9260 1.5324 -3.0501 -7.9260 1.5324 138.6431 75.3209 -124.7566 -39.1908 77.6671 -49.5669 -6.7327 10.5761 -24.2819 0.1130 0.2393 0.6861 0.0000 -0.0001 0.0001 0.0000 0.0000 0.0000 0.0000 -0.0006 0.0003 0.0000 -0.0001 0.0001 0.0000 0.0000 0.0000 0.0000 0.0000 0.0000 0.0000 0.0007 0.0001 0.0000 -0.0012 0.0001 0.0000 -0.0008 0.0003 0.0000 0.0001 0.0000 0.0000 0.0000 0.0000 0.0000 -0.0009 0.0000 0.0000 0.0002 -29.9996 -0.0001 -0.0003 29.9996 0.0000 0.0000 0.0000 -1.4483 -10.3992 -174.7325 -0.1951 -23.7838 0.1237 -60.6604 72.4758 -52.0439 0.0000 25.3510 0.0000 -14.6983 -19.2814 163.7501 0.2064 -21.4929 -0.1217 13.4916 69.2225 27.4628 0.0000 25.3508 -0.0001 
-6.6477 86.4882 -9.7703 -1.1147 1.2620 -1.0435 4.5685 3.5163 -3.4328 4.5843 3.5293 -3.4444 4.5820 3.5274 -3.4427 110.4587 84.5901 6.1918 73.9876 63.0186 86.7103 10.0967 7.2790 21.6403 -0.2433 0.9581 -0.9829 0.0000 0.0000 0.0001 0.0000 0.0000 0.0000 0.0000 -0.0013 -0.0008 0.0000 -0.0004 0.0001 0.0000 0.0000 0.0000 0.0000 0.0000 0.0000 0.0000 0.0002 0.0000 0.0000 -0.0006 0.0003 0.0000 0.0004 -0.0006 0.0000 0.0000 0.0001 0.0000 0.0000 0.0000 0.0000 -0.0010 -0.0002 0.0000 0.0002 30.0001 -0.0001 0.0005 -29.9998 0.0000 0.0000 0.0000 -3.3095 -7.9437 1.7671 -3.3095 -7.9437 1.7671 138.5234 75.1508 -124.9560 -34.6087 78.6709 -44.3458 -5.5044 9.9048 -22.3712 0.0992 0.2346 0.6327 0.0000 -0.0001 0.0001 0.0000 0.0000 0.0000 0.0000 -0.0006 0.0003 0.0000 -0.0001 0.0001 0.0000 0.0000 0.0000 0.0000 0.0000 0.0000 0.0000 0.0007 0.0001 0.0000 -0.0011 0.0001 0.0000 -0.0008 0.0003 0.0000 0.0001 0.0000 0.0000 0.0000 0.0000 0.0000 -0.0009 0.0000 0.0000 0.0002 -29.9997 -0.0001 -0.0002 29.9996 0.0000 0.0000 0.0000 -1.6380 -10.5524 -174.7204 -0.1904 -23.8314 0.1228 -60.4015 72.6384 -51.7227 0.0000 25.3510 0.0000 -14.7361 -19.3749 163.8844 0.2420 -21.4971 -0.1285 13.0602 69.0740 26.8479 0.0000 25.3508 -0.0001 
-6.4545 86.4045 -9.8613 -0.9165 1.3797 -1.2526 4.5936 3.3829 -3.5184 4.6094 3.3954 -3.5303 4.6071 3.3936 -3.5286 111.6483 84.5988 7.1674 71.7243 64.4531 83.1574 7.1662 7.9069 21.3658 -0.2413 0.9274 -0.9949 0.0000 0.0000 0.0001 0.0000 0.0000 0.0000 0.0000 -0.0013 -0.0008 0.0000 -0.0004 0.0001 0.0000 0.0000 0.0000 0.0000 0.0000 0.0000 0.0000 0.0002 0.0000 0.0000 -0.0006 0.0003 0.0000 0.0004 -0.0006 0.0000 0.0000 0.0001 0.0000 0.0000 0.0000 0.0000 -0.0010 -0.0002 0.0000 0.0002 30.0001 -0.0001 0.0005 -29.9998 0.0000 0.0000 0.0000 -3.5788 -7.9508 2.0158 -3.5788 -7.9508 2.0158 138.6225 75.0684 -124.8857 -29.4579 79.5027 -38.4674 -4.0848 9.2427 -20.4183 0.0870 0.2331 0.5816 0.0000 -0.0001 0.0001 0.0000 0.0000 0.0000 0.0000 -0.0006 0.0003 0.0000 -0.0001 0.0001 0.0000 0.0000 0.0000 0.0000 0.0000 0.0000 0.0000 0.0007 0.0001 0.0000 -0.0011 0.0001 0.0000 -0.0008 0.0003 0.0000 0.0001 0.0000 0.0000 0.0000 0.0000 0.0000 -0.0009 0.0000 0.0000 0.0002 -29.9997 -0.0001 -0.0003 29.9996 0.0000 0.0000 0.0000 -1.8132 -10.7399 -174.7276 -0.1889 -23.9293 0.1226 -60.1108 72.8162 -51.3917 0.0000 25.3510 0.0000 -14.7615 -19.4624 163.9986 0.2752 -21.4962 -0.1348 12.6251 68.9114 26.2093 0.0000 25.3508 -0.0001 
-6.2315 86.3127 -9.9556 -0.7211 1.4887 -1.4543 4.6175 3.2505 -3.6012 4.6334 3.2625 -3.6134 4.6311 3.2608 -3.6116 112.8442 84.6275 8.1354 68.5873 66.0026 78.8437 4.3567 8.5926 20.9072 -0.2404 0.9061 -1.0076 0.0000 0.0000 0.0001 0.0000 0.0000 0.0000 0.0000 -0.0013 -0.0008 0.0000 -0.0004 0.0001 0.0000 0.0000 0.0000 0.0000 0.0000 0.0000 0.0000 0.0003 0.0000 0.0000 -0.0006 0.0003 0.0000 0.0004 -0.0006 0.0000 0.0000 0.0001 0.0000 0.0000 0.0000 0.0000 -0.0010 -0.0002 0.0000 0.0002 30.0001 -0.0001 0.0005 -29.9998 0.0000 0.0000 0.0000 -3.8577 -7.9484 2.2684 -3.8577 -7.9484 2.2684 138.9411 75.0476 -124.5583 -24.1219 80.1282 -32.2980 -2.3876 8.5838 -18.5256 0.0762 0.2334 0.5335 0.0000 -0.0001 0.0001 0.0000 0.0000 0.0000 0.0000 -0.0006 0.0003 0.0000 -0.0001 0.0001 0.0000 0.0000 0.0000 0.0000 0.0000 0.0000 0.0000 0.0007 0.0001 0.0000 -0.0011 0.0001 0.0000 -0.0008 0.0003 0.0000 0.0001 0.0000 0.0000 0.0000 0.0000 0.0000 -0.0008 0.0000 0.0000 0.0002 -29.9996 -0.0001 -0.0003 29.9996 0.0000 0.0000 0.0000 -1.9799 -10.9342 -174.7496 -0.1897 -24.0537 0.1230 -59.8190 73.0035 -51.0656 0.0000 25.3510 0.0000 -14.7765 -19.5510 164.0827 0.3030 -21.4919 -0.1400 12.2043 68.7295 25.5874 0.0000 25.3508 -0.0001 
-5.9625 86.2308 -10.0343 -0.5389 1.5863 -1.6420 4.6465 3.1232 -3.6790 4.6625 3.1347 -3.6915 4.6602 3.1331 -3.6897 113.7199 84.6524 8.7876 64.5817 67.4903 73.8655 1.6722 9.0696 20.1617 -0.2392 0.9020 -1.0233 0.0000 0.0000 0.0001 0.0000 0.0000 0.0000 0.0000 -0.0013 -0.0008 0.0000 -0.0004 0.0001 0.0000 0.0000 0.0000 0.0000 0.0000 0.0000 0.0000 0.0002 0.0000 0.0000 -0.0006 0.0003 0.0000 0.0004 -0.0006 0.0000 0.0000 0.0001 0.0000 0.0000 0.0000 0.0000 -0.0010 -0.0002 0.0000 0.0002 30.0001 -0.0001 0.0005 -29.9998 0.0000 0.0000 0.0000 -4.1440 -7.9411 2.5171 -4.1440 -7.9411 2.5171 139.5742 75.0966 -123.8638 -18.4940 80.5594 -25.6885 -0.3848 7.9558 -16.8342 0.0674 0.2371 0.4914 0.0000 -0.0001 0.0001 0.0000 0.0000 0.0000 0.0000 -0.0006 0.0003 0.0000 -0.0001 0.0001 0.0000 0.0000 0.0000 0.0000 0.0000 0.0000 0.0000 0.0007 0.0001 0.0000 -0.0012 0.0001 0.0000 -0.0008 0.0003 0.0000 0.0001 0.0000 0.0000 0.0000 0.0000 0.0000 -0.0009 0.0000 0.0000 0.0002 -29.9997 -0.0001 -0.0003 29.9996 0.0000 0.0000 0.0000 -2.1457 -11.1001 -174.7852 -0.1896 -24.1815 0.1232 -59.5843 73.1942 -50.7856 0.0000 25.3510 0.0000 -14.7863 -19.6407 164.1175 0.3232 -21.4889 -0.1438 11.8049 68.5293 25.0211 0.0000 25.3508 -0.0001 
-5.6742 86.1642 -10.0959 -0.3763 1.6789 -1.8130 4.6799 2.9994 -3.7535 4.6960 3.0105 -3.7663 4.6937 3.0089 -3.7644 114.1663 84.6626 9.0226 59.5700 68.8987 67.9904 -0.7280 9.3033 19.2613 -0.2379 0.9160 -1.0403 0.0000 0.0000 0.0001 0.0000 0.0000 0.0000 0.0000 -0.0013 -0.0008 0.0000 -0.0004 0.0001 0.0000 0.0000 0.0000 0.0000 0.0000 0.0000 0.0000 0.0002 0.0000 0.0000 -0.0006 0.0003 0.0000 0.0004 -0.0006 0.0000 0.0000 0.0001 0.0000 0.0000 0.0000 0.0000 -0.0010 -0.0002 0.0000 0.0002 30.0001 -0.0001 0.0005 -29.9998 0.0000 0.0000 0.0000 -4.4235 -7.9313 2.7510 -4.4235 -7.9313 2.7510 140.3890 75.2006 -122.9394 -12.4456 80.7897 -18.5678 1.7785 7.3433 -15.3038 0.0603 0.2445 0.4534 0.0000 -0.0001 0.0001 0.0000 0.0000 0.0000 0.0000 -0.0006 0.0003 0.0000 -0.0001 0.0001 0.0000 0.0000 0.0000 0.0000 0.0000 0.0000 0.0000 0.0007 0.0001 0.0000 -0.0012 0.0001 0.0000 -0.0008 0.0003 0.0000 0.0001 0.0000 0.0000 0.0000 0.0000 0.0000 -0.0008 0.0000 0.0000 0.0002 -29.9996 -0.0001 -0.0003 29.9996 0.0000 0.0000 0.0000 -2.2901 -11.2376 -174.8246 -0.1878 -24.2986 0.1231 -59.4002 73.3823 -50.5614 0.0000 25.3510 0.0000 -14.7864 -19.7290 164.1185 0.3422 -21.4832 -0.1474 11.4058 68.3190 24.4916 0.0000 25.3508 -0.0001 
-5.3754 86.1111 -10.1554 -0.2374 1.7708 -1.9715 4.7147 2.8760 -3.8259 4.7310 2.8868 -3.8390 4.7286 2.8852 -3.8371 114.0472 84.6690 8.7000 53.4912 70.0933 61.1153 -2.9128 9.3120 18.2508 -0.2368 0.9474 -1.0609 0.0000 0.0000 0.0001 0.0000 0.0000 0.0000 0.0000 -0.0013 -0.0008 0.0000 -0.0004 0.0001 0.0000 0.0000 0.0000 0.0000 0.0000 0.0000 0.0000 0.0003 -0.0001 0.0000 -0.0006 0.0003 0.0000 0.0004 -0.0006 0.0000 0.0000 0.0001 0.0000 0.0000 0.0000 0.0000 -0.0010 -0.0002 0.0000 0.0002 30.0001 -0.0001 0.0005 -29.9998 0.0000 0.0000 0.0000 -4.6876 -7.9168 2.9706 -4.6876 -7.9168 2.9706 141.3093 75.3645 -121.8652 -5.8213 80.8299 -10.7866 3.9716 6.7424 -13.9023 0.0543 0.2559 0.4194 0.0000 -0.0001 0.0001 0.0000 0.0000 0.0000 0.0000 -0.0006 0.0003 0.0000 -0.0001 0.0001 0.0000 0.0000 0.0000 0.0000 0.0000 0.0000 0.0000 0.0007 0.0001 0.0000 -0.0012 0.0001 0.0000 -0.0008 0.0003 0.0000 0.0001 0.0000 0.0000 0.0000 0.0000 0.0000 -0.0009 0.0000 0.0000 0.0002 -29.9996 -0.0001 -0.0003 29.9996 0.0000 0.0000 0.0000 -2.4030 -11.3715 -174.8603 -0.1850 -24.4134 0.1226 -59.2390 73.5570 -50.3772 0.0000 25.3510 0.0000 -14.7649 -19.8213 164.0986 0.3612 -21.4680 -0.1509 11.0012 68.0916 23.9779 0.0000 25.1164 -0.0001 
-5.0654 86.0580 -10.2289 -0.1317 1.8603 -2.1238 4.7450 2.7516 -3.8900 4.7615 2.7620 -3.9033 4.7590 2.7604 -3.9013 112.9234 84.6741 7.3997 46.3673 70.9361 53.2242 -4.9089 9.0325 17.1399 -0.2356 1.0007 -1.0872 0.0000 0.0000 0.0001 0.0000 0.0000 0.0000 0.0000 -0.0013 -0.0008 0.0000 -0.0004 0.0001 0.0000 0.0000 0.0000 0.0000 0.0000 0.0000 0.0000 0.0002 0.0000 0.0000 -0.0006 0.0003 0.0000 0.0004 -0.0006 0.0000 0.0000 0.0001 0.0000 0.0000 0.0000 0.0000 -0.0010 -0.0002 0.0000 0.0002 30.0001 -0.0001 0.0005 -29.9998 0.0000 0.0000 0.0000 -4.9130 -7.8887 3.1679 -4.9130 -7.8887 3.1679 142.3710 75.6103 -120.5861 1.8648 80.6204 -1.8490 6.0750 6.1931 -12.7022 0.0502 0.2735 0.3915 0.0000 -0.0001 0.0001 0.0000 0.0000 0.0000 0.0000 -0.0006 0.0003 0.0000 -0.0001 0.0001 0.0000 0.0000 0.0000 0.0000 0.0000 0.0000 0.0000 0.0007 0.0001 0.0000 -0.0012 0.0001 0.0000 -0.0008 0.0003 0.0000 0.0001 0.0000 0.0000 0.0000 0.0000 0.0000 -0.0009 0.0000 0.0000 0.0002 -29.9997 -0.0001 -0.0003 29.9996 0.0000 0.0000 0.0000 -2.4496 -11.5121 -174.8798 -0.1805 -24.5244 0.1218 -59.0740 73.7124 -50.2397 0.0000 25.3510 0.0000 -14.7115 -19.9219 164.0658 0.3778 -21.4360 -0.1540 10.5777 67.8328 23.4578 0.0000 25.1236 -0.0001 
-4.7634 86.0077 -10.3017 -0.0384 1.9458 -2.2768 4.7580 2.6289 -3.9431 4.7745 2.6388 -3.9566 4.7720 2.6373 -3.9546 110.9599 84.6769 5.2631 38.5329 71.3487 44.6275 -6.8207 8.5904 15.9674 -0.2341 1.0695 -1.1219 0.0000 0.0000 0.0001 0.0000 0.0000 0.0000 0.0000 -0.0013 -0.0008 0.0000 -0.0004 0.0001 0.0000 0.0000 0.0000 0.0000 0.0000 0.0000 0.0000 0.0002 0.0000 0.0000 -0.0006 0.0003 0.0000 0.0004 -0.0006 0.0000 0.0000 0.0001 0.0000 0.0000 0.0000 0.0000 -0.0010 -0.0002 0.0000 0.0002 30.0001 -0.0001 0.0005 -29.9998 0.0000 0.0000 0.0000 -5.0969 -7.8473 3.3489 -5.0969 -7.8473 3.3489 143.5936 75.9935 -119.0777 10.0952 80.1137 7.7405 7.9756 5.7231 -11.6728 0.0474 0.2968 0.3676 0.0000 -0.0001 0.0001 0.0000 0.0000 0.0000 0.0000 -0.0006 0.0003 0.0000 -0.0001 0.0001 0.0000 0.0000 0.0000 0.0000 0.0000 0.0000 0.0000 0.0007 0.0001 0.0000 -0.0012 0.0001 0.0000 -0.0008 0.0003 0.0000 0.0001 0.0000 0.0000 0.0000 0.0000 0.0000 -0.0009 0.0000 0.0000 0.0002 -29.9996 -0.0001 -0.0003 29.9996 0.0000 0.0000 0.0000 -2.4507 -11.6343 -174.8889 -0.1743 -24.6132 0.1207 -58.9168 73.8626 -50.1520 0.0000 25.3510 0.0000 -14.6499 -20.0133 164.0394 0.3927 -21.3939 -0.1566 10.1317 67.5716 22.9106 0.0000 25.1312 -0.0001 
-4.4821 85.9641 -10.3651 0.0522 2.0271 -2.4321 4.7514 2.5068 -3.9882 4.7677 2.5162 -4.0018 4.7654 2.5148 -3.9999 108.3596 84.6609 2.4921 29.9487 71.3182 35.2939 -8.5429 8.1039 14.7595 -0.2332 1.1538 -1.1671 0.0000 0.0000 0.0001 0.0000 0.0000 0.0000 0.0000 -0.0013 -0.0008 0.0000 -0.0004 0.0001 0.0000 0.0000 0.0000 0.0000 0.0000 0.0000 0.0000 0.0002 0.0000 0.0000 -0.0006 0.0003 0.0000 0.0004 -0.0006 0.0000 0.0000 0.0001 0.0000 0.0000 0.0000 0.0000 -0.0010 -0.0002 0.0000 0.0002 30.0001 -0.0001 0.0005 -29.9998 0.0000 0.0000 0.0000 -5.2497 -7.7892 3.5227 -5.2497 -7.7892 3.5227 144.9170 76.4830 -117.4192 17.9653 79.2276 17.0481 9.6844 5.3342 -10.7667 0.0459 0.3275 0.3493 0.0000 -0.0001 0.0001 0.0000 0.0000 0.0000 0.0000 -0.0006 0.0003 0.0000 -0.0001 0.0001 0.0000 0.0000 0.0000 0.0000 0.0000 0.0000 0.0000 0.0007 0.0001 0.0000 -0.0012 0.0001 0.0000 -0.0008 0.0003 0.0000 0.0001 0.0000 0.0000 0.0000 0.0000 0.0000 -0.0009 0.0000 0.0000 0.0002 -29.9996 -0.0001 -0.0003 29.9996 0.0000 0.0000 0.0000 -2.4248 -11.7146 -174.8982 -0.1697 -24.6603 0.1197 -58.7621 74.0192 -50.0919 0.0000 25.3510 0.0000 -14.5877 -20.0893 164.0292 0.4082 -21.3532 -0.1594 9.6556 67.3250 22.3199 0.0000 25.1392 -0.0001 
-4.2397 85.9330 -10.4244 0.1494 2.1018 -2.5965 4.7147 2.3812 -4.0242 4.7307 2.3900 -4.0377 4.7287 2.3889 -4.0360 104.8716 84.5997 -1.1727 20.9155 70.7318 25.5668 -10.0700 7.5946 13.4836 -0.2332 1.2584 -1.2301 0.0000 0.0000 0.0001 0.0000 0.0000 0.0000 0.0000 -0.0013 -0.0008 0.0000 -0.0004 0.0001 0.0000 0.0000 0.0000 0.0000 0.0000 0.0000 0.0000 0.0002 0.0000 0.0000 -0.0006 0.0003 0.0000 0.0004 -0.0006 0.0000 0.0000 0.0001 0.0000 0.0000 0.0000 0.0000 -0.0010 -0.0002 0.0000 0.0002 30.0001 -0.0001 0.0005 -29.9998 0.0000 0.0000 0.0000 -5.3623 -7.6934 3.6953 -5.3623 -7.6934 3.6953 146.2471 77.0258 -115.7400 24.8833 77.8415 25.4345 11.2100 5.0543 -10.0128 0.0457 0.3653 0.3363 0.0000 -0.0001 0.0001 0.0000 0.0000 0.0000 0.0000 -0.0006 0.0003 0.0000 -0.0001 0.0001 0.0000 0.0000 0.0000 0.0000 0.0000 0.0000 0.0000 0.0007 0.0001 0.0000 -0.0012 0.0001 0.0000 -0.0008 0.0003 0.0000 0.0001 0.0000 0.0000 0.0000 0.0000 0.0000 -0.0009 0.0000 0.0000 0.0002 -29.9996 -0.0001 -0.0003 29.9996 0.0000 0.0000 0.0000 -2.3922 -11.7218 -174.9133 -0.1703 -24.6310 0.1198 -58.5911 74.1882 -50.0229 0.0000 25.3510 0.0000 -14.5423 -20.1492 164.0589 0.4282 -21.3232 -0.1631 9.1561 67.1077 21.6893 0.0000 25.1475 -0.0001 
-4.0171 85.9025 -10.4932 0.2553 2.1729 -2.7733 4.6558 2.2511 -4.0515 4.6713 2.2593 -4.0649 4.6696 2.2585 -4.0635 100.8365 84.4814 -5.3832 12.3314 69.5973 16.3649 -11.5338 7.0032 12.1986 -0.2330 1.3787 -1.3163 0.0000 0.0000 0.0001 0.0000 0.0000 0.0000 0.0000 -0.0013 -0.0008 0.0000 -0.0004 0.0001 0.0000 0.0000 0.0000 0.0000 0.0000 0.0000 0.0000 0.0002 0.0000 0.0000 -0.0006 0.0003 0.0000 0.0004 -0.0006 0.0000 0.0000 0.0001 0.0000 0.0000 0.0000 0.0000 -0.0010 -0.0002 0.0000 0.0002 30.0001 -0.0001 0.0005 -29.9998 0.0000 0.0000 0.0000 -5.4464 -7.5644 3.8665 -5.4464 -7.5645 3.8665 147.8645 77.6171 -113.7394 30.0458 76.1928 32.0549 12.6498 4.7831 -9.3635 0.0464 0.4118 0.3301 0.0000 -0.0001 0.0001 0.0000 0.0000 0.0000 0.0000 -0.0006 0.0003 0.0000 -0.0001 0.0001 0.0000 0.0000 0.0000 0.0000 0.0000 0.0000 0.0000 0.0007 0.0001 0.0000 -0.0012 0.0001 0.0000 -0.0008 0.0003 0.0000 0.0001 0.0000 0.0000 0.0000 0.0000 0.0000 -0.0009 0.0000 0.0000 0.0002 -29.9997 -0.0001 -0.0003 29.9996 0.0000 0.0000 0.0000 -2.3772 -11.7069 -174.9238 -0.1754 -24.5602 0.1208 -58.3631 74.3545 -49.8849 0.0000 25.3510 0.0000 -14.5362 -20.2131 164.1200 0.4496 -21.3053 -0.1670 8.5704 66.9094 20.9751 0.0000 25.1566 -0.0001 
-3.8049 85.8722 -10.5603 0.3668 2.2415 -2.9610 4.5774 2.1190 -4.0707 4.5921 2.1266 -4.0838 4.5909 2.1259 -4.0827 96.4356 84.2976 -9.9632 4.6040 67.9956 8.0807 -12.9496 6.3296 10.9504 -0.2319 1.5092 -1.4279 0.0000 0.0000 0.0001 0.0000 0.0000 0.0000 0.0000 -0.0013 -0.0008 0.0000 -0.0004 0.0001 0.0000 0.0000 0.0000 0.0000 0.0000 0.0000 0.0000 0.0002 0.0000 0.0000 -0.0006 0.0003 0.0000 0.0004 -0.0006 0.0000 0.0000 0.0001 0.0000 0.0000 0.0000 0.0000 -0.0010 -0.0002 0.0000 0.0002 30.0001 -0.0001 0.0005 -29.9998 0.0000 0.0000 0.0000 -5.5042 -7.4111 4.0346 -5.5042 -7.4111 4.0346 149.8203 78.2429 -111.3832 33.6947 74.3624 37.1406 13.9954 4.5080 -8.7981 0.0480 0.4674 0.3306 0.0000 -0.0001 0.0001 0.0000 0.0000 0.0000 0.0000 -0.0006 0.0003 0.0000 -0.0001 0.0001 0.0000 0.0000 0.0000 0.0000 0.0000 0.0000 0.0000 0.0007 0.0001 0.0000 -0.0011 0.0001 0.0000 -0.0008 0.0003 0.0000 0.0001 0.0000 0.0000 0.0000 0.0000 0.0000 -0.0008 0.0000 0.0000 0.0002 -29.9996 -0.0001 -0.0003 29.9996 0.0000 0.0000 0.0000 -2.3839 -11.7025 -174.9157 -0.1804 -24.4810 0.1218 -58.1012 74.5039 -49.7003 0.0000 25.3510 0.0000 -14.5682 -20.2779 164.2052 0.4699 -21.2969 -0.1708 7.9230 66.7356 20.2056 0.0000 25.1667 -0.0001 
-3.6172 85.8412 -10.5973 0.4832 2.3080 -3.1600 4.4678 1.9849 -4.0777 4.4817 1.9917 -4.0903 4.4811 1.9914 -4.0897 91.5939 84.0196 -15.0065 -2.2588 66.0257 0.7604 -14.3301 5.5847 9.7894 -0.2299 1.6437 -1.5745 0.0000 0.0000 0.0001 0.0000 0.0000 0.0000 0.0000 -0.0013 -0.0008 0.0000 -0.0004 0.0001 0.0000 0.0000 0.0000 0.0000 0.0000 0.0000 0.0000 0.0002 0.0000 0.0000 -0.0006 0.0003 0.0000 0.0004 -0.0006 0.0000 0.0000 0.0001 0.0000 0.0000 0.0000 0.0000 -0.0010 -0.0002 0.0000 0.0002 30.0001 -0.0001 0.0005 -29.9998 0.0000 0.0000 0.0000 -5.5243 -7.2312 4.1977 -5.5243 -7.2312 4.1977 152.4266 78.9419 -108.3464 36.1537 72.3930 40.9862 15.1662 4.2309 -8.3396 0.0506 0.5346 0.3401 0.0000 -0.0001 0.0001 0.0000 0.0000 0.0000 0.0000 -0.0006 0.0003 0.0000 -0.0001 0.0001 0.0000 0.0000 0.0000 0.0000 0.0000 0.0000 0.0000 0.0007 0.0001 0.0000 -0.0011 0.0001 0.0000 -0.0008 0.0003 0.0000 0.0001 0.0000 0.0000 0.0000 0.0000 0.0000 -0.0009 0.0000 0.0000 0.0002 -29.9997 -0.0001 -0.0003 29.9996 0.0000 0.0000 0.0000 -2.4219 -11.7304 -174.8667 -0.1789 -24.4204 0.1214 -57.8772 74.6182 -49.5400 0.0000 25.3510 0.0000 -14.6424 -20.3276 164.3212 0.4888 -21.3111 -0.1744 7.2194 66.6272 19.3809 0.0000 25.1780 -0.0001 
-3.4632 85.8168 -10.6084 0.5965 2.3753 -3.3645 4.3428 1.8526 -4.0767 4.3557 1.8587 -4.0888 4.3557 1.8587 -4.0887 86.8244 83.6561 -19.9735 -8.0949 63.7285 -5.4063 -15.6452 4.7916 8.7368 -0.2268 1.7794 -1.7552 0.0000 0.0000 0.0001 0.0000 0.0000 0.0000 0.0000 -0.0013 -0.0008 0.0000 -0.0004 0.0001 0.0000 0.0000 0.0000 0.0000 0.0000 0.0000 0.0000 0.0003 0.0000 0.0000 -0.0006 0.0003 0.0000 0.0004 -0.0006 0.0000 0.0000 0.0001 0.0000 0.0000 0.0000 0.0000 -0.0010 -0.0002 0.0000 0.0003 30.0001 -0.0001 0.0005 -29.9998 0.0000 0.0000 0.0000 -5.5191 -7.0347 4.3519 -5.5191 -7.0347 4.3519 155.6255 79.6463 -104.7146 37.7165 70.2872 43.8532 16.2080 3.9755 -7.9346 0.0542 0.6123 0.3594 0.0000 -0.0001 0.0001 0.0000 0.0000 0.0000 0.0000 -0.0006 0.0003 0.0000 -0.0001 0.0001 0.0000 0.0000 0.0000 0.0000 0.0000 0.0000 0.0000 0.0007 0.0001 0.0000 -0.0012 0.0001 0.0000 -0.0008 0.0003 0.0000 0.0001 0.0000 0.0000 0.0000 0.0000 0.0000 -0.0009 0.0000 0.0000 0.0002 -29.9996 -0.0001 -0.0003 29.9996 0.0000 0.0000 0.0000 -2.4695 -11.7661 -174.7871 -0.1715 -24.3714 0.1197 -57.7330 74.7105 -49.4576 0.0000 25.3511 0.0000 -14.7364 -20.3664 164.4695 0.5136 -21.3489 -0.1792 6.4634 66.5802 18.5054 0.0000 25.1903 -0.0001 
-3.3370 85.7952 -10.6178 0.7018 2.4443 -3.5708 4.2084 1.7248 -4.0688 4.2204 1.7303 -4.0804 4.2209 1.7305 -4.0808 82.4770 83.2331 -24.5185 -12.9018 61.1446 -10.3947 -16.9176 3.9743 7.7936 -0.2223 1.9133 -1.9708 0.0000 0.0000 0.0001 0.0000 0.0000 0.0000 0.0000 -0.0013 -0.0008 0.0000 -0.0004 0.0001 0.0000 0.0000 0.0000 0.0000 0.0000 0.0000 0.0000 0.0003 0.0000 0.0000 -0.0006 0.0003 0.0000 0.0004 -0.0006 0.0000 0.0000 0.0001 0.0000 0.0000 0.0000 0.0000 -0.0010 -0.0002 0.0000 0.0002 30.0001 -0.0001 0.0005 -29.9998 0.0000 0.0000 0.0000 -5.4965 -6.8327 4.4948 -5.4965 -6.8327 4.4948 159.7991 80.4155 -100.0741 38.5489 68.1746 45.9705 17.1933 3.7292 -7.5560 0.0586 0.7015 0.3905 0.0000 -0.0001 0.0001 0.0000 0.0000 0.0000 0.0000 -0.0006 0.0003 0.0000 -0.0001 0.0001 0.0000 0.0000 0.0000 0.0000 0.0000 0.0000 0.0000 0.0007 0.0001 0.0000 -0.0012 0.0001 0.0000 -0.0008 0.0003 0.0000 0.0001 0.0000 0.0000 0.0000 0.0000 0.0000 -0.0009 0.0000 0.0000 0.0002 -29.9996 -0.0001 -0.0003 29.9996 0.0000 0.0000 0.0000 -2.5139 -11.7973 -174.6984 -0.1661 -24.3174 0.1184 -57.6133 74.7962 -49.4006 0.0000 25.3510 0.0000 -14.8378 -20.4115 164.6413 0.5460 -21.4082 -0.1856 5.6244 66.5700 17.5540 0.0000 25.2038 -0.0001 
-3.2182 85.7679 -10.6289 0.7910 2.5184 -3.7725 4.0703 1.6046 -4.0569 4.0814 1.6095 -4.0680 4.0824 1.6099 -4.0689 78.7935 82.7543 -28.4190 -16.7048 58.3508 -14.0953 -18.2183 3.1944 6.9797 -0.2181 2.0444 -2.2351 0.0000 0.0000 0.0001 0.0000 0.0000 0.0000 0.0000 -0.0013 -0.0008 0.0000 -0.0004 0.0001 0.0000 0.0000 0.0000 0.0000 0.0000 0.0000 0.0000 0.0002 0.0000 0.0000 -0.0006 0.0003 0.0000 0.0004 -0.0006 0.0000 0.0000 0.0001 0.0000 0.0000 0.0000 0.0000 -0.0010 -0.0002 0.0000 0.0002 30.0001 -0.0001 0.0005 -29.9998 0.0000 0.0000 0.0000 -5.4633 -6.6346 4.6226 -5.4633 -6.6347 4.6226 165.3799 81.2475 -93.9762 38.8102 66.1162 47.4460 18.1789 3.4681 -7.2060 0.0637 0.8008 0.4378 0.0000 -0.0001 0.0001 0.0000 0.0000 0.0000 0.0000 -0.0006 0.0003 0.0000 -0.0001 0.0001 0.0000 0.0000 0.0000 0.0000 0.0000 0.0000 0.0000 0.0007 0.0001 0.0000 -0.0012 0.0001 0.0000 -0.0008 0.0003 0.0000 0.0001 0.0000 0.0000 0.0000 0.0000 0.0000 -0.0009 0.0000 0.0000 0.0002 -29.9996 -0.0001 -0.0003 29.9996 0.0000 0.0000 0.0000 -2.5551 -11.8169 -174.6179 -0.1675 -24.2415 0.1186 -57.4727 74.8804 -49.3114 0.0000 25.3510 0.0000 -14.9339 -20.4731 164.8133 0.5767 -21.4831 -0.1917 4.7756 66.5916 16.6106 0.0000 25.2180 -0.0001 
-3.0947 85.7344 -10.6388 0.8701 2.6004 -3.9641 3.9370 1.4886 -4.0445 3.9473 1.4930 -4.0550 3.9487 1.4936 -4.0565 75.8448 82.2084 -31.6193 -19.6023 55.4623 -16.6806 -19.5456 2.4589 6.2992 -0.2149 2.1783 -2.5485 0.0000 0.0000 0.0001 0.0000 0.0000 0.0000 0.0000 -0.0013 -0.0008 0.0000 -0.0004 0.0001 0.0000 0.0000 0.0000 0.0000 0.0000 0.0000 0.0000 0.0002 0.0000 0.0000 -0.0006 0.0003 0.0000 0.0004 -0.0006 0.0000 0.0000 0.0001 0.0000 0.0000 0.0000 0.0000 -0.0010 -0.0002 0.0000 0.0002 30.0001 -0.0002 0.0005 -29.9998 0.0000 0.0000 0.0000 -5.4325 -6.4438 4.7343 -5.4325 -6.4438 4.7343 172.6392 82.0940 -86.1398 38.7350 64.0754 48.5092 19.1670 3.1665 -6.8636 0.0691 0.9078 0.5038 0.0000 -0.0001 0.0001 0.0000 0.0000 0.0000 0.0000 -0.0006 0.0003 0.0000 -0.0001 0.0001 0.0000 0.0000 0.0000 0.0000 0.0000 0.0000 0.0000 0.0007 0.0001 0.0000 -0.0011 0.0001 0.0000 -0.0008 0.0003 0.0000 0.0001 0.0000 0.0000 0.0000 0.0000 0.0000 -0.0008 0.0000 0.0000 0.0002 -29.9996 -0.0001 -0.0003 29.9996 0.0000 0.0000 0.0000 -2.6104 -11.8303 -174.5480 -0.1699 -24.1466 0.1190 -57.3005 74.9626 -49.1612 0.0000 25.3510 0.0000 -15.0168 -20.5439 164.9673 0.6018 -21.5543 -0.1969 4.0083 66.6109 15.7672 0.0000 25.2319 -0.0001 
-2.9700 85.6976 -10.6423 0.9402 2.6930 -4.1448 3.8153 1.3747 -4.0306 3.8249 1.3786 -4.0407 3.8267 1.3793 -4.0426 73.4943 81.6431 -34.2464 -21.7110 52.5012 -18.2898 -20.9275 1.7759 5.7383 -0.2125 2.3144 -2.9135 0.0000 0.0000 0.0001 0.0000 0.0000 0.0000 0.0000 -0.0013 -0.0008 0.0000 -0.0004 0.0001 0.0000 0.0000 0.0000 0.0000 0.0000 0.0000 0.0000 0.0003 -0.0001 0.0000 -0.0006 0.0003 0.0000 0.0004 -0.0006 0.0000 0.0000 0.0001 0.0000 0.0000 0.0000 0.0000 -0.0010 -0.0002 0.0000 0.0002 30.0001 -0.0001 0.0005 -29.9998 0.0000 0.0000 0.0000 -5.4118 -6.2583 4.8246 -5.4118 -6.2583 4.8246 -177.7590 82.9041 -75.8789 38.4485 62.0257 49.3055 20.1279 2.8229 -6.5349 0.0745 1.0197 0.5905 0.0000 -0.0001 0.0001 0.0000 0.0000 0.0000 0.0000 -0.0006 0.0003 0.0000 -0.0001 0.0001 0.0000 0.0000 0.0000 0.0000 0.0000 0.0000 0.0000 0.0007 0.0001 0.0000 -0.0011 0.0001 0.0000 -0.0008 0.0003 0.0000 0.0001 0.0000 0.0000 0.0000 0.0000 0.0000 -0.0009 0.0000 0.0000 0.0002 -29.9997 -0.0001 -0.0003 29.9996 0.0000 0.0000 0.0000 -2.6801 -11.8445 -174.4828 -0.1697 -24.0398 0.1188 -57.1030 75.0402 -48.9530 0.0000 25.3511 0.0000 -15.0923 -20.6200 165.1053 0.6223 -21.6122 -0.2011 3.3242 66.6125 15.0294 0.0000 25.2448 -0.0001 
-2.8637 85.6691 -10.6549 0.9992 2.8035 -4.3123 3.7091 1.2578 -4.0123 3.7181 1.2612 -4.0219 3.7202 1.2620 -4.0242 71.7271 81.1017 -36.3403 -22.9190 49.5455 -18.8048 -22.5083 1.2559 5.3528 -0.2143 2.4364 -3.3307 0.0000 0.0000 0.0001 0.0000 0.0000 0.0000 0.0000 -0.0013 -0.0008 0.0000 -0.0004 0.0001 0.0000 0.0000 0.0000 0.0000 0.0000 0.0000 0.0000 0.0002 0.0000 0.0000 -0.0006 0.0003 0.0000 0.0004 -0.0006 0.0000 0.0000 0.0001 0.0000 0.0000 0.0000 0.0000 -0.0010 -0.0002 0.0000 0.0002 30.0001 -0.0001 0.0005 -29.9998 0.0000 0.0000 0.0000 -5.3963 -6.0725 4.8748 -5.3963 -6.0725 4.8748 -165.1671 83.5216 -62.5964 38.2424 59.8903 50.0240 20.9803 2.4403 -6.2847 0.0805 1.1335 0.7032 0.0000 -0.0001 0.0001 0.0000 0.0000 0.0000 0.0000 -0.0006 0.0003 0.0000 -0.0001 0.0001 0.0000 0.0000 0.0000 0.0000 0.0000 0.0000 0.0000 0.0007 0.0001 0.0000 -0.0012 0.0001 0.0000 -0.0008 0.0003 0.0000 0.0001 0.0000 0.0000 0.0000 0.0000 0.0000 -0.0009 0.0000 0.0000 0.0002 -29.9996 -0.0001 -0.0003 29.9996 0.0000 0.0000 0.0000 -2.7726 -11.8703 -174.4218 -0.1697 -23.9218 0.1186 -56.8300 75.1145 -48.6228 0.0000 25.3510 0.0000 -15.1697 -20.7152 165.2434 0.6437 -21.6462 -0.2054 2.7234 66.5747 14.4116 0.0000 25.2556 -0.0001 
-2.7718 85.6491 -10.6797 1.0561 2.9281 -4.4740 3.6134 1.1371 -3.9880 3.6217 1.1401 -3.9972 3.6241 1.1410 -3.9999 70.3001 80.5637 -38.1281 -23.4447 46.6561 -18.5834 -24.3189 0.9133 5.1020 -0.2201 2.5313 -3.7883 0.0000 0.0000 0.0001 0.0000 0.0000 0.0000 0.0000 -0.0013 -0.0008 0.0000 -0.0004 0.0001 0.0000 0.0000 0.0000 0.0000 0.0000 0.0000 0.0000 0.0002 0.0000 0.0000 -0.0006 0.0003 0.0000 0.0004 -0.0006 0.0000 0.0000 0.0001 0.0000 0.0000 0.0000 0.0000 -0.0010 -0.0002 0.0000 0.0003 30.0001 -0.0001 0.0005 -29.9998 0.0000 0.0000 0.0000 -5.3774 -5.8855 4.8922 -5.3774 -5.8855 4.8922 -150.8578 83.7323 -47.6967 38.2448 57.6019 50.7674 21.7000 2.0416 -6.1472 0.0872 1.2478 0.8408 0.0000 -0.0001 0.0001 0.0000 0.0000 0.0000 0.0000 -0.0006 0.0003 0.0000 -0.0001 0.0001 0.0000 0.0000 0.0000 0.0000 0.0000 0.0000 0.0000 0.0007 0.0001 0.0000 -0.0012 0.0001 0.0000 -0.0008 0.0003 0.0000 0.0001 0.0000 0.0000 0.0000 0.0000 0.0000 -0.0009 0.0000 0.0000 0.0002 -29.9996 -0.0001 -0.0003 29.9996 0.0000 0.0000 0.0000 -2.8868 -11.9091 -174.3554 -0.1690 -23.7969 0.1182 -56.4872 75.1820 -48.1889 0.0000 25.3510 0.0000 -15.2613 -20.8297 165.3904 0.6634 -21.6658 -0.2092 2.1941 66.5076 13.8879 0.0000 25.2647 -0.0001 
-2.6968 85.6358 -10.7133 1.1167 3.0644 -4.6309 3.5214 1.0141 -3.9561 3.5292 1.0167 -3.9649 3.5319 1.0176 -3.9679 69.0669 80.0162 -39.7483 -23.5194 43.8598 -17.9159 -26.3017 0.7207 4.9633 -0.2295 2.5902 -4.2745 0.0000 0.0000 0.0001 0.0000 0.0000 0.0000 0.0000 -0.0013 -0.0008 0.0000 -0.0004 0.0001 0.0000 0.0000 0.0000 0.0000 0.0000 0.0000 0.0000 0.0003 0.0000 0.0000 -0.0006 0.0003 0.0000 0.0004 -0.0006 0.0000 0.0000 0.0001 0.0000 0.0000 0.0000 0.0000 -0.0010 -0.0002 0.0000 0.0002 30.0001 -0.0001 0.0005 -29.9998 0.0000 0.0000 0.0000 -5.3467 -5.6997 4.8785 -5.3467 -5.6997 4.8785 -137.0031 83.4959 -33.3717 38.3689 55.1737 51.4312 22.3405 1.6541 -6.0967 0.0948 1.3617 1.0052 0.0000 -0.0001 0.0001 0.0000 0.0000 0.0000 0.0000 -0.0006 0.0003 0.0000 -0.0001 0.0001 0.0000 0.0000 0.0000 0.0000 0.0000 0.0000 0.0000 0.0007 0.0001 0.0000 -0.0012 0.0001 0.0000 -0.0008 0.0003 0.0000 0.0001 0.0000 0.0000 0.0000 0.0000 0.0000 -0.0009 0.0000 0.0000 0.0002 -29.9996 -0.0001 -0.0003 29.9996 0.0000 0.0000 0.0000 -3.0217 -11.9538 -174.2844 -0.1661 -23.6677 0.1174 -56.1172 75.2494 -47.6998 0.0000 25.3510 0.0000 -15.3633 -20.9548 165.5481 0.6826 -21.6763 -0.2130 1.7345 66.4225 13.4386 0.0000 25.2721 -0.0001 
-2.6465 85.6256 -10.7598 1.1861 3.2189 -4.7756 3.4279 0.8876 -3.9132 3.4352 0.8899 -3.9215 3.4381 0.8907 -3.9248 67.9455 79.4841 -41.2992 -23.1233 41.1668 -16.7821 -28.4532 0.7564 4.9556 -0.2474 2.6139 -4.7849 0.0000 0.0000 0.0001 0.0000 0.0000 0.0000 0.0000 -0.0013 -0.0008 0.0000 -0.0004 0.0001 0.0000 0.0000 0.0000 0.0000 0.0000 0.0000 0.0000 0.0002 0.0000 0.0000 -0.0006 0.0003 0.0000 0.0004 -0.0006 0.0000 0.0000 0.0001 0.0000 0.0000 0.0000 0.0000 -0.0010 -0.0002 0.0000 0.0002 30.0001 -0.0001 0.0005 -29.9998 0.0000 0.0000 0.0000 -5.2880 -5.5201 4.8195 -5.2880 -5.5201 4.8195 -126.0907 82.8952 -22.1751 38.6111 52.6034 51.8823 22.9690 1.3302 -6.1467 0.1042 1.4741 1.2020 0.0000 -0.0001 0.0001 0.0000 0.0000 0.0000 0.0000 -0.0006 0.0003 0.0000 -0.0001 0.0001 0.0000 0.0000 0.0000 0.0000 0.0000 0.0000 0.0000 0.0007 0.0001 0.0000 -0.0012 0.0001 0.0000 -0.0008 0.0003 0.0000 0.0001 0.0000 0.0000 0.0000 0.0000 0.0000 -0.0008 0.0000 0.0000 0.0002 -29.9996 -0.0001 -0.0003 29.9996 0.0000 0.0000 0.0000 -3.1871 -12.0042 -174.2182 -0.1622 -23.5368 0.1164 -55.7443 75.3283 -47.1729 0.0000 25.3510 0.0000 -15.4740 -21.0912 165.7169 0.7019 -21.6724 -0.2166 1.3689 66.3151 13.0714 0.0000 25.2776 -0.0001 
-2.6096 85.6175 -10.8228 1.2547 3.3866 -4.9093 3.3297 0.7578 -3.8649 3.3365 0.7596 -3.8727 3.3396 0.7604 -3.8764 66.6520 78.9399 -43.0802 -22.4543 38.6862 -15.5346 -30.6410 0.8989 4.9987 -0.2616 2.5788 -5.1331 0.0000 0.0000 0.0001 0.0000 0.0000 0.0000 0.0000 -0.0013 -0.0008 0.0000 -0.0004 0.0001 0.0000 0.0000 0.0000 0.0000 0.0000 0.0000 0.0000 0.0002 0.0000 0.0000 -0.0006 0.0003 0.0000 0.0004 -0.0006 0.0000 0.0000 0.0001 0.0000 0.0000 0.0000 0.0000 -0.0010 -0.0002 0.0000 0.0002 30.0001 -0.0001 0.0005 -29.9998 0.0000 0.0000 0.0000 -5.2001 -5.3490 4.7336 -5.2001 -5.3490 4.7336 -118.7154 82.1217 -14.6905 38.8298 49.9858 52.0379 23.6482 1.0660 -6.2987 0.1155 1.5851 1.4280 0.0000 -0.0001 0.0001 0.0000 0.0000 0.0000 0.0000 -0.0006 0.0003 0.0000 -0.0001 0.0001 0.0000 0.0000 0.0000 0.0000 0.0000 0.0000 0.0000 0.0007 0.0001 0.0000 -0.0012 0.0001 0.0000 -0.0008 0.0003 0.0000 0.0001 0.0000 0.0000 0.0000 0.0000 0.0000 -0.0008 0.0000 0.0000 0.0002 -29.9996 -0.0001 -0.0003 29.9996 0.0000 0.0000 0.0000 -3.3796 -12.0634 -174.1642 -0.1621 -23.4056 0.1162 -55.3606 75.4091 -46.6038 0.0000 25.3510 0.0000 -15.5846 -21.2438 165.8914 0.7219 -21.6587 -0.2203 1.0445 66.1965 12.7321 0.0000 25.2824 -0.0001 
-2.5741 85.6109 -10.9021 1.3134 3.5619 -5.0342 3.2311 0.6264 -3.8129 3.2374 0.6279 -3.8203 3.2407 0.6287 -3.8243 65.0587 78.3566 -45.2051 -21.6390 36.4960 -14.3767 -32.7571 1.0725 5.0710 -0.2670 2.4986 -5.2416 0.0000 0.0000 0.0001 0.0000 0.0000 0.0000 0.0000 -0.0013 -0.0008 0.0000 -0.0004 0.0001 0.0000 0.0000 0.0000 0.0000 0.0000 0.0000 0.0000 0.0002 0.0000 0.0000 -0.0006 0.0003 0.0000 0.0004 -0.0006 0.0000 0.0000 0.0001 0.0000 0.0000 0.0000 0.0000 -0.0010 -0.0002 0.0000 0.0002 30.0001 -0.0001 0.0005 -29.9998 0.0000 0.0000 0.0000 -5.0900 -5.1887 4.6328 -5.0900 -5.1887 4.6328 -113.7676 81.2855 -9.7597 38.9715 47.3974 51.9091 24.3933 0.8415 -6.5219 0.1287 1.6945 1.6841 0.0000 -0.0001 0.0001 0.0000 0.0000 0.0000 0.0000 -0.0006 0.0003 0.0000 -0.0001 0.0001 0.0000 0.0000 0.0000 0.0000 0.0000 0.0000 0.0000 0.0007 0.0001 0.0000 -0.0012 0.0001 0.0000 -0.0008 0.0003 0.0000 0.0001 0.0000 0.0000 0.0000 0.0000 0.0000 -0.0009 0.0000 0.0000 0.0002 -29.9997 -0.0001 -0.0003 29.9996 0.0000 0.0000 0.0000 -3.5924 -12.1391 -174.1184 -0.1633 -23.2768 0.1163 -54.9522 75.4815 -45.9789 0.0000 25.3510 0.0000 -15.6915 -21.4141 166.0659 0.7408 -21.6359 -0.2238 0.7400 66.0675 12.4078 0.0000 25.2867 -0.0001 
-2.5294 85.6066 -10.9920 1.3414 3.7446 -5.1484 3.1378 0.4916 -3.7573 3.1436 0.4928 -3.7643 3.1472 0.4935 -3.7686 63.6762 77.7512 -47.1607 -20.8181 34.4577 -13.1180 -34.7523 1.2722 5.2053 -0.2746 2.4176 -5.3455 0.0000 0.0000 0.0001 0.0000 0.0000 0.0000 0.0000 -0.0013 -0.0008 0.0000 -0.0004 0.0001 0.0000 0.0000 0.0000 0.0000 0.0000 0.0000 0.0000 0.0002 -0.0001 0.0000 -0.0006 0.0003 0.0000 0.0004 -0.0006 0.0000 0.0000 0.0001 0.0000 0.0000 0.0000 0.0000 -0.0010 -0.0002 0.0000 0.0002 30.0001 -0.0001 0.0005 -29.9998 0.0000 0.0000 0.0000 -4.9547 -5.0400 4.5219 -4.9547 -5.0400 4.5219 -110.5641 80.4493 -6.6335 38.9158 44.9996 51.3177 25.2718 0.6465 -6.7934 0.1437 1.8037 1.9739 0.0000 -0.0001 0.0001 0.0000 0.0000 0.0000 0.0000 -0.0006 0.0003 0.0000 -0.0001 0.0001 0.0000 0.0000 0.0000 0.0000 0.0000 0.0000 0.0000 0.0007 0.0001 0.0000 -0.0011 0.0001 0.0000 -0.0008 0.0003 0.0000 0.0001 0.0000 0.0000 0.0000 0.0000 0.0000 -0.0009 0.0000 0.0000 0.0002 -29.9997 -0.0001 -0.0003 29.9995 0.0000 0.0000 0.0000 -3.8265 -12.2405 -174.0763 -0.1629 -23.1418 0.1160 -54.4916 75.5294 -45.2547 0.0000 25.3510 0.0000 -15.7784 -21.6076 166.2324 0.7563 -21.6059 -0.2265 0.4601 65.9248 12.1075 0.0000 25.2908 -0.0001 
-2.4788 85.6031 -11.0746 1.3333 3.9336 -5.2585 3.0565 0.3539 -3.6961 3.0619 0.3548 -3.7026 3.0657 0.3553 -3.7071 62.6246 77.1535 -48.8161 -20.1068 32.5630 -11.8005 -36.5651 1.4087 5.3553 -0.2796 2.3397 -5.4396 0.0000 0.0000 0.0001 0.0000 0.0000 0.0000 0.0000 -0.0013 -0.0008 0.0000 -0.0004 0.0001 0.0000 0.0000 0.0000 0.0000 0.0000 0.0000 0.0000 0.0002 0.0000 0.0000 -0.0006 0.0003 0.0000 0.0004 -0.0006 0.0000 0.0000 0.0001 0.0000 0.0000 0.0000 0.0000 -0.0010 -0.0002 0.0000 0.0002 30.0001 -0.0001 0.0005 -29.9998 0.0000 0.0000 0.0000 -4.8117 -4.8949 4.4051 -4.8117 -4.8949 4.4051 -108.2717 79.5968 -4.3778 38.6922 42.8103 50.3947 26.2226 0.4762 -7.1085 0.1605 1.9103 2.2963 0.0000 -0.0001 0.0001 0.0000 0.0000 0.0000 0.0000 -0.0006 0.0003 0.0000 -0.0001 0.0001 0.0000 0.0000 0.0000 0.0000 0.0000 0.0000 0.0000 0.0007 0.0001 0.0000 -0.0011 0.0001 0.0000 -0.0008 0.0003 0.0000 0.0001 0.0000 0.0000 0.0000 0.0000 0.0000 -0.0009 0.0000 0.0000 0.0002 -29.9996 -0.0001 -0.0003 29.9996 0.0000 0.0000 0.0000 -4.0614 -12.3440 -174.0310 -0.1651 -22.9868 0.1162 -54.0230 75.5538 -44.4994 0.0000 25.3510 0.0000 -15.8425 -21.8091 166.3955 0.7708 -21.5668 -0.2290 0.1808 65.7675 11.8158 0.0000 25.2947 -0.0001 
-2.4239 85.5997 -11.1541 1.2920 4.1310 -5.3782 2.9850 0.2094 -3.6279 2.9900 0.2100 -3.6340 2.9939 0.2104 -3.6388 61.8838 76.5647 -50.2021 -19.4835 30.7997 -10.4146 -38.2141 1.4643 5.5163 -0.2811 2.2669 -5.5202 0.0000 0.0000 0.0001 0.0000 0.0000 0.0000 0.0000 -0.0013 -0.0008 0.0000 -0.0004 0.0001 0.0000 0.0000 0.0000 0.0000 0.0000 0.0000 0.0000 0.0002 0.0000 0.0000 -0.0006 0.0003 0.0000 0.0004 -0.0006 0.0000 0.0000 0.0001 0.0000 0.0000 0.0000 0.0000 -0.0010 -0.0002 0.0000 0.0002 30.0001 -0.0001 0.0005 -29.9998 0.0000 0.0000 0.0000 -4.6635 -4.7451 4.2870 -4.6635 -4.7451 4.2870 -106.3862 78.7418 -2.4789 38.2881 40.7875 49.2199 27.1840 0.3407 -7.4669 0.1795 2.0142 2.6494 0.0000 -0.0001 0.0001 0.0000 0.0000 0.0000 0.0000 -0.0006 0.0003 0.0000 -0.0001 0.0001 0.0000 0.0000 0.0000 0.0000 0.0000 0.0000 0.0000 0.0007 0.0001 0.0000 -0.0012 0.0001 0.0000 -0.0008 0.0003 0.0000 0.0001 0.0000 0.0000 0.0000 0.0000 0.0000 -0.0008 0.0000 0.0000 0.0002 -29.9996 -0.0001 -0.0003 29.9995 0.0000 0.0000 0.0000 -4.2715 -12.4306 -173.9637 -0.1685 -22.8009 0.1166 -53.5858 75.5601 -43.7841 0.0000 25.3510 0.0000 -15.8915 -22.0206 166.5702 0.7860 -21.5206 -0.2316 -0.1236 65.5944 11.5117 0.0000 25.2988 -0.0001 
-2.3543 85.5923 -11.2446 1.2169 4.3247 -5.5211 2.9289 0.0628 -3.5454 2.9336 0.0631 -3.5512 2.9377 0.0633 -3.5561 61.2347 76.0165 -51.5110 -18.9612 29.1883 -8.9300 -39.6280 1.4259 5.7131 -0.2794 2.2051 -5.5919 0.0000 0.0000 0.0001 0.0000 0.0000 0.0000 0.0000 -0.0013 -0.0008 0.0000 -0.0004 0.0001 0.0000 0.0000 0.0000 0.0000 0.0000 0.0000 0.0000 0.0002 -0.0001 0.0000 -0.0006 0.0003 0.0000 0.0004 -0.0006 0.0000 0.0000 0.0001 0.0000 0.0000 0.0000 0.0000 -0.0010 -0.0002 0.0000 0.0002 30.0001 -0.0001 0.0005 -29.9998 0.0000 0.0000 0.0000 -4.5197 -4.5916 4.1682 -4.5197 -4.5916 4.1682 -104.8543 77.8547 -0.8609 37.7143 38.9711 47.7657 28.1383 0.2809 -7.8173 0.2011 2.1159 3.0359 0.0000 -0.0001 0.0001 0.0000 0.0000 0.0000 0.0000 -0.0006 0.0003 0.0000 -0.0001 0.0001 0.0000 0.0000 0.0000 0.0000 0.0000 0.0000 0.0000 0.0007 0.0001 0.0000 -0.0012 0.0001 0.0000 -0.0008 0.0003 0.0000 0.0001 0.0000 0.0000 0.0000 0.0000 0.0000 -0.0009 0.0000 0.0000 0.0002 -29.9996 -0.0001 -0.0003 29.9996 0.0000 0.0000 0.0000 -4.4254 -12.4659 -173.8466 -0.1686 -22.5703 0.1163 -53.2683 75.5424 -43.2359 0.0000 25.3510 0.0000 -15.9274 -22.2358 166.7615 0.8013 -21.4573 -0.2340 -0.4651 65.3831 11.1912 0.0000 25.3031 -0.0001 
-2.2650 85.5782 -11.3514 1.1430 4.4963 -5.6800 2.8751 -0.0771 -3.4549 2.8796 -0.0770 -3.4602 2.8838 -0.0770 -3.4653 60.5937 75.4749 -52.8165 -18.5321 27.5811 -7.3448 -40.9932 1.4034 5.9048 -0.2776 2.1389 -5.6630 0.0000 0.0000 0.0001 0.0000 0.0000 0.0000 0.0000 -0.0013 -0.0008 0.0000 -0.0004 0.0001 0.0000 0.0000 0.0000 0.0000 0.0000 0.0000 0.0000 0.0002 0.0000 0.0000 -0.0006 0.0003 0.0000 0.0004 -0.0006 0.0000 0.0000 0.0001 0.0000 0.0000 0.0000 0.0000 -0.0010 -0.0002 0.0000 0.0002 30.0001 -0.0001 0.0005 -29.9998 0.0000 0.0000 0.0000 -4.3766 -4.4340 4.0523 -4.3766 -4.4340 4.0523 -103.5308 76.9624 0.5434 37.0750 37.2578 46.1599 29.1030 0.2491 -8.1684 0.2247 2.2084 3.4710 0.0000 -0.0001 0.0001 0.0000 0.0000 0.0000 0.0000 -0.0006 0.0003 0.0000 -0.0001 0.0001 0.0000 0.0000 0.0000 0.0000 0.0000 0.0000 0.0000 0.0007 0.0001 0.0000 -0.0011 0.0001 0.0000 -0.0008 0.0003 0.0000 0.0001 0.0000 0.0000 0.0000 0.0000 0.0000 -0.0008 0.0000 0.0000 0.0002 -29.9996 -0.0001 -0.0003 29.9996 0.0000 0.0000 0.0000 -4.5347 -12.4622 -173.6911 -0.1632 -22.3148 0.1148 -53.0119 75.5047 -42.8093 0.0000 25.3510 0.0000 -15.9660 -22.4316 166.9522 0.8136 -21.3700 -0.2357 -0.8045 65.1229 10.8862 0.0000 25.3074 -0.0001 
-2.1628 85.5617 -11.4664 1.0837 4.6474 -5.8513 2.8187 -0.2097 -3.3582 2.8228 -0.2098 -3.3631 2.8271 -0.2100 -3.3683 60.0598 74.9171 -54.0527 -18.1644 26.1001 -5.6952 -42.2550 1.3973 6.1092 -0.2763 2.0732 -5.7262 0.0000 0.0000 0.0001 0.0000 0.0000 0.0000 0.0000 -0.0013 -0.0008 0.0000 -0.0004 0.0001 0.0000 0.0000 0.0000 0.0000 0.0000 0.0000 0.0000 0.0002 0.0000 0.0000 -0.0006 0.0003 0.0000 0.0004 -0.0006 0.0000 0.0000 0.0001 0.0000 0.0000 0.0000 0.0000 -0.0010 -0.0002 0.0000 0.0002 30.0001 -0.0001 0.0005 -29.9998 0.0000 0.0000 0.0000 -4.2329 -4.2750 3.9392 -4.2329 -4.2750 3.9392 -102.4148 76.0858 1.7434 36.5371 35.7443 44.7877 30.0838 0.2411 -8.5301 0.2417 2.2792 3.6241 0.0000 -0.0001 0.0001 0.0000 0.0000 0.0000 0.0000 -0.0006 0.0003 0.0000 -0.0001 0.0001 0.0000 0.0000 0.0000 0.0000 0.0000 0.0000 0.0000 0.0007 0.0001 0.0000 -0.0012 0.0001 0.0000 -0.0008 0.0003 0.0000 0.0001 0.0000 0.0000 0.0000 0.0000 0.0000 -0.0009 0.0000 0.0000 0.0002 -29.9996 -0.0001 -0.0003 29.9996 0.0000 0.0000 0.0000 -4.6155 -12.4334 -173.5171 -0.1572 -22.0329 0.1133 -52.7314 75.4531 -42.4075 0.0000 25.3510 0.0000 -16.0093 -22.6028 167.1405 0.8241 -21.2678 -0.2369 -1.1307 64.8235 10.5993 0.0000 25.3114 -0.0001 
-2.0474 85.5483 -11.5936 1.0756 4.7573 -6.0367 2.7491 -0.3297 -3.2556 2.7529 -0.3300 -3.2601 2.7574 -0.3304 -3.2654 58.9904 74.2631 -55.8674 -17.6840 24.7150 -3.9138 -43.3574 1.4443 6.3516 -0.2782 2.0108 -5.7863 0.0000 0.0000 0.0001 0.0000 0.0000 0.0000 0.0000 -0.0013 -0.0008 0.0000 -0.0004 0.0001 0.0000 0.0000 0.0000 0.0000 0.0000 0.0000 0.0000 0.0002 0.0000 0.0000 -0.0006 0.0003 0.0000 0.0004 -0.0006 0.0000 0.0000 0.0001 0.0000 0.0000 0.0000 0.0000 -0.0010 -0.0002 0.0000 0.0002 30.0001 -0.0001 0.0005 -29.9998 0.0000 0.0000 0.0000 -4.0858 -4.1088 3.8304 -4.0858 -4.1088 3.8304 -101.4931 75.2524 2.7710 35.9516 34.3459 43.2938 31.0757 0.2947 -8.8998 0.2604 2.3441 3.7562 0.0000 -0.0001 0.0001 0.0000 0.0000 0.0000 0.0000 -0.0006 0.0003 0.0000 -0.0001 0.0001 0.0000 0.0000 0.0000 0.0000 0.0000 0.0000 0.0000 0.0007 0.0001 0.0000 -0.0012 0.0001 0.0000 -0.0008 0.0003 0.0000 0.0001 0.0000 0.0000 0.0000 0.0000 0.0000 -0.0008 0.0000 0.0000 0.0002 -29.9997 -0.0001 -0.0003 29.9996 0.0000 0.0000 0.0000 -4.6899 -12.3537 -173.3402 -0.1562 -21.7083 0.1126 -52.3436 75.3968 -41.9545 0.0000 25.3510 0.0000 -16.0679 -22.7141 167.3191 0.8323 -21.1383 -0.2375 -1.4270 64.4727 10.3353 0.0000 25.3152 -0.0001 
-1.9179 85.5393 -11.7469 1.1304 4.8090 -6.2261 2.6641 -0.4323 -3.1503 2.6676 -0.4327 -3.1544 2.6722 -0.4333 -3.1598 57.8014 73.5325 -57.8118 -17.2035 23.4393 -2.0685 -44.3463 1.5289 6.6122 -0.2820 1.9501 -5.8437 0.0000 0.0000 0.0001 0.0000 0.0000 0.0000 0.0000 -0.0013 -0.0008 0.0000 -0.0004 0.0001 0.0000 0.0000 0.0000 0.0000 0.0000 0.0000 0.0000 0.0002 0.0000 0.0000 -0.0006 0.0003 0.0000 0.0004 -0.0006 0.0000 0.0000 0.0001 0.0000 0.0000 0.0000 0.0000 -0.0010 -0.0002 0.0000 0.0002 30.0001 -0.0001 0.0005 -29.9998 0.0000 0.0000 0.0000 -3.9316 -3.9291 3.7269 -3.9316 -3.9291 3.7269 -100.7838 74.4868 3.5674 35.4104 32.9469 41.7172 32.1156 0.4163 -9.2729 0.2809 2.3960 3.9034 0.0000 -0.0001 0.0001 0.0000 0.0000 0.0000 0.0000 -0.0006 0.0003 0.0000 -0.0001 0.0000 0.0000 0.0000 0.0000 0.0000 0.0000 0.0000 0.0000 0.0007 0.0001 0.0000 -0.0012 0.0001 0.0000 -0.0008 0.0003 0.0000 0.0001 0.0000 0.0000 0.0000 0.0000 0.0000 -0.0008 0.0000 0.0000 0.0002 -29.9996 -0.0001 -0.0003 29.9996 0.0000 0.0000 0.0000 -4.7909 -12.2005 -173.1734 -0.1580 -21.3581 0.1125 -51.8710 75.3436 -41.4428 0.0000 25.3510 0.0000 -16.1422 -22.7599 167.4726 0.8374 -20.9857 -0.2373 -1.6650 64.0790 10.1166 0.0000 25.3185 -0.0001 
-1.7730 85.5298 -11.9256 1.2463 4.7961 -6.4133 2.5646 -0.5136 -3.0436 2.5678 -0.5141 -3.0474 2.5724 -0.5149 -3.0528 56.5815 72.7391 -59.7867 -16.7356 22.2281 -0.1719 -45.2585 1.6643 6.8796 -0.2883 1.8913 -5.8973 0.0000 0.0000 0.0001 0.0000 0.0000 0.0000 0.0000 -0.0013 -0.0008 0.0000 -0.0004 0.0001 0.0000 0.0000 0.0000 0.0000 0.0000 0.0000 0.0000 0.0002 -0.0001 0.0000 -0.0006 0.0003 0.0000 0.0004 -0.0006 0.0000 0.0000 0.0001 0.0000 0.0000 0.0000 0.0000 -0.0010 -0.0002 0.0000 0.0002 30.0001 -0.0002 0.0005 -29.9998 0.0000 0.0000 0.0000 -3.7690 -3.7329 3.6247 -3.7690 -3.7329 3.6247 -100.2545 73.7502 4.1311 34.9614 31.5529 40.1469 33.2323 0.5815 -9.7554 0.3049 2.4354 4.0658 0.0000 -0.0001 0.0001 0.0000 0.0000 0.0000 0.0000 -0.0006 0.0003 0.0000 -0.0001 0.0001 0.0000 0.0000 0.0000 0.0000 0.0000 0.0000 0.0000 0.0007 0.0001 0.0000 -0.0012 0.0001 0.0000 -0.0008 0.0003 0.0000 0.0001 0.0000 0.0000 0.0000 0.0000 0.0000 -0.0009 0.0000 0.0000 0.0002 -29.9996 -0.0001 -0.0003 29.9996 0.0000 0.0000 0.0000 -4.9317 -11.9777 -173.0136 -0.1578 -21.0105 0.1119 -51.3628 75.2947 -40.9030 0.0000 25.3510 0.0000 -16.2310 -22.7323 167.5919 0.8378 -20.8026 -0.2360 -1.8247 63.6447 9.9639 0.0000 25.3209 -0.0001 
-1.6119 85.5096 -12.1290 1.4279 4.6982 -6.6046 2.4533 -0.5699 -2.9344 2.4561 -0.5704 -2.9377 2.4607 -0.5713 -2.9432 55.5468 71.8796 -61.6028 -16.3049 21.1463 1.8140 -46.0786 1.8122 7.2594 -0.2977 1.8419 -5.9475 0.0000 0.0000 0.0001 0.0000 0.0000 0.0000 0.0000 -0.0013 -0.0008 0.0000 -0.0004 0.0001 0.0000 0.0000 0.0000 0.0000 0.0000 0.0000 0.0000 0.0002 -0.0001 0.0000 -0.0006 0.0003 0.0000 0.0004 -0.0006 0.0000 0.0000 0.0001 0.0000 0.0000 0.0000 0.0000 -0.0010 -0.0002 0.0000 0.0002 30.0001 -0.0001 0.0005 -29.9998 0.0000 0.0000 0.0000 -3.5965 -3.5039 3.5218 -3.5965 -3.5039 3.5218 -99.9405 73.0560 4.4560 34.5491 30.2108 38.5198 34.3922 0.8197 -10.3241 0.3334 2.4661 4.2387 0.0000 -0.0001 0.0001 0.0000 0.0000 0.0000 0.0000 -0.0006 0.0003 0.0000 -0.0001 0.0001 0.0000 0.0000 0.0000 0.0000 0.0000 0.0000 0.0000 0.0007 0.0001 0.0000 -0.0011 0.0001 0.0000 -0.0008 0.0003 0.0000 0.0001 0.0000 0.0000 0.0000 0.0000 0.0000 -0.0009 0.0000 0.0000 0.0002 -29.9997 -0.0001 -0.0003 29.9996 0.0000 0.0000 0.0000 -5.1419 -11.6936 -172.8512 -0.1525 -20.7043 0.1105 -50.7727 75.2468 -40.2628 0.0000 25.3510 0.0000 -16.3258 -22.6000 167.6712 0.8328 -20.5805 -0.2334 -1.9039 63.1574 9.8820 0.0000 25.3224 -0.0001 
-1.4429 85.4864 -12.3291 1.6403 4.5384 -6.7995 2.3402 -0.6096 -2.8226 2.3427 -0.6102 -2.8256 2.3473 -0.6112 -2.8312 54.5120 70.9669 -63.4125 -15.9080 20.1463 3.8669 -46.8138 1.9573 7.7618 -0.3093 1.7999 -5.9941 0.0000 0.0000 0.0001 0.0000 0.0000 0.0000 0.0000 -0.0013 -0.0008 0.0000 -0.0004 0.0001 0.0000 0.0000 0.0000 0.0000 0.0000 0.0000 0.0000 0.0002 0.0000 0.0000 -0.0006 0.0003 0.0000 0.0004 -0.0006 0.0000 0.0000 0.0001 0.0000 0.0000 0.0000 0.0000 -0.0010 -0.0002 0.0000 0.0002 30.0001 -0.0001 0.0005 -29.9998 0.0000 0.0000 0.0000 -3.4171 -3.2413 3.4163 -3.4171 -3.2413 3.4163 -99.8230 72.3925 4.5625 34.2122 28.9089 36.8633 35.5506 1.1033 -10.8729 0.3631 2.4865 4.4154 0.0000 -0.0001 0.0001 0.0000 0.0000 0.0000 0.0000 -0.0006 0.0003 0.0000 -0.0001 0.0001 0.0000 0.0000 0.0000 0.0000 0.0000 0.0000 0.0000 0.0007 0.0001 0.0000 -0.0012 0.0001 0.0000 -0.0008 0.0003 0.0000 0.0001 0.0000 0.0000 0.0000 0.0000 0.0000 -0.0009 0.0000 0.0000 0.0002 -29.9996 -0.0001 -0.0003 29.9996 0.0000 0.0000 0.0000 -5.4009 -11.3929 -172.6935 -0.1494 -20.4428 0.1096 -50.0640 75.1864 -39.4765 0.0000 25.3511 0.0000 -16.4220 -22.3887 167.7232 0.8248 -20.3369 -0.2301 -1.9493 62.6537 9.8387 0.0000 25.3233 -0.0001 
-1.2694 85.4621 -12.5167 1.8566 4.3321 -6.9952 2.2321 -0.6372 -2.7101 2.2343 -0.6377 -2.7128 2.2389 -0.6389 -2.7183 53.6940 70.0521 -64.9887 -15.6219 19.2730 5.9368 -47.4705 2.1075 8.3801 -0.3236 1.7663 -6.0359 0.0000 0.0000 0.0001 0.0000 0.0000 0.0000 0.0000 -0.0013 -0.0008 0.0000 -0.0004 0.0001 0.0000 0.0000 0.0000 0.0000 0.0000 0.0000 0.0000 0.0002 0.0000 0.0000 -0.0006 0.0003 0.0000 0.0004 -0.0006 0.0000 0.0000 0.0001 0.0000 0.0000 0.0000 0.0000 -0.0010 -0.0002 0.0000 0.0002 30.0001 -0.0001 0.0005 -29.9998 0.0000 0.0000 0.0000 -3.2315 -2.9494 3.3098 -3.2315 -2.9494 3.3098 -99.8478 71.7578 4.5043 33.9519 27.6448 35.1863 36.6529 1.3999 -11.3174 0.3910 2.4990 4.5885 0.0000 -0.0001 0.0001 0.0000 0.0000 0.0000 0.0000 -0.0006 0.0003 0.0000 -0.0001 0.0001 0.0000 0.0000 0.0000 0.0000 0.0000 0.0000 0.0000 0.0007 0.0001 0.0000 -0.0012 0.0001 0.0000 -0.0008 0.0003 0.0000 0.0001 0.0000 0.0000 0.0000 0.0000 0.0000 -0.0008 0.0000 0.0000 0.0002 -29.9996 -0.0001 -0.0003 29.9996 0.0000 0.0000 0.0000 -5.6751 -11.0720 -172.5449 -0.1493 -20.2069 0.1093 -49.2994 75.1139 -38.6143 0.0000 25.3510 0.0000 -16.5136 -22.1198 167.7544 0.8142 -20.0790 -0.2264 -1.9816 62.1479 9.8209 0.0000 25.3239 -0.0001 
-1.0971 85.4474 -12.6712 2.0485 4.0736 -7.1869 2.1364 -0.6517 -2.5987 2.1383 -0.6522 -2.6011 2.1429 -0.6534 -2.6066 53.1101 69.1587 -66.2985 -15.4547 18.5758 7.9942 -48.0382 2.3161 9.1712 -0.3446 1.7430 -6.0779 0.0000 0.0000 0.0001 0.0000 0.0000 0.0000 0.0000 -0.0013 -0.0008 0.0000 -0.0004 0.0001 0.0000 0.0000 0.0000 0.0000 0.0000 0.0000 0.0000 0.0002 0.0000 0.0000 -0.0006 0.0003 0.0000 0.0004 -0.0006 0.0000 0.0000 0.0001 0.0000 0.0000 0.0000 0.0000 -0.0010 -0.0002 0.0000 0.0002 30.0001 -0.0001 0.0005 -29.9998 0.0000 0.0000 0.0000 -3.0368 -2.6176 3.2053 -3.0368 -2.6176 3.2053 -100.0275 71.1521 4.2524 33.7792 26.4337 33.4672 37.7252 1.7286 -11.8390 0.4227 2.5087 4.7673 0.0000 -0.0001 0.0001 0.0000 0.0000 0.0000 0.0000 -0.0006 0.0002 0.0000 -0.0001 0.0001 0.0000 0.0000 0.0000 0.0000 0.0000 0.0000 0.0000 0.0007 0.0001 0.0000 -0.0012 0.0001 0.0000 -0.0008 0.0003 0.0000 0.0001 0.0000 0.0000 0.0000 0.0000 0.0000 -0.0009 0.0000 0.0000 0.0002 -29.9996 -0.0001 -0.0003 29.9996 0.0000 0.0000 0.0000 -5.9345 -10.6786 -172.4051 -0.1487 -19.9604 0.1088 -48.5737 75.0286 -37.7660 0.0000 25.3510 0.0000 -16.5852 -21.7879 167.7639 0.8015 -19.8119 -0.2222 -2.0164 61.6550 9.8174 0.0000 25.3241 -0.0001 
-0.9425 85.4407 -12.7944 2.1933 3.7949 -7.3621 2.0556 -0.6629 -2.4949 2.0573 -0.6633 -2.4970 2.0618 -0.6647 -2.5024 52.4746 68.2608 -67.6157 -15.2876 17.9753 10.0433 -48.5187 2.5789 10.1133 -0.3721 1.7322 -6.1175 0.0000 0.0000 0.0001 0.0000 0.0000 0.0000 0.0000 -0.0013 -0.0008 0.0000 -0.0004 0.0001 0.0000 0.0000 0.0000 0.0000 0.0000 0.0000 0.0000 0.0002 -0.0001 0.0000 -0.0006 0.0003 0.0000 0.0004 -0.0006 0.0000 0.0000 0.0001 0.0000 0.0000 0.0000 0.0000 -0.0010 -0.0002 0.0000 0.0002 30.0001 -0.0001 0.0005 -29.9998 0.0000 0.0000 0.0000 -2.8387 -2.2564 3.1059 -2.8387 -2.2564 3.1059 -100.2380 70.5688 3.9460 33.6667 25.3062 31.7492 38.6841 2.0754 -12.4198 0.4577 2.5205 4.9424 0.0000 -0.0001 0.0001 0.0000 0.0000 0.0000 0.0000 -0.0006 0.0003 0.0000 -0.0001 0.0001 0.0000 0.0000 0.0000 0.0000 0.0000 0.0000 0.0000 0.0007 0.0001 0.0000 -0.0012 0.0001 0.0000 -0.0008 0.0003 0.0000 0.0001 0.0000 0.0000 0.0000 0.0000 0.0000 -0.0009 0.0000 0.0000 0.0002 -29.9996 -0.0001 -0.0003 29.9996 0.0000 0.0000 0.0000 -6.1502 -10.2006 -172.2782 -0.1447 -19.6667 0.1078 -47.9828 74.9372 -37.0336 0.0000 25.3510 0.0000 -16.6306 -21.4328 167.7646 0.7915 -19.5468 -0.2186 -2.1151 61.1821 9.7686 0.0000 25.3244 -0.0001 
-0.8015 85.4386 -12.8973 2.3014 3.5098 -7.5160 1.9855 -0.6752 -2.3996 1.9870 -0.6757 -2.4014 1.9915 -0.6771 -2.4068 51.9267 67.3972 -68.8061 -15.1730 17.4963 12.0682 -48.8610 2.8779 11.1711 -0.4058 1.7398 -6.1536 0.0000 0.0000 0.0001 0.0000 0.0000 0.0000 0.0000 -0.0013 -0.0008 0.0000 -0.0004 0.0001 0.0000 0.0000 0.0000 0.0000 0.0000 0.0000 0.0000 0.0002 -0.0001 0.0000 -0.0006 0.0003 0.0000 0.0004 -0.0006 0.0000 0.0000 0.0001 0.0000 0.0000 0.0000 0.0000 -0.0010 -0.0002 0.0000 0.0002 30.0001 -0.0001 0.0005 -29.9998 0.0000 0.0000 0.0000 -2.6391 -1.8716 3.0131 -2.6391 -1.8716 3.0131 -100.5136 70.0137 3.5606 33.6271 24.2718 30.0749 39.6176 2.4540 -13.0896 0.4965 2.5279 5.1129 0.0000 -0.0001 0.0001 0.0000 0.0000 0.0000 0.0000 -0.0006 0.0003 0.0000 -0.0001 0.0001 0.0000 0.0000 0.0000 0.0000 0.0000 0.0000 0.0000 0.0007 0.0001 0.0000 -0.0012 0.0001 0.0000 -0.0008 0.0003 0.0000 0.0001 0.0000 0.0000 0.0000 0.0000 0.0000 -0.0009 0.0000 0.0000 0.0002 -29.9996 -0.0001 -0.0003 29.9996 0.0000 0.0000 0.0000 -6.3232 -9.6664 -172.1711 -0.1402 -19.3231 0.1065 -47.4829 74.8394 -36.3840 0.0000 25.3510 0.0000 -16.6743 -21.0803 167.7583 0.7836 -19.2898 -0.2154 -2.2779 60.7378 9.6781 0.0000 25.3251 -0.0001 
-0.6767 85.4438 -12.9826 2.3625 3.2260 -7.6379 1.9290 -0.6946 -2.3155 1.9304 -0.6950 -2.3172 1.9348 -0.6965 -2.3225 51.5417 66.6344 -69.7706 -15.1665 17.1804 14.0509 -48.9539 3.1975 12.3756 -0.4482 1.7788 -6.1892 0.0000 0.0000 0.0001 0.0000 0.0000 0.0000 0.0000 -0.0013 -0.0008 0.0000 -0.0004 0.0001 0.0000 0.0000 0.0000 0.0000 0.0000 0.0000 0.0000 0.0002 0.0000 0.0000 -0.0006 0.0003 0.0000 0.0004 -0.0006 0.0000 0.0000 0.0001 0.0000 0.0000 0.0000 0.0000 -0.0010 -0.0002 0.0000 0.0002 30.0001 -0.0001 0.0005 -29.9998 0.0000 0.0000 0.0000 -2.4436 -1.4573 2.9264 -2.4436 -1.4573 2.9264 -100.9476 69.5010 3.0053 33.7149 23.2860 28.3536 40.4968 2.8758 -13.8128 0.5394 2.5335 5.2856 0.0000 -0.0001 0.0001 0.0000 0.0000 0.0000 0.0000 -0.0006 0.0003 0.0000 -0.0001 0.0001 0.0000 0.0000 0.0000 0.0000 0.0000 0.0000 0.0000 0.0007 0.0001 0.0000 -0.0011 0.0001 0.0000 -0.0008 0.0003 0.0000 0.0001 0.0000 0.0000 0.0000 0.0000 0.0000 -0.0009 0.0000 0.0000 0.0002 -29.9996 -0.0001 -0.0003 29.9996 0.0000 0.0000 0.0000 -6.4362 -9.0949 -172.0963 -0.1382 -18.9127 0.1057 -47.0385 74.7306 -35.7918 0.0000 25.3510 0.0000 -16.7214 -20.7547 167.7448 0.7781 -19.0570 -0.2129 -2.5114 60.3386 9.5306 0.0000 25.3266 -0.0001 
-0.5673 85.4556 -13.0502 2.4024 2.9450 -7.7377 1.8766 -0.7248 -2.2393 1.8779 -0.7252 -2.2408 1.8823 -0.7268 -2.2460 51.1534 65.9306 -70.6943 -15.1692 16.9547 16.0336 -48.8722 3.5293 13.6815 -0.4985 1.8438 -6.2236 0.0000 0.0000 0.0001 0.0000 0.0000 0.0000 0.0000 -0.0013 -0.0008 0.0000 -0.0004 0.0001 0.0000 0.0000 0.0000 0.0000 0.0000 0.0000 0.0000 0.0002 0.0000 0.0000 -0.0006 0.0003 0.0000 0.0004 -0.0006 0.0000 0.0000 0.0001 0.0000 0.0000 0.0000 0.0000 -0.0010 -0.0002 0.0000 0.0002 30.0001 -0.0001 0.0005 -29.9998 0.0000 0.0000 0.0000 -2.2533 -1.0171 2.8448 -2.2533 -1.0171 2.8448 -101.4951 69.0150 2.3323 33.9366 22.3372 26.6077 41.3509 3.3488 -14.7213 0.5900 2.5370 5.4602 0.0000 -0.0001 0.0001 0.0000 0.0000 0.0000 0.0000 -0.0006 0.0003 0.0000 -0.0001 0.0001 0.0000 0.0000 0.0000 0.0000 0.0000 0.0000 0.0000 0.0007 0.0001 0.0000 -0.0012 0.0001 0.0000 -0.0008 0.0003 0.0000 0.0001 0.0000 0.0000 0.0000 0.0000 0.0000 -0.0009 0.0000 0.0000 0.0002 -29.9997 -0.0001 -0.0003 29.9996 0.0000 0.0000 0.0000 -6.5134 -8.5153 -172.0404 -0.1368 -18.4612 0.1049 -46.5912 74.6072 -35.2082 0.0000 25.3510 0.0000 -16.7725 -20.4425 167.7290 0.7742 -18.8480 -0.2108 -2.7724 59.9821 9.3413 0.0000 25.3289 -0.0001 
-0.4766 85.4756 -13.1042 2.4258 2.6693 -7.8200 1.8280 -0.7630 -2.1693 1.8293 -0.7634 -2.1708 1.8336 -0.7652 -2.1759 50.8226 65.2989 -71.5275 -15.2095 16.8309 18.0126 -48.6659 3.8835 15.0778 -0.5570 1.9284 -6.2594 0.0000 0.0000 0.0001 0.0000 0.0000 0.0000 0.0000 -0.0013 -0.0008 0.0000 -0.0004 0.0001 0.0000 0.0000 0.0000 0.0000 0.0000 0.0000 0.0000 0.0002 -0.0001 0.0000 -0.0006 0.0003 0.0000 0.0004 -0.0006 0.0000 0.0000 0.0001 0.0000 0.0000 0.0000 0.0000 -0.0010 -0.0002 0.0000 0.0002 30.0001 -0.0001 0.0005 -29.9998 0.0000 0.0000 0.0000 -2.0694 -0.5606 2.7679 -2.0694 -0.5606 2.7679 -102.0837 68.5516 1.6204 34.2826 21.4439 24.8455 42.0942 3.8299 -15.7464 0.6457 2.5452 5.6289 0.0000 -0.0001 0.0001 0.0000 0.0000 0.0000 0.0000 -0.0006 0.0002 0.0000 -0.0001 0.0001 0.0000 0.0000 0.0000 0.0000 0.0000 0.0000 0.0000 0.0007 0.0001 0.0000 -0.0012 0.0001 0.0000 -0.0008 0.0003 0.0000 0.0001 0.0000 0.0000 0.0000 0.0000 0.0000 -0.0009 0.0000 0.0000 0.0002 -29.9997 -0.0001 -0.0003 29.9996 0.0000 0.0000 0.0000 -6.5554 -7.9332 -171.9958 -0.1341 -17.9832 0.1039 -46.1463 74.4741 -34.6434 0.0000 25.3510 0.0000 -16.8330 -20.1439 167.7188 0.7745 -18.6601 -0.2095 -3.0704 59.6673 9.1052 0.0000 25.3319 -0.0001 
-0.4082 85.4998 -13.1386 2.4254 2.4048 -7.8787 1.7875 -0.8104 -2.1084 1.7886 -0.8108 -2.1097 1.7929 -0.8127 -2.1148 50.5104 64.7593 -72.3060 -15.2826 16.8374 19.9615 -48.3113 4.2984 16.6522 -0.6286 2.0322 -6.3017 0.0000 0.0000 0.0001 0.0000 0.0000 0.0000 0.0000 -0.0013 -0.0008 0.0000 -0.0004 0.0001 0.0000 0.0000 0.0000 0.0000 0.0000 0.0000 0.0000 0.0002 -0.0001 0.0000 -0.0006 0.0003 0.0000 0.0004 -0.0006 0.0000 0.0000 0.0001 0.0000 0.0000 0.0000 0.0000 -0.0010 -0.0002 0.0000 0.0002 30.0001 -0.0001 0.0005 -29.9998 0.0000 0.0000 0.0000 -1.8987 -0.0889 2.6962 -1.8987 -0.0889 2.6962 -102.6241 68.1288 0.9846 34.7380 20.6572 23.0304 42.6204 4.2772 -16.7285 0.7021 2.5641 5.7880 0.0000 -0.0001 0.0001 0.0000 0.0000 0.0000 0.0000 -0.0006 0.0003 0.0000 -0.0001 0.0001 0.0000 0.0000 0.0000 0.0000 0.0000 0.0000 0.0000 0.0007 0.0001 0.0000 -0.0012 0.0001 0.0000 -0.0008 0.0003 0.0000 0.0001 0.0000 0.0000 0.0000 0.0000 0.0000 -0.0008 0.0000 0.0000 0.0002 -29.9996 -0.0001 -0.0003 29.9996 0.0000 0.0000 0.0000 -6.5536 -7.3549 -171.9695 -0.1302 -17.4799 0.1027 -45.7075 74.3366 -34.1014 0.0000 25.3510 0.0000 -16.9152 -19.8656 167.7153 0.7803 -18.4939 -0.2093 -3.4245 59.4203 8.8124 0.0000 25.3364 -0.0001 
-0.3341 85.5136 -13.1602 2.4018 2.1502 -7.9219 1.7576 -0.8651 -2.0539 1.7587 -0.8656 -2.0551 1.7629 -0.8676 -2.0601 50.1694 64.2748 -73.0539 -15.3708 16.9269 21.8469 -47.8786 4.8160 18.3293 -0.7135 2.1433 -6.3539 0.0000 0.0000 0.0001 0.0000 0.0000 0.0000 0.0000 -0.0013 -0.0008 0.0000 -0.0004 0.0001 0.0000 0.0000 0.0000 0.0000 0.0000 0.0000 0.0000 0.0002 0.0000 0.0000 -0.0006 0.0003 0.0000 0.0004 -0.0006 0.0000 0.0000 0.0001 0.0000 0.0000 0.0000 0.0000 -0.0010 -0.0002 0.0000 0.0002 30.0001 -0.0001 0.0005 -29.9998 0.0000 0.0000 0.0000 -1.7429 0.3949 2.6269 -1.7429 0.3949 2.6269 -103.1487 67.7401 0.4043 35.2853 19.9028 21.0748 43.0150 4.6999 -17.6653 0.7596 2.5928 5.9392 0.0000 -0.0001 0.0001 0.0000 0.0000 0.0000 0.0000 -0.0006 0.0003 0.0000 -0.0001 0.0001 0.0000 0.0000 0.0000 0.0000 0.0000 0.0000 0.0000 0.0007 0.0001 0.0000 -0.0012 0.0001 0.0000 -0.0008 0.0003 0.0000 0.0001 0.0000 0.0000 0.0000 0.0000 0.0000 -0.0009 0.0000 0.0000 0.0002 -29.9996 -0.0001 -0.0003 29.9996 0.0000 0.0000 0.0000 -6.5245 -6.7953 -171.9628 -0.1284 -16.9707 0.1018 -45.2545 74.1982 -33.5487 0.0000 25.3510 0.0000 -16.9831 -19.6056 167.6959 0.7831 -18.3459 -0.2087 -3.7514 59.2298 8.5316 0.0000 25.3419 -0.0001 
-0.2543 85.5172 -13.1709 2.3603 1.9082 -7.9528 1.7353 -0.9263 -2.0038 1.7363 -0.9268 -2.0050 1.7405 -0.9290 -2.0098 49.8387 63.8575 -73.7260 -15.5031 17.0977 23.7081 -47.3687 5.3725 20.0618 -0.8084 2.2620 -6.4167 0.0000 0.0000 0.0001 0.0000 0.0000 0.0000 0.0000 -0.0013 -0.0008 0.0000 -0.0004 0.0001 0.0000 0.0000 0.0000 0.0000 0.0000 0.0000 0.0000 0.0002 0.0000 0.0000 -0.0006 0.0003 0.0000 0.0004 -0.0006 0.0000 0.0000 0.0001 0.0000 0.0000 0.0000 0.0000 -0.0010 -0.0002 0.0000 0.0002 30.0001 -0.0001 0.0005 -29.9998 0.0000 0.0000 0.0000 -1.5971 0.8873 2.5571 -1.5971 0.8873 2.5571 -103.6350 67.3828 -0.1010 35.8758 19.2267 19.0439 43.2895 5.1013 -18.6227 0.8204 2.6356 6.0778 0.0000 -0.0001 0.0001 0.0000 0.0000 0.0000 0.0000 -0.0006 0.0003 0.0000 -0.0001 0.0001 0.0000 0.0000 0.0000 0.0000 0.0000 0.0000 0.0000 0.0007 0.0001 0.0000 -0.0012 0.0001 0.0000 -0.0008 0.0003 0.0000 0.0001 0.0000 0.0000 0.0000 0.0000 0.0000 -0.0009 0.0000 0.0000 0.0002 -29.9997 -0.0001 -0.0003 29.9996 0.0000 0.0000 0.0000 -6.4771 -6.2655 -171.9718 -0.1282 -16.4659 0.1013 -44.7860 74.0574 -32.9834 0.0000 25.3510 0.0000 -17.0210 -19.3641 167.6586 0.7828 -18.2222 -0.2078 -4.0259 59.0937 8.2768 0.0000 25.3482 -0.0001 
-0.1825 85.5065 -13.1733 2.2945 1.6885 -7.9620 1.7231 -0.9926 -1.9615 1.7241 -0.9931 -1.9627 1.7283 -0.9955 -1.9674 49.4646 63.5167 -74.3406 -15.6452 17.3429 25.5397 -46.7576 5.9253 21.8718 -0.9133 2.3910 -6.4928 0.0000 0.0000 0.0001 0.0000 0.0000 0.0000 0.0000 -0.0013 -0.0008 0.0000 -0.0004 0.0001 0.0000 0.0000 0.0000 0.0000 0.0000 0.0000 0.0000 0.0002 0.0000 0.0000 -0.0006 0.0003 0.0000 0.0004 -0.0006 0.0000 0.0000 0.0001 0.0000 0.0000 0.0000 0.0000 -0.0010 -0.0002 0.0000 0.0002 30.0001 -0.0002 0.0005 -29.9998 0.0000 0.0000 0.0000 -1.4638 1.3803 2.4833 -1.4638 1.3803 2.4833 -104.0281 67.0847 -0.4706 36.4581 18.6698 16.9105 43.4085 5.4547 -19.6302 0.8859 2.7004 6.2046 0.0000 -0.0001 0.0001 0.0000 0.0000 0.0000 0.0000 -0.0006 0.0003 0.0000 -0.0001 0.0001 0.0000 0.0000 0.0000 0.0000 0.0000 0.0000 0.0000 0.0007 0.0001 0.0000 -0.0012 0.0001 0.0000 -0.0008 0.0003 0.0000 0.0001 0.0000 0.0000 0.0000 0.0000 0.0000 -0.0008 0.0000 0.0000 0.0002 -29.9996 -0.0001 -0.0003 29.9996 0.0000 0.0000 0.0000 -6.4228 -5.7897 -172.0004 -0.1267 -15.9858 0.1005 -44.3549 73.9148 -32.4435 0.0000 25.3510 0.0000 -17.0129 -19.1561 167.6028 0.7833 -18.1344 -0.2073 -4.2411 59.0303 8.0494 0.0000 25.3552 -0.0001 
-0.1257 85.4954 -13.1840 2.2120 1.4740 -7.9554 1.7180 -1.0537 -1.9228 1.7190 -1.0543 -1.9239 1.7232 -1.0568 -1.9286 48.9810 63.1951 -74.9990 -15.7574 17.6208 27.3651 -46.0169 6.4479 23.7075 -1.0262 2.5299 -6.5768 0.0000 0.0000 0.0001 0.0000 0.0000 0.0000 0.0000 -0.0013 -0.0008 0.0000 -0.0004 0.0001 0.0000 0.0000 0.0000 0.0000 0.0000 0.0000 0.0000 0.0002 0.0000 0.0000 -0.0006 0.0003 0.0000 0.0004 -0.0006 0.0000 0.0000 0.0001 0.0000 0.0000 0.0000 0.0000 -0.0010 -0.0002 0.0000 0.0002 30.0001 -0.0001 0.0005 -29.9998 0.0000 0.0000 0.0000 -1.3404 1.8564 2.4029 -1.3404 1.8564 2.4029 -104.2503 66.8347 -0.6234 36.9950 18.2201 14.6898 43.4176 5.7832 -20.6782 0.9566 2.7829 6.3198 0.0000 -0.0001 0.0001 0.0000 0.0000 0.0000 0.0000 -0.0006 0.0003 0.0000 -0.0001 0.0001 0.0000 0.0000 0.0000 0.0000 0.0000 0.0000 0.0000 0.0007 0.0001 0.0000 -0.0012 0.0001 0.0000 -0.0008 0.0003 0.0000 0.0001 0.0000 0.0000 0.0000 0.0000 0.0000 -0.0009 0.0000 0.0000 0.0002 -29.9997 -0.0001 -0.0003 29.9996 0.0000 0.0000 0.0000 -6.3884 -5.3274 -172.0461 -0.1243 -15.5188 0.0996 -44.0000 73.7751 -31.9457 0.0000 25.3510 0.0000 -16.9674 -18.9749 167.5396 0.7903 -18.0813 -0.2080 -4.4293 59.0116 7.8332 0.0000 25.3623 -0.0001 
-0.0698 85.4793 -13.1976 2.1134 1.2616 -7.9329 1.7166 -1.1118 -1.8861 1.7176 -1.1123 -1.8872 1.7218 -1.1150 -1.8918 48.4308 62.9057 -75.6770 -15.8562 17.9182 29.1822 -45.1705 6.9423 25.5552 -1.1466 2.6758 -6.6674 0.0000 0.0000 0.0001 0.0000 0.0000 0.0000 0.0000 -0.0013 -0.0008 0.0000 -0.0004 0.0001 0.0000 0.0000 0.0000 0.0000 0.0000 0.0000 0.0000 0.0002 0.0000 0.0000 -0.0006 0.0003 0.0000 0.0004 -0.0006 0.0000 0.0000 0.0001 0.0000 0.0000 0.0000 0.0000 -0.0010 -0.0002 0.0000 0.0002 30.0001 -0.0001 0.0005 -29.9998 0.0000 0.0000 0.0000 -1.2226 2.3117 2.3143 -1.2226 2.3117 2.3143 -104.3516 66.6208 -0.6168 37.4936 17.8674 12.4026 43.3397 6.1021 -21.7737 1.0340 2.8828 6.4244 0.0000 -0.0001 0.0001 0.0000 0.0000 0.0000 0.0000 -0.0006 0.0003 0.0000 -0.0001 0.0001 0.0000 0.0000 0.0000 0.0000 0.0000 0.0000 0.0000 0.0007 0.0001 0.0000 -0.0012 0.0001 0.0000 -0.0008 0.0003 0.0000 0.0001 0.0000 0.0000 0.0000 0.0000 0.0000 -0.0009 0.0000 0.0000 0.0002 -29.9997 -0.0001 -0.0003 29.9996 0.0000 0.0000 0.0000 -6.3814 -4.8676 -172.1135 -0.1229 -15.0650 0.0990 -43.7301 73.6441 -31.4924 0.0000 25.3510 0.0000 -16.8885 -18.8040 167.4587 0.7985 -18.0324 -0.2090 -4.5725 59.0082 7.6543 0.0000 25.3688 -0.0001 
0.0150 85.4546 -13.2065 1.9847 1.0592 -7.8913 1.7179 -1.1696 -1.8515 1.7189 -1.1702 -1.8526 1.7231 -1.1729 -1.8571 47.8517 62.6606 -76.3476 -15.9957 18.2773 31.0981 -44.1942 7.2924 27.3286 -1.2667 2.8310 -6.7656 0.0000 0.0000 0.0001 0.0000 0.0000 0.0000 0.0000 -0.0013 -0.0008 0.0000 -0.0004 0.0001 0.0000 0.0000 0.0000 0.0000 0.0000 0.0000 0.0000 0.0002 0.0000 0.0000 -0.0006 0.0003 0.0000 0.0004 -0.0006 0.0000 0.0000 0.0001 0.0000 0.0000 0.0000 0.0000 -0.0010 -0.0002 0.0000 0.0002 30.0001 -0.0001 0.0005 -29.9998 0.0000 0.0000 0.0000 -1.1047 2.7441 2.2102 -1.1047 2.7441 2.2102 -104.4056 66.4536 -0.5365 37.9435 17.6289 10.0457 43.1524 6.3981 -22.9665 1.1212 3.0071 6.5205 0.0000 -0.0001 0.0001 0.0000 0.0000 0.0000 0.0000 -0.0006 0.0003 0.0000 -0.0001 0.0001 0.0000 0.0000 0.0000 0.0000 0.0000 0.0000 0.0000 0.0007 0.0001 0.0000 -0.0012 0.0001 0.0000 -0.0008 0.0003 0.0000 0.0001 0.0000 0.0000 0.0000 0.0000 0.0000 -0.0009 0.0000 0.0000 0.0002 -29.9997 -0.0001 -0.0003 29.9996 0.0000 0.0000 0.0000 -6.3612 -4.4261 -172.2108 -0.1225 -14.6188 0.0984 -43.4596 73.5226 -31.0240 0.0000 25.3510 0.0000 -16.7555 -18.6522 167.3361 0.7997 -17.9803 -0.2088 -4.6101 58.9996 7.5821 0.0000 25.3738 -0.0001 
0.1148 85.4268 -13.2045 1.8293 0.8605 -7.8395 1.7228 -1.2250 -1.8201 1.7238 -1.2257 -1.8211 1.7280 -1.2285 -1.8256 47.2858 62.4386 -76.9818 -16.1448 18.6871 33.0034 -43.1491 7.6012 29.1049 -1.3916 2.9852 -6.8715 0.0000 0.0000 0.0001 0.0000 0.0000 0.0000 0.0000 -0.0013 -0.0008 0.0000 -0.0004 0.0001 0.0000 0.0000 0.0000 0.0000 0.0000 0.0000 0.0000 0.0002 0.0000 0.0000 -0.0006 0.0003 0.0000 0.0004 -0.0006 0.0000 0.0000 0.0001 0.0000 0.0000 0.0000 0.0000 -0.0010 -0.0002 0.0000 0.0002 30.0001 -0.0001 0.0005 -29.9998 0.0000 0.0000 0.0000 -0.9899 3.1514 2.1035 -0.9899 3.1514 2.1035 -104.3825 66.3319 -0.3679 38.3397 17.4850 7.6681 42.8609 6.6843 -24.2637 1.2194 3.1518 6.6094 0.0000 -0.0001 0.0001 0.0000 0.0000 0.0000 0.0000 -0.0006 0.0002 0.0000 -0.0001 0.0001 0.0000 0.0000 0.0000 0.0000 0.0000 0.0000 0.0000 0.0007 0.0001 0.0000 -0.0012 0.0001 0.0000 -0.0008 0.0003 0.0000 0.0001 0.0000 0.0000 0.0000 0.0000 0.0000 -0.0009 0.0000 0.0000 0.0002 -29.9996 -0.0001 -0.0003 29.9996 0.0000 0.0000 0.0000 -6.3019 -4.0176 -172.3228 -0.1207 -14.1927 0.0977 -43.1327 73.4020 -30.5134 0.0000 25.3510 0.0000 -16.5976 -18.5066 167.1898 0.7961 -17.9177 -0.2078 -4.6041 58.9726 7.5809 0.0000 25.3773 -0.0001 
0.2090 85.4023 -13.1992 1.6471 0.6617 -7.7873 1.7326 -1.2760 -1.7881 1.7336 -1.2766 -1.7892 1.7379 -1.2797 -1.7936 46.7371 62.2368 -77.5889 -16.3222 19.1623 34.9074 -42.0399 7.8815 30.8777 -1.5206 3.1331 -6.9878 0.0000 0.0000 0.0001 0.0000 0.0000 0.0000 0.0000 -0.0013 -0.0008 0.0000 -0.0004 0.0001 0.0000 0.0000 0.0000 0.0000 0.0000 0.0000 0.0000 0.0002 0.0000 0.0000 -0.0006 0.0003 0.0000 0.0004 -0.0006 0.0000 0.0000 0.0001 0.0000 0.0000 0.0000 0.0000 -0.0010 -0.0002 0.0000 0.0002 30.0001 -0.0001 0.0005 -29.9998 0.0000 0.0000 0.0000 -0.8800 3.5343 1.9982 -0.8800 3.5343 1.9982 -104.2130 66.2492 -0.0254 38.6660 17.4402 5.2589 42.4710 6.9594 -25.6554 1.3284 3.3125 6.6935 0.0000 -0.0001 0.0001 0.0000 0.0000 0.0000 0.0000 -0.0006 0.0003 0.0000 -0.0001 0.0001 0.0000 0.0000 0.0000 0.0000 0.0000 0.0000 0.0000 0.0007 0.0001 0.0000 -0.0012 0.0001 0.0000 -0.0008 0.0003 0.0000 0.0001 0.0000 0.0000 0.0000 0.0000 0.0000 -0.0009 0.0000 0.0000 0.0002 -29.9996 -0.0001 -0.0003 29.9996 0.0000 0.0000 0.0000 -6.2559 -3.6329 -172.4382 -0.1194 -13.7881 0.0971 -42.8221 73.2732 -29.9841 0.0000 25.3510 0.0000 -16.4318 -18.3741 167.0466 0.7944 -17.8606 -0.2071 -4.6181 58.9321 7.6013 0.0000 25.3796 -0.0001 
0.2774 85.3917 -13.1836 1.4237 0.4804 -7.7407 1.7496 -1.3258 -1.7541 1.7506 -1.3265 -1.7551 1.7549 -1.3296 -1.7594 46.2474 62.0777 -78.1316 -16.5508 19.7248 36.8072 -40.9021 8.0586 32.5696 -1.6442 3.2692 -7.1132 0.0000 0.0000 0.0001 0.0000 0.0000 0.0000 0.0000 -0.0013 -0.0008 0.0000 -0.0004 0.0001 0.0000 0.0000 0.0000 0.0000 0.0000 0.0000 0.0000 0.0002 0.0000 0.0000 -0.0006 0.0003 0.0000 0.0004 -0.0006 0.0000 0.0000 0.0001 0.0000 0.0000 0.0000 0.0000 -0.0010 -0.0002 0.0000 0.0002 30.0001 -0.0001 0.0005 -29.9998 0.0000 0.0000 0.0000 -0.7774 3.8829 1.8966 -0.7774 3.8829 1.8966 -103.9319 66.2132 0.4531 38.9410 17.5033 2.8317 41.9532 7.1975 -27.1687 1.4486 3.4889 6.7750 0.0000 -0.0001 0.0001 0.0000 0.0000 0.0000 0.0000 -0.0006 0.0003 0.0000 -0.0001 0.0001 0.0000 0.0000 0.0000 0.0000 0.0000 0.0000 0.0000 0.0007 0.0001 0.0000 -0.0012 0.0001 0.0000 -0.0008 0.0003 0.0000 0.0001 0.0000 0.0000 0.0000 0.0000 0.0000 -0.0009 0.0000 0.0000 0.0002 -29.9996 -0.0001 -0.0003 29.9996 0.0000 0.0000 0.0000 -6.2035 -3.2989 -172.5444 -0.1187 -13.4328 0.0967 -42.5612 73.1443 -29.4829 0.0000 25.3510 0.0000 -16.2767 -18.2739 166.9346 0.7988 -17.8147 -0.2075 -4.7178 58.8789 7.6100 0.0000 25.3806 -0.0001 
0.3298 85.3872 -13.1557 1.1840 0.3200 -7.7052 1.7663 -1.3778 -1.7187 1.7674 -1.3786 -1.7197 1.7717 -1.3818 -1.7239 45.7915 61.9141 -78.6232 -16.7595 20.3470 38.7220 -39.7508 8.1091 34.1154 -1.7582 3.3963 -7.2457 0.0000 0.0000 0.0001 0.0000 0.0000 0.0000 0.0000 -0.0013 -0.0008 0.0000 -0.0004 0.0001 0.0000 0.0000 0.0000 0.0000 0.0000 0.0000 0.0000 0.0002 0.0000 0.0000 -0.0006 0.0003 0.0000 0.0004 -0.0006 0.0000 0.0000 0.0001 0.0000 0.0000 0.0000 0.0000 -0.0010 -0.0002 0.0000 0.0002 30.0001 -0.0001 0.0005 -29.9998 0.0000 0.0000 0.0000 -0.6789 4.2217 1.7987 -0.6789 4.2217 1.7987 -103.7041 66.2140 0.8636 39.2149 17.6104 0.4116 41.3645 7.3940 -28.7327 1.5772 3.6747 6.8564 0.0000 -0.0001 0.0001 0.0000 0.0000 0.0000 0.0000 -0.0006 0.0003 0.0000 -0.0001 0.0001 0.0000 0.0000 0.0000 0.0000 0.0000 0.0000 0.0000 0.0007 0.0001 0.0000 -0.0012 0.0001 0.0000 -0.0008 0.0003 0.0000 0.0001 0.0000 0.0000 0.0000 0.0000 0.0000 -0.0009 0.0000 0.0000 0.0002 -29.9996 -0.0001 -0.0003 29.9996 0.0000 0.0000 0.0000 -6.1385 -2.9938 -172.6289 -0.1166 -13.1150 0.0961 -42.3729 73.0283 -29.0610 0.0000 25.3510 0.0000 -16.1470 -18.1891 166.8532 0.8036 -17.7618 -0.2079 -4.8797 58.8099 7.6045 0.0000 25.3807 -0.0001 
0.3764 85.3870 -13.1235 0.9429 0.1745 -7.6859 1.7813 -1.4301 -1.6816 1.7824 -1.4309 -1.6827 1.7867 -1.4343 -1.6868 45.3675 61.7487 -79.0579 -16.9494 21.0288 40.6540 -38.5596 8.0786 35.6180 -1.8691 3.5169 -7.3896 0.0000 0.0000 0.0001 0.0000 0.0000 0.0000 0.0000 -0.0013 -0.0008 0.0000 -0.0004 0.0001 0.0000 0.0000 0.0000 0.0000 0.0000 0.0000 0.0000 0.0002 0.0000 0.0000 -0.0006 0.0003 0.0000 0.0004 -0.0006 0.0000 0.0000 0.0001 0.0000 0.0000 0.0000 0.0000 -0.0010 -0.0002 0.0000 0.0002 30.0001 -0.0001 0.0005 -29.9998 0.0000 0.0000 0.0000 -0.5873 4.5461 1.7107 -0.5873 4.5461 1.7107 -103.4123 66.2698 1.3393 39.4292 17.7407 -2.0446 40.7331 7.5540 -30.3060 1.7116 3.8635 6.9399 0.0000 -0.0001 0.0001 0.0000 0.0000 0.0000 0.0000 -0.0006 0.0003 0.0000 -0.0001 0.0001 0.0000 0.0000 0.0000 0.0000 0.0000 0.0000 0.0000 0.0007 0.0001 0.0000 -0.0012 0.0001 0.0000 -0.0008 0.0003 0.0000 0.0001 0.0000 0.0000 0.0000 0.0000 0.0000 -0.0009 0.0000 0.0000 0.0002 -29.9996 -0.0001 -0.0003 29.9996 0.0000 0.0000 0.0000 -6.0622 -2.6960 -172.6904 -0.1135 -12.8139 0.0955 -42.2285 72.9229 -28.6997 0.0000 25.3510 0.0000 -16.0437 -18.1120 166.7990 0.8082 -17.7015 -0.2081 -5.0870 58.7271 7.5833 0.0000 25.3806 -0.0001 
0.4159 85.3886 -13.1014 0.7129 0.0443 -7.6938 1.7913 -1.4798 -1.6409 1.7924 -1.4806 -1.6419 1.7968 -1.4841 -1.6459 44.9871 61.6078 -79.4063 -17.1164 21.7620 42.5969 -37.3746 7.9485 37.0879 -1.9745 3.6280 -7.5472 0.0000 0.0000 0.0001 0.0000 0.0000 0.0000 0.0000 -0.0013 -0.0008 0.0000 -0.0004 0.0001 0.0000 0.0000 0.0000 0.0000 0.0000 0.0000 0.0000 0.0002 0.0000 0.0000 -0.0006 0.0003 0.0000 0.0004 -0.0006 0.0000 0.0000 0.0001 0.0000 0.0000 0.0000 0.0000 -0.0010 -0.0002 0.0000 0.0002 30.0001 -0.0001 0.0005 -29.9998 0.0000 0.0000 0.0000 -0.5053 4.8513 1.6411 -0.5053 4.8513 1.6411 -103.0395 66.3888 1.9087 39.5762 17.9020 -4.5602 40.0941 7.6609 -31.8669 1.8481 4.0473 7.0302 0.0000 -0.0001 0.0001 0.0000 0.0000 0.0000 0.0000 -0.0006 0.0003 0.0000 -0.0001 0.0001 0.0000 0.0000 0.0000 0.0000 0.0000 0.0000 0.0000 0.0007 0.0001 0.0000 -0.0012 0.0001 0.0000 -0.0008 0.0003 0.0000 0.0001 0.0000 0.0000 0.0000 0.0000 0.0000 -0.0009 0.0000 0.0000 0.0002 -29.9997 -0.0001 -0.0003 29.9996 0.0000 0.0000 0.0000 -5.9699 -2.4011 -172.7216 -0.1102 -12.5195 0.0948 -42.0924 72.8294 -28.3803 0.0000 25.3511 0.0000 -15.9691 -18.0298 166.7850 0.8110 -17.6067 -0.2079 -5.3263 58.6121 7.5388 0.0000 25.3807 -0.0001 
0.4483 85.4003 -13.0935 0.4937 -0.0752 -7.7190 1.7958 -1.5264 -1.5983 1.7969 -1.5273 -1.5993 1.8012 -1.5309 -1.6031 44.6388 61.4710 -79.6979 -17.2149 22.4904 44.5746 -36.2485 7.7852 38.5063 -2.0758 3.7258 -7.7202 0.0000 0.0000 0.0001 0.0000 0.0000 0.0000 0.0000 -0.0013 -0.0008 0.0000 -0.0004 0.0001 0.0000 0.0000 0.0000 0.0000 0.0000 0.0000 0.0000 0.0002 0.0000 0.0000 -0.0006 0.0003 0.0000 0.0004 -0.0006 0.0000 0.0000 0.0001 0.0000 0.0000 0.0000 0.0000 -0.0010 -0.0002 0.0000 0.0002 30.0001 -0.0001 0.0005 -29.9998 0.0000 0.0000 0.0000 -0.4270 5.1433 1.5866 -0.4270 5.1433 1.5866 -102.7529 66.5448 2.3859 39.7530 18.0940 -7.1036 39.4761 7.7310 -33.4041 1.9849 4.2179 7.1343 0.0000 -0.0001 0.0001 0.0000 0.0000 0.0000 0.0000 -0.0006 0.0003 0.0000 -0.0001 0.0001 0.0000 0.0000 0.0000 0.0000 0.0000 0.0000 0.0000 0.0007 0.0001 0.0000 -0.0012 0.0001 0.0000 -0.0008 0.0003 0.0000 0.0001 0.0000 0.0000 0.0000 0.0000 0.0000 -0.0009 0.0000 0.0000 0.0002 -29.9996 -0.0001 -0.0003 29.9996 0.0000 0.0000 0.0000 -5.8637 -2.1201 -172.7365 -0.1081 -12.2279 0.0943 -41.9218 72.7418 -28.0548 0.0000 25.3510 0.0000 -15.8952 -17.9375 166.7983 0.8118 -17.4849 -0.2071 -5.5543 58.4772 7.4798 0.0000 25.3809 -0.0001 
0.4751 85.4206 -13.0908 0.2885 -0.1873 -7.7509 1.7944 -1.5704 -1.5574 1.7955 -1.5713 -1.5584 1.7999 -1.5750 -1.5622 44.3104 61.3366 -79.9495 -17.2499 23.1976 46.5986 -35.1705 7.6103 39.8523 -2.1727 3.8100 -7.9087 0.0000 0.0000 0.0001 0.0000 0.0000 0.0000 0.0000 -0.0013 -0.0008 0.0000 -0.0004 0.0001 0.0000 0.0000 0.0000 0.0000 0.0000 0.0000 0.0000 0.0002 0.0000 0.0000 -0.0006 0.0003 0.0000 0.0004 -0.0006 0.0000 0.0000 0.0001 0.0000 0.0000 0.0000 0.0000 -0.0010 -0.0002 0.0000 0.0002 30.0001 -0.0001 0.0005 -29.9998 0.0000 0.0000 0.0000 -0.3508 5.4247 1.5449 -0.3508 5.4247 1.5449 -102.5306 66.7199 2.7827 39.9517 18.3221 -9.6512 38.8818 7.7910 -34.9157 2.1218 4.3708 7.2563 0.0000 -0.0001 0.0001 0.0000 0.0000 0.0000 0.0000 -0.0006 0.0003 0.0000 -0.0001 0.0001 0.0000 0.0000 0.0000 0.0000 0.0000 0.0000 0.0000 0.0007 0.0001 0.0000 -0.0012 0.0001 0.0000 -0.0008 0.0003 0.0000 0.0001 0.0000 0.0000 0.0000 0.0000 0.0000 -0.0009 0.0000 0.0000 0.0002 -29.9997 -0.0001 -0.0003 29.9996 0.0000 0.0000 0.0000 -5.7526 -1.8609 -172.7398 -0.1057 -11.9508 0.0938 -41.7372 72.6576 -27.7377 0.0000 25.3510 0.0000 -15.8212 -17.8213 166.8196 0.8075 -17.3306 -0.2053 -5.7531 58.3328 7.4214 0.0000 25.3814 -0.0001 
0.4937 85.4434 -13.0921 0.1039 -0.2804 -7.7826 1.7894 -1.6129 -1.5250 1.7905 -1.6139 -1.5259 1.7948 -1.6177 -1.5296 43.9968 61.2135 -80.1596 -17.2337 23.8854 48.6978 -34.1062 7.5031 41.2837 -2.2771 3.8772 -8.1261 0.0000 0.0000 0.0001 0.0000 0.0000 0.0000 0.0000 -0.0013 -0.0008 0.0000 -0.0004 0.0001 0.0000 0.0000 0.0000 0.0000 0.0000 0.0000 0.0000 0.0002 0.0000 0.0000 -0.0006 0.0003 0.0000 0.0004 -0.0006 0.0000 0.0000 0.0001 0.0000 0.0000 0.0000 0.0000 -0.0010 -0.0002 0.0000 0.0002 30.0001 -0.0001 0.0005 -29.9998 0.0000 0.0000 0.0000 -0.2818 5.6876 1.5256 -0.2818 5.6876 1.5256 -102.3731 66.9211 3.1220 40.1533 18.5869 -12.1977 38.3444 7.8750 -36.3938 2.2570 4.4969 7.3993 0.0000 -0.0001 0.0001 0.0000 0.0000 0.0000 0.0000 -0.0006 0.0003 0.0000 -0.0001 0.0001 0.0000 0.0000 0.0000 0.0000 0.0000 0.0000 0.0000 0.0007 0.0001 0.0000 -0.0012 0.0001 0.0000 -0.0008 0.0003 0.0000 0.0001 0.0000 0.0000 0.0000 0.0000 0.0000 -0.0008 0.0000 0.0000 0.0002 -29.9996 -0.0001 -0.0003 29.9996 0.0000 0.0000 0.0000 -5.6461 -1.6641 -172.7279 -0.1026 -11.7451 0.0933 -41.6097 72.5889 -27.5079 0.0000 25.3510 0.0000 -15.7435 -17.6963 166.8407 0.7974 -17.1657 -0.2026 -5.9118 58.2015 7.3630 0.0000 25.3824 -0.0001 
0.5085 85.4651 -13.0971 -0.0614 -0.3527 -7.8109 1.7841 -1.6540 -1.5002 1.7852 -1.6550 -1.5012 1.7895 -1.6589 -1.5048 43.6874 61.0958 -80.3497 -17.1388 24.5791 50.8807 -33.0513 7.3197 42.6174 -2.3703 3.9320 -8.3589 0.0000 0.0000 0.0001 0.0000 0.0000 0.0000 0.0000 -0.0013 -0.0008 0.0000 -0.0004 0.0001 0.0000 0.0000 0.0000 0.0000 0.0000 0.0000 0.0000 0.0002 0.0000 0.0000 -0.0006 0.0003 0.0000 0.0004 -0.0006 0.0000 0.0000 0.0001 0.0000 0.0000 0.0000 0.0000 -0.0010 -0.0002 0.0000 0.0002 30.0001 -0.0001 0.0005 -29.9998 0.0000 0.0000 0.0000 -0.2219 5.9289 1.5256 -0.2219 5.9289 1.5256 -102.3442 67.1245 3.3464 40.3987 18.8926 -14.7164 37.8352 7.9759 -37.8538 2.3898 4.5966 7.5623 0.0000 -0.0001 0.0001 0.0000 0.0000 0.0000 0.0000 -0.0006 0.0003 0.0000 -0.0001 0.0001 0.0000 0.0000 0.0000 0.0000 0.0000 0.0000 0.0000 0.0007 0.0001 0.0000 -0.0012 0.0001 0.0000 -0.0008 0.0003 0.0000 0.0001 0.0000 0.0000 0.0000 0.0000 0.0000 -0.0009 0.0000 0.0000 0.0002 -29.9996 -0.0001 -0.0003 29.9996 0.0000 0.0000 0.0000 -5.5526 -1.5507 -172.7050 -0.0997 -11.6562 0.0929 -41.5999 72.5541 -27.4224 0.0000 25.3510 0.0000 -15.6627 -17.5772 166.8564 0.7832 -17.0093 -0.1994 -6.0269 58.0925 7.3144 0.0000 25.3837 -0.0001 
0.5229 85.4843 -13.1054 -0.2066 -0.4083 -7.8361 1.7791 -1.6914 -1.4813 1.7802 -1.6924 -1.4822 1.7845 -1.6964 -1.4858 43.3788 60.9733 -80.5324 -16.8700 25.3127 53.0779 -31.9838 7.0443 43.8845 -2.4351 3.9751 -8.4642 0.0000 0.0000 0.0001 0.0000 0.0000 0.0000 0.0000 -0.0013 -0.0008 0.0000 -0.0004 0.0001 0.0000 0.0000 0.0000 0.0000 0.0000 0.0000 0.0000 0.0002 0.0000 0.0000 -0.0006 0.0003 0.0000 0.0004 -0.0006 0.0000 0.0000 0.0001 0.0000 0.0000 0.0000 0.0000 -0.0010 -0.0002 0.0000 0.0002 30.0001 -0.0001 0.0005 -29.9998 0.0000 0.0000 0.0000 -0.1715 6.1467 1.5379 -0.1715 6.1467 1.5379 -102.4631 67.3203 3.4345 40.6950 19.2501 -17.2051 37.3409 8.0658 -39.3069 2.5181 4.6705 7.7457 0.0000 -0.0001 0.0001 0.0000 0.0000 0.0000 0.0000 -0.0006 0.0003 0.0000 -0.0001 0.0001 0.0000 0.0000 0.0000 0.0000 0.0000 0.0000 0.0000 0.0007 0.0001 0.0000 -0.0012 0.0001 0.0000 -0.0008 0.0003 0.0000 0.0001 0.0000 0.0000 0.0000 0.0000 0.0000 -0.0009 0.0000 0.0000 0.0002 -29.9997 -0.0001 -0.0003 29.9996 0.0000 0.0000 0.0000 -5.4760 -1.5341 -172.6778 -0.0983 -11.7131 0.0928 -41.7214 72.5674 -27.4934 0.0000 25.3510 0.0000 -15.5929 -17.4691 166.8723 0.7684 -16.8647 -0.1962 -6.1195 58.0012 7.2695 0.0000 25.3852 -0.0001 
0.5409 85.5090 -13.1216 -0.3167 -0.4444 -7.8549 1.7738 -1.7211 -1.4699 1.7749 -1.7221 -1.4709 1.7792 -1.7262 -1.4744 43.0263 60.8247 -80.7629 -16.4168 26.0441 55.2602 -30.8863 6.6555 45.0644 -2.4746 4.0212 -8.4382 0.0000 0.0000 0.0001 0.0000 0.0000 0.0000 0.0000 -0.0013 -0.0008 0.0000 -0.0004 0.0001 0.0000 0.0000 0.0000 0.0000 0.0000 0.0000 0.0000 0.0002 0.0000 0.0000 -0.0006 0.0003 0.0000 0.0004 -0.0006 0.0000 0.0000 0.0001 0.0000 0.0000 0.0000 0.0000 -0.0010 -0.0002 0.0000 0.0002 30.0001 -0.0001 0.0005 -29.9998 0.0000 0.0000 0.0000 -0.1352 6.3298 1.5589 -0.1352 6.3298 1.5589 -102.6308 67.5080 3.4991 41.0212 19.6952 -19.6600 36.8704 8.1355 -40.7638 2.6381 4.7113 7.9523 0.0000 -0.0001 0.0001 0.0000 0.0000 0.0000 0.0000 -0.0006 0.0003 0.0000 -0.0001 0.0001 0.0000 0.0000 0.0000 0.0000 0.0000 0.0000 0.0000 0.0007 0.0001 0.0000 -0.0012 0.0001 0.0000 -0.0008 0.0003 0.0000 0.0001 0.0000 0.0000 0.0000 0.0000 0.0000 -0.0009 0.0000 0.0000 0.0002 -29.9997 -0.0001 -0.0003 29.9996 0.0000 0.0000 0.0000 -5.4264 -1.6461 -172.6554 -0.0995 -11.9660 0.0932 -41.9955 72.6481 -27.7523 0.0000 25.3510 0.0000 -15.5591 -17.3701 166.8880 0.7536 -16.7174 -0.1930 -6.2020 57.9161 7.2233 0.0000 25.3865 -0.0001 
0.5678 85.5303 -13.1455 -0.4022 -0.4735 -7.8704 1.7685 -1.7443 -1.4608 1.7696 -1.7454 -1.4617 1.7739 -1.7494 -1.4652 42.6418 60.6693 -81.0333 -15.8561 26.8116 57.5816 -29.7484 6.1204 46.0789 -2.4964 4.0714 -8.3976 0.0000 0.0000 0.0001 0.0000 0.0000 0.0000 0.0000 -0.0013 -0.0008 0.0000 -0.0004 0.0001 0.0000 0.0000 0.0000 0.0000 0.0000 0.0000 0.0000 0.0002 -0.0001 0.0000 -0.0006 0.0003 0.0000 0.0004 -0.0006 0.0000 0.0000 0.0001 0.0000 0.0000 0.0000 0.0000 -0.0010 -0.0002 0.0000 0.0002 30.0001 -0.0001 0.0005 -29.9998 0.0000 0.0000 0.0000 -0.1084 6.4931 1.5785 -0.1084 6.4931 1.5785 -102.8168 67.6776 3.5526 41.3686 20.2327 -22.0869 36.4161 8.1930 -42.2304 2.7490 4.7175 8.1854 0.0000 -0.0001 0.0001 0.0000 0.0000 0.0000 0.0000 -0.0006 0.0003 0.0000 -0.0001 0.0001 0.0000 0.0000 0.0000 0.0000 0.0000 0.0000 0.0000 0.0007 0.0001 0.0000 -0.0012 0.0001 0.0000 -0.0008 0.0003 0.0000 0.0001 0.0000 0.0000 0.0000 0.0000 0.0000 -0.0009 0.0000 0.0000 0.0002 -29.9996 -0.0001 -0.0003 29.9996 0.0000 0.0000 0.0000 -5.3974 -1.8172 -172.6423 -0.1027 -12.3185 0.0938 -42.3437 72.7661 -28.1021 0.0000 25.3510 0.0000 -15.5470 -17.2764 166.8996 0.7383 -16.5581 -0.1898 -6.2717 57.8210 7.1836 0.0000 25.3881 -0.0001 
0.6032 85.5450 -13.1756 -0.4739 -0.5087 -7.8886 1.7639 -1.7598 -1.4493 1.7651 -1.7609 -1.4502 1.7693 -1.7650 -1.4537 42.2800 60.5244 -81.2854 -15.2283 27.6014 59.9029 -28.5739 5.5410 47.0104 -2.5101 4.1204 -8.3453 0.0000 0.0000 0.0001 0.0000 0.0000 0.0000 0.0000 -0.0013 -0.0008 0.0000 -0.0004 0.0001 0.0000 0.0000 0.0000 0.0000 0.0000 0.0000 0.0000 0.0002 0.0000 0.0000 -0.0006 0.0003 0.0000 0.0004 -0.0006 0.0000 0.0000 0.0001 0.0000 0.0000 0.0000 0.0000 -0.0010 -0.0002 0.0000 0.0002 30.0001 -0.0001 0.0005 -29.9998 0.0000 0.0000 0.0000 -0.0860 6.6463 1.5942 -0.0860 6.6462 1.5942 -103.0281 67.8431 3.5833 41.7173 20.8512 -24.5229 35.9724 8.2227 -43.6956 2.8484 4.6911 8.4443 0.0000 -0.0001 0.0001 0.0000 0.0000 0.0000 0.0000 -0.0006 0.0003 0.0000 -0.0001 0.0001 0.0000 0.0000 0.0000 0.0000 0.0000 0.0000 0.0000 0.0007 0.0001 0.0000 -0.0012 0.0001 0.0000 -0.0008 0.0003 0.0000 0.0001 0.0000 0.0000 0.0000 0.0000 0.0000 -0.0009 0.0000 0.0000 0.0002 -29.9997 -0.0001 -0.0003 29.9996 0.0000 0.0000 0.0000 -5.3830 -1.9989 -172.6330 -0.1073 -12.7081 0.0947 -42.7252 72.8994 -28.4874 0.0000 25.3510 0.0000 -15.5362 -17.1783 166.9054 0.7220 -16.3903 -0.1863 -6.3189 57.7132 7.1543 0.0000 25.3898 -0.0001 
0.6471 85.5552 -13.2125 -0.5407 -0.5639 -7.9115 1.7633 -1.7624 -1.4337 1.7644 -1.7634 -1.4346 1.7687 -1.7676 -1.4381 41.9694 60.4009 -81.4707 -14.5418 28.3905 62.1898 -27.3895 4.9094 47.8761 -2.5167 4.1694 -8.2828 0.0000 0.0000 0.0001 0.0000 0.0000 0.0000 0.0000 -0.0013 -0.0008 0.0000 -0.0004 0.0001 0.0000 0.0000 0.0000 0.0000 0.0000 0.0000 0.0000 0.0002 0.0000 0.0000 -0.0006 0.0003 0.0000 0.0004 -0.0006 0.0000 0.0000 0.0001 0.0000 0.0000 0.0000 0.0000 -0.0010 -0.0002 0.0000 0.0002 30.0001 -0.0001 0.0005 -29.9998 0.0000 0.0000 0.0000 -0.0663 6.7946 1.6025 -0.0663 6.7946 1.6025 -103.2280 68.0019 3.6056 42.0568 21.5865 -26.9660 35.5311 8.1959 -45.1409 2.9298 4.6292 8.7299 0.0000 -0.0001 0.0001 0.0000 0.0000 0.0000 0.0000 -0.0006 0.0003 0.0000 -0.0001 0.0001 0.0000 0.0000 0.0000 0.0000 0.0000 0.0000 0.0000 0.0007 0.0001 0.0000 -0.0012 0.0001 0.0000 -0.0008 0.0003 0.0000 0.0001 0.0000 0.0000 0.0000 0.0000 0.0000 -0.0009 0.0000 0.0000 0.0002 -29.9996 -0.0001 -0.0003 29.9996 0.0000 0.0000 0.0000 -5.3817 -2.1680 -172.6270 -0.1125 -13.1115 0.0956 -43.1242 73.0363 -28.8801 0.0000 25.3510 0.0000 -15.5089 -17.0613 166.8999 0.7045 -16.2149 -0.1827 -6.3311 57.5942 7.1425 0.0000 25.3917 -0.0001 
0.6923 85.5636 -13.2499 -0.6186 -0.6325 -7.9309 1.7669 -1.7575 -1.4164 1.7680 -1.7585 -1.4173 1.7722 -1.7627 -1.4207 41.6672 60.2878 -81.6366 -13.7725 29.1197 64.5088 -26.2306 4.2637 48.6046 -2.5150 4.2168 -8.2099 0.0000 0.0000 0.0001 0.0000 0.0000 0.0000 0.0000 -0.0013 -0.0008 0.0000 -0.0004 0.0001 0.0000 0.0000 0.0000 0.0000 0.0000 0.0000 0.0000 0.0002 -0.0001 0.0000 -0.0006 0.0003 0.0000 0.0004 -0.0006 0.0000 0.0000 0.0001 0.0000 0.0000 0.0000 0.0000 -0.0010 -0.0002 0.0000 0.0002 30.0001 -0.0001 0.0005 -29.9998 0.0000 0.0000 0.0000 -0.0458 6.9452 1.6019 -0.0458 6.9453 1.6019 -103.4335 68.1477 3.5933 42.3671 22.4834 -29.3716 35.0616 8.1444 -46.5280 2.9781 4.5304 8.9450 0.0000 -0.0001 0.0001 0.0000 0.0000 0.0000 0.0000 -0.0006 0.0003 0.0000 -0.0001 0.0001 0.0000 0.0000 0.0000 0.0000 0.0000 0.0000 0.0000 0.0007 0.0001 0.0000 -0.0012 0.0001 0.0000 -0.0008 0.0003 0.0000 0.0002 0.0000 0.0000 0.0000 0.0000 0.0000 -0.0009 0.0000 0.0000 0.0002 -29.9996 -0.0001 -0.0003 29.9996 0.0000 0.0000 0.0000 -5.3722 -2.3258 -172.6252 -0.1170 -13.5119 0.0966 -43.5243 73.1695 -29.2690 0.0000 25.3510 0.0000 -15.4608 -16.9273 166.8812 0.6866 -16.0341 -0.1791 -6.3303 57.4789 7.1385 0.0000 25.3938 -0.0001 
0.7385 85.5754 -13.2825 -0.7075 -0.7077 -7.9438 1.7722 -1.7499 -1.3978 1.7733 -1.7509 -1.3987 1.7776 -1.7551 -1.4021 41.3731 60.1946 -81.8010 -12.9277 29.7955 66.8708 -25.0836 3.6237 49.1822 -2.5057 4.2616 -8.1272 0.0000 0.0000 0.0001 0.0000 0.0000 0.0000 0.0000 -0.0013 -0.0008 0.0000 -0.0004 0.0001 0.0000 0.0000 0.0000 0.0000 0.0000 0.0000 0.0000 0.0002 0.0000 0.0000 -0.0006 0.0003 0.0000 0.0004 -0.0006 0.0000 0.0000 0.0001 0.0000 0.0000 0.0000 0.0000 -0.0010 -0.0002 0.0000 0.0002 30.0001 -0.0001 0.0005 -29.9998 0.0000 0.0000 0.0000 -0.0233 7.1006 1.5947 -0.0233 7.1006 1.5947 -103.6564 68.2831 3.5248 42.6049 23.5625 -31.6691 34.5569 8.0969 -47.8508 2.9853 4.4062 8.9862 0.0000 -0.0001 0.0001 0.0000 0.0000 0.0000 0.0000 -0.0006 0.0003 0.0000 -0.0001 0.0001 0.0000 0.0000 0.0000 0.0000 0.0000 0.0000 0.0000 0.0007 0.0001 0.0000 -0.0012 0.0001 0.0000 -0.0008 0.0003 0.0000 0.0001 0.0000 0.0000 0.0000 0.0000 0.0000 -0.0008 0.0000 0.0000 0.0002 -29.9996 -0.0001 -0.0003 29.9996 0.0000 0.0000 0.0000 -5.3516 -2.4684 -172.6299 -0.1209 -13.9002 0.0974 -43.9271 73.3012 -29.6584 0.0000 25.3510 0.0000 -15.4011 -16.7831 166.8505 0.6683 -15.8489 -0.1754 -6.3297 57.3728 7.1377 0.0000 25.3962 -0.0001 
0.7877 85.5884 -13.3032 -0.8020 -0.7840 -7.9460 1.7766 -1.7445 -1.3800 1.7777 -1.7455 -1.3809 1.7820 -1.7496 -1.3842 41.1502 60.1412 -81.9038 -11.9983 30.4903 69.3555 -23.9013 2.9263 49.4896 -2.4809 4.3099 -8.0325 0.0000 0.0000 0.0001 0.0000 0.0000 0.0000 0.0000 -0.0013 -0.0008 0.0000 -0.0004 0.0001 0.0000 0.0000 0.0000 0.0000 0.0000 0.0000 0.0000 0.0002 0.0000 0.0000 -0.0006 0.0003 0.0000 0.0004 -0.0006 0.0000 0.0000 0.0001 0.0000 0.0000 0.0000 0.0000 -0.0010 -0.0002 0.0000 0.0002 30.0001 -0.0001 0.0005 -29.9998 0.0000 0.0000 0.0000 -0.0007 7.2665 1.5886 -0.0007 7.2665 1.5886 -103.9056 68.4047 3.3705 42.8427 24.7544 -33.9518 34.0197 8.0474 -49.0820 2.9742 4.2613 9.0262 0.0000 -0.0001 0.0001 0.0000 0.0000 0.0000 0.0000 -0.0006 0.0003 0.0000 -0.0001 0.0001 0.0000 0.0000 0.0000 0.0000 0.0000 0.0000 0.0000 0.0007 0.0001 0.0000 -0.0012 0.0001 0.0000 -0.0008 0.0003 0.0000 0.0001 0.0000 0.0000 0.0000 0.0000 0.0000 -0.0009 0.0000 0.0000 0.0002 -29.9996 -0.0001 -0.0003 29.9996 0.0000 0.0000 0.0000 -5.3214 -2.5779 -172.6462 -0.1244 -14.2526 0.0983 -44.3305 73.4330 -30.0483 0.0000 25.3510 0.0000 -15.3423 -16.6359 166.8031 0.6486 -15.6599 -0.1716 -6.3274 57.2788 7.1466 0.0000 25.3989 -0.0001 
0.8388 85.6021 -13.3180 -0.8913 -0.8559 -7.9403 1.7797 -1.7415 -1.3670 1.7808 -1.7425 -1.3679 1.7852 -1.7466 -1.3712 40.9759 60.0997 -81.9449 -11.0301 31.1690 71.7979 -22.6535 2.2550 49.6664 -2.4533 4.3596 -7.9273 0.0000 0.0000 0.0001 0.0000 0.0000 0.0000 0.0000 -0.0013 -0.0008 0.0000 -0.0004 0.0001 0.0000 0.0000 0.0000 0.0000 0.0000 0.0000 0.0000 0.0002 0.0000 0.0000 -0.0006 0.0003 0.0000 0.0004 -0.0006 0.0000 0.0000 0.0001 0.0000 0.0000 0.0000 0.0000 -0.0010 -0.0002 0.0000 0.0002 30.0001 -0.0002 0.0005 -29.9998 0.0000 0.0000 0.0000 0.0181 7.4312 1.5907 0.0181 7.4312 1.5907 -104.1144 68.5110 3.2345 43.0015 26.0722 -36.2458 33.4382 7.9507 -50.2510 2.9460 4.1055 9.0594 0.0000 -0.0001 0.0001 0.0000 0.0000 0.0000 0.0000 -0.0006 0.0003 0.0000 -0.0001 0.0001 0.0000 0.0000 0.0000 0.0000 0.0000 0.0000 0.0000 0.0007 0.0001 0.0000 -0.0011 0.0001 0.0000 -0.0008 0.0003 0.0000 0.0001 0.0000 0.0000 0.0000 0.0000 0.0000 -0.0008 0.0000 0.0000 0.0002 -29.9996 -0.0001 -0.0003 29.9996 0.0000 0.0000 0.0000 -5.2917 -2.6678 -172.6723 -0.1278 -14.5768 0.0990 -44.7297 73.5629 -30.4353 0.0000 25.3511 0.0000 -15.2987 -16.4958 166.7497 0.6294 -15.4693 -0.1679 -6.3269 57.1875 7.1603 0.0000 25.4015 -0.0001 
0.8904 85.6167 -13.3338 -0.9726 -0.9218 -7.9283 1.7797 -1.7395 -1.3569 1.7808 -1.7405 -1.3577 1.7851 -1.7446 -1.3610 40.7888 60.0512 -81.9994 -9.9411 31.8513 74.3725 -21.3489 1.5424 49.6417 -2.4124 4.4073 -7.8109 0.0000 0.0000 0.0001 0.0000 0.0000 0.0000 0.0000 -0.0013 -0.0008 0.0000 -0.0004 0.0001 0.0000 0.0000 0.0000 0.0000 0.0000 0.0000 0.0000 0.0003 0.0000 0.0000 -0.0006 0.0003 0.0000 0.0004 -0.0006 0.0000 0.0000 0.0001 0.0000 0.0000 0.0000 0.0000 -0.0010 -0.0002 0.0000 0.0002 30.0001 -0.0001 0.0005 -29.9998 0.0000 0.0000 0.0000 0.0323 7.5974 1.5966 0.0323 7.5974 1.5966 -104.2952 68.5980 3.0947 43.0558 27.4944 -38.5405 32.8113 7.8098 -51.3702 2.8933 3.9304 9.0601 0.0000 -0.0001 0.0001 0.0000 0.0000 0.0000 0.0000 -0.0006 0.0003 0.0000 -0.0001 0.0001 0.0000 0.0000 0.0000 0.0000 0.0000 0.0000 0.0000 0.0007 0.0001 0.0000 -0.0011 0.0001 0.0000 -0.0008 0.0003 0.0000 0.0001 0.0000 0.0000 0.0000 0.0000 0.0000 -0.0009 0.0000 0.0000 0.0002 -29.9996 -0.0001 -0.0003 29.9996 0.0000 0.0000 0.0000 -5.2674 -2.7565 -172.7063 -0.1311 -14.8871 0.0998 -45.1154 73.6890 -30.8098 0.0000 25.3510 0.0000 -15.2774 -16.3649 166.6958 0.6117 -15.2782 -0.1645 -6.3382 57.0982 7.1713 0.0000 25.4041 -0.0001 
0.9432 85.6255 -13.3568 -1.0333 -0.9854 -7.9079 1.7717 -1.7379 -1.3474 1.7728 -1.7389 -1.3482 1.7771 -1.7430 -1.3515 40.5248 60.0116 -82.1328 -8.7064 32.5526 77.0140 -19.9969 0.8822 49.4626 -2.3618 4.4396 -7.6933 0.0000 0.0000 0.0001 0.0000 0.0000 0.0000 0.0000 -0.0013 -0.0008 0.0000 -0.0004 0.0001 0.0000 0.0000 0.0000 0.0000 0.0000 0.0000 0.0000 0.0002 0.0000 0.0000 -0.0006 0.0003 0.0000 0.0004 -0.0006 0.0000 0.0000 0.0001 0.0000 0.0000 0.0000 0.0000 -0.0010 -0.0002 0.0000 0.0003 30.0001 -0.0001 0.0005 -29.9998 0.0000 0.0000 0.0000 0.0448 7.7691 1.6032 0.0448 7.7691 1.6032 -104.3908 68.6625 2.9879 42.9822 29.0046 -40.8224 32.1187 7.5912 -52.4501 2.8249 3.7526 9.0496 0.0000 -0.0001 0.0001 0.0000 0.0000 0.0000 0.0000 -0.0006 0.0003 0.0000 -0.0001 0.0001 0.0000 0.0000 0.0000 0.0000 0.0000 0.0000 0.0000 0.0007 0.0001 0.0000 -0.0011 0.0001 0.0000 -0.0008 0.0003 0.0000 0.0001 0.0000 0.0000 0.0000 0.0000 0.0000 -0.0009 0.0000 0.0000 0.0002 -29.9997 -0.0001 -0.0003 29.9996 0.0000 0.0000 0.0000 -5.2641 -2.8623 -172.7512 -0.1347 -15.2005 0.1007 -45.4726 73.8083 -31.1541 0.0000 25.3510 0.0000 -15.2997 -16.2346 166.6387 0.5948 -15.0821 -0.1612 -6.3644 57.0109 7.1801 0.0000 25.4065 -0.0001 
0.9979 85.6336 -13.3845 -1.0754 -1.0500 -7.8807 1.7602 -1.7379 -1.3407 1.7613 -1.7389 -1.3416 1.7656 -1.7430 -1.3448 40.3070 59.9953 -82.2056 -7.3215 33.3746 79.6814 -18.5665 0.2937 49.2169 -2.3047 4.4514 -7.5790 0.0000 0.0000 0.0001 0.0000 0.0000 0.0000 0.0000 -0.0013 -0.0008 0.0000 -0.0004 0.0001 0.0000 0.0000 0.0000 0.0000 0.0000 0.0000 0.0000 0.0002 0.0000 0.0000 -0.0006 0.0003 0.0000 0.0004 -0.0006 0.0000 0.0000 0.0001 0.0000 0.0000 0.0000 0.0000 -0.0010 -0.0002 0.0000 0.0003 30.0001 -0.0001 0.0005 -29.9998 0.0000 0.0000 0.0000 0.0565 7.9479 1.6151 0.0565 7.9479 1.6151 -104.4060 68.7051 2.9373 42.7372 30.5571 -43.1069 31.3815 7.3016 -53.5138 2.7517 3.5861 9.0388 0.0000 -0.0001 0.0001 0.0000 0.0000 0.0000 0.0000 -0.0006 0.0003 0.0000 -0.0001 0.0001 0.0000 0.0000 0.0000 0.0000 0.0000 0.0000 0.0000 0.0007 0.0001 0.0000 -0.0011 0.0001 0.0000 -0.0008 0.0003 0.0000 0.0001 0.0000 0.0000 0.0000 0.0000 0.0000 -0.0008 0.0000 0.0000 0.0002 -29.9996 -0.0001 -0.0003 29.9996 0.0000 0.0000 0.0000 -5.2866 -2.9813 -172.8033 -0.1381 -15.5239 0.1015 -45.8296 73.9227 -31.4900 0.0000 25.3510 0.0000 -15.3469 -16.0989 166.5729 0.5772 -14.8797 -0.1578 -6.3832 56.9232 7.1944 0.0000 25.4089 -0.0001 
1.0549 85.6395 -13.4148 -1.1109 -1.1168 -7.8504 1.7522 -1.7367 -1.3386 1.7533 -1.7377 -1.3394 1.7575 -1.7418 -1.3427 40.1096 59.9930 -82.2080 -5.7755 34.2451 82.3599 -17.0883 -0.2483 48.9520 -2.2427 4.4455 -7.4660 0.0000 0.0000 0.0001 0.0000 0.0000 0.0000 0.0000 -0.0013 -0.0008 0.0000 -0.0004 0.0001 0.0000 0.0000 0.0000 0.0000 0.0000 0.0000 0.0000 0.0003 -0.0001 0.0000 -0.0006 0.0003 0.0000 0.0004 -0.0006 0.0000 0.0000 0.0001 0.0000 0.0000 0.0000 0.0000 -0.0010 -0.0002 0.0000 0.0002 30.0001 -0.0001 0.0005 -29.9998 0.0000 0.0000 0.0000 0.0630 8.1277 1.6333 0.0630 8.1277 1.6333 -104.3603 68.7299 2.9389 42.3098 32.1404 -45.4130 30.6290 6.9665 -54.5556 2.6740 3.4273 9.0282 0.0000 -0.0001 0.0001 0.0000 0.0000 0.0000 0.0000 -0.0006 0.0003 0.0000 -0.0001 0.0001 0.0000 0.0000 0.0000 0.0000 0.0000 0.0000 0.0000 0.0007 0.0001 0.0000 -0.0011 0.0001 0.0000 -0.0008 0.0003 0.0000 0.0001 0.0000 0.0000 0.0000 0.0000 0.0000 -0.0009 0.0000 0.0000 0.0002 -29.9996 -0.0001 -0.0003 29.9996 0.0000 0.0000 0.0000 -5.3221 -3.1006 -172.8593 -0.1414 -15.8495 0.1024 -46.1981 74.0348 -31.8297 0.0000 25.3510 0.0000 -15.4006 -15.9621 166.5008 0.5593 -14.6749 -0.1545 -6.3917 56.8318 7.2125 0.0000 25.4114 -0.0001 
1.1154 85.6483 -13.4485 -1.1441 -1.1871 -7.8190 1.7527 -1.7292 -1.3393 1.7538 -1.7302 -1.3401 1.7580 -1.7343 -1.3434 39.8335 60.0234 -82.1789 -4.0304 35.0717 85.0124 -15.6326 -0.7679 48.7283 -2.1754 4.4192 -7.3576 0.0000 0.0000 0.0001 0.0000 0.0000 0.0000 0.0000 -0.0013 -0.0008 0.0000 -0.0004 0.0001 0.0000 0.0000 0.0000 0.0000 0.0000 0.0000 0.0000 0.0002 0.0000 0.0000 -0.0006 0.0003 0.0000 0.0004 -0.0006 0.0000 0.0000 0.0001 0.0000 0.0000 0.0000 0.0000 -0.0010 -0.0002 0.0000 0.0003 30.0001 -0.0001 0.0005 -29.9998 0.0000 0.0000 0.0000 0.0571 8.2999 1.6504 0.0571 8.2999 1.6504 -104.2934 68.7292 2.9369 41.7072 33.7331 -47.7082 29.8972 6.6169 -55.5466 2.5930 3.2744 9.0213 0.0000 -0.0001 0.0001 0.0000 0.0000 0.0000 0.0000 -0.0006 0.0003 0.0000 -0.0001 0.0001 0.0000 0.0000 0.0000 0.0000 0.0000 0.0000 0.0000 0.0007 0.0001 0.0000 -0.0011 0.0001 0.0000 -0.0008 0.0003 0.0000 0.0001 0.0000 0.0000 0.0000 0.0000 0.0000 -0.0009 0.0000 0.0000 0.0002 -29.9996 -0.0001 -0.0003 29.9996 0.0000 0.0000 0.0000 -5.3708 -3.2076 -172.9189 -0.1447 -16.1693 0.1032 -46.5897 74.1466 -32.1796 0.0000 25.3510 0.0000 -15.4587 -15.8301 166.4258 0.5420 -14.4702 -0.1513 -6.3981 56.7345 7.2279 0.0000 25.4141 -0.0001 
1.1781 85.6557 -13.4826 -1.1672 -1.2591 -7.7876 1.7531 -1.7163 -1.3377 1.7542 -1.7173 -1.3385 1.7585 -1.7214 -1.3418 39.4889 60.1006 -82.1467 -2.1358 35.8245 87.6334 -14.2078 -1.2596 48.5358 -2.1045 4.3758 -7.2515 0.0000 0.0000 0.0001 0.0000 0.0000 0.0000 0.0000 -0.0013 -0.0008 0.0000 -0.0004 0.0001 0.0000 0.0000 0.0000 0.0000 0.0000 0.0000 0.0000 0.0002 0.0000 0.0000 -0.0006 0.0003 0.0000 0.0004 -0.0006 0.0000 0.0000 0.0001 0.0000 0.0000 0.0000 0.0000 -0.0010 -0.0002 0.0000 0.0002 30.0001 -0.0001 0.0005 -29.9998 0.0000 0.0000 0.0000 0.0478 8.4596 1.6606 0.0478 8.4596 1.6606 -104.2106 68.6986 2.9101 40.9514 35.3293 -50.0012 29.1783 6.2583 -56.4830 2.5076 3.1251 9.0151 0.0000 -0.0001 0.0001 0.0000 0.0000 0.0000 0.0000 -0.0006 0.0003 0.0000 -0.0001 0.0001 0.0000 0.0000 0.0000 0.0000 0.0000 0.0000 0.0000 0.0007 0.0001 0.0000 -0.0012 0.0001 0.0000 -0.0008 0.0003 0.0000 0.0001 0.0000 0.0000 0.0000 0.0000 0.0000 -0.0008 0.0000 0.0000 0.0002 -29.9996 -0.0001 -0.0003 29.9996 0.0000 0.0000 0.0000 -5.4292 -3.3090 -172.9819 -0.1486 -16.4829 0.1042 -46.9668 74.2580 -32.5130 0.0000 25.3510 0.0000 -15.5305 -15.6950 166.3495 0.5249 -14.2664 -0.1482 -6.4070 56.6433 7.2391 0.0000 25.4170 -0.0001 
1.2410 85.6641 -13.5156 -1.1846 -1.3283 -7.7554 1.7533 -1.7023 -1.3350 1.7543 -1.7032 -1.3358 1.7586 -1.7073 -1.3391 39.1826 60.2288 -82.0346 -0.1321 36.5482 90.2129 -12.7681 -1.7425 48.3675 -2.0320 4.3229 -7.1432 0.0000 0.0000 0.0001 0.0000 0.0000 0.0000 0.0000 -0.0013 -0.0008 0.0000 -0.0004 0.0001 0.0000 0.0000 0.0000 0.0000 0.0000 0.0000 0.0000 0.0002 0.0000 0.0000 -0.0006 0.0003 0.0000 0.0004 -0.0006 0.0000 0.0000 0.0001 0.0000 0.0000 0.0000 0.0000 -0.0010 -0.0002 0.0000 0.0002 30.0001 -0.0001 0.0005 -29.9998 0.0000 0.0000 0.0000 0.0376 8.6032 1.6679 0.0376 8.6032 1.6679 -104.1091 68.6476 2.8819 39.9319 36.9621 -52.3538 28.4708 5.8819 -57.3767 2.3880 2.9416 8.9456 0.0000 -0.0001 0.0001 0.0000 0.0000 0.0000 0.0000 -0.0007 0.0003 0.0000 -0.0001 0.0001 0.0000 0.0000 0.0000 0.0000 0.0000 0.0000 0.0000 0.0007 0.0001 0.0000 -0.0011 0.0001 0.0000 -0.0008 0.0003 0.0000 0.0001 0.0000 0.0000 0.0000 0.0000 0.0000 -0.0009 0.0000 0.0000 0.0002 -29.9996 -0.0001 -0.0003 29.9996 0.0000 0.0000 0.0000 -5.4851 -3.4150 -173.0467 -0.1524 -16.7959 0.1052 -47.3247 74.3704 -32.8341 0.0000 25.3510 0.0000 -15.6054 -15.5552 166.2730 0.5079 -14.0600 -0.1451 -6.4124 56.5607 7.2464 0.0000 25.4203 -0.0001 
1.3014 85.6695 -13.5449 -1.2090 -1.3911 -7.7248 1.7588 -1.6865 -1.3350 1.7598 -1.6874 -1.3357 1.7641 -1.6914 -1.3390 38.9532 60.3932 -81.7845 2.0751 37.1889 92.6612 -11.3067 -2.2586 48.2638 -1.9181 4.1885 -6.9229 0.0000 0.0000 0.0001 0.0000 0.0000 0.0000 0.0000 -0.0013 -0.0008 0.0000 -0.0004 0.0001 0.0000 0.0000 0.0000 0.0000 0.0000 0.0000 0.0000 0.0002 0.0000 0.0000 -0.0006 0.0003 0.0000 0.0004 -0.0006 0.0000 0.0000 0.0001 0.0000 0.0000 0.0000 0.0000 -0.0010 -0.0002 0.0000 0.0002 30.0001 -0.0001 0.0005 -29.9998 0.0000 0.0000 0.0000 0.0191 8.7152 1.6795 0.0191 8.7152 1.6795 -103.9552 68.5847 2.9083 38.6001 38.6573 -54.8022 27.8194 5.4773 -58.2123 2.2440 2.7380 8.8388 0.0000 -0.0001 0.0001 0.0000 0.0000 0.0000 0.0000 -0.0007 0.0003 0.0000 -0.0001 0.0001 0.0000 0.0000 0.0000 0.0000 0.0000 0.0000 0.0000 0.0007 0.0001 0.0000 -0.0012 0.0001 0.0000 -0.0008 0.0003 0.0000 0.0001 0.0000 0.0000 0.0000 0.0000 0.0000 -0.0009 0.0000 0.0000 0.0002 -29.9996 -0.0001 -0.0003 29.9996 0.0000 0.0000 0.0000 -5.5184 -3.5243 -173.1075 -0.1557 -17.1066 0.1061 -47.6757 74.4865 -33.1622 0.0000 25.3510 0.0000 -15.6688 -15.4157 166.2018 0.4916 -13.8484 -0.1422 -6.4157 56.4859 7.2470 0.0000 25.4238 -0.0001 
1.3590 85.6747 -13.5732 -1.2462 -1.4510 -7.6984 1.7688 -1.6668 -1.3361 1.7698 -1.6677 -1.3368 1.7741 -1.6717 -1.3401 38.6921 60.5777 -81.5009 4.2480 37.7001 94.9630 -9.8522 -2.7801 48.1621 -1.8110 4.0621 -6.6945 0.0000 0.0000 0.0001 0.0000 0.0000 0.0000 0.0000 -0.0013 -0.0008 0.0000 -0.0004 0.0001 0.0000 0.0000 0.0000 0.0000 0.0000 0.0000 0.0000 0.0002 0.0000 0.0000 -0.0006 0.0003 0.0000 0.0004 -0.0006 0.0000 0.0000 0.0001 0.0000 0.0000 0.0000 0.0000 -0.0010 -0.0002 0.0000 0.0002 30.0001 -0.0001 0.0005 -29.9998 0.0000 0.0000 0.0000 -0.0078 8.7967 1.6908 -0.0078 8.7967 1.6908 -103.7918 68.5218 2.9350 37.0305 40.3949 -57.3409 27.1899 5.0724 -59.0028 2.0857 2.5213 8.7152 0.0000 -0.0001 0.0001 0.0000 0.0000 0.0000 0.0000 -0.0006 0.0003 0.0000 -0.0001 0.0001 0.0000 0.0000 0.0000 0.0000 0.0000 0.0000 0.0000 0.0007 0.0001 0.0000 -0.0012 0.0001 0.0000 -0.0008 0.0003 0.0000 0.0001 0.0000 0.0000 0.0000 0.0000 0.0000 -0.0009 0.0000 0.0000 0.0002 -29.9996 -0.0001 -0.0003 29.9996 0.0000 0.0000 0.0000 -5.5277 -3.6237 -173.1611 -0.1583 -17.4051 0.1069 -48.0345 74.6033 -33.5070 0.0000 25.3510 0.0000 -15.7228 -15.2844 166.1381 0.4756 -13.6368 -0.1394 -6.4276 56.4107 7.2438 0.0000 25.4275 -0.0001 
1.4136 85.6789 -13.6008 -1.2924 -1.5089 -7.6778 1.7769 -1.6451 -1.3340 1.7779 -1.6460 -1.3347 1.7823 -1.6499 -1.3380 38.4163 60.7750 -81.2264 6.3964 38.1342 97.1727 -8.4112 -3.2921 48.0276 -1.7122 3.9469 -6.4722 0.0000 0.0000 0.0001 0.0000 0.0000 0.0000 0.0000 -0.0013 -0.0008 0.0000 -0.0004 0.0001 0.0000 0.0000 0.0000 0.0000 0.0000 0.0000 0.0000 0.0002 0.0000 0.0000 -0.0006 0.0003 0.0000 0.0004 -0.0006 0.0000 0.0000 0.0001 0.0000 0.0000 0.0000 0.0000 -0.0010 -0.0002 0.0000 0.0003 30.0001 -0.0001 0.0005 -29.9998 0.0000 0.0000 0.0000 -0.0331 8.8567 1.6977 -0.0331 8.8567 1.6978 -103.6435 68.4474 2.9084 35.2742 42.1431 -59.9527 26.5462 4.6712 -59.7404 1.9244 2.3072 8.5854 0.0000 -0.0001 0.0001 0.0000 0.0000 0.0000 0.0000 -0.0006 0.0003 0.0000 -0.0001 0.0001 0.0000 0.0000 0.0000 0.0000 0.0000 0.0000 0.0000 0.0007 0.0001 0.0000 -0.0012 0.0001 0.0000 -0.0008 0.0003 0.0000 0.0001 0.0000 0.0000 0.0000 0.0000 0.0000 -0.0009 0.0000 0.0000 0.0002 -29.9996 -0.0001 -0.0003 29.9996 0.0000 0.0000 0.0000 -5.5233 -3.7128 -173.2066 -0.1605 -17.6873 0.1076 -48.3945 74.7162 -33.8552 0.0000 25.3510 0.0000 -15.7744 -15.1593 166.0831 0.4603 -13.4308 -0.1367 -6.4540 56.3399 7.2358 0.0000 25.4313 -0.0001 
1.4627 85.6883 -13.6299 -1.3568 -1.5617 -7.6665 1.7807 -1.6267 -1.3252 1.7817 -1.6276 -1.3260 1.7861 -1.6315 -1.3293 38.2162 60.9916 -80.9367 8.5779 38.5807 99.3347 -6.9879 -3.8171 47.8449 -1.6189 3.8419 -6.2625 0.0000 0.0000 0.0001 0.0000 0.0000 0.0000 0.0000 -0.0013 -0.0008 0.0000 -0.0004 0.0001 0.0000 0.0000 0.0000 0.0000 0.0000 0.0000 0.0000 0.0002 0.0000 0.0000 -0.0006 0.0003 0.0000 0.0004 -0.0006 0.0000 0.0000 0.0001 0.0000 0.0000 0.0000 0.0000 -0.0010 -0.0002 0.0000 0.0002 30.0001 -0.0001 0.0005 -29.9998 0.0000 0.0000 0.0000 -0.0471 8.9043 1.7027 -0.0471 8.9043 1.7027 -103.5137 68.3597 2.7862 33.4517 43.7747 -62.4384 25.8681 4.4246 -60.4029 1.7766 2.0992 8.4484 0.0000 -0.0001 0.0001 0.0000 0.0000 0.0000 0.0000 -0.0006 0.0003 0.0000 -0.0001 0.0001 0.0000 0.0000 0.0000 0.0000 0.0000 0.0000 0.0000 0.0007 0.0001 0.0000 -0.0011 0.0001 0.0000 -0.0008 0.0003 0.0000 0.0001 0.0000 0.0000 0.0000 0.0000 0.0000 -0.0009 0.0000 0.0000 0.0002 -29.9996 -0.0001 -0.0002 29.9996 0.0000 0.0000 0.0000 -5.4984 -3.8062 -173.2395 -0.1633 -17.9522 0.1085 -48.7270 74.8180 -34.1769 0.0000 25.3511 0.0000 -15.8141 -15.0377 166.0447 0.4462 -13.2360 -0.1343 -6.5033 56.2851 7.2099 0.0000 25.4354 -0.0001 
1.5057 85.6990 -13.6626 -1.4434 -1.6105 -7.6610 1.7886 -1.6116 -1.3192 1.7896 -1.6125 -1.3200 1.7940 -1.6164 -1.3232 38.1312 61.2062 -80.5590 10.8380 39.0589 101.4870 -5.6184 -4.3323 47.6192 -1.5279 3.7370 -6.0668 0.0000 0.0000 0.0001 0.0000 0.0000 0.0000 0.0000 -0.0013 -0.0008 0.0000 -0.0004 0.0001 0.0000 0.0000 0.0000 0.0000 0.0000 0.0000 0.0000 0.0002 0.0000 0.0000 -0.0006 0.0003 0.0000 0.0004 -0.0006 0.0000 0.0000 0.0001 0.0000 0.0000 0.0000 0.0000 -0.0010 -0.0002 0.0000 0.0002 30.0001 -0.0001 0.0005 -29.9998 0.0000 0.0000 0.0000 -0.0572 8.9514 1.7202 -0.0572 8.9514 1.7202 -103.3924 68.2880 2.6174 31.4613 45.3407 -64.9902 25.1415 4.1818 -60.9525 1.6325 1.9056 8.2987 0.0000 -0.0001 0.0001 0.0000 0.0000 0.0000 0.0000 -0.0006 0.0003 0.0000 -0.0001 0.0001 0.0000 0.0000 0.0000 0.0000 0.0000 0.0000 0.0000 0.0007 0.0001 0.0000 -0.0012 0.0001 0.0000 -0.0008 0.0003 0.0000 0.0001 0.0000 0.0000 0.0000 0.0000 0.0000 -0.0009 0.0000 0.0000 0.0002 -29.9996 -0.0001 -0.0003 29.9996 0.0000 0.0000 0.0000 -5.4607 -3.9135 -173.2624 -0.1658 -18.2151 0.1092 -49.0596 74.9088 -34.4910 0.0000 25.3510 0.0000 -15.8297 -14.9172 166.0204 0.4335 -13.0485 -0.1321 -6.5664 56.2379 7.1691 0.0000 25.4395 -0.0001 
1.5439 85.7110 -13.7008 -1.5443 -1.6576 -7.6610 1.8021 -1.5974 -1.3159 1.8031 -1.5982 -1.3166 1.8075 -1.6020 -1.3199 38.1158 61.4360 -80.1087 13.1557 39.5508 103.6314 -4.3190 -4.8024 47.3392 -1.4380 3.6266 -5.8849 0.0000 0.0000 0.0001 0.0000 0.0000 0.0000 0.0000 -0.0013 -0.0008 0.0000 -0.0004 0.0001 0.0000 0.0000 0.0000 0.0000 0.0000 0.0000 0.0000 0.0003 0.0000 0.0000 -0.0006 0.0003 0.0000 0.0004 -0.0006 0.0000 0.0000 0.0001 0.0000 0.0000 0.0000 0.0000 -0.0010 -0.0002 0.0000 0.0002 30.0001 -0.0001 0.0005 -29.9998 0.0000 0.0000 0.0000 -0.0691 8.9990 1.7471 -0.0691 8.9990 1.7471 -103.3086 68.2357 2.3839 29.3564 46.8319 -67.5636 24.3932 3.9504 -61.4238 1.4943 1.7247 8.1451 0.0000 -0.0001 0.0001 0.0000 0.0000 0.0000 0.0000 -0.0006 0.0003 0.0000 -0.0001 0.0001 0.0000 0.0000 0.0000 0.0000 0.0000 0.0000 0.0000 0.0007 0.0001 0.0000 -0.0012 0.0001 0.0000 -0.0008 0.0003 0.0000 0.0001 0.0000 0.0000 0.0000 0.0000 0.0000 -0.0008 0.0000 0.0000 0.0002 -29.9996 -0.0001 -0.0003 29.9996 0.0000 0.0000 0.0000 -5.4215 -4.0281 -173.2767 -0.1685 -18.4782 0.1101 -49.4095 74.9907 -34.8112 0.0000 25.3510 0.0000 -15.8261 -14.8004 166.0070 0.4218 -12.8656 -0.1301 -6.6370 56.1869 7.1214 0.0000 25.4434 -0.0001 
1.5771 85.7208 -13.7504 -1.6453 -1.6964 -7.6697 1.8165 -1.5845 -1.3116 1.8176 -1.5853 -1.3123 1.8221 -1.5891 -1.3156 38.1358 61.7020 -79.6381 15.5802 40.0906 105.7803 -3.1560 -5.1644 46.9903 -1.3469 3.4999 -5.7260 0.0000 0.0000 0.0001 0.0000 0.0000 0.0000 0.0000 -0.0013 -0.0008 0.0000 -0.0004 0.0001 0.0000 0.0000 0.0000 0.0000 0.0000 0.0000 0.0000 0.0002 0.0000 0.0000 -0.0006 0.0003 0.0000 0.0004 -0.0006 0.0000 0.0000 0.0001 0.0000 0.0000 0.0000 0.0000 -0.0010 -0.0002 0.0000 0.0002 30.0001 -0.0001 0.0005 -29.9998 0.0000 0.0000 0.0000 -0.0819 9.0486 1.7774 -0.0819 9.0486 1.7774 -103.3146 68.1974 2.0346 27.2087 48.2447 -70.0472 23.5973 3.7481 -61.8144 1.3682 1.5622 7.9891 0.0000 -0.0001 0.0001 0.0000 0.0000 0.0000 0.0000 -0.0006 0.0003 0.0000 -0.0001 0.0001 0.0000 0.0000 0.0000 0.0000 0.0000 0.0000 0.0000 0.0007 0.0001 0.0000 -0.0012 0.0001 0.0000 -0.0008 0.0003 0.0000 0.0001 0.0000 0.0000 0.0000 0.0000 0.0000 -0.0009 0.0000 0.0000 0.0002 -29.9996 -0.0001 -0.0003 29.9996 0.0000 0.0000 0.0000 -5.4010 -4.1519 -173.2778 -0.1718 -18.7376 0.1110 -49.7792 75.0573 -35.1369 0.0000 25.3510 0.0000 -15.8112 -14.7007 166.0067 0.4110 -12.6886 -0.1282 -6.7111 56.1169 7.0741 0.0000 25.4469 -0.0001 
1.6055 85.7301 -13.8084 -1.7296 -1.7240 -7.6840 1.8256 -1.5750 -1.3063 1.8267 -1.5758 -1.3071 1.8311 -1.5796 -1.3103 38.2175 61.9978 -79.1228 17.9934 40.6640 107.8476 -2.1582 -5.3280 46.6091 -1.2617 3.3590 -5.5919 0.0000 0.0000 0.0001 0.0000 0.0000 0.0000 0.0000 -0.0013 -0.0008 0.0000 -0.0004 0.0001 0.0000 0.0000 0.0000 0.0000 0.0000 0.0000 0.0000 0.0002 0.0000 0.0000 -0.0006 0.0003 0.0000 0.0004 -0.0006 0.0000 0.0000 0.0001 0.0000 0.0000 0.0000 0.0000 -0.0010 -0.0002 0.0000 0.0002 30.0001 -0.0001 0.0005 -29.9998 0.0000 0.0000 0.0000 -0.0900 9.1011 1.8095 -0.0900 9.1011 1.8095 -103.3760 68.1641 1.6016 25.0011 49.5595 -72.4673 22.7492 3.5129 -62.1182 1.2543 1.4264 7.8277 0.0000 -0.0001 0.0001 0.0000 0.0000 0.0000 0.0000 -0.0006 0.0003 0.0000 -0.0001 0.0001 0.0000 0.0000 0.0000 0.0000 0.0000 0.0000 0.0000 0.0007 0.0001 0.0000 -0.0012 0.0001 0.0000 -0.0008 0.0003 0.0000 0.0001 0.0000 0.0000 0.0000 0.0000 0.0000 -0.0009 0.0000 0.0000 0.0002 -29.9996 -0.0001 -0.0003 29.9996 0.0000 0.0000 0.0000 -5.4001 -4.2838 -173.2692 -0.1753 -18.9899 0.1120 -50.1416 75.1119 -35.4557 0.0000 25.3510 0.0000 -15.7930 -14.6205 166.0119 0.4010 -12.5234 -0.1266 -6.7764 56.0328 7.0312 0.0000 25.4501 -0.0001 
1.6297 85.7390 -13.8701 -1.7984 -1.7422 -7.6983 1.8324 -1.5667 -1.3076 1.8335 -1.5675 -1.3084 1.8380 -1.5713 -1.3116 38.3374 62.3049 -78.5380 20.4904 41.2549 109.8891 -1.2642 -5.4175 46.2044 -1.1781 3.2106 -5.4706 0.0000 0.0000 0.0001 0.0000 0.0000 0.0000 0.0000 -0.0013 -0.0008 0.0000 -0.0004 0.0001 0.0000 0.0000 0.0000 0.0000 0.0000 0.0000 0.0000 0.0002 0.0000 0.0000 -0.0006 0.0003 0.0000 0.0004 -0.0006 0.0000 0.0000 0.0001 0.0000 0.0000 0.0000 0.0000 -0.0010 -0.0002 0.0000 0.0003 30.0001 -0.0001 0.0005 -29.9998 0.0000 0.0000 0.0000 -0.0952 9.1518 1.8508 -0.0952 9.1518 1.8508 -103.4619 68.1574 1.1490 22.5927 50.8266 -75.0016 21.8383 3.1395 -62.3255 1.1449 1.3190 7.6591 0.0000 -0.0001 0.0001 0.0000 0.0000 0.0000 0.0000 -0.0006 0.0003 0.0000 -0.0001 0.0001 0.0000 0.0000 0.0000 0.0000 0.0000 0.0000 0.0000 0.0007 0.0001 0.0000 -0.0011 0.0001 0.0000 -0.0008 0.0003 0.0000 0.0001 0.0000 0.0000 0.0000 0.0000 0.0000 -0.0009 0.0000 0.0000 0.0002 -29.9997 -0.0001 -0.0003 29.9996 0.0000 0.0000 0.0000 -5.4055 -4.4250 -173.2560 -0.1786 -19.2433 0.1129 -50.4986 75.1624 -35.7806 0.0000 25.3510 0.0000 -15.7692 -14.5519 166.0163 0.3912 -12.3617 -0.1249 -6.8262 55.9334 7.0010 0.0000 25.4527 -0.0001 
1.6483 85.7504 -13.9298 -1.8473 -1.7526 -7.7079 1.8406 -1.5550 -1.3232 1.8416 -1.5558 -1.3239 1.8461 -1.5596 -1.3272 38.4371 62.6462 -77.8649 22.9883 41.8510 111.7717 -0.4397 -5.5766 45.8065 -1.0960 3.0696 -5.3575 0.0000 0.0000 0.0001 0.0000 0.0000 0.0000 0.0000 -0.0013 -0.0008 0.0000 -0.0004 0.0001 0.0000 0.0000 0.0000 0.0000 0.0000 0.0000 0.0000 0.0002 -0.0001 0.0000 -0.0006 0.0003 0.0000 0.0004 -0.0006 0.0000 0.0000 0.0001 0.0000 0.0000 0.0000 0.0000 -0.0010 -0.0002 0.0000 0.0002 30.0001 -0.0001 0.0005 -29.9998 0.0000 0.0000 0.0000 -0.1033 9.1898 1.9059 -0.1033 9.1898 1.9059 -103.5680 68.1833 0.7214 20.0307 52.0719 -77.5552 20.9447 2.6492 -62.4514 1.0400 1.2333 7.5007 0.0000 -0.0001 0.0001 0.0000 0.0000 0.0000 0.0000 -0.0006 0.0003 0.0000 -0.0001 0.0001 0.0000 0.0000 0.0000 0.0000 0.0000 0.0000 0.0000 0.0007 0.0001 0.0000 -0.0011 0.0001 0.0000 -0.0008 0.0003 0.0000 0.0001 0.0000 0.0000 0.0000 0.0000 0.0000 -0.0009 0.0000 0.0000 0.0002 -29.9996 -0.0001 -0.0003 29.9996 0.0000 0.0000 0.0000 -5.4102 -4.5679 -173.2421 -0.1807 -19.5001 0.1137 -50.8662 75.2140 -36.1382 0.0000 25.3510 0.0000 -15.7434 -14.4928 166.0154 0.3816 -12.2012 -0.1234 -6.8614 55.8148 6.9900 0.0000 25.4542 -0.0001 
1.6681 85.7617 -13.9839 -1.8805 -1.7619 -7.7118 1.8456 -1.5389 -1.3447 1.8466 -1.5397 -1.3455 1.8512 -1.5434 -1.3489 38.4834 63.0242 -77.1967 25.3927 42.4104 113.4765 0.3471 -5.7133 45.4059 -1.0219 2.9401 -5.2495 0.0000 0.0000 0.0001 0.0000 0.0000 0.0000 0.0000 -0.0013 -0.0008 0.0000 -0.0004 0.0001 0.0000 0.0000 0.0000 0.0000 0.0000 0.0000 0.0000 0.0003 0.0000 0.0000 -0.0006 0.0003 0.0000 0.0004 -0.0006 0.0000 0.0000 0.0001 0.0000 0.0000 0.0000 0.0000 -0.0010 -0.0002 0.0000 0.0002 30.0001 -0.0001 0.0005 -29.9998 0.0000 0.0000 0.0000 -0.1147 9.2154 1.9595 -0.1147 9.2154 1.9595 -103.6038 68.1833 0.4342 17.2999 53.3317 -80.1408 20.0959 2.2506 -62.5394 0.9430 1.1451 7.3559 0.0000 -0.0001 0.0001 0.0000 0.0000 0.0000 0.0000 -0.0006 0.0003 0.0000 -0.0001 0.0001 0.0000 0.0000 0.0000 0.0000 0.0000 0.0000 0.0000 0.0007 0.0001 0.0000 -0.0012 0.0001 0.0000 -0.0008 0.0003 0.0000 0.0001 0.0000 0.0000 0.0000 0.0000 0.0000 -0.0008 0.0000 0.0000 0.0002 -29.9997 -0.0001 -0.0003 29.9996 0.0000 0.0000 0.0000 -5.4118 -4.7036 -173.2352 -0.1835 -19.7569 0.1146 -51.2324 75.2713 -36.5125 0.0000 25.3510 0.0000 -15.7313 -14.4308 166.0083 0.3719 -12.0286 -0.1217 -6.8922 55.6830 6.9953 0.0000 25.4551 -0.0001 
1.6907 85.7721 -14.0350 -1.9035 -1.7722 -7.7117 1.8442 -1.5208 -1.3673 1.8453 -1.5216 -1.3681 1.8498 -1.5253 -1.3715 38.5324 63.4439 -76.5232 27.7039 42.9560 115.0474 1.1287 -5.8406 44.9882 -0.9561 2.8257 -5.1457 0.0000 0.0000 0.0001 0.0000 0.0000 0.0000 0.0000 -0.0013 -0.0008 0.0000 -0.0004 0.0001 0.0000 0.0000 0.0000 0.0000 0.0000 0.0000 0.0000 0.0002 0.0000 0.0000 -0.0006 0.0003 0.0000 0.0004 -0.0006 0.0000 0.0000 0.0001 0.0000 0.0000 0.0000 0.0000 -0.0010 -0.0002 0.0000 0.0002 30.0001 -0.0001 0.0005 -29.9998 0.0000 0.0000 0.0000 -0.1252 9.2364 2.0059 -0.1252 9.2364 2.0059 -103.5977 68.1512 0.2037 14.3640 54.5726 -82.8113 19.2894 1.9581 -62.5783 0.8522 1.0516 7.2142 0.0000 -0.0001 0.0001 0.0000 0.0000 0.0000 0.0000 -0.0006 0.0003 0.0000 -0.0001 0.0001 0.0000 0.0000 0.0000 0.0000 0.0000 0.0000 0.0000 0.0007 0.0001 0.0000 -0.0011 0.0001 0.0000 -0.0008 0.0003 0.0000 0.0001 0.0000 0.0000 0.0000 0.0000 0.0000 -0.0009 0.0000 0.0000 0.0002 -29.9997 -0.0001 -0.0002 29.9995 0.0000 0.0000 0.0000 -5.4095 -4.8362 -173.2339 -0.1868 -20.0095 0.1156 -51.5724 75.3288 -36.8729 0.0000 25.3510 0.0000 -15.7312 -14.3604 165.9951 0.3613 -11.8424 -0.1200 -6.9155 55.5433 7.0146 0.0000 25.4556 -0.0001 
1.7167 85.7811 -14.0847 -1.9265 -1.7850 -7.7052 1.8350 -1.5024 -1.3924 1.8361 -1.5032 -1.3932 1.8406 -1.5068 -1.3967 38.6494 63.9020 -75.7861 29.9636 43.5082 116.4878 1.9296 -6.0232 44.5192 -0.8975 2.7337 -5.0427 0.0000 0.0000 0.0001 0.0000 0.0000 0.0000 0.0000 -0.0013 -0.0008 0.0000 -0.0004 0.0001 0.0000 0.0000 0.0000 0.0000 0.0000 0.0000 0.0000 0.0002 0.0000 0.0000 -0.0006 0.0003 0.0000 0.0004 -0.0006 0.0000 0.0000 0.0001 0.0000 0.0000 0.0000 0.0000 -0.0010 -0.0002 0.0000 0.0002 30.0001 -0.0001 0.0005 -29.9998 0.0000 0.0000 0.0000 -0.1258 9.2568 2.0477 -0.1258 9.2568 2.0477 -103.4725 68.0859 0.0868 11.1372 55.8087 -85.5771 18.4643 1.7569 -62.5599 0.7705 0.9601 7.0695 0.0000 -0.0001 0.0001 0.0000 0.0000 0.0000 0.0000 -0.0006 0.0003 0.0000 -0.0001 0.0001 0.0000 0.0000 0.0000 0.0000 0.0000 0.0000 0.0000 0.0007 0.0001 0.0000 -0.0012 0.0001 0.0000 -0.0008 0.0003 0.0000 0.0001 0.0000 0.0000 0.0000 0.0000 0.0000 -0.0009 0.0000 0.0000 0.0002 -29.9996 -0.0001 -0.0003 29.9996 0.0000 0.0000 0.0000 -5.3928 -4.9738 -173.2395 -0.1899 -20.2572 0.1166 -51.8587 75.3824 -37.1908 0.0000 25.3510 0.0000 -15.7443 -14.2744 165.9761 0.3494 -11.6349 -0.1182 -6.9384 55.4010 7.0414 0.0000 25.4560 -0.0001 
1.7414 85.7905 -14.1337 -1.9678 -1.8043 -7.6932 1.8317 -1.4830 -1.4237 1.8327 -1.4838 -1.4245 1.8372 -1.4874 -1.4281 38.8706 64.3868 -74.9283 32.2196 44.0301 117.8541 2.7181 -6.2738 44.0145 -0.8440 2.6593 -4.9383 0.0000 0.0000 0.0001 0.0000 0.0000 0.0000 0.0000 -0.0013 -0.0008 0.0000 -0.0004 0.0001 0.0000 0.0000 0.0000 0.0000 0.0000 0.0000 0.0000 0.0003 0.0000 0.0000 -0.0006 0.0003 0.0000 0.0004 -0.0006 0.0000 0.0000 0.0001 0.0000 0.0000 0.0000 0.0000 -0.0010 -0.0002 0.0000 0.0002 30.0001 -0.0001 0.0005 -29.9998 0.0000 0.0000 0.0000 -0.1284 9.2817 2.0973 -0.1284 9.2817 2.0973 -103.3785 68.0245 -0.0998 7.8436 57.0316 -88.2957 17.5540 1.6229 -62.5141 0.7003 0.8768 6.9263 0.0000 -0.0001 0.0001 0.0000 0.0000 0.0000 0.0000 -0.0006 0.0003 0.0000 -0.0001 0.0001 0.0000 0.0000 0.0000 0.0000 0.0000 0.0000 0.0000 0.0007 0.0001 0.0000 -0.0012 0.0001 0.0000 -0.0008 0.0003 0.0000 0.0001 0.0000 0.0000 0.0000 0.0000 0.0000 -0.0008 0.0000 0.0000 0.0002 -29.9997 -0.0001 -0.0003 29.9996 0.0000 0.0000 0.0000 -5.3567 -5.1152 -173.2484 -0.1914 -20.5088 0.1173 -52.1384 75.4333 -37.5005 0.0000 25.3510 0.0000 -15.7628 -14.1710 165.9577 0.3370 -11.4083 -0.1163 -6.9768 55.2649 7.0611 0.0000 25.4565 -0.0001 
1.7652 85.8020 -14.1801 -2.0284 -1.8321 -7.6773 1.8389 -1.4614 -1.4617 1.8400 -1.4622 -1.4626 1.8445 -1.4657 -1.4662 39.1672 64.8953 -73.9864 34.3575 44.4933 119.0636 3.4134 -6.4428 43.5133 -0.7998 2.5946 -4.8376 0.0000 0.0000 0.0001 0.0000 0.0000 0.0000 0.0000 -0.0013 -0.0008 0.0000 -0.0004 0.0001 0.0000 0.0000 0.0000 0.0000 0.0000 0.0000 0.0000 0.0003 0.0000 0.0000 -0.0006 0.0003 0.0000 0.0004 -0.0006 0.0000 0.0000 0.0001 0.0000 0.0000 0.0000 0.0000 -0.0010 -0.0002 0.0000 0.0002 30.0001 -0.0001 0.0005 -29.9998 0.0000 0.0000 0.0000 -0.1371 9.3073 2.1587 -0.1371 9.3073 2.1587 -103.2820 67.9644 -0.2862 4.4484 58.2693 -91.0010 16.5949 1.5615 -62.5107 0.6388 0.7955 6.7950 0.0000 -0.0001 0.0001 0.0000 0.0000 0.0000 0.0000 -0.0006 0.0003 0.0000 -0.0001 0.0001 0.0000 0.0000 0.0000 0.0000 0.0000 0.0000 0.0000 0.0007 0.0001 0.0000 -0.0012 0.0001 0.0000 -0.0008 0.0003 0.0000 0.0001 0.0000 0.0000 0.0000 0.0000 0.0000 -0.0008 0.0000 0.0000 0.0002 -29.9996 -0.0001 -0.0003 29.9996 0.0000 0.0000 0.0000 -5.3089 -5.2522 -173.2617 -0.1925 -20.7644 0.1179 -52.4336 75.4837 -37.8155 0.0000 25.3510 0.0000 -15.7829 -14.0505 165.9406 0.3246 -11.1714 -0.1143 -7.0295 55.1395 7.0733 0.0000 25.4571 -0.0001 
1.7895 85.8164 -14.2246 -2.1108 -1.8717 -7.6618 1.8641 -1.4362 -1.5050 1.8652 -1.4370 -1.5059 1.8697 -1.4404 -1.5096 39.5117 65.4688 -72.9703 36.2637 44.8692 120.0105 3.9549 -6.5148 43.0288 -0.7662 2.5407 -4.7426 0.0000 0.0000 0.0001 0.0000 0.0000 0.0000 0.0000 -0.0013 -0.0008 0.0000 -0.0004 0.0001 0.0000 0.0000 0.0000 0.0000 0.0000 0.0000 0.0000 0.0002 0.0000 0.0000 -0.0006 0.0003 0.0000 0.0004 -0.0006 0.0000 0.0000 0.0001 0.0000 0.0000 0.0000 0.0000 -0.0010 -0.0002 0.0000 0.0002 30.0001 -0.0001 0.0005 -29.9998 0.0000 0.0000 0.0000 -0.1585 9.3310 2.2352 -0.1585 9.3310 2.2352 -103.2678 67.8985 -0.5925 1.0063 59.5381 -93.5589 15.5503 1.6144 -62.6360 0.5910 0.7188 6.6769 0.0000 -0.0001 0.0001 0.0000 0.0000 0.0000 0.0000 -0.0006 0.0003 0.0000 -0.0001 0.0001 0.0000 0.0000 0.0000 0.0000 0.0000 0.0000 0.0000 0.0007 0.0001 0.0000 -0.0012 0.0001 0.0000 -0.0008 0.0003 0.0000 0.0001 0.0000 0.0000 0.0000 0.0000 0.0000 -0.0008 0.0000 0.0000 0.0002 -29.9996 -0.0001 -0.0003 29.9996 0.0000 0.0000 0.0000 -5.2515 -5.3818 -173.2779 -0.1952 -21.0220 0.1189 -52.7281 75.5326 -38.1142 0.0000 25.3510 0.0000 -15.7983 -13.9240 165.9288 0.3135 -10.9609 -0.1127 -7.1018 55.0430 7.0694 0.0000 25.4577 -0.0001 
1.8130 85.8308 -14.2688 -2.2024 -1.9097 -7.6494 1.9025 -1.4107 -1.5512 1.9036 -1.4115 -1.5521 1.9082 -1.4148 -1.5559 39.8460 66.0808 -71.8972 38.0787 45.2169 120.7890 4.4495 -6.5912 42.5495 -0.7376 2.4979 -4.6501 0.0000 0.0000 0.0001 0.0000 0.0000 0.0000 0.0000 -0.0013 -0.0008 0.0000 -0.0004 0.0001 0.0000 0.0000 0.0000 0.0000 0.0000 0.0000 0.0000 0.0002 0.0000 0.0000 -0.0006 0.0003 0.0000 0.0004 -0.0006 0.0000 0.0000 0.0001 0.0000 0.0000 0.0000 0.0000 -0.0010 -0.0002 0.0000 0.0002 30.0001 -0.0002 0.0005 -29.9998 0.0000 0.0000 0.0000 -0.1862 9.3503 2.3240 -0.1862 9.3503 2.3240 -103.3631 67.8386 -1.0691 -2.4956 60.7434 -96.0258 14.4289 1.6237 -62.8405 0.5551 0.6643 6.5636 0.0000 -0.0001 0.0001 0.0000 0.0000 0.0000 0.0000 -0.0006 0.0003 0.0000 -0.0001 0.0001 0.0000 0.0000 0.0000 0.0000 0.0000 0.0000 0.0000 0.0007 0.0001 0.0000 -0.0012 0.0001 0.0000 -0.0008 0.0003 0.0000 0.0001 0.0000 0.0000 0.0000 0.0000 0.0000 -0.0009 0.0000 0.0000 0.0002 -29.9997 -0.0001 -0.0003 29.9996 0.0000 0.0000 0.0000 -5.1904 -5.5161 -173.2905 -0.1983 -21.2813 0.1199 -53.0131 75.5788 -38.3971 0.0000 25.3511 0.0000 -15.8033 -13.8363 165.9293 0.3062 -10.8211 -0.1116 -7.2071 54.9791 7.0325 0.0000 25.4587 -0.0001 
1.8328 85.8446 -14.3134 -2.2964 -1.9404 -7.6364 1.9508 -1.3866 -1.6035 1.9520 -1.3874 -1.6045 1.9567 -1.3906 -1.6084 40.1977 66.6702 -70.7561 39.9390 45.5955 121.5048 4.9868 -6.7028 42.0771 -0.7128 2.4662 -4.5588 0.0000 0.0000 0.0001 0.0000 0.0000 0.0000 0.0000 -0.0013 -0.0008 0.0000 -0.0004 0.0001 0.0000 0.0000 0.0000 0.0000 0.0000 0.0000 0.0000 0.0002 0.0000 0.0000 -0.0006 0.0003 0.0000 0.0004 -0.0006 0.0000 0.0000 0.0001 0.0000 0.0000 0.0000 0.0000 -0.0010 -0.0002 0.0000 0.0002 30.0001 -0.0001 0.0005 -29.9998 0.0000 0.0000 0.0000 -0.2174 9.3660 2.4246 -0.2174 9.3660 2.4246 -103.5905 67.8051 -1.7405 -5.9596 61.8665 -98.3543 13.2550 1.5559 -63.0867 0.5290 0.6332 6.4565 0.0000 -0.0001 0.0001 0.0000 0.0000 0.0000 0.0000 -0.0006 0.0003 0.0000 -0.0001 0.0001 0.0000 0.0000 0.0000 0.0000 0.0000 0.0000 0.0000 0.0007 0.0001 0.0000 -0.0011 0.0001 0.0000 -0.0008 0.0003 0.0000 0.0001 0.0000 0.0000 0.0000 0.0000 0.0000 -0.0009 0.0000 0.0000 0.0002 -29.9997 -0.0001 -0.0003 29.9996 0.0000 0.0000 0.0000 -5.1248 -5.6609 -173.2995 -0.2003 -21.5434 0.1207 -53.2932 75.6235 -38.6768 0.0000 25.3510 0.0000 -15.7940 -13.7998 165.9395 0.3035 -10.7645 -0.1112 -7.3407 54.9502 6.9639 0.0000 25.4599 -0.0001 
1.8455 85.8574 -14.3517 -2.3805 -1.9569 -7.6118 2.0071 -1.3604 -1.6663 2.0085 -1.3612 -1.6674 2.0132 -1.3643 -1.6714 40.4993 67.2700 -69.5796 41.7688 46.1175 122.0378 5.6623 -6.7908 41.6879 -0.6965 2.4476 -4.4721 0.0000 0.0000 0.0001 0.0000 0.0000 0.0000 0.0000 -0.0013 -0.0008 0.0000 -0.0004 0.0001 0.0000 0.0000 0.0000 0.0000 0.0000 0.0000 0.0000 0.0002 -0.0001 0.0000 -0.0006 0.0003 0.0000 0.0004 -0.0006 0.0000 0.0000 0.0001 0.0000 0.0000 0.0000 0.0000 -0.0010 -0.0002 0.0000 0.0002 30.0001 -0.0001 0.0005 -29.9998 0.0000 0.0000 0.0000 -0.2480 9.3642 2.5320 -0.2480 9.3642 2.5320 -103.7381 67.8142 -2.3217 -9.4745 62.9108 -100.5368 12.0865 1.4540 -63.4302 0.5129 0.6192 6.3684 0.0000 -0.0001 0.0001 0.0000 0.0000 0.0000 0.0000 -0.0006 0.0003 0.0000 -0.0001 0.0001 0.0000 0.0000 0.0000 0.0000 0.0000 0.0000 0.0000 0.0007 0.0001 0.0000 -0.0011 0.0001 0.0000 -0.0008 0.0003 0.0000 0.0001 0.0000 0.0000 0.0000 0.0000 0.0000 -0.0009 0.0000 0.0000 0.0002 -29.9996 -0.0001 -0.0003 29.9996 0.0000 0.0000 0.0000 -5.0590 -5.8141 -173.3134 -0.1999 -21.8137 0.1211 -53.6047 75.6757 -38.9966 0.0000 25.3510 0.0000 -15.7667 -13.8292 165.9532 0.3068 -10.8043 -0.1116 -7.4964 54.9554 6.8634 0.0000 25.4607 -0.0001 
1.8580 85.8696 -14.3856 -2.4499 -1.9580 -7.5661 2.0593 -1.3320 -1.7345 2.0607 -1.3328 -1.7357 2.0655 -1.3358 -1.7398 40.8058 67.8726 -68.4622 43.6246 46.7514 122.5058 6.3974 -6.7278 41.4108 -0.6897 2.4312 -4.3997 0.0000 0.0000 0.0001 0.0000 0.0000 0.0000 0.0000 -0.0013 -0.0008 0.0000 -0.0004 0.0001 0.0000 0.0000 0.0000 0.0000 0.0000 0.0000 0.0000 0.0002 0.0000 0.0000 -0.0006 0.0003 0.0000 0.0004 -0.0006 0.0000 0.0000 0.0001 0.0000 0.0000 0.0000 0.0000 -0.0010 -0.0002 0.0000 0.0003 30.0001 -0.0001 0.0005 -29.9998 0.0000 0.0000 0.0000 -0.2716 9.3387 2.6292 -0.2716 9.3387 2.6292 -103.6969 67.8427 -2.6838 -13.2138 63.8246 -102.7447 11.0009 1.4346 -63.8675 0.5037 0.6047 6.2941 0.0000 -0.0001 0.0001 0.0000 0.0000 0.0000 0.0000 -0.0006 0.0003 0.0000 -0.0001 0.0001 0.0000 0.0000 0.0000 0.0000 0.0000 0.0000 0.0000 0.0007 0.0001 0.0000 -0.0012 0.0001 0.0000 -0.0008 0.0003 0.0000 0.0001 0.0000 0.0000 0.0000 0.0000 0.0000 -0.0009 0.0000 0.0000 0.0002 -29.9996 -0.0001 -0.0003 29.9996 0.0000 0.0000 0.0000 -4.9976 -5.9748 -173.3484 -0.2003 -22.0872 0.1217 -53.9281 75.7396 -39.3367 0.0000 25.3510 0.0000 -15.7295 -13.8946 165.9492 0.3118 -10.8764 -0.1123 -7.6401 54.9649 6.7661 0.0000 25.4610 -0.0001 
1.8739 85.8805 -14.4206 -2.5107 -1.9410 -7.4988 2.1062 -1.3050 -1.8067 2.1077 -1.3059 -1.8080 2.1125 -1.3088 -1.8122 41.1166 68.4703 -67.3934 45.5262 47.4426 122.9256 7.1472 -6.5369 41.2101 -0.6901 2.4163 -4.3384 0.0000 0.0000 0.0001 0.0000 0.0000 0.0000 0.0000 -0.0013 -0.0008 0.0000 -0.0004 0.0001 0.0000 0.0000 0.0000 0.0000 0.0000 0.0000 0.0000 0.0003 0.0000 0.0000 -0.0006 0.0003 0.0000 0.0004 -0.0006 0.0000 0.0000 0.0001 0.0000 0.0000 0.0000 0.0000 -0.0010 -0.0002 0.0000 0.0002 30.0001 -0.0001 0.0005 -29.9998 0.0000 0.0000 0.0000 -0.2878 9.2919 2.7141 -0.2878 9.2919 2.7141 -103.5502 67.8840 -2.9430 -17.1569 64.5834 -104.9982 9.9962 1.4687 -64.3601 0.4996 0.5912 6.2261 0.0000 0.0000 0.0001 0.0000 0.0000 0.0000 0.0000 -0.0006 0.0003 0.0000 -0.0001 0.0001 0.0000 0.0000 0.0000 0.0000 0.0000 0.0000 0.0000 0.0007 0.0001 0.0000 -0.0012 0.0001 0.0000 -0.0008 0.0003 0.0000 0.0001 0.0000 0.0000 0.0000 0.0000 0.0000 -0.0009 0.0000 0.0000 0.0002 -29.9996 -0.0001 -0.0003 29.9996 0.0000 0.0000 0.0000 -4.9386 -6.1510 -173.4062 -0.2014 -22.3585 0.1224 -54.2366 75.8104 -39.6658 0.0000 25.3510 0.0000 -15.6852 -13.9916 165.9250 0.3164 -10.9542 -0.1130 -7.7698 54.9647 6.6763 0.0000 25.4611 -0.0001 
1.8949 85.8899 -14.4652 -2.5744 -1.8945 -7.3998 2.1526 -1.2824 -1.8903 2.1543 -1.2833 -1.8917 2.1592 -1.2861 -1.8960 41.3780 69.0337 -66.4535 47.4275 48.0888 123.2001 7.8647 -6.2259 41.1015 -0.7000 2.4092 -4.2858 0.0000 0.0000 0.0001 0.0000 0.0000 0.0000 0.0000 -0.0013 -0.0008 0.0000 -0.0004 0.0001 0.0000 0.0000 0.0000 0.0000 0.0000 0.0000 0.0000 0.0002 0.0000 0.0000 -0.0006 0.0003 0.0000 0.0004 -0.0006 0.0000 0.0000 0.0001 0.0000 0.0000 0.0000 0.0000 -0.0010 -0.0002 0.0000 0.0002 30.0001 -0.0001 0.0005 -29.9998 0.0000 0.0000 0.0000 -0.2968 9.2149 2.7903 -0.2968 9.2149 2.7903 -103.2887 67.9758 -3.0767 -21.3400 65.1579 -107.3016 9.0383 1.5113 -64.8805 0.5012 0.5851 6.1620 0.0000 -0.0001 0.0001 0.0000 0.0000 0.0000 0.0000 -0.0006 0.0003 0.0000 -0.0001 0.0001 0.0000 0.0000 0.0000 0.0000 0.0000 0.0000 0.0000 0.0007 0.0001 0.0000 -0.0011 0.0001 0.0000 -0.0008 0.0003 0.0000 0.0001 0.0000 0.0000 0.0000 0.0000 0.0000 -0.0008 0.0000 0.0000 0.0002 -29.9997 -0.0001 -0.0003 29.9996 0.0000 0.0000 0.0000 -4.8821 -6.3652 -173.4976 -0.2026 -22.6264 0.1231 -54.5055 75.8821 -39.9478 0.0000 25.3510 0.0000 -15.6353 -14.1311 165.8756 0.3197 -11.0224 -0.1134 -7.8960 54.9497 6.5886 0.0000 25.4614 -0.0001 
1.9146 85.9010 -14.5172 -2.6617 -1.8298 -7.2792 2.2092 -1.2561 -1.9828 2.2110 -1.2570 -1.9844 2.2159 -1.2597 -1.9889 41.5533 69.6049 -65.6897 49.1513 48.6087 123.2718 8.5112 -5.8414 41.0293 -0.7174 2.4128 -4.2397 0.0000 0.0000 0.0001 0.0000 0.0000 0.0000 0.0000 -0.0013 -0.0008 0.0000 -0.0004 0.0001 0.0000 0.0000 0.0000 0.0000 0.0000 0.0000 0.0000 0.0002 0.0000 0.0000 -0.0006 0.0003 0.0000 0.0004 -0.0006 0.0000 0.0000 0.0001 0.0000 0.0000 0.0000 0.0000 -0.0010 -0.0002 0.0000 0.0002 30.0001 -0.0001 0.0005 -29.9998 0.0000 0.0000 0.0000 -0.3095 9.1037 2.8609 -0.3095 9.1037 2.8609 -102.9071 68.1070 -3.0244 -25.7762 65.6297 -109.7571 8.0507 1.5815 -65.3764 0.5060 0.5809 6.1023 0.0000 -0.0001 0.0001 0.0000 0.0000 0.0000 0.0000 -0.0006 0.0003 0.0000 -0.0001 0.0001 0.0000 0.0000 0.0000 0.0000 0.0000 0.0000 0.0000 0.0007 0.0001 0.0000 -0.0012 0.0001 0.0000 -0.0008 0.0003 0.0000 0.0001 0.0000 0.0000 0.0000 0.0000 0.0000 -0.0009 0.0000 0.0000 0.0002 -29.9996 -0.0001 -0.0003 29.9996 0.0000 0.0000 0.0000 -4.8227 -6.6111 -173.6120 -0.2039 -22.8952 0.1239 -54.7641 75.9505 -40.1968 0.0000 25.3511 0.0000 -15.5885 -14.2912 165.8210 0.3234 -11.0856 -0.1140 -8.0576 54.9455 6.4789 0.0000 25.4621 -0.0001 
1.9311 85.9153 -14.5681 -2.7871 -1.7508 -7.1390 2.2791 -1.2268 -2.0814 2.2811 -1.2278 -2.0831 2.2861 -1.2303 -2.0877 41.6502 70.2021 -65.1173 50.7271 48.9924 123.1830 9.1036 -5.4346 41.0228 -0.7399 2.4246 -4.2001 0.0000 0.0000 0.0001 0.0000 0.0000 0.0000 0.0000 -0.0013 -0.0008 0.0000 -0.0004 0.0001 0.0000 0.0000 0.0000 0.0000 0.0000 0.0000 0.0000 0.0002 0.0000 0.0000 -0.0006 0.0003 0.0000 0.0004 -0.0006 0.0000 0.0000 0.0001 0.0000 0.0000 0.0000 0.0000 -0.0010 -0.0002 0.0000 0.0002 30.0001 -0.0001 0.0005 -29.9998 0.0000 0.0000 0.0000 -0.3287 8.9633 2.9239 -0.3287 8.9633 2.9239 -102.4820 68.2590 -2.8796 -30.4161 66.0151 -112.3586 7.0462 1.6960 -65.8544 0.5108 0.5723 6.0462 0.0000 -0.0001 0.0001 0.0000 0.0000 0.0000 0.0000 -0.0006 0.0003 0.0000 -0.0001 0.0001 0.0000 0.0000 0.0000 0.0000 0.0000 0.0000 0.0000 0.0007 0.0001 0.0000 -0.0012 0.0001 0.0000 -0.0008 0.0003 0.0000 0.0001 0.0000 0.0000 0.0000 0.0000 0.0000 -0.0008 0.0000 0.0000 0.0002 -29.9996 -0.0001 -0.0003 29.9996 0.0000 0.0000 0.0000 -4.7466 -6.8802 -173.7478 -0.2066 -23.1720 0.1250 -55.0544 76.0213 -40.4554 0.0000 25.3510 0.0000 -15.5361 -14.4617 165.7659 0.3281 -11.1385 -0.1146 -8.2595 54.9567 6.3436 0.0000 25.4632 -0.0001 
1.9445 85.9327 -14.6112 -2.9600 -1.6604 -6.9808 2.3693 -1.1960 -2.1849 2.3714 -1.1970 -2.1869 2.3765 -1.1994 -2.1915 41.6487 70.8587 -64.7706 52.1421 49.1982 122.9409 9.6880 -5.1040 41.1096 -0.7652 2.4474 -4.1630 0.0000 0.0000 0.0001 0.0000 0.0000 0.0000 0.0000 -0.0013 -0.0008 0.0000 -0.0004 0.0001 0.0000 0.0000 0.0000 0.0000 0.0000 0.0000 0.0000 0.0003 -0.0001 0.0000 -0.0006 0.0003 0.0000 0.0004 -0.0006 0.0000 0.0000 0.0001 0.0000 0.0000 0.0000 0.0000 -0.0010 -0.0002 0.0000 0.0003 30.0001 -0.0001 0.0005 -29.9998 0.0000 0.0000 0.0000 -0.3622 8.7959 2.9784 -0.3622 8.7959 2.9785 -102.1410 68.4526 -2.7659 -35.2149 66.2739 -115.0618 6.0739 1.8534 -66.3304 0.5139 0.5567 5.9951 0.0000 -0.0001 0.0001 0.0000 0.0000 0.0000 0.0000 -0.0006 0.0003 0.0000 -0.0001 0.0001 0.0000 0.0000 0.0000 0.0000 0.0000 0.0000 0.0000 0.0007 0.0001 0.0000 -0.0011 0.0001 0.0000 -0.0008 0.0003 0.0000 0.0001 0.0000 0.0000 0.0000 0.0000 0.0000 -0.0009 0.0000 0.0000 0.0002 -29.9997 -0.0001 -0.0003 29.9995 0.0000 0.0000 0.0000 -4.6461 -7.1567 -173.9034 -0.2107 -23.4424 0.1263 -55.3802 76.0924 -40.7257 0.0000 25.3510 0.0000 -15.4839 -14.6441 165.7093 0.3335 -11.1969 -0.1153 -8.5133 55.0006 6.1826 0.0000 25.4649 -0.0001 
1.9594 85.9492 -14.6485 -3.1583 -1.5658 -6.8109 2.4781 -1.1619 -2.2915 2.4805 -1.1629 -2.2937 2.4856 -1.1652 -2.2985 41.5954 71.5776 -64.5439 53.4064 49.3143 122.6598 10.3144 -4.8132 41.1569 -0.7896 2.4743 -4.1233 0.0000 0.0000 0.0001 0.0000 0.0000 0.0000 0.0000 -0.0013 -0.0008 0.0000 -0.0004 0.0001 0.0000 0.0000 0.0000 0.0000 0.0000 0.0000 0.0000 0.0002 0.0000 0.0000 -0.0006 0.0003 0.0000 0.0004 -0.0006 0.0000 0.0000 0.0001 0.0000 0.0000 0.0000 0.0000 -0.0010 -0.0002 0.0000 0.0002 30.0001 -0.0002 0.0005 -29.9998 0.0000 0.0000 0.0000 -0.4135 8.6157 3.0290 -0.4135 8.6157 3.0291 -101.8951 68.7045 -2.6659 -40.2642 66.3492 -117.9804 5.0863 1.8975 -66.7436 0.5121 0.5470 5.9417 0.0000 -0.0001 0.0001 0.0000 0.0000 0.0000 0.0000 -0.0006 0.0003 0.0000 -0.0001 0.0001 0.0000 0.0000 0.0000 0.0000 0.0000 0.0000 0.0000 0.0007 0.0001 0.0000 -0.0011 0.0001 0.0000 -0.0008 0.0003 0.0000 0.0001 0.0000 0.0000 0.0000 0.0000 0.0000 -0.0009 0.0000 0.0000 0.0002 -29.9997 -0.0001 -0.0003 29.9996 0.0000 0.0000 0.0000 -4.5337 -7.4270 -174.0698 -0.2146 -23.7052 0.1276 -55.7555 76.1615 -41.0304 0.0000 25.3510 0.0000 -15.4382 -14.8383 165.6406 0.3376 -11.2441 -0.1158 -8.7889 55.0467 6.0238 0.0000 25.4671 -0.0001 
1.9769 85.9635 -14.6874 -3.3712 -1.4704 -6.6318 2.5995 -1.1209 -2.3996 2.6022 -1.1220 -2.4021 2.6074 -1.1241 -2.4068 41.5724 72.3149 -64.3537 54.7065 49.4527 122.4525 11.0395 -4.5420 41.1817 -0.8120 2.5003 -4.0834 0.0000 0.0000 0.0001 0.0000 0.0000 0.0000 0.0000 -0.0013 -0.0008 0.0000 -0.0004 0.0001 0.0000 0.0000 0.0000 0.0000 0.0000 0.0000 0.0000 0.0003 0.0000 0.0000 -0.0007 0.0003 0.0000 0.0004 -0.0006 0.0000 0.0000 0.0001 0.0000 0.0000 0.0000 0.0000 -0.0010 -0.0002 0.0000 0.0002 30.0001 -0.0001 0.0005 -29.9998 0.0000 0.0000 0.0000 -0.4786 8.4213 3.0764 -0.4786 8.4213 3.0764 -101.7016 69.0105 -2.5423 -45.3984 66.2383 -120.9470 4.0637 1.8407 -67.0631 0.5083 0.5462 5.8835 0.0000 -0.0001 0.0001 0.0000 0.0000 0.0000 0.0000 -0.0006 0.0003 0.0000 -0.0001 0.0001 0.0000 0.0000 0.0000 0.0000 0.0000 0.0000 0.0000 0.0007 0.0001 0.0000 -0.0012 0.0001 0.0000 -0.0008 0.0003 0.0000 0.0001 0.0000 0.0000 0.0000 0.0000 0.0000 -0.0009 0.0000 0.0000 0.0002 -29.9996 -0.0001 -0.0003 29.9996 0.0000 0.0000 0.0000 -4.4143 -7.6878 -174.2440 -0.2183 -23.9501 0.1289 -56.1382 76.2230 -41.3330 0.0000 25.3510 0.0000 -15.3946 -15.0529 165.5579 0.3413 -11.2973 -0.1163 -9.0741 55.0950 5.8728 0.0000 25.4695 -0.0001 
1.9969 85.9764 -14.7309 -3.5954 -1.3800 -6.4426 2.7319 -1.0668 -2.5022 2.7350 -1.0679 -2.5050 2.7402 -1.0698 -2.5098 41.5737 73.0517 -64.2091 56.1489 49.6943 122.4120 11.8698 -4.2271 41.2762 -0.8313 2.5109 -4.0484 0.0000 0.0000 0.0001 0.0000 0.0000 0.0000 0.0000 -0.0013 -0.0008 0.0000 -0.0004 0.0001 0.0000 0.0000 0.0000 0.0000 0.0000 0.0000 0.0000 0.0002 0.0000 0.0000 -0.0006 0.0003 0.0000 0.0004 -0.0006 0.0000 0.0000 0.0001 0.0000 0.0000 0.0000 0.0000 -0.0010 -0.0002 0.0000 0.0002 30.0001 -0.0001 0.0005 -29.9998 0.0000 0.0000 0.0000 -0.5578 8.2063 3.1140 -0.5578 8.2063 3.1140 -101.6422 69.4041 -2.4823 -50.3606 66.0068 -123.7481 2.9327 1.7829 -67.2148 0.5081 0.5529 5.8173 0.0000 -0.0001 0.0001 0.0000 0.0000 0.0000 0.0000 -0.0006 0.0003 0.0000 -0.0001 0.0001 0.0000 0.0000 0.0000 0.0000 0.0000 0.0000 0.0000 0.0007 0.0001 0.0000 -0.0011 0.0001 0.0000 -0.0008 0.0003 0.0000 0.0001 0.0000 0.0000 0.0000 0.0000 0.0000 -0.0009 0.0000 0.0000 0.0002 -29.9996 -0.0001 -0.0003 29.9996 0.0000 0.0000 0.0000 -4.2826 -7.9402 -174.4248 -0.2215 -24.1836 0.1301 -56.5232 76.2762 -41.6376 0.0000 25.3510 0.0000 -15.3459 -15.2818 165.4587 0.3454 -11.3530 -0.1169 -9.3490 55.1377 5.7416 0.0000 25.4718 -0.0001 
2.0185 85.9898 -14.7734 -3.7995 -1.3072 -6.2557 2.8605 -1.0034 -2.5944 2.8640 -1.0045 -2.5975 2.8692 -1.0062 -2.6022 41.7221 73.8195 -63.9805 57.6884 49.9911 122.4727 12.7461 -3.8806 41.4430 -0.8487 2.5099 -4.0168 0.0000 0.0000 0.0001 0.0000 0.0000 0.0000 0.0000 -0.0013 -0.0008 0.0000 -0.0004 0.0001 0.0000 0.0000 0.0000 0.0000 0.0000 0.0000 0.0000 0.0002 0.0000 0.0000 -0.0006 0.0003 0.0000 0.0004 -0.0006 0.0000 0.0000 0.0001 0.0000 0.0000 0.0000 0.0000 -0.0010 -0.0002 0.0000 0.0003 30.0001 -0.0001 0.0005 -29.9998 0.0000 0.0000 0.0000 -0.6425 7.9888 3.1422 -0.6425 7.9888 3.1422 -101.6581 69.8682 -2.4718 -55.0500 65.7210 -126.2579 1.7324 1.7758 -67.2768 0.5098 0.5583 5.7480 0.0000 -0.0001 0.0001 0.0000 0.0000 0.0000 0.0000 -0.0006 0.0003 0.0000 -0.0001 0.0001 0.0000 0.0000 0.0000 0.0000 0.0000 0.0000 0.0000 0.0007 0.0001 0.0000 -0.0012 0.0001 0.0000 -0.0008 0.0003 0.0000 0.0001 0.0000 0.0000 0.0000 0.0000 0.0000 -0.0009 0.0000 0.0000 0.0002 -29.9996 -0.0001 -0.0003 29.9996 0.0000 0.0000 0.0000 -4.1570 -8.1695 -174.6041 -0.2239 -24.4075 0.1310 -56.8888 76.3265 -41.9335 0.0000 25.3510 0.0000 -15.3070 -15.4926 165.3521 0.3502 -11.4258 -0.1176 -9.6019 55.1923 5.6258 0.0000 25.4736 -0.0001 
2.0426 86.0039 -14.8116 -3.9817 -1.2460 -6.0726 2.9847 -0.9340 -2.6763 2.9886 -0.9351 -2.6798 2.9938 -0.9366 -2.6844 41.8217 74.5880 -63.8497 59.2374 50.2754 122.5336 13.6488 -3.4942 41.5584 -0.8650 2.5056 -3.9836 0.0000 0.0000 0.0001 0.0000 0.0000 0.0000 0.0000 -0.0013 -0.0008 0.0000 -0.0004 0.0001 0.0000 0.0000 0.0000 0.0000 0.0000 0.0000 0.0000 0.0002 0.0000 0.0000 -0.0006 0.0003 0.0000 0.0004 -0.0006 0.0000 0.0000 0.0001 0.0000 0.0000 0.0000 0.0000 -0.0010 -0.0002 0.0000 0.0002 30.0001 -0.0001 0.0005 -29.9998 0.0000 0.0000 0.0000 -0.7319 7.7727 3.1605 -0.7319 7.7727 3.1605 -101.7076 70.3766 -2.4615 -59.5890 65.4099 -128.5784 0.4361 1.7795 -67.2465 0.5124 0.5652 5.6737 0.0000 -0.0001 0.0001 0.0000 0.0000 0.0000 0.0000 -0.0006 0.0003 0.0000 -0.0001 0.0001 0.0000 0.0000 0.0000 0.0000 0.0000 0.0000 0.0000 0.0007 0.0001 0.0000 -0.0011 0.0001 0.0000 -0.0008 0.0003 0.0000 0.0001 0.0000 0.0000 0.0000 0.0000 0.0000 -0.0009 0.0000 0.0000 0.0002 -29.9996 -0.0001 -0.0003 29.9996 0.0000 0.0000 0.0000 -4.0386 -8.3796 -174.7821 -0.2265 -24.6272 0.1320 -57.2537 76.3814 -42.2404 0.0000 25.3510 0.0000 -15.2766 -15.6840 165.2423 0.3551 -11.5020 -0.1183 -9.8320 55.2510 5.5217 0.0000 25.4749 -0.0001 
2.0709 86.0182 -14.8430 -4.1310 -1.1962 -5.9035 3.1034 -0.8602 -2.7425 3.1077 -0.8612 -2.7462 3.1128 -0.8625 -2.7508 42.0846 75.3788 -63.5812 60.7445 50.5381 122.5916 14.5698 -3.1575 41.5402 -0.8787 2.5080 -3.9447 0.0000 0.0000 0.0001 0.0000 0.0000 0.0000 0.0000 -0.0013 -0.0008 0.0000 -0.0004 0.0001 0.0000 0.0000 0.0000 0.0000 0.0000 0.0000 0.0000 0.0002 0.0000 0.0000 -0.0006 0.0003 0.0000 0.0004 -0.0006 0.0000 0.0000 0.0001 0.0000 0.0000 0.0000 0.0000 -0.0010 -0.0002 0.0000 0.0002 30.0001 -0.0001 0.0005 -29.9998 0.0000 0.0000 0.0000 -0.8271 7.5635 3.1639 -0.8271 7.5635 3.1639 -101.7835 70.9105 -2.4423 -64.0415 65.1703 -130.7552 -1.0777 1.7698 -67.0461 0.5216 0.5856 5.5908 0.0000 -0.0001 0.0001 0.0000 0.0000 0.0000 0.0000 -0.0006 0.0003 0.0000 -0.0001 0.0001 0.0000 0.0000 0.0000 0.0000 0.0000 0.0000 0.0000 0.0007 0.0001 0.0000 -0.0011 0.0001 0.0000 -0.0008 0.0003 0.0000 0.0001 0.0000 0.0000 0.0000 0.0000 0.0000 -0.0009 0.0000 0.0000 0.0002 -29.9996 -0.0001 -0.0003 29.9996 0.0000 0.0000 0.0000 -3.9261 -8.5601 -174.9501 -0.2298 -24.8356 0.1332 -57.6106 76.4488 -42.5627 0.0000 25.3510 0.0000 -15.2482 -15.8541 165.1373 0.3601 -11.5747 -0.1191 -10.0236 55.3021 5.4270 0.0000 25.4760 -0.0001 
2.1009 86.0314 -14.8740 -4.2445 -1.1486 -5.7454 3.2147 -0.7875 -2.8020 3.2193 -0.7884 -2.8061 3.2244 -0.7896 -2.8105 42.6397 76.1714 -63.0339 62.1869 50.7598 122.7033 15.4655 -2.9054 41.3920 -0.8876 2.5146 -3.8998 0.0000 0.0000 0.0001 0.0000 0.0000 0.0000 0.0000 -0.0013 -0.0008 0.0000 -0.0004 0.0001 0.0000 0.0000 0.0000 0.0000 0.0000 0.0000 0.0000 0.0002 -0.0001 0.0000 -0.0006 0.0003 0.0000 0.0004 -0.0006 0.0000 0.0000 0.0001 0.0000 0.0000 0.0000 0.0000 -0.0010 -0.0002 0.0000 0.0002 30.0001 -0.0001 0.0005 -29.9998 0.0000 0.0000 0.0000 -0.9212 7.3684 3.1612 -0.9212 7.3684 3.1612 -101.8161 71.4429 -2.3612 -68.4527 65.0675 -132.8492 -2.8116 1.8533 -66.6569 0.5385 0.6109 5.4990 0.0000 -0.0001 0.0001 0.0000 0.0000 0.0000 0.0000 -0.0006 0.0003 0.0000 -0.0001 0.0001 0.0000 0.0000 0.0000 0.0000 0.0000 0.0000 0.0000 0.0007 0.0001 0.0000 -0.0012 0.0001 0.0000 -0.0008 0.0003 0.0000 0.0001 0.0000 0.0000 0.0000 0.0000 0.0000 -0.0009 0.0000 0.0000 0.0002 -29.9996 -0.0001 -0.0003 29.9996 0.0000 0.0000 0.0000 -3.8305 -8.7254 -175.1088 -0.2325 -25.0309 0.1342 -57.9434 76.5222 -42.8761 0.0000 25.3510 0.0000 -15.2234 -16.0191 165.0367 0.3647 -11.6427 -0.1198 -10.1871 55.3350 5.3336 0.0000 25.4773 -0.0001 
2.1298 86.0437 -14.9084 -4.3211 -1.1009 -5.5922 3.3171 -0.7166 -2.8604 3.3221 -0.7175 -2.8648 3.3271 -0.7185 -2.8691 43.1179 76.9486 -62.5737 63.5908 50.9235 122.7279 16.3644 -2.7491 41.1757 -0.8939 2.5284 -3.8486 0.0000 0.0000 0.0001 0.0000 0.0000 0.0000 0.0000 -0.0013 -0.0008 0.0000 -0.0004 0.0001 0.0000 0.0000 0.0000 0.0000 0.0000 0.0000 0.0000 0.0003 0.0000 0.0000 -0.0006 0.0003 0.0000 0.0004 -0.0006 0.0000 0.0000 0.0001 0.0000 0.0000 0.0000 0.0000 -0.0010 -0.0002 0.0000 0.0002 30.0001 -0.0001 0.0005 -29.9998 0.0000 0.0000 0.0000 -1.0124 7.1909 3.1570 -1.0124 7.1909 3.1570 -101.7264 71.9648 -2.1415 -72.8797 65.0431 -134.9053 -4.6407 1.9853 -66.1585 0.5559 0.6350 5.4035 0.0000 -0.0001 0.0001 0.0000 0.0000 0.0000 0.0000 -0.0006 0.0003 0.0000 -0.0001 0.0001 0.0000 0.0000 0.0000 0.0000 0.0000 0.0000 0.0000 0.0007 0.0001 0.0000 -0.0011 0.0001 0.0000 -0.0008 0.0003 0.0000 0.0001 0.0000 0.0000 0.0000 0.0000 0.0000 -0.0008 0.0000 0.0000 0.0002 -29.9996 -0.0001 -0.0003 29.9996 0.0000 0.0000 0.0000 -3.7621 -8.8850 -175.2632 -0.2341 -25.2155 0.1350 -58.2463 76.5960 -43.1652 0.0000 25.3510 0.0000 -15.2064 -16.1832 164.9381 0.3693 -11.7155 -0.1205 -10.3363 55.3569 5.2299 0.0000 25.4788 -0.0001 
2.1564 86.0565 -14.9537 -4.3422 -1.0545 -5.4453 3.4112 -0.6446 -2.9210 3.4166 -0.6454 -2.9256 3.4215 -0.6462 -2.9298 43.1587 77.7035 -62.5181 64.7203 51.0244 122.4549 17.1906 -2.5488 40.8220 -0.9020 2.5514 -3.7927 0.0000 0.0000 0.0001 0.0000 0.0000 0.0000 0.0000 -0.0013 -0.0008 0.0000 -0.0004 0.0001 0.0000 0.0000 0.0000 0.0000 0.0000 0.0000 0.0000 0.0002 0.0000 0.0000 -0.0006 0.0003 0.0000 0.0004 -0.0006 0.0000 0.0000 0.0001 0.0000 0.0000 0.0000 0.0000 -0.0010 -0.0002 0.0000 0.0002 30.0001 -0.0001 0.0005 -29.9998 0.0000 0.0000 0.0000 -1.0977 7.0379 3.1543 -1.0977 7.0379 3.1543 -101.4575 72.4608 -1.7011 -77.2241 65.0581 -136.7919 -6.4319 2.2011 -65.6103 0.5746 0.6544 5.3115 0.0000 -0.0001 0.0001 0.0000 0.0000 0.0000 0.0000 -0.0006 0.0003 0.0000 -0.0001 0.0001 0.0000 0.0000 0.0000 0.0000 0.0000 0.0000 0.0000 0.0007 0.0001 0.0000 -0.0011 0.0001 0.0000 -0.0008 0.0003 0.0000 0.0001 0.0000 0.0000 0.0000 0.0000 0.0000 -0.0008 0.0000 0.0000 0.0002 -29.9996 -0.0001 -0.0003 29.9996 0.0000 0.0000 0.0000 -3.7415 -9.0454 -175.4121 -0.2358 -25.3895 0.1357 -58.4841 76.6653 -43.3929 0.0000 25.3510 0.0000 -15.2018 -16.3444 164.8456 0.3757 -11.8116 -0.1214 -10.4849 55.3801 5.0921 0.0000 25.4809 -0.0001 
2.1800 86.0701 -15.0116 -4.3302 -1.0059 -5.3159 3.5047 -0.5704 -2.9803 3.5105 -0.5711 -2.9852 3.5153 -0.5718 -2.9893 43.4366 78.4600 -62.1728 65.7579 51.2217 122.1120 17.9651 -2.2504 40.4172 -0.9106 2.5713 -3.7374 0.0000 0.0000 0.0001 0.0000 0.0000 0.0000 0.0000 -0.0013 -0.0008 0.0000 -0.0004 0.0001 0.0000 0.0000 0.0000 0.0000 0.0000 0.0000 0.0000 0.0003 0.0000 0.0000 -0.0006 0.0003 0.0000 0.0004 -0.0006 0.0000 0.0000 0.0001 0.0000 0.0000 0.0000 0.0000 -0.0010 -0.0002 0.0000 0.0003 30.0001 -0.0001 0.0005 -29.9998 0.0000 0.0000 0.0000 -1.1863 6.8975 3.1557 -1.1863 6.8975 3.1557 -101.0784 72.9301 -1.0701 -81.4276 64.9600 -138.4718 -8.1284 2.4098 -64.9959 0.5911 0.6738 5.2155 0.0000 -0.0001 0.0001 0.0000 0.0000 0.0000 0.0000 -0.0006 0.0003 0.0000 -0.0001 0.0001 0.0000 0.0000 0.0000 0.0000 0.0000 0.0000 0.0000 0.0007 0.0001 0.0000 -0.0012 0.0001 0.0000 -0.0008 0.0003 0.0000 0.0001 0.0000 0.0000 0.0000 0.0000 0.0000 -0.0009 0.0000 0.0000 0.0002 -29.9996 -0.0001 -0.0003 29.9996 0.0000 0.0000 0.0000 -3.7470 -9.2146 -175.5420 -0.2381 -25.5609 0.1366 -58.6744 76.7288 -43.5823 0.0000 25.3510 0.0000 -15.1957 -16.5017 164.7696 0.3840 -11.9210 -0.1227 -10.6307 55.4014 4.9290 0.0000 25.4835 -0.0001 
2.2022 86.0824 -15.0799 -4.2953 -0.9493 -5.2051 3.5950 -0.4970 -3.0359 3.6012 -0.4977 -3.0411 3.6059 -0.4982 -3.0450 44.1632 79.2162 -61.3650 66.8417 51.5189 121.8657 18.7365 -1.9157 39.9733 -0.9169 2.5853 -3.6818 0.0000 0.0000 0.0001 0.0000 0.0000 0.0000 0.0000 -0.0013 -0.0008 0.0000 -0.0004 0.0001 0.0000 0.0000 0.0000 0.0000 0.0000 0.0000 0.0000 0.0002 0.0000 0.0000 -0.0006 0.0003 0.0000 0.0004 -0.0006 0.0000 0.0000 0.0001 0.0000 0.0000 0.0000 0.0000 -0.0010 -0.0002 0.0000 0.0002 30.0001 -0.0001 0.0005 -29.9998 0.0000 0.0000 0.0000 -1.2731 6.7648 3.1595 -1.2731 6.7648 3.1595 -100.8975 73.3852 -0.6250 -85.3059 64.8079 -139.8712 -9.7388 2.6175 -64.2955 0.6062 0.6943 5.1113 0.0000 -0.0001 0.0001 0.0000 0.0000 0.0000 0.0000 -0.0006 0.0003 0.0000 -0.0001 0.0001 0.0000 0.0000 0.0000 0.0000 0.0000 0.0000 0.0000 0.0007 0.0001 0.0000 -0.0012 0.0001 0.0000 -0.0008 0.0003 0.0000 0.0001 0.0000 0.0000 0.0000 0.0000 0.0000 -0.0009 0.0000 0.0000 0.0002 -29.9996 -0.0001 -0.0003 29.9996 0.0000 0.0000 0.0000 -3.7663 -9.3976 -175.6493 -0.2391 -25.7367 0.1372 -58.8479 76.7873 -43.7680 0.0000 25.3510 0.0000 -15.1849 -16.6541 164.7029 0.3913 -12.0159 -0.1237 -10.7509 55.4020 4.7697 0.0000 25.4865 -0.0001 
2.2287 86.0895 -15.1603 -4.2312 -0.8816 -5.1200 3.6768 -0.4213 -3.0866 3.6834 -0.4218 -3.0921 3.6879 -0.4222 -3.0959 44.5965 79.9384 -60.7999 67.9158 51.9194 121.5372 19.5360 -1.5880 39.5321 -0.9219 2.5981 -3.6263 0.0000 0.0000 0.0001 0.0000 0.0000 0.0000 0.0000 -0.0013 -0.0008 0.0000 -0.0004 0.0001 0.0000 0.0000 0.0000 0.0000 0.0000 0.0000 0.0000 0.0003 -0.0001 0.0000 -0.0006 0.0003 0.0000 0.0004 -0.0006 0.0000 0.0000 0.0001 0.0000 0.0000 0.0000 0.0000 -0.0010 -0.0002 0.0000 0.0002 30.0001 -0.0002 0.0005 -29.9998 0.0000 0.0000 0.0000 -1.3555 6.6318 3.1734 -1.3555 6.6318 3.1734 -101.3408 73.8836 -0.8583 -88.5064 64.7153 -140.7849 -11.2075 2.8946 -63.5516 0.6224 0.7124 5.0049 0.0000 -0.0001 0.0001 0.0000 0.0000 0.0000 0.0000 -0.0006 0.0003 0.0000 -0.0001 0.0001 0.0000 0.0000 0.0000 0.0000 0.0000 0.0000 0.0000 0.0007 0.0001 0.0000 -0.0012 0.0001 0.0000 -0.0008 0.0003 0.0000 0.0001 0.0000 0.0000 0.0000 0.0000 0.0000 -0.0008 0.0000 0.0000 0.0002 -29.9996 -0.0001 -0.0003 29.9996 0.0000 0.0000 0.0000 -3.7961 -9.5999 -175.7259 -0.2381 -25.9278 0.1374 -59.0244 76.8440 -43.9814 0.0000 25.3510 0.0000 -15.1738 -16.7877 164.6370 0.3929 -12.0479 -0.1240 -10.8055 55.3466 4.6561 0.0000 25.4899 -0.0001 
2.2635 86.0929 -15.2453 -4.1484 -0.8198 -5.0594 3.7549 -0.3408 -3.1316 3.7618 -0.3411 -3.1374 3.7663 -0.3414 -3.1410 45.1407 80.6736 -60.0467 68.9209 52.4079 121.1488 20.3728 -1.3501 39.1578 -0.9256 2.6125 -3.5672 0.0000 0.0000 0.0001 0.0000 0.0000 0.0000 0.0000 -0.0013 -0.0008 0.0000 -0.0004 0.0001 0.0000 0.0000 0.0000 0.0000 0.0000 0.0000 0.0000 0.0002 0.0000 0.0000 -0.0006 0.0003 0.0000 0.0004 -0.0006 0.0000 0.0000 0.0001 0.0000 0.0000 0.0000 0.0000 -0.0010 -0.0002 0.0000 0.0002 30.0001 -0.0001 0.0005 -29.9998 0.0000 0.0000 0.0000 -1.4366 6.4981 3.1956 -1.4366 6.4981 3.1956 -102.5966 74.4394 -1.9782 -91.0591 64.7553 -141.2775 -12.5239 3.2653 -62.8180 0.6388 0.7240 4.9017 0.0000 -0.0001 0.0001 0.0000 0.0000 0.0000 0.0000 -0.0006 0.0003 0.0000 -0.0001 0.0001 0.0000 0.0000 0.0000 0.0000 0.0000 0.0000 0.0000 0.0007 0.0001 0.0000 -0.0012 0.0001 0.0000 -0.0008 0.0003 0.0000 0.0001 0.0000 0.0000 0.0000 0.0000 0.0000 -0.0009 0.0000 0.0000 0.0002 -29.9996 -0.0001 -0.0003 29.9996 0.0000 0.0000 0.0000 -3.8207 -9.8007 -175.7797 -0.2381 -26.1242 0.1378 -59.1639 76.9018 -44.1855 0.0000 25.3510 0.0000 -15.1663 -16.8940 164.5747 0.3912 -12.0452 -0.1238 -10.8233 55.2622 4.5741 0.0000 25.4934 -0.0001 
2.3027 86.0960 -15.3296 -4.0553 -0.7683 -5.0183 3.8321 -0.2568 -3.1731 3.8394 -0.2570 -3.1791 3.8437 -0.2572 -3.1826 46.9262 81.4369 -58.0192 69.9516 53.0264 120.9039 21.3174 -1.1757 38.8467 -0.9289 2.6286 -3.5018 0.0000 0.0000 0.0001 0.0000 0.0000 0.0000 0.0000 -0.0013 -0.0008 0.0000 -0.0004 0.0001 0.0000 0.0000 0.0000 0.0000 0.0000 0.0000 0.0000 0.0002 -0.0001 0.0000 -0.0006 0.0003 0.0000 0.0004 -0.0006 0.0000 0.0000 0.0001 0.0000 0.0000 0.0000 0.0000 -0.0010 -0.0002 0.0000 0.0002 30.0001 -0.0001 0.0005 -29.9998 0.0000 0.0000 0.0000 -1.5162 6.3642 3.2245 -1.5162 6.3642 3.2245 -104.7105 75.0516 -4.0083 -93.1699 64.9009 -141.5289 -13.7938 3.6451 -62.0392 0.6540 0.7362 4.7945 0.0000 -0.0001 0.0001 0.0000 0.0000 0.0000 0.0000 -0.0006 0.0003 0.0000 -0.0001 0.0001 0.0000 0.0000 0.0000 0.0000 0.0000 0.0000 0.0000 0.0007 0.0001 0.0000 -0.0012 0.0001 0.0000 -0.0008 0.0003 0.0000 0.0001 0.0000 0.0000 0.0000 0.0000 0.0000 -0.0009 0.0000 0.0000 0.0002 -29.9996 -0.0001 -0.0003 29.9996 0.0000 0.0000 0.0000 -3.8342 -9.9933 -175.8169 -0.2394 -26.3212 0.1385 -59.2640 76.9616 -44.3736 0.0000 25.3510 0.0000 -15.1617 -16.9758 164.5216 0.3896 -12.0346 -0.1236 -10.8327 55.1725 4.5000 0.0000 25.4969 -0.0001 
2.3417 86.1006 -15.4063 -3.9601 -0.7307 -4.9904 3.9079 -0.1660 -3.2101 3.9155 -0.1661 -3.2164 3.9196 -0.1661 -3.2198 50.2023 82.2004 -54.5134 71.0608 53.7417 120.8812 22.5103 -1.1397 38.5480 -0.9310 2.6544 -3.4225 0.0000 0.0000 0.0001 0.0000 0.0000 0.0000 0.0000 -0.0013 -0.0008 0.0000 -0.0004 0.0001 0.0000 0.0000 0.0000 0.0000 0.0000 0.0000 0.0000 0.0002 0.0000 0.0000 -0.0006 0.0003 0.0000 0.0004 -0.0006 0.0000 0.0000 0.0001 0.0000 0.0000 0.0000 0.0000 -0.0010 -0.0002 0.0000 0.0002 30.0001 -0.0001 0.0005 -29.9998 0.0000 0.0000 0.0000 -1.5838 6.2220 3.2558 -1.5838 6.2220 3.2558 -108.2673 75.7275 -7.5996 -94.7551 65.2529 -141.6039 -15.1319 3.9609 -61.1359 0.6703 0.7608 4.6788 0.0000 -0.0001 0.0001 0.0000 0.0000 0.0000 0.0000 -0.0006 0.0002 0.0000 -0.0001 0.0001 0.0000 0.0000 0.0000 0.0000 0.0000 0.0000 0.0000 0.0007 0.0001 0.0000 -0.0012 0.0001 0.0000 -0.0008 0.0003 0.0000 0.0001 0.0000 0.0000 0.0000 0.0000 0.0000 -0.0009 0.0000 0.0000 0.0002 -29.9996 -0.0001 -0.0002 29.9996 0.0000 0.0000 0.0000 -3.8325 -10.1739 -175.8432 -0.2401 -26.5170 0.1391 -59.3329 77.0202 -44.5478 0.0000 25.3510 0.0000 -15.1575 -17.0294 164.4750 0.3896 -12.0336 -0.1236 -10.8498 55.0991 4.4235 0.0000 25.5004 -0.0001 
2.3801 86.1052 -15.4763 -3.8668 -0.7090 -4.9621 3.9788 -0.0646 -3.2461 3.9869 -0.0644 -3.2526 3.9908 -0.0644 -3.2559 53.5205 82.8631 -50.9223 72.1329 54.4810 120.8000 23.8710 -1.2773 38.2110 -0.9324 2.6972 -3.3306 0.0000 0.0000 0.0001 0.0000 0.0000 0.0000 0.0000 -0.0013 -0.0008 0.0000 -0.0004 0.0001 0.0000 0.0000 0.0000 0.0000 0.0000 0.0000 0.0000 0.0003 0.0000 0.0000 -0.0006 0.0003 0.0000 0.0004 -0.0006 0.0000 0.0000 0.0001 0.0000 0.0000 0.0000 0.0000 -0.0010 -0.0002 0.0000 0.0002 30.0001 -0.0001 0.0005 -29.9998 0.0000 0.0000 0.0000 -1.6361 6.0632 3.2926 -1.6361 6.0632 3.2926 -113.0018 76.3873 -12.5019 -95.9088 65.8395 -141.5294 -16.4732 4.3015 -60.1912 0.6884 0.7896 4.5633 0.0000 -0.0001 0.0001 0.0000 0.0000 0.0000 0.0000 -0.0006 0.0002 0.0000 -0.0001 0.0001 0.0000 0.0000 0.0000 0.0000 0.0000 0.0000 0.0000 0.0007 0.0001 0.0000 -0.0011 0.0001 0.0000 -0.0008 0.0003 0.0000 0.0001 0.0000 0.0000 0.0000 0.0000 0.0000 -0.0008 0.0000 0.0000 0.0002 -29.9997 -0.0001 -0.0003 29.9996 0.0000 0.0000 0.0000 -3.8342 -10.3396 -175.8702 -0.2388 -26.7135 0.1393 -59.4164 77.0742 -44.7287 0.0000 25.3510 0.0000 -15.1565 -17.0583 164.4184 0.3886 -12.0327 -0.1235 -10.8676 55.0401 4.3564 0.0000 25.5039 -0.0001 
2.4212 86.1087 -15.5425 -3.7757 -0.7044 -4.9370 4.0449 0.0462 -3.2769 4.0533 0.0466 -3.2837 4.0570 0.0467 -3.2867 57.2382 83.4493 -46.8975 73.0999 55.2207 120.6341 25.3524 -1.5169 37.7907 -0.9344 2.7568 -3.2250 0.0000 0.0000 0.0001 0.0000 0.0000 0.0000 0.0000 -0.0013 -0.0008 0.0000 -0.0004 0.0001 0.0000 0.0000 0.0000 0.0000 0.0000 0.0000 0.0000 0.0002 0.0000 0.0000 -0.0006 0.0003 0.0000 0.0004 -0.0006 0.0000 0.0000 0.0001 0.0000 0.0000 0.0000 0.0000 -0.0010 -0.0002 0.0000 0.0002 30.0001 -0.0001 0.0005 -29.9998 0.0000 0.0000 0.0000 -1.6733 5.8895 3.3265 -1.6733 5.8895 3.3265 -118.5829 76.9366 -18.3410 -96.7576 66.5791 -141.3359 -17.7463 4.6947 -59.2565 0.7075 0.8180 4.4512 0.0000 -0.0001 0.0001 0.0000 0.0000 0.0000 0.0000 -0.0006 0.0003 0.0000 -0.0001 0.0001 0.0000 0.0000 0.0000 0.0000 0.0000 0.0000 0.0000 0.0007 0.0001 0.0000 -0.0012 0.0001 0.0000 -0.0008 0.0003 0.0000 0.0001 0.0000 0.0000 0.0000 0.0000 0.0000 -0.0009 0.0000 0.0000 0.0002 -29.9996 -0.0001 -0.0003 29.9996 0.0000 0.0000 0.0000 -3.8468 -10.4892 -175.8969 -0.2382 -26.9090 0.1396 -59.5066 77.1244 -44.9017 0.0000 25.3510 0.0000 -15.1591 -17.0619 164.3547 0.3862 -12.0270 -0.1232 -10.8788 54.9900 4.3026 0.0000 25.5073 -0.0001 
2.4656 86.1093 -15.6070 -3.6956 -0.7120 -4.9196 4.1053 0.1665 -3.2975 4.1140 0.1672 -3.3045 4.1176 0.1674 -3.3074 61.9595 83.9380 -41.8768 73.9067 55.9237 120.4083 26.9948 -1.8680 37.2577 -0.9381 2.8394 -3.1009 0.0000 0.0000 0.0001 0.0000 0.0000 0.0000 0.0000 -0.0013 -0.0008 0.0000 -0.0004 0.0001 0.0000 0.0000 0.0000 0.0000 0.0000 0.0000 0.0000 0.0002 -0.0001 0.0000 -0.0006 0.0003 0.0000 0.0004 -0.0006 0.0000 0.0000 0.0001 0.0000 0.0000 0.0000 0.0000 -0.0010 -0.0002 0.0000 0.0002 30.0001 -0.0001 0.0005 -29.9998 0.0000 0.0000 0.0000 -1.6905 5.6931 3.3415 -1.6905 5.6931 3.3415 -124.6339 77.3650 -24.7088 -97.1888 67.3999 -140.8904 -18.9339 5.0987 -58.3010 0.7292 0.8533 4.3419 0.0000 -0.0001 0.0001 0.0000 0.0000 0.0000 0.0000 -0.0006 0.0003 0.0000 -0.0001 0.0001 0.0000 0.0000 0.0000 0.0000 0.0000 0.0000 0.0000 0.0007 0.0001 0.0000 -0.0012 0.0001 0.0000 -0.0008 0.0003 0.0000 0.0001 0.0000 0.0000 0.0000 0.0000 0.0000 -0.0009 0.0000 0.0000 0.0002 -29.9997 -0.0001 -0.0003 29.9996 0.0000 0.0000 0.0000 -3.8657 -10.6279 -175.9194 -0.2398 -27.1022 0.1404 -59.5938 77.1721 -45.0547 0.0000 25.3510 0.0000 -15.1601 -17.0453 164.2971 0.3835 -12.0148 -0.1229 -10.8824 54.9471 4.2590 0.0000 25.5105 -0.0001 
2.5069 86.1094 -15.6682 -3.6256 -0.7148 -4.9072 4.1565 0.2867 -3.3091 4.1655 0.2876 -3.3163 4.1690 0.2880 -3.3191 67.2091 84.3592 -36.3503 74.5462 56.5505 120.0373 28.6836 -2.2802 36.5514 -0.9411 2.9392 -2.9620 0.0000 0.0000 0.0001 0.0000 0.0000 0.0000 0.0000 -0.0013 -0.0008 0.0000 -0.0004 0.0001 0.0000 0.0000 0.0000 0.0000 0.0000 0.0000 0.0000 0.0002 0.0000 0.0000 -0.0006 0.0003 0.0000 0.0004 -0.0006 0.0000 0.0000 0.0001 0.0000 0.0000 0.0000 0.0000 -0.0010 -0.0002 0.0000 0.0002 30.0001 -0.0001 0.0005 -29.9998 0.0000 0.0000 0.0000 -1.6911 5.4814 3.3336 -1.6911 5.4814 3.3336 -130.6188 77.6779 -31.0157 -97.2953 68.2039 -140.2169 -20.0817 5.4943 -57.2587 0.7538 0.9000 4.2294 0.0000 -0.0001 0.0001 0.0000 0.0000 0.0000 0.0000 -0.0006 0.0003 0.0000 -0.0001 0.0001 0.0000 0.0000 0.0000 0.0000 0.0000 0.0000 0.0000 0.0007 0.0001 0.0000 -0.0011 0.0001 0.0000 -0.0008 0.0003 0.0000 0.0001 0.0000 0.0000 0.0000 0.0000 0.0000 -0.0009 0.0000 0.0000 0.0002 -29.9996 -0.0001 -0.0003 29.9996 0.0000 0.0000 0.0000 -3.8818 -10.7697 -175.9356 -0.2410 -27.2976 0.1411 -59.7042 77.2198 -45.2251 0.0000 25.3510 0.0000 -15.1556 -17.0298 164.2542 0.3822 -12.0042 -0.1228 -10.8863 54.9109 4.2114 0.0000 25.5134 -0.0001 
2.5442 86.1088 -15.7258 -3.5625 -0.7098 -4.8982 4.1991 0.4038 -3.3139 4.2083 0.4050 -3.3212 4.2116 0.4054 -3.3238 72.2774 84.7140 -31.0009 75.0233 57.0825 119.4684 30.2777 -2.7785 35.7964 -0.9422 3.0454 -2.8181 0.0000 0.0000 0.0001 0.0000 0.0000 0.0000 0.0000 -0.0013 -0.0008 0.0000 -0.0004 0.0001 0.0000 0.0000 0.0000 0.0000 0.0000 0.0000 0.0000 0.0002 0.0000 0.0000 -0.0006 0.0003 0.0000 0.0004 -0.0006 0.0000 0.0000 0.0001 0.0000 0.0000 0.0000 0.0000 -0.0010 -0.0002 0.0000 0.0002 30.0001 -0.0001 0.0005 -29.9998 0.0000 0.0000 0.0000 -1.6815 5.2588 3.3087 -1.6815 5.2588 3.3087 -136.3097 77.8709 -37.0171 -97.0554 68.9756 -139.2908 -21.1549 5.9519 -56.1515 0.7820 0.9540 4.1171 0.0000 -0.0001 0.0001 0.0000 0.0000 0.0000 0.0000 -0.0006 0.0003 0.0000 -0.0001 0.0001 0.0000 0.0000 0.0000 0.0000 0.0000 0.0000 0.0000 0.0007 0.0001 0.0000 -0.0012 0.0001 0.0000 -0.0008 0.0003 0.0000 0.0001 0.0000 0.0000 0.0000 0.0000 0.0000 -0.0009 0.0000 0.0000 0.0002 -29.9996 -0.0001 -0.0003 29.9996 0.0000 0.0000 0.0000 -3.8975 -10.9154 -175.9456 -0.2412 -27.4966 0.1416 -59.8523 77.2682 -45.4290 0.0000 25.3510 0.0000 -15.1452 -17.0216 164.2227 0.3814 -11.9988 -0.1226 -10.8901 54.8788 4.1584 0.0000 25.5160 -0.0001 
2.5771 86.1078 -15.7824 -3.5106 -0.6940 -4.8885 4.2343 0.5147 -3.3119 4.2438 0.5161 -3.3193 4.2470 0.5166 -3.3218 77.1005 85.0234 -25.9024 75.2074 57.4740 118.6089 31.5649 -3.0816 34.8913 -0.9432 3.1499 -2.6761 0.0000 0.0000 0.0001 0.0000 0.0000 0.0000 0.0000 -0.0013 -0.0008 0.0000 -0.0004 0.0001 0.0000 0.0000 0.0000 0.0000 0.0000 0.0000 0.0000 0.0002 0.0000 0.0000 -0.0006 0.0003 0.0000 0.0004 -0.0006 0.0000 0.0000 0.0001 0.0000 0.0000 0.0000 0.0000 -0.0010 -0.0002 0.0000 0.0003 30.0001 -0.0001 0.0005 -29.9998 0.0000 0.0000 0.0000 -1.6685 5.0232 3.2631 -1.6685 5.0232 3.2631 -141.0990 77.8982 -42.0916 -96.5196 69.6538 -138.1124 -22.0820 6.4997 -55.0669 0.8149 1.0134 4.0080 0.0000 -0.0001 0.0001 0.0000 0.0000 0.0000 0.0000 -0.0006 0.0003 0.0000 -0.0001 0.0001 0.0000 0.0000 0.0000 0.0000 0.0000 0.0000 0.0000 0.0007 0.0001 0.0000 -0.0012 0.0001 0.0000 -0.0008 0.0003 0.0000 0.0001 0.0000 0.0000 0.0000 0.0000 0.0000 -0.0008 0.0000 0.0000 0.0002 -29.9996 -0.0001 -0.0003 29.9996 0.0000 0.0000 0.0000 -3.9157 -11.0691 -175.9534 -0.2409 -27.7008 0.1420 -60.0474 77.3154 -45.6689 0.0000 25.3510 0.0000 -15.1246 -17.0345 164.1985 0.3807 -12.0046 -0.1226 -10.8992 54.8474 4.0974 0.0000 25.5187 -0.0001 
2.6097 86.1056 -15.8431 -3.4775 -0.6702 -4.8723 4.2793 0.6256 -3.3122 4.2891 0.6274 -3.3197 4.2921 0.6279 -3.3220 81.8310 85.2987 -20.8952 75.3089 57.7112 117.6243 32.5661 -3.1856 33.9805 -0.9020 3.1097 -2.5150 0.0000 0.0000 0.0001 0.0000 0.0000 0.0000 0.0000 -0.0013 -0.0008 0.0000 -0.0004 0.0001 0.0000 0.0000 0.0000 0.0000 0.0000 0.0000 0.0000 0.0003 0.0000 0.0000 -0.0006 0.0003 0.0000 0.0004 -0.0006 0.0000 0.0000 0.0001 0.0000 0.0000 0.0000 0.0000 -0.0010 -0.0002 0.0000 0.0002 30.0001 -0.0002 0.0005 -29.9998 0.0000 0.0000 0.0000 -1.6714 4.7721 3.2070 -1.6714 4.7721 3.2070 -144.9408 77.8465 -46.1554 -95.9271 70.2250 -136.8235 -22.9068 7.0334 -53.9849 0.8486 1.0805 3.9017 0.0000 -0.0001 0.0001 0.0000 0.0000 0.0000 0.0000 -0.0006 0.0003 0.0000 -0.0001 0.0001 0.0000 0.0000 0.0000 0.0000 0.0000 0.0000 0.0000 0.0007 0.0001 0.0000 -0.0012 0.0001 0.0000 -0.0008 0.0003 0.0000 0.0001 0.0000 0.0000 0.0000 0.0000 0.0000 -0.0008 0.0000 0.0000 0.0002 -29.9996 -0.0001 -0.0003 29.9996 0.0000 0.0000 0.0000 -3.9269 -11.2345 -175.9682 -0.2419 -27.9060 0.1427 -60.2454 77.3595 -45.9008 0.0000 25.3510 0.0000 -15.0960 -17.0698 164.1757 0.3810 -12.0226 -0.1227 -10.9254 54.8155 4.0303 0.0000 25.5211 -0.0001 
2.6415 86.1013 -15.9074 -3.4675 -0.6393 -4.8519 4.3336 0.7323 -3.3129 4.3437 0.7344 -3.3206 4.3466 0.7350 -3.3228 86.6828 85.5550 -15.7616 75.4088 57.8976 116.5603 33.3722 -3.1439 33.1269 -0.8386 2.9767 -2.3499 0.0000 0.0000 0.0001 0.0000 0.0000 0.0000 0.0000 -0.0013 -0.0008 0.0000 -0.0004 0.0001 0.0000 0.0000 0.0000 0.0000 0.0000 0.0000 0.0000 0.0003 0.0000 0.0000 -0.0007 0.0003 0.0000 0.0004 -0.0006 0.0000 0.0000 0.0001 0.0000 0.0000 0.0000 0.0000 -0.0010 -0.0002 0.0000 0.0003 30.0001 -0.0001 0.0005 -29.9998 0.0000 0.0000 0.0000 -1.6861 4.5145 3.1409 -1.6861 4.5145 3.1409 -147.9200 77.7699 -49.2926 -95.4551 70.6904 -135.5690 -23.7071 7.4938 -52.8585 0.8809 1.1581 3.7936 0.0000 -0.0001 0.0001 0.0000 0.0000 0.0000 0.0000 -0.0006 0.0003 0.0000 -0.0001 0.0001 0.0000 0.0000 0.0000 0.0000 0.0000 0.0000 0.0000 0.0007 0.0001 0.0000 -0.0011 0.0001 0.0000 -0.0008 0.0003 0.0000 0.0001 0.0000 0.0000 0.0000 0.0000 0.0000 -0.0009 0.0000 0.0000 0.0002 -29.9997 -0.0001 -0.0003 29.9996 0.0000 0.0000 0.0000 -3.9262 -11.4113 -175.9876 -0.2437 -28.1105 0.1436 -60.4401 77.3987 -46.1192 0.0000 25.3510 0.0000 -15.0607 -17.1243 164.1580 0.3825 -12.0549 -0.1230 -10.9763 54.7903 3.9540 0.0000 25.5234 -0.0001 
2.6714 86.0950 -15.9669 -3.4984 -0.5979 -4.8285 4.3973 0.8360 -3.3081 4.4078 0.8383 -3.3160 4.4105 0.8389 -3.3180 90.7753 85.8195 -11.4054 75.5542 58.1387 115.4467 33.9995 -2.9141 32.4021 -0.7809 2.8311 -2.2057 0.0000 0.0000 0.0001 0.0000 0.0000 0.0000 0.0000 -0.0013 -0.0008 0.0000 -0.0004 0.0001 0.0000 0.0000 0.0000 0.0000 0.0000 0.0000 0.0000 0.0003 0.0000 0.0000 -0.0006 0.0003 0.0000 0.0004 -0.0006 0.0000 0.0000 0.0001 0.0000 0.0000 0.0000 0.0000 -0.0010 -0.0002 0.0000 0.0002 30.0001 -0.0001 0.0005 -29.9998 0.0000 0.0000 0.0000 -1.7087 4.2412 3.0585 -1.7087 4.2412 3.0585 -149.7650 77.6703 -51.2128 -95.3438 71.0349 -134.5798 -24.5545 7.8572 -51.6501 0.9118 1.2497 3.6798 0.0000 -0.0001 0.0001 0.0000 0.0000 0.0000 0.0000 -0.0006 0.0003 0.0000 -0.0001 0.0001 0.0000 0.0000 0.0000 0.0000 0.0000 0.0000 0.0000 0.0007 0.0001 0.0000 -0.0011 0.0001 0.0000 -0.0008 0.0003 0.0000 0.0001 0.0000 0.0000 0.0000 0.0000 0.0000 -0.0008 0.0000 0.0000 0.0002 -29.9997 -0.0001 -0.0003 29.9996 0.0000 0.0000 0.0000 -3.9082 -11.5948 -176.0097 -0.2451 -28.3133 0.1444 -60.6770 77.4318 -46.3583 0.0000 25.3510 0.0000 -15.0138 -17.2022 164.1493 0.3850 -12.1097 -0.1234 -11.0686 54.7824 3.8601 0.0000 25.5257 -0.0001 
2.7013 86.0869 -16.0220 -3.5641 -0.5488 -4.8062 4.4631 0.9367 -3.2976 4.4739 0.9394 -3.3055 4.4764 0.9400 -3.3074 94.2053 86.1056 -7.7169 75.7251 58.4427 114.3245 34.6346 -2.6165 31.6797 -0.7263 2.6860 -2.0689 0.0000 0.0000 0.0001 0.0000 0.0000 0.0000 0.0000 -0.0013 -0.0008 0.0000 -0.0004 0.0001 0.0000 0.0000 0.0000 0.0000 0.0000 0.0000 0.0000 0.0002 -0.0001 0.0000 -0.0006 0.0003 0.0000 0.0004 -0.0006 0.0000 0.0000 0.0001 0.0000 0.0000 0.0000 0.0000 -0.0010 -0.0002 0.0000 0.0003 30.0001 -0.0001 0.0005 -29.9998 0.0000 0.0000 0.0000 -1.7268 3.9518 2.9692 -1.7268 3.9518 2.9692 -151.0574 77.5103 -52.5786 -95.6479 71.3375 -133.9191 -25.4786 8.1657 -50.3984 0.9102 1.2959 3.5153 0.0000 -0.0001 0.0001 0.0000 0.0000 0.0000 0.0000 -0.0006 0.0003 0.0000 -0.0001 0.0001 0.0000 0.0000 0.0000 0.0000 0.0000 0.0000 0.0000 0.0007 0.0001 0.0000 -0.0011 0.0001 0.0000 -0.0008 0.0003 0.0000 0.0001 0.0000 0.0000 0.0000 0.0000 0.0000 -0.0009 0.0000 0.0000 0.0002 -29.9996 -0.0001 -0.0003 29.9996 0.0000 0.0000 0.0000 -3.8753 -11.7812 -176.0318 -0.2465 -28.5176 0.1452 -60.9635 77.4633 -46.6290 0.0000 25.3510 0.0000 -14.9536 -17.2944 164.1510 0.3877 -12.1692 -0.1239 -11.1884 54.7783 3.7523 0.0000 25.5282 -0.0001 
2.7276 86.0828 -16.0725 -3.6594 -0.4912 -4.7889 4.5300 1.0339 -3.2833 4.5413 1.0368 -3.2914 4.5435 1.0374 -3.2931 97.7261 86.3957 -3.9298 75.8724 58.7770 113.2178 35.4248 -2.4023 30.8871 -0.6735 2.5526 -1.9283 0.0000 0.0000 0.0001 0.0000 0.0000 0.0000 0.0000 -0.0013 -0.0008 0.0000 -0.0004 0.0001 0.0000 0.0000 0.0000 0.0000 0.0000 0.0000 0.0000 0.0002 -0.0001 0.0000 -0.0007 0.0003 0.0000 0.0004 -0.0006 0.0000 0.0000 0.0001 0.0000 0.0000 0.0000 0.0000 -0.0010 -0.0002 0.0000 0.0003 30.0001 -0.0001 0.0005 -29.9998 0.0000 0.0000 0.0000 -1.7389 3.6499 2.8788 -1.7389 3.6499 2.8788 -152.1542 77.3451 -53.7697 -96.2473 71.6003 -133.4650 -26.4510 8.4958 -49.0785 0.8454 1.2288 3.2643 0.0000 -0.0001 0.0001 0.0000 0.0000 0.0000 0.0000 -0.0006 0.0003 0.0000 -0.0001 0.0001 0.0000 0.0000 0.0000 0.0000 0.0000 0.0000 0.0000 0.0007 0.0001 0.0000 -0.0011 0.0001 0.0000 -0.0008 0.0003 0.0000 0.0001 0.0000 0.0000 0.0000 0.0000 0.0000 -0.0009 0.0000 0.0000 0.0002 -29.9997 -0.0001 -0.0003 29.9996 0.0000 0.0000 0.0000 -3.8245 -11.9689 -176.0510 -0.2490 -28.7225 0.1463 -61.2905 77.4983 -46.9303 0.0000 25.3510 0.0000 -14.8788 -17.3976 164.1671 0.3908 -12.2175 -0.1244 -11.3257 54.7621 3.6336 0.0000 25.5308 -0.0001 
2.7516 86.0835 -16.1169 -3.7847 -0.4213 -4.7840 4.5925 1.1206 -3.2666 4.6041 1.1239 -3.2748 4.6062 1.1245 -3.2763 101.5201 86.6845 0.1283 75.8789 59.0389 112.0287 36.4102 -2.4130 30.0320 -0.6238 2.4422 -1.7804 0.0000 0.0000 0.0001 0.0000 0.0000 0.0000 0.0000 -0.0013 -0.0008 0.0000 -0.0004 0.0001 0.0000 0.0000 0.0000 0.0000 0.0000 0.0000 0.0000 0.0002 -0.0001 0.0000 -0.0006 0.0003 0.0000 0.0004 -0.0006 0.0000 0.0000 0.0001 0.0000 0.0000 0.0000 0.0000 -0.0010 -0.0002 0.0000 0.0002 30.0001 -0.0001 0.0005 -29.9998 0.0000 0.0000 0.0000 -1.7370 3.3485 2.7930 -1.7370 3.3485 2.7930 -153.2858 77.2575 -54.9907 -97.0427 71.8802 -133.2929 -27.5039 8.8518 -47.6505 0.7835 1.1640 3.0280 0.0000 -0.0001 0.0001 0.0000 0.0000 0.0000 0.0000 -0.0006 0.0003 0.0000 -0.0001 0.0001 0.0000 0.0000 0.0000 0.0000 0.0000 0.0000 0.0000 0.0007 0.0001 0.0000 -0.0012 0.0001 0.0000 -0.0008 0.0003 0.0000 0.0001 0.0000 0.0000 0.0000 0.0000 0.0000 -0.0009 0.0000 0.0000 0.0002 -29.9996 -0.0001 -0.0003 29.9996 0.0000 0.0000 0.0000 -3.7519 -12.1621 -176.0605 -0.2528 -28.9250 0.1478 -61.6330 77.5401 -47.2413 0.0000 25.3510 0.0000 -14.7924 -17.5113 164.2027 0.3927 -12.2257 -0.1246 -11.4704 54.7072 3.5160 0.0000 25.5339 -0.0001 
2.7759 86.0863 -16.1566 -3.9184 -0.3481 -4.7910 4.6443 1.2072 -3.2447 4.6563 1.2107 -3.2530 4.6582 1.2112 -3.2543 105.3829 86.9608 4.2378 75.7446 59.1074 110.7547 37.2420 -2.5170 29.1480 -0.5771 2.3431 -1.6396 0.0000 0.0000 0.0001 0.0000 0.0000 0.0000 0.0000 -0.0013 -0.0008 0.0000 -0.0004 0.0001 0.0000 0.0000 0.0000 0.0000 0.0000 0.0000 0.0000 0.0002 -0.0001 0.0000 -0.0006 0.0003 0.0000 0.0004 -0.0006 0.0000 0.0000 0.0001 0.0000 0.0000 0.0000 0.0000 -0.0010 -0.0002 0.0000 0.0002 30.0001 -0.0001 0.0005 -29.9998 0.0000 0.0000 0.0000 -1.7238 3.0553 2.7102 -1.7238 3.0553 2.7102 -154.6404 77.2347 -56.4239 -97.5747 72.1151 -133.0422 -28.5572 9.1933 -46.1608 0.7279 1.1090 2.8125 0.0000 -0.0001 0.0001 0.0000 0.0000 0.0000 0.0000 -0.0006 0.0003 0.0000 -0.0001 0.0001 0.0000 0.0000 0.0000 0.0000 0.0000 0.0000 0.0000 0.0007 0.0001 0.0000 -0.0012 0.0001 0.0000 -0.0008 0.0003 0.0000 0.0001 0.0000 0.0000 0.0000 0.0000 0.0000 -0.0009 0.0000 0.0000 0.0002 -29.9996 -0.0001 -0.0003 29.9996 0.0000 0.0000 0.0000 -3.6719 -12.3513 -176.0587 -0.2567 -29.1231 0.1492 -61.9795 77.5874 -47.5555 0.0000 25.3510 0.0000 -14.7076 -17.6196 164.2488 0.3926 -12.1913 -0.1245 -11.6122 54.6147 3.4093 0.0000 25.5371 -0.0001 
2.8075 86.0856 -16.1958 -4.0534 -0.2774 -4.8061 4.6822 1.2915 -3.2164 4.6944 1.2953 -3.2248 4.6962 1.2958 -3.2260 109.8548 87.2225 8.9214 75.4089 58.9579 109.3894 37.8025 -2.5917 28.2360 -0.5342 2.2511 -1.5105 0.0000 0.0000 0.0001 0.0000 0.0000 0.0000 0.0000 -0.0013 -0.0008 0.0000 -0.0004 0.0001 0.0000 0.0000 0.0000 0.0000 0.0000 0.0000 0.0000 0.0002 0.0000 0.0000 -0.0006 0.0003 0.0000 0.0004 -0.0006 0.0000 0.0000 0.0001 0.0000 0.0000 0.0000 0.0000 -0.0010 -0.0002 0.0000 0.0002 30.0001 -0.0001 0.0005 -29.9998 0.0000 0.0000 0.0000 -1.6954 2.7752 2.6258 -1.6954 2.7752 2.6258 -156.2902 77.2077 -58.1889 -97.6400 72.3203 -132.5442 -29.5418 9.5179 -44.6720 0.6793 1.0640 2.6188 0.0000 -0.0001 0.0001 0.0000 0.0000 0.0000 0.0000 -0.0006 0.0003 0.0000 -0.0001 0.0001 0.0000 0.0000 0.0000 0.0000 0.0000 0.0000 0.0000 0.0007 0.0001 0.0000 -0.0012 0.0001 0.0000 -0.0008 0.0003 0.0000 0.0001 0.0000 0.0000 0.0000 0.0000 0.0000 -0.0008 0.0000 0.0000 0.0002 -29.9996 -0.0001 -0.0003 29.9996 0.0000 0.0000 0.0000 -3.5886 -12.5384 -176.0479 -0.2598 -29.3203 0.1505 -62.3138 77.6387 -47.8584 0.0000 25.3510 0.0000 -14.6227 -17.7213 164.2943 0.3904 -12.1310 -0.1240 -11.7380 54.4973 3.3250 0.0000 25.5402 -0.0001 
2.8498 86.0762 -16.2419 -4.1803 -0.2179 -4.8276 4.7043 1.3776 -3.1811 4.7167 1.3816 -3.1893 4.7184 1.3822 -3.1905 115.4293 87.4305 14.6664 74.8073 58.5040 107.9896 37.8959 -2.5353 27.3260 -0.4971 2.1685 -1.4010 0.0000 0.0000 0.0001 0.0000 0.0000 0.0000 0.0000 -0.0013 -0.0008 0.0000 -0.0004 0.0001 0.0000 0.0000 0.0000 0.0000 0.0000 0.0000 0.0000 0.0002 0.0000 0.0000 -0.0006 0.0003 0.0000 0.0004 -0.0006 0.0000 0.0000 0.0001 0.0000 0.0000 0.0000 0.0000 -0.0010 -0.0002 0.0000 0.0002 30.0001 -0.0001 0.0005 -29.9998 0.0000 0.0000 0.0000 -1.6565 2.5137 2.5406 -1.6565 2.5137 2.5406 -158.3409 77.1423 -60.4379 -96.9352 72.4885 -131.5779 -30.3726 9.7590 -43.2873 0.6398 1.0341 2.4547 0.0000 -0.0001 0.0001 0.0000 0.0000 0.0000 0.0000 -0.0006 0.0003 0.0000 -0.0001 0.0001 0.0000 0.0000 0.0000 0.0000 0.0000 0.0000 0.0000 0.0007 0.0001 0.0000 -0.0012 0.0001 0.0000 -0.0008 0.0003 0.0000 0.0001 0.0000 0.0000 0.0000 0.0000 0.0000 -0.0009 0.0000 0.0000 0.0002 -29.9996 -0.0001 -0.0003 29.9996 0.0000 0.0000 0.0000 -3.5089 -12.7202 -176.0296 -0.2625 -29.5192 0.1517 -62.6159 77.6957 -48.1304 0.0000 25.3510 0.0000 -14.5408 -17.8063 164.3338 0.3866 -12.0467 -0.1233 -11.8390 54.3556 3.2741 0.0000 25.5428 -0.0001 
2.8977 86.0651 -16.2914 -4.2925 -0.1750 -4.8476 4.7184 1.4671 -3.1460 4.7309 1.4714 -3.1542 4.7325 1.4719 -3.1553 102.6889 90.0000 0.0000 74.1832 57.8994 106.7130 37.7266 -2.4183 26.4696 -0.4651 2.0944 -1.3081 0.0000 0.0000 0.0001 0.0000 0.0000 0.0000 0.0000 -0.0013 -0.0008 0.0000 -0.0004 0.0001 0.0000 0.0000 0.0000 0.0000 0.0000 0.0000 0.0000 0.0003 0.0000 0.0000 -0.0006 0.0003 0.0000 0.0004 -0.0006 0.0000 0.0000 0.0001 0.0000 0.0000 0.0000 0.0000 -0.0010 -0.0002 0.0000 0.0003 30.0001 -0.0001 0.0005 -29.9998 0.0000 0.0000 0.0000 -1.6196 2.2660 2.4626 -1.6196 2.2660 2.4626 -160.3981 77.0923 -62.6946 -95.8001 72.5309 -130.2722 -31.0648 9.8849 -42.0243 0.6057 1.0139 2.3119 0.0000 -0.0001 0.0001 0.0000 0.0000 0.0000 0.0000 -0.0006 0.0003 0.0000 -0.0001 0.0001 0.0000 0.0000 0.0000 0.0000 0.0000 0.0000 0.0000 0.0007 0.0001 0.0000 -0.0012 0.0001 0.0000 -0.0008 0.0003 0.0000 0.0001 0.0000 0.0000 0.0000 0.0000 0.0000 -0.0009 0.0000 0.0000 0.0002 -29.9996 -0.0001 -0.0003 29.9996 0.0000 0.0000 0.0000 -3.4357 -12.8911 -176.0130 -0.2660 -29.7197 0.1531 -62.8893 77.7582 -48.3782 0.0000 25.3510 0.0000 -14.4681 -17.8773 164.3607 0.3829 -11.9605 -0.1227 -11.9253 54.2057 3.2484 0.0000 25.5447 -0.0001 
2.9474 86.0528 -16.3422 -4.3879 -0.1482 -4.8647 4.7248 1.5589 -3.1110 4.7373 1.5634 -3.1192 4.7389 1.5640 -3.1202 102.4054 90.0000 0.0000 73.6089 57.2327 105.5758 37.4237 -2.2381 25.7020 -0.4374 2.0251 -1.2271 0.0000 0.0000 0.0001 0.0000 0.0000 0.0000 0.0000 -0.0013 -0.0008 0.0000 -0.0004 0.0001 0.0000 0.0000 0.0000 0.0000 0.0000 0.0000 0.0000 0.0002 0.0000 0.0000 -0.0006 0.0003 0.0000 0.0004 -0.0006 0.0000 0.0000 0.0001 0.0000 0.0000 0.0000 0.0000 -0.0010 -0.0002 0.0000 0.0002 30.0001 -0.0001 0.0005 -29.9998 0.0000 0.0000 0.0000 -1.5853 2.0279 2.3933 -1.5853 2.0279 2.3933 -162.3439 77.0667 -64.8161 -94.3862 72.4516 -128.7080 -31.6624 9.9155 -40.8614 0.5755 1.0008 2.1840 0.0000 -0.0001 0.0001 0.0000 0.0000 0.0000 0.0000 -0.0006 0.0003 0.0000 -0.0001 0.0001 0.0000 0.0000 0.0000 0.0000 0.0000 0.0000 0.0000 0.0007 0.0001 0.0000 -0.0011 0.0001 0.0000 -0.0008 0.0003 0.0000 0.0001 0.0000 0.0000 0.0000 0.0000 0.0000 -0.0009 0.0000 0.0000 0.0002 -29.9996 -0.0001 -0.0003 29.9995 0.0000 0.0000 0.0000 -3.3735 -13.0472 -175.9981 -0.2696 -29.9179 0.1546 -63.1457 77.8216 -48.6126 0.0000 25.3510 0.0000 -14.4077 -17.9330 164.3766 0.3789 -11.8745 -0.1220 -12.0016 54.0514 3.2390 0.0000 25.5460 -0.0001 
2.9910 86.0464 -16.3910 -4.4589 -0.1398 -4.8740 4.7200 1.6513 -3.0750 4.7325 1.6561 -3.0830 4.7341 1.6567 -3.0840 102.2416 90.0000 0.0000 73.2120 56.6679 104.7058 37.2539 -2.0259 25.0138 -0.4134 1.9609 -1.1539 0.0000 0.0000 0.0001 0.0000 0.0000 0.0000 0.0000 -0.0013 -0.0008 0.0000 -0.0004 0.0001 0.0000 0.0000 0.0000 0.0000 0.0000 0.0000 0.0000 0.0002 0.0000 0.0000 -0.0006 0.0003 0.0000 0.0004 -0.0006 0.0000 0.0000 0.0001 0.0000 0.0000 0.0000 0.0000 -0.0010 -0.0002 0.0000 0.0002 30.0001 -0.0001 0.0005 -29.9998 0.0000 0.0000 0.0000 -1.5533 1.7968 2.3353 -1.5533 1.7968 2.3353 -164.3059 77.0001 -66.9486 -92.7013 72.3306 -126.8953 -32.1766 9.8871 -39.8831 0.5497 0.9917 2.0712 0.0000 -0.0001 0.0001 0.0000 0.0000 0.0000 0.0000 -0.0006 0.0003 0.0000 -0.0001 0.0001 0.0000 0.0000 0.0000 0.0000 0.0000 0.0000 0.0000 0.0007 0.0001 0.0000 -0.0012 0.0001 0.0000 -0.0008 0.0003 0.0000 0.0001 0.0000 0.0000 0.0000 0.0000 0.0000 -0.0009 0.0000 0.0000 0.0002 -29.9996 -0.0001 -0.0003 29.9996 0.0000 0.0000 0.0000 -3.3284 -13.1852 -175.9881 -0.2723 -30.1097 0.1558 -63.3834 77.8816 -48.8335 0.0000 25.3510 0.0000 -14.3625 -17.9769 164.3809 0.3756 -11.8103 -0.1214 -12.0840 53.9088 3.2220 0.0000 25.5472 -0.0001 
3.0239 86.0446 -16.4399 -4.5192 -0.1353 -4.8774 4.7138 1.7424 -3.0410 4.7264 1.7474 -3.0490 4.7279 1.7480 -3.0500 102.1499 90.0000 0.0000 73.0006 56.3143 104.0680 37.3634 -1.8613 24.3113 -0.3908 1.9041 -1.0841 0.0000 0.0000 0.0001 0.0000 0.0000 0.0000 0.0000 -0.0013 -0.0008 0.0000 -0.0004 0.0001 0.0000 0.0000 0.0000 0.0000 0.0000 0.0000 0.0000 0.0002 -0.0001 0.0000 -0.0006 0.0003 0.0000 0.0004 -0.0006 0.0000 0.0000 0.0001 0.0000 0.0000 0.0000 0.0000 -0.0010 -0.0002 0.0000 0.0002 30.0001 -0.0001 0.0005 -29.9998 0.0000 0.0000 0.0000 -1.5272 1.5614 2.2926 -1.5272 1.5614 2.2926 -166.1863 76.8764 -68.9924 -91.1619 72.2806 -125.2627 -32.6571 9.9131 -39.0115 0.5271 0.9804 1.9724 0.0000 -0.0001 0.0001 0.0000 0.0000 0.0000 0.0000 -0.0006 0.0003 0.0000 -0.0001 0.0001 0.0000 0.0000 0.0000 0.0000 0.0000 0.0000 0.0000 0.0007 0.0001 0.0000 -0.0012 0.0001 0.0000 -0.0008 0.0003 0.0000 0.0001 0.0000 0.0000 0.0000 0.0000 0.0000 -0.0009 0.0000 0.0000 0.0002 -29.9997 -0.0001 -0.0003 29.9996 0.0000 0.0000 0.0000 -3.2921 -13.3220 -175.9808 -0.2731 -30.2972 0.1565 -63.6081 77.9353 -49.0416 0.0000 25.3510 0.0000 -14.3239 -18.0264 164.3858 0.3734 -11.7723 -0.1211 -12.1931 53.7833 3.1702 0.0000 25.5491 -0.0001 
3.0471 86.0463 -16.4919 -4.5759 -0.1303 -4.8812 4.7117 1.8316 -3.0103 4.7242 1.8370 -3.0182 4.7257 1.8376 -3.0191 143.5952 87.3860 43.0177 72.9171 56.1209 103.5939 37.6211 -1.7217 23.5682 -0.3693 1.8534 -1.0196 0.0000 0.0000 0.0001 0.0000 0.0000 0.0000 0.0000 -0.0013 -0.0008 0.0000 -0.0004 0.0001 0.0000 0.0000 0.0000 0.0000 0.0000 0.0000 0.0000 0.0002 0.0000 0.0000 -0.0006 0.0003 0.0000 0.0004 -0.0006 0.0000 0.0000 0.0001 0.0000 0.0000 0.0000 0.0000 -0.0010 -0.0002 0.0000 0.0002 30.0001 -0.0001 0.0005 -29.9998 0.0000 0.0000 0.0000 -1.5102 1.3225 2.2668 -1.5102 1.3225 2.2668 -167.9583 76.7531 -70.8906 -89.8613 72.2650 -123.8422 -33.0829 9.9662 -38.1972 0.5059 0.9659 1.8853 0.0000 -0.0001 0.0001 0.0000 0.0000 0.0000 0.0000 -0.0006 0.0003 0.0000 -0.0001 0.0001 0.0000 0.0000 0.0000 0.0000 0.0000 0.0000 0.0000 0.0007 0.0001 0.0000 -0.0012 0.0001 0.0000 -0.0008 0.0003 0.0000 0.0001 0.0000 0.0000 0.0000 0.0000 0.0000 -0.0008 0.0000 0.0000 0.0002 -29.9996 -0.0001 -0.0003 29.9996 0.0000 0.0000 0.0000 -3.2545 -13.4632 -175.9729 -0.2742 -30.4807 0.1572 -63.8053 77.9866 -49.2269 0.0000 25.3510 0.0000 -14.2876 -18.0823 164.4004 0.3726 -11.7515 -0.1209 -12.3289 53.6689 3.0802 0.0000 25.5519 -0.0001 
3.0630 86.0504 -16.5515 -4.6288 -0.1164 -4.8934 4.7189 1.9136 -2.9818 4.7316 1.9191 -2.9897 4.7330 1.9197 -2.9905 146.9278 87.2565 46.3117 72.9156 56.0261 103.2575 37.8813 -1.5585 22.8236 -0.3493 1.8067 -0.9636 0.0000 0.0000 0.0001 0.0000 0.0000 0.0000 0.0000 -0.0013 -0.0008 0.0000 -0.0004 0.0001 0.0000 0.0000 0.0000 0.0000 0.0000 0.0000 0.0000 0.0003 0.0000 0.0000 -0.0006 0.0003 0.0000 0.0004 -0.0006 0.0000 0.0000 0.0001 0.0000 0.0000 0.0000 0.0000 -0.0010 -0.0002 0.0000 0.0003 30.0001 -0.0001 0.0005 -29.9998 0.0000 0.0000 0.0000 -1.5090 1.0879 2.2598 -1.5090 1.0879 2.2598 -169.6559 76.6511 -72.6356 -88.7929 72.2514 -122.6210 -33.3598 10.0599 -37.3902 0.4856 0.9469 1.8106 0.0000 -0.0001 0.0001 0.0000 0.0000 0.0000 0.0000 -0.0006 0.0003 0.0000 -0.0001 0.0001 0.0000 0.0000 0.0000 0.0000 0.0000 0.0000 0.0000 0.0007 0.0001 0.0000 -0.0012 0.0001 0.0000 -0.0008 0.0003 0.0000 0.0001 0.0000 0.0000 0.0000 0.0000 0.0000 -0.0009 0.0000 0.0000 0.0002 -29.9997 -0.0001 -0.0003 29.9996 0.0000 0.0000 0.0000 -3.2088 -13.6197 -175.9579 -0.2759 -30.6616 0.1581 -63.9558 78.0375 -49.3792 0.0000 25.3510 0.0000 -14.2531 -18.1385 164.4359 0.3720 -11.7233 -0.1208 -12.4855 53.5540 2.9425 0.0000 25.5562 -0.0001 
3.0808 86.0514 -16.6158 -4.6820 -0.0889 -4.9153 4.7328 1.9847 -2.9511 4.7456 1.9905 -2.9590 4.7469 1.9911 -2.9598 149.8717 87.1095 49.2320 72.9669 55.9691 103.0101 38.0409 -1.3306 22.0839 -0.3302 1.7589 -0.9153 0.0000 0.0000 0.0001 0.0000 0.0000 0.0000 0.0000 -0.0013 -0.0008 0.0000 -0.0004 0.0001 0.0000 0.0000 0.0000 0.0000 0.0000 0.0000 0.0000 0.0002 0.0000 0.0000 -0.0006 0.0003 0.0000 0.0004 -0.0006 0.0000 0.0000 0.0001 0.0000 0.0000 0.0000 0.0000 -0.0010 -0.0002 0.0000 0.0002 30.0001 -0.0001 0.0005 -29.9998 0.0000 0.0000 0.0000 -1.5170 0.8701 2.2563 -1.5170 0.8701 2.2563 -171.4329 76.5199 -74.4218 -87.6596 72.2166 -121.3648 -33.5520 10.1412 -36.5420 0.4653 0.9277 1.7402 0.0000 -0.0001 0.0001 0.0000 0.0000 0.0000 0.0000 -0.0006 0.0003 0.0000 -0.0001 0.0001 0.0000 0.0000 0.0000 0.0000 0.0000 0.0000 0.0000 0.0007 0.0001 0.0000 -0.0011 0.0001 0.0000 -0.0008 0.0003 0.0000 0.0001 0.0000 0.0000 0.0000 0.0000 0.0000 -0.0009 0.0000 0.0000 0.0002 -29.9997 -0.0001 -0.0003 29.9996 0.0000 0.0000 0.0000 -3.1525 -13.7920 -175.9341 -0.2773 -30.8411 0.1590 -64.0763 78.0900 -49.5132 0.0000 25.3510 0.0000 -14.2152 -18.1899 164.4860 0.3702 -11.6661 -0.1204 -12.6348 53.4307 2.7857 0.0000 25.5620 -0.0001 
3.1033 86.0492 -16.6838 -4.7353 -0.0526 -4.9439 4.7488 2.0466 -2.9193 4.7617 2.0526 -2.9271 4.7630 2.0531 -2.9278 152.4102 86.9525 51.7598 73.0566 55.9260 102.8323 38.0864 -1.0384 21.3253 -0.3117 1.7103 -0.8729 0.0000 0.0000 0.0001 0.0000 0.0000 0.0000 0.0000 -0.0013 -0.0008 0.0000 -0.0004 0.0001 0.0000 0.0000 0.0000 0.0000 0.0000 0.0000 0.0000 0.0002 -0.0001 0.0000 -0.0006 0.0003 0.0000 0.0004 -0.0006 0.0000 0.0000 0.0001 0.0000 0.0000 0.0000 0.0000 -0.0010 -0.0002 0.0000 0.0002 30.0001 -0.0001 0.0005 -29.9998 0.0000 0.0000 0.0000 -1.5284 0.6688 2.2554 -1.5284 0.6688 2.2554 -173.1685 76.3644 -76.1486 -86.4826 72.1405 -120.1299 -33.6927 10.1914 -35.6093 0.4451 0.9110 1.6723 0.0000 -0.0001 0.0001 0.0000 0.0000 0.0000 0.0000 -0.0006 0.0003 0.0000 -0.0001 0.0001 0.0000 0.0000 0.0000 0.0000 0.0000 0.0000 0.0000 0.0007 0.0001 0.0000 -0.0012 0.0001 0.0000 -0.0008 0.0003 0.0000 0.0001 0.0000 0.0000 0.0000 0.0000 0.0000 -0.0009 0.0000 0.0000 0.0002 -29.9997 -0.0001 -0.0003 29.9996 0.0000 0.0000 0.0000 -3.0886 -13.9741 -175.9029 -0.2776 -31.0203 0.1596 -64.1809 78.1436 -49.6395 0.0000 25.3510 0.0000 -14.1712 -18.2363 164.5428 0.3671 -11.5869 -0.1198 -12.7692 53.3026 2.6221 0.0000 25.5687 -0.0001 
3.1361 86.0394 -16.7589 -4.7864 -0.0136 -4.9752 4.7611 2.0968 -2.8896 4.7741 2.1030 -2.8973 4.7753 2.1036 -2.8980 154.0960 86.8274 53.4326 73.1693 55.8073 102.6846 37.9167 -0.6114 20.5084 -0.2934 1.6594 -0.8356 0.0000 0.0000 0.0001 0.0000 0.0000 0.0000 0.0000 -0.0013 -0.0008 0.0000 -0.0004 0.0001 0.0000 0.0000 0.0000 0.0000 0.0000 0.0000 0.0000 0.0003 0.0000 0.0000 -0.0006 0.0003 0.0000 0.0004 -0.0006 0.0000 0.0000 0.0001 0.0000 0.0000 0.0000 0.0000 -0.0010 -0.0002 0.0000 0.0003 30.0001 -0.0001 0.0005 -29.9998 0.0000 0.0000 0.0000 -1.5387 0.4932 2.2626 -1.5387 0.4932 2.2626 -174.8314 76.2337 -77.7805 -85.1203 71.9300 -118.7554 -33.7520 10.1555 -34.5818 0.4253 0.9002 1.6059 0.0000 -0.0001 0.0001 0.0000 0.0000 0.0000 0.0000 -0.0006 0.0003 0.0000 -0.0001 0.0001 0.0000 0.0000 0.0000 0.0000 0.0000 0.0000 0.0000 0.0007 0.0001 0.0000 -0.0012 0.0001 0.0000 -0.0008 0.0003 0.0000 0.0001 0.0000 0.0000 0.0000 0.0000 0.0000 -0.0009 0.0000 0.0000 0.0002 -29.9996 -0.0001 -0.0003 29.9996 0.0000 0.0000 0.0000 -3.0208 -14.1565 -175.8686 -0.2765 -31.1956 0.1597 -64.2808 78.1985 -49.7681 0.0000 25.3510 0.0000 -14.1123 -18.2810 164.5948 0.3636 -11.4996 -0.1192 -12.8697 53.1771 2.4668 0.0000 25.5760 -0.0001 
3.1766 86.0250 -16.8391 -4.8286 0.0152 -4.9953 4.7658 2.1428 -2.8654 4.7789 2.1491 -2.8730 4.7800 2.1497 -2.8737 154.8373 86.7490 54.1622 73.3192 55.5905 102.5657 37.5837 -0.1736 19.5514 -0.2742 1.6112 -0.7993 0.0000 0.0000 0.0001 0.0000 0.0000 0.0000 0.0000 -0.0013 -0.0008 0.0000 -0.0004 0.0001 0.0000 0.0000 0.0000 0.0000 0.0000 0.0000 0.0000 0.0003 -0.0001 0.0000 -0.0006 0.0003 0.0000 0.0004 -0.0006 0.0000 0.0000 0.0001 0.0000 0.0000 0.0000 0.0000 -0.0010 -0.0002 0.0000 0.0003 30.0001 -0.0001 0.0005 -29.9998 0.0000 0.0000 0.0000 -1.5485 0.3362 2.2787 -1.5485 0.3362 2.2787 -176.4363 76.1080 -79.3601 -83.5905 71.5997 -117.2195 -33.7183 10.0498 -33.5266 0.4057 0.8926 1.5401 0.0000 -0.0001 0.0001 0.0000 0.0000 0.0000 0.0000 -0.0006 0.0003 0.0000 -0.0001 0.0001 0.0000 0.0000 0.0000 0.0000 0.0000 0.0000 0.0000 0.0007 0.0001 0.0000 -0.0012 0.0001 0.0000 -0.0008 0.0003 0.0000 0.0001 0.0000 0.0000 0.0000 0.0000 0.0000 -0.0009 0.0000 0.0000 0.0002 -29.9996 -0.0001 -0.0003 29.9996 0.0000 0.0000 0.0000 -2.9610 -14.3261 -175.8466 -0.2757 -31.3650 0.1599 -64.3855 78.2509 -49.9019 0.0000 25.3510 0.0000 -14.0445 -18.3260 164.6245 0.3606 -11.4274 -0.1187 -12.9440 53.0653 2.3280 0.0000 25.5833 -0.0001 
3.2208 86.0088 -16.9205 -4.8671 0.0335 -5.0017 4.7634 2.1895 -2.8454 4.7764 2.1959 -2.8530 4.7775 2.1965 -2.8537 154.7832 86.7191 54.0995 73.5650 55.3461 102.4923 37.1231 0.2344 18.5147 -0.2547 1.5646 -0.7659 0.0000 0.0000 0.0001 0.0000 0.0000 0.0000 0.0000 -0.0013 -0.0008 0.0000 -0.0004 0.0001 0.0000 0.0000 0.0000 0.0000 0.0000 0.0000 0.0000 0.0003 0.0000 0.0000 -0.0006 0.0003 0.0000 0.0004 -0.0006 0.0000 0.0000 0.0001 0.0000 0.0000 0.0000 0.0000 -0.0010 -0.0002 0.0000 0.0003 30.0001 -0.0001 0.0005 -29.9998 0.0000 0.0000 0.0000 -1.5573 0.1879 2.3001 -1.5573 0.1879 2.3001 -177.9487 76.0027 -80.8564 -82.0136 71.1890 -115.5885 -33.6242 9.9048 -32.5074 0.3868 0.8863 1.4759 0.0000 -0.0001 0.0001 0.0000 0.0000 0.0000 0.0000 -0.0006 0.0003 0.0000 -0.0001 0.0001 0.0000 0.0000 0.0000 0.0000 0.0000 0.0000 0.0000 0.0007 0.0001 0.0000 -0.0012 0.0001 0.0000 -0.0008 0.0003 0.0000 0.0001 0.0000 0.0000 0.0000 0.0000 0.0000 -0.0009 0.0000 0.0000 0.0002 -29.9996 -0.0001 -0.0003 29.9996 0.0000 0.0000 0.0000 -2.9116 -14.4802 -175.8394 -0.2752 -31.5273 0.1602 -64.5117 78.2984 -50.0493 0.0000 25.3510 0.0000 -13.9708 -18.3771 164.6325 0.3587 -11.3809 -0.1183 -13.0082 52.9725 2.2002 0.0000 25.5903 -0.0001 
3.2663 85.9894 -16.9969 -4.9055 0.0323 -4.9873 4.7501 2.2423 -2.8304 4.7632 2.2489 -2.8380 4.7643 2.2495 -2.8386 153.9470 86.7458 53.2471 73.9315 55.1390 102.4819 36.5582 0.6122 17.4342 -0.2354 1.5199 -0.7376 0.0000 0.0000 0.0001 0.0000 0.0000 0.0000 0.0000 -0.0013 -0.0008 0.0000 -0.0004 0.0001 0.0000 0.0000 0.0000 0.0000 0.0000 0.0000 0.0000 0.0003 0.0000 0.0000 -0.0006 0.0003 0.0000 0.0004 -0.0006 0.0000 0.0000 0.0001 0.0000 0.0000 0.0000 0.0000 -0.0010 -0.0002 0.0000 0.0002 30.0001 -0.0001 0.0005 -29.9998 0.0000 0.0000 0.0000 -1.5627 0.0436 2.3249 -1.5627 0.0436 2.3249 -179.3218 75.9079 -82.2370 -80.4279 70.7387 -113.8650 -33.4889 9.7322 -31.5183 0.3682 0.8800 1.4105 0.0000 -0.0001 0.0001 0.0000 0.0000 0.0000 0.0000 -0.0006 0.0003 0.0000 -0.0001 0.0001 0.0000 0.0000 0.0000 0.0000 0.0000 0.0000 0.0000 0.0007 0.0001 0.0000 -0.0012 0.0001 0.0000 -0.0008 0.0003 0.0000 0.0001 0.0000 0.0000 0.0000 0.0000 0.0000 -0.0009 0.0000 0.0000 0.0002 -29.9996 -0.0001 -0.0003 29.9996 0.0000 0.0000 0.0000 -2.8776 -14.6088 -175.8562 -0.2759 -31.6795 0.1608 -64.6763 78.3401 -50.2174 0.0000 25.3510 0.0000 -13.9022 -18.4316 164.6117 0.3576 -11.3652 -0.1182 -13.0776 52.9037 2.0864 0.0000 25.5969 -0.0001 
3.3103 85.9736 -17.0649 -4.9510 0.0153 -4.9593 4.7310 2.2996 -2.8178 4.7440 2.3063 -2.8253 4.7451 2.3069 -2.8260 152.7287 86.7940 51.9994 74.3582 55.0225 102.4723 36.0007 0.9164 16.3613 -0.2169 1.4780 -0.7117 0.0000 0.0000 0.0001 0.0000 0.0000 0.0000 0.0000 -0.0013 -0.0008 0.0000 -0.0004 0.0001 0.0000 0.0000 0.0000 0.0000 0.0000 0.0000 0.0000 0.0003 0.0000 0.0000 -0.0006 0.0003 0.0000 0.0004 -0.0006 0.0000 0.0000 0.0001 0.0000 0.0000 0.0000 0.0000 -0.0010 -0.0002 0.0000 0.0002 30.0001 -0.0001 0.0005 -29.9998 0.0000 0.0000 0.0000 -1.5664 -0.0991 2.3483 -1.5664 -0.0991 2.3483 179.4018 75.8138 -83.5413 -78.8762 70.3114 -112.1038 -33.3394 9.5556 -30.5637 0.3500 0.8729 1.3453 0.0000 -0.0001 0.0001 0.0000 0.0000 0.0000 0.0000 -0.0006 0.0003 0.0000 -0.0001 0.0001 0.0000 0.0000 0.0000 0.0000 0.0000 0.0000 0.0000 0.0007 0.0001 0.0000 -0.0012 0.0001 0.0000 -0.0008 0.0003 0.0000 0.0001 0.0000 0.0000 0.0000 0.0000 0.0000 -0.0009 0.0000 0.0000 0.0002 -29.9996 -0.0001 -0.0003 29.9996 0.0000 0.0000 0.0000 -2.8484 -14.7189 -175.8899 -0.2774 -31.8266 0.1616 -64.8734 78.3775 -50.4040 0.0000 25.3510 0.0000 -13.8509 -18.4816 164.5786 0.3577 -11.3610 -0.1182 -13.1751 52.8500 1.9748 0.0000 25.6032 -0.0001 
3.3538 85.9607 -17.1239 -5.0025 -0.0116 -4.9234 4.7086 2.3576 -2.8060 4.7215 2.3645 -2.8135 4.7226 2.3651 -2.8141 151.3492 86.8423 50.5853 74.8155 55.0141 102.4504 35.4545 1.1261 15.3602 -0.1999 1.4395 -0.6893 0.0000 0.0000 0.0001 0.0000 0.0000 0.0000 0.0000 -0.0013 -0.0008 0.0000 -0.0004 0.0001 0.0000 0.0000 0.0000 0.0000 0.0000 0.0000 0.0000 0.0002 0.0000 0.0000 -0.0006 0.0003 0.0000 0.0004 -0.0006 0.0000 0.0000 0.0001 0.0000 0.0000 0.0000 0.0000 -0.0010 -0.0002 0.0000 0.0002 30.0001 -0.0001 0.0005 -29.9998 0.0000 0.0000 0.0000 -1.5712 -0.2388 2.3692 -1.5712 -0.2388 2.3692 178.2173 75.7176 -84.7646 -77.3771 69.8998 -110.3504 -33.1265 9.4082 -29.6040 0.3322 0.8638 1.2814 0.0000 -0.0001 0.0001 0.0000 0.0000 0.0000 0.0000 -0.0006 0.0003 0.0000 -0.0001 0.0001 0.0000 0.0000 0.0000 0.0000 0.0000 0.0000 0.0000 0.0007 0.0001 0.0000 -0.0012 0.0001 0.0000 -0.0008 0.0003 0.0000 0.0001 0.0000 0.0000 0.0000 0.0000 0.0000 -0.0009 0.0000 0.0000 0.0002 -29.9996 -0.0001 -0.0003 29.9996 0.0000 0.0000 0.0000 -2.8228 -14.8170 -175.9352 -0.2801 -31.9710 0.1627 -65.0904 78.4113 -50.5991 0.0000 25.3510 0.0000 -13.8259 -18.5156 164.5421 0.3581 -11.3477 -0.1182 -13.3022 52.8070 1.8626 0.0000 25.6094 -0.0001 
3.3997 85.9544 -17.1712 -5.0667 -0.0479 -4.8887 4.6855 2.4102 -2.7925 4.6983 2.4172 -2.7999 4.6994 2.4178 -2.8006 150.2044 86.8548 49.3891 75.2386 55.1691 102.3495 34.8219 1.2496 14.4600 -0.1848 1.4034 -0.6729 0.0000 0.0000 0.0001 0.0000 0.0000 0.0000 0.0000 -0.0013 -0.0008 0.0000 -0.0004 0.0001 0.0000 0.0000 0.0000 0.0000 0.0000 0.0000 0.0000 0.0003 0.0000 0.0000 -0.0006 0.0003 0.0000 0.0004 -0.0006 0.0000 0.0000 0.0001 0.0000 0.0000 0.0000 0.0000 -0.0010 -0.0002 0.0000 0.0002 30.0001 -0.0001 0.0005 -29.9998 0.0000 0.0000 0.0000 -1.5808 -0.3676 2.3878 -1.5808 -0.3676 2.3878 177.1259 75.6091 -85.8933 -75.9727 69.5054 -108.6214 -32.7856 9.2943 -28.5689 0.3134 0.8504 1.2165 0.0000 -0.0001 0.0001 0.0000 0.0000 0.0000 0.0000 -0.0006 0.0003 0.0000 -0.0001 0.0001 0.0000 0.0000 0.0000 0.0000 0.0000 0.0000 0.0000 0.0007 0.0001 0.0000 -0.0012 0.0001 0.0000 -0.0008 0.0003 0.0000 0.0001 0.0000 0.0000 0.0000 0.0000 0.0000 -0.0009 0.0000 0.0000 0.0002 -29.9997 -0.0001 -0.0003 29.9996 0.0000 0.0000 0.0000 -2.8006 -14.9041 -175.9853 -0.2848 -32.1138 0.1645 -65.3166 78.4404 -50.7872 0.0000 25.3510 0.0000 -13.8274 -18.5301 164.5113 0.3586 -11.3337 -0.1182 -13.4595 52.7887 1.7490 0.0000 25.6153 -0.0001 
3.4465 85.9478 -17.2151 -5.1468 -0.0910 -4.8596 4.6646 2.4531 -2.7757 4.6774 2.4602 -2.7831 4.6785 2.4608 -2.7838 149.6343 86.8224 48.7458 75.5474 55.3935 102.1196 34.1793 1.3516 13.7015 -0.1718 1.3681 -0.6575 0.0000 0.0000 0.0001 0.0000 0.0000 0.0000 0.0000 -0.0013 -0.0008 0.0000 -0.0004 0.0001 0.0000 0.0000 0.0000 0.0000 0.0000 0.0000 0.0000 0.0002 0.0000 0.0000 -0.0006 0.0003 0.0000 0.0004 -0.0006 0.0000 0.0000 0.0001 0.0000 0.0000 0.0000 0.0000 -0.0010 -0.0002 0.0000 0.0002 30.0001 -0.0001 0.0005 -29.9998 0.0000 0.0000 0.0000 -1.5946 -0.4799 2.4059 -1.5946 -0.4799 2.4059 176.0817 75.4657 -86.9581 -74.5920 69.0898 -106.9164 -32.4621 9.1328 -27.4519 0.2941 0.8380 1.1492 0.0000 -0.0001 0.0001 0.0000 0.0000 0.0000 0.0000 -0.0006 0.0003 0.0000 -0.0001 0.0001 0.0000 0.0000 0.0000 0.0000 0.0000 0.0000 0.0000 0.0007 0.0001 0.0000 -0.0012 0.0001 0.0000 -0.0008 0.0003 0.0000 0.0001 0.0000 0.0000 0.0000 0.0000 0.0000 -0.0009 0.0000 0.0000 0.0002 -29.9996 -0.0001 -0.0003 29.9996 0.0000 0.0000 0.0000 -2.7716 -14.9866 -176.0324 -0.2901 -32.2603 0.1664 -65.5457 78.4652 -50.9700 0.0000 25.3510 0.0000 -13.8252 -18.5284 164.4873 0.3591 -11.3185 -0.1182 -13.6157 52.7859 1.6395 0.0000 25.6211 -0.0001 
3.4933 85.9551 -17.2585 -5.2397 -0.1397 -4.8338 4.6465 2.4873 -2.7572 4.6591 2.4945 -2.7646 4.6603 2.4951 -2.7652 149.3923 86.7681 48.4122 75.7267 55.6537 101.7689 33.6041 1.4148 13.0615 -0.1609 1.3376 -0.6418 0.0000 0.0000 0.0001 0.0000 0.0000 0.0000 0.0000 -0.0013 -0.0008 0.0000 -0.0004 0.0001 0.0000 0.0000 0.0000 0.0000 0.0000 0.0000 0.0000 0.0003 0.0000 0.0000 -0.0006 0.0003 0.0000 0.0004 -0.0006 0.0000 0.0000 0.0001 0.0000 0.0000 0.0000 0.0000 -0.0010 -0.0002 0.0000 0.0003 30.0001 -0.0001 0.0005 -29.9998 0.0000 0.0000 0.0000 -1.6129 -0.5764 2.4258 -1.6129 -0.5764 2.4258 175.0922 75.2842 -87.9661 -73.2200 68.6569 -105.2535 -32.2258 8.8673 -26.2445 0.2742 0.8290 1.0790 0.0000 -0.0001 0.0001 0.0000 0.0000 0.0000 0.0000 -0.0006 0.0003 0.0000 -0.0001 0.0001 0.0000 0.0000 0.0000 0.0000 0.0000 0.0000 0.0000 0.0007 0.0001 0.0000 -0.0011 0.0001 0.0000 -0.0008 0.0003 0.0000 0.0001 0.0000 0.0000 0.0000 0.0000 0.0000 -0.0009 0.0000 0.0000 0.0002 -29.9996 -0.0001 -0.0003 29.9996 0.0000 0.0000 0.0000 -2.7309 -15.0647 -176.0772 -0.2953 -32.4118 0.1683 -65.7819 78.4873 -51.1589 0.0000 25.3510 0.0000 -13.8051 -18.5185 164.4653 0.3597 -11.3022 -0.1182 -13.7533 52.7904 1.5379 0.0000 25.6267 -0.0001 
3.5392 85.9704 -17.3026 -5.3498 -0.1852 -4.8099 4.6338 2.5081 -2.7379 4.6464 2.5153 -2.7452 4.6476 2.5160 -2.7459 149.0000 86.7141 47.9084 75.7449 55.8566 101.2649 33.0204 1.4209 12.5207 -0.1518 1.3135 -0.6253 0.0000 0.0000 0.0001 0.0000 0.0000 0.0000 0.0000 -0.0013 -0.0008 0.0000 -0.0004 0.0001 0.0000 0.0000 0.0000 0.0000 0.0000 0.0000 0.0000 0.0002 0.0000 0.0000 -0.0006 0.0003 0.0000 0.0004 -0.0006 0.0000 0.0000 0.0001 0.0000 0.0000 0.0000 0.0000 -0.0010 -0.0002 0.0000 0.0002 30.0001 -0.0001 0.0005 -29.9998 0.0000 0.0000 0.0000 -1.6331 -0.6499 2.4455 -1.6331 -0.6499 2.4455 174.2201 75.0803 -88.8572 -71.9249 68.1902 -103.7210 -32.0699 8.4625 -24.8396 0.2530 0.8246 1.0053 0.0000 -0.0001 0.0001 0.0000 0.0000 0.0000 0.0000 -0.0006 0.0003 0.0000 -0.0001 0.0001 0.0000 0.0000 0.0000 0.0000 0.0000 0.0000 0.0000 0.0007 0.0001 0.0000 -0.0011 0.0001 0.0000 -0.0008 0.0003 0.0000 0.0001 0.0000 0.0000 0.0000 0.0000 0.0000 -0.0009 0.0000 0.0000 0.0002 -29.9996 -0.0001 -0.0003 29.9996 0.0000 0.0000 0.0000 -2.6733 -15.1401 -176.1189 -0.2987 -32.5689 0.1698 -66.0594 78.5065 -51.3900 0.0000 25.3510 0.0000 -13.7491 -18.5072 164.4439 0.3605 -11.2728 -0.1182 -13.8405 52.7950 1.4614 0.0000 25.6317 -0.0001 
3.5886 85.9885 -17.3429 -5.4643 -0.2259 -4.7847 4.6237 2.5216 -2.7186 4.6362 2.5289 -2.7258 4.6375 2.5296 -2.7265 148.2011 86.6726 46.9873 75.6540 55.8984 100.7064 32.4183 1.3908 11.9921 -0.1435 1.2965 -0.6073 0.0000 0.0000 0.0001 0.0000 0.0000 0.0000 0.0000 -0.0013 -0.0008 0.0000 -0.0004 0.0001 0.0000 0.0000 0.0000 0.0000 0.0000 0.0000 0.0000 0.0002 0.0000 0.0000 -0.0006 0.0003 0.0000 0.0004 -0.0006 0.0000 0.0000 0.0001 0.0000 0.0000 0.0000 0.0000 -0.0010 -0.0002 0.0000 0.0002 30.0001 -0.0001 0.0005 -29.9998 0.0000 0.0000 0.0000 -1.6615 -0.7092 2.4671 -1.6615 -0.7092 2.4671 173.4779 74.8956 -89.6200 -70.8200 67.7095 -102.3676 -31.9413 8.0195 -23.2437 0.2307 0.8201 0.9290 0.0000 -0.0001 0.0001 0.0000 0.0000 0.0000 0.0000 -0.0006 0.0003 0.0000 -0.0001 0.0001 0.0000 0.0000 0.0000 0.0000 0.0000 0.0000 0.0000 0.0007 0.0001 0.0000 -0.0012 0.0001 0.0000 -0.0008 0.0003 0.0000 0.0001 0.0000 0.0000 0.0000 0.0000 0.0000 -0.0008 0.0000 0.0000 0.0002 -29.9996 -0.0001 -0.0003 29.9996 0.0000 0.0000 0.0000 -2.6119 -15.2093 -176.1627 -0.3030 -32.7250 0.1714 -66.3712 78.5267 -51.6551 0.0000 25.3511 0.0000 -13.6687 -18.4962 164.4136 0.3606 -11.2359 -0.1181 -13.8682 52.8053 1.4218 0.0000 25.6358 -0.0001 
3.6423 85.9941 -17.3774 -5.5831 -0.2651 -4.7534 4.6158 2.5313 -2.7009 4.6282 2.5385 -2.7080 4.6295 2.5393 -2.7088 147.0205 86.6521 45.6738 75.4853 55.7605 100.1143 31.8158 1.3184 11.4060 -0.1352 1.2851 -0.5857 0.0000 0.0000 0.0001 0.0000 0.0000 0.0000 0.0000 -0.0013 -0.0008 0.0000 -0.0004 0.0001 0.0000 0.0000 0.0000 0.0000 0.0000 0.0000 0.0000 0.0002 0.0000 0.0000 -0.0006 0.0003 0.0000 0.0004 -0.0006 0.0000 0.0000 0.0001 0.0000 0.0000 0.0000 0.0000 -0.0010 -0.0002 0.0000 0.0002 30.0001 -0.0001 0.0005 -29.9998 0.0000 0.0000 0.0000 -1.6957 -0.7554 2.4896 -1.6957 -0.7554 2.4896 172.8518 74.7212 -90.2791 -69.8916 67.2421 -101.1694 -31.8319 7.5648 -21.5623 0.2084 0.8144 0.8536 0.0000 -0.0001 0.0001 0.0000 0.0000 0.0000 0.0000 -0.0006 0.0003 0.0000 -0.0001 0.0001 0.0000 0.0000 0.0000 0.0000 0.0000 0.0000 0.0000 0.0007 0.0001 0.0000 -0.0012 0.0001 0.0000 -0.0008 0.0003 0.0000 0.0001 0.0000 0.0000 0.0000 0.0000 0.0000 -0.0009 0.0000 0.0000 0.0002 -29.9996 -0.0001 -0.0003 29.9996 0.0000 0.0000 0.0000 -2.5435 -15.2738 -176.2139 -0.3081 -32.8806 0.1734 -66.7018 78.5492 -51.9399 0.0000 25.3510 0.0000 -13.5704 -18.4856 164.3671 0.3598 -11.2010 -0.1179 -13.8469 52.8296 1.4162 0.0000 25.6392 -0.0001 
3.6991 85.9948 -17.4026 -5.7001 -0.3027 -4.7070 4.6091 2.5400 -2.6892 4.6215 2.5473 -2.6962 4.6228 2.5481 -2.6970 145.2372 86.6610 43.7508 75.2671 55.3979 99.5362 31.3532 1.1484 10.8678 -0.1279 1.2834 -0.5607 0.0000 0.0000 0.0001 0.0000 0.0000 0.0000 0.0000 -0.0013 -0.0008 0.0000 -0.0004 0.0001 0.0000 0.0000 0.0000 0.0000 0.0000 0.0000 0.0000 0.0002 0.0000 0.0000 -0.0006 0.0003 0.0000 0.0004 -0.0006 0.0000 0.0000 0.0001 0.0000 0.0000 0.0000 0.0000 -0.0010 -0.0002 0.0000 0.0002 30.0001 -0.0001 0.0005 -29.9998 0.0000 0.0000 0.0000 -1.7385 -0.7850 2.5157 -1.7385 -0.7850 2.5157 172.3659 74.5814 -90.8295 -69.1760 66.8461 -100.1003 -31.6434 7.1401 -19.8704 0.1870 0.8055 0.7824 0.0000 -0.0001 0.0001 0.0000 0.0000 0.0000 0.0000 -0.0006 0.0003 0.0000 -0.0001 0.0001 0.0000 0.0000 0.0000 0.0000 0.0000 0.0000 0.0000 0.0007 0.0001 0.0000 -0.0011 0.0001 0.0000 -0.0008 0.0003 0.0000 0.0001 0.0000 0.0000 0.0000 0.0000 0.0000 -0.0009 0.0000 0.0000 0.0002 -29.9996 -0.0001 -0.0003 29.9996 0.0000 0.0000 0.0000 -2.4754 -15.3378 -176.2810 -0.3138 -33.0365 0.1756 -67.0443 78.5721 -52.2344 0.0000 25.3510 0.0000 -13.4772 -18.4775 164.2973 0.3578 -11.1790 -0.1176 -13.7928 52.8899 1.4348 0.0000 25.6422 -0.0001 
3.7525 85.9970 -17.4222 -5.8154 -0.3348 -4.6496 4.6039 2.5469 -2.6808 4.6162 2.5542 -2.6878 4.6176 2.5550 -2.6886 143.3247 86.6807 41.6973 75.0012 54.9135 98.9499 30.8168 0.9150 10.1558 -0.1188 1.2862 -0.5329 0.0000 0.0000 0.0001 0.0000 0.0000 0.0000 0.0000 -0.0013 -0.0008 0.0000 -0.0004 0.0001 0.0000 0.0000 0.0000 0.0000 0.0000 0.0000 0.0000 0.0002 0.0000 0.0000 -0.0006 0.0003 0.0000 0.0004 -0.0006 0.0000 0.0000 0.0001 0.0000 0.0000 0.0000 0.0000 -0.0010 -0.0002 0.0000 0.0002 30.0001 -0.0001 0.0005 -29.9998 0.0000 0.0000 0.0000 -1.7891 -0.8019 2.5453 -1.7891 -0.8019 2.5453 171.9612 74.4842 -91.3053 -68.6388 66.5331 -99.0836 -31.3126 6.7552 -18.2506 0.1668 0.7923 0.7169 0.0000 -0.0001 0.0001 0.0000 0.0000 0.0000 0.0000 -0.0006 0.0003 0.0000 -0.0001 0.0001 0.0000 0.0000 0.0000 0.0000 0.0000 0.0000 0.0000 0.0007 0.0001 0.0000 -0.0011 0.0001 0.0000 -0.0008 0.0003 0.0000 0.0001 0.0000 0.0000 0.0000 0.0000 0.0000 -0.0008 0.0000 0.0000 0.0002 -29.9996 -0.0001 -0.0003 29.9996 0.0000 0.0000 0.0000 -2.4212 -15.4055 -176.3580 -0.3189 -33.1936 0.1775 -67.4211 78.5906 -52.5503 0.0000 25.3510 0.0000 -13.4126 -18.4817 164.2258 0.3564 -11.1710 -0.1174 -13.7530 52.9750 1.4504 0.0000 25.6449 -0.0001 
3.8000 86.0027 -17.4383 -5.9278 -0.3644 -4.5848 4.5989 2.5517 -2.6736 4.6112 2.5590 -2.6806 4.6125 2.5598 -2.6813 141.6667 86.7015 39.9015 74.6785 54.3854 98.3190 30.1704 0.6593 9.4043 -0.1095 1.2901 -0.5058 0.0000 0.0000 0.0001 0.0000 0.0000 0.0000 0.0000 -0.0013 -0.0008 0.0000 -0.0004 0.0001 0.0000 0.0000 0.0000 0.0000 0.0000 0.0000 0.0000 0.0002 -0.0001 0.0000 -0.0006 0.0003 0.0000 0.0004 -0.0006 0.0000 0.0000 0.0001 0.0000 0.0000 0.0000 0.0000 -0.0010 -0.0002 0.0000 0.0002 30.0001 -0.0001 0.0005 -29.9998 0.0000 0.0000 0.0000 -1.8496 -0.8099 2.5808 -1.8496 -0.8099 2.5808 171.6039 74.3983 -91.7317 -68.2323 66.2856 -98.1163 -30.8704 6.3724 -16.7295 0.1484 0.7770 0.6578 0.0000 -0.0001 0.0001 0.0000 0.0000 0.0000 0.0000 -0.0006 0.0003 0.0000 -0.0001 0.0001 0.0000 0.0000 0.0000 0.0000 0.0000 0.0000 0.0000 0.0007 0.0001 0.0000 -0.0012 0.0001 0.0000 -0.0008 0.0003 0.0000 0.0001 0.0000 0.0000 0.0000 0.0000 0.0000 -0.0009 0.0000 0.0000 0.0002 -29.9997 -0.0001 -0.0003 29.9996 0.0000 0.0000 0.0000 -2.3863 -15.4712 -176.4419 -0.3242 -33.3501 0.1796 -67.8333 78.6034 -52.8857 0.0000 25.3510 0.0000 -13.3828 -18.4945 164.1636 0.3565 -11.1699 -0.1174 -13.7463 53.0727 1.4481 0.0000 25.6474 -0.0001 
3.8388 86.0763 -17.4509 -6.0465 -0.3932 -4.5140 4.5960 2.5508 -2.6672 4.6082 2.5580 -2.6741 4.6096 2.5588 -2.6749 140.9140 86.7105 39.0225 74.2500 53.9547 97.5706 29.3608 0.4127 8.6533 -0.1002 1.2929 -0.4821 0.0000 0.0000 0.0001 0.0000 0.0000 0.0000 0.0000 -0.0013 -0.0008 0.0000 -0.0004 0.0001 0.0000 0.0000 0.0000 0.0000 0.0000 0.0000 0.0000 0.0002 0.0000 0.0000 -0.0006 0.0003 0.0000 0.0004 -0.0006 0.0000 0.0000 0.0001 0.0000 0.0000 0.0000 0.0000 -0.0010 -0.0002 0.0000 0.0002 30.0001 -0.0001 0.0005 -29.9998 0.0000 0.0000 0.0000 -1.9199 -0.8044 2.6231 -1.9199 -0.8044 2.6231 171.2380 74.2795 -92.1595 -67.9193 66.1127 -97.2141 -30.3638 5.8934 -15.3908 0.1319 0.7618 0.6066 0.0000 -0.0001 0.0001 0.0000 0.0000 0.0000 0.0000 -0.0006 0.0003 0.0000 -0.0001 0.0001 0.0000 0.0000 0.0000 0.0000 0.0000 0.0000 0.0000 0.0007 0.0001 0.0000 -0.0012 0.0001 0.0000 -0.0008 0.0003 0.0000 0.0001 0.0000 0.0000 0.0000 0.0000 0.0000 -0.0009 0.0000 0.0000 0.0002 -29.9997 -0.0001 -0.0003 29.9996 0.0000 0.0000 0.0000 -2.3632 -15.5298 -176.5320 -0.3312 -33.5038 0.1822 -68.2817 78.6095 -53.2420 0.0000 25.3510 0.0000 -13.3957 -18.5161 164.1239 0.3586 -11.1680 -0.1176 -13.8030 53.1731 1.4100 0.0000 25.6498 -0.0001 
3.8732 86.1576 -17.4603 -6.1763 -0.4212 -4.4460 4.5943 2.5436 -2.6582 4.6066 2.5508 -2.6651 4.6080 2.5516 -2.6659 141.0616 86.6992 39.0613 73.7399 53.7539 96.6927 28.4714 0.2041 7.9489 -0.0915 1.2926 -0.4621 0.0000 0.0000 0.0001 0.0000 0.0000 0.0000 0.0000 -0.0013 -0.0008 0.0000 -0.0004 0.0001 0.0000 0.0000 0.0000 0.0000 0.0000 0.0000 0.0000 0.0002 0.0000 0.0000 -0.0006 0.0003 0.0000 0.0004 -0.0006 0.0000 0.0000 0.0001 0.0000 0.0000 0.0000 0.0000 -0.0010 -0.0002 0.0000 0.0002 30.0001 -0.0001 0.0005 -29.9998 0.0000 0.0000 0.0000 -1.9914 -0.7901 2.6641 -1.9914 -0.7901 2.6641 170.8354 74.1127 -92.6127 -67.5565 65.9588 -96.3075 -29.8616 5.3065 -14.1670 0.1172 0.7497 0.5605 0.0000 -0.0001 0.0001 0.0000 0.0000 0.0000 0.0000 -0.0006 0.0003 0.0000 -0.0001 0.0001 0.0000 0.0000 0.0000 0.0000 0.0000 0.0000 0.0000 0.0007 0.0001 0.0000 -0.0012 0.0001 0.0000 -0.0008 0.0003 0.0000 0.0001 0.0000 0.0000 0.0000 0.0000 0.0000 -0.0009 0.0000 0.0000 0.0002 -29.9996 -0.0001 -0.0003 29.9996 0.0000 0.0000 0.0000 -2.3355 -15.5820 -176.6172 -0.3386 -33.6538 0.1849 -68.7565 78.6106 -53.6234 0.0000 25.3510 0.0000 -13.4430 -18.4975 164.1055 0.3578 -11.0629 -0.1172 -13.8830 53.2137 1.3766 0.0000 25.6521 -0.0001 
3.9051 86.2506 -17.4668 -6.3136 -0.4446 -4.3839 4.5922 2.5289 -2.6457 4.6044 2.5361 -2.6525 4.6059 2.5369 -2.6533 141.8087 86.6723 39.7118 73.1658 53.7769 95.7102 27.5685 0.0445 7.2740 -0.0832 1.2898 -0.4442 0.0000 0.0000 0.0001 0.0000 0.0000 0.0000 0.0000 -0.0013 -0.0008 0.0000 -0.0004 0.0001 0.0000 0.0000 0.0000 0.0000 0.0000 0.0000 0.0000 0.0002 0.0000 0.0000 -0.0006 0.0003 0.0000 0.0004 -0.0006 0.0000 0.0000 0.0001 0.0000 0.0000 0.0000 0.0000 -0.0010 -0.0002 0.0000 0.0002 30.0001 -0.0001 0.0005 -29.9998 0.0000 0.0000 0.0000 -2.0624 -0.7685 2.7015 -2.0624 -0.7685 2.7015 170.4437 73.9335 -93.0400 -67.1743 65.8182 -95.4172 -29.3797 4.6565 -13.0255 0.1040 0.7408 0.5188 0.0000 -0.0001 0.0001 0.0000 0.0000 0.0000 0.0000 -0.0006 0.0003 0.0000 -0.0001 0.0001 0.0000 0.0000 0.0000 0.0000 0.0000 0.0000 0.0000 0.0007 0.0001 0.0000 -0.0012 0.0001 0.0000 -0.0008 0.0003 0.0000 0.0001 0.0000 0.0000 0.0000 0.0000 0.0000 -0.0008 0.0000 0.0000 0.0002 -29.9997 -0.0001 -0.0003 29.9996 0.0000 0.0000 0.0000 -2.3031 -15.6306 -176.6923 -0.3453 -33.7996 0.1874 -69.2593 78.6076 -54.0365 0.0000 25.3510 0.0000 -13.5275 -18.3900 164.1111 0.3507 -10.7531 -0.1156 -13.9506 53.1400 1.3778 0.0000 25.6541 -0.0001 
3.9335 86.2961 -17.4659 -6.4536 -0.4594 -4.3353 4.5837 2.5045 -2.6276 4.5958 2.5115 -2.6343 4.5973 2.5124 -2.6352 142.9044 86.6332 40.7152 72.5085 54.0928 94.5720 26.7000 -0.0563 6.6634 -0.0758 1.2846 -0.4286 0.0000 0.0000 0.0001 0.0000 0.0000 0.0000 0.0000 -0.0013 -0.0008 0.0000 -0.0004 0.0001 0.0000 0.0000 0.0000 0.0000 0.0000 0.0000 0.0000 0.0002 0.0000 0.0000 -0.0006 0.0003 0.0000 0.0004 -0.0006 0.0000 0.0000 0.0001 0.0000 0.0000 0.0000 0.0000 -0.0010 -0.0002 0.0000 0.0002 30.0001 -0.0001 0.0005 -29.9998 0.0000 0.0000 0.0000 -2.1266 -0.7371 2.7323 -2.1266 -0.7371 2.7323 170.0785 73.7476 -93.4149 -66.7760 65.8111 -94.5539 -29.0298 3.9658 -11.9661 0.0923 0.7347 0.4810 0.0000 -0.0001 0.0001 0.0000 0.0000 0.0000 0.0000 -0.0006 0.0003 0.0000 -0.0001 0.0001 0.0000 0.0000 0.0000 0.0000 0.0000 0.0000 0.0000 0.0007 0.0001 0.0000 -0.0012 0.0001 0.0000 -0.0008 0.0003 0.0000 0.0001 0.0000 0.0000 0.0000 0.0000 0.0000 -0.0008 0.0000 0.0000 0.0002 -29.9996 -0.0001 -0.0003 29.9996 0.0000 0.0000 0.0000 -2.2620 -15.6685 -176.7461 -0.3493 -33.9369 0.1890 -69.8121 78.6031 -54.5145 0.0000 25.3510 0.0000 -13.6838 -18.0449 164.1594 0.3273 -9.9265 -0.1110 -13.9376 52.7880 1.4863 0.0000 25.6553 -0.0001 
3.9590 86.3489 -17.4604 -6.5808 -0.4741 -4.3013 4.5677 2.4772 -2.6064 4.5796 2.4840 -2.6130 4.5813 2.4850 -2.6140 143.8051 86.5871 41.5329 71.8220 54.5780 93.3559 25.9406 -0.1477 6.1190 -0.0692 1.2795 -0.4130 0.0000 0.0000 0.0001 0.0000 0.0000 0.0000 0.0000 -0.0013 -0.0008 0.0000 -0.0004 0.0001 0.0000 0.0000 0.0000 0.0000 0.0000 0.0000 0.0000 0.0002 0.0000 0.0000 -0.0006 0.0003 0.0000 0.0004 -0.0006 0.0000 0.0000 0.0001 0.0000 0.0000 0.0000 0.0000 -0.0010 -0.0002 0.0000 0.0002 30.0001 -0.0001 0.0005 -29.9998 0.0000 0.0000 0.0000 -2.1865 -0.6964 2.7597 -2.1865 -0.6964 2.7597 169.7142 73.5861 -93.7565 -66.3994 65.9082 -93.7641 -28.7710 3.2972 -10.9398 0.0818 0.7310 0.4479 0.0000 -0.0001 0.0001 0.0000 0.0000 0.0000 0.0000 -0.0006 0.0003 0.0000 -0.0001 0.0001 0.0000 0.0000 0.0000 0.0000 0.0000 0.0000 0.0000 0.0007 0.0001 0.0000 -0.0011 0.0001 0.0000 -0.0008 0.0003 0.0000 0.0001 0.0000 0.0000 0.0000 0.0000 0.0000 -0.0008 0.0000 0.0000 0.0002 -29.9997 -0.0001 -0.0003 29.9996 0.0000 0.0000 0.0000 -2.2232 -15.6929 -176.7808 -0.3518 -34.0659 0.1902 -70.3804 78.6014 -55.0244 0.0000 25.3510 0.0000 -13.9095 -17.4397 164.2437 0.2865 -8.5728 -0.1041 -13.8307 52.1597 1.7017 0.0000 25.6559 -0.0001 
3.9820 86.4063 -17.4544 -6.6909 -0.4902 -4.2778 4.5433 2.4510 -2.5834 4.5550 2.4577 -2.5898 4.5568 2.4588 -2.5909 144.2734 86.5487 41.9287 71.1066 55.1524 92.0712 25.2527 -0.2488 5.5544 -0.0625 1.2762 -0.3959 0.0000 0.0000 0.0001 0.0000 0.0000 0.0000 0.0000 -0.0013 -0.0008 0.0000 -0.0004 0.0001 0.0000 0.0000 0.0000 0.0000 0.0000 0.0000 0.0000 0.0002 0.0000 0.0000 -0.0006 0.0003 0.0000 0.0004 -0.0006 0.0000 0.0000 0.0001 0.0000 0.0000 0.0000 0.0000 -0.0010 -0.0002 0.0000 0.0002 30.0001 -0.0001 0.0005 -29.9998 0.0000 0.0000 0.0000 -2.2420 -0.6503 2.7840 -2.2420 -0.6503 2.7840 169.3969 73.4625 -94.0297 -66.0333 66.0834 -93.0128 -28.5417 2.6793 -9.9447 0.0724 0.7287 0.4186 0.0000 -0.0001 0.0001 0.0000 0.0000 0.0000 0.0000 -0.0006 0.0003 0.0000 -0.0001 0.0001 0.0000 0.0000 0.0000 0.0000 0.0000 0.0000 0.0000 0.0007 0.0001 0.0000 -0.0011 0.0001 0.0000 -0.0008 0.0003 0.0000 0.0001 0.0000 0.0000 0.0000 0.0000 0.0000 -0.0009 0.0000 0.0000 0.0002 -29.9996 -0.0001 -0.0003 29.9996 0.0000 0.0000 0.0000 -2.1912 -15.7111 -176.8030 -0.3543 -34.1904 0.1914 -70.9407 78.6040 -55.5409 0.0000 25.3510 0.0000 -14.2007 -16.5747 164.3532 0.2271 -6.6991 -0.0959 -13.6291 51.2603 2.0183 0.0000 25.6560 -0.0001 
3.9999 86.4701 -17.4562 -6.7755 -0.5109 -4.2649 4.5089 2.4314 -2.5592 4.5203 2.4379 -2.5654 4.5224 2.4391 -2.5666 143.8630 86.5429 41.4591 70.4448 55.7211 90.8298 24.5969 -0.3633 4.9246 -0.0553 1.2750 -0.3785 0.0000 0.0000 0.0001 0.0000 0.0000 0.0000 0.0000 -0.0013 -0.0008 0.0000 -0.0004 0.0001 0.0000 0.0000 0.0000 0.0000 0.0000 0.0000 0.0000 0.0003 0.0000 0.0000 -0.0006 0.0003 0.0000 0.0004 -0.0006 0.0000 0.0000 0.0001 0.0000 0.0000 0.0000 0.0000 -0.0010 -0.0002 0.0000 0.0003 30.0001 -0.0001 0.0005 -29.9998 0.0000 0.0000 0.0000 -2.2931 -0.6009 2.8055 -2.2931 -0.6009 2.8054 169.2000 73.4304 -94.1506 -65.7735 66.3120 -92.3693 -28.2053 2.1390 -9.0149 0.0641 0.7273 0.3955 0.0000 -0.0001 0.0001 0.0000 0.0000 0.0000 0.0000 -0.0006 0.0003 0.0000 -0.0001 0.0001 0.0000 0.0000 0.0000 0.0000 0.0000 0.0000 0.0000 0.0007 0.0001 0.0000 -0.0012 0.0001 0.0000 -0.0008 0.0003 0.0000 0.0001 0.0000 0.0000 0.0000 0.0000 0.0000 -0.0009 0.0000 0.0000 0.0002 -29.9996 -0.0001 -0.0003 29.9996 0.0000 0.0000 0.0000 -2.1822 -15.7303 -176.8124 -0.3571 -34.3133 0.1927 -71.4668 78.6076 -56.0299 0.0000 25.3510 0.0000 -14.6478 -15.1441 164.5082 0.1267 -3.6803 -0.0868 -13.2399 49.7770 2.5383 0.0000 25.6552 -0.0001 
4.0122 86.5398 -17.4661 -6.8443 -0.5350 -4.2576 4.4691 2.4179 -2.5345 4.4802 2.4243 -2.5406 4.4824 2.4255 -2.5418 142.9857 86.5604 40.5344 69.7506 56.1894 89.5668 23.9887 -0.4637 4.2834 -0.0481 1.2773 -0.3590 0.0000 0.0000 0.0001 0.0000 0.0000 0.0000 0.0000 -0.0013 -0.0008 0.0000 -0.0004 0.0001 0.0000 0.0000 0.0000 0.0000 0.0000 0.0000 0.0000 0.0003 0.0000 0.0000 -0.0006 0.0003 0.0000 0.0004 -0.0006 0.0000 0.0000 0.0001 0.0000 0.0000 0.0000 0.0000 -0.0010 -0.0002 0.0000 0.0003 30.0001 -0.0001 0.0005 -29.9998 0.0000 0.0000 0.0000 -2.3416 -0.5512 2.8262 -2.3416 -0.5512 2.8262 169.1086 73.4534 -94.1464 -65.5938 66.6320 -91.8308 -27.8610 1.6235 -8.1626 0.0570 0.7280 0.3780 0.0000 -0.0001 0.0001 0.0000 0.0000 0.0000 0.0000 -0.0006 0.0003 0.0000 -0.0001 0.0001 0.0000 0.0000 0.0000 0.0000 0.0000 0.0000 0.0000 0.0007 0.0001 0.0000 -0.0012 0.0001 0.0000 -0.0008 0.0003 0.0000 0.0001 0.0000 0.0000 0.0000 0.0000 0.0000 -0.0008 0.0000 0.0000 0.0002 -29.9996 -0.0001 -0.0003 29.9996 0.0000 0.0000 0.0000 -2.1894 -15.7568 -176.8136 -0.3582 -34.4382 0.1934 -71.9562 78.6073 -56.4822 0.0000 25.3510 0.0000 -14.9700 -14.0615 164.6273 0.0496 -1.4156 -0.0833 -12.9826 48.6436 2.9054 0.0000 25.6536 -0.0001 
4.0201 86.6117 -17.4788 -6.9020 -0.5634 -4.2529 4.4279 2.4096 -2.5106 4.4387 2.4158 -2.5165 4.4410 2.4172 -2.5178 141.8675 86.5922 39.3951 69.0180 56.5276 88.2907 23.4206 -0.5564 3.6166 -0.0408 1.2828 -0.3366 0.0000 0.0000 0.0001 0.0000 0.0000 0.0000 0.0000 -0.0013 -0.0008 0.0000 -0.0004 0.0001 0.0000 0.0000 0.0000 0.0000 0.0000 0.0000 0.0000 0.0002 0.0000 0.0000 -0.0006 0.0003 0.0000 0.0004 -0.0006 0.0000 0.0000 0.0001 0.0000 0.0000 0.0000 0.0000 -0.0010 -0.0002 0.0000 0.0002 30.0001 -0.0001 0.0005 -29.9998 0.0000 0.0000 0.0000 -2.3912 -0.5019 2.8486 -2.3912 -0.5019 2.8486 169.0521 73.5101 -94.0832 -65.4541 66.9395 -91.3903 -27.4903 1.1307 -7.3537 0.0505 0.7308 0.3644 0.0000 -0.0001 0.0001 0.0000 0.0000 0.0000 0.0000 -0.0006 0.0003 0.0000 -0.0001 0.0001 0.0000 0.0000 0.0000 0.0000 0.0000 0.0000 0.0000 0.0007 0.0001 0.0000 -0.0011 0.0001 0.0000 -0.0008 0.0003 0.0000 0.0001 0.0000 0.0000 0.0000 0.0000 0.0000 -0.0009 0.0000 0.0000 0.0002 -29.9996 -0.0001 -0.0003 29.9996 0.0000 0.0000 0.0000 -2.2100 -15.7868 -176.8107 -0.3584 -34.5648 0.1939 -72.4201 78.6035 -56.9055 0.0000 25.3510 0.0000 -15.1497 -13.4320 164.7099 0.0044 -0.1246 -0.0827 -12.8805 47.9792 3.0985 0.0000 25.6515 -0.0001 
4.0251 86.6884 -17.4892 -6.9569 -0.5947 -4.2462 4.3890 2.4054 -2.4900 4.3995 2.4116 -2.4959 4.4020 2.4130 -2.4972 140.5318 86.6427 38.0735 68.2354 56.6540 86.9966 22.8545 -0.6212 2.9106 -0.0331 1.2917 -0.3100 0.0000 0.0000 0.0001 0.0000 0.0000 0.0000 0.0000 -0.0013 -0.0008 0.0000 -0.0004 0.0001 0.0000 0.0000 0.0000 0.0000 0.0000 0.0000 0.0000 0.0002 0.0000 0.0000 -0.0006 0.0003 0.0000 0.0004 -0.0006 0.0000 0.0000 0.0001 0.0000 0.0000 0.0000 0.0000 -0.0010 -0.0002 0.0000 0.0003 30.0001 -0.0001 0.0005 -29.9998 0.0000 0.0000 0.0000 -2.4424 -0.4540 2.8755 -2.4424 -0.4540 2.8755 169.0811 73.6023 -93.9266 -65.3802 67.1148 -91.1210 -26.9829 0.6854 -6.5705 0.0445 0.7353 0.3556 0.0000 -0.0001 0.0001 0.0000 0.0000 0.0000 0.0000 -0.0006 0.0003 0.0000 -0.0001 0.0001 0.0000 0.0000 0.0000 0.0000 0.0000 0.0000 0.0000 0.0007 0.0001 0.0000 -0.0011 0.0001 0.0000 -0.0008 0.0003 0.0000 0.0001 0.0000 0.0000 0.0000 0.0000 0.0000 -0.0009 0.0000 0.0000 0.0002 -29.9996 -0.0001 -0.0003 29.9996 0.0000 0.0000 0.0000 -2.2305 -15.8242 -176.8102 -0.3591 -34.6970 0.1946 -72.8542 78.5993 -57.2976 0.0000 25.3510 0.0000 -15.1684 -13.3474 164.7543 0.0000 0.0001 -0.0827 -12.9603 47.8904 3.0963 0.0000 25.6487 -0.0001 
4.0302 86.7669 -17.4962 -7.0181 -0.6276 -4.2367 4.3543 2.4036 -2.4716 4.3646 2.4097 -2.4773 4.3673 2.4112 -2.4787 139.0878 86.7000 36.6495 67.4112 56.6405 85.6687 22.2551 -0.6469 2.2341 -0.0259 1.3031 -0.2823 0.0000 0.0000 0.0001 0.0000 0.0000 0.0000 0.0000 -0.0013 -0.0008 0.0000 -0.0004 0.0001 0.0000 0.0000 0.0000 0.0000 0.0000 0.0000 0.0000 0.0002 0.0000 0.0000 -0.0006 0.0003 0.0000 0.0004 -0.0006 0.0000 0.0000 0.0001 0.0000 0.0000 0.0000 0.0000 -0.0010 -0.0002 0.0000 0.0002 30.0001 -0.0001 0.0005 -29.9998 0.0000 0.0000 0.0000 -2.4948 -0.4089 2.9081 -2.4948 -0.4089 2.9081 169.1582 73.7228 -93.7303 -65.3542 67.1703 -90.9611 -26.3329 0.2798 -5.7870 0.0388 0.7416 0.3501 0.0000 -0.0001 0.0001 0.0000 0.0000 0.0000 0.0000 -0.0006 0.0003 0.0000 -0.0001 0.0001 0.0000 0.0000 0.0000 0.0000 0.0000 0.0000 0.0000 0.0007 0.0001 0.0000 -0.0012 0.0001 0.0000 -0.0008 0.0003 0.0000 0.0001 0.0000 0.0000 0.0000 0.0000 0.0000 -0.0008 0.0000 0.0000 0.0002 -29.9997 -0.0001 -0.0003 29.9996 0.0000 0.0000 0.0000 -2.2363 -15.8677 -176.8138 -0.3616 -34.8366 0.1959 -73.2659 78.5980 -57.6708 0.0000 25.3510 0.0000 -15.1796 -13.3238 164.7962 0.0006 -0.0163 -0.0827 -13.0713 47.8831 3.0732 0.0000 25.6456 -0.0001 
4.0346 86.8448 -17.5028 -7.0830 -0.6588 -4.2251 4.3257 2.4016 -2.4555 4.3358 2.4075 -2.4611 4.3385 2.4091 -2.4626 137.6142 86.7471 35.2003 66.5254 56.5775 84.2596 21.6743 -0.6414 1.6366 -0.0195 1.3162 -0.2530 0.0000 0.0000 0.0001 0.0000 0.0000 0.0000 0.0000 -0.0013 -0.0008 0.0000 -0.0004 0.0001 0.0000 0.0000 0.0000 0.0000 0.0000 0.0000 0.0000 0.0003 0.0000 0.0000 -0.0006 0.0003 0.0000 0.0004 -0.0006 0.0000 0.0000 0.0001 0.0000 0.0000 0.0000 0.0000 -0.0010 -0.0002 0.0000 0.0002 30.0001 -0.0001 0.0005 -29.9998 0.0000 0.0000 0.0000 -2.5536 -0.3647 2.9497 -2.5536 -0.3647 2.9497 169.2327 73.8581 -93.5413 -65.3543 67.1511 -90.8654 -25.6070 -0.0955 -5.0075 0.0331 0.7476 0.3463 0.0000 -0.0001 0.0001 0.0000 0.0000 0.0000 0.0000 -0.0006 0.0003 0.0000 -0.0001 0.0001 0.0000 0.0000 0.0000 0.0000 0.0000 0.0000 0.0000 0.0007 0.0001 0.0000 -0.0012 0.0001 0.0000 -0.0008 0.0003 0.0000 0.0001 0.0000 0.0000 0.0000 0.0000 0.0000 -0.0009 0.0000 0.0000 0.0002 -29.9996 -0.0001 -0.0003 29.9996 0.0000 0.0000 0.0000 -2.2279 -15.9185 -176.8192 -0.3643 -34.9834 0.1972 -73.6656 78.6003 -58.0381 0.0000 25.3510 0.0000 -15.2090 -13.2880 164.8422 0.0000 0.0000 -0.0827 -13.1846 47.8693 3.0590 0.0000 25.6423 -0.0001 
4.0382 86.9349 -17.5105 -7.1506 -0.6839 -4.2098 4.3059 2.3985 -2.4435 4.3160 2.4044 -2.4491 4.3187 2.4060 -2.4506 136.2937 86.7690 33.8879 65.6103 56.5313 82.8170 21.1748 -0.6373 1.1309 -0.0139 1.3311 -0.2231 0.0000 0.0000 0.0001 0.0000 0.0000 0.0000 0.0000 -0.0013 -0.0008 0.0000 -0.0004 0.0001 0.0000 0.0000 0.0000 0.0000 0.0000 0.0000 0.0000 0.0002 0.0000 0.0000 -0.0006 0.0003 0.0000 0.0004 -0.0006 0.0000 0.0000 0.0001 0.0000 0.0000 0.0000 0.0000 -0.0010 -0.0002 0.0000 0.0002 30.0001 -0.0001 0.0005 -29.9998 0.0000 0.0000 0.0000 -2.6247 -0.3220 3.0089 -2.6247 -0.3220 3.0089 169.2734 74.0011 -93.4011 -65.3648 67.0262 -90.8112 -24.8184 -0.4463 -4.2367 0.0275 0.7539 0.3437 0.0000 -0.0001 0.0001 0.0000 0.0000 0.0000 0.0000 -0.0006 0.0003 0.0000 -0.0001 0.0001 0.0000 0.0000 0.0000 0.0000 0.0000 0.0000 0.0000 0.0007 0.0001 0.0000 -0.0012 0.0001 0.0000 -0.0008 0.0003 0.0000 0.0001 0.0000 0.0000 0.0000 0.0000 0.0000 -0.0009 0.0000 0.0000 0.0002 -29.9997 -0.0001 -0.0003 29.9996 0.0000 0.0000 0.0000 -2.2009 -15.9796 -176.8263 -0.3662 -35.1406 0.1984 -74.0616 78.6079 -58.4117 0.0000 25.3510 0.0000 -15.2473 -13.2734 164.8877 0.0000 0.0001 -0.0827 -13.2959 47.8773 3.0500 0.0000 25.6389 -0.0001 
4.0417 87.0237 -17.5165 -7.2176 -0.7070 -4.1941 4.2944 2.3958 -2.4330 4.3044 2.4017 -2.4385 4.3072 2.4034 -2.4400 134.8692 86.7803 32.4484 64.7658 56.5577 81.4704 20.7469 -0.6758 0.6500 -0.0085 1.3478 -0.1959 0.0000 0.0000 0.0001 0.0000 0.0000 0.0000 0.0000 -0.0013 -0.0008 0.0000 -0.0004 0.0001 0.0000 0.0000 0.0000 0.0000 0.0000 0.0000 0.0000 0.0002 0.0000 0.0000 -0.0006 0.0003 0.0000 0.0004 -0.0006 0.0000 0.0000 0.0001 0.0000 0.0000 0.0000 0.0000 -0.0010 -0.0002 0.0000 0.0002 30.0001 -0.0001 0.0005 -29.9998 0.0000 0.0000 0.0000 -2.7100 -0.2809 3.0823 -2.7100 -0.2809 3.0823 169.2953 74.1432 -93.2975 -65.3881 66.8434 -90.7675 -24.0147 -0.8041 -3.4825 0.0220 0.7602 0.3411 0.0000 -0.0001 0.0001 0.0000 0.0000 0.0000 0.0000 -0.0006 0.0003 0.0000 -0.0001 0.0001 0.0000 0.0000 0.0000 0.0000 0.0000 0.0000 0.0000 0.0007 0.0001 0.0000 -0.0012 0.0001 0.0000 -0.0008 0.0003 0.0000 0.0001 0.0000 0.0000 0.0000 0.0000 0.0000 -0.0009 0.0000 0.0000 0.0002 -29.9996 -0.0001 -0.0003 29.9996 0.0000 0.0000 0.0000 -2.1679 -16.0413 -176.8325 -0.3686 -35.3030 0.1997 -74.4687 78.6200 -58.8009 0.0000 25.3510 0.0000 -15.2834 -13.2617 164.9312 0.0000 0.0001 -0.0827 -13.3938 47.9023 3.0377 0.0000 25.6363 -0.0001 
4.0423 87.1131 -17.5194 -7.2789 -0.7286 -4.1798 4.2901 2.3935 -2.4228 4.3000 2.3994 -2.4282 4.3029 2.4011 -2.4298 133.3326 86.7812 30.8744 64.0183 56.6591 80.2615 20.3692 -0.7704 0.1635 -0.0028 1.3649 -0.1719 0.0000 0.0000 0.0001 0.0000 0.0000 0.0000 0.0000 -0.0013 -0.0008 0.0000 -0.0004 0.0001 0.0000 0.0000 0.0000 0.0000 0.0000 0.0000 0.0000 0.0003 0.0000 0.0000 -0.0006 0.0003 0.0000 0.0004 -0.0006 0.0000 0.0000 0.0001 0.0000 0.0000 0.0000 0.0000 -0.0010 -0.0002 0.0000 0.0002 30.0001 -0.0001 0.0005 -29.9998 0.0000 0.0000 0.0000 -2.8058 -0.2419 3.1622 -2.8058 -0.2419 3.1622 169.3065 74.2845 -93.2178 -65.4188 66.6513 -90.7237 -23.2214 -1.1592 -2.7593 0.0166 0.7663 0.3386 0.0000 -0.0001 0.0001 0.0000 0.0000 0.0000 0.0000 -0.0006 0.0003 0.0000 -0.0001 0.0001 0.0000 0.0000 0.0000 0.0000 0.0000 0.0000 0.0000 0.0007 0.0001 0.0000 -0.0012 0.0001 0.0000 -0.0008 0.0003 0.0000 0.0001 0.0000 0.0000 0.0000 0.0000 0.0000 -0.0009 0.0000 0.0000 0.0002 -29.9996 -0.0001 -0.0003 29.9996 0.0000 0.0000 0.0000 -2.1387 -16.1031 -176.8365 -0.3716 -35.4680 0.2013 -74.8788 78.6342 -59.1946 0.0000 25.3510 0.0000 -15.3164 -13.2446 164.9756 0.0000 0.0000 -0.0827 -13.4801 47.9418 3.0142 0.0000 25.6342 -0.0001 
4.0331 87.1898 -17.5178 -7.3214 -0.7474 -4.1665 4.2942 2.3917 -2.4137 4.3041 2.3976 -2.4191 4.3069 2.3993 -2.4206 131.6030 86.7696 29.0836 63.4372 56.8613 79.3011 20.0723 -0.9583 -0.3694 0.0036 1.3833 -0.1528 0.0000 0.0000 0.0001 0.0000 0.0000 0.0000 0.0000 -0.0013 -0.0008 0.0000 -0.0004 0.0001 0.0000 0.0000 0.0000 0.0000 0.0000 0.0000 0.0000 0.0002 0.0000 0.0000 -0.0006 0.0003 0.0000 0.0004 -0.0006 0.0000 0.0000 0.0001 0.0000 0.0000 0.0000 0.0000 -0.0010 -0.0002 0.0000 0.0003 30.0001 -0.0001 0.0005 -29.9998 0.0000 0.0000 0.0000 -2.9235 -0.2043 3.2520 -2.9235 -0.2043 3.2520 169.3034 74.4244 -93.1595 -65.4401 66.4886 -90.6565 -22.4873 -1.4783 -2.1348 0.0118 0.7713 0.3368 0.0000 -0.0001 0.0001 0.0000 0.0000 0.0000 0.0000 -0.0006 0.0003 0.0000 -0.0001 0.0001 0.0000 0.0000 0.0000 0.0000 0.0000 0.0000 0.0000 0.0007 0.0001 0.0000 -0.0012 0.0001 0.0000 -0.0008 0.0003 0.0000 0.0001 0.0000 0.0000 0.0000 0.0000 0.0000 -0.0009 0.0000 0.0000 0.0002 -29.9997 -0.0001 -0.0003 29.9996 0.0000 0.0000 0.0000 -2.1245 -16.1644 -176.8385 -0.3752 -35.6335 0.2030 -75.2878 78.6512 -59.5907 0.0000 25.3510 0.0000 -15.3493 -13.2280 165.0152 0.0006 -0.0163 -0.0827 -13.5426 48.0026 2.9778 0.0000 25.6329 -0.0001 
4.0137 87.2697 -17.5129 -7.3412 -0.7625 -4.1527 4.3001 2.3886 -2.4053 4.3100 2.3945 -2.4107 4.3129 2.3961 -2.4123 129.8304 86.7598 27.2300 63.0030 57.0756 78.5672 19.8304 -1.1936 -0.9116 0.0103 1.4011 -0.1376 0.0000 0.0000 0.0001 0.0000 0.0000 0.0000 0.0000 -0.0013 -0.0008 0.0000 -0.0004 0.0001 0.0000 0.0000 0.0000 0.0000 0.0000 0.0000 0.0000 0.0002 0.0000 0.0000 -0.0006 0.0003 0.0000 0.0004 -0.0006 0.0000 0.0000 0.0001 0.0000 0.0000 0.0000 0.0000 -0.0010 -0.0002 0.0000 0.0002 30.0001 -0.0001 0.0005 -29.9998 0.0000 0.0000 0.0000 -3.0595 -0.1642 3.3477 -3.0595 -0.1642 3.3477 169.3096 74.5576 -93.0949 -65.4308 66.3584 -90.5547 -21.8618 -1.7487 -1.6407 0.0080 0.7763 0.3358 0.0000 -0.0001 0.0001 0.0000 0.0000 0.0000 0.0000 -0.0006 0.0003 0.0000 -0.0001 0.0001 0.0000 0.0000 0.0000 0.0000 0.0000 0.0000 0.0000 0.0007 0.0001 0.0000 -0.0012 0.0001 0.0000 -0.0008 0.0003 0.0000 0.0001 0.0000 0.0000 0.0000 0.0000 0.0000 -0.0009 0.0000 0.0000 0.0002 -29.9997 -0.0001 -0.0003 29.9996 0.0000 0.0000 0.0000 -2.1281 -16.2218 -176.8386 -0.3774 -35.7955 0.2043 -75.7107 78.6694 -60.0048 0.0000 25.3510 0.0000 -15.3998 -13.1933 165.0532 0.0000 0.0000 -0.0827 -13.5885 48.0512 2.9312 0.0000 25.6324 -0.0001 
3.9909 87.3630 -17.5058 -7.3407 -0.7738 -4.1396 4.3045 2.3848 -2.3963 4.3144 2.3907 -2.4017 4.3173 2.3923 -2.4032 127.9291 86.7611 25.2382 62.6790 57.2727 78.0114 19.6140 -1.4406 -1.4373 0.0169 1.4185 -0.1265 0.0000 0.0000 0.0001 0.0000 0.0000 0.0000 0.0000 -0.0013 -0.0008 0.0000 -0.0004 0.0001 0.0000 0.0000 0.0000 0.0000 0.0000 0.0000 0.0000 0.0002 0.0000 0.0000 -0.0006 0.0003 0.0000 0.0004 -0.0006 0.0000 0.0000 0.0001 0.0000 0.0000 0.0000 0.0000 -0.0010 -0.0002 0.0000 0.0002 30.0001 -0.0001 0.0005 -29.9998 0.0000 0.0000 0.0000 -3.2065 -0.1218 3.4438 -3.2065 -0.1218 3.4438 169.3464 74.6905 -93.0057 -65.4067 66.2471 -90.4356 -21.3473 -1.9660 -1.2589 0.0050 0.7814 0.3351 0.0000 -0.0001 0.0001 0.0000 0.0000 0.0000 0.0000 -0.0006 0.0003 0.0000 -0.0001 0.0001 0.0000 0.0000 0.0000 0.0000 0.0000 0.0000 0.0000 0.0007 0.0001 0.0000 -0.0012 0.0001 0.0000 -0.0008 0.0003 0.0000 0.0001 0.0000 0.0000 0.0000 0.0000 0.0000 -0.0009 0.0000 0.0000 0.0002 -29.9996 -0.0001 -0.0003 29.9996 0.0000 0.0000 0.0000 -2.1450 -16.2707 -176.8360 -0.3783 -35.9507 0.2052 -76.1564 78.6905 -60.4478 0.0000 25.3510 0.0000 -15.4500 -13.1884 165.0865 0.0019 -0.0487 -0.0827 -13.6365 48.1282 2.8575 0.0000 25.6325 -0.0001 
3.9731 87.4640 -17.5006 -7.3077 -0.7755 -4.1258 4.3051 2.3775 -2.3885 4.3150 2.3833 -2.3939 4.3179 2.3850 -2.3954 126.0193 86.7769 23.2436 62.4384 57.4358 77.6141 19.4280 -1.6624 -1.8795 0.0226 1.4346 -0.1201 0.0000 0.0000 0.0001 0.0000 0.0000 0.0000 0.0000 -0.0013 -0.0008 0.0000 -0.0004 0.0001 0.0000 0.0000 0.0000 0.0000 0.0000 0.0000 0.0000 0.0002 0.0000 0.0000 -0.0006 0.0003 0.0000 0.0004 -0.0006 0.0000 0.0000 0.0001 0.0000 0.0000 0.0000 0.0000 -0.0010 -0.0002 0.0000 0.0002 30.0001 -0.0001 0.0005 -29.9998 0.0000 0.0000 0.0000 -3.3674 -0.0709 3.5378 -3.3674 -0.0709 3.5378 169.3963 74.8188 -92.9087 -65.3894 66.1393 -90.3240 -20.9577 -2.0942 -1.0027 0.0030 0.7853 0.3347 0.0000 -0.0001 0.0001 0.0000 0.0000 0.0000 0.0000 -0.0006 0.0003 0.0000 -0.0001 0.0001 0.0000 0.0000 0.0000 0.0000 0.0000 0.0000 0.0000 0.0007 0.0001 0.0000 -0.0012 0.0001 0.0000 -0.0008 0.0003 0.0000 0.0001 0.0000 0.0000 0.0000 0.0000 0.0000 -0.0009 0.0000 0.0000 0.0002 -29.9996 -0.0001 -0.0003 29.9996 0.0000 0.0000 0.0000 -2.1722 -16.3161 -176.8319 -0.3769 -36.0967 0.2052 -76.6040 78.7205 -60.9105 0.0000 25.3510 0.0000 -15.5338 -13.1409 165.1207 0.0000 0.0001 -0.0827 -13.6544 48.1277 2.7896 0.0000 25.6326 -0.0001 
3.9635 87.5686 -17.5022 -7.2460 -0.7666 -4.1077 4.2973 2.3673 -2.3836 4.3072 2.3730 -2.3889 4.3101 2.3747 -2.3905 124.1882 86.8053 21.3330 62.1742 57.5802 77.2181 19.2935 -1.8179 -2.1834 0.0266 1.4489 -0.1164 0.0000 0.0000 0.0001 0.0000 0.0000 0.0000 0.0000 -0.0013 -0.0008 0.0000 -0.0004 0.0001 0.0000 0.0000 0.0000 0.0000 0.0000 0.0000 0.0000 0.0002 0.0000 0.0000 -0.0006 0.0003 0.0000 0.0004 -0.0006 0.0000 0.0000 0.0001 0.0000 0.0000 0.0000 0.0000 -0.0010 -0.0002 0.0000 0.0002 30.0001 -0.0001 0.0005 -29.9998 0.0000 0.0000 0.0000 -3.5329 -0.0097 3.6279 -3.5329 -0.0097 3.6279 169.4372 74.9460 -92.8324 -65.4038 66.0307 -90.2355 -20.6054 -2.1583 -0.8323 0.0017 0.7876 0.3350 0.0000 -0.0001 0.0001 0.0000 0.0000 0.0000 0.0000 -0.0006 0.0003 0.0000 -0.0001 0.0001 0.0000 0.0000 0.0000 0.0000 0.0000 0.0000 0.0000 0.0007 0.0001 0.0000 -0.0012 0.0001 0.0000 -0.0008 0.0003 0.0000 0.0001 0.0000 0.0000 0.0000 0.0000 0.0000 -0.0008 0.0000 0.0000 0.0002 -29.9996 -0.0001 -0.0003 29.9996 0.0000 0.0000 0.0000 -2.1988 -16.3747 -176.8325 -0.3731 -36.2390 0.2045 -76.9946 78.7666 -61.3366 0.0000 25.3510 0.0000 -15.6200 -13.1541 165.1458 0.0019 -0.0487 -0.0827 -13.6679 48.1213 2.7095 0.0000 25.6315 -0.0001 
3.9633 87.6652 -17.5101 -7.1593 -0.7472 -4.0849 4.2832 2.3543 -2.3822 4.2929 2.3600 -2.3874 4.2959 2.3617 -2.3891 122.3798 86.8393 19.4560 61.8725 57.7138 76.7939 19.2147 -1.8952 -2.3468 0.0288 1.4617 -0.1144 0.0000 0.0000 0.0001 0.0000 0.0000 0.0000 0.0000 -0.0013 -0.0008 0.0000 -0.0004 0.0001 0.0000 0.0000 0.0000 0.0000 0.0000 0.0000 0.0000 0.0002 0.0000 0.0000 -0.0006 0.0003 0.0000 0.0004 -0.0006 0.0000 0.0000 0.0001 0.0000 0.0000 0.0000 0.0000 -0.0010 -0.0002 0.0000 0.0002 30.0001 -0.0001 0.0005 -29.9998 0.0000 0.0000 0.0000 -3.7047 0.0627 3.7163 -3.7047 0.0627 3.7163 169.4444 75.0677 -92.7957 -65.4617 65.9381 -90.1739 -20.2557 -2.1656 -0.7430 0.0011 0.7873 0.3364 0.0000 -0.0001 0.0001 0.0000 0.0000 0.0000 0.0000 -0.0006 0.0003 0.0000 -0.0001 0.0001 0.0000 0.0000 0.0000 0.0000 0.0000 0.0000 0.0000 0.0007 0.0001 0.0000 -0.0012 0.0001 0.0000 -0.0008 0.0003 0.0000 0.0001 0.0000 0.0000 0.0000 0.0000 0.0000 -0.0008 0.0000 0.0000 0.0002 -29.9996 -0.0001 -0.0003 29.9996 0.0000 0.0000 0.0000 -2.2248 -16.4543 -176.8401 -0.3688 -36.3832 0.2036 -77.3140 78.8306 -61.7070 0.0000 25.3510 0.0000 -15.7238 -13.1621 165.1618 0.0019 -0.0485 -0.0827 -13.6535 48.0337 2.6454 0.0000 25.6295 -0.0001 
3.9751 87.7616 -17.5312 -7.0415 -0.7116 -4.0575 4.2583 2.3394 -2.3839 4.2679 2.3450 -2.3891 4.2710 2.3468 -2.3908 120.5396 86.8790 17.5539 61.5458 57.8415 76.3540 19.1771 -1.8505 -2.3183 0.0286 1.4704 -0.1158 0.0000 0.0000 0.0001 0.0000 0.0000 0.0000 0.0000 -0.0013 -0.0008 0.0000 -0.0004 0.0001 0.0000 0.0000 0.0000 0.0000 0.0000 0.0000 0.0000 0.0002 0.0000 0.0000 -0.0006 0.0003 0.0000 0.0004 -0.0006 0.0000 0.0000 0.0001 0.0000 0.0000 0.0000 0.0000 -0.0010 -0.0002 0.0000 0.0003 30.0001 -0.0001 0.0005 -29.9998 0.0000 0.0000 0.0000 -3.8705 0.1467 3.7917 -3.8705 0.1467 3.7917 169.3957 75.1824 -92.8253 -65.5993 65.9073 -90.1570 -19.8554 -2.1047 -0.7703 0.0014 0.7831 0.3405 0.0000 -0.0001 0.0001 0.0000 0.0000 0.0000 0.0000 -0.0006 0.0003 0.0000 -0.0001 0.0001 0.0000 0.0000 0.0000 0.0000 0.0000 0.0000 0.0000 0.0007 0.0001 0.0000 -0.0012 0.0001 0.0000 -0.0008 0.0003 0.0000 0.0001 0.0000 0.0000 0.0000 0.0000 0.0000 -0.0008 0.0000 0.0000 0.0002 -29.9996 -0.0001 -0.0003 29.9996 0.0000 0.0000 0.0000 -2.2558 -16.5724 -176.8569 -0.3633 -36.5372 0.2024 -77.5221 78.9234 -61.9781 0.0000 25.3510 0.0000 -15.8297 -13.1734 165.1684 0.0000 0.0000 -0.0827 -13.5926 47.8114 2.6056 0.0000 25.6252 -0.0001 
4.0011 87.8610 -17.5688 -6.8993 -0.6652 -4.0256 4.2277 2.3254 -2.3884 4.2371 2.3309 -2.3936 4.2403 2.3327 -2.3953 118.5911 86.9150 15.5625 61.2398 57.9731 75.9439 19.1347 -1.7360 -2.1916 0.0271 1.4760 -0.1201 0.0000 0.0000 0.0001 0.0000 0.0000 0.0000 0.0000 -0.0013 -0.0008 0.0000 -0.0004 0.0001 0.0000 0.0000 0.0000 0.0000 0.0000 0.0000 0.0000 0.0002 0.0000 0.0000 -0.0006 0.0003 0.0000 0.0004 -0.0006 0.0000 0.0000 0.0001 0.0000 0.0000 0.0000 0.0000 -0.0010 -0.0002 0.0000 0.0002 30.0001 -0.0001 0.0005 -29.9998 0.0000 0.0000 0.0000 -4.0335 0.2352 3.8570 -4.0335 0.2352 3.8570 169.2643 75.2891 -92.9281 -65.8096 65.9587 -90.1895 -19.3954 -2.0125 -0.8866 0.0022 0.7749 0.3475 0.0000 -0.0001 0.0001 0.0000 0.0000 0.0000 0.0000 -0.0006 0.0003 0.0000 -0.0001 0.0001 0.0000 0.0000 0.0000 0.0000 0.0000 0.0000 0.0000 0.0007 0.0001 0.0000 -0.0012 0.0001 0.0000 -0.0008 0.0003 0.0000 0.0001 0.0000 0.0000 0.0000 0.0000 0.0000 -0.0009 0.0000 0.0000 0.0002 -29.9997 -0.0001 -0.0003 29.9996 0.0000 0.0000 0.0000 -2.3018 -16.7271 -176.8855 -0.3582 -36.7082 0.2012 -77.6444 79.0411 -62.1616 0.0000 25.3510 0.0000 -15.9026 -13.2302 165.1578 0.0000 0.0000 -0.0827 -13.4980 47.5148 2.5794 0.0000 25.6187 -0.0001 
4.0439 87.9599 -17.6213 -6.7358 -0.6115 -3.9905 4.1923 2.3141 -2.3948 4.2015 2.3195 -2.4000 4.2048 2.3214 -2.4018 116.4354 86.9508 13.3795 60.9983 58.0993 75.6064 19.0874 -1.5818 -1.9840 0.0244 1.4788 -0.1273 0.0000 0.0000 0.0001 0.0000 0.0000 0.0000 0.0000 -0.0013 -0.0008 0.0000 -0.0004 0.0001 0.0000 0.0000 0.0000 0.0000 0.0000 0.0000 0.0000 0.0002 0.0000 0.0000 -0.0006 0.0003 0.0000 0.0004 -0.0006 0.0000 0.0000 0.0001 0.0000 0.0000 0.0000 0.0000 -0.0010 -0.0002 0.0000 0.0002 30.0001 -0.0001 0.0005 -29.9998 0.0000 0.0000 0.0000 -4.1945 0.3224 3.9146 -4.1945 0.3224 3.9146 169.0563 75.3908 -93.0961 -66.0659 66.0859 -90.2621 -18.9152 -1.9053 -1.0796 0.0036 0.7650 0.3575 0.0000 -0.0001 0.0001 0.0000 0.0000 0.0000 0.0000 -0.0006 0.0003 0.0000 -0.0001 0.0001 0.0000 0.0000 0.0000 0.0000 0.0000 0.0000 0.0000 0.0007 0.0001 0.0000 -0.0012 0.0001 0.0000 -0.0008 0.0003 0.0000 0.0001 0.0000 0.0000 0.0000 0.0000 0.0000 -0.0009 0.0000 0.0000 0.0002 -29.9997 -0.0001 -0.0003 29.9996 0.0000 0.0000 0.0000 -2.3664 -16.9177 -176.9246 -0.3536 -36.8982 0.2004 -77.6751 79.1769 -62.2465 0.0000 25.3510 0.0000 -15.9470 -13.3039 165.1267 0.0000 0.0000 -0.0827 -13.3738 47.1433 2.5705 0.0000 25.6107 -0.0001 
4.1170 88.0185 -17.6949 -6.5473 -0.5519 -3.9559 4.1532 2.3099 -2.4005 4.1622 2.3152 -2.4056 4.1655 2.3172 -2.4075 113.9429 86.9875 10.8835 60.9212 58.1946 75.4532 19.0345 -1.4129 -1.6793 0.0205 1.4777 -0.1387 0.0000 0.0000 0.0001 0.0000 0.0000 0.0000 0.0000 -0.0013 -0.0008 0.0000 -0.0004 0.0001 0.0000 0.0000 0.0000 0.0000 0.0000 0.0000 0.0000 0.0002 0.0000 0.0000 -0.0006 0.0003 0.0000 0.0004 -0.0006 0.0000 0.0000 0.0001 0.0000 0.0000 0.0000 0.0000 -0.0010 -0.0002 0.0000 0.0002 30.0001 -0.0001 0.0005 -29.9998 0.0000 0.0000 0.0000 -4.3570 0.3977 3.9644 -4.3570 0.3977 3.9644 168.7504 75.4912 -93.3358 -66.3499 66.2973 -90.3780 -18.4805 -1.7816 -1.3619 0.0055 0.7537 0.3704 0.0000 -0.0001 0.0001 0.0000 0.0000 0.0000 0.0000 -0.0006 0.0003 0.0000 -0.0001 0.0001 0.0000 0.0000 0.0000 0.0000 0.0000 0.0000 0.0000 0.0007 0.0001 0.0000 -0.0012 0.0001 0.0000 -0.0008 0.0003 0.0000 0.0001 0.0000 0.0000 0.0000 0.0000 0.0000 -0.0009 0.0000 0.0000 0.0002 -29.9996 -0.0001 -0.0003 29.9996 0.0000 0.0000 0.0000 -2.4657 -17.1582 -176.9746 -0.3518 -37.1195 0.2006 -77.5616 79.3288 -62.1679 0.0000 25.3510 0.0000 -15.9240 -13.4222 165.0503 0.0020 -0.0487 -0.0827 -13.2203 46.7122 2.5764 0.0000 25.6030 -0.0001 
4.2043 88.0671 -17.7943 -6.3470 -0.4934 -3.9282 4.1133 2.3138 -2.4023 4.1221 2.3191 -2.4073 4.1255 2.3211 -2.4093 111.2067 87.0194 8.1634 60.9989 58.2502 75.4759 18.9881 -1.2558 -1.3138 0.0157 1.4745 -0.1527 0.0000 0.0000 0.0001 0.0000 0.0000 0.0000 0.0000 -0.0013 -0.0008 0.0000 -0.0004 0.0001 0.0000 0.0000 0.0000 0.0000 0.0000 0.0000 0.0000 0.0002 0.0000 0.0000 -0.0006 0.0003 0.0000 0.0004 -0.0006 0.0000 0.0000 0.0001 0.0000 0.0000 0.0000 0.0000 -0.0010 -0.0002 0.0000 0.0002 30.0001 -0.0001 0.0005 -29.9998 0.0000 0.0000 0.0000 -4.5226 0.4565 4.0120 -4.5226 0.4565 4.0120 168.3562 75.6032 -93.6363 -66.6139 66.5129 -90.4976 -18.1191 -1.6563 -1.6749 0.0075 0.7432 0.3844 0.0000 -0.0001 0.0001 0.0000 0.0000 0.0000 0.0000 -0.0006 0.0003 0.0000 -0.0001 0.0001 0.0000 0.0000 0.0000 0.0000 0.0000 0.0000 0.0000 0.0007 0.0001 0.0000 -0.0012 0.0001 0.0000 -0.0008 0.0003 0.0000 0.0001 0.0000 0.0000 0.0000 0.0000 0.0000 -0.0009 0.0000 0.0000 0.0002 -29.9997 -0.0001 -0.0003 29.9996 0.0000 0.0000 0.0000 -2.5936 -17.4271 -177.0249 -0.3509 -37.3664 0.2011 -77.3473 79.4827 -61.9695 0.0000 25.3510 0.0000 -15.8446 -13.4925 164.9562 0.0000 0.0001 -0.0827 -13.0356 46.1870 2.5875 0.0000 25.5958 -0.0001 
4.2909 88.1082 -17.9171 -6.1437 -0.4418 -3.9094 4.0726 2.3270 -2.3984 4.0813 2.3323 -2.4034 4.0847 2.3343 -2.4054 108.2979 87.0521 5.2842 61.1881 58.2750 75.6357 18.9584 -1.1066 -0.9087 0.0105 1.4695 -0.1686 0.0000 0.0000 0.0001 0.0000 0.0000 0.0000 0.0000 -0.0013 -0.0008 0.0000 -0.0004 0.0001 0.0000 0.0000 0.0000 0.0000 0.0000 0.0000 0.0000 0.0002 0.0000 0.0000 -0.0006 0.0003 0.0000 0.0004 -0.0006 0.0000 0.0000 0.0001 0.0000 0.0000 0.0000 0.0000 -0.0010 -0.0002 0.0000 0.0002 30.0001 -0.0001 0.0005 -29.9998 0.0000 0.0000 0.0000 -4.6878 0.4985 4.0591 -4.6878 0.4985 4.0591 167.9092 75.7305 -93.9720 -66.8477 66.7023 -90.6120 -17.8226 -1.5325 -1.9955 0.0097 0.7345 0.3988 0.0000 -0.0001 0.0001 0.0000 0.0000 0.0000 0.0000 -0.0006 0.0003 0.0000 -0.0001 0.0001 0.0000 0.0000 0.0000 0.0000 0.0000 0.0000 0.0000 0.0007 0.0001 0.0000 -0.0012 0.0001 0.0000 -0.0008 0.0003 0.0000 0.0001 0.0000 0.0000 0.0000 0.0000 0.0000 -0.0009 0.0000 0.0000 0.0002 -29.9996 -0.0001 -0.0003 29.9996 0.0000 0.0000 0.0000 -2.7371 -17.6987 -177.0715 -0.3500 -37.6174 0.2016 -77.0195 79.6350 -61.6432 0.0000 25.3510 0.0000 -15.6853 -13.5994 164.8525 0.0021 -0.0487 -0.0827 -12.8784 45.6882 2.5426 0.0000 25.5905 -0.0001 
4.3626 88.1716 -18.0521 -5.9487 -0.4040 -3.9067 4.0347 2.3526 -2.3865 4.0432 2.3579 -2.3914 4.0466 2.3600 -2.3934 105.2539 87.0880 2.2917 61.5324 58.2504 76.0077 18.9731 -0.9747 -0.5018 0.0052 1.4628 -0.1861 0.0000 0.0000 0.0001 0.0000 0.0000 0.0000 0.0000 -0.0013 -0.0008 0.0000 -0.0004 0.0001 0.0000 0.0000 0.0000 0.0000 0.0000 0.0000 0.0000 0.0002 0.0000 0.0000 -0.0006 0.0003 0.0000 0.0004 -0.0006 0.0000 0.0000 0.0001 0.0000 0.0000 0.0000 0.0000 -0.0010 -0.0002 0.0000 0.0002 30.0001 -0.0001 0.0005 -29.9998 0.0000 0.0000 0.0000 -4.8516 0.5218 4.1111 -4.8516 0.5218 4.1111 167.4309 75.8736 -94.3245 -67.0427 66.8282 -90.7269 -17.6199 -1.4117 -2.3115 0.0118 0.7280 0.4129 0.0000 -0.0001 0.0001 0.0000 0.0000 0.0000 0.0000 -0.0006 0.0003 0.0000 -0.0001 0.0001 0.0000 0.0000 0.0000 0.0000 0.0000 0.0000 0.0000 0.0007 0.0001 0.0000 -0.0012 0.0001 0.0000 -0.0008 0.0003 0.0000 0.0001 0.0000 0.0000 0.0000 0.0000 0.0000 -0.0009 0.0000 0.0000 0.0002 -29.9997 -0.0001 -0.0003 29.9996 0.0000 0.0000 0.0000 -2.8777 -17.9259 -177.1088 -0.3489 -37.8028 0.2019 -76.3680 79.7798 -60.9807 0.0000 25.3510 0.0000 -15.4588 -13.6241 164.7648 0.0000 0.0000 -0.0827 -12.7739 45.1538 2.4010 0.0000 25.5903 -0.0001 
4.4263 88.2250 -18.1714 -5.7776 -0.3781 -3.9185 3.9996 2.3856 -2.3684 4.0079 2.3909 -2.3733 4.0114 2.3931 -2.3753 102.1977 87.1204 -0.7106 61.9744 58.1969 76.5216 18.9980 -0.8473 -0.1155 0.0002 1.4549 -0.2048 0.0000 0.0000 0.0001 0.0000 0.0000 0.0000 0.0000 -0.0013 -0.0008 0.0000 -0.0004 0.0001 0.0000 0.0000 0.0000 0.0000 0.0000 0.0000 0.0000 0.0002 0.0000 0.0000 -0.0006 0.0003 0.0000 0.0004 -0.0006 0.0000 0.0000 0.0001 0.0000 0.0000 0.0000 0.0000 -0.0010 -0.0002 0.0000 0.0002 30.0001 -0.0001 0.0005 -29.9998 0.0000 0.0000 0.0000 -5.0042 0.5389 4.1687 -5.0042 0.5389 4.1687 166.9475 76.0280 -94.6815 -67.2122 66.8913 -90.8344 -17.4759 -1.2889 -2.6194 0.0139 0.7234 0.4264 0.0000 -0.0001 0.0001 0.0000 0.0000 0.0000 0.0000 -0.0006 0.0003 0.0000 -0.0001 0.0001 0.0000 0.0000 0.0000 0.0000 0.0000 0.0000 0.0000 0.0007 0.0001 0.0000 -0.0012 0.0001 0.0000 -0.0008 0.0003 0.0000 0.0001 0.0000 0.0000 0.0000 0.0000 0.0000 -0.0009 0.0000 0.0000 0.0002 -29.9996 -0.0001 -0.0003 29.9996 0.0000 0.0000 0.0000 -2.9872 -18.1122 -177.1366 -0.3503 -37.9331 0.2028 -75.4623 79.9204 -60.0684 0.0000 25.3510 0.0000 -15.1566 -13.6557 164.6660 0.0000 0.0000 -0.0827 -12.7123 44.6579 2.1728 0.0000 25.5961 -0.0001 
4.4876 88.2248 -18.2738 -5.6368 -0.3642 -3.9424 3.9692 2.4241 -2.3455 3.9774 2.4294 -2.3503 3.9810 2.4317 -2.3523 99.2149 87.1492 -3.6370 62.4725 58.1380 77.1143 19.0128 -0.7142 0.2674 -0.0047 1.4452 -0.2248 0.0000 0.0000 0.0001 0.0000 0.0000 0.0000 0.0000 -0.0013 -0.0008 0.0000 -0.0004 0.0001 0.0000 0.0000 0.0000 0.0000 0.0000 0.0000 0.0000 0.0002 0.0000 0.0000 -0.0006 0.0003 0.0000 0.0004 -0.0006 0.0000 0.0000 0.0001 0.0000 0.0000 0.0000 0.0000 -0.0010 -0.0002 0.0000 0.0002 30.0001 -0.0001 0.0005 -29.9998 0.0000 0.0000 0.0000 -5.1439 0.5562 4.2301 -5.1439 0.5562 4.2301 166.4761 76.1856 -95.0269 -67.3757 66.9097 -90.9463 -17.3674 -1.1630 -2.9200 0.0160 0.7196 0.4391 0.0000 -0.0001 0.0001 0.0000 0.0000 0.0000 0.0000 -0.0006 0.0003 0.0000 -0.0001 0.0001 0.0000 0.0000 0.0000 0.0000 0.0000 0.0000 0.0000 0.0007 0.0001 0.0000 -0.0012 0.0001 0.0000 -0.0008 0.0003 0.0000 0.0001 0.0000 0.0000 0.0000 0.0000 0.0000 -0.0009 0.0000 0.0000 0.0002 -29.9996 -0.0001 -0.0003 29.9996 0.0000 0.0000 0.0000 -3.0605 -18.2676 -177.1562 -0.3549 -38.0329 0.2048 -74.4173 80.0575 -59.0263 0.0000 25.3510 0.0000 -14.7856 -13.6789 164.5551 0.0000 0.0001 -0.0827 -12.6774 44.1805 1.8711 0.0000 25.6086 -0.0001 
4.5493 88.1884 -18.3661 -5.5543 -0.3759 -3.9786 3.9464 2.4738 -2.3146 3.9546 2.4792 -2.3193 3.9581 2.4815 -2.3213 96.4086 87.1889 -6.3906 63.0244 58.1098 77.7763 19.0182 -0.5693 0.6751 -0.0100 1.4319 -0.2475 0.0000 0.0000 0.0001 0.0000 0.0000 0.0000 0.0000 -0.0013 -0.0008 0.0000 -0.0004 0.0001 0.0000 0.0000 0.0000 0.0000 0.0000 0.0000 0.0000 0.0002 0.0000 0.0000 -0.0006 0.0003 0.0000 0.0004 -0.0006 0.0000 0.0000 0.0001 0.0000 0.0000 0.0000 0.0000 -0.0010 -0.0002 0.0000 0.0002 30.0001 -0.0001 0.0005 -29.9998 0.0000 0.0000 0.0000 -5.2577 0.5764 4.2883 -5.2577 0.5764 4.2883 166.0853 76.3436 -95.3021 -67.5461 66.8912 -91.0806 -17.2846 -1.0336 -3.2145 0.0181 0.7167 0.4510 0.0000 -0.0001 0.0001 0.0000 0.0000 0.0000 0.0000 -0.0006 0.0003 0.0000 -0.0001 0.0001 0.0000 0.0000 0.0000 0.0000 0.0000 0.0000 0.0000 0.0007 0.0001 0.0000 -0.0012 0.0001 0.0000 -0.0008 0.0003 0.0000 0.0002 0.0000 0.0000 0.0000 0.0000 0.0000 -0.0009 0.0000 0.0000 0.0002 -29.9997 -0.0001 -0.0003 29.9996 0.0000 0.0000 0.0000 -3.0759 -18.4204 -177.1646 -0.3642 -38.1872 0.2085 -73.5200 80.1923 -58.1494 0.0000 25.3510 0.0000 -14.3116 -13.7078 164.4298 0.0000 0.0001 -0.0827 -12.7215 43.7581 1.4018 0.0000 25.6366 -0.0001 
4.6114 88.1316 -18.4624 -5.5386 -0.4073 -4.0150 3.9339 2.5303 -2.2801 3.9421 2.5358 -2.2847 3.9456 2.5382 -2.2867 93.8461 87.2370 -8.9054 63.6368 58.1073 78.5142 19.0240 -0.4315 1.0986 -0.0153 1.4155 -0.2720 0.0000 0.0000 0.0001 0.0000 0.0000 0.0000 0.0000 -0.0013 -0.0008 0.0000 -0.0004 0.0001 0.0000 0.0000 0.0000 0.0000 0.0000 0.0000 0.0000 0.0002 0.0000 0.0000 -0.0006 0.0003 0.0000 0.0004 -0.0006 0.0000 0.0000 0.0001 0.0000 0.0000 0.0000 0.0000 -0.0010 -0.0002 0.0000 0.0002 30.0001 -0.0001 0.0005 -29.9998 0.0000 0.0000 0.0000 -5.3466 0.6026 4.3366 -5.3466 0.6026 4.3366 165.7904 76.4941 -95.4910 -67.7333 66.8582 -91.2503 -17.2129 -0.9033 -3.5136 0.0203 0.7147 0.4631 0.0000 -0.0001 0.0001 0.0000 0.0000 0.0000 0.0000 -0.0006 0.0003 0.0000 -0.0001 0.0001 0.0000 0.0000 0.0000 0.0000 0.0000 0.0000 0.0000 0.0007 0.0001 0.0000 -0.0011 0.0001 0.0000 -0.0008 0.0003 0.0000 0.0001 0.0000 0.0000 0.0000 0.0000 0.0000 -0.0009 0.0000 0.0000 0.0002 -29.9997 -0.0001 -0.0002 29.9996 0.0000 0.0000 0.0000 -3.0370 -18.5556 -177.1714 -0.3726 -38.3493 0.2120 -72.7312 80.3130 -57.3767 0.0000 25.3510 0.0000 -13.7446 -13.7524 164.3042 0.0000 0.0001 -0.0827 -12.8950 43.4727 0.7127 0.0000 25.6863 -0.0001 
4.6800 88.1010 -18.5633 -5.6005 -0.4511 -4.0491 3.9352 2.5907 -2.2437 3.9434 2.5964 -2.2483 3.9469 2.5988 -2.2502 91.4708 87.2913 -11.2424 64.2977 58.1216 79.3083 19.0429 -0.3042 1.5443 -0.0208 1.3973 -0.2977 0.0000 0.0000 0.0001 0.0000 0.0000 0.0000 0.0000 -0.0013 -0.0008 0.0000 -0.0004 0.0001 0.0000 0.0000 0.0000 0.0000 0.0000 0.0000 0.0000 0.0002 0.0000 0.0000 -0.0006 0.0003 0.0000 0.0004 -0.0006 0.0000 0.0000 0.0001 0.0000 0.0000 0.0000 0.0000 -0.0010 -0.0002 0.0000 0.0002 30.0001 -0.0001 0.0005 -29.9998 0.0000 0.0000 0.0000 -5.4121 0.6320 4.3720 -5.4121 0.6320 4.3720 165.5670 76.6416 -95.6150 -67.9254 66.7989 -91.4450 -17.1391 -0.7689 -3.8163 0.0226 0.7137 0.4754 0.0000 -0.0001 0.0001 0.0000 0.0000 0.0000 0.0000 -0.0006 0.0003 0.0000 -0.0001 0.0001 0.0000 0.0000 0.0000 0.0000 0.0000 0.0000 0.0000 0.0007 0.0001 0.0000 -0.0012 0.0001 0.0000 -0.0008 0.0003 0.0000 0.0001 0.0000 0.0000 0.0000 0.0000 0.0000 -0.0009 0.0000 0.0000 0.0002 -29.9996 -0.0001 -0.0003 29.9996 0.0000 0.0000 0.0000 -2.9418 -18.6775 -177.1825 -0.3811 -38.5111 0.2155 -72.0411 80.4228 -56.6888 0.0000 25.3510 0.0000 -13.0698 -13.8231 164.1703 0.0007 -0.0162 -0.0827 -13.2432 43.4214 -0.2219 0.0000 25.7648 -0.0001 
4.7677 88.0671 -18.6714 -5.7910 -0.5146 -4.0808 3.9561 2.6558 -2.2037 3.9644 2.6617 -2.2082 3.9678 2.6641 -2.2100 89.4432 87.3494 -13.2587 65.0292 58.1395 80.1775 19.0932 -0.1875 2.0280 -0.0266 1.3770 -0.3238 0.0000 0.0000 0.0001 0.0000 0.0000 0.0000 0.0000 -0.0013 -0.0008 0.0000 -0.0004 0.0001 0.0000 0.0000 0.0000 0.0000 0.0000 0.0000 0.0000 0.0002 0.0000 0.0000 -0.0006 0.0003 0.0000 0.0004 -0.0006 0.0000 0.0000 0.0001 0.0000 0.0000 0.0000 0.0000 -0.0010 -0.0002 0.0000 0.0003 30.0001 -0.0001 0.0005 -29.9998 0.0000 0.0000 0.0000 -5.4364 0.6625 4.3807 -5.4364 0.6625 4.3807 165.5007 76.7839 -95.6057 -68.1237 66.6899 -91.6834 -17.0282 -0.6190 -4.1215 0.0250 0.7133 0.4880 0.0000 -0.0001 0.0001 0.0000 0.0000 0.0000 0.0000 -0.0006 0.0003 0.0000 -0.0001 0.0001 0.0000 0.0000 0.0000 0.0000 0.0000 0.0000 0.0000 0.0007 0.0001 0.0000 -0.0012 0.0001 0.0000 -0.0008 0.0003 0.0000 0.0001 0.0000 0.0000 0.0000 0.0000 0.0000 -0.0009 0.0000 0.0000 0.0002 -29.9997 -0.0001 -0.0003 29.9996 0.0000 0.0000 0.0000 -2.7655 -18.7674 -177.2079 -0.3970 -38.6492 0.2216 -71.4491 80.5220 -56.0601 0.0000 25.3510 0.0000 -12.2195 -13.9170 163.9676 0.0019 -0.0485 -0.0827 -13.9087 43.9023 -1.5156 0.0000 25.8979 -0.0001 
4.8712 88.0223 -18.7934 -6.0819 -0.5982 -4.1080 3.9914 2.7259 -2.1639 4.0000 2.7321 -2.1684 4.0032 2.7344 -2.1701 87.7118 87.3924 -14.9871 65.8382 58.1313 81.1550 19.1808 -0.0786 2.5182 -0.0323 1.3566 -0.3495 0.0000 0.0000 0.0001 0.0000 0.0000 0.0000 0.0000 -0.0013 -0.0008 0.0000 -0.0004 0.0001 0.0000 0.0000 0.0000 0.0000 0.0000 0.0000 0.0000 0.0002 0.0000 0.0000 -0.0006 0.0003 0.0000 0.0004 -0.0006 0.0000 0.0000 0.0001 0.0000 0.0000 0.0000 0.0000 -0.0010 -0.0002 0.0000 0.0002 30.0001 -0.0001 0.0005 -29.9998 0.0000 0.0000 0.0000 -5.4243 0.6845 4.3689 -5.4243 0.6845 4.3689 165.5195 76.9301 -95.5310 -68.3046 66.5311 -91.9265 -16.8623 -0.4440 -4.4457 0.0277 0.7139 0.5017 0.0000 -0.0001 0.0001 0.0000 0.0000 0.0000 0.0000 -0.0006 0.0003 0.0000 -0.0001 0.0001 0.0000 0.0000 0.0000 0.0000 0.0000 0.0000 0.0000 0.0007 0.0001 0.0000 -0.0012 0.0001 0.0000 -0.0008 0.0003 0.0000 0.0001 0.0000 0.0000 0.0000 0.0000 0.0000 -0.0009 0.0000 0.0000 0.0002 -29.9996 -0.0001 -0.0003 29.9996 0.0000 0.0000 0.0000 -2.5165 -18.8454 -177.2490 -0.4210 -38.7903 0.2306 -70.9409 80.6189 -55.4924 0.0000 25.3510 0.0000 -11.2473 -13.9373 163.6755 0.0006 -0.0163 -0.0827 -14.6528 44.9548 -2.8569 0.0000 26.0634 -0.0001 
4.9808 87.9774 -18.9320 -6.4492 -0.6961 -4.1283 4.0358 2.7993 -2.1281 4.0447 2.8057 -2.1326 4.0478 2.8079 -2.1342 86.2375 87.4218 -16.4664 66.7047 58.0691 82.2298 19.2918 0.0212 2.9918 -0.0377 1.3379 -0.3744 0.0000 0.0000 0.0001 0.0000 0.0000 0.0000 0.0000 -0.0013 -0.0008 0.0000 -0.0004 0.0001 0.0000 0.0000 0.0000 0.0000 0.0000 0.0000 0.0000 0.0002 0.0000 0.0000 -0.0006 0.0003 0.0000 0.0004 -0.0006 0.0000 0.0000 0.0001 0.0000 0.0000 0.0000 0.0000 -0.0010 -0.0002 0.0000 0.0002 30.0001 -0.0001 0.0005 -29.9998 0.0000 0.0000 0.0000 -5.3839 0.7016 4.3437 -5.3839 0.7016 4.3437 165.5502 77.0737 -95.4604 -68.4609 66.3269 -92.1717 -16.6617 -0.2457 -4.7973 0.0307 0.7147 0.5166 0.0000 -0.0001 0.0001 0.0000 0.0000 0.0000 0.0000 -0.0006 0.0003 0.0000 -0.0001 0.0001 0.0000 0.0000 0.0000 0.0000 0.0000 0.0000 0.0000 0.0007 0.0001 0.0000 -0.0012 0.0001 0.0000 -0.0008 0.0003 0.0000 0.0001 0.0000 0.0000 0.0000 0.0000 0.0000 -0.0009 0.0000 0.0000 0.0002 -29.9997 -0.0001 -0.0003 29.9996 0.0000 0.0000 0.0000 -2.1931 -18.9026 -177.3008 -0.4424 -38.8980 0.2386 -70.3689 80.7061 -54.8528 0.0000 25.3510 0.0000 -10.1888 -13.8635 163.3145 0.0000 0.0001 -0.0827 -15.2202 46.6537 -4.0237 0.0000 26.2252 -0.0001 
5.1021 87.9795 -19.0967 -6.8952 -0.8142 -4.1495 4.0879 2.8783 -2.0978 4.0972 2.8851 -2.1024 4.1001 2.8872 -2.1038 84.7864 87.4254 -17.9217 67.6249 57.8954 83.4019 19.3967 0.1178 3.4218 -0.0426 1.3223 -0.3979 0.0000 0.0000 0.0001 0.0000 0.0000 0.0000 0.0000 -0.0013 -0.0008 0.0000 -0.0004 0.0001 0.0000 0.0000 0.0000 0.0000 0.0000 0.0000 0.0000 0.0002 0.0000 0.0000 -0.0006 0.0003 0.0000 0.0004 -0.0006 0.0000 0.0000 0.0001 0.0000 0.0000 0.0000 0.0000 -0.0010 -0.0002 0.0000 0.0002 30.0001 -0.0001 0.0005 -29.9998 0.0000 0.0000 0.0000 -5.3122 0.7083 4.3084 -5.3122 0.7083 4.3084 165.4850 77.2053 -95.4993 -68.5468 66.0656 -92.3874 -16.4560 -0.0265 -5.2046 0.0342 0.7161 0.5335 0.0000 -0.0001 0.0001 0.0000 0.0000 0.0000 0.0000 -0.0006 0.0003 0.0000 -0.0001 0.0001 0.0000 0.0000 0.0000 0.0000 0.0000 0.0000 0.0000 0.0007 0.0001 0.0000 -0.0012 0.0001 0.0000 -0.0008 0.0003 0.0000 0.0001 0.0000 0.0000 0.0000 0.0000 0.0000 -0.0009 0.0000 0.0000 0.0002 -29.9996 -0.0001 -0.0003 29.9996 0.0000 0.0000 0.0000 -1.7854 -18.8973 -177.3558 -0.4566 -38.8883 0.2435 -69.4376 80.7687 -53.8459 0.0000 25.3510 0.0000 -9.0448 -13.6104 162.9118 0.0000 0.0001 -0.0827 -15.1899 49.3906 -4.6718 0.0000 26.3275 -0.0001 
5.2457 88.0113 -19.2834 -7.3392 -0.9499 -4.1816 4.1287 2.9642 -2.0710 4.1383 2.9714 -2.0756 4.1410 2.9734 -2.0769 83.1274 87.4081 -19.5762 68.5388 57.6278 84.5852 19.4839 0.2207 3.8293 -0.0473 1.3098 -0.4201 0.0000 0.0000 0.0001 0.0000 0.0000 0.0000 0.0000 -0.0013 -0.0008 0.0000 -0.0004 0.0001 0.0000 0.0000 0.0000 0.0000 0.0000 0.0000 0.0000 0.0002 0.0000 0.0000 -0.0006 0.0003 0.0000 0.0004 -0.0006 0.0000 0.0000 0.0001 0.0000 0.0000 0.0000 0.0000 -0.0010 -0.0002 0.0000 0.0002 30.0001 -0.0001 0.0005 -29.9998 0.0000 0.0000 0.0000 -5.2225 0.7035 4.2754 -5.2225 0.7035 4.2754 165.2577 77.3407 -95.6987 -68.5831 65.7783 -92.5604 -16.3140 0.2001 -5.6676 0.0382 0.7179 0.5511 0.0000 -0.0001 0.0001 0.0000 0.0000 0.0000 0.0000 -0.0006 0.0003 0.0000 -0.0001 0.0001 0.0000 0.0000 0.0000 0.0000 0.0000 0.0000 0.0000 0.0007 0.0001 0.0000 -0.0012 0.0001 0.0000 -0.0008 0.0003 0.0000 0.0001 0.0000 0.0000 0.0000 0.0000 0.0000 -0.0009 0.0000 0.0000 0.0002 -29.9996 -0.0001 -0.0003 29.9996 0.0000 0.0000 0.0000 -1.3599 -18.8292 -177.4083 -0.4748 -38.7514 0.2493 -67.9991 80.8097 -52.3401 0.0000 25.3510 0.0000 -7.9141 -13.1722 162.5722 0.0000 0.0000 -0.0827 -14.5455 52.5836 -4.8472 0.0000 26.3409 -0.0001 
5.3997 88.0710 -19.4815 -7.7356 -1.0982 -4.2297 4.1504 3.0561 -2.0465 4.1602 3.0637 -2.0512 4.1627 3.0656 -2.0524 81.2785 87.3723 -21.4030 69.4178 57.2866 85.7504 19.5587 0.3251 4.2075 -0.0517 1.3005 -0.4410 0.0000 0.0000 0.0001 0.0000 0.0000 0.0000 0.0000 -0.0013 -0.0008 0.0000 -0.0004 0.0001 0.0000 0.0000 0.0000 0.0000 0.0000 0.0000 0.0000 0.0002 0.0000 0.0000 -0.0006 0.0003 0.0000 0.0004 -0.0006 0.0000 0.0000 0.0001 0.0000 0.0000 0.0000 0.0000 -0.0010 -0.0002 0.0000 0.0002 30.0001 -0.0001 0.0005 -29.9998 0.0000 0.0000 0.0000 -5.1272 0.6887 4.2523 -5.1272 0.6887 4.2523 164.8212 77.4818 -96.0897 -68.5879 65.4815 -92.6994 -16.2603 0.4379 -6.1800 0.0426 0.7195 0.5693 0.0000 -0.0001 0.0001 0.0000 0.0000 0.0000 0.0000 -0.0006 0.0003 0.0000 -0.0001 0.0001 0.0000 0.0000 0.0000 0.0000 0.0000 0.0000 0.0000 0.0007 0.0001 0.0000 -0.0011 0.0001 0.0000 -0.0008 0.0003 0.0000 0.0001 0.0000 0.0000 0.0000 0.0000 0.0000 -0.0009 0.0000 0.0000 0.0002 -29.9996 -0.0001 -0.0003 29.9996 0.0000 0.0000 0.0000 -0.9471 -18.7247 -177.4469 -0.4956 -38.5434 0.2556 -66.2056 80.8333 -50.5087 0.0000 25.3510 0.0000 -6.8430 -12.6321 162.3591 0.0005 -0.0487 -0.0827 -12.9928 55.9824 -4.3080 0.0000 25.3508 -0.0001 
5.5388 88.1315 -19.6782 -8.0114 -1.2598 -4.3047 4.1361 3.1569 -2.0236 4.1461 3.1647 -2.0282 4.1484 3.1666 -2.0293 79.3160 87.3188 -23.3103 70.2071 56.8894 86.8464 19.6355 0.4334 4.5530 -0.0559 1.2956 -0.4602 0.0000 0.0000 0.0001 0.0000 0.0000 0.0000 0.0000 -0.0013 -0.0008 0.0000 -0.0004 0.0001 0.0000 0.0000 0.0000 0.0000 0.0000 0.0000 0.0000 0.0002 0.0000 0.0000 -0.0006 0.0003 0.0000 0.0004 -0.0006 0.0000 0.0000 0.0001 0.0000 0.0000 0.0000 0.0000 -0.0010 -0.0002 0.0000 0.0002 30.0001 -0.0001 0.0005 -29.9998 0.0000 0.0000 0.0000 -5.0418 0.6618 4.2517 -5.0418 0.6618 4.2517 164.0571 77.6200 -96.7692 -68.5792 65.1788 -92.8258 -16.3267 0.6946 -6.7550 0.0476 0.7205 0.5888 0.0000 -0.0001 0.0001 0.0000 0.0000 0.0000 0.0000 -0.0006 0.0003 0.0000 -0.0001 0.0001 0.0000 0.0000 0.0000 0.0000 0.0000 0.0000 0.0000 0.0007 0.0001 0.0000 -0.0012 0.0001 0.0000 -0.0008 0.0003 0.0000 0.0001 0.0000 0.0000 0.0000 0.0000 0.0000 -0.0009 0.0000 0.0000 0.0002 -29.9996 -0.0001 -0.0003 29.9996 0.0000 0.0000 0.0000 -0.5751 -18.5909 -177.4466 -0.5122 -38.2919 0.2601 -64.1076 80.8423 -48.4508 0.0000 25.3510 0.0000 -6.0059 -11.8568 162.4670 0.0001 -0.0162 -0.0827 -9.9691 59.1340 -2.5556 0.0000 25.3508 -0.0001 
5.6268 88.1991 -19.8465 -8.1651 -1.4322 -4.4032 4.0898 3.2618 -2.0001 4.0997 3.2700 -2.0047 4.1020 3.2719 -2.0058 77.3695 87.2540 -25.1937 70.9091 56.4827 87.8469 19.7334 0.5473 4.8965 -0.0602 1.2932 -0.4777 0.0000 0.0000 0.0001 0.0000 0.0000 0.0000 0.0000 -0.0013 -0.0008 0.0000 -0.0004 0.0001 0.0000 0.0000 0.0000 0.0000 0.0000 0.0000 0.0000 0.0002 0.0000 0.0000 -0.0006 0.0003 0.0000 0.0004 -0.0006 0.0000 0.0000 0.0001 0.0000 0.0000 0.0000 0.0000 -0.0010 -0.0002 0.0000 0.0002 30.0001 -0.0001 0.0005 -29.9998 0.0000 0.0000 0.0000 -4.9738 0.6329 4.2748 -4.9738 0.6329 4.2748 163.1224 77.7378 -97.5958 -68.5767 64.8866 -92.9604 -16.4470 0.9857 -7.3809 0.0530 0.7197 0.6089 0.0000 -0.0001 0.0001 0.0000 0.0000 0.0000 0.0000 -0.0006 0.0003 0.0000 -0.0001 0.0001 0.0000 0.0000 0.0000 0.0000 0.0000 0.0000 0.0000 0.0007 0.0001 0.0000 -0.0012 0.0001 0.0000 -0.0008 0.0003 0.0000 0.0001 0.0000 0.0000 0.0000 0.0000 0.0000 -0.0009 0.0000 0.0000 0.0002 -29.9996 -0.0001 -0.0003 29.9996 0.0000 0.0000 0.0000 -0.2466 -18.4326 -177.3906 -0.5089 -38.0486 0.2578 -62.0173 80.8395 -46.4822 0.0000 25.3510 0.0000 -5.4156 -10.9257 162.8252 0.0000 0.0000 -0.0827 -6.4403 61.9452 -0.3555 0.0000 25.3508 -0.0001 
5.6761 88.2718 -19.9845 -8.2108 -1.6019 -4.5149 4.0174 3.3643 -1.9786 4.0271 3.3728 -1.9831 4.0293 3.3747 -1.9841 75.6122 87.1745 -26.8703 71.5477 56.0949 88.7659 19.8655 0.6608 5.2630 -0.0648 1.2927 -0.4939 0.0000 0.0000 0.0001 0.0000 0.0000 0.0000 0.0000 -0.0013 -0.0008 0.0000 -0.0004 0.0001 0.0000 0.0000 0.0000 0.0000 0.0000 0.0000 0.0000 0.0002 0.0000 0.0000 -0.0006 0.0003 0.0000 0.0004 -0.0006 0.0000 0.0000 0.0001 0.0000 0.0000 0.0000 0.0000 -0.0010 -0.0002 0.0000 0.0002 30.0001 -0.0001 0.0005 -29.9998 0.0000 0.0000 0.0000 -4.9240 0.6061 4.3203 -4.9240 0.6061 4.3203 162.1062 77.8465 -98.4830 -68.6059 64.6063 -93.1164 -16.5898 1.3083 -8.0257 0.0587 0.7178 0.6295 0.0000 -0.0001 0.0001 0.0000 0.0000 0.0000 0.0000 -0.0006 0.0003 0.0000 -0.0001 0.0001 0.0000 0.0000 0.0000 0.0000 0.0000 0.0000 0.0000 0.0007 0.0001 0.0000 -0.0011 0.0001 0.0000 -0.0008 0.0003 0.0000 0.0001 0.0000 0.0000 0.0000 0.0000 0.0000 -0.0009 0.0000 0.0000 0.0002 -29.9996 -0.0001 -0.0003 29.9996 0.0000 0.0000 0.0000 0.0489 -18.2642 -177.2976 -0.4904 -37.8167 0.2503 -59.9427 80.8364 -44.6039 0.0000 25.3510 0.0000 -5.0560 -9.8931 163.3217 0.0000 0.0001 -0.0827 -2.7832 64.3093 2.0400 0.0000 25.3508 -0.0001 
5.6975 88.3357 -20.0839 -8.1339 -1.7479 -4.6261 3.9187 3.4525 -1.9639 3.9280 3.4611 -1.9684 3.9303 3.4631 -1.9695 74.3343 87.0841 -28.0489 72.1414 55.7483 89.6203 20.0796 0.7561 5.6610 -0.0698 1.2934 -0.5078 0.0000 0.0000 0.0001 0.0000 0.0000 0.0000 0.0000 -0.0013 -0.0008 0.0000 -0.0004 0.0001 0.0000 0.0000 0.0000 0.0000 0.0000 0.0000 0.0000 0.0003 0.0000 0.0000 -0.0006 0.0003 0.0000 0.0004 -0.0006 0.0000 0.0000 0.0001 0.0000 0.0000 0.0000 0.0000 -0.0010 -0.0002 0.0000 0.0003 30.0001 -0.0001 0.0005 -29.9998 0.0000 0.0000 0.0000 -4.9043 0.5934 4.3943 -4.9043 0.5934 4.3943 161.1115 77.9259 -99.3343 -68.6911 64.3427 -93.3397 -16.7356 1.6579 -8.6387 0.0644 0.7139 0.6493 0.0000 -0.0001 0.0001 0.0000 0.0000 0.0000 0.0000 -0.0006 0.0003 0.0000 -0.0001 0.0001 0.0000 0.0000 0.0000 0.0000 0.0000 0.0000 0.0000 0.0007 0.0001 0.0000 -0.0012 0.0001 0.0000 -0.0008 0.0003 0.0000 0.0001 0.0000 0.0000 0.0000 0.0000 0.0000 -0.0009 0.0000 0.0000 0.0002 -29.9997 -0.0001 -0.0003 29.9996 0.0000 0.0000 0.0000 0.3528 -18.0979 -177.1907 -0.4595 -37.5838 0.2387 -57.7533 80.8498 -42.7323 0.0000 25.3510 0.0000 -5.0185 -8.8168 163.8975 0.0000 0.0001 -0.0827 0.6088 65.7901 4.3947 0.0000 25.3508 -0.0001 
5.7165 88.4063 -20.1607 -8.0201 -1.8730 -4.7221 3.8192 3.5256 -1.9557 3.8282 3.5343 -1.9601 3.8305 3.5364 -1.9612 73.4032 86.9947 -28.8707 72.7233 55.4053 90.4633 20.3709 0.8323 6.0699 -0.0748 1.2949 -0.5197 0.0000 0.0000 0.0001 0.0000 0.0000 0.0000 0.0000 -0.0013 -0.0008 0.0000 -0.0004 0.0001 0.0000 0.0000 0.0000 0.0000 0.0000 0.0000 0.0000 0.0002 0.0000 0.0000 -0.0006 0.0003 0.0000 0.0004 -0.0006 0.0000 0.0000 0.0001 0.0000 0.0000 0.0000 0.0000 -0.0010 -0.0002 0.0000 0.0002 30.0001 -0.0001 0.0005 -29.9998 0.0000 0.0000 0.0000 -4.9100 0.5996 4.4829 -4.9100 0.5996 4.4829 160.2306 77.9758 -100.0738 -68.8002 64.0952 -93.5978 -16.8559 2.0183 -9.2262 0.0699 0.7091 0.6686 0.0000 -0.0001 0.0001 0.0000 0.0000 0.0000 0.0000 -0.0006 0.0003 0.0000 -0.0001 0.0001 0.0000 0.0000 0.0000 0.0000 0.0000 0.0000 0.0000 0.0007 0.0001 0.0000 -0.0012 0.0001 0.0000 -0.0008 0.0003 0.0000 0.0001 0.0000 0.0000 0.0000 0.0000 0.0000 -0.0009 0.0000 0.0000 0.0002 -29.9996 -0.0001 -0.0003 29.9996 0.0000 0.0000 0.0000 0.6806 -17.9517 -177.0982 -0.4341 -37.3740 0.2292 -55.6078 80.8737 -40.9677 0.0000 25.3510 0.0000 -5.1494 -7.7762 164.5270 0.0000 0.0000 -0.0827 3.4336 66.5716 6.4684 0.0000 25.3508 -0.0001 
5.7276 88.4538 -20.2288 -7.9081 -1.9783 -4.8000 3.7280 3.5835 -1.9525 3.7367 3.5922 -1.9569 3.7390 3.5945 -1.9581 72.7216 86.9140 -29.4406 73.2882 55.0341 91.2923 20.7294 0.8911 6.4903 -0.0799 1.2968 -0.5294 0.0000 0.0000 0.0001 0.0000 0.0000 0.0000 0.0000 -0.0013 -0.0008 0.0000 -0.0004 0.0001 0.0000 0.0000 0.0000 0.0000 0.0000 0.0000 0.0000 0.0003 0.0000 0.0000 -0.0006 0.0003 0.0000 0.0004 -0.0006 0.0000 0.0000 0.0001 0.0000 0.0000 0.0000 0.0000 -0.0010 -0.0002 0.0000 0.0003 30.0001 -0.0001 0.0005 -29.9998 0.0000 0.0000 0.0000 -4.9341 0.6242 4.5792 -4.9341 0.6242 4.5792 159.4990 78.0037 -100.6727 -68.9173 63.8736 -93.8728 -16.9605 2.3749 -9.7803 0.0752 0.7044 0.6871 0.0000 -0.0001 0.0001 0.0000 0.0000 0.0000 0.0000 -0.0006 0.0003 0.0000 -0.0001 0.0001 0.0000 0.0000 0.0000 0.0000 0.0000 0.0000 0.0000 0.0007 0.0001 0.0000 -0.0011 0.0001 0.0000 -0.0008 0.0003 0.0000 0.0001 0.0000 0.0000 0.0000 0.0000 0.0000 -0.0009 0.0000 0.0000 0.0002 -29.9996 -0.0001 -0.0003 29.9996 0.0000 0.0000 0.0000 1.0250 -17.8335 -177.0188 -0.4105 -37.1908 0.2205 -53.5914 80.8943 -39.3525 0.0000 25.3510 0.0000 -4.7060 -7.4407 165.1711 -0.0399 -1.6411 -0.0822 6.0423 67.7036 8.1204 0.0000 25.3508 -0.0001 
5.7098 88.4796 -20.2999 -7.8374 -2.0479 -4.8505 3.6576 3.6161 -1.9544 3.6661 3.6248 -1.9587 3.6684 3.6272 -1.9599 72.4919 86.8581 -29.5574 73.7831 54.6489 92.0417 21.1973 0.9359 6.9517 -0.0853 1.2991 -0.5351 0.0000 0.0000 0.0001 0.0000 0.0000 0.0000 0.0000 -0.0013 -0.0008 0.0000 -0.0004 0.0001 0.0000 0.0000 0.0000 0.0000 0.0000 0.0000 0.0000 0.0002 0.0000 0.0000 -0.0006 0.0003 0.0000 0.0004 -0.0006 0.0000 0.0000 0.0001 0.0000 0.0000 0.0000 0.0000 -0.0010 -0.0002 0.0000 0.0003 30.0001 -0.0001 0.0005 -29.9998 0.0000 0.0000 0.0000 -4.9781 0.6758 4.6795 -4.9781 0.6759 4.6795 159.0032 78.0161 -101.0502 -69.0386 63.6932 -94.1575 -17.0721 2.7093 -10.2836 0.0802 0.7005 0.7040 0.0000 -0.0001 0.0001 0.0000 0.0000 0.0000 0.0000 -0.0006 0.0003 0.0000 -0.0001 0.0001 0.0000 0.0000 0.0000 0.0000 0.0000 0.0000 0.0000 0.0007 0.0001 0.0000 -0.0012 0.0001 0.0000 -0.0008 0.0003 0.0000 0.0001 0.0000 0.0000 0.0000 0.0000 0.0000 -0.0009 0.0000 0.0000 0.0002 -29.9996 -0.0001 -0.0003 29.9996 0.0000 0.0000 0.0000 1.3677 -17.8022 -176.9461 -0.3777 -37.1156 0.2092 -52.0834 80.9119 -38.2165 0.0000 25.3510 0.0000 -2.2855 -7.8012 165.7746 -0.1354 -5.5318 -0.0762 10.3158 69.4295 9.9497 0.0000 25.3508 -0.0001 
5.6779 88.4733 -20.3758 -7.8281 -2.0896 -4.8873 3.6108 3.6283 -1.9549 3.6191 3.6370 -1.9592 3.6215 3.6395 -1.9605 72.4500 86.8253 -29.4894 74.2293 54.1923 92.7596 21.6629 0.9738 7.3934 -0.0905 1.3014 -0.5390 0.0000 0.0000 0.0001 0.0000 0.0000 0.0000 0.0000 -0.0013 -0.0008 0.0000 -0.0004 0.0001 0.0000 0.0000 0.0000 0.0000 0.0000 0.0000 0.0000 0.0002 0.0000 0.0000 -0.0006 0.0003 0.0000 0.0004 -0.0006 0.0000 0.0000 0.0001 0.0000 0.0000 0.0000 0.0000 -0.0010 -0.0002 0.0000 0.0002 30.0001 -0.0001 0.0005 -29.9998 0.0000 0.0000 0.0000 -5.0323 0.7450 4.7750 -5.0323 0.7450 4.7750 158.6455 78.0273 -101.2942 -69.1546 63.5282 -94.4361 -17.2082 2.9965 -10.7226 0.0847 0.6981 0.7188 0.0000 -0.0001 0.0001 0.0000 0.0000 0.0000 0.0000 -0.0006 0.0003 0.0000 -0.0001 0.0001 0.0000 0.0000 0.0000 0.0000 0.0000 0.0000 0.0000 0.0007 0.0001 0.0000 -0.0012 0.0001 0.0000 -0.0008 0.0003 0.0000 0.0001 0.0000 0.0000 0.0000 0.0000 0.0000 -0.0009 0.0000 0.0000 0.0002 -29.9996 -0.0001 -0.0003 29.9996 0.0000 0.0000 0.0000 1.6779 -17.8332 -176.8754 -0.3508 -37.1144 0.2002 -51.0512 80.9217 -37.4854 0.0000 25.3510 0.0000 0.3024 -8.7613 166.5349 -0.2412 -10.4570 -0.0607 15.5271 71.1617 12.9031 0.0000 25.3508 -0.0001 
5.6427 88.4599 -20.4507 -7.8701 -2.1171 -4.9142 3.5824 3.6274 -1.9520 3.5906 3.6360 -1.9563 3.5930 3.6385 -1.9576 72.4057 86.8150 -29.4333 74.6296 53.6865 93.4460 22.1065 1.0158 7.8093 -0.0954 1.3030 -0.5419 0.0000 0.0000 0.0001 0.0000 0.0000 0.0000 0.0000 -0.0013 -0.0008 0.0000 -0.0004 0.0001 0.0000 0.0000 0.0000 0.0000 0.0000 0.0000 0.0000 0.0002 0.0000 0.0000 -0.0006 0.0003 0.0000 0.0004 -0.0006 0.0000 0.0000 0.0001 0.0000 0.0000 0.0000 0.0000 -0.0010 -0.0002 0.0000 0.0002 30.0001 -0.0001 0.0005 -29.9998 0.0000 0.0000 0.0000 -5.0912 0.8251 4.8628 -5.0912 0.8251 4.8628 158.4190 78.0368 -101.4134 -69.2614 63.3717 -94.7071 -17.3614 3.2635 -11.1501 0.0892 0.6971 0.7330 0.0000 -0.0001 0.0001 0.0000 0.0000 0.0000 0.0000 -0.0006 0.0003 0.0000 -0.0001 0.0001 0.0000 0.0000 0.0000 0.0000 0.0000 0.0000 0.0000 0.0007 0.0001 0.0000 -0.0012 0.0001 0.0000 -0.0008 0.0003 0.0000 0.0001 0.0000 0.0000 0.0000 0.0000 0.0000 -0.0009 0.0000 0.0000 0.0002 -29.9996 -0.0001 -0.0003 29.9996 0.0000 0.0000 0.0000 1.9536 -17.8965 -176.8100 -0.3392 -37.1630 0.1965 -50.4138 80.9286 -37.0884 0.0000 25.3510 0.0000 2.6254 -9.4448 167.4382 -0.3049 -14.4991 -0.0441 21.0649 72.1207 16.5225 0.0000 25.3508 -0.0001 
5.5956 88.4524 -20.5070 -7.9601 -2.1315 -4.9185 3.5693 3.6120 -1.9484 3.5774 3.6205 -1.9527 3.5798 3.6231 -1.9540 72.3255 86.8355 -29.4329 74.9573 53.1491 94.0680 22.4932 1.0754 8.2014 -0.1001 1.3038 -0.5449 0.0000 0.0000 0.0001 0.0000 0.0000 0.0000 0.0000 -0.0013 -0.0008 0.0000 -0.0004 0.0001 0.0000 0.0000 0.0000 0.0000 0.0000 0.0000 0.0000 0.0002 -0.0001 0.0000 -0.0006 0.0003 0.0000 0.0004 -0.0006 0.0000 0.0000 0.0001 0.0000 0.0000 0.0000 0.0000 -0.0010 -0.0002 0.0000 0.0002 30.0001 -0.0001 0.0005 -29.9998 0.0000 0.0000 0.0000 -5.1517 0.9158 4.9419 -5.1517 0.9158 4.9419 158.3525 78.0496 -101.3860 -69.3579 63.2179 -94.9807 -17.5492 3.4914 -11.5224 0.0934 0.6983 0.7457 0.0000 -0.0001 0.0001 0.0000 0.0000 0.0000 0.0000 -0.0006 0.0003 0.0000 -0.0001 0.0001 0.0000 0.0000 0.0000 0.0000 0.0000 0.0000 0.0000 0.0007 0.0001 0.0000 -0.0012 0.0001 0.0000 -0.0008 0.0003 0.0000 0.0001 0.0000 0.0000 0.0000 0.0000 0.0000 -0.0009 0.0000 0.0000 0.0002 -29.9996 -0.0001 -0.0003 29.9996 0.0000 0.0000 0.0000 2.1727 -17.9605 -176.7575 -0.3433 -37.2310 0.1981 -50.2858 80.9297 -37.1244 0.0000 25.3510 0.0000 4.3908 -9.6639 168.4860 -0.3092 -17.1473 -0.0363 25.9236 72.2298 20.0058 0.0000 25.3508 -0.0001 
5.5277 88.4420 -20.5354 -8.0571 -2.1384 -4.8958 3.5559 3.5867 -1.9481 3.5639 3.5950 -1.9523 3.5664 3.5977 -1.9536 72.3340 86.8774 -29.3569 75.2266 52.6365 94.6271 22.8461 1.1422 8.5891 -0.1047 1.3038 -0.5485 0.0000 0.0000 0.0001 0.0000 0.0000 0.0000 0.0000 -0.0013 -0.0008 0.0000 -0.0004 0.0001 0.0000 0.0000 0.0000 0.0000 0.0000 0.0000 0.0000 0.0002 0.0000 0.0000 -0.0006 0.0003 0.0000 0.0004 -0.0006 0.0000 0.0000 0.0001 0.0000 0.0000 0.0000 0.0000 -0.0010 -0.0002 0.0000 0.0002 30.0001 -0.0001 0.0005 -29.9998 0.0000 0.0000 0.0000 -5.2092 1.0157 5.0128 -5.2092 1.0157 5.0128 158.3856 78.0670 -101.2703 -69.4471 63.0442 -95.2490 -17.7716 3.6820 -11.8454 0.0971 0.7009 0.7559 0.0000 -0.0001 0.0001 0.0000 0.0000 0.0000 0.0000 -0.0006 0.0003 0.0000 -0.0001 0.0001 0.0000 0.0000 0.0000 0.0000 0.0000 0.0000 0.0000 0.0007 0.0001 0.0000 -0.0011 0.0001 0.0000 -0.0008 0.0003 0.0000 0.0001 0.0000 0.0000 0.0000 0.0000 0.0000 -0.0008 0.0000 0.0000 0.0002 -29.9997 -0.0001 -0.0003 29.9996 0.0000 0.0000 0.0000 2.3253 -18.0033 -176.7204 -0.3471 -37.2977 0.1996 -50.5955 80.9171 -37.5389 0.0000 25.3510 0.0000 5.6352 -9.8487 169.6154 -0.2762 -19.2798 -0.0360 30.1816 72.0499 23.3820 0.0000 25.3508 -0.0001 
5.4504 88.4260 -20.5371 -8.1514 -2.1376 -4.8533 3.5384 3.5515 -1.9484 3.5463 3.5597 -1.9525 3.5489 3.5624 -1.9539 72.1829 86.9422 -29.4605 75.4763 52.1260 95.1575 23.1629 1.2044 8.9516 -0.1089 1.3025 -0.5525 0.0000 0.0000 0.0001 0.0000 0.0000 0.0000 0.0000 -0.0013 -0.0008 0.0000 -0.0004 0.0001 0.0000 0.0000 0.0000 0.0000 0.0000 0.0000 0.0000 0.0003 0.0000 0.0000 -0.0006 0.0003 0.0000 0.0004 -0.0006 0.0000 0.0000 0.0001 0.0000 0.0000 0.0000 0.0000 -0.0010 -0.0002 0.0000 0.0003 30.0001 -0.0001 0.0005 -29.9998 0.0000 0.0000 0.0000 -5.2622 1.1258 5.0717 -5.2622 1.1258 5.0717 158.5151 78.0910 -101.0678 -69.5343 62.8484 -95.5128 -18.0271 3.8394 -12.1161 0.1005 0.7055 0.7641 0.0000 -0.0001 0.0001 0.0000 0.0000 0.0000 0.0000 -0.0006 0.0003 0.0000 -0.0001 0.0001 0.0000 0.0000 0.0000 0.0000 0.0000 0.0000 0.0000 0.0007 0.0001 0.0000 -0.0012 0.0001 0.0000 -0.0008 0.0003 0.0000 0.0001 0.0000 0.0000 0.0000 0.0000 0.0000 -0.0009 0.0000 0.0000 0.0002 -29.9996 -0.0001 -0.0003 29.9996 0.0000 0.0000 0.0000 2.4133 -18.0315 -176.6990 -0.3536 -37.3715 0.2020 -51.2928 80.8963 -38.2930 0.0000 25.3510 0.0000 6.3805 -10.0523 170.7748 -0.2307 -21.0269 -0.0400 33.6006 71.6469 26.4003 0.0000 25.3508 -0.0001 
5.3828 88.3932 -20.5083 -8.2271 -2.1290 -4.7720 3.5149 3.5068 -1.9524 3.5226 3.5147 -1.9565 3.5253 3.5176 -1.9580 71.9436 87.0299 -29.6445 75.7165 51.6768 95.6685 23.4453 1.2506 9.2302 -0.1120 1.2995 -0.5566 0.0000 0.0000 0.0001 0.0000 0.0000 0.0000 0.0000 -0.0013 -0.0008 0.0000 -0.0004 0.0001 0.0000 0.0000 0.0000 0.0000 0.0000 0.0000 0.0000 0.0002 0.0000 0.0000 -0.0006 0.0003 0.0000 0.0004 -0.0006 0.0000 0.0000 0.0001 0.0000 0.0000 0.0000 0.0000 -0.0010 -0.0002 0.0000 0.0002 30.0001 -0.0001 0.0005 -29.9998 0.0000 0.0000 0.0000 -5.3144 1.2477 5.1098 -5.3144 1.2477 5.1098 158.7754 78.1333 -100.7334 -69.6217 62.6323 -95.7682 -18.3444 3.9558 -12.3065 0.1034 0.7125 0.7690 0.0000 -0.0001 0.0001 0.0000 0.0000 0.0000 0.0000 -0.0006 0.0003 0.0000 -0.0001 0.0001 0.0000 0.0000 0.0000 0.0000 0.0000 0.0000 0.0000 0.0007 0.0001 0.0000 -0.0012 0.0001 0.0000 -0.0008 0.0003 0.0000 0.0001 0.0000 0.0000 0.0000 0.0000 0.0000 -0.0009 0.0000 0.0000 0.0002 -29.9996 -0.0001 -0.0003 29.9996 0.0000 0.0000 0.0000 2.4293 -18.0450 -176.7256 -0.3765 -37.4567 0.2101 -52.3727 80.8748 -39.3900 0.0000 25.3510 0.0000 6.5084 -10.2327 171.9102 -0.1953 -22.2651 -0.0444 35.7162 71.1664 28.6966 0.0000 25.3508 -0.0001 
5.3232 88.3624 -20.4656 -8.2710 -2.1132 -4.6546 3.4809 3.4553 -1.9600 3.4884 3.4630 -1.9641 3.4913 3.4659 -1.9656 71.6030 87.1417 -29.9347 75.9443 51.2831 96.1535 23.8089 1.2673 9.4524 -0.1142 1.2963 -0.5586 0.0000 0.0000 0.0001 0.0000 0.0000 0.0000 0.0000 -0.0013 -0.0008 0.0000 -0.0004 0.0001 0.0000 0.0000 0.0000 0.0000 0.0000 0.0000 0.0000 0.0003 0.0000 0.0000 -0.0006 0.0003 0.0000 0.0004 -0.0006 0.0000 0.0000 0.0001 0.0000 0.0000 0.0000 0.0000 -0.0010 -0.0002 0.0000 0.0002 30.0001 -0.0001 0.0005 -29.9998 0.0000 0.0000 0.0000 -5.3633 1.3791 5.1266 -5.3633 1.3791 5.1266 159.1839 78.1863 -100.2560 -69.6970 62.4156 -96.0065 -18.7194 4.0456 -12.4393 0.1058 0.7214 0.7708 0.0000 -0.0001 0.0001 0.0000 0.0000 0.0000 0.0000 -0.0006 0.0003 0.0000 -0.0001 0.0001 0.0000 0.0000 0.0000 0.0000 0.0000 0.0000 0.0000 0.0007 0.0001 0.0000 -0.0011 0.0001 0.0000 -0.0008 0.0003 0.0000 0.0001 0.0000 0.0000 0.0000 0.0000 0.0000 -0.0009 0.0000 0.0000 0.0002 -29.9996 -0.0001 -0.0002 29.9996 0.0000 0.0000 0.0000 2.4115 -18.0359 -176.7964 -0.4053 -37.5069 0.2200 -53.5151 80.8413 -40.5446 0.0000 25.3510 0.0000 6.2408 -10.2870 173.0021 -0.1730 -23.0548 -0.0475 37.0242 70.6853 30.5073 0.0000 25.0404 -0.0001 
5.2605 88.3581 -20.4084 -8.2874 -2.0868 -4.5130 3.4397 3.3970 -1.9673 3.4468 3.4043 -1.9712 3.4498 3.4074 -1.9729 71.2211 87.2740 -30.2629 76.1599 50.9308 96.6158 24.2337 1.2594 9.6180 -0.1157 1.2929 -0.5586 0.0000 0.0000 0.0001 0.0000 0.0000 0.0000 0.0000 -0.0013 -0.0008 0.0000 -0.0004 0.0001 0.0000 0.0000 0.0000 0.0000 0.0000 0.0000 0.0000 0.0002 -0.0001 0.0000 -0.0006 0.0003 0.0000 0.0004 -0.0006 0.0000 0.0000 0.0001 0.0000 0.0000 0.0000 0.0000 -0.0010 -0.0002 0.0000 0.0002 30.0001 -0.0001 0.0005 -29.9998 0.0000 0.0000 0.0000 -5.4106 1.5177 5.1223 -5.4106 1.5177 5.1223 159.7015 78.2621 -99.6631 -69.7751 62.1948 -96.2242 -19.1317 4.1171 -12.5204 0.1079 0.7318 0.7699 0.0000 -0.0001 0.0001 0.0000 0.0000 0.0000 0.0000 -0.0006 0.0003 0.0000 -0.0001 0.0001 0.0000 0.0000 0.0000 0.0000 0.0000 0.0000 0.0000 0.0007 0.0001 0.0000 -0.0011 0.0001 0.0000 -0.0008 0.0003 0.0000 0.0001 0.0000 0.0000 0.0000 0.0000 0.0000 -0.0008 0.0000 0.0000 0.0002 -29.9997 -0.0001 -0.0003 29.9996 0.0000 0.0000 0.0000 2.3700 -17.9945 -176.8931 -0.4266 -37.4960 0.2272 -54.6489 80.7830 -41.6867 0.0000 25.3510 0.0000 5.6883 -10.2047 174.0436 -0.1632 -23.4308 -0.0490 37.6438 70.2143 31.8475 0.0000 26.7941 -0.0001 
5.1980 88.3792 -20.3218 -8.2681 -2.0482 -4.3444 3.3899 3.3312 -1.9682 3.3967 3.3382 -1.9721 3.3999 3.3414 -1.9739 70.7394 87.4367 -30.6899 76.3745 50.6323 97.0481 24.6207 1.2447 9.6860 -0.1158 1.2864 -0.5577 0.0000 0.0000 0.0001 0.0000 0.0000 0.0000 0.0000 -0.0013 -0.0008 0.0000 -0.0004 0.0001 0.0000 0.0000 0.0000 0.0000 0.0000 0.0000 0.0000 0.0002 -0.0001 0.0000 -0.0006 0.0003 0.0000 0.0004 -0.0006 0.0000 0.0000 0.0001 0.0000 0.0000 0.0000 0.0000 -0.0010 -0.0002 0.0000 0.0002 30.0001 -0.0001 0.0005 -29.9998 0.0000 0.0000 0.0000 -5.4527 1.6604 5.0840 -5.4527 1.6604 5.0840 160.3928 78.3754 -98.8904 -69.8599 61.9904 -96.3948 -19.5126 4.2107 -12.5522 0.1097 0.7424 0.7666 0.0000 -0.0001 0.0001 0.0000 0.0000 0.0000 0.0000 -0.0006 0.0003 0.0000 -0.0001 0.0001 0.0000 0.0000 0.0000 0.0000 0.0000 0.0000 0.0000 0.0007 0.0001 0.0000 -0.0012 0.0001 0.0000 -0.0008 0.0003 0.0000 0.0001 0.0000 0.0000 0.0000 0.0000 0.0000 -0.0009 0.0000 0.0000 0.0002 -29.9997 -0.0001 -0.0003 29.9996 0.0000 0.0000 0.0000 2.3202 -17.8771 -177.0244 -0.4333 -37.3521 0.2288 -55.5961 80.6922 -42.6469 0.0000 25.3510 0.0000 4.8222 -9.9441 175.0251 -0.1624 -23.2847 -0.0493 37.2449 69.8840 32.3962 0.0000 27.4397 -0.0001 
5.1626 88.4199 -20.2154 -8.2228 -2.0107 -4.1390 3.3376 3.2667 -1.9692 3.3442 3.2734 -1.9729 3.3475 3.2768 -1.9748 103.6233 90.0000 0.0000 76.5924 50.4005 97.4401 24.9290 1.2387 9.6838 -0.1150 1.2775 -0.5571 0.0000 0.0000 0.0001 0.0000 0.0000 0.0000 0.0000 -0.0013 -0.0008 0.0000 -0.0004 0.0001 0.0000 0.0000 0.0000 0.0000 0.0000 0.0000 0.0000 0.0002 0.0000 0.0000 -0.0006 0.0003 0.0000 0.0004 -0.0006 0.0000 0.0000 0.0001 0.0000 0.0000 0.0000 0.0000 -0.0010 -0.0002 0.0000 0.0002 30.0001 -0.0001 0.0005 -29.9998 0.0000 0.0000 0.0000 -5.4957 1.7984 5.0230 -5.4957 1.7984 5.0230 161.1784 78.5211 -98.0146 -69.9638 61.8283 -96.5286 -19.8088 4.3317 -12.5478 0.1113 0.7515 0.7626 0.0000 -0.0001 0.0001 0.0000 0.0000 0.0000 0.0000 -0.0006 0.0003 0.0000 -0.0001 0.0001 0.0000 0.0000 0.0000 0.0000 0.0000 0.0000 0.0000 0.0007 0.0001 0.0000 -0.0012 0.0001 0.0000 -0.0008 0.0003 0.0000 0.0001 0.0000 0.0000 0.0000 0.0000 0.0000 -0.0009 0.0000 0.0000 0.0002 -29.9996 -0.0001 -0.0003 29.9996 0.0000 0.0000 0.0000 2.2642 -17.7114 -177.2172 -0.4403 -37.1404 0.2303 -56.3732 80.6011 -43.4302 0.0000 25.3510 0.0000 3.7982 -9.6086 175.8857 -0.1790 -22.8541 -0.0466 36.0260 69.7819 32.1742 0.0000 27.7751 -0.0001 
5.1656 88.4560 -20.1054 -8.1569 -1.9754 -3.8994 3.2813 3.2051 -1.9693 3.2876 3.2115 -1.9729 3.2911 3.2150 -1.9749 103.3647 90.0000 0.0000 76.8130 50.2420 97.7774 25.1919 1.2345 9.6205 -0.1133 1.2660 -0.5562 0.0000 0.0000 0.0001 0.0000 0.0000 0.0000 0.0000 -0.0013 -0.0008 0.0000 -0.0004 0.0001 0.0000 0.0000 0.0000 0.0000 0.0000 0.0000 0.0000 0.0002 0.0000 0.0000 -0.0006 0.0003 0.0000 0.0004 -0.0006 0.0000 0.0000 0.0001 0.0000 0.0000 0.0000 0.0000 -0.0010 -0.0002 0.0000 0.0002 30.0001 -0.0001 0.0005 -29.9998 0.0000 0.0000 0.0000 -5.5383 1.9289 4.9438 -5.5383 1.9289 4.9438 162.0666 78.6853 -97.0398 -70.0618 61.7152 -96.6106 -20.0294 4.4695 -12.5236 0.1128 0.7599 0.7584 0.0000 -0.0001 0.0001 0.0000 0.0000 0.0000 0.0000 -0.0006 0.0003 0.0000 -0.0001 0.0001 0.0000 0.0000 0.0000 0.0000 0.0000 0.0000 0.0000 0.0007 0.0001 0.0000 -0.0012 0.0001 0.0000 -0.0008 0.0003 0.0000 0.0001 0.0000 0.0000 0.0000 0.0000 0.0000 -0.0009 0.0000 0.0000 0.0002 -29.9997 -0.0001 -0.0003 29.9996 0.0000 0.0000 0.0000 2.1782 -17.5188 -177.4756 -0.4525 -36.8818 0.2332 -56.9842 80.5098 -44.0126 0.0000 25.3510 0.0000 2.6664 -9.2058 176.6692 -0.1828 -22.2700 -0.0468 34.0754 69.8760 31.2082 0.0000 27.9312 -0.0001 
5.2260 88.4916 -20.0136 -8.0811 -1.9420 -3.6219 3.2216 3.1484 -1.9635 3.2276 3.1545 -1.9670 3.2311 3.1581 -1.9691 103.0803 90.0000 0.0000 77.0338 50.2515 98.0118 25.3824 1.2325 9.4510 -0.1102 1.2505 -0.5552 0.0000 0.0000 0.0001 0.0000 0.0000 0.0000 0.0000 -0.0013 -0.0008 0.0000 -0.0004 0.0001 0.0000 0.0000 0.0000 0.0000 0.0000 0.0000 0.0000 0.0002 0.0000 0.0000 -0.0006 0.0003 0.0000 0.0004 -0.0006 0.0000 0.0000 0.0001 0.0000 0.0000 0.0000 0.0000 -0.0010 -0.0002 0.0000 0.0003 30.0001 -0.0001 0.0005 -29.9998 0.0000 0.0000 0.0000 -5.5765 2.0405 4.8413 -5.5765 2.0405 4.8413 163.0725 78.8792 -95.9554 -70.1573 61.6713 -96.6237 -20.1356 4.6026 -12.4850 0.1140 0.7674 0.7546 0.0000 -0.0001 0.0001 0.0000 0.0000 0.0000 0.0000 -0.0006 0.0003 0.0000 -0.0001 0.0001 0.0000 0.0000 0.0000 0.0000 0.0000 0.0000 0.0000 0.0007 0.0001 0.0000 -0.0011 0.0001 0.0000 -0.0008 0.0003 0.0000 0.0001 0.0000 0.0000 0.0000 0.0000 0.0000 -0.0009 0.0000 0.0000 0.0002 -29.9996 -0.0001 -0.0003 29.9996 0.0000 0.0000 0.0000 2.1619 -17.3264 -177.8143 -0.4648 -36.5872 0.2360 -57.1642 80.4470 -44.1987 0.0000 25.3511 0.0000 1.4170 -8.8111 177.2511 -0.2141 -21.5482 -0.0421 30.8482 70.0619 28.9437 0.0000 28.0049 -0.0001 
5.3036 88.5241 -19.9384 -8.0217 -1.9145 -3.3356 3.1640 3.0982 -1.9463 3.1697 3.1040 -1.9497 3.1734 3.1077 -1.9519 102.7841 90.0000 0.0000 77.2829 50.4536 98.1691 25.5059 1.2312 9.2234 -0.1063 1.2319 -0.5552 0.0000 0.0000 0.0001 0.0000 0.0000 0.0000 0.0000 -0.0013 -0.0008 0.0000 -0.0004 0.0001 0.0000 0.0000 0.0000 0.0000 0.0000 0.0000 0.0000 0.0003 0.0000 0.0000 -0.0006 0.0003 0.0000 0.0004 -0.0006 0.0000 0.0000 0.0001 0.0000 0.0000 0.0000 0.0000 -0.0010 -0.0002 0.0000 0.0002 30.0001 -0.0001 0.0005 -29.9998 0.0000 0.0000 0.0000 -5.6076 2.1292 4.7250 -5.6076 2.1292 4.7250 164.1302 79.0945 -94.8269 -70.2829 61.6677 -96.6246 -20.1626 4.6983 -12.4198 0.1148 0.7746 0.7513 0.0000 -0.0001 0.0001 0.0000 0.0000 0.0000 0.0000 -0.0006 0.0003 0.0000 -0.0001 0.0001 0.0000 0.0000 0.0000 0.0000 0.0000 0.0000 0.0000 0.0007 0.0001 0.0000 -0.0012 0.0001 0.0000 -0.0008 0.0003 0.0000 0.0001 0.0000 0.0000 0.0000 0.0000 0.0000 -0.0009 0.0000 0.0000 0.0002 -29.9996 -0.0001 -0.0003 29.9996 0.0000 0.0000 0.0000 2.1837 -17.1235 -178.1736 -0.4686 -36.2548 0.2357 -57.1216 80.3813 -44.1636 0.0000 25.3510 0.0000 0.0768 -8.4188 177.7385 -0.2300 -20.7490 -0.0407 25.6909 70.5999 24.7385 0.0000 27.8703 -0.0001 
5.3749 88.5564 -19.8638 -7.9896 -1.8938 -3.0531 3.1082 3.0522 -1.9167 3.1136 3.0577 -1.9199 3.1174 3.0616 -1.9222 102.4931 90.0000 0.0000 77.5376 50.8336 98.2421 25.6032 1.2192 8.9637 -0.1019 1.2113 -0.5557 0.0000 0.0000 0.0001 0.0000 0.0000 0.0000 0.0000 -0.0013 -0.0008 0.0000 -0.0004 0.0001 0.0000 0.0000 0.0000 0.0000 0.0000 0.0000 0.0000 0.0002 0.0000 0.0000 -0.0006 0.0003 0.0000 0.0004 -0.0006 0.0000 0.0000 0.0001 0.0000 0.0000 0.0000 0.0000 -0.0010 -0.0002 0.0000 0.0002 30.0001 -0.0001 0.0005 -29.9998 0.0000 0.0000 0.0000 -5.6261 2.1976 4.5990 -5.6261 2.1976 4.5990 165.2525 79.3077 -93.6576 -70.3904 61.7010 -96.5964 -20.1452 4.7520 -12.3391 0.1154 0.7824 0.7486 0.0000 -0.0001 0.0001 0.0000 0.0000 0.0000 0.0000 -0.0006 0.0003 0.0000 -0.0001 0.0001 0.0000 0.0000 0.0000 0.0000 0.0000 0.0000 0.0000 0.0007 0.0001 0.0000 -0.0012 0.0001 0.0000 -0.0008 0.0003 0.0000 0.0001 0.0000 0.0000 0.0000 0.0000 0.0000 -0.0009 0.0000 0.0000 0.0002 -29.9997 -0.0001 -0.0003 29.9996 0.0000 0.0000 0.0000 2.1926 -16.8814 -178.5255 -0.4588 -35.8602 0.2308 -57.0395 80.2876 -44.0424 0.0000 25.3510 0.0000 -1.2533 -8.0238 178.1440 -0.2445 -19.8554 -0.0401 19.6181 71.2275 19.5063 0.0000 27.5017 -0.0001 
5.4719 88.6511 -19.7692 -8.0088 -1.8777 -2.8001 3.0527 3.0087 -1.8640 3.0578 3.0139 -1.8670 3.0617 3.0179 -1.8694 102.2209 90.0000 0.0000 77.7777 51.4759 98.1767 25.6624 1.1661 8.6967 -0.0972 1.1885 -0.5573 0.0000 0.0000 0.0001 0.0000 0.0000 0.0000 0.0000 -0.0013 -0.0008 0.0000 -0.0004 0.0001 0.0000 0.0000 0.0000 0.0000 0.0000 0.0000 0.0000 0.0002 0.0000 0.0000 -0.0006 0.0003 0.0000 0.0004 -0.0006 0.0000 0.0000 0.0001 0.0000 0.0000 0.0000 0.0000 -0.0010 -0.0002 0.0000 0.0002 30.0001 -0.0001 0.0005 -29.9998 0.0000 0.0000 0.0000 -5.6205 2.2397 4.4695 -5.6205 2.2397 4.4695 166.4091 79.5071 -92.4901 -70.4391 61.7656 -96.5139 -20.1297 4.7265 -12.2274 0.1153 0.7920 0.7450 0.0000 -0.0001 0.0001 0.0000 0.0000 0.0000 0.0000 -0.0006 0.0003 0.0000 -0.0001 0.0001 0.0000 0.0000 0.0000 0.0000 0.0000 0.0000 0.0000 0.0007 0.0001 0.0000 -0.0012 0.0001 0.0000 -0.0008 0.0003 0.0000 0.0001 0.0000 0.0000 0.0000 0.0000 0.0000 -0.0008 0.0000 0.0000 0.0002 -29.9997 -0.0001 -0.0003 29.9996 0.0000 0.0000 0.0000 2.1750 -16.5652 -178.8650 -0.4466 -35.3589 0.2247 -56.8978 80.1737 -43.7844 0.0000 25.3510 0.0000 -2.4649 -7.5672 178.5119 -0.2186 -18.8257 -0.0466 13.5234 71.6021 14.1054 0.0000 27.1062 -0.0001 
5.6056 88.7628 -19.6598 -8.0635 -1.8561 -2.5966 2.9939 2.9628 -1.7910 2.9987 2.9678 -1.7938 3.0028 2.9719 -1.7962 101.9832 90.0000 0.0000 77.9831 52.3056 97.9985 25.5666 1.0817 8.4671 -0.0928 1.1644 -0.5625 0.0000 0.0000 0.0001 0.0000 0.0000 0.0000 0.0000 -0.0013 -0.0008 0.0000 -0.0004 0.0001 0.0000 0.0000 0.0000 0.0000 0.0000 0.0000 0.0000 0.0002 0.0000 0.0000 -0.0006 0.0003 0.0000 0.0004 -0.0006 0.0000 0.0000 0.0001 0.0000 0.0000 0.0000 0.0000 -0.0010 -0.0002 0.0000 0.0002 30.0001 -0.0001 0.0005 -29.9998 0.0000 0.0000 0.0000 -5.5921 2.2594 4.3444 -5.5921 2.2594 4.3444 167.4497 79.7025 -91.4564 -70.4466 61.8178 -96.3871 -20.1061 4.6446 -12.1057 0.1150 0.8030 0.7417 0.0000 -0.0001 0.0001 0.0000 0.0000 0.0000 0.0000 -0.0006 0.0003 0.0000 -0.0001 0.0001 0.0000 0.0000 0.0000 0.0000 0.0000 0.0000 0.0000 0.0007 0.0001 0.0000 -0.0012 0.0001 0.0000 -0.0008 0.0003 0.0000 0.0001 0.0000 0.0000 0.0000 0.0000 0.0000 -0.0008 0.0000 0.0000 0.0002 -29.9996 -0.0001 -0.0003 29.9996 0.0000 0.0000 0.0000 2.1249 -16.1972 -179.1789 -0.4409 -34.7618 0.2204 -56.6350 80.0539 -43.3459 0.0000 25.3510 0.0000 -3.5527 -7.1114 178.7951 -0.2019 -17.7849 -0.0512 8.0236 71.8180 9.2958 0.0000 26.6552 -0.0001 
5.7773 88.8985 -19.5486 -8.1422 -1.8281 -2.4480 2.9296 2.9129 -1.6994 2.9340 2.9175 -1.7019 2.9383 2.9218 -1.7042 101.7849 90.0000 0.0000 78.1474 53.2670 97.7293 25.2954 0.9901 8.3109 -0.0892 1.1388 -0.5717 0.0000 0.0000 0.0001 0.0000 0.0000 0.0000 0.0000 -0.0013 -0.0008 0.0000 -0.0004 0.0001 0.0000 0.0000 0.0000 0.0000 0.0000 0.0000 0.0000 0.0002 0.0000 0.0000 -0.0006 0.0003 0.0000 0.0004 -0.0006 0.0000 0.0000 0.0001 0.0000 0.0000 0.0000 0.0000 -0.0010 -0.0002 0.0000 0.0002 30.0001 -0.0001 0.0005 -29.9998 0.0000 0.0000 0.0000 -5.5457 2.2631 4.2267 -5.5457 2.2631 4.2267 168.3753 79.8917 -90.5492 -70.4406 61.8562 -96.2450 -20.0547 4.5181 -11.9701 0.1144 0.8139 0.7386 0.0000 -0.0001 0.0001 0.0000 0.0000 0.0000 0.0000 -0.0006 0.0003 0.0000 -0.0001 0.0001 0.0000 0.0000 0.0000 0.0000 0.0000 0.0000 0.0000 0.0007 0.0001 0.0000 -0.0012 0.0001 0.0000 -0.0008 0.0003 0.0000 0.0001 0.0000 0.0000 0.0000 0.0000 0.0000 -0.0008 0.0000 0.0000 0.0002 -29.9996 -0.0001 -0.0003 29.9996 0.0000 0.0000 0.0000 2.0438 -15.8271 -179.4612 -0.4450 -34.1430 0.2190 -56.3314 79.9477 -42.8257 0.0000 25.3510 0.0000 -4.5791 -6.6780 178.9886 -0.2009 -16.8168 -0.0531 3.4282 72.0043 5.4436 0.0000 26.1327 -0.0001 
5.9607 89.0092 -19.4445 -8.2450 -1.7933 -2.3830 2.8562 2.8563 -1.5866 2.8603 2.8605 -1.5888 2.8647 2.8650 -1.5911 101.6609 90.0000 0.0000 78.2268 54.3072 97.3361 24.7226 0.9371 8.2834 -0.0868 1.1110 -0.5862 0.0000 0.0000 0.0001 0.0000 0.0000 0.0000 0.0000 -0.0013 -0.0008 0.0000 -0.0004 0.0001 0.0000 0.0000 0.0000 0.0000 0.0000 0.0000 0.0000 0.0002 0.0000 0.0000 -0.0006 0.0003 0.0000 0.0004 -0.0006 0.0000 0.0000 0.0001 0.0000 0.0000 0.0000 0.0000 -0.0010 -0.0002 0.0000 0.0002 30.0001 -0.0001 0.0005 -29.9998 0.0000 0.0000 0.0000 -5.4821 2.2515 4.1282 -5.4821 2.2515 4.1282 169.0882 80.0475 -89.8759 -70.3800 61.9480 -96.0502 -19.9155 4.3837 -11.8550 0.1136 0.8228 0.7376 0.0000 -0.0001 0.0001 0.0000 0.0000 0.0000 0.0000 -0.0006 0.0003 0.0000 -0.0001 0.0001 0.0000 0.0000 0.0000 0.0000 0.0000 0.0000 0.0000 0.0007 0.0001 0.0000 -0.0012 0.0001 0.0000 -0.0008 0.0003 0.0000 0.0001 0.0000 0.0000 0.0000 0.0000 0.0000 -0.0009 0.0000 0.0000 0.0002 -29.9997 -0.0001 -0.0003 29.9996 0.0000 0.0000 0.0000 1.9309 -15.4695 -179.6660 -0.4484 -33.5176 0.2174 -56.0141 79.8532 -42.2531 0.0000 25.3511 0.0000 -5.5175 -6.3373 179.0798 -0.2192 -16.0546 -0.0519 1.0682 72.1276 3.8593 0.0000 25.6720 -0.0001 
6.1173 89.1375 -19.3477 -8.3583 -1.7482 -2.3769 2.7707 2.7911 -1.4597 2.7744 2.7950 -1.4616 2.7789 2.7996 -1.4639 101.5839 90.0000 0.0000 78.2090 55.2903 96.8295 23.8654 0.9448 8.3224 -0.0853 1.0813 -0.6030 0.0000 0.0000 0.0001 0.0000 0.0000 0.0000 0.0000 -0.0013 -0.0008 0.0000 -0.0004 0.0001 0.0000 0.0000 0.0000 0.0000 0.0000 0.0000 0.0000 0.0003 0.0000 0.0000 -0.0006 0.0003 0.0000 0.0004 -0.0006 0.0000 0.0000 0.0001 0.0000 0.0000 0.0000 0.0000 -0.0010 -0.0002 0.0000 0.0003 30.0001 -0.0001 0.0005 -29.9998 0.0000 0.0000 0.0000 -5.4105 2.2362 4.0421 -5.4105 2.2362 4.0421 169.7490 80.1687 -89.2717 -70.2996 62.1546 -95.8131 -19.6714 4.2934 -11.7737 0.1131 0.8277 0.7389 0.0000 -0.0001 0.0001 0.0000 0.0000 0.0000 0.0000 -0.0006 0.0003 0.0000 -0.0001 0.0001 0.0000 0.0000 0.0000 0.0000 0.0000 0.0000 0.0000 0.0007 0.0001 0.0000 -0.0012 0.0001 0.0000 -0.0008 0.0003 0.0000 0.0001 0.0000 0.0000 0.0000 0.0000 0.0000 -0.0009 0.0000 0.0000 0.0002 -29.9996 -0.0001 -0.0003 29.9996 0.0000 0.0000 0.0000 1.8238 -15.1438 -179.7919 -0.4418 -32.9230 0.2129 -55.7492 79.7737 -41.7405 0.0000 25.3510 0.0000 -6.3643 -6.0657 179.1834 -0.2261 -15.4277 -0.0522 0.4633 71.8904 4.1285 0.0000 25.5966 -0.0001 
6.2398 89.2695 -19.2595 -8.4798 -1.6824 -2.4210 2.6799 2.7133 -1.3239 2.6832 2.7168 -1.3255 2.6878 2.7216 -1.3277 101.5351 90.0000 0.0000 78.1300 56.1698 96.2468 22.7414 1.0126 8.3712 -0.0840 1.0495 -0.6198 0.0000 0.0000 0.0001 0.0000 0.0000 0.0000 0.0000 -0.0013 -0.0008 0.0000 -0.0004 0.0001 0.0000 0.0000 0.0000 0.0000 0.0000 0.0000 0.0000 0.0002 0.0000 0.0000 -0.0006 0.0003 0.0000 0.0004 -0.0006 0.0000 0.0000 0.0001 0.0000 0.0000 0.0000 0.0000 -0.0010 -0.0002 0.0000 0.0003 30.0001 -0.0001 0.0005 -29.9998 0.0000 0.0000 0.0000 -5.3451 2.2238 3.9687 -5.3451 2.2238 3.9687 170.3147 80.2583 -88.7518 -70.2449 62.4503 -95.5617 -19.3222 4.2402 -11.6799 0.1122 0.8276 0.7407 0.0000 -0.0001 0.0001 0.0000 0.0000 0.0000 0.0000 -0.0006 0.0003 0.0000 -0.0001 0.0001 0.0000 0.0000 0.0000 0.0000 0.0000 0.0000 0.0000 0.0007 0.0001 0.0000 -0.0012 0.0001 0.0000 -0.0008 0.0003 0.0000 0.0001 0.0000 0.0000 0.0000 0.0000 0.0000 -0.0008 0.0000 0.0000 0.0002 -29.9997 -0.0001 -0.0003 29.9996 0.0000 0.0000 0.0000 1.7435 -14.8440 -179.8432 -0.4257 -32.3279 0.2058 -55.4273 79.7001 -41.1987 0.0000 25.3510 0.0000 -6.6941 -5.8603 179.3451 -0.2114 -14.8871 -0.0552 0.3832 71.5148 4.5754 0.0000 25.6887 -0.0001 
6.2951 89.4118 -19.1489 -8.6295 -1.5713 -2.5298 2.5917 2.6098 -1.1798 2.5947 2.6128 -1.1811 2.5995 2.6177 -1.1832 101.5218 90.0000 0.0000 77.9486 56.8273 95.4976 21.3611 1.1744 8.4558 -0.0833 1.0163 -0.6322 0.0000 0.0000 0.0001 0.0000 0.0000 0.0000 0.0000 -0.0013 -0.0008 0.0000 -0.0004 0.0001 0.0000 0.0000 0.0000 0.0000 0.0000 0.0000 0.0000 0.0002 0.0000 0.0000 -0.0006 0.0003 0.0000 0.0004 -0.0006 0.0000 0.0000 0.0001 0.0000 0.0000 0.0000 0.0000 -0.0010 -0.0002 0.0000 0.0002 30.0001 -0.0001 0.0005 -29.9998 0.0000 0.0000 0.0000 -5.3057 2.2264 3.9120 -5.3057 2.2264 3.9120 170.8189 80.2782 -88.2676 -70.2605 62.9020 -95.3219 -18.8543 4.2154 -11.5742 0.1106 0.8200 0.7422 0.0000 -0.0001 0.0001 0.0000 0.0000 0.0000 0.0000 -0.0006 0.0003 0.0000 -0.0001 0.0001 0.0000 0.0000 0.0000 0.0000 0.0000 0.0000 0.0000 0.0007 0.0001 0.0000 -0.0012 0.0001 0.0000 -0.0008 0.0003 0.0000 0.0001 0.0000 0.0000 0.0000 0.0000 0.0000 -0.0009 0.0000 0.0000 0.0002 -29.9996 -0.0001 -0.0003 29.9996 0.0000 0.0000 0.0000 1.7467 -14.5682 -179.7840 -0.3980 -31.7323 0.1955 -55.1135 79.6458 -40.7406 0.0000 25.3510 0.0000 -6.9400 -5.7174 179.5604 -0.1951 -14.4265 -0.0581 0.2845 71.0890 4.9910 0.0000 25.8864 -0.0001 
6.3162 89.5596 -19.0333 -8.8077 -1.4274 -2.6621 2.5057 2.4880 -1.0387 2.5083 2.4907 -1.0397 2.5132 2.4956 -1.0417 101.5439 90.0000 0.0000 77.7190 57.3013 94.6098 19.9041 1.3762 8.5796 -0.0831 0.9840 -0.6385 0.0000 0.0000 0.0001 0.0000 0.0000 0.0000 0.0000 -0.0013 -0.0008 0.0000 -0.0004 0.0001 0.0000 0.0000 0.0000 0.0000 0.0000 0.0000 0.0000 0.0002 0.0000 0.0000 -0.0006 0.0003 0.0000 0.0004 -0.0006 0.0000 0.0000 0.0001 0.0000 0.0000 0.0000 0.0000 -0.0010 -0.0002 0.0000 0.0002 30.0001 -0.0001 0.0005 -29.9998 0.0000 0.0000 0.0000 -5.2951 2.2471 3.8703 -5.2951 2.2471 3.8703 171.3579 80.2537 -87.7385 -70.3628 63.5028 -95.1225 -18.3444 4.1997 -11.4600 0.1085 0.8076 0.7432 0.0000 -0.0001 0.0001 0.0000 0.0000 0.0000 0.0000 -0.0006 0.0003 0.0000 -0.0001 0.0001 0.0000 0.0000 0.0000 0.0000 0.0000 0.0000 0.0000 0.0007 0.0001 0.0000 -0.0012 0.0001 0.0000 -0.0008 0.0003 0.0000 0.0001 0.0000 0.0000 0.0000 0.0000 0.0000 -0.0009 0.0000 0.0000 0.0002 -29.9996 -0.0001 -0.0003 29.9996 0.0000 0.0000 0.0000 1.8352 -14.3131 -179.6765 -0.3709 -31.1253 0.1857 -54.6939 79.5955 -40.2513 0.0000 25.3510 0.0000 -7.1337 -5.5782 179.7883 -0.1859 -14.0068 -0.0600 0.2196 70.6375 5.3473 0.0000 26.1746 -0.0001 
6.3170 89.7106 -18.9250 -9.0019 -1.2621 -2.8027 2.4137 2.3502 -0.9013 2.4160 2.3524 -0.9021 2.4209 2.3573 -0.9039 101.6062 90.0000 0.0000 77.4615 57.6644 93.6052 18.4099 1.5758 8.7312 -0.0830 0.9527 -0.6399 0.0000 0.0000 0.0001 0.0000 0.0000 0.0000 0.0000 -0.0013 -0.0008 0.0000 -0.0004 0.0001 0.0000 0.0000 0.0000 0.0000 0.0000 0.0000 0.0000 0.0002 0.0000 0.0000 -0.0006 0.0003 0.0000 0.0004 -0.0006 0.0000 0.0000 0.0001 0.0000 0.0000 0.0000 0.0000 -0.0010 -0.0002 0.0000 0.0002 30.0001 -0.0001 0.0005 -29.9998 0.0000 0.0000 0.0000 -5.3085 2.2916 3.8371 -5.3085 2.2916 3.8371 171.9765 80.1929 -87.1373 -70.5218 64.2187 -94.9263 -17.8336 4.1890 -11.3269 0.1058 0.7921 0.7416 0.0000 -0.0001 0.0001 0.0000 0.0000 0.0000 0.0000 -0.0006 0.0003 0.0000 -0.0001 0.0001 0.0000 0.0000 0.0000 0.0000 0.0000 0.0000 0.0000 0.0007 0.0001 0.0000 -0.0012 0.0001 0.0000 -0.0008 0.0003 0.0000 0.0001 0.0000 0.0000 0.0000 0.0000 0.0000 -0.0009 0.0000 0.0000 0.0002 -29.9996 -0.0001 -0.0003 29.9996 0.0000 0.0000 0.0000 1.9792 -14.0787 -179.5455 -0.3458 -30.5066 0.1768 -54.1603 79.5307 -39.7065 0.0000 25.3510 0.0000 -7.3143 -5.4389 -179.9673 -0.1796 -13.6209 -0.0613 0.0051 70.2878 5.5135 0.0000 26.4171 -0.0001 
6.2959 89.8580 -18.8732 -9.1926 -1.0778 -2.9436 2.3158 2.1955 -0.7771 2.3177 2.1974 -0.7777 2.3227 2.2022 -0.7793 101.7192 90.0000 0.0000 77.2123 57.9820 92.4690 16.9009 1.7159 8.9321 -0.0829 0.9234 -0.6363 0.0000 0.0000 0.0001 0.0000 0.0000 0.0000 0.0000 -0.0013 -0.0008 0.0000 -0.0004 0.0001 0.0000 0.0000 0.0000 0.0000 0.0000 0.0000 0.0000 0.0002 0.0000 0.0000 -0.0006 0.0003 0.0000 0.0004 -0.0006 0.0000 0.0000 0.0001 0.0000 0.0000 0.0000 0.0000 -0.0010 -0.0002 0.0000 0.0002 30.0001 -0.0001 0.0005 -29.9998 0.0000 0.0000 0.0000 -5.3772 2.3727 3.8238 -5.3772 2.3727 3.8238 172.5193 80.0967 -86.5980 -70.7495 65.0344 -94.7151 -17.3420 4.1576 -11.1483 0.1023 0.7728 0.7354 0.0000 -0.0001 0.0001 0.0000 0.0000 0.0000 0.0000 -0.0006 0.0003 0.0000 -0.0001 0.0001 0.0000 0.0000 0.0000 0.0000 0.0000 0.0000 0.0000 0.0007 0.0001 0.0000 -0.0012 0.0001 0.0000 -0.0008 0.0003 0.0000 0.0001 0.0000 0.0000 0.0000 0.0000 0.0000 -0.0009 0.0000 0.0000 0.0002 -29.9996 -0.0001 -0.0003 29.9996 0.0000 0.0000 0.0000 2.1339 -13.9003 -179.3934 -0.3178 -29.8784 0.1673 -53.4114 79.4065 -38.9827 0.0000 25.3510 0.0000 -7.5123 -5.3118 -179.6659 -0.1695 -13.2473 -0.0631 -0.5494 70.1200 5.2820 0.0000 26.5002 -0.0001 
6.2593 89.9989 -18.8340 -9.3479 -0.8984 -3.0705 2.2105 2.0325 -0.6691 2.2121 2.0341 -0.6696 2.2171 2.0387 -0.6710 101.8759 90.0000 0.0000 76.9551 58.3791 91.1908 15.4382 1.8244 9.1831 -0.0829 0.8952 -0.6283 0.0000 0.0000 0.0001 0.0000 0.0000 0.0000 0.0000 -0.0013 -0.0008 0.0000 -0.0004 0.0001 0.0000 0.0000 0.0000 0.0000 0.0000 0.0000 0.0000 0.0002 0.0000 0.0000 -0.0006 0.0003 0.0000 0.0004 -0.0006 0.0000 0.0000 0.0001 0.0000 0.0000 0.0000 0.0000 -0.0010 -0.0002 0.0000 0.0002 30.0001 -0.0001 0.0005 -29.9998 0.0000 0.0000 0.0000 -5.5018 2.4870 3.8279 -5.5017 2.4870 3.8279 172.8935 79.9714 -86.2132 -71.0026 65.9246 -94.4527 -16.8600 4.0857 -10.9637 0.0981 0.7506 0.7255 0.0000 -0.0001 0.0001 0.0000 0.0000 0.0000 0.0000 -0.0006 0.0003 0.0000 -0.0001 0.0001 0.0000 0.0000 0.0000 0.0000 0.0000 0.0000 0.0000 0.0007 0.0001 0.0000 -0.0012 0.0001 0.0000 -0.0008 0.0003 0.0000 0.0001 0.0000 0.0000 0.0000 0.0000 0.0000 -0.0009 0.0000 0.0000 0.0002 -29.9997 -0.0001 -0.0003 29.9996 0.0000 0.0000 0.0000 2.2498 -13.7297 -179.2430 -0.2904 -29.2529 0.1583 -52.6172 79.2473 -38.2199 0.0000 25.3510 0.0000 -7.7204 -5.1624 -179.3176 -0.1527 -12.8546 -0.0656 -1.3445 70.0620 4.7147 0.0000 26.4713 -0.0001 
6.2088 90.1348 -18.7750 -9.4478 -0.7346 -3.1726 2.0936 1.8690 -0.5784 2.0949 1.8702 -0.5787 2.0999 1.8747 -0.5800 102.0706 90.0000 0.0000 76.7111 58.9017 89.8351 14.0245 1.9016 9.4655 -0.0828 0.8674 -0.6180 0.0000 0.0000 0.0001 0.0000 0.0000 0.0000 0.0000 -0.0013 -0.0008 0.0000 -0.0004 0.0001 0.0000 0.0000 0.0000 0.0000 0.0000 0.0000 0.0000 0.0002 0.0000 0.0000 -0.0006 0.0003 0.0000 0.0004 -0.0006 0.0000 0.0000 0.0001 0.0000 0.0000 0.0000 0.0000 -0.0010 -0.0002 0.0000 0.0002 30.0001 -0.0001 0.0005 -29.9998 0.0000 0.0000 0.0000 -5.6761 2.6244 3.8448 -5.6761 2.6244 3.8448 173.1323 79.8383 -85.9508 -71.2891 66.9051 -94.1462 -16.3644 3.9912 -10.7706 0.0935 0.7262 0.7134 0.0000 -0.0001 0.0001 0.0000 0.0000 0.0000 0.0000 -0.0006 0.0003 0.0000 -0.0001 0.0001 0.0000 0.0000 0.0000 0.0000 0.0000 0.0000 0.0000 0.0007 0.0001 0.0000 -0.0012 0.0001 0.0000 -0.0008 0.0003 0.0000 0.0001 0.0000 0.0000 0.0000 0.0000 0.0000 -0.0009 0.0000 0.0000 0.0002 -29.9997 -0.0001 -0.0003 29.9996 0.0000 0.0000 0.0000 2.3074 -13.5397 -179.1109 -0.2639 -28.6435 0.1499 -51.8989 79.0778 -37.5305 0.0000 25.3510 0.0000 -7.9203 -4.9685 -178.9556 -0.1305 -12.4235 -0.0686 -2.2630 70.0603 3.9224 0.0000 26.3744 -0.0001 
6.1451 90.2559 -18.6648 -9.4423 -0.5958 -3.2428 1.9669 1.7047 -0.5080 1.9680 1.7057 -0.5083 1.9728 1.7099 -0.5095 102.2892 90.0000 0.0000 76.4688 59.6543 88.4208 12.6521 1.9422 9.7438 -0.0824 0.8391 -0.6067 0.0000 0.0000 0.0001 0.0000 0.0000 0.0000 0.0000 -0.0013 -0.0008 0.0000 -0.0004 0.0001 0.0000 0.0000 0.0000 0.0000 0.0000 0.0000 0.0000 0.0002 0.0000 0.0000 -0.0006 0.0003 0.0000 0.0004 -0.0006 0.0000 0.0000 0.0001 0.0000 0.0000 0.0000 0.0000 -0.0010 -0.0002 0.0000 0.0002 30.0001 -0.0001 0.0005 -29.9998 0.0000 0.0000 0.0000 -5.9296 2.7916 3.8736 -5.9296 2.7916 3.8736 173.1882 79.7006 -85.8246 -71.5948 68.0089 -93.7323 -15.7450 3.9114 -10.5444 0.0883 0.6971 0.6986 0.0000 -0.0001 0.0001 0.0000 0.0000 0.0000 0.0000 -0.0006 0.0003 0.0000 -0.0001 0.0001 0.0000 0.0000 0.0000 0.0000 0.0000 0.0000 0.0000 0.0007 0.0001 0.0000 -0.0011 0.0001 0.0000 -0.0008 0.0003 0.0000 0.0001 0.0000 0.0000 0.0000 0.0000 0.0000 -0.0009 0.0000 0.0000 0.0002 -29.9996 -0.0001 -0.0003 29.9996 0.0000 0.0000 0.0000 2.2640 -13.3020 -179.0097 -0.2398 -28.0537 0.1425 -51.2911 78.9172 -36.9464 0.0000 25.3510 0.0000 -8.0651 -4.7473 -178.6181 -0.1050 -11.9625 -0.0717 -3.1482 70.0890 2.9877 0.0000 26.2193 -0.0001 
6.0857 90.3667 -18.5388 -9.3562 -0.4666 -3.2932 1.8465 1.5361 -0.4500 1.8473 1.5369 -0.4501 1.8520 1.5408 -0.4512 102.4888 90.0000 0.0000 76.1732 60.5773 86.9614 11.2885 2.0109 9.9369 -0.0812 0.8098 -0.5938 0.0000 0.0000 0.0001 0.0000 0.0000 0.0000 0.0000 -0.0013 -0.0008 0.0000 -0.0004 0.0001 0.0000 0.0000 0.0000 0.0000 0.0000 0.0000 0.0000 0.0002 0.0000 0.0000 -0.0006 0.0003 0.0000 0.0004 -0.0006 0.0000 0.0000 0.0001 0.0000 0.0000 0.0000 0.0000 -0.0010 -0.0002 0.0000 0.0002 30.0001 -0.0001 0.0005 -29.9998 0.0000 0.0000 0.0000 -6.2467 2.9774 3.9041 -6.2467 2.9774 3.9041 173.1246 79.5535 -85.7575 -71.9016 69.1935 -93.2194 -14.9096 3.8651 -10.2823 0.0828 0.6637 0.6823 0.0000 -0.0001 0.0001 0.0000 0.0000 0.0000 0.0000 -0.0006 0.0003 0.0000 -0.0001 0.0001 0.0000 0.0000 0.0000 0.0000 0.0000 0.0000 0.0000 0.0007 0.0001 0.0000 -0.0011 0.0001 0.0000 -0.0008 0.0003 0.0000 0.0001 0.0000 0.0000 0.0000 0.0000 0.0000 -0.0009 0.0000 0.0000 0.0002 -29.9996 -0.0001 -0.0003 29.9996 0.0000 0.0000 0.0000 2.1695 -13.0556 -178.9356 -0.2207 -27.4792 0.1365 -50.6143 78.7720 -36.3018 0.0000 25.3510 0.0000 -8.1492 -4.5688 -178.3502 -0.0849 -11.5145 -0.0742 -3.7985 70.0828 2.1771 0.0000 26.0623 -0.0001 
6.0357 90.4674 -18.4231 -9.2100 -0.3369 -3.3283 1.7398 1.3641 -0.4002 1.7405 1.3647 -0.4004 1.7450 1.3683 -0.4014 102.6506 90.0000 0.0000 75.7807 61.6282 85.4257 9.9359 2.1095 10.0221 -0.0793 0.7802 -0.5787 0.0000 0.0000 0.0001 0.0000 0.0000 0.0000 0.0000 -0.0013 -0.0008 0.0000 -0.0004 0.0001 0.0000 0.0000 0.0000 0.0000 0.0000 0.0000 0.0000 0.0002 0.0000 0.0000 -0.0006 0.0003 0.0000 0.0004 -0.0006 0.0000 0.0000 0.0001 0.0000 0.0000 0.0000 0.0000 -0.0010 -0.0002 0.0000 0.0002 30.0001 -0.0001 0.0005 -29.9998 0.0000 0.0000 0.0000 -6.6028 3.1709 3.9291 -6.6028 3.1709 3.9291 173.0089 79.4056 -85.6820 -72.1993 70.4481 -92.6104 -13.8527 3.8465 -10.0082 0.0773 0.6275 0.6653 0.0000 -0.0001 0.0001 0.0000 0.0000 0.0000 0.0000 -0.0006 0.0003 0.0000 -0.0001 0.0001 0.0000 0.0000 0.0000 0.0000 0.0000 0.0000 0.0000 0.0007 0.0001 0.0000 -0.0011 0.0001 0.0000 -0.0008 0.0003 0.0000 0.0001 0.0000 0.0000 0.0000 0.0000 0.0000 -0.0008 0.0000 0.0000 0.0002 -29.9996 -0.0001 -0.0003 29.9996 0.0000 0.0000 0.0000 2.0583 -12.8253 -178.8832 -0.2062 -26.9126 0.1319 -49.7715 78.6315 -35.5132 0.0000 25.3510 0.0000 -8.1991 -4.4396 -178.1548 -0.0717 -11.0969 -0.0758 -4.1831 70.0444 1.5815 0.0000 25.9232 -0.0001 
5.9905 90.5625 -18.3316 -9.0004 -0.1953 -3.3461 1.6508 1.1814 -0.3590 1.6513 1.1819 -0.3591 1.6557 1.1851 -0.3601 102.7802 90.0000 0.0000 75.2428 62.8378 83.8032 8.6150 2.1977 9.9687 -0.0764 0.7515 -0.5625 0.0000 0.0000 0.0001 0.0000 0.0000 0.0000 0.0000 -0.0013 -0.0008 0.0000 -0.0004 0.0001 0.0000 0.0000 0.0000 0.0000 0.0000 0.0000 0.0000 0.0003 0.0000 0.0000 -0.0006 0.0003 0.0000 0.0004 -0.0006 0.0000 0.0000 0.0001 0.0000 0.0000 0.0000 0.0000 -0.0010 -0.0002 0.0000 0.0003 30.0001 -0.0001 0.0005 -29.9998 0.0000 0.0000 0.0000 -6.9946 3.3733 3.9437 -6.9946 3.3733 3.9437 172.9426 79.2293 -85.5139 -72.4727 71.7793 -91.8756 -12.4791 3.8507 -9.7330 0.0718 0.5883 0.6473 0.0000 -0.0001 0.0001 0.0000 0.0000 0.0000 0.0000 -0.0006 0.0003 0.0000 -0.0001 0.0001 0.0000 0.0000 0.0000 0.0000 0.0000 0.0000 0.0000 0.0007 0.0001 0.0000 -0.0012 0.0001 0.0000 -0.0008 0.0003 0.0000 0.0001 0.0000 0.0000 0.0000 0.0000 0.0000 -0.0009 0.0000 0.0000 0.0002 -29.9996 -0.0001 -0.0003 29.9996 0.0000 0.0000 0.0000 1.9535 -12.6393 -178.8486 -0.1930 -26.3668 0.1278 -48.7306 78.4880 -34.5738 0.0000 25.3510 0.0000 -8.2479 -4.3472 -178.0364 -0.0646 -10.7210 -0.0767 -4.2665 69.9818 1.2878 0.0000 25.8293 -0.0001 
5.9361 90.6534 -18.2312 -8.7689 -0.0430 -3.3658 1.5857 0.9984 -0.3199 1.5861 0.9987 -0.3200 1.5905 1.0014 -0.3208 102.8762 90.0000 0.0000 74.5844 64.1373 82.1180 7.3131 2.2414 9.7948 -0.0728 0.7252 -0.5464 0.0000 0.0000 0.0001 0.0000 0.0000 0.0000 0.0000 -0.0013 -0.0008 0.0000 -0.0004 0.0001 0.0000 0.0000 0.0000 0.0000 0.0000 0.0000 0.0000 0.0002 0.0000 0.0000 -0.0006 0.0003 0.0000 0.0004 -0.0006 0.0000 0.0000 0.0001 0.0000 0.0000 0.0000 0.0000 -0.0010 -0.0002 0.0000 0.0002 30.0001 -0.0001 0.0005 -29.9998 0.0000 0.0000 0.0000 -7.4109 3.5653 3.9536 -7.4109 3.5653 3.9536 172.9590 79.0373 -85.2442 -72.5958 73.1358 -90.9631 -10.9432 3.8766 -9.4768 0.0668 0.5507 0.6286 0.0000 -0.0001 0.0001 0.0000 0.0000 0.0000 0.0000 -0.0006 0.0003 0.0000 -0.0001 0.0001 0.0000 0.0000 0.0000 0.0000 0.0000 0.0000 0.0000 0.0007 0.0001 0.0000 -0.0011 0.0001 0.0000 -0.0008 0.0003 0.0000 0.0001 0.0000 0.0000 0.0000 0.0000 0.0000 -0.0009 0.0000 0.0000 0.0002 -29.9996 -0.0001 -0.0003 29.9996 0.0000 0.0000 0.0000 1.8756 -12.4707 -178.8046 -0.1780 -25.8417 0.1234 -47.6914 78.3482 -33.6802 0.0000 25.3510 0.0000 -8.3244 -4.2433 -177.9095 -0.0555 -10.3806 -0.0777 -4.3086 69.9328 1.0734 0.0000 25.7768 -0.0001 
5.8719 90.7387 -18.1052 -8.5319 0.1189 -3.3897 1.5396 0.8131 -0.2806 1.5400 0.8133 -0.2807 1.5442 0.8156 -0.2814 102.9479 90.0000 0.0000 73.8168 65.4940 80.3692 6.0098 2.2283 9.5025 -0.0685 0.7009 -0.5300 0.0000 0.0000 0.0001 0.0000 0.0000 0.0000 0.0000 -0.0013 -0.0008 0.0000 -0.0004 0.0001 0.0000 0.0000 0.0000 0.0000 0.0000 0.0000 0.0000 0.0002 0.0000 0.0000 -0.0006 0.0003 0.0000 0.0004 -0.0006 0.0000 0.0000 0.0001 0.0000 0.0000 0.0000 0.0000 -0.0010 -0.0002 0.0000 0.0002 30.0001 -0.0001 0.0005 -29.9998 0.0000 0.0000 0.0000 -7.8336 3.7484 3.9563 -7.8336 3.7484 3.9563 173.0828 78.8275 -84.8656 -72.4695 74.4660 -89.7998 -9.3246 3.9217 -9.2289 0.0624 0.5170 0.6088 0.0000 -0.0001 0.0001 0.0000 0.0000 0.0000 0.0000 -0.0006 0.0003 0.0000 -0.0001 0.0001 0.0000 0.0000 0.0000 0.0000 0.0000 0.0000 0.0000 0.0007 0.0001 0.0000 -0.0012 0.0001 0.0000 -0.0008 0.0003 0.0000 0.0001 0.0000 0.0000 0.0000 0.0000 0.0000 -0.0009 0.0000 0.0000 0.0002 -29.9996 -0.0001 -0.0003 29.9996 0.0000 0.0000 0.0000 1.8265 -12.3049 -178.7505 -0.1628 -25.3370 0.1192 -46.7267 78.2212 -32.8953 0.0000 25.3510 0.0000 -8.4353 -4.1208 -177.7491 -0.0436 -10.0671 -0.0789 -4.4129 69.9042 0.8385 0.0000 25.7542 -0.0001 
5.7979 90.8214 -17.9416 -8.2981 0.2911 -3.4163 1.5145 0.6309 -0.2406 1.5148 0.6310 -0.2407 1.5191 0.6328 -0.2413 103.0013 90.0000 0.0000 72.9886 66.9004 78.6039 4.6774 2.0964 9.0894 -0.0634 0.6792 -0.5147 0.0000 0.0000 0.0001 0.0000 0.0000 0.0000 0.0000 -0.0013 -0.0008 0.0000 -0.0004 0.0001 0.0000 0.0000 0.0000 0.0000 0.0000 0.0000 0.0000 0.0002 0.0000 0.0000 -0.0006 0.0003 0.0000 0.0004 -0.0006 0.0000 0.0000 0.0001 0.0000 0.0000 0.0000 0.0000 -0.0010 -0.0002 0.0000 0.0003 30.0001 -0.0001 0.0005 -29.9998 0.0000 0.0000 0.0000 -8.2459 3.9099 3.9508 -8.2459 3.9099 3.9508 173.3561 78.6272 -84.3547 -71.9326 75.6646 -88.2250 -7.6781 3.9616 -8.9778 0.0586 0.4906 0.5872 0.0000 -0.0001 0.0001 0.0000 0.0000 0.0000 0.0000 -0.0006 0.0003 0.0000 -0.0001 0.0001 0.0000 0.0000 0.0000 0.0000 0.0000 0.0000 0.0000 0.0007 0.0001 0.0000 -0.0011 0.0001 0.0000 -0.0008 0.0003 0.0000 0.0001 0.0000 0.0000 0.0000 0.0000 0.0000 -0.0009 0.0000 0.0000 0.0002 -29.9996 -0.0001 -0.0003 29.9996 0.0000 0.0000 0.0000 1.8091 -12.1345 -178.6888 -0.1500 -24.8548 0.1157 -45.8771 78.1182 -32.2580 0.0000 25.3510 0.0000 -8.6150 -3.9855 -177.5367 -0.0292 -9.7998 -0.0802 -4.6945 69.9102 0.4940 0.0000 25.7579 -0.0001 
5.7170 90.9022 -17.7684 -8.0691 0.4631 -3.4368 1.4993 0.4562 -0.2046 1.4996 0.4564 -0.2046 1.5038 0.4577 -0.2052 103.0599 90.0000 0.0000 72.0957 68.3047 76.7961 3.2894 1.8677 8.6265 -0.0580 0.6597 -0.5005 0.0000 0.0000 0.0001 0.0000 0.0000 0.0000 0.0000 -0.0013 -0.0008 0.0000 -0.0004 0.0001 0.0000 0.0000 0.0000 0.0000 0.0000 0.0000 0.0000 0.0002 0.0000 0.0000 -0.0006 0.0003 0.0000 0.0004 -0.0006 0.0000 0.0000 0.0001 0.0000 0.0000 0.0000 0.0000 -0.0010 -0.0002 0.0000 0.0003 30.0001 -0.0001 0.0005 -29.9998 0.0000 0.0000 0.0000 -8.6431 4.0515 3.9443 -8.6431 4.0515 3.9443 173.6754 78.4460 -83.8290 -70.9567 76.7188 -86.2140 -6.0984 3.9755 -8.7158 0.0552 0.4713 0.5635 0.0000 -0.0001 0.0001 0.0000 0.0000 0.0000 0.0000 -0.0006 0.0003 0.0000 -0.0001 0.0001 0.0000 0.0000 0.0000 0.0000 0.0000 0.0000 0.0000 0.0007 0.0001 0.0000 -0.0012 0.0001 0.0000 -0.0008 0.0003 0.0000 0.0001 0.0000 0.0000 0.0000 0.0000 0.0000 -0.0009 0.0000 0.0000 0.0002 -29.9996 -0.0001 -0.0003 29.9996 0.0000 0.0000 0.0000 1.7989 -11.9522 -178.6293 -0.1384 -24.3638 0.1125 -45.0743 78.0173 -31.6708 0.0000 25.3510 0.0000 -8.8448 -3.8818 -177.3155 -0.0165 -9.5971 -0.0813 -5.0976 69.9435 0.0676 0.0000 25.7637 -0.0001 
5.6290 90.9850 -17.5968 -7.8433 0.6304 -3.4451 1.4897 0.2915 -0.1737 1.4900 0.2916 -0.1737 1.4942 0.2924 -0.1742 103.1222 90.0000 0.0000 71.1034 69.6946 74.9041 1.8540 1.5942 8.1288 -0.0526 0.6419 -0.4876 0.0000 0.0000 0.0001 0.0000 0.0000 0.0000 0.0000 -0.0013 -0.0008 0.0000 -0.0004 0.0001 0.0000 0.0000 0.0000 0.0000 0.0000 0.0000 0.0000 0.0003 0.0000 0.0000 -0.0006 0.0003 0.0000 0.0004 -0.0006 0.0000 0.0000 0.0001 0.0000 0.0000 0.0000 0.0000 -0.0010 -0.0002 0.0000 0.0002 30.0001 -0.0001 0.0005 -29.9998 0.0000 0.0000 0.0000 -9.0307 4.1751 3.9401 -9.0307 4.1751 3.9401 174.0141 78.3009 -83.3099 -69.5329 77.6479 -83.7456 -4.6061 3.9721 -8.4274 0.0521 0.4582 0.5386 0.0000 -0.0001 0.0001 0.0000 0.0000 0.0000 0.0000 -0.0006 0.0003 0.0000 -0.0001 0.0001 0.0000 0.0000 0.0000 0.0000 0.0000 0.0000 0.0000 0.0007 0.0001 0.0000 -0.0012 0.0001 0.0000 -0.0008 0.0003 0.0000 0.0001 0.0000 0.0000 0.0000 0.0000 0.0000 -0.0009 0.0000 0.0000 0.0002 -29.9996 -0.0001 -0.0003 29.9996 0.0000 0.0000 0.0000 1.7822 -11.7579 -178.5765 -0.1254 -23.8587 0.1092 -44.3037 77.9089 -31.1034 0.0000 25.3510 0.0000 -9.1034 -3.8297 -177.1138 -0.0067 -9.4646 -0.0822 -5.5477 69.9932 -0.3865 0.0000 25.7663 -0.0001 
5.5408 91.0643 -17.4344 -7.6192 0.7882 -3.4269 1.4850 0.1418 -0.1509 1.4853 0.1419 -0.1509 1.4895 0.1423 -0.1513 103.2023 90.0000 0.0000 70.0072 71.0377 72.9351 0.4574 1.3100 7.6308 -0.0475 0.6261 -0.4760 0.0000 0.0000 0.0001 0.0000 0.0000 0.0000 0.0000 -0.0013 -0.0008 0.0000 -0.0004 0.0001 0.0000 0.0000 0.0000 0.0000 0.0000 0.0000 0.0000 0.0002 0.0000 0.0000 -0.0006 0.0003 0.0000 0.0004 -0.0006 0.0000 0.0000 0.0001 0.0000 0.0000 0.0000 0.0000 -0.0010 -0.0002 0.0000 0.0002 30.0001 -0.0001 0.0005 -29.9998 0.0000 0.0000 0.0000 -9.3818 4.2771 3.9365 -9.3818 4.2771 3.9365 174.3805 78.2239 -82.7890 -67.6460 78.4117 -80.7807 -3.2185 3.9420 -8.1215 0.0494 0.4515 0.5126 0.0000 -0.0001 0.0001 0.0000 0.0000 0.0000 0.0000 -0.0006 0.0003 0.0000 -0.0001 0.0001 0.0000 0.0000 0.0000 0.0000 0.0000 0.0000 0.0000 0.0007 0.0001 0.0000 -0.0011 0.0001 0.0000 -0.0008 0.0003 0.0000 0.0001 0.0000 0.0000 0.0000 0.0000 0.0000 -0.0009 0.0000 0.0000 0.0002 -29.9996 -0.0001 -0.0003 29.9996 0.0000 0.0000 0.0000 1.7239 -11.5437 -178.5497 -0.1114 -23.3247 0.1057 -43.5544 77.7814 -30.5044 0.0000 25.3510 0.0000 -9.3761 -3.8808 -176.9734 -0.0014 -9.4536 -0.0826 -5.9811 70.0642 -0.8239 0.0000 25.7617 -0.0001 
5.4690 91.1384 -17.2944 -7.3991 0.9333 -3.3839 1.4823 0.0054 -0.1368 1.4826 0.0054 -0.1368 1.4868 0.0055 -0.1372 103.3125 90.0000 0.0000 68.6484 72.3228 70.7388 -0.8210 1.0643 7.1661 -0.0431 0.6123 -0.4647 0.0000 0.0000 0.0001 0.0000 0.0000 0.0000 0.0000 -0.0013 -0.0008 0.0000 -0.0004 0.0001 0.0000 0.0000 0.0000 0.0000 0.0000 0.0000 0.0000 0.0002 0.0000 0.0000 -0.0006 0.0003 0.0000 0.0004 -0.0006 0.0000 0.0000 0.0001 0.0000 0.0000 0.0000 0.0000 -0.0010 -0.0002 0.0000 0.0002 30.0001 -0.0001 0.0005 -29.9998 0.0000 0.0000 0.0000 -9.6998 4.3652 3.9345 -9.6998 4.3652 3.9345 174.7404 78.1941 -82.2939 -65.4601 79.0784 -77.4837 -1.8686 3.8773 -7.8252 0.0468 0.4484 0.4870 0.0000 -0.0001 0.0001 0.0000 0.0000 0.0000 0.0000 -0.0006 0.0003 0.0000 -0.0001 0.0001 0.0000 0.0000 0.0000 0.0000 0.0000 0.0000 0.0000 0.0007 0.0001 0.0000 -0.0012 0.0001 0.0000 -0.0008 0.0003 0.0000 0.0001 0.0000 0.0000 0.0000 0.0000 0.0000 -0.0009 0.0000 0.0000 0.0002 -29.9996 -0.0001 -0.0003 29.9996 0.0000 0.0000 0.0000 1.6187 -11.3288 -178.5572 -0.1019 -22.7852 0.1032 -42.7959 77.6381 -29.8365 0.0000 25.3510 0.0000 -9.6161 -4.0004 -176.8947 0.0013 -9.5236 -0.0828 -6.3357 70.1426 -1.2165 0.0000 25.7581 -0.0001 
5.4117 91.2077 -17.1820 -7.1802 1.0597 -3.3262 1.4794 -0.1169 -0.1292 1.4797 -0.1169 -0.1293 1.4839 -0.1172 -0.1296 103.4333 90.0000 0.0000 66.8880 73.5599 68.1686 -2.0368 0.8606 6.7101 -0.0392 0.6009 -0.4541 0.0000 0.0000 0.0001 0.0000 0.0000 0.0000 0.0000 -0.0013 -0.0008 0.0000 -0.0004 0.0001 0.0000 0.0000 0.0000 0.0000 0.0000 0.0000 0.0000 0.0002 0.0000 0.0000 -0.0006 0.0003 0.0000 0.0004 -0.0006 0.0000 0.0000 0.0001 0.0000 0.0000 0.0000 0.0000 -0.0010 -0.0002 0.0000 0.0002 30.0001 -0.0002 0.0005 -29.9998 0.0000 0.0000 0.0000 -9.9879 4.4407 3.9357 -9.9879 4.4407 3.9357 175.0713 78.1951 -81.8408 -63.0408 79.6929 -73.9515 -0.5441 3.7826 -7.5222 0.0444 0.4475 0.4630 0.0000 -0.0001 0.0001 0.0000 0.0000 0.0000 0.0000 -0.0006 0.0003 0.0000 -0.0001 0.0001 0.0000 0.0000 0.0000 0.0000 0.0000 0.0000 0.0000 0.0007 0.0001 0.0000 -0.0012 0.0001 0.0000 -0.0008 0.0003 0.0000 0.0001 0.0000 0.0000 0.0000 0.0000 0.0000 -0.0009 0.0000 0.0000 0.0002 -29.9996 -0.0001 -0.0003 29.9996 0.0000 0.0000 0.0000 1.4700 -11.1230 -178.5869 -0.0967 -22.2620 0.1017 -42.0349 77.4819 -29.1160 0.0000 25.3510 0.0000 -9.8076 -4.1583 -176.8604 0.0026 -9.6556 -0.0829 -6.6042 70.2302 -1.5708 0.0000 25.7585 -0.0001 
5.3596 91.2574 -17.1065 -6.9536 1.1528 -3.2560 1.4726 -0.2169 -0.1286 1.4729 -0.2169 -0.1286 1.4770 -0.2175 -0.1290 103.5670 90.0000 0.0000 64.6398 74.6979 65.1698 -3.1339 0.7343 6.2627 -0.0358 0.5921 -0.4442 0.0000 0.0000 0.0001 0.0000 0.0000 0.0000 0.0000 -0.0013 -0.0008 0.0000 -0.0004 0.0001 0.0000 0.0000 0.0000 0.0000 0.0000 0.0000 0.0000 0.0002 0.0000 0.0000 -0.0006 0.0003 0.0000 0.0004 -0.0006 0.0000 0.0000 0.0001 0.0000 0.0000 0.0000 0.0000 -0.0010 -0.0002 0.0000 0.0002 30.0001 -0.0001 0.0005 -29.9998 0.0000 0.0000 0.0000 -10.2352 4.4961 3.9417 -10.2352 4.4961 3.9417 175.3589 78.2272 -81.4348 -60.3732 80.3485 -70.1730 0.6674 3.6410 -7.2302 0.0420 0.4474 0.4403 0.0000 -0.0001 0.0001 0.0000 0.0000 0.0000 0.0000 -0.0006 0.0003 0.0000 -0.0001 0.0001 0.0000 0.0000 0.0000 0.0000 0.0000 0.0000 0.0000 0.0007 0.0001 0.0000 -0.0012 0.0001 0.0000 -0.0008 0.0003 0.0000 0.0001 0.0000 0.0000 0.0000 0.0000 0.0000 -0.0008 0.0000 0.0000 0.0002 -29.9996 -0.0001 -0.0003 29.9996 0.0000 0.0000 0.0000 1.2529 -10.9318 -178.6296 -0.0933 -21.7825 0.1007 -41.3141 77.3052 -28.3703 0.0000 25.3510 0.0000 -9.9161 -4.3251 -176.8789 0.0017 -9.8312 -0.0829 -6.7146 70.3211 -1.8499 0.0000 25.7681 -0.0001 
5.2922 91.3055 -17.0383 -6.7168 1.2199 -3.1854 1.4654 -0.3014 -0.1315 1.4657 -0.3014 -0.1316 1.4698 -0.3023 -0.1319 103.6967 90.0000 0.0000 61.9492 75.7176 61.7869 -4.1232 0.6485 5.8288 -0.0330 0.5857 -0.4342 0.0000 0.0000 0.0001 0.0000 0.0000 0.0000 0.0000 -0.0013 -0.0008 0.0000 -0.0004 0.0001 0.0000 0.0000 0.0000 0.0000 0.0000 0.0000 0.0000 0.0002 0.0000 0.0000 -0.0006 0.0003 0.0000 0.0004 -0.0006 0.0000 0.0000 0.0001 0.0000 0.0000 0.0000 0.0000 -0.0010 -0.0002 0.0000 0.0002 30.0001 -0.0001 0.0005 -29.9998 0.0000 0.0000 0.0000 -10.4587 4.5344 3.9497 -10.4587 4.5344 3.9497 175.6075 78.2753 -81.0452 -57.2987 81.0614 -66.0063 1.7450 3.4555 -6.9424 0.0396 0.4482 0.4192 0.0000 -0.0001 0.0001 0.0000 0.0000 0.0000 0.0000 -0.0006 0.0003 0.0000 -0.0001 0.0001 0.0000 0.0000 0.0000 0.0000 0.0000 0.0000 0.0000 0.0007 0.0001 0.0000 -0.0012 0.0001 0.0000 -0.0008 0.0003 0.0000 0.0001 0.0000 0.0000 0.0000 0.0000 0.0000 -0.0009 0.0000 0.0000 0.0002 -29.9996 -0.0001 -0.0003 29.9996 0.0000 0.0000 0.0000 0.9906 -10.7372 -178.6603 -0.0870 -21.3364 0.0991 -40.6983 77.1156 -27.6951 0.0000 25.3510 0.0000 -9.9588 -4.4656 -176.9210 -0.0004 -10.0085 -0.0827 -6.7035 70.4089 -2.0715 0.0000 25.7896 -0.0001 
5.2135 91.3516 -16.9596 -6.4602 1.2676 -3.1168 1.4545 -0.3737 -0.1367 1.4547 -0.3737 -0.1367 1.4588 -0.3747 -0.1371 103.8147 90.0000 0.0000 58.7425 76.6358 57.9239 -4.9915 0.5811 5.4204 -0.0304 0.5826 -0.4241 0.0000 0.0000 0.0001 0.0000 0.0000 0.0000 0.0000 -0.0013 -0.0008 0.0000 -0.0004 0.0001 0.0000 0.0000 0.0000 0.0000 0.0000 0.0000 0.0000 0.0002 0.0000 0.0000 -0.0006 0.0003 0.0000 0.0004 -0.0006 0.0000 0.0000 0.0001 0.0000 0.0000 0.0000 0.0000 -0.0010 -0.0002 0.0000 0.0002 30.0001 -0.0002 0.0005 -29.9998 0.0000 0.0000 0.0000 -10.6637 4.5563 3.9576 -10.6637 4.5563 3.9576 175.8362 78.3302 -80.6573 -53.6460 81.8096 -61.3035 2.7028 3.2278 -6.6461 0.0371 0.4497 0.3996 0.0000 -0.0001 0.0001 0.0000 0.0000 0.0000 0.0000 -0.0006 0.0003 0.0000 -0.0001 0.0001 0.0000 0.0000 0.0000 0.0000 0.0000 0.0000 0.0000 0.0007 0.0001 0.0000 -0.0011 0.0001 0.0000 -0.0008 0.0003 0.0000 0.0001 0.0000 0.0000 0.0000 0.0000 0.0000 -0.0008 0.0000 0.0000 0.0002 -29.9996 -0.0001 -0.0003 29.9996 0.0000 0.0000 0.0000 0.7010 -10.5143 -178.6804 -0.0801 -20.8845 0.0975 -40.1328 76.9163 -27.0656 0.0000 25.3510 0.0000 -9.9650 -4.5663 -176.9753 -0.0033 -10.1716 -0.0824 -6.6150 70.4981 -2.2606 0.0000 25.8188 -0.0001 
5.1251 91.4100 -16.8457 -6.1603 1.2930 -3.0512 1.4327 -0.4298 -0.1431 1.4329 -0.4298 -0.1431 1.4370 -0.4310 -0.1435 103.8760 90.0000 0.0000 55.1073 77.3952 53.6764 -5.8812 0.5081 4.9827 -0.0279 0.5819 -0.4135 0.0000 0.0000 0.0001 0.0000 0.0000 0.0000 0.0000 -0.0013 -0.0008 0.0000 -0.0004 0.0001 0.0000 0.0000 0.0000 0.0000 0.0000 0.0000 0.0000 0.0002 0.0000 0.0000 -0.0006 0.0003 0.0000 0.0004 -0.0006 0.0000 0.0000 0.0001 0.0000 0.0000 0.0000 0.0000 -0.0010 -0.0002 0.0000 0.0002 30.0001 -0.0002 0.0005 -29.9998 0.0000 0.0000 0.0000 -10.8455 4.5549 3.9610 -10.8455 4.5549 3.9610 176.0661 78.3994 -80.2459 -49.1964 82.5927 -55.8780 3.4847 2.9708 -6.3383 0.0347 0.4513 0.3819 0.0000 -0.0001 0.0001 0.0000 0.0000 0.0000 0.0000 -0.0006 0.0003 0.0000 -0.0001 0.0001 0.0000 0.0000 0.0000 0.0000 0.0000 0.0000 0.0000 0.0007 0.0001 0.0000 -0.0012 0.0001 0.0000 -0.0008 0.0003 0.0000 0.0001 0.0000 0.0000 0.0000 0.0000 0.0000 -0.0009 0.0000 0.0000 0.0002 -29.9996 -0.0001 -0.0003 29.9996 0.0000 0.0000 0.0000 0.4033 -10.2343 -178.6903 -0.0735 -20.4057 0.0959 -39.5907 76.7194 -26.4992 0.0000 25.3510 0.0000 -9.9637 -4.5947 -177.0379 -0.0064 -10.3036 -0.0821 -6.4623 70.6025 -2.4178 0.0000 25.8528 -0.0001 
5.0377 91.4661 -16.6987 -5.8156 1.3097 -2.9821 1.3990 -0.4752 -0.1506 1.3992 -0.4752 -0.1507 1.4032 -0.4766 -0.1511 103.9134 90.0000 0.0000 51.4117 77.9588 49.3919 -6.6569 0.4392 4.5723 -0.0257 0.5845 -0.4022 0.0000 0.0000 0.0001 0.0000 0.0000 0.0000 0.0000 -0.0013 -0.0008 0.0000 -0.0004 0.0001 0.0000 0.0000 0.0000 0.0000 0.0000 0.0000 0.0000 0.0002 0.0000 0.0000 -0.0006 0.0003 0.0000 0.0004 -0.0006 0.0000 0.0000 0.0001 0.0000 0.0000 0.0000 0.0000 -0.0010 -0.0002 0.0000 0.0002 30.0001 -0.0001 0.0005 -29.9998 0.0000 0.0000 0.0000 -11.0123 4.5368 3.9565 -11.0123 4.5368 3.9565 176.3114 78.4724 -79.8160 -43.6720 83.3363 -49.4446 4.1600 2.7168 -6.0330 0.0325 0.4536 0.3662 0.0000 -0.0001 0.0001 0.0000 0.0000 0.0000 0.0000 -0.0006 0.0003 0.0000 -0.0001 0.0001 0.0000 0.0000 0.0000 0.0000 0.0000 0.0000 0.0000 0.0007 0.0001 0.0000 -0.0012 0.0001 0.0000 -0.0008 0.0003 0.0000 0.0001 0.0000 0.0000 0.0000 0.0000 0.0000 -0.0008 0.0000 0.0000 0.0002 -29.9996 -0.0001 -0.0003 29.9996 0.0000 0.0000 0.0000 0.1172 -9.9237 -178.7045 -0.0673 -19.9243 0.0945 -39.0628 76.5428 -26.0049 0.0000 25.3510 0.0000 -9.9917 -4.5813 -177.1062 -0.0100 -10.4282 -0.0818 -6.2862 70.7318 -2.5530 0.0000 25.7424 -0.0001 
4.9565 91.5110 -16.5367 -5.4339 1.3243 -2.9056 1.3564 -0.5136 -0.1606 1.3567 -0.5136 -0.1606 1.3605 -0.5151 -0.1611 103.9320 90.0000 0.0000 47.8540 78.3456 45.2632 -7.3319 0.3802 4.1874 -0.0238 0.5897 -0.3903 0.0000 0.0000 0.0001 0.0000 0.0000 0.0000 0.0000 -0.0013 -0.0008 0.0000 -0.0004 0.0001 0.0000 0.0000 0.0000 0.0000 0.0000 0.0000 0.0000 0.0002 0.0000 0.0000 -0.0006 0.0003 0.0000 0.0004 -0.0006 0.0000 0.0000 0.0001 0.0000 0.0000 0.0000 0.0000 -0.0010 -0.0002 0.0000 0.0002 30.0001 -0.0002 0.0005 -29.9998 0.0000 0.0000 0.0000 -11.1686 4.5067 3.9436 -11.1686 4.5067 3.9436 176.5574 78.5474 -79.3849 -36.9470 83.9871 -41.8536 4.7873 2.4738 -5.7459 0.0304 0.4555 0.3515 0.0000 -0.0001 0.0001 0.0000 0.0000 0.0000 0.0000 -0.0006 0.0003 0.0000 -0.0001 0.0001 0.0000 0.0000 0.0000 0.0000 0.0000 0.0000 0.0000 0.0007 0.0001 0.0000 -0.0012 0.0001 0.0000 -0.0008 0.0003 0.0000 0.0001 0.0000 0.0000 0.0000 0.0000 0.0000 -0.0009 0.0000 0.0000 0.0002 -29.9996 -0.0001 -0.0003 29.9996 0.0000 0.0000 0.0000 -0.1537 -9.6160 -178.7294 -0.0609 -19.4685 0.0932 -38.5523 76.3914 -25.5802 0.0000 25.3510 0.0000 -10.0477 -4.5320 -177.1795 -0.0132 -10.5253 -0.0815 -6.0992 70.8670 -2.6729 0.0000 25.4983 -0.0001 
4.8950 91.5460 -16.3814 -5.0083 1.3444 -2.8130 1.3062 -0.5459 -0.1748 1.3064 -0.5460 -0.1748 1.3101 -0.5475 -0.1753 103.9262 90.0000 0.0000 44.5609 78.5746 41.3942 -7.7637 0.3548 3.8738 -0.0223 0.5977 -0.3764 0.0000 0.0000 0.0001 0.0000 0.0000 0.0000 0.0000 -0.0013 -0.0008 0.0000 -0.0004 0.0001 0.0000 0.0000 0.0000 0.0000 0.0000 0.0000 0.0000 0.0002 0.0000 0.0000 -0.0006 0.0003 0.0000 0.0004 -0.0006 0.0000 0.0000 0.0001 0.0000 0.0000 0.0000 0.0000 -0.0010 -0.0002 0.0000 0.0002 30.0001 -0.0001 0.0005 -29.9998 0.0000 0.0000 0.0000 -11.3147 4.4634 3.9166 -11.3147 4.4634 3.9166 176.7884 78.6238 -78.9717 -29.9709 84.4548 -34.1099 5.5071 2.2588 -5.4433 0.0284 0.4570 0.3395 0.0000 -0.0001 0.0001 0.0000 0.0000 0.0000 0.0000 -0.0006 0.0003 0.0000 -0.0001 0.0001 0.0000 0.0000 0.0000 0.0000 0.0000 0.0000 0.0000 0.0007 0.0001 0.0000 -0.0012 0.0001 0.0000 -0.0008 0.0003 0.0000 0.0001 0.0000 0.0000 0.0000 0.0000 0.0000 -0.0009 0.0000 0.0000 0.0002 -29.9996 -0.0001 -0.0003 29.9996 0.0000 0.0000 0.0000 -0.3917 -9.3503 -178.7811 -0.0561 -19.0675 0.0921 -38.0140 76.2748 -25.2025 0.0000 25.3510 0.0000 -10.1397 -4.4420 -177.2658 -0.0150 -10.5485 -0.0813 -5.8964 70.9826 -2.7673 0.0000 25.3552 -0.0001 
4.8505 91.5749 -16.2513 -4.5722 1.3688 -2.7072 1.2571 -0.5759 -0.1896 1.2573 -0.5759 -0.1896 1.2609 -0.5775 -0.1902 103.9115 90.0000 0.0000 41.9596 78.6516 38.2468 -8.0689 0.3480 3.5804 -0.0210 0.6069 -0.3614 0.0000 0.0000 0.0001 0.0000 0.0000 0.0000 0.0000 -0.0013 -0.0008 0.0000 -0.0004 0.0001 0.0000 0.0000 0.0000 0.0000 0.0000 0.0000 0.0000 0.0003 0.0000 0.0000 -0.0006 0.0003 0.0000 0.0004 -0.0006 0.0000 0.0000 0.0001 0.0000 0.0000 0.0000 0.0000 -0.0010 -0.0002 0.0000 0.0002 30.0001 -0.0001 0.0005 -29.9998 0.0000 0.0000 0.0000 -11.4535 4.4118 3.8745 -11.4535 4.4118 3.8745 177.0397 78.6946 -78.5502 -23.1861 84.7558 -26.6165 6.3632 2.0870 -5.1538 0.0267 0.4588 0.3301 0.0000 -0.0001 0.0001 0.0000 0.0000 0.0000 0.0000 -0.0006 0.0003 0.0000 -0.0001 0.0001 0.0000 0.0000 0.0000 0.0000 0.0000 0.0000 0.0000 0.0007 0.0001 0.0000 -0.0012 0.0001 0.0000 -0.0008 0.0003 0.0000 0.0001 0.0000 0.0000 0.0000 0.0000 0.0000 -0.0009 0.0000 0.0000 0.0002 -29.9997 -0.0001 -0.0003 29.9996 0.0000 0.0000 0.0000 -0.5914 -9.1101 -178.8544 -0.0532 -18.6679 0.0915 -37.3759 76.1569 -24.7696 0.0000 25.3510 0.0000 -10.2323 -4.3007 -177.3627 -0.0152 -10.4426 -0.0813 -5.6560 71.0348 -2.8203 0.0000 25.3164 -0.0001 
4.8122 91.6088 -16.1363 -4.1500 1.3958 -2.5957 1.2136 -0.6028 -0.2013 1.2137 -0.6028 -0.2014 1.2172 -0.6045 -0.2020 103.9013 90.0000 0.0000 39.9625 78.6382 35.7384 -8.2532 0.3641 3.3069 -0.0198 0.6158 -0.3455 0.0000 0.0000 0.0001 0.0000 0.0000 0.0000 0.0000 -0.0013 -0.0008 0.0000 -0.0004 0.0001 0.0000 0.0000 0.0000 0.0000 0.0000 0.0000 0.0000 0.0002 0.0000 0.0000 -0.0006 0.0003 0.0000 0.0004 -0.0006 0.0000 0.0000 0.0001 0.0000 0.0000 0.0000 0.0000 -0.0010 -0.0002 0.0000 0.0002 30.0001 -0.0001 0.0005 -29.9998 0.0000 0.0000 0.0000 -11.5816 4.3501 3.8193 -11.5816 4.3501 3.8193 177.3084 78.7637 -78.1345 -16.8735 84.9250 -19.6408 7.3408 1.9454 -4.8786 0.0252 0.4599 0.3220 0.0000 -0.0001 0.0001 0.0000 0.0000 0.0000 0.0000 -0.0006 0.0003 0.0000 -0.0001 0.0001 0.0000 0.0000 0.0000 0.0000 0.0000 0.0000 0.0000 0.0007 0.0001 0.0000 -0.0012 0.0001 0.0000 -0.0008 0.0003 0.0000 0.0001 0.0000 0.0000 0.0000 0.0000 0.0000 -0.0009 0.0000 0.0000 0.0002 -29.9996 -0.0001 -0.0003 29.9996 0.0000 0.0000 0.0000 -0.7596 -8.8757 -178.9357 -0.0501 -18.2523 0.0908 -36.6927 76.0286 -24.3074 0.0000 25.3510 0.0000 -10.2948 -4.1277 -177.4643 -0.0144 -10.2453 -0.0814 -5.3649 71.0344 -2.8286 0.0000 25.2856 -0.0001 
4.7741 91.6445 -16.0354 -3.7716 1.4250 -2.4826 1.1836 -0.6241 -0.2046 1.1838 -0.6241 -0.2046 1.1872 -0.6259 -0.2052 103.8977 90.0000 0.0000 38.6598 78.5861 33.9821 -8.2715 0.4097 3.0754 -0.0188 0.6231 -0.3292 0.0000 0.0000 0.0001 0.0000 0.0000 0.0000 0.0000 -0.0013 -0.0008 0.0000 -0.0004 0.0001 0.0000 0.0000 0.0000 0.0000 0.0000 0.0000 0.0000 0.0002 0.0000 0.0000 -0.0006 0.0003 0.0000 0.0004 -0.0006 0.0000 0.0000 0.0001 0.0000 0.0000 0.0000 0.0000 -0.0010 -0.0002 0.0000 0.0002 30.0001 -0.0001 0.0005 -29.9998 0.0000 0.0000 0.0000 -11.6919 4.2702 3.7509 -11.6919 4.2702 3.7509 177.5603 78.8287 -77.7723 -11.7202 84.9771 -13.9001 8.4588 1.8276 -4.6262 0.0238 0.4614 0.3169 0.0000 -0.0001 0.0001 0.0000 0.0000 0.0000 0.0000 -0.0006 0.0003 0.0000 -0.0001 0.0001 0.0000 0.0000 0.0000 0.0000 0.0000 0.0000 0.0000 0.0007 0.0001 0.0000 -0.0012 0.0001 0.0000 -0.0008 0.0003 0.0000 0.0001 0.0000 0.0000 0.0000 0.0000 0.0000 -0.0009 0.0000 0.0000 0.0002 -29.9996 -0.0001 -0.0003 29.9996 0.0000 0.0000 0.0000 -0.9039 -8.6318 -179.0183 -0.0458 -17.7987 0.0899 -36.0151 75.8775 -23.8321 0.0000 25.3510 0.0000 -10.2796 -3.9230 -177.5649 -0.0119 -9.9460 -0.0817 -5.0021 70.9701 -2.7889 0.0000 25.2948 -0.0001 
4.7348 91.6819 -15.9490 -3.4546 1.4538 -2.3746 1.1703 -0.6401 -0.1997 1.1705 -0.6401 -0.1997 1.1738 -0.6419 -0.2003 103.8975 90.0000 0.0000 37.6837 78.5602 32.5942 -8.1944 0.4668 2.8904 -0.0180 0.6284 -0.3136 0.0000 0.0000 0.0001 0.0000 0.0000 0.0000 0.0000 -0.0013 -0.0008 0.0000 -0.0004 0.0001 0.0000 0.0000 0.0000 0.0000 0.0000 0.0000 0.0000 0.0002 0.0000 0.0000 -0.0006 0.0003 0.0000 0.0004 -0.0006 0.0000 0.0000 0.0001 0.0000 0.0000 0.0000 0.0000 -0.0010 -0.0002 0.0000 0.0002 30.0001 -0.0001 0.0005 -29.9998 0.0000 0.0000 0.0000 -11.7850 4.1776 3.6816 -11.7850 4.1776 3.6816 177.7478 78.8843 -77.5110 -7.2493 84.9532 -8.9146 9.6059 1.7213 -4.4036 0.0227 0.4635 0.3139 0.0000 -0.0001 0.0001 0.0000 0.0000 0.0000 0.0000 -0.0006 0.0003 0.0000 -0.0001 0.0001 0.0000 0.0000 0.0000 0.0000 0.0000 0.0000 0.0000 0.0007 0.0001 0.0000 -0.0011 0.0001 0.0000 -0.0008 0.0003 0.0000 0.0001 0.0000 0.0000 0.0000 0.0000 0.0000 -0.0009 0.0000 0.0000 0.0002 -29.9997 -0.0001 -0.0003 29.9996 0.0000 0.0000 0.0000 -1.0361 -8.3940 -179.0951 -0.0411 -17.3454 0.0890 -35.4249 75.7163 -23.4012 0.0000 25.3510 0.0000 -10.1915 -3.7286 -177.6571 -0.0081 -9.6315 -0.0820 -4.6174 70.8841 -2.7390 0.0000 25.2867 -0.0001 
4.7008 91.7214 -15.8840 -3.1980 1.4806 -2.2755 1.1710 -0.6512 -0.1873 1.1712 -0.6513 -0.1873 1.1745 -0.6531 -0.1879 103.8946 90.0000 0.0000 36.8553 78.5788 31.3842 -8.0711 0.5274 2.7490 -0.0174 0.6312 -0.2989 0.0000 0.0000 0.0001 0.0000 0.0000 0.0000 0.0000 -0.0013 -0.0008 0.0000 -0.0004 0.0001 0.0000 0.0000 0.0000 0.0000 0.0000 0.0000 0.0000 0.0002 0.0000 0.0000 -0.0006 0.0003 0.0000 0.0004 -0.0006 0.0000 0.0000 0.0001 0.0000 0.0000 0.0000 0.0000 -0.0010 -0.0002 0.0000 0.0002 30.0001 -0.0001 0.0005 -29.9998 0.0000 0.0000 0.0000 -11.8615 4.0784 3.6156 -11.8615 4.0784 3.6156 177.8695 78.9275 -77.3524 -3.1521 84.8747 -4.3710 10.7062 1.6221 -4.2132 0.0218 0.4657 0.3120 0.0000 -0.0001 0.0001 0.0000 0.0000 0.0000 0.0000 -0.0006 0.0003 0.0000 -0.0001 0.0001 0.0000 0.0000 0.0000 0.0000 0.0000 0.0000 0.0000 0.0007 0.0001 0.0000 -0.0011 0.0001 0.0000 -0.0008 0.0003 0.0000 0.0001 0.0000 0.0000 0.0000 0.0000 0.0000 -0.0008 0.0000 0.0000 0.0002 -29.9996 -0.0001 -0.0003 29.9996 0.0000 0.0000 0.0000 -1.1556 -8.1904 -179.1667 -0.0379 -16.9412 0.0884 -34.9412 75.5629 -23.0361 0.0000 25.3510 0.0000 -10.0593 -3.5816 -177.7407 -0.0045 -9.3726 -0.0823 -4.2372 70.8049 -2.6832 0.0000 25.2309 -0.0001 
4.6756 91.7378 -15.8460 -3.0256 1.5046 -2.1958 1.1836 -0.6543 -0.1649 1.1837 -0.6544 -0.1649 1.1871 -0.6562 -0.1654 103.8925 90.0000 0.0000 35.9761 78.6830 30.1530 -7.9247 0.6145 2.6894 -0.0171 0.6301 -0.2865 0.0000 0.0000 0.0001 0.0000 0.0000 0.0000 0.0000 -0.0013 -0.0008 0.0000 -0.0004 0.0001 0.0000 0.0000 0.0000 0.0000 0.0000 0.0000 0.0000 0.0003 0.0000 0.0000 -0.0006 0.0003 0.0000 0.0004 -0.0006 0.0000 0.0000 0.0001 0.0000 0.0000 0.0000 0.0000 -0.0010 -0.0002 0.0000 0.0002 30.0001 -0.0001 0.0005 -29.9998 0.0000 0.0000 0.0000 -11.9004 3.9715 3.5648 -11.9004 3.9715 3.5648 177.8908 78.9525 -77.3493 0.3387 84.7515 -0.5506 11.6529 1.5138 -4.0643 0.0210 0.4688 0.3119 0.0000 -0.0001 0.0001 0.0000 0.0000 0.0000 0.0000 -0.0006 0.0003 0.0000 -0.0001 0.0001 0.0000 0.0000 0.0000 0.0000 0.0000 0.0000 0.0000 0.0007 0.0001 0.0000 -0.0012 0.0001 0.0000 -0.0008 0.0003 0.0000 0.0001 0.0000 0.0000 0.0000 0.0000 0.0000 -0.0009 0.0000 0.0000 0.0002 -29.9996 -0.0001 -0.0003 29.9996 0.0000 0.0000 0.0000 -1.2632 -8.0417 -179.2255 -0.0361 -16.6258 0.0880 -34.6194 75.4315 -22.7697 0.0000 25.3510 0.0000 -9.8950 -3.5061 -177.8066 -0.0021 -9.2134 -0.0825 -3.9000 70.7490 -2.6314 0.0000 25.2901 -0.0001 
4.6566 91.7539 -15.8053 -2.9071 1.5269 -2.1330 1.2018 -0.6514 -0.1376 1.2020 -0.6514 -0.1376 1.2054 -0.6533 -0.1380 103.8775 90.0000 0.0000 34.9727 78.8543 28.8057 -7.7989 0.7293 2.7071 -0.0173 0.6259 -0.2764 0.0000 0.0000 0.0001 0.0000 0.0000 0.0000 0.0000 -0.0013 -0.0008 0.0000 -0.0004 0.0001 0.0000 0.0000 0.0000 0.0000 0.0000 0.0000 0.0000 0.0002 0.0000 0.0000 -0.0006 0.0003 0.0000 0.0004 -0.0006 0.0000 0.0000 0.0001 0.0000 0.0000 0.0000 0.0000 -0.0010 -0.0002 0.0000 0.0002 30.0001 -0.0001 0.0005 -29.9998 0.0000 0.0000 0.0000 -11.9132 3.8664 3.5303 -11.9132 3.8664 3.5303 177.8430 78.9644 -77.4298 2.9393 84.6048 2.2783 12.4270 1.3954 -3.9356 0.0204 0.4725 0.3125 0.0000 -0.0001 0.0001 0.0000 0.0000 0.0000 0.0000 -0.0006 0.0003 0.0000 -0.0001 0.0001 0.0000 0.0000 0.0000 0.0000 0.0000 0.0000 0.0000 0.0007 0.0001 0.0000 -0.0012 0.0001 0.0000 -0.0008 0.0003 0.0000 0.0001 0.0000 0.0000 0.0000 0.0000 0.0000 -0.0009 0.0000 0.0000 0.0002 -29.9996 -0.0001 -0.0003 29.9996 0.0000 0.0000 0.0000 -1.3607 -7.9186 -179.2733 -0.0352 -16.3749 0.0878 -34.4246 75.3311 -22.5917 0.0000 25.3510 0.0000 -9.7402 -3.4447 -177.8601 -0.0016 -9.0866 -0.0826 -3.6298 70.7092 -2.5967 0.0000 25.3112 -0.0001 
4.6413 91.7672 -15.7494 -2.8261 1.5468 -2.0837 1.2207 -0.6429 -0.1088 1.2209 -0.6430 -0.1088 1.2244 -0.6448 -0.1091 103.8557 90.0000 0.0000 33.8979 79.0672 27.3925 -7.7061 0.8677 2.7885 -0.0177 0.6194 -0.2683 0.0000 0.0000 0.0001 0.0000 0.0000 0.0000 0.0000 -0.0013 -0.0008 0.0000 -0.0004 0.0001 0.0000 0.0000 0.0000 0.0000 0.0000 0.0000 0.0000 0.0002 0.0000 0.0000 -0.0006 0.0003 0.0000 0.0004 -0.0006 0.0000 0.0000 0.0001 0.0000 0.0000 0.0000 0.0000 -0.0010 -0.0002 0.0000 0.0002 30.0001 -0.0001 0.0005 -29.9998 0.0000 0.0000 0.0000 -11.9048 3.7660 3.5101 -11.9048 3.7660 3.5101 177.7428 78.9708 -77.5697 4.7344 84.4515 4.2215 13.0372 1.2706 -3.8261 0.0198 0.4767 0.3136 0.0000 -0.0001 0.0001 0.0000 0.0000 0.0000 0.0000 -0.0006 0.0003 0.0000 -0.0001 0.0001 0.0000 0.0000 0.0000 0.0000 0.0000 0.0000 0.0000 0.0007 0.0001 0.0000 -0.0012 0.0001 0.0000 -0.0008 0.0003 0.0000 0.0001 0.0000 0.0000 0.0000 0.0000 0.0000 -0.0009 0.0000 0.0000 0.0002 -29.9997 -0.0001 -0.0003 29.9996 0.0000 0.0000 0.0000 -1.4429 -7.7699 -179.3121 -0.0347 -16.1029 0.0877 -34.2504 75.2344 -22.4110 0.0000 25.3510 0.0000 -9.6107 -3.3082 -177.9049 -0.0027 -8.8359 -0.0825 -3.4217 70.6198 -2.5697 0.0000 25.3728 -0.0001 
4.6299 91.8025 -15.6741 -2.7810 1.5635 -2.0476 1.2344 -0.6281 -0.0809 1.2346 -0.6282 -0.0809 1.2382 -0.6300 -0.0812 103.8227 90.0000 0.0000 32.8471 79.3046 26.0237 -7.6825 1.0439 2.9407 -0.0186 0.6106 -0.2629 0.0000 0.0000 0.0001 0.0000 0.0000 0.0000 0.0000 -0.0013 -0.0008 0.0000 -0.0004 0.0001 0.0000 0.0000 0.0000 0.0000 0.0000 0.0000 0.0000 0.0002 0.0000 0.0000 -0.0006 0.0003 0.0000 0.0004 -0.0006 0.0000 0.0000 0.0001 0.0000 0.0000 0.0000 0.0000 -0.0010 -0.0002 0.0000 0.0002 30.0001 -0.0001 0.0005 -29.9998 0.0000 0.0000 0.0000 -11.8733 3.6775 3.5046 -11.8733 3.6775 3.5046 177.6086 78.9739 -77.7457 5.5150 84.3162 5.0550 13.4339 1.1490 -3.7467 0.0193 0.4810 0.3153 0.0000 -0.0001 0.0001 0.0000 0.0000 0.0000 0.0000 -0.0006 0.0003 0.0000 -0.0001 0.0001 0.0000 0.0000 0.0000 0.0000 0.0000 0.0000 0.0000 0.0007 0.0001 0.0000 -0.0012 0.0001 0.0000 -0.0008 0.0003 0.0000 0.0001 0.0000 0.0000 0.0000 0.0000 0.0000 -0.0009 0.0000 0.0000 0.0002 -29.9997 -0.0001 -0.0003 29.9996 0.0000 0.0000 0.0000 -1.4937 -7.5773 -179.3427 -0.0348 -15.7799 0.0876 -34.0389 75.1344 -22.1832 0.0000 25.3510 0.0000 -9.5572 -3.0415 -177.9425 -0.0055 -8.3611 -0.0823 -3.3280 70.4375 -2.5558 0.0000 25.3134 -0.0001 
4.6199 91.8358 -15.6023 -2.7531 1.5772 -2.0151 1.2427 -0.6111 -0.0567 1.2429 -0.6111 -0.0567 1.2464 -0.6128 -0.0569 103.7797 90.0000 0.0000 31.9009 79.5310 24.7933 -7.7302 1.2534 3.1133 -0.0196 0.6002 -0.2591 0.0000 0.0000 0.0001 0.0000 0.0000 0.0000 0.0000 -0.0013 -0.0008 0.0000 -0.0004 0.0001 0.0000 0.0000 0.0000 0.0000 0.0000 0.0000 0.0000 0.0002 0.0000 0.0000 -0.0006 0.0003 0.0000 0.0004 -0.0006 0.0000 0.0000 0.0001 0.0000 0.0000 0.0000 0.0000 -0.0010 -0.0002 0.0000 0.0002 30.0001 -0.0001 0.0005 -29.9998 0.0000 0.0000 0.0000 -11.8288 3.6018 3.5046 -11.8288 3.6018 3.5046 177.4789 78.9733 -77.9143 5.5925 84.2094 5.1308 13.7179 1.0481 -3.6985 0.0190 0.4846 0.3172 0.0000 -0.0001 0.0001 0.0000 0.0000 0.0000 0.0000 -0.0006 0.0003 0.0000 -0.0001 0.0001 0.0000 0.0000 0.0000 0.0000 0.0000 0.0000 0.0000 0.0007 0.0001 0.0000 -0.0012 0.0001 0.0000 -0.0008 0.0003 0.0000 0.0001 0.0000 0.0000 0.0000 0.0000 0.0000 -0.0008 0.0000 0.0000 0.0002 -29.9997 -0.0001 -0.0003 29.9996 0.0000 0.0000 0.0000 -1.5175 -7.3796 -179.3717 -0.0352 -15.4497 0.0875 -33.7903 75.0336 -21.9247 0.0000 25.3510 0.0000 -9.5506 -2.7403 -177.9772 -0.0080 -7.8216 -0.0822 -3.3054 70.2247 -2.5577 0.0000 25.2653 -0.0001 
4.6091 91.8577 -15.5452 -2.7393 1.5864 -1.9820 1.2474 -0.5926 -0.0362 1.2476 -0.5926 -0.0362 1.2511 -0.5943 -0.0364 103.7308 90.0000 0.0000 31.1456 79.7390 23.7909 -7.8525 1.4828 3.2811 -0.0205 0.5896 -0.2569 0.0000 0.0000 0.0001 0.0000 0.0000 0.0000 0.0000 -0.0013 -0.0008 0.0000 -0.0004 0.0001 0.0000 0.0000 0.0000 0.0000 0.0000 0.0000 0.0000 0.0002 0.0000 0.0000 -0.0006 0.0003 0.0000 0.0004 -0.0006 0.0000 0.0000 0.0001 0.0000 0.0000 0.0000 0.0000 -0.0010 -0.0002 0.0000 0.0002 30.0001 -0.0001 0.0005 -29.9998 0.0000 0.0000 0.0000 -11.7807 3.5432 3.5027 -11.7807 3.5432 3.5027 177.3854 78.9749 -78.0429 5.1196 84.1271 4.6262 13.9395 0.9792 -3.6808 0.0189 0.4872 0.3195 0.0000 -0.0001 0.0001 0.0000 0.0000 0.0000 0.0000 -0.0006 0.0003 0.0000 -0.0001 0.0001 0.0000 0.0000 0.0000 0.0000 0.0000 0.0000 0.0000 0.0007 0.0001 0.0000 -0.0012 0.0001 0.0000 -0.0008 0.0003 0.0000 0.0001 0.0000 0.0000 0.0000 0.0000 0.0000 -0.0008 0.0000 0.0000 0.0002 -29.9996 -0.0001 -0.0003 29.9996 0.0000 0.0000 0.0000 -1.5273 -7.2091 -179.4009 -0.0353 -15.1645 0.0875 -33.5679 74.9443 -21.6916 0.0000 25.3510 0.0000 -9.5767 -2.4872 -178.0103 -0.0093 -7.3684 -0.0821 -3.3472 70.0468 -2.5854 0.0000 25.2568 -0.0001 
4.5988 91.8694 -15.5163 -2.7448 1.5868 -1.9455 1.2493 -0.5734 -0.0211 1.2495 -0.5734 -0.0211 1.2530 -0.5751 -0.0212 103.6829 90.0000 0.0000 30.9068 79.9179 23.3805 -8.0849 1.7121 3.4130 -0.0213 0.5781 -0.2564 0.0000 0.0000 0.0001 0.0000 0.0000 0.0000 0.0000 -0.0013 -0.0008 0.0000 -0.0004 0.0001 0.0000 0.0000 0.0000 0.0000 0.0000 0.0000 0.0000 0.0002 0.0000 0.0000 -0.0006 0.0003 0.0000 0.0004 -0.0006 0.0000 0.0000 0.0001 0.0000 0.0000 0.0000 0.0000 -0.0010 -0.0002 0.0000 0.0002 30.0001 -0.0001 0.0005 -29.9998 0.0000 0.0000 0.0000 -11.7354 3.5147 3.4906 -11.7354 3.5147 3.4906 177.3375 78.9844 -78.1235 4.1944 84.0738 3.6453 14.1050 0.9596 -3.7111 0.0190 0.4890 0.3228 0.0000 -0.0001 0.0001 0.0000 0.0000 0.0000 0.0000 -0.0006 0.0003 0.0000 -0.0001 0.0001 0.0000 0.0000 0.0000 0.0000 0.0000 0.0000 0.0000 0.0007 0.0001 0.0000 -0.0012 0.0001 0.0000 -0.0008 0.0003 0.0000 0.0001 0.0000 0.0000 0.0000 0.0000 0.0000 -0.0009 0.0000 0.0000 0.0002 -29.9996 -0.0001 -0.0003 29.9996 0.0000 0.0000 0.0000 -1.5295 -7.0914 -179.4334 -0.0349 -14.9654 0.0873 -33.4131 74.8713 -21.5160 0.0000 25.3510 0.0000 -9.6298 -2.3708 -178.0449 -0.0095 -7.1657 -0.0821 -3.4576 69.9727 -2.6461 0.0000 25.2438 -0.0001 
4.5925 91.8754 -15.5035 -2.7653 1.5791 -1.9072 1.2518 -0.5562 -0.0094 1.2520 -0.5563 -0.0094 1.2556 -0.5579 -0.0094 103.6329 90.0000 0.0000 31.0813 80.0736 23.4588 -8.3683 1.9187 3.4980 -0.0218 0.5669 -0.2570 0.0000 0.0000 0.0001 0.0000 0.0000 0.0000 0.0000 -0.0013 -0.0008 0.0000 -0.0004 0.0001 0.0000 0.0000 0.0000 0.0000 0.0000 0.0000 0.0000 0.0002 0.0000 0.0000 -0.0006 0.0003 0.0000 0.0004 -0.0006 0.0000 0.0000 0.0001 0.0000 0.0000 0.0000 0.0000 -0.0010 -0.0002 0.0000 0.0002 30.0001 -0.0001 0.0005 -29.9998 0.0000 0.0000 0.0000 -11.6982 3.5167 3.4673 -11.6982 3.5167 3.4673 177.3203 79.0010 -78.1710 3.2544 84.0459 2.6404 14.2559 0.9744 -3.7690 0.0193 0.4889 0.3265 0.0000 -0.0001 0.0001 0.0000 0.0000 0.0000 0.0000 -0.0006 0.0003 0.0000 -0.0001 0.0001 0.0000 0.0000 0.0000 0.0000 0.0000 0.0000 0.0000 0.0007 0.0001 0.0000 -0.0012 0.0001 0.0000 -0.0008 0.0003 0.0000 0.0001 0.0000 0.0000 0.0000 0.0000 0.0000 -0.0009 0.0000 0.0000 0.0002 -29.9996 -0.0001 -0.0003 29.9996 0.0000 0.0000 0.0000 -1.5291 -6.9825 -179.4699 -0.0347 -14.7793 0.0872 -33.2680 74.7914 -21.3383 0.0000 25.3510 0.0000 -9.6806 -2.3065 -178.0836 -0.0092 -7.0560 -0.0822 -3.5763 69.9299 -2.7041 0.0000 25.2551 -0.0001 
4.5906 91.8887 -15.4924 -2.7978 1.5654 -1.8725 1.2570 -0.5424 0.0014 1.2572 -0.5424 0.0014 1.2608 -0.5440 0.0014 103.5798 90.0000 0.0000 31.5193 80.2117 23.8562 -8.6644 2.1006 3.5459 -0.0221 0.5553 -0.2578 0.0000 0.0000 0.0001 0.0000 0.0000 0.0000 0.0000 -0.0013 -0.0008 0.0000 -0.0004 0.0001 0.0000 0.0000 0.0000 0.0000 0.0000 0.0000 0.0000 0.0002 0.0000 0.0000 -0.0006 0.0003 0.0000 0.0004 -0.0006 0.0000 0.0000 0.0001 0.0000 0.0000 0.0000 0.0000 -0.0010 -0.0002 0.0000 0.0002 30.0001 -0.0001 0.0005 -29.9998 0.0000 0.0000 0.0000 -11.6710 3.5478 3.4343 -11.6710 3.5478 3.4343 177.3417 79.0194 -78.1766 2.4703 84.0468 1.7844 14.4202 1.0171 -3.8420 0.0198 0.4874 0.3311 0.0000 -0.0001 0.0001 0.0000 0.0000 0.0000 0.0000 -0.0006 0.0003 0.0000 -0.0001 0.0001 0.0000 0.0000 0.0000 0.0000 0.0000 0.0000 0.0000 0.0007 0.0001 0.0000 -0.0012 0.0001 0.0000 -0.0008 0.0003 0.0000 0.0001 0.0000 0.0000 0.0000 0.0000 0.0000 -0.0009 0.0000 0.0000 0.0002 -29.9996 -0.0001 -0.0003 29.9996 0.0000 0.0000 0.0000 -1.5228 -6.8729 -179.5056 -0.0351 -14.6018 0.0872 -33.1371 74.7124 -21.1700 0.0000 25.3510 0.0000 -9.7217 -2.2574 -178.1233 -0.0089 -6.9807 -0.0822 -3.6846 69.8978 -2.7496 0.0000 25.2056 -0.0001 
4.5907 91.8980 -15.4666 -2.8442 1.5495 -1.8498 1.2666 -0.5350 0.0143 1.2667 -0.5350 0.0143 1.2704 -0.5366 0.0143 103.5364 90.0000 0.0000 32.2468 80.3518 24.6053 -8.9385 2.2245 3.5593 -0.0221 0.5443 -0.2592 0.0000 0.0000 0.0001 0.0000 0.0000 0.0000 0.0000 -0.0013 -0.0008 0.0000 -0.0004 0.0001 0.0000 0.0000 0.0000 0.0000 0.0000 0.0000 0.0000 0.0002 0.0000 0.0000 -0.0006 0.0003 0.0000 0.0004 -0.0006 0.0000 0.0000 0.0001 0.0000 0.0000 0.0000 0.0000 -0.0010 -0.0002 0.0000 0.0002 30.0001 -0.0001 0.0005 -29.9998 0.0000 0.0000 0.0000 -11.6591 3.6184 3.3882 -11.6591 3.6184 3.3882 177.4241 79.0434 -78.1136 2.1774 84.0914 1.4199 14.6290 1.0988 -3.9352 0.0203 0.4833 0.3365 0.0000 -0.0001 0.0001 0.0000 0.0000 0.0000 0.0000 -0.0006 0.0003 0.0000 -0.0001 0.0001 0.0000 0.0000 0.0000 0.0000 0.0000 0.0000 0.0000 0.0007 0.0001 0.0000 -0.0011 0.0001 0.0000 -0.0008 0.0003 0.0000 0.0001 0.0000 0.0000 0.0000 0.0000 0.0000 -0.0009 0.0000 0.0000 0.0002 -29.9996 -0.0001 -0.0003 29.9996 0.0000 0.0000 0.0000 -1.5032 -6.7637 -179.5314 -0.0355 -14.4520 0.0872 -33.0570 74.6535 -21.0548 0.0000 25.3510 0.0000 -9.7469 -2.1828 -178.1554 -0.0087 -6.8771 -0.0822 -3.7754 69.8560 -2.7774 0.0000 25.1879 -0.0001 
4.5889 91.9028 -15.4271 -2.8921 1.5387 -1.8397 1.2776 -0.5332 0.0303 1.2778 -0.5332 0.0303 1.2815 -0.5348 0.0303 103.5106 90.0000 0.0000 33.0554 80.5184 25.4743 -9.1333 2.2925 3.5833 -0.0221 0.5339 -0.2612 0.0000 0.0000 0.0001 0.0000 0.0000 0.0000 0.0000 -0.0013 -0.0008 0.0000 -0.0004 0.0001 0.0000 0.0000 0.0000 0.0000 0.0000 0.0000 0.0000 0.0003 0.0000 0.0000 -0.0006 0.0003 0.0000 0.0004 -0.0006 0.0000 0.0000 0.0001 0.0000 0.0000 0.0000 0.0000 -0.0010 -0.0002 0.0000 0.0002 30.0001 -0.0001 0.0005 -29.9998 0.0000 0.0000 0.0000 -11.6605 3.7122 3.3366 -11.6605 3.7122 3.3366 177.5207 79.0708 -78.0281 2.4720 84.1648 1.6433 14.8651 1.2006 -4.0555 0.0209 0.4776 0.3432 0.0000 -0.0001 0.0001 0.0000 0.0000 0.0000 0.0000 -0.0006 0.0003 0.0000 -0.0001 0.0001 0.0000 0.0000 0.0000 0.0000 0.0000 0.0000 0.0000 0.0007 0.0001 0.0000 -0.0011 0.0001 0.0000 -0.0008 0.0003 0.0000 0.0001 0.0000 0.0000 0.0000 0.0000 0.0000 -0.0008 0.0000 0.0000 0.0002 -29.9996 -0.0001 -0.0003 29.9996 0.0000 0.0000 0.0000 -1.4745 -6.6848 -179.5439 -0.0359 -14.3724 0.0873 -33.0579 74.6337 -21.0329 0.0000 25.3510 0.0000 -9.7700 -2.1066 -178.1747 -0.0090 -6.7831 -0.0822 -3.8641 69.8284 -2.8047 0.0000 25.1828 -0.0001 
4.5860 91.9033 -15.3820 -2.9348 1.5325 -1.8388 1.2884 -0.5347 0.0467 1.2886 -0.5347 0.0468 1.2923 -0.5362 0.0469 103.4953 90.0000 0.0000 33.8010 80.6842 26.2939 -9.2470 2.3224 3.6165 -0.0220 0.5245 -0.2631 0.0000 0.0000 0.0001 0.0000 0.0000 0.0000 0.0000 -0.0013 -0.0008 0.0000 -0.0004 0.0001 0.0000 0.0000 0.0000 0.0000 0.0000 0.0000 0.0000 0.0002 0.0000 0.0000 -0.0006 0.0003 0.0000 0.0004 -0.0006 0.0000 0.0000 0.0001 0.0000 0.0000 0.0000 0.0000 -0.0010 -0.0002 0.0000 0.0002 30.0001 -0.0001 0.0005 -29.9998 0.0000 0.0000 0.0000 -11.6698 3.8094 3.2878 -11.6698 3.8094 3.2878 177.6018 79.0971 -77.9538 3.1672 84.2484 2.2709 15.0912 1.3008 -4.1766 0.0216 0.4709 0.3496 0.0000 -0.0001 0.0001 0.0000 0.0000 0.0000 0.0000 -0.0006 0.0003 0.0000 -0.0001 0.0001 0.0000 0.0000 0.0000 0.0000 0.0000 0.0000 0.0000 0.0007 0.0001 0.0000 -0.0012 0.0001 0.0000 -0.0008 0.0003 0.0000 0.0001 0.0000 0.0000 0.0000 0.0000 0.0000 -0.0009 0.0000 0.0000 0.0002 -29.9996 -0.0001 -0.0003 29.9996 0.0000 0.0000 0.0000 -1.4403 -6.5894 -179.5468 -0.0361 -14.2588 0.0873 -33.0187 74.6060 -20.9812 0.0000 25.3510 0.0000 -9.7952 -2.2058 -178.1836 -0.0101 -7.0424 -0.0821 -3.9737 69.9816 -2.8641 0.0000 25.0821 -0.0001 
4.2095 93.7704 -15.8929 -2.9655 1.5325 -1.8463 1.2974 -0.5385 0.0615 1.2976 -0.5385 0.0615 1.3013 -0.5400 0.0617 103.4889 90.0000 0.0000 34.2972 80.8278 26.8523 -9.2681 2.3183 3.6566 -0.0220 0.5175 -0.2643 0.0000 0.0000 0.0001 0.0000 0.0000 0.0000 0.0000 -0.0013 -0.0008 0.0000 -0.0004 0.0001 0.0000 0.0000 0.0000 0.0000 0.0000 0.0000 0.0000 0.0002 0.0000 0.0000 -0.0006 0.0003 0.0000 0.0004 -0.0006 0.0000 0.0000 0.0001 0.0000 0.0000 0.0000 0.0000 -0.0010 -0.0002 0.0000 0.0002 30.0001 -0.0001 0.0005 -29.9998 0.0000 0.0000 0.0000 -11.6839 3.8911 3.2506 -11.6839 3.8911 3.2506 177.6604 79.1192 -77.8990 4.1496 84.3272 3.1991 15.2849 1.3830 -4.2730 0.0220 0.4650 0.3552 0.0000 -0.0001 0.0001 0.0000 0.0000 0.0000 0.0000 -0.0006 0.0003 0.0000 -0.0001 0.0001 0.0000 0.0000 0.0000 0.0000 0.0000 0.0000 0.0000 0.0007 0.0001 0.0000 -0.0011 0.0001 0.0000 -0.0008 0.0003 0.0000 0.0001 0.0000 0.0000 0.0000 0.0000 0.0000 -0.0009 0.0000 0.0000 0.0002 -29.9996 -0.0001 -0.0003 29.9996 0.0000 0.0000 0.0000 -1.3868 -4.8664 -178.7546 0.1473 -12.8944 0.0662 -36.0900 74.4525 -24.1696 0.0000 25.3510 0.0000 -9.8620 -3.7077 -177.0906 0.1433 -8.1636 -0.0929 -6.8692 69.4990 -5.9126 0.0000 25.0229 -0.0001 
4.2095 93.7704 -15.8929 -2.9655 1.5325 -1.8463 1.2974 -0.5385 0.0615 1.2976 -0.5385 0.0615 1.3013 -0.5400 0.0617 103.4889 90.0000 0.0000 34.2972 80.8278 26.8523 -9.2681 2.3183 3.6566 -0.0220 0.5175 -0.2643 0.0000 0.0000 0.0001 0.0000 0.0000 0.0000 0.0000 -0.0013 -0.0008 0.0000 -0.0004 0.0001 0.0000 0.0000 0.0000 0.0000 0.0000 0.0000 0.0000 0.0002 0.0000 0.0000 -0.0006 0.0003 0.0000 0.0004 -0.0006 0.0000 0.0000 0.0001 0.0000 0.0000 0.0000 0.0000 -0.0010 -0.0002 0.0000 0.0002 30.0001 -0.0001 0.0005 -29.9998 0.0000 0.0000 0.0000 -11.6839 3.8911 3.2506 -11.6839 3.8911 3.2506 177.6604 79.1192 -77.8990 4.1496 84.3272 3.1991 15.2849 1.3830 -4.2730 0.0220 0.4650 0.3552 0.0000 -0.0001 0.0001 0.0000 0.0000 0.0000 0.0000 -0.0006 0.0003 0.0000 -0.0001 0.0001 0.0000 0.0000 0.0000 0.0000 0.0000 0.0000 0.0000 0.0007 0.0001 0.0000 -0.0011 0.0001 0.0000 -0.0008 0.0003 0.0000 0.0001 0.0000 0.0000 0.0000 0.0000 0.0000 -0.0009 0.0000 0.0000 0.0002 -29.9996 -0.0001 -0.0003 29.9996 0.0000 0.0000 0.0000 -1.3868 -4.8664 -178.7546 0.1473 -12.8944 0.0662 -36.0900 74.4525 -24.1696 0.0000 25.3510 0.0000 -9.8620 -3.7077 -177.0906 0.1433 -8.1636 -0.0929 -6.8692 69.4990 -5.9126 0.0000 25.3508 -0.0001 
4.2095 93.7704 -15.8929 -2.9655 1.5325 -1.8463 1.2974 -0.5385 0.0615 1.2976 -0.5385 0.0615 1.3013 -0.5400 0.0617 103.4889 90.0000 0.0000 34.2972 80.8278 26.8523 -9.2681 2.3183 3.6566 -0.0220 0.5175 -0.2643 0.0000 0.0000 0.0001 0.0000 0.0000 0.0000 0.0000 -0.0013 -0.0008 0.0000 -0.0004 0.0001 0.0000 0.0000 0.0000 0.0000 0.0000 0.0000 0.0000 0.0002 0.0000 0.0000 -0.0006 0.0003 0.0000 0.0004 -0.0006 0.0000 0.0000 0.0001 0.0000 0.0000 0.0000 0.0000 -0.0010 -0.0002 0.0000 0.0002 30.0001 -0.0001 0.0005 -29.9998 0.0000 0.0000 0.0000 -11.6839 3.8911 3.2506 -11.6839 3.8911 3.2506 177.6604 79.1192 -77.8990 4.1496 84.3272 3.1991 15.2849 1.3830 -4.2730 0.0220 0.4650 0.3552 0.0000 -0.0001 0.0001 0.0000 0.0000 0.0000 0.0000 -0.0006 0.0003 0.0000 -0.0001 0.0001 0.0000 0.0000 0.0000 0.0000 0.0000 0.0000 0.0000 0.0007 0.0001 0.0000 -0.0011 0.0001 0.0000 -0.0008 0.0003 0.0000 0.0001 0.0000 0.0000 0.0000 0.0000 0.0000 -0.0009 0.0000 0.0000 0.0002 -29.9996 -0.0001 -0.0003 29.9996 0.0000 0.0000 0.0000 -1.3868 -4.8664 -178.7546 0.1473 -12.8944 0.0662 -36.0900 74.4525 -24.1696 0.0000 25.3510 0.0000 -9.8620 -3.7077 -177.0906 0.1433 -8.1636 -0.0929 -6.8692 69.4990 -5.9126 0.0000 25.3508 -0.0001 