HIERARCHY
ROOT Hips
{
  OFFSET 0.0000 92.1569 0.0000
  CHANNELS 6 Xposition Yposition Zposition Yrotation Xrotation Zrotation
  JOINT Spine
  {
    OFFSET 0.0000 12.8432 0.0000
    CHANNELS 3 Yrotation Xrotation Zrotation
    JOINT Spine1
    {
      OFFSET 0.0000 12.7668 0.0000
      CHANNELS 3 Yrotation Xrotation Zrotation
      JOINT Spine2
      {
        OFFSET 0.0000 12.9359 0.0000
        CHANNELS 3 Yrotation Xrotation Zrotation
        JOINT LeftShoulder
        {
          OFFSET 7.0928 10.5283 0.0000
          CHANNELS 3 Yrotation Xrotation Zrotation
          JOINT LeftArm
          {
            OFFSET 0.0000 13.4072 0.0000
            CHANNELS 3 Yrotation Xrotation Zrotation
            JOINT LeftForeArm
            {
              OFFSET -0.0001 23.6311 0.0000
              CHANNELS 3 Yrotation Xrotation Zrotation
              JOINT LeftHand
              {
                OFFSET 0.0000 26.0214 0.0000
                CHANNELS 3 Yrotation Xrotation Zrotation
                JOINT LeftHandIndex1
                {
                  OFFSET -2.3384 7.3717 0.0940
                  CHANNELS 3 Yrotation Xrotation Zrotation
                  JOINT LeftHandIndex2
                  {
                    OFFSET 0.0000 4.1821 0.0000
                    CHANNELS 3 Yrotation Xrotation Zrotation
                    JOINT LeftHandIndex3
                    {
                      OFFSET 0.0000 2.5729 0.0000
                      CHANNELS 3 Yrotation Xrotation Zrotation
                      End Site
                      {
                        OFFSET 0.0000 1.3566 0.0000
                      }
                    }
                  }
                }
                JOINT LeftHandMiddle1
                {
                  OFFSET -0.4976 7.4289 0.0940
                  CHANNELS 3 Yrotation Xrotation Zrotation
                  JOINT LeftHandMiddle2
                  {
                    OFFSET 0.0000 4.2934 0.0000
                    CHANNELS 3 Yrotation Xrotation Zrotation
                    JOINT LeftHandMiddle3
                    {
                      OFFSET 0.0000 2.8318 0.0000
                      CHANNELS 3 Yrotation Xrotation Zrotation
                      End Site
                      {
                        OFFSET 0.0000 1.4991 0.0000
                      }
                    }
                  }
                }
                JOINT LeftHandPinky1
                {
                  OFFSET 2.8640 6.4077 0.0941
                  CHANNELS 3 Yrotation Xrotation Zrotation
                  JOINT LeftHandPinky2
                  {
                    OFFSET 0.0000 3.2449 0.0000
                    CHANNELS 3 Yrotation Xrotation Zrotation
                    JOINT LeftHandPinky3
                    {
                      OFFSET 0.0000 2.0396 0.0000
                      CHANNELS 3 Yrotation Xrotation Zrotation
                      End Site
                      {
                        OFFSET 0.0000 1.1205 0.0000
                      }
                    }
                  }
                }
                JOINT LeftHandRing1
                {
                  OFFSET 1.3152 7.1278 0.0941
                  CHANNELS 3 Yrotation Xrotation Zrotation
                  JOINT LeftHandRing2
                  {
                    OFFSET 0.0000 4.0102 0.0000
                    CHANNELS 3 Yrotation Xrotation Zrotation
                    JOINT LeftHandRing3
                    {
                      OFFSET 0.0000 2.5863 0.0000
                      CHANNELS 3 Yrotation Xrotation Zrotation
                      End Site
                      {
                        OFFSET 0.0000 1.3500 0.0000
                      }
                    }
                  }
                }
                JOINT LeftHandThumb1
                {
                  OFFSET -2.5440 1.8982 0.0857
                  CHANNELS 3 Yrotation Xrotation Zrotation
                  JOINT LeftHandThumb2
                  {
                    OFFSET 0.0000 3.6174 0.0000
                    CHANNELS 3 Yrotation Xrotation Zrotation
                    JOINT LeftHandThumb3
                    {
                      OFFSET 0.0000 2.7456 0.0000
                      CHANNELS 3 Yrotation Xrotation Zrotation
                      End Site
                      {
                        OFFSET 0.0000 1.7295 0.0000
                      }
                    }
                  }
                }
              }
            }
          }
        }
        JOINT Neck
        {
          OFFSET 0.0000 18.3612 0.0000
          CHANNELS 3 Yrotation Xrotation Zrotation
          JOINT Head
          {
            OFFSET 0.0000 10.8799 0.0000
            CHANNELS 3 Yrotation Xrotation Zrotation
            End Site
            {
              OFFSET 0.0000 7.8269 0.0000
            }
          }
        }
        JOINT RightShoulder
        {
          OFFSET -7.0929 10.5283 0.0000
          CHANNELS 3 Yrotation Xrotation Zrotation
          JOINT RightArm
          {
            OFFSET 0.0000 13.4072 0.0000
            CHANNELS 3 Yrotation Xrotation Zrotation
            JOINT RightForeArm
            {
              OFFSET 0.0000 23.6311 0.0000
              CHANNELS 3 Yrotation Xrotation Zrotation
              JOINT RightHand
              {
                OFFSET -0.0001 26.0214 0.0000
                CHANNELS 3 Yrotation Xrotation Zrotation
                JOINT RightHandIndex1
                {
                  OFFSET 2.3384 7.3718 0.0941
                  CHANNELS 3 Yrotation Xrotation Zrotation
                  JOINT RightHandIndex2
                  {
                    OFFSET 0.0000 4.1821 0.0000
                    CHANNELS 3 Yrotation Xrotation Zrotation
                    JOINT RightHandIndex3
                    {
                      OFFSET 0.0000 2.5730 0.0000
                      CHANNELS 3 Yrotation Xrotation Zrotation
                      End Site
                      {
                        OFFSET 0.0000 1.3566 0.0000
                      }
                    }
                  }
                }
                JOINT RightHandMiddle1
                {
                  OFFSET 0.4976 7.4289 0.0941
                  CHANNELS 3 Yrotation Xrotation Zrotation
                  JOINT RightHandMiddle2
                  {
                    OFFSET 0.0000 4.2934 0.0000
                    CHANNELS 3 Yrotation Xrotation Zrotation
                    JOINT RightHandMiddle3
                    {
                      OFFSET 0.0000 2.8318 0.0000
                      CHANNELS 3 Yrotation Xrotation Zrotation
                      End Site
                      {
                        OFFSET 0.0000 1.4991 0.0000
                      }
                    }
                  }
                }
                JOINT RightHandPinky1
                {
                  OFFSET -2.8640 6.4077 0.0941
                  CHANNELS 3 Yrotation Xrotation Zrotation
                  JOINT RightHandPinky2
                  {
                    OFFSET 0.0000 3.2449 0.0000
                    CHANNELS 3 Yrotation Xrotation Zrotation
                    JOINT RightHandPinky3
                    {
                      OFFSET 0.0000 2.0397 0.0000
                      CHANNELS 3 Yrotation Xrotation Zrotation
                      End Site
                      {
                        OFFSET 0.0000 1.1205 0.0000
                      }
                    }
                  }
                }
                JOINT RightHandRing1
                {
                  OFFSET -1.3152 7.1278 0.0941
                  CHANNELS 3 Yrotation Xrotation Zrotation
                  JOINT RightHandRing2
                  {
                    OFFSET 0.0000 4.0102 0.0000
                    CHANNELS 3 Yrotation Xrotation Zrotation
                    JOINT RightHandRing3
                    {
                      OFFSET 0.0000 2.5863 0.0000
                      CHANNELS 3 Yrotation Xrotation Zrotation
                      End Site
                      {
                        OFFSET 0.0000 1.3500 0.0000
                      }
                    }
                  }
                }
                JOINT RightHandThumb1
                {
                  OFFSET 2.5440 1.8982 0.0856
                  CHANNELS 3 Yrotation Xrotation Zrotation
                  JOINT RightHandThumb2
                  {
                    OFFSET 0.0000 3.6173 0.0000
                    CHANNELS 3 Yrotation Xrotation Zrotation
                    JOINT RightHandThumb3
                    {
                      OFFSET 0.0000 2.7456 0.0000
                      CHANNELS 3 Yrotation Xrotation Zrotation
                      End Site
                      {
                        OFFSET 0.0000 1.7295 0.0000
                      }
                    }
                  }
                }
              }
            }
          }
        }
      }
    }
  }
  JOINT LeftUpLeg
  {
    OFFSET 7.9554 0.0000 0.0000
    CHANNELS 3 Yrotation Xrotation Zrotation
    JOINT LeftLeg
    {
      OFFSET 0.0000 42.3529 0.0000
      CHANNELS 3 Yrotation Xrotation Zrotation
      JOINT LeftFoot
      {
        OFFSET 0.0000 42.0403 0.0000
        CHANNELS 3 Yrotation Xrotation Zrotation
        JOINT LeftToe
        {
          OFFSET 0.0000 15.0850 0.0000
          CHANNELS 3 Yrotation Xrotation Zrotation
          End Site
          {
            OFFSET 0.0000 3.5000 0.0000
          }
        }
      }
    }
  }
  JOINT RightUpLeg
  {
    OFFSET -7.9554 0.0000 0.0000
    CHANNELS 3 Yrotation Xrotation Zrotation
    JOINT RightLeg
    {
      OFFSET 0.0000 42.3529 0.0000
      CHANNELS 3 Yrotation Xrotation Zrotation
      JOINT RightFoot
      {
        OFFSET 0.0000 42.0403 0.0000
        CHANNELS 3 Yrotation Xrotation Zrotation
        JOINT RightToe
        {
          OFFSET 0.0000 15.0850 0.0000
          CHANNELS 3 Yrotation Xrotation Zrotation
          End Site
          {
            OFFSET 0.0000 3.5000 0.0000
          }
        }
      }
    }
  }
}
MOTION
Frames: 531
Frame Time: 0.016667
0.0000 92.1569 0.0000 0.0000 0.0000 0.0000 0.0000 0.0000 0.0000 0.0000 0.0000 0.0000 0.0000 0.0000 0.0000 -270.0000 90.0000 0.0000 0.0000 0.0000 0.0000 0.0000 0.0000 0.0000 0.0000 0.0000 0.0000 0.0000 0.0000 0.0001 0.0000 0.0000 0.0000 0.0000 -0.0013 -0.0008 0.0000 -0.0004 0.0001 0.0000 0.0000 0.0000 0.0000 0.0000 0.0000 0.0000 0.0003 0.0000 0.0000 -0.0006 0.0003 0.0000 0.0004 -0.0006 0.0000 0.0000 0.0001 0.0000 0.0000 0.0000 0.0000 -0.0010 -0.0002 0.0000 0.0002 30.0001 -0.0001 0.0005 -29.9998 0.0000 0.0000 0.0000 0.0000 0.0000 0.0000 0.0000 0.0000 0.0000 270.0001 90.0000 0.0000 0.0000 0.0000 0.0000 0.0000 0.0000 0.0000 0.0000 0.0000 0.0000 0.0000 -0.0001 0.0001 0.0000 0.0000 0.0000 0.0000 -0.0006 0.0003 0.0000 -0.0001 0.0001 0.0000 0.0000 0.0000 0.0000 0.0000 0.0000 0.0000 0.0007 0.0001 0.0000 -0.0012 0.0001 0.0000 -0.0008 0.0003 0.0000 0.0001 0.0000 0.0000 0.0000 0.0000 0.0000 -0.0009 0.0000 0.0000 0.0002 -29.9997 -0.0001 -0.0003 29.9996 0.0000 0.0000 0.0000 0.0000 0.0000 179.9999 0.0000 0.0001 0.0826 -0.1744 64.6492 -0.1930 0.0000 25.3510 0.0000 0.0000 0.0000 180.0000 0.0000 0.0000 -0.0827 0.1745 64.6492 0.1931 0.0000 25.3508 -0.0001 
-5.5346 91.9759 -24.7685 2.1785 -1.1966 0.3827 0.8014 1.0933 -0.2254 0.8015 1.0935 -0.2254 0.8038 1.0966 -0.2260 -12.2165 87.3275 -115.3193 77.3167 76.6206 75.1355 0.0136 0.2068 8.0577 -0.0331 0.4518 -0.4901 0.0000 0.0000 0.0001 0.0000 0.0000 0.0000 0.0000 -0.0013 -0.0008 0.0000 -0.0004 0.0001 0.0000 0.0000 0.0000 0.0000 0.0000 0.0000 0.0000 0.0002 0.0000 0.0000 -0.0006 0.0003 0.0000 0.0004 -0.0006 0.0000 0.0000 0.0001 0.0000 0.0000 0.0000 0.0000 -0.0010 -0.0002 0.0000 0.0002 30.0001 -0.0001 0.0005 -29.9998 0.0000 0.0000 0.0000 -2.2196 0.7519 0.3503 -2.2196 0.7519 0.3503 250.7538 90.0000 0.0000 -72.3628 71.8722 -71.8787 7.0772 2.4202 -6.9531 0.0338 0.3745 0.5170 0.0000 -0.0001 0.0001 0.0000 0.0000 0.0000 0.0000 -0.0006 0.0003 0.0000 -0.0001 0.0001 0.0000 0.0000 0.0000 0.0000 0.0000 0.0000 0.0000 0.0007 0.0001 0.0000 -0.0012 0.0001 0.0000 -0.0008 0.0003 0.0000 0.0001 0.0000 0.0000 0.0000 0.0000 0.0000 -0.0009 0.0000 0.0000 0.0002 -29.9996 -0.0001 -0.0003 29.9996 0.0000 0.0000 0.0000 -4.1021 1.7879 178.0860 -0.0352 -5.3439 0.0844 -2.9688 70.1986 2.3758 0.0000 25.4274 0.0000 -7.4310 2.0160 179.3248 0.0125 -3.5434 -0.0831 13.9387 70.0102 0.9904 0.0000 25.3508 -0.0001 
-5.4689 91.9729 -24.7852 2.1967 -1.2412 0.3398 0.8025 1.1062 -0.2211 0.8027 1.1064 -0.2211 0.8049 1.1095 -0.2217 -12.6192 87.3244 -115.7343 77.3428 76.6132 75.1655 0.0141 0.1624 7.9474 -0.0325 0.4517 -0.4882 0.0000 0.0000 0.0001 0.0000 0.0000 0.0000 0.0000 -0.0013 -0.0008 0.0000 -0.0004 0.0001 0.0000 0.0000 0.0000 0.0000 0.0000 0.0000 0.0000 0.0003 0.0000 0.0000 -0.0006 0.0003 0.0000 0.0004 -0.0006 0.0000 0.0000 0.0001 0.0000 0.0000 0.0000 0.0000 -0.0010 -0.0002 0.0000 0.0002 30.0001 -0.0001 0.0005 -29.9998 0.0000 0.0000 0.0000 -2.2604 0.7865 0.3527 -2.2604 0.7865 0.3527 250.7965 90.0000 0.0000 -72.1850 71.8786 -71.6266 7.0265 2.4635 -6.9857 0.0341 0.3759 0.5160 0.0000 -0.0001 0.0001 0.0000 0.0000 0.0000 0.0000 -0.0006 0.0003 0.0000 -0.0001 0.0001 0.0000 0.0000 0.0000 0.0000 0.0000 0.0000 0.0000 0.0007 0.0001 0.0000 -0.0012 0.0001 0.0000 -0.0008 0.0003 0.0000 0.0001 0.0000 0.0000 0.0000 0.0000 0.0000 -0.0009 0.0000 0.0000 0.0002 -29.9997 -0.0001 -0.0003 29.9996 0.0000 0.0000 0.0000 -4.1516 1.6724 178.0815 -0.0365 -5.6383 0.0846 -2.9582 70.3307 2.4227 0.0000 25.4228 0.0000 -7.4430 1.9426 179.2802 0.0119 -3.7205 -0.0831 14.1376 70.0631 1.1919 0.0000 25.3508 -0.0001 
-5.4045 91.9628 -24.8057 2.2235 -1.3049 0.2830 0.8045 1.1253 -0.2148 0.8047 1.1255 -0.2149 0.8069 1.1288 -0.2154 -13.1653 87.3161 -116.2976 77.3419 76.6168 75.1592 0.0179 0.1023 7.7915 -0.0316 0.4513 -0.4851 0.0000 0.0000 0.0001 0.0000 0.0000 0.0000 0.0000 -0.0013 -0.0008 0.0000 -0.0004 0.0001 0.0000 0.0000 0.0000 0.0000 0.0000 0.0000 0.0000 0.0002 0.0000 0.0000 -0.0006 0.0003 0.0000 0.0004 -0.0006 0.0000 0.0000 0.0001 0.0000 0.0000 0.0000 0.0000 -0.0010 -0.0002 0.0000 0.0003 30.0001 -0.0001 0.0005 -29.9998 0.0000 0.0000 0.0000 -2.3156 0.8336 0.3554 -2.3156 0.8336 0.3554 250.8507 90.0000 0.0000 -71.9636 71.8906 -71.2948 6.9691 2.5113 -7.0218 0.0345 0.3774 0.5145 0.0000 -0.0001 0.0001 0.0000 0.0000 0.0000 0.0000 -0.0006 0.0003 0.0000 -0.0001 0.0001 0.0000 0.0000 0.0000 0.0000 0.0000 0.0000 0.0000 0.0007 0.0001 0.0000 -0.0012 0.0001 0.0000 -0.0008 0.0003 0.0000 0.0001 0.0000 0.0000 0.0000 0.0000 0.0000 -0.0009 0.0000 0.0000 0.0002 -29.9996 -0.0001 -0.0003 29.9996 0.0000 0.0000 0.0000 -4.2149 1.4876 178.0889 -0.0369 -6.1039 0.0847 -2.9830 70.5419 2.4405 0.0000 25.4426 0.0000 -7.4398 1.7980 179.2354 0.0130 -4.0569 -0.0832 14.4192 70.1834 1.4589 0.0000 25.3508 -0.0001 
-5.3264 91.9504 -24.8203 2.2524 -1.3758 0.2237 0.8069 1.1473 -0.2063 0.8071 1.1475 -0.2064 0.8094 1.1508 -0.2069 -13.6886 87.3032 -116.8363 77.2936 76.6460 75.0916 0.0271 0.0370 7.6128 -0.0306 0.4511 -0.4816 0.0000 0.0000 0.0001 0.0000 0.0000 0.0000 0.0000 -0.0013 -0.0008 0.0000 -0.0004 0.0001 0.0000 0.0000 0.0000 0.0000 0.0000 0.0000 0.0000 0.0002 0.0000 0.0000 -0.0006 0.0003 0.0000 0.0004 -0.0006 0.0000 0.0000 0.0001 0.0000 0.0000 0.0000 0.0000 -0.0010 -0.0002 0.0000 0.0002 30.0001 -0.0001 0.0005 -29.9998 0.0000 0.0000 0.0000 -2.3705 0.8832 0.3568 -2.3705 0.8832 0.3568 250.9012 90.0000 0.0000 -71.7523 71.9027 -70.9523 6.9240 2.5505 -7.0442 0.0348 0.3790 0.5125 0.0000 -0.0001 0.0001 0.0000 0.0000 0.0000 0.0000 -0.0006 0.0003 0.0000 -0.0001 0.0001 0.0000 0.0000 0.0000 0.0000 0.0000 0.0000 0.0000 0.0007 0.0001 0.0000 -0.0012 0.0001 0.0000 -0.0008 0.0003 0.0000 0.0001 0.0000 0.0000 0.0000 0.0000 0.0000 -0.0009 0.0000 0.0000 0.0002 -29.9996 -0.0001 -0.0003 29.9996 0.0000 0.0000 0.0000 -4.2835 1.2833 178.0885 -0.0386 -6.6292 0.0850 -2.9854 70.7816 2.4873 0.0000 25.4618 0.0000 -7.4045 1.5927 179.1720 0.0143 -4.4982 -0.0833 14.8122 70.3293 1.8170 0.0000 25.3508 -0.0001 
-5.2376 91.9395 -24.8289 2.2863 -1.4538 0.1613 0.8090 1.1721 -0.1973 0.8091 1.1723 -0.1973 0.8114 1.1756 -0.1978 -14.1711 87.2845 -117.3335 77.2122 76.6868 74.9785 0.0372 -0.0325 7.4166 -0.0296 0.4510 -0.4777 0.0000 0.0000 0.0001 0.0000 0.0000 0.0000 0.0000 -0.0013 -0.0008 0.0000 -0.0004 0.0001 0.0000 0.0000 0.0000 0.0000 0.0000 0.0000 0.0000 0.0002 0.0000 0.0000 -0.0006 0.0003 0.0000 0.0004 -0.0006 0.0000 0.0000 0.0001 0.0000 0.0000 0.0000 0.0000 -0.0010 -0.0002 0.0000 0.0002 30.0001 -0.0001 0.0005 -29.9998 0.0000 0.0000 0.0000 -2.4265 0.9339 0.3580 -2.4265 0.9339 0.3580 250.9491 90.0000 0.0000 -71.5370 71.9241 -70.5794 6.8878 2.5867 -7.0614 0.0351 0.3806 0.5105 0.0000 -0.0001 0.0001 0.0000 0.0000 0.0000 0.0000 -0.0006 0.0003 0.0000 -0.0001 0.0001 0.0000 0.0000 0.0000 0.0000 0.0000 0.0000 0.0000 0.0007 0.0001 0.0000 -0.0011 0.0001 0.0000 -0.0008 0.0003 0.0000 0.0001 0.0000 0.0000 0.0000 0.0000 0.0000 -0.0009 0.0000 0.0000 0.0002 -29.9997 -0.0001 -0.0003 29.9996 0.0000 0.0000 0.0000 -4.3503 1.0857 178.0834 -0.0410 -7.1622 0.0853 -2.9603 71.0216 2.5575 0.0000 25.4704 0.0000 -7.3491 1.3153 179.0919 0.0166 -5.0743 -0.0834 15.3120 70.5186 2.2689 0.0000 25.3508 -0.0001 
-5.1383 91.9264 -24.8302 2.3223 -1.5420 0.0960 0.8115 1.2014 -0.1887 0.8116 1.2017 -0.1887 0.8139 1.2051 -0.1892 -14.4455 87.2542 -117.6210 77.1083 76.7364 74.8215 0.0437 -0.1053 7.2021 -0.0285 0.4509 -0.4730 0.0000 0.0000 0.0001 0.0000 0.0000 0.0000 0.0000 -0.0013 -0.0008 0.0000 -0.0004 0.0001 0.0000 0.0000 0.0000 0.0000 0.0000 0.0000 0.0000 0.0002 0.0000 0.0000 -0.0006 0.0003 0.0000 0.0004 -0.0006 0.0000 0.0000 0.0001 0.0000 0.0000 0.0000 0.0000 -0.0010 -0.0002 0.0000 0.0002 30.0001 -0.0001 0.0005 -29.9998 0.0000 0.0000 0.0000 -2.4847 0.9869 0.3560 -2.4847 0.9869 0.3560 250.9957 90.0000 0.0000 -71.3111 71.9633 -70.1573 6.8707 2.6199 -7.0789 0.0352 0.3818 0.5077 0.0000 -0.0001 0.0001 0.0000 0.0000 0.0000 0.0000 -0.0006 0.0003 0.0000 -0.0001 0.0001 0.0000 0.0000 0.0000 0.0000 0.0000 0.0000 0.0000 0.0007 0.0001 0.0000 -0.0011 0.0001 0.0000 -0.0008 0.0003 0.0000 0.0001 0.0000 0.0000 0.0000 0.0000 0.0000 -0.0009 0.0000 0.0000 0.0002 -29.9996 -0.0001 -0.0003 29.9996 0.0000 0.0000 0.0000 -4.3835 0.8915 178.0753 -0.0444 -7.7185 0.0857 -2.8826 71.2710 2.6486 0.0000 25.4892 0.0000 -7.2722 0.9296 178.9772 0.0200 -5.8651 -0.0837 15.9924 70.7779 2.8983 0.0000 25.3508 -0.0001 
-5.0373 91.9080 -24.8157 2.3580 -1.6366 0.0326 0.8138 1.2349 -0.1832 0.8139 1.2352 -0.1833 0.8162 1.2387 -0.1837 -14.3895 87.2103 -117.5788 76.9917 76.7843 74.6307 0.0449 -0.1775 6.9779 -0.0274 0.4518 -0.4689 0.0000 0.0000 0.0001 0.0000 0.0000 0.0000 0.0000 -0.0013 -0.0008 0.0000 -0.0004 0.0001 0.0000 0.0000 0.0000 0.0000 0.0000 0.0000 0.0000 0.0002 0.0000 0.0000 -0.0006 0.0003 0.0000 0.0004 -0.0006 0.0000 0.0000 0.0001 0.0000 0.0000 0.0000 0.0000 -0.0010 -0.0002 0.0000 0.0002 30.0001 -0.0001 0.0005 -29.9998 0.0000 0.0000 0.0000 -2.5426 1.0391 0.3505 -2.5426 1.0391 0.3505 251.0435 90.0000 0.0000 -71.0652 72.0122 -69.6945 6.8691 2.6521 -7.1066 0.0355 0.3827 0.5047 0.0000 -0.0001 0.0001 0.0000 0.0000 0.0000 0.0000 -0.0006 0.0003 0.0000 -0.0001 0.0001 0.0000 0.0000 0.0000 0.0000 0.0000 0.0000 0.0000 0.0007 0.0001 0.0000 -0.0012 0.0001 0.0000 -0.0008 0.0003 0.0000 0.0001 0.0000 0.0000 0.0000 0.0000 0.0000 -0.0009 0.0000 0.0000 0.0002 -29.9996 -0.0001 -0.0003 29.9996 0.0000 0.0000 0.0000 -4.3575 0.6780 178.0676 -0.0497 -8.3498 0.0864 -2.7647 71.5703 2.7188 0.0000 25.4889 0.0000 -7.1942 0.4516 178.8199 0.0249 -6.8504 -0.0842 16.8410 71.0933 3.7176 0.0000 25.3508 -0.0001 
-4.9401 91.8818 -24.7843 2.3904 -1.7356 -0.0224 0.8153 1.2720 -0.1840 0.8155 1.2723 -0.1840 0.8178 1.2759 -0.1845 -13.9428 87.1478 -117.1442 76.8758 76.8315 74.4170 0.0418 -0.2484 6.7474 -0.0263 0.4525 -0.4640 0.0000 0.0000 0.0001 0.0000 0.0000 0.0000 0.0000 -0.0013 -0.0008 0.0000 -0.0004 0.0001 0.0000 0.0000 0.0000 0.0000 0.0000 0.0000 0.0000 0.0002 0.0000 0.0000 -0.0006 0.0003 0.0000 0.0004 -0.0006 0.0000 0.0000 0.0001 0.0000 0.0000 0.0000 0.0000 -0.0010 -0.0002 0.0000 0.0002 30.0001 -0.0001 0.0005 -29.9998 0.0000 0.0000 0.0000 -2.5976 1.0896 0.3426 -2.5976 1.0896 0.3426 251.0937 90.0000 0.0000 -70.8007 72.0622 -69.2044 6.8777 2.6863 -7.1409 0.0357 0.3837 0.5020 0.0000 -0.0001 0.0001 0.0000 0.0000 0.0000 0.0000 -0.0006 0.0003 0.0000 -0.0001 0.0001 0.0000 0.0000 0.0000 0.0000 0.0000 0.0000 0.0000 0.0007 0.0001 0.0000 -0.0012 0.0001 0.0000 -0.0008 0.0003 0.0000 0.0001 0.0000 0.0000 0.0000 0.0000 0.0000 -0.0009 0.0000 0.0000 0.0002 -29.9996 -0.0001 -0.0003 29.9996 0.0000 0.0000 0.0000 -4.2709 0.4491 178.0590 -0.0568 -9.0484 0.0872 -2.6293 71.9186 2.7424 0.0000 25.4766 0.0000 -7.1207 -0.1210 178.6110 0.0326 -8.0312 -0.0850 17.8556 71.4556 4.7370 0.0000 25.3508 -0.0001 
-4.8485 91.8430 -24.7283 2.4107 -1.8413 -0.0480 0.8144 1.3136 -0.2011 0.8145 1.3139 -0.2012 0.8168 1.3176 -0.2017 -13.0029 87.0616 -116.2224 76.7356 76.8756 74.1375 0.0362 -0.3161 6.5199 -0.0252 0.4545 -0.4595 0.0000 0.0000 0.0001 0.0000 0.0000 0.0000 0.0000 -0.0013 -0.0008 0.0000 -0.0004 0.0001 0.0000 0.0000 0.0000 0.0000 0.0000 0.0000 0.0000 0.0002 0.0000 0.0000 -0.0006 0.0003 0.0000 0.0004 -0.0006 0.0000 0.0000 0.0001 0.0000 0.0000 0.0000 0.0000 -0.0010 -0.0002 0.0000 0.0002 30.0001 -0.0001 0.0005 -29.9998 0.0000 0.0000 0.0000 -2.6433 1.1380 0.3316 -2.6433 1.1380 0.3316 39.9717 87.3785 150.5344 -70.5208 72.1078 -68.7016 6.8917 2.7254 -7.1757 0.0360 0.3845 0.4990 0.0000 -0.0001 0.0001 0.0000 0.0000 0.0000 0.0000 -0.0006 0.0003 0.0000 -0.0001 0.0001 0.0000 0.0000 0.0000 0.0000 0.0000 0.0000 0.0000 0.0007 0.0001 0.0000 -0.0012 0.0001 0.0000 -0.0008 0.0003 0.0000 0.0001 0.0000 0.0000 0.0000 0.0000 0.0000 -0.0009 0.0000 0.0000 0.0002 -29.9996 -0.0001 -0.0003 29.9996 0.0000 0.0000 0.0000 -4.0983 0.2181 178.0354 -0.0661 -9.8065 0.0884 -2.4849 72.3227 2.6886 0.0000 25.4529 0.0000 -7.0369 -0.8676 178.2905 0.0452 -9.5519 -0.0865 19.1383 71.8723 6.0705 0.0000 25.3508 -0.0001 
-4.7648 91.7932 -24.6679 2.4159 -1.9528 -0.0282 0.8094 1.3598 -0.2388 0.8096 1.3601 -0.2388 0.8119 1.3640 -0.2395 -11.7692 86.9578 -115.0150 76.5612 76.9102 73.7941 0.0222 -0.3742 6.2956 -0.0243 0.4564 -0.4543 0.0000 0.0000 0.0001 0.0000 0.0000 0.0000 0.0000 -0.0013 -0.0008 0.0000 -0.0004 0.0001 0.0000 0.0000 0.0000 0.0000 0.0000 0.0000 0.0000 0.0002 0.0000 0.0000 -0.0006 0.0003 0.0000 0.0004 -0.0006 0.0000 0.0000 0.0001 0.0000 0.0000 0.0000 0.0000 -0.0010 -0.0002 0.0000 0.0002 30.0001 -0.0001 0.0005 -29.9998 0.0000 0.0000 0.0000 -2.6781 1.1874 0.3160 -2.6781 1.1874 0.3160 39.0451 87.3046 149.5534 -70.2434 72.1545 -68.2146 6.8980 2.7642 -7.2067 0.0362 0.3852 0.4960 0.0000 -0.0001 0.0001 0.0000 0.0000 0.0000 0.0000 -0.0006 0.0003 0.0000 -0.0001 0.0001 0.0000 0.0000 0.0000 0.0000 0.0000 0.0000 0.0000 0.0007 0.0001 0.0000 -0.0011 0.0001 0.0000 -0.0008 0.0003 0.0000 0.0001 0.0000 0.0000 0.0000 0.0000 0.0000 -0.0009 0.0000 0.0000 0.0002 -29.9997 -0.0001 -0.0003 29.9996 0.0000 0.0000 0.0000 -3.8799 0.0002 177.9798 -0.0752 -10.5589 0.0897 -2.3739 72.7361 2.5631 0.0000 25.4227 0.0000 -6.8955 -1.7989 177.8376 0.0631 -11.4175 -0.0890 20.6806 72.3152 7.6594 0.0000 25.3508 -0.0001 
-4.6840 91.7347 -24.6106 2.4069 -2.0731 0.0444 0.8004 1.4115 -0.2976 0.8006 1.4118 -0.2977 0.8028 1.4158 -0.2985 -10.4367 86.8390 -113.7140 76.3359 76.9323 73.3773 0.0023 -0.4225 6.0780 -0.0234 0.4594 -0.4496 0.0000 0.0000 0.0001 0.0000 0.0000 0.0000 0.0000 -0.0013 -0.0008 0.0000 -0.0004 0.0001 0.0000 0.0000 0.0000 0.0000 0.0000 0.0000 0.0000 0.0002 0.0000 0.0000 -0.0006 0.0003 0.0000 0.0004 -0.0006 0.0000 0.0000 0.0001 0.0000 0.0000 0.0000 0.0000 -0.0010 -0.0002 0.0000 0.0002 30.0001 -0.0001 0.0005 -29.9998 0.0000 0.0000 0.0000 -2.7033 1.2394 0.2936 -2.7033 1.2394 0.2936 38.2764 87.2338 148.7204 -69.9721 72.2082 -67.7478 6.8905 2.7989 -7.2341 0.0364 0.3862 0.4933 0.0000 -0.0001 0.0001 0.0000 0.0000 0.0000 0.0000 -0.0006 0.0003 0.0000 -0.0001 0.0001 0.0000 0.0000 0.0000 0.0000 0.0000 0.0000 0.0000 0.0007 0.0001 0.0000 -0.0012 0.0001 0.0000 -0.0008 0.0003 0.0000 0.0001 0.0000 0.0000 0.0000 0.0000 0.0000 -0.0009 0.0000 0.0000 0.0002 -29.9997 -0.0001 -0.0003 29.9996 0.0000 0.0000 0.0000 -3.6398 -0.2072 177.8770 -0.0847 -11.3013 0.0911 -2.2930 73.1495 2.3952 0.0000 25.3679 0.0000 -6.6553 -2.8947 177.2518 0.0923 -13.6254 -0.0937 22.4681 72.7882 9.4501 0.0000 25.3508 -0.0001 
-4.6095 91.6562 -24.5603 2.3727 -2.2147 0.2080 0.7846 1.4736 -0.3902 0.7848 1.4740 -0.3903 0.7870 1.4781 -0.3913 -9.2579 86.7143 -112.5828 75.9975 76.9156 72.8355 -0.0245 -0.4565 5.8635 -0.0226 0.4626 -0.4441 0.0000 0.0000 0.0001 0.0000 0.0000 0.0000 0.0000 -0.0013 -0.0008 0.0000 -0.0004 0.0001 0.0000 0.0000 0.0000 0.0000 0.0000 0.0000 0.0000 0.0002 0.0000 0.0000 -0.0006 0.0003 0.0000 0.0004 -0.0006 0.0000 0.0000 0.0001 0.0000 0.0000 0.0000 0.0000 -0.0010 -0.0002 0.0000 0.0002 30.0001 -0.0001 0.0005 -29.9998 0.0000 0.0000 0.0000 -2.7112 1.2921 0.2569 -2.7112 1.2920 0.2569 37.3752 87.1798 147.7360 -69.7535 72.2905 -67.3467 6.8571 2.8306 -7.2586 0.0365 0.3866 0.4902 0.0000 -0.0001 0.0001 0.0000 0.0000 0.0000 0.0000 -0.0006 0.0003 0.0000 -0.0001 0.0001 0.0000 0.0000 0.0000 0.0000 0.0000 0.0000 0.0000 0.0007 0.0001 0.0000 -0.0012 0.0001 0.0000 -0.0008 0.0003 0.0000 0.0001 0.0000 0.0000 0.0000 0.0000 0.0000 -0.0009 0.0000 0.0000 0.0002 -29.9996 -0.0001 -0.0003 29.9996 0.0000 0.0000 0.0000 -3.4138 -0.3840 177.6828 -0.0932 -12.0075 0.0925 -2.2959 73.5456 2.1802 0.0000 25.3543 0.0000 -5.2950 -4.0882 176.5139 0.1182 -16.2877 -0.0996 26.0470 73.2571 11.9876 0.0000 25.3508 -0.0001 
-4.5325 91.5677 -24.5134 2.3128 -2.3831 0.4355 0.7654 1.5476 -0.5032 0.7656 1.5481 -0.5033 0.7677 1.5523 -0.5047 -8.6027 86.5972 -111.9906 75.5407 76.8557 72.1959 -0.0580 -0.4819 5.6622 -0.0220 0.4664 -0.4389 0.0000 0.0000 0.0001 0.0000 0.0000 0.0000 0.0000 -0.0013 -0.0008 0.0000 -0.0004 0.0001 0.0000 0.0000 0.0000 0.0000 0.0000 0.0000 0.0000 0.0002 0.0000 0.0000 -0.0007 0.0003 0.0000 0.0004 -0.0006 0.0000 0.0000 0.0001 0.0000 0.0000 0.0000 0.0000 -0.0010 -0.0002 0.0000 0.0002 30.0001 -0.0001 0.0005 -29.9998 0.0000 0.0000 0.0000 -2.7081 1.3433 0.2023 -2.7081 1.3433 0.2023 36.0729 87.1321 146.3421 -69.5549 72.4037 -66.9595 6.8096 2.8710 -7.2744 0.0367 0.3874 0.4876 0.0000 -0.0001 0.0001 0.0000 0.0000 0.0000 0.0000 -0.0006 0.0003 0.0000 -0.0001 0.0001 0.0000 0.0000 0.0000 0.0000 0.0000 0.0000 0.0000 0.0007 0.0001 0.0000 -0.0012 0.0001 0.0000 -0.0008 0.0003 0.0000 0.0001 0.0000 0.0000 0.0000 0.0000 0.0000 -0.0009 0.0000 0.0000 0.0002 -29.9996 -0.0001 -0.0003 29.9996 0.0000 0.0000 0.0000 -3.2415 -0.5111 177.4137 -0.1002 -12.6564 0.0938 -2.3859 73.9113 1.9626 0.0000 25.3596 0.0000 -2.9018 -5.2254 175.7303 0.1282 -19.1604 -0.1043 31.4790 73.5987 15.3944 0.0000 25.0317 -0.0001 
-4.4508 91.4747 -24.4667 2.2294 -2.5701 0.7000 0.7460 1.6296 -0.6249 0.7462 1.6301 -0.6250 0.7482 1.6345 -0.6267 -8.4522 86.4955 -111.9109 75.0126 76.7522 71.5266 -0.0881 -0.5065 5.4362 -0.0212 0.4704 -0.4336 0.0000 0.0000 0.0001 0.0000 0.0000 0.0000 0.0000 -0.0013 -0.0008 0.0000 -0.0004 0.0001 0.0000 0.0000 0.0000 0.0000 0.0000 0.0000 0.0000 0.0002 0.0000 0.0000 -0.0006 0.0003 0.0000 0.0004 -0.0006 0.0000 0.0000 0.0001 0.0000 0.0000 0.0000 0.0000 -0.0010 -0.0002 0.0000 0.0002 30.0001 -0.0001 0.0005 -29.9998 0.0000 0.0000 0.0000 -2.6997 1.3925 0.1301 -2.6997 1.3925 0.1301 34.3361 87.0869 144.5159 -69.3962 72.5344 -66.6087 6.7737 2.9146 -7.2746 0.0369 0.3881 0.4854 0.0000 -0.0001 0.0001 0.0000 0.0000 0.0000 0.0000 -0.0006 0.0003 0.0000 -0.0001 0.0001 0.0000 0.0000 0.0000 0.0000 0.0000 0.0000 0.0000 0.0007 0.0001 0.0000 -0.0012 0.0001 0.0000 -0.0008 0.0003 0.0000 0.0001 0.0000 0.0000 0.0000 0.0000 0.0000 -0.0009 0.0000 0.0000 0.0002 -29.9996 -0.0001 -0.0003 29.9996 0.0000 0.0000 0.0000 -3.1203 -0.5787 177.0963 -0.1055 -13.2200 0.0950 -2.5437 74.2343 1.7591 0.0000 25.3960 0.0000 -0.4714 -6.2978 174.9166 0.1229 -22.0646 -0.1066 37.3037 73.8147 19.1952 0.0000 25.0348 -0.0001 
-4.3535 91.3886 -24.4137 2.1174 -2.7723 0.9782 0.7288 1.7142 -0.7417 0.7290 1.7148 -0.7419 0.7310 1.7194 -0.7439 -9.0051 86.4319 -112.5428 74.3932 76.6073 70.8174 -0.0878 -0.5407 5.1619 -0.0202 0.4745 -0.4270 0.0000 0.0000 0.0001 0.0000 0.0000 0.0000 0.0000 -0.0013 -0.0008 0.0000 -0.0004 0.0001 0.0000 0.0000 0.0000 0.0000 0.0000 0.0000 0.0000 0.0002 0.0000 0.0000 -0.0006 0.0003 0.0000 0.0004 -0.0006 0.0000 0.0000 0.0001 0.0000 0.0000 0.0000 0.0000 -0.0010 -0.0002 0.0000 0.0002 30.0001 -0.0001 0.0005 -29.9998 0.0000 0.0000 0.0000 -2.6900 1.4413 0.0291 -2.6900 1.4413 0.0291 31.9826 87.0487 142.0838 -69.2003 72.7264 -66.1905 6.7332 2.9694 -7.2752 0.0371 0.3887 0.4832 0.0000 -0.0001 0.0001 0.0000 0.0000 0.0000 0.0000 -0.0006 0.0003 0.0000 -0.0001 0.0001 0.0000 0.0000 0.0000 0.0000 0.0000 0.0000 0.0000 0.0007 0.0001 0.0000 -0.0012 0.0001 0.0000 -0.0008 0.0003 0.0000 0.0001 0.0000 0.0000 0.0000 0.0000 0.0000 -0.0009 0.0000 0.0000 0.0002 -29.9996 -0.0001 -0.0003 29.9996 0.0000 0.0000 0.0000 -3.0500 -0.5488 176.7468 -0.1093 -13.6252 0.0958 -2.7082 74.4817 1.6382 0.0000 25.4509 0.0000 1.8222 -7.2826 174.1484 0.1067 -24.8262 -0.1061 42.9850 73.9724 22.9739 0.0000 25.0387 -0.0001 
-4.2442 91.3226 -24.3420 1.9967 -2.9732 1.2284 0.7125 1.7904 -0.8400 0.7128 1.7911 -0.8402 0.7146 1.7958 -0.8424 -10.0539 86.4057 -113.6710 73.7545 76.4523 70.1377 -0.0558 -0.5985 4.8240 -0.0189 0.4789 -0.4193 0.0000 0.0000 0.0001 0.0000 0.0000 0.0000 0.0000 -0.0013 -0.0008 0.0000 -0.0004 0.0001 0.0000 0.0000 0.0000 0.0000 0.0000 0.0000 0.0000 0.0002 0.0000 0.0000 -0.0006 0.0003 0.0000 0.0004 -0.0006 0.0000 0.0000 0.0001 0.0000 0.0000 0.0000 0.0000 -0.0010 -0.0002 0.0000 0.0002 30.0001 -0.0001 0.0005 -29.9998 0.0000 0.0000 0.0000 -2.6829 1.4954 -0.0933 -2.6829 1.4954 -0.0932 29.3147 87.0245 139.3454 -69.0118 72.9566 -65.7559 6.7132 3.0218 -7.2751 0.0373 0.3893 0.4807 0.0000 -0.0001 0.0001 0.0000 0.0000 0.0000 0.0000 -0.0006 0.0003 0.0000 -0.0001 0.0001 0.0000 0.0000 0.0000 0.0000 0.0000 0.0000 0.0000 0.0007 0.0001 0.0000 -0.0012 0.0001 0.0000 -0.0008 0.0003 0.0000 0.0001 0.0000 0.0000 0.0000 0.0000 0.0000 -0.0009 0.0000 0.0000 0.0002 -29.9997 -0.0001 -0.0003 29.9996 0.0000 0.0000 0.0000 -2.9996 -0.4328 176.4134 -0.1122 -13.8814 0.0964 -2.8074 74.6614 1.6157 0.0000 25.4795 0.0000 3.7846 -8.1776 173.4595 0.0641 -27.3738 -0.0983 48.3184 74.1035 26.7145 0.0000 25.0434 -0.0001 
-4.1289 91.2772 -24.2477 1.8816 -3.1615 1.4363 0.6963 1.8528 -0.9161 0.6966 1.8536 -0.9164 0.6984 1.8585 -0.9188 -11.4504 86.4094 -115.1412 73.1410 76.3081 69.5119 0.0005 -0.6868 4.4318 -0.0172 0.4828 -0.4101 0.0000 0.0000 0.0001 0.0000 0.0000 0.0000 0.0000 -0.0013 -0.0008 0.0000 -0.0004 0.0001 0.0000 0.0000 0.0000 0.0000 0.0000 0.0000 0.0000 0.0002 0.0000 0.0000 -0.0006 0.0003 0.0000 0.0004 -0.0006 0.0000 0.0000 0.0001 0.0000 0.0000 0.0000 0.0000 -0.0010 -0.0002 0.0000 0.0002 30.0001 -0.0001 0.0005 -29.9998 0.0000 0.0000 0.0000 -2.6819 1.5584 -0.2295 -2.6819 1.5584 -0.2295 26.6010 87.0122 136.5706 -68.7770 73.2167 -65.2523 6.6974 3.0723 -7.2736 0.0375 0.3904 0.4778 0.0000 -0.0001 0.0001 0.0000 0.0000 0.0000 0.0000 -0.0006 0.0003 0.0000 -0.0001 0.0001 0.0000 0.0000 0.0000 0.0000 0.0000 0.0000 0.0000 0.0007 0.0001 0.0000 -0.0012 0.0001 0.0000 -0.0008 0.0003 0.0000 0.0001 0.0000 0.0000 0.0000 0.0000 0.0000 -0.0009 0.0000 0.0000 0.0002 -29.9996 -0.0001 -0.0003 29.9996 0.0000 0.0000 0.0000 -2.9636 -0.2469 176.1160 -0.1143 -14.0027 0.0968 -2.8292 74.7811 1.6820 0.0000 25.4865 0.0000 5.3954 -9.0120 172.8410 -0.0161 -29.7160 -0.0785 53.4181 74.2159 30.5216 0.0000 25.0483 -0.0001 
-4.0229 91.2631 -24.1309 1.8015 -3.3138 1.5647 0.6803 1.8892 -0.9560 0.6805 1.8899 -0.9563 0.6823 1.8949 -0.9588 -12.9565 86.4433 -116.6883 72.6447 76.2210 69.0134 0.0790 -0.8321 3.9652 -0.0150 0.4865 -0.3994 0.0000 0.0000 0.0001 0.0000 0.0000 0.0000 0.0000 -0.0013 -0.0008 0.0000 -0.0004 0.0001 0.0000 0.0000 0.0000 0.0000 0.0000 0.0000 0.0000 0.0003 0.0000 0.0000 -0.0006 0.0003 0.0000 0.0004 -0.0006 0.0000 0.0000 0.0001 0.0000 0.0000 0.0000 0.0000 -0.0010 -0.0002 0.0000 0.0002 30.0001 -0.0001 0.0005 -29.9998 0.0000 0.0000 0.0000 -2.6971 1.6392 -0.3727 -2.6971 1.6392 -0.3727 24.0734 87.0212 134.0072 -68.4917 73.4952 -64.6813 6.6925 3.1086 -7.2611 0.0375 0.3911 0.4731 0.0000 -0.0001 0.0001 0.0000 0.0000 0.0000 0.0000 -0.0006 0.0003 0.0000 -0.0001 0.0001 0.0000 0.0000 0.0000 0.0000 0.0000 0.0000 0.0000 0.0007 0.0001 0.0000 -0.0012 0.0001 0.0000 -0.0008 0.0003 0.0000 0.0001 0.0000 0.0000 0.0000 0.0000 0.0000 -0.0009 0.0000 0.0000 0.0002 -29.9996 -0.0001 -0.0003 29.9996 0.0000 0.0000 0.0000 -2.9419 -0.0053 175.9041 -0.1132 -13.9713 0.0966 -2.7444 74.8267 1.8389 0.0000 25.4573 0.0000 5.5468 -9.9595 172.2217 -0.0396 -31.7117 -0.0715 56.3898 74.5959 33.5930 0.0000 25.0530 -0.0001 
-3.9336 91.2612 -24.0121 1.7743 -3.4298 1.6257 0.6596 1.9014 -0.9690 0.6598 1.9021 -0.9694 0.6615 1.9071 -0.9719 -14.2392 86.4903 -117.9790 72.2456 76.2065 68.5810 0.1496 -1.0166 3.4710 -0.0125 0.4903 -0.3879 0.0000 0.0000 0.0001 0.0000 0.0000 0.0000 0.0000 -0.0013 -0.0008 0.0000 -0.0004 0.0001 0.0000 0.0000 0.0000 0.0000 0.0000 0.0000 0.0000 0.0002 0.0000 0.0000 -0.0006 0.0003 0.0000 0.0004 -0.0006 0.0000 0.0000 0.0001 0.0000 0.0000 0.0000 0.0000 -0.0010 -0.0002 0.0000 0.0002 30.0001 -0.0001 0.0005 -29.9998 0.0000 0.0000 0.0000 -2.7264 1.7376 -0.5166 -2.7264 1.7376 -0.5166 21.8694 87.0453 131.7818 -68.1343 73.7867 -64.0208 6.6734 3.1288 -7.2576 0.0375 0.3925 0.4677 0.0000 -0.0001 0.0001 0.0000 0.0000 0.0000 0.0000 -0.0006 0.0003 0.0000 -0.0001 0.0001 0.0000 0.0000 0.0000 0.0000 0.0000 0.0000 0.0000 0.0007 0.0001 0.0000 -0.0012 0.0001 0.0000 -0.0008 0.0003 0.0000 0.0001 0.0000 0.0000 0.0000 0.0000 0.0000 -0.0009 0.0000 0.0000 0.0002 -29.9996 -0.0001 -0.0003 29.9996 0.0000 0.0000 0.0000 -2.9071 0.2301 175.7771 -0.1095 -13.8863 0.0960 -2.5641 74.8391 2.0298 0.0000 25.4552 0.0000 5.3458 -10.9803 171.7079 -0.0427 -33.3921 -0.0699 58.4515 74.9971 36.0152 0.0000 25.0573 -0.0001 
-3.8592 91.2656 -23.8904 1.8024 -3.5224 1.6304 0.6318 1.8971 -0.9617 0.6321 1.8978 -0.9620 0.6337 1.9028 -0.9645 -15.2000 86.5354 -118.9206 71.9258 76.2623 68.1864 0.1984 -1.2279 2.9811 -0.0100 0.4932 -0.3759 0.0000 0.0000 0.0001 0.0000 0.0000 0.0000 0.0000 -0.0013 -0.0008 0.0000 -0.0004 0.0001 0.0000 0.0000 0.0000 0.0000 0.0000 0.0000 0.0000 0.0003 0.0000 0.0000 -0.0006 0.0003 0.0000 0.0004 -0.0006 0.0000 0.0000 0.0001 0.0000 0.0000 0.0000 0.0000 -0.0010 -0.0002 0.0000 0.0002 30.0001 -0.0001 0.0005 -29.9998 0.0000 0.0000 0.0000 -2.7649 1.8510 -0.6555 -2.7649 1.8510 -0.6555 19.9173 87.0743 129.8179 -67.7239 74.0744 -63.2841 6.6410 3.1372 -7.2631 0.0375 0.3943 0.4612 0.0000 -0.0001 0.0001 0.0000 0.0000 0.0000 0.0000 -0.0006 0.0003 0.0000 -0.0001 0.0001 0.0000 0.0000 0.0000 0.0000 0.0000 0.0000 0.0000 0.0007 0.0001 0.0000 -0.0012 0.0001 0.0000 -0.0008 0.0003 0.0000 0.0001 0.0000 0.0000 0.0000 0.0000 0.0000 -0.0008 0.0000 0.0000 0.0002 -29.9996 -0.0001 -0.0003 29.9996 0.0000 0.0000 0.0000 -2.8570 0.4505 175.7233 -0.1039 -13.7926 0.0953 -2.3211 74.8453 2.2164 0.0000 25.4719 0.0000 4.9832 -12.0265 171.3016 -0.0358 -34.7881 -0.0715 59.8540 75.3316 37.8521 0.0000 25.0603 -0.0001 
-3.7983 91.2775 -23.7520 1.9183 -3.5980 1.5658 0.5939 1.8812 -0.9347 0.5941 1.8819 -0.9350 0.5956 1.8869 -0.9375 -15.3332 86.5538 -118.9946 71.6962 76.4159 67.8062 0.2103 -1.4544 2.5378 -0.0076 0.4957 -0.3647 0.0000 0.0000 0.0001 0.0000 0.0000 0.0000 0.0000 -0.0013 -0.0008 0.0000 -0.0004 0.0001 0.0000 0.0000 0.0000 0.0000 0.0000 0.0000 0.0000 0.0003 0.0000 0.0000 -0.0006 0.0003 0.0000 0.0004 -0.0006 0.0000 0.0000 0.0001 0.0000 0.0000 0.0000 0.0000 -0.0010 -0.0002 0.0000 0.0002 30.0001 -0.0001 0.0005 -29.9998 0.0000 0.0000 0.0000 -2.8163 1.9783 -0.7731 -2.8163 1.9783 -0.7731 18.6547 87.1018 128.5694 -67.2172 74.3373 -62.4268 6.5851 3.1435 -7.2777 0.0374 0.3960 0.4533 0.0000 -0.0001 0.0001 0.0000 0.0000 0.0000 0.0000 -0.0006 0.0003 0.0000 -0.0001 0.0001 0.0000 0.0000 0.0000 0.0000 0.0000 0.0000 0.0000 0.0007 0.0001 0.0000 -0.0012 0.0001 0.0000 -0.0008 0.0003 0.0000 0.0001 0.0000 0.0000 0.0000 0.0000 0.0000 -0.0008 0.0000 0.0000 0.0002 -29.9996 -0.0001 -0.0003 29.9996 0.0000 0.0000 0.0000 -2.7977 0.6529 175.7565 -0.0968 -13.7251 0.0944 -2.0225 74.8751 2.3660 0.0000 25.4712 0.0000 4.3761 -13.0984 171.0340 -0.0205 -35.8111 -0.0761 60.5124 75.5506 39.0736 0.0000 25.0601 -0.0001 
-3.7374 91.2926 -23.6074 2.1041 -3.6749 1.4626 0.5484 1.8687 -0.9014 0.5486 1.8694 -0.9017 0.5500 1.8744 -0.9041 -14.6631 86.5345 -118.2412 71.4745 76.6273 67.3712 0.1999 -1.6633 2.1642 -0.0056 0.4984 -0.3551 0.0000 0.0000 0.0001 0.0000 0.0000 0.0000 0.0000 -0.0013 -0.0008 0.0000 -0.0004 0.0001 0.0000 0.0000 0.0000 0.0000 0.0000 0.0000 0.0000 0.0003 0.0000 0.0000 -0.0006 0.0003 0.0000 0.0004 -0.0006 0.0000 0.0000 0.0001 0.0000 0.0000 0.0000 0.0000 -0.0010 -0.0002 0.0000 0.0002 30.0001 -0.0001 0.0005 -29.9998 0.0000 0.0000 0.0000 -2.8770 2.1037 -0.8614 -2.8770 2.1037 -0.8614 18.0187 87.1148 127.9766 -66.6476 74.5657 -61.4917 6.5330 3.1586 -7.3031 0.0373 0.3967 0.4444 0.0000 -0.0001 0.0001 0.0000 0.0000 0.0000 0.0000 -0.0006 0.0003 0.0000 -0.0001 0.0001 0.0000 0.0000 0.0000 0.0000 0.0000 0.0000 0.0000 0.0007 0.0001 0.0000 -0.0012 0.0001 0.0000 -0.0008 0.0003 0.0000 0.0001 0.0000 0.0000 0.0000 0.0000 0.0000 -0.0009 0.0000 0.0000 0.0002 -29.9996 -0.0001 -0.0003 29.9996 0.0000 0.0000 0.0000 -2.7491 0.8363 175.8330 -0.0893 -13.7033 0.0935 -1.7107 74.9294 2.4747 0.0000 25.4486 0.0000 3.6057 -14.0958 170.8453 -0.0237 -36.5464 -0.0749 61.2711 75.6750 40.5084 0.0000 25.3508 -0.0001 
-3.6705 91.3090 -23.4725 2.3421 -3.7618 1.3339 0.4958 1.8636 -0.8646 0.4959 1.8643 -0.8649 0.4972 1.8693 -0.8672 -13.4337 86.4806 -116.9200 71.2151 76.8717 66.8517 0.1748 -1.8392 1.8583 -0.0039 0.5008 -0.3466 0.0000 0.0000 0.0001 0.0000 0.0000 0.0000 0.0000 -0.0013 -0.0008 0.0000 -0.0004 0.0001 0.0000 0.0000 0.0000 0.0000 0.0000 0.0000 0.0000 0.0002 0.0000 0.0000 -0.0006 0.0003 0.0000 0.0004 -0.0006 0.0000 0.0000 0.0001 0.0000 0.0000 0.0000 0.0000 -0.0010 -0.0002 0.0000 0.0002 30.0001 -0.0001 0.0005 -29.9998 0.0000 0.0000 0.0000 -2.9406 2.2223 -0.9211 -2.9406 2.2223 -0.9211 17.8678 87.1125 127.8819 -66.0211 74.7692 -60.4823 6.4924 3.1844 -7.3421 0.0373 0.3971 0.4356 0.0000 -0.0001 0.0001 0.0000 0.0000 0.0000 0.0000 -0.0006 0.0003 0.0000 -0.0001 0.0001 0.0000 0.0000 0.0000 0.0000 0.0000 0.0000 0.0000 0.0007 0.0001 0.0000 -0.0012 0.0001 0.0000 -0.0008 0.0003 0.0000 0.0001 0.0000 0.0000 0.0000 0.0000 0.0000 -0.0009 0.0000 0.0000 0.0002 -29.9996 -0.0001 -0.0003 29.9996 0.0000 0.0000 0.0000 -2.7135 0.9939 175.9336 -0.0820 -13.7351 0.0926 -1.3801 75.0002 2.5709 0.0000 25.4132 0.0000 2.7364 -15.0184 170.7353 -0.0338 -37.0379 -0.0714 62.0847 75.7108 42.0910 0.0000 25.3508 -0.0001 
-3.5926 91.3212 -23.3608 2.6300 -3.8735 1.1842 0.4356 1.8750 -0.8259 0.4357 1.8757 -0.8261 0.4369 1.8807 -0.8283 -11.6547 86.3779 -115.0605 70.8788 77.1215 66.2078 0.1363 -1.9446 1.6557 -0.0029 0.5035 -0.3405 0.0000 0.0000 0.0001 0.0000 0.0000 0.0000 0.0000 -0.0013 -0.0008 0.0000 -0.0004 0.0001 0.0000 0.0000 0.0000 0.0000 0.0000 0.0000 0.0000 0.0002 0.0000 0.0000 -0.0006 0.0003 0.0000 0.0004 -0.0006 0.0000 0.0000 0.0001 0.0000 0.0000 0.0000 0.0000 -0.0010 -0.0002 0.0000 0.0002 30.0001 -0.0001 0.0005 -29.9998 0.0000 0.0000 0.0000 -3.0014 2.3229 -0.9341 -3.0014 2.3229 -0.9341 18.1937 87.0867 128.2686 -65.2632 74.9745 -59.3049 6.4517 3.2308 -7.4146 0.0374 0.3969 0.4267 0.0000 -0.0001 0.0001 0.0000 0.0000 0.0000 0.0000 -0.0006 0.0003 0.0000 -0.0001 0.0001 0.0000 0.0000 0.0000 0.0000 0.0000 0.0000 0.0000 0.0007 0.0001 0.0000 -0.0012 0.0001 0.0000 -0.0008 0.0003 0.0000 0.0001 0.0000 0.0000 0.0000 0.0000 0.0000 -0.0009 0.0000 0.0000 0.0002 -29.9996 -0.0001 -0.0003 29.9996 0.0000 0.0000 0.0000 -2.7072 1.1101 176.0462 -0.0764 -13.8590 0.0920 -1.0396 75.0920 2.6680 0.0000 25.3943 0.0000 1.7311 -15.8239 170.7368 -0.0353 -37.1816 -0.0708 62.4581 75.6507 43.3968 0.0000 25.3508 -0.0001 
-3.5127 91.3268 -23.2430 2.9301 -4.0071 1.0362 0.3759 1.9023 -0.7897 0.3760 1.9030 -0.7900 0.3770 1.9081 -0.7921 -9.7648 86.2408 -113.1072 70.4901 77.3351 65.4947 0.0930 -1.9861 1.5479 -0.0025 0.5060 -0.3361 0.0000 0.0000 0.0001 0.0000 0.0000 0.0000 0.0000 -0.0013 -0.0008 0.0000 -0.0004 0.0001 0.0000 0.0000 0.0000 0.0000 0.0000 0.0000 0.0000 0.0002 0.0000 0.0000 -0.0006 0.0003 0.0000 0.0004 -0.0006 0.0000 0.0000 0.0001 0.0000 0.0000 0.0000 0.0000 -0.0010 -0.0002 0.0000 0.0002 30.0001 -0.0001 0.0005 -29.9998 0.0000 0.0000 0.0000 -3.0584 2.4036 -0.9058 -3.0584 2.4036 -0.9058 18.8484 87.0484 128.9796 -64.4067 75.1875 -58.0308 6.4262 3.2886 -7.4985 0.0376 0.3957 0.4181 0.0000 0.0000 0.0001 0.0000 0.0000 0.0000 0.0000 -0.0006 0.0003 0.0000 -0.0001 0.0001 0.0000 0.0000 0.0000 0.0000 0.0000 0.0000 0.0000 0.0007 0.0001 0.0000 -0.0012 0.0001 0.0000 -0.0008 0.0003 0.0000 0.0001 0.0000 0.0000 0.0000 0.0000 0.0000 -0.0009 0.0000 0.0000 0.0002 -29.9996 -0.0001 -0.0003 29.9996 0.0000 0.0000 0.0000 -2.7441 1.2145 176.1485 -0.0720 -14.0499 0.0916 -0.7313 75.2104 2.7707 0.0000 25.3979 0.0000 0.6234 -16.5757 170.8188 -0.0240 -37.0899 -0.0747 62.2199 75.5386 44.2277 0.0000 25.3508 -0.0001 
-3.4383 91.3270 -23.1038 3.2264 -4.1558 0.8990 0.3192 1.9406 -0.7569 0.3193 1.9413 -0.7571 0.3202 1.9465 -0.7591 -8.0071 86.0874 -111.3024 70.0897 77.5009 64.7678 0.0445 -1.9779 1.5221 -0.0024 0.5081 -0.3329 0.0000 0.0000 0.0001 0.0000 0.0000 0.0000 0.0000 -0.0013 -0.0008 0.0000 -0.0004 0.0001 0.0000 0.0000 0.0000 0.0000 0.0000 0.0000 0.0000 0.0002 0.0000 0.0000 -0.0006 0.0003 0.0000 0.0004 -0.0006 0.0000 0.0000 0.0001 0.0000 0.0000 0.0000 0.0000 -0.0010 -0.0002 0.0000 0.0002 30.0001 -0.0001 0.0005 -29.9998 0.0000 0.0000 0.0000 -3.1123 2.4679 -0.8466 -3.1123 2.4679 -0.8466 19.6625 87.0053 129.8386 -63.4267 75.4214 -56.6360 6.3987 3.3539 -7.5961 0.0378 0.3942 0.4100 0.0000 -0.0001 0.0001 0.0000 0.0000 0.0000 0.0000 -0.0006 0.0003 0.0000 -0.0001 0.0001 0.0000 0.0000 0.0000 0.0000 0.0000 0.0000 0.0000 0.0007 0.0001 0.0000 -0.0012 0.0001 0.0000 -0.0008 0.0003 0.0000 0.0001 0.0000 0.0000 0.0000 0.0000 0.0000 -0.0009 0.0000 0.0000 0.0002 -29.9996 -0.0001 -0.0003 29.9996 0.0000 0.0000 0.0000 -2.8211 1.3249 176.2356 -0.0683 -14.2812 0.0913 -0.4677 75.3539 2.8767 0.0000 25.4129 0.0000 -0.5757 -17.3063 170.9535 -0.0140 -36.8222 -0.0780 61.3849 75.3681 44.5772 0.0000 25.3508 -0.0001 
-3.3819 91.3202 -22.9216 3.4942 -4.3193 0.7839 0.2705 1.9885 -0.7273 0.2706 1.9892 -0.7276 0.2713 1.9945 -0.7295 -6.5268 85.9217 -109.8047 69.7833 77.5801 64.1420 -0.0182 -1.9176 1.5958 -0.0029 0.5096 -0.3312 0.0000 0.0000 0.0001 0.0000 0.0000 0.0000 0.0000 -0.0013 -0.0008 0.0000 -0.0004 0.0001 0.0000 0.0000 0.0000 0.0000 0.0000 0.0000 0.0000 0.0002 0.0000 0.0000 -0.0006 0.0003 0.0000 0.0004 -0.0006 0.0000 0.0000 0.0001 0.0000 0.0000 0.0000 0.0000 -0.0010 -0.0002 0.0000 0.0002 30.0001 -0.0002 0.0005 -29.9998 0.0000 0.0000 0.0000 -3.1596 2.5161 -0.7439 -3.1596 2.5161 -0.7439 20.4117 86.9593 130.6073 -62.2596 75.7019 -55.0516 6.3477 3.4234 -7.7133 0.0381 0.3930 0.4025 0.0000 -0.0001 0.0001 0.0000 0.0000 0.0000 0.0000 -0.0006 0.0003 0.0000 -0.0001 0.0001 0.0000 0.0000 0.0000 0.0000 0.0000 0.0000 0.0000 0.0007 0.0001 0.0000 -0.0012 0.0001 0.0000 -0.0008 0.0003 0.0000 0.0001 0.0000 0.0000 0.0000 0.0000 0.0000 -0.0009 0.0000 0.0000 0.0002 -29.9996 -0.0001 -0.0003 29.9996 0.0000 0.0000 0.0000 -2.9289 1.4724 176.3034 -0.0658 -14.5222 0.0911 -0.2600 75.5248 2.9853 0.0000 25.4476 0.0000 -1.8957 -18.0344 171.1366 -0.0150 -36.3522 -0.0778 59.5881 75.1228 44.1238 0.0000 25.3508 -0.0001 
-3.3491 91.3092 -22.6992 3.7235 -4.4860 0.6886 0.2303 2.0366 -0.6995 0.2304 2.0374 -0.6997 0.2310 2.0428 -0.7015 -5.4088 85.7728 -108.6836 69.5422 77.5996 63.5917 -0.0844 -1.8245 1.7500 -0.0039 0.5107 -0.3301 0.0000 0.0000 0.0001 0.0000 0.0000 0.0000 0.0000 -0.0013 -0.0008 0.0000 -0.0004 0.0001 0.0000 0.0000 0.0000 0.0000 0.0000 0.0000 0.0000 0.0002 0.0000 0.0000 -0.0006 0.0003 0.0000 0.0004 -0.0006 0.0000 0.0000 0.0001 0.0000 0.0000 0.0000 0.0000 -0.0010 -0.0002 0.0000 0.0002 30.0001 -0.0001 0.0005 -29.9998 0.0000 0.0000 0.0000 -3.2010 2.5606 -0.6168 -3.2010 2.5606 -0.6168 21.0637 86.9183 131.2566 -60.8928 76.0152 -53.2735 6.2586 3.4929 -7.8431 0.0384 0.3920 0.3951 0.0000 -0.0001 0.0001 0.0000 0.0000 0.0000 0.0000 -0.0006 0.0003 0.0000 -0.0001 0.0001 0.0000 0.0000 0.0000 0.0000 0.0000 0.0000 0.0000 0.0007 0.0001 0.0000 -0.0011 0.0001 0.0000 -0.0008 0.0003 0.0000 0.0001 0.0000 0.0000 0.0000 0.0000 0.0000 -0.0009 0.0000 0.0000 0.0002 -29.9996 -0.0001 -0.0003 29.9996 0.0000 0.0000 0.0000 -3.0275 1.6708 176.3649 -0.0628 -14.7265 0.0909 -0.1043 75.7094 3.0624 0.0000 25.4906 0.0000 -3.3420 -18.7562 171.3723 -0.0198 -35.7368 -0.0763 56.9598 74.8720 42.9688 0.0000 25.3508 -0.0001 
-3.3372 91.2948 -22.4388 3.9202 -4.6491 0.6133 0.1967 2.0799 -0.6740 0.1968 2.0807 -0.6742 0.1973 2.0862 -0.6760 -4.6196 85.6473 -107.8969 69.3448 77.5787 63.0933 -0.1461 -1.7104 1.9708 -0.0052 0.5116 -0.3292 0.0000 0.0000 0.0001 0.0000 0.0000 0.0000 0.0000 -0.0013 -0.0008 0.0000 -0.0004 0.0001 0.0000 0.0000 0.0000 0.0000 0.0000 0.0000 0.0000 0.0002 0.0000 0.0000 -0.0006 0.0003 0.0000 0.0004 -0.0006 0.0000 0.0000 0.0001 0.0000 0.0000 0.0000 0.0000 -0.0010 -0.0002 0.0000 0.0002 30.0001 -0.0001 0.0005 -29.9998 0.0000 0.0000 0.0000 -3.2376 2.6092 -0.4752 -3.2376 2.6092 -0.4752 21.7347 86.8871 131.9047 -59.3104 76.3451 -51.2914 6.1301 3.5616 -7.9863 0.0389 0.3922 0.3884 0.0000 -0.0001 0.0001 0.0000 0.0000 0.0000 0.0000 -0.0006 0.0003 0.0000 -0.0001 0.0001 0.0000 0.0000 0.0000 0.0000 0.0000 0.0000 0.0000 0.0007 0.0001 0.0000 -0.0012 0.0001 0.0000 -0.0008 0.0003 0.0000 0.0001 0.0000 0.0000 0.0000 0.0000 0.0000 -0.0009 0.0000 0.0000 0.0002 -29.9996 -0.0001 -0.0003 29.9996 0.0000 0.0000 0.0000 -3.1114 1.9166 176.4214 -0.0579 -14.8857 0.0903 -0.0036 75.9037 3.0921 0.0000 25.5378 0.0000 -4.9309 -19.4533 171.6742 -0.0213 -34.9921 -0.0760 53.7940 74.6234 41.3957 0.0000 25.3508 -0.0001 
-3.3339 91.2764 -22.1354 4.0815 -4.7986 0.5691 0.1693 2.1096 -0.6541 0.1694 2.1104 -0.6543 0.1698 2.1160 -0.6560 -4.2689 85.5660 -107.5382 69.1273 77.5330 62.5840 -0.1829 -1.5783 2.2672 -0.0068 0.5116 -0.3275 0.0000 0.0000 0.0001 0.0000 0.0000 0.0000 0.0000 -0.0013 -0.0008 0.0000 -0.0004 0.0001 0.0000 0.0000 0.0000 0.0000 0.0000 0.0000 0.0000 0.0002 0.0000 0.0000 -0.0006 0.0003 0.0000 0.0004 -0.0006 0.0000 0.0000 0.0001 0.0000 0.0000 0.0000 0.0000 -0.0010 -0.0002 0.0000 0.0002 30.0001 -0.0001 0.0005 -29.9998 0.0000 0.0000 0.0000 -3.2688 2.6733 -0.3240 -3.2688 2.6733 -0.3240 22.5557 86.8757 132.6684 -57.4329 76.6845 -49.0047 5.9586 3.6427 -8.1843 0.0396 0.3928 0.3810 0.0000 -0.0001 0.0001 0.0000 0.0000 0.0000 0.0000 -0.0006 0.0003 0.0000 -0.0001 0.0001 0.0000 0.0000 0.0000 0.0000 0.0000 0.0000 0.0000 0.0007 0.0001 0.0000 -0.0011 0.0001 0.0000 -0.0008 0.0003 0.0000 0.0001 0.0000 0.0000 0.0000 0.0000 0.0000 -0.0008 0.0000 0.0000 0.0002 -29.9996 -0.0001 -0.0003 29.9996 0.0000 0.0000 0.0000 -3.1056 2.2155 176.4692 -0.0508 -14.9861 0.0894 0.1476 76.1103 3.1048 0.0000 25.5710 0.0000 -6.7109 -20.0943 172.0634 -0.0167 -34.0687 -0.0776 49.9685 74.3846 39.2916 0.0000 25.3508 -0.0001 
-3.3107 91.2546 -21.8317 4.2325 -4.9295 0.5531 0.1413 2.1244 -0.6413 0.1414 2.1253 -0.6415 0.1417 2.1309 -0.6432 -4.2755 85.5257 -107.5151 68.7796 77.4989 61.9510 -0.1756 -1.4383 2.6096 -0.0087 0.5122 -0.3254 0.0000 0.0000 0.0001 0.0000 0.0000 0.0000 0.0000 -0.0013 -0.0008 0.0000 -0.0004 0.0001 0.0000 0.0000 0.0000 0.0000 0.0000 0.0000 0.0000 0.0002 0.0000 0.0000 -0.0006 0.0003 0.0000 0.0004 -0.0006 0.0000 0.0000 0.0001 0.0000 0.0000 0.0000 0.0000 -0.0010 -0.0002 0.0000 0.0002 30.0001 -0.0001 0.0005 -29.9998 0.0000 0.0000 0.0000 -3.2949 2.7555 -0.1680 -3.2949 2.7555 -0.1680 23.5235 86.8790 133.5582 -55.2681 77.0109 -46.3906 5.7809 3.7595 -8.4816 0.0408 0.3947 0.3743 0.0000 -0.0001 0.0001 0.0000 0.0000 0.0000 0.0000 -0.0006 0.0003 0.0000 -0.0001 0.0001 0.0000 0.0000 0.0000 0.0000 0.0000 0.0000 0.0000 0.0007 0.0001 0.0000 -0.0012 0.0001 0.0000 -0.0008 0.0003 0.0000 0.0001 0.0000 0.0000 0.0000 0.0000 0.0000 -0.0009 0.0000 0.0000 0.0002 -29.9996 -0.0001 -0.0003 29.9996 0.0000 0.0000 0.0000 -3.1107 2.5122 176.4783 -0.0453 -15.0532 0.0887 0.2673 76.3092 3.0977 0.0000 25.5927 0.0000 -8.6678 -20.6852 172.5326 -0.0195 -33.0026 -0.0769 45.3107 74.1019 36.4208 0.0000 25.3508 -0.0001 
-3.2624 91.2322 -21.5495 4.3886 -5.0406 0.5654 0.1080 2.1254 -0.6360 0.1081 2.1262 -0.6362 0.1083 2.1318 -0.6379 -4.6592 85.5256 -107.8402 68.2125 77.4912 61.1006 -0.1175 -1.2881 2.9905 -0.0107 0.5127 -0.3221 0.0000 0.0000 0.0001 0.0000 0.0000 0.0000 0.0000 -0.0013 -0.0008 0.0000 -0.0004 0.0001 0.0000 0.0000 0.0000 0.0000 0.0000 0.0000 0.0000 0.0002 0.0000 0.0000 -0.0006 0.0003 0.0000 0.0004 -0.0006 0.0000 0.0000 0.0001 0.0000 0.0000 0.0000 0.0000 -0.0010 -0.0002 0.0000 0.0002 30.0001 -0.0002 0.0005 -29.9998 0.0000 0.0000 0.0000 -3.3162 2.8516 -0.0183 -3.3162 2.8516 -0.0183 24.6689 86.8998 134.6123 -52.7732 77.3190 -43.3962 5.5987 3.9255 -8.9074 0.0427 0.3968 0.3676 0.0000 -0.0001 0.0001 0.0000 0.0000 0.0000 0.0000 -0.0006 0.0003 0.0000 -0.0001 0.0001 0.0000 0.0000 0.0000 0.0000 0.0000 0.0000 0.0000 0.0007 0.0001 0.0000 -0.0012 0.0001 0.0000 -0.0008 0.0003 0.0000 0.0001 0.0000 0.0000 0.0000 0.0000 0.0000 -0.0009 0.0000 0.0000 0.0002 -29.9996 -0.0001 -0.0003 29.9996 0.0000 0.0000 0.0000 -3.1685 2.7754 176.4373 -0.0414 -15.1095 0.0882 0.3229 76.4894 3.0701 0.0000 25.5949 0.0000 -10.8388 -21.2102 173.0954 -0.0215 -31.8113 -0.0766 39.6547 73.7387 32.6464 0.0000 25.3508 -0.0001 
-3.1820 91.2073 -21.3073 4.5760 -5.1119 0.6295 0.0585 2.1029 -0.6453 0.0585 2.1038 -0.6456 0.0586 2.1093 -0.6472 -5.5708 85.5687 -108.6581 67.2631 77.5258 59.8516 0.0105 -1.1212 3.4231 -0.0131 0.5139 -0.3176 0.0000 0.0000 0.0001 0.0000 0.0000 0.0000 0.0000 -0.0013 -0.0008 0.0000 -0.0004 0.0001 0.0000 0.0000 0.0000 0.0000 0.0000 0.0000 0.0000 0.0002 0.0000 0.0000 -0.0006 0.0003 0.0000 0.0004 -0.0006 0.0000 0.0000 0.0001 0.0000 0.0000 0.0000 0.0000 -0.0010 -0.0002 0.0000 0.0002 30.0001 -0.0001 0.0005 -29.9998 0.0000 0.0000 0.0000 -3.3264 2.9640 0.1174 -3.3264 2.9640 0.1174 26.1296 86.9542 135.9614 -49.6737 77.6331 -39.7136 5.3827 4.1773 -9.5898 0.0458 0.3997 0.3619 0.0000 -0.0001 0.0001 0.0000 0.0000 0.0000 0.0000 -0.0006 0.0003 0.0000 -0.0001 0.0001 0.0000 0.0000 0.0000 0.0000 0.0000 0.0000 0.0000 0.0007 0.0001 0.0000 -0.0012 0.0001 0.0000 -0.0008 0.0003 0.0000 0.0001 0.0000 0.0000 0.0000 0.0000 0.0000 -0.0009 0.0000 0.0000 0.0002 -29.9996 -0.0001 -0.0003 29.9996 0.0000 0.0000 0.0000 -3.3434 2.9554 176.3080 -0.0370 -15.1725 0.0877 0.2657 76.6366 3.0211 0.0000 25.5875 0.0000 -13.2810 -21.6433 173.7602 -0.0186 -30.4220 -0.0776 32.6290 73.1663 27.6393 0.0000 25.3508 -0.0001 
-3.0870 91.1753 -21.0761 4.7919 -5.1415 0.7399 -0.0035 2.0618 -0.6668 -0.0035 2.0626 -0.6670 -0.0036 2.0681 -0.6688 -6.8524 85.6333 -109.8263 65.9570 77.5843 58.2075 0.1973 -0.9278 3.9398 -0.0159 0.5151 -0.3118 0.0000 0.0000 0.0001 0.0000 0.0000 0.0000 0.0000 -0.0013 -0.0008 0.0000 -0.0004 0.0001 0.0000 0.0000 0.0000 0.0000 0.0000 0.0000 0.0000 0.0002 0.0000 0.0000 -0.0006 0.0003 0.0000 0.0004 -0.0006 0.0000 0.0000 0.0001 0.0000 0.0000 0.0000 0.0000 -0.0010 -0.0002 0.0000 0.0002 30.0001 -0.0001 0.0005 -29.9998 0.0000 0.0000 0.0000 -3.3259 3.0782 0.2413 -3.3259 3.0782 0.2413 27.5539 87.0385 137.2722 -45.8522 77.9628 -35.2096 5.0992 4.5329 -10.5779 0.0503 0.4028 0.3579 0.0000 -0.0001 0.0001 0.0000 0.0000 0.0000 0.0000 -0.0006 0.0003 0.0000 -0.0001 0.0001 0.0000 0.0000 0.0000 0.0000 0.0000 0.0000 0.0000 0.0007 0.0001 0.0000 -0.0012 0.0001 0.0000 -0.0008 0.0003 0.0000 0.0001 0.0000 0.0000 0.0000 0.0000 0.0000 -0.0009 0.0000 0.0000 0.0002 -29.9996 -0.0001 -0.0003 29.9996 0.0000 0.0000 0.0000 -3.6010 3.0591 176.1104 -0.0342 -15.2664 0.0873 0.1527 76.7794 2.9781 0.0000 25.5884 0.0000 -15.2012 -21.9251 174.4151 0.0935 -28.8924 -0.1067 26.0518 72.2357 22.6723 0.0000 25.3508 -0.0001 
-2.9885 91.1325 -20.8327 5.0272 -5.1414 0.8796 -0.0739 2.0094 -0.6937 -0.0739 2.0101 -0.6940 -0.0742 2.0155 -0.6958 -8.3869 85.7069 -111.2445 64.3850 77.6445 56.2471 0.4323 -0.7026 4.5766 -0.0193 0.5173 -0.3061 0.0000 0.0000 0.0001 0.0000 0.0000 0.0000 0.0000 -0.0013 -0.0008 0.0000 -0.0004 0.0001 0.0000 0.0000 0.0000 0.0000 0.0000 0.0000 0.0000 0.0002 0.0000 0.0000 -0.0006 0.0003 0.0000 0.0004 -0.0006 0.0000 0.0000 0.0001 0.0000 0.0000 0.0000 0.0000 -0.0010 -0.0002 0.0000 0.0002 30.0001 -0.0001 0.0005 -29.9998 0.0000 0.0000 0.0000 -3.3137 3.1827 0.3541 -3.3137 3.1827 0.3541 28.6988 87.1472 138.3140 -41.2776 78.2661 -29.8356 4.7441 5.0177 -11.9007 0.0565 0.4061 0.3560 0.0000 -0.0001 0.0001 0.0000 0.0000 0.0000 0.0000 -0.0006 0.0003 0.0000 -0.0001 0.0001 0.0000 0.0000 0.0000 0.0000 0.0000 0.0000 0.0000 0.0007 0.0001 0.0000 -0.0012 0.0001 0.0000 -0.0008 0.0003 0.0000 0.0001 0.0000 0.0000 0.0000 0.0000 0.0000 -0.0009 0.0000 0.0000 0.0002 -29.9996 -0.0001 -0.0003 29.9996 0.0000 0.0000 0.0000 -3.8897 3.1246 175.8769 -0.0341 -15.3787 0.0873 0.0531 76.9301 2.9631 0.0000 25.6307 0.0000 -16.6375 -22.0967 175.0426 0.2335 -27.2635 -0.1392 20.0723 70.9134 17.9034 0.0000 25.3508 -0.0001 
-2.9142 91.0749 -20.5314 5.2871 -5.1019 1.0540 -0.1550 1.9466 -0.7244 -0.1551 1.9473 -0.7246 -0.1555 1.9525 -0.7266 -10.0575 85.7813 -112.8279 62.4949 77.6827 53.8606 0.7068 -0.3893 5.4758 -0.0240 0.5191 -0.3008 0.0000 0.0000 0.0001 0.0000 0.0000 0.0000 0.0000 -0.0013 -0.0008 0.0000 -0.0004 0.0001 0.0000 0.0000 0.0000 0.0000 0.0000 0.0000 0.0000 0.0002 0.0000 0.0000 -0.0006 0.0003 0.0000 0.0004 -0.0006 0.0000 0.0000 0.0001 0.0000 0.0000 0.0000 0.0000 -0.0010 -0.0002 0.0000 0.0002 30.0001 -0.0001 0.0005 -29.9998 0.0000 0.0000 0.0000 -3.2803 3.2531 0.4537 -3.2804 3.2531 0.4537 28.9995 87.2881 138.5424 -35.7746 78.4958 -23.3662 4.2808 5.7315 -13.7544 0.0655 0.4096 0.3582 0.0000 -0.0001 0.0001 0.0000 0.0000 0.0000 0.0000 -0.0006 0.0003 0.0000 -0.0001 0.0001 0.0000 0.0000 0.0000 0.0000 0.0000 0.0000 0.0000 0.0007 0.0001 0.0000 -0.0012 0.0001 0.0000 -0.0008 0.0003 0.0000 0.0001 0.0000 0.0000 0.0000 0.0000 0.0000 -0.0009 0.0000 0.0000 0.0002 -29.9996 -0.0001 -0.0003 29.9996 0.0000 0.0000 0.0000 -4.1563 3.1687 175.6327 -0.0331 -15.5259 0.0873 0.0147 77.1284 2.9588 0.0000 25.7010 0.0000 -17.7273 -22.1695 175.6416 0.3582 -25.5344 -0.1636 14.4412 69.1389 13.1947 0.0000 25.3508 -0.0001 
-2.8775 91.0085 -20.1604 5.5728 -5.0511 1.2485 -0.2423 1.8871 -0.7564 -0.2424 1.8877 -0.7566 -0.2431 1.8928 -0.7586 -11.5819 85.8432 -114.3018 60.3616 77.6724 51.1165 0.9591 0.0464 6.6817 -0.0304 0.5209 -0.2976 0.0000 0.0000 0.0001 0.0000 0.0000 0.0000 0.0000 -0.0013 -0.0008 0.0000 -0.0004 0.0001 0.0000 0.0000 0.0000 0.0000 0.0000 0.0000 0.0000 0.0002 0.0000 0.0000 -0.0006 0.0003 0.0000 0.0004 -0.0006 0.0000 0.0000 0.0001 0.0000 0.0000 0.0000 0.0000 -0.0010 -0.0002 0.0000 0.0002 30.0001 -0.0001 0.0005 -29.9998 0.0000 0.0000 0.0000 -3.2334 3.2771 0.5520 -3.2334 3.2771 0.5520 28.4671 87.4286 137.9762 -29.7333 78.5638 -16.2518 3.7278 6.6553 -16.0171 0.0770 0.4133 0.3653 0.0000 -0.0001 0.0001 0.0000 0.0000 0.0000 0.0000 -0.0006 0.0003 0.0000 -0.0001 0.0001 0.0000 0.0000 0.0000 0.0000 0.0000 0.0000 0.0000 0.0007 0.0001 0.0000 -0.0012 0.0001 0.0000 -0.0008 0.0003 0.0000 0.0001 0.0000 0.0000 0.0000 0.0000 0.0000 -0.0009 0.0000 0.0000 0.0002 -29.9997 -0.0001 -0.0003 29.9996 0.0000 0.0000 0.0000 -4.3680 3.2450 175.4116 -0.0268 -15.6834 0.0864 0.0467 77.3833 2.9351 0.0000 25.7464 0.0000 -18.3819 -22.1443 176.1575 0.4654 -23.7974 -0.1804 9.6762 67.0646 9.0580 0.0000 25.3508 -0.0001 
-2.8636 90.9355 -19.7411 5.8856 -4.9993 1.4548 -0.3335 1.8325 -0.7909 -0.3336 1.8332 -0.7911 -0.3345 1.8381 -0.7933 -12.8861 85.9005 -115.5844 58.0461 77.5976 48.0941 1.1718 0.6136 8.1913 -0.0385 0.5227 -0.2969 0.0000 0.0000 0.0001 0.0000 0.0000 0.0000 0.0000 -0.0013 -0.0008 0.0000 -0.0004 0.0001 0.0000 0.0000 0.0000 0.0000 0.0000 0.0000 0.0000 0.0003 0.0000 0.0000 -0.0006 0.0003 0.0000 0.0004 -0.0006 0.0000 0.0000 0.0001 0.0000 0.0000 0.0000 0.0000 -0.0010 -0.0002 0.0000 0.0003 30.0001 -0.0001 0.0005 -29.9998 0.0000 0.0000 0.0000 -3.1775 3.2579 0.6566 -3.1775 3.2579 0.6566 251.6389 90.0000 0.0000 -23.6228 78.4318 -8.9966 3.1003 7.7683 -18.6006 0.0909 0.4165 0.3765 0.0000 -0.0001 0.0001 0.0000 0.0000 0.0000 0.0000 -0.0006 0.0003 0.0000 -0.0001 0.0001 0.0000 0.0000 0.0000 0.0000 0.0000 0.0000 0.0000 0.0007 0.0001 0.0000 -0.0012 0.0001 0.0000 -0.0008 0.0003 0.0000 0.0001 0.0000 0.0000 0.0000 0.0000 0.0000 -0.0009 0.0000 0.0000 0.0002 -29.9996 -0.0001 -0.0003 29.9996 0.0000 0.0000 0.0000 -4.5109 3.3518 175.2157 -0.0174 -15.8526 0.0852 0.1886 77.6844 2.9159 0.0000 25.7589 0.0000 -18.6027 -22.0081 176.5320 0.5408 -22.1245 -0.1881 5.9327 64.8967 5.6730 0.0000 25.3508 -0.0001 
-2.8438 90.8496 -19.2826 6.2476 -4.9688 1.6585 -0.4273 1.7852 -0.8249 -0.4275 1.7858 -0.8252 -0.4287 1.7906 -0.8274 -13.8788 85.9712 -116.5804 55.5853 77.3873 44.8118 1.3086 1.3990 10.1522 -0.0493 0.5253 -0.3000 0.0000 0.0000 0.0001 0.0000 0.0000 0.0000 0.0000 -0.0013 -0.0008 0.0000 -0.0004 0.0001 0.0000 0.0000 0.0000 0.0000 0.0000 0.0000 0.0000 0.0002 0.0000 0.0000 -0.0006 0.0003 0.0000 0.0004 -0.0006 0.0000 0.0000 0.0001 0.0000 0.0000 0.0000 0.0000 -0.0010 -0.0002 0.0000 0.0002 30.0001 -0.0001 0.0005 -29.9998 0.0000 0.0000 0.0000 -3.1183 3.1883 0.7748 -3.1183 3.1883 0.7748 251.4779 90.0000 0.0000 -18.2687 78.0529 -2.4174 2.4332 9.1525 -21.5826 0.1079 0.4198 0.3930 0.0000 -0.0001 0.0001 0.0000 0.0000 0.0000 0.0000 -0.0006 0.0003 0.0000 -0.0001 0.0001 0.0000 0.0000 0.0000 0.0000 0.0000 0.0000 0.0000 0.0007 0.0001 0.0000 -0.0012 0.0001 0.0000 -0.0008 0.0003 0.0000 0.0001 0.0000 0.0000 0.0000 0.0000 0.0000 -0.0009 0.0000 0.0000 0.0002 -29.9996 -0.0001 -0.0003 29.9996 0.0000 0.0000 0.0000 -4.5533 3.5110 175.0493 -0.0093 -16.0324 0.0841 0.6139 78.0315 3.0188 0.0000 25.7737 0.0000 -18.3018 -21.6750 176.6575 0.5734 -20.6678 -0.1869 3.0925 62.7734 2.8236 0.0000 25.3508 -0.0001 
-2.7930 90.7507 -18.8242 6.6517 -4.9659 1.8483 -0.5219 1.7397 -0.8547 -0.5221 1.7402 -0.8550 -0.5235 1.7449 -0.8573 -14.6507 86.0586 -117.3615 53.1459 77.0177 41.4665 1.4153 2.3741 12.4699 -0.0626 0.5297 -0.3060 0.0000 0.0000 0.0001 0.0000 0.0000 0.0000 0.0000 -0.0013 -0.0008 0.0000 -0.0004 0.0001 0.0000 0.0000 0.0000 0.0000 0.0000 0.0000 0.0000 0.0003 0.0000 0.0000 -0.0006 0.0003 0.0000 0.0004 -0.0006 0.0000 0.0000 0.0001 0.0000 0.0000 0.0000 0.0000 -0.0010 -0.0002 0.0000 0.0002 30.0001 -0.0001 0.0005 -29.9998 0.0000 0.0000 0.0000 -3.0634 3.0974 0.9032 -3.0634 3.0974 0.9032 251.2962 90.0000 0.0000 -14.2641 77.4925 2.8215 1.7505 10.6766 -24.8042 0.1282 0.4257 0.4145 0.0000 -0.0001 0.0001 0.0000 0.0000 0.0000 0.0000 -0.0006 0.0003 0.0000 -0.0001 0.0001 0.0000 0.0000 0.0000 0.0000 0.0000 0.0000 0.0000 0.0007 0.0001 0.0000 -0.0012 0.0001 0.0000 -0.0008 0.0003 0.0000 0.0001 0.0000 0.0000 0.0000 0.0000 0.0000 -0.0009 0.0000 0.0000 0.0002 -29.9996 -0.0001 -0.0003 29.9996 0.0000 0.0000 0.0000 -4.5552 3.6815 174.8909 -0.0040 -16.2563 0.0833 1.2931 78.4116 3.2917 0.0000 25.8051 0.0000 -17.5300 -21.2376 176.5885 0.5928 -19.4332 -0.1839 1.0440 60.7505 0.3100 0.0000 25.3508 -0.0001 
-2.7193 90.6418 -18.3663 7.0861 -4.9850 2.0240 -0.6138 1.6921 -0.8781 -0.6140 1.6927 -0.8784 -0.6157 1.6973 -0.8808 -15.2647 86.1590 -117.9786 50.8094 76.5001 38.1533 1.5444 3.5035 15.0955 -0.0783 0.5364 -0.3144 0.0000 0.0000 0.0001 0.0000 0.0000 0.0000 0.0000 -0.0013 -0.0008 0.0000 -0.0004 0.0001 0.0000 0.0000 0.0000 0.0000 0.0000 0.0000 0.0000 0.0002 0.0000 0.0000 -0.0006 0.0003 0.0000 0.0004 -0.0006 0.0000 0.0000 0.0001 0.0000 0.0000 0.0000 0.0000 -0.0010 -0.0002 0.0000 0.0002 30.0001 -0.0001 0.0005 -29.9998 0.0000 0.0000 0.0000 -3.0175 3.0005 1.0380 -3.0175 3.0005 1.0380 251.0993 90.0000 0.0000 -11.5745 76.8427 6.7244 1.0250 12.2131 -28.2080 0.1515 0.4347 0.4400 0.0000 -0.0001 0.0001 0.0000 0.0000 0.0000 0.0000 -0.0006 0.0003 0.0000 -0.0001 0.0001 0.0000 0.0000 0.0000 0.0000 0.0000 0.0000 0.0000 0.0007 0.0001 0.0000 -0.0011 0.0001 0.0000 -0.0008 0.0003 0.0000 0.0001 0.0000 0.0000 0.0000 0.0000 0.0000 -0.0009 0.0000 0.0000 0.0002 -29.9996 -0.0001 -0.0003 29.9996 0.0000 0.0000 0.0000 -4.5526 3.8462 174.7381 0.0015 -16.5395 0.0825 2.1413 78.8285 3.7019 0.0000 25.8294 0.0000 -16.4291 -20.7308 176.3920 0.6178 -18.3743 -0.1823 0.3839 59.1255 -1.1949 0.0000 25.3508 -0.0001 
-2.6185 90.5255 -17.9090 7.5354 -5.0287 2.1622 -0.6908 1.6378 -0.8813 -0.6910 1.6383 -0.8816 -0.6929 1.6427 -0.8840 -15.6899 86.2670 -118.3733 48.5772 75.8119 34.8452 1.8244 4.7870 18.1724 -0.0979 0.5474 -0.3259 0.0000 0.0000 0.0001 0.0000 0.0000 0.0000 0.0000 -0.0013 -0.0008 0.0000 -0.0004 0.0001 0.0000 0.0000 0.0000 0.0000 0.0000 0.0000 0.0000 0.0002 0.0000 0.0000 -0.0006 0.0003 0.0000 0.0004 -0.0006 0.0000 0.0000 0.0001 0.0000 0.0000 0.0000 0.0000 -0.0010 -0.0002 0.0000 0.0002 30.0001 -0.0002 0.0005 -29.9998 0.0000 0.0000 0.0000 -2.9923 2.9128 1.1713 -2.9923 2.9128 1.1713 250.8601 90.0000 0.0000 -10.3974 76.1793 9.0599 0.2081 13.5784 -31.8336 0.1796 0.4516 0.4715 0.0000 -0.0001 0.0001 0.0000 0.0000 0.0000 0.0000 -0.0006 0.0003 0.0000 -0.0001 0.0001 0.0000 0.0000 0.0000 0.0000 0.0000 0.0000 0.0000 0.0007 0.0001 0.0000 -0.0011 0.0001 0.0000 -0.0008 0.0003 0.0000 0.0001 0.0000 0.0000 0.0000 0.0000 0.0000 -0.0009 0.0000 0.0000 0.0002 -29.9996 -0.0001 -0.0003 29.9996 0.0000 0.0000 0.0000 -4.5828 4.0112 174.6012 0.0091 -16.8747 0.0814 3.0933 79.2772 4.2402 0.0000 25.8571 0.0000 -15.1170 -20.0798 176.0464 0.6387 -17.5798 -0.1811 1.3099 58.3158 -1.3564 0.0000 25.3508 -0.0001 
-2.4905 90.4165 -17.4498 7.9581 -5.0801 2.2573 -0.7516 1.5764 -0.8637 -0.7518 1.5769 -0.8639 -0.7539 1.5811 -0.8663 -15.7180 86.3728 -118.3538 46.5440 75.0224 31.6589 2.3754 6.0778 21.6127 -0.1213 0.5634 -0.3399 0.0000 0.0000 0.0001 0.0000 0.0000 0.0000 0.0000 -0.0013 -0.0008 0.0000 -0.0004 0.0001 0.0000 0.0000 0.0000 0.0000 0.0000 0.0000 0.0000 0.0002 0.0000 0.0000 -0.0006 0.0003 0.0000 0.0004 -0.0006 0.0000 0.0000 0.0001 0.0000 0.0000 0.0000 0.0000 -0.0010 -0.0002 0.0000 0.0002 30.0001 -0.0001 0.0005 -29.9998 0.0000 0.0000 0.0000 -2.9748 2.8426 1.2980 -2.9748 2.8426 1.2980 250.5840 90.0000 0.0000 -10.1803 75.5304 10.3700 -0.7917 14.6857 -35.6206 0.2135 0.4782 0.5096 0.0000 -0.0001 0.0001 0.0000 0.0000 0.0000 0.0000 -0.0006 0.0003 0.0000 -0.0001 0.0001 0.0000 0.0000 0.0000 0.0000 0.0000 0.0000 0.0000 0.0007 0.0001 0.0000 -0.0012 0.0001 0.0000 -0.0008 0.0003 0.0000 0.0001 0.0000 0.0000 0.0000 0.0000 0.0000 -0.0009 0.0000 0.0000 0.0002 -29.9996 -0.0001 -0.0003 29.9996 0.0000 0.0000 0.0000 -4.6926 4.1890 174.4718 0.0169 -17.2000 0.0802 3.9816 79.7171 4.8221 0.0000 25.8667 0.0000 -13.6600 -19.2373 175.5717 0.6132 -16.9534 -0.1738 3.3733 58.1367 -0.7123 0.0000 25.3508 -0.0001 
-2.3303 90.3117 -16.9771 8.3332 -5.1369 2.2932 -0.7893 1.5146 -0.8186 -0.7895 1.5150 -0.8188 -0.7917 1.5191 -0.8211 -15.3277 86.4632 -117.8880 44.7707 74.1690 28.6575 3.1429 7.3113 25.2308 -0.1477 0.5831 -0.3538 0.0000 0.0000 0.0001 0.0000 0.0000 0.0000 0.0000 -0.0013 -0.0008 0.0000 -0.0004 0.0001 0.0000 0.0000 0.0000 0.0000 0.0000 0.0000 0.0000 0.0002 0.0000 0.0000 -0.0006 0.0003 0.0000 0.0004 -0.0006 0.0000 0.0000 0.0001 0.0000 0.0000 0.0000 0.0000 -0.0010 -0.0002 0.0000 0.0002 30.0001 -0.0001 0.0005 -29.9998 0.0000 0.0000 0.0000 -2.9689 2.7845 1.4183 -2.9689 2.7845 1.4183 250.2445 90.0000 0.0000 -10.6288 74.8680 10.9526 -1.9913 15.5283 -39.5221 0.2544 0.5148 0.5549 0.0000 -0.0001 0.0001 0.0000 0.0000 0.0000 0.0000 -0.0006 0.0003 0.0000 -0.0001 0.0001 0.0000 0.0000 0.0000 0.0000 0.0000 0.0000 0.0000 0.0007 0.0001 0.0000 -0.0012 0.0001 0.0000 -0.0008 0.0003 0.0000 0.0001 0.0000 0.0000 0.0000 0.0000 0.0000 -0.0009 0.0000 0.0000 0.0002 -29.9996 -0.0001 -0.0002 29.9996 0.0000 0.0000 0.0000 -4.9231 4.4035 174.3483 0.0208 -17.4756 0.0796 4.6935 80.1268 5.3878 0.0000 25.9458 0.0000 -12.2605 -18.3181 175.1582 0.5693 -16.4322 -0.1646 5.7955 58.1709 0.0494 0.0000 25.0225 -0.0001 
-2.1893 90.2340 -16.4914 8.6041 -5.1666 2.1847 -0.7856 1.4488 -0.7170 -0.7858 1.4492 -0.7172 -0.7880 1.4532 -0.7192 -14.1944 86.5155 -116.6235 43.1642 73.3054 25.7191 4.2217 8.4136 29.1659 -0.1787 0.6077 -0.3699 0.0000 0.0000 0.0001 0.0000 0.0000 0.0000 0.0000 -0.0013 -0.0008 0.0000 -0.0004 0.0001 0.0000 0.0000 0.0000 0.0000 0.0000 0.0000 0.0000 0.0002 0.0000 0.0000 -0.0006 0.0003 0.0000 0.0004 -0.0006 0.0000 0.0000 0.0001 0.0000 0.0000 0.0000 0.0000 -0.0010 -0.0002 0.0000 0.0002 30.0001 -0.0001 0.0005 -29.9998 0.0000 0.0000 0.0000 -2.9783 2.7359 1.5419 -2.9783 2.7359 1.5419 249.7980 90.0000 0.0000 -11.7331 74.1187 10.6876 -3.4912 16.0570 -43.4289 0.3045 0.5650 0.6095 0.0000 -0.0001 0.0001 0.0000 0.0000 0.0000 0.0000 -0.0006 0.0003 0.0000 -0.0001 0.0001 0.0000 0.0000 0.0000 0.0000 0.0000 0.0000 0.0000 0.0007 0.0001 0.0000 -0.0012 0.0001 0.0000 -0.0008 0.0003 0.0000 0.0001 0.0000 0.0000 0.0000 0.0000 0.0000 -0.0009 0.0000 0.0000 0.0002 -29.9996 -0.0001 -0.0003 29.9996 0.0000 0.0000 0.0000 -5.3248 4.6288 174.3305 0.0270 -17.6876 0.0786 4.7424 80.4788 5.5535 0.0000 26.1144 0.0000 -11.0464 -17.5811 175.1432 0.5780 -15.9956 -0.1636 8.1838 58.5156 0.6990 0.0000 25.3508 -0.0001 
-2.1241 90.1919 -15.9946 8.7413 -5.1459 1.9500 -0.7455 1.3742 -0.5692 -0.7457 1.3745 -0.5693 -0.7478 1.3783 -0.5709 -12.3672 86.5561 -114.5952 41.5720 72.5160 22.7444 5.4722 9.4501 33.2636 -0.2136 0.6341 -0.3892 0.0000 0.0000 0.0001 0.0000 0.0000 0.0000 0.0000 -0.0013 -0.0008 0.0000 -0.0004 0.0001 0.0000 0.0000 0.0000 0.0000 0.0000 0.0000 0.0000 0.0002 0.0000 0.0000 -0.0006 0.0003 0.0000 0.0004 -0.0006 0.0000 0.0000 0.0001 0.0000 0.0000 0.0000 0.0000 -0.0010 -0.0002 0.0000 0.0002 30.0001 -0.0001 0.0005 -29.9998 0.0000 0.0000 0.0000 -2.9883 2.6943 1.6689 -2.9883 2.6943 1.6689 249.2897 90.0000 0.0000 -13.2382 73.2488 9.8030 -5.1843 16.4364 -47.2112 0.3644 0.6264 0.6728 0.0000 -0.0001 0.0001 0.0000 0.0000 0.0000 0.0000 -0.0006 0.0003 0.0000 -0.0001 0.0001 0.0000 0.0000 0.0000 0.0000 0.0000 0.0000 0.0000 0.0007 0.0001 0.0000 -0.0012 0.0001 0.0000 -0.0008 0.0003 0.0000 0.0001 0.0000 0.0000 0.0000 0.0000 0.0000 -0.0009 0.0000 0.0000 0.0002 -29.9996 -0.0001 -0.0002 29.9996 0.0000 0.0000 0.0000 -5.7953 4.8032 174.4547 0.0467 -17.9225 0.0754 4.0059 80.8145 5.1388 0.0000 26.2457 0.0000 -10.0257 -16.9987 175.4309 0.6078 -15.6166 -0.1658 9.9662 58.8918 0.9754 0.0000 25.3508 -0.0001 
-2.1126 90.1885 -15.5000 8.7376 -5.0733 1.6458 -0.6795 1.2883 -0.3967 -0.6796 1.2886 -0.3968 -0.6816 1.2922 -0.3979 -9.7709 86.6007 -111.7521 40.0287 71.8057 19.7901 6.8242 10.4657 37.4336 -0.2520 0.6605 -0.4116 0.0000 0.0000 0.0001 0.0000 0.0000 0.0000 0.0000 -0.0013 -0.0008 0.0000 -0.0004 0.0001 0.0000 0.0000 0.0000 0.0000 0.0000 0.0000 0.0000 0.0002 0.0000 0.0000 -0.0006 0.0003 0.0000 0.0004 -0.0006 0.0000 0.0000 0.0001 0.0000 0.0000 0.0000 0.0000 -0.0010 -0.0002 0.0000 0.0002 30.0001 -0.0001 0.0005 -29.9998 0.0000 0.0000 0.0000 -2.9778 2.6537 1.8167 -2.9778 2.6537 1.8167 248.7676 90.0000 0.0000 -15.0555 72.2687 8.3734 -6.9677 16.7857 -50.8581 0.4356 0.6985 0.7449 0.0000 -0.0001 0.0001 0.0000 0.0000 0.0000 0.0000 -0.0006 0.0003 0.0000 -0.0001 0.0001 0.0000 0.0000 0.0000 0.0000 0.0000 0.0000 0.0000 0.0007 0.0001 0.0000 -0.0012 0.0001 0.0000 -0.0008 0.0003 0.0000 0.0001 0.0000 0.0000 0.0000 0.0000 0.0000 -0.0009 0.0000 0.0000 0.0002 -29.9997 -0.0001 -0.0003 29.9996 0.0000 0.0000 0.0000 -6.2565 4.8986 174.6638 0.0722 -18.2245 0.0712 2.7210 81.1525 4.3127 0.0000 26.1968 0.0000 -9.2569 -16.5311 175.8259 0.6151 -15.3452 -0.1653 10.8044 59.2525 0.6779 0.0000 25.3508 -0.0001 
-2.1303 90.1968 -14.9794 8.5098 -4.9070 1.2785 -0.5858 1.1909 -0.2053 -0.5859 1.1911 -0.2053 -0.5876 1.1945 -0.2059 -5.4641 86.6277 -107.1379 38.5793 71.2644 16.9679 8.1921 11.6054 41.5051 -0.2926 0.6827 -0.4398 0.0000 0.0000 0.0001 0.0000 0.0000 0.0000 0.0000 -0.0013 -0.0008 0.0000 -0.0004 0.0001 0.0000 0.0000 0.0000 0.0000 0.0000 0.0000 0.0000 0.0002 0.0000 0.0000 -0.0006 0.0003 0.0000 0.0004 -0.0006 0.0000 0.0000 0.0001 0.0000 0.0000 0.0000 0.0000 -0.0010 -0.0002 0.0000 0.0002 30.0001 -0.0001 0.0005 -29.9998 0.0000 0.0000 0.0000 -2.9223 2.6067 1.9699 -2.9223 2.6067 1.9699 248.3641 90.0000 0.0000 -17.3401 71.0825 6.0750 -8.7578 17.3358 -54.2557 0.5198 0.7795 0.8290 0.0000 -0.0001 0.0001 0.0000 0.0000 0.0000 0.0000 -0.0006 0.0003 0.0000 -0.0001 0.0001 0.0000 0.0000 0.0000 0.0000 0.0000 0.0000 0.0000 0.0007 0.0001 0.0000 -0.0012 0.0001 0.0000 -0.0008 0.0003 0.0000 0.0001 0.0000 0.0000 0.0000 0.0000 0.0000 -0.0009 0.0000 0.0000 0.0002 -29.9996 -0.0001 -0.0003 29.9996 0.0000 0.0000 0.0000 -6.5720 4.9214 174.9537 0.0892 -18.5754 0.0682 1.1651 81.5090 3.2936 0.0000 26.1098 0.0000 -8.7935 -16.3197 176.1684 0.5715 -15.3564 -0.1595 11.0104 59.5404 0.3191 0.0000 25.3508 -0.0001 
-2.1554 90.1839 -14.4646 8.1303 -4.6402 0.8738 -0.4807 1.0810 -0.0091 -0.4808 1.0812 -0.0091 -0.4822 1.0844 -0.0091 -0.1260 86.6454 -101.4667 37.2332 70.7655 14.3658 9.5802 12.9474 45.5098 -0.3363 0.7012 -0.4762 0.0000 0.0000 0.0001 0.0000 0.0000 0.0000 0.0000 -0.0013 -0.0008 0.0000 -0.0004 0.0001 0.0000 0.0000 0.0000 0.0000 0.0000 0.0000 0.0000 0.0002 0.0000 0.0000 -0.0006 0.0003 0.0000 0.0004 -0.0006 0.0000 0.0000 0.0001 0.0000 0.0000 0.0000 0.0000 -0.0010 -0.0002 0.0000 0.0002 30.0001 -0.0001 0.0005 -29.9998 0.0000 0.0000 0.0000 -2.8277 2.5334 2.1548 -2.8277 2.5334 2.1548 -69.8086 87.0705 39.3044 -19.8722 69.7242 3.1935 -10.4551 18.0723 -57.4708 0.6168 0.8657 0.9245 0.0000 -0.0001 0.0001 0.0000 0.0000 0.0000 0.0000 -0.0006 0.0003 0.0000 -0.0001 0.0001 0.0000 0.0000 0.0000 0.0000 0.0000 0.0000 0.0000 0.0007 0.0001 0.0000 -0.0012 0.0001 0.0000 -0.0008 0.0003 0.0000 0.0001 0.0000 0.0000 0.0000 0.0000 0.0000 -0.0008 0.0000 0.0000 0.0002 -29.9996 -0.0001 -0.0003 29.9996 0.0000 0.0000 0.0000 -6.6553 4.9179 175.3180 0.0928 -18.8434 0.0674 -0.1680 81.8329 2.4206 0.0000 26.2387 0.0000 -8.5781 -16.5038 176.5333 0.5361 -15.6669 -0.1562 10.9562 59.9088 0.3278 0.0000 25.3508 -0.0001 
-2.2139 90.1563 -13.9862 7.6662 -4.2971 0.4731 -0.3841 0.9659 0.1729 -0.3841 0.9660 0.1729 -0.3852 0.9689 0.1734 6.1080 86.6145 -94.9162 36.1461 70.2451 12.0630 11.0366 14.4633 49.5618 -0.3844 0.7168 -0.5211 0.0000 0.0000 0.0001 0.0000 0.0000 0.0000 0.0000 -0.0013 -0.0008 0.0000 -0.0004 0.0001 0.0000 0.0000 0.0000 0.0000 0.0000 0.0000 0.0000 0.0002 0.0000 0.0000 -0.0006 0.0003 0.0000 0.0004 -0.0006 0.0000 0.0000 0.0001 0.0000 0.0000 0.0000 0.0000 -0.0010 -0.0002 0.0000 0.0002 30.0001 -0.0001 0.0005 -29.9998 0.0000 0.0000 0.0000 -2.6991 2.4299 2.3649 -2.6991 2.4299 2.3649 -75.1942 86.7497 33.6186 -22.3749 68.2187 0.0485 -12.0728 18.8800 -60.5226 0.7263 0.9560 1.0308 0.0000 -0.0001 0.0001 0.0000 0.0000 0.0000 0.0000 -0.0006 0.0003 0.0000 -0.0001 0.0001 0.0000 0.0000 0.0000 0.0000 0.0000 0.0000 0.0000 0.0007 0.0001 0.0000 -0.0012 0.0001 0.0000 -0.0008 0.0003 0.0000 0.0001 0.0000 0.0000 0.0000 0.0000 0.0000 -0.0009 0.0000 0.0000 0.0002 -29.9997 -0.0001 -0.0003 29.9996 0.0000 0.0000 0.0000 -6.5406 4.9273 175.7367 0.0931 -18.9294 0.0673 -1.2897 82.0669 1.6481 0.0000 26.5955 0.0000 -8.3794 -16.8929 176.8857 0.5051 -16.1211 -0.1540 11.0036 60.2622 0.6722 0.0000 25.3508 -0.0001 
-2.3358 90.1656 -13.5145 7.2135 -3.8960 0.1422 -0.3274 0.8639 0.3037 -0.3274 0.8640 0.3037 -0.3284 0.8666 0.3046 13.1925 86.4859 -87.5730 35.7011 69.6091 10.4529 12.5534 16.1924 53.5631 -0.4372 0.7301 -0.5725 0.0000 0.0000 0.0001 0.0000 0.0000 0.0000 0.0000 -0.0013 -0.0008 0.0000 -0.0004 0.0001 0.0000 0.0000 0.0000 0.0000 0.0000 0.0000 0.0000 0.0002 0.0000 0.0000 -0.0006 0.0003 0.0000 0.0004 -0.0006 0.0000 0.0000 0.0001 0.0000 0.0000 0.0000 0.0000 -0.0010 -0.0002 0.0000 0.0002 30.0001 -0.0001 0.0005 -29.9998 0.0000 0.0000 0.0000 -2.5446 2.2645 2.6222 -2.5446 2.2645 2.6222 -78.6079 86.4965 29.8345 -24.7727 66.6065 -3.2504 -13.6768 19.7266 -63.3776 0.8439 1.0433 1.1460 0.0000 -0.0001 0.0001 0.0000 0.0000 0.0000 0.0000 -0.0006 0.0003 0.0000 -0.0001 0.0001 0.0000 0.0000 0.0000 0.0000 0.0000 0.0000 0.0000 0.0007 0.0001 0.0000 -0.0012 0.0001 0.0000 -0.0008 0.0003 0.0000 0.0001 0.0000 0.0000 0.0000 0.0000 0.0000 -0.0009 0.0000 0.0000 0.0002 -29.9996 -0.0001 -0.0003 29.9996 0.0000 0.0000 0.0000 -6.2959 5.0383 176.1678 0.0968 -18.6833 0.0669 -2.1603 82.1651 0.9736 0.0000 26.8040 0.0000 -8.2805 -16.9943 177.1983 0.4592 -16.4787 -0.1490 11.2550 60.7483 1.3243 0.0000 25.3508 -0.0001 
-2.4718 90.2120 -13.0579 6.9058 -3.4857 -0.1341 -0.3172 0.7899 0.3822 -0.3172 0.7900 0.3822 -0.3181 0.7923 0.3833 19.8714 86.2322 -80.6876 35.9181 68.8047 9.6000 14.1897 17.8344 57.5540 -0.4973 0.7474 -0.6309 0.0000 0.0000 0.0001 0.0000 0.0000 0.0000 0.0000 -0.0013 -0.0008 0.0000 -0.0004 0.0001 0.0000 0.0000 0.0000 0.0000 0.0000 0.0000 0.0000 0.0002 0.0000 0.0000 -0.0006 0.0003 0.0000 0.0004 -0.0006 0.0000 0.0000 0.0001 0.0000 0.0000 0.0000 0.0000 -0.0010 -0.0002 0.0000 0.0002 30.0001 -0.0001 0.0005 -29.9998 0.0000 0.0000 0.0000 -2.4209 2.0444 2.9087 -2.4209 2.0444 2.9087 -79.1833 86.3290 28.8908 -26.6356 64.9341 -6.0829 -15.3959 20.4855 -66.1506 0.9675 1.1247 1.2684 0.0000 -0.0001 0.0001 0.0000 0.0000 0.0000 0.0000 -0.0006 0.0003 0.0000 -0.0001 0.0001 0.0000 0.0000 0.0000 0.0000 0.0000 0.0000 0.0000 0.0007 0.0001 0.0000 -0.0011 0.0001 0.0000 -0.0008 0.0003 0.0000 0.0001 0.0000 0.0000 0.0000 0.0000 0.0000 -0.0009 0.0000 0.0000 0.0002 -29.9996 -0.0001 -0.0003 29.9996 0.0000 0.0000 0.0000 -6.1335 5.2294 176.5605 0.0974 -18.1932 0.0672 -2.8577 82.1443 0.3960 0.0000 26.8366 0.0000 -8.3359 -16.7379 177.5767 0.4364 -16.5693 -0.1460 11.4915 61.3011 1.9153 0.0000 25.3508 -0.0001 
-2.6076 90.2713 -12.6154 6.7606 -3.0999 -0.3789 -0.3436 0.7473 0.4215 -0.3436 0.7474 0.4216 -0.3446 0.7496 0.4228 25.3904 85.8850 -74.9858 36.5937 67.8609 9.3274 15.9441 19.2174 61.5262 -0.5658 0.7707 -0.6961 0.0000 0.0000 0.0001 0.0000 0.0000 0.0000 0.0000 -0.0013 -0.0008 0.0000 -0.0004 0.0001 0.0000 0.0000 0.0000 0.0000 0.0000 0.0000 0.0000 0.0002 0.0000 0.0000 -0.0006 0.0003 0.0000 0.0004 -0.0006 0.0000 0.0000 0.0001 0.0000 0.0000 0.0000 0.0000 -0.0010 -0.0002 0.0000 0.0002 30.0001 -0.0001 0.0005 -29.9998 0.0000 0.0000 0.0000 -2.3462 1.7806 3.2395 -2.3462 1.7806 3.2395 -77.8055 86.2334 29.9374 -27.9635 63.2674 -8.3870 -17.2439 21.1400 -68.8506 1.0949 1.1990 1.3937 0.0000 -0.0001 0.0001 0.0000 0.0000 0.0000 0.0000 -0.0006 0.0003 0.0000 -0.0001 0.0001 0.0000 0.0000 0.0000 0.0000 0.0000 0.0000 0.0000 0.0007 0.0001 0.0000 -0.0012 0.0001 0.0000 -0.0008 0.0003 0.0000 0.0001 0.0000 0.0000 0.0000 0.0000 0.0000 -0.0008 0.0000 0.0000 0.0002 -29.9997 -0.0001 -0.0003 29.9996 0.0000 0.0000 0.0000 -6.0967 5.4407 176.9187 0.0961 -17.6536 0.0679 -3.4678 82.0894 -0.1363 0.0000 26.7526 0.0000 -8.5315 -16.3217 178.0154 0.4350 -16.5159 -0.1456 11.6074 61.8371 2.3028 0.0000 25.3508 -0.0001 
-2.7169 90.3051 -12.3052 6.8456 -2.7900 -0.5806 -0.4104 0.7491 0.4184 -0.4104 0.7492 0.4185 -0.4116 0.7514 0.4197 28.9381 85.4668 -71.3005 37.6784 66.6541 9.5512 17.8502 20.1693 65.4802 -0.6439 0.8046 -0.7618 0.0000 0.0000 0.0001 0.0000 0.0000 0.0000 0.0000 -0.0013 -0.0008 0.0000 -0.0004 0.0001 0.0000 0.0000 0.0000 0.0000 0.0000 0.0000 0.0000 0.0003 0.0000 0.0000 -0.0006 0.0003 0.0000 0.0004 -0.0006 0.0000 0.0000 0.0001 0.0000 0.0000 0.0000 0.0000 -0.0010 -0.0002 0.0000 0.0003 30.0001 -0.0001 0.0005 -29.9998 0.0000 0.0000 0.0000 -2.3682 1.4914 3.5911 -2.3682 1.4914 3.5911 -74.0384 86.2114 33.4221 -28.6916 61.7035 -10.0096 -19.2612 21.7503 -71.3496 1.2137 1.2555 1.5106 0.0000 -0.0001 0.0001 0.0000 0.0000 0.0000 0.0000 -0.0006 0.0003 0.0000 -0.0001 0.0001 0.0000 0.0000 0.0000 0.0000 0.0000 0.0000 0.0000 0.0007 0.0001 0.0000 -0.0012 0.0001 0.0000 -0.0008 0.0003 0.0000 0.0001 0.0000 0.0000 0.0000 0.0000 0.0000 -0.0008 0.0000 0.0000 0.0002 -29.9997 -0.0001 -0.0003 29.9996 0.0000 0.0000 0.0000 -6.2821 5.5221 177.2004 0.0915 -17.3012 0.0689 -4.0003 82.0317 -0.5956 0.0000 26.8245 0.0000 -8.7937 -16.0781 178.4679 0.4440 -16.4487 -0.1467 11.6115 62.1578 2.3390 0.0000 25.3508 -0.0001 
-2.8116 90.3146 -12.0767 7.0317 -2.5477 -0.7357 -0.4802 0.7838 0.3928 -0.4802 0.7839 0.3929 -0.4816 0.7862 0.3940 31.1751 85.0231 -68.8977 38.7297 65.4222 9.9535 19.8553 20.6782 69.2392 -0.7280 0.8437 -0.8313 0.0000 0.0000 0.0001 0.0000 0.0000 0.0000 0.0000 -0.0013 -0.0008 0.0000 -0.0004 0.0001 0.0000 0.0000 0.0000 0.0000 0.0000 0.0000 0.0000 0.0002 0.0000 0.0000 -0.0006 0.0003 0.0000 0.0004 -0.0006 0.0000 0.0000 0.0001 0.0000 0.0000 0.0000 0.0000 -0.0010 -0.0002 0.0000 0.0002 30.0001 -0.0001 0.0005 -29.9998 0.0000 0.0000 0.0000 -2.4731 1.2081 3.9293 -2.4731 1.2081 3.9293 -68.7952 86.1902 38.3980 -29.0915 60.3200 -11.1629 -21.3398 22.3578 -73.7380 1.3246 1.2938 1.6221 0.0000 -0.0001 0.0001 0.0000 0.0000 0.0000 0.0000 -0.0006 0.0003 0.0000 -0.0001 0.0001 0.0000 0.0000 0.0000 0.0000 0.0000 0.0000 0.0000 0.0007 0.0001 0.0000 -0.0011 0.0001 0.0000 -0.0008 0.0003 0.0000 0.0001 0.0000 0.0000 0.0000 0.0000 0.0000 -0.0009 0.0000 0.0000 0.0002 -29.9996 -0.0001 -0.0003 29.9996 0.0000 0.0000 0.0000 -6.5900 5.4669 177.4125 0.0895 -17.2233 0.0693 -4.6285 82.0415 -1.1261 0.0000 26.9449 0.0000 -9.0511 -16.0290 178.8158 0.4401 -16.4826 -0.1462 11.6551 62.3669 2.3109 0.0000 25.3508 -0.0001 
-2.8988 90.3110 -11.8852 7.2367 -2.3385 -0.8514 -0.5343 0.8421 0.3545 -0.5344 0.8422 0.3545 -0.5359 0.8446 0.3556 32.3835 84.5890 -67.4951 39.6136 64.1849 10.4246 21.9003 20.8523 72.7666 -0.8169 0.8854 -0.9052 0.0000 0.0000 0.0001 0.0000 0.0000 0.0000 0.0000 -0.0013 -0.0008 0.0000 -0.0004 0.0001 0.0000 0.0000 0.0000 0.0000 0.0000 0.0000 0.0000 0.0002 0.0000 0.0000 -0.0006 0.0003 0.0000 0.0004 -0.0006 0.0000 0.0000 0.0001 0.0000 0.0000 0.0000 0.0000 -0.0010 -0.0002 0.0000 0.0003 30.0001 -0.0001 0.0005 -29.9998 0.0000 0.0000 0.0000 -2.6412 0.9359 4.2451 -2.6412 0.9359 4.2451 -62.6138 86.1298 44.2900 -29.3571 59.1337 -12.0469 -23.4090 22.9565 -76.0180 1.4263 1.3145 1.7288 0.0000 -0.0001 0.0001 0.0000 0.0000 0.0000 0.0000 -0.0006 0.0003 0.0000 -0.0001 0.0001 0.0000 0.0000 0.0000 0.0000 0.0000 0.0000 0.0000 0.0007 0.0001 0.0000 -0.0012 0.0001 0.0000 -0.0008 0.0003 0.0000 0.0001 0.0000 0.0000 0.0000 0.0000 0.0000 -0.0009 0.0000 0.0000 0.0002 -29.9996 -0.0001 -0.0003 29.9996 0.0000 0.0000 0.0000 -6.9196 5.3367 177.5778 0.0895 -17.3032 0.0692 -5.3199 82.0930 -1.7148 0.0000 27.0738 0.0000 -9.2537 -16.0916 179.0897 0.4450 -16.5738 -0.1473 11.7025 62.5240 2.2395 0.0000 25.3508 -0.0001 
-2.9881 90.2972 -11.6604 7.3577 -2.1549 -0.9412 -0.5416 0.9244 0.3213 -0.5416 0.9246 0.3214 -0.5432 0.9273 0.3223 32.5200 84.2044 -67.1135 40.3473 63.0145 11.0601 23.9307 20.8234 75.8782 -0.9017 0.9209 -0.9814 0.0000 0.0000 0.0001 0.0000 0.0000 0.0000 0.0000 -0.0013 -0.0008 0.0000 -0.0004 0.0001 0.0000 0.0000 0.0000 0.0000 0.0000 0.0000 0.0000 0.0002 0.0000 0.0000 -0.0006 0.0003 0.0000 0.0004 -0.0006 0.0000 0.0000 0.0001 0.0000 0.0000 0.0000 0.0000 -0.0010 -0.0002 0.0000 0.0003 30.0001 -0.0001 0.0005 -29.9998 0.0000 0.0000 0.0000 -2.8775 0.6909 4.5034 -2.8775 0.6909 4.5034 -56.3096 86.0530 50.2721 -29.8141 58.1259 -12.9970 -25.3160 23.6494 -78.0755 1.5092 1.3109 1.8224 0.0000 -0.0001 0.0001 0.0000 0.0000 0.0000 0.0000 -0.0006 0.0003 0.0000 -0.0001 0.0001 0.0000 0.0000 0.0000 0.0000 0.0000 0.0000 0.0000 0.0007 0.0001 0.0000 -0.0012 0.0001 0.0000 -0.0008 0.0003 0.0000 0.0001 0.0000 0.0000 0.0000 0.0000 0.0000 -0.0008 0.0000 0.0000 0.0002 -29.9996 -0.0001 -0.0003 29.9996 0.0000 0.0000 0.0000 -7.1337 5.2301 177.7253 0.0921 -17.4432 0.0687 -5.9961 82.1914 -2.3107 0.0000 27.1685 0.0000 -9.2253 -16.2058 179.2469 0.4532 -16.7100 -0.1490 11.9596 62.6587 2.2900 0.0000 25.3508 -0.0001 
-3.0831 90.2837 -11.4400 7.3669 -1.9775 -1.0349 -0.5078 1.0214 0.3041 -0.5079 1.0216 0.3041 -0.5094 1.0245 0.3050 32.1106 83.8691 -67.2427 41.1212 61.9402 11.9271 25.8709 20.8510 78.6314 -0.9775 0.9423 -1.0576 0.0000 0.0000 0.0001 0.0000 0.0000 0.0000 0.0000 -0.0013 -0.0008 0.0000 -0.0004 0.0001 0.0000 0.0000 0.0000 0.0000 0.0000 0.0000 0.0000 0.0002 0.0000 0.0000 -0.0006 0.0003 0.0000 0.0004 -0.0006 0.0000 0.0000 0.0001 0.0000 0.0000 0.0000 0.0000 -0.0010 -0.0002 0.0000 0.0002 30.0001 -0.0001 0.0005 -29.9998 0.0000 0.0000 0.0000 -3.1489 0.4669 4.7109 -3.1489 0.4669 4.7109 -50.2642 85.9501 55.9813 -30.6384 57.2488 -14.2127 -26.9896 24.2521 -79.9820 1.5775 1.2931 1.9061 0.0000 -0.0001 0.0001 0.0000 0.0000 0.0000 0.0000 -0.0006 0.0003 0.0000 -0.0001 0.0001 0.0000 0.0000 0.0000 0.0000 0.0000 0.0000 0.0000 0.0007 0.0001 0.0000 -0.0011 0.0001 0.0000 -0.0008 0.0003 0.0000 0.0001 0.0000 0.0000 0.0000 0.0000 0.0000 -0.0008 0.0000 0.0000 0.0002 -29.9997 -0.0001 -0.0003 29.9996 0.0000 0.0000 0.0000 -7.1887 5.1604 177.8897 0.0933 -17.5369 0.0684 -6.4890 82.2774 -2.7560 0.0000 27.2719 0.0000 -9.0041 -16.2703 179.3259 0.4477 -16.8182 -0.1487 12.4425 62.7883 2.5230 0.0000 25.0222 -0.0001 
-3.1927 90.2757 -11.2309 7.2949 -1.7947 -1.1305 -0.4496 1.1235 0.2954 -0.4497 1.1237 0.2955 -0.4510 1.1269 0.2963 31.4372 83.5734 -67.6253 42.0405 60.9458 13.0556 27.7060 21.0274 81.0806 -1.0420 0.9478 -1.1317 0.0000 0.0000 0.0001 0.0000 0.0000 0.0000 0.0000 -0.0013 -0.0008 0.0000 -0.0004 0.0001 0.0000 0.0000 0.0000 0.0000 0.0000 0.0000 0.0000 0.0002 0.0000 0.0000 -0.0006 0.0003 0.0000 0.0004 -0.0006 0.0000 0.0000 0.0001 0.0000 0.0000 0.0000 0.0000 -0.0010 -0.0002 0.0000 0.0002 30.0001 -0.0001 0.0005 -29.9998 0.0000 0.0000 0.0000 -3.4421 0.2646 4.8846 -3.4421 0.2646 4.8846 -44.5435 85.8154 61.3646 -31.8152 56.4782 -15.6650 -28.4446 24.6994 -81.7594 1.6315 1.2650 1.9787 0.0000 -0.0001 0.0001 0.0000 0.0000 0.0000 0.0000 -0.0006 0.0003 0.0000 -0.0001 0.0001 0.0000 0.0000 0.0000 0.0000 0.0000 0.0000 0.0000 0.0007 0.0001 0.0000 -0.0011 0.0001 0.0000 -0.0008 0.0003 0.0000 0.0001 0.0000 0.0000 0.0000 0.0000 0.0000 -0.0009 0.0000 0.0000 0.0002 -29.9996 -0.0001 -0.0003 29.9996 0.0000 0.0000 0.0000 -7.1282 5.1127 178.0725 0.0951 -17.5742 0.0681 -6.8580 82.3491 -3.1027 0.0000 27.3439 0.0000 -8.6987 -16.2832 179.3711 0.4347 -16.8851 -0.1470 13.0219 62.9176 2.8695 0.0000 25.0221 -0.0001 
-3.3140 90.2859 -11.1147 7.1663 -1.6115 -1.2045 -0.3788 1.2329 0.2836 -0.3788 1.2331 0.2836 -0.3799 1.2367 0.2844 30.5142 83.3069 -68.2661 43.3921 60.0801 14.6719 29.3153 21.4455 83.1054 -1.0845 0.9290 -1.1977 0.0000 0.0000 0.0001 0.0000 0.0000 0.0000 0.0000 -0.0013 -0.0008 0.0000 -0.0004 0.0001 0.0000 0.0000 0.0000 0.0000 0.0000 0.0000 0.0000 0.0002 -0.0001 0.0000 -0.0006 0.0003 0.0000 0.0004 -0.0006 0.0000 0.0000 0.0001 0.0000 0.0000 0.0000 0.0000 -0.0010 -0.0002 0.0000 0.0002 30.0001 -0.0001 0.0005 -29.9998 0.0000 0.0000 0.0000 -3.7660 0.0943 5.0287 -3.7660 0.0943 5.0287 -39.3042 85.6395 66.3059 -33.4872 55.8591 -17.4215 -29.5693 24.9234 -83.3228 1.6624 1.2249 2.0341 0.0000 -0.0001 0.0001 0.0000 0.0000 0.0000 0.0000 -0.0006 0.0003 0.0000 -0.0001 0.0001 0.0000 0.0000 0.0000 0.0000 0.0000 0.0000 0.0000 0.0007 0.0001 0.0000 -0.0012 0.0001 0.0000 -0.0008 0.0003 0.0000 0.0001 0.0000 0.0000 0.0000 0.0000 0.0000 -0.0008 0.0000 0.0000 0.0002 -29.9996 -0.0001 -0.0003 29.9996 0.0000 0.0000 0.0000 -6.9802 5.0599 178.2479 0.0952 -17.4994 0.0682 -7.0264 82.3496 -3.2777 0.0000 27.3654 0.0000 -8.3819 -16.2067 179.4402 0.4275 -16.8212 -0.1457 13.5007 63.0080 3.1569 0.0000 25.0220 -0.0001 
-3.4450 90.3077 -11.0377 7.0479 -1.4527 -1.2394 -0.3233 1.3471 0.2595 -0.3233 1.3474 0.2595 -0.3243 1.3512 0.2603 29.4988 83.0604 -69.0433 45.0908 59.3541 16.5347 30.6571 21.8510 84.8124 -1.1067 0.8941 -1.2508 0.0000 0.0000 0.0001 0.0000 0.0000 0.0000 0.0000 -0.0013 -0.0008 0.0000 -0.0004 0.0001 0.0000 0.0000 0.0000 0.0000 0.0000 0.0000 0.0000 0.0002 0.0000 0.0000 -0.0006 0.0003 0.0000 0.0004 -0.0006 0.0000 0.0000 0.0001 0.0000 0.0000 0.0000 0.0000 -0.0010 -0.0002 0.0000 0.0002 30.0001 -0.0001 0.0005 -29.9998 0.0000 0.0000 0.0000 -4.1094 -0.0346 5.1653 -4.1094 -0.0346 5.1653 -34.4406 85.4519 70.9068 -35.2775 55.2472 -19.1781 -30.5207 25.2071 -84.6645 1.6761 1.1759 2.0714 0.0000 -0.0001 0.0001 0.0000 0.0000 0.0000 0.0000 -0.0006 0.0003 0.0000 -0.0001 0.0001 0.0000 0.0000 0.0000 0.0000 0.0000 0.0000 0.0000 0.0007 0.0001 0.0000 -0.0011 0.0001 0.0000 -0.0008 0.0003 0.0000 0.0001 0.0000 0.0000 0.0000 0.0000 0.0000 -0.0009 0.0000 0.0000 0.0002 -29.9996 -0.0001 -0.0003 29.9996 0.0000 0.0000 0.0000 -6.8310 5.0853 178.3941 0.0955 -17.2586 0.0683 -7.1208 82.2913 -3.4030 0.0000 27.3183 0.0000 -8.1657 -16.1008 179.5611 0.4315 -16.6993 -0.1458 13.7094 63.0698 3.2401 0.0000 25.0218 -0.0001 
-3.5749 90.3359 -10.9964 6.9470 -1.3125 -1.2139 -0.2863 1.4593 0.2132 -0.2864 1.4597 0.2133 -0.2872 1.4638 0.2139 28.5099 82.8298 -69.8434 46.9387 58.7680 18.4195 31.7396 22.1536 86.2237 -1.1122 0.8509 -1.2905 0.0000 0.0000 0.0001 0.0000 0.0000 0.0000 0.0000 -0.0013 -0.0008 0.0000 -0.0004 0.0001 0.0000 0.0000 0.0000 0.0000 0.0000 0.0000 0.0000 0.0002 0.0000 0.0000 -0.0006 0.0003 0.0000 0.0004 -0.0006 0.0000 0.0000 0.0001 0.0000 0.0000 0.0000 0.0000 -0.0010 -0.0002 0.0000 0.0003 30.0001 -0.0001 0.0005 -29.9998 0.0000 0.0000 0.0000 -4.4708 -0.1148 5.3112 -4.4708 -0.1148 5.3112 -29.9253 85.2665 75.1904 -36.9645 54.7286 -20.7060 -31.4008 25.5174 -85.8380 1.6730 1.1170 2.0940 0.0000 -0.0001 0.0001 0.0000 0.0000 0.0000 0.0000 -0.0006 0.0003 0.0000 -0.0001 0.0001 0.0000 0.0000 0.0000 0.0000 0.0000 0.0000 0.0000 0.0007 0.0001 0.0000 -0.0012 0.0001 0.0000 -0.0008 0.0003 0.0000 0.0001 0.0000 0.0000 0.0000 0.0000 0.0000 -0.0009 0.0000 0.0000 0.0002 -29.9996 -0.0001 -0.0003 29.9995 0.0000 0.0000 0.0000 -6.6886 5.1852 178.4849 0.0940 -16.8466 0.0689 -7.1238 82.1721 -3.4635 0.0000 27.2157 0.0000 -8.0350 -16.0169 179.6832 0.4364 -16.5696 -0.1460 13.7034 63.1110 3.1579 0.0000 25.0216 -0.0001 
-3.6969 90.3509 -10.9708 6.8613 -1.1794 -1.0746 -0.2790 1.5530 0.1238 -0.2791 1.5534 0.1238 -0.2799 1.5577 0.1242 27.7096 82.6458 -70.5604 48.7597 58.4190 20.0511 32.3613 22.2310 87.0730 -1.0952 0.8074 -1.3010 0.0000 0.0000 0.0001 0.0000 0.0000 0.0000 0.0000 -0.0013 -0.0008 0.0000 -0.0004 0.0001 0.0000 0.0000 0.0000 0.0000 0.0000 0.0000 0.0000 0.0002 0.0000 0.0000 -0.0006 0.0003 0.0000 0.0004 -0.0006 0.0000 0.0000 0.0001 0.0000 0.0000 0.0000 0.0000 -0.0010 -0.0002 0.0000 0.0002 30.0001 -0.0001 0.0005 -29.9998 0.0000 0.0000 0.0000 -4.8548 -0.1062 5.4825 -4.8548 -0.1062 5.4825 -26.1304 85.1299 78.7957 -38.3763 54.4354 -21.8327 -32.1815 25.9130 -86.7789 1.6500 1.0452 2.1026 0.0000 -0.0001 0.0001 0.0000 0.0000 0.0000 0.0000 -0.0006 0.0003 0.0000 -0.0001 0.0001 0.0000 0.0000 0.0000 0.0000 0.0000 0.0000 0.0000 0.0007 0.0001 0.0000 -0.0012 0.0001 0.0000 -0.0008 0.0003 0.0000 0.0001 0.0000 0.0000 0.0000 0.0000 0.0000 -0.0009 0.0000 0.0000 0.0002 -29.9997 -0.0001 -0.0003 29.9996 0.0000 0.0000 0.0000 -6.5568 5.4204 178.4637 0.0903 -16.1404 0.0700 -7.0258 81.9677 -3.4551 0.0000 27.1382 0.0000 -7.9654 -16.0283 179.7359 0.4329 -16.4914 -0.1452 13.5048 63.1426 2.9155 0.0000 25.0214 -0.0001 
-3.8013 90.3583 -10.9324 6.7632 -1.0239 -0.8714 -0.2775 1.6158 0.0080 -0.2775 1.6162 0.0080 -0.2783 1.6207 0.0080 27.2861 82.5335 -70.9877 50.2402 58.2602 21.2540 32.6619 22.0974 87.4879 -1.0684 0.7730 -1.2916 0.0000 0.0000 0.0001 0.0000 0.0000 0.0000 0.0000 -0.0013 -0.0008 0.0000 -0.0004 0.0001 0.0000 0.0000 0.0000 0.0000 0.0000 0.0000 0.0000 0.0003 0.0000 0.0000 -0.0006 0.0003 0.0000 0.0004 -0.0006 0.0000 0.0000 0.0001 0.0000 0.0000 0.0000 0.0000 -0.0010 -0.0002 0.0000 0.0003 30.0001 -0.0001 0.0005 -29.9998 0.0000 0.0000 0.0000 -5.2717 -0.0183 5.6758 -5.2717 -0.0183 5.6758 -23.2927 85.0593 81.5184 -39.4880 54.3644 -22.5979 -32.8767 26.3172 -87.5801 1.6173 0.9683 2.1069 0.0000 -0.0001 0.0001 0.0000 0.0000 0.0000 0.0000 -0.0006 0.0003 0.0000 -0.0001 0.0001 0.0000 0.0000 0.0000 0.0000 0.0000 0.0000 0.0000 0.0007 0.0001 0.0000 -0.0012 0.0001 0.0000 -0.0008 0.0003 0.0000 0.0001 0.0000 0.0000 0.0000 0.0000 0.0000 -0.0008 0.0000 0.0000 0.0002 -29.9996 -0.0001 -0.0003 29.9996 0.0000 0.0000 0.0000 -6.4349 5.7714 178.3658 0.0841 -15.1678 0.0716 -6.8947 81.6778 -3.4100 0.0000 27.0855 0.0000 -7.9043 -16.1311 179.7333 0.4280 -16.4807 -0.1445 13.2094 63.2064 2.5946 0.0000 25.0213 -0.0001 
-3.8830 90.3599 -10.8852 6.6372 -0.8353 -0.6422 -0.2696 1.6541 -0.1189 -0.2696 1.6545 -0.1189 -0.2704 1.6591 -0.1193 27.1262 82.4776 -71.2181 51.3224 58.2713 22.0101 32.7677 21.8038 87.6249 -1.0383 0.7473 -1.2717 0.0000 0.0000 0.0001 0.0000 0.0000 0.0000 0.0000 -0.0013 -0.0008 0.0000 -0.0004 0.0001 0.0000 0.0000 0.0000 0.0000 0.0000 0.0000 0.0000 0.0002 -0.0001 0.0000 -0.0006 0.0003 0.0000 0.0004 -0.0006 0.0000 0.0000 0.0001 0.0000 0.0000 0.0000 0.0000 -0.0010 -0.0002 0.0000 0.0002 30.0001 -0.0001 0.0005 -29.9998 0.0000 0.0000 0.0000 -5.7186 0.1197 5.8835 -5.7186 0.1197 5.8835 -21.1915 85.0285 83.5796 -40.3185 54.4934 -23.0195 -33.4958 26.6994 -88.2124 1.5765 0.8908 2.1046 0.0000 -0.0001 0.0001 0.0000 0.0000 0.0000 0.0000 -0.0006 0.0002 0.0000 -0.0001 0.0001 0.0000 0.0000 0.0000 0.0000 0.0000 0.0000 0.0000 0.0007 0.0001 0.0000 -0.0012 0.0001 0.0000 -0.0008 0.0003 0.0000 0.0001 0.0000 0.0000 0.0000 0.0000 0.0000 -0.0008 0.0000 0.0000 0.0002 -29.9997 -0.0001 -0.0003 29.9995 0.0000 0.0000 0.0000 -6.3080 6.1888 178.2249 0.0756 -14.0103 0.0735 -6.7277 81.3225 -3.3126 0.0000 27.0524 0.0000 -7.8419 -16.2958 179.6954 0.4217 -16.4904 -0.1436 12.8523 63.2805 2.2396 0.0000 25.0213 -0.0001 
-3.9289 90.3662 -10.8490 6.4393 -0.5969 -0.4105 -0.2348 1.6631 -0.2468 -0.2349 1.6635 -0.2469 -0.2356 1.6681 -0.2475 27.3514 82.4961 -71.1349 51.7486 58.4749 22.1465 32.7297 21.4217 87.5243 -1.0124 0.7338 -1.2485 0.0000 0.0000 0.0001 0.0000 0.0000 0.0000 0.0000 -0.0013 -0.0008 0.0000 -0.0004 0.0001 0.0000 0.0000 0.0000 0.0000 0.0000 0.0000 0.0000 0.0002 0.0000 0.0000 -0.0006 0.0003 0.0000 0.0004 -0.0006 0.0000 0.0000 0.0001 0.0000 0.0000 0.0000 0.0000 -0.0010 -0.0002 0.0000 0.0002 30.0001 -0.0001 0.0005 -29.9998 0.0000 0.0000 0.0000 -6.1731 0.2833 6.0920 -6.1731 0.2833 6.0920 -20.3293 85.0521 84.5150 -40.8092 54.9284 -23.0071 -33.8841 26.9056 -88.6536 1.5318 0.8198 2.1017 0.0000 -0.0001 0.0001 0.0000 0.0000 0.0000 0.0000 -0.0006 0.0003 0.0000 -0.0001 0.0001 0.0000 0.0000 0.0000 0.0000 0.0000 0.0000 0.0000 0.0007 0.0001 0.0000 -0.0012 0.0001 0.0000 -0.0008 0.0003 0.0000 0.0001 0.0000 0.0000 0.0000 0.0000 0.0000 -0.0008 0.0000 0.0000 0.0002 -29.9996 -0.0001 -0.0003 29.9996 0.0000 0.0000 0.0000 -6.1466 6.5501 178.0532 0.0650 -12.8603 0.0755 -6.5476 80.9739 -3.1544 0.0000 26.8972 0.0000 -7.6966 -16.5318 179.6094 0.4140 -16.4807 -0.1425 12.5221 63.3209 1.9192 0.0000 25.1191 -0.0001 
-3.9586 90.3707 -10.8677 6.1746 -0.3378 -0.2087 -0.1717 1.6654 -0.3586 -0.1717 1.6659 -0.3587 -0.1722 1.6705 -0.3597 27.7768 82.5368 -70.8775 51.7953 58.8265 21.9647 32.6980 21.0379 87.3411 -0.9892 0.7232 -1.2294 0.0000 0.0000 0.0001 0.0000 0.0000 0.0000 0.0000 -0.0013 -0.0008 0.0000 -0.0004 0.0001 0.0000 0.0000 0.0000 0.0000 0.0000 0.0000 0.0000 0.0003 0.0000 0.0000 -0.0006 0.0003 0.0000 0.0004 -0.0006 0.0000 0.0000 0.0001 0.0000 0.0000 0.0000 0.0000 -0.0010 -0.0002 0.0000 0.0002 30.0001 -0.0001 0.0005 -29.9998 0.0000 0.0000 0.0000 -6.6631 0.4517 6.2862 -6.6631 0.4517 6.2862 -20.6760 85.1141 84.3337 -41.1879 55.6155 -22.7967 -33.9833 26.8613 -88.9813 1.4872 0.7570 2.1038 0.0000 -0.0001 0.0001 0.0000 0.0000 0.0000 0.0000 -0.0006 0.0003 0.0000 -0.0001 0.0001 0.0000 0.0000 0.0000 0.0000 0.0000 0.0000 0.0000 0.0007 0.0001 0.0000 -0.0012 0.0001 0.0000 -0.0008 0.0003 0.0000 0.0001 0.0000 0.0000 0.0000 0.0000 0.0000 -0.0008 0.0000 0.0000 0.0002 -29.9996 -0.0001 -0.0003 29.9996 0.0000 0.0000 0.0000 -5.9620 6.7263 177.8879 0.0553 -11.9804 0.0770 -6.4454 80.7172 -3.0122 0.0000 26.6769 0.0000 -7.4454 -16.8377 179.4854 0.4025 -16.4869 -0.1408 12.3352 63.3057 1.7372 0.0000 25.2958 -0.0001 
-3.9818 90.3651 -10.9355 5.8599 -0.0757 -0.0489 -0.0922 1.6730 -0.4466 -0.0922 1.6734 -0.4467 -0.0925 1.6780 -0.4479 28.2002 82.5781 -70.6358 51.6111 59.2370 21.6564 32.7416 20.7398 87.2125 -0.9718 0.7116 -1.2235 0.0000 0.0000 0.0001 0.0000 0.0000 0.0000 0.0000 -0.0013 -0.0008 0.0000 -0.0004 0.0001 0.0000 0.0000 0.0000 0.0000 0.0000 0.0000 0.0000 0.0002 0.0000 0.0000 -0.0006 0.0003 0.0000 0.0004 -0.0006 0.0000 0.0000 0.0001 0.0000 0.0000 0.0000 0.0000 -0.0010 -0.0002 0.0000 0.0003 30.0001 -0.0001 0.0005 -29.9998 0.0000 0.0000 0.0000 -7.1630 0.6047 6.4519 -7.1631 0.6047 6.4519 -21.8011 85.1745 83.4160 -41.4453 56.4816 -22.3863 -33.8948 26.6756 -89.2010 1.4421 0.7006 2.1070 0.0000 -0.0001 0.0001 0.0000 0.0000 0.0000 0.0000 -0.0006 0.0003 0.0000 -0.0001 0.0001 0.0000 0.0000 0.0000 0.0000 0.0000 0.0000 0.0000 0.0007 0.0001 0.0000 -0.0012 0.0001 0.0000 -0.0008 0.0003 0.0000 0.0001 0.0000 0.0000 0.0000 0.0000 0.0000 -0.0009 0.0000 0.0000 0.0002 -29.9997 -0.0001 -0.0003 29.9996 0.0000 0.0000 0.0000 -5.7743 6.7349 177.7433 0.0478 -11.3807 0.0780 -6.4304 80.5533 -2.8922 0.0000 26.5067 0.0000 -7.1110 -17.2095 179.3576 0.3944 -16.5452 -0.1399 12.2661 63.2534 1.6717 0.0000 25.4115 -0.0001 
-3.9992 90.3486 -11.0341 5.4771 0.1766 0.0619 -0.0059 1.7021 -0.5019 -0.0059 1.7025 -0.5020 -0.0059 1.7073 -0.5034 28.3211 82.5598 -70.6830 51.4155 59.7338 21.3421 32.8927 20.4665 87.2865 -0.9585 0.6933 -1.2379 0.0000 0.0000 0.0001 0.0000 0.0000 0.0000 0.0000 -0.0013 -0.0008 0.0000 -0.0004 0.0001 0.0000 0.0000 0.0000 0.0000 0.0000 0.0000 0.0000 0.0002 0.0000 0.0000 -0.0006 0.0003 0.0000 0.0004 -0.0006 0.0000 0.0000 0.0001 0.0000 0.0000 0.0000 0.0000 -0.0010 -0.0002 0.0000 0.0002 30.0001 -0.0001 0.0005 -29.9998 0.0000 0.0000 0.0000 -7.6434 0.7106 6.5713 -7.6434 0.7106 6.5713 -23.8034 85.2325 81.7164 -41.5667 57.4826 -21.8214 -33.6759 26.4770 -89.2852 1.3958 0.6475 2.1091 0.0000 -0.0001 0.0001 0.0000 0.0000 0.0000 0.0000 -0.0006 0.0003 0.0000 -0.0001 0.0001 0.0000 0.0000 0.0000 0.0000 0.0000 0.0000 0.0000 0.0007 0.0001 0.0000 -0.0011 0.0001 0.0000 -0.0008 0.0003 0.0000 0.0001 0.0000 0.0000 0.0000 0.0000 0.0000 -0.0009 0.0000 0.0000 0.0002 -29.9996 -0.0001 -0.0003 29.9996 0.0000 0.0000 0.0000 -5.5723 6.6114 177.6228 0.0426 -11.0423 0.0787 -6.4474 80.4730 -2.7253 0.0000 26.4405 0.0000 -6.6776 -17.6704 179.2518 0.3947 -16.7433 -0.1406 12.3177 63.2096 1.7354 0.0000 25.4331 -0.0001 
-4.0132 90.3300 -11.1150 5.0170 0.4176 0.1610 0.0695 1.7543 -0.5404 0.0695 1.7548 -0.5406 0.0697 1.7596 -0.5420 28.0516 82.4610 -71.0965 51.4637 60.2980 21.1720 33.0045 20.1272 87.4560 -0.9440 0.6696 -1.2624 0.0000 0.0000 0.0001 0.0000 0.0000 0.0000 0.0000 -0.0013 -0.0008 0.0000 -0.0004 0.0001 0.0000 0.0000 0.0000 0.0000 0.0000 0.0000 0.0000 0.0002 0.0000 0.0000 -0.0006 0.0003 0.0000 0.0004 -0.0006 0.0000 0.0000 0.0001 0.0000 0.0000 0.0000 0.0000 -0.0010 -0.0002 0.0000 0.0002 30.0001 -0.0001 0.0005 -29.9998 0.0000 0.0000 0.0000 -8.0628 0.7657 6.6486 -8.0628 0.7657 6.6486 -25.5196 85.2595 80.2972 -41.6218 58.5212 -21.1823 -33.4439 26.3582 -89.3789 1.3507 0.5905 2.1170 0.0000 -0.0001 0.0001 0.0000 0.0000 0.0000 0.0000 -0.0006 0.0003 0.0000 -0.0001 0.0001 0.0000 0.0000 0.0000 0.0000 0.0000 0.0000 0.0000 0.0007 0.0001 0.0000 -0.0012 0.0001 0.0000 -0.0008 0.0003 0.0000 0.0001 0.0000 0.0000 0.0000 0.0000 0.0000 -0.0008 0.0000 0.0000 0.0002 -29.9997 -0.0001 -0.0003 29.9996 0.0000 0.0000 0.0000 -5.3094 6.5247 177.5023 0.0374 -10.6904 0.0793 -6.3739 80.3811 -2.4376 0.0000 26.4253 0.0000 -6.1872 -18.1494 179.1616 0.3975 -16.9989 -0.1419 12.3732 63.1826 1.8385 0.0000 25.4311 -0.0001 
-4.0290 90.3179 -11.1599 4.5047 0.6448 0.2461 0.1188 1.8259 -0.5645 0.1188 1.8264 -0.5647 0.1191 1.8314 -0.5662 27.5080 82.2955 -71.7642 51.7678 60.9151 21.1596 33.0273 19.7556 87.6246 -0.9263 0.6418 -1.2907 0.0000 0.0000 0.0001 0.0000 0.0000 0.0000 0.0000 -0.0013 -0.0008 0.0000 -0.0004 0.0001 0.0000 0.0000 0.0000 0.0000 0.0000 0.0000 0.0000 0.0002 0.0000 0.0000 -0.0006 0.0003 0.0000 0.0004 -0.0006 0.0000 0.0000 0.0001 0.0000 0.0000 0.0000 0.0000 -0.0010 -0.0002 0.0000 0.0002 30.0001 -0.0001 0.0005 -29.9998 0.0000 0.0000 0.0000 -8.4314 0.7884 6.6911 -8.4314 0.7884 6.6911 -26.8571 85.2810 79.2308 -41.6327 59.5734 -20.5491 -33.2008 26.2507 -89.5314 1.3093 0.5314 2.1354 0.0000 -0.0001 0.0001 0.0000 0.0000 0.0000 0.0000 -0.0006 0.0003 0.0000 -0.0001 0.0001 0.0000 0.0000 0.0000 0.0000 0.0000 0.0000 0.0000 0.0007 0.0001 0.0000 -0.0012 0.0001 0.0000 -0.0008 0.0003 0.0000 0.0001 0.0000 0.0000 0.0000 0.0000 0.0000 -0.0008 0.0000 0.0000 0.0002 -29.9997 -0.0001 -0.0003 29.9996 0.0000 0.0000 0.0000 -4.9942 6.5048 177.3910 0.0326 -10.2895 0.0798 -6.2439 80.2729 -2.0876 0.0000 26.3829 0.0000 -5.7065 -18.5947 179.1010 0.4006 -17.2497 -0.1433 12.3590 63.1695 1.9283 0.0000 25.4028 -0.0001 
-4.0534 90.3081 -11.1781 3.9326 0.8625 0.3054 0.1121 1.9133 -0.5716 0.1121 1.9140 -0.5718 0.1124 1.9192 -0.5733 26.7522 82.0620 -72.6195 52.3726 61.5872 21.2685 32.9457 19.4055 87.7618 -0.9019 0.6083 -1.3150 0.0000 0.0000 0.0001 0.0000 0.0000 0.0000 0.0000 -0.0013 -0.0008 0.0000 -0.0004 0.0001 0.0000 0.0000 0.0000 0.0000 0.0000 0.0000 0.0000 0.0002 0.0000 0.0000 -0.0006 0.0003 0.0000 0.0004 -0.0006 0.0000 0.0000 0.0001 0.0000 0.0000 0.0000 0.0000 -0.0010 -0.0002 0.0000 0.0002 30.0001 -0.0001 0.0005 -29.9998 0.0000 0.0000 0.0000 -8.6687 0.7540 6.6809 -8.6687 0.7540 6.6809 -27.5457 85.3885 78.8120 -41.5541 60.5735 -20.0400 -32.9306 26.1107 -89.6919 1.2716 0.4728 2.1647 0.0000 -0.0001 0.0001 0.0000 0.0000 0.0000 0.0000 -0.0006 0.0003 0.0000 -0.0001 0.0001 0.0000 0.0000 0.0000 0.0000 0.0000 0.0000 0.0000 0.0007 0.0001 0.0000 -0.0012 0.0001 0.0000 -0.0008 0.0003 0.0000 0.0001 0.0000 0.0000 0.0000 0.0000 0.0000 -0.0008 0.0000 0.0000 0.0002 -29.9996 -0.0001 -0.0002 29.9996 0.0000 0.0000 0.0000 -4.5939 6.5033 177.3093 0.0296 -9.9215 0.0802 -6.1043 80.1781 -1.7477 0.0000 26.3443 0.0000 -5.2998 -18.9760 179.0948 0.3954 -17.4248 -0.1431 12.1684 63.1471 1.9364 0.0000 25.3969 -0.0001 
-4.0755 90.2904 -11.2043 3.3319 1.0826 0.3410 0.0513 2.0026 -0.5732 0.0513 2.0034 -0.5734 0.0514 2.0087 -0.5749 26.0588 81.7929 -73.3503 53.0435 62.2586 21.3320 32.7881 19.1441 87.8222 -0.8755 0.5758 -1.3300 0.0000 0.0000 0.0001 0.0000 0.0000 0.0000 0.0000 -0.0013 -0.0008 0.0000 -0.0004 0.0001 0.0000 0.0000 0.0000 0.0000 0.0000 0.0000 0.0000 0.0003 0.0000 0.0000 -0.0006 0.0003 0.0000 0.0004 -0.0006 0.0000 0.0000 0.0001 0.0000 0.0000 0.0000 0.0000 -0.0010 -0.0002 0.0000 0.0002 30.0001 -0.0001 0.0005 -29.9998 0.0000 0.0000 0.0000 -8.7810 0.6785 6.6426 -8.7810 0.6785 6.6426 -27.6369 85.6131 79.0102 -41.3944 61.5291 -19.6646 -32.6392 25.8948 -89.8826 1.2362 0.4141 2.2043 0.0000 -0.0001 0.0001 0.0000 0.0000 0.0000 0.0000 -0.0006 0.0003 0.0000 -0.0001 0.0001 0.0000 0.0000 0.0000 0.0000 0.0000 0.0000 0.0000 0.0007 0.0001 0.0000 -0.0012 0.0001 0.0000 -0.0008 0.0003 0.0000 0.0001 0.0000 0.0000 0.0000 0.0000 0.0000 -0.0009 0.0000 0.0000 0.0002 -29.9996 -0.0001 -0.0003 29.9996 0.0000 0.0000 0.0000 -4.1210 6.3720 177.2546 0.0280 -9.8131 0.0804 -6.0074 80.1914 -1.4885 0.0000 26.3233 0.0000 -5.0042 -19.3246 179.1410 0.3855 -17.5171 -0.1419 11.7737 63.0970 1.8309 0.0000 25.4405 -0.0001 
-4.0864 90.2636 -11.2458 2.7152 1.2964 0.3559 -0.0575 2.0941 -0.5696 -0.0576 2.0950 -0.5698 -0.0577 2.1005 -0.5713 25.4172 81.4874 -73.9498 53.6848 62.9425 21.2625 32.6014 18.9540 87.8152 -0.8480 0.5453 -1.3353 0.0000 0.0000 0.0001 0.0000 0.0000 0.0000 0.0000 -0.0013 -0.0008 0.0000 -0.0004 0.0001 0.0000 0.0000 0.0000 0.0000 0.0000 0.0000 0.0000 0.0002 0.0000 0.0000 -0.0006 0.0003 0.0000 0.0004 -0.0006 0.0000 0.0000 0.0001 0.0000 0.0000 0.0000 0.0000 -0.0010 -0.0002 0.0000 0.0002 30.0001 -0.0001 0.0005 -29.9998 0.0000 0.0000 0.0000 -8.7825 0.5694 6.5804 -8.7825 0.5694 6.5804 -26.9794 85.9200 79.9576 -41.1276 62.4748 -19.3380 -32.3295 25.6131 -90.0816 1.2010 0.3547 2.2522 0.0000 -0.0001 0.0001 0.0000 0.0000 0.0000 0.0000 -0.0006 0.0003 0.0000 -0.0001 0.0001 0.0000 0.0000 0.0000 0.0000 0.0000 0.0000 0.0000 0.0007 0.0001 0.0000 -0.0012 0.0001 0.0000 -0.0008 0.0003 0.0000 0.0001 0.0000 0.0000 0.0000 0.0000 0.0000 -0.0009 0.0000 0.0000 0.0002 -29.9996 -0.0001 -0.0003 29.9996 0.0000 0.0000 0.0000 -3.5967 6.1033 177.2168 0.0258 -9.9824 0.0805 -5.9523 80.3185 -1.3032 0.0000 26.3258 0.0000 -4.8206 -19.6692 179.2281 0.3753 -17.5903 -0.1406 11.2199 63.0362 1.6566 0.0000 25.4990 -0.0001 
-4.0683 90.2232 -11.2958 2.0862 1.4796 0.3505 -0.2357 2.1911 -0.5565 -0.2358 2.1921 -0.5567 -0.2364 2.1978 -0.5582 24.8152 81.1467 -74.4652 54.2530 63.5217 21.0365 32.3686 18.9475 87.7799 -0.8247 0.5196 -1.3320 0.0000 0.0000 0.0001 0.0000 0.0000 0.0000 0.0000 -0.0013 -0.0008 0.0000 -0.0004 0.0001 0.0000 0.0000 0.0000 0.0000 0.0000 0.0000 0.0000 0.0002 0.0000 0.0000 -0.0006 0.0003 0.0000 0.0004 -0.0006 0.0000 0.0000 0.0001 0.0000 0.0000 0.0000 0.0000 -0.0010 -0.0002 0.0000 0.0002 30.0001 -0.0001 0.0005 -29.9998 0.0000 0.0000 0.0000 -8.6277 0.4261 6.4753 -8.6277 0.4261 6.4753 -25.2598 86.3024 81.9635 -40.5811 63.4019 -18.9443 -32.0153 25.2924 -90.2296 1.1685 0.2978 2.3091 0.0000 -0.0001 0.0001 0.0000 0.0000 0.0000 0.0000 -0.0006 0.0003 0.0000 -0.0001 0.0001 0.0000 0.0000 0.0000 0.0000 0.0000 0.0000 0.0000 0.0007 0.0001 0.0000 -0.0012 0.0001 0.0000 -0.0008 0.0003 0.0000 0.0001 0.0000 0.0000 0.0000 0.0000 0.0000 -0.0009 0.0000 0.0000 0.0002 -29.9996 -0.0001 -0.0003 29.9996 0.0000 0.0000 0.0000 -3.0243 5.7027 177.1842 0.0190 -10.4750 0.0810 -5.9363 80.5804 -1.2022 0.0000 26.3603 0.0000 -4.7868 -20.0275 179.3490 0.3716 -17.7315 -0.1405 10.5119 63.0004 1.4591 0.0000 25.5571 -0.0001 
-4.0214 90.1753 -11.3349 1.4421 1.6277 0.3482 -0.4577 2.2938 -0.5429 -0.4579 2.2949 -0.5432 -0.4591 2.3007 -0.5446 24.2664 80.7691 -74.8736 54.8232 63.9766 20.7385 32.1620 19.0618 87.6959 -0.8027 0.4985 -1.3151 0.0000 0.0000 0.0001 0.0000 0.0000 0.0000 0.0000 -0.0013 -0.0008 0.0000 -0.0004 0.0001 0.0000 0.0000 0.0000 0.0000 0.0000 0.0000 0.0000 0.0002 0.0000 0.0000 -0.0006 0.0003 0.0000 0.0004 -0.0006 0.0000 0.0000 0.0001 0.0000 0.0000 0.0000 0.0000 -0.0010 -0.0002 0.0000 0.0003 30.0001 -0.0001 0.0005 -29.9998 0.0000 0.0000 0.0000 -8.3641 0.2737 6.3368 -8.3641 0.2737 6.3368 -22.2520 86.7496 85.3215 -39.8428 64.2514 -18.5376 -31.6966 24.9677 -90.2783 1.1361 0.2447 2.3650 0.0000 -0.0001 0.0001 0.0000 0.0000 0.0000 0.0000 -0.0006 0.0003 0.0000 -0.0001 0.0001 0.0000 0.0000 0.0000 0.0000 0.0000 0.0000 0.0000 0.0007 0.0001 0.0000 -0.0012 0.0001 0.0000 -0.0008 0.0003 0.0000 0.0001 0.0000 0.0000 0.0000 0.0000 0.0000 -0.0009 0.0000 0.0000 0.0002 -29.9997 -0.0001 -0.0003 29.9996 0.0000 0.0000 0.0000 -2.4301 5.2984 177.1292 0.0065 -11.0624 0.0821 -5.9135 80.8861 -1.1261 0.0000 26.3958 0.0000 -4.8181 -20.4116 179.4600 0.3741 -17.9962 -0.1417 9.7756 63.0163 1.3128 0.0000 25.5879 -0.0001 
-3.9448 90.1229 -11.3534 0.7727 1.7452 0.3530 -0.7105 2.4007 -0.5312 -0.7108 2.4019 -0.5315 -0.7126 2.4079 -0.5328 23.7751 80.3620 -75.1705 55.4168 64.3184 20.4044 31.9640 19.2232 87.5893 -0.7829 0.4830 -1.2879 0.0000 0.0000 0.0001 0.0000 0.0000 0.0000 0.0000 -0.0013 -0.0008 0.0000 -0.0004 0.0001 0.0000 0.0000 0.0000 0.0000 0.0000 0.0000 0.0000 0.0003 0.0000 0.0000 -0.0007 0.0003 0.0000 0.0004 -0.0006 0.0000 0.0000 0.0001 0.0000 0.0000 0.0000 0.0000 -0.0010 -0.0002 0.0000 0.0002 30.0001 -0.0001 0.0005 -29.9998 0.0000 0.0000 0.0000 -8.0113 0.1236 6.1705 -8.0113 0.1236 6.1705 -17.1519 87.1846 90.7748 -38.9285 65.0304 -18.0253 -31.4245 24.6648 -90.2883 1.1041 0.1939 2.4192 0.0000 -0.0001 0.0001 0.0000 0.0000 0.0000 0.0000 -0.0006 0.0003 0.0000 -0.0001 0.0001 0.0000 0.0000 0.0000 0.0000 0.0000 0.0000 0.0000 0.0007 0.0001 0.0000 -0.0011 0.0001 0.0000 -0.0008 0.0003 0.0000 0.0001 0.0000 0.0000 0.0000 0.0000 0.0000 -0.0008 0.0000 0.0000 0.0002 -29.9997 -0.0001 -0.0003 29.9996 0.0000 0.0000 0.0000 -1.8163 4.9481 177.0467 -0.0118 -11.6350 0.0840 -5.8600 81.1979 -1.0370 0.0000 26.4124 0.0000 -4.8681 -20.8125 179.5486 0.3784 -18.3689 -0.1437 9.0601 63.0808 1.2362 0.0000 25.5948 -0.0001 
-3.8261 90.0652 -11.3412 0.0543 1.8311 0.3574 -1.0080 2.5142 -0.5172 -1.0086 2.5157 -0.5175 -1.0111 2.5218 -0.5188 23.2916 79.9202 -75.4083 56.0611 64.4942 20.0601 31.7504 19.3583 87.4662 -0.7674 0.4774 -1.2497 0.0000 0.0000 0.0001 0.0000 0.0000 0.0000 0.0000 -0.0013 -0.0008 0.0000 -0.0004 0.0001 0.0000 0.0000 0.0000 0.0000 0.0000 0.0000 0.0000 0.0003 0.0000 0.0000 -0.0006 0.0003 0.0000 0.0004 -0.0006 0.0000 0.0000 0.0001 0.0000 0.0000 0.0000 0.0000 -0.0010 -0.0002 0.0000 0.0002 30.0001 -0.0001 0.0005 -29.9998 0.0000 0.0000 0.0000 -7.5283 -0.0189 5.9659 -7.5283 -0.0189 5.9659 251.3637 90.0000 0.0000 -37.8713 65.6269 -17.3988 -31.2415 24.4135 -90.2888 1.0776 0.1491 2.4719 0.0000 -0.0001 0.0001 0.0000 0.0000 0.0000 0.0000 -0.0006 0.0003 0.0000 -0.0001 0.0001 0.0000 0.0000 0.0000 0.0000 0.0000 0.0000 0.0000 0.0007 0.0001 0.0000 -0.0012 0.0001 0.0000 -0.0008 0.0003 0.0000 0.0001 0.0000 0.0000 0.0000 0.0000 0.0000 -0.0009 0.0000 0.0000 0.0002 -29.9996 -0.0001 -0.0003 29.9996 0.0000 0.0000 0.0000 -1.1817 4.7204 176.9336 -0.0372 -12.0781 0.0867 -5.7476 81.4816 -0.8960 0.0000 26.4283 0.0000 -4.8836 -21.2240 179.6056 0.3807 -18.8480 -0.1457 8.4319 63.1960 1.2668 0.0000 25.5754 -0.0001 
-3.6801 90.0019 -11.3008 -0.7168 1.9189 0.3416 -1.3244 2.6275 -0.4980 -1.3253 2.6293 -0.4983 -1.3284 2.6354 -0.4996 22.8351 79.4656 -75.6374 56.8484 64.4741 19.9259 31.5277 19.4944 87.3135 -0.7565 0.4792 -1.2075 0.0000 0.0000 0.0001 0.0000 0.0000 0.0000 0.0000 -0.0013 -0.0008 0.0000 -0.0004 0.0001 0.0000 0.0000 0.0000 0.0000 0.0000 0.0000 0.0000 0.0003 0.0000 0.0000 -0.0006 0.0003 0.0000 0.0004 -0.0006 0.0000 0.0000 0.0001 0.0000 0.0000 0.0000 0.0000 -0.0010 -0.0002 0.0000 0.0002 30.0001 -0.0001 0.0005 -29.9998 0.0000 0.0000 0.0000 -6.9716 -0.1593 5.7432 -6.9716 -0.1593 5.7432 251.5524 90.0000 0.0000 -36.7546 66.0049 -16.7396 -31.0575 24.2705 -90.3056 1.0615 0.1104 2.5286 0.0000 -0.0001 0.0001 0.0000 0.0000 0.0000 0.0000 -0.0006 0.0003 0.0000 -0.0001 0.0001 0.0000 0.0000 0.0000 0.0000 0.0000 0.0000 0.0000 0.0007 0.0001 0.0000 -0.0012 0.0001 0.0000 -0.0008 0.0003 0.0000 0.0001 0.0000 0.0000 0.0000 0.0000 0.0000 -0.0009 0.0000 0.0000 0.0002 -29.9997 -0.0001 -0.0003 29.9996 0.0000 0.0000 0.0000 -0.5269 4.5749 176.8182 -0.0672 -12.4064 0.0900 -5.6328 81.7532 -0.7477 0.0000 26.4400 0.0000 -4.8402 -21.6275 179.6627 0.3756 -19.3355 -0.1465 7.8606 63.3252 1.3356 0.0000 25.5772 -0.0001 
-3.5266 89.9331 -11.2444 -1.5277 2.0223 0.2927 -1.6479 2.7377 -0.4728 -1.6492 2.7400 -0.4732 -1.6529 2.7460 -0.4743 22.4530 79.0182 -75.7344 57.6818 64.3349 19.8744 31.3752 19.6251 87.1474 -0.7470 0.4857 -1.1580 0.0000 0.0000 0.0001 0.0000 0.0000 0.0000 0.0000 -0.0013 -0.0008 0.0000 -0.0004 0.0001 0.0000 0.0000 0.0000 0.0000 0.0000 0.0000 0.0000 0.0002 0.0000 0.0000 -0.0006 0.0003 0.0000 0.0004 -0.0006 0.0000 0.0000 0.0001 0.0000 0.0000 0.0000 0.0000 -0.0010 -0.0002 0.0000 0.0002 30.0001 -0.0001 0.0005 -29.9998 0.0000 0.0000 0.0000 -6.3723 -0.3025 5.5196 -6.3723 -0.3025 5.5196 251.7791 90.0000 0.0000 -35.7369 66.1864 -16.1870 -30.9244 24.1304 -90.3553 1.0502 0.0778 2.5833 0.0000 -0.0001 0.0001 0.0000 0.0000 0.0000 0.0000 -0.0006 0.0003 0.0000 -0.0001 0.0001 0.0000 0.0000 0.0000 0.0000 0.0000 0.0000 0.0000 0.0007 0.0001 0.0000 -0.0012 0.0001 0.0000 -0.0008 0.0003 0.0000 0.0001 0.0000 0.0000 0.0000 0.0000 0.0000 -0.0009 0.0000 0.0000 0.0002 -29.9996 -0.0001 -0.0003 29.9996 0.0000 0.0000 0.0000 0.1399 4.4695 176.7256 -0.0977 -12.6563 0.0936 -5.5864 82.0220 -0.6577 0.0000 26.4689 0.0000 -4.7435 -22.0135 179.7486 0.3628 -19.7760 -0.1457 7.3064 63.4456 1.3805 0.0000 25.6056 -0.0001 
-3.4156 89.8749 -11.1893 -2.3631 2.1597 0.1827 -1.9827 2.8427 -0.4358 -1.9846 2.8454 -0.4362 -1.9887 2.8513 -0.4372 22.0802 78.5979 -75.7573 58.4595 64.0230 19.8315 31.3310 19.7422 87.0534 -0.7419 0.4985 -1.1046 0.0000 0.0000 0.0001 0.0000 0.0000 0.0000 0.0000 -0.0013 -0.0008 0.0000 -0.0004 0.0001 0.0000 0.0000 0.0000 0.0000 0.0000 0.0000 0.0000 0.0003 0.0000 0.0000 -0.0006 0.0003 0.0000 0.0004 -0.0006 0.0000 0.0000 0.0001 0.0000 0.0000 0.0000 0.0000 -0.0010 -0.0002 0.0000 0.0002 30.0001 -0.0001 0.0005 -29.9998 0.0000 0.0000 0.0000 -5.7264 -0.4564 5.3184 -5.7264 -0.4564 5.3184 27.9655 87.4101 137.1478 -34.9536 66.0963 -15.8751 -30.8441 23.9872 -90.4430 1.0463 0.0553 2.6344 0.0000 -0.0001 0.0001 0.0000 0.0000 0.0000 0.0000 -0.0006 0.0003 0.0000 -0.0001 0.0001 0.0000 0.0000 0.0000 0.0000 0.0000 0.0000 0.0000 0.0007 0.0001 0.0000 -0.0011 0.0001 0.0000 -0.0008 0.0003 0.0000 0.0001 0.0000 0.0000 0.0000 0.0000 0.0000 -0.0008 0.0000 0.0000 0.0002 -29.9997 -0.0001 -0.0003 29.9996 0.0000 0.0000 0.0000 0.8223 4.3545 176.7210 -0.1181 -12.8603 0.0960 -5.8733 82.2888 -0.9044 0.0000 26.4534 0.0000 -4.6026 -22.3429 179.9245 0.3461 -20.0894 -0.1438 6.6975 63.5556 1.2797 0.0000 25.5686 -0.0001 
-3.3376 89.8326 -11.1478 -3.1977 2.3226 0.0229 -2.3213 2.9494 -0.3885 -2.3238 2.9527 -0.3890 -2.3283 2.9583 -0.3898 21.6508 78.1879 -75.8249 59.2406 63.6026 19.8719 31.3594 19.8703 87.0027 -0.7394 0.5131 -1.0532 0.0000 0.0000 0.0001 0.0000 0.0000 0.0000 0.0000 -0.0013 -0.0008 0.0000 -0.0004 0.0001 0.0000 0.0000 0.0000 0.0000 0.0000 0.0000 0.0000 0.0002 0.0000 0.0000 -0.0006 0.0003 0.0000 0.0004 -0.0006 0.0000 0.0000 0.0001 0.0000 0.0000 0.0000 0.0000 -0.0010 -0.0002 0.0000 0.0002 30.0001 -0.0001 0.0005 -29.9998 0.0000 0.0000 0.0000 -5.0630 -0.6315 5.1496 -5.0630 -0.6315 5.1496 36.8563 87.0405 146.3306 -34.4294 65.8238 -15.8073 -30.8260 23.8717 -90.5509 1.0475 0.0392 2.6809 0.0000 -0.0001 0.0001 0.0000 0.0000 0.0000 0.0000 -0.0006 0.0003 0.0000 -0.0001 0.0001 0.0000 0.0000 0.0000 0.0000 0.0000 0.0000 0.0000 0.0007 0.0001 0.0000 -0.0012 0.0001 0.0000 -0.0008 0.0003 0.0000 0.0001 0.0000 0.0000 0.0000 0.0000 0.0000 -0.0009 0.0000 0.0000 0.0002 -29.9996 -0.0001 -0.0003 29.9996 0.0000 0.0000 0.0000 1.5130 4.1980 176.7876 -0.1324 -13.0688 0.0979 -6.4111 82.5441 -1.4171 0.0000 26.4025 0.0000 -4.4464 -22.5876 -179.8372 0.3294 -20.3000 -0.1415 6.0625 63.7010 1.0834 0.0000 25.4781 -0.0001 
-3.2812 89.8053 -11.1171 -4.0221 2.5103 -0.1765 -2.6564 3.0598 -0.3364 -2.6598 3.0637 -0.3369 -2.6645 3.0690 -0.3376 21.2596 77.7809 -75.8589 60.0239 63.1095 19.9859 31.4605 20.0207 86.9970 -0.7386 0.5283 -1.0041 0.0000 0.0000 0.0001 0.0000 0.0000 0.0000 0.0000 -0.0013 -0.0008 0.0000 -0.0004 0.0001 0.0000 0.0000 0.0000 0.0000 0.0000 0.0000 0.0000 0.0002 0.0000 0.0000 -0.0006 0.0003 0.0000 0.0004 -0.0006 0.0000 0.0000 0.0001 0.0000 0.0000 0.0000 0.0000 -0.0010 -0.0002 0.0000 0.0002 30.0001 -0.0001 0.0005 -29.9998 0.0000 0.0000 0.0000 -4.4022 -0.8301 5.0177 -4.4022 -0.8301 5.0177 42.9059 86.5777 152.6680 -34.1190 65.4170 -15.9479 -30.8637 23.7906 -90.6563 1.0518 0.0274 2.7231 0.0000 -0.0001 0.0001 0.0000 0.0000 0.0000 0.0000 -0.0006 0.0003 0.0000 -0.0001 0.0001 0.0000 0.0000 0.0000 0.0000 0.0000 0.0000 0.0000 0.0007 0.0001 0.0000 -0.0012 0.0001 0.0000 -0.0008 0.0003 0.0000 0.0001 0.0000 0.0000 0.0000 0.0000 0.0000 -0.0008 0.0000 0.0000 0.0002 -29.9997 -0.0001 -0.0003 29.9996 0.0000 0.0000 0.0000 2.2210 3.9802 176.9100 -0.1438 -13.3223 0.0995 -7.1305 82.8017 -2.1441 0.0000 26.3027 0.0000 -4.2819 -22.8008 -179.5685 0.3123 -20.4800 -0.1389 5.4545 63.8876 0.8663 0.0000 25.2825 -0.0001 
-3.2135 89.7768 -11.0879 -4.8087 2.7212 -0.4167 -2.9638 3.1735 -0.2870 -2.9681 3.1782 -0.2875 -2.9727 3.1831 -0.2881 20.9905 77.3895 -75.7606 60.8824 62.5651 20.1984 31.6579 20.1721 87.0369 -0.7358 0.5419 -0.9519 0.0000 0.0000 0.0001 0.0000 0.0000 0.0000 0.0000 -0.0013 -0.0008 0.0000 -0.0004 0.0001 0.0000 0.0000 0.0000 0.0000 0.0000 0.0000 0.0000 0.0002 -0.0001 0.0000 -0.0006 0.0003 0.0000 0.0004 -0.0006 0.0000 0.0000 0.0001 0.0000 0.0000 0.0000 0.0000 -0.0010 -0.0002 0.0000 0.0002 30.0001 -0.0001 0.0005 -29.9998 0.0000 0.0000 0.0000 -3.7965 -1.0540 4.9549 -3.7964 -1.0540 4.9549 46.6634 86.0251 156.7533 -34.1141 64.8424 -16.3321 -31.0365 23.7279 -90.7621 1.0548 0.0191 2.7517 0.0000 0.0000 0.0001 0.0000 0.0000 0.0000 0.0000 -0.0006 0.0003 0.0000 -0.0001 0.0001 0.0000 0.0000 0.0000 0.0000 0.0000 0.0000 0.0000 0.0007 0.0001 0.0000 -0.0012 0.0001 0.0000 -0.0008 0.0003 0.0000 0.0001 0.0000 0.0000 0.0000 0.0000 0.0000 -0.0009 0.0000 0.0000 0.0002 -29.9996 -0.0001 -0.0003 29.9996 0.0000 0.0000 0.0000 2.9606 3.6773 177.0757 -0.1588 -13.6821 0.1017 -7.8599 83.0949 -2.9576 0.0000 26.2239 0.0000 -4.1290 -23.0202 -179.3208 0.2819 -20.6783 -0.1340 4.9838 64.1172 0.7530 0.0000 25.0380 -0.0001 
-3.1451 89.7397 -11.0473 -5.5385 2.9338 -0.6722 -3.2619 3.2964 -0.2454 -3.2673 3.3019 -0.2459 -3.2717 3.3064 -0.2464 20.8054 77.0099 -75.6513 61.9774 62.0689 20.5042 31.8405 20.1460 87.1574 -0.7254 0.5496 -0.8949 0.0000 0.0000 0.0001 0.0000 0.0000 0.0000 0.0000 -0.0013 -0.0008 0.0000 -0.0004 0.0001 0.0000 0.0000 0.0000 0.0000 0.0000 0.0000 0.0000 0.0002 0.0000 0.0000 -0.0006 0.0003 0.0000 0.0004 -0.0006 0.0000 0.0000 0.0001 0.0000 0.0000 0.0000 0.0000 -0.0010 -0.0002 0.0000 0.0002 30.0001 -0.0001 0.0005 -29.9998 0.0000 0.0000 0.0000 -3.2262 -1.2999 4.9461 -3.2262 -1.2999 4.9461 48.1877 85.3945 158.5872 -34.4246 64.1549 -16.8844 -31.2946 23.6899 -90.8792 1.0559 0.0127 2.7687 0.0000 -0.0001 0.0001 0.0000 0.0000 0.0000 0.0000 -0.0006 0.0003 0.0000 -0.0001 0.0001 0.0000 0.0000 0.0000 0.0000 0.0000 0.0000 0.0000 0.0007 0.0001 0.0000 -0.0012 0.0001 0.0000 -0.0008 0.0003 0.0000 0.0001 0.0000 0.0000 0.0000 0.0000 0.0000 -0.0009 0.0000 0.0000 0.0002 -29.9996 -0.0001 -0.0003 29.9996 0.0000 0.0000 0.0000 3.7100 3.3256 177.2680 -0.1751 -14.1384 0.1044 -8.6757 83.4334 -3.9342 0.0000 26.1605 0.0000 -3.9875 -23.2947 -179.1036 0.2475 -20.9087 -0.1282 4.6105 64.3336 0.6941 0.0000 25.0205 -0.0001 
-3.0772 89.6958 -10.9928 -6.2178 3.1498 -0.9318 -3.5395 3.4263 -0.2144 -3.5461 3.4327 -0.2150 -3.5502 3.4366 -0.2154 20.7168 76.6527 -75.5069 63.1298 61.6813 20.8548 32.0423 20.0142 87.2570 -0.7086 0.5508 -0.8380 0.0000 0.0000 0.0001 0.0000 0.0000 0.0000 0.0000 -0.0013 -0.0008 0.0000 -0.0004 0.0001 0.0000 0.0000 0.0000 0.0000 0.0000 0.0000 0.0000 0.0002 -0.0001 0.0000 -0.0006 0.0003 0.0000 0.0004 -0.0006 0.0000 0.0000 0.0001 0.0000 0.0000 0.0000 0.0000 -0.0010 -0.0002 0.0000 0.0002 30.0001 -0.0001 0.0005 -29.9998 0.0000 0.0000 0.0000 -2.7077 -1.5649 4.9852 -2.7076 -1.5649 4.9852 48.3160 84.7121 159.0183 -34.9897 63.3849 -17.5424 -31.6074 23.6943 -91.0003 1.0547 0.0066 2.7742 0.0000 -0.0001 0.0001 0.0000 0.0000 0.0000 0.0000 -0.0006 0.0003 0.0000 -0.0001 0.0001 0.0000 0.0000 0.0000 0.0000 0.0000 0.0000 0.0000 0.0007 0.0001 0.0000 -0.0012 0.0001 0.0000 -0.0008 0.0003 0.0000 0.0001 0.0000 0.0000 0.0000 0.0000 0.0000 -0.0009 0.0000 0.0000 0.0002 -29.9996 -0.0001 -0.0003 29.9996 0.0000 0.0000 0.0000 4.4476 2.9380 177.4708 -0.1927 -14.6672 0.1075 -9.6315 83.8112 -5.0994 0.0000 26.0771 0.0000 -3.8427 -23.5856 -178.9074 0.2159 -21.1178 -0.1228 4.3067 64.5205 0.6629 0.0000 25.0208 -0.0001 
-3.0104 89.6354 -10.9234 -6.8045 3.3769 -1.1853 -3.7783 3.5564 -0.2073 -3.7862 3.5638 -0.2080 -3.7898 3.5671 -0.2083 20.9160 76.4047 -75.1747 64.4669 61.3067 21.3767 32.1698 19.8734 87.4232 -0.6868 0.5456 -0.7801 0.0000 0.0000 0.0001 0.0000 0.0000 0.0000 0.0000 -0.0013 -0.0008 0.0000 -0.0004 0.0001 0.0000 0.0000 0.0000 0.0000 0.0000 0.0000 0.0000 0.0002 -0.0001 0.0000 -0.0006 0.0003 0.0000 0.0004 -0.0006 0.0000 0.0000 0.0001 0.0000 0.0000 0.0000 0.0000 -0.0010 -0.0002 0.0000 0.0002 30.0001 -0.0001 0.0005 -29.9998 0.0000 0.0000 0.0000 -2.3141 -1.8482 5.1116 -2.3141 -1.8482 5.1116 47.2365 83.9926 158.2238 -35.9582 62.5361 -18.3695 -31.9797 23.7651 -91.1184 1.0475 -0.0009 2.7602 0.0000 -0.0001 0.0001 0.0000 0.0000 0.0000 0.0000 -0.0006 0.0003 0.0000 -0.0001 0.0001 0.0000 0.0000 0.0000 0.0000 0.0000 0.0000 0.0000 0.0007 0.0001 0.0000 -0.0012 0.0001 0.0000 -0.0008 0.0003 0.0000 0.0001 0.0000 0.0000 0.0000 0.0000 0.0000 -0.0009 0.0000 0.0000 0.0002 -29.9996 -0.0001 -0.0003 29.9996 0.0000 0.0000 0.0000 5.1388 2.5363 177.6761 -0.2089 -15.2113 0.1106 -10.6641 84.2117 -6.3925 0.0000 26.0391 0.0000 -3.7049 -23.8410 -178.7164 0.1958 -21.2174 -0.1193 4.0460 64.6368 0.6099 0.0000 25.0210 -0.0001 
-2.9407 89.5834 -10.8502 -7.2918 3.6093 -1.4107 -3.9806 3.6779 -0.2261 -3.9896 3.6862 -0.2269 -3.9926 3.6890 -0.2271 21.3595 76.2476 -74.6807 65.6252 61.0288 21.8458 32.3496 19.7836 87.5561 -0.6622 0.5353 -0.7258 0.0000 0.0000 0.0001 0.0000 0.0000 0.0000 0.0000 -0.0013 -0.0008 0.0000 -0.0004 0.0001 0.0000 0.0000 0.0000 0.0000 0.0000 0.0000 0.0000 0.0002 0.0000 0.0000 -0.0006 0.0003 0.0000 0.0004 -0.0006 0.0000 0.0000 0.0001 0.0000 0.0000 0.0000 0.0000 -0.0010 -0.0002 0.0000 0.0002 30.0001 -0.0001 0.0005 -29.9998 0.0000 0.0000 0.0000 -2.0505 -2.1304 5.3132 -2.0505 -2.1304 5.3132 45.6943 83.2977 156.9156 -37.2391 61.6756 -19.3186 -32.3595 23.8759 -91.2381 1.0351 -0.0093 2.7308 0.0000 -0.0001 0.0001 0.0000 0.0000 0.0000 0.0000 -0.0006 0.0003 0.0000 -0.0001 0.0001 0.0000 0.0000 0.0000 0.0000 0.0000 0.0000 0.0000 0.0007 0.0001 0.0000 -0.0011 0.0001 0.0000 -0.0008 0.0003 0.0000 0.0001 0.0000 0.0000 0.0000 0.0000 0.0000 -0.0009 0.0000 0.0000 0.0002 -29.9996 -0.0001 -0.0003 29.9996 0.0000 0.0000 0.0000 5.7277 2.1601 177.8491 -0.2228 -15.6777 0.1133 -11.7071 84.5806 -7.6890 0.0000 25.9243 0.0000 -3.5755 -24.0272 -178.5409 0.1801 -21.1985 -0.1163 3.8060 64.6988 0.5068 0.0000 25.0211 -0.0001 
-2.8725 89.5366 -10.7734 -7.6834 3.8418 -1.6007 -4.1448 3.7906 -0.2637 -4.1549 3.7998 -0.2647 -4.1574 3.8020 -0.2649 21.9357 76.1672 -74.1249 66.7274 60.7938 22.3384 32.4825 19.7045 87.7015 -0.6374 0.5225 -0.6771 0.0000 0.0000 0.0001 0.0000 0.0000 0.0000 0.0000 -0.0013 -0.0008 0.0000 -0.0004 0.0001 0.0000 0.0000 0.0000 0.0000 0.0000 0.0000 0.0000 0.0002 0.0000 0.0000 -0.0006 0.0003 0.0000 0.0004 -0.0006 0.0000 0.0000 0.0001 0.0000 0.0000 0.0000 0.0000 -0.0010 -0.0002 0.0000 0.0002 30.0001 -0.0001 0.0005 -29.9998 0.0000 0.0000 0.0000 -1.9137 -2.4039 5.5703 -1.9137 -2.4039 5.5703 43.7735 82.6405 155.1736 -38.7623 60.8183 -20.3382 -32.7248 24.0085 -91.3628 1.0197 -0.0169 2.6900 0.0000 -0.0001 0.0001 0.0000 0.0000 0.0000 0.0000 -0.0006 0.0003 0.0000 -0.0001 0.0001 0.0000 0.0000 0.0000 0.0000 0.0000 0.0000 0.0000 0.0007 0.0001 0.0000 -0.0012 0.0001 0.0000 -0.0008 0.0003 0.0000 0.0001 0.0000 0.0000 0.0000 0.0000 0.0000 -0.0008 0.0000 0.0000 0.0002 -29.9996 -0.0001 -0.0003 29.9996 0.0000 0.0000 0.0000 6.1945 1.8536 177.9822 -0.2328 -15.9913 0.1153 -12.7232 84.8758 -8.9255 0.0000 25.8229 0.0000 -3.4616 -24.1580 -178.3822 0.1699 -21.1040 -0.1143 3.5608 64.7374 0.3369 0.0000 25.0213 -0.0001 
-2.8117 89.5089 -10.6785 -7.9455 4.0806 -1.7307 -4.2404 3.8830 -0.3182 -4.2512 3.8929 -0.3194 -4.2533 3.8947 -0.3196 22.7055 76.2020 -73.4822 67.5785 60.6232 22.8310 32.5524 19.6705 87.8383 -0.6180 0.5102 -0.6440 0.0000 0.0000 0.0001 0.0000 0.0000 0.0000 0.0000 -0.0013 -0.0008 0.0000 -0.0004 0.0001 0.0000 0.0000 0.0000 0.0000 0.0000 0.0000 0.0000 0.0002 0.0000 0.0000 -0.0006 0.0003 0.0000 0.0004 -0.0006 0.0000 0.0000 0.0001 0.0000 0.0000 0.0000 0.0000 -0.0010 -0.0002 0.0000 0.0002 30.0001 -0.0001 0.0005 -29.9998 0.0000 0.0000 0.0000 -1.9691 -2.6458 5.8623 -1.9691 -2.6458 5.8623 41.3357 82.0853 152.7992 -40.5645 60.0045 -21.4297 -33.0488 24.1705 -91.4917 1.0024 -0.0219 2.6360 0.0000 -0.0001 0.0001 0.0000 0.0000 0.0000 0.0000 -0.0006 0.0003 0.0000 -0.0001 0.0001 0.0000 0.0000 0.0000 0.0000 0.0000 0.0000 0.0000 0.0007 0.0001 0.0000 -0.0011 0.0001 0.0000 -0.0008 0.0003 0.0000 0.0001 0.0000 0.0000 0.0000 0.0000 0.0000 -0.0009 0.0000 0.0000 0.0002 -29.9996 -0.0001 -0.0002 29.9996 0.0000 0.0000 0.0000 6.4645 1.6601 178.0494 -0.2357 -16.0686 0.1159 -13.6503 85.0592 -9.9946 0.0000 25.6701 0.0000 -3.3583 -24.2708 -178.2599 0.1679 -21.0133 -0.1137 3.3369 64.7998 0.1059 0.0000 25.0215 -0.0001 
-2.7558 89.4801 -10.5613 -8.0972 4.3116 -1.8012 -4.2691 3.9683 -0.3868 -4.2803 3.9787 -0.3882 -4.2820 3.9803 -0.3884 23.6262 76.2773 -72.7603 68.1456 60.4871 23.3104 32.5684 19.7229 87.9513 -0.6090 0.5032 -0.6292 0.0000 0.0000 0.0001 0.0000 0.0000 0.0000 0.0000 -0.0013 -0.0008 0.0000 -0.0004 0.0001 0.0000 0.0000 0.0000 0.0000 0.0000 0.0000 0.0000 0.0002 0.0000 0.0000 -0.0006 0.0003 0.0000 0.0004 -0.0006 0.0000 0.0000 0.0001 0.0000 0.0000 0.0000 0.0000 -0.0010 -0.0002 0.0000 0.0002 30.0001 -0.0001 0.0005 -29.9998 0.0000 0.0000 0.0000 -2.2007 -2.8570 6.1735 -2.2007 -2.8570 6.1735 38.4641 81.5720 149.8962 -42.5169 59.2306 -22.5147 -33.3263 24.3589 -91.6199 0.9853 -0.0252 2.5766 0.0000 -0.0001 0.0001 0.0000 0.0000 0.0000 0.0000 -0.0006 0.0003 0.0000 -0.0001 0.0001 0.0000 0.0000 0.0000 0.0000 0.0000 0.0000 0.0000 0.0007 0.0001 0.0000 -0.0011 0.0001 0.0000 -0.0008 0.0003 0.0000 0.0001 0.0000 0.0000 0.0000 0.0000 0.0000 -0.0008 0.0000 0.0000 0.0002 -29.9996 -0.0001 -0.0003 29.9996 0.0000 0.0000 0.0000 6.5776 1.5604 178.0587 -0.2364 -15.9961 0.1159 -14.5331 85.1774 -10.9704 0.0000 25.5445 0.0000 -3.2709 -24.4261 -178.2004 0.1657 -21.0389 -0.1134 3.2028 64.9185 -0.0812 0.0000 25.0909 -0.0001 
-2.7044 89.4488 -10.4337 -8.1525 4.5416 -1.8197 -4.2407 4.0466 -0.4580 -4.2520 4.0572 -0.4596 -4.2535 4.0587 -0.4599 24.5812 76.3646 -72.0704 68.4252 60.4581 23.7210 32.5569 19.7606 88.0187 -0.6071 0.4991 -0.6315 0.0000 0.0000 0.0001 0.0000 0.0000 0.0000 0.0000 -0.0013 -0.0008 0.0000 -0.0004 0.0001 0.0000 0.0000 0.0000 0.0000 0.0000 0.0000 0.0000 0.0002 0.0000 0.0000 -0.0006 0.0003 0.0000 0.0004 -0.0006 0.0000 0.0000 0.0001 0.0000 0.0000 0.0000 0.0000 -0.0010 -0.0002 0.0000 0.0003 30.0001 -0.0001 0.0005 -29.9998 0.0000 0.0000 0.0000 -2.5573 -3.0353 6.4834 -2.5573 -3.0353 6.4834 35.2475 81.0866 146.5524 -44.5271 58.4929 -23.5446 -33.5734 24.5585 -91.7533 0.9708 -0.0248 2.5156 0.0000 -0.0001 0.0001 0.0000 0.0000 0.0000 0.0000 -0.0006 0.0003 0.0000 -0.0001 0.0001 0.0000 0.0000 0.0000 0.0000 0.0000 0.0000 0.0000 0.0007 0.0001 0.0000 -0.0012 0.0001 0.0000 -0.0008 0.0003 0.0000 0.0001 0.0000 0.0000 0.0000 0.0000 0.0000 -0.0008 0.0000 0.0000 0.0002 -29.9996 -0.0001 -0.0002 29.9995 0.0000 0.0000 0.0000 6.5673 1.4981 178.0220 -0.2367 -15.8618 0.1156 -15.4447 85.2656 -11.9499 0.0000 25.4212 0.0000 -3.2166 -24.6528 -178.2023 0.1590 -21.2117 -0.1124 3.1643 65.1012 -0.1907 0.0000 25.2729 -0.0001 
-2.6684 89.4175 -10.3142 -8.0571 4.7791 -1.7878 -4.1290 4.1207 -0.5129 -4.1398 4.1315 -0.5146 -4.1415 4.1331 -0.5149 25.4159 76.4351 -71.5614 68.4614 60.5804 24.0654 32.4582 19.6852 88.0874 -0.6149 0.4986 -0.6578 0.0000 0.0000 0.0001 0.0000 0.0000 0.0000 0.0000 -0.0013 -0.0008 0.0000 -0.0004 0.0001 0.0000 0.0000 0.0000 0.0000 0.0000 0.0000 0.0000 0.0002 0.0000 0.0000 -0.0006 0.0003 0.0000 0.0004 -0.0006 0.0000 0.0000 0.0001 0.0000 0.0000 0.0000 0.0000 -0.0010 -0.0002 0.0000 0.0002 30.0001 -0.0001 0.0005 -29.9998 0.0000 0.0000 0.0000 -3.0775 -3.1762 6.7612 -3.0775 -3.1762 6.7612 31.6563 80.5989 142.8089 -46.5757 57.7143 -24.5247 -33.8131 24.7846 -91.9006 0.9616 -0.0188 2.4535 0.0000 -0.0001 0.0001 0.0000 0.0000 0.0000 0.0000 -0.0006 0.0003 0.0000 -0.0001 0.0001 0.0000 0.0000 0.0000 0.0000 0.0000 0.0000 0.0000 0.0007 0.0001 0.0000 -0.0011 0.0001 0.0000 -0.0008 0.0003 0.0000 0.0001 0.0000 0.0000 0.0000 0.0000 0.0000 -0.0009 0.0000 0.0000 0.0002 -29.9996 -0.0001 -0.0003 29.9996 0.0000 0.0000 0.0000 6.4025 1.4392 177.9585 -0.2346 -15.6857 0.1150 -16.4082 85.3133 -12.9730 0.0000 25.3249 0.0000 -3.2296 -24.9876 -178.2658 0.1478 -21.5672 -0.1108 3.2870 65.3431 -0.1643 0.0000 25.3596 -0.0001 
-2.6584 89.3929 -10.2080 -7.8190 5.0352 -1.7516 -3.9644 4.1898 -0.5411 -3.9746 4.2005 -0.5428 -3.9764 4.2024 -0.5431 26.1865 76.5411 -71.1694 68.2876 60.8051 24.3398 32.3231 19.5312 88.1778 -0.6275 0.4987 -0.6995 0.0000 0.0000 0.0001 0.0000 0.0000 0.0000 0.0000 -0.0013 -0.0008 0.0000 -0.0004 0.0001 0.0000 0.0000 0.0000 0.0000 0.0000 0.0000 0.0000 0.0002 0.0000 0.0000 -0.0006 0.0003 0.0000 0.0004 -0.0006 0.0000 0.0000 0.0001 0.0000 0.0000 0.0000 0.0000 -0.0010 -0.0002 0.0000 0.0003 30.0001 -0.0001 0.0005 -29.9998 0.0000 0.0000 0.0000 -3.6966 -3.2935 6.9883 -3.6966 -3.2935 6.9883 27.8128 80.0640 138.6459 -48.4757 57.0127 -25.2481 -34.0913 25.0582 -92.0633 0.9568 -0.0099 2.3927 0.0000 -0.0001 0.0001 0.0000 0.0000 0.0000 0.0000 -0.0006 0.0003 0.0000 -0.0001 0.0001 0.0000 0.0000 0.0000 0.0000 0.0000 0.0000 0.0000 0.0007 0.0001 0.0000 -0.0011 0.0001 0.0000 -0.0008 0.0003 0.0000 0.0001 0.0000 0.0000 0.0000 0.0000 0.0000 -0.0009 0.0000 0.0000 0.0002 -29.9996 -0.0001 -0.0003 29.9996 0.0000 0.0000 0.0000 6.1097 1.3598 177.9198 -0.2266 -15.4755 0.1134 -17.3877 85.3140 -14.0108 0.0000 25.2746 0.0000 -3.3048 -25.3592 -178.3307 0.1424 -21.9746 -0.1103 3.5558 65.6012 -0.0354 0.0000 25.3899 -0.0001 
-2.6660 89.3804 -10.0972 -7.4344 5.3109 -1.7214 -3.7673 4.2574 -0.5478 -3.7768 4.2680 -0.5495 -3.7787 4.2702 -0.5499 27.0076 76.6932 -70.8619 67.9819 61.0207 24.6379 32.1836 19.3438 88.2804 -0.6438 0.4994 -0.7526 0.0000 0.0000 0.0001 0.0000 0.0000 0.0000 0.0000 -0.0013 -0.0008 0.0000 -0.0004 0.0001 0.0000 0.0000 0.0000 0.0000 0.0000 0.0000 0.0000 0.0002 0.0000 0.0000 -0.0006 0.0003 0.0000 0.0004 -0.0006 0.0000 0.0000 0.0001 0.0000 0.0000 0.0000 0.0000 -0.0010 -0.0002 0.0000 0.0002 30.0001 -0.0001 0.0005 -29.9998 0.0000 0.0000 0.0000 -4.3803 -3.4014 7.1838 -4.3803 -3.4014 7.1838 24.2006 79.4711 134.6862 -50.3601 56.2798 -25.9261 -34.3951 25.3636 -92.2414 0.9536 0.0001 2.3314 0.0000 -0.0001 0.0001 0.0000 0.0000 0.0000 0.0000 -0.0006 0.0003 0.0000 -0.0001 0.0001 0.0000 0.0000 0.0000 0.0000 0.0000 0.0000 0.0000 0.0007 0.0001 0.0000 -0.0012 0.0001 0.0000 -0.0008 0.0003 0.0000 0.0002 0.0000 0.0000 0.0000 0.0000 0.0000 -0.0008 0.0000 0.0000 0.0002 -29.9996 -0.0001 -0.0003 29.9996 0.0000 0.0000 0.0000 5.7054 1.2663 177.9131 -0.2145 -15.2331 0.1113 -18.2195 85.2827 -14.9135 0.0000 25.2117 0.0000 -3.4581 -25.7182 -178.3876 0.1386 -22.3608 -0.1100 3.9842 65.8511 0.2132 0.0000 25.4109 -0.0001 
-2.6960 89.3855 -9.9558 -6.8121 5.6164 -1.7077 -3.5311 4.3192 -0.5285 -3.5396 4.3295 -0.5301 -3.5418 4.3322 -0.5305 27.8246 76.8751 -70.6100 67.4751 61.2299 24.8731 32.0578 19.1727 88.3894 -0.6650 0.5027 -0.8150 0.0000 0.0000 0.0001 0.0000 0.0000 0.0000 0.0000 -0.0013 -0.0008 0.0000 -0.0004 0.0001 0.0000 0.0000 0.0000 0.0000 0.0000 0.0000 0.0000 0.0002 0.0000 0.0000 -0.0006 0.0003 0.0000 0.0004 -0.0006 0.0000 0.0000 0.0001 0.0000 0.0000 0.0000 0.0000 -0.0010 -0.0002 0.0000 0.0002 30.0001 -0.0001 0.0005 -29.9998 0.0000 0.0000 0.0000 -5.1424 -3.4967 7.3650 -5.1424 -3.4967 7.3650 21.0293 78.8472 131.0441 -52.1192 55.6307 -26.4550 -34.7209 25.6610 -92.5411 0.9533 0.0072 2.2809 0.0000 -0.0001 0.0001 0.0000 0.0000 0.0000 0.0000 -0.0006 0.0003 0.0000 -0.0001 0.0001 0.0000 0.0000 0.0000 0.0000 0.0000 0.0000 0.0000 0.0007 0.0001 0.0000 -0.0012 0.0001 0.0000 -0.0008 0.0003 0.0000 0.0001 0.0000 0.0000 0.0000 0.0000 0.0000 -0.0009 0.0000 0.0000 0.0002 -29.9996 -0.0001 -0.0002 29.9996 0.0000 0.0000 0.0000 5.1419 1.1367 177.9626 -0.1978 -14.9996 0.1087 -18.7774 85.2393 -15.5758 0.0000 25.0859 0.0000 -3.7526 -26.0150 -178.4254 0.1301 -22.6675 -0.1087 4.6723 66.0793 0.6554 0.0000 25.5043 -0.0001 
-2.7492 89.4006 -9.8277 -5.9814 5.9416 -1.6971 -3.2764 4.3741 -0.5023 -3.2840 4.3842 -0.5038 -3.2863 4.3873 -0.5042 28.6079 77.0637 -70.3408 66.7442 61.4338 24.9416 31.9541 19.0386 88.5117 -0.6914 0.5107 -0.8807 0.0000 0.0000 0.0001 0.0000 0.0000 0.0000 0.0000 -0.0013 -0.0008 0.0000 -0.0004 0.0001 0.0000 0.0000 0.0000 0.0000 0.0000 0.0000 0.0000 0.0002 -0.0001 0.0000 -0.0006 0.0003 0.0000 0.0004 -0.0006 0.0000 0.0000 0.0001 0.0000 0.0000 0.0000 0.0000 -0.0010 -0.0002 0.0000 0.0002 30.0001 -0.0001 0.0005 -29.9998 0.0000 0.0000 0.0000 -5.9545 -3.5851 7.5431 -5.9545 -3.5851 7.5431 18.5343 78.2183 127.9637 -53.6670 55.2082 -26.8339 -35.0914 25.9086 -92.8257 0.9474 0.0079 2.2367 0.0000 -0.0001 0.0001 0.0000 0.0000 0.0000 0.0000 -0.0006 0.0003 0.0000 -0.0001 0.0001 0.0000 0.0000 0.0000 0.0000 0.0000 0.0000 0.0000 0.0007 0.0001 0.0000 -0.0012 0.0001 0.0000 -0.0008 0.0003 0.0000 0.0001 0.0000 0.0000 0.0000 0.0000 0.0000 -0.0009 0.0000 0.0000 0.0002 -29.9997 -0.0001 -0.0003 29.9996 0.0000 0.0000 0.0000 4.4335 0.9051 178.0573 -0.1770 -14.8768 0.1058 -19.2234 85.2044 -16.1391 0.0000 25.0328 0.0000 -4.1363 -26.2820 -178.4556 0.1199 -22.9141 -0.1069 5.5957 66.2655 1.2366 0.0000 25.6633 -0.0001 
-2.8350 89.4234 -9.7491 -4.9697 6.2718 -1.6626 -2.9909 4.4304 -0.4823 -2.9976 4.4402 -0.4836 -3.0000 4.4438 -0.4841 29.3426 77.2906 -70.1808 65.8553 61.4701 24.9657 31.8768 18.9133 88.6518 -0.7240 0.5249 -0.9484 0.0000 0.0000 0.0001 0.0000 0.0000 0.0000 0.0000 -0.0013 -0.0008 0.0000 -0.0004 0.0001 0.0000 0.0000 0.0000 0.0000 0.0000 0.0000 0.0000 0.0002 0.0000 0.0000 -0.0006 0.0003 0.0000 0.0004 -0.0006 0.0000 0.0000 0.0001 0.0000 0.0000 0.0000 0.0000 -0.0010 -0.0002 0.0000 0.0002 30.0001 -0.0001 0.0005 -29.9998 0.0000 0.0000 0.0000 -6.8333 -3.6777 7.7281 -6.8333 -3.6777 7.7281 16.4481 77.5710 125.2025 -55.2595 54.8893 -27.2370 -35.3304 26.1862 -93.1502 0.9414 0.0022 2.2023 0.0000 -0.0001 0.0001 0.0000 0.0000 0.0000 0.0000 -0.0006 0.0003 0.0000 -0.0001 0.0001 0.0000 0.0000 0.0000 0.0000 0.0000 0.0000 0.0000 0.0007 0.0001 0.0000 -0.0012 0.0001 0.0000 -0.0008 0.0003 0.0000 0.0001 0.0000 0.0000 0.0000 0.0000 0.0000 -0.0008 0.0000 0.0000 0.0002 -29.9996 -0.0001 -0.0003 29.9996 0.0000 0.0000 0.0000 3.5981 0.5491 178.1792 -0.1513 -14.8993 0.1025 -19.6496 85.1718 -16.6885 0.0000 25.0330 0.0000 -4.5660 -26.5578 -178.4992 0.1192 -23.1468 -0.1070 6.7178 66.4058 1.9201 0.0000 25.8350 -0.0001 
-2.9535 89.4472 -9.7528 -3.7243 6.5936 -1.5528 -2.6794 4.4901 -0.4850 -2.6851 4.4996 -0.4862 -2.6875 4.5037 -0.4867 29.8317 77.5170 -70.2825 64.8403 61.3627 24.9029 31.8324 18.7433 88.8216 -0.7617 0.5451 -1.0172 0.0000 0.0000 0.0001 0.0000 0.0000 0.0000 0.0000 -0.0013 -0.0008 0.0000 -0.0004 0.0001 0.0000 0.0000 0.0000 0.0000 0.0000 0.0000 0.0000 0.0002 0.0000 0.0000 -0.0006 0.0003 0.0000 0.0004 -0.0006 0.0000 0.0000 0.0001 0.0000 0.0000 0.0000 0.0000 -0.0010 -0.0002 0.0000 0.0003 30.0001 -0.0001 0.0005 -29.9998 0.0000 0.0000 0.0000 -7.7716 -3.7715 7.9427 -7.7716 -3.7715 7.9427 15.0310 76.9461 123.1233 -56.7049 54.7787 -27.5147 -35.5652 26.3823 -93.4530 0.9255 -0.0124 2.1709 0.0000 -0.0001 0.0001 0.0000 0.0000 0.0000 0.0000 -0.0006 0.0003 0.0000 -0.0001 0.0001 0.0000 0.0000 0.0000 0.0000 0.0000 0.0000 0.0000 0.0007 0.0001 0.0000 -0.0011 0.0001 0.0000 -0.0008 0.0003 0.0000 0.0001 0.0000 0.0000 0.0000 0.0000 0.0000 -0.0008 0.0000 0.0000 0.0002 -29.9996 -0.0001 -0.0003 29.9996 0.0000 0.0000 0.0000 2.6051 0.0699 178.2849 -0.1218 -15.0421 0.0988 -19.6774 85.1098 -16.8413 0.0000 25.0327 0.0000 -5.0031 -26.8503 -178.6250 0.1355 -23.3553 -0.1106 8.1696 66.4470 2.8139 0.0000 26.1579 -0.0001 
-3.0499 89.4646 -9.7565 -2.3347 6.9002 -1.3520 -2.3285 4.5578 -0.5113 -2.3333 4.5671 -0.5125 -2.3356 4.5716 -0.5131 29.9161 77.7083 -70.7046 63.7162 61.1530 24.7734 31.8057 18.5619 89.0010 -0.8062 0.5717 -1.0903 0.0000 0.0000 0.0001 0.0000 0.0000 0.0000 0.0000 -0.0013 -0.0008 0.0000 -0.0004 0.0001 0.0000 0.0000 0.0000 0.0000 0.0000 0.0000 0.0000 0.0002 0.0000 0.0000 -0.0006 0.0003 0.0000 0.0004 -0.0006 0.0000 0.0000 0.0001 0.0000 0.0000 0.0000 0.0000 -0.0010 -0.0002 0.0000 0.0003 30.0001 -0.0001 0.0005 -29.9998 0.0000 0.0000 0.0000 -8.7714 -3.8704 8.2021 -8.7714 -3.8704 8.2021 13.9334 76.3170 121.3588 -57.9684 54.9064 -27.5928 -35.7782 26.4970 -93.7471 0.9045 -0.0330 2.1470 0.0000 -0.0001 0.0001 0.0000 0.0000 0.0000 0.0000 -0.0006 0.0003 0.0000 -0.0001 0.0001 0.0000 0.0000 0.0000 0.0000 0.0000 0.0000 0.0000 0.0007 0.0001 0.0000 -0.0012 0.0001 0.0000 -0.0008 0.0003 0.0000 0.0001 0.0000 0.0000 0.0000 0.0000 0.0000 -0.0009 0.0000 0.0000 0.0002 -29.9996 -0.0001 -0.0003 29.9996 0.0000 0.0000 0.0000 1.5350 -0.3846 178.3100 -0.0990 -15.1394 0.0959 -18.8472 85.0208 -16.1377 0.0000 25.0319 0.0000 -5.4368 -27.1098 -178.8807 0.1534 -23.4815 -0.1145 9.9155 66.3614 3.9783 0.0000 26.5839 -0.0001 
-3.1128 89.4685 -9.7354 -0.8512 7.1971 -1.0744 -1.9508 4.6299 -0.5506 -1.9547 4.6390 -0.5518 -1.9568 4.6438 -0.5525 29.6839 77.8743 -71.3680 62.5501 60.9045 24.6616 31.7769 18.3758 89.1629 -0.8554 0.6021 -1.1695 0.0000 0.0000 0.0001 0.0000 0.0000 0.0000 0.0000 -0.0013 -0.0008 0.0000 -0.0004 0.0001 0.0000 0.0000 0.0000 0.0000 0.0000 0.0000 0.0000 0.0002 0.0000 0.0000 -0.0006 0.0003 0.0000 0.0004 -0.0006 0.0000 0.0000 0.0001 0.0000 0.0000 0.0000 0.0000 -0.0010 -0.0002 0.0000 0.0002 30.0001 -0.0001 0.0005 -29.9998 0.0000 0.0000 0.0000 -9.8054 -3.9777 8.4851 -9.8054 -3.9777 8.4851 13.0667 75.7171 119.8567 -59.1002 55.1406 -27.5611 -35.9455 26.5834 -94.0009 0.8813 -0.0549 2.1244 0.0000 -0.0001 0.0001 0.0000 0.0000 0.0000 0.0000 -0.0006 0.0003 0.0000 -0.0001 0.0001 0.0000 0.0000 0.0000 0.0000 0.0000 0.0000 0.0000 0.0007 0.0001 0.0000 -0.0012 0.0001 0.0000 -0.0008 0.0003 0.0000 0.0001 0.0000 0.0000 0.0000 0.0000 0.0000 -0.0009 0.0000 0.0000 0.0002 -29.9996 -0.0001 -0.0003 29.9996 0.0000 0.0000 0.0000 0.4134 -0.7777 178.2521 -0.0845 -15.1391 0.0939 -17.1524 84.9003 -14.5514 0.0000 25.0307 0.0000 -5.8939 -27.3083 -179.2600 0.1636 -23.4528 -0.1166 11.8509 66.1116 5.3629 0.0000 26.8309 -0.0001 
-3.1292 89.4534 -9.6820 0.7384 7.5007 -0.6939 -1.5427 4.7045 -0.5967 -1.5457 4.7135 -0.5979 -1.5475 4.7187 -0.5986 29.3231 78.0950 -72.1973 61.4828 60.5271 24.8576 31.8262 18.1204 89.2530 -0.9030 0.6329 -1.2495 0.0000 0.0000 0.0001 0.0000 0.0000 0.0000 0.0000 -0.0013 -0.0008 0.0000 -0.0004 0.0001 0.0000 0.0000 0.0000 0.0000 0.0000 0.0000 0.0000 0.0003 0.0000 0.0000 -0.0006 0.0003 0.0000 0.0004 -0.0006 0.0000 0.0000 0.0001 0.0000 0.0000 0.0000 0.0000 -0.0010 -0.0002 0.0000 0.0002 30.0001 -0.0001 0.0005 -29.9998 0.0000 0.0000 0.0000 -10.8764 -4.1167 8.7808 -10.8764 -4.1167 8.7808 12.2990 75.1585 118.5495 -60.1659 55.3827 -27.4649 -35.9488 26.6826 -94.1802 0.8588 -0.0745 2.1003 0.0000 -0.0001 0.0001 0.0000 0.0000 0.0000 0.0000 -0.0006 0.0003 0.0000 -0.0001 0.0001 0.0000 0.0000 0.0000 0.0000 0.0000 0.0000 0.0000 0.0007 0.0001 0.0000 -0.0012 0.0001 0.0000 -0.0008 0.0003 0.0000 0.0001 0.0000 0.0000 0.0000 0.0000 0.0000 -0.0008 0.0000 0.0000 0.0002 -29.9996 -0.0001 -0.0003 29.9996 0.0000 0.0000 0.0000 -0.7830 -1.1546 178.0721 -0.0806 -15.0954 0.0934 -14.4091 84.7708 -11.8635 0.0000 25.1592 0.0000 -6.4342 -27.4941 -179.7974 0.1650 -23.2866 -0.1166 13.8895 65.6832 6.9352 0.0000 27.1167 -0.0001 
-3.1326 89.4237 -9.6340 2.3207 7.8101 -0.2729 -1.1152 4.7807 -0.6327 -1.1173 4.7897 -0.6340 -1.1186 4.7951 -0.6347 28.9086 78.3116 -72.9624 60.4856 60.2661 25.1401 31.9608 17.8217 89.3541 -0.9468 0.6595 -1.3317 0.0000 0.0000 0.0001 0.0000 0.0000 0.0000 0.0000 -0.0013 -0.0008 0.0000 -0.0004 0.0001 0.0000 0.0000 0.0000 0.0000 0.0000 0.0000 0.0000 0.0003 0.0000 0.0000 -0.0006 0.0003 0.0000 0.0004 -0.0006 0.0000 0.0000 0.0001 0.0000 0.0000 0.0000 0.0000 -0.0010 -0.0002 0.0000 0.0002 30.0001 -0.0001 0.0005 -29.9998 0.0000 0.0000 0.0000 -11.9357 -4.2908 9.0730 -11.9357 -4.2908 9.0730 11.5239 74.6263 117.2944 -61.1127 55.7682 -27.2227 -35.9723 26.6929 -94.2866 0.8306 -0.0933 2.0709 0.0000 -0.0001 0.0001 0.0000 0.0000 0.0000 0.0000 -0.0006 0.0003 0.0000 -0.0001 0.0001 0.0000 0.0000 0.0000 0.0000 0.0000 0.0000 0.0000 0.0007 0.0001 0.0000 -0.0012 0.0001 0.0000 -0.0008 0.0003 0.0000 0.0001 0.0000 0.0000 0.0000 0.0000 0.0000 -0.0009 0.0000 0.0000 0.0002 -29.9996 -0.0001 -0.0003 29.9996 0.0000 0.0000 0.0000 -1.9761 -1.6211 177.8446 -0.0813 -15.1807 0.0936 -11.3324 84.6794 -8.7860 0.0000 25.3820 0.0000 -7.0016 -27.8905 179.5989 0.1614 -23.4705 -0.1161 15.9768 65.3733 8.6423 0.0000 27.4049 -0.0001 
-3.1272 89.3776 -9.5937 3.8441 8.1163 0.1620 -0.6747 4.8623 -0.6528 -0.6761 4.8714 -0.6540 -0.6769 4.8769 -0.6548 28.5040 78.5658 -73.7269 59.5928 60.0436 25.5906 32.0176 17.6041 89.4853 -0.9922 0.6827 -1.4249 0.0000 0.0000 0.0001 0.0000 0.0000 0.0000 0.0000 -0.0013 -0.0008 0.0000 -0.0004 0.0001 0.0000 0.0000 0.0000 0.0000 0.0000 0.0000 0.0000 0.0003 0.0000 0.0000 -0.0006 0.0003 0.0000 0.0004 -0.0006 0.0000 0.0000 0.0001 0.0000 0.0000 0.0000 0.0000 -0.0010 -0.0002 0.0000 0.0002 30.0001 -0.0001 0.0005 -29.9998 0.0000 0.0000 0.0000 -12.9627 -4.5043 9.3498 -12.9627 -4.5043 9.3498 10.7243 74.0895 116.0329 -61.9732 56.1903 -26.9175 -36.0414 26.7431 -94.3648 0.8033 -0.1117 2.0406 0.0000 -0.0001 0.0001 0.0000 0.0000 0.0000 0.0000 -0.0006 0.0003 0.0000 -0.0001 0.0001 0.0000 0.0000 0.0000 0.0000 0.0000 0.0000 0.0000 0.0007 0.0001 0.0000 -0.0011 0.0001 0.0000 -0.0008 0.0003 0.0000 0.0001 0.0000 0.0000 0.0000 0.0000 0.0000 -0.0008 0.0000 0.0000 0.0002 -29.9996 -0.0001 -0.0003 29.9996 0.0000 0.0000 0.0000 -3.1388 -2.1930 177.5942 -0.0873 -15.4504 0.0946 -8.1842 84.6466 -5.5849 0.0000 25.6341 0.0000 -7.5955 -28.5808 178.9500 0.1359 -24.2308 -0.1118 18.1548 65.3239 10.5499 0.0000 27.6778 -0.0001 
-3.1399 89.3182 -9.5918 5.2784 8.4080 0.6056 -0.2246 4.9626 -0.6511 -0.2251 4.9722 -0.6523 -0.2254 4.9776 -0.6531 28.3588 78.8608 -74.2268 58.8527 59.9092 26.3394 32.0926 17.3930 89.5509 -1.0340 0.7016 -1.5229 0.0000 0.0000 0.0001 0.0000 0.0000 0.0000 0.0000 -0.0013 -0.0008 0.0000 -0.0004 0.0001 0.0000 0.0000 0.0000 0.0000 0.0000 0.0000 0.0000 0.0002 0.0000 0.0000 -0.0006 0.0003 0.0000 0.0004 -0.0006 0.0000 0.0000 0.0001 0.0000 0.0000 0.0000 0.0000 -0.0010 -0.0002 0.0000 0.0003 30.0001 -0.0001 0.0005 -29.9998 0.0000 0.0000 0.0000 -13.9472 -4.7855 9.6064 -13.9473 -4.7855 9.6064 10.0054 73.5190 114.8870 -62.9887 56.4412 -26.7155 -35.9387 26.8653 -94.5129 0.7831 -0.1279 2.0153 0.0000 -0.0001 0.0001 0.0000 0.0000 0.0000 0.0000 -0.0006 0.0003 0.0000 -0.0001 0.0001 0.0000 0.0000 0.0000 0.0000 0.0000 0.0000 0.0000 0.0007 0.0001 0.0000 -0.0012 0.0001 0.0000 -0.0008 0.0003 0.0000 0.0001 0.0000 0.0000 0.0000 0.0000 0.0000 -0.0008 0.0000 0.0000 0.0002 -29.9996 -0.0001 -0.0003 29.9996 0.0000 0.0000 0.0000 -4.2778 -2.9352 177.3415 -0.0963 -16.0200 0.0963 -5.2698 84.7033 -2.5651 0.0000 25.8701 0.0000 -8.2724 -29.7156 178.2984 0.0803 -25.9441 -0.1011 20.3823 65.8063 12.6478 0.0000 27.8852 -0.0001 
-3.1715 89.2504 -9.6359 6.6084 8.6893 1.0575 0.2131 5.0749 -0.6433 0.2135 5.0851 -0.6446 0.2137 5.0902 -0.6452 28.6745 79.2104 -74.2955 58.1814 59.9232 27.2178 32.2712 17.1263 89.6673 -1.0708 0.7144 -1.6250 0.0000 0.0000 0.0001 0.0000 0.0000 0.0000 0.0000 -0.0013 -0.0008 0.0000 -0.0004 0.0001 0.0000 0.0000 0.0000 0.0000 0.0000 0.0000 0.0000 0.0002 0.0000 0.0000 -0.0006 0.0003 0.0000 0.0004 -0.0006 0.0000 0.0000 0.0001 0.0000 0.0000 0.0000 0.0000 -0.0010 -0.0002 0.0000 0.0003 30.0001 -0.0001 0.0005 -29.9998 0.0000 0.0000 0.0000 -14.8774 -5.1084 9.8557 -14.8774 -5.1084 9.8557 9.5234 72.9458 113.9769 -63.9755 56.6932 -26.5140 -35.7480 26.9224 -94.6401 0.7638 -0.1421 1.9932 0.0000 -0.0001 0.0001 0.0000 0.0000 0.0000 0.0000 -0.0006 0.0003 0.0000 -0.0001 0.0001 0.0000 0.0000 0.0000 0.0000 0.0000 0.0000 0.0000 0.0007 0.0001 0.0000 -0.0011 0.0001 0.0000 -0.0008 0.0003 0.0000 0.0001 0.0000 0.0000 0.0000 0.0000 0.0000 -0.0008 0.0000 0.0000 0.0002 -29.9997 -0.0001 -0.0003 29.9996 0.0000 0.0000 0.0000 -5.3923 -3.7570 177.0928 -0.1051 -16.7018 0.0981 -2.7952 84.7819 0.0481 0.0000 26.1068 0.0000 -8.9468 -30.9806 177.6604 -0.0035 -27.9159 -0.0818 22.4482 66.4978 14.6067 0.0000 28.0076 -0.0001 
-3.2146 89.1859 -9.7094 7.8262 8.9557 1.5161 0.6331 5.1976 -0.6357 0.6344 5.2087 -0.6370 0.6350 5.2133 -0.6376 29.2847 79.5658 -74.0968 57.6256 59.9880 28.2144 32.4241 16.9093 89.8515 -1.1096 0.7250 -1.7354 0.0000 0.0000 0.0001 0.0000 0.0000 0.0000 0.0000 -0.0013 -0.0008 0.0000 -0.0004 0.0001 0.0000 0.0000 0.0000 0.0000 0.0000 0.0000 0.0000 0.0003 0.0000 0.0000 -0.0006 0.0003 0.0000 0.0004 -0.0006 0.0000 0.0000 0.0001 0.0000 0.0000 0.0000 0.0000 -0.0010 -0.0002 0.0000 0.0002 30.0001 -0.0001 0.0005 -29.9998 0.0000 0.0000 0.0000 -15.7500 -5.4552 10.1001 -15.7500 -5.4552 10.1001 9.1253 72.3682 113.1690 -64.9972 56.9193 -26.3948 -35.5016 26.9614 -94.7551 0.7466 -0.1550 1.9749 0.0000 -0.0001 0.0001 0.0000 0.0000 0.0000 0.0000 -0.0006 0.0003 0.0000 -0.0001 0.0001 0.0000 0.0000 0.0000 0.0000 0.0000 0.0000 0.0000 0.0007 0.0001 0.0000 -0.0012 0.0001 0.0000 -0.0008 0.0003 0.0000 0.0001 0.0000 0.0000 0.0000 0.0000 0.0000 -0.0009 0.0000 0.0000 0.0002 -29.9996 -0.0001 -0.0003 29.9996 0.0000 0.0000 0.0000 -6.4546 -4.5901 176.8486 -0.1125 -17.3941 0.0999 -0.8354 84.8649 2.1524 0.0000 26.2585 0.0000 -9.5558 -32.1829 177.0861 -0.0810 -29.7641 -0.0612 24.1581 67.2342 16.1650 0.0000 27.9309 -0.0001 
-3.2357 89.1116 -9.7908 8.8338 9.1841 1.9439 1.0313 5.3399 -0.6275 1.0336 5.3523 -0.6288 1.0343 5.3560 -0.6293 29.9400 79.8501 -73.8954 57.0415 60.1892 29.1399 32.4940 16.8505 90.0624 -1.1544 0.7317 -1.8652 0.0000 0.0000 0.0001 0.0000 0.0000 0.0000 0.0000 -0.0013 -0.0008 0.0000 -0.0004 0.0001 0.0000 0.0000 0.0000 0.0000 0.0000 0.0000 0.0000 0.0002 0.0000 0.0000 -0.0006 0.0003 0.0000 0.0004 -0.0006 0.0000 0.0000 0.0001 0.0000 0.0000 0.0000 0.0000 -0.0010 -0.0002 0.0000 0.0002 30.0001 -0.0001 0.0005 -29.9998 0.0000 0.0000 0.0000 -16.5152 -5.8184 10.3528 -16.5152 -5.8184 10.3528 8.8686 71.8016 112.5511 -65.8509 57.0657 -26.1987 -35.3010 27.0202 -94.9268 0.7351 -0.1660 1.9629 0.0000 -0.0001 0.0001 0.0000 0.0000 0.0000 0.0000 -0.0006 0.0003 0.0000 -0.0001 0.0001 0.0000 0.0000 0.0000 0.0000 0.0000 0.0000 0.0000 0.0007 0.0001 0.0000 -0.0012 0.0001 0.0000 -0.0008 0.0003 0.0000 0.0001 0.0000 0.0000 0.0000 0.0000 0.0000 -0.0008 0.0000 0.0000 0.0002 -29.9997 -0.0001 -0.0003 29.9996 0.0000 0.0000 0.0000 -7.3499 -5.3058 176.6105 -0.1245 -17.9620 0.1024 0.3684 84.9523 3.4347 0.0000 26.4034 0.0000 -10.0499 -33.0934 176.6414 -0.1245 -31.0548 -0.0482 25.1172 67.8313 16.9230 0.0000 27.0282 -0.0001 
-3.2337 89.0255 -9.8499 9.7574 9.3970 2.3438 1.3797 5.4849 -0.6195 1.3831 5.4986 -0.6209 1.3838 5.5014 -0.6212 30.7572 80.0652 -73.5091 56.7027 60.5234 30.1170 32.6015 16.7391 90.2623 -1.1892 0.7311 -1.9882 0.0000 0.0000 0.0001 0.0000 0.0000 0.0000 0.0000 -0.0013 -0.0008 0.0000 -0.0004 0.0001 0.0000 0.0000 0.0000 0.0000 0.0000 0.0000 0.0000 0.0002 0.0000 0.0000 -0.0006 0.0003 0.0000 0.0004 -0.0006 0.0000 0.0000 0.0001 0.0000 0.0000 0.0000 0.0000 -0.0010 -0.0002 0.0000 0.0002 30.0001 -0.0001 0.0005 -29.9998 0.0000 0.0000 0.0000 -17.1941 -6.1772 10.6211 -17.1941 -6.1772 10.6211 8.7260 71.3115 112.1184 -66.5852 57.1776 -26.0254 -35.0608 27.0687 -95.0994 0.7269 -0.1758 1.9565 0.0000 -0.0001 0.0001 0.0000 0.0000 0.0000 0.0000 -0.0006 0.0003 0.0000 -0.0001 0.0001 0.0000 0.0000 0.0000 0.0000 0.0000 0.0000 0.0000 0.0007 0.0001 0.0000 -0.0012 0.0001 0.0000 -0.0008 0.0003 0.0000 0.0001 0.0000 0.0000 0.0000 0.0000 0.0000 -0.0009 0.0000 0.0000 0.0002 -29.9996 -0.0001 -0.0003 29.9996 0.0000 0.0000 0.0000 -8.1480 -5.9476 176.3961 -0.1377 -18.4687 0.1051 0.7564 85.0959 3.7935 0.0000 26.4747 0.0000 -10.5085 -33.7740 176.2844 -0.1389 -31.9290 -0.0431 25.5797 68.3391 17.1357 0.0000 26.6518 -0.0001 
-3.2127 88.9296 -9.8877 10.5691 9.6110 2.6904 1.6884 5.6221 -0.6122 1.6929 5.6373 -0.6136 1.6934 5.6391 -0.6138 31.8159 80.2520 -72.8406 56.5285 60.9637 31.0584 32.7580 16.5946 90.4778 -1.2138 0.7237 -2.0998 0.0000 0.0000 0.0001 0.0000 0.0000 0.0000 0.0000 -0.0013 -0.0008 0.0000 -0.0004 0.0001 0.0000 0.0000 0.0000 0.0000 0.0000 0.0000 0.0000 0.0002 0.0000 0.0000 -0.0006 0.0003 0.0000 0.0004 -0.0006 0.0000 0.0000 0.0001 0.0000 0.0000 0.0000 0.0000 -0.0010 -0.0002 0.0000 0.0002 30.0001 -0.0001 0.0005 -29.9998 0.0000 0.0000 0.0000 -17.7870 -6.5208 10.8982 -17.7870 -6.5208 10.8982 8.6960 70.9295 111.8614 -67.2417 57.2828 -25.9435 -34.7356 27.1053 -95.2307 0.7203 -0.1851 1.9544 0.0000 -0.0001 0.0001 0.0000 0.0000 0.0000 0.0000 -0.0006 0.0003 0.0000 -0.0001 0.0001 0.0000 0.0000 0.0000 0.0000 0.0000 0.0000 0.0000 0.0007 0.0001 0.0000 -0.0012 0.0001 0.0000 -0.0008 0.0003 0.0000 0.0001 0.0000 0.0000 0.0000 0.0000 0.0000 -0.0008 0.0000 0.0000 0.0002 -29.9996 -0.0001 -0.0002 29.9996 0.0000 0.0000 0.0000 -8.8000 -6.5599 176.2270 -0.1503 -18.9881 0.1078 0.3175 85.3249 3.2138 0.0000 26.4560 0.0000 -10.9066 -34.3340 175.9939 -0.1506 -32.5855 -0.0388 25.7842 68.8066 17.0697 0.0000 26.5271 -0.0001 
-3.1915 88.8133 -9.8927 11.1861 9.8280 2.9252 1.9381 5.7422 -0.6036 1.9435 5.7587 -0.6050 1.9438 5.7596 -0.6051 32.9602 80.3666 -71.9984 56.4834 61.5177 31.7509 32.7505 16.5425 90.7249 -1.2329 0.7094 -2.2030 0.0000 0.0000 0.0001 0.0000 0.0000 0.0000 0.0000 -0.0013 -0.0008 0.0000 -0.0004 0.0001 0.0000 0.0000 0.0000 0.0000 0.0000 0.0000 0.0000 0.0002 0.0000 0.0000 -0.0006 0.0003 0.0000 0.0004 -0.0006 0.0000 0.0000 0.0001 0.0000 0.0000 0.0000 0.0000 -0.0010 -0.0002 0.0000 0.0002 30.0001 -0.0001 0.0005 -29.9998 0.0000 0.0000 0.0000 -18.2410 -6.8298 11.1701 -18.2410 -6.8298 11.1701 8.6307 70.7132 111.6912 -67.7118 57.4030 -25.9697 -34.4794 27.2039 -95.3287 0.7154 -0.1969 1.9578 0.0000 -0.0001 0.0001 0.0000 0.0000 0.0000 0.0000 -0.0006 0.0003 0.0000 -0.0001 0.0001 0.0000 0.0000 0.0000 0.0000 0.0000 0.0000 0.0000 0.0007 0.0001 0.0000 -0.0012 0.0001 0.0000 -0.0008 0.0003 0.0000 0.0001 0.0000 0.0000 0.0000 0.0000 0.0000 -0.0009 0.0000 0.0000 0.0002 -29.9996 -0.0001 -0.0003 29.9996 0.0000 0.0000 0.0000 -9.1900 -7.1419 176.1652 -0.1534 -19.5843 0.1091 -1.7165 85.6822 0.8826 0.0000 26.4034 0.0000 -11.1867 -34.7930 175.8106 -0.1708 -33.0878 -0.0321 25.8107 69.2462 16.8105 0.0000 26.6035 -0.0001 
-3.1958 88.7052 -9.8723 11.6686 10.0404 3.0623 2.1266 5.8463 -0.5952 2.1330 5.8639 -0.5966 2.1330 5.8640 -0.5966 33.9382 80.3886 -71.2354 56.5555 62.1565 32.2207 32.7303 16.4660 90.8809 -1.2383 0.6904 -2.2817 0.0000 0.0000 0.0001 0.0000 0.0000 0.0000 0.0000 -0.0013 -0.0008 0.0000 -0.0004 0.0001 0.0000 0.0000 0.0000 0.0000 0.0000 0.0000 0.0000 0.0003 0.0000 0.0000 -0.0006 0.0003 0.0000 0.0004 -0.0006 0.0000 0.0000 0.0001 0.0000 0.0000 0.0000 0.0000 -0.0010 -0.0002 0.0000 0.0002 30.0001 -0.0001 0.0005 -29.9998 0.0000 0.0000 0.0000 -18.5606 -7.1013 11.4281 -18.5606 -7.1013 11.4281 8.6485 70.6350 111.7088 -68.0909 57.5519 -26.1108 -34.2086 27.3044 -95.4073 0.7092 -0.2128 1.9665 0.0000 -0.0001 0.0001 0.0000 0.0000 0.0000 0.0000 -0.0006 0.0003 0.0000 -0.0001 0.0001 0.0000 0.0000 0.0000 0.0000 0.0000 0.0000 0.0000 0.0007 0.0001 0.0000 -0.0012 0.0001 0.0000 -0.0008 0.0003 0.0000 0.0001 0.0000 0.0000 0.0000 0.0000 0.0000 -0.0008 0.0000 0.0000 0.0002 -29.9996 -0.0001 -0.0003 29.9996 0.0000 0.0000 0.0000 -9.4040 -7.6573 176.1888 -0.1535 -20.2141 0.1100 -5.3465 86.1236 -3.1408 0.0000 26.1458 0.0000 -11.3754 -35.1779 175.7356 -0.1783 -33.5150 -0.0292 25.7703 69.6740 16.4749 0.0000 26.6358 -0.0001 
-3.2214 88.5993 -9.8458 12.0320 10.2561 3.1235 2.2584 5.9322 -0.5888 2.2654 5.9509 -0.5902 2.2651 5.9502 -0.5902 34.7992 80.3435 -70.5120 56.7834 62.8515 32.4862 32.6987 16.3215 91.0258 -1.2300 0.6669 -2.3360 0.0000 0.0000 0.0001 0.0000 0.0000 0.0000 0.0000 -0.0013 -0.0008 0.0000 -0.0004 0.0001 0.0000 0.0000 0.0000 0.0000 0.0000 0.0000 0.0000 0.0002 0.0000 0.0000 -0.0006 0.0003 0.0000 0.0004 -0.0006 0.0000 0.0000 0.0001 0.0000 0.0000 0.0000 0.0000 -0.0010 -0.0002 0.0000 0.0002 30.0001 -0.0001 0.0005 -29.9998 0.0000 0.0000 0.0000 -18.7756 -7.3355 11.6559 -18.7756 -7.3355 11.6559 8.7866 70.6901 111.9274 -68.3466 57.7479 -26.3166 -33.9156 27.3912 -95.4692 0.7014 -0.2325 1.9804 0.0000 -0.0001 0.0001 0.0000 0.0000 0.0000 0.0000 -0.0006 0.0003 0.0000 -0.0001 0.0001 0.0000 0.0000 0.0000 0.0000 0.0000 0.0000 0.0000 0.0007 0.0001 0.0000 -0.0011 0.0001 0.0000 -0.0008 0.0003 0.0000 0.0001 0.0000 0.0000 0.0000 0.0000 0.0000 -0.0008 0.0000 0.0000 0.0002 -29.9996 -0.0001 -0.0003 29.9996 0.0000 0.0000 0.0000 -9.4834 -8.0821 176.2775 -0.1504 -20.7746 0.1102 -10.8274 86.5569 -9.0702 0.0000 25.8519 0.0000 -11.4891 -35.5056 175.7484 -0.1733 -33.8496 -0.0301 25.6399 70.0645 16.0493 0.0000 26.7102 -0.0001 
-3.2548 88.5149 -9.8195 12.2261 10.4801 3.0997 2.2987 5.9873 -0.5931 2.3060 6.0066 -0.5946 2.3056 6.0055 -0.5946 35.4948 80.2018 -69.8632 57.2804 63.4523 32.6016 32.5757 16.1788 91.1487 -1.2115 0.6430 -2.3573 0.0000 0.0000 0.0001 0.0000 0.0000 0.0000 0.0000 -0.0013 -0.0008 0.0000 -0.0004 0.0001 0.0000 0.0000 0.0000 0.0000 0.0000 0.0000 0.0000 0.0002 0.0000 0.0000 -0.0006 0.0003 0.0000 0.0004 -0.0006 0.0000 0.0000 0.0001 0.0000 0.0000 0.0000 0.0000 -0.0010 -0.0002 0.0000 0.0002 30.0001 -0.0001 0.0005 -29.9998 0.0000 0.0000 0.0000 -18.8317 -7.4950 11.8190 -18.8317 -7.4950 11.8190 9.1248 70.9285 112.4293 -68.4045 58.0447 -26.5680 -33.6073 27.4372 -95.5106 0.6904 -0.2574 2.0009 0.0000 -0.0001 0.0001 0.0000 0.0000 0.0000 0.0000 -0.0006 0.0003 0.0000 -0.0001 0.0001 0.0000 0.0000 0.0000 0.0000 0.0000 0.0000 0.0000 0.0007 0.0001 0.0000 -0.0012 0.0001 0.0000 -0.0008 0.0003 0.0000 0.0001 0.0000 0.0000 0.0000 0.0000 0.0000 -0.0009 0.0000 0.0000 0.0002 -29.9997 -0.0001 -0.0003 29.9996 0.0000 0.0000 0.0000 -9.4077 -8.3522 176.4185 -0.1495 -21.1440 0.1106 -18.0378 86.9064 -16.7441 0.0000 25.4994 0.0000 -11.5180 -35.7857 175.8518 -0.1704 -34.0859 -0.0306 25.4245 70.4009 15.5585 0.0000 26.6723 -0.0001 
-3.2812 88.4340 -9.7880 12.2819 10.7070 3.0241 2.2652 6.0148 -0.6095 2.2724 6.0342 -0.6110 2.2720 6.0330 -0.6109 35.8438 79.9452 -69.5024 57.8011 63.9425 32.5383 32.4539 16.1087 91.1855 -1.1916 0.6233 -2.3571 0.0000 0.0000 0.0001 0.0000 0.0000 0.0000 0.0000 -0.0013 -0.0008 0.0000 -0.0004 0.0001 0.0000 0.0000 0.0000 0.0000 0.0000 0.0000 0.0000 0.0002 0.0000 0.0000 -0.0006 0.0003 0.0000 0.0004 -0.0006 0.0000 0.0000 0.0001 0.0000 0.0000 0.0000 0.0000 -0.0010 -0.0002 0.0000 0.0002 30.0001 -0.0001 0.0005 -29.9998 0.0000 0.0000 0.0000 -18.7636 -7.5754 11.9224 -18.7636 -7.5754 11.9224 9.6594 71.2883 113.1705 -68.3056 58.4233 -26.8006 -33.3022 27.4395 -95.5668 0.6762 -0.2867 2.0256 0.0000 -0.0001 0.0001 0.0000 0.0000 0.0000 0.0000 -0.0006 0.0003 0.0000 -0.0001 0.0001 0.0000 0.0000 0.0000 0.0000 0.0000 0.0000 0.0000 0.0007 0.0001 0.0000 -0.0012 0.0001 0.0000 -0.0008 0.0003 0.0000 0.0001 0.0000 0.0000 0.0000 0.0000 0.0000 -0.0008 0.0000 0.0000 0.0002 -29.9996 -0.0001 -0.0003 29.9996 0.0000 0.0000 0.0000 -9.2369 -8.4894 176.5857 -0.1482 -21.2907 0.1105 -25.9248 87.1091 -25.0502 0.0000 25.3441 0.0000 -11.4747 -36.0363 175.9957 -0.1684 -34.2569 -0.0309 25.2064 70.6791 15.1039 0.0000 26.6644 -0.0001 
-3.3086 88.3778 -9.7237 12.2167 10.9345 2.9119 2.1726 6.0192 -0.6362 2.1795 6.0385 -0.6379 2.1791 6.0374 -0.6378 35.8508 79.5623 -69.4254 58.3397 64.3248 32.3053 32.3586 16.0908 91.1832 -1.1729 0.6086 -2.3410 0.0000 0.0000 0.0001 0.0000 0.0000 0.0000 0.0000 -0.0013 -0.0008 0.0000 -0.0004 0.0001 0.0000 0.0000 0.0000 0.0000 0.0000 0.0000 0.0000 0.0002 0.0000 0.0000 -0.0006 0.0003 0.0000 0.0004 -0.0006 0.0000 0.0000 0.0001 0.0000 0.0000 0.0000 0.0000 -0.0010 -0.0002 0.0000 0.0002 30.0001 -0.0001 0.0005 -29.9998 0.0000 0.0000 0.0000 -18.5963 -7.5824 11.9735 -18.5963 -7.5824 11.9735 10.3621 71.7261 114.1176 -68.0973 58.8674 -27.0011 -32.9994 27.4124 -95.6473 0.6592 -0.3200 2.0534 0.0000 -0.0001 0.0001 0.0000 0.0000 0.0000 0.0000 -0.0006 0.0003 0.0000 -0.0001 0.0001 0.0000 0.0000 0.0000 0.0000 0.0000 0.0000 0.0000 0.0007 0.0001 0.0000 -0.0012 0.0001 0.0000 -0.0008 0.0003 0.0000 0.0001 0.0000 0.0000 0.0000 0.0000 0.0000 -0.0008 0.0000 0.0000 0.0002 -29.9997 -0.0001 -0.0003 29.9996 0.0000 0.0000 0.0000 -8.9916 -8.5289 176.7649 -0.1464 -21.2747 0.1102 -33.6925 87.2000 -33.1808 0.0000 25.1616 0.0000 -11.3763 -36.2421 176.1723 -0.1594 -34.3738 -0.0335 24.9838 70.9254 14.6962 0.0000 26.5763 -0.0001 
-3.3491 88.3533 -9.5823 11.9835 11.1508 2.7662 2.0018 5.9922 -0.6705 2.0079 6.0109 -0.6723 2.0077 6.0103 -0.6722 35.3262 79.0466 -69.7974 58.8953 64.5084 31.8558 32.3043 16.1758 91.1450 -1.1553 0.5987 -2.3023 0.0000 0.0000 0.0001 0.0000 0.0000 0.0000 0.0000 -0.0013 -0.0008 0.0000 -0.0004 0.0001 0.0000 0.0000 0.0000 0.0000 0.0000 0.0000 0.0000 0.0003 0.0000 0.0000 -0.0007 0.0003 0.0000 0.0004 -0.0006 0.0000 0.0000 0.0001 0.0000 0.0000 0.0000 0.0000 -0.0010 -0.0002 0.0000 0.0002 30.0001 -0.0001 0.0005 -29.9998 0.0000 0.0000 0.0000 -18.2973 -7.4820 11.9280 -18.2974 -7.4820 11.9280 11.1797 72.2644 115.2233 -67.7386 59.4109 -27.1194 -32.7319 27.3618 -95.7525 0.6382 -0.3570 2.0817 0.0000 -0.0001 0.0001 0.0000 0.0000 0.0000 0.0000 -0.0006 0.0003 0.0000 -0.0001 0.0001 0.0000 0.0000 0.0000 0.0000 0.0000 0.0000 0.0000 0.0007 0.0001 0.0000 -0.0012 0.0001 0.0000 -0.0008 0.0003 0.0000 0.0001 0.0000 0.0000 0.0000 0.0000 0.0000 -0.0009 0.0000 0.0000 0.0002 -29.9996 -0.0001 -0.0003 29.9996 0.0000 0.0000 0.0000 -8.6432 -8.4528 176.9345 -0.1492 -21.0786 0.1104 -40.0344 87.1932 -39.8091 0.0000 25.0377 0.0000 -11.2114 -36.3430 176.3886 -0.1447 -34.3864 -0.0381 24.7070 71.1351 14.3121 0.0000 26.5139 -0.0001 
-3.4139 88.3510 -9.3831 11.6141 11.3536 2.6045 1.7949 5.9474 -0.7036 1.8002 5.9654 -0.7055 1.8002 5.9654 -0.7055 34.3728 78.4110 -70.4251 59.4529 64.5752 31.2970 32.2544 16.3678 91.0569 -1.1425 0.5943 -2.2538 0.0000 0.0000 0.0001 0.0000 0.0000 0.0000 0.0000 -0.0013 -0.0008 0.0000 -0.0004 0.0001 0.0000 0.0000 0.0000 0.0000 0.0000 0.0000 0.0000 0.0002 0.0000 0.0000 -0.0006 0.0003 0.0000 0.0004 -0.0006 0.0000 0.0000 0.0001 0.0000 0.0000 0.0000 0.0000 -0.0010 -0.0002 0.0000 0.0002 30.0001 -0.0001 0.0005 -29.9998 0.0000 0.0000 0.0000 -17.9346 -7.3106 11.7991 -17.9346 -7.3106 11.7991 11.9603 72.8419 116.3887 -67.2632 59.9983 -27.1436 -32.5414 27.2960 -95.8763 0.6151 -0.3954 2.1092 0.0000 -0.0001 0.0001 0.0000 0.0000 0.0000 0.0000 -0.0006 0.0003 0.0000 -0.0001 0.0001 0.0000 0.0000 0.0000 0.0000 0.0000 0.0000 0.0000 0.0007 0.0001 0.0000 -0.0011 0.0001 0.0000 -0.0008 0.0003 0.0000 0.0001 0.0000 0.0000 0.0000 0.0000 0.0000 -0.0009 0.0000 0.0000 0.0002 -29.9997 -0.0001 -0.0003 29.9996 0.0000 0.0000 0.0000 -8.2118 -8.3186 177.0896 -0.1514 -20.7866 0.1104 -44.9180 87.1097 -44.9173 0.0000 25.0407 0.0000 -10.9971 -36.3808 176.6365 -0.1279 -34.3539 -0.0433 24.3448 71.3380 13.9042 0.0000 26.4474 -0.0001 
-3.5021 88.3500 -9.1491 11.1131 11.5415 2.4184 1.5433 5.8904 -0.7321 1.5477 5.9076 -0.7340 1.5479 5.9083 -0.7341 33.1895 77.7072 -71.1593 59.9522 64.5974 30.6153 32.1980 16.5958 90.9583 -1.1340 0.5944 -2.2029 0.0000 0.0000 0.0001 0.0000 0.0000 0.0000 0.0000 -0.0013 -0.0008 0.0000 -0.0004 0.0001 0.0000 0.0000 0.0000 0.0000 0.0000 0.0000 0.0000 0.0002 0.0000 0.0000 -0.0006 0.0003 0.0000 0.0004 -0.0006 0.0000 0.0000 0.0001 0.0000 0.0000 0.0000 0.0000 -0.0010 -0.0002 0.0000 0.0002 30.0001 -0.0001 0.0005 -29.9998 0.0000 0.0000 0.0000 -17.4903 -7.0858 11.6079 -17.4903 -7.0858 11.6079 12.7193 73.4248 117.5506 -66.6938 60.5883 -27.0673 -32.4344 27.2305 -96.0144 0.5921 -0.4323 2.1337 0.0000 -0.0001 0.0001 0.0000 0.0000 0.0000 0.0000 -0.0006 0.0003 0.0000 -0.0001 0.0001 0.0000 0.0000 0.0000 0.0000 0.0000 0.0000 0.0000 0.0007 0.0001 0.0000 -0.0012 0.0001 0.0000 -0.0008 0.0003 0.0000 0.0001 0.0000 0.0000 0.0000 0.0000 0.0000 -0.0009 0.0000 0.0000 0.0002 -29.9997 -0.0001 -0.0003 29.9996 0.0000 0.0000 0.0000 -7.6918 -8.1210 177.2362 -0.1541 -20.4143 0.1104 -48.4480 86.9751 -48.6259 0.0000 25.0435 0.0000 -10.7258 -36.3881 176.9194 -0.1058 -34.3133 -0.0501 23.9058 71.5456 13.4701 0.0000 26.4077 -0.0001 
-3.6194 88.3492 -8.8875 10.4152 11.6986 2.1859 1.2431 5.8304 -0.7576 1.2464 5.8467 -0.7596 1.2467 5.8480 -0.7597 31.8452 76.9625 -71.9700 60.4578 64.4998 29.8054 32.1509 16.8295 90.8958 -1.1269 0.5991 -2.1414 0.0000 0.0000 0.0001 0.0000 0.0000 0.0000 0.0000 -0.0013 -0.0008 0.0000 -0.0004 0.0001 0.0000 0.0000 0.0000 0.0000 0.0000 0.0000 0.0000 0.0002 0.0000 0.0000 -0.0006 0.0003 0.0000 0.0004 -0.0006 0.0000 0.0000 0.0001 0.0000 0.0000 0.0000 0.0000 -0.0010 -0.0002 0.0000 0.0002 30.0001 -0.0001 0.0005 -29.9998 0.0000 0.0000 0.0000 -16.9426 -6.8080 11.3713 -16.9426 -6.8080 11.3713 13.4665 73.9425 118.5772 -65.8673 61.2878 -26.6934 -32.3919 27.1701 -96.1448 0.5720 -0.4668 2.1603 0.0000 -0.0001 0.0001 0.0000 0.0000 0.0000 0.0000 -0.0006 0.0003 0.0000 -0.0001 0.0001 0.0000 0.0000 0.0000 0.0000 0.0000 0.0000 0.0000 0.0007 0.0001 0.0000 -0.0012 0.0001 0.0000 -0.0008 0.0003 0.0000 0.0001 0.0000 0.0000 0.0000 0.0000 0.0000 -0.0008 0.0000 0.0000 0.0002 -29.9997 -0.0001 -0.0003 29.9996 0.0000 0.0000 0.0000 -7.0254 -7.8241 177.3836 -0.1539 -19.9487 0.1097 -50.6789 86.7961 -50.9836 0.0000 25.0461 0.0000 -10.3725 -36.3719 177.2604 -0.0743 -34.2938 -0.0598 23.3432 71.7739 12.9840 0.0000 26.3007 -0.0001 
-3.7300 88.3359 -8.6185 9.5835 11.8300 1.9280 0.9008 5.7780 -0.7842 0.9031 5.7935 -0.7861 0.9034 5.7954 -0.7864 30.4352 76.1888 -72.8061 61.0090 64.3354 28.9374 32.1283 17.1082 90.8398 -1.1177 0.6032 -2.0707 0.0000 0.0000 0.0001 0.0000 0.0000 0.0000 0.0000 -0.0013 -0.0008 0.0000 -0.0004 0.0001 0.0000 0.0000 0.0000 0.0000 0.0000 0.0000 0.0000 0.0002 0.0000 0.0000 -0.0006 0.0003 0.0000 0.0004 -0.0006 0.0000 0.0000 0.0001 0.0000 0.0000 0.0000 0.0000 -0.0010 -0.0002 0.0000 0.0002 30.0001 -0.0001 0.0005 -29.9998 0.0000 0.0000 0.0000 -16.3058 -6.5218 11.1364 -16.3058 -6.5218 11.1364 14.2839 74.4224 119.6966 -64.9269 61.9409 -26.2575 -32.4349 27.1464 -96.2360 0.5532 -0.5002 2.1856 0.0000 -0.0001 0.0001 0.0000 0.0000 0.0000 0.0000 -0.0006 0.0003 0.0000 -0.0001 0.0001 0.0000 0.0000 0.0000 0.0000 0.0000 0.0000 0.0000 0.0007 0.0001 0.0000 -0.0011 0.0001 0.0000 -0.0008 0.0003 0.0000 0.0001 0.0000 0.0000 0.0000 0.0000 0.0000 -0.0009 0.0000 0.0000 0.0002 -29.9996 -0.0001 -0.0003 29.9996 0.0000 0.0000 0.0000 -6.2683 -7.4710 177.5175 -0.1544 -19.4472 0.1091 -52.2425 86.6103 -52.6309 0.0000 25.0795 0.0000 -9.9594 -36.3382 177.6138 -0.0480 -34.2743 -0.0679 22.7113 72.0046 12.4721 0.0000 26.2275 -0.0001 
-3.8252 88.3062 -8.3497 8.6492 11.9442 1.6515 0.5244 5.7346 -0.8123 0.5257 5.7495 -0.8144 0.5259 5.7519 -0.8147 29.0517 75.3961 -73.5777 61.6322 64.1392 28.1223 32.1134 17.4713 90.7338 -1.1065 0.6060 -1.9946 0.0000 0.0000 0.0001 0.0000 0.0000 0.0000 0.0000 -0.0013 -0.0008 0.0000 -0.0004 0.0001 0.0000 0.0000 0.0000 0.0000 0.0000 0.0000 0.0000 0.0002 -0.0001 0.0000 -0.0006 0.0003 0.0000 0.0004 -0.0006 0.0000 0.0000 0.0001 0.0000 0.0000 0.0000 0.0000 -0.0010 -0.0002 0.0000 0.0002 30.0001 -0.0001 0.0005 -29.9998 0.0000 0.0000 0.0000 -15.5966 -6.2391 10.9115 -15.5966 -6.2391 10.9115 15.1747 74.8545 120.8889 -63.9892 62.5663 -25.8676 -32.4943 27.1233 -96.2610 0.5345 -0.5323 2.2102 0.0000 -0.0001 0.0001 0.0000 0.0000 0.0000 0.0000 -0.0006 0.0003 0.0000 -0.0001 0.0001 0.0000 0.0000 0.0000 0.0000 0.0000 0.0000 0.0000 0.0007 0.0001 0.0000 -0.0011 0.0001 0.0000 -0.0008 0.0003 0.0000 0.0001 0.0000 0.0000 0.0000 0.0000 0.0000 -0.0008 0.0000 0.0000 0.0002 -29.9996 -0.0001 -0.0002 29.9996 0.0000 0.0000 0.0000 -5.4478 -7.0911 177.6388 -0.1561 -18.9326 0.1087 -53.3730 86.4265 -53.8095 0.0000 25.4946 0.0000 -9.4987 -36.2896 177.9686 -0.0275 -34.2374 -0.0742 22.0263 72.2274 11.9357 0.0000 26.2384 -0.0001 
-3.8948 88.2740 -8.0918 7.5874 12.0430 1.3396 0.1082 5.7098 -0.8453 0.1083 5.7245 -0.8475 0.1084 5.7270 -0.8479 27.7520 74.6354 -74.2114 62.2305 63.9140 27.2610 32.1340 17.8942 90.6193 -1.0931 0.6082 -1.9104 0.0000 0.0000 0.0001 0.0000 0.0000 0.0000 0.0000 -0.0013 -0.0008 0.0000 -0.0004 0.0001 0.0000 0.0000 0.0000 0.0000 0.0000 0.0000 0.0000 0.0002 0.0000 0.0000 -0.0006 0.0003 0.0000 0.0004 -0.0006 0.0000 0.0000 0.0001 0.0000 0.0000 0.0000 0.0000 -0.0010 -0.0002 0.0000 0.0002 30.0001 -0.0001 0.0005 -29.9998 0.0000 0.0000 0.0000 -14.7932 -5.9734 10.7481 -14.7932 -5.9734 10.7481 16.2611 75.2194 122.2789 -63.0224 63.1138 -25.5356 -32.5457 27.0885 -96.1999 0.5182 -0.5613 2.2365 0.0000 -0.0001 0.0001 0.0000 0.0000 0.0000 0.0000 -0.0006 0.0003 0.0000 -0.0001 0.0001 0.0000 0.0000 0.0000 0.0000 0.0000 0.0000 0.0000 0.0007 0.0001 0.0000 -0.0012 0.0001 0.0000 -0.0008 0.0003 0.0000 0.0001 0.0000 0.0000 0.0000 0.0000 0.0000 -0.0009 0.0000 0.0000 0.0002 -29.9996 -0.0001 -0.0003 29.9995 0.0000 0.0000 0.0000 -4.5578 -6.6769 177.7592 -0.1592 -18.4119 0.1085 -54.2909 86.2752 -54.7332 0.0000 25.9054 0.0000 -8.9959 -36.2343 178.3440 -0.0147 -34.1835 -0.0782 21.2893 72.4426 11.3795 0.0000 26.1808 -0.0001 
-3.9620 88.2323 -7.8531 6.4458 12.1401 1.0055 -0.3408 5.6923 -0.8898 -0.3418 5.7069 -0.8922 -0.3419 5.7095 -0.8926 26.7330 73.9638 -74.6874 62.9925 63.5719 26.5018 32.2288 18.2887 90.6025 -1.0730 0.6074 -1.8140 0.0000 0.0000 0.0001 0.0000 0.0000 0.0000 0.0000 -0.0013 -0.0008 0.0000 -0.0004 0.0001 0.0000 0.0000 0.0000 0.0000 0.0000 0.0000 0.0000 0.0002 -0.0001 0.0000 -0.0006 0.0003 0.0000 0.0004 -0.0006 0.0000 0.0000 0.0001 0.0000 0.0000 0.0000 0.0000 -0.0010 -0.0002 0.0000 0.0002 30.0001 -0.0001 0.0005 -29.9998 0.0000 0.0000 0.0000 -13.9243 -5.7136 10.6515 -13.9243 -5.7136 10.6515 17.5931 75.5864 123.8944 -62.1148 63.5840 -25.3568 -32.5232 27.0407 -96.0796 0.5038 -0.5872 2.2631 0.0000 -0.0001 0.0001 0.0000 0.0000 0.0000 0.0000 -0.0006 0.0003 0.0000 -0.0001 0.0001 0.0000 0.0000 0.0000 0.0000 0.0000 0.0000 0.0000 0.0007 0.0001 0.0000 -0.0012 0.0001 0.0000 -0.0008 0.0003 0.0000 0.0001 0.0000 0.0000 0.0000 0.0000 0.0000 -0.0009 0.0000 0.0000 0.0002 -29.9996 -0.0001 -0.0003 29.9996 0.0000 0.0000 0.0000 -3.6392 -6.2453 177.8823 -0.1647 -17.8902 0.1086 -55.3076 86.1623 -55.7252 0.0000 26.0601 0.0000 -8.4604 -36.2028 178.7422 -0.0025 -34.1347 -0.0819 20.5001 72.6567 10.7695 0.0000 26.0922 -0.0001 
-4.0428 88.1874 -7.6313 5.2564 12.2476 0.6589 -0.8032 5.6788 -0.9408 -0.8054 5.6935 -0.9433 -0.8058 5.6959 -0.9438 25.8080 73.3023 -75.0556 63.8077 63.2066 25.7663 32.3759 18.6972 90.6213 -1.0511 0.6062 -1.7140 0.0000 0.0000 0.0001 0.0000 0.0000 0.0000 0.0000 -0.0013 -0.0008 0.0000 -0.0004 0.0001 0.0000 0.0000 0.0000 0.0000 0.0000 0.0000 0.0000 0.0003 0.0000 0.0000 -0.0006 0.0003 0.0000 0.0004 -0.0006 0.0000 0.0000 0.0001 0.0000 0.0000 0.0000 0.0000 -0.0010 -0.0002 0.0000 0.0002 30.0001 -0.0001 0.0005 -29.9998 0.0000 0.0000 0.0000 -13.0343 -5.4659 10.6141 -13.0343 -5.4658 10.6140 19.1796 75.9777 125.8997 -61.3662 63.8850 -25.4565 -32.4481 26.9790 -95.9194 0.4903 -0.6105 2.2887 0.0000 -0.0001 0.0001 0.0000 0.0000 0.0000 0.0000 -0.0006 0.0003 0.0000 -0.0001 0.0001 0.0000 0.0000 0.0000 0.0000 0.0000 0.0000 0.0000 0.0007 0.0001 0.0000 -0.0012 0.0001 0.0000 -0.0008 0.0003 0.0000 0.0001 0.0000 0.0000 0.0000 0.0000 0.0000 -0.0008 0.0000 0.0000 0.0002 -29.9997 -0.0001 -0.0002 29.9996 0.0000 0.0000 0.0000 -2.7115 -5.8340 178.0123 -0.1717 -17.3852 0.1089 -56.4332 86.0770 -56.8064 0.0000 26.0443 0.0000 -7.8729 -36.2152 179.1549 0.0140 -34.1142 -0.0870 19.6831 72.8774 10.1054 0.0000 25.9323 -0.0001 
-4.1559 88.1149 -7.4220 4.0311 12.3722 0.2936 -1.2824 5.6697 -0.9926 -1.2860 5.6849 -0.9954 -1.2864 5.6868 -0.9958 24.9094 72.6884 -75.4101 64.4764 62.9038 24.9265 32.6002 19.0212 90.6206 -1.0256 0.6048 -1.6133 0.0000 0.0000 0.0001 0.0000 0.0000 0.0000 0.0000 -0.0013 -0.0008 0.0000 -0.0004 0.0001 0.0000 0.0000 0.0000 0.0000 0.0000 0.0000 0.0000 0.0003 0.0000 0.0000 -0.0006 0.0003 0.0000 0.0004 -0.0006 0.0000 0.0000 0.0001 0.0000 0.0000 0.0000 0.0000 -0.0010 -0.0002 0.0000 0.0003 30.0001 -0.0001 0.0005 -29.9998 0.0000 0.0000 0.0000 -12.1244 -5.2410 10.6303 -12.1244 -5.2410 10.6303 21.1521 76.3775 128.3656 -60.6853 64.0001 -25.7430 -32.3300 26.9110 -95.7254 0.4801 -0.6288 2.3129 0.0000 -0.0001 0.0001 0.0000 0.0000 0.0000 0.0000 -0.0006 0.0003 0.0000 -0.0001 0.0001 0.0000 0.0000 0.0000 0.0000 0.0000 0.0000 0.0000 0.0007 0.0001 0.0000 -0.0012 0.0001 0.0000 -0.0008 0.0003 0.0000 0.0001 0.0000 0.0000 0.0000 0.0000 0.0000 -0.0009 0.0000 0.0000 0.0002 -29.9997 -0.0001 -0.0003 29.9996 0.0000 0.0000 0.0000 -1.7886 -5.4868 178.1705 -0.1749 -16.9229 0.1087 -57.6914 86.0024 -58.0142 0.0000 26.0148 0.0000 -7.2085 -36.2872 179.5887 0.0424 -34.1465 -0.0957 18.8450 73.1259 9.3443 0.0000 25.8292 -0.0001 
-4.2694 88.0302 -7.2093 2.7991 12.5127 -0.0901 -1.7659 5.6635 -1.0431 -1.7709 5.6792 -1.0463 -1.7714 5.6806 -1.0465 24.1057 72.1303 -75.7076 65.2725 62.6645 24.1781 32.7935 19.1780 90.6598 -0.9942 0.6012 -1.5125 0.0000 0.0000 0.0001 0.0000 0.0000 0.0000 0.0000 -0.0013 -0.0008 0.0000 -0.0004 0.0001 0.0000 0.0000 0.0000 0.0000 0.0000 0.0000 0.0000 0.0002 0.0000 0.0000 -0.0006 0.0003 0.0000 0.0004 -0.0006 0.0000 0.0000 0.0001 0.0000 0.0000 0.0000 0.0000 -0.0010 -0.0002 0.0000 0.0002 30.0001 -0.0001 0.0005 -29.9998 0.0000 0.0000 0.0000 -11.2330 -5.0299 10.6835 -11.2330 -5.0299 10.6835 23.4455 76.7516 131.2081 -59.8891 63.9616 -26.0247 -32.2056 26.8601 -95.5154 0.4761 -0.6421 2.3394 0.0000 -0.0001 0.0001 0.0000 0.0000 0.0000 0.0000 -0.0006 0.0003 0.0000 -0.0001 0.0001 0.0000 0.0000 0.0000 0.0000 0.0000 0.0000 0.0000 0.0007 0.0001 0.0000 -0.0012 0.0001 0.0000 -0.0008 0.0003 0.0000 0.0001 0.0000 0.0000 0.0000 0.0000 0.0000 -0.0008 0.0000 0.0000 0.0002 -29.9997 -0.0001 -0.0003 29.9996 0.0000 0.0000 0.0000 -0.8722 -5.2155 178.3445 -0.1760 -16.5234 0.1082 -59.2162 85.9329 -59.4990 0.0000 25.9737 0.0000 -6.5183 -36.3978 -179.9683 0.0696 -34.2192 -0.1041 17.9793 73.3972 8.5073 0.0000 25.7215 -0.0001 
-4.3658 87.9417 -6.9980 1.5696 12.6693 -0.4964 -2.2471 5.6591 -1.0925 -2.2538 5.6756 -1.0960 -2.2540 5.6762 -1.0961 23.4458 71.6225 -75.9149 66.1693 62.4422 23.5249 33.0056 19.2697 90.7631 -0.9597 0.5942 -1.4129 0.0000 0.0000 0.0001 0.0000 0.0000 0.0000 0.0000 -0.0013 -0.0008 0.0000 -0.0004 0.0001 0.0000 0.0000 0.0000 0.0000 0.0000 0.0000 0.0000 0.0002 0.0000 0.0000 -0.0006 0.0003 0.0000 0.0004 -0.0006 0.0000 0.0000 0.0001 0.0000 0.0000 0.0000 0.0000 -0.0010 -0.0002 0.0000 0.0002 30.0001 -0.0001 0.0005 -29.9998 0.0000 0.0000 0.0000 -10.3826 -4.8323 10.7789 -10.3826 -4.8323 10.7789 26.1129 77.0941 134.4644 -58.9733 63.8076 -26.3041 -32.1036 26.8279 -95.3187 0.4770 -0.6533 2.3707 0.0000 -0.0001 0.0001 0.0000 0.0000 0.0000 0.0000 -0.0006 0.0003 0.0000 -0.0001 0.0001 0.0000 0.0000 0.0000 0.0000 0.0000 0.0000 0.0000 0.0007 0.0001 0.0000 -0.0011 0.0001 0.0000 -0.0008 0.0003 0.0000 0.0001 0.0000 0.0000 0.0000 0.0000 0.0000 -0.0008 0.0000 0.0000 0.0002 -29.9996 -0.0001 -0.0003 29.9996 0.0000 0.0000 0.0000 0.0455 -5.0084 178.5249 -0.1787 -16.1841 0.1081 -61.0766 85.8755 -61.3363 0.0000 25.9210 0.0000 -5.8039 -36.5468 -179.5252 0.0918 -34.3267 -0.1110 17.1070 73.6789 7.6185 0.0000 25.5592 -0.0001 
-4.4162 87.8387 -6.8041 0.3688 12.8544 -0.9377 -2.7145 5.6633 -1.1406 -2.7232 5.6808 -1.1445 -2.7229 5.6803 -1.1444 22.9392 71.2017 -76.0655 66.9431 62.2238 22.8967 33.2591 19.3824 90.8519 -0.9250 0.5857 -1.3179 0.0000 0.0000 0.0001 0.0000 0.0000 0.0000 0.0000 -0.0013 -0.0008 0.0000 -0.0004 0.0001 0.0000 0.0000 0.0000 0.0000 0.0000 0.0000 0.0000 0.0002 -0.0001 0.0000 -0.0006 0.0003 0.0000 0.0004 -0.0006 0.0000 0.0000 0.0001 0.0000 0.0000 0.0000 0.0000 -0.0010 -0.0002 0.0000 0.0003 30.0001 -0.0001 0.0005 -29.9998 0.0000 0.0000 0.0000 -9.6208 -4.6717 10.9382 -9.6208 -4.6717 10.9382 29.4814 77.3646 138.4211 -57.7043 63.5412 -26.4239 -32.0875 26.8261 -95.1414 0.4840 -0.6635 2.4104 0.0000 -0.0001 0.0001 0.0000 0.0000 0.0000 0.0000 -0.0006 0.0003 0.0000 -0.0001 0.0001 0.0000 0.0000 0.0000 0.0000 0.0000 0.0000 0.0000 0.0007 0.0001 0.0000 -0.0012 0.0001 0.0000 -0.0008 0.0003 0.0000 0.0001 0.0000 0.0000 0.0000 0.0000 0.0000 -0.0009 0.0000 0.0000 0.0002 -29.9997 -0.0001 -0.0003 29.9996 0.0000 0.0000 0.0000 0.9867 -4.8943 178.7015 -0.1893 -15.9560 0.1092 -63.6708 85.8594 -63.9649 0.0000 25.8501 0.0000 -5.0495 -36.7650 -179.0954 0.1101 -34.4821 -0.1168 16.2440 73.9572 6.6675 0.0000 25.3792 -0.0001 
-4.4359 87.7292 -6.6295 -0.7787 13.0600 -1.4074 -3.1612 5.6741 -1.1858 -3.1719 5.6929 -1.1902 -3.1709 5.6911 -1.1898 22.5414 70.8888 -76.1705 67.5572 62.0356 22.2734 33.4810 19.4799 90.8985 -0.8918 0.5779 -1.2289 0.0000 0.0000 0.0001 0.0000 0.0000 0.0000 0.0000 -0.0013 -0.0008 0.0000 -0.0004 0.0001 0.0000 0.0000 0.0000 0.0000 0.0000 0.0000 0.0000 0.0002 0.0000 0.0000 -0.0006 0.0003 0.0000 0.0004 -0.0006 0.0000 0.0000 0.0001 0.0000 0.0000 0.0000 0.0000 -0.0010 -0.0002 0.0000 0.0002 30.0001 -0.0001 0.0005 -29.9998 0.0000 0.0000 0.0000 -8.9561 -4.5385 11.1364 -8.9561 -4.5385 11.1364 33.4714 77.6044 142.9836 -56.1680 63.2873 -26.5533 -32.1283 26.8502 -94.8929 0.4944 -0.6744 2.4581 0.0000 -0.0001 0.0001 0.0000 0.0000 0.0000 0.0000 -0.0006 0.0003 0.0000 -0.0001 0.0001 0.0000 0.0000 0.0000 0.0000 0.0000 0.0000 0.0000 0.0007 0.0001 0.0000 -0.0012 0.0001 0.0000 -0.0008 0.0003 0.0000 0.0001 0.0000 0.0000 0.0000 0.0000 0.0000 -0.0009 0.0000 0.0000 0.0002 -29.9996 -0.0001 -0.0003 29.9996 0.0000 0.0000 0.0000 1.9054 -4.8641 178.8881 -0.1992 -15.8091 0.1103 -66.8604 85.8453 -67.2090 0.0000 25.7620 0.0000 -4.2996 -37.0497 -178.6674 0.1306 -34.6924 -0.1234 15.3397 74.2415 5.6239 0.0000 25.1126 -0.0001 
-4.4348 87.6056 -6.4625 -1.8676 13.2847 -1.8929 -3.5848 5.6892 -1.2322 -3.5978 5.7093 -1.2373 -3.5958 5.7062 -1.2365 22.2789 70.6858 -76.1932 68.0944 61.8729 21.7297 33.6762 19.5714 90.9277 -0.8593 0.5693 -1.1457 0.0000 0.0000 0.0001 0.0000 0.0000 0.0000 0.0000 -0.0013 -0.0008 0.0000 -0.0004 0.0001 0.0000 0.0000 0.0000 0.0000 0.0000 0.0000 0.0000 0.0002 0.0000 0.0000 -0.0006 0.0003 0.0000 0.0004 -0.0006 0.0000 0.0000 0.0001 0.0000 0.0000 0.0000 0.0000 -0.0010 -0.0002 0.0000 0.0002 30.0001 -0.0001 0.0005 -29.9998 0.0000 0.0000 0.0000 -8.3841 -4.4202 11.3667 -8.3841 -4.4202 11.3667 37.9572 77.7987 148.0230 -54.5340 63.0667 -26.7862 -32.1955 26.8756 -94.6014 0.5061 -0.6869 2.5127 0.0000 0.0000 0.0001 0.0000 0.0000 0.0000 0.0000 -0.0006 0.0003 0.0000 -0.0001 0.0001 0.0000 0.0000 0.0000 0.0000 0.0000 0.0000 0.0000 0.0007 0.0001 0.0000 -0.0012 0.0001 0.0000 -0.0008 0.0003 0.0000 0.0001 0.0000 0.0000 0.0000 0.0000 0.0000 -0.0009 0.0000 0.0000 0.0002 -29.9996 -0.0001 -0.0003 29.9996 0.0000 0.0000 0.0000 2.7875 -4.9084 179.0799 -0.2078 -15.7279 0.1114 -70.5763 85.8190 -70.9873 0.0000 25.6572 0.0000 -3.5690 -37.3834 -178.2457 0.1500 -34.9373 -0.1298 14.4063 74.5275 4.5092 0.0000 25.0261 -0.0001 
-4.4229 87.4739 -6.2971 -2.8588 13.5370 -2.3861 -3.9640 5.7130 -1.2853 -3.9794 5.7346 -1.2909 -3.9762 5.7301 -1.2897 22.1770 70.5957 -76.1186 68.7124 61.5358 21.4353 33.7114 19.7600 91.0337 -0.8370 0.5670 -1.0714 0.0000 0.0000 0.0001 0.0000 0.0000 0.0000 0.0000 -0.0013 -0.0008 0.0000 -0.0004 0.0001 0.0000 0.0000 0.0000 0.0000 0.0000 0.0000 0.0000 0.0002 0.0000 0.0000 -0.0006 0.0003 0.0000 0.0004 -0.0006 0.0000 0.0000 0.0001 0.0000 0.0000 0.0000 0.0000 -0.0010 -0.0002 0.0000 0.0002 30.0001 -0.0001 0.0005 -29.9998 0.0000 0.0000 0.0000 -7.9841 -4.3079 11.6733 -7.9841 -4.3079 11.6733 42.9627 77.9329 153.5473 -52.9774 62.8673 -27.1821 -32.2556 26.8302 -94.3768 0.5165 -0.7016 2.5747 0.0000 -0.0001 0.0001 0.0000 0.0000 0.0000 0.0000 -0.0006 0.0003 0.0000 -0.0001 0.0001 0.0000 0.0000 0.0000 0.0000 0.0000 0.0000 0.0000 0.0007 0.0001 0.0000 -0.0012 0.0001 0.0000 -0.0008 0.0003 0.0000 0.0001 0.0000 0.0000 0.0000 0.0000 0.0000 -0.0009 0.0000 0.0000 0.0002 -29.9996 -0.0001 -0.0003 29.9996 0.0000 0.0000 0.0000 3.6205 -5.0212 179.2757 -0.2184 -15.7037 0.1128 -74.9650 85.7742 -75.4722 0.0000 25.5248 0.0000 -2.8548 -37.7712 -177.8407 0.1758 -35.2282 -0.1383 13.5205 74.8165 3.3914 0.0000 25.0282 -0.0001 
-4.4079 87.3357 -6.1433 -3.7585 13.7906 -2.8604 -4.3010 5.7442 -1.3477 -4.3188 5.7673 -1.3540 -4.3143 5.7614 -1.3524 22.0880 70.5284 -76.0661 69.1404 61.2076 21.0465 33.7459 19.9071 91.1581 -0.8204 0.5688 -1.0052 0.0000 0.0000 0.0001 0.0000 0.0000 0.0000 0.0000 -0.0013 -0.0008 0.0000 -0.0004 0.0001 0.0000 0.0000 0.0000 0.0000 0.0000 0.0000 0.0000 0.0002 -0.0001 0.0000 -0.0006 0.0003 0.0000 0.0004 -0.0006 0.0000 0.0000 0.0001 0.0000 0.0000 0.0000 0.0000 -0.0010 -0.0002 0.0000 0.0002 30.0001 -0.0001 0.0005 -29.9998 0.0000 0.0000 0.0000 -7.6928 -4.2000 12.0078 -7.6928 -4.2000 12.0078 47.9097 77.9565 158.9684 -51.5678 62.6863 -27.5747 -32.3912 26.7777 -94.1921 0.5221 -0.7165 2.6269 0.0000 -0.0001 0.0001 0.0000 0.0000 0.0000 0.0000 -0.0006 0.0003 0.0000 -0.0001 0.0001 0.0000 0.0000 0.0000 0.0000 0.0000 0.0000 0.0000 0.0007 0.0001 0.0000 -0.0012 0.0001 0.0000 -0.0008 0.0003 0.0000 0.0001 0.0000 0.0000 0.0000 0.0000 0.0000 -0.0009 0.0000 0.0000 0.0002 -29.9997 -0.0001 -0.0003 29.9996 0.0000 0.0000 0.0000 4.4042 -5.1547 179.4673 -0.2308 -15.7157 0.1145 -79.8164 85.6993 -80.4587 0.0000 25.3713 0.0000 -2.1394 -38.1835 -177.4825 0.2117 -35.5427 -0.1504 12.7500 75.0961 2.3501 0.0000 25.0305 -0.0001 
-4.3808 87.1930 -6.0196 -4.5623 14.0366 -3.3033 -4.6020 5.7806 -1.4171 -4.6222 5.8053 -1.4243 -4.6162 5.7979 -1.4221 21.9853 70.4820 -76.0649 69.5361 60.8757 20.6731 33.6856 19.9772 91.3003 -0.8085 0.5744 -0.9463 0.0000 0.0000 0.0001 0.0000 0.0000 0.0000 0.0000 -0.0013 -0.0008 0.0000 -0.0004 0.0001 0.0000 0.0000 0.0000 0.0000 0.0000 0.0000 0.0000 0.0002 -0.0001 0.0000 -0.0006 0.0003 0.0000 0.0004 -0.0006 0.0000 0.0000 0.0001 0.0000 0.0000 0.0000 0.0000 -0.0010 -0.0002 0.0000 0.0002 30.0001 -0.0001 0.0005 -29.9998 0.0000 0.0000 0.0000 -7.5000 -4.0802 12.3552 -7.5000 -4.0802 12.3552 52.3217 77.8863 163.8401 -50.4454 62.5160 -28.0681 -32.5783 26.7437 -93.9953 0.5238 -0.7307 2.6674 0.0000 -0.0001 0.0001 0.0000 0.0000 0.0000 0.0000 -0.0006 0.0003 0.0000 -0.0001 0.0001 0.0000 0.0000 0.0000 0.0000 0.0000 0.0000 0.0000 0.0007 0.0001 0.0000 -0.0012 0.0001 0.0000 -0.0008 0.0003 0.0000 0.0001 0.0000 0.0000 0.0000 0.0000 0.0000 -0.0008 0.0000 0.0000 0.0002 -29.9996 -0.0001 -0.0003 29.9996 0.0000 0.0000 0.0000 5.1233 -5.3074 179.6599 -0.2400 -15.7577 0.1159 -84.8927 85.5649 -85.6966 0.0000 25.3510 0.0000 -1.4573 -38.6138 -177.1764 0.2518 -35.8642 -0.1640 12.0903 75.3468 1.4126 0.0000 25.0329 -0.0001 
-4.3075 87.0736 -5.9494 -5.2040 14.2651 -3.6795 -4.8489 5.8222 -1.4914 -4.8713 5.8484 -1.4993 -4.8638 5.8396 -1.4967 21.9394 70.4535 -76.0612 69.8713 60.5712 20.3419 33.6233 20.0323 91.4663 -0.7999 0.5801 -0.8974 0.0000 0.0000 0.0001 0.0000 0.0000 0.0000 0.0000 -0.0013 -0.0008 0.0000 -0.0004 0.0001 0.0000 0.0000 0.0000 0.0000 0.0000 0.0000 0.0000 0.0002 0.0000 0.0000 -0.0006 0.0003 0.0000 0.0004 -0.0006 0.0000 0.0000 0.0001 0.0000 0.0000 0.0000 0.0000 -0.0010 -0.0002 0.0000 0.0002 30.0001 -0.0001 0.0005 -29.9998 0.0000 0.0000 0.0000 -7.4419 -3.9347 12.7067 -7.4419 -3.9347 12.7067 55.4212 77.7626 167.4496 -49.9328 62.2155 -28.6696 -32.8655 26.7324 -93.9385 0.5222 -0.7418 2.6886 0.0000 -0.0001 0.0001 0.0000 0.0000 0.0000 0.0000 -0.0006 0.0003 0.0000 -0.0001 0.0001 0.0000 0.0000 0.0000 0.0000 0.0000 0.0000 0.0000 0.0007 0.0001 0.0000 -0.0012 0.0001 0.0000 -0.0008 0.0003 0.0000 0.0001 0.0000 0.0000 0.0000 0.0000 0.0000 -0.0009 0.0000 0.0000 0.0002 -29.9997 -0.0001 -0.0003 29.9996 0.0000 0.0000 0.0000 5.7414 -5.4955 179.8530 -0.2420 -15.8397 0.1163 -89.9066 85.3367 -90.9187 0.0000 25.3510 0.0000 -0.8827 -39.0514 -176.9613 0.2732 -36.1820 -0.1717 11.7109 75.5334 0.7882 0.0000 25.0351 -0.0001 
-4.2111 86.9664 -5.9050 -5.7056 14.4724 -3.9868 -5.0466 5.8688 -1.5672 -5.0710 5.8963 -1.5759 -5.0622 5.8863 -1.5727 21.9945 70.4146 -75.9883 70.1725 60.3179 20.0894 33.5760 20.0794 91.6362 -0.7946 0.5858 -0.8585 0.0000 0.0000 0.0001 0.0000 0.0000 0.0000 0.0000 -0.0013 -0.0008 0.0000 -0.0004 0.0001 0.0000 0.0000 0.0000 0.0000 0.0000 0.0000 0.0000 0.0002 0.0000 0.0000 -0.0006 0.0003 0.0000 0.0004 -0.0006 0.0000 0.0000 0.0001 0.0000 0.0000 0.0000 0.0000 -0.0010 -0.0002 0.0000 0.0002 30.0001 -0.0001 0.0005 -29.9998 0.0000 0.0000 0.0000 -7.4915 -3.7779 13.0396 -7.4915 -3.7779 13.0396 57.6959 77.6192 170.1959 -49.8005 61.8106 -29.2687 -33.2114 26.7534 -94.0075 0.5188 -0.7504 2.6947 0.0000 -0.0001 0.0001 0.0000 0.0000 0.0000 0.0000 -0.0006 0.0003 0.0000 -0.0001 0.0001 0.0000 0.0000 0.0000 0.0000 0.0000 0.0000 0.0000 0.0007 0.0001 0.0000 -0.0011 0.0001 0.0000 -0.0008 0.0003 0.0000 0.0001 0.0000 0.0000 0.0000 0.0000 0.0000 -0.0009 0.0000 0.0000 0.0002 -29.9996 -0.0001 -0.0003 29.9996 0.0000 0.0000 0.0000 6.2905 -5.6904 -179.9780 -0.2434 -15.9396 0.1167 -94.5653 85.0447 -95.8464 0.0000 25.3510 0.0000 -0.4226 -39.4618 -176.8178 0.2785 -36.4761 -0.1742 11.5395 75.6705 0.4183 0.0000 25.0370 -0.0001 
-4.1206 86.8782 -5.8612 -6.0854 14.6629 -4.2322 -5.1989 5.9181 -1.6402 -5.2250 5.9468 -1.6496 -5.2149 5.9357 -1.6460 22.1084 70.3580 -75.8830 70.4285 60.1086 19.8979 33.5430 20.1138 91.8019 -0.7928 0.5921 -0.8296 0.0000 0.0000 0.0001 0.0000 0.0000 0.0000 0.0000 -0.0013 -0.0008 0.0000 -0.0004 0.0001 0.0000 0.0000 0.0000 0.0000 0.0000 0.0000 0.0000 0.0002 0.0000 0.0000 -0.0006 0.0003 0.0000 0.0004 -0.0006 0.0000 0.0000 0.0001 0.0000 0.0000 0.0000 0.0000 -0.0010 -0.0002 0.0000 0.0003 30.0001 -0.0001 0.0005 -29.9998 0.0000 0.0000 0.0000 -7.6328 -3.6161 13.3439 -7.6328 -3.6161 13.3439 59.3266 77.4500 172.1767 -49.7919 61.3597 -29.7141 -33.6094 26.8276 -94.1236 0.5156 -0.7556 2.6880 0.0000 -0.0001 0.0001 0.0000 0.0000 0.0000 0.0000 -0.0006 0.0003 0.0000 -0.0001 0.0001 0.0000 0.0000 0.0000 0.0000 0.0000 0.0000 0.0000 0.0007 0.0001 0.0000 -0.0012 0.0001 0.0000 -0.0008 0.0003 0.0000 0.0001 0.0000 0.0000 0.0000 0.0000 0.0000 -0.0008 0.0000 0.0000 0.0002 -29.9996 -0.0001 -0.0003 29.9996 0.0000 0.0000 0.0000 6.7711 -5.8626 -179.8436 -0.2461 -16.0366 0.1173 -98.8608 84.7112 -100.4474 0.0000 25.3510 0.0000 -0.0761 -39.8386 -176.7150 0.2786 -36.7665 -0.1750 11.4893 75.7957 0.2149 0.0000 25.0386 -0.0001 
-4.0749 86.7975 -5.8098 -6.2904 14.8452 -4.3967 -5.2846 5.9653 -1.6984 -5.3118 5.9950 -1.7084 -5.3009 5.9830 -1.7044 22.3439 70.3556 -75.7182 70.5412 59.9686 19.8099 33.5417 20.1313 91.9302 -0.7938 0.5970 -0.8146 0.0000 0.0000 0.0001 0.0000 0.0000 0.0000 0.0000 -0.0013 -0.0008 0.0000 -0.0004 0.0001 0.0000 0.0000 0.0000 0.0000 0.0000 0.0000 0.0000 0.0002 0.0000 0.0000 -0.0006 0.0003 0.0000 0.0004 -0.0006 0.0000 0.0000 0.0001 0.0000 0.0000 0.0000 0.0000 -0.0010 -0.0002 0.0000 0.0002 30.0001 -0.0001 0.0005 -29.9998 0.0000 0.0000 0.0000 -7.9012 -3.4554 13.5969 -7.9012 -3.4554 13.5969 60.5025 77.3142 173.4371 -49.8429 60.9067 -29.9913 -34.0228 26.9754 -94.3019 0.5161 -0.7575 2.6736 0.0000 -0.0001 0.0001 0.0000 0.0000 0.0000 0.0000 -0.0007 0.0003 0.0000 -0.0001 0.0001 0.0000 0.0000 0.0000 0.0000 0.0000 0.0000 0.0000 0.0007 0.0001 0.0000 -0.0012 0.0001 0.0000 -0.0008 0.0003 0.0000 0.0001 0.0000 0.0000 0.0000 0.0000 0.0000 -0.0008 0.0000 0.0000 0.0002 -29.9996 -0.0001 -0.0003 29.9996 0.0000 0.0000 0.0000 7.1074 -5.9765 -179.7576 -0.2480 -16.0986 0.1177 -102.8406 84.3362 -104.7251 0.0000 25.3510 0.0000 0.1084 -40.1661 -176.6326 0.2886 -37.0378 -0.1791 11.5365 75.9125 0.1619 0.0000 25.0395 -0.0001 
-4.0531 86.7376 -5.7694 -6.3612 15.0234 -4.5057 -5.3097 6.0133 -1.7380 -5.3375 6.0437 -1.7483 -5.3261 6.0312 -1.7441 22.7176 70.3993 -75.4439 70.5917 59.9231 19.8731 33.5458 20.1205 92.0036 -0.7960 0.5998 -0.8113 0.0000 0.0000 0.0001 0.0000 0.0000 0.0000 0.0000 -0.0013 -0.0008 0.0000 -0.0004 0.0001 0.0000 0.0000 0.0000 0.0000 0.0000 0.0000 0.0000 0.0003 -0.0001 0.0000 -0.0006 0.0003 0.0000 0.0004 -0.0006 0.0000 0.0000 0.0001 0.0000 0.0000 0.0000 0.0000 -0.0010 -0.0002 0.0000 0.0003 30.0001 -0.0001 0.0005 -29.9998 0.0000 0.0000 0.0000 -8.2680 -3.3094 13.8143 -8.2680 -3.3094 13.8143 61.1351 77.2188 174.0062 -50.1462 60.4062 -30.3363 -34.3733 27.1398 -94.5535 0.5207 -0.7567 2.6601 0.0000 -0.0001 0.0001 0.0000 0.0000 0.0000 0.0000 -0.0006 0.0003 0.0000 -0.0001 0.0001 0.0000 0.0000 0.0000 0.0000 0.0000 0.0000 0.0000 0.0007 0.0001 0.0000 -0.0012 0.0001 0.0000 -0.0008 0.0003 0.0000 0.0001 0.0000 0.0000 0.0000 0.0000 0.0000 -0.0009 0.0000 0.0000 0.0002 -29.9996 -0.0001 -0.0003 29.9996 0.0000 0.0000 0.0000 7.3197 -6.0620 -179.7036 -0.2505 -16.1208 0.1181 -106.0547 83.9472 -108.2137 0.0000 25.3510 0.0000 0.1909 -40.4542 -176.5683 0.2948 -37.2686 -0.1818 11.6883 75.9983 0.2248 0.0000 25.0400 -0.0001 
-4.0416 86.7042 -5.7501 -6.3255 15.1938 -4.5683 -5.2810 6.0650 -1.7635 -5.3088 6.0958 -1.7741 -5.2973 6.0831 -1.7697 23.1890 70.4653 -75.0919 70.6152 59.9417 20.0637 33.5436 20.1000 92.0433 -0.7998 0.6014 -0.8176 0.0000 0.0000 0.0001 0.0000 0.0000 0.0000 0.0000 -0.0013 -0.0008 0.0000 -0.0004 0.0001 0.0000 0.0000 0.0000 0.0000 0.0000 0.0000 0.0000 0.0002 0.0000 0.0000 -0.0006 0.0003 0.0000 0.0004 -0.0006 0.0000 0.0000 0.0001 0.0000 0.0000 0.0000 0.0000 -0.0010 -0.0002 0.0000 0.0002 30.0001 -0.0001 0.0005 -29.9998 0.0000 0.0000 0.0000 -8.7152 -3.1836 14.0073 -8.7152 -3.1836 14.0073 61.1890 77.0945 173.8491 -50.5215 59.9299 -30.5637 -34.7286 27.2557 -94.8269 0.5258 -0.7526 2.6455 0.0000 -0.0001 0.0001 0.0000 0.0000 0.0000 0.0000 -0.0006 0.0003 0.0000 -0.0001 0.0001 0.0000 0.0000 0.0000 0.0000 0.0000 0.0000 0.0000 0.0007 0.0001 0.0000 -0.0011 0.0001 0.0000 -0.0008 0.0003 0.0000 0.0001 0.0000 0.0000 0.0000 0.0000 0.0000 -0.0008 0.0000 0.0000 0.0002 -29.9996 -0.0001 -0.0003 29.9996 0.0000 0.0000 0.0000 7.4314 -6.1342 -179.6698 -0.2524 -16.1179 0.1184 -108.4821 83.5629 -110.9006 0.0000 25.3510 0.0000 0.2102 -40.7015 -176.5314 0.2907 -37.4404 -0.1809 11.9318 76.0394 0.3704 0.0000 25.0402 -0.0001 
-4.0481 86.7009 -5.7729 -6.1090 15.3656 -4.5575 -5.2008 6.1192 -1.7686 -5.2281 6.1502 -1.7791 -5.2168 6.1374 -1.7748 23.7544 70.5422 -74.7008 70.5886 60.0280 20.3776 33.5180 20.0812 92.0574 -0.8076 0.6023 -0.8388 0.0000 0.0000 0.0001 0.0000 0.0000 0.0000 0.0000 -0.0013 -0.0008 0.0000 -0.0004 0.0001 0.0000 0.0000 0.0000 0.0000 0.0000 0.0000 0.0000 0.0002 0.0000 0.0000 -0.0006 0.0003 0.0000 0.0004 -0.0006 0.0000 0.0000 0.0001 0.0000 0.0000 0.0000 0.0000 -0.0010 -0.0002 0.0000 0.0003 30.0001 -0.0001 0.0005 -29.9998 0.0000 0.0000 0.0000 -9.2525 -3.0876 14.1778 -9.2525 -3.0876 14.1778 60.0806 76.8484 172.2809 -51.0500 59.3766 -30.5603 -34.9999 27.3073 -95.2050 0.5365 -0.7427 2.6364 0.0000 -0.0001 0.0001 0.0000 0.0000 0.0000 0.0000 -0.0006 0.0003 0.0000 -0.0001 0.0001 0.0000 0.0000 0.0000 0.0000 0.0000 0.0000 0.0000 0.0007 0.0001 0.0000 -0.0012 0.0001 0.0000 -0.0008 0.0003 0.0000 0.0001 0.0000 0.0000 0.0000 0.0000 0.0000 -0.0009 0.0000 0.0000 0.0002 -29.9996 -0.0001 -0.0003 29.9996 0.0000 0.0000 0.0000 7.3333 -6.2176 -179.6539 -0.2483 -16.1049 0.1178 -110.0648 83.2150 -112.6783 0.0000 25.3510 0.0000 0.1416 -40.9013 -176.5435 0.2821 -37.5114 -0.1782 12.2742 76.0069 0.5812 0.0000 25.0401 -0.0001 
-4.0731 86.7232 -5.8277 -5.7545 15.5317 -4.4876 -5.0829 6.1763 -1.7587 -5.1094 6.2074 -1.7691 -5.0986 6.1947 -1.7649 24.4903 70.6422 -74.2361 70.5209 60.1386 20.8165 33.5024 20.0641 92.0443 -0.8177 0.6024 -0.8696 0.0000 0.0000 0.0001 0.0000 0.0000 0.0000 0.0000 -0.0013 -0.0008 0.0000 -0.0004 0.0001 0.0000 0.0000 0.0000 0.0000 0.0000 0.0000 0.0000 0.0002 -0.0001 0.0000 -0.0006 0.0003 0.0000 0.0004 -0.0006 0.0000 0.0000 0.0001 0.0000 0.0000 0.0000 0.0000 -0.0010 -0.0002 0.0000 0.0003 30.0001 -0.0001 0.0005 -29.9998 0.0000 0.0000 0.0000 -9.8520 -3.0041 14.3394 -9.8520 -3.0041 14.3394 57.8479 76.5227 169.4681 -51.8809 58.7241 -30.5334 -35.1912 27.3256 -95.6748 0.5536 -0.7285 2.6336 0.0000 -0.0001 0.0001 0.0000 0.0000 0.0000 0.0000 -0.0006 0.0003 0.0000 -0.0001 0.0001 0.0000 0.0000 0.0000 0.0000 0.0000 0.0000 0.0000 0.0007 0.0001 0.0000 -0.0012 0.0001 0.0000 -0.0008 0.0003 0.0000 0.0001 0.0000 0.0000 0.0000 0.0000 0.0000 -0.0008 0.0000 0.0000 0.0002 -29.9996 -0.0001 -0.0003 29.9996 0.0000 0.0000 0.0000 7.0801 -6.2829 -179.6584 -0.2421 -16.0907 0.1169 -111.2697 82.9038 -114.0250 0.0000 25.3510 0.0000 0.0424 -41.0738 -176.6077 0.2863 -37.5330 -0.1797 12.7157 75.9354 0.8522 0.0000 25.0399 -0.0001 
-4.0998 86.7546 -5.9019 -5.2808 15.6858 -4.3660 -4.9296 6.2380 -1.7372 -4.9550 6.2690 -1.7473 -4.9448 6.2566 -1.7433 25.4023 70.7683 -73.6891 70.4075 60.2432 21.3643 33.4901 20.0289 92.0251 -0.8317 0.6039 -0.9091 0.0000 0.0000 0.0001 0.0000 0.0000 0.0000 0.0000 -0.0013 -0.0008 0.0000 -0.0004 0.0001 0.0000 0.0000 0.0000 0.0000 0.0000 0.0000 0.0000 0.0003 0.0000 0.0000 -0.0006 0.0003 0.0000 0.0004 -0.0006 0.0000 0.0000 0.0001 0.0000 0.0000 0.0000 0.0000 -0.0010 -0.0002 0.0000 0.0003 30.0001 -0.0001 0.0005 -29.9998 0.0000 0.0000 0.0000 -10.5095 -2.9349 14.4951 -10.5096 -2.9349 14.4951 54.4631 76.0756 165.5138 -53.0601 57.9402 -30.5744 -35.3441 27.3398 -96.1761 0.5771 -0.7100 2.6352 0.0000 -0.0001 0.0001 0.0000 0.0000 0.0000 0.0000 -0.0006 0.0003 0.0000 -0.0001 0.0001 0.0000 0.0000 0.0000 0.0000 0.0000 0.0000 0.0000 0.0007 0.0001 0.0000 -0.0012 0.0001 0.0000 -0.0008 0.0003 0.0000 0.0001 0.0000 0.0000 0.0000 0.0000 0.0000 -0.0008 0.0000 0.0000 0.0002 -29.9997 -0.0001 -0.0003 29.9995 0.0000 0.0000 0.0000 6.7272 -6.3258 -179.6861 -0.2383 -16.0717 0.1163 -112.2340 82.6381 -115.1210 0.0000 25.3510 0.0000 -0.0815 -41.2161 -176.7275 0.2958 -37.5219 -0.1829 13.2604 75.8415 1.1980 0.0000 25.0395 -0.0001 
-4.0855 86.8039 -5.9765 -4.6478 15.8290 -4.1802 -4.7322 6.3047 -1.6966 -4.7561 6.3356 -1.7063 -4.7468 6.3236 -1.7026 26.3671 70.9017 -73.1507 70.1645 60.3388 21.9169 33.4955 19.9777 92.0276 -0.8517 0.6080 -0.9596 0.0000 0.0000 0.0001 0.0000 0.0000 0.0000 0.0000 -0.0013 -0.0008 0.0000 -0.0004 0.0001 0.0000 0.0000 0.0000 0.0000 0.0000 0.0000 0.0000 0.0002 0.0000 0.0000 -0.0006 0.0003 0.0000 0.0004 -0.0006 0.0000 0.0000 0.0001 0.0000 0.0000 0.0000 0.0000 -0.0010 -0.0002 0.0000 0.0002 30.0001 -0.0001 0.0005 -29.9998 0.0000 0.0000 0.0000 -11.2396 -2.8954 14.6374 -11.2396 -2.8954 14.6374 50.2077 75.4434 160.6182 -54.3696 57.0622 -30.5764 -35.4849 27.3610 -96.6529 0.6119 -0.6837 2.6445 0.0000 -0.0001 0.0001 0.0000 0.0000 0.0000 0.0000 -0.0006 0.0003 0.0000 -0.0001 0.0001 0.0000 0.0000 0.0000 0.0000 0.0000 0.0000 0.0000 0.0007 0.0001 0.0000 -0.0012 0.0001 0.0000 -0.0008 0.0003 0.0000 0.0001 0.0000 0.0000 0.0000 0.0000 0.0000 -0.0008 0.0000 0.0000 0.0002 -29.9997 -0.0001 -0.0003 29.9996 0.0000 0.0000 0.0000 6.2464 -6.3532 -179.7369 -0.2360 -16.0647 0.1160 -113.1260 82.4335 -116.1355 0.0000 25.3510 0.0000 -0.2632 -41.3105 -176.9374 0.2845 -37.4813 -0.1790 14.0205 75.7366 1.7412 0.0000 25.0390 -0.0001 
-4.0436 86.8668 -6.0453 -3.9054 15.9743 -3.9492 -4.5036 6.3714 -1.6413 -4.5259 6.4019 -1.6504 -4.5175 6.3905 -1.6470 27.3836 71.0220 -72.6246 69.8842 60.3900 22.5280 33.4960 19.9278 92.0413 -0.8774 0.6153 -1.0182 0.0000 0.0000 0.0001 0.0000 0.0000 0.0000 0.0000 -0.0013 -0.0008 0.0000 -0.0004 0.0001 0.0000 0.0000 0.0000 0.0000 0.0000 0.0000 0.0000 0.0002 0.0000 0.0000 -0.0006 0.0003 0.0000 0.0004 -0.0006 0.0000 0.0000 0.0001 0.0000 0.0000 0.0000 0.0000 -0.0010 -0.0002 0.0000 0.0002 30.0001 -0.0001 0.0005 -29.9998 0.0000 0.0000 0.0000 -12.0211 -2.8783 14.7669 -12.0211 -2.8783 14.7669 46.1618 74.7116 155.9754 -55.8055 55.9929 -30.6592 -35.6098 27.3793 -97.1754 0.6536 -0.6504 2.6526 0.0000 -0.0001 0.0001 0.0000 0.0000 0.0000 0.0000 -0.0006 0.0003 0.0000 -0.0001 0.0001 0.0000 0.0000 0.0000 0.0000 0.0000 0.0000 0.0000 0.0007 0.0001 0.0000 -0.0011 0.0001 0.0000 -0.0008 0.0003 0.0000 0.0001 0.0000 0.0000 0.0000 0.0000 0.0000 -0.0009 0.0000 0.0000 0.0002 -29.9996 -0.0001 -0.0003 29.9996 0.0000 0.0000 0.0000 5.6641 -6.3937 -179.7958 -0.2281 -16.0845 0.1149 -114.0680 82.2681 -117.1643 0.0000 25.3510 0.0000 -0.4839 -41.3702 -177.2119 0.2561 -37.4058 -0.1692 14.9179 75.6209 2.4067 0.0000 25.0386 -0.0001 
-4.0065 86.9407 -6.1223 -3.0921 16.1200 -3.6808 -4.2315 6.4385 -1.5758 -4.2520 6.4686 -1.5844 -4.2446 6.4578 -1.5813 28.4876 71.1200 -72.0378 69.6168 60.4176 23.2575 33.4782 19.8767 92.0337 -0.9081 0.6262 -1.0836 0.0000 0.0000 0.0001 0.0000 0.0000 0.0000 0.0000 -0.0013 -0.0008 0.0000 -0.0004 0.0001 0.0000 0.0000 0.0000 0.0000 0.0000 0.0000 0.0000 0.0002 0.0000 0.0000 -0.0006 0.0003 0.0000 0.0004 -0.0006 0.0000 0.0000 0.0001 0.0000 0.0000 0.0000 0.0000 -0.0010 -0.0002 0.0000 0.0003 30.0001 -0.0001 0.0005 -29.9998 0.0000 0.0000 0.0000 -12.8600 -2.8789 14.8928 -12.8600 -2.8789 14.8928 42.3940 73.8966 151.5736 -57.2496 54.8926 -30.7029 -35.7294 27.4207 -97.7094 0.6991 -0.6141 2.6592 0.0000 -0.0001 0.0001 0.0000 0.0000 0.0000 0.0000 -0.0006 0.0003 0.0000 -0.0001 0.0001 0.0000 0.0000 0.0000 0.0000 0.0000 0.0000 0.0000 0.0007 0.0001 0.0000 -0.0012 0.0001 0.0000 -0.0008 0.0003 0.0000 0.0001 0.0000 0.0000 0.0000 0.0000 0.0000 -0.0009 0.0000 0.0000 0.0002 -29.9996 -0.0001 -0.0003 29.9996 0.0000 0.0000 0.0000 5.0369 -6.4556 -179.8695 -0.2171 -16.1353 0.1134 -115.0414 82.1340 -118.2115 0.0000 25.3510 0.0000 -0.6970 -41.4146 -177.5343 0.2325 -37.3033 -0.1610 15.8747 75.4890 3.1010 0.0000 25.0381 -0.0001 
-4.0005 87.0247 -6.2240 -2.2170 16.2600 -3.3631 -3.8964 6.5070 -1.5064 -3.9146 6.5364 -1.5143 -3.9085 6.5265 -1.5117 29.5944 71.2194 -71.4707 69.2526 60.3335 24.0452 33.3928 19.8665 91.9987 -0.9502 0.6465 -1.1575 0.0000 0.0000 0.0001 0.0000 0.0000 0.0000 0.0000 -0.0013 -0.0008 0.0000 -0.0004 0.0001 0.0000 0.0000 0.0000 0.0000 0.0000 0.0000 0.0000 0.0002 0.0000 0.0000 -0.0006 0.0003 0.0000 0.0004 -0.0006 0.0000 0.0000 0.0001 0.0000 0.0000 0.0000 0.0000 -0.0010 -0.0002 0.0000 0.0002 30.0001 -0.0001 0.0005 -29.9998 0.0000 0.0000 0.0000 -13.7569 -2.9048 15.0175 -13.7569 -2.9048 15.0176 38.9568 72.9881 147.5307 -58.5918 53.8589 -30.5864 -35.9813 27.4431 -98.1865 0.7405 -0.5752 2.6538 0.0000 -0.0001 0.0001 0.0000 0.0000 0.0000 0.0000 -0.0006 0.0003 0.0000 -0.0001 0.0001 0.0000 0.0000 0.0000 0.0000 0.0000 0.0000 0.0000 0.0007 0.0001 0.0000 -0.0011 0.0001 0.0000 -0.0008 0.0003 0.0000 0.0001 0.0000 0.0000 0.0000 0.0000 0.0000 -0.0008 0.0000 0.0000 0.0002 -29.9996 -0.0001 -0.0003 29.9996 0.0000 0.0000 0.0000 4.3907 -6.5638 -179.9929 -0.2142 -16.2381 0.1132 -115.9846 82.0665 -119.2311 0.0000 25.3510 0.0000 -0.8639 -41.4594 -177.9112 0.2372 -37.1841 -0.1623 16.8395 75.3397 3.7566 0.0000 25.0376 -0.0001 
-3.9847 87.1073 -6.3241 -1.3281 16.3947 -3.0155 -3.5090 6.5785 -1.4364 -3.5248 6.6072 -1.4437 -3.5198 6.5982 -1.4414 30.6087 71.2811 -70.9269 68.7537 60.2566 24.7505 33.2899 19.8678 91.9504 -1.0006 0.6733 -1.2384 0.0000 0.0000 0.0001 0.0000 0.0000 0.0000 0.0000 -0.0013 -0.0008 0.0000 -0.0004 0.0001 0.0000 0.0000 0.0000 0.0000 0.0000 0.0000 0.0000 0.0003 0.0000 0.0000 -0.0006 0.0003 0.0000 0.0004 -0.0006 0.0000 0.0000 0.0001 0.0000 0.0000 0.0000 0.0000 -0.0010 -0.0002 0.0000 0.0003 30.0001 -0.0001 0.0005 -29.9998 0.0000 0.0000 0.0000 -14.6944 -2.9628 15.1407 -14.6944 -2.9628 15.1407 36.1402 72.0756 144.0925 -59.7556 52.9856 -30.3245 -36.2802 27.3991 -98.5952 0.7749 -0.5353 2.6399 0.0000 -0.0001 0.0001 0.0000 0.0000 0.0000 0.0000 -0.0006 0.0003 0.0000 -0.0001 0.0001 0.0000 0.0000 0.0000 0.0000 0.0000 0.0000 0.0000 0.0007 0.0001 0.0000 -0.0012 0.0001 0.0000 -0.0008 0.0003 0.0000 0.0001 0.0000 0.0000 0.0000 0.0000 0.0000 -0.0009 0.0000 0.0000 0.0002 -29.9997 -0.0001 -0.0003 29.9996 0.0000 0.0000 0.0000 3.7450 -6.7158 179.8580 -0.2131 -16.3887 0.1133 -116.8129 82.0461 -120.1312 0.0000 25.3510 0.0000 -0.9822 -41.5100 -178.3419 0.2478 -37.0844 -0.1656 17.9456 75.1904 4.5387 0.0000 25.0369 -0.0001 
-3.9219 87.1876 -6.3951 -0.4391 16.5294 -2.6448 -3.0757 6.6512 -1.3616 -3.0892 6.6792 -1.3682 -3.0853 6.6711 -1.3663 31.6562 71.3405 -70.3690 68.2279 60.1615 25.5115 33.2203 19.8767 91.9045 -1.0543 0.7018 -1.3248 0.0000 0.0000 0.0001 0.0000 0.0000 0.0000 0.0000 -0.0013 -0.0008 0.0000 -0.0004 0.0001 0.0000 0.0000 0.0000 0.0000 0.0000 0.0000 0.0000 0.0002 0.0000 0.0000 -0.0006 0.0003 0.0000 0.0004 -0.0006 0.0000 0.0000 0.0001 0.0000 0.0000 0.0000 0.0000 -0.0010 -0.0002 0.0000 0.0002 30.0001 -0.0001 0.0005 -29.9998 0.0000 0.0000 0.0000 -15.6518 -3.0450 15.2572 -15.6518 -3.0450 15.2572 33.7078 71.1707 141.0584 -60.9725 52.2364 -30.0430 -36.5368 27.2761 -98.9617 0.7999 -0.4966 2.6168 0.0000 -0.0001 0.0001 0.0000 0.0000 0.0000 0.0000 -0.0006 0.0003 0.0000 -0.0001 0.0001 0.0000 0.0000 0.0000 0.0000 0.0000 0.0000 0.0000 0.0007 0.0001 0.0000 -0.0011 0.0001 0.0000 -0.0008 0.0003 0.0000 0.0001 0.0000 0.0000 0.0000 0.0000 0.0000 -0.0009 0.0000 0.0000 0.0002 -29.9996 -0.0001 -0.0003 29.9996 0.0000 0.0000 0.0000 3.0778 -6.9157 179.6922 -0.2108 -16.5878 0.1134 -117.5646 82.0550 -120.9154 0.0000 25.3510 0.0000 -1.0756 -41.5510 -178.8362 0.2418 -37.0024 -0.1634 19.3123 75.0472 5.5958 0.0000 25.0358 -0.0001 
-3.7862 87.2690 -6.4101 0.4336 16.6754 -2.2471 -2.5610 6.7300 -1.2739 -2.5718 6.7574 -1.2797 -2.5690 6.7502 -1.2782 32.7563 71.4214 -69.7094 67.6890 60.0289 26.4080 33.1707 19.9185 91.8582 -1.1137 0.7335 -1.4174 0.0000 0.0000 0.0001 0.0000 0.0000 0.0000 0.0000 -0.0013 -0.0008 0.0000 -0.0004 0.0001 0.0000 0.0000 0.0000 0.0000 0.0000 0.0000 0.0000 0.0002 0.0000 0.0000 -0.0006 0.0003 0.0000 0.0004 -0.0006 0.0000 0.0000 0.0001 0.0000 0.0000 0.0000 0.0000 -0.0010 -0.0002 0.0000 0.0002 30.0001 -0.0001 0.0005 -29.9998 0.0000 0.0000 0.0000 -16.6510 -3.1789 15.3762 -16.6511 -3.1789 15.3762 31.5721 70.2775 138.3424 -62.0914 51.7605 -29.6278 -36.7661 27.1348 -99.2685 0.8145 -0.4662 2.5914 0.0000 -0.0001 0.0001 0.0000 0.0000 0.0000 0.0000 -0.0006 0.0003 0.0000 -0.0001 0.0001 0.0000 0.0000 0.0000 0.0000 0.0000 0.0000 0.0000 0.0007 0.0001 0.0000 -0.0012 0.0001 0.0000 -0.0008 0.0003 0.0000 0.0001 0.0000 0.0000 0.0000 0.0000 0.0000 -0.0009 0.0000 0.0000 0.0002 -29.9996 -0.0001 -0.0002 29.9996 0.0000 0.0000 0.0000 2.4170 -7.1492 179.5109 -0.2046 -16.8203 0.1129 -118.2687 82.0726 -121.6224 0.0000 25.3510 0.0000 -1.2222 -41.5680 -179.3897 0.2040 -36.9276 -0.1506 20.8572 74.9285 6.9185 0.0000 25.0346 -0.0001 
-3.6447 87.3541 -6.4053 1.2819 16.8330 -1.8356 -2.0108 6.8152 -1.1703 -2.0191 6.8422 -1.1754 -2.0171 6.8357 -1.1742 33.9596 71.5698 -68.9453 67.1919 59.8794 27.5732 33.0876 20.0191 91.7367 -1.1754 0.7649 -1.5180 0.0000 0.0000 0.0001 0.0000 0.0000 0.0000 0.0000 -0.0013 -0.0008 0.0000 -0.0004 0.0001 0.0000 0.0000 0.0000 0.0000 0.0000 0.0000 0.0000 0.0002 0.0000 0.0000 -0.0006 0.0003 0.0000 0.0004 -0.0006 0.0000 0.0000 0.0001 0.0000 0.0000 0.0000 0.0000 -0.0010 -0.0002 0.0000 0.0003 30.0001 -0.0001 0.0005 -29.9998 0.0000 0.0000 0.0000 -17.6299 -3.3721 15.4973 -17.6299 -3.3721 15.4973 29.6905 69.4008 135.8634 -63.3046 51.4894 -29.2664 -36.9000 26.9831 -99.5579 0.8205 -0.4452 2.5678 0.0000 -0.0001 0.0001 0.0000 0.0000 0.0000 0.0000 -0.0006 0.0003 0.0000 -0.0001 0.0001 0.0000 0.0000 0.0000 0.0000 0.0000 0.0000 0.0000 0.0007 0.0001 0.0000 -0.0012 0.0001 0.0000 -0.0008 0.0003 0.0000 0.0001 0.0000 0.0000 0.0000 0.0000 0.0000 -0.0009 0.0000 0.0000 0.0002 -29.9997 -0.0001 -0.0003 29.9996 0.0000 0.0000 0.0000 1.7794 -7.3609 179.3064 -0.2042 -17.0203 0.1132 -119.0077 82.0967 -122.3751 0.0000 25.3510 0.0000 -1.4546 -41.5800 -179.9256 0.1600 -36.8414 -0.1358 22.3058 74.8167 8.2320 0.0000 25.0332 -0.0001 
-3.5408 87.4386 -6.4207 2.1051 17.0069 -1.4174 -1.4350 6.9035 -1.0499 -1.4408 6.9304 -1.0544 -1.4395 6.9243 -1.0534 35.3057 71.7837 -68.0345 66.7373 59.7286 28.9751 32.9909 20.1424 91.5614 -1.2382 0.7957 -1.6243 0.0000 0.0000 0.0001 0.0000 0.0000 0.0000 0.0000 -0.0013 -0.0008 0.0000 -0.0004 0.0001 0.0000 0.0000 0.0000 0.0000 0.0000 0.0000 0.0000 0.0002 -0.0001 0.0000 -0.0006 0.0003 0.0000 0.0004 -0.0006 0.0000 0.0000 0.0001 0.0000 0.0000 0.0000 0.0000 -0.0010 -0.0002 0.0000 0.0002 30.0001 -0.0001 0.0005 -29.9998 0.0000 0.0000 0.0000 -18.5808 -3.6206 15.6204 -18.5808 -3.6206 15.6204 28.0248 68.5675 133.6340 -64.5123 51.3666 -28.9561 -36.9379 26.8487 -99.8099 0.8225 -0.4309 2.5485 0.0000 -0.0001 0.0001 0.0000 0.0000 0.0000 0.0000 -0.0006 0.0003 0.0000 -0.0001 0.0001 0.0000 0.0000 0.0000 0.0000 0.0000 0.0000 0.0000 0.0007 0.0001 0.0000 -0.0012 0.0001 0.0000 -0.0008 0.0003 0.0000 0.0001 0.0000 0.0000 0.0000 0.0000 0.0000 -0.0009 0.0000 0.0000 0.0002 -29.9997 -0.0001 -0.0002 29.9996 0.0000 0.0000 0.0000 1.1698 -7.5414 179.0879 -0.2064 -17.1791 0.1138 -119.8733 82.1136 -123.2802 0.0000 25.3510 0.0000 -1.7235 -41.6299 179.5777 0.1319 -36.7543 -0.1264 23.5778 74.6976 9.4075 0.0000 25.0317 -0.0001 
-3.4923 87.5117 -6.4796 2.8996 17.2142 -0.9885 -0.8454 6.9936 -0.9012 -0.8489 7.0207 -0.9049 -0.8481 7.0147 -0.9041 36.6859 72.0398 -67.0737 66.2644 59.7180 30.4374 33.0295 20.1938 91.3416 -1.2913 0.8182 -1.7306 0.0000 0.0000 0.0001 0.0000 0.0000 0.0000 0.0000 -0.0013 -0.0008 0.0000 -0.0004 0.0001 0.0000 0.0000 0.0000 0.0000 0.0000 0.0000 0.0000 0.0002 0.0000 0.0000 -0.0006 0.0003 0.0000 0.0004 -0.0006 0.0000 0.0000 0.0001 0.0000 0.0000 0.0000 0.0000 -0.0010 -0.0002 0.0000 0.0002 30.0001 -0.0002 0.0005 -29.9998 0.0000 0.0000 0.0000 -19.4585 -3.9416 15.7394 -19.4585 -3.9416 15.7394 26.6240 67.8207 131.7324 -65.5422 51.4226 -28.6426 -36.8584 26.7653 -100.0171 0.8237 -0.4250 2.5406 0.0000 -0.0001 0.0001 0.0000 0.0000 0.0000 0.0000 -0.0006 0.0003 0.0000 -0.0001 0.0001 0.0000 0.0000 0.0000 0.0000 0.0000 0.0000 0.0000 0.0007 0.0001 0.0000 -0.0011 0.0001 0.0000 -0.0008 0.0003 0.0000 0.0001 0.0000 0.0000 0.0000 0.0000 0.0000 -0.0008 0.0000 0.0000 0.0002 -29.9996 -0.0001 -0.0003 29.9996 0.0000 0.0000 0.0000 0.5487 -7.7251 178.8564 -0.2100 -17.2837 0.1146 -120.7975 82.1130 -124.2398 0.0000 25.3510 0.0000 -2.0292 -41.7734 179.1415 0.1260 -36.7018 -0.1244 24.5900 74.5832 10.3539 0.0000 25.0303 -0.0001 
-3.4608 87.5673 -6.5774 3.6760 17.4385 -0.5431 -0.2866 7.0912 -0.7404 -0.2879 7.1190 -0.7433 -0.2876 7.1126 -0.7426 37.8753 72.2646 -66.2981 65.9400 59.7176 31.9723 33.0715 20.2710 91.1461 -1.3408 0.8343 -1.8399 0.0000 0.0000 0.0001 0.0000 0.0000 0.0000 0.0000 -0.0013 -0.0008 0.0000 -0.0004 0.0001 0.0000 0.0000 0.0000 0.0000 0.0000 0.0000 0.0000 0.0003 0.0000 0.0000 -0.0006 0.0003 0.0000 0.0004 -0.0006 0.0000 0.0000 0.0001 0.0000 0.0000 0.0000 0.0000 -0.0010 -0.0002 0.0000 0.0002 30.0001 -0.0001 0.0005 -29.9998 0.0000 0.0000 0.0000 -20.2243 -4.3101 15.8621 -20.2243 -4.3101 15.8620 25.3334 67.1173 130.0173 -66.4490 51.5667 -28.3248 -36.7636 26.6996 -100.2313 0.8261 -0.4237 2.5423 0.0000 -0.0001 0.0001 0.0000 0.0000 0.0000 0.0000 -0.0006 0.0003 0.0000 -0.0001 0.0001 0.0000 0.0000 0.0000 0.0000 0.0000 0.0000 0.0000 0.0007 0.0001 0.0000 -0.0012 0.0001 0.0000 -0.0008 0.0003 0.0000 0.0002 0.0000 0.0000 0.0000 0.0000 0.0000 -0.0008 0.0000 0.0000 0.0002 -29.9997 -0.0001 -0.0003 29.9996 0.0000 0.0000 0.0000 -0.0776 -7.9621 178.6229 -0.2101 -17.3882 0.1148 -121.6639 82.0801 -125.1415 0.0000 25.3510 0.0000 -2.3469 -42.0000 178.7191 0.1200 -36.7042 -0.1224 25.4186 74.4830 11.1158 0.0000 25.0642 -0.0001 
-3.4249 87.6080 -6.7002 4.4476 17.6707 -0.0770 0.2211 7.1939 -0.5830 0.2219 7.2229 -0.5853 0.2217 7.2157 -0.5847 39.0753 72.4902 -65.5049 65.6887 59.8020 33.5842 33.1111 20.3628 90.9121 -1.3863 0.8454 -1.9516 0.0000 0.0000 0.0001 0.0000 0.0000 0.0000 0.0000 -0.0013 -0.0008 0.0000 -0.0004 0.0001 0.0000 0.0000 0.0000 0.0000 0.0000 0.0000 0.0000 0.0002 0.0000 0.0000 -0.0006 0.0003 0.0000 0.0004 -0.0006 0.0000 0.0000 0.0001 0.0000 0.0000 0.0000 0.0000 -0.0010 -0.0002 0.0000 0.0003 30.0001 -0.0001 0.0005 -29.9998 0.0000 0.0000 0.0000 -20.8705 -4.7032 15.9983 -20.8705 -4.7032 15.9983 24.2229 66.4430 128.5406 -67.2878 51.7672 -28.0404 -36.6444 26.6409 -100.4259 0.8269 -0.4264 2.5487 0.0000 -0.0001 0.0001 0.0000 0.0000 0.0000 0.0000 -0.0006 0.0003 0.0000 -0.0001 0.0001 0.0000 0.0000 0.0000 0.0000 0.0000 0.0000 0.0000 0.0007 0.0001 0.0000 -0.0012 0.0001 0.0000 -0.0008 0.0003 0.0000 0.0001 0.0000 0.0000 0.0000 0.0000 0.0000 -0.0009 0.0000 0.0000 0.0002 -29.9997 -0.0001 -0.0003 29.9995 0.0000 0.0000 0.0000 -0.7006 -8.2535 178.3840 -0.2062 -17.5086 0.1144 -122.4513 82.0296 -125.9740 0.0000 25.3510 0.0000 -2.6091 -42.2854 178.2564 0.1119 -36.7571 -0.1198 26.3032 74.3842 11.8950 0.0000 25.1772 -0.0001 
-3.3632 87.6307 -6.8623 5.2128 17.9004 0.4088 0.6302 7.3017 -0.4441 0.6327 7.3320 -0.4458 0.6320 7.3237 -0.4453 40.3105 72.6780 -64.6595 65.4810 60.0276 35.0617 33.1840 20.3812 90.7356 -1.4271 0.8527 -2.0614 0.0000 0.0000 0.0001 0.0000 0.0000 0.0000 0.0000 -0.0013 -0.0008 0.0000 -0.0004 0.0001 0.0000 0.0000 0.0000 0.0000 0.0000 0.0000 0.0000 0.0002 0.0000 0.0000 -0.0006 0.0003 0.0000 0.0004 -0.0006 0.0000 0.0000 0.0001 0.0000 0.0000 0.0000 0.0000 -0.0010 -0.0002 0.0000 0.0003 30.0001 -0.0001 0.0005 -29.9998 0.0000 0.0000 0.0000 -21.3231 -5.0921 16.1412 -21.3231 -5.0921 16.1412 23.4254 65.8065 127.4463 -67.9387 52.0138 -27.7236 -36.4904 26.6047 -100.5570 0.8253 -0.4330 2.5579 0.0000 -0.0001 0.0001 0.0000 0.0000 0.0000 0.0000 -0.0006 0.0003 0.0000 -0.0001 0.0001 0.0000 0.0000 0.0000 0.0000 0.0000 0.0000 0.0000 0.0007 0.0001 0.0000 -0.0012 0.0001 0.0000 -0.0008 0.0003 0.0000 0.0001 0.0000 0.0000 0.0000 0.0000 0.0000 -0.0008 0.0000 0.0000 0.0002 -29.9997 -0.0001 -0.0003 29.9996 0.0000 0.0000 0.0000 -1.3293 -8.5967 178.1234 -0.2013 -17.6647 0.1139 -123.2591 81.9750 -126.8027 0.0000 25.3510 0.0000 -2.7284 -42.6310 177.6933 0.1120 -36.8720 -0.1199 27.4611 74.2684 12.8785 0.0000 25.2662 -0.0001 
-3.2412 87.6469 -7.0198 5.9497 18.1074 0.8708 0.9589 7.4169 -0.3132 0.9630 7.4489 -0.3142 0.9618 7.4393 -0.3139 41.4825 72.7882 -63.8592 65.2518 60.3633 36.3044 33.3123 20.3350 90.6383 -1.4671 0.8596 -2.1700 0.0000 0.0000 0.0001 0.0000 0.0000 0.0000 0.0000 -0.0013 -0.0008 0.0000 -0.0004 0.0001 0.0000 0.0000 0.0000 0.0000 0.0000 0.0000 0.0000 0.0002 0.0000 0.0000 -0.0007 0.0003 0.0000 0.0004 -0.0006 0.0000 0.0000 0.0001 0.0000 0.0000 0.0000 0.0000 -0.0010 -0.0002 0.0000 0.0002 30.0001 -0.0001 0.0005 -29.9998 0.0000 0.0000 0.0000 -21.6151 -5.4752 16.2770 -21.6151 -5.4752 16.2770 22.8541 65.2037 126.6224 -68.4073 52.2661 -27.3523 -36.3457 26.5937 -100.6649 0.8239 -0.4415 2.5695 0.0000 -0.0001 0.0001 0.0000 0.0000 0.0000 0.0000 -0.0006 0.0003 0.0000 -0.0001 0.0001 0.0000 0.0000 0.0000 0.0000 0.0000 0.0000 0.0000 0.0007 0.0001 0.0000 -0.0011 0.0001 0.0000 -0.0008 0.0003 0.0000 0.0001 0.0000 0.0000 0.0000 0.0000 0.0000 -0.0008 0.0000 0.0000 0.0002 -29.9997 -0.0001 -0.0003 29.9996 0.0000 0.0000 0.0000 -1.9643 -8.9506 177.8539 -0.2009 -17.8428 0.1142 -124.1343 81.9823 -127.6189 0.0000 25.3510 0.0000 -2.8103 -42.9634 177.0934 0.0990 -37.0097 -0.1157 28.9015 74.1331 14.1642 0.0000 25.3105 -0.0001 
-3.0598 87.6582 -7.1435 6.6300 18.2895 1.2894 1.2290 7.5388 -0.1853 1.2346 7.5727 -0.1858 1.2327 7.5616 -0.1856 42.6153 72.8182 -63.0767 65.1101 60.7622 37.4674 33.4292 20.2610 90.5740 -1.5069 0.8670 -2.2781 0.0000 0.0000 0.0001 0.0000 0.0000 0.0000 0.0000 -0.0013 -0.0008 0.0000 -0.0004 0.0001 0.0000 0.0000 0.0000 0.0000 0.0000 0.0000 0.0000 0.0002 0.0000 0.0000 -0.0006 0.0003 0.0000 0.0004 -0.0006 0.0000 0.0000 0.0001 0.0000 0.0000 0.0000 0.0000 -0.0010 -0.0002 0.0000 0.0002 30.0001 -0.0001 0.0005 -29.9998 0.0000 0.0000 0.0000 -21.7768 -5.8589 16.3995 -21.7769 -5.8589 16.3995 22.3916 64.6345 125.9618 -68.8957 52.4951 -27.0379 -36.2125 26.5868 -100.7837 0.8195 -0.4526 2.5797 0.0000 -0.0001 0.0001 0.0000 0.0000 0.0000 0.0000 -0.0006 0.0003 0.0000 -0.0001 0.0001 0.0000 0.0000 0.0000 0.0000 0.0000 0.0000 0.0000 0.0007 0.0001 0.0000 -0.0012 0.0001 0.0000 -0.0008 0.0003 0.0000 0.0001 0.0000 0.0000 0.0000 0.0000 0.0000 -0.0008 0.0000 0.0000 0.0002 -29.9996 -0.0001 -0.0003 29.9996 0.0000 0.0000 0.0000 -2.5773 -9.3115 177.5904 -0.2014 -18.0483 0.1146 -125.0295 82.0814 -128.3673 0.0000 25.3510 0.0000 -2.9037 -43.2476 176.5015 0.0645 -37.1431 -0.1043 30.5411 73.9759 15.7127 0.0000 25.3725 -0.0001 
-2.8377 87.6615 -7.1918 7.1788 18.4580 1.6191 1.4353 7.6522 -0.0614 1.4421 7.6880 -0.0612 1.4397 7.6753 -0.0613 43.9193 72.8261 -62.0670 64.8956 61.2170 38.4916 33.5049 20.1954 90.5068 -1.5511 0.8801 -2.3837 0.0000 0.0000 0.0001 0.0000 0.0000 0.0000 0.0000 -0.0013 -0.0008 0.0000 -0.0004 0.0001 0.0000 0.0000 0.0000 0.0000 0.0000 0.0000 0.0000 0.0002 0.0000 0.0000 -0.0006 0.0003 0.0000 0.0004 -0.0006 0.0000 0.0000 0.0001 0.0000 0.0000 0.0000 0.0000 -0.0010 -0.0002 0.0000 0.0002 30.0001 -0.0001 0.0005 -29.9998 0.0000 0.0000 0.0000 -21.7786 -6.2281 16.4937 -21.7786 -6.2281 16.4937 22.0308 64.1324 125.4935 -69.4409 52.6797 -26.7944 -36.0873 26.5838 -100.9446 0.8102 -0.4678 2.5865 0.0000 -0.0001 0.0001 0.0000 0.0000 0.0000 0.0000 -0.0006 0.0003 0.0000 -0.0001 0.0001 0.0000 0.0000 0.0000 0.0000 0.0000 0.0000 0.0000 0.0007 0.0001 0.0000 -0.0012 0.0001 0.0000 -0.0008 0.0003 0.0000 0.0001 0.0000 0.0000 0.0000 0.0000 0.0000 -0.0008 0.0000 0.0000 0.0002 -29.9996 -0.0001 -0.0003 29.9996 0.0000 0.0000 0.0000 -3.1005 -9.7068 177.3552 -0.2005 -18.3043 0.1149 -125.7925 82.3623 -128.8555 0.0000 25.3510 0.0000 -3.0969 -43.4573 176.0192 0.0224 -37.2381 -0.0902 32.1783 73.8017 17.4285 0.0000 25.5607 -0.0001 
-2.6319 87.6636 -7.1797 7.5641 18.6114 1.8574 1.6056 7.7488 0.0550 1.6134 7.7862 0.0558 1.6105 7.7722 0.0555 45.1019 72.7874 -61.1249 64.5150 61.6791 39.1816 33.5700 20.1296 90.4450 -1.5984 0.8998 -2.4817 0.0000 0.0000 0.0001 0.0000 0.0000 0.0000 0.0000 -0.0013 -0.0008 0.0000 -0.0004 0.0001 0.0000 0.0000 0.0000 0.0000 0.0000 0.0000 0.0000 0.0002 0.0000 0.0000 -0.0006 0.0003 0.0000 0.0004 -0.0006 0.0000 0.0000 0.0001 0.0000 0.0000 0.0000 0.0000 -0.0010 -0.0002 0.0000 0.0002 30.0001 -0.0001 0.0005 -29.9998 0.0000 0.0000 0.0000 -21.6632 -6.5597 16.5503 -21.6632 -6.5597 16.5503 21.7708 63.7304 125.1677 -69.9702 52.8758 -26.5858 -35.9604 26.5850 -101.1411 0.7973 -0.4868 2.5921 0.0000 -0.0001 0.0001 0.0000 0.0000 0.0000 0.0000 -0.0006 0.0003 0.0000 -0.0001 0.0001 0.0000 0.0000 0.0000 0.0000 0.0000 0.0000 0.0000 0.0007 0.0001 0.0000 -0.0012 0.0001 0.0000 -0.0008 0.0003 0.0000 0.0001 0.0000 0.0000 0.0000 0.0000 0.0000 -0.0009 0.0000 0.0000 0.0002 -29.9996 -0.0001 -0.0003 29.9996 0.0000 0.0000 0.0000 -3.4981 -10.1112 177.1652 -0.1973 -18.6223 0.1150 -126.4732 82.7548 -129.1762 0.0000 25.3510 0.0000 -3.3902 -43.6132 175.6952 -0.0141 -37.2981 -0.0779 33.5148 73.6317 19.0054 0.0000 25.8112 -0.0001 
-2.4561 87.6696 -7.1254 7.7737 18.7369 2.0068 1.7519 7.8345 0.1655 1.7607 7.8734 0.1669 1.7573 7.8581 0.1663 46.0515 72.7161 -60.3804 63.9848 62.1274 39.5700 33.6820 20.0992 90.3492 -1.6429 0.9210 -2.5671 0.0000 0.0000 0.0001 0.0000 0.0000 0.0000 0.0000 -0.0013 -0.0008 0.0000 -0.0004 0.0001 0.0000 0.0000 0.0000 0.0000 0.0000 0.0000 0.0000 0.0002 0.0000 0.0000 -0.0006 0.0003 0.0000 0.0004 -0.0006 0.0000 0.0000 0.0001 0.0000 0.0000 0.0000 0.0000 -0.0010 -0.0002 0.0000 0.0002 30.0001 -0.0001 0.0005 -29.9998 0.0000 0.0000 0.0000 -21.4448 -6.8538 16.5693 -21.4448 -6.8538 16.5693 21.5450 63.4369 124.9146 -70.4482 53.0985 -26.4237 -35.8129 26.5697 -101.3481 0.7836 -0.5069 2.5997 0.0000 -0.0001 0.0001 0.0000 0.0000 0.0000 0.0000 -0.0006 0.0003 0.0000 -0.0001 0.0001 0.0000 0.0000 0.0000 0.0000 0.0000 0.0000 0.0000 0.0007 0.0001 0.0000 -0.0012 0.0001 0.0000 -0.0008 0.0003 0.0000 0.0001 0.0000 0.0000 0.0000 0.0000 0.0000 -0.0008 0.0000 0.0000 0.0002 -29.9997 -0.0001 -0.0003 29.9996 0.0000 0.0000 0.0000 -3.7760 -10.4693 177.0204 -0.1927 -18.9749 0.1148 -127.1886 83.2019 -129.4692 0.0000 25.3510 0.0000 -3.7521 -43.7286 175.5292 -0.0512 -37.3453 -0.0654 34.5154 73.4751 20.3731 0.0000 26.0343 -0.0001 
-2.3419 87.6866 -7.0066 7.7080 18.8134 2.0405 1.8658 7.9040 0.2538 1.8754 7.9442 0.2558 1.8715 7.9279 0.2550 46.5249 72.5990 -60.0293 63.1267 62.5202 39.4005 33.9548 20.2182 90.1894 -1.6807 0.9407 -2.6262 0.0000 0.0000 0.0001 0.0000 0.0000 0.0000 0.0000 -0.0013 -0.0008 0.0000 -0.0004 0.0001 0.0000 0.0000 0.0000 0.0000 0.0000 0.0000 0.0000 0.0002 0.0000 0.0000 -0.0006 0.0003 0.0000 0.0004 -0.0006 0.0000 0.0000 0.0001 0.0000 0.0000 0.0000 0.0000 -0.0010 -0.0002 0.0000 0.0002 30.0001 -0.0001 0.0005 -29.9998 0.0000 0.0000 0.0000 -21.0886 -7.0775 16.5452 -21.0886 -7.0775 16.5451 21.3787 63.3350 124.7985 -70.7584 53.3734 -26.3303 -35.6260 26.5125 -101.5390 0.7703 -0.5272 2.6132 0.0000 -0.0001 0.0001 0.0000 0.0000 0.0000 0.0000 -0.0006 0.0003 0.0000 -0.0001 0.0001 0.0000 0.0000 0.0000 0.0000 0.0000 0.0000 0.0000 0.0007 0.0001 0.0000 -0.0012 0.0001 0.0000 -0.0008 0.0003 0.0000 0.0001 0.0000 0.0000 0.0000 0.0000 0.0000 -0.0009 0.0000 0.0000 0.0002 -29.9996 -0.0001 -0.0003 29.9996 0.0000 0.0000 0.0000 -3.8869 -10.7120 176.9278 -0.1880 -19.3377 0.1147 -127.9588 83.6467 -129.7601 0.0000 25.3510 0.0000 -4.0997 -43.7838 175.5532 -0.0898 -37.3980 -0.0524 35.0731 73.3721 21.3980 0.0000 26.1479 -0.0001 
-2.3151 87.7040 -6.8425 7.4434 18.8534 1.9948 1.9331 7.9529 0.3081 1.9433 7.9940 0.3104 1.9390 7.9769 0.3094 46.6125 72.4338 -59.9722 62.2311 62.8007 38.8869 34.2923 20.4352 90.0369 -1.7090 0.9564 -2.6578 0.0000 0.0000 0.0001 0.0000 0.0000 0.0000 0.0000 -0.0013 -0.0008 0.0000 -0.0004 0.0001 0.0000 0.0000 0.0000 0.0000 0.0000 0.0000 0.0000 0.0002 0.0000 0.0000 -0.0006 0.0003 0.0000 0.0004 -0.0006 0.0000 0.0000 0.0001 0.0000 0.0000 0.0000 0.0000 -0.0010 -0.0002 0.0000 0.0003 30.0001 -0.0001 0.0005 -29.9998 0.0000 0.0000 0.0000 -20.6289 -7.2104 16.4876 -20.6289 -7.2104 16.4876 21.3913 63.4257 124.9114 -70.8561 53.7167 -26.2896 -35.4279 26.4476 -101.6967 0.7551 -0.5504 2.6305 0.0000 -0.0001 0.0001 0.0000 0.0000 0.0000 0.0000 -0.0006 0.0003 0.0000 -0.0001 0.0001 0.0000 0.0000 0.0000 0.0000 0.0000 0.0000 0.0000 0.0007 0.0001 0.0000 -0.0012 0.0001 0.0000 -0.0008 0.0003 0.0000 0.0001 0.0000 0.0000 0.0000 0.0000 0.0000 -0.0008 0.0000 0.0000 0.0002 -29.9996 -0.0001 -0.0003 29.9996 0.0000 0.0000 0.0000 -3.8864 -10.8518 176.8778 -0.1866 -19.6529 0.1150 -128.5961 84.0199 -129.9183 0.0000 25.3510 0.0000 -4.3711 -43.7971 175.7147 -0.1038 -37.4672 -0.0476 35.2376 73.3475 22.0433 0.0000 26.2118 -0.0001 
-2.3606 87.7097 -6.6566 7.0305 18.8558 1.8781 1.9435 7.9838 0.3299 1.9538 8.0253 0.3324 1.9495 8.0079 0.3313 46.3878 72.2443 -60.1397 61.3835 62.9569 38.1304 34.6390 20.6964 89.9064 -1.7274 0.9687 -2.6633 0.0000 0.0000 0.0001 0.0000 0.0000 0.0000 0.0000 -0.0013 -0.0008 0.0000 -0.0004 0.0001 0.0000 0.0000 0.0000 0.0000 0.0000 0.0000 0.0000 0.0003 0.0000 0.0000 -0.0006 0.0003 0.0000 0.0004 -0.0006 0.0000 0.0000 0.0001 0.0000 0.0000 0.0000 0.0000 -0.0010 -0.0002 0.0000 0.0003 30.0001 -0.0001 0.0005 -29.9998 0.0000 0.0000 0.0000 -20.0732 -7.2571 16.4010 -20.0731 -7.2571 16.4010 21.6314 63.6941 125.2742 -70.7658 54.1352 -26.3091 -35.2295 26.3953 -101.8170 0.7362 -0.5778 2.6493 0.0000 -0.0001 0.0001 0.0000 0.0000 0.0000 0.0000 -0.0006 0.0003 0.0000 -0.0001 0.0001 0.0000 0.0000 0.0000 0.0000 0.0000 0.0000 0.0000 0.0007 0.0001 0.0000 -0.0012 0.0001 0.0000 -0.0008 0.0003 0.0000 0.0001 0.0000 0.0000 0.0000 0.0000 0.0000 -0.0009 0.0000 0.0000 0.0002 -29.9996 -0.0001 -0.0003 29.9996 0.0000 0.0000 0.0000 -3.8152 -10.9065 176.8720 -0.1876 -19.9004 0.1156 -128.8699 84.3086 -129.7210 0.0000 25.3510 0.0000 -4.5495 -43.7706 175.9768 -0.0984 -37.5480 -0.0493 35.1242 73.3835 22.3814 0.0000 26.2961 -0.0001 
-2.4664 87.6943 -6.4804 6.4505 18.7989 1.6547 1.8661 7.9963 0.3150 1.8760 8.0378 0.3173 1.8719 8.0204 0.3163 45.7864 71.9558 -60.5830 60.9202 62.9056 37.3168 34.9659 20.9845 89.8132 -1.7299 0.9759 -2.6314 0.0000 0.0000 0.0001 0.0000 0.0000 0.0000 0.0000 -0.0013 -0.0008 0.0000 -0.0004 0.0001 0.0000 0.0000 0.0000 0.0000 0.0000 0.0000 0.0000 0.0002 0.0000 0.0000 -0.0006 0.0003 0.0000 0.0004 -0.0006 0.0000 0.0000 0.0001 0.0000 0.0000 0.0000 0.0000 -0.0010 -0.0002 0.0000 0.0002 30.0001 -0.0001 0.0005 -29.9998 0.0000 0.0000 0.0000 -19.3836 -7.2053 16.2637 -19.3836 -7.2053 16.2637 22.2045 64.1705 126.0335 -70.4560 54.6247 -26.4347 -35.0055 26.3657 -101.8834 0.7126 -0.6117 2.6710 0.0000 -0.0001 0.0001 0.0000 0.0000 0.0000 0.0000 -0.0006 0.0003 0.0000 -0.0001 0.0001 0.0000 0.0000 0.0000 0.0000 0.0000 0.0000 0.0000 0.0007 0.0001 0.0000 -0.0012 0.0001 0.0000 -0.0008 0.0003 0.0000 0.0001 0.0000 0.0000 0.0000 0.0000 0.0000 -0.0009 0.0000 0.0000 0.0002 -29.9997 -0.0001 -0.0003 29.9996 0.0000 0.0000 0.0000 -3.6361 -10.8185 176.9562 -0.1845 -20.0347 0.1152 -128.5310 84.4626 -128.9686 0.0000 25.3510 0.0000 -4.5716 -43.6881 176.3361 -0.0883 -37.6217 -0.0527 34.7859 73.4583 22.4022 0.0000 26.3983 -0.0001 
-2.5820 87.6707 -6.3160 5.8005 18.7261 1.3584 1.6987 7.9880 0.2717 1.7076 8.0291 0.2738 1.7039 8.0121 0.2729 44.9159 71.5795 -61.2087 60.6454 62.7299 36.3784 35.2950 21.2700 89.7601 -1.7247 0.9830 -2.5763 0.0000 0.0000 0.0001 0.0000 0.0000 0.0000 0.0000 -0.0013 -0.0008 0.0000 -0.0004 0.0001 0.0000 0.0000 0.0000 0.0000 0.0000 0.0000 0.0000 0.0003 0.0000 0.0000 -0.0006 0.0003 0.0000 0.0004 -0.0006 0.0000 0.0000 0.0001 0.0000 0.0000 0.0000 0.0000 -0.0010 -0.0002 0.0000 0.0003 30.0001 -0.0001 0.0005 -29.9998 0.0000 0.0000 0.0000 -18.5770 -7.0927 16.0820 -18.5770 -7.0927 16.0820 23.0434 64.7640 127.1223 -70.0618 55.1438 -26.6710 -34.7626 26.3746 -101.9051 0.6839 -0.6516 2.6920 0.0000 -0.0001 0.0001 0.0000 0.0000 0.0000 0.0000 -0.0006 0.0003 0.0000 -0.0001 0.0001 0.0000 0.0000 0.0000 0.0000 0.0000 0.0000 0.0000 0.0007 0.0001 0.0000 -0.0012 0.0001 0.0000 -0.0008 0.0003 0.0000 0.0001 0.0000 0.0000 0.0000 0.0000 0.0000 -0.0009 0.0000 0.0000 0.0002 -29.9996 -0.0001 -0.0002 29.9996 0.0000 0.0000 0.0000 -3.3913 -10.6609 177.0992 -0.1828 -20.0953 0.1150 -127.8545 84.5630 -127.9339 0.0000 25.3510 0.0000 -4.4962 -43.5723 176.7382 -0.0849 -37.6570 -0.0538 34.4095 73.5340 22.2939 0.0000 26.4848 -0.0001 
-2.6957 87.6464 -6.1482 5.1179 18.6532 1.0110 1.4474 7.9573 0.2047 1.4548 7.9974 0.2063 1.4518 7.9813 0.2057 43.8638 71.1506 -61.9211 60.4503 62.4883 35.3097 35.5119 21.5880 89.7314 -1.7198 0.9920 -2.5144 0.0000 0.0000 0.0001 0.0000 0.0000 0.0000 0.0000 -0.0013 -0.0008 0.0000 -0.0004 0.0001 0.0000 0.0000 0.0000 0.0000 0.0000 0.0000 0.0000 0.0002 0.0000 0.0000 -0.0006 0.0003 0.0000 0.0004 -0.0006 0.0000 0.0000 0.0001 0.0000 0.0000 0.0000 0.0000 -0.0010 -0.0002 0.0000 0.0002 30.0001 -0.0001 0.0005 -29.9998 0.0000 0.0000 0.0000 -17.6731 -6.9322 15.8643 -17.6731 -6.9322 15.8643 24.0912 65.4368 128.4742 -69.6034 55.6974 -26.9655 -34.5573 26.4400 -101.8921 0.6496 -0.6970 2.7081 0.0000 -0.0001 0.0001 0.0000 0.0000 0.0000 0.0000 -0.0006 0.0003 0.0000 -0.0001 0.0001 0.0000 0.0000 0.0000 0.0000 0.0000 0.0000 0.0000 0.0007 0.0001 0.0000 -0.0012 0.0001 0.0000 -0.0008 0.0003 0.0000 0.0001 0.0000 0.0000 0.0000 0.0000 0.0000 -0.0009 0.0000 0.0000 0.0002 -29.9997 -0.0001 -0.0003 29.9996 0.0000 0.0000 0.0000 -3.0896 -10.4640 177.2818 -0.1838 -20.1106 0.1152 -127.0221 84.6474 -126.7956 0.0000 25.3510 0.0000 -4.3722 -43.4297 177.1742 -0.0864 -37.6539 -0.0533 34.0331 73.6178 22.1177 0.0000 26.5341 -0.0001 
-2.8184 87.6244 -5.9433 4.4149 18.5858 0.6085 1.0796 7.8982 0.1074 1.0850 7.9370 0.1083 1.0829 7.9221 0.1079 42.3626 70.6606 -62.7677 60.2083 62.1800 33.8174 35.5844 21.9009 89.7708 -1.7166 1.0081 -2.4375 0.0000 0.0000 0.0001 0.0000 0.0000 0.0000 0.0000 -0.0013 -0.0008 0.0000 -0.0004 0.0001 0.0000 0.0000 0.0000 0.0000 0.0000 0.0000 0.0000 0.0002 0.0000 0.0000 -0.0006 0.0003 0.0000 0.0004 -0.0006 0.0000 0.0000 0.0001 0.0000 0.0000 0.0000 0.0000 -0.0010 -0.0002 0.0000 0.0003 30.0001 -0.0001 0.0005 -29.9998 0.0000 0.0000 0.0000 -16.6407 -6.7181 15.6188 -16.6407 -6.7181 15.6188 25.3509 66.1456 130.1176 -69.0529 56.2642 -27.2416 -34.4283 26.5385 -101.8355 0.6094 -0.7451 2.7155 0.0000 -0.0001 0.0001 0.0000 0.0000 0.0000 0.0000 -0.0006 0.0003 0.0000 -0.0001 0.0001 0.0000 0.0000 0.0000 0.0000 0.0000 0.0000 0.0000 0.0007 0.0001 0.0000 -0.0012 0.0001 0.0000 -0.0008 0.0003 0.0000 0.0001 0.0000 0.0000 0.0000 0.0000 0.0000 -0.0009 0.0000 0.0000 0.0002 -29.9997 -0.0001 -0.0003 29.9996 0.0000 0.0000 0.0000 -2.6677 -10.2342 177.5040 -0.1950 -20.0982 0.1172 -126.2153 84.7425 -125.8013 0.0000 25.0781 0.0000 -4.2091 -43.2357 177.6668 -0.0850 -37.6025 -0.0538 33.6701 73.7479 21.8667 0.0000 26.5387 -0.0001 
-2.9715 87.6064 -5.6919 3.7079 18.5182 0.1904 0.6304 7.8302 -0.0131 0.6334 7.8674 -0.0129 0.6323 7.8538 -0.0130 40.7743 70.1507 -63.6312 59.9698 61.7464 32.1307 35.6876 22.1769 89.9285 -1.7146 1.0301 -2.3477 0.0000 0.0000 0.0001 0.0000 0.0000 0.0000 0.0000 -0.0013 -0.0008 0.0000 -0.0004 0.0001 0.0000 0.0000 0.0000 0.0000 0.0000 0.0000 0.0000 0.0002 0.0000 0.0000 -0.0006 0.0003 0.0000 0.0004 -0.0006 0.0000 0.0000 0.0001 0.0000 0.0000 0.0000 0.0000 -0.0010 -0.0002 0.0000 0.0002 30.0001 -0.0001 0.0005 -29.9998 0.0000 0.0000 0.0000 -15.5099 -6.4922 15.3621 -15.5099 -6.4922 15.3620 26.6885 66.8168 131.8432 -68.4893 56.8229 -27.4901 -34.2743 26.5914 -101.7326 0.5695 -0.7885 2.7194 0.0000 -0.0001 0.0001 0.0000 0.0000 0.0000 0.0000 -0.0006 0.0003 0.0000 -0.0001 0.0001 0.0000 0.0000 0.0000 0.0000 0.0000 0.0000 0.0000 0.0007 0.0001 0.0000 -0.0011 0.0001 0.0000 -0.0008 0.0003 0.0000 0.0001 0.0000 0.0000 0.0000 0.0000 0.0000 -0.0008 0.0000 0.0000 0.0002 -29.9997 -0.0001 -0.0003 29.9996 0.0000 0.0000 0.0000 -2.1125 -9.9722 177.7741 -0.1997 -20.0731 0.1180 -125.3175 84.7916 -124.8706 0.0000 25.0764 0.0000 -4.0060 -42.9843 178.1904 -0.0718 -37.5084 -0.0584 33.3156 73.9308 21.5508 0.0000 26.5472 -0.0001 
-3.1631 87.5984 -5.4091 2.9981 18.4519 -0.2302 0.1185 7.7574 -0.1565 0.1190 7.7934 -0.1572 0.1188 7.7808 -0.1570 39.0997 69.6240 -64.4902 59.7372 61.2330 30.2588 35.8465 22.4404 90.1794 -1.7112 1.0548 -2.2443 0.0000 0.0000 0.0001 0.0000 0.0000 0.0000 0.0000 -0.0013 -0.0008 0.0000 -0.0004 0.0001 0.0000 0.0000 0.0000 0.0000 0.0000 0.0000 0.0000 0.0002 0.0000 0.0000 -0.0006 0.0003 0.0000 0.0004 -0.0006 0.0000 0.0000 0.0001 0.0000 0.0000 0.0000 0.0000 -0.0010 -0.0002 0.0000 0.0002 30.0001 -0.0001 0.0005 -29.9998 0.0000 0.0000 0.0000 -14.3059 -6.2556 15.1176 -14.3059 -6.2556 15.1176 28.1043 67.4517 133.6098 -67.9431 57.3863 -27.7383 -34.0838 26.6216 -101.5820 0.5303 -0.8276 2.7197 0.0000 -0.0001 0.0001 0.0000 0.0000 0.0000 0.0000 -0.0006 0.0003 0.0000 -0.0001 0.0001 0.0000 0.0000 0.0000 0.0000 0.0000 0.0000 0.0000 0.0007 0.0001 0.0000 -0.0012 0.0001 0.0000 -0.0008 0.0003 0.0000 0.0001 0.0000 0.0000 0.0000 0.0000 0.0000 -0.0008 0.0000 0.0000 0.0002 -29.9996 -0.0001 -0.0003 29.9996 0.0000 0.0000 0.0000 -1.4740 -9.6979 178.0841 -0.1947 -20.0185 0.1170 -124.1754 84.7878 -123.8112 0.0000 25.0754 0.0000 -3.7664 -42.6920 178.7345 -0.0431 -37.3757 -0.0682 32.9258 74.1517 21.1496 0.0000 26.5311 -0.0001 
-3.4037 87.5981 -5.1290 2.2640 18.3936 -0.6560 -0.4554 7.6852 -0.3243 -0.4576 7.7204 -0.3260 -0.4569 7.7085 -0.3254 37.2196 69.1326 -65.4241 59.4396 60.5928 28.1104 36.0992 22.7215 90.5450 -1.7036 1.0806 -2.1216 0.0000 0.0000 0.0001 0.0000 0.0000 0.0000 0.0000 -0.0013 -0.0008 0.0000 -0.0004 0.0001 0.0000 0.0000 0.0000 0.0000 0.0000 0.0000 0.0000 0.0003 0.0000 0.0000 -0.0006 0.0003 0.0000 0.0004 -0.0006 0.0000 0.0000 0.0001 0.0000 0.0000 0.0000 0.0000 -0.0010 -0.0002 0.0000 0.0003 30.0001 -0.0001 0.0005 -29.9998 0.0000 0.0000 0.0000 -13.0334 -6.0174 14.9063 -13.0334 -6.0174 14.9064 29.5410 68.0331 135.4619 -67.3015 57.8672 -27.8822 -33.9888 26.6766 -101.3958 0.4936 -0.8616 2.7126 0.0000 -0.0001 0.0001 0.0000 0.0000 0.0000 0.0000 -0.0006 0.0003 0.0000 -0.0001 0.0001 0.0000 0.0000 0.0000 0.0000 0.0000 0.0000 0.0000 0.0007 0.0001 0.0000 -0.0012 0.0001 0.0000 -0.0008 0.0003 0.0000 0.0001 0.0000 0.0000 0.0000 0.0000 0.0000 -0.0009 0.0000 0.0000 0.0002 -29.9997 -0.0001 -0.0003 29.9996 0.0000 0.0000 0.0000 -0.7659 -9.4238 178.4317 -0.1799 -19.8952 0.1142 -122.5718 84.7094 -122.3984 0.0000 25.0758 0.0000 -3.5039 -42.3838 179.3126 -0.0053 -37.1852 -0.0809 32.4106 74.3833 20.5862 0.0000 26.5029 -0.0001 
-3.6602 87.5984 -4.9098 1.4851 18.3586 -1.0893 -1.0484 7.6125 -0.4986 -1.0534 7.6472 -0.5012 -1.0517 7.6355 -0.5003 35.2822 68.7088 -66.3830 59.5839 59.7650 26.2465 36.2923 22.9853 91.0122 -1.6858 1.1014 -1.9820 0.0000 0.0000 0.0001 0.0000 0.0000 0.0000 0.0000 -0.0013 -0.0008 0.0000 -0.0004 0.0001 0.0000 0.0000 0.0000 0.0000 0.0000 0.0000 0.0000 0.0002 0.0000 0.0000 -0.0006 0.0003 0.0000 0.0004 -0.0006 0.0000 0.0000 0.0001 0.0000 0.0000 0.0000 0.0000 -0.0010 -0.0002 0.0000 0.0002 30.0001 -0.0001 0.0005 -29.9998 0.0000 0.0000 0.0000 -11.7413 -5.7994 14.7158 -11.7413 -5.7994 14.7158 31.0013 68.5894 137.3389 -66.6149 58.3139 -28.0344 -33.8744 26.7448 -101.1003 0.4610 -0.8886 2.7003 0.0000 -0.0001 0.0001 0.0000 0.0000 0.0000 0.0000 -0.0006 0.0003 0.0000 -0.0001 0.0001 0.0000 0.0000 0.0000 0.0000 0.0000 0.0000 0.0000 0.0007 0.0001 0.0000 -0.0012 0.0001 0.0000 -0.0008 0.0003 0.0000 0.0001 0.0000 0.0000 0.0000 0.0000 0.0000 -0.0008 0.0000 0.0000 0.0002 -29.9996 -0.0001 -0.0003 29.9996 0.0000 0.0000 0.0000 -0.0041 -9.2039 178.7571 -0.1732 -19.7211 0.1128 -120.8429 84.6156 -120.9052 0.0000 25.0773 0.0000 -3.2276 -42.1381 179.9067 0.0218 -36.9674 -0.0900 31.7293 74.5721 19.8589 0.0000 26.4401 -0.0001 
-3.9287 87.5967 -4.7330 0.6597 18.3520 -1.5250 -1.6457 7.5405 -0.6757 -1.6535 7.5752 -0.6793 -1.6508 7.5632 -0.6781 33.4393 68.3939 -67.3626 59.9992 58.8285 24.6033 36.5905 23.1477 91.5772 -1.6525 1.1129 -1.8264 0.0000 0.0000 0.0001 0.0000 0.0000 0.0000 0.0000 -0.0013 -0.0008 0.0000 -0.0004 0.0001 0.0000 0.0000 0.0000 0.0000 0.0000 0.0000 0.0000 0.0002 0.0000 0.0000 -0.0006 0.0003 0.0000 0.0004 -0.0006 0.0000 0.0000 0.0001 0.0000 0.0000 0.0000 0.0000 -0.0010 -0.0002 0.0000 0.0002 30.0001 -0.0002 0.0005 -29.9998 0.0000 0.0000 0.0000 -10.4456 -5.6146 14.5315 -10.4456 -5.6146 14.5315 32.4640 69.1685 139.2017 -65.9286 58.7522 -28.2457 -33.7212 26.8068 -100.7121 0.4322 -0.9086 2.6839 0.0000 -0.0001 0.0001 0.0000 0.0000 0.0000 0.0000 -0.0006 0.0003 0.0000 -0.0001 0.0001 0.0000 0.0000 0.0000 0.0000 0.0000 0.0000 0.0000 0.0007 0.0001 0.0000 -0.0012 0.0001 0.0000 -0.0008 0.0003 0.0000 0.0001 0.0000 0.0000 0.0000 0.0000 0.0000 -0.0009 0.0000 0.0000 0.0002 -29.9996 -0.0001 -0.0003 29.9996 0.0000 0.0000 0.0000 0.7689 -9.0354 179.0415 -0.1744 -19.5254 0.1127 -119.4149 84.5027 -119.6925 0.0000 25.0796 0.0000 -2.9372 -41.9483 -179.4899 0.0405 -36.7220 -0.0961 30.8801 74.7216 18.9765 0.0000 26.3982 -0.0001 
-4.2292 87.6055 -4.5617 -0.2572 18.4043 -1.9840 -2.2198 7.4676 -0.8492 -2.2306 7.5028 -0.8539 -2.2267 7.4901 -0.8522 31.6265 68.2176 -68.4021 60.3583 57.8546 23.0287 36.9614 23.3345 92.1329 -1.6113 1.1173 -1.6695 0.0000 0.0000 0.0001 0.0000 0.0000 0.0000 0.0000 -0.0013 -0.0008 0.0000 -0.0004 0.0001 0.0000 0.0000 0.0000 0.0000 0.0000 0.0000 0.0000 0.0003 0.0000 0.0000 -0.0006 0.0003 0.0000 0.0004 -0.0006 0.0000 0.0000 0.0001 0.0000 0.0000 0.0000 0.0000 -0.0010 -0.0002 0.0000 0.0002 30.0001 -0.0001 0.0005 -29.9998 0.0000 0.0000 0.0000 -9.1871 -5.4803 14.3686 -9.1871 -5.4803 14.3686 33.9740 69.7865 141.0650 -65.2024 59.2065 -28.4860 -33.5408 26.8791 -100.2164 0.4071 -0.9219 2.6617 0.0000 -0.0001 0.0001 0.0000 0.0000 0.0000 0.0000 -0.0006 0.0003 0.0000 -0.0001 0.0001 0.0000 0.0000 0.0000 0.0000 0.0000 0.0000 0.0000 0.0007 0.0001 0.0000 -0.0011 0.0001 0.0000 -0.0008 0.0003 0.0000 0.0001 0.0000 0.0000 0.0000 0.0000 0.0000 -0.0008 0.0000 0.0000 0.0002 -29.9997 -0.0001 -0.0003 29.9996 0.0000 0.0000 0.0000 1.5277 -8.9151 179.2745 -0.1824 -19.2989 0.1137 -118.7721 84.3639 -119.1490 0.0000 25.0824 0.0000 -2.6557 -41.8217 -178.8251 0.0651 -36.4495 -0.1041 29.7669 74.8598 17.8835 0.0000 26.3076 -0.0001 
-4.5549 87.6140 -4.3685 -1.1995 18.4823 -2.4385 -2.7666 7.4000 -1.0066 -2.7805 7.4359 -1.0124 -2.7752 7.4223 -1.0102 29.8833 68.1720 -69.4731 60.5548 56.9241 21.5199 37.3200 23.4869 92.6431 -1.5701 1.1196 -1.5255 0.0000 0.0000 0.0001 0.0000 0.0000 0.0000 0.0000 -0.0013 -0.0008 0.0000 -0.0004 0.0001 0.0000 0.0000 0.0000 0.0000 0.0000 0.0000 0.0000 0.0002 0.0000 0.0000 -0.0006 0.0003 0.0000 0.0004 -0.0006 0.0000 0.0000 0.0001 0.0000 0.0000 0.0000 0.0000 -0.0010 -0.0002 0.0000 0.0002 30.0001 -0.0001 0.0005 -29.9998 0.0000 0.0000 0.0000 -7.9994 -5.3941 14.2093 -7.9994 -5.3941 14.2093 35.4326 70.4683 143.0027 -64.5531 59.5801 -28.8736 -33.3865 26.9552 -99.6851 0.3852 -0.9307 2.6365 0.0000 -0.0001 0.0001 0.0000 0.0000 0.0000 0.0000 -0.0006 0.0003 0.0000 -0.0001 0.0001 0.0000 0.0000 0.0000 0.0000 0.0000 0.0000 0.0000 0.0007 0.0001 0.0000 -0.0012 0.0001 0.0000 -0.0008 0.0003 0.0000 0.0001 0.0000 0.0000 0.0000 0.0000 0.0000 -0.0009 0.0000 0.0000 0.0002 -29.9996 -0.0001 -0.0003 29.9996 0.0000 0.0000 0.0000 2.2197 -8.7950 179.4701 -0.1951 -19.0367 0.1154 -118.6106 84.2379 -118.9498 0.0000 25.0846 0.0000 -2.4036 -41.7000 -178.1328 0.1021 -36.1548 -0.1159 28.4778 75.0073 16.6551 0.0000 26.2767 -0.0001 
-4.8791 87.6179 -4.1853 -2.1563 18.5736 -2.8766 -3.2822 7.3360 -1.1499 -3.2992 7.3728 -1.1569 -3.2924 7.3580 -1.1541 28.2497 68.2445 -70.5435 60.5986 56.0706 20.1151 37.6245 23.5759 93.0836 -1.5313 1.1212 -1.3979 0.0000 0.0000 0.0001 0.0000 0.0000 0.0000 0.0000 -0.0013 -0.0008 0.0000 -0.0004 0.0001 0.0000 0.0000 0.0000 0.0000 0.0000 0.0000 0.0000 0.0002 0.0000 0.0000 -0.0006 0.0003 0.0000 0.0004 -0.0006 0.0000 0.0000 0.0001 0.0000 0.0000 0.0000 0.0000 -0.0010 -0.0002 0.0000 0.0003 30.0001 -0.0001 0.0005 -29.9998 0.0000 0.0000 0.0000 -6.8971 -5.3580 14.0521 -6.8971 -5.3580 14.0521 36.9598 71.1853 144.9696 -63.9260 59.9888 -29.3148 -33.1834 26.9920 -99.1403 0.3660 -0.9365 2.6147 0.0000 -0.0001 0.0001 0.0000 0.0000 0.0000 0.0000 -0.0006 0.0003 0.0000 -0.0001 0.0001 0.0000 0.0000 0.0000 0.0000 0.0000 0.0000 0.0000 0.0007 0.0001 0.0000 -0.0012 0.0001 0.0000 -0.0008 0.0003 0.0000 0.0001 0.0000 0.0000 0.0000 0.0000 0.0000 -0.0009 0.0000 0.0000 0.0002 -29.9996 -0.0001 -0.0003 29.9996 0.0000 0.0000 0.0000 2.8626 -8.6732 179.6349 -0.2096 -18.7314 0.1172 -118.5558 84.1294 -118.7541 0.0000 25.0861 0.0000 -2.1580 -41.6122 -177.4566 0.1398 -35.8779 -0.1278 27.0970 75.1561 15.3596 0.0000 26.2332 -0.0001 
-5.1573 87.5968 -4.0726 -3.1655 18.6618 -3.2864 -3.7289 7.2794 -1.2859 -3.7489 7.3173 -1.2939 -3.7404 7.3013 -1.2905 26.8745 68.4121 -71.5237 60.3706 55.3565 18.8108 37.8540 23.5932 93.4170 -1.5025 1.1263 -1.2970 0.0000 0.0000 0.0001 0.0000 0.0000 0.0000 0.0000 -0.0013 -0.0008 0.0000 -0.0004 0.0001 0.0000 0.0000 0.0000 0.0000 0.0000 0.0000 0.0000 0.0002 0.0000 0.0000 -0.0006 0.0003 0.0000 0.0004 -0.0006 0.0000 0.0000 0.0001 0.0000 0.0000 0.0000 0.0000 -0.0010 -0.0002 0.0000 0.0002 30.0001 -0.0001 0.0005 -29.9998 0.0000 0.0000 0.0000 -5.9478 -5.3843 13.9055 -5.9478 -5.3843 13.9055 38.6393 71.9580 147.0522 -63.3587 60.3794 -29.8420 -32.9858 26.9883 -98.6644 0.3497 -0.9405 2.5975 0.0000 -0.0001 0.0001 0.0000 0.0000 0.0000 0.0000 -0.0006 0.0003 0.0000 -0.0001 0.0001 0.0000 0.0000 0.0000 0.0000 0.0000 0.0000 0.0000 0.0007 0.0001 0.0000 -0.0011 0.0001 0.0000 -0.0008 0.0003 0.0000 0.0001 0.0000 0.0000 0.0000 0.0000 0.0000 -0.0008 0.0000 0.0000 0.0002 -29.9997 -0.0001 -0.0002 29.9996 0.0000 0.0000 0.0000 3.4807 -8.5825 179.7696 -0.2224 -18.3873 0.1186 -118.0929 84.0368 -118.0406 0.0000 25.0870 0.0000 -1.8844 -41.6154 -176.8486 0.1637 -35.6653 -0.1352 25.6390 75.2724 14.0336 0.0000 26.2106 -0.0001 
-5.3890 87.5636 -4.0172 -4.1630 18.7136 -3.6532 -4.1348 7.2358 -1.4212 -4.1579 7.2750 -1.4304 -4.1476 7.2575 -1.4263 25.8046 68.5842 -72.3828 60.0982 54.7814 17.7071 38.0103 23.5479 93.6760 -1.4809 1.1318 -1.2194 0.0000 0.0000 0.0001 0.0000 0.0000 0.0000 0.0000 -0.0013 -0.0008 0.0000 -0.0004 0.0001 0.0000 0.0000 0.0000 0.0000 0.0000 0.0000 0.0000 0.0003 0.0000 0.0000 -0.0006 0.0003 0.0000 0.0004 -0.0006 0.0000 0.0000 0.0001 0.0000 0.0000 0.0000 0.0000 -0.0010 -0.0002 0.0000 0.0003 30.0001 -0.0001 0.0005 -29.9998 0.0000 0.0000 0.0000 -5.1226 -5.4515 13.7663 -5.1226 -5.4515 13.7663 40.6444 72.6872 149.3855 -62.6721 60.6974 -30.2070 -32.8828 26.9769 -98.3339 0.3366 -0.9442 2.5843 0.0000 -0.0001 0.0001 0.0000 0.0000 0.0000 0.0000 -0.0006 0.0003 0.0000 -0.0001 0.0001 0.0000 0.0000 0.0000 0.0000 0.0000 0.0000 0.0000 0.0007 0.0001 0.0000 -0.0012 0.0001 0.0000 -0.0008 0.0003 0.0000 0.0001 0.0000 0.0000 0.0000 0.0000 0.0000 -0.0009 0.0000 0.0000 0.0002 -29.9997 -0.0001 -0.0003 29.9996 0.0000 0.0000 0.0000 4.0606 -8.5194 179.8954 -0.2315 -18.0594 0.1194 -117.1432 83.9347 -116.8178 0.0000 25.0879 0.0000 -1.6158 -41.6531 -176.3152 0.1824 -35.5080 -0.1409 24.1964 75.3550 12.7626 0.0000 26.1788 -0.0001 
-5.5863 87.5242 -3.9929 -5.1173 18.7284 -3.9668 -4.4952 7.1996 -1.5500 -4.5214 7.2402 -1.5604 -4.5091 7.2212 -1.5555 24.9100 68.7572 -73.1596 59.8715 54.3329 16.8181 38.0823 23.4488 93.8748 -1.4625 1.1348 -1.1594 0.0000 0.0000 0.0001 0.0000 0.0000 0.0000 0.0000 -0.0013 -0.0008 0.0000 -0.0004 0.0001 0.0000 0.0000 0.0000 0.0000 0.0000 0.0000 0.0000 0.0002 0.0000 0.0000 -0.0006 0.0003 0.0000 0.0004 -0.0006 0.0000 0.0000 0.0001 0.0000 0.0000 0.0000 0.0000 -0.0010 -0.0002 0.0000 0.0002 30.0001 -0.0001 0.0005 -29.9998 0.0000 0.0000 0.0000 -4.4253 -5.5420 13.6153 -4.4253 -5.5420 13.6153 42.8686 73.3652 151.9329 -61.9958 60.9391 -30.5601 -32.8163 26.9977 -98.0778 0.3257 -0.9492 2.5733 0.0000 -0.0001 0.0001 0.0000 0.0000 0.0000 0.0000 -0.0006 0.0003 0.0000 -0.0001 0.0001 0.0000 0.0000 0.0000 0.0000 0.0000 0.0000 0.0000 0.0007 0.0001 0.0000 -0.0012 0.0001 0.0000 -0.0008 0.0003 0.0000 0.0001 0.0000 0.0000 0.0000 0.0000 0.0000 -0.0009 0.0000 0.0000 0.0002 -29.9996 -0.0001 -0.0003 29.9996 0.0000 0.0000 0.0000 4.6037 -8.4697 -179.9880 -0.2361 -17.7736 0.1196 -115.9495 83.8094 -115.3700 0.0000 25.0891 0.0000 -1.3540 -41.6955 -175.8597 0.2080 -35.3929 -0.1489 22.8257 75.4120 11.5998 0.0000 26.1677 -0.0001 
-5.7201 87.4887 -3.9710 -5.9977 18.7076 -4.2138 -4.7880 7.1713 -1.6673 -4.8169 7.2130 -1.6789 -4.8028 7.1928 -1.6732 24.2799 68.9260 -73.7615 59.7733 54.0707 16.2631 38.0419 23.3134 93.9977 -1.4462 1.1323 -1.1215 0.0000 0.0000 0.0001 0.0000 0.0000 0.0000 0.0000 -0.0013 -0.0008 0.0000 -0.0004 0.0001 0.0000 0.0000 0.0000 0.0000 0.0000 0.0000 0.0000 0.0002 0.0000 0.0000 -0.0006 0.0003 0.0000 0.0004 -0.0006 0.0000 0.0000 0.0001 0.0000 0.0000 0.0000 0.0000 -0.0010 -0.0002 0.0000 0.0002 30.0001 -0.0001 0.0005 -29.9998 0.0000 0.0000 0.0000 -3.8947 -5.6609 13.4291 -3.8947 -5.6609 13.4291 45.2588 73.9215 154.6172 -61.2587 61.0569 -30.8192 -32.7969 27.1288 -97.8892 0.3196 -0.9566 2.5647 0.0000 -0.0001 0.0001 0.0000 0.0000 0.0000 0.0000 -0.0006 0.0003 0.0000 -0.0001 0.0001 0.0000 0.0000 0.0000 0.0000 0.0000 0.0000 0.0000 0.0007 0.0001 0.0000 -0.0012 0.0001 0.0000 -0.0008 0.0003 0.0000 0.0001 0.0000 0.0000 0.0000 0.0000 0.0000 -0.0008 0.0000 0.0000 0.0002 -29.9996 -0.0001 -0.0003 29.9996 0.0000 0.0000 0.0000 5.1141 -8.4318 -179.8935 -0.2367 -17.5814 0.1192 -114.9717 83.6546 -114.1966 0.0000 25.0905 0.0000 -1.0919 -41.7246 -175.5275 0.2389 -35.3235 -0.1586 21.7358 75.4301 10.7722 0.0000 26.1877 -0.0001 
-5.7640 87.4557 -3.9638 -6.7963 18.6724 -4.4198 -5.0258 7.1468 -1.7694 -5.0570 7.1895 -1.7821 -5.0414 7.1681 -1.7758 23.8513 69.0749 -74.1981 59.8587 53.9431 15.9992 37.9667 23.2180 94.0847 -1.4272 1.1214 -1.0961 0.0000 0.0000 0.0001 0.0000 0.0000 0.0000 0.0000 -0.0013 -0.0008 0.0000 -0.0004 0.0001 0.0000 0.0000 0.0000 0.0000 0.0000 0.0000 0.0000 0.0002 0.0000 0.0000 -0.0006 0.0003 0.0000 0.0004 -0.0006 0.0000 0.0000 0.0001 0.0000 0.0000 0.0000 0.0000 -0.0010 -0.0002 0.0000 0.0002 30.0001 -0.0001 0.0005 -29.9998 0.0000 0.0000 0.0000 -3.4757 -5.7966 13.2011 -3.4757 -5.7966 13.2011 47.4678 74.3406 157.0791 -60.4506 61.1759 -30.9441 -32.7951 27.2870 -97.7573 0.3178 -0.9670 2.5671 0.0000 -0.0001 0.0001 0.0000 0.0000 0.0000 0.0000 -0.0006 0.0003 0.0000 -0.0001 0.0001 0.0000 0.0000 0.0000 0.0000 0.0000 0.0000 0.0000 0.0007 0.0001 0.0000 -0.0012 0.0001 0.0000 -0.0008 0.0003 0.0000 0.0001 0.0000 0.0000 0.0000 0.0000 0.0000 -0.0008 0.0000 0.0000 0.0002 -29.9996 -0.0001 -0.0003 29.9996 0.0000 0.0000 0.0000 5.5955 -8.3893 -179.8274 -0.2378 -17.4692 0.1192 -114.6777 83.5075 -113.7428 0.0000 25.0915 0.0000 -0.8983 -41.7851 -175.2885 0.2458 -35.3338 -0.1608 21.0833 75.3895 10.4464 0.0000 26.2126 -0.0001 
-5.7317 87.4226 -3.9884 -7.4587 18.6240 -4.5756 -5.2292 7.1316 -1.8533 -5.2626 7.1753 -1.8669 -5.2454 7.1529 -1.8599 23.5327 69.2245 -74.5384 60.0449 53.8971 15.9281 37.8752 23.1601 94.1502 -1.4066 1.1049 -1.0795 0.0000 0.0000 0.0001 0.0000 0.0000 0.0000 0.0000 -0.0013 -0.0008 0.0000 -0.0004 0.0001 0.0000 0.0000 0.0000 0.0000 0.0000 0.0000 0.0000 0.0002 0.0000 0.0000 -0.0006 0.0003 0.0000 0.0004 -0.0006 0.0000 0.0000 0.0001 0.0000 0.0000 0.0000 0.0000 -0.0010 -0.0002 0.0000 0.0002 30.0001 -0.0001 0.0005 -29.9998 0.0000 0.0000 0.0000 -3.1403 -5.9457 12.9314 -3.1403 -5.9457 12.9314 49.0507 74.6422 158.9114 -59.8764 61.2946 -31.0767 -32.7588 27.3913 -97.7113 0.3171 -0.9790 2.5793 0.0000 -0.0001 0.0001 0.0000 0.0000 0.0000 0.0000 -0.0006 0.0003 0.0000 -0.0001 0.0001 0.0000 0.0000 0.0000 0.0000 0.0000 0.0000 0.0000 0.0007 0.0001 0.0000 -0.0012 0.0001 0.0000 -0.0008 0.0003 0.0000 0.0001 0.0000 0.0000 0.0000 0.0000 0.0000 -0.0008 0.0000 0.0000 0.0002 -29.9997 -0.0001 -0.0003 29.9996 0.0000 0.0000 0.0000 5.9986 -8.3549 -179.7977 -0.2423 -17.4245 0.1198 -114.9162 83.4178 -113.8334 0.0000 25.0915 0.0000 -0.8095 -41.8841 -175.1288 0.2303 -35.4251 -0.1560 20.9473 75.2725 10.6760 0.0000 26.2917 -0.0001 
-5.6402 87.3914 -4.0620 -7.9252 18.5554 -4.6630 -5.3640 7.1340 -1.9008 -5.3989 7.1786 -1.9150 -5.3807 7.1553 -1.9076 23.2661 69.3996 -74.8071 60.2811 53.9132 16.0382 37.7803 23.1375 94.2015 -1.3857 1.0838 -1.0723 0.0000 0.0000 0.0001 0.0000 0.0000 0.0000 0.0000 -0.0013 -0.0008 0.0000 -0.0004 0.0001 0.0000 0.0000 0.0000 0.0000 0.0000 0.0000 0.0000 0.0002 0.0000 0.0000 -0.0006 0.0003 0.0000 0.0004 -0.0006 0.0000 0.0000 0.0001 0.0000 0.0000 0.0000 0.0000 -0.0010 -0.0002 0.0000 0.0002 30.0001 -0.0001 0.0005 -29.9998 0.0000 0.0000 0.0000 -2.9143 -6.1111 12.5963 -2.9143 -6.1111 12.5963 49.5576 74.7959 159.6432 -59.6835 61.4055 -31.2187 -32.5904 27.3890 -97.7646 0.3179 -0.9907 2.6037 0.0000 -0.0001 0.0001 0.0000 0.0000 0.0000 0.0000 -0.0006 0.0003 0.0000 -0.0001 0.0001 0.0000 0.0000 0.0000 0.0000 0.0000 0.0000 0.0000 0.0007 0.0001 0.0000 -0.0012 0.0001 0.0000 -0.0008 0.0003 0.0000 0.0001 0.0000 0.0000 0.0000 0.0000 0.0000 -0.0009 0.0000 0.0000 0.0002 -29.9996 -0.0001 -0.0003 29.9996 0.0000 0.0000 0.0000 6.3095 -8.3613 -179.8289 -0.2508 -17.4908 0.1212 -115.8018 83.4585 -114.5777 0.0000 25.0892 0.0000 -0.8249 -42.0454 -175.0630 0.2033 -35.6321 -0.1479 21.4961 75.0444 11.6085 0.0000 26.4270 -0.0001 
-5.5549 87.3858 -4.1333 -8.2187 18.4666 -4.6828 -5.4502 7.1557 -1.9235 -5.4863 7.2011 -1.9382 -5.4671 7.1770 -1.9304 23.1024 69.5752 -74.9916 60.5086 53.9734 16.2486 37.6920 23.1212 94.2410 -1.3674 1.0623 -1.0731 0.0000 0.0000 0.0001 0.0000 0.0000 0.0000 0.0000 -0.0013 -0.0008 0.0000 -0.0004 0.0001 0.0000 0.0000 0.0000 0.0000 0.0000 0.0000 0.0000 0.0002 0.0000 0.0000 -0.0006 0.0003 0.0000 0.0004 -0.0006 0.0000 0.0000 0.0001 0.0000 0.0000 0.0000 0.0000 -0.0010 -0.0002 0.0000 0.0003 30.0001 -0.0001 0.0005 -29.9998 0.0000 0.0000 0.0000 -2.7356 -6.2969 12.2361 -2.7356 -6.2968 12.2361 49.1113 74.8443 159.3573 -59.8987 61.4857 -31.4698 -32.2357 27.2924 -97.8703 0.3217 -1.0001 2.6389 0.0000 -0.0001 0.0001 0.0000 0.0000 0.0000 0.0000 -0.0006 0.0003 0.0000 -0.0001 0.0001 0.0000 0.0000 0.0000 0.0000 0.0000 0.0000 0.0000 0.0007 0.0001 0.0000 -0.0012 0.0001 0.0000 -0.0008 0.0003 0.0000 0.0001 0.0000 0.0000 0.0000 0.0000 0.0000 -0.0008 0.0000 0.0000 0.0002 -29.9996 -0.0001 -0.0003 29.9996 0.0000 0.0000 0.0000 6.5228 -8.4127 -179.9082 -0.2596 -17.6363 0.1229 -116.9536 83.6180 -115.5713 0.0000 25.0851 0.0000 -0.9496 -42.2035 -175.0364 0.1812 -35.9065 -0.1412 22.2856 74.7852 12.7840 0.0000 26.4603 -0.0001 
-5.4861 87.4015 -4.1821 -8.3661 18.3573 -4.6383 -5.4987 7.1939 -1.9319 -5.5355 7.2402 -1.9469 -5.5157 7.2154 -1.9388 23.0643 69.7388 -75.1011 60.6970 54.0652 16.5140 37.6196 23.1179 94.2764 -1.3533 1.0419 -1.0819 0.0000 0.0000 0.0001 0.0000 0.0000 0.0000 0.0000 -0.0013 -0.0008 0.0000 -0.0004 0.0001 0.0000 0.0000 0.0000 0.0000 0.0000 0.0000 0.0000 0.0002 0.0000 0.0000 -0.0006 0.0003 0.0000 0.0004 -0.0006 0.0000 0.0000 0.0001 0.0000 0.0000 0.0000 0.0000 -0.0010 -0.0002 0.0000 0.0002 30.0001 -0.0001 0.0005 -29.9998 0.0000 0.0000 0.0000 -2.5760 -6.4979 11.8736 -2.5760 -6.4979 11.8736 47.9248 74.7918 158.2456 -60.2083 61.5475 -31.6587 -31.8124 27.1636 -97.9857 0.3319 -1.0061 2.6845 0.0000 -0.0001 0.0001 0.0000 0.0000 0.0000 0.0000 -0.0006 0.0003 0.0000 -0.0001 0.0001 0.0000 0.0000 0.0000 0.0000 0.0000 0.0000 0.0000 0.0007 0.0001 0.0000 -0.0012 0.0001 0.0000 -0.0008 0.0003 0.0000 0.0001 0.0000 0.0000 0.0000 0.0000 0.0000 -0.0009 0.0000 0.0000 0.0002 -29.9996 -0.0001 -0.0003 29.9996 0.0000 0.0000 0.0000 6.6428 -8.4766 179.9758 -0.2677 -17.8343 0.1246 -118.2446 83.8518 -116.6901 0.0000 25.0799 0.0000 -1.1531 -42.3212 -175.0456 0.1605 -36.2047 -0.1350 23.1317 74.5332 13.9885 0.0000 26.4215 -0.0001 
-5.4405 87.4275 -4.2264 -8.3310 18.2212 -4.5097 -5.4929 7.2462 -1.9290 -5.5300 7.2932 -1.9440 -5.5100 7.2678 -1.9359 23.2384 69.8808 -75.1019 60.8071 54.1615 16.8340 37.5408 23.1518 94.3248 -1.3496 1.0265 -1.1037 0.0000 0.0000 0.0001 0.0000 0.0000 0.0000 0.0000 -0.0013 -0.0008 0.0000 -0.0004 0.0001 0.0000 0.0000 0.0000 0.0000 0.0000 0.0000 0.0000 0.0003 0.0000 0.0000 -0.0006 0.0003 0.0000 0.0004 -0.0006 0.0000 0.0000 0.0001 0.0000 0.0000 0.0000 0.0000 -0.0010 -0.0002 0.0000 0.0002 30.0001 -0.0001 0.0005 -29.9998 0.0000 0.0000 0.0000 -2.4265 -6.7053 11.5330 -2.4265 -6.7053 11.5330 45.9299 74.6135 156.1992 -60.4832 61.5836 -31.6247 -31.4541 27.0019 -98.1042 0.3506 -1.0041 2.7359 0.0000 -0.0001 0.0001 0.0000 0.0000 0.0000 0.0000 -0.0006 0.0003 0.0000 -0.0001 0.0001 0.0000 0.0000 0.0000 0.0000 0.0000 0.0000 0.0000 0.0007 0.0001 0.0000 -0.0012 0.0001 0.0000 -0.0008 0.0003 0.0000 0.0001 0.0000 0.0000 0.0000 0.0000 0.0000 -0.0009 0.0000 0.0000 0.0002 -29.9996 -0.0001 -0.0003 29.9996 0.0000 0.0000 0.0000 6.6530 -8.5394 179.8244 -0.2739 -18.0931 0.1262 -119.5417 84.1333 -117.8359 0.0000 25.0743 0.0000 -1.3343 -42.3917 -175.1417 0.1384 -36.5125 -0.1282 24.0192 74.3263 15.0839 0.0000 26.3311 -0.0001 
-5.4264 87.4280 -4.2948 -8.1645 18.0710 -4.3146 -5.4447 7.2997 -1.9192 -5.4816 7.3471 -1.9342 -5.4616 7.3215 -1.9261 23.5664 70.0164 -75.0404 60.8177 54.2760 17.1637 37.4359 23.1592 94.3835 -1.3549 1.0161 -1.1372 0.0000 0.0000 0.0001 0.0000 0.0000 0.0000 0.0000 -0.0013 -0.0008 0.0000 -0.0004 0.0001 0.0000 0.0000 0.0000 0.0000 0.0000 0.0000 0.0000 0.0002 0.0000 0.0000 -0.0006 0.0003 0.0000 0.0004 -0.0006 0.0000 0.0000 0.0001 0.0000 0.0000 0.0000 0.0000 -0.0010 -0.0002 0.0000 0.0002 30.0001 -0.0001 0.0005 -29.9998 0.0000 0.0000 0.0000 -2.2870 -6.9039 11.2187 -2.2870 -6.9039 11.2187 43.7385 74.3158 153.8324 -60.5102 61.4991 -31.3732 -31.1981 26.9718 -98.1067 0.3812 -0.9932 2.7823 0.0000 -0.0001 0.0001 0.0000 0.0000 0.0000 0.0000 -0.0006 0.0003 0.0000 -0.0001 0.0001 0.0000 0.0000 0.0000 0.0000 0.0000 0.0000 0.0000 0.0007 0.0001 0.0000 -0.0012 0.0001 0.0000 -0.0008 0.0003 0.0000 0.0001 0.0000 0.0000 0.0000 0.0000 0.0000 -0.0008 0.0000 0.0000 0.0002 -29.9996 -0.0001 -0.0003 29.9996 0.0000 0.0000 0.0000 6.5940 -8.6242 179.6677 -0.2753 -18.4567 0.1273 -121.0142 84.3512 -119.2402 0.0000 25.0697 0.0000 -1.3799 -42.4476 -175.3336 0.1327 -36.8155 -0.1267 24.8306 74.1907 15.9049 0.0000 26.3494 -0.0001 
-5.4341 87.3966 -4.4078 -7.8860 17.9212 -4.0686 -5.3592 7.3512 -1.9016 -5.3954 7.3990 -1.9164 -5.3758 7.3732 -1.9084 24.0229 70.1479 -74.9190 60.7302 54.4465 17.4974 37.3169 23.1203 94.4395 -1.3666 1.0083 -1.1820 0.0000 0.0000 0.0001 0.0000 0.0000 0.0000 0.0000 -0.0013 -0.0008 0.0000 -0.0004 0.0001 0.0000 0.0000 0.0000 0.0000 0.0000 0.0000 0.0000 0.0002 0.0000 0.0000 -0.0006 0.0003 0.0000 0.0004 -0.0006 0.0000 0.0000 0.0001 0.0000 0.0000 0.0000 0.0000 -0.0010 -0.0002 0.0000 0.0003 30.0001 -0.0001 0.0005 -29.9998 0.0000 0.0000 0.0000 -2.1911 -7.0866 10.9417 -2.1911 -7.0866 10.9417 41.5314 73.9096 151.3498 -60.2797 61.3100 -30.9504 -31.0502 27.0663 -98.0289 0.4231 -0.9769 2.8287 0.0000 -0.0001 0.0001 0.0000 0.0000 0.0000 0.0000 -0.0006 0.0003 0.0000 -0.0001 0.0001 0.0000 0.0000 0.0000 0.0000 0.0000 0.0000 0.0000 0.0007 0.0001 0.0000 -0.0012 0.0001 0.0000 -0.0008 0.0003 0.0000 0.0001 0.0000 0.0000 0.0000 0.0000 0.0000 -0.0008 0.0000 0.0000 0.0002 -29.9997 -0.0001 -0.0003 29.9996 0.0000 0.0000 0.0000 6.4746 -8.7734 179.5125 -0.2739 -18.9281 0.1283 -122.6324 84.4873 -120.8892 0.0000 25.0664 0.0000 -1.3534 -42.5129 -175.5871 0.1466 -37.1048 -0.1318 25.4131 74.1192 16.3586 0.0000 26.5021 -0.0001 
-5.4412 87.3551 -4.5650 -7.4555 17.7967 -3.7695 -5.2180 7.3929 -1.8703 -5.2529 7.4404 -1.8847 -5.2342 7.4150 -1.8770 24.6479 70.2812 -74.6964 60.5568 54.7117 17.9009 37.1623 23.0507 94.4730 -1.3851 1.0017 -1.2429 0.0000 0.0000 0.0001 0.0000 0.0000 0.0000 0.0000 -0.0013 -0.0008 0.0000 -0.0004 0.0001 0.0000 0.0000 0.0000 0.0000 0.0000 0.0000 0.0000 0.0002 0.0000 0.0000 -0.0006 0.0003 0.0000 0.0004 -0.0006 0.0000 0.0000 0.0001 0.0000 0.0000 0.0000 0.0000 -0.0010 -0.0002 0.0000 0.0002 30.0001 -0.0001 0.0005 -29.9998 0.0000 0.0000 0.0000 -2.1563 -7.2501 10.7121 -2.1563 -7.2501 10.7121 39.2396 73.3303 148.6837 -59.8827 60.8912 -30.2817 -31.1039 27.3214 -97.9297 0.4763 -0.9522 2.8645 0.0000 -0.0001 0.0001 0.0000 0.0000 0.0000 0.0000 -0.0006 0.0003 0.0000 -0.0001 0.0001 0.0000 0.0000 0.0000 0.0000 0.0000 0.0000 0.0000 0.0007 0.0001 0.0000 -0.0012 0.0001 0.0000 -0.0008 0.0003 0.0000 0.0001 0.0000 0.0000 0.0000 0.0000 0.0000 -0.0009 0.0000 0.0000 0.0002 -29.9996 -0.0001 -0.0003 29.9996 0.0000 0.0000 0.0000 6.2589 -8.9935 179.3678 -0.2706 -19.4470 0.1290 -123.9948 84.4919 -122.4415 0.0000 25.0658 0.0000 -1.2323 -42.5908 -175.9375 0.1760 -37.3459 -0.1420 25.8048 74.1240 16.4446 0.0000 26.6211 -0.0001 
-5.4012 87.3251 -4.7497 -6.9132 17.7057 -3.4464 -5.0313 7.4250 -1.8252 -5.0644 7.4718 -1.8391 -5.0470 7.4472 -1.8318 25.4625 70.4273 -74.4228 60.4651 54.9631 18.5658 36.9600 22.9884 94.4536 -1.4064 0.9946 -1.3148 0.0000 0.0000 0.0001 0.0000 0.0000 0.0000 0.0000 -0.0013 -0.0008 0.0000 -0.0004 0.0001 0.0000 0.0000 0.0000 0.0000 0.0000 0.0000 0.0000 0.0002 0.0000 0.0000 -0.0006 0.0003 0.0000 0.0004 -0.0006 0.0000 0.0000 0.0001 0.0000 0.0000 0.0000 0.0000 -0.0010 -0.0002 0.0000 0.0002 30.0001 -0.0001 0.0005 -29.9998 0.0000 0.0000 0.0000 -2.2001 -7.3977 10.5039 -2.2001 -7.3977 10.5038 36.9830 72.6392 145.9679 -59.4694 60.3535 -29.4725 -31.3242 27.6691 -97.8555 0.5339 -0.9229 2.8893 0.0000 -0.0001 0.0001 0.0000 0.0000 0.0000 0.0000 -0.0006 0.0003 0.0000 -0.0001 0.0001 0.0000 0.0000 0.0000 0.0000 0.0000 0.0000 0.0000 0.0007 0.0001 0.0000 -0.0012 0.0001 0.0000 -0.0008 0.0003 0.0000 0.0001 0.0000 0.0000 0.0000 0.0000 0.0000 -0.0008 0.0000 0.0000 0.0002 -29.9997 -0.0001 -0.0003 29.9996 0.0000 0.0000 0.0000 5.9752 -9.1532 179.2150 -0.2713 -19.7424 0.1298 -124.4744 84.4656 -123.2266 0.0000 25.0672 0.0000 -1.1173 -42.6632 -176.3555 0.1857 -37.4989 -0.1456 26.1579 74.1220 16.4249 0.0000 26.6976 -0.0001 
-5.3262 87.3241 -4.9302 -6.2789 17.6510 -3.1080 -4.8007 7.4496 -1.7636 -4.8315 7.4954 -1.7766 -4.8156 7.4719 -1.7699 26.3271 70.5825 -74.1045 60.3927 55.2586 19.3897 36.7101 22.9330 94.3675 -1.4297 0.9871 -1.3962 0.0000 0.0000 0.0001 0.0000 0.0000 0.0000 0.0000 -0.0013 -0.0008 0.0000 -0.0004 0.0001 0.0000 0.0000 0.0000 0.0000 0.0000 0.0000 0.0000 0.0002 0.0000 0.0000 -0.0006 0.0003 0.0000 0.0004 -0.0006 0.0000 0.0000 0.0001 0.0000 0.0000 0.0000 0.0000 -0.0010 -0.0002 0.0000 0.0002 30.0001 -0.0001 0.0005 -29.9998 0.0000 0.0000 0.0000 -2.3335 -7.5375 10.3053 -2.3335 -7.5375 10.3053 34.7676 71.8584 143.2152 -59.3089 59.7345 -28.7009 -31.5831 28.0229 -97.8426 0.5909 -0.8899 2.9039 0.0000 -0.0001 0.0001 0.0000 0.0000 0.0000 0.0000 -0.0006 0.0003 0.0000 -0.0001 0.0001 0.0000 0.0000 0.0000 0.0000 0.0000 0.0000 0.0000 0.0007 0.0001 0.0000 -0.0011 0.0001 0.0000 -0.0008 0.0003 0.0000 0.0001 0.0000 0.0000 0.0000 0.0000 0.0000 -0.0009 0.0000 0.0000 0.0002 -29.9996 -0.0001 -0.0003 29.9995 0.0000 0.0000 0.0000 5.6395 -9.1977 179.0605 -0.2719 -19.7285 0.1299 -123.9749 84.4370 -123.1100 0.0000 25.0701 0.0000 -1.0994 -42.7068 -176.7879 0.1753 -37.5621 -0.1421 26.4332 74.1132 16.3482 0.0000 26.6820 -0.0001 
-5.2624 87.3598 -5.0934 -5.5354 17.6503 -2.7568 -4.5006 7.4684 -1.6775 -4.5285 7.5129 -1.6895 -4.5146 7.4908 -1.6835 27.2359 70.7567 -73.7312 60.2608 55.6459 20.3835 36.4577 22.8585 94.1494 -1.4528 0.9784 -1.4879 0.0000 0.0000 0.0001 0.0000 0.0000 0.0000 0.0000 -0.0013 -0.0008 0.0000 -0.0004 0.0001 0.0000 0.0000 0.0000 0.0000 0.0000 0.0000 0.0000 0.0002 0.0000 0.0000 -0.0006 0.0003 0.0000 0.0004 -0.0006 0.0000 0.0000 0.0001 0.0000 0.0000 0.0000 0.0000 -0.0010 -0.0002 0.0000 0.0002 30.0001 -0.0001 0.0005 -29.9998 0.0000 0.0000 0.0000 -2.6194 -7.6792 10.1227 -2.6194 -7.6792 10.1227 32.6279 71.0029 140.5188 -59.5467 58.9758 -28.0652 -31.8302 28.3230 -97.8880 0.6449 -0.8492 2.9023 0.0000 -0.0001 0.0001 0.0000 0.0000 0.0000 0.0000 -0.0006 0.0003 0.0000 -0.0001 0.0001 0.0000 0.0000 0.0000 0.0000 0.0000 0.0000 0.0000 0.0007 0.0001 0.0000 -0.0012 0.0001 0.0000 -0.0008 0.0003 0.0000 0.0001 0.0000 0.0000 0.0000 0.0000 0.0000 -0.0008 0.0000 0.0000 0.0002 -29.9996 -0.0001 -0.0003 29.9996 0.0000 0.0000 0.0000 5.1908 -9.0631 178.9337 -0.2577 -19.2493 0.1263 -121.8769 84.4140 -121.3986 0.0000 25.3511 0.0000 -1.3120 -42.6908 -177.1499 0.1591 -37.4771 -0.1365 26.3809 74.0938 16.0515 0.0000 26.6729 -0.0001 
-5.2687 87.4263 -5.2456 -4.7423 17.6801 -2.4132 -4.1596 7.4803 -1.5816 -4.1844 7.5232 -1.5924 -4.1725 7.5028 -1.5873 28.1797 70.9726 -73.3644 60.1051 56.0110 21.5272 36.1598 22.8036 93.8574 -1.4788 0.9717 -1.5869 0.0000 0.0000 0.0001 0.0000 0.0000 0.0000 0.0000 -0.0013 -0.0008 0.0000 -0.0004 0.0001 0.0000 0.0000 0.0000 0.0000 0.0000 0.0000 0.0000 0.0002 0.0000 0.0000 -0.0006 0.0003 0.0000 0.0004 -0.0006 0.0000 0.0000 0.0001 0.0000 0.0000 0.0000 0.0000 -0.0010 -0.0002 0.0000 0.0002 30.0001 -0.0001 0.0005 -29.9998 0.0000 0.0000 0.0000 -2.9957 -7.8139 9.9475 -2.9957 -7.8139 9.9475 30.6945 70.0731 137.8602 -60.0584 58.2385 -27.4734 -31.9840 28.5261 -97.9175 0.6938 -0.8004 2.8868 0.0000 -0.0001 0.0001 0.0000 0.0000 0.0000 0.0000 -0.0006 0.0003 0.0000 -0.0001 0.0001 0.0000 0.0000 0.0000 0.0000 0.0000 0.0000 0.0000 0.0007 0.0001 0.0000 -0.0012 0.0001 0.0000 -0.0008 0.0003 0.0000 0.0001 0.0000 0.0000 0.0000 0.0000 0.0000 -0.0009 0.0000 0.0000 0.0002 -29.9997 -0.0001 -0.0003 29.9996 0.0000 0.0000 0.0000 4.6209 -8.8702 178.8642 -0.2235 -18.5759 0.1192 -118.8915 84.3479 -118.7025 0.0000 25.3510 0.0000 -1.6601 -42.6293 -177.4116 0.1611 -37.2874 -0.1369 26.0549 74.0667 15.5357 0.0000 26.6499 -0.0001 
-5.3403 87.5166 -5.4001 -3.9240 17.7281 -2.0756 -3.7447 7.4791 -1.4791 -3.7660 7.5200 -1.4887 -3.7563 7.5015 -1.4843 29.1912 71.2269 -72.8717 60.0293 56.3579 22.8476 35.8184 22.7094 93.5251 -1.5052 0.9680 -1.6849 0.0000 0.0000 0.0001 0.0000 0.0000 0.0000 0.0000 -0.0013 -0.0008 0.0000 -0.0004 0.0001 0.0000 0.0000 0.0000 0.0000 0.0000 0.0000 0.0000 0.0003 -0.0001 0.0000 -0.0006 0.0003 0.0000 0.0004 -0.0006 0.0000 0.0000 0.0001 0.0000 0.0000 0.0000 0.0000 -0.0010 -0.0002 0.0000 0.0002 30.0001 -0.0001 0.0005 -29.9998 0.0000 0.0000 0.0000 -3.5032 -7.9304 9.7830 -3.5032 -7.9304 9.7830 28.8869 69.1049 135.2639 -60.7202 57.6281 -26.8825 -32.0921 28.6612 -97.9713 0.7367 -0.7530 2.8685 0.0000 -0.0001 0.0001 0.0000 0.0000 0.0000 0.0000 -0.0006 0.0003 0.0000 -0.0001 0.0001 0.0000 0.0000 0.0000 0.0000 0.0000 0.0000 0.0000 0.0007 0.0001 0.0000 -0.0012 0.0001 0.0000 -0.0008 0.0003 0.0000 0.0001 0.0000 0.0000 0.0000 0.0000 0.0000 -0.0009 0.0000 0.0000 0.0002 -29.9997 -0.0001 -0.0003 29.9996 0.0000 0.0000 0.0000 3.9550 -8.7133 178.8426 -0.1765 -17.9082 0.1105 -115.7339 84.2187 -115.7234 0.0000 25.3510 0.0000 -2.0967 -42.5441 -177.5906 0.1793 -37.0234 -0.1426 25.4879 74.0279 14.8177 0.0000 26.5947 -0.0001 
-5.4641 87.6166 -5.5717 -3.0700 17.8046 -1.7357 -3.2483 7.4686 -1.3655 -3.2658 7.5074 -1.3737 -3.2585 7.4911 -1.3702 30.0887 71.4986 -72.3916 59.9660 56.7019 24.2406 35.5855 22.4596 93.1294 -1.5235 0.9661 -1.7714 0.0000 0.0000 0.0001 0.0000 0.0000 0.0000 0.0000 -0.0013 -0.0008 0.0000 -0.0004 0.0001 0.0000 0.0000 0.0000 0.0000 0.0000 0.0000 0.0000 0.0002 0.0000 0.0000 -0.0006 0.0003 0.0000 0.0004 -0.0006 0.0000 0.0000 0.0001 0.0000 0.0000 0.0000 0.0000 -0.0010 -0.0002 0.0000 0.0003 30.0001 -0.0001 0.0005 -29.9998 0.0000 0.0000 0.0000 -4.1883 -8.0396 9.6514 -4.1882 -8.0396 9.6514 27.1750 68.1903 133.0228 -61.7605 56.9508 -26.6565 -32.0688 28.6714 -98.0117 0.7721 -0.7040 2.8458 0.0000 -0.0001 0.0001 0.0000 0.0000 0.0000 0.0000 -0.0006 0.0003 0.0000 -0.0001 0.0001 0.0000 0.0000 0.0000 0.0000 0.0000 0.0000 0.0000 0.0007 0.0001 0.0000 -0.0011 0.0001 0.0000 -0.0008 0.0003 0.0000 0.0001 0.0000 0.0000 0.0000 0.0000 0.0000 -0.0009 0.0000 0.0000 0.0002 -29.9997 -0.0001 -0.0003 29.9995 0.0000 0.0000 0.0000 3.1573 -8.7340 178.8373 -0.1320 -17.4752 0.1030 -113.2360 84.0461 -113.2353 0.0000 25.3510 0.0000 -2.6586 -42.4574 -177.6881 0.2052 -36.6865 -0.1505 24.6972 73.9587 13.9366 0.0000 26.6071 -0.0001 
-5.5682 87.7187 -5.7716 -2.2227 17.8967 -1.3964 -2.6969 7.4524 -1.2451 -2.7107 7.4890 -1.2522 -2.7054 7.4748 -1.2495 30.7868 71.7727 -72.0487 59.7964 57.0420 25.5711 35.3876 22.1666 92.7633 -1.5462 0.9677 -1.8644 0.0000 0.0000 0.0001 0.0000 0.0000 0.0000 0.0000 -0.0013 -0.0008 0.0000 -0.0004 0.0001 0.0000 0.0000 0.0000 0.0000 0.0000 0.0000 0.0000 0.0002 0.0000 0.0000 -0.0006 0.0003 0.0000 0.0004 -0.0006 0.0000 0.0000 0.0001 0.0000 0.0000 0.0000 0.0000 -0.0010 -0.0002 0.0000 0.0003 30.0001 -0.0001 0.0005 -29.9998 0.0000 0.0000 0.0000 -4.9781 -8.1478 9.5452 -4.9781 -8.1478 9.5451 25.4918 67.2259 130.8661 -62.8103 56.3484 -26.3219 -32.0249 28.6269 -98.0757 0.8041 -0.6560 2.8231 0.0000 -0.0001 0.0001 0.0000 0.0000 0.0000 0.0000 -0.0006 0.0003 0.0000 -0.0001 0.0001 0.0000 0.0000 0.0000 0.0000 0.0000 0.0000 0.0000 0.0007 0.0001 0.0000 -0.0011 0.0001 0.0000 -0.0008 0.0003 0.0000 0.0001 0.0000 0.0000 0.0000 0.0000 0.0000 -0.0008 0.0000 0.0000 0.0002 -29.9996 -0.0001 -0.0003 29.9996 0.0000 0.0000 0.0000 2.2845 -8.9239 178.7875 -0.1086 -17.2876 0.0992 -111.4611 83.9251 -111.3437 0.0000 25.3510 0.0000 -3.2355 -42.4178 -177.7899 0.2196 -36.3576 -0.1546 23.9800 73.8532 13.1455 0.0000 26.5723 -0.0001 
-5.6369 87.8131 -5.9887 -1.3989 17.9929 -1.0595 -2.1044 7.4335 -1.1252 -2.1146 7.4681 -1.1312 -2.1110 7.4559 -1.1291 31.3370 72.0439 -71.8198 59.5316 57.3760 26.7983 35.2961 21.8465 92.4574 -1.5698 0.9703 -1.9585 0.0000 0.0000 0.0001 0.0000 0.0000 0.0000 0.0000 -0.0013 -0.0008 0.0000 -0.0004 0.0001 0.0000 0.0000 0.0000 0.0000 0.0000 0.0000 0.0000 0.0002 0.0000 0.0000 -0.0006 0.0003 0.0000 0.0004 -0.0006 0.0000 0.0000 0.0001 0.0000 0.0000 0.0000 0.0000 -0.0010 -0.0002 0.0000 0.0002 30.0001 -0.0001 0.0005 -29.9998 0.0000 0.0000 0.0000 -5.8380 -8.2559 9.4608 -5.8380 -8.2559 9.4608 23.9682 66.2396 128.9359 -63.7840 55.7979 -25.8673 -31.9991 28.5630 -98.1562 0.8325 -0.6104 2.7989 0.0000 -0.0001 0.0001 0.0000 0.0000 0.0000 0.0000 -0.0006 0.0003 0.0000 -0.0001 0.0001 0.0000 0.0000 0.0000 0.0000 0.0000 0.0000 0.0000 0.0007 0.0001 0.0000 -0.0012 0.0001 0.0000 -0.0008 0.0003 0.0000 0.0001 0.0000 0.0000 0.0000 0.0000 0.0000 -0.0008 0.0000 0.0000 0.0002 -29.9997 -0.0001 -0.0003 29.9996 0.0000 0.0000 0.0000 1.3869 -9.1806 178.7074 -0.0995 -17.2573 0.0978 -110.3188 83.8481 -110.0143 0.0000 25.3510 0.0000 -3.7720 -42.4157 -177.9266 0.2175 -36.0489 -0.1533 23.4509 73.7182 12.5315 0.0000 26.5411 -0.0001 
-5.6748 87.8980 -6.2191 -0.6175 18.0906 -0.7221 -1.4766 7.4194 -1.0082 -1.4835 7.4526 -1.0131 -1.4813 7.4418 -1.0115 31.6956 72.2878 -71.7433 59.2444 57.7090 27.8987 35.3177 21.4978 92.2432 -1.5916 0.9714 -2.0506 0.0000 0.0000 0.0001 0.0000 0.0000 0.0000 0.0000 -0.0013 -0.0008 0.0000 -0.0004 0.0001 0.0000 0.0000 0.0000 0.0000 0.0000 0.0000 0.0000 0.0002 0.0000 0.0000 -0.0006 0.0003 0.0000 0.0004 -0.0006 0.0000 0.0000 0.0001 0.0000 0.0000 0.0000 0.0000 -0.0010 -0.0002 0.0000 0.0002 30.0001 -0.0001 0.0005 -29.9998 0.0000 0.0000 0.0000 -6.7547 -8.3798 9.3930 -6.7547 -8.3798 9.3930 22.4690 65.1816 127.0065 -64.5751 55.4260 -25.0992 -32.1569 28.5411 -98.2845 0.8562 -0.5715 2.7720 0.0000 -0.0001 0.0001 0.0000 0.0000 0.0000 0.0000 -0.0006 0.0003 0.0000 -0.0001 0.0001 0.0000 0.0000 0.0000 0.0000 0.0000 0.0000 0.0000 0.0007 0.0001 0.0000 -0.0011 0.0001 0.0000 -0.0008 0.0003 0.0000 0.0001 0.0000 0.0000 0.0000 0.0000 0.0000 -0.0009 0.0000 0.0000 0.0002 -29.9996 -0.0001 -0.0003 29.9996 0.0000 0.0000 0.0000 0.5433 -9.4514 178.6034 -0.1032 -17.3528 0.0985 -109.7155 83.8430 -109.2140 0.0000 25.3510 0.0000 -4.2681 -42.4656 -178.0940 0.2093 -35.7942 -0.1501 23.0832 73.5772 12.0925 0.0000 26.4646 -0.0001 
-5.7166 87.9669 -6.4469 0.1286 18.1862 -0.3936 -0.8603 7.4217 -0.8874 -0.8643 7.4540 -0.8915 -0.8631 7.4441 -0.8903 31.9261 72.4928 -71.7910 59.0582 58.0803 28.9829 35.3645 21.1459 92.0684 -1.6091 0.9679 -2.1429 0.0000 0.0000 0.0001 0.0000 0.0000 0.0000 0.0000 -0.0013 -0.0008 0.0000 -0.0004 0.0001 0.0000 0.0000 0.0000 0.0000 0.0000 0.0000 0.0000 0.0002 0.0000 0.0000 -0.0006 0.0003 0.0000 0.0004 -0.0006 0.0000 0.0000 0.0001 0.0000 0.0000 0.0000 0.0000 -0.0010 -0.0002 0.0000 0.0002 30.0001 -0.0001 0.0005 -29.9998 0.0000 0.0000 0.0000 -7.6397 -8.5467 9.3337 -7.6397 -8.5467 9.3337 21.0233 64.1882 125.4234 -65.3965 54.8859 -24.4012 -32.4659 28.5652 -98.4350 0.8757 -0.5328 2.7321 0.0000 -0.0001 0.0001 0.0000 0.0000 0.0000 0.0000 -0.0006 0.0003 0.0000 -0.0001 0.0001 0.0000 0.0000 0.0000 0.0000 0.0000 0.0000 0.0000 0.0007 0.0001 0.0000 -0.0012 0.0001 0.0000 -0.0008 0.0003 0.0000 0.0001 0.0000 0.0000 0.0000 0.0000 0.0000 -0.0009 0.0000 0.0000 0.0002 -29.9996 -0.0001 -0.0003 29.9996 0.0000 0.0000 0.0000 -0.1961 -9.6915 178.5232 -0.1025 -17.5038 0.0985 -109.4461 83.8666 -108.8031 0.0000 25.3510 0.0000 -4.7995 -42.5412 -178.2294 0.2093 -35.5813 -0.1497 22.6912 73.4501 11.6785 0.0000 26.4356 -0.0001 
-5.7749 88.0231 -6.6705 0.8435 18.2819 -0.0811 -0.2692 7.4354 -0.7654 -0.2706 7.4674 -0.7688 -0.2702 7.4579 -0.7677 32.0634 72.6948 -71.9127 58.8365 58.5018 29.9741 35.3645 20.8771 91.9538 -1.6303 0.9613 -2.2461 0.0000 0.0000 0.0001 0.0000 0.0000 0.0000 0.0000 -0.0013 -0.0008 0.0000 -0.0004 0.0001 0.0000 0.0000 0.0000 0.0000 0.0000 0.0000 0.0000 0.0002 0.0000 0.0000 -0.0006 0.0003 0.0000 0.0004 -0.0006 0.0000 0.0000 0.0001 0.0000 0.0000 0.0000 0.0000 -0.0010 -0.0002 0.0000 0.0002 30.0001 -0.0001 0.0005 -29.9998 0.0000 0.0000 0.0000 -8.4693 -8.7460 9.2817 -8.4693 -8.7460 9.2817 19.7179 63.1586 123.9017 -66.0105 54.4766 -23.4750 -32.8516 28.6297 -98.5884 0.8942 -0.4978 2.6933 0.0000 -0.0001 0.0001 0.0000 0.0000 0.0000 0.0000 -0.0006 0.0003 0.0000 -0.0001 0.0001 0.0000 0.0000 0.0000 0.0000 0.0000 0.0000 0.0000 0.0007 0.0001 0.0000 -0.0012 0.0001 0.0000 -0.0008 0.0003 0.0000 0.0001 0.0000 0.0000 0.0000 0.0000 0.0000 -0.0009 0.0000 0.0000 0.0002 -29.9997 -0.0001 -0.0003 29.9996 0.0000 0.0000 0.0000 -0.8383 -9.9483 178.4493 -0.1021 -17.7129 0.0986 -109.3024 83.9383 -108.5692 0.0000 25.3510 0.0000 -5.3829 -42.6346 -178.3107 0.2174 -35.3975 -0.1519 22.2480 73.3319 11.2583 0.0000 26.4593 -0.0001 
-5.8404 88.0695 -6.8917 1.5087 18.3613 0.1902 0.2593 7.4619 -0.6492 0.2603 7.4942 -0.6519 0.2600 7.4844 -0.6511 32.3072 72.9198 -71.9288 58.6423 58.9953 30.8554 35.3663 20.6701 91.8834 -1.6456 0.9476 -2.3451 0.0000 0.0000 0.0001 0.0000 0.0000 0.0000 0.0000 -0.0013 -0.0008 0.0000 -0.0004 0.0001 0.0000 0.0000 0.0000 0.0000 0.0000 0.0000 0.0000 0.0003 0.0000 0.0000 -0.0006 0.0003 0.0000 0.0004 -0.0006 0.0000 0.0000 0.0001 0.0000 0.0000 0.0000 0.0000 -0.0010 -0.0002 0.0000 0.0003 30.0001 -0.0001 0.0005 -29.9998 0.0000 0.0000 0.0000 -9.1899 -8.9712 9.2362 -9.1899 -8.9712 9.2362 18.7024 62.1977 122.6882 -66.4264 54.1034 -22.5015 -33.3886 28.7905 -98.6958 0.9065 -0.4687 2.6463 0.0000 -0.0001 0.0001 0.0000 0.0000 0.0000 0.0000 -0.0006 0.0003 0.0000 -0.0001 0.0001 0.0000 0.0000 0.0000 0.0000 0.0000 0.0000 0.0000 0.0007 0.0001 0.0000 -0.0012 0.0001 0.0000 -0.0008 0.0003 0.0000 0.0001 0.0000 0.0000 0.0000 0.0000 0.0000 -0.0009 0.0000 0.0000 0.0002 -29.9997 -0.0001 -0.0002 29.9996 0.0000 0.0000 0.0000 -1.3347 -10.2205 178.3834 -0.1029 -17.9958 0.0990 -109.2816 84.0837 -108.5362 0.0000 25.3510 0.0000 -6.0497 -42.7495 -178.3045 0.2235 -35.2802 -0.1536 21.7715 73.2210 10.8675 0.0000 26.4585 -0.0001 
-5.9065 88.1096 -7.0819 2.1343 18.4127 0.4371 0.7207 7.5015 -0.5417 0.7237 7.5346 -0.5439 0.7228 7.5242 -0.5432 32.7405 73.1725 -71.7728 58.6384 59.5451 31.8141 35.3067 20.4867 91.8204 -1.6520 0.9263 -2.4380 0.0000 0.0000 0.0001 0.0000 0.0000 0.0000 0.0000 -0.0013 -0.0008 0.0000 -0.0004 0.0001 0.0000 0.0000 0.0000 0.0000 0.0000 0.0000 0.0000 0.0002 0.0000 0.0000 -0.0006 0.0003 0.0000 0.0004 -0.0006 0.0000 0.0000 0.0001 0.0000 0.0000 0.0000 0.0000 -0.0010 -0.0002 0.0000 0.0002 30.0001 -0.0001 0.0005 -29.9998 0.0000 0.0000 0.0000 -9.8112 -9.2135 9.1869 -9.8112 -9.2135 9.1869 17.8539 61.3515 121.6924 -66.8339 53.7385 -21.7392 -33.9729 29.0070 -98.7269 0.9140 -0.4437 2.5956 0.0000 -0.0001 0.0001 0.0000 0.0000 0.0000 0.0000 -0.0006 0.0003 0.0000 -0.0001 0.0001 0.0000 0.0000 0.0000 0.0000 0.0000 0.0000 0.0000 0.0007 0.0001 0.0000 -0.0011 0.0001 0.0000 -0.0008 0.0003 0.0000 0.0001 0.0000 0.0000 0.0000 0.0000 0.0000 -0.0008 0.0000 0.0000 0.0002 -29.9996 -0.0001 -0.0003 29.9996 0.0000 0.0000 0.0000 -1.7401 -10.5174 178.3141 -0.1063 -18.3566 0.0999 -109.3812 84.2686 -108.6643 0.0000 25.3510 0.0000 -6.7665 -42.8518 -178.2496 0.2280 -35.2209 -0.1549 21.2821 73.1275 10.5227 0.0000 26.4704 -0.0001 
-5.9687 88.1449 -7.2339 2.7123 18.4398 0.6617 1.1257 7.5499 -0.4436 1.1307 7.5840 -0.4452 1.1290 7.5727 -0.4447 33.4034 73.4635 -71.3983 58.7919 60.1339 32.8966 35.1766 20.3175 91.7382 -1.6528 0.9010 -2.5270 0.0000 0.0000 0.0001 0.0000 0.0000 0.0000 0.0000 -0.0013 -0.0008 0.0000 -0.0004 0.0001 0.0000 0.0000 0.0000 0.0000 0.0000 0.0000 0.0000 0.0002 0.0000 0.0000 -0.0006 0.0003 0.0000 0.0004 -0.0006 0.0000 0.0000 0.0001 0.0000 0.0000 0.0000 0.0000 -0.0010 -0.0002 0.0000 0.0003 30.0001 -0.0001 0.0005 -29.9998 0.0000 0.0000 0.0000 -10.3428 -9.4634 9.1374 -10.3428 -9.4634 9.1374 17.1448 60.6324 120.8727 -67.1989 53.4157 -21.1590 -34.4868 29.2404 -98.7124 0.9202 -0.4230 2.5509 0.0000 -0.0001 0.0001 0.0000 0.0000 0.0000 0.0000 -0.0006 0.0003 0.0000 -0.0001 0.0001 0.0000 0.0000 0.0000 0.0000 0.0000 0.0000 0.0000 0.0007 0.0001 0.0000 -0.0012 0.0001 0.0000 -0.0008 0.0003 0.0000 0.0001 0.0000 0.0000 0.0000 0.0000 0.0000 -0.0009 0.0000 0.0000 0.0002 -29.9996 -0.0001 -0.0003 29.9996 0.0000 0.0000 0.0000 -2.0910 -10.8304 178.2509 -0.1091 -18.7660 0.1007 -109.4859 84.4678 -108.7965 0.0000 25.3510 0.0000 -7.4889 -42.9452 -178.1715 0.2305 -35.2282 -0.1557 20.8281 73.0619 10.2553 0.0000 26.4612 -0.0001 
-6.0121 88.1612 -7.3600 3.2467 18.4401 0.8693 1.4646 7.6041 -0.3618 1.4713 7.6394 -0.3630 1.4690 7.6271 -0.3626 34.3882 73.8075 -70.6337 58.9489 60.7481 34.0223 35.0405 20.1898 91.6329 -1.6528 0.8772 -2.6088 0.0000 0.0000 0.0001 0.0000 0.0000 0.0000 0.0000 -0.0013 -0.0008 0.0000 -0.0004 0.0001 0.0000 0.0000 0.0000 0.0000 0.0000 0.0000 0.0000 0.0002 0.0000 0.0000 -0.0006 0.0003 0.0000 0.0004 -0.0006 0.0000 0.0000 0.0001 0.0000 0.0000 0.0000 0.0000 -0.0010 -0.0002 0.0000 0.0002 30.0001 -0.0002 0.0005 -29.9998 0.0000 0.0000 0.0000 -10.7816 -9.7048 9.0971 -10.7816 -9.7047 9.0971 16.6469 60.1194 120.3503 -67.3724 53.2237 -20.7422 -34.8468 29.4769 -98.6375 0.9240 -0.4120 2.5214 0.0000 -0.0001 0.0001 0.0000 0.0000 0.0000 0.0000 -0.0006 0.0003 0.0000 -0.0001 0.0001 0.0000 0.0000 0.0000 0.0000 0.0000 0.0000 0.0000 0.0007 0.0001 0.0000 -0.0012 0.0001 0.0000 -0.0008 0.0003 0.0000 0.0001 0.0000 0.0000 0.0000 0.0000 0.0000 -0.0009 0.0000 0.0000 0.0002 -29.9996 -0.0001 -0.0003 29.9996 0.0000 0.0000 0.0000 -2.4139 -11.1537 178.2047 -0.1072 -19.2227 0.1008 -109.5860 84.6588 -108.9015 0.0000 25.3510 0.0000 -8.1916 -43.0562 -178.1016 0.2276 -35.3406 -0.1550 20.5201 73.0195 10.1712 0.0000 26.4860 -0.0001 
-6.0273 88.1484 -7.5406 3.7298 18.4110 1.0530 1.7262 7.6576 -0.2959 1.7343 7.6941 -0.2967 1.7313 7.6807 -0.2964 35.5713 74.1636 -69.6867 59.0525 61.3221 35.1010 34.9099 20.1126 91.5178 -1.6551 0.8565 -2.6857 0.0000 0.0000 0.0001 0.0000 0.0000 0.0000 0.0000 -0.0013 -0.0008 0.0000 -0.0004 0.0001 0.0000 0.0000 0.0000 0.0000 0.0000 0.0000 0.0000 0.0002 0.0000 0.0000 -0.0006 0.0003 0.0000 0.0004 -0.0006 0.0000 0.0000 0.0001 0.0000 0.0000 0.0000 0.0000 -0.0010 -0.0002 0.0000 0.0002 30.0001 -0.0001 0.0005 -29.9998 0.0000 0.0000 0.0000 -11.1132 -9.9192 9.0464 -11.1131 -9.9192 9.0464 16.2898 59.7814 119.9301 -67.4644 53.1614 -20.5103 -35.1153 29.6868 -98.5251 0.9265 -0.4059 2.5018 0.0000 -0.0001 0.0001 0.0000 0.0000 0.0000 0.0000 -0.0006 0.0003 0.0000 -0.0001 0.0001 0.0000 0.0000 0.0000 0.0000 0.0000 0.0000 0.0000 0.0007 0.0001 0.0000 -0.0012 0.0001 0.0000 -0.0008 0.0003 0.0000 0.0001 0.0000 0.0000 0.0000 0.0000 0.0000 -0.0009 0.0000 0.0000 0.0002 -29.9996 -0.0001 -0.0003 29.9996 0.0000 0.0000 0.0000 -2.7062 -11.4397 178.1777 -0.1031 -19.6803 0.1006 -109.7863 84.8391 -109.0893 0.0000 25.3510 0.0000 -8.7831 -43.2321 -178.0790 0.2215 -35.5462 -0.1535 20.4365 72.9434 10.2926 0.0000 26.5355 -0.0001 
-6.0048 88.1099 -7.7807 4.1437 18.3479 1.2114 1.9342 7.7150 -0.2409 1.9436 7.7528 -0.2414 1.9400 7.7384 -0.2412 36.7290 74.4906 -68.7444 59.0092 61.8395 36.0502 34.8077 20.1272 91.3657 -1.6628 0.8402 -2.7600 0.0000 0.0000 0.0001 0.0000 0.0000 0.0000 0.0000 -0.0013 -0.0008 0.0000 -0.0004 0.0001 0.0000 0.0000 0.0000 0.0000 0.0000 0.0000 0.0000 0.0002 0.0000 0.0000 -0.0006 0.0003 0.0000 0.0004 -0.0006 0.0000 0.0000 0.0001 0.0000 0.0000 0.0000 0.0000 -0.0010 -0.0002 0.0000 0.0002 30.0001 -0.0001 0.0005 -29.9998 0.0000 0.0000 0.0000 -11.3612 -10.1176 8.9874 -11.3612 -10.1176 8.9874 16.0227 59.5771 119.5884 -67.5072 53.1702 -20.4568 -35.2498 29.8420 -98.3834 0.9309 -0.4013 2.4942 0.0000 -0.0001 0.0001 0.0000 0.0000 0.0000 0.0000 -0.0006 0.0003 0.0000 -0.0001 0.0001 0.0000 0.0000 0.0000 0.0000 0.0000 0.0000 0.0000 0.0007 0.0001 0.0000 -0.0011 0.0001 0.0000 -0.0008 0.0003 0.0000 0.0001 0.0000 0.0000 0.0000 0.0000 0.0000 -0.0009 0.0000 0.0000 0.0002 -29.9997 -0.0001 -0.0003 29.9996 0.0000 0.0000 0.0000 -2.9384 -11.6744 178.1569 -0.0999 -20.1412 0.1004 -110.2479 85.0166 -109.5328 0.0000 25.3510 0.0000 -9.2164 -43.4656 -178.1289 0.2068 -35.8275 -0.1494 20.5948 72.8203 10.6187 0.0000 26.5927 -0.0001 
-5.9309 88.0474 -8.0553 4.4872 18.2362 1.3462 2.0719 7.7694 -0.2024 2.0822 7.8083 -0.2027 2.0781 7.7929 -0.2026 37.6558 74.6622 -67.9522 58.8508 62.2600 36.7677 34.6996 20.1798 91.1713 -1.6810 0.8373 -2.8290 0.0000 0.0000 0.0001 0.0000 0.0000 0.0000 0.0000 -0.0013 -0.0008 0.0000 -0.0004 0.0001 0.0000 0.0000 0.0000 0.0000 0.0000 0.0000 0.0000 0.0002 0.0000 0.0000 -0.0006 0.0003 0.0000 0.0004 -0.0006 0.0000 0.0000 0.0001 0.0000 0.0000 0.0000 0.0000 -0.0010 -0.0002 0.0000 0.0003 30.0001 -0.0001 0.0005 -29.9998 0.0000 0.0000 0.0000 -11.5190 -10.2754 8.9260 -11.5190 -10.2754 8.9260 15.8133 59.5743 119.3825 -67.5225 53.2744 -20.6787 -35.0926 29.8731 -98.2327 0.9392 -0.4003 2.5101 0.0000 -0.0001 0.0001 0.0000 0.0000 0.0000 0.0000 -0.0006 0.0003 0.0000 -0.0001 0.0001 0.0000 0.0000 0.0000 0.0000 0.0000 0.0000 0.0000 0.0007 0.0001 0.0000 -0.0012 0.0001 0.0000 -0.0008 0.0003 0.0000 0.0001 0.0000 0.0000 0.0000 0.0000 0.0000 -0.0009 0.0000 0.0000 0.0002 -29.9996 -0.0001 -0.0003 29.9996 0.0000 0.0000 0.0000 -3.0860 -11.8474 178.1381 -0.0946 -20.6153 0.0999 -111.1180 85.1935 -110.3931 0.0000 25.0605 0.0000 -9.4397 -43.7245 -178.2921 0.1794 -36.1770 -0.1411 21.1076 72.6548 11.2371 0.0000 26.6605 -0.0001 
-5.8336 87.9866 -8.2682 4.7868 18.0826 1.4557 2.1465 7.8170 -0.1727 2.1574 7.8567 -0.1729 2.1530 7.8406 -0.1728 38.1520 74.6867 -67.4972 58.7969 62.5404 37.2648 34.5535 20.1943 91.0198 -1.6998 0.8414 -2.8820 0.0000 0.0000 0.0001 0.0000 0.0000 0.0000 0.0000 -0.0013 -0.0008 0.0000 -0.0004 0.0001 0.0000 0.0000 0.0000 0.0000 0.0000 0.0000 0.0000 0.0002 0.0000 0.0000 -0.0006 0.0003 0.0000 0.0004 -0.0006 0.0000 0.0000 0.0001 0.0000 0.0000 0.0000 0.0000 -0.0010 -0.0002 0.0000 0.0002 30.0001 -0.0001 0.0005 -29.9998 0.0000 0.0000 0.0000 -11.6100 -10.3849 8.8678 -11.6100 -10.3849 8.8678 15.6456 59.7199 119.3077 -67.4651 53.4677 -21.0050 -34.8444 29.8410 -98.1045 0.9455 -0.4054 2.5374 0.0000 -0.0001 0.0001 0.0000 0.0000 0.0000 0.0000 -0.0006 0.0003 0.0000 -0.0001 0.0001 0.0000 0.0000 0.0000 0.0000 0.0000 0.0000 0.0000 0.0007 0.0001 0.0000 -0.0012 0.0001 0.0000 -0.0008 0.0003 0.0000 0.0001 0.0000 0.0000 0.0000 0.0000 0.0000 -0.0009 0.0000 0.0000 0.0002 -29.9997 -0.0001 -0.0003 29.9996 0.0000 0.0000 0.0000 -3.1858 -11.9667 178.1232 -0.0881 -21.0883 0.0991 -112.2728 85.3707 -111.5380 0.0000 25.0565 0.0000 -9.5179 -43.9131 -178.5218 0.1479 -36.5426 -0.1314 21.9494 72.4976 12.1310 0.0000 26.7265 -0.0001 
-5.7288 87.9348 -8.4030 5.0384 17.8919 1.5325 2.1639 7.8560 -0.1508 2.1750 7.8963 -0.1508 2.1704 7.8798 -0.1508 38.1999 74.6000 -67.3973 58.7480 62.6840 37.4762 34.4302 20.2467 90.8854 -1.7159 0.8485 -2.9141 0.0000 0.0000 0.0001 0.0000 0.0000 0.0000 0.0000 -0.0013 -0.0008 0.0000 -0.0004 0.0001 0.0000 0.0000 0.0000 0.0000 0.0000 0.0000 0.0000 0.0002 0.0000 0.0000 -0.0006 0.0003 0.0000 0.0004 -0.0006 0.0000 0.0000 0.0001 0.0000 0.0000 0.0000 0.0000 -0.0010 -0.0002 0.0000 0.0003 30.0001 -0.0001 0.0005 -29.9998 0.0000 0.0000 0.0000 -11.6390 -10.4544 8.8138 -11.6390 -10.4545 8.8138 15.5445 59.9963 119.3696 -67.3273 53.7346 -21.3831 -34.5670 29.7645 -97.9980 0.9479 -0.4160 2.5700 0.0000 -0.0001 0.0001 0.0000 0.0000 0.0000 0.0000 -0.0006 0.0003 0.0000 -0.0001 0.0001 0.0000 0.0000 0.0000 0.0000 0.0000 0.0000 0.0000 0.0007 0.0001 0.0000 -0.0012 0.0001 0.0000 -0.0008 0.0003 0.0000 0.0001 0.0000 0.0000 0.0000 0.0000 0.0000 -0.0008 0.0000 0.0000 0.0002 -29.9996 -0.0001 -0.0003 29.9996 0.0000 0.0000 0.0000 -3.2224 -12.0228 178.1158 -0.0828 -21.5451 0.0985 -113.7302 85.5431 -113.0004 0.0000 25.0527 0.0000 -9.4821 -44.0118 -178.7836 0.1204 -36.9072 -0.1228 23.0691 72.3559 13.2702 0.0000 26.7751 -0.0001 
-5.6087 87.9014 -8.4250 5.1802 17.6487 1.5460 2.1076 7.8832 -0.1406 2.1184 7.9237 -0.1406 2.1140 7.9070 -0.1406 37.6396 74.3495 -67.7795 58.7161 62.6260 37.2786 34.3643 20.3755 90.7777 -1.7273 0.8588 -2.9138 0.0000 0.0000 0.0001 0.0000 0.0000 0.0000 0.0000 -0.0013 -0.0008 0.0000 -0.0004 0.0001 0.0000 0.0000 0.0000 0.0000 0.0000 0.0000 0.0000 0.0002 0.0000 0.0000 -0.0006 0.0003 0.0000 0.0004 -0.0006 0.0000 0.0000 0.0001 0.0000 0.0000 0.0000 0.0000 -0.0010 -0.0002 0.0000 0.0003 30.0001 -0.0001 0.0005 -29.9998 0.0000 0.0000 0.0000 -11.5775 -10.4692 8.7699 -11.5775 -10.4692 8.7699 15.5629 60.4368 119.6423 -67.0529 54.0937 -21.7779 -34.2705 29.6470 -97.9028 0.9436 -0.4337 2.6057 0.0000 -0.0001 0.0001 0.0000 0.0000 0.0000 0.0000 -0.0006 0.0003 0.0000 -0.0001 0.0001 0.0000 0.0000 0.0000 0.0000 0.0000 0.0000 0.0000 0.0007 0.0001 0.0000 -0.0012 0.0001 0.0000 -0.0008 0.0003 0.0000 0.0001 0.0000 0.0000 0.0000 0.0000 0.0000 -0.0009 0.0000 0.0000 0.0002 -29.9996 -0.0001 -0.0003 29.9996 0.0000 0.0000 0.0000 -3.1226 -12.0013 178.1250 -0.0822 -21.9600 0.0987 -115.2515 85.7247 -114.5680 0.0000 25.0492 0.0000 -9.3044 -43.9700 -179.0617 0.0902 -37.2542 -0.1130 24.5383 72.2381 14.7379 0.0000 26.7511 -0.0001 
-5.4761 87.8739 -8.3976 5.2082 17.3793 1.4988 1.9959 7.8958 -0.1426 2.0061 7.9362 -0.1426 2.0019 7.9196 -0.1426 36.8035 73.9467 -68.3573 58.8139 62.4497 36.8465 34.3640 20.5087 90.7077 -1.7325 0.8716 -2.8861 0.0000 0.0000 0.0001 0.0000 0.0000 0.0000 0.0000 -0.0013 -0.0008 0.0000 -0.0004 0.0001 0.0000 0.0000 0.0000 0.0000 0.0000 0.0000 0.0000 0.0003 0.0000 0.0000 -0.0006 0.0003 0.0000 0.0004 -0.0006 0.0000 0.0000 0.0001 0.0000 0.0000 0.0000 0.0000 -0.0010 -0.0002 0.0000 0.0002 30.0001 -0.0001 0.0005 -29.9998 0.0000 0.0000 0.0000 -11.4409 -10.4309 8.7257 -11.4409 -10.4309 8.7257 15.7147 60.9990 120.1000 -66.6556 54.5375 -22.1381 -34.0055 29.5509 -97.8053 0.9312 -0.4590 2.6375 0.0000 -0.0001 0.0001 0.0000 0.0000 0.0000 0.0000 -0.0006 0.0003 0.0000 -0.0001 0.0001 0.0000 0.0000 0.0000 0.0000 0.0000 0.0000 0.0000 0.0007 0.0001 0.0000 -0.0012 0.0001 0.0000 -0.0008 0.0003 0.0000 0.0001 0.0000 0.0000 0.0000 0.0000 0.0000 -0.0009 0.0000 0.0000 0.0002 -29.9996 -0.0001 -0.0003 29.9996 0.0000 0.0000 0.0000 -2.9337 -11.9345 178.1700 -0.0784 -22.3442 0.0982 -116.8003 85.8812 -116.1679 0.0000 25.0460 0.0000 -9.0903 -43.8439 -179.3006 0.0482 -37.5574 -0.0990 26.0780 72.1171 16.2992 0.0000 26.6957 -0.0001 
-5.3450 87.8453 -8.3446 5.1275 17.1002 1.3989 1.8352 7.8938 -0.1569 1.8445 7.9339 -0.1570 1.8407 7.9177 -0.1570 35.8433 73.4607 -68.9964 59.0532 62.1306 36.2712 34.3928 20.6628 90.7009 -1.7332 0.8859 -2.8351 0.0000 0.0000 0.0001 0.0000 0.0000 0.0000 0.0000 -0.0013 -0.0008 0.0000 -0.0004 0.0001 0.0000 0.0000 0.0000 0.0000 0.0000 0.0000 0.0000 0.0003 0.0000 0.0000 -0.0006 0.0003 0.0000 0.0004 -0.0006 0.0000 0.0000 0.0001 0.0000 0.0000 0.0000 0.0000 -0.0010 -0.0002 0.0000 0.0002 30.0001 -0.0001 0.0005 -29.9998 0.0000 0.0000 0.0000 -11.2287 -10.3501 8.6805 -11.2287 -10.3501 8.6805 15.9765 61.6444 120.6877 -66.2005 55.0657 -22.4856 -33.7594 29.4778 -97.6963 0.9113 -0.4905 2.6647 0.0000 -0.0001 0.0001 0.0000 0.0000 0.0000 0.0000 -0.0006 0.0003 0.0000 -0.0001 0.0001 0.0000 0.0000 0.0000 0.0000 0.0000 0.0000 0.0000 0.0007 0.0001 0.0000 -0.0012 0.0001 0.0000 -0.0008 0.0003 0.0000 0.0001 0.0000 0.0000 0.0000 0.0000 0.0000 -0.0009 0.0000 0.0000 0.0002 -29.9997 -0.0001 -0.0002 29.9996 0.0000 0.0000 0.0000 -2.6710 -11.8345 178.2486 -0.0716 -22.6884 0.0971 -118.1819 86.0099 -117.6016 0.0000 25.0433 0.0000 -8.8481 -43.6652 -179.4851 0.0028 -37.8117 -0.0836 27.5717 71.9879 17.8368 0.0000 26.6509 -0.0001 
-5.2502 87.8103 -8.2650 4.8769 16.8215 1.2234 1.6052 7.8679 -0.1914 1.6132 7.9071 -0.1918 1.6100 7.8917 -0.1916 34.7910 72.9235 -69.6587 59.0448 61.6610 35.3403 34.5546 20.9634 90.7016 -1.7381 0.9068 -2.7646 0.0000 0.0000 0.0001 0.0000 0.0000 0.0000 0.0000 -0.0013 -0.0008 0.0000 -0.0004 0.0001 0.0000 0.0000 0.0000 0.0000 0.0000 0.0000 0.0000 0.0003 0.0000 0.0000 -0.0006 0.0003 0.0000 0.0004 -0.0006 0.0000 0.0000 0.0001 0.0000 0.0000 0.0000 0.0000 -0.0010 -0.0002 0.0000 0.0002 30.0001 -0.0001 0.0005 -29.9998 0.0000 0.0000 0.0000 -10.8865 -10.2152 8.6331 -10.8865 -10.2152 8.6331 16.3832 62.3675 121.4222 -65.7301 55.6791 -22.8646 -33.4854 29.3895 -97.5324 0.8833 -0.5255 2.6852 0.0000 -0.0001 0.0001 0.0000 0.0000 0.0000 0.0000 -0.0006 0.0003 0.0000 -0.0001 0.0001 0.0000 0.0000 0.0000 0.0000 0.0000 0.0000 0.0000 0.0007 0.0001 0.0000 -0.0012 0.0001 0.0000 -0.0008 0.0003 0.0000 0.0001 0.0000 0.0000 0.0000 0.0000 0.0000 -0.0008 0.0000 0.0000 0.0002 -29.9996 -0.0001 -0.0003 29.9996 0.0000 0.0000 0.0000 -2.2907 -11.6535 178.3652 -0.0657 -22.9268 0.0960 -119.0655 86.0969 -118.5488 0.0000 25.0413 0.0000 -8.5783 -43.4278 -179.5483 -0.0313 -37.9810 -0.0719 28.7681 71.8847 19.1107 0.0000 26.6410 -0.0001 
-5.2130 87.7818 -8.1338 4.4868 16.5388 0.9954 1.3239 7.8251 -0.2407 1.3303 7.8632 -0.2415 1.3279 7.8487 -0.2412 33.7250 72.3409 -70.2993 58.9273 61.1110 34.2289 34.7705 21.3332 90.7119 -1.7468 0.9333 -2.6861 0.0000 0.0000 0.0001 0.0000 0.0000 0.0000 0.0000 -0.0013 -0.0008 0.0000 -0.0004 0.0001 0.0000 0.0000 0.0000 0.0000 0.0000 0.0000 0.0000 0.0003 0.0000 0.0000 -0.0006 0.0003 0.0000 0.0004 -0.0006 0.0000 0.0000 0.0001 0.0000 0.0000 0.0000 0.0000 -0.0010 -0.0002 0.0000 0.0002 30.0001 -0.0001 0.0005 -29.9998 0.0000 0.0000 0.0000 -10.4316 -10.0406 8.5814 -10.4316 -10.0406 8.5814 16.8881 63.1301 122.2671 -65.2766 56.2955 -23.3048 -33.1744 29.2265 -97.3334 0.8529 -0.5573 2.7031 0.0000 -0.0001 0.0001 0.0000 0.0000 0.0000 0.0000 -0.0006 0.0003 0.0000 -0.0001 0.0001 0.0000 0.0000 0.0000 0.0000 0.0000 0.0000 0.0000 0.0007 0.0001 0.0000 -0.0011 0.0001 0.0000 -0.0008 0.0003 0.0000 0.0001 0.0000 0.0000 0.0000 0.0000 0.0000 -0.0008 0.0000 0.0000 0.0002 -29.9996 -0.0001 -0.0003 29.9996 0.0000 0.0000 0.0000 -1.8202 -11.3941 178.4928 -0.0650 -23.0370 0.0960 -119.1215 86.1786 -118.6763 0.0000 25.0399 0.0000 -8.3434 -43.1150 -179.4698 -0.0456 -38.0773 -0.0670 29.5326 71.8566 20.0004 0.0000 26.6226 -0.0001 
-5.2304 87.7616 -7.9634 3.9897 16.2547 0.7378 0.9975 7.7681 -0.3024 1.0021 7.8050 -0.3035 1.0004 7.7916 -0.3031 32.6308 71.7281 -70.9195 58.7931 60.5172 33.0236 35.0235 21.7894 90.6953 -1.7533 0.9601 -2.5976 0.0000 0.0000 0.0001 0.0000 0.0000 0.0000 0.0000 -0.0013 -0.0008 0.0000 -0.0004 0.0001 0.0000 0.0000 0.0000 0.0000 0.0000 0.0000 0.0000 0.0002 0.0000 0.0000 -0.0006 0.0003 0.0000 0.0004 -0.0006 0.0000 0.0000 0.0001 0.0000 0.0000 0.0000 0.0000 -0.0010 -0.0002 0.0000 0.0002 30.0001 -0.0001 0.0005 -29.9998 0.0000 0.0000 0.0000 -9.8817 -9.8354 8.5239 -9.8817 -9.8354 8.5239 17.4601 63.9185 123.2069 -64.8534 56.8752 -23.8088 -32.8521 29.0053 -97.1372 0.8227 -0.5857 2.7210 0.0000 -0.0001 0.0001 0.0000 0.0000 0.0000 0.0000 -0.0006 0.0003 0.0000 -0.0001 0.0001 0.0000 0.0000 0.0000 0.0000 0.0000 0.0000 0.0000 0.0007 0.0001 0.0000 -0.0012 0.0001 0.0000 -0.0008 0.0003 0.0000 0.0001 0.0000 0.0000 0.0000 0.0000 0.0000 -0.0009 0.0000 0.0000 0.0002 -29.9996 -0.0001 -0.0003 29.9996 0.0000 0.0000 0.0000 -1.3051 -11.0819 178.6193 -0.0679 -23.0330 0.0965 -118.1803 86.2506 -117.7923 0.0000 25.0391 0.0000 -8.1302 -42.7447 -179.2859 -0.0410 -38.1107 -0.0686 29.8926 71.8994 20.5140 0.0000 26.5941 -0.0001 
-5.3162 87.7532 -7.7532 3.3760 15.9728 0.4586 0.6005 7.6921 -0.3856 0.6032 7.7275 -0.3872 0.6023 7.7153 -0.3867 31.3012 71.0469 -71.5391 58.5425 59.9872 31.4842 35.3028 22.3003 90.6900 -1.7577 0.9877 -2.5006 0.0000 0.0000 0.0001 0.0000 0.0000 0.0000 0.0000 -0.0013 -0.0008 0.0000 -0.0004 0.0001 0.0000 0.0000 0.0000 0.0000 0.0000 0.0000 0.0000 0.0002 0.0000 0.0000 -0.0006 0.0003 0.0000 0.0004 -0.0006 0.0000 0.0000 0.0001 0.0000 0.0000 0.0000 0.0000 -0.0010 -0.0002 0.0000 0.0002 30.0001 -0.0001 0.0005 -29.9998 0.0000 0.0000 0.0000 -9.2072 -9.5978 8.4705 -9.2072 -9.5978 8.4705 18.1452 64.7439 124.3158 -64.6594 57.3593 -24.5481 -32.4987 28.7363 -96.9443 0.7892 -0.6116 2.7324 0.0000 -0.0001 0.0001 0.0000 0.0000 0.0000 0.0000 -0.0006 0.0003 0.0000 -0.0001 0.0001 0.0000 0.0000 0.0000 0.0000 0.0000 0.0000 0.0000 0.0007 0.0001 0.0000 -0.0012 0.0001 0.0000 -0.0008 0.0003 0.0000 0.0001 0.0000 0.0000 0.0000 0.0000 0.0000 -0.0008 0.0000 0.0000 0.0002 -29.9996 -0.0001 -0.0003 29.9996 0.0000 0.0000 0.0000 -0.7722 -10.6933 178.7362 -0.0720 -22.8888 0.0973 -116.0713 86.2758 -115.6996 0.0000 25.0391 0.0000 -7.9308 -42.3158 -178.9942 -0.0136 -38.0694 -0.0780 29.7425 72.0379 20.5321 0.0000 26.5281 -0.0001 
-5.4276 87.7394 -7.5603 2.6864 15.6933 0.1636 0.1533 7.6074 -0.4816 0.1539 7.6415 -0.4838 0.1537 7.6304 -0.4831 30.0532 70.4490 -72.0668 58.3632 59.4057 29.9273 35.6110 22.7679 90.7903 -1.7561 1.0129 -2.3945 0.0000 0.0000 0.0001 0.0000 0.0000 0.0000 0.0000 -0.0013 -0.0008 0.0000 -0.0004 0.0001 0.0000 0.0000 0.0000 0.0000 0.0000 0.0000 0.0000 0.0003 0.0000 0.0000 -0.0006 0.0003 0.0000 0.0004 -0.0006 0.0000 0.0000 0.0001 0.0000 0.0000 0.0000 0.0000 -0.0010 -0.0002 0.0000 0.0002 30.0001 -0.0001 0.0005 -29.9998 0.0000 0.0000 0.0000 -8.4538 -9.3574 8.4323 -8.4538 -9.3574 8.4323 18.9200 65.5932 125.5611 -64.6854 57.6321 -25.5479 -32.0219 28.5108 -96.7834 0.7624 -0.6339 2.7455 0.0000 -0.0001 0.0001 0.0000 0.0000 0.0000 0.0000 -0.0006 0.0003 0.0000 -0.0001 0.0001 0.0000 0.0000 0.0000 0.0000 0.0000 0.0000 0.0000 0.0007 0.0001 0.0000 -0.0011 0.0001 0.0000 -0.0008 0.0003 0.0000 0.0001 0.0000 0.0000 0.0000 0.0000 0.0000 -0.0008 0.0000 0.0000 0.0002 -29.9996 -0.0001 -0.0003 29.9996 0.0000 0.0000 0.0000 -0.2099 -10.2393 178.8516 -0.0784 -22.6544 0.0984 -113.5268 86.2627 -113.1624 0.0000 25.0396 0.0000 -7.7761 -41.8872 -178.6257 0.0131 -37.9881 -0.0872 29.1413 72.2337 20.1180 0.0000 26.4266 -0.0001 
-5.5606 87.7135 -7.3985 1.9383 15.4267 -0.1449 -0.3471 7.5139 -0.5894 -0.3488 7.5469 -0.5921 -0.3483 7.5366 -0.5913 28.8849 69.9200 -72.5346 58.3609 58.8203 28.3866 35.9257 23.1587 90.9908 -1.7434 1.0314 -2.2780 0.0000 0.0000 0.0001 0.0000 0.0000 0.0000 0.0000 -0.0013 -0.0008 0.0000 -0.0004 0.0001 0.0000 0.0000 0.0000 0.0000 0.0000 0.0000 0.0000 0.0002 0.0000 0.0000 -0.0006 0.0003 0.0000 0.0004 -0.0006 0.0000 0.0000 0.0001 0.0000 0.0000 0.0000 0.0000 -0.0010 -0.0002 0.0000 0.0002 30.0001 -0.0001 0.0005 -29.9998 0.0000 0.0000 0.0000 -7.6195 -9.1134 8.4100 -7.6196 -9.1134 8.4100 19.8813 66.4519 126.8425 -64.6846 57.9598 -26.5715 -31.5147 28.2557 -96.5753 0.7366 -0.6527 2.7585 0.0000 -0.0001 0.0001 0.0000 0.0000 0.0000 0.0000 -0.0006 0.0003 0.0000 -0.0001 0.0001 0.0000 0.0000 0.0000 0.0000 0.0000 0.0000 0.0000 0.0007 0.0001 0.0000 -0.0011 0.0001 0.0000 -0.0008 0.0003 0.0000 0.0001 0.0000 0.0000 0.0000 0.0000 0.0000 -0.0008 0.0000 0.0000 0.0002 -29.9996 -0.0001 -0.0003 29.9996 0.0000 0.0000 0.0000 0.3802 -9.7577 178.9711 -0.0871 -22.3569 0.0999 -110.7940 86.2244 -110.4328 0.0000 25.0405 0.0000 -7.6960 -41.4762 -178.1750 0.0348 -37.8687 -0.0946 28.0889 72.4726 19.2773 0.0000 26.3329 -0.0001 
-5.7702 87.6741 -7.2839 1.1201 15.1868 -0.4785 -0.8628 7.4218 -0.6966 -0.8667 7.4540 -0.6999 -0.8655 7.4442 -0.6989 27.5988 69.4814 -73.0288 58.5703 58.2340 26.8591 36.2386 23.4629 91.2776 -1.7142 1.0404 -2.1450 0.0000 0.0000 0.0001 0.0000 0.0000 0.0000 0.0000 -0.0013 -0.0008 0.0000 -0.0004 0.0001 0.0000 0.0000 0.0000 0.0000 0.0000 0.0000 0.0000 0.0002 -0.0001 0.0000 -0.0006 0.0003 0.0000 0.0004 -0.0006 0.0000 0.0000 0.0001 0.0000 0.0000 0.0000 0.0000 -0.0010 -0.0002 0.0000 0.0002 30.0001 -0.0001 0.0005 -29.9998 0.0000 0.0000 0.0000 -6.7672 -8.8886 8.4118 -6.7672 -8.8886 8.4118 21.0227 67.2784 128.3392 -64.7055 58.2524 -27.7344 -30.9419 27.9938 -96.2726 0.7114 -0.6704 2.7742 0.0000 -0.0001 0.0001 0.0000 0.0000 0.0000 0.0000 -0.0006 0.0003 0.0000 -0.0001 0.0001 0.0000 0.0000 0.0000 0.0000 0.0000 0.0000 0.0000 0.0007 0.0001 0.0000 -0.0012 0.0001 0.0000 -0.0008 0.0003 0.0000 0.0001 0.0000 0.0000 0.0000 0.0000 0.0000 -0.0009 0.0000 0.0000 0.0002 -29.9996 -0.0001 -0.0003 29.9996 0.0000 0.0000 0.0000 0.9991 -9.2874 179.1077 -0.0994 -21.9995 0.1020 -108.0754 86.1572 -107.7074 0.0000 25.0418 0.0000 -7.6828 -41.0854 -177.5827 0.0744 -37.6843 -0.1080 26.4392 72.7660 17.8248 0.0000 26.2499 -0.0001 
-6.0805 87.6200 -7.1922 0.2640 14.9685 -0.8242 -1.4213 7.3278 -0.8144 -1.4278 7.3595 -0.8183 -1.4258 7.3499 -0.8171 26.3447 69.1474 -73.5780 58.8880 57.6427 25.3307 36.5345 23.6485 91.6731 -1.6760 1.0428 -2.0081 0.0000 0.0000 0.0001 0.0000 0.0000 0.0000 0.0000 -0.0013 -0.0008 0.0000 -0.0004 0.0001 0.0000 0.0000 0.0000 0.0000 0.0000 0.0000 0.0000 0.0002 -0.0001 0.0000 -0.0006 0.0003 0.0000 0.0004 -0.0006 0.0000 0.0000 0.0001 0.0000 0.0000 0.0000 0.0000 -0.0010 -0.0002 0.0000 0.0002 30.0001 -0.0001 0.0005 -29.9998 0.0000 0.0000 0.0000 -5.8698 -8.6722 8.4407 -5.8698 -8.6722 8.4407 22.3338 68.1395 129.9267 -64.6809 58.6781 -29.0089 -30.4237 27.6840 -95.8126 0.6825 -0.6852 2.7853 0.0000 -0.0001 0.0001 0.0000 0.0000 0.0000 0.0000 -0.0006 0.0003 0.0000 -0.0001 0.0001 0.0000 0.0000 0.0000 0.0000 0.0000 0.0000 0.0000 0.0007 0.0001 0.0000 -0.0012 0.0001 0.0000 -0.0008 0.0003 0.0000 0.0001 0.0000 0.0000 0.0000 0.0000 0.0000 -0.0009 0.0000 0.0000 0.0002 -29.9996 -0.0001 -0.0003 29.9996 0.0000 0.0000 0.0000 1.6221 -8.8543 179.2642 -0.1104 -21.6343 0.1038 -105.7627 86.0537 -105.3722 0.0000 25.5140 0.0000 -7.6191 -40.6956 -176.9043 0.1578 -37.4438 -0.1360 24.4473 73.0965 15.9490 0.0000 26.2257 -0.0001 
-6.4462 87.5595 -7.1043 -0.6118 14.7679 -1.1719 -1.9841 7.2363 -0.9363 -1.9931 7.2680 -0.9410 -1.9903 7.2581 -0.9395 25.1975 68.9175 -74.1683 59.2769 56.9630 23.9179 36.8696 23.7948 92.1473 -1.6341 1.0418 -1.8696 0.0000 0.0000 0.0001 0.0000 0.0000 0.0000 0.0000 -0.0013 -0.0008 0.0000 -0.0004 0.0001 0.0000 0.0000 0.0000 0.0000 0.0000 0.0000 0.0000 0.0002 0.0000 0.0000 -0.0006 0.0003 0.0000 0.0004 -0.0006 0.0000 0.0000 0.0001 0.0000 0.0000 0.0000 0.0000 -0.0010 -0.0002 0.0000 0.0002 30.0001 -0.0002 0.0005 -29.9998 0.0000 0.0000 0.0000 -4.9886 -8.4690 8.4925 -4.9886 -8.4690 8.4925 23.7102 69.0109 131.5809 -64.7713 58.9953 -30.4773 -29.7825 27.4037 -95.3638 0.6614 -0.6978 2.8054 0.0000 -0.0001 0.0001 0.0000 0.0000 0.0000 0.0000 -0.0006 0.0003 0.0000 -0.0001 0.0001 0.0000 0.0000 0.0000 0.0000 0.0000 0.0000 0.0000 0.0007 0.0001 0.0000 -0.0012 0.0001 0.0000 -0.0008 0.0003 0.0000 0.0001 0.0000 0.0000 0.0000 0.0000 0.0000 -0.0009 0.0000 0.0000 0.0002 -29.9997 -0.0001 -0.0003 29.9996 0.0000 0.0000 0.0000 2.2461 -8.4420 179.4319 -0.1197 -21.2589 0.1051 -103.8057 85.9226 -103.3868 0.0000 26.4340 0.0000 -7.4868 -40.3152 -176.1997 0.2659 -37.1889 -0.1719 22.2813 73.4560 13.8298 0.0000 26.1583 -0.0001 
-6.7697 87.4789 -7.0317 -1.4928 14.5838 -1.4991 -2.5332 7.1496 -1.0631 -2.5449 7.1816 -1.0686 -2.5410 7.1711 -1.0668 24.0588 68.7343 -74.8137 59.6046 56.2719 22.5280 37.2274 23.9866 92.5807 -1.5906 1.0393 -1.7335 0.0000 0.0000 0.0001 0.0000 0.0000 0.0000 0.0000 -0.0013 -0.0008 0.0000 -0.0004 0.0001 0.0000 0.0000 0.0000 0.0000 0.0000 0.0000 0.0000 0.0002 0.0000 0.0000 -0.0006 0.0003 0.0000 0.0004 -0.0006 0.0000 0.0000 0.0001 0.0000 0.0000 0.0000 0.0000 -0.0010 -0.0002 0.0000 0.0002 30.0001 -0.0001 0.0005 -29.9998 0.0000 0.0000 0.0000 -4.1647 -8.2762 8.5632 -4.1647 -8.2762 8.5632 25.1444 69.8533 133.3008 -64.6041 59.3992 -31.7843 -29.2364 27.0713 -94.8530 0.6431 -0.7066 2.8310 0.0000 -0.0001 0.0001 0.0000 0.0000 0.0000 0.0000 -0.0006 0.0003 0.0000 -0.0001 0.0001 0.0000 0.0000 0.0000 0.0000 0.0000 0.0000 0.0000 0.0007 0.0001 0.0000 -0.0012 0.0001 0.0000 -0.0008 0.0003 0.0000 0.0001 0.0000 0.0000 0.0000 0.0000 0.0000 -0.0008 0.0000 0.0000 0.0002 -29.9997 -0.0001 -0.0003 29.9996 0.0000 0.0000 0.0000 2.8729 -8.0605 179.5807 -0.1293 -20.8859 0.1065 -102.2434 85.7807 -101.7977 0.0000 26.7004 0.0000 -7.2682 -39.9858 -175.5720 0.3571 -36.9635 -0.2017 20.2163 73.7881 11.7760 0.0000 26.1442 -0.0001 
-6.9716 87.3957 -6.9818 -2.3435 14.3941 -1.7939 -3.0490 7.0641 -1.1893 -3.0636 7.0968 -1.1957 -3.0585 7.0854 -1.1935 22.9467 68.5782 -75.4434 59.8883 55.6120 21.2343 37.5428 24.1788 92.9524 -1.5506 1.0394 -1.6070 0.0000 0.0000 0.0001 0.0000 0.0000 0.0000 0.0000 -0.0013 -0.0008 0.0000 -0.0004 0.0001 0.0000 0.0000 0.0000 0.0000 0.0000 0.0000 0.0000 0.0002 0.0000 0.0000 -0.0006 0.0003 0.0000 0.0004 -0.0006 0.0000 0.0000 0.0001 0.0000 0.0000 0.0000 0.0000 -0.0010 -0.0002 0.0000 0.0002 30.0001 -0.0001 0.0005 -29.9998 0.0000 0.0000 0.0000 -3.4244 -8.0843 8.6390 -3.4244 -8.0843 8.6390 26.5970 70.6904 135.1506 -64.2730 59.8223 -32.9258 -28.8625 26.7191 -94.3763 0.6246 -0.7144 2.8557 0.0000 -0.0001 0.0001 0.0000 0.0000 0.0000 0.0000 -0.0006 0.0003 0.0000 -0.0001 0.0001 0.0000 0.0000 0.0000 0.0000 0.0000 0.0000 0.0000 0.0007 0.0001 0.0000 -0.0011 0.0001 0.0000 -0.0008 0.0003 0.0000 0.0001 0.0000 0.0000 0.0000 0.0000 0.0000 -0.0008 0.0000 0.0000 0.0002 -29.9997 -0.0001 -0.0003 29.9996 0.0000 0.0000 0.0000 3.4840 -7.7157 179.6929 -0.1412 -20.5311 0.1082 -100.6311 85.6465 -100.1571 0.0000 26.6282 0.0000 -6.9982 -39.7185 -175.0948 0.4068 -36.8105 -0.2177 18.5684 74.0390 10.1656 0.0000 26.1055 -0.0001 
-7.0583 87.3169 -6.9655 -3.1626 14.1893 -2.0605 -3.5397 6.9767 -1.3133 -3.5572 7.0100 -1.3207 -3.5507 6.9976 -1.3179 21.9291 68.5060 -76.0475 60.0771 54.9807 20.0436 37.8238 24.3489 93.2923 -1.5146 1.0410 -1.4924 0.0000 0.0000 0.0001 0.0000 0.0000 0.0000 0.0000 -0.0013 -0.0008 0.0000 -0.0004 0.0001 0.0000 0.0000 0.0000 0.0000 0.0000 0.0000 0.0000 0.0002 -0.0001 0.0000 -0.0006 0.0003 0.0000 0.0004 -0.0006 0.0000 0.0000 0.0001 0.0000 0.0000 0.0000 0.0000 -0.0010 -0.0002 0.0000 0.0002 30.0001 -0.0001 0.0005 -29.9998 0.0000 0.0000 0.0000 -2.7487 -7.8973 8.7113 -2.7487 -7.8973 8.7113 28.0579 71.5584 137.1097 -63.9186 60.1717 -34.0099 -28.6120 26.3936 -93.9739 0.6083 -0.7203 2.8770 0.0000 -0.0001 0.0001 0.0000 0.0000 0.0000 0.0000 -0.0006 0.0003 0.0000 -0.0001 0.0001 0.0000 0.0000 0.0000 0.0000 0.0000 0.0000 0.0000 0.0007 0.0001 0.0000 -0.0012 0.0001 0.0000 -0.0008 0.0003 0.0000 0.0001 0.0000 0.0000 0.0000 0.0000 0.0000 -0.0009 0.0000 0.0000 0.0002 -29.9996 -0.0001 -0.0003 29.9996 0.0000 0.0000 0.0000 4.0774 -7.4170 179.7732 -0.1554 -20.2321 0.1104 -98.9955 85.5235 -98.4864 0.0000 26.5658 0.0000 -6.7312 -39.5041 -174.7395 0.4203 -36.7210 -0.2218 17.2793 74.2032 8.9778 0.0000 26.0273 -0.0001 
-7.0546 87.2542 -6.9850 -3.9532 13.9594 -2.2943 -3.9549 6.8879 -1.4218 -3.9750 6.9218 -1.4301 -3.9671 6.9085 -1.4268 21.0666 68.6092 -76.5530 59.9134 54.3944 18.9223 38.0947 24.4855 93.6020 -1.4909 1.0485 -1.3991 0.0000 0.0000 0.0001 0.0000 0.0000 0.0000 0.0000 -0.0013 -0.0008 0.0000 -0.0004 0.0001 0.0000 0.0000 0.0000 0.0000 0.0000 0.0000 0.0000 0.0002 0.0000 0.0000 -0.0006 0.0003 0.0000 0.0004 -0.0006 0.0000 0.0000 0.0001 0.0000 0.0000 0.0000 0.0000 -0.0010 -0.0002 0.0000 0.0002 30.0001 -0.0001 0.0005 -29.9998 0.0000 0.0000 0.0000 -2.2082 -7.7308 8.7531 -2.2082 -7.7308 8.7532 29.5155 72.4402 139.1315 -63.4397 60.3459 -34.8580 -28.4216 26.1599 -93.7403 0.6014 -0.7231 2.8991 0.0000 -0.0001 0.0001 0.0000 0.0000 0.0000 0.0000 -0.0006 0.0003 0.0000 -0.0001 0.0001 0.0000 0.0000 0.0000 0.0000 0.0000 0.0000 0.0000 0.0007 0.0001 0.0000 -0.0011 0.0001 0.0000 -0.0008 0.0003 0.0000 0.0001 0.0000 0.0000 0.0000 0.0000 0.0000 -0.0009 0.0000 0.0000 0.0002 -29.9996 -0.0001 -0.0003 29.9996 0.0000 0.0000 0.0000 4.6687 -7.1907 179.8197 -0.1695 -20.0716 0.1127 -97.5652 85.4257 -97.0170 0.0000 26.5401 0.0000 -6.5166 -39.3405 -174.4811 0.4166 -36.7073 -0.2205 16.2414 74.2722 8.1689 0.0000 25.8692 -0.0001 
-7.0457 87.1951 -7.0184 -4.7412 13.6967 -2.4975 -4.2933 6.7972 -1.5135 -4.3157 6.8316 -1.5226 -4.3066 6.8176 -1.5189 20.3239 68.8327 -76.9904 59.6701 53.9903 17.9600 38.2845 24.4661 93.8419 -1.4654 1.0511 -1.3216 0.0000 0.0000 0.0001 0.0000 0.0000 0.0000 0.0000 -0.0013 -0.0008 0.0000 -0.0004 0.0001 0.0000 0.0000 0.0000 0.0000 0.0000 0.0000 0.0000 0.0002 0.0000 0.0000 -0.0006 0.0003 0.0000 0.0004 -0.0006 0.0000 0.0000 0.0001 0.0000 0.0000 0.0000 0.0000 -0.0010 -0.0002 0.0000 0.0002 30.0001 -0.0001 0.0005 -29.9998 0.0000 0.0000 0.0000 -1.7763 -7.5821 8.7567 -1.7763 -7.5821 8.7567 31.1001 73.3022 141.2988 -62.7601 60.4524 -35.4528 -28.3128 25.9610 -93.5677 0.5997 -0.7216 2.9192 0.0000 -0.0001 0.0001 0.0000 0.0000 0.0000 0.0000 -0.0006 0.0003 0.0000 -0.0001 0.0001 0.0000 0.0000 0.0000 0.0000 0.0000 0.0000 0.0000 0.0007 0.0001 0.0000 -0.0012 0.0001 0.0000 -0.0008 0.0003 0.0000 0.0001 0.0000 0.0000 0.0000 0.0000 0.0000 -0.0009 0.0000 0.0000 0.0002 -29.9996 -0.0001 -0.0003 29.9996 0.0000 0.0000 0.0000 5.2723 -6.9814 179.8441 -0.1813 -20.0334 0.1147 -96.8246 85.3492 -96.2242 0.0000 26.5400 0.0000 -6.2875 -39.1889 -174.2676 0.4218 -36.7416 -0.2224 15.2908 74.2856 7.5017 0.0000 25.7551 -0.0001 
-7.0585 87.1315 -7.0425 -5.5286 13.4024 -2.6759 -4.5731 6.7051 -1.5924 -4.5976 6.7397 -1.6022 -4.5873 6.7251 -1.5981 19.6415 69.1424 -77.4319 59.3994 53.6854 17.1482 38.3692 24.3741 94.0433 -1.4416 1.0501 -1.2595 0.0000 0.0000 0.0001 0.0000 0.0000 0.0000 0.0000 -0.0013 -0.0008 0.0000 -0.0004 0.0001 0.0000 0.0000 0.0000 0.0000 0.0000 0.0000 0.0000 0.0002 0.0000 0.0000 -0.0006 0.0003 0.0000 0.0004 -0.0006 0.0000 0.0000 0.0001 0.0000 0.0000 0.0000 0.0000 -0.0010 -0.0002 0.0000 0.0002 30.0001 -0.0001 0.0005 -29.9998 0.0000 0.0000 0.0000 -1.4161 -7.4451 8.7271 -1.4161 -7.4451 8.7271 32.8025 74.1455 143.5640 -61.8834 60.5840 -35.8403 -28.3377 25.7838 -93.4051 0.6010 -0.7168 2.9369 0.0000 -0.0001 0.0001 0.0000 0.0000 0.0000 0.0000 -0.0006 0.0003 0.0000 -0.0001 0.0001 0.0000 0.0000 0.0000 0.0000 0.0000 0.0000 0.0000 0.0007 0.0001 0.0000 -0.0012 0.0001 0.0000 -0.0008 0.0003 0.0000 0.0001 0.0000 0.0000 0.0000 0.0000 0.0000 -0.0008 0.0000 0.0000 0.0002 -29.9996 -0.0001 -0.0003 29.9996 0.0000 0.0000 0.0000 5.8792 -6.7572 179.8558 -0.1910 -20.0678 0.1164 -96.6525 85.2936 -95.9805 0.0000 26.5548 0.0000 -6.0253 -39.0305 -174.0773 0.4424 -36.8242 -0.2296 14.3852 74.2923 6.8883 0.0000 25.7029 -0.0001 
-7.0778 87.0498 -7.0625 -6.3121 13.0578 -2.8258 -4.7764 6.6189 -1.6554 -4.8022 6.6535 -1.6656 -4.7912 6.6387 -1.6612 19.0466 69.5487 -77.8871 59.0676 53.5164 16.5045 38.3662 24.2635 94.2062 -1.4190 1.0417 -1.2184 0.0000 0.0000 0.0001 0.0000 0.0000 0.0000 0.0000 -0.0013 -0.0008 0.0000 -0.0004 0.0001 0.0000 0.0000 0.0000 0.0000 0.0000 0.0000 0.0000 0.0002 0.0000 0.0000 -0.0006 0.0003 0.0000 0.0004 -0.0006 0.0000 0.0000 0.0001 0.0000 0.0000 0.0000 0.0000 -0.0010 -0.0002 0.0000 0.0002 30.0001 -0.0001 0.0005 -29.9998 0.0000 0.0000 0.0000 -1.1259 -7.3207 8.6503 -1.1259 -7.3207 8.6502 34.4738 74.9023 145.7473 -60.9241 60.6176 -36.0654 -28.4366 25.6970 -93.2779 0.6100 -0.7083 2.9531 0.0000 -0.0001 0.0001 0.0000 0.0000 0.0000 0.0000 -0.0006 0.0003 0.0000 -0.0001 0.0001 0.0000 0.0000 0.0000 0.0000 0.0000 0.0000 0.0000 0.0007 0.0001 0.0000 -0.0011 0.0001 0.0000 -0.0008 0.0003 0.0000 0.0001 0.0000 0.0000 0.0000 0.0000 0.0000 -0.0008 0.0000 0.0000 0.0002 -29.9996 -0.0001 -0.0003 29.9996 0.0000 0.0000 0.0000 6.4735 -6.4836 179.8629 -0.1960 -20.1535 0.1175 -97.0135 85.2697 -96.2307 0.0000 26.5809 0.0000 -5.6891 -38.8764 -173.9353 0.4677 -36.9986 -0.2388 13.6288 74.3175 6.3797 0.0000 25.7024 -0.0001 
-7.0596 86.9426 -7.1331 -7.0735 12.6759 -2.9467 -4.9274 6.5429 -1.7119 -4.9543 6.5774 -1.7226 -4.9426 6.5625 -1.7179 18.5331 69.9572 -78.3309 58.7540 53.4632 15.9897 38.3400 24.1724 94.3301 -1.3958 1.0268 -1.1909 0.0000 0.0000 0.0001 0.0000 0.0000 0.0000 0.0000 -0.0013 -0.0008 0.0000 -0.0004 0.0001 0.0000 0.0000 0.0000 0.0000 0.0000 0.0000 0.0000 0.0002 0.0000 0.0000 -0.0006 0.0003 0.0000 0.0004 -0.0006 0.0000 0.0000 0.0001 0.0000 0.0000 0.0000 0.0000 -0.0010 -0.0002 0.0000 0.0002 30.0001 -0.0001 0.0005 -29.9998 0.0000 0.0000 0.0000 -0.8785 -7.2072 8.5490 -0.8785 -7.2072 8.5490 35.9080 75.5012 147.6194 -59.8752 60.6385 -36.1529 -28.5994 25.7028 -93.0713 0.6249 -0.6976 2.9701 0.0000 -0.0001 0.0001 0.0000 0.0000 0.0000 0.0000 -0.0006 0.0003 0.0000 -0.0001 0.0001 0.0000 0.0000 0.0000 0.0000 0.0000 0.0000 0.0000 0.0007 0.0001 0.0000 -0.0012 0.0001 0.0000 -0.0008 0.0003 0.0000 0.0001 0.0000 0.0000 0.0000 0.0000 0.0000 -0.0008 0.0000 0.0000 0.0002 -29.9997 -0.0001 -0.0003 29.9996 0.0000 0.0000 0.0000 7.0573 -6.1892 179.8637 -0.1961 -20.2758 0.1177 -97.6437 85.2766 -96.7332 0.0000 26.6069 0.0000 -5.2654 -38.7807 -173.8684 0.4812 -37.2638 -0.2445 13.0930 74.3331 6.0145 0.0000 25.7161 -0.0001 
-6.9956 86.8121 -7.2584 -7.7817 12.2693 -3.0387 -5.0399 6.4768 -1.7600 -5.0676 6.5111 -1.7710 -5.0555 6.4961 -1.7662 18.0665 70.2890 -78.7740 58.5686 53.4960 15.6128 38.2896 24.1025 94.4226 -1.3719 1.0071 -1.1730 0.0000 0.0000 0.0001 0.0000 0.0000 0.0000 0.0000 -0.0013 -0.0008 0.0000 -0.0004 0.0001 0.0000 0.0000 0.0000 0.0000 0.0000 0.0000 0.0000 0.0002 0.0000 0.0000 -0.0006 0.0003 0.0000 0.0004 -0.0006 0.0000 0.0000 0.0001 0.0000 0.0000 0.0000 0.0000 -0.0010 -0.0002 0.0000 0.0002 30.0001 -0.0001 0.0005 -29.9998 0.0000 0.0000 0.0000 -0.6690 -7.1033 8.4304 -0.6690 -7.1033 8.4304 36.9327 75.9551 149.0036 -58.9547 60.6476 -36.1886 -28.7508 25.7241 -92.8958 0.6427 -0.6868 2.9912 0.0000 -0.0001 0.0001 0.0000 0.0000 0.0000 0.0000 -0.0006 0.0003 0.0000 -0.0001 0.0001 0.0000 0.0000 0.0000 0.0000 0.0000 0.0000 0.0000 0.0007 0.0001 0.0000 -0.0012 0.0001 0.0000 -0.0008 0.0003 0.0000 0.0001 0.0000 0.0000 0.0000 0.0000 0.0000 -0.0009 0.0000 0.0000 0.0002 -29.9996 -0.0001 -0.0003 29.9996 0.0000 0.0000 0.0000 7.6245 -5.9097 179.8572 -0.1929 -20.4546 0.1174 -98.4713 85.3183 -97.4385 0.0000 26.6341 0.0000 -4.7514 -38.7495 -173.8868 0.4873 -37.6027 -0.2482 12.8280 74.3280 5.8269 0.0000 25.7508 -0.0001 
-6.8684 86.6573 -7.4407 -8.3485 11.8303 -3.0924 -5.1143 6.4257 -1.7993 -5.1424 6.4598 -1.8106 -5.1301 6.4449 -1.8057 17.7773 70.5026 -79.1085 58.6206 53.5594 15.5009 38.1723 24.1188 94.4788 -1.3524 0.9870 -1.1664 0.0000 0.0000 0.0001 0.0000 0.0000 0.0000 0.0000 -0.0013 -0.0008 0.0000 -0.0004 0.0001 0.0000 0.0000 0.0000 0.0000 0.0000 0.0000 0.0000 0.0002 0.0000 0.0000 -0.0006 0.0003 0.0000 0.0004 -0.0006 0.0000 0.0000 0.0001 0.0000 0.0000 0.0000 0.0000 -0.0010 -0.0002 0.0000 0.0002 30.0001 -0.0001 0.0005 -29.9998 0.0000 0.0000 0.0000 -0.5071 -7.0061 8.2998 -0.5071 -7.0061 8.2998 36.8573 76.1855 149.1779 -58.5575 60.6403 -36.3250 -28.8413 25.7742 -92.7085 0.6582 -0.6771 3.0063 0.0000 -0.0001 0.0001 0.0000 0.0000 0.0000 0.0000 -0.0006 0.0003 0.0000 -0.0001 0.0001 0.0000 0.0000 0.0000 0.0000 0.0000 0.0000 0.0000 0.0007 0.0001 0.0000 -0.0011 0.0001 0.0000 -0.0008 0.0003 0.0000 0.0001 0.0000 0.0000 0.0000 0.0000 0.0000 -0.0009 0.0000 0.0000 0.0002 -29.9996 -0.0001 -0.0003 29.9996 0.0000 0.0000 0.0000 8.1287 -5.6600 179.8371 -0.1909 -20.7335 0.1176 -99.5899 85.4256 -98.4663 0.0000 26.6766 0.0000 -4.1832 -38.7761 -174.0149 0.4911 -38.0270 -0.2515 12.9383 74.3030 5.9060 0.0000 25.8128 -0.0001 
-6.6868 86.5051 -7.5851 -8.7505 11.3717 -3.1106 -5.1610 6.3849 -1.8277 -5.1894 6.4188 -1.8391 -5.1769 6.4040 -1.8341 17.6344 70.6915 -79.3519 58.7204 53.6117 15.5518 38.0103 24.1646 94.4970 -1.3388 0.9703 -1.1675 0.0000 0.0000 0.0001 0.0000 0.0000 0.0000 0.0000 -0.0013 -0.0008 0.0000 -0.0004 0.0001 0.0000 0.0000 0.0000 0.0000 0.0000 0.0000 0.0000 0.0002 0.0000 0.0000 -0.0006 0.0003 0.0000 0.0004 -0.0006 0.0000 0.0000 0.0001 0.0000 0.0000 0.0000 0.0000 -0.0010 -0.0002 0.0000 0.0003 30.0001 -0.0001 0.0005 -29.9998 0.0000 0.0000 0.0000 -0.3969 -6.9202 8.1582 -0.3969 -6.9202 8.1582 35.9098 76.2817 148.3837 -58.6142 60.6348 -36.5843 -28.8486 25.8100 -92.5306 0.6715 -0.6676 3.0179 0.0000 -0.0001 0.0001 0.0000 0.0000 0.0000 0.0000 -0.0006 0.0003 0.0000 -0.0001 0.0001 0.0000 0.0000 0.0000 0.0000 0.0000 0.0000 0.0000 0.0007 0.0001 0.0000 -0.0012 0.0001 0.0000 -0.0008 0.0003 0.0000 0.0001 0.0000 0.0000 0.0000 0.0000 0.0000 -0.0009 0.0000 0.0000 0.0002 -29.9996 -0.0001 -0.0003 29.9996 0.0000 0.0000 0.0000 8.5635 -5.4179 179.8163 -0.1886 -21.0834 0.1177 -101.0103 85.5721 -99.8585 0.0000 26.7381 0.0000 -3.6645 -38.7673 -174.2272 0.4774 -38.4891 -0.2489 13.3810 74.3037 6.2770 0.0000 25.8978 -0.0001 
-6.4740 86.3638 -7.6889 -8.9975 10.9034 -3.0940 -5.1817 6.3512 -1.8437 -5.2101 6.3848 -1.8551 -5.1977 6.3702 -1.8501 17.6048 70.8709 -79.5235 58.7846 53.6767 15.6846 37.8226 24.1875 94.4749 -1.3307 0.9576 -1.1757 0.0000 0.0000 0.0001 0.0000 0.0000 0.0000 0.0000 -0.0013 -0.0008 0.0000 -0.0004 0.0001 0.0000 0.0000 0.0000 0.0000 0.0000 0.0000 0.0000 0.0002 -0.0001 0.0000 -0.0006 0.0003 0.0000 0.0004 -0.0006 0.0000 0.0000 0.0001 0.0000 0.0000 0.0000 0.0000 -0.0010 -0.0002 0.0000 0.0002 30.0001 -0.0001 0.0005 -29.9998 0.0000 0.0000 0.0000 -0.3385 -6.8478 8.0090 -0.3385 -6.8477 8.0089 34.2196 76.2635 146.7847 -59.0125 60.6073 -36.9200 -28.7600 25.7929 -92.3959 0.6855 -0.6560 3.0321 0.0000 -0.0001 0.0001 0.0000 0.0000 0.0000 0.0000 -0.0006 0.0003 0.0000 -0.0001 0.0001 0.0000 0.0000 0.0000 0.0000 0.0000 0.0000 0.0000 0.0007 0.0001 0.0000 -0.0012 0.0001 0.0000 -0.0008 0.0003 0.0000 0.0001 0.0000 0.0000 0.0000 0.0000 0.0000 -0.0008 0.0000 0.0000 0.0002 -29.9997 -0.0001 -0.0003 29.9996 0.0000 0.0000 0.0000 8.9281 -5.1790 179.8007 -0.1825 -21.4783 0.1173 -102.6272 85.7329 -101.5138 0.0000 26.8151 0.0000 -3.2142 -38.7134 -174.5007 0.4476 -38.9653 -0.2406 14.0690 74.3251 6.8656 0.0000 25.9929 -0.0001 
-6.2624 86.2505 -7.7464 -9.0136 10.4414 -3.0213 -5.1626 6.3154 -1.8341 -5.1906 6.3485 -1.8454 -5.1785 6.3343 -1.8406 17.6972 71.0667 -79.6311 58.7681 53.7768 15.9239 37.6101 24.1298 94.3966 -1.3280 0.9484 -1.1940 0.0000 0.0000 0.0001 0.0000 0.0000 0.0000 0.0000 -0.0013 -0.0008 0.0000 -0.0004 0.0001 0.0000 0.0000 0.0000 0.0000 0.0000 0.0000 0.0000 0.0002 -0.0001 0.0000 -0.0006 0.0003 0.0000 0.0004 -0.0006 0.0000 0.0000 0.0001 0.0000 0.0000 0.0000 0.0000 -0.0010 -0.0002 0.0000 0.0003 30.0001 -0.0001 0.0005 -29.9998 0.0000 0.0000 0.0000 -0.3783 -6.7935 7.8481 -0.3783 -6.7935 7.8481 31.7114 76.1267 144.3014 -59.8741 60.4582 -37.3576 -28.5203 25.7012 -92.3857 0.7029 -0.6391 3.0489 0.0000 -0.0001 0.0001 0.0000 0.0000 0.0000 0.0000 -0.0006 0.0003 0.0000 -0.0001 0.0001 0.0000 0.0000 0.0000 0.0000 0.0000 0.0000 0.0000 0.0007 0.0001 0.0000 -0.0011 0.0001 0.0000 -0.0008 0.0003 0.0000 0.0001 0.0000 0.0000 0.0000 0.0000 0.0000 -0.0009 0.0000 0.0000 0.0002 -29.9997 -0.0001 -0.0003 29.9996 0.0000 0.0000 0.0000 9.1633 -4.9465 179.7909 -0.1698 -21.8990 0.1155 -104.2705 85.8883 -103.2932 0.0000 26.9045 0.0000 -2.8649 -38.5966 -174.8394 0.4127 -39.4256 -0.2302 14.9857 74.3696 7.6295 0.0000 26.0721 -0.0001 
-6.0934 86.1659 -7.7926 -8.8556 10.0033 -2.8990 -5.1079 6.2707 -1.8059 -5.1352 6.3030 -1.8168 -5.1237 6.2894 -1.8122 17.8940 71.2874 -79.6717 58.6664 53.9306 16.2474 37.3512 24.0626 94.2618 -1.3304 0.9411 -1.2236 0.0000 0.0000 0.0001 0.0000 0.0000 0.0000 0.0000 -0.0013 -0.0008 0.0000 -0.0004 0.0001 0.0000 0.0000 0.0000 0.0000 0.0000 0.0000 0.0000 0.0002 0.0000 0.0000 -0.0006 0.0003 0.0000 0.0004 -0.0006 0.0000 0.0000 0.0001 0.0000 0.0000 0.0000 0.0000 -0.0010 -0.0002 0.0000 0.0002 30.0001 -0.0001 0.0005 -29.9998 0.0000 0.0000 0.0000 -0.4837 -6.7418 7.6836 -0.4837 -6.7418 7.6836 28.9638 75.9027 141.5255 -60.9120 60.1515 -37.8089 -28.2451 25.6624 -92.3877 0.7240 -0.6167 3.0562 0.0000 -0.0001 0.0001 0.0000 0.0000 0.0000 0.0000 -0.0006 0.0003 0.0000 -0.0001 0.0001 0.0000 0.0000 0.0000 0.0000 0.0000 0.0000 0.0000 0.0007 0.0001 0.0000 -0.0011 0.0001 0.0000 -0.0008 0.0003 0.0000 0.0001 0.0000 0.0000 0.0000 0.0000 0.0000 -0.0009 0.0000 0.0000 0.0002 -29.9997 -0.0001 -0.0003 29.9996 0.0000 0.0000 0.0000 9.2705 -4.7317 179.7729 -0.1554 -22.2883 0.1133 -105.4819 86.0251 -104.7034 0.0000 26.9876 0.0000 -2.5872 -38.4429 -175.2032 0.3978 -39.8368 -0.2265 15.9410 74.4187 8.3834 0.0000 26.1126 -0.0001 
-5.9581 86.1076 -7.8304 -8.5602 9.5949 -2.7387 -5.0206 6.2185 -1.7617 -5.0467 6.2498 -1.7721 -5.0361 6.2371 -1.7679 18.1696 71.5158 -79.6597 58.4945 54.1466 16.6464 37.0670 23.9825 94.0739 -1.3365 0.9345 -1.2636 0.0000 0.0000 0.0001 0.0000 0.0000 0.0000 0.0000 -0.0013 -0.0008 0.0000 -0.0004 0.0001 0.0000 0.0000 0.0000 0.0000 0.0000 0.0000 0.0000 0.0002 0.0000 0.0000 -0.0006 0.0003 0.0000 0.0004 -0.0006 0.0000 0.0000 0.0001 0.0000 0.0000 0.0000 0.0000 -0.0010 -0.0002 0.0000 0.0002 30.0001 -0.0001 0.0005 -29.9998 0.0000 0.0000 0.0000 -0.6454 -6.6941 7.5251 -0.6454 -6.6941 7.5251 26.3238 75.6060 138.7886 -61.8369 59.7273 -38.1374 -27.9889 25.6924 -92.3780 0.7515 -0.5889 3.0591 0.0000 -0.0001 0.0001 0.0000 0.0000 0.0000 0.0000 -0.0006 0.0003 0.0000 -0.0001 0.0001 0.0000 0.0000 0.0000 0.0000 0.0000 0.0000 0.0000 0.0007 0.0001 0.0000 -0.0012 0.0001 0.0000 -0.0008 0.0003 0.0000 0.0001 0.0000 0.0000 0.0000 0.0000 0.0000 -0.0008 0.0000 0.0000 0.0002 -29.9996 -0.0001 -0.0003 29.9996 0.0000 0.0000 0.0000 9.2699 -4.5192 179.7453 -0.1403 -22.6152 0.1107 -106.2981 86.1412 -105.7682 0.0000 27.0508 0.0000 -2.3802 -38.2598 -175.5805 0.3960 -40.1914 -0.2272 16.8960 74.4669 9.1032 0.0000 26.1235 -0.0001 
-5.8391 86.0799 -7.8565 -8.0948 9.2409 -2.5467 -4.8855 6.1531 -1.6891 -4.9100 6.1830 -1.6987 -4.9005 6.1715 -1.6950 18.5517 71.7253 -79.6226 58.3442 54.4274 17.2530 36.7549 23.8959 93.7968 -1.3445 0.9259 -1.3172 0.0000 0.0000 0.0001 0.0000 0.0000 0.0000 0.0000 -0.0013 -0.0008 0.0000 -0.0004 0.0001 0.0000 0.0000 0.0000 0.0000 0.0000 0.0000 0.0000 0.0002 0.0000 0.0000 -0.0006 0.0003 0.0000 0.0004 -0.0006 0.0000 0.0000 0.0001 0.0000 0.0000 0.0000 0.0000 -0.0010 -0.0002 0.0000 0.0002 30.0001 -0.0001 0.0005 -29.9998 0.0000 0.0000 0.0000 -0.8827 -6.6429 7.3804 -0.8827 -6.6429 7.3804 23.9053 75.2024 136.1894 -62.4106 59.1460 -38.1459 -27.8062 25.7912 -92.3756 0.7912 -0.5512 3.0620 0.0000 -0.0001 0.0001 0.0000 0.0000 0.0000 0.0000 -0.0006 0.0003 0.0000 -0.0001 0.0001 0.0000 0.0000 0.0000 0.0000 0.0000 0.0000 0.0000 0.0007 0.0001 0.0000 -0.0012 0.0001 0.0000 -0.0008 0.0003 0.0000 0.0001 0.0000 0.0000 0.0000 0.0000 0.0000 -0.0008 0.0000 0.0000 0.0002 -29.9996 -0.0001 -0.0003 29.9996 0.0000 0.0000 0.0000 9.1319 -4.2992 179.7154 -0.1232 -22.8180 0.1075 -106.5973 86.2285 -106.3788 0.0000 27.0686 0.0000 -2.3132 -38.0437 -175.9608 0.3920 -40.4515 -0.2268 17.8135 74.5064 9.7688 0.0000 26.1421 -0.0001 
-5.7199 86.0721 -7.8859 -7.5200 8.9410 -2.3615 -4.7050 6.0677 -1.5894 -4.7274 6.0958 -1.5980 -4.7195 6.0858 -1.5950 19.0167 71.9367 -79.5372 58.2809 54.7506 18.0752 36.4214 23.8225 93.4399 -1.3503 0.9141 -1.3766 0.0000 0.0000 0.0001 0.0000 0.0000 0.0000 0.0000 -0.0013 -0.0008 0.0000 -0.0004 0.0001 0.0000 0.0000 0.0000 0.0000 0.0000 0.0000 0.0000 0.0002 0.0000 0.0000 -0.0006 0.0003 0.0000 0.0004 -0.0006 0.0000 0.0000 0.0001 0.0000 0.0000 0.0000 0.0000 -0.0010 -0.0002 0.0000 0.0002 30.0001 -0.0001 0.0005 -29.9998 0.0000 0.0000 0.0000 -1.1874 -6.5656 7.2518 -1.1874 -6.5656 7.2518 21.7348 74.7189 133.7770 -62.7220 58.4678 -37.9021 -27.7231 25.9749 -92.3325 0.8371 -0.5066 3.0563 0.0000 -0.0001 0.0001 0.0000 0.0000 0.0000 0.0000 -0.0006 0.0003 0.0000 -0.0001 0.0001 0.0000 0.0000 0.0000 0.0000 0.0000 0.0000 0.0000 0.0007 0.0001 0.0000 -0.0011 0.0001 0.0000 -0.0008 0.0003 0.0000 0.0001 0.0000 0.0000 0.0000 0.0000 0.0000 -0.0009 0.0000 0.0000 0.0002 -29.9996 -0.0001 -0.0002 29.9996 0.0000 0.0000 0.0000 8.8702 -4.0742 179.6929 -0.1107 -22.9161 0.1051 -106.7351 86.2933 -106.8368 0.0000 27.0459 0.0000 -2.3747 -37.8194 -176.3119 0.3799 -40.6270 -0.2230 18.6788 74.5258 10.3811 0.0000 26.1581 -0.0001 
-5.6155 86.0800 -7.9315 -6.8578 8.6861 -2.1935 -4.4800 5.9618 -1.4665 -4.5001 5.9877 -1.4740 -4.4938 5.9796 -1.4716 19.5210 72.1660 -79.3917 58.2799 55.1070 19.0569 36.0748 23.7616 93.0229 -1.3537 0.9002 -1.4381 0.0000 0.0000 0.0001 0.0000 0.0000 0.0000 0.0000 -0.0013 -0.0008 0.0000 -0.0004 0.0001 0.0000 0.0000 0.0000 0.0000 0.0000 0.0000 0.0000 0.0002 0.0000 0.0000 -0.0006 0.0003 0.0000 0.0004 -0.0006 0.0000 0.0000 0.0001 0.0000 0.0000 0.0000 0.0000 -0.0010 -0.0002 0.0000 0.0002 30.0001 -0.0001 0.0005 -29.9998 0.0000 0.0000 0.0000 -1.5606 -6.4590 7.1341 -1.5606 -6.4590 7.1341 19.8082 74.1987 131.5458 -62.8609 57.7391 -37.4966 -27.7341 26.2563 -92.2414 0.8857 -0.4580 3.0397 0.0000 -0.0001 0.0001 0.0000 0.0000 0.0000 0.0000 -0.0006 0.0003 0.0000 -0.0001 0.0001 0.0000 0.0000 0.0000 0.0000 0.0000 0.0000 0.0000 0.0007 0.0001 0.0000 -0.0012 0.0001 0.0000 -0.0008 0.0003 0.0000 0.0001 0.0000 0.0000 0.0000 0.0000 0.0000 -0.0009 0.0000 0.0000 0.0002 -29.9996 -0.0001 -0.0003 29.9996 0.0000 0.0000 0.0000 8.5026 -3.8628 179.6852 -0.1031 -22.9379 0.1036 -106.7696 86.3383 -107.1878 0.0000 26.9820 0.0000 -2.5538 -37.5907 -176.6130 0.3695 -40.7189 -0.2195 19.4074 74.5221 10.8566 0.0000 26.1709 -0.0001 
-5.5612 86.1088 -8.0001 -6.0776 8.4732 -2.0484 -4.2029 5.8391 -1.3216 -4.2203 5.8627 -1.3279 -4.2158 5.8566 -1.3263 20.0890 72.4108 -79.1633 58.4596 55.4981 20.2555 35.6773 23.6440 92.5472 -1.3518 0.8838 -1.4972 0.0000 0.0000 0.0001 0.0000 0.0000 0.0000 0.0000 -0.0013 -0.0008 0.0000 -0.0004 0.0001 0.0000 0.0000 0.0000 0.0000 0.0000 0.0000 0.0000 0.0002 0.0000 0.0000 -0.0006 0.0003 0.0000 0.0004 -0.0006 0.0000 0.0000 0.0001 0.0000 0.0000 0.0000 0.0000 -0.0010 -0.0002 0.0000 0.0002 30.0001 -0.0001 0.0005 -29.9998 0.0000 0.0000 0.0000 -2.0205 -6.3164 7.0342 -2.0205 -6.3164 7.0342 18.1018 73.6576 129.4112 -62.8230 56.9870 -36.9463 -27.8087 26.6181 -92.0958 0.9385 -0.4037 3.0153 0.0000 -0.0001 0.0001 0.0000 0.0000 0.0000 0.0000 -0.0006 0.0003 0.0000 -0.0001 0.0001 0.0000 0.0000 0.0000 0.0000 0.0000 0.0000 0.0000 0.0007 0.0001 0.0000 -0.0012 0.0001 0.0000 -0.0008 0.0003 0.0000 0.0001 0.0000 0.0000 0.0000 0.0000 0.0000 -0.0008 0.0000 0.0000 0.0002 -29.9997 -0.0001 -0.0003 29.9996 0.0000 0.0000 0.0000 7.9898 -3.6671 179.7057 -0.0991 -22.8602 0.1027 -106.5579 86.3500 -107.2820 0.0000 26.8542 0.0000 -2.8818 -37.3263 -176.8264 0.3752 -40.6769 -0.2214 19.8635 74.4911 11.0459 0.0000 26.2183 -0.0001 
-5.5648 86.1604 -8.0740 -5.2050 8.2843 -1.9158 -3.8925 5.6994 -1.1750 -3.9074 5.7206 -1.1801 -3.9045 5.7165 -1.1791 20.7238 72.7241 -78.8532 58.6448 55.8507 21.5482 35.2504 23.4565 92.0522 -1.3505 0.8717 -1.5533 0.0000 0.0000 0.0001 0.0000 0.0000 0.0000 0.0000 -0.0013 -0.0008 0.0000 -0.0004 0.0001 0.0000 0.0000 0.0000 0.0000 0.0000 0.0000 0.0000 0.0003 0.0000 0.0000 -0.0006 0.0003 0.0000 0.0004 -0.0006 0.0000 0.0000 0.0001 0.0000 0.0000 0.0000 0.0000 -0.0010 -0.0002 0.0000 0.0003 30.0001 -0.0001 0.0005 -29.9998 0.0000 0.0000 0.0000 -2.5518 -6.1389 6.9558 -2.5518 -6.1389 6.9558 16.5413 73.1337 127.3202 -62.7804 56.2579 -36.3825 -27.9583 26.9550 -91.9169 0.9895 -0.3432 2.9800 0.0000 -0.0001 0.0001 0.0000 0.0000 0.0000 0.0000 -0.0006 0.0003 0.0000 -0.0001 0.0001 0.0000 0.0000 0.0000 0.0000 0.0000 0.0000 0.0000 0.0007 0.0001 0.0000 -0.0012 0.0001 0.0000 -0.0008 0.0003 0.0000 0.0001 0.0000 0.0000 0.0000 0.0000 0.0000 -0.0009 0.0000 0.0000 0.0002 -29.9996 -0.0001 -0.0003 29.9996 0.0000 0.0000 0.0000 7.3608 -3.4743 179.7533 -0.0921 -22.7008 0.1012 -105.8663 86.3274 -106.8819 0.0000 26.6883 0.0000 -3.3098 -37.0141 -176.9707 0.4007 -40.5285 -0.2303 20.1031 74.4558 10.9948 0.0000 26.2648 -0.0001 
-5.6155 86.2340 -8.1377 -4.2508 8.1134 -1.7872 -3.5555 5.5447 -1.0321 -3.5678 5.5634 -1.0362 -3.5664 5.5613 -1.0358 21.3479 73.1183 -78.5255 58.7618 56.1580 22.8688 34.7910 23.1857 91.5438 -1.3512 0.8651 -1.6077 0.0000 0.0000 0.0001 0.0000 0.0000 0.0000 0.0000 -0.0013 -0.0008 0.0000 -0.0004 0.0001 0.0000 0.0000 0.0000 0.0000 0.0000 0.0000 0.0000 0.0002 0.0000 0.0000 -0.0006 0.0003 0.0000 0.0004 -0.0006 0.0000 0.0000 0.0001 0.0000 0.0000 0.0000 0.0000 -0.0010 -0.0002 0.0000 0.0002 30.0001 -0.0001 0.0005 -29.9998 0.0000 0.0000 0.0000 -3.1515 -5.9323 6.8967 -3.1515 -5.9323 6.8967 15.0924 72.6368 125.2656 -62.7740 55.5682 -35.8287 -28.2004 27.2574 -91.7101 1.0354 -0.2783 2.9316 0.0000 -0.0001 0.0001 0.0000 0.0000 0.0000 0.0000 -0.0006 0.0003 0.0000 -0.0001 0.0001 0.0000 0.0000 0.0000 0.0000 0.0000 0.0000 0.0000 0.0007 0.0001 0.0000 -0.0012 0.0001 0.0000 -0.0008 0.0003 0.0000 0.0001 0.0000 0.0000 0.0000 0.0000 0.0000 -0.0008 0.0000 0.0000 0.0002 -29.9996 -0.0001 -0.0003 29.9996 0.0000 0.0000 0.0000 6.6245 -3.2612 179.8156 -0.0825 -22.4665 0.0991 -104.8370 86.2737 -106.1206 0.0000 26.5013 0.0000 -3.8245 -36.6502 -177.0672 0.4397 -40.2933 -0.2436 20.1888 74.4284 10.7726 0.0000 26.3026 -0.0001 
-5.7070 86.3376 -8.2071 -3.1768 7.9600 -1.6420 -3.1819 5.3745 -0.9049 -3.1917 5.3908 -0.9081 -3.1916 5.3907 -0.9081 21.8177 73.6013 -78.1983 58.5700 56.4430 24.0191 34.3117 22.8235 91.0063 -1.3597 0.8707 -1.6627 0.0000 0.0000 0.0001 0.0000 0.0000 0.0000 0.0000 -0.0013 -0.0008 0.0000 -0.0004 0.0001 0.0000 0.0000 0.0000 0.0000 0.0000 0.0000 0.0000 0.0002 0.0000 0.0000 -0.0006 0.0003 0.0000 0.0004 -0.0006 0.0000 0.0000 0.0001 0.0000 0.0000 0.0000 0.0000 -0.0010 -0.0002 0.0000 0.0002 30.0001 -0.0001 0.0005 -29.9998 0.0000 0.0000 0.0000 -3.8493 -5.6860 6.8829 -3.8493 -5.6860 6.8829 13.7756 72.2686 123.4578 -62.8898 54.8031 -35.4738 -28.4293 27.5999 -91.4504 1.0742 -0.2138 2.8685 0.0000 -0.0001 0.0001 0.0000 0.0000 0.0000 0.0000 -0.0006 0.0003 0.0000 -0.0001 0.0001 0.0000 0.0000 0.0000 0.0000 0.0000 0.0000 0.0000 0.0007 0.0001 0.0000 -0.0012 0.0001 0.0000 -0.0008 0.0003 0.0000 0.0001 0.0000 0.0000 0.0000 0.0000 0.0000 -0.0009 0.0000 0.0000 0.0002 -29.9996 -0.0001 -0.0003 29.9996 0.0000 0.0000 0.0000 5.7784 -3.0120 179.8683 -0.0751 -22.1447 0.0974 -103.4518 86.2052 -105.0001 0.0000 26.2998 0.0000 -4.4390 -36.2369 -177.1439 0.4868 -39.9608 -0.2592 20.1415 74.4008 10.3908 0.0000 26.2830 -0.0001 
-5.8056 86.4493 -8.3104 -2.0043 7.8026 -1.4662 -2.7907 5.2076 -0.7970 -2.7984 5.2218 -0.7995 -2.7992 5.2233 -0.7998 22.2066 74.0660 -77.9546 58.2495 56.6093 25.1578 33.8668 22.4585 90.4718 -1.3780 0.8865 -1.7224 0.0000 0.0000 0.0001 0.0000 0.0000 0.0000 0.0000 -0.0013 -0.0008 0.0000 -0.0004 0.0001 0.0000 0.0000 0.0000 0.0000 0.0000 0.0000 0.0000 0.0002 0.0000 0.0000 -0.0006 0.0003 0.0000 0.0004 -0.0006 0.0000 0.0000 0.0001 0.0000 0.0000 0.0000 0.0000 -0.0010 -0.0002 0.0000 0.0002 30.0001 -0.0001 0.0005 -29.9998 0.0000 0.0000 0.0000 -4.6121 -5.4206 6.9125 -4.6121 -5.4206 6.9125 12.5283 71.9533 121.6343 -63.0036 54.1578 -35.1337 -28.5533 27.9837 -91.1595 1.1101 -0.1535 2.8073 0.0000 -0.0001 0.0001 0.0000 0.0000 0.0000 0.0000 -0.0006 0.0003 0.0000 -0.0001 0.0001 0.0000 0.0000 0.0000 0.0000 0.0000 0.0000 0.0000 0.0007 0.0001 0.0000 -0.0012 0.0001 0.0000 -0.0008 0.0003 0.0000 0.0001 0.0000 0.0000 0.0000 0.0000 0.0000 -0.0009 0.0000 0.0000 0.0002 -29.9996 -0.0001 -0.0003 29.9996 0.0000 0.0000 0.0000 4.8851 -2.7603 179.8974 -0.0699 -21.8054 0.0962 -101.7028 86.1498 -103.5421 0.0000 26.1055 0.0000 -5.0969 -35.8125 -177.2533 0.5334 -39.5823 -0.2742 20.0959 74.3437 9.9835 0.0000 26.2739 -0.0001 
-5.8996 86.5634 -8.4514 -0.7565 7.6425 -1.2763 -2.3688 5.0405 -0.6977 -2.3746 5.0526 -0.6996 -2.3761 5.0557 -0.7001 22.3569 74.5302 -77.8935 57.8057 56.6699 26.2735 33.4605 22.1144 89.9532 -1.4034 0.9090 -1.7867 0.0000 0.0000 0.0001 0.0000 0.0000 0.0000 0.0000 -0.0013 -0.0008 0.0000 -0.0004 0.0001 0.0000 0.0000 0.0000 0.0000 0.0000 0.0000 0.0000 0.0002 0.0000 0.0000 -0.0006 0.0003 0.0000 0.0004 -0.0006 0.0000 0.0000 0.0001 0.0000 0.0000 0.0000 0.0000 -0.0010 -0.0002 0.0000 0.0002 30.0001 -0.0001 0.0005 -29.9998 0.0000 0.0000 0.0000 -5.4539 -5.1345 6.9786 -5.4539 -5.1345 6.9786 11.2567 71.7105 119.8390 -63.2127 53.5872 -34.8998 -28.5559 28.3730 -90.8815 1.1422 -0.0990 2.7507 0.0000 -0.0001 0.0001 0.0000 0.0000 0.0000 0.0000 -0.0006 0.0003 0.0000 -0.0001 0.0001 0.0000 0.0000 0.0000 0.0000 0.0000 0.0000 0.0000 0.0007 0.0001 0.0000 -0.0012 0.0001 0.0000 -0.0008 0.0003 0.0000 0.0001 0.0000 0.0000 0.0000 0.0000 0.0000 -0.0009 0.0000 0.0000 0.0002 -29.9996 -0.0001 -0.0002 29.9996 0.0000 0.0000 0.0000 3.9589 -2.5469 179.9173 -0.0655 -21.4930 0.0951 -99.5420 86.1119 -101.6841 0.0000 25.9316 0.0000 -5.7834 -35.4008 -177.3885 0.5768 -39.1866 -0.2875 20.1185 74.2505 9.6222 0.0000 26.2613 -0.0001 
-5.9828 86.6810 -8.6268 0.5376 7.4888 -1.0916 -1.8967 4.8682 -0.6022 -1.9008 4.8786 -0.6037 -1.9025 4.8829 -0.6043 22.0639 74.9877 -78.2114 57.3591 56.4498 27.4089 33.0295 21.8837 89.5225 -1.4392 0.9390 -1.8529 0.0000 0.0000 0.0001 0.0000 0.0000 0.0000 0.0000 -0.0013 -0.0008 0.0000 -0.0004 0.0001 0.0000 0.0000 0.0000 0.0000 0.0000 0.0000 0.0000 0.0002 0.0000 0.0000 -0.0006 0.0003 0.0000 0.0004 -0.0006 0.0000 0.0000 0.0001 0.0000 0.0000 0.0000 0.0000 -0.0010 -0.0002 0.0000 0.0002 30.0001 -0.0001 0.0005 -29.9998 0.0000 0.0000 0.0000 -6.3993 -4.8135 7.0944 -6.3993 -4.8135 7.0944 9.8743 71.5554 118.0852 -63.4959 53.1068 -34.7467 -28.5582 28.6450 -90.6415 1.1671 -0.0472 2.6948 0.0000 -0.0001 0.0001 0.0000 0.0000 0.0000 0.0000 -0.0006 0.0003 0.0000 -0.0001 0.0001 0.0000 0.0000 0.0000 0.0000 0.0000 0.0000 0.0000 0.0007 0.0001 0.0000 -0.0012 0.0001 0.0000 -0.0008 0.0003 0.0000 0.0001 0.0000 0.0000 0.0000 0.0000 0.0000 -0.0008 0.0000 0.0000 0.0002 -29.9996 -0.0001 -0.0003 29.9996 0.0000 0.0000 0.0000 3.0425 -2.4245 179.9577 -0.0532 -21.2833 0.0927 -97.1426 86.0900 -99.5847 0.0000 25.8020 0.0000 -6.4706 -35.0260 -177.5412 0.6169 -38.8006 -0.2994 20.3142 74.1094 9.4140 0.0000 26.2117 -0.0001 
-6.0591 86.7997 -8.8014 1.8306 7.3303 -0.9283 -1.3937 4.6956 -0.5017 -1.3963 4.7044 -0.5027 -1.3979 4.7098 -0.5034 21.4945 75.3843 -78.7688 56.9158 56.2028 28.5036 32.7298 21.7448 89.0877 -1.4706 0.9642 -1.9148 0.0000 0.0000 0.0001 0.0000 0.0000 0.0000 0.0000 -0.0013 -0.0008 0.0000 -0.0004 0.0001 0.0000 0.0000 0.0000 0.0000 0.0000 0.0000 0.0000 0.0002 0.0000 0.0000 -0.0006 0.0003 0.0000 0.0004 -0.0006 0.0000 0.0000 0.0001 0.0000 0.0000 0.0000 0.0000 -0.0010 -0.0002 0.0000 0.0002 30.0001 -0.0001 0.0005 -29.9998 0.0000 0.0000 0.0000 -7.4024 -4.4696 7.2434 -7.4024 -4.4696 7.2434 8.5602 71.4867 116.5190 -63.5290 52.6817 -34.4738 -28.5777 28.9780 -90.4021 1.1926 0.0005 2.6447 0.0000 -0.0001 0.0001 0.0000 0.0000 0.0000 0.0000 -0.0006 0.0003 0.0000 -0.0001 0.0001 0.0000 0.0000 0.0000 0.0000 0.0000 0.0000 0.0000 0.0007 0.0001 0.0000 -0.0012 0.0001 0.0000 -0.0008 0.0003 0.0000 0.0001 0.0000 0.0000 0.0000 0.0000 0.0000 -0.0009 0.0000 0.0000 0.0002 -29.9997 -0.0001 -0.0003 29.9996 0.0000 0.0000 0.0000 2.1828 -2.3715 -179.9767 -0.0360 -21.1624 0.0895 -94.5433 86.0928 -97.2850 0.0000 25.7105 0.0000 -7.1363 -34.6527 -177.6956 0.6562 -38.4165 -0.3107 20.6995 73.9236 9.3932 0.0000 26.1999 -0.0001 
-6.1224 86.9207 -8.9807 3.1018 7.1602 -0.7844 -0.8742 4.5261 -0.3975 -0.8757 4.5335 -0.3982 -0.8769 4.5397 -0.3988 20.7272 75.7531 -79.5032 56.5253 55.9342 29.5920 32.5213 21.7070 88.6765 -1.4966 0.9824 -1.9722 0.0000 0.0000 0.0001 0.0000 0.0000 0.0000 0.0000 -0.0013 -0.0008 0.0000 -0.0004 0.0001 0.0000 0.0000 0.0000 0.0000 0.0000 0.0000 0.0000 0.0002 -0.0001 0.0000 -0.0006 0.0003 0.0000 0.0004 -0.0006 0.0000 0.0000 0.0001 0.0000 0.0000 0.0000 0.0000 -0.0010 -0.0002 0.0000 0.0002 30.0001 -0.0001 0.0005 -29.9998 0.0000 0.0000 0.0000 -8.4492 -4.1181 7.4021 -8.4493 -4.1181 7.4021 7.2988 71.4510 114.9601 -63.3218 52.4244 -34.0020 -28.7125 29.2672 -90.1510 1.2153 0.0483 2.5941 0.0000 -0.0001 0.0001 0.0000 0.0000 0.0000 0.0000 -0.0006 0.0003 0.0000 -0.0001 0.0001 0.0000 0.0000 0.0000 0.0000 0.0000 0.0000 0.0000 0.0007 0.0001 0.0000 -0.0012 0.0001 0.0000 -0.0008 0.0003 0.0000 0.0001 0.0000 0.0000 0.0000 0.0000 0.0000 -0.0008 0.0000 0.0000 0.0002 -29.9996 -0.0001 -0.0003 29.9996 0.0000 0.0000 0.0000 1.3693 -2.3527 -179.9029 -0.0195 -21.1063 0.0864 -91.8782 86.1238 -94.8997 0.0000 25.6504 0.0000 -7.7629 -34.2862 -177.8600 0.6923 -38.0462 -0.3208 21.2821 73.6879 9.5755 0.0000 26.1981 -0.0001 
-6.1447 87.0322 -9.1689 4.3168 6.9654 -0.6695 -0.3685 4.3747 -0.2930 -0.3691 4.3813 -0.2935 -0.3697 4.3879 -0.2940 19.7658 76.1159 -80.4631 56.2542 55.6988 30.6463 32.3615 21.7108 88.3189 -1.5121 0.9884 -2.0237 0.0000 0.0000 0.0001 0.0000 0.0000 0.0000 0.0000 -0.0013 -0.0008 0.0000 -0.0004 0.0001 0.0000 0.0000 0.0000 0.0000 0.0000 0.0000 0.0000 0.0002 0.0000 0.0000 -0.0006 0.0003 0.0000 0.0004 -0.0006 0.0000 0.0000 0.0001 0.0000 0.0000 0.0000 0.0000 -0.0010 -0.0002 0.0000 0.0002 30.0001 -0.0001 0.0005 -29.9998 0.0000 0.0000 0.0000 -9.4838 -3.7715 7.5790 -9.4838 -3.7715 7.5790 6.1402 71.4980 113.5288 -62.8656 52.2781 -33.4505 -28.8730 29.5700 -89.8501 1.2377 0.0941 2.5492 0.0000 -0.0001 0.0001 0.0000 0.0000 0.0000 0.0000 -0.0006 0.0003 0.0000 -0.0001 0.0001 0.0000 0.0000 0.0000 0.0000 0.0000 0.0000 0.0000 0.0007 0.0001 0.0000 -0.0011 0.0001 0.0000 -0.0008 0.0003 0.0000 0.0001 0.0000 0.0000 0.0000 0.0000 0.0000 -0.0009 0.0000 0.0000 0.0002 -29.9996 -0.0001 -0.0003 29.9996 0.0000 0.0000 0.0000 0.6010 -2.3463 -179.8243 -0.0048 -21.1040 0.0837 -89.0189 86.2015 -92.2585 0.0000 25.6264 0.0000 -8.3390 -33.9333 -178.0484 0.7177 -37.7109 -0.3272 22.1555 73.3692 10.0968 0.0000 26.2886 -0.0001 
-6.1082 87.1371 -9.3749 5.4438 6.7544 -0.5733 0.1130 4.2328 -0.1988 0.1132 4.2387 -0.1991 0.1134 4.2456 -0.1994 18.9204 76.4921 -81.3373 56.0333 55.5701 31.6578 32.2313 21.6937 88.0013 -1.5211 0.9876 -2.0726 0.0000 0.0000 0.0001 0.0000 0.0000 0.0000 0.0000 -0.0013 -0.0008 0.0000 -0.0004 0.0001 0.0000 0.0000 0.0000 0.0000 0.0000 0.0000 0.0000 0.0002 -0.0001 0.0000 -0.0006 0.0003 0.0000 0.0004 -0.0006 0.0000 0.0000 0.0001 0.0000 0.0000 0.0000 0.0000 -0.0010 -0.0002 0.0000 0.0002 30.0001 -0.0001 0.0005 -29.9998 0.0000 0.0000 0.0000 -10.4782 -3.4331 7.7694 -10.4782 -3.4331 7.7694 5.1257 71.6010 112.2556 -62.2579 52.1893 -32.8422 -29.1719 29.7776 -89.4958 1.2530 0.1420 2.4960 0.0000 -0.0001 0.0001 0.0000 0.0000 0.0000 0.0000 -0.0006 0.0003 0.0000 -0.0001 0.0001 0.0000 0.0000 0.0000 0.0000 0.0000 0.0000 0.0000 0.0007 0.0001 0.0000 -0.0011 0.0001 0.0000 -0.0008 0.0003 0.0000 0.0001 0.0000 0.0000 0.0000 0.0000 0.0000 -0.0009 0.0000 0.0000 0.0002 -29.9996 -0.0001 -0.0003 29.9996 0.0000 0.0000 0.0000 -0.1263 -2.3302 -179.7502 0.0121 -21.1378 0.0805 -86.2043 86.3045 -89.5914 0.0000 25.6288 0.0000 -8.8674 -33.6331 -178.2774 0.7256 -37.4588 -0.3281 23.3001 72.9858 10.9700 0.0000 26.3499 -0.0001 
-6.0167 87.2306 -9.5926 6.5263 6.5208 -0.4738 0.5581 4.1008 -0.1167 0.5589 4.1063 -0.1169 0.5598 4.1132 -0.1170 18.1969 76.8784 -82.1080 55.7492 55.6488 32.5817 32.1943 21.6273 87.6437 -1.5212 0.9799 -2.1191 0.0000 0.0000 0.0001 0.0000 0.0000 0.0000 0.0000 -0.0013 -0.0008 0.0000 -0.0004 0.0001 0.0000 0.0000 0.0000 0.0000 0.0000 0.0000 0.0000 0.0002 0.0000 0.0000 -0.0006 0.0003 0.0000 0.0004 -0.0006 0.0000 0.0000 0.0001 0.0000 0.0000 0.0000 0.0000 -0.0010 -0.0002 0.0000 0.0002 30.0001 -0.0001 0.0005 -29.9998 0.0000 0.0000 0.0000 -11.4350 -3.1034 7.9669 -11.4350 -3.1034 7.9669 4.2732 71.7507 111.1466 -61.4351 52.1363 -32.1218 -29.4501 30.0204 -89.0763 1.2680 0.1894 2.4443 0.0000 -0.0001 0.0001 0.0000 0.0000 0.0000 0.0000 -0.0006 0.0003 0.0000 -0.0001 0.0001 0.0000 0.0000 0.0000 0.0000 0.0000 0.0000 0.0000 0.0007 0.0001 0.0000 -0.0012 0.0001 0.0000 -0.0008 0.0003 0.0000 0.0001 0.0000 0.0000 0.0000 0.0000 0.0000 -0.0009 0.0000 0.0000 0.0002 -29.9996 -0.0001 -0.0003 29.9996 0.0000 0.0000 0.0000 -0.8724 -2.3032 -179.6957 0.0310 -21.2072 0.0770 -83.4082 86.4215 -86.8684 0.0000 25.6499 0.0000 -9.4117 -33.3644 -178.5573 0.7158 -37.2775 -0.3235 24.6765 72.5414 12.1789 0.0000 26.4667 -0.0001 
-5.8662 87.3279 -9.8119 7.5389 6.2477 -0.3536 0.9458 3.9893 -0.0557 0.9470 3.9945 -0.0558 0.9486 4.0014 -0.0558 17.6173 77.2687 -82.7704 55.4679 55.8922 33.4437 32.1732 21.5081 87.2933 -1.5164 0.9673 -2.1671 0.0000 0.0000 0.0001 0.0000 0.0000 0.0000 0.0000 -0.0013 -0.0008 0.0000 -0.0004 0.0001 0.0000 0.0000 0.0000 0.0000 0.0000 0.0000 0.0000 0.0002 0.0000 0.0000 -0.0007 0.0003 0.0000 0.0004 -0.0006 0.0000 0.0000 0.0001 0.0000 0.0000 0.0000 0.0000 -0.0010 -0.0002 0.0000 0.0002 30.0001 -0.0001 0.0005 -29.9998 0.0000 0.0000 0.0000 -12.3260 -2.7855 8.1703 -12.3260 -2.7855 8.1703 3.4787 71.9332 110.1077 -60.6868 52.1844 -31.4931 -29.5201 30.1899 -88.5652 1.2776 0.2333 2.3973 0.0000 -0.0001 0.0001 0.0000 0.0000 0.0000 0.0000 -0.0006 0.0003 0.0000 -0.0001 0.0001 0.0000 0.0000 0.0000 0.0000 0.0000 0.0000 0.0000 0.0007 0.0001 0.0000 -0.0012 0.0001 0.0000 -0.0008 0.0003 0.0000 0.0001 0.0000 0.0000 0.0000 0.0000 0.0000 -0.0008 0.0000 0.0000 0.0002 -29.9996 -0.0001 -0.0003 29.9996 0.0000 0.0000 0.0000 -1.6531 -2.2730 -179.6859 0.0489 -21.3389 0.0736 -80.5214 86.5680 -83.9472 0.0000 25.6960 0.0000 -10.0126 -33.1184 -178.9024 0.6767 -37.1838 -0.3097 26.2388 72.0278 13.7530 0.0000 26.5459 -0.0001 
-5.7288 87.4408 -10.0042 8.4832 5.9464 -0.2113 1.2881 3.8914 -0.0210 1.2897 3.8964 -0.0209 1.2920 3.9031 -0.0209 17.2077 77.6643 -83.2873 55.1572 56.2255 34.2353 32.1647 21.3485 86.9767 -1.5119 0.9548 -2.2170 0.0000 0.0000 0.0001 0.0000 0.0000 0.0000 0.0000 -0.0013 -0.0008 0.0000 -0.0004 0.0001 0.0000 0.0000 0.0000 0.0000 0.0000 0.0000 0.0000 0.0002 0.0000 0.0000 -0.0006 0.0003 0.0000 0.0004 -0.0006 0.0000 0.0000 0.0001 0.0000 0.0000 0.0000 0.0000 -0.0010 -0.0002 0.0000 0.0002 30.0001 -0.0001 0.0005 -29.9998 0.0000 0.0000 0.0000 -13.1493 -2.4688 8.3867 -13.1493 -2.4688 8.3867 2.7275 72.1398 109.1442 -60.0815 52.3219 -30.9960 -29.3574 30.3722 -88.0490 1.2844 0.2668 2.3623 0.0000 -0.0001 0.0001 0.0000 0.0000 0.0000 0.0000 -0.0006 0.0003 0.0000 -0.0001 0.0001 0.0000 0.0000 0.0000 0.0000 0.0000 0.0000 0.0000 0.0007 0.0001 0.0000 -0.0012 0.0001 0.0000 -0.0008 0.0003 0.0000 0.0001 0.0000 0.0000 0.0000 0.0000 0.0000 -0.0009 0.0000 0.0000 0.0002 -29.9997 -0.0001 -0.0003 29.9996 0.0000 0.0000 0.0000 -2.4372 -2.2864 -179.7143 0.0688 -21.5712 0.0697 -77.6877 86.7256 -81.0190 0.0000 25.7575 0.0000 -10.6537 -32.8479 -179.2623 0.6284 -37.1058 -0.2930 27.7136 71.4948 15.3568 0.0000 26.5761 -0.0001 
-5.6395 87.5698 -10.1582 9.3516 5.6201 -0.0542 1.6017 3.8058 -0.0003 1.6038 3.8108 -0.0002 1.6065 3.8173 -0.0001 16.8468 78.0723 -83.7499 54.8233 56.6164 34.9673 32.1629 21.1553 86.7008 -1.5075 0.9422 -2.2685 0.0000 0.0000 0.0001 0.0000 0.0000 0.0000 0.0000 -0.0013 -0.0008 0.0000 -0.0004 0.0001 0.0000 0.0000 0.0000 0.0000 0.0000 0.0000 0.0000 0.0002 0.0000 0.0000 -0.0006 0.0003 0.0000 0.0004 -0.0006 0.0000 0.0000 0.0001 0.0000 0.0000 0.0000 0.0000 -0.0010 -0.0002 0.0000 0.0002 30.0001 -0.0001 0.0005 -29.9998 0.0000 0.0000 0.0000 -13.9177 -2.1565 8.6037 -13.9177 -2.1565 8.6037 1.9781 72.3625 108.2342 -59.5816 52.5096 -30.5722 -29.1506 30.4931 -87.5716 1.2869 0.2947 2.3306 0.0000 -0.0001 0.0001 0.0000 0.0000 0.0000 0.0000 -0.0006 0.0003 0.0000 -0.0001 0.0001 0.0000 0.0000 0.0000 0.0000 0.0000 0.0000 0.0000 0.0007 0.0001 0.0000 -0.0012 0.0001 0.0000 -0.0008 0.0003 0.0000 0.0001 0.0000 0.0000 0.0000 0.0000 0.0000 -0.0009 0.0000 0.0000 0.0002 -29.9997 -0.0001 -0.0003 29.9996 0.0000 0.0000 0.0000 -3.2080 -2.3788 -179.7768 0.0908 -21.9238 0.0652 -74.7059 86.8781 -77.8981 0.0000 25.8340 0.0000 -11.3195 -32.5265 -179.6023 0.5877 -37.0014 -0.2788 29.0338 70.9531 16.8829 0.0000 26.6116 -0.0001 
-5.6413 87.7396 -10.2669 10.0736 5.2649 0.1233 1.9026 3.7275 0.0084 1.9051 3.7325 0.0085 1.9083 3.7387 0.0086 16.4802 78.5324 -84.1410 54.4492 57.0469 35.6241 32.1336 20.8996 86.5019 -1.5045 0.9313 -2.3213 0.0000 0.0000 0.0001 0.0000 0.0000 0.0000 0.0000 -0.0013 -0.0008 0.0000 -0.0004 0.0001 0.0000 0.0000 0.0000 0.0000 0.0000 0.0000 0.0000 0.0003 0.0000 0.0000 -0.0007 0.0003 0.0000 0.0004 -0.0006 0.0000 0.0000 0.0001 0.0000 0.0000 0.0000 0.0000 -0.0010 -0.0002 0.0000 0.0003 30.0001 -0.0001 0.0005 -29.9998 0.0000 0.0000 0.0000 -14.6423 -1.8434 8.7895 -14.6424 -1.8434 8.7895 1.1433 72.6078 107.3646 -59.1903 52.7491 -30.1689 -28.9168 30.5562 -87.1914 1.2850 0.3152 2.3022 0.0000 -0.0001 0.0001 0.0000 0.0000 0.0000 0.0000 -0.0006 0.0003 0.0000 -0.0001 0.0001 0.0000 0.0000 0.0000 0.0000 0.0000 0.0000 0.0000 0.0007 0.0001 0.0000 -0.0011 0.0001 0.0000 -0.0008 0.0003 0.0000 0.0001 0.0000 0.0000 0.0000 0.0000 0.0000 -0.0008 0.0000 0.0000 0.0002 -29.9997 -0.0001 -0.0003 29.9996 0.0000 0.0000 0.0000 -3.8912 -2.6167 -179.8941 0.1131 -22.4890 0.0603 -71.7261 87.0298 -74.7465 0.0000 25.9382 0.0000 -11.9692 -32.1357 -179.8867 0.5769 -36.8377 -0.2743 30.0983 70.4118 18.2253 0.0000 26.5407 -0.0001 
-5.6698 87.9052 -10.3652 10.6280 4.8876 0.3105 2.1755 3.6641 0.0119 2.1786 3.6692 0.0120 2.1821 3.6751 0.0122 16.1215 78.9666 -84.5448 54.0541 57.5067 36.2887 32.1148 20.6634 86.3024 -1.5043 0.9211 -2.3802 0.0000 0.0000 0.0001 0.0000 0.0000 0.0000 0.0000 -0.0013 -0.0008 0.0000 -0.0004 0.0001 0.0000 0.0000 0.0000 0.0000 0.0000 0.0000 0.0000 0.0002 -0.0001 0.0000 -0.0006 0.0003 0.0000 0.0004 -0.0006 0.0000 0.0000 0.0001 0.0000 0.0000 0.0000 0.0000 -0.0010 -0.0002 0.0000 0.0003 30.0001 -0.0001 0.0005 -29.9998 0.0000 0.0000 0.0000 -15.2766 -1.5449 8.9384 -15.2766 -1.5449 8.9384 0.2332 72.8595 106.4129 -58.8054 53.0407 -29.7111 -28.7070 30.6115 -86.8963 1.2831 0.3326 2.2765 0.0000 -0.0001 0.0001 0.0000 0.0000 0.0000 0.0000 -0.0006 0.0003 0.0000 -0.0001 0.0001 0.0000 0.0000 0.0000 0.0000 0.0000 0.0000 0.0000 0.0007 0.0001 0.0000 -0.0012 0.0001 0.0000 -0.0008 0.0003 0.0000 0.0001 0.0000 0.0000 0.0000 0.0000 0.0000 -0.0009 0.0000 0.0000 0.0002 -29.9997 -0.0001 -0.0003 29.9996 0.0000 0.0000 0.0000 -4.4369 -2.9098 179.9352 0.1345 -23.1758 0.0553 -68.8121 87.1940 -71.6429 0.0000 26.0660 0.0000 -12.5293 -31.7308 179.8425 0.5700 -36.6447 -0.2709 30.9234 69.8777 19.3553 0.0000 26.4976 -0.0001 
-5.6798 88.0623 -10.4761 11.0133 4.4983 0.5067 2.4319 3.6116 0.0131 2.4354 3.6169 0.0132 2.4392 3.6226 0.0134 15.5479 79.3109 -85.1760 53.6463 57.9715 36.9029 32.1310 20.4712 86.0904 -1.5059 0.9110 -2.4429 0.0000 0.0000 0.0001 0.0000 0.0000 0.0000 0.0000 -0.0013 -0.0008 0.0000 -0.0004 0.0001 0.0000 0.0000 0.0000 0.0000 0.0000 0.0000 0.0000 0.0002 0.0000 0.0000 -0.0006 0.0003 0.0000 0.0004 -0.0006 0.0000 0.0000 0.0001 0.0000 0.0000 0.0000 0.0000 -0.0010 -0.0002 0.0000 0.0003 30.0001 -0.0001 0.0005 -29.9998 0.0000 0.0000 0.0000 -15.8314 -1.2606 9.0497 -15.8314 -1.2606 9.0497 -0.7846 73.1345 105.3499 -58.3864 53.3752 -29.1947 -28.5299 30.6694 -86.6661 1.2821 0.3487 2.2525 0.0000 -0.0001 0.0001 0.0000 0.0000 0.0000 0.0000 -0.0006 0.0003 0.0000 -0.0001 0.0001 0.0000 0.0000 0.0000 0.0000 0.0000 0.0000 0.0000 0.0007 0.0001 0.0000 -0.0012 0.0001 0.0000 -0.0008 0.0003 0.0000 0.0001 0.0000 0.0000 0.0000 0.0000 0.0000 -0.0008 0.0000 0.0000 0.0002 -29.9996 -0.0001 -0.0003 29.9996 0.0000 0.0000 0.0000 -4.8326 -3.1769 179.7124 0.1558 -23.9055 0.0499 -66.2141 87.3828 -68.8422 0.0000 26.2132 0.0000 -12.9815 -31.3667 179.5517 0.5538 -36.4817 -0.2647 31.5791 69.3602 20.3364 0.0000 26.3647 -0.0001 
-5.6286 88.1615 -10.6357 11.1338 4.0871 0.7064 2.6649 3.5774 0.0184 2.6690 3.5829 0.0186 2.6729 3.5882 0.0188 14.4236 79.5909 -86.3925 53.2091 58.4328 37.3953 32.1396 20.2550 85.9458 -1.5087 0.8986 -2.5143 0.0000 0.0000 0.0001 0.0000 0.0000 0.0000 0.0000 -0.0013 -0.0008 0.0000 -0.0004 0.0001 0.0000 0.0000 0.0000 0.0000 0.0000 0.0000 0.0000 0.0002 -0.0001 0.0000 -0.0006 0.0003 0.0000 0.0004 -0.0006 0.0000 0.0000 0.0001 0.0000 0.0000 0.0000 0.0000 -0.0010 -0.0002 0.0000 0.0002 30.0001 -0.0001 0.0005 -29.9998 0.0000 0.0000 0.0000 -16.2571 -1.0005 9.0922 -16.2571 -1.0005 9.0922 -1.9725 73.4347 104.1064 -57.9080 53.7355 -28.5998 -28.3783 30.7108 -86.5188 1.2853 0.3669 2.2320 0.0000 -0.0001 0.0001 0.0000 0.0000 0.0000 0.0000 -0.0006 0.0003 0.0000 -0.0001 0.0001 0.0000 0.0000 0.0000 0.0000 0.0000 0.0000 0.0000 0.0007 0.0001 0.0000 -0.0012 0.0001 0.0000 -0.0008 0.0003 0.0000 0.0001 0.0000 0.0000 0.0000 0.0000 0.0000 -0.0009 0.0000 0.0000 0.0002 -29.9996 -0.0001 -0.0003 29.9996 0.0000 0.0000 0.0000 -4.9990 -3.2947 179.4214 0.1734 -24.5823 0.0451 0.2280 90.0000 0.0000 0.0000 26.3853 0.0000 -13.2479 -31.0918 179.2151 0.5264 -36.3913 -0.2553 32.0798 68.8377 21.2002 0.0000 26.3657 -0.0001 
-5.5206 88.2269 -10.8544 11.0293 3.6601 0.8840 2.8727 3.5602 0.0350 2.8773 3.5660 0.0352 2.8813 3.5710 0.0354 12.8668 79.8200 -88.0753 52.8694 58.9093 37.8102 32.1272 19.9824 85.8809 -1.5065 0.8803 -2.5871 0.0000 0.0000 0.0001 0.0000 0.0000 0.0000 0.0000 -0.0013 -0.0008 0.0000 -0.0004 0.0001 0.0000 0.0000 0.0000 0.0000 0.0000 0.0000 0.0000 0.0002 0.0000 0.0000 -0.0006 0.0003 0.0000 0.0004 -0.0006 0.0000 0.0000 0.0001 0.0000 0.0000 0.0000 0.0000 -0.0010 -0.0002 0.0000 0.0002 30.0001 -0.0001 0.0005 -29.9998 0.0000 0.0000 0.0000 -16.5588 -0.7647 9.0659 -16.5588 -0.7647 9.0659 -3.2841 73.7037 102.7228 -57.4110 54.0975 -27.9606 -28.2276 30.7182 -86.4216 1.2931 0.3885 2.2160 0.0000 -0.0001 0.0001 0.0000 0.0000 0.0000 0.0000 -0.0006 0.0003 0.0000 -0.0001 0.0001 0.0000 0.0000 0.0000 0.0000 0.0000 0.0000 0.0000 0.0007 0.0001 0.0000 -0.0011 0.0001 0.0000 -0.0008 0.0003 0.0000 0.0001 0.0000 0.0000 0.0000 0.0000 0.0000 -0.0009 0.0000 0.0000 0.0002 -29.9996 -0.0001 -0.0002 29.9996 0.0000 0.0000 0.0000 -4.9614 -3.2623 179.0968 0.1797 -25.1189 0.0429 0.2595 90.0000 0.0000 0.0000 25.9664 0.0000 -13.3328 -30.8988 178.8585 0.5013 -36.3663 -0.2469 32.4840 68.2754 22.0108 0.0000 26.3650 -0.0001 
-5.3606 88.2729 -11.1096 10.7447 3.2274 1.0385 3.0432 3.5558 0.0500 3.0483 3.5619 0.0503 3.0524 3.5666 0.0505 11.1524 79.9729 -89.9464 52.6368 59.3895 38.1374 32.1022 19.7337 85.8400 -1.4987 0.8566 -2.6545 0.0000 0.0000 0.0001 0.0000 0.0000 0.0000 0.0000 -0.0013 -0.0008 0.0000 -0.0004 0.0001 0.0000 0.0000 0.0000 0.0000 0.0000 0.0000 0.0000 0.0002 0.0000 0.0000 -0.0006 0.0003 0.0000 0.0004 -0.0006 0.0000 0.0000 0.0001 0.0000 0.0000 0.0000 0.0000 -0.0010 -0.0002 0.0000 0.0002 30.0001 -0.0001 0.0005 -29.9998 0.0000 0.0000 0.0000 -16.7341 -0.5442 8.9905 -16.7341 -0.5442 8.9905 -4.6465 73.9166 101.2691 -56.9458 54.4782 -27.3322 -28.0915 30.6944 -86.3576 1.3029 0.4102 2.2049 0.0000 -0.0001 0.0001 0.0000 0.0000 0.0000 0.0000 -0.0006 0.0003 0.0000 -0.0001 0.0001 0.0000 0.0000 0.0000 0.0000 0.0000 0.0000 0.0000 0.0007 0.0001 0.0000 -0.0011 0.0001 0.0000 -0.0008 0.0003 0.0000 0.0001 0.0000 0.0000 0.0000 0.0000 0.0000 -0.0009 0.0000 0.0000 0.0002 -29.9996 -0.0001 -0.0003 29.9996 0.0000 0.0000 0.0000 -4.7566 -3.1596 178.7341 0.1655 -25.5483 0.0454 0.3202 90.0000 0.0000 0.0000 25.7572 0.0000 -13.2675 -30.7569 178.4869 0.4711 -36.3663 -0.2370 32.7269 67.7036 22.6958 0.0000 26.2907 -0.0001 
-5.1270 88.2877 -11.3769 10.2598 2.7733 1.1537 3.1464 3.5774 0.0521 3.1518 3.5837 0.0524 3.1558 3.5882 0.0526 9.3025 79.9492 -91.8730 52.5003 59.8602 38.1400 32.0590 19.6017 85.8008 -1.4824 0.8258 -2.7026 0.0000 0.0000 0.0001 0.0000 0.0000 0.0000 0.0000 -0.0013 -0.0008 0.0000 -0.0004 0.0001 0.0000 0.0000 0.0000 0.0000 0.0000 0.0000 0.0000 0.0002 0.0000 0.0000 -0.0006 0.0003 0.0000 0.0004 -0.0006 0.0000 0.0000 0.0001 0.0000 0.0000 0.0000 0.0000 -0.0010 -0.0002 0.0000 0.0003 30.0001 -0.0001 0.0005 -29.9998 0.0000 0.0000 0.0000 -16.7273 -0.3507 8.8695 -16.7273 -0.3507 8.8695 -5.9012 74.0647 99.9217 -56.5657 54.8684 -26.8261 -27.9236 30.6372 -86.3265 1.3149 0.4280 2.2059 0.0000 -0.0001 0.0001 0.0000 0.0000 0.0000 0.0000 -0.0006 0.0003 0.0000 -0.0001 0.0001 0.0000 0.0000 0.0000 0.0000 0.0000 0.0000 0.0000 0.0007 0.0001 0.0000 -0.0012 0.0001 0.0000 -0.0008 0.0003 0.0000 0.0001 0.0000 0.0000 0.0000 0.0000 0.0000 -0.0009 0.0000 0.0000 0.0002 -29.9996 -0.0001 -0.0003 29.9996 0.0000 0.0000 0.0000 -4.3573 -2.9885 178.3313 0.1196 -25.8783 0.0554 0.4140 90.0000 0.0000 0.0000 25.9426 0.0000 -13.0414 -30.6222 178.0993 0.4147 -36.3781 -0.2186 32.8388 67.1259 23.2874 0.0000 26.2560 -0.0001 
-4.8850 88.2874 -11.6429 9.6963 2.2984 1.2564 3.1765 3.6193 0.0367 3.1821 3.6258 0.0369 3.1861 3.6303 0.0371 7.6612 79.8792 -93.5254 52.4759 60.2609 37.9485 31.9323 19.5035 85.8607 -1.4638 0.7933 -2.7371 0.0000 0.0000 0.0001 0.0000 0.0000 0.0000 0.0000 -0.0013 -0.0008 0.0000 -0.0004 0.0001 0.0000 0.0000 0.0000 0.0000 0.0000 0.0000 0.0000 0.0002 0.0000 0.0000 -0.0006 0.0003 0.0000 0.0004 -0.0006 0.0000 0.0000 0.0001 0.0000 0.0000 0.0000 0.0000 -0.0010 -0.0002 0.0000 0.0003 30.0001 -0.0001 0.0005 -29.9998 0.0000 0.0000 0.0000 -16.5799 -0.1848 8.7220 -16.5799 -0.1848 8.7220 -6.9958 74.1708 98.7654 -56.2718 55.2787 -26.4573 -27.6956 30.5313 -86.3161 1.3275 0.4402 2.2194 0.0000 -0.0001 0.0001 0.0000 0.0000 0.0000 0.0000 -0.0006 0.0003 0.0000 -0.0001 0.0001 0.0000 0.0000 0.0000 0.0000 0.0000 0.0000 0.0000 0.0007 0.0001 0.0000 -0.0012 0.0001 0.0000 -0.0008 0.0003 0.0000 0.0001 0.0000 0.0000 0.0000 0.0000 0.0000 -0.0009 0.0000 0.0000 0.0002 -29.9997 -0.0001 -0.0003 29.9996 0.0000 0.0000 0.0000 -3.8390 -2.8203 177.9265 0.0579 -26.2270 0.0693 0.5492 90.0000 0.0000 0.0000 26.2299 0.0000 -12.7470 -30.4639 177.7191 0.3507 -36.3800 -0.1976 32.8133 66.5770 23.7310 0.0000 26.2535 -0.0001 
-4.6734 88.2725 -11.8806 9.1028 1.8152 1.3433 3.1378 3.6720 0.0088 3.1434 3.6787 0.0090 3.1472 3.6831 0.0091 6.4139 79.7413 -94.7029 52.5888 60.5824 37.6273 31.7664 19.4622 85.9400 -1.4423 0.7623 -2.7512 0.0000 0.0000 0.0001 0.0000 0.0000 0.0000 0.0000 -0.0013 -0.0008 0.0000 -0.0004 0.0001 0.0000 0.0000 0.0000 0.0000 0.0000 0.0000 0.0000 0.0002 0.0000 0.0000 -0.0007 0.0003 0.0000 0.0004 -0.0006 0.0000 0.0000 0.0001 0.0000 0.0000 0.0000 0.0000 -0.0010 -0.0002 0.0000 0.0002 30.0001 -0.0001 0.0005 -29.9998 0.0000 0.0000 0.0000 -16.3198 -0.0451 8.5565 -16.3198 -0.0451 8.5565 -7.9082 74.2603 97.8379 -56.1626 55.7257 -26.2482 -27.3785 30.3217 -86.3657 1.3365 0.4447 2.2415 0.0000 -0.0001 0.0001 0.0000 0.0000 0.0000 0.0000 -0.0006 0.0003 0.0000 -0.0001 0.0001 0.0000 0.0000 0.0000 0.0000 0.0000 0.0000 0.0000 0.0007 0.0001 0.0000 -0.0012 0.0001 0.0000 -0.0008 0.0003 0.0000 0.0001 0.0000 0.0000 0.0000 0.0000 0.0000 -0.0009 0.0000 0.0000 0.0002 -29.9996 -0.0001 -0.0003 29.9996 0.0000 0.0000 0.0000 -3.2530 -2.5907 177.5729 0.0001 -26.5262 0.0827 0.6927 90.0000 0.0000 0.0000 26.5999 0.0000 -12.4205 -30.2665 177.3873 0.2994 -36.3761 -0.1808 32.7037 66.0854 24.0572 0.0000 26.3467 -0.0001 
-4.5375 88.2782 -12.0351 8.5253 1.3465 1.4109 2.9962 3.7234 -0.0325 3.0015 3.7299 -0.0324 3.0052 3.7346 -0.0323 5.7246 79.4610 -95.1845 52.8155 60.7271 37.1168 31.5574 19.5540 86.0034 -1.4248 0.7401 -2.7400 0.0000 0.0000 0.0001 0.0000 0.0000 0.0000 0.0000 -0.0013 -0.0008 0.0000 -0.0004 0.0001 0.0000 0.0000 0.0000 0.0000 0.0000 0.0000 0.0000 0.0002 0.0000 0.0000 -0.0006 0.0003 0.0000 0.0004 -0.0006 0.0000 0.0000 0.0001 0.0000 0.0000 0.0000 0.0000 -0.0010 -0.0002 0.0000 0.0002 30.0001 -0.0001 0.0005 -29.9998 0.0000 0.0000 0.0000 -15.9222 0.0601 8.3720 -15.9222 0.0601 8.3720 -8.6329 74.3730 97.2028 -56.4290 56.2236 -26.3346 -27.0272 30.0105 -86.5604 1.3338 0.4322 2.2675 0.0000 -0.0001 0.0001 0.0000 0.0000 0.0000 0.0000 -0.0006 0.0003 0.0000 -0.0001 0.0001 0.0000 0.0000 0.0000 0.0000 0.0000 0.0000 0.0000 0.0007 0.0001 0.0000 -0.0012 0.0001 0.0000 -0.0008 0.0003 0.0000 0.0001 0.0000 0.0000 0.0000 0.0000 0.0000 -0.0009 0.0000 0.0000 0.0002 -29.9996 -0.0001 -0.0003 29.9996 0.0000 0.0000 0.0000 -2.6750 -2.2227 177.3112 -0.0370 -26.6265 0.0915 0.7776 90.0000 0.0000 0.0000 26.8802 0.0000 -12.1008 -29.9907 177.1501 0.2797 -36.3362 -0.1743 32.5079 65.7147 24.2389 0.0000 26.3740 -0.0001 
-4.4444 88.3163 -12.1114 7.9975 0.8917 1.4596 2.7795 3.7615 -0.0704 2.7841 3.7679 -0.0704 2.7878 3.7729 -0.0703 5.2803 79.0719 -95.3067 53.0116 60.7555 36.3860 31.4013 19.6980 86.0692 -1.4114 0.7271 -2.7109 0.0000 0.0000 0.0001 0.0000 0.0000 0.0000 0.0000 -0.0013 -0.0008 0.0000 -0.0004 0.0001 0.0000 0.0000 0.0000 0.0000 0.0000 0.0000 0.0000 0.0002 0.0000 0.0000 -0.0006 0.0003 0.0000 0.0004 -0.0006 0.0000 0.0000 0.0001 0.0000 0.0000 0.0000 0.0000 -0.0010 -0.0002 0.0000 0.0002 30.0001 -0.0001 0.0005 -29.9998 0.0000 0.0000 0.0000 -15.4418 0.1467 8.1734 -15.4418 0.1467 8.1734 -9.2729 74.5718 96.7597 -56.7474 56.7485 -26.5545 -26.6567 29.6394 -86.8202 1.3272 0.4121 2.3000 0.0000 -0.0001 0.0001 0.0000 0.0000 0.0000 0.0000 -0.0006 0.0003 0.0000 -0.0001 0.0001 0.0000 0.0000 0.0000 0.0000 0.0000 0.0000 0.0000 0.0007 0.0001 0.0000 -0.0012 0.0001 0.0000 -0.0008 0.0003 0.0000 0.0001 0.0000 0.0000 0.0000 0.0000 0.0000 -0.0009 0.0000 0.0000 0.0002 -29.9996 -0.0001 -0.0003 29.9996 0.0000 0.0000 0.0000 -2.2036 -1.6870 177.1091 -0.0588 -26.4506 0.0965 0.7746 90.0000 0.0000 0.0000 27.0939 0.0000 -11.8621 -29.6203 176.9828 0.2736 -36.2187 -0.1719 32.2950 65.3939 24.3793 0.0000 26.3703 -0.0001 
-4.3726 88.3838 -12.1486 7.5159 0.4617 1.4889 2.5014 3.7772 -0.0952 2.5053 3.7832 -0.0952 2.5089 3.7886 -0.0952 4.9046 78.6353 -95.3222 53.1517 60.6979 35.4904 31.3401 19.8442 86.1460 -1.3988 0.7203 -2.6674 0.0000 0.0000 0.0001 0.0000 0.0000 0.0000 0.0000 -0.0013 -0.0008 0.0000 -0.0004 0.0001 0.0000 0.0000 0.0000 0.0000 0.0000 0.0000 0.0000 0.0002 0.0000 0.0000 -0.0006 0.0003 0.0000 0.0004 -0.0006 0.0000 0.0000 0.0001 0.0000 0.0000 0.0000 0.0000 -0.0010 -0.0002 0.0000 0.0002 30.0001 -0.0001 0.0005 -29.9998 0.0000 0.0000 0.0000 -14.8952 0.2254 7.9483 -14.8952 0.2254 7.9483 -9.9073 74.8468 96.3998 -57.0792 57.2903 -26.8490 -26.2832 29.2332 -87.1431 1.3189 0.3875 2.3374 0.0000 -0.0001 0.0001 0.0000 0.0000 0.0000 0.0000 -0.0006 0.0003 0.0000 -0.0001 0.0001 0.0000 0.0000 0.0000 0.0000 0.0000 0.0000 0.0000 0.0007 0.0001 0.0000 -0.0012 0.0001 0.0000 -0.0008 0.0003 0.0000 0.0001 0.0000 0.0000 0.0000 0.0000 0.0000 -0.0009 0.0000 0.0000 0.0002 -29.9996 -0.0001 -0.0003 29.9996 0.0000 0.0000 0.0000 -1.8547 -1.0518 176.9429 -0.0735 -26.0577 0.0997 0.6992 90.0000 0.0000 0.0000 27.2457 0.0000 -11.7234 -29.1866 176.8668 0.2696 -35.9983 -0.1701 32.0535 65.0623 24.4947 0.0000 26.3545 -0.0001 
-4.3164 88.4972 -12.1768 7.0741 0.0876 1.4738 2.1463 3.7494 -0.0963 2.1494 3.7548 -0.0963 2.1528 3.7607 -0.0964 4.5783 78.1456 -95.2645 53.2134 60.4681 34.4048 31.3633 20.0307 86.2212 -1.3895 0.7228 -2.6061 0.0000 0.0000 0.0001 0.0000 0.0000 0.0000 0.0000 -0.0013 -0.0008 0.0000 -0.0004 0.0001 0.0000 0.0000 0.0000 0.0000 0.0000 0.0000 0.0000 0.0002 0.0000 0.0000 -0.0006 0.0003 0.0000 0.0004 -0.0006 0.0000 0.0000 0.0001 0.0000 0.0000 0.0000 0.0000 -0.0010 -0.0002 0.0000 0.0002 30.0001 -0.0001 0.0005 -29.9998 0.0000 0.0000 0.0000 -14.2460 0.3219 7.6898 -14.2460 0.3219 7.6898 -10.3911 75.2239 96.1230 -57.2551 58.0600 -27.0436 -25.9856 28.7401 -87.5656 1.3041 0.3517 2.3838 0.0000 -0.0001 0.0001 0.0000 0.0000 0.0000 0.0000 -0.0006 0.0003 0.0000 -0.0001 0.0001 0.0000 0.0000 0.0000 0.0000 0.0000 0.0000 0.0000 0.0007 0.0001 0.0000 -0.0011 0.0001 0.0000 -0.0008 0.0003 0.0000 0.0001 0.0000 0.0000 0.0000 0.0000 0.0000 -0.0009 0.0000 0.0000 0.0002 -29.9997 -0.0001 -0.0003 29.9996 0.0000 0.0000 0.0000 -1.6844 -0.3684 176.8180 -0.0824 -25.4431 0.1013 16.4963 87.3432 16.7614 0.0000 27.2571 0.0000 -11.7327 -28.7111 176.8338 0.2660 -35.6237 -0.1679 31.7737 64.6454 24.6137 0.0000 26.2693 -0.0001 
-4.2866 88.6258 -12.2066 6.6302 -0.2489 1.4195 1.7473 3.6918 -0.0800 1.7496 3.6965 -0.0800 1.7526 3.7029 -0.0801 4.4027 77.6769 -95.0107 53.2297 60.1682 33.2541 31.4440 20.2570 86.2718 -1.3810 0.7305 -2.5322 0.0000 0.0000 0.0001 0.0000 0.0000 0.0000 0.0000 -0.0013 -0.0008 0.0000 -0.0004 0.0001 0.0000 0.0000 0.0000 0.0000 0.0000 0.0000 0.0000 0.0002 -0.0001 0.0000 -0.0006 0.0003 0.0000 0.0004 -0.0006 0.0000 0.0000 0.0001 0.0000 0.0000 0.0000 0.0000 -0.0010 -0.0002 0.0000 0.0002 30.0001 -0.0001 0.0005 -29.9998 0.0000 0.0000 0.0000 -13.5173 0.4382 7.4042 -13.5173 0.4382 7.4042 -10.7430 75.6424 96.0228 -57.4057 58.8370 -27.3045 -25.6756 28.2218 -88.0341 1.2894 0.3119 2.4403 0.0000 -0.0001 0.0001 0.0000 0.0000 0.0000 0.0000 -0.0006 0.0003 0.0000 -0.0001 0.0001 0.0000 0.0000 0.0000 0.0000 0.0000 0.0000 0.0000 0.0007 0.0001 0.0000 -0.0012 0.0001 0.0000 -0.0008 0.0003 0.0000 0.0001 0.0000 0.0000 0.0000 0.0000 0.0000 -0.0009 0.0000 0.0000 0.0002 -29.9997 -0.0001 -0.0003 29.9996 0.0000 0.0000 0.0000 -1.6351 0.3305 176.7356 -0.0828 -24.7065 0.1008 17.0741 86.9252 17.8176 0.0000 27.2423 0.0000 -11.8246 -28.2211 176.8787 0.2720 -35.1579 -0.1686 31.4683 64.1555 24.7494 0.0000 26.2254 -0.0001 
-4.2818 88.7696 -12.2406 6.1722 -0.5604 1.3532 1.3133 3.6158 -0.0585 1.3148 3.6200 -0.0585 1.3173 3.6268 -0.0585 4.3105 77.2364 -94.6290 53.2251 59.8280 32.0903 31.5546 20.5233 86.2854 -1.3722 0.7412 -2.4494 0.0000 0.0000 0.0001 0.0000 0.0000 0.0000 0.0000 -0.0013 -0.0008 0.0000 -0.0004 0.0001 0.0000 0.0000 0.0000 0.0000 0.0000 0.0000 0.0000 0.0002 0.0000 0.0000 -0.0006 0.0003 0.0000 0.0004 -0.0006 0.0000 0.0000 0.0001 0.0000 0.0000 0.0000 0.0000 -0.0010 -0.0002 0.0000 0.0002 30.0001 -0.0001 0.0005 -29.9998 0.0000 0.0000 0.0000 -12.7123 0.5779 7.1060 -12.7123 0.5779 7.1060 -11.0353 76.0740 95.9894 -57.3179 59.6512 -27.5062 -25.3990 27.6906 -88.4874 1.2805 0.2733 2.5129 0.0000 -0.0001 0.0001 0.0000 0.0000 0.0000 0.0000 -0.0006 0.0003 0.0000 -0.0001 0.0001 0.0000 0.0000 0.0000 0.0000 0.0000 0.0000 0.0000 0.0007 0.0001 0.0000 -0.0012 0.0001 0.0000 -0.0008 0.0003 0.0000 0.0001 0.0000 0.0000 0.0000 0.0000 0.0000 -0.0008 0.0000 0.0000 0.0002 -29.9996 -0.0001 -0.0003 29.9996 0.0000 0.0000 0.0000 -1.6453 1.0349 176.6761 -0.0776 -23.8953 0.0991 16.8195 86.4977 18.0819 0.0000 27.1328 0.0000 -11.9427 -27.7396 176.9641 0.2869 -34.6562 -0.1719 31.1503 63.6204 24.8959 0.0000 26.1444 -0.0001 
-4.3149 88.9079 -12.3022 5.6715 -0.8321 1.2955 0.8467 3.5182 -0.0466 0.8475 3.5218 -0.0466 0.8492 3.5289 -0.0467 4.3768 76.8758 -94.0359 53.2281 59.4532 30.9861 31.6691 20.7944 86.2386 -1.3621 0.7568 -2.3557 0.0000 0.0000 0.0001 0.0000 0.0000 0.0000 0.0000 -0.0013 -0.0008 0.0000 -0.0004 0.0001 0.0000 0.0000 0.0000 0.0000 0.0000 0.0000 0.0000 0.0002 0.0000 0.0000 -0.0006 0.0003 0.0000 0.0004 -0.0006 0.0000 0.0000 0.0001 0.0000 0.0000 0.0000 0.0000 -0.0010 -0.0002 0.0000 0.0003 30.0001 -0.0001 0.0005 -29.9998 0.0000 0.0000 0.0000 -11.8071 0.7469 6.8136 -11.8071 0.7469 6.8136 -11.2124 76.5515 96.0800 -56.9729 60.5227 -27.7115 -25.1174 27.0847 -88.8304 1.2744 0.2382 2.5998 0.0000 -0.0001 0.0001 0.0000 0.0000 0.0000 0.0000 -0.0006 0.0003 0.0000 -0.0001 0.0001 0.0000 0.0000 0.0000 0.0000 0.0000 0.0000 0.0000 0.0007 0.0001 0.0000 -0.0012 0.0001 0.0000 -0.0008 0.0003 0.0000 0.0001 0.0000 0.0000 0.0000 0.0000 0.0000 -0.0009 0.0000 0.0000 0.0002 -29.9996 -0.0001 -0.0003 29.9996 0.0000 0.0000 0.0000 -1.6487 1.6725 176.6340 -0.0670 -23.1067 0.0964 15.7854 86.1283 17.5576 0.0000 26.9218 0.0000 -12.0446 -27.3157 177.0826 0.3088 -34.1395 -0.1772 30.7339 63.0609 24.9339 0.0000 26.1077 -0.0001 
-4.3741 89.0492 -12.3831 5.1189 -1.0667 1.2594 0.3777 3.4096 -0.0454 0.3780 3.4127 -0.0454 0.3788 3.4199 -0.0455 4.7073 76.6328 -93.1550 53.4599 58.9869 30.1865 31.6876 21.0909 86.1864 -1.3525 0.7755 -2.2563 0.0000 0.0000 0.0001 0.0000 0.0000 0.0000 0.0000 -0.0013 -0.0008 0.0000 -0.0004 0.0001 0.0000 0.0000 0.0000 0.0000 0.0000 0.0000 0.0000 0.0002 0.0000 0.0000 -0.0006 0.0003 0.0000 0.0004 -0.0006 0.0000 0.0000 0.0001 0.0000 0.0000 0.0000 0.0000 -0.0010 -0.0002 0.0000 0.0002 30.0001 -0.0001 0.0005 -29.9998 0.0000 0.0000 0.0000 -10.8422 0.9218 6.5442 -10.8422 0.9218 6.5442 -11.4165 77.0929 96.1664 -56.5617 61.4203 -28.0167 -24.8655 26.4343 -89.1427 1.2676 0.2037 2.6938 0.0000 -0.0001 0.0001 0.0000 0.0000 0.0000 0.0000 -0.0006 0.0003 0.0000 -0.0001 0.0001 0.0000 0.0000 0.0000 0.0000 0.0000 0.0000 0.0000 0.0007 0.0001 0.0000 -0.0011 0.0001 0.0000 -0.0008 0.0003 0.0000 0.0001 0.0000 0.0000 0.0000 0.0000 0.0000 -0.0009 0.0000 0.0000 0.0002 -29.9996 -0.0001 -0.0003 29.9996 0.0000 0.0000 0.0000 -1.5577 2.1020 176.5902 -0.0597 -22.5614 0.0946 14.5382 85.8793 16.7514 0.0000 26.4007 0.0000 -12.0869 -26.9477 177.2153 0.3254 -33.6236 -0.1807 30.2287 62.5219 24.8370 0.0000 26.0013 -0.0001 
-4.4675 89.1867 -12.4879 4.5210 -1.2680 1.2425 -0.0842 3.2950 -0.0507 -0.0843 3.2978 -0.0508 -0.0845 3.3050 -0.0509 5.1843 76.4702 -92.1123 53.8584 58.5351 29.5741 31.6928 21.3501 86.1278 -1.3375 0.7927 -2.1507 0.0000 0.0000 0.0001 0.0000 0.0000 0.0000 0.0000 -0.0013 -0.0008 0.0000 -0.0004 0.0001 0.0000 0.0000 0.0000 0.0000 0.0000 0.0000 0.0000 0.0002 0.0000 0.0000 -0.0006 0.0003 0.0000 0.0004 -0.0006 0.0000 0.0000 0.0001 0.0000 0.0000 0.0000 0.0000 -0.0010 -0.0002 0.0000 0.0002 30.0001 -0.0001 0.0005 -29.9998 0.0000 0.0000 0.0000 -9.8401 1.0872 6.2920 -9.8401 1.0872 6.2920 -11.7083 77.6601 96.2951 -56.1999 62.2326 -28.5041 -24.6368 25.7605 -89.4172 1.2614 0.1725 2.7922 0.0000 -0.0001 0.0001 0.0000 0.0000 0.0000 0.0000 -0.0006 0.0003 0.0000 -0.0001 0.0001 0.0000 0.0000 0.0000 0.0000 0.0000 0.0000 0.0000 0.0007 0.0001 0.0000 -0.0011 0.0001 0.0000 -0.0008 0.0003 0.0000 0.0001 0.0000 0.0000 0.0000 0.0000 0.0000 -0.0009 0.0000 0.0000 0.0002 -29.9996 -0.0001 -0.0003 29.9996 0.0000 0.0000 0.0000 -1.3479 2.2803 176.5470 -0.0573 -22.3676 0.0941 13.4271 85.7955 15.9986 0.0000 25.5365 0.0000 -12.0329 -26.6192 177.3665 0.3495 -33.0944 -0.1862 29.6622 61.9978 24.6038 0.0000 25.9088 -0.0001 
-4.6013 89.3055 -12.6181 3.8679 -1.4240 1.2351 -0.5311 3.1825 -0.0559 -0.5315 3.1851 -0.0559 -0.5327 3.1921 -0.0561 5.7492 76.3750 -91.0021 54.3921 58.0979 29.1378 31.7043 21.6099 86.0599 -1.3172 0.8058 -2.0421 0.0000 0.0000 0.0001 0.0000 0.0000 0.0000 0.0000 -0.0013 -0.0008 0.0000 -0.0004 0.0001 0.0000 0.0000 0.0000 0.0000 0.0000 0.0000 0.0000 0.0002 0.0000 0.0000 -0.0006 0.0003 0.0000 0.0004 -0.0006 0.0000 0.0000 0.0001 0.0000 0.0000 0.0000 0.0000 -0.0010 -0.0002 0.0000 0.0002 30.0001 -0.0001 0.0005 -29.9998 0.0000 0.0000 0.0000 -8.8007 1.2258 6.0552 -8.8007 1.2258 6.0552 -12.0392 78.2230 96.4615 -55.6461 62.9606 -29.0091 -24.5019 25.1484 -89.5530 1.2595 0.1477 2.8935 0.0000 -0.0001 0.0001 0.0000 0.0000 0.0000 0.0000 -0.0006 0.0003 0.0000 -0.0001 0.0001 0.0000 0.0000 0.0000 0.0000 0.0000 0.0000 0.0000 0.0007 0.0001 0.0000 -0.0012 0.0001 0.0000 -0.0008 0.0003 0.0000 0.0001 0.0000 0.0000 0.0000 0.0000 0.0000 -0.0009 0.0000 0.0000 0.0002 -29.9996 -0.0001 -0.0003 29.9996 0.0000 0.0000 0.0000 -0.9110 2.1113 176.5324 -0.0587 -22.6750 0.0945 12.6892 85.9178 15.4475 0.0000 25.0147 0.0000 -11.8643 -26.3381 177.5576 0.3875 -32.5503 -0.1955 28.9183 61.5450 24.1056 0.0000 25.8663 -0.0001 
-4.7174 89.3947 -12.7688 3.1876 -1.5436 1.2194 -0.9551 3.0695 -0.0512 -0.9558 3.0720 -0.0512 -0.9579 3.0788 -0.0514 6.3854 76.3202 -89.8626 54.9605 57.6788 28.8211 31.7614 21.9245 85.9870 -1.2946 0.8145 -1.9364 0.0000 0.0000 0.0001 0.0000 0.0000 0.0000 0.0000 -0.0013 -0.0008 0.0000 -0.0004 0.0001 0.0000 0.0000 0.0000 0.0000 0.0000 0.0000 0.0000 0.0002 0.0000 0.0000 -0.0006 0.0003 0.0000 0.0004 -0.0006 0.0000 0.0000 0.0001 0.0000 0.0000 0.0000 0.0000 -0.0010 -0.0002 0.0000 0.0002 30.0001 -0.0001 0.0005 -29.9998 0.0000 0.0000 0.0000 -7.7637 1.3406 5.8247 -7.7637 1.3406 5.8247 -12.3983 78.7972 96.6356 -54.9916 63.6531 -29.5804 -24.3943 24.5897 -89.5273 1.2582 0.1275 2.9938 0.0000 -0.0001 0.0001 0.0000 0.0000 0.0000 0.0000 -0.0006 0.0003 0.0000 -0.0001 0.0001 0.0000 0.0000 0.0000 0.0000 0.0000 0.0000 0.0000 0.0007 0.0001 0.0000 -0.0012 0.0001 0.0000 -0.0008 0.0003 0.0000 0.0001 0.0000 0.0000 0.0000 0.0000 0.0000 -0.0009 0.0000 0.0000 0.0002 -29.9996 -0.0001 -0.0003 29.9996 0.0000 0.0000 0.0000 -0.3366 1.7783 176.5361 -0.0623 -23.2523 0.0955 12.2178 86.1678 15.0462 0.0000 25.0155 0.0000 -11.6402 -26.1151 177.7613 0.4258 -32.0340 -0.2046 28.0246 61.1820 23.4101 0.0000 25.8313 -0.0001 
-4.7775 89.4376 -12.9549 2.4909 -1.6369 1.1852 -1.3534 2.9589 -0.0328 -1.3545 2.9613 -0.0328 -1.3575 2.9678 -0.0330 7.0851 76.2989 -88.7031 55.5397 57.2910 28.5799 31.8724 22.2793 85.9368 -1.2701 0.8185 -1.8350 0.0000 0.0000 0.0001 0.0000 0.0000 0.0000 0.0000 -0.0013 -0.0008 0.0000 -0.0004 0.0001 0.0000 0.0000 0.0000 0.0000 0.0000 0.0000 0.0000 0.0002 -0.0001 0.0000 -0.0006 0.0003 0.0000 0.0004 -0.0006 0.0000 0.0000 0.0001 0.0000 0.0000 0.0000 0.0000 -0.0010 -0.0002 0.0000 0.0002 30.0001 -0.0001 0.0005 -29.9998 0.0000 0.0000 0.0000 -6.7422 1.4390 5.5982 -6.7423 1.4390 5.5982 -12.6935 79.3698 96.8850 -54.2256 64.2980 -30.1368 -24.3075 24.0850 -89.4315 1.2600 0.1106 3.0966 0.0000 -0.0001 0.0001 0.0000 0.0000 0.0000 0.0000 -0.0006 0.0003 0.0000 -0.0001 0.0001 0.0000 0.0000 0.0000 0.0000 0.0000 0.0000 0.0000 0.0007 0.0001 0.0000 -0.0012 0.0001 0.0000 -0.0008 0.0003 0.0000 0.0001 0.0000 0.0000 0.0000 0.0000 0.0000 -0.0009 0.0000 0.0000 0.0002 -29.9996 -0.0001 -0.0003 29.9996 0.0000 0.0000 0.0000 0.3206 1.3567 176.5578 -0.0666 -23.9578 0.0968 11.8324 86.4590 14.6581 0.0000 25.0161 0.0000 -11.3706 -25.9655 177.9607 0.4548 -31.5654 -0.2109 27.0560 60.8739 22.6030 0.0000 25.8629 -0.0001 
-4.7500 89.4215 -13.1817 1.7798 -1.7166 1.1154 -1.7195 2.8557 0.0049 -1.7210 2.8582 0.0049 -1.7247 2.8643 0.0048 7.7574 76.3206 -87.6728 56.1198 56.9642 28.3542 32.0223 22.5874 85.9341 -1.2413 0.8163 -1.7389 0.0000 0.0000 0.0001 0.0000 0.0000 0.0000 0.0000 -0.0013 -0.0008 0.0000 -0.0004 0.0001 0.0000 0.0000 0.0000 0.0000 0.0000 0.0000 0.0000 0.0002 0.0000 0.0000 -0.0006 0.0003 0.0000 0.0004 -0.0006 0.0000 0.0000 0.0001 0.0000 0.0000 0.0000 0.0000 -0.0010 -0.0002 0.0000 0.0003 30.0001 -0.0001 0.0005 -29.9998 0.0000 0.0000 0.0000 -5.7474 1.5335 5.3718 -5.7474 1.5335 5.3718 -12.5491 79.9277 97.5370 -53.1946 64.8220 -30.5055 -24.2469 23.6756 -89.2785 1.2681 0.0987 3.2005 0.0000 -0.0001 0.0001 0.0000 0.0000 0.0000 0.0000 -0.0006 0.0003 0.0000 -0.0001 0.0001 0.0000 0.0000 0.0000 0.0000 0.0000 0.0000 0.0000 0.0007 0.0001 0.0000 -0.0012 0.0001 0.0000 -0.0008 0.0003 0.0000 0.0001 0.0000 0.0000 0.0000 0.0000 0.0000 -0.0009 0.0000 0.0000 0.0002 -29.9997 -0.0001 -0.0003 29.9996 0.0000 0.0000 0.0000 1.0570 0.8816 176.6091 -0.0703 -24.7749 0.0982 11.4917 86.7583 14.2216 0.0000 25.0165 0.0000 -11.0599 -25.8982 178.1577 0.4813 -31.1820 -0.2166 26.0343 60.6212 21.7261 0.0000 25.9840 -0.0001 
-4.6802 89.3815 -13.4011 1.0480 -1.8052 1.0188 -2.0518 2.7584 0.0545 -2.0537 2.7609 0.0545 -2.0580 2.7667 0.0545 8.3421 76.4172 -86.8204 56.6736 56.7114 28.0995 32.1832 22.8104 85.9987 -1.2076 0.8073 -1.6479 0.0000 0.0000 0.0001 0.0000 0.0000 0.0000 0.0000 -0.0013 -0.0008 0.0000 -0.0004 0.0001 0.0000 0.0000 0.0000 0.0000 0.0000 0.0000 0.0000 0.0002 0.0000 0.0000 -0.0006 0.0003 0.0000 0.0004 -0.0006 0.0000 0.0000 0.0001 0.0000 0.0000 0.0000 0.0000 -0.0010 -0.0002 0.0000 0.0002 30.0001 -0.0001 0.0005 -29.9998 0.0000 0.0000 0.0000 -4.7865 1.6497 5.1586 -4.7865 1.6497 5.1586 -12.0998 80.4905 98.4579 -52.0248 65.2390 -30.7990 -24.2168 23.3498 -89.1049 1.2815 0.0905 3.3045 0.0000 -0.0001 0.0001 0.0000 0.0000 0.0000 0.0000 -0.0006 0.0003 0.0000 -0.0001 0.0001 0.0000 0.0000 0.0000 0.0000 0.0000 0.0000 0.0000 0.0007 0.0001 0.0000 -0.0011 0.0001 0.0000 -0.0008 0.0003 0.0000 0.0001 0.0000 0.0000 0.0000 0.0000 0.0000 -0.0009 0.0000 0.0000 0.0002 -29.9996 -0.0001 -0.0003 29.9996 0.0000 0.0000 0.0000 1.8311 0.4092 176.6844 -0.0754 -25.5900 0.0998 10.3911 87.0060 12.9560 0.0000 25.0167 0.0000 -10.6985 -25.8349 178.3557 0.5067 -30.8359 -0.2220 25.0192 60.4175 20.8290 0.0000 26.1053 -0.0001 
-4.6114 89.3442 -13.5710 0.2946 -1.9101 0.9011 -2.3437 2.6626 0.1120 -2.3459 2.6652 0.1120 -2.3507 2.6706 0.1121 8.8893 76.6092 -86.0682 57.1869 56.5280 27.8408 32.3263 22.9138 86.1260 -1.1715 0.7947 -1.5627 0.0000 0.0000 0.0001 0.0000 0.0000 0.0000 0.0000 -0.0013 -0.0008 0.0000 -0.0004 0.0001 0.0000 0.0000 0.0000 0.0000 0.0000 0.0000 0.0000 0.0002 0.0000 0.0000 -0.0006 0.0003 0.0000 0.0004 -0.0006 0.0000 0.0000 0.0001 0.0000 0.0000 0.0000 0.0000 -0.0010 -0.0002 0.0000 0.0002 30.0001 -0.0001 0.0005 -29.9998 0.0000 0.0000 0.0000 -3.8694 1.8003 4.9694 -3.8694 1.8003 4.9694 -11.4801 81.0103 99.5329 -50.9284 65.5622 -31.0965 -24.2110 23.0720 -88.9495 1.2965 0.0843 3.4035 0.0000 -0.0001 0.0001 0.0000 0.0000 0.0000 0.0000 -0.0006 0.0003 0.0000 -0.0001 0.0001 0.0000 0.0000 0.0000 0.0000 0.0000 0.0000 0.0000 0.0007 0.0001 0.0000 -0.0011 0.0001 0.0000 -0.0008 0.0003 0.0000 0.0001 0.0000 0.0000 0.0000 0.0000 0.0000 -0.0009 0.0000 0.0000 0.0002 -29.9997 -0.0001 -0.0003 29.9996 0.0000 0.0000 0.0000 2.6245 0.0079 176.7945 -0.0779 -26.3108 0.1009 7.9846 87.2028 10.3316 0.0000 25.0171 0.0000 -10.3047 -25.7278 178.5699 0.5336 -30.5094 -0.2278 23.9935 60.3016 19.8980 0.0000 26.1177 -0.0001 
-4.5826 89.3067 -13.6721 -0.4900 -2.0517 0.7700 -2.5720 2.5703 0.1712 -2.5746 2.5730 0.1713 -2.5798 2.5781 0.1716 9.3573 76.9580 -85.4927 57.7043 56.4784 27.6067 32.4076 22.8340 86.2958 -1.1268 0.7730 -1.4814 0.0000 0.0000 0.0001 0.0000 0.0000 0.0000 0.0000 -0.0013 -0.0008 0.0000 -0.0004 0.0001 0.0000 0.0000 0.0000 0.0000 0.0000 0.0000 0.0000 0.0003 -0.0001 0.0000 -0.0006 0.0003 0.0000 0.0004 -0.0006 0.0000 0.0000 0.0001 0.0000 0.0000 0.0000 0.0000 -0.0010 -0.0002 0.0000 0.0002 30.0001 -0.0001 0.0005 -29.9998 0.0000 0.0000 0.0000 -3.0209 2.0076 4.8190 -3.0209 2.0076 4.8190 -10.6263 81.4716 100.8084 -49.9715 65.7350 -31.3538 -24.2661 22.8539 -88.8593 1.3115 0.0809 3.4867 0.0000 -0.0001 0.0001 0.0000 0.0000 0.0000 0.0000 -0.0006 0.0003 0.0000 -0.0001 0.0001 0.0000 0.0000 0.0000 0.0000 0.0000 0.0000 0.0000 0.0007 0.0001 0.0000 -0.0012 0.0001 0.0000 -0.0008 0.0003 0.0000 0.0002 0.0000 0.0000 0.0000 0.0000 0.0000 -0.0009 0.0000 0.0000 0.0002 -29.9996 -0.0001 -0.0003 29.9996 0.0000 0.0000 0.0000 3.4572 -0.2109 176.9618 -0.0703 -26.7694 0.0994 1.9768 87.2893 3.9388 0.0000 25.0182 0.0000 -9.8656 -25.5279 178.8134 0.5688 -30.1799 -0.2356 22.8771 60.3273 18.8204 0.0000 26.0663 -0.0001 
-4.5984 89.2467 -13.7648 -1.2919 -2.2245 0.6518 -2.7513 2.4720 0.2209 -2.7542 2.4747 0.2211 -2.7595 2.4795 0.2214 9.8329 77.4592 -85.0182 58.1247 56.4924 27.4479 32.4330 22.6902 86.4302 -1.0799 0.7472 -1.4073 0.0000 0.0000 0.0001 0.0000 0.0000 0.0000 0.0000 -0.0013 -0.0008 0.0000 -0.0004 0.0001 0.0000 0.0000 0.0000 0.0000 0.0000 0.0000 0.0000 0.0003 0.0000 0.0000 -0.0006 0.0003 0.0000 0.0004 -0.0006 0.0000 0.0000 0.0001 0.0000 0.0000 0.0000 0.0000 -0.0010 -0.0002 0.0000 0.0002 30.0001 -0.0001 0.0005 -29.9998 0.0000 0.0000 0.0000 -2.2280 2.2728 4.6929 -2.2280 2.2728 4.6929 -9.7497 81.8853 102.0370 -49.1876 65.8442 -31.6145 -24.3752 22.6890 -88.7762 1.3229 0.0790 3.5501 0.0000 -0.0001 0.0001 0.0000 0.0000 0.0000 0.0000 -0.0006 0.0003 0.0000 -0.0001 0.0001 0.0000 0.0000 0.0000 0.0000 0.0000 0.0000 0.0000 0.0007 0.0001 0.0000 -0.0012 0.0001 0.0000 -0.0008 0.0003 0.0000 0.0001 0.0000 0.0000 0.0000 0.0000 0.0000 -0.0009 0.0000 0.0000 0.0002 -29.9996 -0.0001 -0.0003 29.9996 0.0000 0.0000 0.0000 4.3362 -0.2428 177.1677 -0.0486 -27.0011 0.0944 -5.4013 87.2845 -3.9246 0.0000 25.0203 0.0000 -9.4066 -25.2842 179.0890 0.6175 -29.8547 -0.2468 21.6471 60.4297 17.5914 0.0000 26.1280 -0.0001 
-4.6426 89.1657 -13.8626 -2.0641 -2.4216 0.5620 -2.8912 2.3667 0.2529 -2.8943 2.3693 0.2531 -2.8998 2.3739 0.2535 10.3652 78.0647 -84.5570 58.4101 56.5445 27.3432 32.4096 22.4894 86.5339 -1.0359 0.7225 -1.3428 0.0000 0.0000 0.0001 0.0000 0.0000 0.0000 0.0000 -0.0013 -0.0008 0.0000 -0.0004 0.0001 0.0000 0.0000 0.0000 0.0000 0.0000 0.0000 0.0000 0.0002 0.0000 0.0000 -0.0006 0.0003 0.0000 0.0004 -0.0006 0.0000 0.0000 0.0001 0.0000 0.0000 0.0000 0.0000 -0.0010 -0.0002 0.0000 0.0002 30.0001 -0.0001 0.0005 -29.9998 0.0000 0.0000 0.0000 -1.4998 2.5849 4.5886 -1.4998 2.5849 4.5886 -8.8973 82.2388 103.1791 -48.5793 65.9324 -31.8648 -24.5072 22.5622 -88.6961 1.3294 0.0766 3.5960 0.0000 -0.0001 0.0001 0.0000 0.0000 0.0000 0.0000 -0.0006 0.0003 0.0000 -0.0001 0.0001 0.0000 0.0000 0.0000 0.0000 0.0000 0.0000 0.0000 0.0007 0.0001 0.0000 -0.0012 0.0001 0.0000 -0.0008 0.0003 0.0000 0.0001 0.0000 0.0000 0.0000 0.0000 0.0000 -0.0009 0.0000 0.0000 0.0002 -29.9997 -0.0001 -0.0003 29.9996 0.0000 0.0000 0.0000 5.2334 -0.1647 177.3733 -0.0264 -27.0988 0.0891 -12.3212 87.1981 -11.4178 0.0000 25.0233 0.0000 -8.9504 -25.0133 179.3658 0.6717 -29.5281 -0.2592 20.3025 60.5967 16.2023 0.0000 26.2717 -0.0001 
-4.7026 89.0763 -13.9616 -2.7212 -2.6404 0.5143 -2.9777 2.2626 0.2619 -2.9809 2.2651 0.2621 -2.9866 2.2695 0.2625 10.9268 78.7062 -84.1218 58.4139 56.6116 27.3014 32.3497 22.3286 86.5642 -1.0043 0.7043 -1.2997 0.0000 0.0000 0.0001 0.0000 0.0000 0.0000 0.0000 -0.0013 -0.0008 0.0000 -0.0004 0.0001 0.0000 0.0000 0.0000 0.0000 0.0000 0.0000 0.0000 0.0002 0.0000 0.0000 -0.0006 0.0003 0.0000 0.0004 -0.0006 0.0000 0.0000 0.0001 0.0000 0.0000 0.0000 0.0000 -0.0010 -0.0002 0.0000 0.0003 30.0001 -0.0001 0.0005 -29.9998 0.0000 0.0000 0.0000 -0.8940 2.9259 4.4970 -0.8940 2.9259 4.4970 -8.3140 82.4313 103.9601 -48.2158 66.0434 -32.0079 -24.6529 22.4590 -88.6253 1.3281 0.0729 3.6206 0.0000 -0.0001 0.0001 0.0000 0.0000 0.0000 0.0000 -0.0006 0.0003 0.0000 -0.0001 0.0001 0.0000 0.0000 0.0000 0.0000 0.0000 0.0000 0.0000 0.0007 0.0001 0.0000 -0.0011 0.0001 0.0000 -0.0008 0.0003 0.0000 0.0001 0.0000 0.0000 0.0000 0.0000 0.0000 -0.0009 0.0000 0.0000 0.0002 -29.9997 -0.0001 -0.0002 29.9996 0.0000 0.0000 0.0000 6.0773 0.0264 177.5473 -0.0057 -27.0738 0.0841 -17.7095 87.0795 -17.4741 0.0000 25.0272 0.0000 -8.5666 -24.7111 179.6142 0.7239 -29.2046 -0.2707 18.8103 60.8604 14.6117 0.0000 26.3830 -0.0001 
-4.7448 89.0042 -14.0682 -3.2225 -2.8749 0.5245 -3.0272 2.1635 0.2578 -3.0304 2.1659 0.2581 -3.0363 2.1701 0.2584 11.3014 79.3422 -83.9052 58.2111 56.6709 27.3265 32.2602 22.2442 86.5280 -0.9827 0.6898 -1.2762 0.0000 0.0000 0.0001 0.0000 0.0000 0.0000 0.0000 -0.0013 -0.0008 0.0000 -0.0004 0.0001 0.0000 0.0000 0.0000 0.0000 0.0000 0.0000 0.0000 0.0002 0.0000 0.0000 -0.0006 0.0003 0.0000 0.0004 -0.0006 0.0000 0.0000 0.0001 0.0000 0.0000 0.0000 0.0000 -0.0010 -0.0002 0.0000 0.0002 30.0001 -0.0001 0.0005 -29.9998 0.0000 0.0000 0.0000 -0.4162 3.2599 4.3778 -0.4162 3.2599 4.3778 -8.2765 82.5383 104.1024 -47.9345 66.2018 -32.0040 -24.7993 22.3813 -88.5350 1.3241 0.0715 3.6292 0.0000 -0.0001 0.0001 0.0000 0.0000 0.0000 0.0000 -0.0006 0.0003 0.0000 -0.0001 0.0001 0.0000 0.0000 0.0000 0.0000 0.0000 0.0000 0.0000 0.0007 0.0001 0.0000 -0.0011 0.0001 0.0000 -0.0008 0.0003 0.0000 0.0001 0.0000 0.0000 0.0000 0.0000 0.0000 -0.0009 0.0000 0.0000 0.0002 -29.9996 -0.0001 -0.0003 29.9996 0.0000 0.0000 0.0000 6.7540 0.2774 177.6265 0.0104 -26.9869 0.0803 -21.0119 86.9589 -21.3766 0.0000 25.0313 0.0000 -8.2854 -24.3602 179.7746 0.7609 -28.8156 -0.2776 17.2828 61.0991 12.9697 0.0000 26.4805 -0.0001 
-4.7351 88.9471 -14.1771 -3.5662 -3.1101 0.5706 -3.0466 2.0679 0.2477 -3.0498 2.0702 0.2479 -3.0558 2.0742 0.2483 11.5006 79.9484 -83.8923 57.8367 56.7176 27.3977 32.1390 22.1881 86.4415 -0.9710 0.6807 -1.2695 0.0000 0.0000 0.0001 0.0000 0.0000 0.0000 0.0000 -0.0013 -0.0008 0.0000 -0.0004 0.0001 0.0000 0.0000 0.0000 0.0000 0.0000 0.0000 0.0000 0.0002 0.0000 0.0000 -0.0006 0.0003 0.0000 0.0004 -0.0006 0.0000 0.0000 0.0001 0.0000 0.0000 0.0000 0.0000 -0.0010 -0.0002 0.0000 0.0002 30.0001 -0.0001 0.0005 -29.9998 0.0000 0.0000 0.0000 -0.0576 3.5731 4.2396 -0.0576 3.5731 4.2396 -8.7858 82.6057 103.6064 -47.6983 66.3828 -31.9031 -24.9216 22.3397 -88.4358 1.3212 0.0733 3.6283 0.0000 -0.0001 0.0001 0.0000 0.0000 0.0000 0.0000 -0.0006 0.0003 0.0000 -0.0001 0.0001 0.0000 0.0000 0.0000 0.0000 0.0000 0.0000 0.0000 0.0007 0.0001 0.0000 -0.0011 0.0001 0.0000 -0.0008 0.0003 0.0000 0.0001 0.0000 0.0000 0.0000 0.0000 0.0000 -0.0009 0.0000 0.0000 0.0002 -29.9996 -0.0001 -0.0003 29.9996 0.0000 0.0000 0.0000 7.2315 0.5909 177.6213 0.0222 -26.8247 0.0775 -22.3428 86.8553 -23.1798 0.0000 25.0347 0.0000 -8.0763 -23.9823 179.8432 0.7730 -28.3591 -0.2774 15.8060 61.2841 11.3373 0.0000 26.5492 -0.0001 
-4.6489 88.9163 -14.2680 -3.6573 -3.3336 0.6376 -3.0249 1.9809 0.2335 -3.0279 1.9830 0.2337 -3.0339 1.9869 0.2341 11.4865 80.4760 -84.1247 57.3568 56.7119 27.5435 31.9142 22.0322 86.3781 -0.9749 0.6828 -1.2852 0.0000 0.0000 0.0001 0.0000 0.0000 0.0000 0.0000 -0.0013 -0.0008 0.0000 -0.0004 0.0001 0.0000 0.0000 0.0000 0.0000 0.0000 0.0000 0.0000 0.0002 0.0000 0.0000 -0.0006 0.0003 0.0000 0.0004 -0.0006 0.0000 0.0000 0.0001 0.0000 0.0000 0.0000 0.0000 -0.0010 -0.0002 0.0000 0.0002 30.0001 -0.0001 0.0005 -29.9998 0.0000 0.0000 0.0000 0.1215 3.8341 4.0948 0.1215 3.8341 4.0948 -9.9075 82.5849 102.3791 -47.5739 66.5330 -31.6755 -25.0172 22.3770 -88.3290 1.3196 0.0791 3.6098 0.0000 -0.0001 0.0001 0.0000 0.0000 0.0000 0.0000 -0.0006 0.0003 0.0000 -0.0001 0.0001 0.0000 0.0000 0.0000 0.0000 0.0000 0.0000 0.0000 0.0007 0.0001 0.0000 -0.0012 0.0001 0.0000 -0.0008 0.0003 0.0000 0.0001 0.0000 0.0000 0.0000 0.0000 0.0000 -0.0009 0.0000 0.0000 0.0002 -29.9996 -0.0001 -0.0003 29.9996 0.0000 0.0000 0.0000 7.4325 0.9321 177.5295 0.0239 -26.6166 0.0771 -21.4673 86.7890 -22.6204 0.0000 25.0370 0.0000 -7.9022 -23.5694 179.8092 0.7580 -27.7586 -0.2694 14.5758 61.3360 9.8120 0.0000 26.5753 -0.0001 
-4.5405 88.9114 -14.3374 -3.5487 -3.5550 0.6881 -2.9629 1.9103 0.2275 -2.9657 1.9122 0.2277 -2.9718 1.9161 0.2281 11.2197 80.9268 -84.6570 56.9335 56.7317 27.6777 31.7129 21.8384 86.3333 -0.9778 0.6824 -1.3048 0.0000 0.0000 0.0001 0.0000 0.0000 0.0000 0.0000 -0.0013 -0.0008 0.0000 -0.0004 0.0001 0.0000 0.0000 0.0000 0.0000 0.0000 0.0000 0.0000 0.0003 0.0000 0.0000 -0.0006 0.0003 0.0000 0.0004 -0.0006 0.0000 0.0000 0.0001 0.0000 0.0000 0.0000 0.0000 -0.0010 -0.0002 0.0000 0.0002 30.0001 -0.0001 0.0005 -29.9998 0.0000 0.0000 0.0000 0.1437 4.0372 3.9605 0.1437 4.0372 3.9605 -11.2947 82.4867 100.8177 -47.4776 66.5987 -31.3119 -25.1257 22.4834 -88.2304 1.3212 0.0899 3.5780 0.0000 -0.0001 0.0001 0.0000 0.0000 0.0000 0.0000 -0.0006 0.0003 0.0000 -0.0001 0.0001 0.0000 0.0000 0.0000 0.0000 0.0000 0.0000 0.0000 0.0007 0.0001 0.0000 -0.0011 0.0001 0.0000 -0.0008 0.0003 0.0000 0.0001 0.0000 0.0000 0.0000 0.0000 0.0000 -0.0008 0.0000 0.0000 0.0002 -29.9996 -0.0001 -0.0002 29.9996 0.0000 0.0000 0.0000 7.4152 1.2428 177.4410 0.0352 -26.4148 0.0745 -20.5637 86.7194 -21.9419 0.0000 25.1239 0.0000 -7.6909 -23.1209 179.7367 0.7396 -27.0828 -0.2603 13.6478 61.3111 8.4124 0.0000 26.4749 -0.0001 
-4.4501 88.9261 -14.3915 -3.2812 -3.7803 0.7174 -2.8717 1.8516 0.2312 -2.8743 1.8534 0.2313 -2.8803 1.8573 0.2317 10.7058 81.3316 -85.5222 56.6458 56.7445 27.8405 31.5885 21.6170 86.2957 -0.9732 0.6756 -1.3191 0.0000 0.0000 0.0001 0.0000 0.0000 0.0000 0.0000 -0.0013 -0.0008 0.0000 -0.0004 0.0001 0.0000 0.0000 0.0000 0.0000 0.0000 0.0000 0.0000 0.0002 -0.0001 0.0000 -0.0006 0.0003 0.0000 0.0004 -0.0006 0.0000 0.0000 0.0001 0.0000 0.0000 0.0000 0.0000 -0.0010 -0.0002 0.0000 0.0002 30.0001 -0.0001 0.0005 -29.9998 0.0000 0.0000 0.0000 0.0427 4.1966 3.8362 0.0427 4.1966 3.8362 -12.7905 82.3435 99.0805 -47.4129 66.5445 -30.8722 -25.2424 22.6462 -88.1440 1.3277 0.1077 3.5343 0.0000 -0.0001 0.0001 0.0000 0.0000 0.0000 0.0000 -0.0006 0.0003 0.0000 -0.0001 0.0001 0.0000 0.0000 0.0000 0.0000 0.0000 0.0000 0.0000 0.0007 0.0001 0.0000 -0.0011 0.0001 0.0000 -0.0008 0.0003 0.0000 0.0001 0.0000 0.0000 0.0000 0.0000 0.0000 -0.0009 0.0000 0.0000 0.0002 -29.9997 -0.0001 -0.0003 29.9996 0.0000 0.0000 0.0000 7.2317 1.5098 177.3757 0.0559 -26.2518 0.0698 -19.9254 86.6518 -21.4405 0.0000 25.0819 0.0000 -7.4180 -22.6247 179.6523 0.7295 -26.3344 -0.2528 13.0135 61.2163 7.1321 0.0000 26.3156 -0.0001 
-4.3911 88.9583 -14.4452 -2.7965 -4.0127 0.6987 -2.7456 1.8072 0.2374 -2.7479 1.8087 0.2375 -2.7538 1.8127 0.2379 10.1583 81.6898 -86.4740 56.5128 56.7801 28.0106 31.5066 21.4091 86.2636 -0.9616 0.6628 -1.3263 0.0000 0.0000 0.0001 0.0000 0.0000 0.0000 0.0000 -0.0013 -0.0008 0.0000 -0.0004 0.0001 0.0000 0.0000 0.0000 0.0000 0.0000 0.0000 0.0000 0.0002 -0.0001 0.0000 -0.0006 0.0003 0.0000 0.0004 -0.0006 0.0000 0.0000 0.0001 0.0000 0.0000 0.0000 0.0000 -0.0010 -0.0002 0.0000 0.0002 30.0001 -0.0001 0.0005 -29.9998 0.0000 0.0000 0.0000 -0.2038 4.3026 3.7517 -0.2038 4.3026 3.7517 -14.0406 82.1837 97.5031 -47.4094 66.2752 -30.4209 -25.3480 22.8756 -88.0617 1.3395 0.1350 3.4744 0.0000 -0.0001 0.0001 0.0000 0.0000 0.0000 0.0000 -0.0006 0.0003 0.0000 -0.0001 0.0001 0.0000 0.0000 0.0000 0.0000 0.0000 0.0000 0.0000 0.0007 0.0001 0.0000 -0.0011 0.0001 0.0000 -0.0008 0.0003 0.0000 0.0001 0.0000 0.0000 0.0000 0.0000 0.0000 -0.0009 0.0000 0.0000 0.0002 -29.9996 -0.0001 -0.0002 29.9996 0.0000 0.0000 0.0000 6.8711 1.7270 177.3729 0.0826 -26.1195 0.0637 -19.3538 86.5744 -20.9660 0.0000 25.0417 0.0000 -7.0521 -22.0593 179.5508 0.7238 -25.5129 -0.2460 12.8401 61.0586 6.0576 0.0000 26.1238 -0.0001 
-4.3368 88.9963 -14.4895 -2.1565 -4.2599 0.6463 -2.5933 1.7755 0.2356 -2.5953 1.7769 0.2357 -2.6011 1.7809 0.2362 9.7868 82.0263 -87.2746 56.5151 56.8202 28.2172 31.4574 21.2022 86.2569 -0.9461 0.6473 -1.3276 0.0000 0.0000 0.0001 0.0000 0.0000 0.0000 0.0000 -0.0013 -0.0008 0.0000 -0.0004 0.0001 0.0000 0.0000 0.0000 0.0000 0.0000 0.0000 0.0000 0.0002 0.0000 0.0000 -0.0006 0.0003 0.0000 0.0004 -0.0006 0.0000 0.0000 0.0001 0.0000 0.0000 0.0000 0.0000 -0.0010 -0.0002 0.0000 0.0002 30.0001 -0.0001 0.0005 -29.9998 0.0000 0.0000 0.0000 -0.5517 4.3794 3.7116 -0.5517 4.3794 3.7116 -14.9108 82.0288 96.2498 -47.3671 65.8426 -29.9435 -25.4490 23.1387 -87.9505 1.3554 0.1706 3.4049 0.0000 -0.0001 0.0001 0.0000 0.0000 0.0000 0.0000 -0.0006 0.0003 0.0000 -0.0001 0.0001 0.0000 0.0000 0.0000 0.0000 0.0000 0.0000 0.0000 0.0007 0.0001 0.0000 -0.0012 0.0001 0.0000 -0.0008 0.0003 0.0000 0.0001 0.0000 0.0000 0.0000 0.0000 0.0000 -0.0009 0.0000 0.0000 0.0002 -29.9996 -0.0001 -0.0003 29.9996 0.0000 0.0000 0.0000 6.4357 1.9494 177.4070 0.1027 -25.9906 0.0591 -18.5938 86.5141 -20.3567 0.0000 25.0430 0.0000 -6.6096 -21.4377 179.4214 0.7154 -24.6375 -0.2384 13.0731 60.8324 5.1987 0.0000 25.9719 -0.0001 
-4.2729 89.0394 -14.5369 -1.3907 -4.5227 0.5820 -2.4177 1.7513 0.2207 -2.4193 1.7526 0.2208 -2.4249 1.7566 0.2212 9.6119 82.3606 -87.8912 56.5713 56.8975 28.4355 31.4756 20.9930 86.2522 -0.9267 0.6291 -1.3240 0.0000 0.0000 0.0001 0.0000 0.0000 0.0000 0.0000 -0.0013 -0.0008 0.0000 -0.0004 0.0001 0.0000 0.0000 0.0000 0.0000 0.0000 0.0000 0.0000 0.0002 0.0000 0.0000 -0.0006 0.0003 0.0000 0.0004 -0.0006 0.0000 0.0000 0.0001 0.0000 0.0000 0.0000 0.0000 -0.0010 -0.0002 0.0000 0.0003 30.0001 -0.0001 0.0005 -29.9998 0.0000 0.0000 0.0000 -0.9862 4.4407 3.7028 -0.9862 4.4407 3.7027 -15.4148 81.8784 95.3163 -47.2224 65.2870 -29.3785 -25.5601 23.4373 -87.8052 1.3741 0.2126 3.3277 0.0000 -0.0001 0.0001 0.0000 0.0000 0.0000 0.0000 -0.0006 0.0003 0.0000 -0.0001 0.0001 0.0000 0.0000 0.0000 0.0000 0.0000 0.0000 0.0000 0.0007 0.0001 0.0000 -0.0012 0.0001 0.0000 -0.0008 0.0003 0.0000 0.0001 0.0000 0.0000 0.0000 0.0000 0.0000 -0.0009 0.0000 0.0000 0.0002 -29.9996 -0.0001 -0.0003 29.9996 0.0000 0.0000 0.0000 5.9103 2.1756 177.4415 0.1177 -25.8604 0.0558 -17.7907 86.4586 -19.7194 0.0000 25.0442 0.0000 -6.5873 -20.7744 179.3283 0.6906 -23.7226 -0.2273 13.0679 60.5647 4.3628 0.0000 25.8750 -0.0001 
-4.1799 89.0799 -14.5952 -0.4806 -4.7957 0.5190 -2.2008 1.7334 0.1903 -2.2022 1.7345 0.1904 -2.2074 1.7386 0.1907 9.5107 82.6894 -88.4292 56.6471 56.9612 28.7037 31.5402 20.7975 86.2575 -0.9078 0.6109 -1.3208 0.0000 0.0000 0.0001 0.0000 0.0000 0.0000 0.0000 -0.0013 -0.0008 0.0000 -0.0004 0.0001 0.0000 0.0000 0.0000 0.0000 0.0000 0.0000 0.0000 0.0002 0.0000 0.0000 -0.0006 0.0003 0.0000 0.0004 -0.0006 0.0000 0.0000 0.0001 0.0000 0.0000 0.0000 0.0000 -0.0010 -0.0002 0.0000 0.0002 30.0001 -0.0001 0.0005 -29.9998 0.0000 0.0000 0.0000 -1.5431 4.4886 3.7207 -1.5431 4.4886 3.7207 -15.5957 81.7148 94.6682 -46.9597 64.5855 -28.7108 -25.6724 23.7986 -87.5857 1.3964 0.2627 3.2408 0.0000 -0.0001 0.0001 0.0000 0.0000 0.0000 0.0000 -0.0006 0.0003 0.0000 -0.0001 0.0001 0.0000 0.0000 0.0000 0.0000 0.0000 0.0000 0.0000 0.0007 0.0001 0.0000 -0.0012 0.0001 0.0000 -0.0008 0.0003 0.0000 0.0001 0.0000 0.0000 0.0000 0.0000 0.0000 -0.0008 0.0000 0.0000 0.0002 -29.9996 -0.0001 -0.0003 29.9996 0.0000 0.0000 0.0000 5.2653 2.4042 177.4448 0.1245 -25.7158 0.0544 -16.9284 86.4055 -19.0322 0.0000 25.0458 0.0000 -6.9743 -20.0838 179.2587 0.6562 -22.7721 -0.2144 12.8710 60.2429 3.5761 0.0000 25.9183 -0.0001 
-4.0763 89.1136 -14.6634 0.4933 -5.0616 0.4681 -1.9404 1.7134 0.1487 -1.9414 1.7143 0.1487 -1.9462 1.7186 0.1490 9.5399 83.0143 -88.7457 56.5444 57.0476 28.9930 31.6023 20.5989 86.2942 -0.9005 0.6003 -1.3332 0.0000 0.0000 0.0001 0.0000 0.0000 0.0000 0.0000 -0.0013 -0.0008 0.0000 -0.0004 0.0001 0.0000 0.0000 0.0000 0.0000 0.0000 0.0000 0.0000 0.0002 -0.0001 0.0000 -0.0006 0.0003 0.0000 0.0004 -0.0006 0.0000 0.0000 0.0001 0.0000 0.0000 0.0000 0.0000 -0.0010 -0.0002 0.0000 0.0002 30.0001 -0.0001 0.0005 -29.9998 0.0000 0.0000 0.0000 -2.1813 4.5410 3.7526 -2.1813 4.5410 3.7526 -15.7773 81.5543 94.0718 -46.8601 63.7510 -28.2074 -25.7497 24.2090 -87.2925 1.4170 0.3169 3.1425 0.0000 -0.0001 0.0001 0.0000 0.0000 0.0000 0.0000 -0.0006 0.0003 0.0000 -0.0001 0.0001 0.0000 0.0000 0.0000 0.0000 0.0000 0.0000 0.0000 0.0007 0.0001 0.0000 -0.0012 0.0001 0.0000 -0.0008 0.0003 0.0000 0.0001 0.0000 0.0000 0.0000 0.0000 0.0000 -0.0008 0.0000 0.0000 0.0002 -29.9996 -0.0001 -0.0003 29.9996 0.0000 0.0000 0.0000 4.5887 2.6253 177.4241 0.1322 -25.5607 0.0529 -16.1091 86.3502 -18.4128 0.0000 25.0476 0.0000 -7.4547 -19.3933 179.1870 0.6233 -21.7941 -0.2023 12.6902 59.8729 2.8334 0.0000 26.0759 -0.0001 
-3.9733 89.1413 -14.7417 1.4905 -5.3226 0.4280 -1.6337 1.6907 0.0993 -1.6344 1.6915 0.0994 -1.6386 1.6959 0.0996 9.6799 83.3442 -88.9254 56.3153 57.1135 29.3351 31.6604 20.3827 86.3710 -0.9029 0.5965 -1.3586 0.0000 0.0000 0.0001 0.0000 0.0000 0.0000 0.0000 -0.0013 -0.0008 0.0000 -0.0004 0.0001 0.0000 0.0000 0.0000 0.0000 0.0000 0.0000 0.0000 0.0002 -0.0001 0.0000 -0.0006 0.0003 0.0000 0.0004 -0.0006 0.0000 0.0000 0.0001 0.0000 0.0000 0.0000 0.0000 -0.0010 -0.0002 0.0000 0.0002 30.0001 -0.0001 0.0005 -29.9998 0.0000 0.0000 0.0000 -2.9004 4.6092 3.7973 -2.9004 4.6092 3.7973 -16.0143 81.3929 93.4998 -46.9707 62.8020 -27.8858 -25.7921 24.6462 -86.9421 1.4336 0.3739 3.0328 0.0000 -0.0001 0.0001 0.0000 0.0000 0.0000 0.0000 -0.0006 0.0003 0.0000 -0.0001 0.0001 0.0000 0.0000 0.0000 0.0000 0.0000 0.0000 0.0000 0.0007 0.0001 0.0000 -0.0012 0.0001 0.0000 -0.0008 0.0003 0.0000 0.0001 0.0000 0.0000 0.0000 0.0000 0.0000 -0.0008 0.0000 0.0000 0.0002 -29.9996 -0.0001 -0.0003 29.9996 0.0000 0.0000 0.0000 3.9100 2.8394 177.3884 0.1444 -25.4009 0.0503 -15.3992 86.2929 -17.9140 0.0000 25.0494 0.0000 -8.0253 -18.6930 179.1288 0.5957 -20.7944 -0.1916 12.4501 59.4829 2.0915 0.0000 26.3309 -0.0001 
-3.8602 89.1678 -14.8525 2.4686 -5.5744 0.4035 -1.2507 1.6632 0.0439 -1.2511 1.6638 0.0439 -1.2544 1.6682 0.0440 9.7553 83.6811 -89.1263 55.8813 57.1382 29.7081 31.7467 20.0983 86.4507 -0.9162 0.6027 -1.3966 0.0000 0.0000 0.0001 0.0000 0.0000 0.0000 0.0000 -0.0013 -0.0008 0.0000 -0.0004 0.0001 0.0000 0.0000 0.0000 0.0000 0.0000 0.0000 0.0000 0.0002 0.0000 0.0000 -0.0006 0.0003 0.0000 0.0004 -0.0006 0.0000 0.0000 0.0001 0.0000 0.0000 0.0000 0.0000 -0.0010 -0.0002 0.0000 0.0002 30.0001 -0.0001 0.0005 -29.9998 0.0000 0.0000 0.0000 -3.7310 4.7029 3.8514 -3.7310 4.7029 3.8514 -16.3760 81.1854 92.7996 -47.1581 61.8355 -27.4959 -25.8244 25.0958 -86.5501 1.4448 0.4330 2.9106 0.0000 -0.0001 0.0001 0.0000 0.0000 0.0000 0.0000 -0.0006 0.0003 0.0000 -0.0001 0.0001 0.0000 0.0000 0.0000 0.0000 0.0000 0.0000 0.0000 0.0007 0.0001 0.0000 -0.0012 0.0001 0.0000 -0.0008 0.0003 0.0000 0.0001 0.0000 0.0000 0.0000 0.0000 0.0000 -0.0009 0.0000 0.0000 0.0002 -29.9996 -0.0001 -0.0003 29.9996 0.0000 0.0000 0.0000 3.2554 3.0125 177.3220 0.1571 -25.2682 0.0477 -14.6416 86.2314 -17.3548 0.0000 25.0513 0.0000 -8.7078 -17.9633 179.0771 0.5651 -19.7476 -0.1807 12.1198 59.0743 1.3794 0.0000 26.7005 -0.0001 
-3.7232 89.1928 -14.9901 3.3788 -5.8173 0.3781 -0.8092 1.6422 -0.0040 -0.8094 1.6427 -0.0040 -0.8116 1.6472 -0.0041 9.2764 83.9822 -89.8694 55.3077 57.1090 30.0779 31.8401 19.8076 86.5104 -0.9364 0.6143 -1.4442 0.0000 0.0000 0.0001 0.0000 0.0000 0.0000 0.0000 -0.0013 -0.0008 0.0000 -0.0004 0.0001 0.0000 0.0000 0.0000 0.0000 0.0000 0.0000 0.0000 0.0002 0.0000 0.0000 -0.0006 0.0003 0.0000 0.0004 -0.0006 0.0000 0.0000 0.0001 0.0000 0.0000 0.0000 0.0000 -0.0010 -0.0002 0.0000 0.0002 30.0001 -0.0001 0.0005 -29.9998 0.0000 0.0000 0.0000 -4.6245 4.8011 3.9016 -4.6245 4.8011 3.9016 -17.0089 80.9462 91.8165 -47.4843 60.9008 -27.1228 -25.8616 25.5647 -86.1734 1.4509 0.4900 2.7829 0.0000 -0.0001 0.0001 0.0000 0.0000 0.0000 0.0000 -0.0006 0.0003 0.0000 -0.0001 0.0001 0.0000 0.0000 0.0000 0.0000 0.0000 0.0000 0.0000 0.0007 0.0001 0.0000 -0.0012 0.0001 0.0000 -0.0008 0.0003 0.0000 0.0001 0.0000 0.0000 0.0000 0.0000 0.0000 -0.0009 0.0000 0.0000 0.0002 -29.9996 -0.0001 -0.0003 29.9996 0.0000 0.0000 0.0000 2.6606 3.1354 177.2340 0.1607 -25.1944 0.0469 -13.5135 86.1776 -16.4031 0.0000 25.0529 0.0000 -9.4108 -17.2128 179.0174 0.5279 -18.6698 -0.1692 11.7879 58.6462 0.7548 0.0000 27.1318 -0.0001 
-3.5686 89.2084 -15.1327 4.2177 -6.0494 0.3549 -0.3066 1.6267 -0.0435 -0.3066 1.6271 -0.0435 -0.3075 1.6316 -0.0437 8.2256 84.2564 -91.1323 54.6788 57.0437 30.4828 31.9295 19.5181 86.5501 -0.9606 0.6293 -1.4982 0.0000 0.0000 0.0001 0.0000 0.0000 0.0000 0.0000 -0.0013 -0.0008 0.0000 -0.0004 0.0001 0.0000 0.0000 0.0000 0.0000 0.0000 0.0000 0.0000 0.0002 0.0000 0.0000 -0.0006 0.0003 0.0000 0.0004 -0.0006 0.0000 0.0000 0.0001 0.0000 0.0000 0.0000 0.0000 -0.0010 -0.0002 0.0000 0.0002 30.0001 -0.0001 0.0005 -29.9998 0.0000 0.0000 0.0000 -5.5806 4.8969 3.9526 -5.5806 4.8969 3.9526 -17.8702 80.7009 90.6518 -47.9379 60.0021 -26.7882 -25.9233 26.0863 -85.8299 1.4510 0.5408 2.6525 0.0000 -0.0001 0.0001 0.0000 0.0000 0.0000 0.0000 -0.0006 0.0003 0.0000 -0.0001 0.0001 0.0000 0.0000 0.0000 0.0000 0.0000 0.0000 0.0000 0.0007 0.0001 0.0000 -0.0012 0.0001 0.0000 -0.0008 0.0003 0.0000 0.0001 0.0000 0.0000 0.0000 0.0000 0.0000 -0.0009 0.0000 0.0000 0.0002 -29.9997 -0.0001 -0.0003 29.9996 0.0000 0.0000 0.0000 2.1227 3.2201 177.1264 0.1575 -25.1836 0.0477 -12.0769 86.1430 -15.1183 0.0000 25.0541 0.0000 -10.0947 -16.4727 178.9424 0.4889 -17.5673 -0.1580 11.4701 58.1805 0.2048 0.0000 27.2105 -0.0001 
-3.4100 89.2063 -15.2322 4.9531 -6.2664 0.3365 0.2512 1.6195 -0.0701 0.2513 1.6199 -0.0701 0.2520 1.6244 -0.0703 6.3948 84.5195 -93.1546 54.0449 56.9795 31.0298 32.0026 19.2247 86.5240 -0.9860 0.6444 -1.5604 0.0000 0.0000 0.0001 0.0000 0.0000 0.0000 0.0000 -0.0013 -0.0008 0.0000 -0.0004 0.0001 0.0000 0.0000 0.0000 0.0000 0.0000 0.0000 0.0000 0.0002 0.0000 0.0000 -0.0006 0.0003 0.0000 0.0004 -0.0006 0.0000 0.0000 0.0001 0.0000 0.0000 0.0000 0.0000 -0.0010 -0.0002 0.0000 0.0002 30.0001 -0.0001 0.0005 -29.9998 0.0000 0.0000 0.0000 -6.5793 4.9721 3.9925 -6.5793 4.9721 3.9925 -18.9638 80.4656 89.2700 -48.3952 59.1848 -26.3990 -26.0420 26.6684 -85.5300 1.4465 0.5851 2.5221 0.0000 -0.0001 0.0001 0.0000 0.0000 0.0000 0.0000 -0.0006 0.0003 0.0000 -0.0001 0.0001 0.0000 0.0000 0.0000 0.0000 0.0000 0.0000 0.0000 0.0007 0.0001 0.0000 -0.0012 0.0001 0.0000 -0.0008 0.0003 0.0000 0.0001 0.0000 0.0000 0.0000 0.0000 0.0000 -0.0009 0.0000 0.0000 0.0002 -29.9996 -0.0001 -0.0003 29.9996 0.0000 0.0000 0.0000 1.6467 3.2929 177.0063 0.1503 -25.2424 0.0492 -10.4960 86.1520 -13.6417 0.0000 25.0548 0.0000 -10.7218 -15.7849 178.8493 0.4536 -16.4594 -0.1481 11.1805 57.6550 -0.2493 0.0000 27.1280 -0.0001 
-3.2584 89.1930 -15.2762 5.6171 -6.4630 0.3195 0.8190 1.6157 -0.0917 0.8192 1.6161 -0.0917 0.8215 1.6206 -0.0919 4.0552 84.8089 -95.7066 53.3575 56.9597 31.6074 32.0938 18.9168 86.4687 -1.0105 0.6584 -1.6266 0.0000 0.0000 0.0001 0.0000 0.0000 0.0000 0.0000 -0.0013 -0.0008 0.0000 -0.0004 0.0001 0.0000 0.0000 0.0000 0.0000 0.0000 0.0000 0.0000 0.0002 0.0000 0.0000 -0.0006 0.0003 0.0000 0.0004 -0.0006 0.0000 0.0000 0.0001 0.0000 0.0000 0.0000 0.0000 -0.0010 -0.0002 0.0000 0.0002 30.0001 -0.0001 0.0005 -29.9998 0.0000 0.0000 0.0000 -7.5698 5.0245 4.0142 -7.5698 5.0245 4.0142 -20.0347 80.2386 87.7482 -48.6163 58.5794 -25.7309 -26.2608 27.3173 -85.2583 1.4373 0.6214 2.3961 0.0000 -0.0001 0.0001 0.0000 0.0000 0.0000 0.0000 -0.0006 0.0003 0.0000 -0.0001 0.0001 0.0000 0.0000 0.0000 0.0000 0.0000 0.0000 0.0000 0.0007 0.0001 0.0000 -0.0012 0.0001 0.0000 -0.0008 0.0003 0.0000 0.0001 0.0000 0.0000 0.0000 0.0000 0.0000 -0.0009 0.0000 0.0000 0.0002 -29.9996 -0.0001 -0.0003 29.9996 0.0000 0.0000 0.0000 1.0497 3.3754 176.8431 0.1366 -25.3107 0.0522 -9.5947 86.1801 -12.6597 0.0000 25.0552 0.0000 -11.2807 -15.1453 178.7459 0.4216 -15.3533 -0.1393 10.9585 57.0813 -0.6124 0.0000 27.0631 -0.0001 
-3.1088 89.1784 -15.2957 6.2266 -6.6349 0.3116 1.3886 1.6201 -0.1197 1.3891 1.6208 -0.1197 1.3927 1.6251 -0.1200 1.4700 85.0736 -98.4932 52.6530 57.0060 32.1812 32.2073 18.6222 86.3854 -1.0342 0.6717 -1.6946 0.0000 0.0000 0.0001 0.0000 0.0000 0.0000 0.0000 -0.0013 -0.0008 0.0000 -0.0004 0.0001 0.0000 0.0000 0.0000 0.0000 0.0000 0.0000 0.0000 0.0003 0.0000 0.0000 -0.0006 0.0003 0.0000 0.0004 -0.0006 0.0000 0.0000 0.0001 0.0000 0.0000 0.0000 0.0000 -0.0010 -0.0002 0.0000 0.0002 30.0001 -0.0001 0.0005 -29.9998 0.0000 0.0000 0.0000 -8.5440 5.0510 4.0395 -8.5440 5.0510 4.0395 -21.1162 80.0247 86.2478 -48.8360 58.0841 -25.1004 -26.5699 28.0469 -85.0030 1.4216 0.6464 2.2759 0.0000 -0.0001 0.0001 0.0000 0.0000 0.0000 0.0000 -0.0006 0.0003 0.0000 -0.0001 0.0001 0.0000 0.0000 0.0000 0.0000 0.0000 0.0000 0.0000 0.0007 0.0001 0.0000 -0.0012 0.0001 0.0000 -0.0008 0.0003 0.0000 0.0001 0.0000 0.0000 0.0000 0.0000 0.0000 -0.0009 0.0000 0.0000 0.0002 -29.9997 -0.0001 -0.0003 29.9996 0.0000 0.0000 0.0000 0.5091 3.4523 176.6770 0.1227 -25.3830 0.0552 -8.5207 86.2166 -11.5028 0.0000 25.0554 0.0000 -11.7574 -14.5381 178.6230 0.3898 -14.2311 -0.1312 10.8283 56.4564 -0.8975 0.0000 27.0225 -0.0001 
-2.9686 89.1648 -15.3350 6.8003 -6.7681 0.3295 1.9300 1.6171 -0.1738 1.9309 1.6180 -0.1739 1.9358 1.6221 -0.1742 -1.0178 85.3267 -101.1387 51.9435 57.1684 32.6559 32.3403 18.3504 86.2912 -1.0541 0.6822 -1.7588 0.0000 0.0000 0.0001 0.0000 0.0000 0.0000 0.0000 -0.0013 -0.0008 0.0000 -0.0004 0.0001 0.0000 0.0000 0.0000 0.0000 0.0000 0.0000 0.0000 0.0002 -0.0001 0.0000 -0.0006 0.0003 0.0000 0.0004 -0.0006 0.0000 0.0000 0.0001 0.0000 0.0000 0.0000 0.0000 -0.0010 -0.0002 0.0000 0.0003 30.0001 -0.0001 0.0005 -29.9998 0.0000 0.0000 0.0000 -9.4686 5.0817 4.0911 -9.4686 5.0817 4.0911 -22.1896 79.8949 84.8385 -49.1768 57.8385 -24.5890 -26.9860 28.7157 -84.7823 1.3860 0.6502 2.1551 0.0000 -0.0001 0.0001 0.0000 0.0000 0.0000 0.0000 -0.0006 0.0003 0.0000 -0.0001 0.0001 0.0000 0.0000 0.0000 0.0000 0.0000 0.0000 0.0000 0.0007 0.0001 0.0000 -0.0011 0.0001 0.0000 -0.0008 0.0003 0.0000 0.0001 0.0000 0.0000 0.0000 0.0000 0.0000 -0.0009 0.0000 0.0000 0.0002 -29.9996 -0.0001 -0.0002 29.9996 0.0000 0.0000 0.0000 0.0313 3.4718 176.4980 0.1088 -25.4704 0.0582 -7.1094 86.2341 -10.0247 0.0000 25.0552 0.0000 -12.1597 -13.9569 178.4726 0.3580 -13.0634 -0.1236 10.7758 55.7683 -1.1343 0.0000 27.0140 -0.0001 
-2.8361 89.1500 -15.4042 7.3907 -6.8694 0.3644 2.3942 1.6050 -0.2474 2.3958 1.6061 -0.2475 2.4014 1.6099 -0.2480 -3.2232 85.5818 -103.5196 51.3315 57.4508 33.0647 32.4559 18.0997 86.2123 -1.0675 0.6862 -1.8181 0.0000 0.0000 0.0001 0.0000 0.0000 0.0000 0.0000 -0.0013 -0.0008 0.0000 -0.0004 0.0001 0.0000 0.0000 0.0000 0.0000 0.0000 0.0000 0.0000 0.0002 -0.0001 0.0000 -0.0006 0.0003 0.0000 0.0004 -0.0006 0.0000 0.0000 0.0001 0.0000 0.0000 0.0000 0.0000 -0.0010 -0.0002 0.0000 0.0002 30.0001 -0.0001 0.0005 -29.9998 0.0000 0.0000 0.0000 -10.2977 5.1349 4.1520 -10.2977 5.1349 4.1520 -23.1177 79.8587 83.5820 -49.7640 57.6427 -24.3240 -27.2994 29.2772 -84.6547 1.3443 0.6457 2.0407 0.0000 -0.0001 0.0001 0.0000 0.0000 0.0000 0.0000 -0.0006 0.0003 0.0000 -0.0001 0.0001 0.0000 0.0000 0.0000 0.0000 0.0000 0.0000 0.0000 0.0007 0.0001 0.0000 -0.0012 0.0001 0.0000 -0.0008 0.0003 0.0000 0.0001 0.0000 0.0000 0.0000 0.0000 0.0000 -0.0008 0.0000 0.0000 0.0002 -29.9996 -0.0001 -0.0003 29.9996 0.0000 0.0000 0.0000 -0.4253 3.4235 176.3091 0.0904 -25.5852 0.0623 -5.3601 86.2305 -8.2405 0.0000 25.0549 0.0000 -12.5796 -13.4585 178.3132 0.3295 -11.9995 -0.1172 10.7353 55.1196 -1.3514 0.0000 27.0235 -0.0001 
-2.7207 89.1339 -15.4837 8.0127 -6.9463 0.4076 2.7687 1.5892 -0.3412 2.7708 1.5905 -0.3414 2.7770 1.5940 -0.3421 -4.9602 85.8238 -105.4633 50.8219 57.8090 33.3563 32.5406 17.8704 86.1785 -1.0757 0.6853 -1.8709 0.0000 0.0000 0.0001 0.0000 0.0000 0.0000 0.0000 -0.0013 -0.0008 0.0000 -0.0004 0.0001 0.0000 0.0000 0.0000 0.0000 0.0000 0.0000 0.0000 0.0002 0.0000 0.0000 -0.0006 0.0003 0.0000 0.0004 -0.0006 0.0000 0.0000 0.0001 0.0000 0.0000 0.0000 0.0000 -0.0010 -0.0002 0.0000 0.0002 30.0001 -0.0001 0.0005 -29.9998 0.0000 0.0000 0.0000 -11.0167 5.2112 4.2268 -11.0167 5.2112 4.2268 -23.8324 79.9232 82.5302 -50.5304 57.4977 -24.2760 -27.5152 29.7143 -84.6015 1.2978 0.6341 1.9342 0.0000 -0.0001 0.0001 0.0000 0.0000 0.0000 0.0000 -0.0006 0.0003 0.0000 -0.0001 0.0001 0.0000 0.0000 0.0000 0.0000 0.0000 0.0000 0.0000 0.0007 0.0001 0.0000 -0.0011 0.0001 0.0000 -0.0008 0.0003 0.0000 0.0001 0.0000 0.0000 0.0000 0.0000 0.0000 -0.0008 0.0000 0.0000 0.0002 -29.9996 -0.0001 -0.0003 29.9996 0.0000 0.0000 0.0000 -0.8801 3.3249 176.1247 0.0716 -25.7284 0.0665 -3.5031 86.2209 -6.3792 0.0000 25.0545 0.0000 -13.0371 -13.0764 178.1480 0.3053 -11.1426 -0.1124 10.7081 54.5768 -1.5356 0.0000 27.0441 -0.0001 
-2.6329 89.1045 -15.5564 8.6966 -6.9973 0.4470 3.0292 1.5721 -0.4489 3.0320 1.5736 -0.4493 3.0383 1.5769 -0.4501 -6.2343 86.0004 -106.8759 50.4829 58.2174 33.4180 32.5295 17.6923 86.1869 -1.0758 0.6778 -1.9089 0.0000 0.0000 0.0001 0.0000 0.0000 0.0000 0.0000 -0.0013 -0.0008 0.0000 -0.0004 0.0001 0.0000 0.0000 0.0000 0.0000 0.0000 0.0000 0.0000 0.0002 0.0000 0.0000 -0.0007 0.0003 0.0000 0.0004 -0.0006 0.0000 0.0000 0.0001 0.0000 0.0000 0.0000 0.0000 -0.0010 -0.0002 0.0000 0.0002 30.0001 -0.0001 0.0005 -29.9998 0.0000 0.0000 0.0000 -11.6089 5.3080 4.3225 -11.6089 5.3080 4.3225 -24.4294 80.0909 81.6993 -51.5591 57.3950 -24.5440 -27.5769 29.9849 -84.6489 1.2482 0.6140 1.8411 0.0000 -0.0001 0.0001 0.0000 0.0000 0.0000 0.0000 -0.0006 0.0003 0.0000 -0.0001 0.0001 0.0000 0.0000 0.0000 0.0000 0.0000 0.0000 0.0000 0.0007 0.0001 0.0000 -0.0012 0.0001 0.0000 -0.0008 0.0003 0.0000 0.0001 0.0000 0.0000 0.0000 0.0000 0.0000 -0.0009 0.0000 0.0000 0.0002 -29.9996 -0.0001 -0.0003 29.9996 0.0000 0.0000 0.0000 -1.3655 3.1821 175.9623 0.0537 -25.9051 0.0704 -1.5941 86.2174 -4.5019 0.0000 25.0540 0.0000 -13.5587 -12.9279 177.9888 0.2923 -10.7519 -0.1101 10.6911 54.2838 -1.6828 0.0000 27.0719 -0.0001 
-2.5677 89.0802 -15.6314 9.4286 -7.0374 0.4763 3.1852 1.5517 -0.5495 3.1884 1.5533 -0.5500 3.1948 1.5565 -0.5510 -7.4713 86.1306 -108.2260 50.3229 58.6267 33.4005 32.4221 17.5746 86.2279 -1.0699 0.6637 -1.9386 0.0000 0.0000 0.0001 0.0000 0.0000 0.0000 0.0000 -0.0013 -0.0008 0.0000 -0.0004 0.0001 0.0000 0.0000 0.0000 0.0000 0.0000 0.0000 0.0000 0.0002 0.0000 0.0000 -0.0006 0.0003 0.0000 0.0004 -0.0006 0.0000 0.0000 0.0001 0.0000 0.0000 0.0000 0.0000 -0.0010 -0.0002 0.0000 0.0002 30.0001 -0.0001 0.0005 -29.9998 0.0000 0.0000 0.0000 -12.0859 5.4101 4.4073 -12.0860 5.4101 4.4073 -25.1175 80.3315 80.8425 -52.7296 57.3214 -25.0112 -27.5366 30.1176 -84.7718 1.1995 0.5912 1.7588 0.0000 -0.0001 0.0001 0.0000 0.0000 0.0000 0.0000 -0.0006 0.0003 0.0000 -0.0001 0.0001 0.0000 0.0000 0.0000 0.0000 0.0000 0.0000 0.0000 0.0007 0.0001 0.0000 -0.0012 0.0001 0.0000 -0.0008 0.0003 0.0000 0.0001 0.0000 0.0000 0.0000 0.0000 0.0000 -0.0009 0.0000 0.0000 0.0002 -29.9996 -0.0001 -0.0003 29.9996 0.0000 0.0000 0.0000 -1.9051 3.0101 175.8201 0.0395 -26.1003 0.0736 0.2558 86.2042 -2.6870 0.0000 25.0532 0.0000 -14.1306 -12.8909 177.8417 0.2852 -10.5822 -0.1090 10.6366 54.1183 -1.8613 0.0000 27.0911 -0.0001 
-2.5125 89.0651 -15.7079 10.1861 -7.0725 0.4946 3.2455 1.5314 -0.6320 3.2488 1.5330 -0.6326 3.2552 1.5361 -0.6337 -8.8875 86.2195 -109.7769 50.2954 59.0251 33.3377 32.2457 17.4986 86.2979 -1.0595 0.6440 -1.9639 0.0000 0.0000 0.0001 0.0000 0.0000 0.0000 0.0000 -0.0013 -0.0008 0.0000 -0.0004 0.0001 0.0000 0.0000 0.0000 0.0000 0.0000 0.0000 0.0000 0.0002 0.0000 0.0000 -0.0006 0.0003 0.0000 0.0004 -0.0006 0.0000 0.0000 0.0001 0.0000 0.0000 0.0000 0.0000 -0.0010 -0.0002 0.0000 0.0002 30.0001 -0.0001 0.0005 -29.9998 0.0000 0.0000 0.0000 -12.4560 5.4984 4.4543 -12.4561 5.4984 4.4543 -25.8441 80.5946 79.9612 -53.8526 57.1907 -25.5513 -27.4164 30.2602 -84.9070 1.1593 0.5724 1.6894 0.0000 -0.0001 0.0001 0.0000 0.0000 0.0000 0.0000 -0.0006 0.0003 0.0000 -0.0001 0.0001 0.0000 0.0000 0.0000 0.0000 0.0000 0.0000 0.0000 0.0007 0.0001 0.0000 -0.0012 0.0001 0.0000 -0.0008 0.0003 0.0000 0.0001 0.0000 0.0000 0.0000 0.0000 0.0000 -0.0008 0.0000 0.0000 0.0002 -29.9996 -0.0001 -0.0003 29.9996 0.0000 0.0000 0.0000 -2.4906 2.8357 175.6899 0.0248 -26.2770 0.0770 2.1078 86.1648 -0.8653 0.0000 25.0523 0.0000 -14.7336 -12.8974 177.7092 0.2816 -10.5079 -0.1085 10.5427 54.0186 -2.0765 0.0000 27.1004 -0.0001 
-2.4665 89.0805 -15.8029 10.9268 -7.1074 0.4979 3.2187 1.5100 -0.6861 3.2220 1.5116 -0.6867 3.2284 1.5146 -0.6880 -10.2850 86.2677 -111.2742 50.3892 59.4364 33.2167 32.0396 17.4145 86.3911 -1.0437 0.6205 -1.9817 0.0000 0.0000 0.0001 0.0000 0.0000 0.0000 0.0000 -0.0013 -0.0008 0.0000 -0.0004 0.0001 0.0000 0.0000 0.0000 0.0000 0.0000 0.0000 0.0000 0.0002 0.0000 0.0000 -0.0006 0.0003 0.0000 0.0004 -0.0006 0.0000 0.0000 0.0001 0.0000 0.0000 0.0000 0.0000 -0.0010 -0.0002 0.0000 0.0002 30.0001 -0.0001 0.0005 -29.9998 0.0000 0.0000 0.0000 -12.7271 5.5554 4.4416 -12.7271 5.5554 4.4416 -26.7148 80.8545 79.0256 -54.5689 57.1214 -25.9080 -27.3734 30.4841 -84.9640 1.1273 0.5553 1.6351 0.0000 -0.0001 0.0001 0.0000 0.0000 0.0000 0.0000 -0.0006 0.0003 0.0000 -0.0001 0.0001 0.0000 0.0000 0.0000 0.0000 0.0000 0.0000 0.0000 0.0007 0.0001 0.0000 -0.0012 0.0001 0.0000 -0.0008 0.0003 0.0000 0.0001 0.0000 0.0000 0.0000 0.0000 0.0000 -0.0009 0.0000 0.0000 0.0002 -29.9996 -0.0001 -0.0003 29.9996 0.0000 0.0000 0.0000 -3.1032 2.6696 175.5742 0.0080 -26.4005 0.0809 3.9648 86.0657 0.9761 0.0000 25.0512 0.0000 -15.3434 -12.8831 177.5891 0.2773 -10.4385 -0.1080 10.4259 53.9510 -2.3004 0.0000 27.0988 -0.0001 
-2.4392 89.1062 -15.9159 11.5842 -7.1584 0.4893 3.1449 1.4902 -0.7169 3.1480 1.4917 -0.7176 3.1543 1.4948 -0.7190 -11.5592 86.2446 -112.6291 50.4901 59.8374 32.9944 31.8604 17.3121 86.4966 -1.0270 0.5976 -1.9954 0.0000 0.0000 0.0001 0.0000 0.0000 0.0000 0.0000 -0.0013 -0.0008 0.0000 -0.0004 0.0001 0.0000 0.0000 0.0000 0.0000 0.0000 0.0000 0.0000 0.0002 0.0000 0.0000 -0.0006 0.0003 0.0000 0.0004 -0.0006 0.0000 0.0000 0.0001 0.0000 0.0000 0.0000 0.0000 -0.0010 -0.0002 0.0000 0.0002 30.0001 -0.0001 0.0005 -29.9998 0.0000 0.0000 0.0000 -12.9174 5.5939 4.3891 -12.9174 5.5939 4.3891 -27.8467 81.0599 77.8775 -55.0829 57.1657 -26.1698 -27.3562 30.7276 -84.9780 1.1014 0.5391 1.5947 0.0000 -0.0001 0.0001 0.0000 0.0000 0.0000 0.0000 -0.0006 0.0003 0.0000 -0.0001 0.0001 0.0000 0.0000 0.0000 0.0000 0.0000 0.0000 0.0000 0.0007 0.0001 0.0000 -0.0011 0.0001 0.0000 -0.0008 0.0003 0.0000 0.0001 0.0000 0.0000 0.0000 0.0000 0.0000 -0.0009 0.0000 0.0000 0.0002 -29.9996 -0.0001 -0.0003 29.9996 0.0000 0.0000 0.0000 -3.6713 2.5337 175.4816 -0.0038 -26.4773 0.0836 5.6480 85.9172 2.6686 0.0000 25.0499 0.0000 -15.9007 -12.8533 177.4820 0.2732 -10.4064 -0.1075 10.3021 53.9157 -2.5095 0.0000 27.0959 -0.0001 
-2.4317 89.1371 -16.0527 12.1254 -7.2243 0.4814 3.0458 1.4722 -0.7327 3.0486 1.4736 -0.7333 3.0549 1.4767 -0.7347 -12.6185 86.1476 -113.7552 50.5470 60.2189 32.6453 31.7305 17.1584 86.6391 -1.0116 0.5778 -2.0075 0.0000 0.0000 0.0001 0.0000 0.0000 0.0000 0.0000 -0.0013 -0.0008 0.0000 -0.0004 0.0001 0.0000 0.0000 0.0000 0.0000 0.0000 0.0000 0.0000 0.0002 0.0000 0.0000 -0.0006 0.0003 0.0000 0.0004 -0.0006 0.0000 0.0000 0.0001 0.0000 0.0000 0.0000 0.0000 -0.0010 -0.0002 0.0000 0.0002 30.0001 -0.0001 0.0005 -29.9998 0.0000 0.0000 0.0000 -13.0348 5.6239 4.3140 -13.0348 5.6239 4.3140 -29.1847 81.2219 76.5555 -55.4211 57.3197 -26.3411 -27.3421 30.9422 -84.9743 1.0817 0.5244 1.5672 0.0000 -0.0001 0.0001 0.0000 0.0000 0.0000 0.0000 -0.0006 0.0003 0.0000 -0.0001 0.0001 0.0000 0.0000 0.0000 0.0000 0.0000 0.0000 0.0000 0.0007 0.0001 0.0000 -0.0012 0.0001 0.0000 -0.0008 0.0003 0.0000 0.0001 0.0000 0.0000 0.0000 0.0000 0.0000 -0.0009 0.0000 0.0000 0.0002 -29.9996 -0.0001 -0.0003 29.9996 0.0000 0.0000 0.0000 -4.1620 2.4128 175.4016 -0.0098 -26.5341 0.0851 7.0970 85.7344 4.1619 0.0000 25.0484 0.0000 -16.3702 -12.8252 177.3850 0.2700 -10.4161 -0.1072 10.1849 53.8995 -2.6831 0.0000 27.0971 -0.0001 
-2.4445 89.1663 -16.2171 12.4375 -7.3028 0.4933 2.9377 1.4523 -0.7367 2.9402 1.4537 -0.7373 2.9465 1.4568 -0.7388 -13.2417 85.9605 -114.4261 50.5976 60.5345 32.1764 31.6662 16.9134 86.8655 -0.9992 0.5638 -2.0182 0.0000 0.0000 0.0001 0.0000 0.0000 0.0000 0.0000 -0.0013 -0.0008 0.0000 -0.0004 0.0001 0.0000 0.0000 0.0000 0.0000 0.0000 0.0000 0.0000 0.0002 -0.0001 0.0000 -0.0006 0.0003 0.0000 0.0004 -0.0006 0.0000 0.0000 0.0001 0.0000 0.0000 0.0000 0.0000 -0.0010 -0.0002 0.0000 0.0003 30.0001 -0.0001 0.0005 -29.9998 0.0000 0.0000 0.0000 -13.0589 5.6450 4.2050 -13.0589 5.6450 4.2050 -30.7545 81.3617 75.0438 -55.5156 57.6209 -26.3948 -27.3076 31.0812 -84.9554 1.0695 0.5118 1.5564 0.0000 -0.0001 0.0001 0.0000 0.0000 0.0000 0.0000 -0.0006 0.0003 0.0000 -0.0001 0.0001 0.0000 0.0000 0.0000 0.0000 0.0000 0.0000 0.0000 0.0007 0.0001 0.0000 -0.0012 0.0001 0.0000 -0.0008 0.0003 0.0000 0.0001 0.0000 0.0000 0.0000 0.0000 0.0000 -0.0009 0.0000 0.0000 0.0002 -29.9996 -0.0001 -0.0003 29.9996 0.0000 0.0000 0.0000 -4.4691 2.3098 175.3246 -0.0134 -26.5774 0.0859 8.3900 85.5241 5.5419 0.0000 25.0466 0.0000 -16.6339 -12.8351 177.3103 0.2708 -10.4756 -0.1074 10.0922 53.8751 -2.8106 0.0000 27.1084 -0.0001 
-2.4610 89.1945 -16.3871 12.5351 -7.3807 0.5177 2.8352 1.4293 -0.7361 2.8375 1.4306 -0.7366 2.8437 1.4338 -0.7382 -13.2909 85.7171 -114.4883 50.7013 60.8346 31.6637 31.6658 16.5924 87.1445 -0.9870 0.5525 -2.0257 0.0000 0.0000 0.0001 0.0000 0.0000 0.0000 0.0000 -0.0013 -0.0008 0.0000 -0.0004 0.0001 0.0000 0.0000 0.0000 0.0000 0.0000 0.0000 0.0000 0.0002 -0.0001 0.0000 -0.0006 0.0003 0.0000 0.0004 -0.0006 0.0000 0.0000 0.0001 0.0000 0.0000 0.0000 0.0000 -0.0010 -0.0002 0.0000 0.0002 30.0001 -0.0001 0.0005 -29.9998 0.0000 0.0000 0.0000 -13.0023 5.6714 4.0933 -13.0023 5.6714 4.0933 -32.5136 81.5283 73.3667 -55.4480 58.0095 -26.4055 -27.2284 31.1231 -84.9612 1.0635 0.5009 1.5591 0.0000 -0.0001 0.0001 0.0000 0.0000 0.0000 0.0000 -0.0006 0.0003 0.0000 -0.0001 0.0001 0.0000 0.0000 0.0000 0.0000 0.0000 0.0000 0.0000 0.0007 0.0001 0.0000 -0.0012 0.0001 0.0000 -0.0008 0.0003 0.0000 0.0001 0.0000 0.0000 0.0000 0.0000 0.0000 -0.0009 0.0000 0.0000 0.0002 -29.9997 -0.0001 -0.0003 29.9996 0.0000 0.0000 0.0000 -4.5883 2.2328 175.2530 -0.0200 -26.5993 0.0875 9.6474 85.3103 6.9118 0.0000 25.0447 0.0000 -16.6976 -12.8980 177.2690 0.2752 -10.5829 -0.1081 10.0539 53.8417 -2.8772 0.0000 27.1254 -0.0001 
-2.4793 89.2203 -16.5496 12.4509 -7.4593 0.5559 2.7357 1.4039 -0.7352 2.7378 1.4051 -0.7357 2.7439 1.4083 -0.7373 -12.8420 85.4077 -113.9911 50.8542 61.0905 31.1139 31.6863 16.2824 87.4390 -0.9762 0.5438 -2.0297 0.0000 0.0000 0.0001 0.0000 0.0000 0.0000 0.0000 -0.0013 -0.0008 0.0000 -0.0004 0.0001 0.0000 0.0000 0.0000 0.0000 0.0000 0.0000 0.0000 0.0002 -0.0001 0.0000 -0.0006 0.0003 0.0000 0.0004 -0.0006 0.0000 0.0000 0.0001 0.0000 0.0000 0.0000 0.0000 -0.0010 -0.0002 0.0000 0.0002 30.0001 -0.0001 0.0005 -29.9998 0.0000 0.0000 0.0000 -12.8663 5.7170 4.0013 -12.8663 5.7170 4.0013 -34.5661 81.7359 71.4175 -55.3093 58.4538 -26.4349 -27.0902 31.0452 -85.0254 1.0627 0.4920 1.5729 0.0000 -0.0001 0.0001 0.0000 0.0000 0.0000 0.0000 -0.0006 0.0003 0.0000 -0.0001 0.0001 0.0000 0.0000 0.0000 0.0000 0.0000 0.0000 0.0000 0.0007 0.0001 0.0000 -0.0012 0.0001 0.0000 -0.0008 0.0003 0.0000 0.0001 0.0000 0.0000 0.0000 0.0000 0.0000 -0.0008 0.0000 0.0000 0.0002 -29.9996 -0.0001 -0.0003 29.9996 0.0000 0.0000 0.0000 -4.5661 2.1906 175.1787 -0.0248 -26.5950 0.0886 10.7400 85.1036 8.1597 0.0000 25.0428 0.0000 -16.5944 -13.0001 177.2525 0.2836 -10.7308 -0.1092 10.0470 53.8175 -2.9007 0.0000 27.1352 -0.0001 
-2.4830 89.2403 -16.7045 12.1328 -7.5407 0.6167 2.6310 1.3799 -0.7364 2.6329 1.3810 -0.7369 2.6389 1.3842 -0.7385 -11.8826 85.0153 -112.9125 51.0648 61.2931 30.5119 31.7469 16.0540 87.6974 -0.9656 0.5359 -2.0246 0.0000 0.0000 0.0001 0.0000 0.0000 0.0000 0.0000 -0.0013 -0.0008 0.0000 -0.0004 0.0001 0.0000 0.0000 0.0000 0.0000 0.0000 0.0000 0.0000 0.0002 -0.0001 0.0000 -0.0006 0.0003 0.0000 0.0004 -0.0006 0.0000 0.0000 0.0001 0.0000 0.0000 0.0000 0.0000 -0.0010 -0.0002 0.0000 0.0002 30.0001 -0.0001 0.0005 -29.9998 0.0000 0.0000 0.0000 -12.6174 5.7870 3.9307 -12.6174 5.7870 3.9307 -37.0313 81.9842 69.1007 -55.0073 58.9471 -26.4854 -26.9170 30.8273 -85.1359 1.0704 0.4871 1.6028 0.0000 -0.0001 0.0001 0.0000 0.0000 0.0000 0.0000 -0.0006 0.0003 0.0000 -0.0001 0.0001 0.0000 0.0000 0.0000 0.0000 0.0000 0.0000 0.0000 0.0007 0.0001 0.0000 -0.0012 0.0001 0.0000 -0.0008 0.0003 0.0000 0.0001 0.0000 0.0000 0.0000 0.0000 0.0000 -0.0009 0.0000 0.0000 0.0002 -29.9996 -0.0001 -0.0003 29.9996 0.0000 0.0000 0.0000 -4.3684 2.1924 175.0865 -0.0323 -26.5635 0.0904 11.7008 84.9172 9.3333 0.0000 25.0409 0.0000 -16.3119 -13.1313 177.2408 0.2928 -10.9396 -0.1106 10.0917 53.8512 -2.8089 0.0000 27.1158 -0.0001 
-2.4751 89.2491 -16.8603 11.6634 -7.6183 0.6936 2.5097 1.3554 -0.7355 2.5113 1.3564 -0.7360 2.5172 1.3596 -0.7376 -10.8346 84.6100 -111.7004 51.3612 61.4548 29.9505 31.8081 15.9020 87.9184 -0.9534 0.5270 -2.0117 0.0000 0.0000 0.0001 0.0000 0.0000 0.0000 0.0000 -0.0013 -0.0008 0.0000 -0.0004 0.0001 0.0000 0.0000 0.0000 0.0000 0.0000 0.0000 0.0000 0.0002 -0.0001 0.0000 -0.0006 0.0003 0.0000 0.0004 -0.0006 0.0000 0.0000 0.0001 0.0000 0.0000 0.0000 0.0000 -0.0010 -0.0002 0.0000 0.0002 30.0001 -0.0001 0.0005 -29.9998 0.0000 0.0000 0.0000 -12.2884 5.8696 3.8507 -12.2884 5.8696 3.8507 -39.8348 82.2242 66.4884 -54.6095 59.4344 -26.5647 -26.7513 30.5685 -85.2434 1.0835 0.4855 1.6412 0.0000 -0.0001 0.0001 0.0000 0.0000 0.0000 0.0000 -0.0006 0.0003 0.0000 -0.0001 0.0001 0.0000 0.0000 0.0000 0.0000 0.0000 0.0000 0.0000 0.0007 0.0001 0.0000 -0.0012 0.0001 0.0000 -0.0008 0.0003 0.0000 0.0001 0.0000 0.0000 0.0000 0.0000 0.0000 -0.0008 0.0000 0.0000 0.0002 -29.9996 -0.0001 -0.0003 29.9996 0.0000 0.0000 0.0000 -4.0433 2.2033 174.9862 -0.0455 -26.5402 0.0934 12.5553 84.7577 10.4090 0.0000 25.0393 0.0000 -15.9364 -13.2702 177.2213 0.3004 -11.1802 -0.1120 10.1717 53.9359 -2.6281 0.0000 27.0712 -0.0001 
-2.4645 89.2457 -17.0303 11.0912 -7.6995 0.7793 2.3621 1.3328 -0.7280 2.3635 1.3337 -0.7284 2.3692 1.3369 -0.7301 -9.8825 84.1900 -110.5567 51.7536 61.5757 29.4507 31.8576 15.8470 88.0758 -0.9388 0.5156 -1.9908 0.0000 0.0000 0.0001 0.0000 0.0000 0.0000 0.0000 -0.0013 -0.0008 0.0000 -0.0004 0.0001 0.0000 0.0000 0.0000 0.0000 0.0000 0.0000 0.0000 0.0003 0.0000 0.0000 -0.0006 0.0003 0.0000 0.0004 -0.0006 0.0000 0.0000 0.0001 0.0000 0.0000 0.0000 0.0000 -0.0010 -0.0002 0.0000 0.0002 30.0001 -0.0001 0.0005 -29.9998 0.0000 0.0000 0.0000 -11.8900 5.9656 3.7551 -11.8900 5.9656 3.7551 -42.8925 82.4269 63.6559 -54.1522 59.8975 -26.6626 -26.5986 30.2868 -85.3556 1.1018 0.4876 1.6866 0.0000 -0.0001 0.0001 0.0000 0.0000 0.0000 0.0000 -0.0006 0.0003 0.0000 -0.0001 0.0001 0.0000 0.0000 0.0000 0.0000 0.0000 0.0000 0.0000 0.0007 0.0001 0.0000 -0.0012 0.0001 0.0000 -0.0008 0.0003 0.0000 0.0001 0.0000 0.0000 0.0000 0.0000 0.0000 -0.0008 0.0000 0.0000 0.0002 -29.9996 -0.0001 -0.0003 29.9996 0.0000 0.0000 0.0000 -3.6170 2.2153 174.8912 -0.0607 -26.5310 0.0970 13.2665 84.6101 11.3257 0.0000 25.0379 0.0000 -15.5283 -13.4104 177.1972 0.3056 -11.4422 -0.1132 10.2586 54.0490 -2.3883 0.0000 27.0135 -0.0001 
-2.4799 89.2422 -17.1999 10.4318 -7.8135 0.8690 2.1578 1.3265 -0.7032 2.1589 1.3273 -0.7035 2.1642 1.3306 -0.7052 -9.3114 83.7541 -109.7785 52.1945 61.6291 29.0005 31.9069 15.9047 88.1352 -0.9213 0.5018 -1.9603 0.0000 0.0000 0.0001 0.0000 0.0000 0.0000 0.0000 -0.0013 -0.0008 0.0000 -0.0004 0.0001 0.0000 0.0000 0.0000 0.0000 0.0000 0.0000 0.0000 0.0002 0.0000 0.0000 -0.0006 0.0003 0.0000 0.0004 -0.0006 0.0000 0.0000 0.0001 0.0000 0.0000 0.0000 0.0000 -0.0010 -0.0002 0.0000 0.0002 30.0001 -0.0001 0.0005 -29.9998 0.0000 0.0000 0.0000 -11.3943 6.0758 3.6255 -11.3943 6.0758 3.6255 -45.8221 82.5247 60.9909 -53.6513 60.2997 -26.7471 -26.4705 29.9896 -85.4745 1.1281 0.4955 1.7411 0.0000 -0.0001 0.0001 0.0000 0.0000 0.0000 0.0000 -0.0006 0.0003 0.0000 -0.0001 0.0001 0.0000 0.0000 0.0000 0.0000 0.0000 0.0000 0.0000 0.0007 0.0001 0.0000 -0.0012 0.0001 0.0000 -0.0008 0.0003 0.0000 0.0001 0.0000 0.0000 0.0000 0.0000 0.0000 -0.0009 0.0000 0.0000 0.0002 -29.9996 -0.0001 -0.0003 29.9996 0.0000 0.0000 0.0000 -3.1368 2.2490 174.8186 -0.0615 -26.5579 0.0972 13.4391 84.4892 11.7101 0.0000 25.0368 0.0000 -15.1656 -13.5325 177.1968 0.3131 -11.7158 -0.1147 10.2283 54.1758 -2.1769 0.0000 26.9464 -0.0001 
-2.5002 89.2399 -17.3601 9.7265 -7.9738 0.9615 1.9085 1.3438 -0.6717 1.9093 1.3445 -0.6720 1.9142 1.3479 -0.6737 -8.9476 83.3294 -109.2447 52.6835 61.5670 28.6511 31.9464 16.0304 88.1328 -0.9046 0.4895 -1.9240 0.0000 0.0000 0.0001 0.0000 0.0000 0.0000 0.0000 -0.0013 -0.0008 0.0000 -0.0004 0.0001 0.0000 0.0000 0.0000 0.0000 0.0000 0.0000 0.0000 0.0002 0.0000 0.0000 -0.0006 0.0003 0.0000 0.0004 -0.0006 0.0000 0.0000 0.0001 0.0000 0.0000 0.0000 0.0000 -0.0010 -0.0002 0.0000 0.0002 30.0001 -0.0001 0.0005 -29.9998 0.0000 0.0000 0.0000 -10.8355 6.1861 3.4646 -10.8355 6.1861 3.4647 -48.0779 82.5298 59.0343 -53.2511 60.6607 -26.8707 -26.3415 29.6812 -85.5949 1.1555 0.5026 1.8008 0.0000 -0.0001 0.0001 0.0000 0.0000 0.0000 0.0000 -0.0006 0.0003 0.0000 -0.0001 0.0001 0.0000 0.0000 0.0000 0.0000 0.0000 0.0000 0.0000 0.0007 0.0001 0.0000 -0.0012 0.0001 0.0000 -0.0008 0.0003 0.0000 0.0001 0.0000 0.0000 0.0000 0.0000 0.0000 -0.0008 0.0000 0.0000 0.0002 -29.9997 -0.0001 -0.0003 29.9996 0.0000 0.0000 0.0000 -2.6407 2.3249 174.7522 -0.0588 -26.6103 0.0966 13.2952 84.3830 11.7803 0.0000 25.0358 0.0000 -14.8414 -13.6120 177.2169 0.3234 -11.9849 -0.1165 10.0601 54.2990 -2.0580 0.0000 26.8816 -0.0001 
-2.5103 89.2421 -17.4874 8.9772 -8.1640 1.0595 1.6298 1.3834 -0.6408 1.6304 1.3840 -0.6411 1.6346 1.3876 -0.6427 -8.6353 82.8985 -108.7599 53.2233 61.4024 28.3972 31.9493 16.1814 88.1156 -0.8920 0.4815 -1.8879 0.0000 0.0000 0.0001 0.0000 0.0000 0.0000 0.0000 -0.0013 -0.0008 0.0000 -0.0004 0.0001 0.0000 0.0000 0.0000 0.0000 0.0000 0.0000 0.0000 0.0003 0.0000 0.0000 -0.0006 0.0003 0.0000 0.0004 -0.0006 0.0000 0.0000 0.0001 0.0000 0.0000 0.0000 0.0000 -0.0010 -0.0002 0.0000 0.0002 30.0001 -0.0001 0.0005 -29.9998 0.0000 0.0000 0.0000 -10.2326 6.2910 3.2855 -10.2326 6.2910 3.2855 -49.4039 82.4693 58.0291 -52.9663 61.0027 -27.0260 -26.2335 29.3908 -85.7211 1.1803 0.5038 1.8644 0.0000 -0.0001 0.0001 0.0000 0.0000 0.0000 0.0000 -0.0006 0.0003 0.0000 -0.0001 0.0001 0.0000 0.0000 0.0000 0.0000 0.0000 0.0000 0.0000 0.0007 0.0001 0.0000 -0.0011 0.0001 0.0000 -0.0008 0.0003 0.0000 0.0001 0.0000 0.0000 0.0000 0.0000 0.0000 -0.0009 0.0000 0.0000 0.0002 -29.9996 -0.0001 -0.0003 29.9996 0.0000 0.0000 0.0000 -2.1214 2.4455 174.6850 -0.0584 -26.6839 0.0966 13.0498 84.3025 11.7424 0.0000 25.0350 0.0000 -14.5093 -13.6581 177.2442 0.3346 -12.2521 -0.1185 9.8109 54.4152 -2.0137 0.0000 26.4613 -0.0001 
-2.5068 89.2396 -17.5510 8.1904 -8.3786 1.1633 1.3100 1.4425 -0.6163 1.3104 1.4430 -0.6164 1.3139 1.4469 -0.6181 -8.3800 82.4839 -108.3338 53.7843 61.0868 28.2464 31.8960 16.3674 88.0808 -0.8857 0.4803 -1.8512 0.0000 0.0000 0.0001 0.0000 0.0000 0.0000 0.0000 -0.0013 -0.0008 0.0000 -0.0004 0.0001 0.0000 0.0000 0.0000 0.0000 0.0000 0.0000 0.0000 0.0002 0.0000 0.0000 -0.0006 0.0003 0.0000 0.0004 -0.0006 0.0000 0.0000 0.0001 0.0000 0.0000 0.0000 0.0000 -0.0010 -0.0002 0.0000 0.0003 30.0001 -0.0001 0.0005 -29.9998 0.0000 0.0000 0.0000 -9.5734 6.4006 3.0916 -9.5734 6.4006 3.0916 -49.4673 82.3816 58.1534 -52.7265 61.4203 -27.0821 -26.1130 29.1052 -85.8374 1.1981 0.4958 1.9294 0.0000 -0.0001 0.0001 0.0000 0.0000 0.0000 0.0000 -0.0006 0.0003 0.0000 -0.0001 0.0001 0.0000 0.0000 0.0000 0.0000 0.0000 0.0000 0.0000 0.0007 0.0001 0.0000 -0.0012 0.0001 0.0000 -0.0008 0.0003 0.0000 0.0001 0.0000 0.0000 0.0000 0.0000 0.0000 -0.0009 0.0000 0.0000 0.0002 -29.9996 -0.0001 -0.0003 29.9996 0.0000 0.0000 0.0000 -1.6090 2.6487 174.6102 -0.0588 -26.7327 0.0967 12.6569 84.2425 11.5660 0.0000 25.0342 0.0000 -14.1210 -13.6428 177.2592 0.3425 -12.4791 -0.1200 9.5270 54.5036 -2.0516 0.0000 26.1329 -0.0001 
-2.5046 89.2371 -17.5631 7.3757 -8.5966 1.2776 0.9548 1.5022 -0.6035 0.9551 1.5026 -0.6036 0.9577 1.5068 -0.6052 -8.0762 82.1009 -107.9048 54.3068 60.6849 28.1086 31.8476 16.5932 88.0263 -0.8821 0.4825 -1.8115 0.0000 0.0000 0.0001 0.0000 0.0000 0.0000 0.0000 -0.0013 -0.0008 0.0000 -0.0004 0.0001 0.0000 0.0000 0.0000 0.0000 0.0000 0.0000 0.0000 0.0003 0.0000 0.0000 -0.0006 0.0003 0.0000 0.0004 -0.0006 0.0000 0.0000 0.0001 0.0000 0.0000 0.0000 0.0000 -0.0010 -0.0002 0.0000 0.0002 30.0001 -0.0001 0.0005 -29.9998 0.0000 0.0000 0.0000 -8.8592 6.5334 2.8947 -8.8592 6.5334 2.8947 -48.8503 82.3513 58.9214 -52.6824 61.7904 -27.2658 -25.9098 28.7677 -85.9575 1.2086 0.4821 1.9912 0.0000 -0.0001 0.0001 0.0000 0.0000 0.0000 0.0000 -0.0006 0.0003 0.0000 -0.0001 0.0001 0.0000 0.0000 0.0000 0.0000 0.0000 0.0000 0.0000 0.0007 0.0001 0.0000 -0.0012 0.0001 0.0000 -0.0008 0.0003 0.0000 0.0001 0.0000 0.0000 0.0000 0.0000 0.0000 -0.0008 0.0000 0.0000 0.0002 -29.9996 -0.0001 -0.0003 29.9996 0.0000 0.0000 0.0000 -1.1299 2.9065 174.5252 -0.0555 -26.7484 0.0959 12.0379 84.2028 11.2039 0.0000 25.0620 0.0000 -13.6380 -13.5854 177.2646 0.3513 -12.6541 -0.1215 9.2430 54.5663 -2.1562 0.0000 25.8811 -0.0001 
-2.5089 89.2290 -17.5380 6.5263 -8.7978 1.4017 0.5934 1.5529 -0.6061 0.5935 1.5533 -0.6063 0.5951 1.5576 -0.6079 -7.5856 81.7609 -107.2776 54.8032 60.2321 27.9804 31.8075 16.8398 87.9678 -0.8812 0.4886 -1.7685 0.0000 0.0000 0.0001 0.0000 0.0000 0.0000 0.0000 -0.0013 -0.0008 0.0000 -0.0004 0.0001 0.0000 0.0000 0.0000 0.0000 0.0000 0.0000 0.0000 0.0002 0.0000 0.0000 -0.0006 0.0003 0.0000 0.0004 -0.0006 0.0000 0.0000 0.0001 0.0000 0.0000 0.0000 0.0000 -0.0010 -0.0002 0.0000 0.0002 30.0001 -0.0001 0.0005 -29.9998 0.0000 0.0000 0.0000 -8.1247 6.6941 2.7125 -8.1247 6.6941 2.7125 -47.8981 82.4087 60.0154 -52.7658 62.1524 -27.5519 -25.6276 28.3580 -86.0959 1.2119 0.4629 2.0512 0.0000 -0.0001 0.0001 0.0000 0.0000 0.0000 0.0000 -0.0006 0.0003 0.0000 -0.0001 0.0001 0.0000 0.0000 0.0000 0.0000 0.0000 0.0000 0.0000 0.0007 0.0001 0.0000 -0.0012 0.0001 0.0000 -0.0008 0.0003 0.0000 0.0001 0.0000 0.0000 0.0000 0.0000 0.0000 -0.0008 0.0000 0.0000 0.0002 -29.9996 -0.0001 -0.0003 29.9996 0.0000 0.0000 0.0000 -0.6482 3.1988 174.4406 -0.0523 -26.7200 0.0951 11.2439 84.1781 10.6787 0.0000 25.2056 0.0000 -13.0529 -13.4995 177.2721 0.3621 -12.7698 -0.1231 8.9641 54.6090 -2.3139 0.0000 25.7365 -0.0001 
-2.5325 89.2197 -17.4758 5.6195 -8.9469 1.5275 0.2418 1.5712 -0.6247 0.2419 1.5716 -0.6248 0.2425 1.5760 -0.6266 -7.0027 81.4931 -106.5260 55.2920 59.7345 27.8744 31.6283 17.1425 87.9177 -0.8850 0.4987 -1.7264 0.0000 0.0000 0.0001 0.0000 0.0000 0.0000 0.0000 -0.0013 -0.0008 0.0000 -0.0004 0.0001 0.0000 0.0000 0.0000 0.0000 0.0000 0.0000 0.0000 0.0002 0.0000 0.0000 -0.0006 0.0003 0.0000 0.0004 -0.0006 0.0000 0.0000 0.0001 0.0000 0.0000 0.0000 0.0000 -0.0010 -0.0002 0.0000 0.0002 30.0001 -0.0001 0.0005 -29.9998 0.0000 0.0000 0.0000 -7.3838 6.9051 2.5570 -7.3838 6.9051 2.5570 -46.9014 82.6243 61.1701 -52.8306 62.5295 -27.8772 -25.2855 27.8349 -86.2460 1.2075 0.4396 2.1089 0.0000 -0.0001 0.0001 0.0000 0.0000 0.0000 0.0000 -0.0006 0.0003 0.0000 -0.0001 0.0001 0.0000 0.0000 0.0000 0.0000 0.0000 0.0000 0.0000 0.0007 0.0001 0.0000 -0.0012 0.0001 0.0000 -0.0008 0.0003 0.0000 0.0001 0.0000 0.0000 0.0000 0.0000 0.0000 -0.0008 0.0000 0.0000 0.0002 -29.9996 -0.0001 -0.0003 29.9996 0.0000 0.0000 0.0000 -0.0617 3.4974 174.4000 -0.0527 -26.6541 0.0952 10.4223 84.1862 10.0527 0.0000 25.3165 0.0000 -12.3241 -13.3981 177.3162 0.3766 -12.8049 -0.1248 8.6878 54.6358 -2.5434 0.0000 25.6681 -0.0001 
-2.5946 89.2150 -17.3989 4.7065 -9.0483 1.6305 -0.1069 1.5469 -0.6367 -0.1069 1.5473 -0.6368 -0.1072 1.5516 -0.6386 -6.5508 81.3249 -105.8904 55.7735 59.3143 27.7415 31.5354 17.3789 87.8509 -0.8797 0.5042 -1.6733 0.0000 0.0000 0.0001 0.0000 0.0000 0.0000 0.0000 -0.0013 -0.0008 0.0000 -0.0004 0.0001 0.0000 0.0000 0.0000 0.0000 0.0000 0.0000 0.0000 0.0002 0.0000 0.0000 -0.0006 0.0003 0.0000 0.0004 -0.0006 0.0000 0.0000 0.0001 0.0000 0.0000 0.0000 0.0000 -0.0010 -0.0002 0.0000 0.0002 30.0001 -0.0001 0.0005 -29.9998 0.0000 0.0000 0.0000 -6.6545 7.1699 2.4020 -6.6545 7.1699 2.4020 -46.4963 82.9467 61.7571 -52.6484 62.9232 -28.0586 -24.9838 27.2466 -86.4447 1.2052 0.4211 2.1676 0.0000 -0.0001 0.0001 0.0000 0.0000 0.0000 0.0000 -0.0006 0.0003 0.0000 -0.0001 0.0001 0.0000 0.0000 0.0000 0.0000 0.0000 0.0000 0.0000 0.0007 0.0001 0.0000 -0.0012 0.0001 0.0000 -0.0008 0.0003 0.0000 0.0001 0.0000 0.0000 0.0000 0.0000 0.0000 -0.0009 0.0000 0.0000 0.0002 -29.9996 -0.0001 -0.0003 29.9996 0.0000 0.0000 0.0000 0.6000 3.7846 174.4356 -0.0442 -26.5533 0.0932 9.4144 84.2098 9.1596 0.0000 25.4125 0.0000 -11.5321 -13.2470 177.4114 0.3915 -12.7055 -0.1262 8.4296 54.6201 -2.8118 0.0000 25.6553 -0.0001 
-2.6873 89.2195 -17.3230 3.7945 -9.1223 1.7157 -0.4504 1.4938 -0.6409 -0.4505 1.4942 -0.6411 -0.4518 1.4984 -0.6429 -6.2054 81.2187 -105.3541 56.2536 59.0033 27.5673 31.5219 17.5678 87.7592 -0.8650 0.5035 -1.6121 0.0000 0.0000 0.0001 0.0000 0.0000 0.0000 0.0000 -0.0013 -0.0008 0.0000 -0.0004 0.0001 0.0000 0.0000 0.0000 0.0000 0.0000 0.0000 0.0000 0.0002 0.0000 0.0000 -0.0006 0.0003 0.0000 0.0004 -0.0006 0.0000 0.0000 0.0001 0.0000 0.0000 0.0000 0.0000 -0.0010 -0.0002 0.0000 0.0002 30.0001 -0.0001 0.0005 -29.9998 0.0000 0.0000 0.0000 -5.9433 7.4727 2.2471 -5.9433 7.4727 2.2471 -46.5993 83.3153 61.9554 -52.3586 63.2676 -28.2020 -24.7350 26.6040 -86.6836 1.2054 0.4081 2.2267 0.0000 -0.0001 0.0001 0.0000 0.0000 0.0000 0.0000 -0.0006 0.0003 0.0000 -0.0001 0.0001 0.0000 0.0000 0.0000 0.0000 0.0000 0.0000 0.0000 0.0007 0.0001 0.0000 -0.0011 0.0001 0.0000 -0.0008 0.0003 0.0000 0.0001 0.0000 0.0000 0.0000 0.0000 0.0000 -0.0009 0.0000 0.0000 0.0002 -29.9996 -0.0001 -0.0003 29.9996 0.0000 0.0000 0.0000 1.3181 4.0553 174.5308 -0.0279 -26.4399 0.0893 8.2255 84.2430 8.0227 0.0000 25.4458 0.0000 -10.7021 -13.0392 177.5452 0.4056 -12.4648 -0.1269 8.1827 54.5431 -3.1098 0.0000 25.6444 -0.0001 
-2.7877 89.2287 -17.2609 2.9183 -9.1713 1.7724 -0.7844 1.4207 -0.6380 -0.7846 1.4211 -0.6382 -0.7868 1.4250 -0.6400 -5.8948 81.1507 -104.8411 56.8808 58.7670 27.4721 31.5128 17.7360 87.6319 -0.8414 0.4961 -1.5434 0.0000 0.0000 0.0001 0.0000 0.0000 0.0000 0.0000 -0.0013 -0.0008 0.0000 -0.0004 0.0001 0.0000 0.0000 0.0000 0.0000 0.0000 0.0000 0.0000 0.0002 -0.0001 0.0000 -0.0006 0.0003 0.0000 0.0004 -0.0006 0.0000 0.0000 0.0001 0.0000 0.0000 0.0000 0.0000 -0.0010 -0.0002 0.0000 0.0002 30.0001 -0.0001 0.0005 -29.9998 0.0000 0.0000 0.0000 -5.2758 7.8025 2.1038 -5.2758 7.8025 2.1038 -46.8584 83.6556 62.0662 -51.8356 63.6319 -28.1277 -24.6041 25.9553 -86.9407 1.2086 0.3990 2.2883 0.0000 -0.0001 0.0001 0.0000 0.0000 0.0000 0.0000 -0.0006 0.0003 0.0000 -0.0001 0.0001 0.0000 0.0000 0.0000 0.0000 0.0000 0.0000 0.0000 0.0007 0.0001 0.0000 -0.0011 0.0001 0.0000 -0.0008 0.0003 0.0000 0.0002 0.0000 0.0000 0.0000 0.0000 0.0000 -0.0009 0.0000 0.0000 0.0002 -29.9996 -0.0001 -0.0003 29.9996 0.0000 0.0000 0.0000 2.0704 4.2909 174.6780 -0.0114 -26.3349 0.0854 6.9507 84.2855 6.7269 0.0000 25.4359 0.0000 -9.8894 -12.7637 177.7109 0.4134 -12.0447 -0.1262 7.9426 54.3773 -3.4193 0.0000 25.6492 -0.0001 
-2.8650 89.2353 -17.2148 2.1027 -9.2145 1.8190 -1.1056 1.3440 -0.6428 -1.1059 1.3444 -0.6430 -1.1090 1.3481 -0.6448 -5.5119 81.0913 -104.2299 57.6006 58.5894 27.4139 31.4976 17.9034 87.4884 -0.8137 0.4853 -1.4721 0.0000 0.0000 0.0001 0.0000 0.0000 0.0000 0.0000 -0.0013 -0.0008 0.0000 -0.0004 0.0001 0.0000 0.0000 0.0000 0.0000 0.0000 0.0000 0.0000 0.0002 0.0000 0.0000 -0.0006 0.0003 0.0000 0.0004 -0.0006 0.0000 0.0000 0.0001 0.0000 0.0000 0.0000 0.0000 -0.0010 -0.0002 0.0000 0.0002 30.0001 -0.0001 0.0005 -29.9998 0.0000 0.0000 0.0000 -4.6642 8.1406 1.9821 -4.6642 8.1406 1.9821 -47.0656 83.9637 62.2719 -51.2087 64.0101 -27.9466 -24.5386 25.3390 -87.1997 1.2125 0.3900 2.3521 0.0000 -0.0001 0.0001 0.0000 0.0000 0.0000 0.0000 -0.0006 0.0003 0.0000 -0.0001 0.0001 0.0000 0.0000 0.0000 0.0000 0.0000 0.0000 0.0000 0.0007 0.0001 0.0000 -0.0012 0.0001 0.0000 -0.0008 0.0003 0.0000 0.0001 0.0000 0.0000 0.0000 0.0000 0.0000 -0.0009 0.0000 0.0000 0.0002 -29.9996 -0.0001 -0.0003 29.9996 0.0000 0.0000 0.0000 2.8018 4.4951 174.8226 -0.0013 -26.2544 0.0830 5.8256 84.3299 5.5469 0.0000 25.4097 0.0000 -9.1335 -12.4841 177.8619 0.4136 -11.5877 -0.1245 7.7373 54.1837 -3.6895 0.0000 25.6550 -0.0001 
-2.9252 89.2406 -17.1865 1.3464 -9.2505 1.8705 -1.4230 1.2662 -0.6604 -1.4235 1.2667 -0.6606 -1.4273 1.2700 -0.6625 -4.9831 81.0365 -103.4816 58.3339 58.4594 27.3532 31.5781 18.0504 87.3192 -0.7821 0.4722 -1.3968 0.0000 0.0000 0.0001 0.0000 0.0000 0.0000 0.0000 -0.0013 -0.0008 0.0000 -0.0004 0.0001 0.0000 0.0000 0.0000 0.0000 0.0000 0.0000 0.0000 0.0002 0.0000 0.0000 -0.0006 0.0003 0.0000 0.0004 -0.0006 0.0000 0.0000 0.0001 0.0000 0.0000 0.0000 0.0000 -0.0010 -0.0002 0.0000 0.0002 30.0001 -0.0001 0.0005 -29.9998 0.0000 0.0000 0.0000 -4.0954 8.4790 1.8772 -4.0954 8.4790 1.8772 -47.2593 84.2604 62.4838 -50.5542 64.3783 -27.7400 -24.4875 24.7485 -87.4786 1.2179 0.3815 2.4190 0.0000 -0.0001 0.0001 0.0000 0.0000 0.0000 0.0000 -0.0006 0.0003 0.0000 -0.0001 0.0001 0.0000 0.0000 0.0000 0.0000 0.0000 0.0000 0.0000 0.0007 0.0001 0.0000 -0.0012 0.0001 0.0000 -0.0008 0.0003 0.0000 0.0001 0.0000 0.0000 0.0000 0.0000 0.0000 -0.0009 0.0000 0.0000 0.0002 -29.9997 -0.0001 -0.0003 29.9996 0.0000 0.0000 0.0000 3.4675 4.6611 174.9384 0.0060 -26.1978 0.0814 4.7503 84.3690 4.4319 0.0000 25.3641 0.0000 -8.4161 -12.2491 177.9851 0.4107 -11.1812 -0.1228 7.5814 54.0012 -3.9165 0.0000 25.6245 -0.0001 
-2.9768 89.2368 -17.1756 0.6701 -9.2683 1.9421 -1.7287 1.1919 -0.7004 -1.7294 1.1924 -0.7006 -1.7339 1.1955 -0.7025 -4.2433 80.9816 -102.5517 58.9739 58.3685 27.2119 31.6950 18.2297 87.1587 -0.7526 0.4599 -1.3248 0.0000 0.0000 0.0001 0.0000 0.0000 0.0000 0.0000 -0.0013 -0.0008 0.0000 -0.0004 0.0001 0.0000 0.0000 0.0000 0.0000 0.0000 0.0000 0.0000 0.0002 0.0000 0.0000 -0.0006 0.0003 0.0000 0.0004 -0.0006 0.0000 0.0000 0.0001 0.0000 0.0000 0.0000 0.0000 -0.0010 -0.0002 0.0000 0.0002 30.0001 -0.0001 0.0005 -29.9998 0.0000 0.0000 0.0000 -3.5972 8.7914 1.8082 -3.5972 8.7914 1.8082 -46.9772 84.5165 63.1633 -50.0417 64.6617 -27.6181 -24.3991 24.1871 -87.7701 1.2245 0.3743 2.4862 0.0000 -0.0001 0.0001 0.0000 0.0000 0.0000 0.0000 -0.0006 0.0003 0.0000 -0.0001 0.0001 0.0000 0.0000 0.0000 0.0000 0.0000 0.0000 0.0000 0.0007 0.0001 0.0000 -0.0012 0.0001 0.0000 -0.0008 0.0003 0.0000 0.0001 0.0000 0.0000 0.0000 0.0000 0.0000 -0.0008 0.0000 0.0000 0.0002 -29.9996 -0.0001 -0.0003 29.9996 0.0000 0.0000 0.0000 4.0087 4.7780 174.9970 0.0154 -26.1553 0.0792 3.6478 84.3952 3.3501 0.0000 25.3684 0.0000 -7.7533 -12.1312 178.0679 0.4103 -10.9426 -0.1219 7.4734 53.8820 -4.0945 0.0000 25.5942 -0.0001 
-3.0242 89.2291 -17.1629 0.0276 -9.2650 2.0242 -2.0077 1.1187 -0.7494 -2.0086 1.1193 -0.7498 -2.0138 1.1221 -0.7517 -3.5197 80.9539 -101.6733 59.6712 58.2281 27.1242 31.7048 18.3727 87.0702 -0.7268 0.4501 -1.2582 0.0000 0.0000 0.0001 0.0000 0.0000 0.0000 0.0000 -0.0013 -0.0008 0.0000 -0.0004 0.0001 0.0000 0.0000 0.0000 0.0000 0.0000 0.0000 0.0000 0.0002 0.0000 0.0000 -0.0006 0.0003 0.0000 0.0004 -0.0006 0.0000 0.0000 0.0001 0.0000 0.0000 0.0000 0.0000 -0.0010 -0.0002 0.0000 0.0002 30.0001 -0.0001 0.0005 -29.9998 0.0000 0.0000 0.0000 -3.1629 9.0664 1.7621 -3.1629 9.0664 1.7621 -46.3880 84.7222 64.1676 -49.7845 64.8546 -27.7065 -24.2823 23.6812 -88.0216 1.2290 0.3670 2.5481 0.0000 -0.0001 0.0001 0.0000 0.0000 0.0000 0.0000 -0.0006 0.0003 0.0000 -0.0001 0.0001 0.0000 0.0000 0.0000 0.0000 0.0000 0.0000 0.0000 0.0007 0.0001 0.0000 -0.0012 0.0001 0.0000 -0.0008 0.0003 0.0000 0.0001 0.0001 0.0000 0.0000 0.0000 0.0000 -0.0009 0.0000 0.0000 0.0002 -29.9996 -0.0001 -0.0003 29.9995 0.0000 0.0000 0.0000 4.4906 4.8703 175.0243 0.0230 -26.1129 0.0774 2.5914 84.4151 2.3493 0.0000 25.3966 0.0000 -7.1394 -12.1289 178.1342 0.4149 -10.8940 -0.1221 7.3689 53.8514 -4.2295 0.0000 25.5414 -0.0001 
-3.0670 89.2164 -17.1408 -0.6015 -9.2432 2.1037 -2.2516 1.0441 -0.7982 -2.2528 1.0447 -0.7986 -2.2584 1.0473 -0.8006 -2.8848 80.9688 -100.9034 60.2637 58.1417 26.9536 31.7249 18.4325 87.0391 -0.7017 0.4405 -1.1965 0.0000 0.0000 0.0001 0.0000 0.0000 0.0000 0.0000 -0.0013 -0.0008 0.0000 -0.0004 0.0001 0.0000 0.0000 0.0000 0.0000 0.0000 0.0000 0.0000 0.0003 0.0000 0.0000 -0.0006 0.0003 0.0000 0.0004 -0.0006 0.0000 0.0000 0.0001 0.0000 0.0000 0.0000 0.0000 -0.0010 -0.0002 0.0000 0.0002 30.0001 -0.0001 0.0005 -29.9998 0.0000 0.0000 0.0000 -2.7912 9.3093 1.7321 -2.7912 9.3093 1.7321 -45.2168 84.8292 65.8126 -49.7738 64.9431 -27.9627 -24.1653 23.2389 -88.2339 1.2327 0.3600 2.6055 0.0000 -0.0001 0.0001 0.0000 0.0000 0.0000 0.0000 -0.0006 0.0003 0.0000 -0.0001 0.0001 0.0000 0.0000 0.0000 0.0000 0.0000 0.0000 0.0000 0.0007 0.0001 0.0000 -0.0012 0.0001 0.0000 -0.0008 0.0003 0.0000 0.0001 0.0000 0.0000 0.0000 0.0000 0.0000 -0.0009 0.0000 0.0000 0.0002 -29.9996 -0.0001 -0.0003 29.9996 0.0000 0.0000 0.0000 4.9618 4.9531 175.0466 0.0276 -26.0650 0.0764 1.6395 84.4324 1.4580 0.0000 25.4677 0.0000 -6.5753 -12.1877 178.1948 0.4219 -10.9661 -0.1231 7.2672 53.8876 -4.3090 0.0000 25.5479 -0.0001 
-3.1115 89.2086 -17.1179 -1.2268 -9.2048 2.1638 -2.4398 0.9691 -0.8334 -2.4412 0.9697 -0.8339 -2.4471 0.9720 -0.8360 -2.4595 81.0573 -100.3769 60.6801 58.1314 26.6867 31.7575 18.4598 87.0374 -0.6768 0.4294 -1.1406 0.0000 0.0000 0.0001 0.0000 0.0000 0.0000 0.0000 -0.0013 -0.0008 0.0000 -0.0004 0.0001 0.0000 0.0000 0.0000 0.0000 0.0000 0.0000 0.0000 0.0002 0.0000 0.0000 -0.0006 0.0003 0.0000 0.0004 -0.0006 0.0000 0.0000 0.0001 0.0000 0.0000 0.0000 0.0000 -0.0010 -0.0002 0.0000 0.0002 30.0001 -0.0001 0.0005 -29.9998 0.0000 0.0000 0.0000 -2.5279 9.5146 1.7174 -2.5279 9.5146 1.7174 -43.7507 84.8195 67.7843 -49.9044 64.9544 -28.3042 -24.1016 22.8903 -88.3666 1.2361 0.3546 2.6553 0.0000 -0.0001 0.0001 0.0000 0.0000 0.0000 0.0000 -0.0006 0.0003 0.0000 -0.0001 0.0001 0.0000 0.0000 0.0000 0.0000 0.0000 0.0000 0.0000 0.0007 0.0001 0.0000 -0.0012 0.0001 0.0000 -0.0008 0.0003 0.0000 0.0001 0.0000 0.0000 0.0000 0.0000 0.0000 -0.0009 0.0000 0.0000 0.0002 -29.9996 -0.0001 -0.0003 29.9995 0.0000 0.0000 0.0000 5.4651 5.0094 175.0966 0.0303 -26.0394 0.0758 0.8350 84.4561 0.6917 0.0000 25.5043 0.0000 -6.0906 -12.2570 178.2483 0.4261 -11.1096 -0.1240 7.1880 53.9782 -4.2720 0.0000 25.6486 -0.0001 
-3.1672 89.2046 -17.1053 -1.8377 -9.1679 2.1934 -2.5854 0.8956 -0.8485 -2.5870 0.8962 -0.8490 -2.5932 0.8983 -0.8511 -2.2648 81.2373 -100.1244 60.9937 58.1549 26.4695 31.7645 18.4973 87.0172 -0.6522 0.4165 -1.0909 0.0000 0.0000 0.0001 0.0000 0.0000 0.0000 0.0000 -0.0013 -0.0008 0.0000 -0.0004 0.0001 0.0000 0.0000 0.0000 0.0000 0.0000 0.0000 0.0000 0.0002 0.0000 0.0000 -0.0006 0.0003 0.0000 0.0004 -0.0006 0.0000 0.0000 0.0001 0.0000 0.0000 0.0000 0.0000 -0.0010 -0.0002 0.0000 0.0002 30.0001 -0.0001 0.0005 -29.9998 0.0000 0.0000 0.0000 -2.3544 9.6997 1.7063 -2.3544 9.6997 1.7063 -42.3115 84.7571 69.6914 -50.0374 64.9357 -28.6207 -24.1035 22.6320 -88.4069 1.2374 0.3503 2.6929 0.0000 -0.0001 0.0001 0.0000 0.0000 0.0000 0.0000 -0.0006 0.0003 0.0000 -0.0001 0.0001 0.0000 0.0000 0.0000 0.0000 0.0000 0.0000 0.0000 0.0007 0.0001 0.0000 -0.0012 0.0001 0.0000 -0.0008 0.0003 0.0000 0.0001 0.0000 0.0000 0.0000 0.0000 0.0000 -0.0009 0.0000 0.0000 0.0002 -29.9997 -0.0001 -0.0003 29.9996 0.0000 0.0000 0.0000 5.9927 5.0423 175.1919 0.0357 -26.0454 0.0745 0.0764 84.4854 -0.0548 0.0000 25.5262 0.0000 -5.6884 -12.2896 178.3052 0.4250 -11.2454 -0.1244 7.1345 54.0700 -4.1290 0.0000 25.8558 -0.0001 
-3.2300 89.2025 -17.0934 -2.4175 -9.1426 2.1970 -2.6937 0.8248 -0.8488 -2.6955 0.8254 -0.8494 -2.7019 0.8273 -0.8514 -2.2452 81.5016 -100.0818 61.2857 58.2223 26.2846 31.7497 18.4783 87.0260 -0.6259 0.4012 -1.0446 0.0000 0.0000 0.0001 0.0000 0.0000 0.0000 0.0000 -0.0013 -0.0008 0.0000 -0.0004 0.0001 0.0000 0.0000 0.0000 0.0000 0.0000 0.0000 0.0000 0.0002 -0.0001 0.0000 -0.0006 0.0003 0.0000 0.0004 -0.0006 0.0000 0.0000 0.0001 0.0000 0.0000 0.0000 0.0000 -0.0010 -0.0002 0.0000 0.0002 30.0001 -0.0001 0.0005 -29.9998 0.0000 0.0000 0.0000 -2.2646 9.8821 1.6980 -2.2646 9.8821 1.6981 -41.0733 84.6138 71.3553 -50.2881 64.9023 -28.9773 -24.1406 22.4547 -88.3752 1.2362 0.3465 2.7186 0.0000 -0.0001 0.0001 0.0000 0.0000 0.0000 0.0000 -0.0006 0.0003 0.0000 -0.0001 0.0001 0.0000 0.0000 0.0000 0.0000 0.0000 0.0000 0.0000 0.0007 0.0001 0.0000 -0.0012 0.0001 0.0000 -0.0008 0.0003 0.0000 0.0001 0.0000 0.0000 0.0000 0.0000 0.0000 -0.0009 0.0000 0.0000 0.0002 -29.9996 -0.0001 -0.0003 29.9996 0.0000 0.0000 0.0000 6.5233 5.0708 175.3228 0.0429 -26.0733 0.0728 -0.6343 84.5196 -0.7808 0.0000 25.5435 0.0000 -5.3707 -12.3023 178.3735 0.4225 -11.3874 -0.1247 7.0932 54.1554 -3.9118 0.0000 26.1163 -0.0001 
-3.2871 89.2036 -17.0622 -2.9165 -9.1419 2.1731 -2.7514 0.7626 -0.8381 -2.7533 0.7632 -0.8387 -2.7597 0.7649 -0.8407 -2.2917 81.8639 -100.1483 61.5078 58.3481 26.0958 31.7303 18.3529 87.1267 -0.6000 0.3848 -1.0041 0.0000 0.0000 0.0001 0.0000 0.0000 0.0000 0.0000 -0.0013 -0.0008 0.0000 -0.0004 0.0001 0.0000 0.0000 0.0000 0.0000 0.0000 0.0000 0.0000 0.0002 -0.0001 0.0000 -0.0006 0.0003 0.0000 0.0004 -0.0006 0.0000 0.0000 0.0001 0.0000 0.0000 0.0000 0.0000 -0.0010 -0.0002 0.0000 0.0002 30.0001 -0.0001 0.0005 -29.9998 0.0000 0.0000 0.0000 -2.2984 10.0753 1.7001 -2.2984 10.0753 1.7001 -39.9200 84.3454 72.8303 -50.6969 64.8637 -29.3208 -24.1940 22.3761 -88.2932 1.2330 0.3428 2.7311 0.0000 -0.0001 0.0001 0.0000 0.0000 0.0000 0.0000 -0.0006 0.0003 0.0000 -0.0001 0.0001 0.0000 0.0000 0.0000 0.0000 0.0000 0.0000 0.0000 0.0007 0.0001 0.0000 -0.0012 0.0001 0.0000 -0.0008 0.0003 0.0000 0.0001 0.0000 0.0000 0.0000 0.0000 0.0000 -0.0009 0.0000 0.0000 0.0002 -29.9996 -0.0001 -0.0003 29.9996 0.0000 0.0000 0.0000 7.0098 5.1315 175.4773 0.0490 -26.0926 0.0714 -1.2019 84.5578 -1.3938 0.0000 25.5567 0.0000 -5.1879 -12.3200 178.4730 0.4248 -11.5687 -0.1256 7.0581 54.2245 -3.6332 0.0000 26.3735 -0.0001 
-3.3270 89.2072 -17.0093 -3.3069 -9.1655 2.1458 -2.7751 0.7110 -0.8298 -2.7770 0.7115 -0.8304 -2.7835 0.7131 -0.8324 -2.2042 82.2827 -100.1363 61.6487 58.4992 25.9221 31.7055 18.2254 87.2430 -0.5764 0.3694 -0.9686 0.0000 0.0000 0.0001 0.0000 0.0000 0.0000 0.0000 -0.0013 -0.0008 0.0000 -0.0004 0.0001 0.0000 0.0000 0.0000 0.0000 0.0000 0.0000 0.0000 0.0002 0.0000 0.0000 -0.0006 0.0003 0.0000 0.0004 -0.0006 0.0000 0.0000 0.0001 0.0000 0.0000 0.0000 0.0000 -0.0010 -0.0002 0.0000 0.0003 30.0001 -0.0001 0.0005 -29.9998 0.0000 0.0000 0.0000 -2.4518 10.2817 1.7185 -2.4518 10.2817 1.7185 -39.1491 84.0804 73.7860 -51.0927 64.8478 -29.5812 -24.2528 22.3721 -88.2165 1.2289 0.3383 2.7346 0.0000 -0.0001 0.0001 0.0000 0.0000 0.0000 0.0000 -0.0006 0.0003 0.0000 -0.0001 0.0001 0.0000 0.0000 0.0000 0.0000 0.0000 0.0000 0.0000 0.0007 0.0001 0.0000 -0.0012 0.0001 0.0000 -0.0008 0.0003 0.0000 0.0001 0.0000 0.0000 0.0000 0.0000 0.0000 -0.0009 0.0000 0.0000 0.0002 -29.9997 -0.0001 -0.0003 29.9996 0.0000 0.0000 0.0000 7.3894 5.2393 175.6092 0.0547 -26.0710 0.0701 -1.6338 84.5856 -1.8639 0.0000 25.5749 0.0000 -5.1236 -12.3483 178.5849 0.4316 -11.7773 -0.1271 7.0262 54.2738 -3.3502 0.0000 26.6026 -0.0001 
-3.3465 89.2144 -16.9503 -3.5899 -9.2057 2.1239 -2.7720 0.6683 -0.8287 -2.7739 0.6688 -0.8292 -2.7804 0.6703 -0.8312 -1.9424 82.7257 -100.0027 61.7156 58.6765 25.7528 31.6633 18.0540 87.3732 -0.5562 0.3565 -0.9390 0.0000 0.0000 0.0001 0.0000 0.0000 0.0000 0.0000 -0.0013 -0.0008 0.0000 -0.0004 0.0001 0.0000 0.0000 0.0000 0.0000 0.0000 0.0000 0.0000 0.0002 0.0000 0.0000 -0.0006 0.0003 0.0000 0.0004 -0.0006 0.0000 0.0000 0.0001 0.0000 0.0000 0.0000 0.0000 -0.0010 -0.0002 0.0000 0.0002 30.0001 -0.0001 0.0005 -29.9998 0.0000 0.0000 0.0000 -2.6893 10.4876 1.7557 -2.6893 10.4876 1.7557 -38.8078 83.8974 74.1758 -51.4121 64.8405 -29.7740 -24.3028 22.4393 -88.1465 1.2243 0.3333 2.7300 0.0000 -0.0001 0.0001 0.0000 0.0000 0.0000 0.0000 -0.0006 0.0003 0.0000 -0.0001 0.0001 0.0000 0.0000 0.0000 0.0000 0.0000 0.0000 0.0000 0.0007 0.0001 0.0000 -0.0012 0.0001 0.0000 -0.0008 0.0003 0.0000 0.0001 0.0000 0.0000 0.0000 0.0000 0.0000 -0.0008 0.0000 0.0000 0.0002 -29.9996 -0.0001 -0.0003 29.9995 0.0000 0.0000 0.0000 7.6483 5.3730 175.7016 0.0584 -26.0150 0.0693 -1.9206 84.5945 -2.1659 0.0000 25.5909 0.0000 -5.1551 -12.3873 178.6892 0.4386 -11.9936 -0.1286 7.0019 54.2989 -3.0802 0.0000 26.7303 -0.0001 
-3.3392 89.2265 -16.9041 -3.7093 -9.2619 2.1081 -2.7331 0.6387 -0.8375 -2.7348 0.6391 -0.8381 -2.7413 0.6406 -0.8401 -1.4334 83.1702 -99.6968 61.6837 58.9207 25.5387 31.6159 17.7579 87.5508 -0.5397 0.3464 -0.9177 0.0000 0.0000 0.0001 0.0000 0.0000 0.0000 0.0000 -0.0013 -0.0008 0.0000 -0.0004 0.0001 0.0000 0.0000 0.0000 0.0000 0.0000 0.0000 0.0000 0.0003 0.0000 0.0000 -0.0006 0.0003 0.0000 0.0004 -0.0006 0.0000 0.0000 0.0001 0.0000 0.0000 0.0000 0.0000 -0.0010 -0.0002 0.0000 0.0002 30.0001 -0.0001 0.0005 -29.9998 0.0000 0.0000 0.0000 -3.0416 10.6787 1.8270 -3.0416 10.6787 1.8270 -38.6767 83.7189 74.2372 -51.8200 64.7697 -29.9803 -24.3369 22.6081 -88.0728 1.2195 0.3291 2.7127 0.0000 -0.0001 0.0001 0.0000 0.0000 0.0000 0.0000 -0.0006 0.0003 0.0000 -0.0001 0.0001 0.0000 0.0000 0.0000 0.0000 0.0000 0.0000 0.0000 0.0007 0.0001 0.0000 -0.0011 0.0001 0.0000 -0.0008 0.0003 0.0000 0.0001 0.0000 0.0000 0.0000 0.0000 0.0000 -0.0009 0.0000 0.0000 0.0002 -29.9996 -0.0001 -0.0002 29.9996 0.0000 0.0000 0.0000 7.7105 5.5106 175.7298 0.0600 -25.9265 0.0690 -2.0214 84.5680 -2.2302 0.0000 25.6215 0.0000 -5.3055 -12.4317 178.7764 0.4427 -12.1934 -0.1298 6.9763 54.2989 -2.8756 0.0000 26.8439 -0.0001 
-3.3128 89.2395 -16.8694 -3.7033 -9.3302 2.0891 -2.6662 0.6219 -0.8487 -2.6679 0.6223 -0.8492 -2.6743 0.6237 -0.8513 -0.7853 83.5864 -99.3027 61.5509 59.2086 25.3011 31.5865 17.4488 87.7233 -0.5262 0.3375 -0.9039 0.0000 0.0000 0.0001 0.0000 0.0000 0.0000 0.0000 -0.0013 -0.0008 0.0000 -0.0004 0.0001 0.0000 0.0000 0.0000 0.0000 0.0000 0.0000 0.0000 0.0002 0.0000 0.0000 -0.0006 0.0003 0.0000 0.0004 -0.0006 0.0000 0.0000 0.0001 0.0000 0.0000 0.0000 0.0000 -0.0010 -0.0002 0.0000 0.0002 30.0001 -0.0001 0.0005 -29.9998 0.0000 0.0000 0.0000 -3.4780 10.8465 1.9247 -3.4779 10.8465 1.9247 -38.6776 83.5605 74.0682 -52.1399 64.6620 -30.0945 -24.3959 22.8529 -87.9746 1.2162 0.3274 2.6870 0.0000 -0.0001 0.0001 0.0000 0.0000 0.0000 0.0000 -0.0006 0.0003 0.0000 -0.0001 0.0001 0.0000 0.0000 0.0000 0.0000 0.0000 0.0000 0.0000 0.0007 0.0001 0.0000 -0.0011 0.0001 0.0000 -0.0008 0.0003 0.0000 0.0001 0.0000 0.0000 0.0000 0.0000 0.0000 -0.0009 0.0000 0.0000 0.0002 -29.9996 -0.0001 -0.0002 29.9996 0.0000 0.0000 0.0000 7.6354 5.6335 175.7192 0.0578 -25.8452 0.0695 -1.9196 84.5264 -2.0596 0.0000 25.6591 0.0000 -5.5184 -12.4471 178.8575 0.4445 -12.3298 -0.1306 6.9368 54.2775 -2.7692 0.0000 26.8571 -0.0001 
-3.2772 89.2508 -16.8325 -3.5882 -9.4093 2.0605 -2.5775 0.6168 -0.8592 -2.5790 0.6172 -0.8597 -2.5852 0.6187 -0.8618 -0.0420 83.9722 -98.8525 61.3132 59.4864 25.1226 31.5536 17.2417 87.8121 -0.5176 0.3312 -0.8985 0.0000 0.0000 0.0001 0.0000 0.0000 0.0000 0.0000 -0.0013 -0.0008 0.0000 -0.0004 0.0001 0.0000 0.0000 0.0000 0.0000 0.0000 0.0000 0.0000 0.0002 0.0000 0.0000 -0.0006 0.0003 0.0000 0.0004 -0.0006 0.0000 0.0000 0.0001 0.0000 0.0000 0.0000 0.0000 -0.0010 -0.0002 0.0000 0.0003 30.0001 -0.0001 0.0005 -29.9998 0.0000 0.0000 0.0000 -3.9799 10.9912 2.0428 -3.9799 10.9912 2.0428 -38.6433 83.4546 73.8382 -52.2629 64.5228 -30.0519 -24.4904 23.1585 -87.8529 1.2145 0.3284 2.6551 0.0000 -0.0001 0.0001 0.0000 0.0000 0.0000 0.0000 -0.0006 0.0003 0.0000 -0.0001 0.0001 0.0000 0.0000 0.0000 0.0000 0.0000 0.0000 0.0000 0.0007 0.0001 0.0000 -0.0012 0.0001 0.0000 -0.0008 0.0003 0.0000 0.0001 0.0000 0.0000 0.0000 0.0000 0.0000 -0.0009 0.0000 0.0000 0.0002 -29.9996 -0.0001 -0.0003 29.9996 0.0000 0.0000 0.0000 7.4490 5.7465 175.6890 0.0529 -25.7808 0.0707 -1.6741 84.4850 -1.7257 0.0000 25.7084 0.0000 -5.7721 -12.4206 178.9371 0.4440 -12.3830 -0.1307 6.8853 54.2313 -2.7591 0.0000 26.8193 -0.0001 
-3.2447 89.2606 -16.7773 -3.3224 -9.5022 2.0112 -2.4609 0.6254 -0.8682 -2.4622 0.6258 -0.8687 -2.4683 0.6272 -0.8708 0.7050 84.3160 -98.4343 61.0194 59.7373 25.0419 31.4932 17.1580 87.7977 -0.5134 0.3269 -0.9009 0.0000 0.0000 0.0001 0.0000 0.0000 0.0000 0.0000 -0.0013 -0.0008 0.0000 -0.0004 0.0001 0.0000 0.0000 0.0000 0.0000 0.0000 0.0000 0.0000 0.0002 0.0000 0.0000 -0.0006 0.0003 0.0000 0.0004 -0.0006 0.0000 0.0000 0.0001 0.0000 0.0000 0.0000 0.0000 -0.0010 -0.0002 0.0000 0.0002 30.0001 -0.0001 0.0005 -29.9998 0.0000 0.0000 0.0000 -4.5577 11.1065 2.1852 -4.5577 11.1066 2.1852 -38.5435 83.4183 73.5691 -52.1985 64.3088 -29.8863 -24.6104 23.5325 -87.6944 1.2151 0.3338 2.6154 0.0000 -0.0001 0.0001 0.0000 0.0000 0.0000 0.0000 -0.0006 0.0003 0.0000 -0.0001 0.0001 0.0000 0.0000 0.0000 0.0000 0.0000 0.0000 0.0000 0.0007 0.0001 0.0000 -0.0011 0.0001 0.0000 -0.0008 0.0003 0.0000 0.0001 0.0000 0.0000 0.0000 0.0000 0.0000 -0.0008 0.0000 0.0000 0.0002 -29.9996 -0.0001 -0.0003 29.9996 0.0000 0.0000 0.0000 7.1308 5.8503 175.6572 0.0460 -25.7511 0.0723 -1.2780 84.4584 -1.2406 0.0000 25.7544 0.0000 -6.0268 -12.3255 179.0101 0.4420 -12.2788 -0.1301 6.8658 54.1200 -2.8742 0.0000 26.6933 -0.0001 
-3.2281 89.2697 -16.6994 -2.9354 -9.6047 1.9379 -2.3265 0.6416 -0.8759 -2.3277 0.6420 -0.8764 -2.3335 0.6436 -0.8786 1.3678 84.6457 -98.1056 60.6944 59.9535 25.0181 31.4219 17.0882 87.7856 -0.5126 0.3242 -0.9095 0.0000 0.0000 0.0001 0.0000 0.0000 0.0000 0.0000 -0.0013 -0.0008 0.0000 -0.0004 0.0001 0.0000 0.0000 0.0000 0.0000 0.0000 0.0000 0.0000 0.0002 0.0000 0.0000 -0.0006 0.0003 0.0000 0.0004 -0.0006 0.0000 0.0000 0.0001 0.0000 0.0000 0.0000 0.0000 -0.0010 -0.0002 0.0000 0.0002 30.0001 -0.0001 0.0005 -29.9998 0.0000 0.0000 0.0000 -5.1820 11.2069 2.3387 -5.1820 11.2069 2.3387 -38.3250 83.3799 73.3736 -52.1922 64.0015 -29.7789 -24.7097 23.9284 -87.5027 1.2168 0.3434 2.5699 0.0000 -0.0001 0.0001 0.0000 0.0000 0.0000 0.0000 -0.0006 0.0003 0.0000 -0.0001 0.0001 0.0000 0.0000 0.0000 0.0000 0.0000 0.0000 0.0000 0.0007 0.0001 0.0000 -0.0012 0.0001 0.0000 -0.0008 0.0003 0.0000 0.0001 0.0000 0.0000 0.0000 0.0000 0.0000 -0.0008 0.0000 0.0000 0.0002 -29.9996 -0.0001 -0.0003 29.9996 0.0000 0.0000 0.0000 6.7303 5.9576 175.6499 0.0408 -25.7389 0.0735 -0.8061 84.4476 -0.7083 0.0000 25.7980 0.0000 -6.2660 -12.1898 179.0456 0.4352 -12.0868 -0.1286 6.9500 53.9720 -2.9990 0.0000 26.5021 -0.0001 
-3.2284 89.2810 -16.6073 -2.4423 -9.7155 1.8428 -2.1676 0.6656 -0.8845 -2.1686 0.6659 -0.8849 -2.1741 0.6676 -0.8872 1.9572 84.9681 -97.8187 60.3314 60.1278 25.0408 31.3422 17.0253 87.7761 -0.5153 0.3242 -0.9228 0.0000 0.0000 0.0001 0.0000 0.0000 0.0000 0.0000 -0.0013 -0.0008 0.0000 -0.0004 0.0001 0.0000 0.0000 0.0000 0.0000 0.0000 0.0000 0.0000 0.0002 0.0000 0.0000 -0.0006 0.0003 0.0000 0.0004 -0.0006 0.0000 0.0000 0.0001 0.0000 0.0000 0.0000 0.0000 -0.0010 -0.0002 0.0000 0.0002 30.0001 -0.0001 0.0005 -29.9998 0.0000 0.0000 0.0000 -5.8588 11.2967 2.5017 -5.8588 11.2967 2.5017 -37.9716 83.3143 73.3948 -52.4023 63.5469 -29.8690 -24.7846 24.3322 -87.2949 1.2183 0.3559 2.5196 0.0000 -0.0001 0.0001 0.0000 0.0000 0.0000 0.0000 -0.0006 0.0003 0.0000 -0.0001 0.0001 0.0000 0.0000 0.0000 0.0000 0.0000 0.0000 0.0000 0.0007 0.0001 0.0000 -0.0011 0.0001 0.0000 -0.0008 0.0003 0.0000 0.0001 0.0000 0.0000 0.0000 0.0000 0.0000 -0.0009 0.0000 0.0000 0.0002 -29.9997 -0.0001 -0.0003 29.9996 0.0000 0.0000 0.0000 6.2683 6.0657 175.6708 0.0386 -25.7410 0.0740 -0.2809 84.4499 -0.1609 0.0000 25.8223 0.0000 -6.5040 -12.0307 179.0430 0.4249 -11.8556 -0.1267 7.1397 53.8098 -3.0975 0.0000 26.2498 -0.0001 
-3.2409 89.2902 -16.5085 -1.8055 -9.8384 1.7244 -1.9823 0.7002 -0.8966 -1.9831 0.7006 -0.8970 -1.9883 0.7024 -0.8993 2.3057 85.2881 -97.7469 59.9522 60.1815 25.1580 31.2035 16.9576 87.8061 -0.5246 0.3296 -0.9431 0.0000 0.0000 0.0001 0.0000 0.0000 0.0000 0.0000 -0.0013 -0.0008 0.0000 -0.0004 0.0001 0.0000 0.0000 0.0000 0.0000 0.0000 0.0000 0.0000 0.0002 -0.0001 0.0000 -0.0006 0.0003 0.0000 0.0004 -0.0006 0.0000 0.0000 0.0001 0.0000 0.0000 0.0000 0.0000 -0.0010 -0.0002 0.0000 0.0002 30.0001 -0.0001 0.0005 -29.9998 0.0000 0.0000 0.0000 -6.5941 11.3755 2.6710 -6.5941 11.3755 2.6710 -37.2576 83.1809 73.7932 -52.7340 63.0277 -29.9803 -24.9011 24.6775 -87.0803 1.2168 0.3714 2.4618 0.0000 -0.0001 0.0001 0.0000 0.0000 0.0000 0.0000 -0.0006 0.0003 0.0000 -0.0001 0.0001 0.0000 0.0000 0.0000 0.0000 0.0000 0.0000 0.0000 0.0007 0.0001 0.0000 -0.0012 0.0001 0.0000 -0.0008 0.0003 0.0000 0.0001 0.0000 0.0000 0.0000 0.0000 0.0000 -0.0009 0.0000 0.0000 0.0002 -29.9997 -0.0001 -0.0003 29.9996 0.0000 0.0000 0.0000 5.7481 6.1635 175.7251 0.0375 -25.7789 0.0742 0.4311 84.4729 0.4939 0.0000 25.8307 0.0000 -6.7415 -11.8477 178.9711 0.4083 -11.6180 -0.1241 7.5180 53.6532 -3.1014 0.0000 26.0119 -0.0001 
-3.2493 89.2943 -16.4341 -1.0695 -9.9701 1.5964 -1.7754 0.7444 -0.9120 -1.7760 0.7447 -0.9123 -1.7808 0.7466 -0.9147 2.4249 85.6003 -97.8857 59.4824 60.2035 25.2485 31.0769 16.8001 87.8890 -0.5380 0.3387 -0.9696 0.0000 0.0000 0.0001 0.0000 0.0000 0.0000 0.0000 -0.0013 -0.0008 0.0000 -0.0004 0.0001 0.0000 0.0000 0.0000 0.0000 0.0000 0.0000 0.0000 0.0003 0.0000 0.0000 -0.0006 0.0003 0.0000 0.0004 -0.0006 0.0000 0.0000 0.0001 0.0000 0.0000 0.0000 0.0000 -0.0010 -0.0002 0.0000 0.0003 30.0001 -0.0001 0.0005 -29.9998 0.0000 0.0000 0.0000 -7.3710 11.4459 2.8399 -7.3710 11.4459 2.8399 -36.2537 82.9628 74.4972 -53.2043 62.4439 -30.1087 -25.0399 24.9880 -86.8674 1.2133 0.3894 2.3980 0.0000 -0.0001 0.0001 0.0000 0.0000 0.0000 0.0000 -0.0006 0.0003 0.0000 -0.0001 0.0001 0.0000 0.0000 0.0000 0.0000 0.0000 0.0000 0.0000 0.0007 0.0001 0.0000 -0.0012 0.0001 0.0000 -0.0008 0.0003 0.0000 0.0001 0.0000 0.0000 0.0000 0.0000 0.0000 -0.0009 0.0000 0.0000 0.0002 -29.9996 -0.0001 -0.0003 29.9996 0.0000 0.0000 0.0000 5.1922 6.2221 175.7865 0.0359 -25.8720 0.0745 1.3510 84.5107 1.3006 0.0000 25.8274 0.0000 -6.9909 -11.6600 178.8796 0.3947 -11.3830 -0.1219 7.9748 53.4955 -3.0901 0.0000 25.7852 -0.0001 
-3.2473 89.2919 -16.3924 -0.2653 -10.1084 1.4622 -1.5478 0.7957 -0.9281 -1.5483 0.7960 -0.9284 -1.5525 0.7981 -0.9309 2.2628 85.9016 -98.2894 58.9315 60.1678 25.3390 30.9471 16.6041 88.0142 -0.5567 0.3521 -1.0029 0.0000 0.0000 0.0001 0.0000 0.0000 0.0000 0.0000 -0.0013 -0.0008 0.0000 -0.0004 0.0001 0.0000 0.0000 0.0000 0.0000 0.0000 0.0000 0.0000 0.0002 0.0000 0.0000 -0.0006 0.0003 0.0000 0.0004 -0.0006 0.0000 0.0000 0.0001 0.0000 0.0000 0.0000 0.0000 -0.0010 -0.0002 0.0000 0.0002 30.0001 -0.0001 0.0005 -29.9998 0.0000 0.0000 0.0000 -8.1811 11.5123 3.0033 -8.1811 11.5123 3.0033 -35.2288 82.6958 75.2106 -53.7759 61.7965 -30.2638 -25.1715 25.3057 -86.6677 1.2100 0.4095 2.3309 0.0000 -0.0001 0.0001 0.0000 0.0000 0.0000 0.0000 -0.0006 0.0003 0.0000 -0.0001 0.0001 0.0000 0.0000 0.0000 0.0000 0.0000 0.0000 0.0000 0.0007 0.0001 0.0000 -0.0011 0.0001 0.0000 -0.0008 0.0003 0.0000 0.0001 0.0000 0.0000 0.0000 0.0000 0.0000 -0.0008 0.0000 0.0000 0.0002 -29.9996 -0.0001 -0.0003 29.9996 0.0000 0.0000 0.0000 4.6070 6.2355 175.8433 0.0330 -26.0210 0.0752 2.4515 84.5567 2.2571 0.0000 25.8221 0.0000 -7.2542 -11.4577 178.7825 0.3838 -11.1430 -0.1200 8.4647 53.3433 -3.0893 0.0000 25.6007 -0.0001 
-3.2246 89.2787 -16.3997 0.5962 -10.2581 1.3269 -1.2856 0.8568 -0.9437 -1.2859 0.8571 -0.9439 -1.2895 0.8594 -0.9466 1.5036 86.1810 -99.2693 58.2019 60.0471 25.4020 30.8397 16.3976 88.1600 -0.5829 0.3714 -1.0456 0.0000 0.0000 0.0001 0.0000 0.0000 0.0000 0.0000 -0.0013 -0.0008 0.0000 -0.0004 0.0001 0.0000 0.0000 0.0000 0.0000 0.0000 0.0000 0.0000 0.0003 0.0000 0.0000 -0.0006 0.0003 0.0000 0.0004 -0.0006 0.0000 0.0000 0.0001 0.0000 0.0000 0.0000 0.0000 -0.0010 -0.0002 0.0000 0.0003 30.0001 -0.0001 0.0005 -29.9998 0.0000 0.0000 0.0000 -9.0358 11.5784 3.1492 -9.0358 11.5784 3.1492 -34.2891 82.3668 75.8047 -54.4252 61.1146 -30.3870 -25.3048 25.6378 -86.4826 1.2068 0.4320 2.2590 0.0000 -0.0001 0.0001 0.0000 0.0000 0.0000 0.0000 -0.0006 0.0003 0.0000 -0.0001 0.0001 0.0000 0.0000 0.0000 0.0000 0.0000 0.0000 0.0000 0.0007 0.0001 0.0000 -0.0012 0.0001 0.0000 -0.0008 0.0003 0.0000 0.0001 0.0000 0.0000 0.0000 0.0000 0.0000 -0.0009 0.0000 0.0000 0.0002 -29.9996 -0.0001 -0.0003 29.9996 0.0000 0.0000 0.0000 3.9858 6.1906 175.8777 0.0291 -26.2414 0.0760 3.7091 84.6123 3.3618 0.0000 25.8259 0.0000 -7.5826 -11.2165 178.6911 0.3761 -10.8799 -0.1184 8.9010 53.2072 -3.1352 0.0000 25.5224 -0.0001 
-3.1818 89.2617 -16.4380 1.4636 -10.4179 1.1947 -0.9948 0.9240 -0.9560 -0.9950 0.9242 -0.9562 -0.9978 0.9268 -0.9589 0.0114 86.4199 -100.9804 57.3766 59.8704 25.4341 30.7536 16.1973 88.3057 -0.6133 0.3940 -1.0943 0.0000 0.0000 0.0001 0.0000 0.0000 0.0000 0.0000 -0.0013 -0.0008 0.0000 -0.0004 0.0001 0.0000 0.0000 0.0000 0.0000 0.0000 0.0000 0.0000 0.0002 0.0000 0.0000 -0.0006 0.0003 0.0000 0.0004 -0.0006 0.0000 0.0000 0.0001 0.0000 0.0000 0.0000 0.0000 -0.0010 -0.0002 0.0000 0.0002 30.0001 -0.0001 0.0005 -29.9998 0.0000 0.0000 0.0000 -9.9136 11.6513 3.2770 -9.9136 11.6513 3.2770 -33.6691 82.0345 75.9904 -55.0346 60.5081 -30.4203 -25.4388 25.9713 -86.2851 1.2017 0.4555 2.1831 0.0000 -0.0001 0.0001 0.0000 0.0000 0.0000 0.0000 -0.0006 0.0003 0.0000 -0.0001 0.0001 0.0000 0.0000 0.0000 0.0000 0.0000 0.0000 0.0000 0.0007 0.0001 0.0000 -0.0012 0.0001 0.0000 -0.0008 0.0003 0.0000 0.0001 0.0000 0.0000 0.0000 0.0000 0.0000 -0.0009 0.0000 0.0000 0.0002 -29.9997 -0.0001 -0.0003 29.9996 0.0000 0.0000 0.0000 3.3492 6.1222 175.8866 0.0251 -26.4912 0.0769 5.0002 84.6637 4.5186 0.0000 25.8284 0.0000 -7.9164 -10.9232 178.5762 0.3628 -10.5974 -0.1162 9.3444 53.1003 -3.1749 0.0000 25.5455 -0.0001 
-3.1206 89.2437 -16.4984 2.3153 -10.5833 1.0639 -0.6935 0.9960 -0.9633 -0.6936 0.9962 -0.9635 -0.6956 0.9990 -0.9662 -2.2025 86.5958 -103.4592 56.5419 59.6572 25.4830 30.6771 16.0252 88.4307 -0.6455 0.4170 -1.1478 0.0000 0.0000 0.0001 0.0000 0.0000 0.0000 0.0000 -0.0013 -0.0008 0.0000 -0.0004 0.0001 0.0000 0.0000 0.0000 0.0000 0.0000 0.0000 0.0000 0.0002 0.0000 0.0000 -0.0006 0.0003 0.0000 0.0004 -0.0006 0.0000 0.0000 0.0001 0.0000 0.0000 0.0000 0.0000 -0.0010 -0.0002 0.0000 0.0003 30.0001 -0.0001 0.0005 -29.9998 0.0000 0.0000 0.0000 -10.7814 11.7295 3.3859 -10.7814 11.7295 3.3859 -33.1893 81.6913 75.9072 -55.6257 59.9988 -30.3996 -25.5589 26.2917 -86.0594 1.1945 0.4791 2.1057 0.0000 -0.0001 0.0001 0.0000 0.0000 0.0000 0.0000 -0.0006 0.0003 0.0000 -0.0001 0.0001 0.0000 0.0000 0.0000 0.0000 0.0000 0.0000 0.0000 0.0007 0.0001 0.0000 -0.0012 0.0001 0.0000 -0.0008 0.0003 0.0000 0.0001 0.0000 0.0000 0.0000 0.0000 0.0000 -0.0009 0.0000 0.0000 0.0002 -29.9997 -0.0001 -0.0003 29.9996 0.0000 0.0000 0.0000 2.7062 6.0417 175.8725 0.0198 -26.7524 0.0781 6.2805 84.7046 5.6935 0.0000 25.8332 0.0000 -8.2725 -10.5913 178.4503 0.3444 -10.2850 -0.1136 9.7457 53.0062 -3.2272 0.0000 25.5999 -0.0001 
-3.0388 89.2291 -16.5809 3.1104 -10.7506 0.9287 -0.3499 1.0651 -0.9542 -0.3500 1.0653 -0.9543 -0.3510 1.0683 -0.9571 -5.6979 86.6968 -107.2022 55.6395 59.5017 25.4745 30.7505 15.8410 88.4684 -0.6718 0.4349 -1.2001 0.0000 0.0000 0.0001 0.0000 0.0000 0.0000 0.0000 -0.0013 -0.0008 0.0000 -0.0004 0.0001 0.0000 0.0000 0.0000 0.0000 0.0000 0.0000 0.0000 0.0002 0.0000 0.0000 -0.0006 0.0003 0.0000 0.0004 -0.0006 0.0000 0.0000 0.0001 0.0000 0.0000 0.0000 0.0000 -0.0010 -0.0002 0.0000 0.0002 30.0001 -0.0001 0.0005 -29.9998 0.0000 0.0000 0.0000 -11.6615 11.8294 3.4547 -11.6615 11.8294 3.4547 -33.1492 81.3996 75.3815 -56.3557 59.4278 -30.5682 -25.5102 26.6701 -85.8214 1.1907 0.5049 2.0312 0.0000 -0.0001 0.0001 0.0000 0.0000 0.0000 0.0000 -0.0006 0.0003 0.0000 -0.0001 0.0001 0.0000 0.0000 0.0000 0.0000 0.0000 0.0000 0.0000 0.0007 0.0001 0.0000 -0.0012 0.0001 0.0000 -0.0008 0.0003 0.0000 0.0001 0.0000 0.0000 0.0000 0.0000 0.0000 -0.0009 0.0000 0.0000 0.0002 -29.9996 -0.0001 -0.0003 29.9996 0.0000 0.0000 0.0000 2.0750 5.9520 175.8396 0.0122 -27.0142 0.0798 7.4707 84.7261 6.8305 0.0000 25.8388 0.0000 -8.6349 -10.2178 178.3251 0.3201 -9.9144 -0.1104 10.0698 52.9077 -3.3124 0.0000 25.6128 -0.0001 
-2.9533 89.2161 -16.6561 3.8462 -10.9144 0.7863 0.0125 1.1248 -0.9251 0.0125 1.1251 -0.9253 0.0125 1.1282 -0.9279 -10.2602 86.7522 -112.0082 54.8898 59.3130 25.5764 30.7773 15.7244 88.5249 -0.6956 0.4480 -1.2544 0.0000 0.0000 0.0001 0.0000 0.0000 0.0000 0.0000 -0.0013 -0.0008 0.0000 -0.0004 0.0001 0.0000 0.0000 0.0000 0.0000 0.0000 0.0000 0.0000 0.0002 0.0000 0.0000 -0.0006 0.0003 0.0000 0.0004 -0.0006 0.0000 0.0000 0.0001 0.0000 0.0000 0.0000 0.0000 -0.0010 -0.0002 0.0000 0.0002 30.0001 -0.0001 0.0005 -29.9998 0.0000 0.0000 0.0000 -12.5279 11.9453 3.4799 -12.5279 11.9453 3.4799 -33.6247 81.1183 74.3549 -57.1737 58.9546 -30.8343 -25.4366 26.9818 -85.5957 1.1850 0.5300 1.9593 0.0000 -0.0001 0.0001 0.0000 0.0000 0.0000 0.0000 -0.0006 0.0003 0.0000 -0.0001 0.0001 0.0000 0.0000 0.0000 0.0000 0.0000 0.0000 0.0000 0.0007 0.0001 0.0000 -0.0012 0.0001 0.0000 -0.0008 0.0003 0.0000 0.0001 0.0000 0.0000 0.0000 0.0000 0.0000 -0.0008 0.0000 0.0000 0.0002 -29.9997 -0.0001 -0.0003 29.9996 0.0000 0.0000 0.0000 1.4719 5.8696 175.8083 0.0047 -27.2737 0.0816 8.5541 84.7426 7.8961 0.0000 25.8528 0.0000 -9.0192 -9.7975 178.2280 0.2947 -9.4473 -0.1070 10.2696 52.7750 -3.4660 0.0000 25.5990 -0.0001 
-2.8735 89.2052 -16.7151 4.5374 -11.0708 0.6356 0.3818 1.1735 -0.8836 0.3819 1.1738 -0.8838 0.3829 1.1771 -0.8863 -15.1701 86.7624 -117.1456 54.1322 59.2429 25.6060 30.8204 15.6166 88.5851 -0.7153 0.4558 -1.3106 0.0000 0.0000 0.0001 0.0000 0.0000 0.0000 0.0000 -0.0013 -0.0008 0.0000 -0.0004 0.0001 0.0000 0.0000 0.0000 0.0000 0.0000 0.0000 0.0000 0.0002 0.0000 0.0000 -0.0006 0.0003 0.0000 0.0004 -0.0006 0.0000 0.0000 0.0001 0.0000 0.0000 0.0000 0.0000 -0.0010 -0.0002 0.0000 0.0002 30.0001 -0.0001 0.0005 -29.9998 0.0000 0.0000 0.0000 -13.3706 12.0723 3.4761 -13.3706 12.0723 3.4761 -34.3652 80.8661 73.1113 -58.0771 58.5248 -31.2198 -25.3059 27.2294 -85.3502 1.1767 0.5540 1.8887 0.0000 -0.0001 0.0001 0.0000 0.0000 0.0000 0.0000 -0.0006 0.0003 0.0000 -0.0001 0.0001 0.0000 0.0000 0.0000 0.0000 0.0000 0.0000 0.0000 0.0007 0.0001 0.0000 -0.0011 0.0001 0.0000 -0.0008 0.0003 0.0000 0.0001 0.0000 0.0000 0.0000 0.0000 0.0000 -0.0009 0.0000 0.0000 0.0002 -29.9997 -0.0001 -0.0003 29.9996 0.0000 0.0000 0.0000 0.8958 5.7995 175.7886 -0.0010 -27.5232 0.0830 9.5334 84.7558 8.8779 0.0000 25.8809 0.0000 -9.4122 -9.3250 178.1564 0.2677 -8.8811 -0.1034 10.3827 52.6103 -3.6745 0.0000 25.5838 -0.0001 
-2.8051 89.2019 -16.7422 5.2033 -11.2112 0.4824 0.7309 1.2038 -0.8391 0.7310 1.2041 -0.8392 0.7330 1.2075 -0.8416 -20.3124 86.7622 -122.5010 53.4094 59.2985 25.5555 30.8776 15.5109 88.6332 -0.7274 0.4567 -1.3615 0.0000 0.0000 0.0001 0.0000 0.0000 0.0000 0.0000 -0.0013 -0.0008 0.0000 -0.0004 0.0001 0.0000 0.0000 0.0000 0.0000 0.0000 0.0000 0.0000 0.0002 0.0000 0.0000 -0.0006 0.0003 0.0000 0.0004 -0.0006 0.0000 0.0000 0.0001 0.0000 0.0000 0.0000 0.0000 -0.0010 -0.0002 0.0000 0.0002 30.0001 -0.0001 0.0005 -29.9998 0.0000 0.0000 0.0000 -14.1531 12.2084 3.4451 -14.1531 12.2084 3.4451 -35.2853 80.6963 71.7696 -58.8276 58.1413 -31.6194 -25.1715 27.4174 -85.0659 1.1684 0.5779 1.8245 0.0000 -0.0001 0.0001 0.0000 0.0000 0.0000 0.0000 -0.0006 0.0003 0.0000 -0.0001 0.0001 0.0000 0.0000 0.0000 0.0000 0.0000 0.0000 0.0000 0.0007 0.0001 0.0000 -0.0012 0.0001 0.0000 -0.0008 0.0003 0.0000 0.0001 0.0000 0.0000 0.0000 0.0000 0.0000 -0.0009 0.0000 0.0000 0.0002 -29.9996 -0.0001 -0.0003 29.9996 0.0000 0.0000 0.0000 0.3424 5.7505 175.7817 -0.0064 -27.7456 0.0843 10.4612 84.7598 9.8116 0.0000 25.9032 0.0000 -9.8386 -8.7926 178.1063 0.2400 -8.2094 -0.0999 10.4174 52.4175 -3.9234 0.0000 25.5948 -0.0001 
-2.7471 89.2032 -16.7421 5.8425 -11.3266 0.3387 1.0554 1.2167 -0.8063 1.0557 1.2171 -0.8065 1.0586 1.2205 -0.8087 -25.0016 86.7797 -127.3794 52.7492 59.4720 25.4430 31.0103 15.3527 88.6768 -0.7310 0.4522 -1.4021 0.0000 0.0000 0.0001 0.0000 0.0000 0.0000 0.0000 -0.0013 -0.0008 0.0000 -0.0004 0.0001 0.0000 0.0000 0.0000 0.0000 0.0000 0.0000 0.0000 0.0002 0.0000 0.0000 -0.0006 0.0003 0.0000 0.0004 -0.0006 0.0000 0.0000 0.0001 0.0000 0.0000 0.0000 0.0000 -0.0010 -0.0002 0.0000 0.0002 30.0001 -0.0001 0.0005 -29.9998 0.0000 0.0000 0.0000 -14.8683 12.3519 3.4103 -14.8683 12.3519 3.4103 -36.1845 80.6075 70.5284 -59.3178 57.7849 -31.9332 -25.0908 27.6018 -84.7672 1.1617 0.6004 1.7684 0.0000 -0.0001 0.0001 0.0000 0.0000 0.0000 0.0000 -0.0006 0.0003 0.0000 -0.0001 0.0001 0.0000 0.0000 0.0000 0.0000 0.0000 0.0000 0.0000 0.0007 0.0001 0.0000 -0.0012 0.0001 0.0000 -0.0008 0.0003 0.0000 0.0001 0.0000 0.0000 0.0000 0.0000 0.0000 -0.0009 0.0000 0.0000 0.0002 -29.9996 -0.0001 -0.0003 29.9996 0.0000 0.0000 0.0000 -0.1649 5.7157 175.7844 -0.0131 -27.9355 0.0860 11.4536 84.7597 10.7880 0.0000 25.9111 0.0000 -10.2622 -8.3108 178.0597 0.2185 -7.6206 -0.0972 10.4362 52.2760 -4.1647 0.0000 25.5892 -0.0001 
-2.6997 89.2058 -16.7267 6.4956 -11.4244 0.1971 1.3388 1.2181 -0.7871 1.3392 1.2185 -0.7873 1.3428 1.2218 -0.7894 -29.1286 86.8276 -131.6720 52.1153 59.7466 25.2298 31.1336 15.1924 88.7594 -0.7311 0.4449 -1.4373 0.0000 0.0000 0.0001 0.0000 0.0000 0.0000 0.0000 -0.0013 -0.0008 0.0000 -0.0004 0.0001 0.0000 0.0000 0.0000 0.0000 0.0000 0.0000 0.0000 0.0002 0.0000 0.0000 -0.0006 0.0003 0.0000 0.0004 -0.0006 0.0000 0.0000 0.0001 0.0000 0.0000 0.0000 0.0000 -0.0010 -0.0002 0.0000 0.0002 30.0001 -0.0001 0.0005 -29.9998 0.0000 0.0000 0.0000 -15.5143 12.4917 3.3815 -15.5143 12.4917 3.3815 -37.0379 80.5818 69.3927 -59.6039 57.4506 -32.1859 -25.0580 27.8147 -84.4556 1.1559 0.6201 1.7194 0.0000 -0.0001 0.0001 0.0000 0.0000 0.0000 0.0000 -0.0006 0.0003 0.0000 -0.0001 0.0001 0.0000 0.0000 0.0000 0.0000 0.0000 0.0000 0.0000 0.0007 0.0001 0.0000 -0.0012 0.0001 0.0000 -0.0008 0.0003 0.0000 0.0001 0.0000 0.0000 0.0000 0.0000 0.0000 -0.0009 0.0000 0.0000 0.0002 -29.9996 -0.0001 -0.0003 29.9996 0.0000 0.0000 0.0000 -0.6639 5.6942 175.7969 -0.0212 -28.0871 0.0880 12.4906 84.7484 11.7826 0.0000 25.9460 0.0000 -10.7119 -7.9321 178.0154 0.2063 -7.2237 -0.0957 10.4701 52.2278 -4.3655 0.0000 25.5596 -0.0001 
-2.6729 89.2060 -16.6926 7.2026 -11.5037 0.0668 1.5321 1.2183 -0.7935 1.5326 1.2188 -0.7938 1.5367 1.2220 -0.7959 -32.1293 86.9063 -134.8324 51.4781 60.1469 24.8426 31.1503 15.0693 88.9117 -0.7320 0.4370 -1.4729 0.0000 0.0000 0.0001 0.0000 0.0000 0.0000 0.0000 -0.0013 -0.0008 0.0000 -0.0004 0.0001 0.0000 0.0000 0.0000 0.0000 0.0000 0.0000 0.0000 0.0002 0.0000 0.0000 -0.0006 0.0003 0.0000 0.0004 -0.0006 0.0000 0.0000 0.0001 0.0000 0.0000 0.0000 0.0000 -0.0010 -0.0002 0.0000 0.0002 30.0001 -0.0001 0.0005 -29.9998 0.0000 0.0000 0.0000 -16.0334 12.6062 3.3646 -16.0334 12.6062 3.3646 -37.6289 80.6207 68.5754 -59.6145 57.1459 -32.3688 -25.0690 28.0536 -84.0738 1.1513 0.6372 1.6805 0.0000 -0.0001 0.0001 0.0000 0.0000 0.0000 0.0000 -0.0006 0.0003 0.0000 -0.0001 0.0001 0.0000 0.0000 0.0000 0.0000 0.0000 0.0000 0.0000 0.0007 0.0001 0.0000 -0.0012 0.0001 0.0000 -0.0008 0.0003 0.0000 0.0001 0.0000 0.0000 0.0000 0.0000 0.0000 -0.0009 0.0000 0.0000 0.0002 -29.9996 -0.0001 -0.0003 29.9996 0.0000 0.0000 0.0000 -1.1777 5.6785 175.8163 -0.0286 -28.2133 0.0899 13.5876 84.7412 12.7869 0.0000 25.9862 0.0000 -11.2240 -7.7072 177.9596 0.2062 -7.1154 -0.0955 10.5491 52.3139 -4.4844 0.0000 25.5540 -0.0001 
-2.6645 89.2059 -16.6695 7.9459 -11.5665 -0.0407 1.6557 1.2179 -0.8215 1.6563 1.2185 -0.8218 1.6606 1.2217 -0.8239 -34.8607 87.0194 -137.7335 50.8968 60.5731 24.4357 31.2346 14.8987 89.0100 -0.7268 0.4277 -1.4953 0.0000 0.0000 0.0001 0.0000 0.0000 0.0000 0.0000 -0.0013 -0.0008 0.0000 -0.0004 0.0001 0.0000 0.0000 0.0000 0.0000 0.0000 0.0000 0.0000 0.0002 0.0000 0.0000 -0.0006 0.0003 0.0000 0.0004 -0.0006 0.0000 0.0000 0.0001 0.0000 0.0000 0.0000 0.0000 -0.0010 -0.0002 0.0000 0.0002 30.0001 -0.0001 0.0005 -29.9998 0.0000 0.0000 0.0000 -16.4588 12.6979 3.3510 -16.4588 12.6979 3.3510 -38.0377 80.7184 67.9945 -59.4266 56.8713 -32.4948 -25.1372 28.3089 -83.6661 1.1465 0.6507 1.6488 0.0000 -0.0001 0.0001 0.0000 0.0000 0.0000 0.0000 -0.0006 0.0003 0.0000 -0.0001 0.0001 0.0000 0.0000 0.0000 0.0000 0.0000 0.0000 0.0000 0.0007 0.0001 0.0000 -0.0012 0.0001 0.0000 -0.0008 0.0003 0.0000 0.0001 0.0000 0.0000 0.0000 0.0000 0.0000 -0.0008 0.0000 0.0000 0.0002 -29.9997 -0.0001 -0.0003 29.9996 0.0000 0.0000 0.0000 -1.6995 5.6472 175.8294 -0.0331 -28.3213 0.0911 14.6416 84.7294 13.7068 0.0000 26.0153 0.0000 -11.7590 -7.5773 177.8838 0.2126 -7.1428 -0.0959 10.6857 52.4414 -4.5397 0.0000 25.5700 -0.0001 
-2.6666 89.2100 -16.6642 8.6847 -11.6160 -0.1280 1.7308 1.2175 -0.8596 1.7315 1.2181 -0.8599 1.7360 1.2213 -0.8621 -37.5363 87.1419 -140.5964 50.4159 60.9759 24.0817 31.2838 14.7286 89.1166 -0.7205 0.4182 -1.5144 0.0000 0.0000 0.0001 0.0000 0.0000 0.0000 0.0000 -0.0013 -0.0008 0.0000 -0.0004 0.0001 0.0000 0.0000 0.0000 0.0000 0.0000 0.0000 0.0000 0.0002 0.0000 0.0000 -0.0006 0.0003 0.0000 0.0004 -0.0006 0.0000 0.0000 0.0001 0.0000 0.0000 0.0000 0.0000 -0.0010 -0.0002 0.0000 0.0002 30.0001 -0.0001 0.0005 -29.9998 0.0000 0.0000 0.0000 -16.8074 12.7687 3.3336 -16.8074 12.7687 3.3336 -38.4639 80.8281 67.4339 -59.2165 56.6440 -32.6555 -25.2545 28.5894 -83.2532 1.1397 0.6591 1.6209 0.0000 -0.0001 0.0001 0.0000 0.0000 0.0000 0.0000 -0.0006 0.0003 0.0000 -0.0001 0.0001 0.0000 0.0000 0.0000 0.0000 0.0000 0.0000 0.0000 0.0007 0.0001 0.0000 -0.0011 0.0001 0.0000 -0.0008 0.0003 0.0000 0.0001 0.0000 0.0000 0.0000 0.0000 0.0000 -0.0009 0.0000 0.0000 0.0002 -29.9996 -0.0001 -0.0003 29.9996 0.0000 0.0000 0.0000 -2.2053 5.5968 175.8363 -0.0350 -28.4199 0.0916 15.6299 84.7142 14.5382 0.0000 25.9910 0.0000 -12.2713 -7.4845 177.7920 0.2213 -7.1871 -0.0966 10.8744 52.5511 -4.5508 0.0000 25.5726 -0.0001 
-2.6699 89.2201 -16.7081 9.4079 -11.6622 -0.1930 1.7469 1.2176 -0.8973 1.7477 1.2181 -0.8977 1.7522 1.2213 -0.9000 -40.1473 87.2510 -143.3786 50.0956 61.3193 23.8350 31.2172 14.5947 89.2434 -0.7161 0.4096 -1.5338 0.0000 0.0000 0.0001 0.0000 0.0000 0.0000 0.0000 -0.0013 -0.0008 0.0000 -0.0004 0.0001 0.0000 0.0000 0.0000 0.0000 0.0000 0.0000 0.0000 0.0002 0.0000 0.0000 -0.0006 0.0003 0.0000 0.0004 -0.0006 0.0000 0.0000 0.0001 0.0000 0.0000 0.0000 0.0000 -0.0010 -0.0002 0.0000 0.0002 30.0001 -0.0001 0.0005 -29.9998 0.0000 0.0000 0.0000 -17.0636 12.8089 3.2932 -17.0636 12.8089 3.2932 -38.9848 80.9401 66.8154 -59.1522 56.4980 -32.9181 -25.3804 28.8692 -82.8866 1.1276 0.6586 1.5949 0.0000 -0.0001 0.0001 0.0000 0.0000 0.0000 0.0000 -0.0006 0.0003 0.0000 -0.0001 0.0001 0.0000 0.0000 0.0000 0.0000 0.0000 0.0000 0.0000 0.0007 0.0001 0.0000 -0.0012 0.0001 0.0000 -0.0008 0.0003 0.0000 0.0001 0.0000 0.0000 0.0000 0.0000 0.0000 -0.0009 0.0000 0.0000 0.0002 -29.9997 -0.0001 -0.0003 29.9996 0.0000 0.0000 0.0000 -2.7125 5.5334 175.8194 -0.0360 -28.4719 0.0918 16.3779 84.6628 15.1289 0.0000 25.9620 0.0000 -12.7446 -7.4440 177.6749 0.2318 -7.2577 -0.0974 11.1574 52.6181 -4.4676 0.0000 25.5165 -0.0001 
-2.6620 89.2338 -16.7886 10.0833 -11.7053 -0.2288 1.7349 1.2137 -0.9280 1.7356 1.2143 -0.9283 1.7401 1.2175 -0.9307 -42.9093 87.3171 -146.2853 49.8582 61.5900 23.6417 31.1016 14.4713 89.3687 -0.7125 0.4023 -1.5521 0.0000 0.0000 0.0001 0.0000 0.0000 0.0000 0.0000 -0.0013 -0.0008 0.0000 -0.0004 0.0001 0.0000 0.0000 0.0000 0.0000 0.0000 0.0000 0.0000 0.0002 -0.0001 0.0000 -0.0006 0.0003 0.0000 0.0004 -0.0006 0.0000 0.0000 0.0001 0.0000 0.0000 0.0000 0.0000 -0.0010 -0.0002 0.0000 0.0002 30.0001 -0.0001 0.0005 -29.9998 0.0000 0.0000 0.0000 -17.2628 12.8231 3.2152 -17.2628 12.8230 3.2152 -39.6892 81.0351 66.0358 -59.2454 56.4184 -33.1941 -25.4989 29.0969 -82.6255 1.1125 0.6536 1.5679 0.0000 -0.0001 0.0001 0.0000 0.0000 0.0000 0.0000 -0.0006 0.0003 0.0000 -0.0001 0.0001 0.0000 0.0000 0.0000 0.0000 0.0000 0.0000 0.0000 0.0007 0.0001 0.0000 -0.0012 0.0001 0.0000 -0.0008 0.0003 0.0000 0.0001 0.0000 0.0000 0.0000 0.0000 0.0000 -0.0009 0.0000 0.0000 0.0002 -29.9996 -0.0001 -0.0003 29.9996 0.0000 0.0000 0.0000 -3.2025 5.4618 175.7649 -0.0396 -28.4866 0.0928 16.9292 84.5835 15.5392 0.0000 25.9257 0.0000 -13.1772 -7.4923 177.5081 0.2425 -7.4534 -0.0985 11.5305 52.7054 -4.2546 0.0000 25.4190 -0.0001 
-2.6470 89.2476 -16.8917 10.6901 -11.7424 -0.2371 1.7109 1.2031 -0.9546 1.7116 1.2036 -0.9550 1.7160 1.2068 -0.9574 -45.5101 87.3448 -149.0052 49.6639 61.7865 23.4611 30.9875 14.3417 89.4886 -0.7096 0.3970 -1.5668 0.0000 0.0000 0.0001 0.0000 0.0000 0.0000 0.0000 -0.0013 -0.0008 0.0000 -0.0004 0.0001 0.0000 0.0000 0.0000 0.0000 0.0000 0.0000 0.0000 0.0002 -0.0001 0.0000 -0.0006 0.0003 0.0000 0.0004 -0.0006 0.0000 0.0000 0.0001 0.0000 0.0000 0.0000 0.0000 -0.0010 -0.0002 0.0000 0.0002 30.0001 -0.0002 0.0005 -29.9998 0.0000 0.0000 0.0000 -17.4176 12.8170 3.1068 -17.4176 12.8170 3.1068 -40.5727 81.1222 65.0965 -59.4381 56.4028 -33.4342 -25.6240 29.2663 -82.4667 1.0951 0.6456 1.5393 0.0000 -0.0001 0.0001 0.0000 0.0000 0.0000 0.0000 -0.0006 0.0003 0.0000 -0.0001 0.0001 0.0000 0.0000 0.0000 0.0000 0.0000 0.0000 0.0000 0.0007 0.0001 0.0000 -0.0012 0.0001 0.0000 -0.0008 0.0003 0.0000 0.0001 0.0000 0.0000 0.0000 0.0000 0.0000 -0.0009 0.0000 0.0000 0.0002 -29.9997 -0.0001 -0.0003 29.9996 0.0000 0.0000 0.0000 -3.6530 5.3829 175.6819 -0.0443 -28.4793 0.0940 17.3165 84.4897 15.8050 0.0000 25.8866 0.0000 -13.5652 -7.6627 177.3066 0.2563 -7.8453 -0.1002 11.9834 52.8516 -3.9123 0.0000 25.2932 -0.0001 
-2.6313 89.2590 -17.0007 11.1551 -11.7623 -0.2103 1.6916 1.1823 -0.9745 1.6922 1.1828 -0.9749 1.6966 1.1860 -0.9774 -47.1083 87.3087 -150.6762 49.5311 61.8666 23.2815 30.8720 14.1697 89.6374 -0.7102 0.3968 -1.5798 0.0000 0.0000 0.0001 0.0000 0.0000 0.0000 0.0000 -0.0013 -0.0008 0.0000 -0.0004 0.0001 0.0000 0.0000 0.0000 0.0000 0.0000 0.0000 0.0000 0.0002 -0.0001 0.0000 -0.0006 0.0003 0.0000 0.0004 -0.0006 0.0000 0.0000 0.0001 0.0000 0.0000 0.0000 0.0000 -0.0010 -0.0002 0.0000 0.0002 30.0001 -0.0001 0.0005 -29.9998 0.0000 0.0000 0.0000 -17.5181 12.7784 2.9692 -17.5181 12.7784 2.9692 -41.6475 81.2020 63.9958 -59.6975 56.4767 -33.5787 -25.7545 29.3616 -82.4554 1.0766 0.6344 1.5115 0.0000 -0.0001 0.0001 0.0000 0.0000 0.0000 0.0000 -0.0006 0.0003 0.0000 -0.0001 0.0001 0.0000 0.0000 0.0000 0.0000 0.0000 0.0000 0.0000 0.0007 0.0001 0.0000 -0.0012 0.0001 0.0000 -0.0008 0.0003 0.0000 0.0001 0.0000 0.0000 0.0000 0.0000 0.0000 -0.0008 0.0000 0.0000 0.0002 -29.9996 -0.0001 -0.0003 29.9996 0.0000 0.0000 0.0000 -4.0085 5.3030 175.5782 -0.0472 -28.4475 0.0947 17.4795 84.3970 15.8844 0.0000 25.8477 0.0000 -13.8693 -7.9874 177.0828 0.2746 -8.5039 -0.1030 12.5631 53.0867 -3.3660 0.0000 25.2248 -0.0001 
-2.6221 89.2688 -17.0892 11.5224 -11.7718 -0.1582 1.6726 1.1622 -0.9897 1.6733 1.1627 -0.9901 1.6776 1.1658 -0.9927 -47.4845 87.2167 -151.0552 49.4148 61.8909 23.0660 30.7691 13.9960 89.8001 -0.7134 0.3995 -1.5928 0.0000 0.0000 0.0001 0.0000 0.0000 0.0000 0.0000 -0.0013 -0.0008 0.0000 -0.0004 0.0001 0.0000 0.0000 0.0000 0.0000 0.0000 0.0000 0.0000 0.0002 0.0000 0.0000 -0.0006 0.0003 0.0000 0.0004 -0.0006 0.0000 0.0000 0.0001 0.0000 0.0000 0.0000 0.0000 -0.0010 -0.0002 0.0000 0.0002 30.0001 -0.0001 0.0005 -29.9998 0.0000 0.0000 0.0000 -17.5783 12.7047 2.8214 -17.5783 12.7047 2.8214 -42.7737 81.2693 62.8604 -59.9366 56.6156 -33.6376 -25.8334 29.3764 -82.5282 1.0618 0.6245 1.4901 0.0000 -0.0001 0.0001 0.0000 0.0000 0.0000 0.0000 -0.0006 0.0003 0.0000 -0.0001 0.0001 0.0000 0.0000 0.0000 0.0000 0.0000 0.0000 0.0000 0.0007 0.0001 0.0000 -0.0012 0.0001 0.0000 -0.0008 0.0003 0.0000 0.0001 0.0000 0.0000 0.0000 0.0000 0.0000 -0.0009 0.0000 0.0000 0.0002 -29.9997 -0.0001 -0.0003 29.9996 0.0000 0.0000 0.0000 -4.2969 5.2435 175.4657 -0.0468 -28.3913 0.0946 17.5086 84.3160 15.8576 0.0000 25.8030 0.0000 -14.1376 -8.3628 176.8683 0.2965 -9.2716 -0.1067 13.2270 53.3576 -2.6805 0.0000 25.2895 -0.0001 
-2.6145 89.2779 -17.1549 11.8007 -11.7657 -0.0881 1.6540 1.1439 -0.9994 1.6546 1.1444 -0.9998 1.6590 1.1474 -1.0024 -47.4217 87.0854 -150.9786 49.3191 61.8532 22.8677 30.6923 13.8392 89.9562 -0.7177 0.4032 -1.6050 0.0000 0.0000 0.0001 0.0000 0.0000 0.0000 0.0000 -0.0013 -0.0008 0.0000 -0.0004 0.0001 0.0000 0.0000 0.0000 0.0000 0.0000 0.0000 0.0000 0.0002 0.0000 0.0000 -0.0006 0.0003 0.0000 0.0004 -0.0006 0.0000 0.0000 0.0001 0.0000 0.0000 0.0000 0.0000 -0.0010 -0.0002 0.0000 0.0002 30.0001 -0.0001 0.0005 -29.9998 0.0000 0.0000 0.0000 -17.6052 12.5958 2.6662 -17.6052 12.5958 2.6662 -43.9065 81.3228 61.7310 -60.1262 56.7927 -33.6108 -25.8759 29.3293 -82.6601 1.0509 0.6170 1.4744 0.0000 -0.0001 0.0001 0.0000 0.0000 0.0000 0.0000 -0.0006 0.0003 0.0000 -0.0001 0.0001 0.0000 0.0000 0.0000 0.0000 0.0000 0.0000 0.0000 0.0007 0.0001 0.0000 -0.0012 0.0001 0.0000 -0.0008 0.0003 0.0000 0.0001 0.0000 0.0000 0.0000 0.0000 0.0000 -0.0009 0.0000 0.0000 0.0002 -29.9996 -0.0001 -0.0003 29.9996 0.0000 0.0000 0.0000 -4.5119 5.2042 175.3517 -0.0463 -28.3063 0.0944 17.5269 84.2436 15.8359 0.0000 25.7528 0.0000 -14.3833 -8.7648 176.6646 0.3181 -10.0882 -0.1107 13.9235 53.6392 -1.9042 0.0000 25.4557 -0.0001 
-2.6040 89.2849 -17.1926 11.9516 -11.7350 0.0001 1.6333 1.1289 -0.9997 1.6339 1.1294 -1.0001 1.6382 1.1324 -1.0027 -46.9840 86.9074 -150.5053 49.2426 61.7627 22.6802 30.6602 13.7320 90.0658 -0.7213 0.4064 -1.6137 0.0000 0.0000 0.0001 0.0000 0.0000 0.0000 0.0000 -0.0013 -0.0008 0.0000 -0.0004 0.0001 0.0000 0.0000 0.0000 0.0000 0.0000 0.0000 0.0000 0.0002 0.0000 0.0000 -0.0006 0.0003 0.0000 0.0004 -0.0006 0.0000 0.0000 0.0001 0.0000 0.0000 0.0000 0.0000 -0.0010 -0.0002 0.0000 0.0002 30.0001 -0.0001 0.0005 -29.9998 0.0000 0.0000 0.0000 -17.5832 12.4430 2.5056 -17.5832 12.4430 2.5056 -44.9668 81.3623 60.6946 -60.1831 56.9775 -33.4421 -25.9043 29.2452 -82.8552 1.0465 0.6139 1.4656 0.0000 -0.0001 0.0001 0.0000 0.0000 0.0000 0.0000 -0.0006 0.0003 0.0000 -0.0001 0.0001 0.0000 0.0000 0.0000 0.0000 0.0000 0.0000 0.0000 0.0007 0.0001 0.0000 -0.0012 0.0001 0.0000 -0.0008 0.0003 0.0000 0.0001 0.0000 0.0000 0.0000 0.0000 0.0000 -0.0008 0.0000 0.0000 0.0002 -29.9997 -0.0001 -0.0003 29.9996 0.0000 0.0000 0.0000 -4.6156 5.1910 175.2398 -0.0475 -28.1796 0.0946 17.6663 84.1761 15.9603 0.0000 25.7154 0.0000 -14.5803 -9.2366 176.4868 0.3389 -10.9960 -0.1152 14.6290 53.9386 -1.0539 0.0000 25.6619 -0.0001 
-2.5869 89.2892 -17.2250 12.0012 -11.6873 0.1011 1.6084 1.1201 -0.9958 1.6090 1.1205 -0.9962 1.6132 1.1235 -0.9987 -46.3435 86.7152 -149.8152 49.1958 61.6780 22.5144 30.6598 13.6459 90.1378 -0.7230 0.4081 -1.6196 0.0000 0.0000 0.0001 0.0000 0.0000 0.0000 0.0000 -0.0013 -0.0008 0.0000 -0.0004 0.0001 0.0000 0.0000 0.0000 0.0000 0.0000 0.0000 0.0000 0.0002 0.0000 0.0000 -0.0006 0.0003 0.0000 0.0004 -0.0006 0.0000 0.0000 0.0001 0.0000 0.0000 0.0000 0.0000 -0.0010 -0.0002 0.0000 0.0002 30.0001 -0.0001 0.0005 -29.9998 0.0000 0.0000 0.0000 -17.5182 12.2666 2.3548 -17.5182 12.2666 2.3548 -45.8462 81.3990 59.8532 -60.1326 57.1469 -33.2343 -25.9107 29.1753 -83.0471 1.0470 0.6129 1.4647 0.0000 -0.0001 0.0001 0.0000 0.0000 0.0000 0.0000 -0.0006 0.0003 0.0000 -0.0001 0.0001 0.0000 0.0000 0.0000 0.0000 0.0000 0.0000 0.0000 0.0007 0.0001 0.0000 -0.0012 0.0001 0.0000 -0.0008 0.0003 0.0000 0.0001 0.0000 0.0000 0.0000 0.0000 0.0000 -0.0009 0.0000 0.0000 0.0002 -29.9996 -0.0001 -0.0003 29.9996 0.0000 0.0000 0.0000 -4.6379 5.1815 175.1228 -0.0521 -28.0359 0.0957 17.9560 84.1057 16.2690 0.0000 25.6897 0.0000 -14.6840 -9.7781 176.3417 0.3612 -11.9471 -0.1204 15.3416 54.2250 -0.1993 0.0000 25.7501 -0.0001 
-2.5660 89.2895 -17.2595 11.9637 -11.6325 0.2108 1.5773 1.1194 -0.9890 1.5779 1.1199 -0.9894 1.5820 1.1229 -0.9919 -45.6047 86.5211 -149.0173 49.2026 61.5919 22.3963 30.6676 13.6128 90.1696 -0.7231 0.4080 -1.6227 0.0000 0.0000 0.0001 0.0000 0.0000 0.0000 0.0000 -0.0013 -0.0008 0.0000 -0.0004 0.0001 0.0000 0.0000 0.0000 0.0000 0.0000 0.0000 0.0000 0.0002 0.0000 0.0000 -0.0007 0.0003 0.0000 0.0004 -0.0006 0.0000 0.0000 0.0001 0.0000 0.0000 0.0000 0.0000 -0.0010 -0.0002 0.0000 0.0002 30.0001 -0.0001 0.0005 -29.9998 0.0000 0.0000 0.0000 -17.4138 12.0754 2.2177 -17.4138 12.0754 2.2177 -46.5456 81.4387 59.1967 -60.0224 57.2957 -33.0249 -25.8888 29.1064 -83.2362 1.0511 0.6131 1.4701 0.0000 -0.0001 0.0001 0.0000 0.0000 0.0000 0.0000 -0.0006 0.0003 0.0000 -0.0001 0.0001 0.0000 0.0000 0.0000 0.0000 0.0000 0.0000 0.0000 0.0007 0.0001 0.0000 -0.0012 0.0001 0.0000 -0.0008 0.0003 0.0000 0.0001 0.0000 0.0000 0.0000 0.0000 0.0000 -0.0009 0.0000 0.0000 0.0002 -29.9996 -0.0001 -0.0003 29.9996 0.0000 0.0000 0.0000 -4.5929 5.1745 175.0018 -0.0597 -27.8857 0.0975 18.3603 84.0319 16.7252 0.0000 25.6862 0.0000 -14.6861 -10.3377 176.2259 0.3844 -12.8679 -0.1259 16.0196 54.4831 0.5986 0.0000 25.7245 -0.0001 
-2.5454 89.2871 -17.3045 11.8076 -11.5743 0.3289 1.5315 1.1284 -0.9757 1.5320 1.1288 -0.9760 1.5361 1.1319 -0.9786 -45.0244 86.3372 -148.3786 49.2578 61.5203 22.3205 30.6936 13.6535 90.1388 -0.7197 0.4042 -1.6200 0.0000 0.0000 0.0001 0.0000 0.0000 0.0000 0.0000 -0.0013 -0.0008 0.0000 -0.0004 0.0001 0.0000 0.0000 0.0000 0.0000 0.0000 0.0000 0.0000 0.0002 -0.0001 0.0000 -0.0006 0.0003 0.0000 0.0004 -0.0006 0.0000 0.0000 0.0001 0.0000 0.0000 0.0000 0.0000 -0.0010 -0.0002 0.0000 0.0002 30.0001 -0.0001 0.0005 -29.9998 0.0000 0.0000 0.0000 -17.2503 11.8738 2.1008 -17.2503 11.8738 2.1008 -47.0227 81.4693 58.7265 -59.8141 57.4303 -32.7768 -25.8561 29.0144 -83.4152 1.0598 0.6170 1.4814 0.0000 -0.0001 0.0001 0.0000 0.0000 0.0000 0.0000 -0.0006 0.0003 0.0000 -0.0001 0.0001 0.0000 0.0000 0.0000 0.0000 0.0000 0.0000 0.0000 0.0007 0.0001 0.0000 -0.0012 0.0001 0.0000 -0.0008 0.0003 0.0000 0.0001 0.0000 0.0000 0.0000 0.0000 0.0000 -0.0009 0.0000 0.0000 0.0002 -29.9996 -0.0001 -0.0003 29.9996 0.0000 0.0000 0.0000 -4.4674 5.1702 174.8777 -0.0697 -27.7271 0.0999 18.8533 83.9535 17.3244 0.0000 25.6949 0.0000 -14.5506 -10.8329 176.1363 0.4023 -13.6001 -0.1305 16.5497 54.6644 1.2134 0.0000 25.5864 -0.0001 
-2.5292 89.2853 -17.3489 11.5605 -11.5176 0.4553 1.4705 1.1387 -0.9564 1.4710 1.1392 -0.9567 1.4749 1.1422 -0.9592 -44.4023 86.1600 -147.6966 49.3444 61.4728 22.2300 30.7354 13.7216 90.0695 -0.7130 0.3980 -1.6113 0.0000 0.0000 0.0001 0.0000 0.0000 0.0000 0.0000 -0.0013 -0.0008 0.0000 -0.0004 0.0001 0.0000 0.0000 0.0000 0.0000 0.0000 0.0000 0.0000 0.0002 -0.0001 0.0000 -0.0006 0.0003 0.0000 0.0004 -0.0006 0.0000 0.0000 0.0001 0.0000 0.0000 0.0000 0.0000 -0.0010 -0.0002 0.0000 0.0002 30.0001 -0.0001 0.0005 -29.9998 0.0000 0.0000 0.0000 -17.0369 11.6812 1.9929 -17.0370 11.6812 1.9929 -47.4308 81.5031 58.3287 -59.5271 57.5161 -32.5160 -25.8422 28.8946 -83.5933 1.0722 0.6248 1.4956 0.0000 -0.0001 0.0001 0.0000 0.0000 0.0000 0.0000 -0.0006 0.0003 0.0000 -0.0001 0.0001 0.0000 0.0000 0.0000 0.0000 0.0000 0.0000 0.0000 0.0007 0.0001 0.0000 -0.0012 0.0001 0.0000 -0.0008 0.0003 0.0000 0.0001 0.0000 0.0000 0.0000 0.0000 0.0000 -0.0008 0.0000 0.0000 0.0002 -29.9997 -0.0001 -0.0003 29.9996 0.0000 0.0000 0.0000 -4.2859 5.1847 174.7524 -0.0809 -27.5481 0.1025 19.3453 83.8723 17.9573 0.0000 25.6995 0.0000 -14.3164 -11.2027 176.0572 0.4130 -14.0785 -0.1335 16.9362 54.7550 1.6528 0.0000 25.4656 -0.0001 
-2.5231 89.2865 -17.3914 11.2373 -11.4667 0.5929 1.3955 1.1502 -0.9332 1.3959 1.1506 -0.9335 1.3997 1.1538 -0.9360 -43.6287 85.9818 -146.8598 49.4720 61.4397 22.1276 30.7902 13.7905 89.9989 -0.7043 0.3905 -1.5993 0.0000 0.0000 0.0001 0.0000 0.0000 0.0000 0.0000 -0.0013 -0.0008 0.0000 -0.0004 0.0001 0.0000 0.0000 0.0000 0.0000 0.0000 0.0000 0.0000 0.0002 0.0000 0.0000 -0.0006 0.0003 0.0000 0.0004 -0.0006 0.0000 0.0000 0.0001 0.0000 0.0000 0.0000 0.0000 -0.0010 -0.0002 0.0000 0.0002 30.0001 -0.0001 0.0005 -29.9998 0.0000 0.0000 0.0000 -16.7813 11.4942 1.8906 -16.7813 11.4942 1.8906 -47.7096 81.5156 58.0624 -59.2164 57.5699 -32.2577 -25.8388 28.7531 -83.7763 1.0877 0.6354 1.5128 0.0000 -0.0001 0.0001 0.0000 0.0000 0.0000 0.0000 -0.0006 0.0003 0.0000 -0.0001 0.0001 0.0000 0.0000 0.0000 0.0000 0.0000 0.0000 0.0000 0.0007 0.0001 0.0000 -0.0012 0.0001 0.0000 -0.0008 0.0003 0.0000 0.0001 0.0000 0.0000 0.0000 0.0000 0.0000 -0.0009 0.0000 0.0000 0.0002 -29.9997 -0.0001 -0.0003 29.9996 0.0000 0.0000 0.0000 -4.0615 5.2237 174.6271 -0.0892 -27.3445 0.1044 19.7263 83.7922 18.5062 0.0000 25.6860 0.0000 -13.9976 -11.4611 175.9862 0.4208 -14.3454 -0.1355 17.2072 54.7735 1.9460 0.0000 25.3727 -0.0001 
-2.5232 89.2839 -17.4188 10.8161 -11.4285 0.7524 1.3001 1.1644 -0.9087 1.3005 1.1648 -0.9090 1.3040 1.1680 -0.9114 -42.4467 85.7827 -145.6107 49.6785 61.3917 22.0141 30.8579 13.8570 89.9655 -0.6948 0.3823 -1.5853 0.0000 0.0000 0.0001 0.0000 0.0000 0.0000 0.0000 -0.0013 -0.0008 0.0000 -0.0004 0.0001 0.0000 0.0000 0.0000 0.0000 0.0000 0.0000 0.0000 0.0002 0.0000 0.0000 -0.0006 0.0003 0.0000 0.0004 -0.0006 0.0000 0.0000 0.0001 0.0000 0.0000 0.0000 0.0000 -0.0010 -0.0002 0.0000 0.0002 30.0001 -0.0001 0.0005 -29.9998 0.0000 0.0000 0.0000 -16.4711 11.3174 1.7926 -16.4711 11.3174 1.7926 -47.7279 81.4847 58.0663 -58.9377 57.5954 -32.0360 -25.8443 28.6091 -83.9537 1.1052 0.6467 1.5335 0.0000 -0.0001 0.0001 0.0000 0.0000 0.0000 0.0000 -0.0006 0.0003 0.0000 -0.0001 0.0001 0.0000 0.0000 0.0000 0.0000 0.0000 0.0000 0.0000 0.0007 0.0001 0.0000 -0.0012 0.0001 0.0000 -0.0008 0.0003 0.0000 0.0001 0.0000 0.0000 0.0000 0.0000 0.0000 -0.0008 0.0000 0.0000 0.0002 -29.9996 -0.0001 -0.0003 29.9996 0.0000 0.0000 0.0000 -3.7768 5.3209 174.4954 -0.0956 -27.0888 0.1057 19.9572 83.7170 18.9208 0.0000 25.7009 0.0000 -13.5795 -11.5963 175.9278 0.4303 -14.3971 -0.1369 17.2781 54.7447 2.0161 0.0000 25.3508 -0.0001 
-2.5274 89.2860 -17.4345 10.3303 -11.3924 0.9313 1.1905 1.1781 -0.8849 1.1908 1.1784 -0.8851 1.1940 1.1817 -0.8875 -41.0254 85.5514 -144.1225 49.9539 61.3088 21.8946 30.9296 13.9332 89.9394 -0.6847 0.3738 -1.5682 0.0000 0.0000 0.0001 0.0000 0.0000 0.0000 0.0000 -0.0013 -0.0008 0.0000 -0.0004 0.0001 0.0000 0.0000 0.0000 0.0000 0.0000 0.0000 0.0000 0.0003 0.0000 0.0000 -0.0006 0.0003 0.0000 0.0004 -0.0006 0.0000 0.0000 0.0001 0.0000 0.0000 0.0000 0.0000 -0.0010 -0.0002 0.0000 0.0002 30.0001 -0.0001 0.0005 -29.9998 0.0000 0.0000 0.0000 -16.1285 11.1520 1.6940 -16.1285 11.1520 1.6940 -47.5677 81.4319 58.2526 -58.6998 57.5983 -31.8348 -25.8696 28.5035 -84.1226 1.1215 0.6564 1.5533 0.0000 -0.0001 0.0001 0.0000 0.0000 0.0000 0.0000 -0.0006 0.0003 0.0000 -0.0001 0.0001 0.0000 0.0000 0.0000 0.0000 0.0000 0.0000 0.0000 0.0007 0.0001 0.0000 -0.0012 0.0001 0.0000 -0.0008 0.0003 0.0000 0.0001 0.0000 0.0000 0.0000 0.0000 0.0000 -0.0009 0.0000 0.0000 0.0002 -29.9996 -0.0001 -0.0003 29.9996 0.0000 0.0000 0.0000 -3.4500 5.4604 174.3587 -0.0985 -26.7815 0.1061 20.0209 83.6408 19.1646 0.0000 25.6908 0.0000 -13.1189 -11.6787 175.8714 0.4406 -14.3574 -0.1380 17.2132 54.7056 1.9565 0.0000 25.3305 -0.0001 
-2.5283 89.2897 -17.4446 9.7864 -11.3510 1.1261 1.0734 1.1886 -0.8616 1.0737 1.1890 -0.8618 1.0766 1.1923 -0.8642 -39.4710 85.2941 -142.4964 50.2900 61.1977 21.7757 31.0041 14.0005 89.9170 -0.6741 0.3658 -1.5480 0.0000 0.0000 0.0001 0.0000 0.0000 0.0000 0.0000 -0.0013 -0.0008 0.0000 -0.0004 0.0001 0.0000 0.0000 0.0000 0.0000 0.0000 0.0000 0.0000 0.0002 0.0000 0.0000 -0.0006 0.0003 0.0000 0.0004 -0.0006 0.0000 0.0000 0.0001 0.0000 0.0000 0.0000 0.0000 -0.0010 -0.0002 0.0000 0.0002 30.0001 -0.0001 0.0005 -29.9998 0.0000 0.0000 0.0000 -15.7640 11.0001 1.5932 -15.7640 11.0001 1.5932 -47.3171 81.3819 58.5553 -58.5033 57.5572 -31.6520 -25.9197 28.4393 -84.2997 1.1362 0.6641 1.5705 0.0000 -0.0001 0.0001 0.0000 0.0000 0.0000 0.0000 -0.0006 0.0003 0.0000 -0.0001 0.0001 0.0000 0.0000 0.0000 0.0000 0.0000 0.0000 0.0000 0.0007 0.0001 0.0000 -0.0012 0.0001 0.0000 -0.0008 0.0003 0.0000 0.0001 0.0000 0.0000 0.0000 0.0000 0.0000 -0.0008 0.0000 0.0000 0.0002 -29.9996 -0.0001 -0.0003 29.9996 0.0000 0.0000 0.0000 -3.0829 5.6290 174.2150 -0.1001 -26.4280 0.1062 19.9490 83.5568 19.2648 0.0000 25.6880 0.0000 -12.6302 -11.7218 175.8162 0.4501 -14.2295 -0.1387 17.0457 54.6378 1.8066 0.0000 25.3466 -0.0001 
-2.5259 89.3034 -17.4716 9.1644 -11.2979 1.3326 0.9521 1.1938 -0.8395 0.9523 1.1941 -0.8397 0.9549 1.1974 -0.8420 -37.6886 85.0114 -140.6259 50.7019 61.0403 21.6944 31.0752 14.0556 89.8867 -0.6647 0.3600 -1.5258 0.0000 0.0000 0.0001 0.0000 0.0000 0.0000 0.0000 -0.0013 -0.0008 0.0000 -0.0004 0.0001 0.0000 0.0000 0.0000 0.0000 0.0000 0.0000 0.0000 0.0002 0.0000 0.0000 -0.0006 0.0003 0.0000 0.0004 -0.0006 0.0000 0.0000 0.0001 0.0000 0.0000 0.0000 0.0000 -0.0010 -0.0002 0.0000 0.0002 30.0001 -0.0001 0.0005 -29.9998 0.0000 0.0000 0.0000 -15.3771 10.8698 1.4930 -15.3771 10.8698 1.4930 -46.8816 81.3363 59.0553 -58.3637 57.4881 -31.4505 -25.9899 28.4104 -84.5209 1.1484 0.6683 1.5851 0.0000 -0.0001 0.0001 0.0000 0.0000 0.0000 0.0000 -0.0006 0.0003 0.0000 -0.0001 0.0001 0.0000 0.0000 0.0000 0.0000 0.0000 0.0000 0.0000 0.0007 0.0001 0.0000 -0.0012 0.0001 0.0000 -0.0008 0.0003 0.0000 0.0001 0.0000 0.0000 0.0000 0.0000 0.0000 -0.0008 0.0000 0.0000 0.0002 -29.9996 -0.0001 -0.0003 29.9995 0.0000 0.0000 0.0000 -2.6561 5.7983 174.0717 -0.0975 -26.0453 0.1052 19.6292 83.4528 19.1089 0.0000 25.6566 0.0000 -12.1154 -11.7222 175.7752 0.4559 -13.9646 -0.1383 16.7548 54.4974 1.5546 0.0000 25.3321 -0.0001 
-2.5144 89.3164 -17.5246 8.4958 -11.2331 1.5326 0.8293 1.1946 -0.8157 0.8295 1.1949 -0.8158 0.8318 1.1983 -0.8181 -35.8505 84.7244 -138.6861 51.1526 60.8488 21.7208 31.1322 14.1436 89.8111 -0.6582 0.3568 -1.5053 0.0000 0.0000 0.0001 0.0000 0.0000 0.0000 0.0000 -0.0013 -0.0008 0.0000 -0.0004 0.0001 0.0000 0.0000 0.0000 0.0000 0.0000 0.0000 0.0000 0.0002 0.0000 0.0000 -0.0006 0.0003 0.0000 0.0004 -0.0006 0.0000 0.0000 0.0001 0.0000 0.0000 0.0000 0.0000 -0.0010 -0.0002 0.0000 0.0003 30.0001 -0.0001 0.0005 -29.9998 0.0000 0.0000 0.0000 -14.9787 10.7584 1.3987 -14.9787 10.7584 1.3987 -46.4103 81.3210 59.5962 -58.2311 57.4316 -31.2501 -26.0475 28.3925 -84.7539 1.1588 0.6693 1.6001 0.0000 -0.0001 0.0001 0.0000 0.0000 0.0000 0.0000 -0.0006 0.0003 0.0000 -0.0001 0.0001 0.0000 0.0000 0.0000 0.0000 0.0000 0.0000 0.0000 0.0007 0.0001 0.0000 -0.0012 0.0001 0.0000 -0.0008 0.0003 0.0000 0.0001 0.0000 0.0000 0.0000 0.0000 0.0000 -0.0009 0.0000 0.0000 0.0002 -29.9997 -0.0001 -0.0003 29.9996 0.0000 0.0000 0.0000 -2.1912 5.9350 173.9356 -0.0951 -25.6843 0.1044 19.1874 83.3333 18.8277 0.0000 25.6610 0.0000 -11.6069 -11.7014 175.7519 0.4543 -13.5941 -0.1367 16.3800 54.2866 1.2505 0.0000 25.3016 -0.0001 
-2.4941 89.3307 -17.5870 7.7975 -11.1569 1.7181 0.7062 1.1940 -0.7893 0.7063 1.1943 -0.7895 0.7083 1.1977 -0.7917 -34.0589 84.4506 -136.7803 51.6180 60.6371 21.8392 31.1687 14.2914 89.6605 -0.6538 0.3554 -1.4845 0.0000 0.0000 0.0001 0.0000 0.0000 0.0000 0.0000 -0.0013 -0.0008 0.0000 -0.0004 0.0001 0.0000 0.0000 0.0000 0.0000 0.0000 0.0000 0.0000 0.0002 -0.0001 0.0000 -0.0006 0.0003 0.0000 0.0004 -0.0006 0.0000 0.0000 0.0001 0.0000 0.0000 0.0000 0.0000 -0.0010 -0.0002 0.0000 0.0002 30.0001 -0.0001 0.0005 -29.9998 0.0000 0.0000 0.0000 -14.5730 10.6584 1.3172 -14.5730 10.6584 1.3172 -45.9700 81.3487 60.1101 -58.0595 57.3944 -31.0414 -26.0911 28.3743 -85.0004 1.1689 0.6682 1.6175 0.0000 -0.0001 0.0001 0.0000 0.0000 0.0000 0.0000 -0.0006 0.0003 0.0000 -0.0001 0.0001 0.0000 0.0000 0.0000 0.0000 0.0000 0.0000 0.0000 0.0007 0.0001 0.0000 -0.0012 0.0001 0.0000 -0.0008 0.0003 0.0000 0.0001 0.0000 0.0000 0.0000 0.0000 0.0000 -0.0009 0.0000 0.0000 0.0002 -29.9997 -0.0001 -0.0003 29.9996 0.0000 0.0000 0.0000 -1.7025 6.0352 173.8120 -0.0937 -25.3708 0.1038 18.7190 83.2161 18.5191 0.0000 25.6607 0.0000 -11.1168 -11.6711 175.7473 0.4472 -13.1698 -0.1342 15.9559 54.0389 0.9283 0.0000 25.2401 -0.0001 
-2.4678 89.3403 -17.6319 7.0738 -11.0689 1.8760 0.5806 1.1980 -0.7585 0.5807 1.1983 -0.7586 0.5823 1.2017 -0.7607 -32.2598 84.1952 -134.8519 52.0976 60.4156 22.0801 31.1661 14.5064 89.4123 -0.6521 0.3564 -1.4646 0.0000 0.0000 0.0001 0.0000 0.0000 0.0000 0.0000 -0.0013 -0.0008 0.0000 -0.0004 0.0001 0.0000 0.0000 0.0000 0.0000 0.0000 0.0000 0.0000 0.0002 0.0000 0.0000 -0.0006 0.0003 0.0000 0.0004 -0.0006 0.0000 0.0000 0.0001 0.0000 0.0000 0.0000 0.0000 -0.0010 -0.0002 0.0000 0.0002 30.0001 -0.0001 0.0005 -29.9998 0.0000 0.0000 0.0000 -14.1558 10.5549 1.2640 -14.1558 10.5549 1.2640 -45.4841 81.4113 60.6925 -57.8116 57.3942 -30.8216 -26.1268 28.3429 -85.2673 1.1806 0.6648 1.6425 0.0000 -0.0001 0.0001 0.0000 0.0000 0.0000 0.0000 -0.0006 0.0003 0.0000 -0.0001 0.0001 0.0000 0.0000 0.0000 0.0000 0.0000 0.0000 0.0000 0.0007 0.0001 0.0000 -0.0012 0.0001 0.0000 -0.0008 0.0003 0.0000 0.0001 0.0000 0.0000 0.0000 0.0000 0.0000 -0.0008 0.0000 0.0000 0.0002 -29.9996 -0.0001 -0.0003 29.9996 0.0000 0.0000 0.0000 -1.2015 6.1036 173.7129 -0.0917 -25.1277 0.1031 18.2523 83.1188 18.2221 0.0000 25.6936 0.0000 -10.6624 -11.6218 175.7759 0.4365 -12.7109 -0.1312 15.4897 53.7741 0.6098 0.0000 25.2390 -0.0001 
-2.4430 89.3522 -17.6358 6.3516 -10.9796 2.0074 0.4473 1.2119 -0.7237 0.4474 1.2122 -0.7238 0.4487 1.2156 -0.7258 -30.5421 83.9500 -133.0023 52.5923 60.1963 22.4172 31.1462 14.7774 89.1075 -0.6516 0.3577 -1.4466 0.0000 0.0000 0.0001 0.0000 0.0000 0.0000 0.0000 -0.0013 -0.0008 0.0000 -0.0004 0.0001 0.0000 0.0000 0.0000 0.0000 0.0000 0.0000 0.0000 0.0003 -0.0001 0.0000 -0.0006 0.0003 0.0000 0.0004 -0.0006 0.0000 0.0000 0.0001 0.0000 0.0000 0.0000 0.0000 -0.0010 -0.0002 0.0000 0.0002 30.0001 -0.0001 0.0005 -29.9998 0.0000 0.0000 0.0000 -13.7273 10.4337 1.2342 -13.7273 10.4337 1.2342 -44.9243 81.4826 61.3855 -57.5357 57.4147 -30.6417 -26.1720 28.3167 -85.5525 1.1940 0.6585 1.6759 0.0000 -0.0001 0.0001 0.0000 0.0000 0.0000 0.0000 -0.0006 0.0003 0.0000 -0.0001 0.0001 0.0000 0.0000 0.0000 0.0000 0.0000 0.0000 0.0000 0.0007 0.0001 0.0000 -0.0012 0.0001 0.0000 -0.0008 0.0003 0.0000 0.0001 0.0000 0.0000 0.0000 0.0000 0.0000 -0.0009 0.0000 0.0000 0.0002 -29.9996 -0.0001 -0.0003 29.9996 0.0000 0.0000 0.0000 -0.7140 6.1829 173.6382 -0.0886 -24.9151 0.1023 17.8034 83.0461 17.9511 0.0000 25.7105 0.0000 -10.2387 -11.5550 175.8311 0.4251 -12.2800 -0.1283 15.0147 53.5455 0.3108 0.0000 25.2586 -0.0001 
-2.4226 89.3638 -17.6060 5.6424 -10.8905 2.1162 0.3073 1.2349 -0.6884 0.3073 1.2352 -0.6885 0.3082 1.2387 -0.6905 -28.8855 83.7163 -131.2118 53.1002 59.9764 22.8289 31.1271 15.0944 88.7790 -0.6522 0.3590 -1.4308 0.0000 0.0000 0.0001 0.0000 0.0000 0.0000 0.0000 -0.0013 -0.0008 0.0000 -0.0004 0.0001 0.0000 0.0000 0.0000 0.0000 0.0000 0.0000 0.0000 0.0002 0.0000 0.0000 -0.0006 0.0003 0.0000 0.0004 -0.0006 0.0000 0.0000 0.0001 0.0000 0.0000 0.0000 0.0000 -0.0010 -0.0002 0.0000 0.0002 30.0001 -0.0001 0.0005 -29.9998 0.0000 0.0000 0.0000 -13.2927 10.2965 1.2258 -13.2927 10.2965 1.2258 -44.3147 81.5773 62.1527 -57.2797 57.4431 -30.5309 -26.2137 28.3020 -85.8476 1.2067 0.6481 1.7140 0.0000 -0.0001 0.0001 0.0000 0.0000 0.0000 0.0000 -0.0006 0.0003 0.0000 -0.0001 0.0001 0.0000 0.0000 0.0000 0.0000 0.0000 0.0000 0.0000 0.0007 0.0001 0.0000 -0.0011 0.0001 0.0000 -0.0008 0.0003 0.0000 0.0001 0.0000 0.0000 0.0000 0.0000 0.0000 -0.0008 0.0000 0.0000 0.0002 -29.9997 -0.0001 -0.0003 29.9996 0.0000 0.0000 0.0000 -0.2451 6.2859 173.5857 -0.0848 -24.6992 0.1013 17.3153 82.9820 17.6344 0.0000 25.7626 0.0000 -9.8457 -11.4630 175.9091 0.4126 -11.8529 -0.1254 14.5206 53.3423 0.0086 0.0000 25.3123 -0.0001 
-2.4108 89.3863 -17.5529 4.9638 -10.8017 2.1960 0.1543 1.2681 -0.6547 0.1543 1.2684 -0.6548 0.1547 1.2720 -0.6566 -27.2905 83.5095 -129.4976 53.6215 59.7603 23.2611 31.1195 15.4150 88.4428 -0.6517 0.3601 -1.4128 0.0000 0.0000 0.0001 0.0000 0.0000 0.0000 0.0000 -0.0013 -0.0008 0.0000 -0.0004 0.0001 0.0000 0.0000 0.0000 0.0000 0.0000 0.0000 0.0000 0.0002 0.0000 0.0000 -0.0006 0.0003 0.0000 0.0004 -0.0006 0.0000 0.0000 0.0001 0.0000 0.0000 0.0000 0.0000 -0.0010 -0.0002 0.0000 0.0002 30.0001 -0.0001 0.0005 -29.9998 0.0000 0.0000 0.0000 -12.8524 10.1431 1.2422 -12.8524 10.1432 1.2422 -43.6050 81.7103 63.0057 -57.0085 57.4823 -30.4523 -26.2637 28.3085 -86.1273 1.2170 0.6338 1.7530 0.0000 -0.0001 0.0001 0.0000 0.0000 0.0000 0.0000 -0.0006 0.0003 0.0000 -0.0001 0.0001 0.0000 0.0000 0.0000 0.0000 0.0000 0.0000 0.0000 0.0007 0.0001 0.0000 -0.0012 0.0001 0.0000 -0.0008 0.0003 0.0000 0.0001 0.0000 0.0000 0.0000 0.0000 0.0000 -0.0008 0.0000 0.0000 0.0002 -29.9996 -0.0001 -0.0003 29.9996 0.0000 0.0000 0.0000 0.1988 6.4147 173.5676 -0.0790 -24.4586 0.0998 16.6761 82.9090 17.1304 0.0000 25.8157 0.0000 -9.4999 -11.3173 176.0158 0.3968 -11.3670 -0.1221 14.0325 53.1242 -0.2855 0.0000 25.3569 -0.0001 
-2.4065 89.4186 -17.5137 4.3212 -10.7131 2.2637 -0.0063 1.3044 -0.6275 -0.0063 1.3047 -0.6276 -0.0063 1.3084 -0.6294 -25.7437 83.3437 -127.8410 54.1462 59.5615 23.6658 31.1254 15.6547 88.1680 -0.6507 0.3620 -1.3938 0.0000 0.0000 0.0001 0.0000 0.0000 0.0000 0.0000 -0.0013 -0.0008 0.0000 -0.0004 0.0001 0.0000 0.0000 0.0000 0.0000 0.0000 0.0000 0.0000 0.0002 0.0000 0.0000 -0.0006 0.0003 0.0000 0.0004 -0.0006 0.0000 0.0000 0.0001 0.0000 0.0000 0.0000 0.0000 -0.0010 -0.0002 0.0000 0.0002 30.0001 -0.0001 0.0005 -29.9998 0.0000 0.0000 0.0000 -12.4187 9.9920 1.2727 -12.4187 9.9920 1.2727 -42.7889 81.8652 63.9391 -56.7235 57.5370 -30.3617 -26.3256 28.3154 -86.3839 1.2242 0.6175 1.7892 0.0000 -0.0001 0.0001 0.0000 0.0000 0.0000 0.0000 -0.0006 0.0003 0.0000 -0.0001 0.0001 0.0000 0.0000 0.0000 0.0000 0.0000 0.0000 0.0000 0.0007 0.0001 0.0000 -0.0012 0.0001 0.0000 -0.0008 0.0003 0.0000 0.0001 0.0000 0.0000 0.0000 0.0000 0.0000 -0.0009 0.0000 0.0000 0.0002 -29.9997 -0.0001 -0.0003 29.9996 0.0000 0.0000 0.0000 0.6093 6.5339 173.5663 -0.0692 -24.2103 0.0975 15.8373 82.8148 16.4030 0.0000 25.8664 0.0000 -9.1937 -11.1142 176.1309 0.3763 -10.7577 -0.1180 13.5590 52.8309 -0.5733 0.0000 25.3784 -0.0001 
-2.4053 89.4572 -17.4819 3.7105 -10.6248 2.3252 -0.1700 1.3388 -0.6068 -0.1700 1.3391 -0.6069 -0.1705 1.3429 -0.6086 -24.2335 83.2172 -126.2282 54.6924 59.3817 24.0617 31.0881 15.8436 87.9703 -0.6504 0.3646 -1.3767 0.0000 0.0000 0.0001 0.0000 0.0000 0.0000 0.0000 -0.0013 -0.0008 0.0000 -0.0004 0.0001 0.0000 0.0000 0.0000 0.0000 0.0000 0.0000 0.0000 0.0002 0.0000 0.0000 -0.0006 0.0003 0.0000 0.0004 -0.0006 0.0000 0.0000 0.0001 0.0000 0.0000 0.0000 0.0000 -0.0010 -0.0002 0.0000 0.0002 30.0001 -0.0001 0.0005 -29.9998 0.0000 0.0000 0.0000 -11.9979 9.8528 1.3098 -11.9979 9.8528 1.3098 -41.9410 82.0354 64.8862 -56.4371 57.6014 -30.2551 -26.3920 28.3077 -86.6279 1.2290 0.6006 1.8220 0.0000 -0.0001 0.0001 0.0000 0.0000 0.0000 0.0000 -0.0006 0.0003 0.0000 -0.0001 0.0001 0.0000 0.0000 0.0000 0.0000 0.0000 0.0000 0.0000 0.0007 0.0001 0.0000 -0.0011 0.0001 0.0000 -0.0008 0.0003 0.0000 0.0001 0.0000 0.0000 0.0000 0.0000 0.0000 -0.0009 0.0000 0.0000 0.0002 -29.9996 -0.0001 -0.0003 29.9995 0.0000 0.0000 0.0000 0.9831 6.6410 173.5714 -0.0563 -23.9671 0.0947 14.8644 82.7106 15.5329 0.0000 25.9082 0.0000 -8.9173 -10.8835 176.2442 0.3520 -10.0892 -0.1137 13.1125 52.4973 -0.8345 0.0000 25.3724 -0.0001 
-2.4032 89.5000 -17.4334 3.1388 -10.5324 2.3802 -0.3342 1.3640 -0.5944 -0.3343 1.3643 -0.5945 -0.3353 1.3681 -0.5962 -22.6691 83.1455 -124.5527 55.2558 59.2699 24.3983 31.0587 15.9179 87.8392 -0.6475 0.3670 -1.3567 0.0000 0.0000 0.0001 0.0000 0.0000 0.0000 0.0000 -0.0013 -0.0008 0.0000 -0.0004 0.0001 0.0000 0.0000 0.0000 0.0000 0.0000 0.0000 0.0000 0.0003 -0.0001 0.0000 -0.0006 0.0003 0.0000 0.0004 -0.0006 0.0000 0.0000 0.0001 0.0000 0.0000 0.0000 0.0000 -0.0010 -0.0002 0.0000 0.0003 30.0001 -0.0001 0.0005 -29.9998 0.0000 0.0000 0.0000 -11.6002 9.7375 1.3503 -11.6002 9.7376 1.3503 -41.1672 82.2335 65.7210 -56.1414 57.6532 -30.1367 -26.4038 28.2647 -86.8508 1.2339 0.5871 1.8513 0.0000 -0.0001 0.0001 0.0000 0.0000 0.0000 0.0000 -0.0006 0.0003 0.0000 -0.0001 0.0001 0.0000 0.0000 0.0000 0.0000 0.0000 0.0000 0.0000 0.0007 0.0001 0.0000 -0.0012 0.0001 0.0000 -0.0008 0.0003 0.0000 0.0001 0.0000 0.0000 0.0000 0.0000 0.0000 -0.0009 0.0000 0.0000 0.0002 -29.9996 -0.0001 -0.0003 29.9996 0.0000 0.0000 0.0000 1.3079 6.7455 173.5754 -0.0423 -23.7299 0.0916 13.7941 82.6027 14.5658 0.0000 25.9482 0.0000 -8.6746 -10.6685 176.3468 0.3253 -9.4686 -0.1096 12.7319 52.1892 -1.0159 0.0000 25.3433 -0.0001 
-2.3947 89.5418 -17.3588 2.5890 -10.4292 2.4306 -0.4901 1.3801 -0.5882 -0.4902 1.3804 -0.5883 -0.4916 1.3843 -0.5900 -21.0190 83.1101 -122.7903 55.7278 59.2558 24.6095 31.0712 15.9266 87.7393 -0.6427 0.3685 -1.3354 0.0000 0.0000 0.0001 0.0000 0.0000 0.0000 0.0000 -0.0013 -0.0008 0.0000 -0.0004 0.0001 0.0000 0.0000 0.0000 0.0000 0.0000 0.0000 0.0000 0.0002 0.0000 0.0000 -0.0006 0.0003 0.0000 0.0004 -0.0006 0.0000 0.0000 0.0001 0.0000 0.0000 0.0000 0.0000 -0.0010 -0.0002 0.0000 0.0002 30.0001 -0.0001 0.0005 -29.9998 0.0000 0.0000 0.0000 -11.2299 9.6358 1.3950 -11.2299 9.6358 1.3950 -40.4648 82.4446 66.4626 -55.7020 57.7348 -29.9251 -26.4029 28.1901 -87.0394 1.2417 0.5779 1.8824 0.0000 -0.0001 0.0001 0.0000 0.0000 0.0000 0.0000 -0.0006 0.0003 0.0000 -0.0001 0.0001 0.0000 0.0000 0.0000 0.0000 0.0000 0.0000 0.0000 0.0007 0.0001 0.0000 -0.0011 0.0001 0.0000 -0.0008 0.0003 0.0000 0.0001 0.0000 0.0000 0.0000 0.0000 0.0000 -0.0009 0.0000 0.0000 0.0002 -29.9996 -0.0001 -0.0003 29.9996 0.0000 0.0000 0.0000 1.5960 6.8631 173.5660 -0.0329 -23.4684 0.0896 12.8011 82.4867 13.6991 0.0000 26.0133 0.0000 -8.4456 -10.5071 176.4396 0.3008 -8.9721 -0.1062 12.4249 51.9507 -1.1060 0.0000 25.3235 -0.0001 
-2.3870 89.5850 -17.2618 2.0556 -10.3133 2.4781 -0.6338 1.3891 -0.5864 -0.6339 1.3894 -0.5865 -0.6357 1.3933 -0.5882 -19.3303 83.0949 -120.9942 56.1663 59.2782 24.7584 31.0728 15.9303 87.6856 -0.6380 0.3695 -1.3151 0.0000 0.0000 0.0001 0.0000 0.0000 0.0000 0.0000 -0.0013 -0.0008 0.0000 -0.0004 0.0001 0.0000 0.0000 0.0000 0.0000 0.0000 0.0000 0.0000 0.0002 -0.0001 0.0000 -0.0006 0.0003 0.0000 0.0004 -0.0006 0.0000 0.0000 0.0001 0.0000 0.0000 0.0000 0.0000 -0.0010 -0.0002 0.0000 0.0003 30.0001 -0.0001 0.0005 -29.9998 0.0000 0.0000 0.0000 -10.8886 9.5386 1.4433 -10.8886 9.5386 1.4433 -39.8164 82.6567 67.1537 -55.1107 57.8658 -29.6093 -26.4255 28.0802 -87.2241 1.2527 0.5714 1.9182 0.0000 -0.0001 0.0001 0.0000 0.0000 0.0000 0.0000 -0.0006 0.0003 0.0000 -0.0001 0.0001 0.0000 0.0000 0.0000 0.0000 0.0000 0.0000 0.0000 0.0007 0.0001 0.0000 -0.0012 0.0001 0.0000 -0.0008 0.0003 0.0000 0.0001 0.0000 0.0000 0.0000 0.0000 0.0000 -0.0008 0.0000 0.0000 0.0002 -29.9996 -0.0001 -0.0003 29.9996 0.0000 0.0000 0.0000 1.8556 6.9957 173.5460 -0.0278 -23.1723 0.0884 11.9139 82.3615 12.9644 0.0000 26.0817 0.0000 -8.2164 -10.3829 176.5280 0.2792 -8.5615 -0.1035 12.1610 51.7689 -1.1488 0.0000 25.3001 -0.0001 
-2.3914 89.6280 -17.1371 1.5437 -10.1718 2.5199 -0.7573 1.3908 -0.5891 -0.7575 1.3911 -0.5893 -0.7596 1.3950 -0.5909 -17.6161 83.0817 -119.1738 56.5596 59.3526 24.8193 31.1065 15.9630 87.6567 -0.6316 0.3678 -1.2942 0.0000 0.0000 0.0001 0.0000 0.0000 0.0000 0.0000 -0.0013 -0.0008 0.0000 -0.0004 0.0001 0.0000 0.0000 0.0000 0.0000 0.0000 0.0000 0.0000 0.0002 -0.0001 0.0000 -0.0006 0.0003 0.0000 0.0004 -0.0006 0.0000 0.0000 0.0001 0.0000 0.0000 0.0000 0.0000 -0.0010 -0.0002 0.0000 0.0003 30.0001 -0.0001 0.0005 -29.9998 0.0000 0.0000 0.0000 -10.5906 9.4347 1.4986 -10.5906 9.4347 1.4986 -39.2303 82.8651 67.8192 -54.4361 58.0416 -29.2276 -26.4703 27.9268 -87.4418 1.2661 0.5654 1.9597 0.0000 -0.0001 0.0001 0.0000 0.0000 0.0000 0.0000 -0.0006 0.0003 0.0000 -0.0001 0.0001 0.0000 0.0000 0.0000 0.0000 0.0000 0.0000 0.0000 0.0007 0.0001 0.0000 -0.0012 0.0001 0.0000 -0.0008 0.0003 0.0000 0.0001 0.0000 0.0000 0.0000 0.0000 0.0000 -0.0009 0.0000 0.0000 0.0002 -29.9996 -0.0001 -0.0003 29.9996 0.0000 0.0000 0.0000 2.0944 7.1508 173.5269 -0.0261 -22.8107 0.0880 11.1653 82.2274 12.3926 0.0000 26.1661 0.0000 -7.9719 -10.2822 176.6214 0.2605 -8.1954 -0.1013 11.9116 51.6363 -1.1962 0.0000 25.2955 -0.0001 
-2.4156 89.6721 -16.9974 1.0584 -10.0013 2.5513 -0.8691 1.3876 -0.5934 -0.8693 1.3880 -0.5935 -0.8718 1.3918 -0.5952 -15.9740 83.0608 -117.4369 56.9294 59.4577 24.8214 31.1807 16.0206 87.6246 -0.6224 0.3632 -1.2707 0.0000 0.0000 0.0001 0.0000 0.0000 0.0000 0.0000 -0.0013 -0.0008 0.0000 -0.0004 0.0001 0.0000 0.0000 0.0000 0.0000 0.0000 0.0000 0.0000 0.0002 0.0000 0.0000 -0.0006 0.0003 0.0000 0.0004 -0.0006 0.0000 0.0000 0.0001 0.0000 0.0000 0.0000 0.0000 -0.0010 -0.0002 0.0000 0.0002 30.0001 -0.0001 0.0005 -29.9998 0.0000 0.0000 0.0000 -10.3224 9.3197 1.5618 -10.3224 9.3197 1.5618 -38.6466 83.0730 68.5011 -53.7829 58.2278 -28.8629 -26.5061 27.7637 -87.6818 1.2796 0.5581 2.0037 0.0000 -0.0001 0.0001 0.0000 0.0000 0.0000 0.0000 -0.0006 0.0003 0.0000 -0.0001 0.0001 0.0000 0.0000 0.0000 0.0000 0.0000 0.0000 0.0000 0.0007 0.0001 0.0000 -0.0012 0.0001 0.0000 -0.0008 0.0003 0.0000 0.0001 0.0000 0.0000 0.0000 0.0000 0.0000 -0.0009 0.0000 0.0000 0.0002 -29.9996 -0.0001 -0.0003 29.9996 0.0000 0.0000 0.0000 2.3357 7.3104 173.5309 -0.0229 -22.4033 0.0873 10.4831 82.0924 11.8700 0.0000 26.2494 0.0000 -7.7200 -10.1542 176.7327 0.2418 -7.7509 -0.0990 11.6370 51.4937 -1.3077 0.0000 25.3046 -0.0001 
-2.4537 89.7191 -16.8572 0.6107 -9.8038 2.5707 -0.9727 1.3813 -0.6003 -0.9729 1.3817 -0.6005 -0.9756 1.3855 -0.6021 -14.4181 83.0444 -115.7899 57.2673 59.5869 24.7754 31.2903 16.0953 87.5989 -0.6114 0.3564 -1.2459 0.0000 0.0000 0.0001 0.0000 0.0000 0.0000 0.0000 -0.0013 -0.0008 0.0000 -0.0004 0.0001 0.0000 0.0000 0.0000 0.0000 0.0000 0.0000 0.0000 0.0002 0.0000 0.0000 -0.0006 0.0003 0.0000 0.0004 -0.0006 0.0000 0.0000 0.0001 0.0000 0.0000 0.0000 0.0000 -0.0010 -0.0002 0.0000 0.0002 30.0001 -0.0001 0.0005 -29.9998 0.0000 0.0000 0.0000 -10.0821 9.1954 1.6371 -10.0821 9.1954 1.6371 -38.0136 83.2910 69.2433 -53.1446 58.4198 -28.5238 -26.5298 27.6118 -87.9281 1.2924 0.5486 2.0498 0.0000 -0.0001 0.0001 0.0000 0.0000 0.0000 0.0000 -0.0006 0.0003 0.0000 -0.0001 0.0001 0.0000 0.0000 0.0000 0.0000 0.0000 0.0000 0.0000 0.0007 0.0001 0.0000 -0.0012 0.0001 0.0000 -0.0008 0.0003 0.0000 0.0001 0.0000 0.0000 0.0000 0.0000 0.0000 -0.0008 0.0000 0.0000 0.0002 -29.9996 -0.0001 -0.0003 29.9996 0.0000 0.0000 0.0000 2.5716 7.4513 173.5567 -0.0186 -21.9787 0.0863 9.8477 81.9607 11.3678 0.0000 26.3012 0.0000 -7.4830 -9.9866 176.8604 0.2221 -7.1894 -0.0966 11.3214 51.3127 -1.4949 0.0000 25.2994 -0.0001 
-2.4984 89.7607 -16.7321 0.2430 -9.5811 2.5721 -1.0653 1.3787 -0.6118 -1.0656 1.3792 -0.6119 -1.0686 1.3829 -0.6137 -13.0523 83.0377 -114.3667 57.6126 59.6874 24.7242 31.3080 16.2398 87.6229 -0.6024 0.3490 -1.2249 0.0000 0.0000 0.0001 0.0000 0.0000 0.0000 0.0000 -0.0013 -0.0008 0.0000 -0.0004 0.0001 0.0000 0.0000 0.0000 0.0000 0.0000 0.0000 0.0000 0.0002 0.0000 0.0000 -0.0006 0.0003 0.0000 0.0004 -0.0006 0.0000 0.0000 0.0001 0.0000 0.0000 0.0000 0.0000 -0.0010 -0.0002 0.0000 0.0002 30.0001 -0.0001 0.0005 -29.9998 0.0000 0.0000 0.0000 -9.8829 9.0586 1.7292 -9.8829 9.0586 1.7292 -37.0972 83.4989 70.3075 -52.5141 58.6662 -28.1542 -26.5951 27.4462 -88.1778 1.3003 0.5334 2.0958 0.0000 -0.0001 0.0001 0.0000 0.0000 0.0000 0.0000 -0.0006 0.0003 0.0000 -0.0001 0.0001 0.0000 0.0000 0.0000 0.0000 0.0000 0.0000 0.0000 0.0007 0.0001 0.0000 -0.0012 0.0001 0.0000 -0.0008 0.0003 0.0000 0.0001 0.0000 0.0000 0.0000 0.0000 0.0000 -0.0008 0.0000 0.0000 0.0002 -29.9996 -0.0001 -0.0003 29.9996 0.0000 0.0000 0.0000 2.7928 7.5390 173.6091 -0.0157 -21.5859 0.0858 9.3444 81.8482 10.9347 0.0000 26.3415 0.0000 -7.3202 -9.7655 177.0054 0.1995 -6.4661 -0.0939 10.9340 51.0660 -1.7845 0.0000 25.3167 -0.0001 
-2.5456 89.7929 -16.6100 -0.0480 -9.3512 2.5621 -1.1583 1.3866 -0.6264 -1.1587 1.3870 -0.6266 -1.1618 1.3908 -0.6284 -11.8076 83.0290 -113.0463 57.8951 59.8537 24.5874 31.3452 16.3781 87.6458 -0.5915 0.3397 -1.2038 0.0000 0.0000 0.0001 0.0000 0.0000 0.0000 0.0000 -0.0013 -0.0008 0.0000 -0.0004 0.0001 0.0000 0.0000 0.0000 0.0000 0.0000 0.0000 0.0000 0.0002 0.0000 0.0000 -0.0006 0.0003 0.0000 0.0004 -0.0006 0.0000 0.0000 0.0001 0.0000 0.0000 0.0000 0.0000 -0.0010 -0.0002 0.0000 0.0003 30.0001 -0.0001 0.0005 -29.9998 0.0000 0.0000 0.0000 -9.7176 8.9085 1.8371 -9.7176 8.9085 1.8371 -35.8502 83.6822 71.7130 -52.0706 58.8959 -27.8884 -26.6217 27.3213 -88.4110 1.3018 0.5125 2.1369 0.0000 -0.0001 0.0001 0.0000 0.0000 0.0000 0.0000 -0.0006 0.0003 0.0000 -0.0001 0.0001 0.0000 0.0000 0.0000 0.0000 0.0000 0.0000 0.0000 0.0007 0.0001 0.0000 -0.0012 0.0001 0.0000 -0.0008 0.0003 0.0000 0.0001 0.0000 0.0000 0.0000 0.0000 0.0000 -0.0009 0.0000 0.0000 0.0002 -29.9996 -0.0001 -0.0003 29.9996 0.0000 0.0000 0.0000 3.0100 7.5767 173.6824 -0.0146 -21.2723 0.0855 8.9968 81.7821 10.5810 0.0000 26.3461 0.0000 -7.1991 -9.5803 177.1510 0.1803 -5.8046 -0.0918 10.5433 50.8624 -2.1156 0.0000 25.3354 -0.0001 
-2.5995 89.8127 -16.4830 -0.2728 -9.1230 2.5449 -1.2478 1.4055 -0.6452 -1.2482 1.4059 -0.6454 -1.2516 1.4097 -0.6472 -10.6533 83.0317 -111.8135 58.1057 60.0872 24.3852 31.3537 16.5001 87.6943 -0.5811 0.3299 -1.1867 0.0000 0.0000 0.0001 0.0000 0.0000 0.0000 0.0000 -0.0013 -0.0008 0.0000 -0.0004 0.0001 0.0000 0.0000 0.0000 0.0000 0.0000 0.0000 0.0000 0.0002 0.0000 0.0000 -0.0006 0.0003 0.0000 0.0004 -0.0006 0.0000 0.0000 0.0001 0.0000 0.0000 0.0000 0.0000 -0.0010 -0.0002 0.0000 0.0002 30.0001 -0.0001 0.0005 -29.9998 0.0000 0.0000 0.0000 -9.5851 8.7495 1.9587 -9.5851 8.7495 1.9587 -34.4934 83.8589 73.2357 -51.7345 59.1408 -27.6915 -26.6427 27.2371 -88.6161 1.2976 0.4864 2.1730 0.0000 0.0000 0.0001 0.0000 0.0000 0.0000 0.0000 -0.0006 0.0003 0.0000 -0.0001 0.0001 0.0000 0.0000 0.0000 0.0000 0.0000 0.0000 0.0000 0.0007 0.0001 0.0000 -0.0012 0.0001 0.0000 -0.0008 0.0003 0.0000 0.0002 0.0000 0.0000 0.0000 0.0000 0.0000 -0.0009 0.0000 0.0000 0.0002 -29.9996 -0.0001 -0.0003 29.9996 0.0000 0.0000 0.0000 3.2243 7.5902 173.7749 -0.0138 -21.0169 0.0853 8.7581 81.7566 10.2651 0.0000 26.3549 0.0000 -7.1112 -9.4673 177.2950 0.1668 -5.3005 -0.0904 10.1661 50.7492 -2.4607 0.0000 25.3779 -0.0001 
-2.6742 89.8268 -16.3443 -0.4015 -8.9001 2.5335 -1.3315 1.4457 -0.6774 -1.3320 1.4462 -0.6776 -1.3356 1.4500 -0.6795 -9.5332 83.0684 -110.6453 58.1875 60.4106 24.1260 31.3216 16.5871 87.7827 -0.5731 0.3204 -1.1788 0.0000 0.0000 0.0001 0.0000 0.0000 0.0000 0.0000 -0.0013 -0.0008 0.0000 -0.0004 0.0001 0.0000 0.0000 0.0000 0.0000 0.0000 0.0000 0.0000 0.0003 0.0000 0.0000 -0.0006 0.0003 0.0000 0.0004 -0.0006 0.0000 0.0000 0.0001 0.0000 0.0000 0.0000 0.0000 -0.0010 -0.0002 0.0000 0.0002 30.0001 -0.0001 0.0005 -29.9998 0.0000 0.0000 0.0000 -9.4982 8.5713 2.1040 -9.4982 8.5713 2.1040 -33.1118 84.0235 74.7573 -51.5092 59.4225 -27.5726 -26.6927 27.2249 -88.7867 1.2862 0.4538 2.2025 0.0000 0.0000 0.0001 0.0000 0.0000 0.0000 0.0000 -0.0006 0.0003 0.0000 -0.0001 0.0001 0.0000 0.0000 0.0000 0.0000 0.0000 0.0000 0.0000 0.0007 0.0001 0.0000 -0.0011 0.0001 0.0000 -0.0008 0.0003 0.0000 0.0001 0.0000 0.0000 0.0000 0.0000 0.0000 -0.0008 0.0000 0.0000 0.0002 -29.9996 -0.0001 -0.0003 29.9996 0.0000 0.0000 0.0000 3.4123 7.5906 173.8837 -0.0095 -20.8083 0.0845 8.5432 81.7761 9.8788 0.0000 26.3060 0.0000 -7.0862 -9.4900 177.4271 0.1650 -5.0954 -0.0900 9.8184 50.8002 -2.7960 0.0000 25.4208 -0.0001 
-2.7624 89.8383 -16.2021 -0.4695 -8.6875 2.5430 -1.3959 1.4972 -0.7258 -1.3964 1.4978 -0.7260 -1.4001 1.5018 -0.7280 -8.3731 83.1669 -109.4723 58.1723 60.8024 23.8465 31.2752 16.6103 87.9073 -0.5665 0.3116 -1.1767 0.0000 0.0000 0.0001 0.0000 0.0000 0.0000 0.0000 -0.0013 -0.0008 0.0000 -0.0004 0.0001 0.0000 0.0000 0.0000 0.0000 0.0000 0.0000 0.0000 0.0002 0.0000 0.0000 -0.0006 0.0003 0.0000 0.0004 -0.0006 0.0000 0.0000 0.0001 0.0000 0.0000 0.0000 0.0000 -0.0010 -0.0002 0.0000 0.0002 30.0001 -0.0001 0.0005 -29.9998 0.0000 0.0000 0.0000 -9.4595 8.3865 2.2684 -9.4595 8.3865 2.2684 -31.7043 84.1649 76.2748 -51.4220 59.7006 -27.4999 -26.7923 27.2673 -88.9577 1.2682 0.4169 2.2212 0.0000 -0.0001 0.0001 0.0000 0.0000 0.0000 0.0000 -0.0006 0.0003 0.0000 -0.0001 0.0001 0.0000 0.0000 0.0000 0.0000 0.0000 0.0000 0.0000 0.0007 0.0001 0.0000 -0.0012 0.0001 0.0000 -0.0008 0.0003 0.0000 0.0001 0.0000 0.0000 0.0000 0.0000 0.0000 -0.0008 0.0000 0.0000 0.0002 -29.9996 -0.0001 -0.0003 29.9996 0.0000 0.0000 0.0000 3.5666 7.6118 173.9852 0.0006 -20.5808 0.0826 8.2332 81.8028 9.3458 0.0000 26.2372 0.0000 -7.1101 -9.6348 177.5331 0.1736 -5.1568 -0.0905 9.5278 50.9733 -3.0667 0.0000 25.5043 -0.0001 
-2.8469 89.8492 -16.0717 -0.5054 -8.4767 2.5714 -1.4342 1.5519 -0.7841 -1.4348 1.5526 -0.7844 -1.4386 1.5566 -0.7865 -7.2103 83.3397 -108.3520 58.0997 61.2354 23.5805 31.2148 16.5429 88.0722 -0.5599 0.3032 -1.1782 0.0000 0.0000 0.0001 0.0000 0.0000 0.0000 0.0000 -0.0013 -0.0008 0.0000 -0.0004 0.0001 0.0000 0.0000 0.0000 0.0000 0.0000 0.0000 0.0000 0.0003 -0.0001 0.0000 -0.0006 0.0003 0.0000 0.0004 -0.0006 0.0000 0.0000 0.0001 0.0000 0.0000 0.0000 0.0000 -0.0010 -0.0002 0.0000 0.0003 30.0001 -0.0001 0.0005 -29.9998 0.0000 0.0000 0.0000 -9.4718 8.1975 2.4479 -9.4718 8.1975 2.4479 -30.3607 84.2527 77.6937 -51.5475 59.9503 -27.4821 -26.9304 27.3413 -89.1487 1.2444 0.3787 2.2263 0.0000 -0.0001 0.0001 0.0000 0.0000 0.0000 0.0000 -0.0006 0.0003 0.0000 -0.0001 0.0001 0.0000 0.0000 0.0000 0.0000 0.0000 0.0000 0.0000 0.0007 0.0001 0.0000 -0.0012 0.0001 0.0000 -0.0008 0.0003 0.0000 0.0001 0.0000 0.0000 0.0000 0.0000 0.0000 -0.0009 0.0000 0.0000 0.0002 -29.9997 -0.0001 -0.0003 29.9996 0.0000 0.0000 0.0000 3.7067 7.6404 174.0710 0.0142 -20.3276 0.0802 7.8623 81.8216 8.7162 0.0000 26.1513 0.0000 -7.1504 -9.9321 177.6079 0.1920 -5.5032 -0.0919 9.3141 51.2592 -3.2485 0.0000 25.5673 -0.0001 
-2.8914 89.8573 -15.9725 -0.5237 -8.2683 2.6134 -1.4149 1.6056 -0.8458 -1.4155 1.6063 -0.8461 -1.4192 1.6104 -0.8484 -6.0793 83.6500 -107.3694 57.9791 61.6733 23.4320 31.1151 16.3499 88.2747 -0.5546 0.2965 -1.1854 0.0000 0.0000 0.0001 0.0000 0.0000 0.0000 0.0000 -0.0013 -0.0008 0.0000 -0.0004 0.0001 0.0000 0.0000 0.0000 0.0000 0.0000 0.0000 0.0000 0.0002 0.0000 0.0000 -0.0006 0.0003 0.0000 0.0004 -0.0006 0.0000 0.0000 0.0001 0.0000 0.0000 0.0000 0.0000 -0.0010 -0.0002 0.0000 0.0002 30.0001 -0.0001 0.0005 -29.9998 0.0000 0.0000 0.0000 -9.5665 8.0084 2.6396 -9.5665 8.0084 2.6396 -29.4722 84.2565 78.5727 -51.8715 60.1646 -27.4538 -27.1256 27.4745 -89.3507 1.2167 0.3433 2.2128 0.0000 -0.0001 0.0001 0.0000 0.0000 0.0000 0.0000 -0.0006 0.0003 0.0000 -0.0001 0.0001 0.0000 0.0000 0.0000 0.0000 0.0000 0.0000 0.0000 0.0007 0.0001 0.0000 -0.0012 0.0001 0.0000 -0.0008 0.0003 0.0000 0.0001 0.0000 0.0000 0.0000 0.0000 0.0000 -0.0008 0.0000 0.0000 0.0002 -29.9997 -0.0001 -0.0003 29.9996 0.0000 0.0000 0.0000 3.8338 7.6597 174.1193 0.0241 -20.0600 0.0785 7.5414 81.8175 8.1299 0.0000 26.0813 0.0000 -7.2002 -10.4734 177.6329 0.2222 -6.2771 -0.0949 9.2279 51.6912 -3.2583 0.0000 25.5464 -0.0001 
-2.8996 89.8576 -15.8865 -0.5357 -8.0537 2.6571 -1.3380 1.6575 -0.9034 -1.3385 1.6582 -0.9037 -1.3420 1.6625 -0.9061 -4.9252 84.0446 -106.4597 57.8229 62.0870 23.3956 30.9954 16.0823 88.4872 -0.5509 0.2918 -1.1974 0.0000 0.0000 0.0001 0.0000 0.0000 0.0000 0.0000 -0.0013 -0.0008 0.0000 -0.0004 0.0001 0.0000 0.0000 0.0000 0.0000 0.0000 0.0000 0.0000 0.0002 0.0000 0.0000 -0.0006 0.0003 0.0000 0.0004 -0.0006 0.0000 0.0000 0.0001 0.0000 0.0000 0.0000 0.0000 -0.0010 -0.0002 0.0000 0.0002 30.0001 -0.0001 0.0005 -29.9998 0.0000 0.0000 0.0000 -9.7369 7.8164 2.8432 -9.7369 7.8164 2.8432 -28.7062 84.1688 79.2469 -52.3468 60.3044 -27.3801 -27.3243 27.6569 -89.5675 1.1892 0.3132 2.1861 0.0000 -0.0001 0.0001 0.0000 0.0000 0.0000 0.0000 -0.0007 0.0003 0.0000 -0.0001 0.0001 0.0000 0.0000 0.0000 0.0000 0.0000 0.0000 0.0000 0.0007 0.0001 0.0000 -0.0012 0.0001 0.0000 -0.0008 0.0003 0.0000 0.0001 0.0000 0.0000 0.0000 0.0000 0.0000 -0.0008 0.0000 0.0000 0.0002 -29.9996 -0.0001 -0.0003 29.9996 0.0000 0.0000 0.0000 3.9287 7.6357 174.1272 0.0297 -19.8424 0.0776 7.3139 81.8225 7.6805 0.0000 26.0227 0.0000 -7.2850 -11.1378 177.6300 0.2559 -7.2445 -0.0989 9.2004 52.1739 -3.1486 0.0000 25.5117 -0.0001 
-2.8854 89.8511 -15.8018 -0.5416 -7.8382 2.6906 -1.2022 1.7105 -0.9523 -1.2027 1.7113 -0.9527 -1.2059 1.7157 -0.9552 -3.6935 84.4784 -105.5266 57.6278 62.4816 23.4283 30.8824 15.7747 88.6940 -0.5485 0.2885 -1.2132 0.0000 0.0000 0.0001 0.0000 0.0000 0.0000 0.0000 -0.0013 -0.0008 0.0000 -0.0004 0.0001 0.0000 0.0000 0.0000 0.0000 0.0000 0.0000 0.0000 0.0002 -0.0001 0.0000 -0.0006 0.0003 0.0000 0.0004 -0.0006 0.0000 0.0000 0.0001 0.0000 0.0000 0.0000 0.0000 -0.0010 -0.0002 0.0000 0.0002 30.0001 -0.0001 0.0005 -29.9998 0.0000 0.0000 0.0000 -9.9836 7.6219 3.0580 -9.9836 7.6219 3.0580 -27.9563 83.9930 79.8530 -52.9593 60.3636 -27.2734 -27.5091 27.8802 -89.7938 1.1626 0.2882 2.1496 0.0000 -0.0001 0.0001 0.0000 0.0000 0.0000 0.0000 -0.0006 0.0003 0.0000 -0.0001 0.0001 0.0000 0.0000 0.0000 0.0000 0.0000 0.0000 0.0000 0.0007 0.0001 0.0000 -0.0012 0.0001 0.0000 -0.0008 0.0003 0.0000 0.0002 0.0000 0.0000 0.0000 0.0000 0.0000 -0.0009 0.0000 0.0000 0.0002 -29.9997 -0.0001 -0.0003 29.9996 0.0000 0.0000 0.0000 3.9958 7.5714 174.1146 0.0331 -19.6928 0.0770 7.1930 81.8527 7.3875 0.0000 25.9614 0.0000 -7.4153 -11.8341 177.6232 0.2877 -8.2607 -0.1034 9.1938 52.6554 -2.9656 0.0000 25.4913 -0.0001 
-2.8587 89.8354 -15.6969 -0.5211 -7.6109 2.6793 -0.9859 1.7701 -0.9746 -0.9862 1.7709 -0.9750 -0.9889 1.7755 -0.9776 -2.5668 84.9118 -104.7578 57.3701 62.8308 23.5321 30.7971 15.4507 88.8721 -0.5485 0.2869 -1.2352 0.0000 0.0000 0.0001 0.0000 0.0000 0.0000 0.0000 -0.0013 -0.0008 0.0000 -0.0004 0.0001 0.0000 0.0000 0.0000 0.0000 0.0000 0.0000 0.0000 0.0002 0.0000 0.0000 -0.0006 0.0003 0.0000 0.0004 -0.0006 0.0000 0.0000 0.0001 0.0000 0.0000 0.0000 0.0000 -0.0010 -0.0002 0.0000 0.0002 30.0001 -0.0001 0.0005 -29.9998 0.0000 0.0000 0.0000 -10.3411 7.4154 3.2816 -10.3411 7.4154 3.2816 -27.0250 83.6477 80.5896 -53.7105 60.3117 -27.0739 -27.6836 28.1437 -90.0134 1.1392 0.2713 2.1036 0.0000 -0.0001 0.0001 0.0000 0.0000 0.0000 0.0000 -0.0006 0.0003 0.0000 -0.0001 0.0001 0.0000 0.0000 0.0000 0.0000 0.0000 0.0000 0.0000 0.0007 0.0001 0.0000 -0.0012 0.0001 0.0000 -0.0008 0.0003 0.0000 0.0002 0.0000 0.0000 0.0000 0.0000 0.0000 -0.0009 0.0000 0.0000 0.0002 -29.9997 -0.0001 -0.0003 29.9996 0.0000 0.0000 0.0000 3.9671 7.4541 174.0995 0.0331 -19.6225 0.0771 7.1259 81.9256 7.2693 0.0000 25.9256 0.0000 -7.6126 -12.4770 177.6530 0.3100 -9.1807 -0.1075 9.1912 53.0909 -2.7400 0.0000 25.5588 -0.0001 
-2.8244 89.8231 -15.5729 -0.4444 -7.3829 2.6228 -0.7173 1.8500 -0.9754 -0.7176 1.8507 -0.9758 -0.7195 1.8556 -0.9784 -1.5470 85.2863 -104.1247 57.0687 63.1092 23.7242 30.7438 15.1844 89.0006 -0.5525 0.2873 -1.2650 0.0000 0.0000 0.0001 0.0000 0.0000 0.0000 0.0000 -0.0013 -0.0008 0.0000 -0.0004 0.0001 0.0000 0.0000 0.0000 0.0000 0.0000 0.0000 0.0000 0.0002 0.0000 0.0000 -0.0006 0.0003 0.0000 0.0004 -0.0006 0.0000 0.0000 0.0001 0.0000 0.0000 0.0000 0.0000 -0.0010 -0.0002 0.0000 0.0002 30.0001 -0.0001 0.0005 -29.9998 0.0000 0.0000 0.0000 -10.7844 7.1873 3.5146 -10.7844 7.1873 3.5146 -25.9286 83.1930 81.4309 -54.4656 60.2156 -26.7783 -27.8530 28.4279 -90.2120 1.1196 0.2601 2.0562 0.0000 -0.0001 0.0001 0.0000 0.0000 0.0000 0.0000 -0.0006 0.0003 0.0000 -0.0001 0.0001 0.0000 0.0000 0.0000 0.0000 0.0000 0.0000 0.0000 0.0007 0.0001 0.0000 -0.0012 0.0001 0.0000 -0.0008 0.0003 0.0000 0.0001 0.0000 0.0000 0.0000 0.0000 0.0000 -0.0009 0.0000 0.0000 0.0002 -29.9996 -0.0001 -0.0002 29.9996 0.0000 0.0000 0.0000 3.8688 7.3336 174.1049 0.0311 -19.5582 0.0774 7.1679 82.0025 7.3152 0.0000 25.8984 0.0000 -7.8452 -13.0187 177.7111 0.3224 -9.9483 -0.1107 9.2176 53.4706 -2.5076 0.0000 25.6471 -0.0001 
-2.7815 89.8174 -15.4393 -0.2918 -7.1482 2.5309 -0.4134 1.9447 -0.9632 -0.4135 1.9455 -0.9635 -0.4146 1.9506 -0.9661 -0.5805 85.5982 -103.5503 56.7562 63.3283 23.9880 30.7231 14.9767 89.0954 -0.5596 0.2889 -1.3010 0.0000 0.0000 0.0001 0.0000 0.0000 0.0000 0.0000 -0.0013 -0.0008 0.0000 -0.0004 0.0001 0.0000 0.0000 0.0000 0.0000 0.0000 0.0000 0.0000 0.0002 0.0000 0.0000 -0.0006 0.0003 0.0000 0.0004 -0.0006 0.0000 0.0000 0.0001 0.0000 0.0000 0.0000 0.0000 -0.0010 -0.0002 0.0000 0.0002 30.0001 -0.0001 0.0005 -29.9998 0.0000 0.0000 0.0000 -11.2990 6.9418 3.7610 -11.2990 6.9418 3.7611 -24.5994 82.6713 82.4578 -55.2330 60.0667 -26.4351 -28.0022 28.7281 -90.3926 1.1020 0.2522 2.0078 0.0000 -0.0001 0.0001 0.0000 0.0000 0.0000 0.0000 -0.0006 0.0003 0.0000 -0.0001 0.0001 0.0000 0.0000 0.0000 0.0000 0.0000 0.0000 0.0000 0.0007 0.0001 0.0000 -0.0012 0.0001 0.0000 -0.0008 0.0003 0.0000 0.0001 0.0000 0.0000 0.0000 0.0000 0.0000 -0.0009 0.0000 0.0000 0.0002 -29.9997 -0.0001 -0.0003 29.9996 0.0000 0.0000 0.0000 3.6986 7.2053 174.1260 0.0275 -19.4852 0.0780 7.3204 82.0709 7.4989 0.0000 25.8659 0.0000 -8.1077 -13.4504 177.7821 0.3254 -10.5218 -0.1126 9.2870 53.7716 -2.2787 0.0000 25.7546 -0.0001 
-2.7326 89.8207 -15.3158 -0.0132 -6.9201 2.3953 -0.0829 2.0611 -0.9399 -0.0829 2.0620 -0.9403 -0.0832 2.0673 -0.9427 0.3370 85.8513 -103.0481 56.4413 63.4659 24.3507 30.7256 14.8320 89.1535 -0.5709 0.2927 -1.3434 0.0000 0.0000 0.0001 0.0000 0.0000 0.0000 0.0000 -0.0013 -0.0008 0.0000 -0.0004 0.0001 0.0000 0.0000 0.0000 0.0000 0.0000 0.0000 0.0000 0.0002 0.0000 0.0000 -0.0006 0.0003 0.0000 0.0004 -0.0006 0.0000 0.0000 0.0001 0.0000 0.0000 0.0000 0.0000 -0.0010 -0.0002 0.0000 0.0002 30.0001 -0.0001 0.0005 -29.9998 0.0000 0.0000 0.0000 -11.8880 6.6743 4.0286 -11.8880 6.6743 4.0286 -22.8594 82.0403 83.8038 -56.0961 59.8335 -26.0844 -28.1037 29.0341 -90.5437 1.0865 0.2486 1.9580 0.0000 -0.0001 0.0001 0.0000 0.0000 0.0000 0.0000 -0.0006 0.0003 0.0000 -0.0001 0.0001 0.0000 0.0000 0.0000 0.0000 0.0000 0.0000 0.0000 0.0007 0.0001 0.0000 -0.0012 0.0001 0.0000 -0.0008 0.0003 0.0000 0.0001 0.0000 0.0000 0.0000 0.0000 0.0000 -0.0009 0.0000 0.0000 0.0002 -29.9996 -0.0001 -0.0003 29.9996 0.0000 0.0000 0.0000 3.4243 7.0413 174.1723 0.0246 -19.4480 0.0786 7.6082 82.1373 7.8362 0.0000 25.8042 0.0000 -8.3799 -13.7357 177.8861 0.3247 -10.8126 -0.1133 9.4099 53.9372 -2.1160 0.0000 25.8275 -0.0001 
-2.6826 89.8206 -15.2333 0.4041 -6.6900 2.2365 0.2584 2.1903 -0.9166 0.2585 2.1913 -0.9170 0.2591 2.1969 -0.9193 1.3297 86.0783 -102.4644 56.1475 63.5204 24.8239 30.7176 14.7037 89.2048 -0.5871 0.3005 -1.3913 0.0000 0.0000 0.0001 0.0000 0.0000 0.0000 0.0000 -0.0013 -0.0008 0.0000 -0.0004 0.0001 0.0000 0.0000 0.0000 0.0000 0.0000 0.0000 0.0000 0.0002 0.0000 0.0000 -0.0006 0.0003 0.0000 0.0004 -0.0006 0.0000 0.0000 0.0001 0.0000 0.0000 0.0000 0.0000 -0.0010 -0.0002 0.0000 0.0002 30.0001 -0.0001 0.0005 -29.9998 0.0000 0.0000 0.0000 -12.5421 6.3839 4.3250 -12.5421 6.3839 4.3250 -20.8578 81.3084 85.3923 -57.0042 59.5686 -25.7556 -28.1757 29.3233 -90.6482 1.0720 0.2458 1.9124 0.0000 -0.0001 0.0001 0.0000 0.0000 0.0000 0.0000 -0.0006 0.0003 0.0000 -0.0001 0.0001 0.0000 0.0000 0.0000 0.0000 0.0000 0.0000 0.0000 0.0007 0.0001 0.0000 -0.0011 0.0001 0.0000 -0.0008 0.0003 0.0000 0.0001 0.0000 0.0000 0.0000 0.0000 0.0000 -0.0008 0.0000 0.0000 0.0002 -29.9996 -0.0001 -0.0003 29.9996 0.0000 0.0000 0.0000 3.0424 6.7859 174.2288 0.0219 -19.5030 0.0790 7.9839 82.2041 8.2605 0.0000 25.7883 0.0000 -8.6503 -13.9430 177.9929 0.3200 -10.8891 -0.1131 9.6138 53.9778 -2.0076 0.0000 25.8908 -0.0001 
-2.6342 89.8168 -15.1807 0.9361 -6.4631 2.0713 0.6025 2.3273 -0.8980 0.6028 2.3285 -0.8985 0.6043 2.3343 -0.9007 2.5069 86.3083 -101.7103 55.9496 63.4338 25.4950 30.6390 14.6095 89.2724 -0.6104 0.3138 -1.4454 0.0000 0.0000 0.0001 0.0000 0.0000 0.0000 0.0000 -0.0013 -0.0008 0.0000 -0.0004 0.0001 0.0000 0.0000 0.0000 0.0000 0.0000 0.0000 0.0000 0.0002 0.0000 0.0000 -0.0006 0.0003 0.0000 0.0004 -0.0006 0.0000 0.0000 0.0001 0.0000 0.0000 0.0000 0.0000 -0.0010 -0.0002 0.0000 0.0002 30.0001 -0.0001 0.0005 -29.9998 0.0000 0.0000 0.0000 -13.2423 6.0756 4.6511 -13.2423 6.0756 4.6511 -18.7756 80.5349 87.0411 -57.9713 59.2742 -25.4558 -28.2235 29.5987 -90.7420 1.0567 0.2425 1.8679 0.0000 -0.0001 0.0001 0.0000 0.0000 0.0000 0.0000 -0.0006 0.0003 0.0000 -0.0001 0.0001 0.0000 0.0000 0.0000 0.0000 0.0000 0.0000 0.0000 0.0007 0.0001 0.0000 -0.0012 0.0001 0.0000 -0.0008 0.0003 0.0000 0.0001 0.0000 0.0000 0.0000 0.0000 0.0000 -0.0009 0.0000 0.0000 0.0002 -29.9996 -0.0001 -0.0003 29.9996 0.0000 0.0000 0.0000 2.5673 6.4458 174.2839 0.0210 -19.6688 0.0791 8.4096 82.2867 8.7375 0.0000 25.7809 0.0000 -8.9011 -14.1202 178.0961 0.3156 -10.8547 -0.1126 9.8867 53.9416 -1.9568 0.0000 25.9250 -0.0001 
-2.5852 89.8061 -15.1527 1.6175 -6.2381 1.9187 0.9552 2.4769 -0.8909 0.9558 2.4784 -0.8914 0.9580 2.4844 -0.8935 4.0909 86.5512 -100.5279 55.4680 63.3510 26.0323 30.6962 14.4390 89.3632 -0.6397 0.3336 -1.5067 0.0000 0.0000 0.0001 0.0000 0.0000 0.0000 0.0000 -0.0013 -0.0008 0.0000 -0.0004 0.0001 0.0000 0.0000 0.0000 0.0000 0.0000 0.0000 0.0000 0.0003 0.0000 0.0000 -0.0006 0.0003 0.0000 0.0004 -0.0006 0.0000 0.0000 0.0001 0.0000 0.0000 0.0000 0.0000 -0.0010 -0.0002 0.0000 0.0002 30.0001 -0.0001 0.0005 -29.9998 0.0000 0.0000 0.0000 -14.0091 5.7377 5.0201 -14.0091 5.7377 5.0201 -16.5422 79.7627 88.8604 -58.9507 58.9476 -25.1628 -28.2506 29.8641 -90.8310 1.0384 0.2365 1.8234 0.0000 -0.0001 0.0001 0.0000 0.0000 0.0000 0.0000 -0.0006 0.0003 0.0000 -0.0001 0.0001 0.0000 0.0000 0.0000 0.0000 0.0000 0.0000 0.0000 0.0007 0.0001 0.0000 -0.0011 0.0001 0.0000 -0.0008 0.0003 0.0000 0.0001 0.0000 0.0000 0.0000 0.0000 0.0000 -0.0008 0.0000 0.0000 0.0002 -29.9997 -0.0001 -0.0003 29.9996 0.0000 0.0000 0.0000 1.9726 6.0101 174.3157 0.0223 -19.9662 0.0788 8.9036 82.3900 9.2788 0.0000 25.7772 0.0000 -9.1427 -14.2794 178.1616 0.3109 -10.7357 -0.1118 10.2347 53.8497 -1.9755 0.0000 25.9676 -0.0001 
-2.5301 89.7865 -15.1208 2.3888 -6.0113 1.8004 1.2997 2.6241 -0.8993 1.3006 2.6261 -0.8999 1.3035 2.6321 -0.9019 6.5183 86.8417 -98.5064 54.9602 63.1921 26.6693 30.7374 14.2729 89.4765 -0.6762 0.3600 -1.5727 0.0000 0.0000 0.0001 0.0000 0.0000 0.0000 0.0000 -0.0013 -0.0008 0.0000 -0.0004 0.0001 0.0000 0.0000 0.0000 0.0000 0.0000 0.0000 0.0000 0.0002 0.0000 0.0000 -0.0006 0.0003 0.0000 0.0004 -0.0006 0.0000 0.0000 0.0001 0.0000 0.0000 0.0000 0.0000 -0.0010 -0.0002 0.0000 0.0002 30.0001 -0.0001 0.0005 -29.9998 0.0000 0.0000 0.0000 -14.7961 5.3967 5.4089 -14.7961 5.3967 5.4089 -14.2740 79.0321 90.7151 -59.9106 58.6198 -24.8486 -28.3350 30.1126 -90.9075 1.0132 0.2270 1.7721 0.0000 -0.0001 0.0001 0.0000 0.0000 0.0000 0.0000 -0.0006 0.0002 0.0000 -0.0001 0.0001 0.0000 0.0000 0.0000 0.0000 0.0000 0.0000 0.0000 0.0007 0.0001 0.0000 -0.0012 0.0001 0.0000 -0.0008 0.0003 0.0000 0.0001 0.0000 0.0000 0.0000 0.0000 0.0000 -0.0009 0.0000 0.0000 0.0002 -29.9996 -0.0001 -0.0003 29.9996 0.0000 0.0000 0.0000 1.2200 5.5191 174.2852 0.0169 -20.3444 0.0797 9.2235 82.5212 9.7119 0.0000 25.7546 0.0000 -9.4108 -14.4557 178.1911 0.3096 -10.6202 -0.1114 10.5561 53.7654 -2.0780 0.0000 26.0547 -0.0001 
-2.4776 89.7541 -15.0789 3.2341 -5.7723 1.7240 1.6501 2.7704 -0.9265 1.6515 2.7729 -0.9273 1.6550 2.7788 -0.9292 10.0962 87.1409 -95.2719 54.4615 62.9773 27.4020 30.7556 14.1170 89.5897 -0.7195 0.3930 -1.6420 0.0000 0.0000 0.0001 0.0000 0.0000 0.0000 0.0000 -0.0013 -0.0008 0.0000 -0.0004 0.0001 0.0000 0.0000 0.0000 0.0000 0.0000 0.0000 0.0000 0.0003 0.0000 0.0000 -0.0007 0.0003 0.0000 0.0004 -0.0006 0.0000 0.0000 0.0001 0.0000 0.0000 0.0000 0.0000 -0.0010 -0.0002 0.0000 0.0002 30.0001 -0.0001 0.0005 -29.9998 0.0000 0.0000 0.0000 -15.6194 5.0515 5.8183 -15.6194 5.0515 5.8183 -12.0777 78.3635 92.5686 -60.8272 58.3216 -24.5440 -28.4944 30.3457 -90.9576 0.9803 0.2120 1.7163 0.0000 -0.0001 0.0001 0.0000 0.0000 0.0000 0.0000 -0.0006 0.0003 0.0000 -0.0001 0.0001 0.0000 0.0000 0.0000 0.0000 0.0000 0.0000 0.0000 0.0007 0.0001 0.0000 -0.0011 0.0001 0.0000 -0.0008 0.0003 0.0000 0.0001 0.0000 0.0000 0.0000 0.0000 0.0000 -0.0009 0.0000 0.0000 0.0002 -29.9996 -0.0001 -0.0003 29.9996 0.0000 0.0000 0.0000 0.3725 4.9869 174.2101 0.0093 -20.7760 0.0811 9.3601 82.6802 9.9732 0.0000 25.7334 0.0000 -9.7293 -14.6472 178.1689 0.3070 -10.5067 -0.1108 10.8393 53.6958 -2.2329 0.0000 26.2671 -0.0001 
-2.4412 89.6977 -15.0145 4.1467 -5.5119 1.7164 1.9867 2.9057 -0.9822 1.9887 2.9088 -0.9831 1.9926 2.9146 -0.9850 106.4501 90.0000 0.0000 53.9914 62.6721 28.2310 30.8087 13.9526 89.6902 -0.7658 0.4308 -1.7073 0.0000 0.0000 0.0001 0.0000 0.0000 0.0000 0.0000 -0.0013 -0.0008 0.0000 -0.0004 0.0001 0.0000 0.0000 0.0000 0.0000 0.0000 0.0000 0.0000 0.0002 0.0000 0.0000 -0.0006 0.0003 0.0000 0.0004 -0.0006 0.0000 0.0000 0.0001 0.0000 0.0000 0.0000 0.0000 -0.0010 -0.0002 0.0000 0.0002 30.0001 -0.0001 0.0005 -29.9998 0.0000 0.0000 0.0000 -16.4474 4.7143 6.2353 -16.4474 4.7143 6.2353 -9.9066 77.9029 94.4339 -61.5836 58.0761 -24.2652 -28.6560 30.5883 -90.9940 0.9420 0.1915 1.6594 0.0000 -0.0001 0.0001 0.0000 0.0000 0.0000 0.0000 -0.0006 0.0003 0.0000 -0.0001 0.0001 0.0000 0.0000 0.0000 0.0000 0.0000 0.0000 0.0000 0.0007 0.0001 0.0000 -0.0012 0.0001 0.0000 -0.0008 0.0003 0.0000 0.0001 0.0000 0.0000 0.0000 0.0000 0.0000 -0.0009 0.0000 0.0000 0.0002 -29.9996 -0.0001 -0.0003 29.9996 0.0000 0.0000 0.0000 -0.5231 4.4220 174.0917 0.0047 -21.2517 0.0819 9.1840 82.8870 9.8797 0.0000 25.7414 0.0000 -10.1280 -14.8742 178.0631 0.3004 -10.4272 -0.1100 11.0370 53.6625 -2.4431 0.0000 26.7406 -0.0001 
-2.4258 89.6311 -14.9237 5.0858 -5.2332 1.7596 2.3170 3.0291 -1.0539 2.3198 3.0328 -1.0550 2.3239 3.0383 -1.0568 106.8701 90.0000 0.0000 53.4334 62.4403 28.8422 30.9292 13.7678 89.8069 -0.8099 0.4684 -1.7658 0.0000 0.0000 0.0001 0.0000 0.0000 0.0000 0.0000 -0.0013 -0.0008 0.0000 -0.0004 0.0001 0.0000 0.0000 0.0000 0.0000 0.0000 0.0000 0.0000 0.0002 0.0000 0.0000 -0.0006 0.0003 0.0000 0.0004 -0.0006 0.0000 0.0000 0.0001 0.0000 0.0000 0.0000 0.0000 -0.0010 -0.0002 0.0000 0.0002 30.0001 -0.0001 0.0005 -29.9998 0.0000 0.0000 0.0000 -17.2783 4.3885 6.6406 -17.2783 4.3885 6.6406 -7.9397 77.6221 96.1561 -62.2029 57.8895 -24.0430 -28.7687 30.8336 -91.0216 0.9039 0.1689 1.6070 0.0000 -0.0001 0.0001 0.0000 0.0000 0.0000 0.0000 -0.0006 0.0003 0.0000 -0.0001 0.0001 0.0000 0.0000 0.0000 0.0000 0.0000 0.0000 0.0000 0.0007 0.0001 0.0000 -0.0012 0.0001 0.0000 -0.0008 0.0003 0.0000 0.0001 0.0000 0.0000 0.0000 0.0000 0.0000 -0.0009 0.0000 0.0000 0.0002 -29.9997 -0.0001 -0.0003 29.9995 0.0000 0.0000 0.0000 -1.4181 3.8649 173.9606 0.0055 -21.7093 0.0817 8.6874 83.1211 9.4131 0.0000 25.7347 0.0000 -10.6028 -15.1280 177.9140 0.2940 -10.3810 -0.1093 11.1378 53.6607 -2.6942 0.0000 27.1856 -0.0001 
-2.4210 89.5623 -14.8117 6.0361 -4.9420 1.8323 2.6173 3.1329 -1.1318 2.6209 3.1373 -1.1332 2.6251 3.1424 -1.1349 107.2426 90.0000 0.0000 52.9763 62.2037 29.4238 31.0322 13.6090 89.9497 -0.8503 0.5028 -1.8161 0.0000 0.0000 0.0001 0.0000 0.0000 0.0000 0.0000 -0.0013 -0.0008 0.0000 -0.0004 0.0001 0.0000 0.0000 0.0000 0.0000 0.0000 0.0000 0.0000 0.0002 0.0000 0.0000 -0.0006 0.0003 0.0000 0.0004 -0.0006 0.0000 0.0000 0.0001 0.0000 0.0000 0.0000 0.0000 -0.0010 -0.0002 0.0000 0.0002 30.0001 -0.0001 0.0005 -29.9998 0.0000 0.0000 0.0000 -18.0739 4.0849 7.0183 -18.0740 4.0849 7.0183 -6.1437 77.5117 97.7059 -62.7363 57.7560 -23.9158 -28.8003 31.0615 -91.0657 0.8686 0.1465 1.5609 0.0000 -0.0001 0.0001 0.0000 0.0000 0.0000 0.0000 -0.0006 0.0003 0.0000 -0.0001 0.0001 0.0000 0.0000 0.0000 0.0000 0.0000 0.0000 0.0000 0.0007 0.0001 0.0000 -0.0012 0.0001 0.0000 -0.0008 0.0003 0.0000 0.0001 0.0000 0.0000 0.0000 0.0000 0.0000 -0.0009 0.0000 0.0000 0.0002 -29.9996 -0.0001 -0.0003 29.9996 0.0000 0.0000 0.0000 -2.2874 3.3417 173.8336 0.0085 -22.1040 0.0811 7.9667 83.3553 8.6646 0.0000 25.7163 0.0000 -11.1422 -15.3997 177.7531 0.2906 -10.3648 -0.1090 11.1524 53.6917 -2.9794 0.0000 27.1765 -0.0001 
-2.4205 89.5031 -14.6687 6.9899 -4.6358 1.9170 2.8955 3.2135 -1.2111 2.8999 3.2186 -1.2128 2.9041 3.2233 -1.2144 107.4847 90.0000 0.0000 52.7086 61.9847 29.9194 31.1045 13.5147 90.0804 -0.8837 0.5320 -1.8496 0.0000 0.0000 0.0001 0.0000 0.0000 0.0000 0.0000 -0.0013 -0.0008 0.0000 -0.0004 0.0001 0.0000 0.0000 0.0000 0.0000 0.0000 0.0000 0.0000 0.0002 0.0000 0.0000 -0.0006 0.0003 0.0000 0.0004 -0.0006 0.0000 0.0000 0.0001 0.0000 0.0000 0.0000 0.0000 -0.0010 -0.0002 0.0000 0.0002 30.0001 -0.0001 0.0005 -29.9998 0.0000 0.0000 0.0000 -18.8484 3.8091 7.3580 -18.8484 3.8091 7.3580 -4.5807 77.6360 99.1195 -63.1945 57.6794 -23.9741 -28.7495 31.2237 -91.1130 0.8346 0.1235 1.5214 0.0000 -0.0001 0.0001 0.0000 0.0000 0.0000 0.0000 -0.0006 0.0003 0.0000 -0.0001 0.0001 0.0000 0.0000 0.0000 0.0000 0.0000 0.0000 0.0000 0.0007 0.0001 0.0000 -0.0012 0.0001 0.0000 -0.0008 0.0003 0.0000 0.0001 0.0000 0.0000 0.0000 0.0000 0.0000 -0.0009 0.0000 0.0000 0.0002 -29.9996 -0.0001 -0.0003 29.9996 0.0000 0.0000 0.0000 -3.1076 2.8863 173.7272 0.0112 -22.3811 0.0805 7.0946 83.5751 7.6902 0.0000 25.6365 0.0000 -11.7683 -15.6507 177.5972 0.2868 -10.3399 -0.1086 11.0782 53.7576 -3.2785 0.0000 27.1633 -0.0001 
-2.4156 89.4557 -14.5051 7.9326 -4.3165 1.9759 3.1195 3.2682 -1.2809 3.1247 3.2739 -1.2829 3.1288 3.2782 -1.2845 107.7058 90.0000 0.0000 52.4683 61.9071 30.1363 31.2669 13.4071 90.2094 -0.9063 0.5531 -1.8691 0.0000 0.0000 0.0001 0.0000 0.0000 0.0000 0.0000 -0.0013 -0.0008 0.0000 -0.0004 0.0001 0.0000 0.0000 0.0000 0.0000 0.0000 0.0000 0.0000 0.0002 0.0000 0.0000 -0.0006 0.0003 0.0000 0.0004 -0.0006 0.0000 0.0000 0.0001 0.0000 0.0000 0.0000 0.0000 -0.0010 -0.0002 0.0000 0.0003 30.0001 -0.0001 0.0005 -29.9998 0.0000 0.0000 0.0000 -19.5471 3.5683 7.6519 -19.5471 3.5683 7.6519 -3.1386 77.9112 100.4188 -63.4565 57.6407 -24.1342 -28.5895 31.3948 -91.1548 0.8104 0.1031 1.4979 0.0000 -0.0001 0.0001 0.0000 0.0000 0.0000 0.0000 -0.0006 0.0003 0.0000 -0.0001 0.0001 0.0000 0.0000 0.0000 0.0000 0.0000 0.0000 0.0000 0.0007 0.0001 0.0000 -0.0012 0.0001 0.0000 -0.0008 0.0003 0.0000 0.0001 0.0000 0.0000 0.0000 0.0000 0.0000 -0.0009 0.0000 0.0000 0.0002 -29.9996 -0.0001 -0.0003 29.9996 0.0000 0.0000 0.0000 -3.8902 2.4853 173.6628 0.0125 -22.5580 0.0803 6.1955 83.7755 6.6590 0.0000 25.5216 0.0000 -12.4468 -15.8681 177.4741 0.2780 -10.2966 -0.1077 10.9937 53.8495 -3.5407 0.0000 27.1460 -0.0001 
-2.4053 89.4189 -14.3341 8.8470 -3.9955 2.0004 3.2968 3.3028 -1.3306 3.3028 3.3089 -1.3329 3.3066 3.3129 -1.3343 107.8042 90.0000 0.0000 52.2894 61.9464 30.1014 31.4322 13.3262 90.3429 -0.9210 0.5670 -1.8794 0.0000 0.0000 0.0001 0.0000 0.0000 0.0000 0.0000 -0.0013 -0.0008 0.0000 -0.0004 0.0001 0.0000 0.0000 0.0000 0.0000 0.0000 0.0000 0.0000 0.0002 0.0000 0.0000 -0.0006 0.0003 0.0000 0.0004 -0.0006 0.0000 0.0000 0.0001 0.0000 0.0000 0.0000 0.0000 -0.0010 -0.0002 0.0000 0.0002 30.0001 -0.0001 0.0005 -29.9998 0.0000 0.0000 0.0000 -20.1725 3.3596 7.8933 -20.1725 3.3596 7.8933 -1.8633 78.2702 101.5783 -63.5428 57.6144 -24.3423 -28.4607 31.5517 -91.1556 0.7918 0.0862 1.4813 0.0000 -0.0001 0.0001 0.0000 0.0000 0.0000 0.0000 -0.0006 0.0003 0.0000 -0.0001 0.0001 0.0000 0.0000 0.0000 0.0000 0.0000 0.0000 0.0000 0.0007 0.0001 0.0000 -0.0012 0.0001 0.0000 -0.0008 0.0003 0.0000 0.0001 0.0000 0.0000 0.0000 0.0000 0.0000 -0.0009 0.0000 0.0000 0.0002 -29.9997 -0.0001 -0.0003 29.9996 0.0000 0.0000 0.0000 -4.6204 2.1276 173.6464 0.0118 -22.6708 0.0804 5.3478 83.9625 5.6598 0.0000 25.3766 0.0000 -13.1380 -16.0375 177.4031 0.2668 -10.2142 -0.1065 10.9096 53.9485 -3.7883 0.0000 27.1248 -0.0001 
-2.3904 89.4000 -14.1788 9.6940 -3.6876 1.9638 3.4007 3.3187 -1.3406 3.4071 3.3251 -1.3430 3.4109 3.3289 -1.3444 107.8402 90.0000 0.0000 52.2861 62.0536 29.9245 31.5913 13.3034 90.4666 -0.9231 0.5686 -1.8774 0.0000 0.0000 0.0001 0.0000 0.0000 0.0000 0.0000 -0.0013 -0.0008 0.0000 -0.0004 0.0001 0.0000 0.0000 0.0000 0.0000 0.0000 0.0000 0.0000 0.0002 0.0000 0.0000 -0.0006 0.0003 0.0000 0.0004 -0.0006 0.0000 0.0000 0.0001 0.0000 0.0000 0.0000 0.0000 -0.0010 -0.0002 0.0000 0.0002 30.0001 -0.0001 0.0005 -29.9998 0.0000 0.0000 0.0000 -20.6725 3.1961 8.0518 -20.6725 3.1961 8.0518 -0.9709 78.6884 102.3889 -63.3881 57.6049 -24.5577 -28.4349 31.6988 -91.1058 0.7805 0.0748 1.4722 0.0000 -0.0001 0.0001 0.0000 0.0000 0.0000 0.0000 -0.0006 0.0003 0.0000 -0.0001 0.0001 0.0000 0.0000 0.0000 0.0000 0.0000 0.0000 0.0000 0.0007 0.0001 0.0000 -0.0012 0.0001 0.0000 -0.0008 0.0003 0.0000 0.0001 0.0000 0.0000 0.0000 0.0000 0.0000 -0.0009 0.0000 0.0000 0.0002 -29.9996 -0.0001 -0.0003 29.9996 0.0000 0.0000 0.0000 -5.2544 1.8248 173.7044 0.0068 -22.7135 0.0814 4.6544 84.1205 4.7946 0.0000 25.2019 0.0000 -13.7842 -16.1382 177.4351 0.2596 -10.0816 -0.1055 10.8221 54.0529 -4.0665 0.0000 27.0926 -0.0001 
-2.3874 89.3942 -14.0413 10.4679 -3.3909 1.8846 3.4464 3.3253 -1.3262 3.4530 3.3318 -1.3286 3.4567 3.3355 -1.3299 107.8709 90.0000 0.0000 52.4599 62.2106 29.6892 31.7306 13.3252 90.5483 -0.9181 0.5634 -1.8684 0.0000 0.0000 0.0001 0.0000 0.0000 0.0000 0.0000 -0.0013 -0.0008 0.0000 -0.0004 0.0001 0.0000 0.0000 0.0000 0.0000 0.0000 0.0000 0.0000 0.0002 0.0000 0.0000 -0.0006 0.0003 0.0000 0.0004 -0.0006 0.0000 0.0000 0.0001 0.0000 0.0000 0.0000 0.0000 -0.0010 -0.0002 0.0000 0.0002 30.0001 -0.0001 0.0005 -29.9998 0.0000 0.0000 0.0000 -21.0650 3.0730 8.1557 -21.0650 3.0730 8.1558 -0.3185 79.0886 102.9965 -63.0382 57.6235 -24.7245 -28.5670 31.8014 -90.9806 0.7715 0.0668 1.4658 0.0000 -0.0001 0.0001 0.0000 0.0000 0.0000 0.0000 -0.0006 0.0003 0.0000 -0.0001 0.0001 0.0000 0.0000 0.0000 0.0000 0.0000 0.0000 0.0000 0.0007 0.0001 0.0000 -0.0012 0.0001 0.0000 -0.0008 0.0003 0.0000 0.0001 0.0000 0.0000 0.0000 0.0000 0.0000 -0.0008 0.0000 0.0000 0.0002 -29.9996 -0.0001 -0.0003 29.9996 0.0000 0.0000 0.0000 -5.8073 1.5651 173.8237 0.0015 -22.6982 0.0825 3.9579 84.2489 3.9173 0.0000 25.0361 0.0000 -14.3473 -16.1971 177.5339 0.2560 -9.9191 -0.1048 10.7604 54.1526 -4.3596 0.0000 27.0533 -0.0001 
-2.4025 89.4008 -13.9082 11.1682 -3.1011 1.7783 3.4402 3.3269 -1.2950 3.4466 3.3334 -1.2973 3.4504 3.3371 -1.2986 46.6016 87.3190 -59.3070 52.7292 62.4015 29.3962 31.8490 13.3381 90.6237 -0.9092 0.5547 -1.8579 0.0000 0.0000 0.0001 0.0000 0.0000 0.0000 0.0000 -0.0013 -0.0008 0.0000 -0.0004 0.0001 0.0000 0.0000 0.0000 0.0000 0.0000 0.0000 0.0000 0.0002 0.0000 0.0000 -0.0006 0.0003 0.0000 0.0004 -0.0006 0.0000 0.0000 0.0001 0.0000 0.0000 0.0000 0.0000 -0.0010 -0.0002 0.0000 0.0002 30.0001 -0.0001 0.0005 -29.9998 0.0000 0.0000 0.0000 -21.3571 2.9790 8.2195 -21.3571 2.9790 8.2195 0.1392 79.4486 103.4350 -62.5118 57.6780 -24.8338 -28.7294 31.9008 -90.8171 0.7694 0.0616 1.4696 0.0000 -0.0001 0.0001 0.0000 0.0000 0.0000 0.0000 -0.0006 0.0003 0.0000 -0.0001 0.0001 0.0000 0.0000 0.0000 0.0000 0.0000 0.0000 0.0000 0.0007 0.0001 0.0000 -0.0012 0.0001 0.0000 -0.0008 0.0003 0.0000 0.0001 0.0000 0.0000 0.0000 0.0000 0.0000 -0.0008 0.0000 0.0000 0.0002 -29.9996 -0.0001 -0.0003 29.9996 0.0000 0.0000 0.0000 -6.2906 1.3526 173.9905 -0.0010 -22.6219 0.0830 3.1925 84.3518 2.9679 0.0000 25.0377 0.0000 -14.8203 -16.2294 177.6559 0.2516 -9.7461 -0.1041 10.7695 54.2485 -4.6111 0.0000 27.0124 -0.0001 
-2.4395 89.4234 -13.7770 11.7444 -2.8281 1.6593 3.3745 3.3265 -1.2474 3.3808 3.3328 -1.2495 3.3846 3.3367 -1.2509 42.7371 86.9740 -63.0281 52.9929 62.6129 29.1040 31.9294 13.3664 90.6735 -0.9011 0.5451 -1.8546 0.0000 0.0000 0.0001 0.0000 0.0000 0.0000 0.0000 -0.0013 -0.0008 0.0000 -0.0004 0.0001 0.0000 0.0000 0.0000 0.0000 0.0000 0.0000 0.0000 0.0002 -0.0001 0.0000 -0.0006 0.0003 0.0000 0.0004 -0.0006 0.0000 0.0000 0.0001 0.0000 0.0000 0.0000 0.0000 -0.0010 -0.0002 0.0000 0.0002 30.0001 -0.0001 0.0005 -29.9998 0.0000 0.0000 0.0000 -21.5137 2.9154 8.2365 -21.5137 2.9154 8.2365 0.2503 79.7521 103.5778 -61.9121 57.7996 -24.9445 -28.8673 31.9749 -90.6168 0.7732 0.0579 1.4845 0.0000 -0.0001 0.0001 0.0000 0.0000 0.0000 0.0000 -0.0006 0.0003 0.0000 -0.0001 0.0001 0.0000 0.0000 0.0000 0.0000 0.0000 0.0000 0.0000 0.0007 0.0001 0.0000 -0.0012 0.0001 0.0000 -0.0008 0.0003 0.0000 0.0001 0.0000 0.0000 0.0000 0.0000 0.0000 -0.0009 0.0000 0.0000 0.0002 -29.9996 -0.0001 -0.0003 29.9996 0.0000 0.0000 0.0000 -6.6584 1.2231 174.1944 0.0005 -22.4433 0.0827 2.4060 84.4078 1.9915 0.0000 25.0390 0.0000 -15.1282 -16.2356 177.7524 0.2448 -9.5908 -0.1032 10.9329 54.3503 -4.7441 0.0000 26.9749 -0.0001 
-2.4796 89.4575 -13.6708 12.2052 -2.5735 1.5706 3.2786 3.3306 -1.2053 3.2844 3.3367 -1.2073 3.2883 3.3408 -1.2086 38.7291 86.6095 -66.8801 53.1711 62.7790 28.8345 31.9858 13.4417 90.6860 -0.8984 0.5385 -1.8598 0.0000 0.0000 0.0001 0.0000 0.0000 0.0000 0.0000 -0.0013 -0.0008 0.0000 -0.0004 0.0001 0.0000 0.0000 0.0000 0.0000 0.0000 0.0000 0.0000 0.0002 0.0000 0.0000 -0.0006 0.0003 0.0000 0.0004 -0.0006 0.0000 0.0000 0.0001 0.0000 0.0000 0.0000 0.0000 -0.0010 -0.0002 0.0000 0.0002 30.0001 -0.0001 0.0005 -29.9998 0.0000 0.0000 0.0000 -21.5828 2.8732 8.2312 -21.5828 2.8732 8.2312 0.1991 80.0176 103.5899 -61.4368 57.9802 -25.1088 -28.9196 31.9927 -90.4587 0.7778 0.0525 1.5052 0.0000 -0.0001 0.0001 0.0000 0.0000 0.0000 0.0000 -0.0006 0.0003 0.0000 -0.0001 0.0001 0.0000 0.0000 0.0000 0.0000 0.0000 0.0000 0.0000 0.0007 0.0001 0.0000 -0.0012 0.0001 0.0000 -0.0008 0.0003 0.0000 0.0001 0.0000 0.0000 0.0000 0.0000 0.0000 -0.0009 0.0000 0.0000 0.0002 -29.9996 -0.0001 -0.0003 29.9996 0.0000 0.0000 0.0000 -6.9359 1.1327 174.3723 0.0009 -22.2054 0.0826 1.7150 84.4110 1.1193 0.0000 25.0402 0.0000 -15.2960 -16.2281 177.7939 0.2366 -9.4485 -0.1022 11.1896 54.4527 -4.7943 0.0000 26.9432 -0.0001 
-2.5169 89.4958 -13.5990 12.5529 -2.3341 1.5173 3.1639 3.3370 -1.1783 3.1694 3.3429 -1.1801 3.1734 3.3472 -1.1815 35.2413 86.2250 -70.1950 53.2580 62.8939 28.5852 32.0264 13.5642 90.6647 -0.9018 0.5363 -1.8705 0.0000 0.0000 0.0001 0.0000 0.0000 0.0000 0.0000 -0.0013 -0.0008 0.0000 -0.0004 0.0001 0.0000 0.0000 0.0000 0.0000 0.0000 0.0000 0.0000 0.0002 0.0000 0.0000 -0.0006 0.0003 0.0000 0.0004 -0.0006 0.0000 0.0000 0.0001 0.0000 0.0000 0.0000 0.0000 -0.0010 -0.0002 0.0000 0.0002 30.0001 -0.0001 0.0005 -29.9998 0.0000 0.0000 0.0000 -21.5783 2.8524 8.2155 -21.5783 2.8524 8.2155 0.1470 80.2554 103.6137 -61.0687 58.2127 -25.3020 -28.8954 31.9640 -90.3519 0.7820 0.0444 1.5300 0.0000 -0.0001 0.0001 0.0000 0.0000 0.0000 0.0000 -0.0006 0.0003 0.0000 -0.0001 0.0001 0.0000 0.0000 0.0000 0.0000 0.0000 0.0000 0.0000 0.0007 0.0001 0.0000 -0.0012 0.0001 0.0000 -0.0008 0.0003 0.0000 0.0001 0.0000 0.0000 0.0000 0.0000 0.0000 -0.0009 0.0000 0.0000 0.0002 -29.9997 -0.0001 -0.0003 29.9996 0.0000 0.0000 0.0000 -7.1407 1.0574 174.5087 -0.0004 -21.9309 0.0828 1.1046 84.3646 0.3529 0.0000 25.0411 0.0000 -15.3573 -16.2267 177.8110 0.2314 -9.3410 -0.1016 11.4673 54.5707 -4.8116 0.0000 26.9174 -0.0001 
-2.5550 89.5298 -13.5717 12.7124 -2.1081 1.5077 3.0351 3.3377 -1.1731 3.0401 3.3434 -1.1749 3.0441 3.3479 -1.1763 32.2530 85.8472 -72.9874 53.1819 62.9248 28.3416 32.0468 13.7430 90.5894 -0.9139 0.5411 -1.8867 0.0000 0.0000 0.0001 0.0000 0.0000 0.0000 0.0000 -0.0013 -0.0008 0.0000 -0.0004 0.0001 0.0000 0.0000 0.0000 0.0000 0.0000 0.0000 0.0000 0.0002 0.0000 0.0000 -0.0006 0.0003 0.0000 0.0004 -0.0006 0.0000 0.0000 0.0001 0.0000 0.0000 0.0000 0.0000 -0.0010 -0.0002 0.0000 0.0002 30.0001 -0.0001 0.0005 -29.9998 0.0000 0.0000 0.0000 -21.4717 2.8648 8.1826 -21.4717 2.8648 8.1826 0.1758 80.5026 103.7373 -60.8972 58.4626 -25.5267 -28.7888 31.8326 -90.3856 0.7835 0.0336 1.5550 0.0000 -0.0001 0.0001 0.0000 0.0000 0.0000 0.0000 -0.0006 0.0003 0.0000 -0.0001 0.0001 0.0000 0.0000 0.0000 0.0000 0.0000 0.0000 0.0000 0.0007 0.0001 0.0000 -0.0012 0.0001 0.0000 -0.0008 0.0003 0.0000 0.0001 0.0000 0.0000 0.0000 0.0000 0.0000 -0.0009 0.0000 0.0000 0.0002 -29.9996 -0.0001 -0.0003 29.9996 0.0000 0.0000 0.0000 -7.2208 0.9904 174.5937 -0.0007 -21.6280 0.0829 0.5354 84.2624 -0.3275 0.0000 25.0418 0.0000 -15.3123 -16.2654 177.8363 0.2323 -9.3045 -0.1015 11.6748 54.7169 -4.8260 0.0000 26.8992 -0.0001 
-2.5958 89.5599 -13.5517 12.6908 -1.8997 1.5339 2.9072 3.3338 -1.1848 2.9119 3.3393 -1.1866 2.9159 3.3439 -1.1881 29.6363 85.4882 -75.3889 52.9736 62.8825 28.0902 32.0605 13.9761 90.4637 -0.9312 0.5505 -1.9041 0.0000 0.0000 0.0001 0.0000 0.0000 0.0000 0.0000 -0.0013 -0.0008 0.0000 -0.0004 0.0001 0.0000 0.0000 0.0000 0.0000 0.0000 0.0000 0.0000 0.0002 0.0000 0.0000 -0.0006 0.0003 0.0000 0.0004 -0.0006 0.0000 0.0000 0.0001 0.0000 0.0000 0.0000 0.0000 -0.0010 -0.0002 0.0000 0.0002 30.0001 -0.0001 0.0005 -29.9998 0.0000 0.0000 0.0000 -21.2889 2.9019 8.1335 -21.2889 2.9019 8.1335 0.2853 80.7724 103.9441 -60.8370 58.6956 -25.7226 -28.7017 31.6745 -90.4759 0.7794 0.0222 1.5701 0.0000 -0.0001 0.0001 0.0000 0.0000 0.0000 0.0000 -0.0006 0.0003 0.0000 -0.0001 0.0001 0.0000 0.0000 0.0000 0.0000 0.0000 0.0000 0.0000 0.0007 0.0001 0.0000 -0.0011 0.0001 0.0000 -0.0008 0.0003 0.0000 0.0001 0.0000 0.0000 0.0000 0.0000 0.0000 -0.0008 0.0000 0.0000 0.0002 -29.9996 -0.0001 -0.0003 29.9996 0.0000 0.0000 0.0000 -7.1673 0.9494 174.6396 0.0008 -21.3222 0.0826 -0.0132 84.1455 -0.9527 0.0000 25.0424 0.0000 -15.1906 -16.3320 177.8727 0.2367 -9.3028 -0.1019 11.7709 54.8662 -4.8592 0.0000 26.8840 -0.0001 
-2.6374 89.5878 -13.5158 12.5000 -1.7074 1.5915 2.7844 3.3281 -1.2098 2.7887 3.3334 -1.2116 2.7927 3.3382 -1.2132 27.0359 85.1046 -77.7602 52.7388 62.7720 27.8262 32.0790 14.2606 90.3028 -0.9502 0.5614 -1.9190 0.0000 0.0000 0.0001 0.0000 0.0000 0.0000 0.0000 -0.0013 -0.0008 0.0000 -0.0004 0.0001 0.0000 0.0000 0.0000 0.0000 0.0000 0.0000 0.0000 0.0002 0.0000 0.0000 -0.0006 0.0003 0.0000 0.0004 -0.0006 0.0000 0.0000 0.0001 0.0000 0.0000 0.0000 0.0000 -0.0010 -0.0002 0.0000 0.0002 30.0001 -0.0001 0.0005 -29.9998 0.0000 0.0000 0.0000 -21.0429 2.9553 8.0694 -21.0429 2.9553 8.0693 0.4290 81.0519 104.1857 -60.8031 58.9004 -25.8608 -28.6399 31.5178 -90.6067 0.7734 0.0116 1.5791 0.0000 -0.0001 0.0001 0.0000 0.0000 0.0000 0.0000 -0.0006 0.0003 0.0000 -0.0001 0.0001 0.0000 0.0000 0.0000 0.0000 0.0000 0.0000 0.0000 0.0007 0.0001 0.0000 -0.0012 0.0001 0.0000 -0.0008 0.0003 0.0000 0.0001 0.0000 0.0000 0.0000 0.0000 0.0000 -0.0008 0.0000 0.0000 0.0002 -29.9996 -0.0001 -0.0003 29.9996 0.0000 0.0000 0.0000 -6.9838 0.9559 174.6506 0.0030 -21.0003 0.0822 -0.5157 84.0270 -1.5053 0.0000 25.0428 0.0000 -15.0170 -16.4231 177.9033 0.2399 -9.3193 -0.1022 11.7600 55.0041 -4.8901 0.0000 26.8697 -0.0001 
-2.6791 89.6138 -13.4255 12.0684 -1.5371 1.6706 2.6698 3.3287 -1.2367 2.6739 3.3339 -1.2385 2.6778 3.3389 -1.2402 23.9144 84.6665 -80.6217 52.6160 62.5824 27.5597 32.1037 14.5757 90.1309 -0.9650 0.5688 -1.9266 0.0000 0.0000 0.0001 0.0000 0.0000 0.0000 0.0000 -0.0013 -0.0008 0.0000 -0.0004 0.0001 0.0000 0.0000 0.0000 0.0000 0.0000 0.0000 0.0000 0.0002 0.0000 0.0000 -0.0006 0.0003 0.0000 0.0004 -0.0006 0.0000 0.0000 0.0001 0.0000 0.0000 0.0000 0.0000 -0.0010 -0.0002 0.0000 0.0002 30.0001 -0.0001 0.0005 -29.9998 0.0000 0.0000 0.0000 -20.7104 3.0116 7.9800 -20.7104 3.0116 7.9800 0.4428 81.3041 104.3004 -60.7738 58.9773 -25.9615 -28.5156 31.4506 -90.7820 0.7748 0.0065 1.5895 0.0000 -0.0001 0.0001 0.0000 0.0000 0.0000 0.0000 -0.0006 0.0003 0.0000 -0.0001 0.0001 0.0000 0.0000 0.0000 0.0000 0.0000 0.0000 0.0000 0.0007 0.0001 0.0000 -0.0012 0.0001 0.0000 -0.0008 0.0003 0.0000 0.0001 0.0000 0.0000 0.0000 0.0000 0.0000 -0.0008 0.0000 0.0000 0.0002 -29.9996 -0.0001 -0.0003 29.9996 0.0000 0.0000 0.0000 -6.6147 1.0771 174.6345 0.0046 -20.6101 0.0819 -0.9144 83.9137 -1.9215 0.0000 25.0429 0.0000 -14.8013 -16.5302 177.9413 0.2404 -9.3670 -0.1023 11.5941 55.1441 -4.8949 0.0000 26.8551 -0.0001 
-2.7257 89.6369 -13.2835 11.4716 -1.3923 1.7305 2.5477 3.3376 -1.2534 2.5514 3.3427 -1.2551 2.5552 3.3478 -1.2569 20.8550 84.1910 -83.4112 52.5218 62.4463 27.2167 32.2060 14.8466 89.9580 -0.9720 0.5708 -1.9279 0.0000 0.0000 0.0001 0.0000 0.0000 0.0000 0.0000 -0.0013 -0.0008 0.0000 -0.0004 0.0001 0.0000 0.0000 0.0000 0.0000 0.0000 0.0000 0.0000 0.0002 0.0000 0.0000 -0.0006 0.0003 0.0000 0.0004 -0.0006 0.0000 0.0000 0.0001 0.0000 0.0000 0.0000 0.0000 -0.0010 -0.0002 0.0000 0.0002 30.0001 -0.0001 0.0005 -29.9998 0.0000 0.0000 0.0000 -20.2976 3.0684 7.8710 -20.2976 3.0684 7.8710 0.3775 81.5400 104.3482 -60.6969 58.9793 -26.0169 -28.3895 31.3910 -90.9869 0.7813 0.0057 1.6021 0.0000 -0.0001 0.0001 0.0000 0.0000 0.0000 0.0000 -0.0006 0.0003 0.0000 -0.0001 0.0001 0.0000 0.0000 0.0000 0.0000 0.0000 0.0000 0.0000 0.0007 0.0001 0.0000 -0.0012 0.0001 0.0000 -0.0008 0.0003 0.0000 0.0001 0.0000 0.0000 0.0000 0.0000 0.0000 -0.0009 0.0000 0.0000 0.0002 -29.9997 -0.0001 -0.0003 29.9996 0.0000 0.0000 0.0000 -6.1986 1.3269 174.6189 0.0020 -20.1111 0.0824 -1.4004 83.7873 -2.3338 0.0000 25.0428 0.0000 -14.5523 -16.6526 178.0117 0.2426 -9.4880 -0.1028 11.3293 55.3151 -4.8804 0.0000 26.8374 -0.0001 
-2.7824 89.6618 -13.1130 10.7596 -1.2687 1.7714 2.3989 3.3514 -1.2617 2.4023 3.3563 -1.2634 2.4060 3.3616 -1.2653 18.0439 83.6731 -85.9782 52.5639 62.3047 26.9158 32.3122 15.1328 89.7886 -0.9741 0.5681 -1.9252 0.0000 0.0000 0.0001 0.0000 0.0000 0.0000 0.0000 -0.0013 -0.0008 0.0000 -0.0004 0.0001 0.0000 0.0000 0.0000 0.0000 0.0000 0.0000 0.0000 0.0002 0.0000 0.0000 -0.0006 0.0003 0.0000 0.0004 -0.0006 0.0000 0.0000 0.0001 0.0000 0.0000 0.0000 0.0000 -0.0010 -0.0002 0.0000 0.0002 30.0001 -0.0001 0.0005 -29.9998 0.0000 0.0000 0.0000 -19.7994 3.1292 7.7399 -19.7994 3.1292 7.7399 0.2889 81.7331 104.3313 -60.5751 58.9200 -26.0508 -28.2708 31.3525 -91.1759 0.7923 0.0090 1.6168 0.0000 -0.0001 0.0001 0.0000 0.0000 0.0000 0.0000 -0.0006 0.0003 0.0000 -0.0001 0.0001 0.0000 0.0000 0.0000 0.0000 0.0000 0.0000 0.0000 0.0007 0.0001 0.0000 -0.0012 0.0001 0.0000 -0.0008 0.0003 0.0000 0.0001 0.0000 0.0000 0.0000 0.0000 0.0000 -0.0009 0.0000 0.0000 0.0002 -29.9996 -0.0001 -0.0003 29.9996 0.0000 0.0000 0.0000 -5.7831 1.6673 174.6063 -0.0032 -19.5251 0.0833 -2.0403 83.6408 -2.8082 0.0000 25.0426 0.0000 -14.2633 -16.7802 178.1072 0.2460 -9.6515 -0.1034 11.0004 55.5016 -4.8656 0.0000 26.8146 -0.0001 
-2.8556 89.7022 -12.9467 9.9427 -1.1758 1.7816 2.2137 3.3675 -1.2601 2.2167 3.3722 -1.2617 2.2202 3.3778 -1.2637 15.5209 83.1197 -88.2321 52.7983 62.1751 26.6612 32.4181 15.4458 89.6186 -0.9684 0.5585 -1.9130 0.0000 0.0000 0.0001 0.0000 0.0000 0.0000 0.0000 -0.0013 -0.0008 0.0000 -0.0004 0.0001 0.0000 0.0000 0.0000 0.0000 0.0000 0.0000 0.0000 0.0003 0.0000 0.0000 -0.0007 0.0003 0.0000 0.0004 -0.0006 0.0000 0.0000 0.0001 0.0000 0.0000 0.0000 0.0000 -0.0010 -0.0002 0.0000 0.0003 30.0001 -0.0001 0.0005 -29.9998 0.0000 0.0000 0.0000 -19.2125 3.2026 7.5772 -19.2125 3.2026 7.5772 0.2427 81.8979 104.3599 -60.3419 58.7765 -26.1277 -28.1210 31.4098 -91.2966 0.8113 0.0148 1.6403 0.0000 -0.0001 0.0001 0.0000 0.0000 0.0000 0.0000 -0.0006 0.0003 0.0000 -0.0001 0.0001 0.0000 0.0000 0.0000 0.0000 0.0000 0.0000 0.0000 0.0007 0.0001 0.0000 -0.0012 0.0001 0.0000 -0.0008 0.0003 0.0000 0.0001 0.0000 0.0000 0.0000 0.0000 0.0000 -0.0008 0.0000 0.0000 0.0002 -29.9996 -0.0001 -0.0003 29.9996 0.0000 0.0000 0.0000 -5.3188 2.0910 174.6240 -0.0062 -18.8493 0.0838 -2.7154 83.4503 -3.2816 0.0000 25.0422 0.0000 -13.9035 -16.9073 178.2243 0.2499 -9.8420 -0.1041 10.6410 55.6826 -4.8591 0.0000 26.7833 -0.0001 
-2.9334 89.7617 -12.8212 9.1049 -1.1061 1.7602 1.9857 3.3796 -1.2556 1.9882 3.3841 -1.2572 1.9915 3.3899 -1.2592 13.4619 82.5652 -90.0073 53.1803 62.0450 26.4508 32.5073 15.7526 89.4480 -0.9576 0.5463 -1.8916 0.0000 0.0000 0.0001 0.0000 0.0000 0.0000 0.0000 -0.0013 -0.0008 0.0000 -0.0004 0.0001 0.0000 0.0000 0.0000 0.0000 0.0000 0.0000 0.0000 0.0003 0.0000 0.0000 -0.0006 0.0003 0.0000 0.0004 -0.0006 0.0000 0.0000 0.0001 0.0000 0.0000 0.0000 0.0000 -0.0010 -0.0002 0.0000 0.0002 30.0001 -0.0001 0.0005 -29.9998 0.0000 0.0000 0.0000 -18.5652 3.3011 7.3899 -18.5652 3.3011 7.3899 0.3636 82.0702 104.5670 -60.0449 58.5712 -26.2905 -27.9815 31.4849 -91.3821 0.8341 0.0213 1.6706 0.0000 -0.0001 0.0001 0.0000 0.0000 0.0000 0.0000 -0.0006 0.0003 0.0000 -0.0001 0.0001 0.0000 0.0000 0.0000 0.0000 0.0000 0.0000 0.0000 0.0007 0.0001 0.0000 -0.0012 0.0001 0.0000 -0.0008 0.0003 0.0000 0.0001 0.0000 0.0000 0.0000 0.0000 0.0000 -0.0008 0.0000 0.0000 0.0002 -29.9996 -0.0001 -0.0003 29.9996 0.0000 0.0000 0.0000 -4.8574 2.5332 174.6680 -0.0096 -18.1308 0.0843 -3.3714 83.2139 -3.7145 0.0000 25.0418 0.0000 -13.4682 -17.0184 178.3526 0.2549 -10.0400 -0.1050 10.3273 55.8646 -4.8706 0.0000 26.7400 -0.0001 
-3.0089 89.8321 -12.7206 8.2666 -1.0637 1.7076 1.7165 3.3875 -1.2523 1.7186 3.3917 -1.2538 1.7215 3.3977 -1.2560 11.8559 82.0364 -91.3345 53.6521 61.9052 26.2631 32.5784 16.0390 89.2714 -0.9434 0.5337 -1.8612 0.0000 0.0000 0.0001 0.0000 0.0000 0.0000 0.0000 -0.0013 -0.0008 0.0000 -0.0004 0.0001 0.0000 0.0000 0.0000 0.0000 0.0000 0.0000 0.0000 0.0002 0.0000 0.0000 -0.0006 0.0003 0.0000 0.0004 -0.0006 0.0000 0.0000 0.0001 0.0000 0.0000 0.0000 0.0000 -0.0010 -0.0002 0.0000 0.0002 30.0001 -0.0001 0.0005 -29.9998 0.0000 0.0000 0.0000 -17.8651 3.4280 7.1853 -17.8651 3.4280 7.1853 0.6950 82.2537 104.9903 -59.6818 58.3738 -26.4779 -27.8881 31.5320 -91.4300 0.8559 0.0265 1.7028 0.0000 -0.0001 0.0001 0.0000 0.0000 0.0000 0.0000 -0.0006 0.0003 0.0000 -0.0001 0.0001 0.0000 0.0000 0.0000 0.0000 0.0000 0.0000 0.0000 0.0007 0.0001 0.0000 -0.0012 0.0001 0.0000 -0.0008 0.0003 0.0000 0.0001 0.0000 0.0000 0.0000 0.0000 0.0000 -0.0009 0.0000 0.0000 0.0002 -29.9997 -0.0001 -0.0003 29.9996 0.0000 0.0000 0.0000 -4.4049 3.0046 174.7343 -0.0153 -17.3751 0.0851 -3.9627 82.9450 -4.0720 0.0000 25.0414 0.0000 -12.9479 -17.1116 178.4862 0.2609 -10.2635 -0.1061 10.0827 56.0650 -4.9024 0.0000 26.6830 -0.0001 
-3.0834 89.9009 -12.6057 7.4847 -1.0561 1.6267 1.3751 3.3843 -1.2578 1.3767 3.3883 -1.2592 1.3792 3.3946 -1.2615 10.7829 81.5801 -92.1656 54.2151 61.6878 26.1042 32.5998 16.3111 89.1056 -0.9279 0.5239 -1.8182 0.0000 0.0000 0.0001 0.0000 0.0000 0.0000 0.0000 -0.0013 -0.0008 0.0000 -0.0004 0.0001 0.0000 0.0000 0.0000 0.0000 0.0000 0.0000 0.0000 0.0002 0.0000 0.0000 -0.0006 0.0003 0.0000 0.0004 -0.0006 0.0000 0.0000 0.0001 0.0000 0.0000 0.0000 0.0000 -0.0010 -0.0002 0.0000 0.0003 30.0001 -0.0001 0.0005 -29.9998 0.0000 0.0000 0.0000 -17.0944 3.5982 6.9632 -17.0944 3.5982 6.9632 1.2780 82.4454 105.6647 -59.3096 58.1694 -26.7381 -27.8757 31.5166 -91.4036 0.8732 0.0314 1.7311 0.0000 -0.0001 0.0001 0.0000 0.0000 0.0000 0.0000 -0.0006 0.0003 0.0000 -0.0001 0.0001 0.0000 0.0000 0.0000 0.0000 0.0000 0.0000 0.0000 0.0007 0.0001 0.0000 -0.0012 0.0001 0.0000 -0.0008 0.0003 0.0000 0.0001 0.0000 0.0000 0.0000 0.0000 0.0000 -0.0008 0.0000 0.0000 0.0002 -29.9996 -0.0001 -0.0003 29.9996 0.0000 0.0000 0.0000 -4.0106 3.5467 174.8204 -0.0227 -16.5560 0.0860 -4.5158 82.6579 -4.3855 0.0000 25.0410 0.0000 -12.3264 -17.1764 178.6081 0.2677 -10.5132 -0.1073 9.9678 56.2986 -4.9654 0.0000 26.6015 -0.0001 
-3.1637 89.9601 -12.4463 6.7647 -1.0714 1.5449 0.9955 3.3735 -1.2795 0.9965 3.3772 -1.2809 0.9984 3.3837 -1.2833 10.1964 81.1673 -92.5103 54.8189 61.4138 25.9396 32.6067 16.5546 88.9614 -0.9135 0.5187 -1.7664 0.0000 0.0000 0.0001 0.0000 0.0000 0.0000 0.0000 -0.0013 -0.0008 0.0000 -0.0004 0.0001 0.0000 0.0000 0.0000 0.0000 0.0000 0.0000 0.0000 0.0002 -0.0001 0.0000 -0.0006 0.0003 0.0000 0.0004 -0.0006 0.0000 0.0000 0.0001 0.0000 0.0000 0.0000 0.0000 -0.0010 -0.0002 0.0000 0.0002 30.0001 -0.0001 0.0005 -29.9998 0.0000 0.0000 0.0000 -16.2973 3.7860 6.7518 -16.2973 3.7860 6.7518 2.0592 82.6401 106.5807 -58.9480 57.9891 -27.0343 -27.8604 31.4931 -91.3368 0.8873 0.0335 1.7587 0.0000 -0.0001 0.0001 0.0000 0.0000 0.0000 0.0000 -0.0006 0.0003 0.0000 -0.0001 0.0001 0.0000 0.0000 0.0000 0.0000 0.0000 0.0000 0.0000 0.0007 0.0001 0.0000 -0.0012 0.0001 0.0000 -0.0008 0.0003 0.0000 0.0001 0.0000 0.0000 0.0000 0.0000 0.0000 -0.0008 0.0000 0.0000 0.0002 -29.9996 -0.0001 -0.0003 29.9996 0.0000 0.0000 0.0000 -3.6612 4.1578 174.9101 -0.0285 -15.6933 0.0867 -5.0576 82.3843 -4.6944 0.0000 25.0407 0.0000 -11.6784 -17.2007 178.7081 0.2742 -10.7458 -0.1084 9.9138 56.5496 -5.0582 0.0000 26.5023 -0.0001 
-3.2489 90.0129 -12.2663 6.0941 -1.1081 1.4691 0.5981 3.3588 -1.3162 0.5987 3.3623 -1.3175 0.5998 3.3690 -1.3201 9.9782 80.7884 -92.4670 55.4648 61.1249 25.7810 32.6240 16.7657 88.8221 -0.8984 0.5163 -1.7068 0.0000 0.0000 0.0001 0.0000 0.0000 0.0000 0.0000 -0.0013 -0.0008 0.0000 -0.0004 0.0001 0.0000 0.0000 0.0000 0.0000 0.0000 0.0000 0.0000 0.0002 0.0000 0.0000 -0.0006 0.0003 0.0000 0.0004 -0.0006 0.0000 0.0000 0.0001 0.0000 0.0000 0.0000 0.0000 -0.0010 -0.0002 0.0000 0.0002 30.0001 -0.0001 0.0005 -29.9998 0.0000 0.0000 0.0000 -15.5022 3.9908 6.5545 -15.5022 3.9908 6.5545 3.0045 82.8451 107.7139 -58.5802 57.8607 -27.3339 -27.8692 31.4474 -91.2560 0.8973 0.0320 1.7857 0.0000 -0.0001 0.0001 0.0000 0.0000 0.0000 0.0000 -0.0006 0.0002 0.0000 -0.0001 0.0001 0.0000 0.0000 0.0000 0.0000 0.0000 0.0000 0.0000 0.0007 0.0001 0.0000 -0.0012 0.0001 0.0000 -0.0008 0.0003 0.0000 0.0001 0.0000 0.0000 0.0000 0.0000 0.0000 -0.0009 0.0000 0.0000 0.0002 -29.9996 -0.0001 -0.0003 29.9996 0.0000 0.0000 0.0000 -3.3378 4.8188 174.9982 -0.0331 -14.7928 0.0870 -5.5419 82.1125 -4.9595 0.0000 25.0405 0.0000 -11.0089 -17.1727 178.7798 0.2795 -10.9496 -0.1094 9.9150 56.8153 -5.1641 0.0000 26.3902 -0.0001 
-3.3388 90.0614 -12.1053 5.4774 -1.1591 1.4033 0.1927 3.3347 -1.3681 0.1929 3.3381 -1.3695 0.1932 3.3448 -1.3722 9.9646 80.4607 -92.0833 56.0087 60.8907 25.4560 32.6663 16.9640 88.6899 -0.8819 0.5158 -1.6381 0.0000 0.0000 0.0001 0.0000 0.0000 0.0000 0.0000 -0.0013 -0.0008 0.0000 -0.0004 0.0001 0.0000 0.0000 0.0000 0.0000 0.0000 0.0000 0.0000 0.0002 0.0000 0.0000 -0.0006 0.0003 0.0000 0.0004 -0.0006 0.0000 0.0000 0.0001 0.0000 0.0000 0.0000 0.0000 -0.0010 -0.0002 0.0000 0.0002 30.0001 -0.0001 0.0005 -29.9998 0.0000 0.0000 0.0000 -14.7228 4.2099 6.3860 -14.7228 4.2099 6.3860 4.1400 83.0744 109.1127 -58.1646 57.8187 -27.5771 -27.9232 31.3634 -91.1823 0.9022 0.0261 1.8114 0.0000 -0.0001 0.0001 0.0000 0.0000 0.0000 0.0000 -0.0006 0.0003 0.0000 -0.0001 0.0001 0.0000 0.0000 0.0000 0.0000 0.0000 0.0000 0.0000 0.0007 0.0001 0.0000 -0.0011 0.0001 0.0000 -0.0008 0.0003 0.0000 0.0001 0.0000 0.0000 0.0000 0.0000 0.0000 -0.0008 0.0000 0.0000 0.0002 -29.9996 -0.0001 -0.0003 29.9996 0.0000 0.0000 0.0000 -3.0236 5.4924 175.0852 -0.0376 -13.8644 0.0873 -5.9151 81.8193 -5.1510 0.0000 25.0403 0.0000 -10.3302 -17.0758 178.8148 0.2813 -11.1051 -0.1100 9.9698 57.1000 -5.2748 0.0000 26.2642 -0.0001 
-3.4380 90.1092 -11.9833 4.8904 -1.1935 1.3441 -0.1993 3.2958 -1.4240 -0.1996 3.2991 -1.4255 -0.2001 3.3057 -1.4283 10.0598 80.2173 -91.5900 56.5753 60.6297 25.1603 32.7436 17.1740 88.5856 -0.8628 0.5137 -1.5636 0.0000 0.0000 0.0001 0.0000 0.0000 0.0000 0.0000 -0.0013 -0.0008 0.0000 -0.0004 0.0001 0.0000 0.0000 0.0000 0.0000 0.0000 0.0000 0.0000 0.0002 0.0000 0.0000 -0.0006 0.0003 0.0000 0.0004 -0.0006 0.0000 0.0000 0.0001 0.0000 0.0000 0.0000 0.0000 -0.0010 -0.0002 0.0000 0.0002 30.0001 -0.0002 0.0005 -29.9998 0.0000 0.0000 0.0000 -13.9780 4.4219 6.2483 -13.9780 4.4219 6.2483 5.4623 83.3338 110.7643 -57.6839 57.8452 -27.7535 -28.0079 31.2558 -91.1092 0.9034 0.0174 1.8354 0.0000 -0.0001 0.0001 0.0000 0.0000 0.0000 0.0000 -0.0006 0.0003 0.0000 -0.0001 0.0001 0.0000 0.0000 0.0000 0.0000 0.0000 0.0000 0.0000 0.0007 0.0001 0.0000 -0.0012 0.0001 0.0000 -0.0008 0.0003 0.0000 0.0001 0.0000 0.0000 0.0000 0.0000 0.0000 -0.0009 0.0000 0.0000 0.0002 -29.9996 -0.0001 -0.0003 29.9996 0.0000 0.0000 0.0000 -2.7035 6.1103 175.1781 -0.0395 -12.9585 0.0872 -6.2446 81.5074 -5.3318 0.0000 25.0400 0.0000 -9.6759 -16.9631 178.8324 0.2810 -11.2347 -0.1103 10.0245 57.3928 -5.3878 0.0000 26.1351 -0.0001 
-3.5423 90.1554 -11.9039 4.3222 -1.1992 1.2896 -0.5679 3.2402 -1.4805 -0.5685 3.2435 -1.4820 -0.5697 3.2500 -1.4850 10.2081 80.0438 -91.0144 57.1699 60.3806 24.8959 32.8408 17.3918 88.5054 -0.8406 0.5092 -1.4855 0.0000 0.0000 0.0001 0.0000 0.0000 0.0000 0.0000 -0.0013 -0.0008 0.0000 -0.0004 0.0001 0.0000 0.0000 0.0000 0.0000 0.0000 0.0000 0.0000 0.0003 0.0000 0.0000 -0.0006 0.0003 0.0000 0.0004 -0.0006 0.0000 0.0000 0.0001 0.0000 0.0000 0.0000 0.0000 -0.0010 -0.0002 0.0000 0.0002 30.0001 -0.0001 0.0005 -29.9998 0.0000 0.0000 0.0000 -13.2792 4.6235 6.1400 -13.2792 4.6235 6.1400 7.0757 83.6381 112.7634 -57.0979 57.9345 -27.8626 -28.1150 31.1253 -91.0552 0.9032 0.0063 1.8615 0.0000 -0.0001 0.0001 0.0000 0.0000 0.0000 0.0000 -0.0006 0.0003 0.0000 -0.0001 0.0001 0.0000 0.0000 0.0000 0.0000 0.0000 0.0000 0.0000 0.0007 0.0001 0.0000 -0.0012 0.0001 0.0000 -0.0008 0.0003 0.0000 0.0001 0.0000 0.0000 0.0000 0.0000 0.0000 -0.0008 0.0000 0.0000 0.0002 -29.9996 -0.0001 -0.0003 29.9996 0.0000 0.0000 0.0000 -2.3708 6.6532 175.2763 -0.0405 -12.0873 0.0870 -6.5460 81.1785 -5.5175 0.0000 25.0399 0.0000 -9.0503 -16.8667 178.8448 0.2811 -11.3512 -0.1105 10.0517 57.6795 -5.5146 0.0000 25.8635 -0.0001 
-3.6586 90.2011 -11.8363 3.7641 -1.1396 1.2242 -0.8843 3.1596 -1.5301 -0.8852 3.1628 -1.5316 -0.8871 3.1691 -1.5348 10.3872 79.9688 -90.3586 57.8287 60.1741 24.7267 32.9241 17.6161 88.4306 -0.8140 0.5005 -1.4055 0.0000 0.0000 0.0001 0.0000 0.0000 0.0000 0.0000 -0.0013 -0.0008 0.0000 -0.0004 0.0001 0.0000 0.0000 0.0000 0.0000 0.0000 0.0000 0.0000 0.0002 0.0000 0.0000 -0.0006 0.0003 0.0000 0.0004 -0.0006 0.0000 0.0000 0.0001 0.0000 0.0000 0.0000 0.0000 -0.0010 -0.0002 0.0000 0.0002 30.0001 -0.0001 0.0005 -29.9998 0.0000 0.0000 0.0000 -12.6701 4.8058 6.0729 -12.6701 4.8058 6.0729 9.2431 84.0266 115.3796 -56.2631 58.1339 -27.8393 -28.2513 30.9596 -91.0172 0.9031 -0.0073 1.8936 0.0000 -0.0001 0.0001 0.0000 0.0000 0.0000 0.0000 -0.0006 0.0003 0.0000 -0.0001 0.0001 0.0000 0.0000 0.0000 0.0000 0.0000 0.0000 0.0000 0.0007 0.0001 0.0000 -0.0012 0.0001 0.0000 -0.0008 0.0003 0.0000 0.0001 0.0000 0.0000 0.0000 0.0000 0.0000 -0.0008 0.0000 0.0000 0.0002 -29.9996 -0.0001 -0.0003 29.9996 0.0000 0.0000 0.0000 -2.0081 7.1030 175.4066 -0.0400 -11.2591 0.0867 -6.9095 80.8532 -5.8173 0.0000 25.0400 0.0000 -8.4672 -16.8468 178.8769 0.2839 -11.4819 -0.1112 10.0363 57.9465 -5.6443 0.0000 25.3717 -0.0001 
-3.7809 90.2469 -11.7515 3.2228 -1.0195 1.1452 -1.1672 3.0638 -1.5685 -1.1684 3.0669 -1.5701 -1.1709 3.0730 -1.5733 10.4361 79.9607 -89.8458 58.4728 60.0146 24.5797 32.9765 17.8111 88.3673 -0.7853 0.4891 -1.3291 0.0000 0.0000 0.0001 0.0000 0.0000 0.0000 0.0000 -0.0013 -0.0008 0.0000 -0.0004 0.0001 0.0000 0.0000 0.0000 0.0000 0.0000 0.0000 0.0000 0.0002 -0.0001 0.0000 -0.0006 0.0003 0.0000 0.0004 -0.0006 0.0000 0.0000 0.0001 0.0000 0.0000 0.0000 0.0000 -0.0010 -0.0002 0.0000 0.0002 30.0001 -0.0001 0.0005 -29.9998 0.0000 0.0000 0.0000 -12.1216 4.9598 6.0302 -12.1216 4.9598 6.0302 11.8885 84.4330 118.4740 -55.3383 58.3956 -27.7415 -28.3673 30.7559 -91.0168 0.9041 -0.0215 1.9307 0.0000 -0.0001 0.0001 0.0000 0.0000 0.0000 0.0000 -0.0006 0.0003 0.0000 -0.0001 0.0001 0.0000 0.0000 0.0000 0.0000 0.0000 0.0000 0.0000 0.0007 0.0001 0.0000 -0.0012 0.0001 0.0000 -0.0008 0.0003 0.0000 0.0001 0.0000 0.0000 0.0000 0.0000 0.0000 -0.0009 0.0000 0.0000 0.0002 -29.9997 -0.0001 -0.0003 29.9996 0.0000 0.0000 0.0000 -1.6419 7.5104 175.5639 -0.0379 -10.4178 0.0862 -7.3341 80.5244 -6.2123 0.0000 25.0402 0.0000 -7.9441 -16.8860 178.9280 0.2854 -11.6116 -0.1116 9.9941 58.1893 -5.7494 0.0000 25.0236 -0.0001 
-3.9144 90.2944 -11.6385 2.7020 -0.8536 1.0605 -1.4246 2.9646 -1.5991 -1.4260 2.9676 -1.6007 -1.4290 2.9735 -1.6040 10.4230 80.0062 -89.5167 59.1087 59.8225 24.5223 33.0164 18.0030 88.3106 -0.7568 0.4762 -1.2585 0.0000 0.0000 0.0001 0.0000 0.0000 0.0000 0.0000 -0.0013 -0.0008 0.0000 -0.0004 0.0001 0.0000 0.0000 0.0000 0.0000 0.0000 0.0000 0.0000 0.0002 0.0000 0.0000 -0.0006 0.0003 0.0000 0.0004 -0.0006 0.0000 0.0000 0.0001 0.0000 0.0000 0.0000 0.0000 -0.0010 -0.0002 0.0000 0.0003 30.0001 -0.0001 0.0005 -29.9998 0.0000 0.0000 0.0000 -11.6201 5.0805 6.0068 -11.6201 5.0805 6.0068 15.1730 84.8202 122.1660 -54.4209 58.6872 -27.6088 -28.4240 30.5156 -91.0667 0.9058 -0.0362 1.9717 0.0000 -0.0001 0.0001 0.0000 0.0000 0.0000 0.0000 -0.0006 0.0003 0.0000 -0.0001 0.0001 0.0000 0.0000 0.0000 0.0000 0.0000 0.0000 0.0000 0.0007 0.0001 0.0000 -0.0012 0.0001 0.0000 -0.0008 0.0003 0.0000 0.0001 0.0000 0.0000 0.0000 0.0000 0.0000 -0.0009 0.0000 0.0000 0.0002 -29.9996 -0.0001 -0.0003 29.9996 0.0000 0.0000 0.0000 -1.2792 7.9018 175.7414 -0.0325 -9.5524 0.0855 -7.8309 80.1969 -6.7049 0.0000 25.0405 0.0000 -7.4855 -16.9557 178.9920 0.2837 -11.7239 -0.1117 9.9239 58.4087 -5.8338 0.0000 25.0241 -0.0001 
-4.0334 90.3395 -11.5267 2.2216 -0.6513 0.9732 -1.6457 2.8706 -1.6221 -1.6474 2.8736 -1.6238 -1.6507 2.8792 -1.6271 10.4296 80.1153 -89.2692 59.5270 59.6549 24.4675 33.0376 18.1747 88.2422 -0.7347 0.4668 -1.2026 0.0000 0.0000 0.0001 0.0000 0.0000 0.0000 0.0000 -0.0013 -0.0008 0.0000 -0.0004 0.0001 0.0000 0.0000 0.0000 0.0000 0.0000 0.0000 0.0000 0.0002 0.0000 0.0000 -0.0006 0.0003 0.0000 0.0004 -0.0006 0.0000 0.0000 0.0001 0.0000 0.0000 0.0000 0.0000 -0.0010 -0.0002 0.0000 0.0002 30.0001 -0.0001 0.0005 -29.9998 0.0000 0.0000 0.0000 -11.1893 5.1643 5.9950 -11.1893 5.1643 5.9950 18.7275 85.1422 126.0269 -53.6585 59.0142 -27.4955 -28.3894 30.2433 -91.1883 0.9077 -0.0523 2.0160 0.0000 -0.0001 0.0001 0.0000 0.0000 0.0000 0.0000 -0.0006 0.0003 0.0000 -0.0001 0.0001 0.0000 0.0000 0.0000 0.0000 0.0000 0.0000 0.0000 0.0007 0.0001 0.0000 -0.0012 0.0001 0.0000 -0.0008 0.0003 0.0000 0.0001 0.0000 0.0000 0.0000 0.0000 0.0000 -0.0008 0.0000 0.0000 0.0002 -29.9997 -0.0001 -0.0002 29.9996 0.0000 0.0000 0.0000 -0.9544 8.2789 175.9123 -0.0266 -8.6348 0.0848 -8.2855 79.8408 -7.1585 0.0000 25.0410 0.0000 -7.1431 -17.0304 179.0917 0.2803 -11.7933 -0.1116 9.7725 58.5906 -5.9248 0.0000 25.0246 -0.0001 
-4.1174 90.3770 -11.4343 1.7811 -0.4403 0.8891 -1.8322 2.7862 -1.6418 -1.8342 2.7891 -1.6436 -1.8378 2.7945 -1.6469 10.5908 80.2543 -88.9421 59.7644 59.5257 24.4349 33.0291 18.2826 88.1662 -0.7201 0.4628 -1.1610 0.0000 0.0000 0.0001 0.0000 0.0000 0.0000 0.0000 -0.0013 -0.0008 0.0000 -0.0004 0.0001 0.0000 0.0000 0.0000 0.0000 0.0000 0.0000 0.0000 0.0002 0.0000 0.0000 -0.0006 0.0003 0.0000 0.0004 -0.0006 0.0000 0.0000 0.0001 0.0000 0.0000 0.0000 0.0000 -0.0010 -0.0002 0.0000 0.0002 30.0001 -0.0001 0.0005 -29.9998 0.0000 0.0000 0.0000 -10.8260 5.2304 5.9833 -10.8259 5.2304 5.9833 22.1991 85.3850 129.6989 -53.0890 59.3603 -27.4083 -28.3392 29.9870 -91.3170 0.9055 -0.0695 2.0533 0.0000 -0.0001 0.0001 0.0000 0.0000 0.0000 0.0000 -0.0006 0.0003 0.0000 -0.0001 0.0001 0.0000 0.0000 0.0000 0.0000 0.0000 0.0000 0.0000 0.0007 0.0001 0.0000 -0.0012 0.0001 0.0000 -0.0008 0.0003 0.0000 0.0001 0.0000 0.0000 0.0000 0.0000 0.0000 -0.0009 0.0000 0.0000 0.0002 -29.9996 -0.0001 -0.0003 29.9996 0.0000 0.0000 0.0000 -0.6993 8.6396 176.0440 -0.0231 -7.6943 0.0843 -8.5987 79.4634 -7.4298 0.0000 25.0414 0.0000 -6.9068 -17.0909 179.2313 0.2786 -11.8290 -0.1115 9.5457 58.7503 -6.0295 0.0000 25.0249 -0.0001 
-4.1689 90.4047 -11.3477 1.3729 -0.2342 0.8141 -1.9851 2.7129 -1.6592 -1.9873 2.7158 -1.6610 -1.9912 2.7210 -1.6643 10.8787 80.3868 -88.5542 59.8620 59.4328 24.4130 32.9947 18.3473 88.0787 -0.7123 0.4634 -1.1322 0.0000 0.0000 0.0001 0.0000 0.0000 0.0000 0.0000 -0.0013 -0.0008 0.0000 -0.0004 0.0001 0.0000 0.0000 0.0000 0.0000 0.0000 0.0000 0.0000 0.0002 0.0000 0.0000 -0.0006 0.0003 0.0000 0.0004 -0.0006 0.0000 0.0000 0.0001 0.0000 0.0000 0.0000 0.0000 -0.0010 -0.0002 0.0000 0.0002 30.0001 -0.0001 0.0005 -29.9998 0.0000 0.0000 0.0000 -10.5262 5.2859 5.9667 -10.5262 5.2859 5.9667 25.4005 85.5545 133.0102 -52.7217 59.6853 -27.3570 -28.2766 29.7585 -91.4508 0.8999 -0.0867 2.0821 0.0000 -0.0001 0.0001 0.0000 0.0000 0.0000 0.0000 -0.0006 0.0003 0.0000 -0.0001 0.0001 0.0000 0.0000 0.0000 0.0000 0.0000 0.0000 0.0000 0.0007 0.0001 0.0000 -0.0012 0.0001 0.0000 -0.0008 0.0003 0.0000 0.0001 0.0000 0.0000 0.0000 0.0000 0.0000 -0.0009 0.0000 0.0000 0.0002 -29.9996 -0.0001 -0.0003 29.9996 0.0000 0.0000 0.0000 -0.5206 9.0075 176.1286 -0.0213 -6.7292 0.0840 -8.7822 79.0712 -7.5162 0.0000 25.0419 0.0000 -6.7600 -17.1293 179.3935 0.2767 -11.8386 -0.1113 9.2603 58.8966 -6.1385 0.0000 25.0251 -0.0001 
-4.1917 90.4234 -11.2575 1.0029 -0.0448 0.7530 -2.0812 2.6578 -1.6694 -2.0834 2.6607 -1.6712 -2.0875 2.6658 -1.6746 11.2833 80.5117 -88.1315 59.7536 59.3901 24.3915 32.9317 18.3897 87.9758 -0.7134 0.4692 -1.1208 0.0000 0.0000 0.0001 0.0000 0.0000 0.0000 0.0000 -0.0013 -0.0008 0.0000 -0.0004 0.0001 0.0000 0.0000 0.0000 0.0000 0.0000 0.0000 0.0000 0.0002 0.0000 0.0000 -0.0006 0.0003 0.0000 0.0004 -0.0006 0.0000 0.0000 0.0001 0.0000 0.0000 0.0000 0.0000 -0.0010 -0.0002 0.0000 0.0002 30.0001 -0.0001 0.0005 -29.9998 0.0000 0.0000 0.0000 -10.3294 5.3300 5.9394 -10.3294 5.3300 5.9394 27.7966 85.6234 135.3987 -52.6372 59.9157 -27.3602 -28.1676 29.6014 -91.5813 0.8923 -0.1014 2.0986 0.0000 -0.0001 0.0001 0.0000 0.0000 0.0000 0.0000 -0.0006 0.0002 0.0000 -0.0001 0.0001 0.0000 0.0000 0.0000 0.0000 0.0000 0.0000 0.0000 0.0007 0.0001 0.0000 -0.0012 0.0001 0.0000 -0.0008 0.0003 0.0000 0.0001 0.0000 0.0000 0.0000 0.0000 0.0000 -0.0009 0.0000 0.0000 0.0002 -29.9996 -0.0001 -0.0003 29.9996 0.0000 0.0000 0.0000 -0.4505 9.4008 176.1582 -0.0197 -5.7325 0.0837 -8.8857 78.6597 -7.4331 0.0000 25.0421 0.0000 -6.7252 -17.1177 179.5666 0.2689 -11.7866 -0.1104 8.9213 59.0113 -6.2335 0.0000 25.0252 -0.0001 
-4.2077 90.4400 -11.1614 0.6607 0.1364 0.6916 -2.1295 2.6114 -1.6671 -2.1318 2.6142 -1.6689 -2.1360 2.6192 -1.6722 11.8085 80.6548 -87.6376 59.5170 59.4086 24.3805 32.8240 18.4309 87.8391 -0.7190 0.4772 -1.1195 0.0000 0.0000 0.0001 0.0000 0.0000 0.0000 0.0000 -0.0013 -0.0008 0.0000 -0.0004 0.0001 0.0000 0.0000 0.0000 0.0000 0.0000 0.0000 0.0000 0.0002 0.0000 0.0000 -0.0006 0.0003 0.0000 0.0004 -0.0006 0.0000 0.0000 0.0001 0.0000 0.0000 0.0000 0.0000 -0.0010 -0.0002 0.0000 0.0003 30.0001 -0.0001 0.0005 -29.9998 0.0000 0.0000 0.0000 -10.2181 5.3710 5.9048 -10.2180 5.3710 5.9048 29.1366 85.6331 136.6476 -52.6265 60.0895 -27.3560 -28.0383 29.5438 -91.6428 0.8875 -0.1118 2.1089 0.0000 -0.0001 0.0001 0.0000 0.0000 0.0000 0.0000 -0.0006 0.0003 0.0000 -0.0001 0.0001 0.0000 0.0000 0.0000 0.0000 0.0000 0.0000 0.0000 0.0007 0.0001 0.0000 -0.0012 0.0001 0.0000 -0.0008 0.0003 0.0000 0.0002 0.0000 0.0000 0.0000 0.0000 0.0000 -0.0009 0.0000 0.0000 0.0002 -29.9996 -0.0001 -0.0003 29.9996 0.0000 0.0000 0.0000 -0.4587 9.8408 176.1697 -0.0172 -4.6520 0.0835 -8.9688 78.2013 -7.2677 0.0000 25.0422 0.0000 -6.7385 -17.0860 179.7487 0.2580 -11.6843 -0.1090 8.5742 59.0865 -6.3222 0.0000 25.0251 -0.0001 
-4.2187 90.4580 -11.0642 0.3469 0.3178 0.6229 -2.1388 2.5696 -1.6515 -2.1411 2.5724 -1.6533 -2.1454 2.5773 -1.6566 12.4100 80.7962 -87.0973 59.2818 59.5069 24.3971 32.6250 18.4409 87.6726 -0.7259 0.4856 -1.1246 0.0000 0.0000 0.0001 0.0000 0.0000 0.0000 0.0000 -0.0013 -0.0008 0.0000 -0.0004 0.0001 0.0000 0.0000 0.0000 0.0000 0.0000 0.0000 0.0000 0.0002 0.0000 0.0000 -0.0006 0.0003 0.0000 0.0004 -0.0006 0.0000 0.0000 0.0001 0.0000 0.0000 0.0000 0.0000 -0.0010 -0.0002 0.0000 0.0002 30.0001 -0.0001 0.0005 -29.9998 0.0000 0.0000 0.0000 -10.1789 5.4101 5.8689 -10.1789 5.4101 5.8689 29.7483 85.6035 137.1213 -52.5761 60.1960 -27.2777 -27.8605 29.5579 -91.6468 0.8883 -0.1162 2.1172 0.0000 -0.0001 0.0001 0.0000 0.0000 0.0000 0.0000 -0.0006 0.0003 0.0000 -0.0001 0.0001 0.0000 0.0000 0.0000 0.0000 0.0000 0.0000 0.0000 0.0007 0.0001 0.0000 -0.0012 0.0001 0.0000 -0.0008 0.0003 0.0000 0.0002 0.0000 0.0000 0.0000 0.0000 0.0000 -0.0008 0.0000 0.0000 0.0002 -29.9996 -0.0001 -0.0002 29.9996 0.0000 0.0000 0.0000 -0.5239 10.3593 176.1781 -0.0135 -3.4048 0.0832 -9.0063 77.6515 -7.0228 0.0000 25.0424 0.0000 -6.7725 -17.0590 179.9504 0.2480 -11.5405 -0.1077 8.2190 59.1191 -6.4332 0.0000 25.1470 -0.0001 
-4.2287 90.4764 -10.9547 0.0886 0.5065 0.5294 -2.1007 2.5332 -1.6149 -2.1029 2.5358 -1.6166 -2.1071 2.5408 -1.6199 13.0456 80.9095 -86.5482 59.2011 59.7250 24.5081 32.2557 18.4312 87.4640 -0.7314 0.4912 -1.1357 0.0000 0.0000 0.0001 0.0000 0.0000 0.0000 0.0000 -0.0013 -0.0008 0.0000 -0.0004 0.0001 0.0000 0.0000 0.0000 0.0000 0.0000 0.0000 0.0000 0.0002 0.0000 0.0000 -0.0006 0.0003 0.0000 0.0004 -0.0006 0.0000 0.0000 0.0001 0.0000 0.0000 0.0000 0.0000 -0.0010 -0.0002 0.0000 0.0002 30.0001 -0.0001 0.0005 -29.9998 0.0000 0.0000 0.0000 -10.2350 5.4468 5.8390 -10.2350 5.4468 5.8390 29.9824 85.5253 137.1698 -52.2356 60.2164 -26.9768 -27.6007 29.7055 -91.5453 0.9008 -0.1121 2.1296 0.0000 -0.0001 0.0001 0.0000 0.0000 0.0000 0.0000 -0.0006 0.0003 0.0000 -0.0001 0.0001 0.0000 0.0000 0.0000 0.0000 0.0000 0.0000 0.0000 0.0007 0.0001 0.0000 -0.0012 0.0001 0.0000 -0.0008 0.0003 0.0000 0.0001 0.0000 0.0000 0.0000 0.0000 0.0000 -0.0008 0.0000 0.0000 0.0002 -29.9996 -0.0001 -0.0003 29.9996 0.0000 0.0000 0.0000 -0.6439 11.0846 176.2100 -0.0073 -1.7361 0.0829 -8.9195 76.8940 -6.6530 0.0000 25.0426 0.0000 -6.8047 -17.0627 -179.8156 0.2394 -11.3611 -0.1064 7.8953 59.0980 -6.5771 0.0000 25.2426 -0.0001 
-4.2411 90.4913 -10.8100 -0.0979 0.7047 0.4124 -2.0355 2.4986 -1.5645 -2.0376 2.5011 -1.5661 -2.0418 2.5061 -1.5693 13.6722 81.0346 -86.0147 59.2088 60.0296 24.6804 31.7555 18.4220 87.1890 -0.7342 0.4941 -1.1478 0.0000 0.0000 0.0001 0.0000 0.0000 0.0000 0.0000 -0.0013 -0.0008 0.0000 -0.0004 0.0001 0.0000 0.0000 0.0000 0.0000 0.0000 0.0000 0.0000 0.0002 0.0000 0.0000 -0.0006 0.0003 0.0000 0.0004 -0.0006 0.0000 0.0000 0.0001 0.0000 0.0000 0.0000 0.0000 -0.0010 -0.0002 0.0000 0.0002 30.0001 -0.0001 0.0005 -29.9998 0.0000 0.0000 0.0000 -10.3598 5.4863 5.8190 -10.3598 5.4863 5.8190 30.2073 85.4204 137.2082 -51.7805 60.1749 -26.6153 -27.2481 29.9897 -91.3259 0.9178 -0.1055 2.1413 0.0000 -0.0001 0.0001 0.0000 0.0000 0.0000 0.0000 -0.0006 0.0003 0.0000 -0.0001 0.0001 0.0000 0.0000 0.0000 0.0000 0.0000 0.0000 0.0000 0.0007 0.0001 0.0000 -0.0012 0.0001 0.0000 -0.0008 0.0003 0.0000 0.0001 0.0000 0.0000 0.0000 0.0000 0.0000 -0.0009 0.0000 0.0000 0.0002 -29.9996 -0.0001 -0.0003 29.9996 0.0000 0.0000 0.0000 -0.7583 11.5635 176.2827 -0.0025 -0.5826 0.0828 -9.0193 76.4124 -6.5249 0.0000 25.0429 0.0000 -6.8165 -17.0899 -179.5687 0.2299 -11.1536 -0.1051 7.6430 59.0385 -6.7442 0.0000 25.2674 -0.0001 
-4.2549 90.5040 -10.6341 -0.2016 0.9101 0.2796 -1.9572 2.4643 -1.5079 -1.9590 2.4666 -1.5094 -1.9632 2.4716 -1.5126 14.3621 81.1768 -85.4275 59.2819 60.3809 24.9036 31.1419 18.4192 86.8396 -0.7352 0.4963 -1.1584 0.0000 0.0000 0.0001 0.0000 0.0000 0.0000 0.0000 -0.0013 -0.0008 0.0000 -0.0004 0.0001 0.0000 0.0000 0.0000 0.0000 0.0000 0.0000 0.0000 0.0002 0.0000 0.0000 -0.0006 0.0003 0.0000 0.0004 -0.0006 0.0000 0.0000 0.0001 0.0000 0.0000 0.0000 0.0000 -0.0010 -0.0002 0.0000 0.0002 30.0001 -0.0001 0.0005 -29.9998 0.0000 0.0000 0.0000 -10.5350 5.5340 5.8110 -10.5350 5.5340 5.8110 30.5052 85.2984 137.3266 -51.3301 60.0914 -26.2740 -26.7717 30.3506 -90.9887 0.9353 -0.0971 2.1495 0.0000 -0.0001 0.0001 0.0000 0.0000 0.0000 0.0000 -0.0006 0.0003 0.0000 -0.0001 0.0001 0.0000 0.0000 0.0000 0.0000 0.0000 0.0000 0.0000 0.0007 0.0001 0.0000 -0.0012 0.0001 0.0000 -0.0008 0.0003 0.0000 0.0001 0.0000 0.0000 0.0000 0.0000 0.0000 -0.0008 0.0000 0.0000 0.0002 -29.9997 -0.0001 -0.0003 29.9996 0.0000 0.0000 0.0000 -0.8650 11.7052 176.3904 -0.0005 -0.1246 0.0828 -9.3229 76.2954 -6.6671 0.0000 25.0433 0.0000 -6.8122 -17.1245 -179.3214 0.2197 -10.9147 -0.1036 7.4681 58.9524 -6.9303 0.0000 25.2467 -0.0001 
-4.2653 90.5171 -10.4372 -0.1605 1.1155 0.1332 -1.8707 2.4289 -1.4504 -1.8724 2.4310 -1.4517 -1.8765 2.4361 -1.4548 15.1973 81.3374 -84.7020 59.3755 60.8083 25.1588 30.5186 18.3773 86.3617 -0.7310 0.4969 -1.1623 0.0000 0.0000 0.0001 0.0000 0.0000 0.0000 0.0000 -0.0013 -0.0008 0.0000 -0.0004 0.0001 0.0000 0.0000 0.0000 0.0000 0.0000 0.0000 0.0000 0.0002 0.0000 0.0000 -0.0006 0.0003 0.0000 0.0004 -0.0006 0.0000 0.0000 0.0001 0.0000 0.0000 0.0000 0.0000 -0.0010 -0.0002 0.0000 0.0002 30.0001 -0.0001 0.0005 -29.9998 0.0000 0.0000 0.0000 -10.7735 5.6042 5.8257 -10.7735 5.6042 5.8257 31.0337 85.1788 137.7189 -50.8572 59.9985 -25.9800 -26.1395 30.7541 -90.4225 0.9500 -0.0852 2.1497 0.0000 -0.0001 0.0001 0.0000 0.0000 0.0000 0.0000 -0.0006 0.0003 0.0000 -0.0001 0.0001 0.0000 0.0000 0.0000 0.0000 0.0000 0.0000 0.0000 0.0007 0.0001 0.0000 -0.0012 0.0001 0.0000 -0.0008 0.0003 0.0000 0.0002 0.0000 0.0000 0.0000 0.0000 0.0000 -0.0008 0.0000 0.0000 0.0002 -29.9996 -0.0001 -0.0003 29.9996 0.0000 0.0000 0.0000 -0.9992 11.6877 176.5338 0.0000 0.0000 0.0828 -9.6662 76.3655 -6.9349 0.0000 25.0439 0.0000 -6.8032 -17.1378 -179.0862 0.2092 -10.6174 -0.1021 7.4056 58.8416 -7.1445 0.0000 25.1742 -0.0001 
-4.2651 90.5337 -10.2631 0.0112 1.3069 -0.0185 -1.7861 2.3922 -1.3920 -1.7876 2.3942 -1.3931 -1.7916 2.3994 -1.3962 16.0522 81.5234 -83.9582 59.4039 61.2416 25.4446 29.8680 18.3841 85.7163 -0.7250 0.4983 -1.1615 0.0000 0.0000 0.0001 0.0000 0.0000 0.0000 0.0000 -0.0013 -0.0008 0.0000 -0.0004 0.0001 0.0000 0.0000 0.0000 0.0000 0.0000 0.0000 0.0000 0.0002 -0.0001 0.0000 -0.0006 0.0003 0.0000 0.0004 -0.0006 0.0000 0.0000 0.0001 0.0000 0.0000 0.0000 0.0000 -0.0010 -0.0002 0.0000 0.0002 30.0001 -0.0001 0.0005 -29.9998 0.0000 0.0000 0.0000 -11.0538 5.6964 5.8555 -11.0538 5.6964 5.8555 31.6513 85.0785 138.2536 -50.3227 59.9350 -25.6947 -25.4322 31.0623 -89.6766 0.9611 -0.0673 2.1439 0.0000 -0.0001 0.0001 0.0000 0.0000 0.0000 0.0000 -0.0006 0.0003 0.0000 -0.0001 0.0001 0.0000 0.0000 0.0000 0.0000 0.0000 0.0000 0.0000 0.0007 0.0001 0.0000 -0.0012 0.0001 0.0000 -0.0008 0.0003 0.0000 0.0001 0.0000 0.0000 0.0000 0.0000 0.0000 -0.0008 0.0000 0.0000 0.0002 -29.9996 -0.0001 -0.0003 29.9996 0.0000 0.0000 0.0000 -1.1625 11.5922 176.6948 -0.0001 -0.0162 0.0828 -9.9170 76.5014 -7.1771 0.0000 25.0444 0.0000 -6.8303 -17.1178 -178.8671 0.1984 -10.2877 -0.1005 7.4255 58.7271 -7.3614 0.0000 25.0598 -0.0001 
-4.2520 90.5503 -10.1135 0.2948 1.4791 -0.1698 -1.7056 2.3554 -1.3333 -1.7069 2.3573 -1.3343 -1.7108 2.3625 -1.3374 16.8685 81.7189 -83.2491 59.3663 61.6690 25.7304 29.2384 18.4036 84.9404 -0.7169 0.5003 -1.1553 0.0000 0.0000 0.0001 0.0000 0.0000 0.0000 0.0000 -0.0013 -0.0008 0.0000 -0.0004 0.0001 0.0000 0.0000 0.0000 0.0000 0.0000 0.0000 0.0000 0.0002 -0.0001 0.0000 -0.0006 0.0003 0.0000 0.0004 -0.0006 0.0000 0.0000 0.0001 0.0000 0.0000 0.0000 0.0000 -0.0010 -0.0002 0.0000 0.0002 30.0001 -0.0001 0.0005 -29.9998 0.0000 0.0000 0.0000 -11.3638 5.8044 5.8964 -11.3638 5.8044 5.8964 32.3069 85.0028 138.8636 -49.7928 59.9214 -25.4403 -24.6818 31.1819 -88.7960 0.9665 -0.0425 2.1308 0.0000 -0.0001 0.0001 0.0000 0.0000 0.0000 0.0000 -0.0006 0.0003 0.0000 -0.0001 0.0001 0.0000 0.0000 0.0000 0.0000 0.0000 0.0000 0.0000 0.0007 0.0001 0.0000 -0.0012 0.0001 0.0000 -0.0008 0.0003 0.0000 0.0001 0.0000 0.0000 0.0000 0.0000 0.0000 -0.0008 0.0000 0.0000 0.0002 -29.9996 -0.0001 -0.0003 29.9996 0.0000 0.0000 0.0000 -1.3550 11.5106 176.8611 0.0000 0.0000 0.0828 -10.0002 76.6156 -7.3041 0.0000 25.0448 0.0000 -6.9027 -17.0679 -178.6696 0.1872 -9.9417 -0.0989 7.5177 58.6121 -7.5620 0.0000 25.0254 -0.0001 
-4.2251 90.5603 -9.9902 0.7181 1.6159 -0.3107 -1.6342 2.3226 -1.2780 -1.6354 2.3244 -1.2790 -1.6392 2.3296 -1.2820 17.5868 81.9215 -82.6433 59.2172 61.9722 25.9519 28.6605 18.3943 84.1249 -0.7109 0.5077 -1.1437 0.0000 0.0000 0.0001 0.0000 0.0000 0.0000 0.0000 -0.0013 -0.0008 0.0000 -0.0004 0.0001 0.0000 0.0000 0.0000 0.0000 0.0000 0.0000 0.0000 0.0002 0.0000 0.0000 -0.0006 0.0003 0.0000 0.0004 -0.0006 0.0000 0.0000 0.0001 0.0000 0.0000 0.0000 0.0000 -0.0010 -0.0002 0.0000 0.0002 30.0001 -0.0001 0.0005 -29.9998 0.0000 0.0000 0.0000 -11.6994 5.9207 5.9521 -11.6994 5.9207 5.9521 32.5532 84.9531 139.1179 -49.3665 59.9760 -25.2644 -23.8351 30.8730 -87.8234 0.9681 -0.0031 2.1142 0.0000 -0.0001 0.0001 0.0000 0.0000 0.0000 0.0000 -0.0006 0.0003 0.0000 -0.0001 0.0001 0.0000 0.0000 0.0000 0.0000 0.0000 0.0000 0.0000 0.0007 0.0001 0.0000 -0.0011 0.0001 0.0000 -0.0008 0.0003 0.0000 0.0001 0.0000 0.0000 0.0000 0.0000 0.0000 -0.0008 0.0000 0.0000 0.0002 -29.9997 -0.0001 -0.0003 29.9996 0.0000 0.0000 0.0000 -1.5764 11.4326 177.0243 0.0000 0.0001 0.0828 -9.8511 76.7310 -7.2672 0.0000 25.0449 0.0000 -7.0514 -16.9886 -178.5121 0.1764 -9.6050 -0.0975 7.7019 58.5032 -7.7130 0.0000 25.0256 -0.0001 
-4.1959 90.5673 -9.8928 1.2158 1.7154 -0.4312 -1.5670 2.3006 -1.2312 -1.5681 2.3023 -1.2320 -1.5718 2.3075 -1.2349 18.2663 82.1069 -82.0818 59.0265 62.2284 26.1141 28.2091 18.2151 83.3948 -0.7052 0.5177 -1.1306 0.0000 0.0000 0.0001 0.0000 0.0000 0.0000 0.0000 -0.0013 -0.0008 0.0000 -0.0004 0.0001 0.0000 0.0000 0.0000 0.0000 0.0000 0.0000 0.0000 0.0002 0.0000 0.0000 -0.0006 0.0003 0.0000 0.0004 -0.0006 0.0000 0.0000 0.0001 0.0000 0.0000 0.0000 0.0000 -0.0010 -0.0002 0.0000 0.0002 30.0001 -0.0001 0.0005 -29.9998 0.0000 0.0000 0.0000 -12.0418 6.0306 6.0214 -12.0418 6.0306 6.0214 32.1008 84.8967 138.7054 -48.9671 60.0666 -25.1024 -23.0383 30.2801 -86.8490 0.9698 0.0453 2.0994 0.0000 -0.0001 0.0001 0.0000 0.0000 0.0000 0.0000 -0.0006 0.0003 0.0000 -0.0001 0.0001 0.0000 0.0000 0.0000 0.0000 0.0000 0.0000 0.0000 0.0007 0.0001 0.0000 -0.0011 0.0001 0.0000 -0.0008 0.0003 0.0000 0.0001 0.0000 0.0000 0.0000 0.0000 0.0000 -0.0008 0.0000 0.0000 0.0002 -29.9997 -0.0001 -0.0003 29.9996 0.0000 0.0000 0.0000 -1.8133 11.3630 177.1743 -0.0001 -0.0162 0.0828 -9.5713 76.8392 -7.1325 0.0000 25.0449 0.0000 -7.2545 -16.8958 -178.3975 0.1656 -9.2937 -0.0961 7.9371 58.3937 -7.8160 0.0000 25.0258 -0.0001 
-4.1708 90.5731 -9.8290 1.7531 1.7854 -0.5319 -1.4993 2.2901 -1.1912 -1.5003 2.2917 -1.1920 -1.5039 2.2970 -1.1949 18.8888 82.2628 -81.5752 58.8286 62.3955 26.2540 27.8364 17.9730 82.7918 -0.7033 0.5306 -1.1207 0.0000 0.0000 0.0001 0.0000 0.0000 0.0000 0.0000 -0.0013 -0.0008 0.0000 -0.0004 0.0001 0.0000 0.0000 0.0000 0.0000 0.0000 0.0000 0.0000 0.0002 0.0000 0.0000 -0.0006 0.0003 0.0000 0.0004 -0.0006 0.0000 0.0000 0.0001 0.0000 0.0000 0.0000 0.0000 -0.0010 -0.0002 0.0000 0.0002 30.0001 -0.0001 0.0005 -29.9998 0.0000 0.0000 0.0000 -12.3850 6.1257 6.0994 -12.3850 6.1257 6.0994 30.9902 84.8252 137.6413 -48.6433 60.1575 -24.9780 -22.3464 29.5296 -85.9299 0.9717 0.0981 2.0853 0.0000 -0.0001 0.0001 0.0000 0.0000 0.0000 0.0000 -0.0006 0.0003 0.0000 -0.0001 0.0001 0.0000 0.0000 0.0000 0.0000 0.0000 0.0000 0.0000 0.0007 0.0001 0.0000 -0.0012 0.0001 0.0000 -0.0008 0.0003 0.0000 0.0001 0.0000 0.0000 0.0000 0.0000 0.0000 -0.0009 0.0000 0.0000 0.0002 -29.9996 -0.0001 -0.0003 29.9996 0.0000 0.0000 0.0000 -2.0511 11.3151 177.3141 0.0000 0.0000 0.0828 -9.1971 76.9047 -6.9306 0.0000 25.0447 0.0000 -7.4964 -16.8103 -178.3159 0.1555 -9.0338 -0.0950 8.1973 58.2948 -7.8838 0.0000 25.0260 -0.0001 
-4.1585 90.5801 -9.8291 2.2998 1.8049 -0.5988 -1.4268 2.3042 -1.1621 -1.4277 2.3058 -1.1629 -1.4311 2.3112 -1.1656 19.3040 82.3329 -81.3094 58.7622 62.4242 26.3981 27.6875 17.6463 82.5234 -0.7043 0.5421 -1.1174 0.0000 0.0000 0.0001 0.0000 0.0000 0.0000 0.0000 -0.0013 -0.0008 0.0000 -0.0004 0.0001 0.0000 0.0000 0.0000 0.0000 0.0000 0.0000 0.0000 0.0002 0.0000 0.0000 -0.0006 0.0003 0.0000 0.0004 -0.0006 0.0000 0.0000 0.0001 0.0000 0.0000 0.0000 0.0000 -0.0010 -0.0002 0.0000 0.0002 30.0001 -0.0001 0.0005 -29.9998 0.0000 0.0000 0.0000 -12.7163 6.1901 6.1818 -12.7163 6.1901 6.1818 29.1237 84.7149 135.7816 -48.5872 60.1818 -25.0134 -21.8436 28.7634 -85.1467 0.9725 0.1489 2.0676 0.0000 -0.0001 0.0001 0.0000 0.0000 0.0000 0.0000 -0.0006 0.0003 0.0000 -0.0001 0.0001 0.0000 0.0000 0.0000 0.0000 0.0000 0.0000 0.0000 0.0007 0.0001 0.0000 -0.0012 0.0001 0.0000 -0.0008 0.0003 0.0000 0.0002 0.0000 0.0000 0.0000 0.0000 0.0000 -0.0008 0.0000 0.0000 0.0002 -29.9996 -0.0001 -0.0003 29.9996 0.0000 0.0000 0.0000 -2.2777 11.2657 177.4329 0.0000 0.0000 0.0828 -8.7807 76.9204 -6.7154 0.0000 25.0444 0.0000 -7.7681 -16.7318 -178.2736 0.1484 -8.8560 -0.0942 8.4461 58.2176 -7.9314 0.0000 25.0261 -0.0001 
-4.1688 90.5859 -9.8815 2.8128 1.7866 -0.6406 -1.3418 2.3402 -1.1429 -1.3427 2.3417 -1.1437 -1.3459 2.3472 -1.1464 19.5827 82.3355 -81.1501 58.7501 62.4316 26.4573 27.7083 17.2541 82.5739 -0.7080 0.5511 -1.1224 0.0000 0.0000 0.0001 0.0000 0.0000 0.0000 0.0000 -0.0013 -0.0008 0.0000 -0.0004 0.0001 0.0000 0.0000 0.0000 0.0000 0.0000 0.0000 0.0000 0.0002 0.0000 0.0000 -0.0006 0.0003 0.0000 0.0004 -0.0006 0.0000 0.0000 0.0001 0.0000 0.0000 0.0000 0.0000 -0.0010 -0.0002 0.0000 0.0002 30.0001 -0.0001 0.0005 -29.9998 0.0000 0.0000 0.0000 -13.0342 6.2320 6.2661 -13.0342 6.2320 6.2661 26.8866 84.5582 133.5064 -48.8412 60.0882 -25.2321 -21.5736 28.2413 -84.5535 0.9711 0.1876 2.0447 0.0000 -0.0001 0.0001 0.0000 0.0000 0.0000 0.0000 -0.0006 0.0003 0.0000 -0.0001 0.0001 0.0000 0.0000 0.0000 0.0000 0.0000 0.0000 0.0000 0.0007 0.0001 0.0000 -0.0012 0.0001 0.0000 -0.0008 0.0003 0.0000 0.0001 0.0000 0.0000 0.0000 0.0000 0.0000 -0.0009 0.0000 0.0000 0.0002 -29.9996 -0.0001 -0.0003 29.9996 0.0000 0.0000 0.0000 -2.4910 11.2126 177.5403 -0.0001 -0.0163 0.0828 -8.4369 76.8920 -6.5750 0.0000 25.0441 0.0000 -8.0333 -16.6585 -178.2536 0.1443 -8.7570 -0.0937 8.6574 58.1753 -7.9826 0.0000 25.0262 -0.0001 
-4.2014 90.5894 -9.9629 3.2834 1.7366 -0.6603 -1.2434 2.3943 -1.1320 -1.2442 2.3959 -1.1327 -1.2472 2.4015 -1.1355 19.7705 82.2758 -81.1068 58.8181 62.4125 26.5214 27.8452 16.8668 82.7991 -0.7123 0.5568 -1.1331 0.0000 0.0000 0.0001 0.0000 0.0000 0.0000 0.0000 -0.0013 -0.0008 0.0000 -0.0004 0.0001 0.0000 0.0000 0.0000 0.0000 0.0000 0.0000 0.0000 0.0002 0.0000 0.0000 -0.0006 0.0003 0.0000 0.0004 -0.0006 0.0000 0.0000 0.0001 0.0000 0.0000 0.0000 0.0000 -0.0010 -0.0002 0.0000 0.0002 30.0001 -0.0001 0.0005 -29.9998 0.0000 0.0000 0.0000 -13.3408 6.2602 6.3493 -13.3408 6.2602 6.3493 24.4825 84.3579 131.0393 -49.3526 59.8650 -25.5889 -21.5219 27.9989 -84.1618 0.9689 0.2138 2.0182 0.0000 -0.0001 0.0001 0.0000 0.0000 0.0000 0.0000 -0.0006 0.0003 0.0000 -0.0001 0.0001 0.0000 0.0000 0.0000 0.0000 0.0000 0.0000 0.0000 0.0007 0.0001 0.0000 -0.0012 0.0001 0.0000 -0.0008 0.0003 0.0000 0.0001 0.0000 0.0000 0.0000 0.0000 0.0000 -0.0009 0.0000 0.0000 0.0002 -29.9997 -0.0001 -0.0003 29.9996 0.0000 0.0000 0.0000 -2.6978 11.1814 177.6355 -0.0001 -0.0163 0.0828 -8.1885 76.8224 -6.5186 0.0000 25.0439 0.0000 -8.2788 -16.5884 -178.2524 0.1426 -8.7212 -0.0936 8.8273 58.1633 -8.0477 0.0000 25.0264 -0.0001 
-4.2522 90.5863 -10.0365 3.6956 1.6548 -0.6614 -1.1314 2.4640 -1.1257 -1.1322 2.4657 -1.1265 -1.1349 2.4714 -1.1292 19.8258 82.1639 -81.1973 58.9129 62.4152 26.5686 28.1019 16.5892 83.1283 -0.7156 0.5562 -1.1496 0.0000 0.0000 0.0001 0.0000 0.0000 0.0000 0.0000 -0.0013 -0.0008 0.0000 -0.0004 0.0001 0.0000 0.0000 0.0000 0.0000 0.0000 0.0000 0.0000 0.0002 0.0000 0.0000 -0.0006 0.0003 0.0000 0.0004 -0.0006 0.0000 0.0000 0.0001 0.0000 0.0000 0.0000 0.0000 -0.0010 -0.0002 0.0000 0.0002 30.0001 -0.0001 0.0005 -29.9998 0.0000 0.0000 0.0000 -13.6253 6.2850 6.4198 -13.6253 6.2850 6.4198 22.1551 84.1363 128.6008 -50.1328 59.5110 -26.0887 -21.7308 28.1054 -84.0281 0.9648 0.2236 1.9876 0.0000 -0.0001 0.0001 0.0000 0.0000 0.0000 0.0000 -0.0006 0.0003 0.0000 -0.0001 0.0001 0.0000 0.0000 0.0000 0.0000 0.0000 0.0000 0.0000 0.0007 0.0001 0.0000 -0.0012 0.0001 0.0000 -0.0008 0.0003 0.0000 0.0001 0.0000 0.0000 0.0000 0.0000 0.0000 -0.0009 0.0000 0.0000 0.0002 -29.9996 -0.0001 -0.0003 29.9996 0.0000 0.0000 0.0000 -2.8943 11.1900 177.7177 -0.0001 -0.0163 0.0828 -8.0614 76.7445 -6.5675 0.0000 25.0437 0.0000 -8.4937 -16.5524 -178.2661 0.1449 -8.8317 -0.0939 8.9562 58.2350 -8.1201 0.0000 25.0266 -0.0001 
-4.2962 90.5754 -10.0492 4.0885 1.5538 -0.6598 -1.0182 2.5369 -1.1198 -1.0189 2.5387 -1.1205 -1.0213 2.5446 -1.1232 19.8569 82.0484 -81.3121 58.9704 62.4242 26.5614 28.3880 16.3937 83.4757 -0.7184 0.5532 -1.1665 0.0000 0.0000 0.0001 0.0000 0.0000 0.0000 0.0000 -0.0013 -0.0008 0.0000 -0.0004 0.0001 0.0000 0.0000 0.0000 0.0000 0.0000 0.0000 0.0000 0.0002 0.0000 0.0000 -0.0006 0.0003 0.0000 0.0004 -0.0006 0.0000 0.0000 0.0001 0.0000 0.0000 0.0000 0.0000 -0.0010 -0.0002 0.0000 0.0002 30.0001 -0.0001 0.0005 -29.9998 0.0000 0.0000 0.0000 -13.8937 6.3140 6.4706 -13.8937 6.3140 6.4706 20.2444 83.9400 126.5436 -50.9903 59.1310 -26.6080 -22.0743 28.3208 -84.0781 0.9592 0.2251 1.9564 0.0000 -0.0001 0.0001 0.0000 0.0000 0.0000 0.0000 -0.0006 0.0003 0.0000 -0.0001 0.0001 0.0000 0.0000 0.0000 0.0000 0.0000 0.0000 0.0000 0.0007 0.0001 0.0000 -0.0012 0.0001 0.0000 -0.0008 0.0003 0.0000 0.0001 0.0000 0.0000 0.0000 0.0000 0.0000 -0.0008 0.0000 0.0000 0.0002 -29.9996 -0.0001 -0.0002 29.9996 0.0000 0.0000 0.0000 -3.0903 11.2678 177.7888 0.0000 0.0001 0.0828 -7.9529 76.6951 -6.6315 0.0000 25.0436 0.0000 -8.6953 -16.5648 -178.2870 0.1522 -9.1259 -0.0948 9.1153 58.4218 -8.1444 0.0000 25.0267 -0.0001 
-4.3268 90.5597 -10.0037 4.4858 1.4494 -0.6653 -0.9093 2.6052 -1.1128 -0.9099 2.6070 -1.1136 -0.9121 2.6131 -1.1162 19.9691 81.9477 -81.3392 58.9807 62.4416 26.5137 28.6440 16.2308 83.7995 -0.7218 0.5511 -1.1826 0.0000 0.0000 0.0001 0.0000 0.0000 0.0000 0.0000 -0.0013 -0.0008 0.0000 -0.0004 0.0001 0.0000 0.0000 0.0000 0.0000 0.0000 0.0000 0.0000 0.0002 0.0000 0.0000 -0.0006 0.0003 0.0000 0.0004 -0.0006 0.0000 0.0000 0.0001 0.0000 0.0000 0.0000 0.0000 -0.0010 -0.0002 0.0000 0.0002 30.0001 -0.0001 0.0005 -29.9998 0.0000 0.0000 0.0000 -14.1483 6.3526 6.5037 -14.1483 6.3526 6.5037 18.7016 83.7779 124.8425 -51.8405 58.7682 -27.0829 -22.4805 28.4930 -84.2810 0.9533 0.2242 1.9275 0.0000 -0.0001 0.0001 0.0000 0.0000 0.0000 0.0000 -0.0006 0.0003 0.0000 -0.0001 0.0001 0.0000 0.0000 0.0000 0.0000 0.0000 0.0000 0.0000 0.0007 0.0001 0.0000 -0.0011 0.0001 0.0000 -0.0008 0.0003 0.0000 0.0001 0.0000 0.0000 0.0000 0.0000 0.0000 -0.0009 0.0000 0.0000 0.0002 -29.9996 -0.0001 -0.0002 29.9996 0.0000 0.0000 0.0000 -3.2908 11.3802 177.8578 0.0000 0.0001 0.0828 -7.8218 76.6930 -6.6734 0.0000 25.0435 0.0000 -8.9086 -16.6172 -178.3089 0.1631 -9.5731 -0.0963 9.3448 58.7112 -8.0785 0.0000 25.0268 -0.0001 
-4.3440 90.5471 -9.9079 4.9173 1.3574 -0.6746 -0.8071 2.6601 -1.1097 -0.8076 2.6620 -1.1104 -0.8096 2.6681 -1.1131 20.2215 81.8814 -81.1667 58.8568 62.4820 26.3745 28.8394 16.1033 84.0330 -0.7267 0.5526 -1.1951 0.0000 0.0000 0.0001 0.0000 0.0000 0.0000 0.0000 -0.0013 -0.0008 0.0000 -0.0004 0.0001 0.0000 0.0000 0.0000 0.0000 0.0000 0.0000 0.0000 0.0002 -0.0001 0.0000 -0.0006 0.0003 0.0000 0.0004 -0.0006 0.0000 0.0000 0.0001 0.0000 0.0000 0.0000 0.0000 -0.0010 -0.0002 0.0000 0.0002 30.0001 -0.0001 0.0005 -29.9998 0.0000 0.0000 0.0000 -14.3933 6.4047 6.5163 -14.3932 6.4047 6.5163 17.4831 83.6613 123.5092 -52.5872 58.4926 -27.4209 -22.8725 28.4688 -84.5870 0.9471 0.2252 1.9028 0.0000 -0.0001 0.0001 0.0000 0.0000 0.0000 0.0000 -0.0006 0.0003 0.0000 -0.0001 0.0001 0.0000 0.0000 0.0000 0.0000 0.0000 0.0000 0.0000 0.0007 0.0001 0.0000 -0.0012 0.0001 0.0000 -0.0008 0.0003 0.0000 0.0001 0.0000 0.0000 0.0000 0.0000 0.0000 -0.0009 0.0000 0.0000 0.0002 -29.9997 -0.0001 -0.0003 29.9996 0.0000 0.0000 0.0000 -3.5082 11.5109 177.9242 0.0000 0.0000 0.0828 -7.6042 76.7257 -6.6346 0.0000 25.0432 0.0000 -9.1691 -16.6861 -178.3396 0.1759 -10.1040 -0.0982 9.7032 59.0674 -7.8507 0.0000 25.0266 -0.0001 
-4.3643 90.5418 -9.8113 5.3911 1.2832 -0.6739 -0.7211 2.7012 -1.1127 -0.7216 2.7031 -1.1134 -0.7233 2.7093 -1.1161 20.4954 81.8461 -80.9654 58.6394 62.4951 26.2252 29.0149 16.0533 84.1719 -0.7326 0.5559 -1.2054 0.0000 0.0000 0.0001 0.0000 0.0000 0.0000 0.0000 -0.0013 -0.0008 0.0000 -0.0004 0.0001 0.0000 0.0000 0.0000 0.0000 0.0000 0.0000 0.0000 0.0003 0.0000 0.0000 -0.0006 0.0003 0.0000 0.0004 -0.0006 0.0000 0.0000 0.0001 0.0000 0.0000 0.0000 0.0000 -0.0010 -0.0002 0.0000 0.0003 30.0001 -0.0001 0.0005 -29.9998 0.0000 0.0000 0.0000 -14.6203 6.4666 6.5135 -14.6203 6.4666 6.5135 16.4299 83.5875 122.3759 -53.1736 58.3396 -27.6267 -23.2316 28.3516 -84.8634 0.9391 0.2264 1.8797 0.0000 -0.0001 0.0001 0.0000 0.0000 0.0000 0.0000 -0.0006 0.0003 0.0000 -0.0001 0.0001 0.0000 0.0000 0.0000 0.0000 0.0000 0.0000 0.0000 0.0007 0.0001 0.0000 -0.0012 0.0001 0.0000 -0.0008 0.0003 0.0000 0.0001 0.0000 0.0000 0.0000 0.0000 0.0000 -0.0008 0.0000 0.0000 0.0002 -29.9996 -0.0001 -0.0003 29.9996 0.0000 0.0000 0.0000 -3.7444 11.6191 177.9860 0.0000 0.0001 0.0828 -7.3003 76.7588 -6.5222 0.0000 25.0427 0.0000 -9.4793 -16.7454 -178.3815 0.1887 -10.5895 -0.1001 10.1674 59.3920 -7.4977 0.0000 25.0259 -0.0001 
-4.3963 90.5418 -9.7269 5.8959 1.2250 -0.6594 -0.6489 2.7301 -1.1199 -0.6494 2.7320 -1.1207 -0.6509 2.7383 -1.1233 20.7216 81.8378 -80.7735 58.3488 62.5083 26.0688 29.1748 16.0490 84.2496 -0.7388 0.5598 -1.2148 0.0000 0.0000 0.0001 0.0000 0.0000 0.0000 0.0000 -0.0013 -0.0008 0.0000 -0.0004 0.0001 0.0000 0.0000 0.0000 0.0000 0.0000 0.0000 0.0000 0.0002 0.0000 0.0000 -0.0006 0.0003 0.0000 0.0004 -0.0006 0.0000 0.0000 0.0001 0.0000 0.0000 0.0000 0.0000 -0.0010 -0.0002 0.0000 0.0002 30.0001 -0.0001 0.0005 -29.9998 0.0000 0.0000 0.0000 -14.8306 6.5356 6.4970 -14.8306 6.5356 6.4970 15.4965 83.5544 121.3867 -53.5701 58.2842 -27.6922 -23.5815 28.2157 -85.0969 0.9304 0.2272 1.8577 0.0000 -0.0001 0.0001 0.0000 0.0000 0.0000 0.0000 -0.0006 0.0003 0.0000 -0.0001 0.0001 0.0000 0.0000 0.0000 0.0000 0.0000 0.0000 0.0000 0.0007 0.0001 0.0000 -0.0012 0.0001 0.0000 -0.0008 0.0003 0.0000 0.0001 0.0000 0.0000 0.0000 0.0000 0.0000 -0.0009 0.0000 0.0000 0.0002 -29.9996 -0.0001 -0.0003 29.9996 0.0000 0.0000 0.0000 -3.9977 11.6737 178.0436 -0.0002 -0.0487 0.0828 -6.9585 76.8075 -6.3798 0.0000 25.0420 0.0000 -9.8223 -16.8025 -178.4323 0.2021 -11.0264 -0.1021 10.7290 59.6712 -7.0376 0.0000 25.0251 -0.0001 
-4.4459 90.5446 -9.6756 6.4148 1.1925 -0.6250 -0.5939 2.7423 -1.1307 -0.5944 2.7442 -1.1315 -0.5958 2.7506 -1.1341 20.8120 81.8542 -80.7093 58.0800 62.5058 26.0117 29.2744 16.1080 84.2227 -0.7443 0.5630 -1.2240 0.0000 0.0000 0.0001 0.0000 0.0000 0.0000 0.0000 -0.0013 -0.0008 0.0000 -0.0004 0.0001 0.0000 0.0000 0.0000 0.0000 0.0000 0.0000 0.0000 0.0002 0.0000 0.0000 -0.0006 0.0003 0.0000 0.0004 -0.0006 0.0000 0.0000 0.0001 0.0000 0.0000 0.0000 0.0000 -0.0010 -0.0002 0.0000 0.0002 30.0001 -0.0001 0.0005 -29.9998 0.0000 0.0000 0.0000 -15.0080 6.6097 6.4646 -15.0080 6.6097 6.4646 14.6347 83.5550 120.4968 -53.7451 58.3103 -27.5885 -23.9075 28.0714 -85.2663 0.9222 0.2294 1.8370 0.0000 -0.0001 0.0001 0.0000 0.0000 0.0000 0.0000 -0.0006 0.0003 0.0000 -0.0001 0.0001 0.0000 0.0000 0.0000 0.0000 0.0000 0.0000 0.0000 0.0007 0.0001 0.0000 -0.0012 0.0001 0.0000 -0.0008 0.0003 0.0000 0.0001 0.0000 0.0000 0.0000 0.0000 0.0000 -0.0008 0.0000 0.0000 0.0002 -29.9997 -0.0001 -0.0002 29.9996 0.0000 0.0000 0.0000 -4.2645 11.7255 178.0931 0.0000 0.0000 0.0828 -6.5489 76.7900 -6.1679 0.0000 25.0412 0.0000 -10.1763 -16.8949 -178.4930 0.2160 -11.4335 -0.1043 11.4176 59.8938 -6.4482 0.0000 25.0239 -0.0001 
-4.4981 90.5487 -9.6638 6.9095 1.1744 -0.5694 -0.5467 2.7469 -1.1442 -0.5471 2.7489 -1.1450 -0.5484 2.7552 -1.1477 20.7388 81.8755 -80.8074 57.8729 62.4982 26.0479 29.3189 16.2004 84.1566 -0.7492 0.5649 -1.2352 0.0000 0.0000 0.0001 0.0000 0.0000 0.0000 0.0000 -0.0013 -0.0008 0.0000 -0.0004 0.0001 0.0000 0.0000 0.0000 0.0000 0.0000 0.0000 0.0000 0.0002 0.0000 0.0000 -0.0006 0.0003 0.0000 0.0004 -0.0006 0.0000 0.0000 0.0001 0.0000 0.0000 0.0000 0.0000 -0.0010 -0.0002 0.0000 0.0002 30.0001 -0.0001 0.0005 -29.9998 0.0000 0.0000 0.0000 -15.1537 6.6795 6.4238 -15.1537 6.6795 6.4238 13.7591 83.5547 119.6098 -53.7962 58.3657 -27.4008 -24.2329 27.9698 -85.3902 0.9150 0.2314 1.8176 0.0000 -0.0001 0.0001 0.0000 0.0000 0.0000 0.0000 -0.0006 0.0003 0.0000 -0.0001 0.0001 0.0000 0.0000 0.0000 0.0000 0.0000 0.0000 0.0000 0.0007 0.0001 0.0000 -0.0012 0.0001 0.0000 -0.0008 0.0003 0.0000 0.0002 0.0000 0.0000 0.0000 0.0000 0.0000 -0.0009 0.0000 0.0000 0.0002 -29.9997 -0.0001 -0.0003 29.9996 0.0000 0.0000 0.0000 -4.5278 11.7114 178.1197 0.0000 0.0001 0.0828 -6.1302 76.7768 -5.9293 0.0000 25.0404 0.0000 -10.5012 -17.0095 -178.5710 0.2286 -11.7878 -0.1062 12.1497 60.0523 -5.8203 0.0000 25.1650 -0.0001 
-4.5401 90.5546 -9.6935 7.3789 1.1610 -0.4974 -0.5066 2.7493 -1.1590 -0.5070 2.7513 -1.1598 -0.5082 2.7576 -1.1625 20.5362 81.8978 -81.0385 57.7167 62.4894 26.1543 29.3175 16.2775 84.0792 -0.7542 0.5664 -1.2491 0.0000 0.0000 0.0001 0.0000 0.0000 0.0000 0.0000 -0.0013 -0.0008 0.0000 -0.0004 0.0001 0.0000 0.0000 0.0000 0.0000 0.0000 0.0000 0.0000 0.0002 -0.0001 0.0000 -0.0006 0.0003 0.0000 0.0004 -0.0006 0.0000 0.0000 0.0001 0.0000 0.0000 0.0000 0.0000 -0.0010 -0.0002 0.0000 0.0003 30.0001 -0.0001 0.0005 -29.9998 0.0000 0.0000 0.0000 -15.2715 6.7395 6.3766 -15.2715 6.7395 6.3766 12.8923 83.5537 118.7352 -53.7892 58.4415 -27.1944 -24.5588 27.9280 -85.4889 0.9082 0.2314 1.8005 0.0000 -0.0001 0.0001 0.0000 0.0000 0.0000 0.0000 -0.0006 0.0003 0.0000 -0.0001 0.0001 0.0000 0.0000 0.0000 0.0000 0.0000 0.0000 0.0000 0.0007 0.0001 0.0000 -0.0012 0.0001 0.0000 -0.0008 0.0003 0.0000 0.0001 0.0000 0.0000 0.0000 0.0000 0.0000 -0.0009 0.0000 0.0000 0.0002 -29.9996 -0.0001 -0.0003 29.9996 0.0000 0.0000 0.0000 -4.7973 11.6644 178.1167 0.0000 0.0000 0.0828 -5.6812 76.7411 -5.6330 0.0000 25.0395 0.0000 -10.7892 -17.1212 -178.6708 0.2379 -12.0563 -0.1077 12.8828 60.1315 -5.2065 0.0000 25.3377 -0.0001 
-4.5597 90.5624 -9.7782 7.7931 1.1481 -0.4194 -0.4688 2.7533 -1.1707 -0.4692 2.7552 -1.1715 -0.4703 2.7616 -1.1742 20.2405 81.9184 -81.3714 57.5888 62.5040 26.2987 29.2798 16.2520 84.0165 -0.7597 0.5692 -1.2669 0.0000 0.0000 0.0001 0.0000 0.0000 0.0000 0.0000 -0.0013 -0.0008 0.0000 -0.0004 0.0001 0.0000 0.0000 0.0000 0.0000 0.0000 0.0000 0.0000 0.0002 0.0000 0.0000 -0.0006 0.0003 0.0000 0.0004 -0.0006 0.0000 0.0000 0.0001 0.0000 0.0000 0.0000 0.0000 -0.0010 -0.0002 0.0000 0.0002 30.0001 -0.0001 0.0005 -29.9998 0.0000 0.0000 0.0000 -15.3553 6.7744 6.3217 -15.3553 6.7744 6.3217 12.0832 83.5488 117.9139 -53.8092 58.5089 -27.0597 -24.8098 27.9095 -85.5773 0.9036 0.2308 1.7891 0.0000 -0.0001 0.0001 0.0000 0.0000 0.0000 0.0000 -0.0006 0.0003 0.0000 -0.0001 0.0001 0.0000 0.0000 0.0000 0.0000 0.0000 0.0000 0.0000 0.0007 0.0001 0.0000 -0.0012 0.0001 0.0000 -0.0008 0.0003 0.0000 0.0001 0.0000 0.0000 0.0000 0.0000 0.0000 -0.0009 0.0000 0.0000 0.0002 -29.9996 -0.0001 -0.0002 29.9996 0.0000 0.0000 0.0000 -5.0749 11.5579 178.0774 -0.0002 -0.0487 0.0828 -5.2201 76.6958 -5.2628 0.0000 25.0386 0.0000 -10.9943 -17.2022 -178.7897 0.2418 -12.1720 -0.1084 13.5694 60.0920 -4.6807 0.0000 25.4948 -0.0001 
-4.5663 90.5741 -9.8845 8.1637 1.1273 -0.3499 -0.4312 2.7638 -1.1779 -0.4315 2.7658 -1.1787 -0.4326 2.7722 -1.1814 19.9294 81.9285 -81.7247 57.4498 62.5301 26.3959 29.2330 16.1742 83.9688 -0.7654 0.5732 -1.2842 0.0000 0.0000 0.0001 0.0000 0.0000 0.0000 0.0000 -0.0013 -0.0008 0.0000 -0.0004 0.0001 0.0000 0.0000 0.0000 0.0000 0.0000 0.0000 0.0000 0.0002 0.0000 0.0000 -0.0006 0.0003 0.0000 0.0004 -0.0006 0.0000 0.0000 0.0001 0.0000 0.0000 0.0000 0.0000 -0.0010 -0.0002 0.0000 0.0002 30.0001 -0.0002 0.0005 -29.9998 0.0000 0.0000 0.0000 -15.4169 6.7780 6.2650 -15.4169 6.7780 6.2650 11.3104 83.5246 117.1259 -53.9036 58.5592 -26.9999 -24.9586 27.8260 -85.6529 0.9006 0.2324 1.7812 0.0000 -0.0001 0.0001 0.0000 0.0000 0.0000 0.0000 -0.0006 0.0003 0.0000 -0.0001 0.0001 0.0000 0.0000 0.0000 0.0000 0.0000 0.0000 0.0000 0.0007 0.0001 0.0000 -0.0012 0.0001 0.0000 -0.0008 0.0003 0.0000 0.0001 0.0000 0.0000 0.0000 0.0000 0.0000 -0.0008 0.0000 0.0000 0.0002 -29.9996 -0.0001 -0.0003 29.9996 0.0000 0.0000 0.0000 -5.3604 11.4947 178.0236 0.0000 0.0001 0.0828 -4.7520 76.5835 -4.8282 0.0000 25.0377 0.0000 -11.1362 -17.2255 -178.9087 0.2421 -12.1516 -0.1084 14.1637 59.9792 -4.2810 0.0000 25.6078 -0.0001 
-4.5658 90.5910 -10.0070 8.5030 1.0969 -0.2878 -0.3935 2.7816 -1.1819 -0.3938 2.7836 -1.1828 -0.3947 2.7900 -1.1855 19.6094 81.9240 -82.0828 57.2760 62.5619 26.4262 29.1999 16.0881 83.9437 -0.7717 0.5778 -1.3014 0.0000 0.0000 0.0001 0.0000 0.0000 0.0000 0.0000 -0.0013 -0.0008 0.0000 -0.0004 0.0001 0.0000 0.0000 0.0000 0.0000 0.0000 0.0000 0.0000 0.0002 0.0000 0.0000 -0.0006 0.0003 0.0000 0.0004 -0.0006 0.0000 0.0000 0.0001 0.0000 0.0000 0.0000 0.0000 -0.0010 -0.0002 0.0000 0.0002 30.0001 -0.0001 0.0005 -29.9998 0.0000 0.0000 0.0000 -15.4642 6.7535 6.2094 -15.4642 6.7535 6.2094 10.5670 83.4851 116.3702 -54.0269 58.6028 -26.9719 -25.0556 27.7189 -85.7231 0.8989 0.2347 1.7763 0.0000 -0.0001 0.0001 0.0000 0.0000 0.0000 0.0000 -0.0006 0.0003 0.0000 -0.0001 0.0001 0.0000 0.0000 0.0000 0.0000 0.0000 0.0000 0.0000 0.0007 0.0001 0.0000 -0.0012 0.0001 0.0000 -0.0008 0.0003 0.0000 0.0001 0.0000 0.0000 0.0000 0.0000 0.0000 -0.0009 0.0000 0.0000 0.0002 -29.9997 -0.0001 -0.0003 29.9996 0.0000 0.0000 0.0000 -5.6632 11.4052 177.9586 0.0000 0.0000 0.0828 -4.3118 76.4761 -4.3622 0.0000 25.0368 0.0000 -11.2480 -17.1915 -179.0222 0.2401 -12.0108 -0.1079 14.6450 59.8078 -4.0078 0.0000 25.6724 -0.0001 
-4.5538 90.6145 -10.1265 8.8077 1.0508 -0.2374 -0.3540 2.8094 -1.1808 -0.3542 2.8114 -1.1816 -0.3551 2.8178 -1.1843 19.2594 81.8915 -82.4503 57.0566 62.5921 26.3616 29.1925 16.0208 83.9409 -0.7785 0.5829 -1.3175 0.0000 0.0000 0.0001 0.0000 0.0000 0.0000 0.0000 -0.0013 -0.0008 0.0000 -0.0004 0.0001 0.0000 0.0000 0.0000 0.0000 0.0000 0.0000 0.0000 0.0002 0.0000 0.0000 -0.0006 0.0003 0.0000 0.0004 -0.0006 0.0000 0.0000 0.0001 0.0000 0.0000 0.0000 0.0000 -0.0010 -0.0002 0.0000 0.0002 30.0001 -0.0001 0.0005 -29.9998 0.0000 0.0000 0.0000 -15.5024 6.6937 6.1578 -15.5024 6.6937 6.1578 9.8677 83.4380 115.6819 -54.1225 58.6405 -26.9387 -25.1330 27.6387 -85.7734 0.8978 0.2367 1.7728 0.0000 -0.0001 0.0001 0.0000 0.0000 0.0000 0.0000 -0.0006 0.0003 0.0000 -0.0001 0.0001 0.0000 0.0000 0.0000 0.0000 0.0000 0.0000 0.0000 0.0007 0.0001 0.0000 -0.0012 0.0001 0.0000 -0.0008 0.0003 0.0000 0.0001 0.0000 0.0000 0.0000 0.0000 0.0000 -0.0009 0.0000 0.0000 0.0002 -29.9996 -0.0001 -0.0003 29.9996 0.0000 0.0000 0.0000 -5.9967 11.3317 177.8781 0.0000 0.0001 0.0828 -3.8857 76.3552 -3.8298 0.0000 25.0358 0.0000 -11.3581 -17.0787 -179.1244 0.2355 -11.7485 -0.1069 14.9643 59.5934 -3.8819 0.0000 25.6885 -0.0001 
-4.5307 90.6346 -10.2261 9.0810 0.9953 -0.1969 -0.3127 2.8421 -1.1750 -0.3130 2.8442 -1.1758 -0.3138 2.8507 -1.1785 18.8961 81.8385 -82.8192 56.8081 62.6333 26.2425 29.2140 15.9559 83.9341 -0.7850 0.5879 -1.3322 0.0000 0.0000 0.0001 0.0000 0.0000 0.0000 0.0000 -0.0013 -0.0008 0.0000 -0.0004 0.0001 0.0000 0.0000 0.0000 0.0000 0.0000 0.0000 0.0000 0.0002 0.0000 0.0000 -0.0006 0.0003 0.0000 0.0004 -0.0006 0.0000 0.0000 0.0001 0.0000 0.0000 0.0000 0.0000 -0.0010 -0.0002 0.0000 0.0002 30.0001 -0.0001 0.0005 -29.9998 0.0000 0.0000 0.0000 -15.5354 6.6193 6.1124 -15.5354 6.6193 6.1124 9.2017 83.3852 115.0380 -54.1918 58.6492 -26.8958 -25.1971 27.6203 -85.7978 0.8977 0.2386 1.7691 0.0000 -0.0001 0.0001 0.0000 0.0000 0.0000 0.0000 -0.0006 0.0003 0.0000 -0.0001 0.0001 0.0000 0.0000 0.0000 0.0000 0.0000 0.0000 0.0000 0.0007 0.0001 0.0000 -0.0012 0.0001 0.0000 -0.0008 0.0003 0.0000 0.0001 0.0000 0.0000 0.0000 0.0000 0.0000 -0.0009 0.0000 0.0000 0.0002 -29.9996 -0.0001 -0.0003 29.9996 0.0000 0.0000 0.0000 -6.3202 11.2582 177.7911 -0.0002 -0.0487 0.0828 -3.4531 76.2616 -3.2632 0.0000 25.0348 0.0000 -11.4612 -16.9675 -179.2199 0.2313 -11.5319 -0.1060 15.2171 59.4211 -3.8020 0.0000 25.6758 -0.0001 
-4.5109 90.6446 -10.2869 9.3230 0.9355 -0.1645 -0.2712 2.8764 -1.1650 -0.2714 2.8786 -1.1659 -0.2721 2.8851 -1.1685 18.5298 81.7709 -83.1863 56.5835 62.6576 26.1239 29.2383 15.9080 83.9341 -0.7917 0.5930 -1.3463 0.0000 0.0000 0.0001 0.0000 0.0000 0.0000 0.0000 -0.0013 -0.0008 0.0000 -0.0004 0.0001 0.0000 0.0000 0.0000 0.0000 0.0000 0.0000 0.0000 0.0002 0.0000 0.0000 -0.0006 0.0003 0.0000 0.0004 -0.0006 0.0000 0.0000 0.0001 0.0000 0.0000 0.0000 0.0000 -0.0010 -0.0002 0.0000 0.0002 30.0001 -0.0001 0.0005 -29.9998 0.0000 0.0000 0.0000 -15.5674 6.5414 6.0728 -15.5674 6.5414 6.0728 8.5730 83.3202 114.4342 -54.2456 58.6433 -26.8392 -25.2596 27.6410 -85.7939 0.8975 0.2404 1.7642 0.0000 -0.0001 0.0001 0.0000 0.0000 0.0000 0.0000 -0.0006 0.0003 0.0000 -0.0001 0.0001 0.0000 0.0000 0.0000 0.0000 0.0000 0.0000 0.0000 0.0007 0.0001 0.0000 -0.0012 0.0001 0.0000 -0.0008 0.0003 0.0000 0.0001 0.0000 0.0000 0.0000 0.0000 0.0000 -0.0009 0.0000 0.0000 0.0002 -29.9996 -0.0001 -0.0003 29.9996 0.0000 0.0000 0.0000 -6.6083 11.2679 177.7142 0.0000 0.0001 0.0828 -3.0323 76.1428 -2.7167 0.0000 25.0338 0.0000 -11.5604 -16.8859 -179.3004 0.2301 -11.4319 -0.1057 15.4326 59.3371 -3.7319 0.0000 25.6821 -0.0001 
-4.5279 90.6396 -10.3031 9.5233 0.8750 -0.1403 -0.2364 2.9078 -1.1514 -0.2366 2.9101 -1.1523 -0.2372 2.9166 -1.1549 18.1953 81.6922 -83.5263 56.3960 62.6617 26.0287 29.2689 15.8931 83.9452 -0.7986 0.5975 -1.3602 0.0000 0.0000 0.0001 0.0000 0.0000 0.0000 0.0000 -0.0013 -0.0008 0.0000 -0.0004 0.0001 0.0000 0.0000 0.0000 0.0000 0.0000 0.0000 0.0000 0.0002 0.0000 0.0000 -0.0006 0.0003 0.0000 0.0004 -0.0006 0.0000 0.0000 0.0001 0.0000 0.0000 0.0000 0.0000 -0.0010 -0.0002 0.0000 0.0002 30.0001 -0.0001 0.0005 -29.9998 0.0000 0.0000 0.0000 -15.5840 6.4698 6.0388 -15.5840 6.4698 6.0388 8.0652 83.2492 113.9441 -54.2821 58.5994 -26.7755 -25.3249 27.7163 -85.7601 0.8972 0.2423 1.7568 0.0000 -0.0001 0.0001 0.0000 0.0000 0.0000 0.0000 -0.0006 0.0003 0.0000 -0.0001 0.0001 0.0000 0.0000 0.0000 0.0000 0.0000 0.0000 0.0000 0.0007 0.0001 0.0000 -0.0012 0.0001 0.0000 -0.0008 0.0003 0.0000 0.0001 0.0000 0.0000 0.0000 0.0000 0.0000 -0.0008 0.0000 0.0000 0.0002 -29.9996 -0.0001 -0.0003 29.9996 0.0000 0.0000 0.0000 -6.8341 11.2905 177.6780 0.0000 0.0001 0.0828 -2.7632 76.0791 -2.3610 0.0000 25.0330 0.0000 -11.6612 -16.8602 -179.3399 0.2378 -11.4999 -0.1066 15.5772 59.3763 -3.6921 0.0000 25.7200 -0.0001 
-4.5796 90.6331 -10.3118 9.6870 0.8185 -0.1219 -0.2036 2.9342 -1.1359 -0.2038 2.9365 -1.1367 -0.2043 2.9431 -1.1393 17.8890 81.6135 -83.8312 56.2265 62.6567 25.9588 29.3010 15.8861 83.9713 -0.8061 0.6021 -1.3749 0.0000 0.0000 0.0001 0.0000 0.0000 0.0000 0.0000 -0.0013 -0.0008 0.0000 -0.0004 0.0001 0.0000 0.0000 0.0000 0.0000 0.0000 0.0000 0.0000 0.0002 0.0000 0.0000 -0.0006 0.0003 0.0000 0.0004 -0.0006 0.0000 0.0000 0.0001 0.0000 0.0000 0.0000 0.0000 -0.0010 -0.0002 0.0000 0.0003 30.0001 -0.0001 0.0005 -29.9998 0.0000 0.0000 0.0000 -15.5924 6.4114 6.0081 -15.5924 6.4114 6.0081 7.7166 83.1922 113.6153 -54.3068 58.5232 -26.7239 -25.3796 27.8187 -85.7176 0.8972 0.2443 1.7489 0.0000 -0.0001 0.0001 0.0000 0.0000 0.0000 0.0000 -0.0006 0.0003 0.0000 -0.0001 0.0001 0.0000 0.0000 0.0000 0.0000 0.0000 0.0000 0.0000 0.0007 0.0001 0.0000 -0.0012 0.0001 0.0000 -0.0008 0.0003 0.0000 0.0001 0.0000 0.0000 0.0000 0.0000 0.0000 -0.0008 0.0000 0.0000 0.0002 -29.9996 -0.0001 -0.0003 29.9996 0.0000 0.0000 0.0000 -7.0005 11.3197 177.6817 0.0000 0.0001 0.0828 -2.6525 76.0246 -2.2106 0.0000 25.0323 0.0000 -11.7494 -16.8304 -179.3451 0.2504 -11.5601 -0.1080 15.6525 59.4259 -3.7077 0.0000 25.7604 -0.0001 
-4.6421 90.6335 -10.3306 9.8185 0.7668 -0.1069 -0.1746 2.9554 -1.1201 -0.1748 2.9578 -1.1209 -0.1753 2.9644 -1.1235 17.6122 81.5383 -84.1022 56.0723 62.6471 25.9171 29.3268 15.8687 84.0070 -0.8143 0.6072 -1.3909 0.0000 0.0000 0.0001 0.0000 0.0000 0.0000 0.0000 -0.0013 -0.0008 0.0000 -0.0004 0.0001 0.0000 0.0000 0.0000 0.0000 0.0000 0.0000 0.0000 0.0003 0.0000 0.0000 -0.0006 0.0003 0.0000 0.0004 -0.0006 0.0000 0.0000 0.0001 0.0000 0.0000 0.0000 0.0000 -0.0010 -0.0002 0.0000 0.0003 30.0001 -0.0001 0.0005 -29.9998 0.0000 0.0000 0.0000 -15.5911 6.3676 5.9793 -15.5911 6.3676 5.9793 7.5100 83.1480 113.4238 -54.3255 58.4233 -26.6877 -25.4168 27.9361 -85.6727 0.8977 0.2465 1.7411 0.0000 -0.0001 0.0001 0.0000 0.0000 0.0000 0.0000 -0.0006 0.0003 0.0000 -0.0001 0.0001 0.0000 0.0000 0.0000 0.0000 0.0000 0.0000 0.0000 0.0007 0.0001 0.0000 -0.0012 0.0001 0.0000 -0.0008 0.0003 0.0000 0.0001 0.0000 0.0000 0.0000 0.0000 0.0000 -0.0009 0.0000 0.0000 0.0002 -29.9996 -0.0001 -0.0003 29.9996 0.0000 0.0000 0.0000 -7.1158 11.3417 177.7049 0.0000 0.0001 0.0828 -2.6318 75.9686 -2.1894 0.0000 25.0319 0.0000 -11.8199 -16.7697 -179.3360 0.2624 -11.5339 -0.1091 15.6700 59.4315 -3.7745 0.0000 25.7673 -0.0001 
-4.6856 90.6440 -10.3654 9.9051 0.7225 -0.0919 -0.1523 2.9693 -1.1066 -0.1524 2.9716 -1.1075 -0.1528 2.9782 -1.1099 17.3710 81.4755 -84.3325 55.9430 62.6309 25.9200 29.3327 15.8344 84.0419 -0.8228 0.6131 -1.4073 0.0000 0.0000 0.0001 0.0000 0.0000 0.0000 0.0000 -0.0013 -0.0008 0.0000 -0.0004 0.0001 0.0000 0.0000 0.0000 0.0000 0.0000 0.0000 0.0000 0.0002 0.0000 0.0000 -0.0006 0.0003 0.0000 0.0004 -0.0006 0.0000 0.0000 0.0001 0.0000 0.0000 0.0000 0.0000 -0.0010 -0.0002 0.0000 0.0002 30.0001 -0.0001 0.0005 -29.9998 0.0000 0.0000 0.0000 -15.5748 6.3447 5.9519 -15.5748 6.3447 5.9519 7.4369 83.1146 113.3421 -54.3341 58.3154 -26.6627 -25.4257 28.0562 -85.6318 0.8992 0.2489 1.7350 0.0000 -0.0001 0.0001 0.0000 0.0000 0.0000 0.0000 -0.0006 0.0003 0.0000 -0.0001 0.0001 0.0000 0.0000 0.0000 0.0000 0.0000 0.0000 0.0000 0.0007 0.0001 0.0000 -0.0012 0.0001 0.0000 -0.0008 0.0003 0.0000 0.0001 0.0000 0.0000 0.0000 0.0000 0.0000 -0.0009 0.0000 0.0000 0.0002 -29.9996 -0.0001 -0.0003 29.9996 0.0000 0.0000 0.0000 -7.1756 11.3262 177.7224 -0.0002 -0.0485 0.0828 -2.6541 75.9351 -2.2432 0.0000 25.0317 0.0000 -11.8662 -16.6666 -179.3340 0.2677 -11.3815 -0.1093 15.6474 59.3622 -3.8665 0.0000 25.7374 -0.0001 
-4.7039 90.6527 -10.3934 9.9567 0.6830 -0.0741 -0.1340 2.9776 -1.0956 -0.1341 2.9799 -1.0965 -0.1345 2.9866 -1.0989 17.1365 81.4232 -84.5481 55.8264 62.6065 25.9436 29.3262 15.8159 84.0570 -0.8310 0.6189 -1.4224 0.0000 0.0000 0.0001 0.0000 0.0000 0.0000 0.0000 -0.0013 -0.0008 0.0000 -0.0004 0.0001 0.0000 0.0000 0.0000 0.0000 0.0000 0.0000 0.0000 0.0002 0.0000 0.0000 -0.0006 0.0003 0.0000 0.0004 -0.0006 0.0000 0.0000 0.0001 0.0000 0.0000 0.0000 0.0000 -0.0010 -0.0002 0.0000 0.0002 30.0001 -0.0001 0.0005 -29.9998 0.0000 0.0000 0.0000 -15.5470 6.3331 5.9229 -15.5470 6.3331 5.9229 7.3877 83.0942 113.2913 -54.3166 58.1977 -26.6402 -25.4389 28.1621 -85.6035 0.9019 0.2522 1.7306 0.0000 -0.0001 0.0001 0.0000 0.0000 0.0000 0.0000 -0.0006 0.0003 0.0000 -0.0001 0.0001 0.0000 0.0000 0.0000 0.0000 0.0000 0.0000 0.0000 0.0007 0.0001 0.0000 -0.0012 0.0001 0.0000 -0.0008 0.0003 0.0000 0.0001 0.0000 0.0000 0.0000 0.0000 0.0000 -0.0008 0.0000 0.0000 0.0002 -29.9997 -0.0001 -0.0003 29.9996 0.0000 0.0000 0.0000 -7.2351 11.3618 177.7146 0.0000 0.0001 0.0828 -2.6825 75.8667 -2.2788 0.0000 25.0316 0.0000 -11.9033 -16.5808 -179.3457 0.2691 -11.2546 -0.1091 15.6258 59.3027 -3.9277 0.0000 25.7079 -0.0001 
-4.7030 90.6547 -10.4059 9.9780 0.6471 -0.0526 -0.1194 2.9818 -1.0867 -0.1196 2.9841 -1.0876 -0.1199 2.9908 -1.0900 16.8975 81.3793 -84.7656 55.7132 62.5743 25.9723 29.3131 15.8120 84.0561 -0.8387 0.6245 -1.4358 0.0000 0.0000 0.0001 0.0000 0.0000 0.0000 0.0000 -0.0013 -0.0008 0.0000 -0.0004 0.0001 0.0000 0.0000 0.0000 0.0000 0.0000 0.0000 0.0000 0.0002 0.0000 0.0000 -0.0006 0.0003 0.0000 0.0004 -0.0006 0.0000 0.0000 0.0001 0.0000 0.0000 0.0000 0.0000 -0.0010 -0.0002 0.0000 0.0003 30.0001 -0.0001 0.0005 -29.9998 0.0000 0.0000 0.0000 -15.5087 6.3279 5.8913 -15.5087 6.3279 5.8913 7.3135 83.0831 113.2142 -54.2669 58.0828 -26.6067 -25.4656 28.2507 -85.5836 0.9056 0.2566 1.7274 0.0000 -0.0001 0.0001 0.0000 0.0000 0.0000 0.0000 -0.0006 0.0003 0.0000 -0.0001 0.0001 0.0000 0.0000 0.0000 0.0000 0.0000 0.0000 0.0000 0.0007 0.0001 0.0000 -0.0012 0.0001 0.0000 -0.0008 0.0003 0.0000 0.0001 0.0000 0.0000 0.0000 0.0000 0.0000 -0.0009 0.0000 0.0000 0.0002 -29.9996 -0.0001 -0.0003 29.9996 0.0000 0.0000 0.0000 -7.3033 11.3819 177.6825 0.0000 0.0000 0.0828 -2.7313 75.8400 -2.2992 0.0000 25.0316 0.0000 -11.9373 -16.5328 -179.3680 0.2685 -11.2072 -0.1090 15.6098 59.2857 -3.9504 0.0000 25.6999 -0.0001 
-4.6810 90.6500 -10.3971 9.9555 0.6181 -0.0251 -0.1106 2.9809 -1.0810 -0.1107 2.9832 -1.0818 -0.1110 2.9899 -1.0842 16.6451 81.3433 -84.9998 55.6095 62.5291 26.0001 29.2951 15.8381 84.0310 -0.8453 0.6293 -1.4465 0.0000 0.0000 0.0001 0.0000 0.0000 0.0000 0.0000 -0.0013 -0.0008 0.0000 -0.0004 0.0001 0.0000 0.0000 0.0000 0.0000 0.0000 0.0000 0.0000 0.0003 0.0000 0.0000 -0.0006 0.0003 0.0000 0.0004 -0.0006 0.0000 0.0000 0.0001 0.0000 0.0000 0.0000 0.0000 -0.0010 -0.0002 0.0000 0.0003 30.0001 -0.0001 0.0005 -29.9998 0.0000 0.0000 0.0000 -15.4598 6.3318 5.8568 -15.4597 6.3318 5.8568 7.1459 83.0713 113.0372 -54.1961 57.9793 -26.5637 -25.5081 28.3137 -85.5626 0.9099 0.2621 1.7249 0.0000 -0.0001 0.0001 0.0000 0.0000 0.0000 0.0000 -0.0006 0.0003 0.0000 -0.0001 0.0001 0.0000 0.0000 0.0000 0.0000 0.0000 0.0000 0.0000 0.0007 0.0001 0.0000 -0.0012 0.0001 0.0000 -0.0008 0.0003 0.0000 0.0001 0.0000 0.0000 0.0000 0.0000 0.0000 -0.0008 0.0000 0.0000 0.0002 -29.9996 -0.0001 -0.0003 29.9996 0.0000 0.0000 0.0000 -7.3718 11.4121 177.6210 0.0000 0.0001 0.0828 -2.7808 75.8379 -2.2762 0.0000 25.0317 0.0000 -11.9712 -16.5351 -179.4002 0.2663 -11.2625 -0.1089 15.5849 59.3250 -3.9337 0.0000 25.7078 -0.0001 
-4.6582 90.6467 -10.3849 9.8981 0.5970 0.0047 -0.1047 2.9767 -1.0771 -0.1048 2.9790 -1.0779 -0.1051 2.9857 -1.0803 16.3827 81.3070 -85.2505 55.5236 62.4711 26.0250 29.2775 15.8871 83.9921 -0.8507 0.6331 -1.4542 0.0000 0.0000 0.0001 0.0000 0.0000 0.0000 0.0000 -0.0013 -0.0008 0.0000 -0.0004 0.0001 0.0000 0.0000 0.0000 0.0000 0.0000 0.0000 0.0000 0.0002 0.0000 0.0000 -0.0006 0.0003 0.0000 0.0004 -0.0006 0.0000 0.0000 0.0001 0.0000 0.0000 0.0000 0.0000 -0.0010 -0.0002 0.0000 0.0002 30.0001 -0.0001 0.0005 -29.9998 0.0000 0.0000 0.0000 -15.4047 6.3380 5.8202 -15.4047 6.3380 5.8202 6.8741 83.0448 112.7553 -54.1542 57.8841 -26.5333 -25.5541 28.3621 -85.5366 0.9139 0.2679 1.7220 0.0000 -0.0001 0.0001 0.0000 0.0000 0.0000 0.0000 -0.0006 0.0003 0.0000 -0.0001 0.0001 0.0000 0.0000 0.0000 0.0000 0.0000 0.0000 0.0000 0.0007 0.0001 0.0000 -0.0012 0.0001 0.0000 -0.0008 0.0003 0.0000 0.0001 0.0000 0.0000 0.0000 0.0000 0.0000 -0.0008 0.0000 0.0000 0.0002 -29.9997 -0.0001 -0.0003 29.9996 0.0000 0.0000 0.0000 -7.4159 11.4392 177.5546 0.0000 0.0000 0.0828 -2.8358 75.8448 -2.2478 0.0000 25.0317 0.0000 -11.9978 -16.5391 -179.4275 0.2633 -11.3034 -0.1087 15.5174 59.3595 -3.9372 0.0000 25.7079 -0.0001 
-4.6457 90.6472 -10.3757 9.8134 0.5824 0.0340 -0.1009 2.9708 -1.0741 -0.1010 2.9732 -1.0749 -0.1013 2.9798 -1.0773 16.1118 81.2655 -85.5089 55.4453 62.4075 26.0360 29.2661 15.9519 83.9476 -0.8553 0.6363 -1.4602 0.0000 0.0000 0.0001 0.0000 0.0000 0.0000 0.0000 -0.0013 -0.0008 0.0000 -0.0004 0.0001 0.0000 0.0000 0.0000 0.0000 0.0000 0.0000 0.0000 0.0003 0.0000 0.0000 -0.0006 0.0003 0.0000 0.0004 -0.0006 0.0000 0.0000 0.0001 0.0000 0.0000 0.0000 0.0000 -0.0010 -0.0002 0.0000 0.0003 30.0001 -0.0001 0.0005 -29.9998 0.0000 0.0000 0.0000 -15.3461 6.3424 5.7826 -15.3461 6.3424 5.7826 6.5356 83.0067 112.4061 -54.1403 57.7981 -26.5121 -25.6031 28.4035 -85.5087 0.9172 0.2735 1.7186 0.0000 -0.0001 0.0001 0.0000 0.0000 0.0000 0.0000 -0.0006 0.0003 0.0000 -0.0001 0.0001 0.0000 0.0000 0.0000 0.0000 0.0000 0.0000 0.0000 0.0007 0.0001 0.0000 -0.0012 0.0001 0.0000 -0.0008 0.0003 0.0000 0.0001 0.0000 0.0000 0.0000 0.0000 0.0000 -0.0008 0.0000 0.0000 0.0002 -29.9997 -0.0001 -0.0003 29.9996 0.0000 0.0000 0.0000 -7.4263 11.4517 177.4973 -0.0001 -0.0163 0.0828 -2.9134 75.8630 -2.2494 0.0000 25.0318 0.0000 -12.0100 -16.5300 -179.4422 0.2608 -11.2986 -0.1084 15.4005 59.3733 -3.9843 0.0000 25.6885 -0.0001 
-4.6566 90.6494 -10.3693 9.7009 0.5747 0.0623 -0.1018 2.9653 -1.0732 -0.1019 2.9676 -1.0740 -0.1022 2.9743 -1.0764 15.8524 81.2202 -85.7625 55.3746 62.3331 26.0353 29.2677 16.0246 83.9055 -0.8595 0.6391 -1.4643 0.0000 0.0000 0.0001 0.0000 0.0000 0.0000 0.0000 -0.0013 -0.0008 0.0000 -0.0004 0.0001 0.0000 0.0000 0.0000 0.0000 0.0000 0.0000 0.0000 0.0002 0.0000 0.0000 -0.0007 0.0003 0.0000 0.0004 -0.0006 0.0000 0.0000 0.0001 0.0000 0.0000 0.0000 0.0000 -0.0010 -0.0002 0.0000 0.0002 30.0001 -0.0001 0.0005 -29.9998 0.0000 0.0000 0.0000 -15.2849 6.3367 5.7457 -15.2849 6.3367 5.7457 6.1799 82.9632 112.0349 -54.1420 57.7325 -26.4885 -25.6585 28.4435 -85.4791 0.9194 0.2779 1.7144 0.0000 -0.0001 0.0001 0.0000 0.0000 0.0000 0.0000 -0.0006 0.0003 0.0000 -0.0001 0.0001 0.0000 0.0000 0.0000 0.0000 0.0000 0.0000 0.0000 0.0007 0.0001 0.0000 -0.0012 0.0001 0.0000 -0.0008 0.0003 0.0000 0.0001 0.0000 0.0000 0.0000 0.0000 0.0000 -0.0009 0.0000 0.0000 0.0002 -29.9996 -0.0001 -0.0003 29.9996 0.0000 0.0000 0.0000 -7.3784 11.4509 177.4640 -0.0002 -0.0487 0.0828 -3.0372 75.8906 -2.3325 0.0000 25.0319 0.0000 -11.9905 -16.4974 -179.4381 0.2604 -11.2269 -0.1082 15.2098 59.3625 -4.1196 0.0000 25.6622 -0.0001 
-4.6803 90.6489 -10.3642 9.5777 0.5699 0.0907 -0.1069 2.9624 -1.0752 -0.1070 2.9647 -1.0760 -0.1073 2.9714 -1.0785 15.6246 81.1733 -85.9849 55.3155 62.2502 26.0364 29.2738 16.0960 83.8663 -0.8635 0.6422 -1.4674 0.0000 0.0000 0.0001 0.0000 0.0000 0.0000 0.0000 -0.0013 -0.0008 0.0000 -0.0004 0.0001 0.0000 0.0000 0.0000 0.0000 0.0000 0.0000 0.0000 0.0002 0.0000 0.0000 -0.0006 0.0003 0.0000 0.0004 -0.0006 0.0000 0.0000 0.0001 0.0000 0.0000 0.0000 0.0000 -0.0010 -0.0002 0.0000 0.0002 30.0001 -0.0001 0.0005 -29.9998 0.0000 0.0000 0.0000 -15.2253 6.3182 5.7133 -15.2252 6.3182 5.7133 5.8743 82.9190 111.7110 -54.1405 57.6873 -26.4532 -25.7187 28.4896 -85.4516 0.9204 0.2809 1.7100 0.0000 -0.0001 0.0001 0.0000 0.0000 0.0000 0.0000 -0.0006 0.0003 0.0000 -0.0001 0.0001 0.0000 0.0000 0.0000 0.0000 0.0000 0.0000 0.0000 0.0007 0.0001 0.0000 -0.0012 0.0001 0.0000 -0.0008 0.0003 0.0000 0.0001 0.0000 0.0000 0.0000 0.0000 0.0000 -0.0008 0.0000 0.0000 0.0002 -29.9996 -0.0001 -0.0003 29.9996 0.0000 0.0000 0.0000 -7.2861 11.4899 177.4473 0.0000 0.0000 0.0828 -3.1725 75.8791 -2.4694 0.0000 25.0320 0.0000 -11.9343 -16.4644 -179.4281 0.2623 -11.1464 -0.1082 14.9890 59.3553 -4.3143 0.0000 25.6342 -0.0001 
-4.7085 90.6454 -10.3592 9.4523 0.5653 0.1190 -0.1158 2.9628 -1.0796 -0.1159 2.9651 -1.0805 -0.1162 2.9718 -1.0829 15.4221 81.1230 -86.1782 55.2695 62.1607 26.0371 29.2807 16.1625 83.8319 -0.8676 0.6456 -1.4695 0.0000 0.0000 0.0001 0.0000 0.0000 0.0000 0.0000 -0.0013 -0.0008 0.0000 -0.0004 0.0001 0.0000 0.0000 0.0000 0.0000 0.0000 0.0000 0.0000 0.0002 0.0000 0.0000 -0.0006 0.0003 0.0000 0.0004 -0.0006 0.0000 0.0000 0.0001 0.0000 0.0000 0.0000 0.0000 -0.0010 -0.0002 0.0000 0.0002 30.0001 -0.0001 0.0005 -29.9998 0.0000 0.0000 0.0000 -15.1702 6.2862 5.6857 -15.1703 6.2862 5.6857 5.6133 82.8771 111.4344 -54.1393 57.6573 -26.4150 -25.7807 28.5391 -85.4340 0.9209 0.2825 1.7063 0.0000 -0.0001 0.0001 0.0000 0.0000 0.0000 0.0000 -0.0006 0.0003 0.0000 -0.0001 0.0001 0.0000 0.0000 0.0000 0.0000 0.0000 0.0000 0.0000 0.0007 0.0001 0.0000 -0.0012 0.0001 0.0000 -0.0008 0.0003 0.0000 0.0001 0.0000 0.0000 0.0000 0.0000 0.0000 -0.0008 0.0000 0.0000 0.0002 -29.9996 -0.0001 -0.0003 29.9996 0.0000 0.0000 0.0000 -7.1715 11.5061 177.4392 0.0000 0.0000 0.0828 -3.3305 75.8934 -2.6549 0.0000 25.0322 0.0000 -11.8492 -16.4301 -179.4180 0.2653 -11.0629 -0.1083 14.7554 59.3544 -4.5499 0.0000 25.6054 -0.0001 
-4.7302 90.6416 -10.3588 9.3324 0.5563 0.1490 -0.1303 2.9689 -1.0873 -0.1305 2.9713 -1.0881 -0.1308 2.9779 -1.0906 15.2501 81.0669 -86.3358 55.2380 62.0742 26.0269 29.2947 16.2127 83.8039 -0.8712 0.6493 -1.4702 0.0000 0.0000 0.0001 0.0000 0.0000 0.0000 0.0000 -0.0013 -0.0008 0.0000 -0.0004 0.0001 0.0000 0.0000 0.0000 0.0000 0.0000 0.0000 0.0000 0.0003 0.0000 0.0000 -0.0006 0.0003 0.0000 0.0004 -0.0006 0.0000 0.0000 0.0001 0.0000 0.0000 0.0000 0.0000 -0.0010 -0.0002 0.0000 0.0002 30.0001 -0.0001 0.0005 -29.9998 0.0000 0.0000 0.0000 -15.1242 6.2341 5.6649 -15.1242 6.2341 5.6648 5.4231 82.8410 111.2383 -54.1295 57.6420 -26.3708 -25.8475 28.5818 -85.4434 0.9213 0.2827 1.7045 0.0000 -0.0001 0.0001 0.0000 0.0000 0.0000 0.0000 -0.0006 0.0003 0.0000 -0.0001 0.0001 0.0000 0.0000 0.0000 0.0000 0.0000 0.0000 0.0000 0.0007 0.0001 0.0000 -0.0012 0.0001 0.0000 -0.0008 0.0003 0.0000 0.0001 0.0000 0.0000 0.0000 0.0000 0.0000 -0.0009 0.0000 0.0000 0.0002 -29.9997 -0.0001 -0.0003 29.9996 0.0000 0.0000 0.0000 -7.0495 11.5162 177.4296 -0.0001 -0.0163 0.0828 -3.4971 75.9150 -2.8710 0.0000 25.0325 0.0000 -11.7341 -16.3889 -179.4179 0.2680 -10.9691 -0.1084 14.5186 59.3564 -4.8244 0.0000 25.5466 -0.0001 
-4.7383 90.6386 -10.3593 9.2203 0.5427 0.1815 -0.1490 2.9786 -1.0968 -0.1491 2.9810 -1.0977 -0.1495 2.9876 -1.1001 15.1019 81.0111 -86.4712 55.2203 61.9921 26.0156 29.3143 16.2598 83.7758 -0.8740 0.6523 -1.4694 0.0000 0.0000 0.0001 0.0000 0.0000 0.0000 0.0000 -0.0013 -0.0008 0.0000 -0.0004 0.0001 0.0000 0.0000 0.0000 0.0000 0.0000 0.0000 0.0000 0.0002 0.0000 0.0000 -0.0006 0.0003 0.0000 0.0004 -0.0006 0.0000 0.0000 0.0001 0.0000 0.0000 0.0000 0.0000 -0.0010 -0.0002 0.0000 0.0002 30.0001 -0.0001 0.0005 -29.9998 0.0000 0.0000 0.0000 -15.0847 6.1697 5.6460 -15.0847 6.1697 5.6460 5.2923 82.8112 111.1124 -54.1080 57.6305 -26.3258 -25.9099 28.6091 -85.4736 0.9223 0.2825 1.7050 0.0000 -0.0001 0.0001 0.0000 0.0000 0.0000 0.0000 -0.0006 0.0003 0.0000 -0.0001 0.0001 0.0000 0.0000 0.0000 0.0000 0.0000 0.0000 0.0000 0.0007 0.0001 0.0000 -0.0012 0.0001 0.0000 -0.0008 0.0003 0.0000 0.0001 0.0000 0.0000 0.0000 0.0000 0.0000 -0.0008 0.0000 0.0000 0.0002 -29.9996 -0.0001 -0.0003 29.9996 0.0000 0.0000 0.0000 -6.9355 11.5220 177.4095 -0.0002 -0.0487 0.0828 -3.6488 75.9484 -3.0762 0.0000 25.0329 0.0000 -11.6063 -16.3378 -179.4327 0.2688 -10.8650 -0.1082 14.2964 59.3591 -5.1027 0.0000 25.4656 -0.0001 
-4.7366 90.6352 -10.3579 9.1135 0.5276 0.2154 -0.1701 2.9897 -1.1072 -0.1702 2.9921 -1.1081 -0.1707 2.9987 -1.1106 14.9747 80.9559 -86.5880 55.2176 61.9124 26.0098 29.3378 16.3126 83.7457 -0.8761 0.6547 -1.4678 0.0000 0.0000 0.0001 0.0000 0.0000 0.0000 0.0000 -0.0013 -0.0008 0.0000 -0.0004 0.0001 0.0000 0.0000 0.0000 0.0000 0.0000 0.0000 0.0000 0.0002 0.0000 0.0000 -0.0006 0.0003 0.0000 0.0004 -0.0006 0.0000 0.0000 0.0001 0.0000 0.0000 0.0000 0.0000 -0.0010 -0.0002 0.0000 0.0002 30.0001 -0.0001 0.0005 -29.9998 0.0000 0.0000 0.0000 -15.0491 6.1001 5.6265 -15.0491 6.1001 5.6265 5.2040 82.7836 111.0381 -54.0816 57.6206 -26.2856 -25.9627 28.6242 -85.5151 0.9239 0.2822 1.7073 0.0000 -0.0001 0.0001 0.0000 0.0000 0.0000 0.0000 -0.0006 0.0003 0.0000 -0.0001 0.0001 0.0000 0.0000 0.0000 0.0000 0.0000 0.0000 0.0000 0.0007 0.0001 0.0000 -0.0012 0.0001 0.0000 -0.0008 0.0003 0.0000 0.0001 0.0000 0.0000 0.0000 0.0000 0.0000 -0.0008 0.0000 0.0000 0.0002 -29.9996 -0.0001 -0.0003 29.9996 0.0000 0.0000 0.0000 -6.8342 11.5714 177.3807 0.0000 0.0000 0.0828 -3.7762 75.9474 -3.2535 0.0000 25.0334 0.0000 -11.4727 -16.2924 -179.4579 0.2688 -10.7792 -0.1080 14.1015 59.3741 -5.3610 0.0000 25.3739 -0.0001 
-4.7298 90.6278 -10.3482 9.0114 0.5148 0.2474 -0.1939 2.9993 -1.1173 -0.1941 3.0017 -1.1182 -0.1946 3.0084 -1.1207 14.8775 80.9031 -86.6767 55.2276 61.8460 26.0013 29.3661 16.3710 83.7153 -0.8771 0.6559 -1.4650 0.0000 0.0000 0.0001 0.0000 0.0000 0.0000 0.0000 -0.0013 -0.0008 0.0000 -0.0004 0.0001 0.0000 0.0000 0.0000 0.0000 0.0000 0.0000 0.0000 0.0003 0.0000 0.0000 -0.0006 0.0003 0.0000 0.0004 -0.0006 0.0000 0.0000 0.0001 0.0000 0.0000 0.0000 0.0000 -0.0010 -0.0002 0.0000 0.0002 30.0001 -0.0001 0.0005 -29.9998 0.0000 0.0000 0.0000 -15.0137 6.0359 5.6017 -15.0138 6.0359 5.6017 5.1674 82.7623 111.0199 -54.0411 57.6161 -26.2512 -25.9982 28.6293 -85.5577 0.9260 0.2818 1.7115 0.0000 -0.0001 0.0001 0.0000 0.0000 0.0000 0.0000 -0.0006 0.0003 0.0000 -0.0001 0.0001 0.0000 0.0000 0.0000 0.0000 0.0000 0.0000 0.0000 0.0007 0.0001 0.0000 -0.0012 0.0001 0.0000 -0.0008 0.0003 0.0000 0.0001 0.0000 0.0000 0.0000 0.0000 0.0000 -0.0008 0.0000 0.0000 0.0002 -29.9997 -0.0001 -0.0003 29.9996 0.0000 0.0000 0.0000 -6.7480 11.6000 177.3481 0.0000 0.0001 0.0828 -3.9065 75.9824 -3.4208 0.0000 25.0338 0.0000 -11.3426 -16.2773 -179.4868 0.2700 -10.7618 -0.1081 13.9637 59.4241 -5.5542 0.0000 25.2967 -0.0001 
-4.7233 90.6188 -10.3366 8.9094 0.5081 0.2743 -0.2164 3.0051 -1.1259 -0.2166 3.0075 -1.1267 -0.2172 3.0142 -1.1293 14.7998 80.8568 -86.7451 55.2492 61.7903 25.9980 29.3911 16.4205 83.6876 -0.8775 0.6567 -1.4620 0.0000 0.0000 0.0001 0.0000 0.0000 0.0000 0.0000 -0.0013 -0.0008 0.0000 -0.0004 0.0001 0.0000 0.0000 0.0000 0.0000 0.0000 0.0000 0.0000 0.0003 0.0000 0.0000 -0.0006 0.0003 0.0000 0.0004 -0.0006 0.0000 0.0000 0.0001 0.0000 0.0000 0.0000 0.0000 -0.0010 -0.0002 0.0000 0.0002 30.0001 -0.0001 0.0005 -29.9998 0.0000 0.0000 0.0000 -14.9779 5.9859 5.5717 -14.9779 5.9859 5.5717 5.1613 82.7454 111.0346 -53.9806 57.6181 -26.2138 -26.0200 28.6311 -85.5872 0.9285 0.2817 1.7166 0.0000 -0.0001 0.0001 0.0000 0.0000 0.0000 0.0000 -0.0006 0.0003 0.0000 -0.0001 0.0001 0.0000 0.0000 0.0000 0.0000 0.0000 0.0000 0.0000 0.0007 0.0001 0.0000 -0.0012 0.0001 0.0000 -0.0008 0.0003 0.0000 0.0001 0.0000 0.0000 0.0000 0.0000 0.0000 -0.0009 0.0000 0.0000 0.0002 -29.9996 -0.0001 -0.0003 29.9996 0.0000 0.0000 0.0000 -6.6621 11.5934 177.3200 -0.0002 -0.0625 0.0828 -4.0289 76.0536 -3.5731 0.0000 25.0342 0.0000 -11.2252 -16.2905 -179.5106 0.2727 -10.7933 -0.1084 13.8666 59.4891 -5.6860 0.0000 25.2321 -0.0001 
-4.7175 90.6106 -10.3283 8.8061 0.5071 0.2942 -0.2366 3.0069 -1.1322 -0.2368 3.0094 -1.1331 -0.2374 3.0160 -1.1356 14.7436 80.8203 -86.7918 55.2823 61.7426 26.0077 29.4079 16.4566 83.6626 -0.8776 0.6574 -1.4589 0.0000 0.0000 0.0001 0.0000 0.0000 0.0000 0.0000 -0.0013 -0.0008 0.0000 -0.0004 0.0001 0.0000 0.0000 0.0000 0.0000 0.0000 0.0000 0.0000 0.0003 0.0000 0.0000 -0.0006 0.0003 0.0000 0.0004 -0.0006 0.0000 0.0000 0.0001 0.0000 0.0000 0.0000 0.0000 -0.0010 -0.0002 0.0000 0.0003 30.0001 -0.0001 0.0005 -29.9998 0.0000 0.0000 0.0000 -14.9416 5.9493 5.5377 -14.9416 5.9492 5.5377 5.1747 82.7359 111.0683 -53.8980 57.6248 -26.1726 -26.0289 28.6301 -85.6033 0.9313 0.2820 1.7223 0.0000 -0.0001 0.0001 0.0000 0.0000 0.0000 0.0000 -0.0006 0.0003 0.0000 -0.0001 0.0001 0.0000 0.0000 0.0000 0.0000 0.0000 0.0000 0.0000 0.0007 0.0001 0.0000 -0.0012 0.0001 0.0000 -0.0008 0.0003 0.0000 0.0001 0.0000 0.0000 0.0000 0.0000 0.0000 -0.0008 0.0000 0.0000 0.0002 -29.9996 -0.0001 -0.0003 29.9996 0.0000 0.0000 0.0000 -6.5717 11.6341 177.2987 -0.0001 -0.0163 0.0828 -4.1095 76.0699 -3.6817 0.0000 25.0345 0.0000 -11.1196 -16.3169 -179.5270 0.2762 -10.8364 -0.1088 13.7978 59.5461 -5.7704 0.0000 25.1756 -0.0001 
-4.7169 90.6049 -10.3274 8.7012 0.5126 0.3009 -0.2527 3.0031 -1.1345 -0.2529 3.0056 -1.1354 -0.2535 3.0122 -1.1379 14.7251 80.8006 -86.8008 55.3289 61.6908 26.0425 29.4048 16.4833 83.6444 -0.8780 0.6585 -1.4562 0.0000 0.0000 0.0001 0.0000 0.0000 0.0000 0.0000 -0.0013 -0.0008 0.0000 -0.0004 0.0001 0.0000 0.0000 0.0000 0.0000 0.0000 0.0000 0.0000 0.0002 0.0000 0.0000 -0.0006 0.0003 0.0000 0.0004 -0.0006 0.0000 0.0000 0.0001 0.0000 0.0000 0.0000 0.0000 -0.0010 -0.0002 0.0000 0.0002 30.0001 -0.0001 0.0005 -29.9998 0.0000 0.0000 0.0000 -14.9061 5.9328 5.5011 -14.9061 5.9328 5.5011 5.1945 82.7418 111.1043 -53.7822 57.6356 -26.1258 -26.0265 28.6271 -85.6062 0.9349 0.2832 1.7285 0.0000 -0.0001 0.0001 0.0000 0.0000 0.0000 0.0000 -0.0006 0.0003 0.0000 -0.0001 0.0001 0.0000 0.0000 0.0000 0.0000 0.0000 0.0000 0.0000 0.0007 0.0001 0.0000 -0.0012 0.0001 0.0000 -0.0008 0.0003 0.0000 0.0001 0.0000 0.0000 0.0000 0.0000 0.0000 -0.0009 0.0000 0.0000 0.0002 -29.9997 -0.0001 -0.0003 29.9996 0.0000 0.0000 0.0000 -6.4704 11.6253 177.2944 -0.0002 -0.0486 0.0828 -4.1761 76.1187 -3.7739 0.0000 25.0347 0.0000 -11.0329 -16.3367 -179.5265 0.2792 -10.8472 -0.1091 13.7491 59.5652 -5.8120 0.0000 25.1434 -0.0001 
-4.7230 90.6014 -10.3323 8.5992 0.5183 0.2964 -0.2651 2.9968 -1.1338 -0.2653 2.9993 -1.1347 -0.2660 3.0059 -1.1372 14.7374 80.7903 -86.7788 55.3651 61.6474 26.0721 29.3990 16.4943 83.6297 -0.8786 0.6600 -1.4537 0.0000 0.0000 0.0001 0.0000 0.0000 0.0000 0.0000 -0.0013 -0.0008 0.0000 -0.0004 0.0001 0.0000 0.0000 0.0000 0.0000 0.0000 0.0000 0.0000 0.0002 0.0000 0.0000 -0.0006 0.0003 0.0000 0.0004 -0.0006 0.0000 0.0000 0.0001 0.0000 0.0000 0.0000 0.0000 -0.0010 -0.0002 0.0000 0.0002 30.0001 -0.0001 0.0005 -29.9998 0.0000 0.0000 0.0000 -14.8732 5.9317 5.4680 -14.8732 5.9317 5.4680 5.2092 82.7583 111.1351 -53.6357 57.6506 -26.0657 -26.0298 28.6273 -85.6017 0.9387 0.2849 1.7348 0.0000 -0.0001 0.0001 0.0000 0.0000 0.0000 0.0000 -0.0006 0.0003 0.0000 -0.0001 0.0001 0.0000 0.0000 0.0000 0.0000 0.0000 0.0000 0.0000 0.0007 0.0001 0.0000 -0.0012 0.0001 0.0000 -0.0008 0.0003 0.0000 0.0001 0.0000 0.0000 0.0000 0.0000 0.0000 -0.0008 0.0000 0.0000 0.0002 -29.9996 -0.0001 -0.0003 29.9996 0.0000 0.0000 0.0000 -6.3755 11.6532 177.3037 0.0000 0.0000 0.0828 -4.2366 76.1178 -3.8501 0.0000 25.0349 0.0000 -10.9631 -16.3357 -179.5097 0.2809 -10.8127 -0.1092 13.7017 59.5475 -5.8422 0.0000 25.1357 -0.0001 
-4.7311 90.5998 -10.3401 8.5030 0.5211 0.2834 -0.2738 2.9904 -1.1309 -0.2741 2.9928 -1.1318 -0.2747 2.9994 -1.1343 14.7641 80.7818 -86.7385 55.3959 61.6078 26.0962 29.3902 16.4967 83.6157 -0.8792 0.6618 -1.4509 0.0000 0.0000 0.0001 0.0000 0.0000 0.0000 0.0000 -0.0013 -0.0008 0.0000 -0.0004 0.0001 0.0000 0.0000 0.0000 0.0000 0.0000 0.0000 0.0000 0.0002 0.0000 0.0000 -0.0006 0.0003 0.0000 0.0004 -0.0006 0.0000 0.0000 0.0001 0.0000 0.0000 0.0000 0.0000 -0.0010 -0.0002 0.0000 0.0002 30.0001 -0.0001 0.0005 -29.9998 0.0000 0.0000 0.0000 -14.8449 5.9411 5.4410 -14.8449 5.9411 5.4410 5.2048 82.7747 111.1542 -53.4773 57.6675 -26.0007 -26.0416 28.6337 -85.5911 0.9425 0.2864 1.7410 0.0000 -0.0001 0.0001 0.0000 0.0000 0.0000 0.0000 -0.0006 0.0003 0.0000 -0.0001 0.0001 0.0000 0.0000 0.0000 0.0000 0.0000 0.0000 0.0000 0.0007 0.0001 0.0000 -0.0011 0.0001 0.0000 -0.0008 0.0003 0.0000 0.0001 0.0000 0.0000 0.0000 0.0000 0.0000 -0.0009 0.0000 0.0000 0.0002 -29.9996 -0.0001 -0.0003 29.9996 0.0000 0.0000 0.0000 -6.2890 11.6490 177.3213 -0.0001 -0.0163 0.0828 -4.3054 76.1423 -3.9254 0.0000 25.0351 0.0000 -10.9085 -16.3167 -179.4826 0.2808 -10.7482 -0.1090 13.6555 59.5070 -5.8662 0.0000 25.1378 -0.0001 
-4.7342 90.5996 -10.3476 8.4180 0.5168 0.2616 -0.2799 2.9859 -1.1262 -0.2802 2.9883 -1.1271 -0.2808 2.9950 -1.1296 14.7867 80.7700 -86.7012 55.4218 61.5700 26.1107 29.3815 16.5001 83.6001 -0.8801 0.6638 -1.4484 0.0000 0.0000 0.0001 0.0000 0.0000 0.0000 0.0000 -0.0013 -0.0008 0.0000 -0.0004 0.0001 0.0000 0.0000 0.0000 0.0000 0.0000 0.0000 0.0000 0.0002 -0.0001 0.0000 -0.0006 0.0003 0.0000 0.0004 -0.0006 0.0000 0.0000 0.0001 0.0000 0.0000 0.0000 0.0000 -0.0010 -0.0002 0.0000 0.0002 30.0001 -0.0001 0.0005 -29.9998 0.0000 0.0000 0.0000 -14.8231 5.9632 5.4243 -14.8231 5.9632 5.4243 5.1503 82.7797 111.1293 -53.3305 57.6871 -25.9409 -26.0642 28.6500 -85.5723 0.9458 0.2874 1.7467 0.0000 -0.0001 0.0001 0.0000 0.0000 0.0000 0.0000 -0.0006 0.0003 0.0000 -0.0001 0.0001 0.0000 0.0000 0.0000 0.0000 0.0000 0.0000 0.0000 0.0007 0.0001 0.0000 -0.0012 0.0001 0.0000 -0.0008 0.0003 0.0000 0.0001 0.0000 0.0000 0.0000 0.0000 0.0000 -0.0009 0.0000 0.0000 0.0002 -29.9997 -0.0001 -0.0003 29.9996 0.0000 0.0000 0.0000 -6.2208 11.6359 177.3414 -0.0002 -0.0625 0.0828 -4.3618 76.1745 -3.9754 0.0000 25.0352 0.0000 -10.8697 -16.2832 -179.4500 0.2776 -10.6737 -0.1086 13.6184 59.4584 -5.8824 0.0000 25.1387 -0.0001 
-4.7351 90.5981 -10.3478 8.3438 0.5076 0.2362 -0.2853 2.9830 -1.1211 -0.2856 2.9854 -1.1219 -0.2863 2.9920 -1.1244 14.8037 80.7568 -86.6716 55.4404 61.5336 26.1105 29.3816 16.5117 83.5866 -0.8805 0.6652 -1.4452 0.0000 0.0000 0.0001 0.0000 0.0000 0.0000 0.0000 -0.0013 -0.0008 0.0000 -0.0004 0.0001 0.0000 0.0000 0.0000 0.0000 0.0000 0.0000 0.0000 0.0002 0.0000 0.0000 -0.0006 0.0003 0.0000 0.0004 -0.0006 0.0000 0.0000 0.0001 0.0000 0.0000 0.0000 0.0000 -0.0010 -0.0002 0.0000 0.0002 30.0001 -0.0002 0.0005 -29.9998 0.0000 0.0000 0.0000 -14.8046 5.9960 5.4141 -14.8046 5.9960 5.4141 5.0871 82.7787 111.0904 -53.1985 57.7099 -25.8836 -26.0885 28.6683 -85.5510 0.9485 0.2880 1.7517 0.0000 -0.0001 0.0001 0.0000 0.0000 0.0000 0.0000 -0.0006 0.0003 0.0000 -0.0001 0.0001 0.0000 0.0000 0.0000 0.0000 0.0000 0.0000 0.0000 0.0007 0.0001 0.0000 -0.0012 0.0001 0.0000 -0.0008 0.0003 0.0000 0.0001 0.0000 0.0000 0.0000 0.0000 0.0000 -0.0009 0.0000 0.0000 0.0002 -29.9997 -0.0001 -0.0003 29.9996 0.0000 0.0000 0.0000 -6.1689 11.6617 177.3618 -0.0002 -0.0485 0.0828 -4.4038 76.1762 -4.0029 0.0000 25.0353 0.0000 -10.8372 -16.2510 -179.4163 0.2736 -10.6244 -0.1081 13.5915 59.4293 -5.8959 0.0000 25.1384 -0.0001 
-4.7375 90.5954 -10.3397 8.2801 0.4961 0.2102 -0.2915 2.9806 -1.1159 -0.2918 2.9830 -1.1168 -0.2925 2.9896 -1.1193 14.8252 80.7433 -86.6419 55.4625 61.5018 26.1064 29.3878 16.5281 83.5758 -0.8804 0.6660 -1.4418 0.0000 0.0000 0.0001 0.0000 0.0000 0.0000 0.0000 -0.0013 -0.0008 0.0000 -0.0004 0.0001 0.0000 0.0000 0.0000 0.0000 0.0000 0.0000 0.0000 0.0002 0.0000 0.0000 -0.0006 0.0003 0.0000 0.0004 -0.0006 0.0000 0.0000 0.0001 0.0000 0.0000 0.0000 0.0000 -0.0010 -0.0002 0.0000 0.0002 30.0001 -0.0001 0.0005 -29.9998 0.0000 0.0000 0.0000 -14.7873 6.0373 5.4067 -14.7873 6.0373 5.4067 5.0323 82.7743 111.0549 -53.0847 57.7293 -25.8320 -26.1076 28.6848 -85.5297 0.9510 0.2887 1.7561 0.0000 -0.0001 0.0001 0.0000 0.0000 0.0000 0.0000 -0.0006 0.0003 0.0000 -0.0001 0.0001 0.0000 0.0000 0.0000 0.0000 0.0000 0.0000 0.0000 0.0007 0.0001 0.0000 -0.0012 0.0001 0.0000 -0.0008 0.0003 0.0000 0.0001 0.0000 0.0000 0.0000 0.0000 0.0000 -0.0009 0.0000 0.0000 0.0002 -29.9997 -0.0001 -0.0003 29.9996 0.0000 0.0000 0.0000 -6.1344 11.7112 177.3823 0.0000 0.0001 0.0828 -4.4494 76.1625 -4.0246 0.0000 25.0353 0.0000 -10.8078 -16.2241 -179.3821 0.2701 -10.6036 -0.1077 13.5727 59.4228 -5.9099 0.0000 25.1388 -0.0001 
-4.7424 90.5912 -10.3180 8.2295 0.4863 0.1873 -0.2993 2.9778 -1.1117 -0.2996 2.9802 -1.1125 -0.3003 2.9868 -1.1150 14.8631 80.7311 -86.6032 55.5020 61.4830 26.1104 29.3949 16.5435 83.5696 -0.8796 0.6658 -1.4385 0.0000 0.0000 0.0001 0.0000 0.0000 0.0000 0.0000 -0.0013 -0.0008 0.0000 -0.0004 0.0001 0.0000 0.0000 0.0000 0.0000 0.0000 0.0000 0.0000 0.0003 0.0000 0.0000 -0.0006 0.0003 0.0000 0.0004 -0.0006 0.0000 0.0000 0.0001 0.0000 0.0000 0.0000 0.0000 -0.0010 -0.0002 0.0000 0.0002 30.0001 -0.0001 0.0005 -29.9998 0.0000 0.0000 0.0000 -14.7705 6.0855 5.3993 -14.7705 6.0855 5.3993 5.0064 82.7704 111.0410 -52.9918 57.7384 -25.7884 -26.1146 28.6967 -85.5105 0.9531 0.2896 1.7594 0.0000 -0.0001 0.0001 0.0000 0.0000 0.0000 0.0000 -0.0006 0.0003 0.0000 -0.0001 0.0001 0.0000 0.0000 0.0000 0.0000 0.0000 0.0000 0.0000 0.0007 0.0001 0.0000 -0.0012 0.0001 0.0000 -0.0008 0.0003 0.0000 0.0001 0.0000 0.0000 0.0000 0.0000 0.0000 -0.0009 0.0000 0.0000 0.0002 -29.9997 -0.0001 -0.0003 29.9996 0.0000 0.0000 0.0000 -6.1152 11.7418 177.4009 0.0000 0.0000 0.0828 -4.5074 76.1772 -4.0532 0.0000 25.0353 0.0000 -10.7776 -16.2103 -179.3511 0.2683 -10.6254 -0.1076 13.5734 59.4488 -5.9161 0.0000 25.1476 -0.0001 
-4.7481 90.5867 -10.2889 8.1840 0.4820 0.1682 -0.3069 2.9733 -1.1089 -0.3072 2.9756 -1.1097 -0.3080 2.9823 -1.1122 14.9227 80.7249 -86.5467 55.5430 61.4802 26.1175 29.4023 16.5578 83.5636 -0.8782 0.6648 -1.4355 0.0000 0.0000 0.0001 0.0000 0.0000 0.0000 0.0000 -0.0013 -0.0008 0.0000 -0.0004 0.0001 0.0000 0.0000 0.0000 0.0000 0.0000 0.0000 0.0000 0.0002 0.0000 0.0000 -0.0006 0.0003 0.0000 0.0004 -0.0006 0.0000 0.0000 0.0001 0.0000 0.0000 0.0000 0.0000 -0.0010 -0.0002 0.0000 0.0002 30.0001 -0.0001 0.0005 -29.9998 0.0000 0.0000 0.0000 -14.7555 6.1339 5.3912 -14.7555 6.1339 5.3912 4.9978 82.7705 111.0398 -52.9019 57.7427 -25.7456 -26.1158 28.7103 -85.4880 0.9552 0.2909 1.7621 0.0000 -0.0001 0.0001 0.0000 0.0000 0.0000 0.0000 -0.0006 0.0003 0.0000 -0.0001 0.0001 0.0000 0.0000 0.0000 0.0000 0.0000 0.0000 0.0000 0.0007 0.0001 0.0000 -0.0012 0.0001 0.0000 -0.0008 0.0003 0.0000 0.0001 0.0000 0.0000 0.0000 0.0000 0.0000 -0.0008 0.0000 0.0000 0.0002 -29.9996 -0.0001 -0.0003 29.9996 0.0000 0.0000 0.0000 -6.0950 11.7709 177.4177 0.0000 0.0000 0.0828 -4.5546 76.1944 -4.0754 0.0000 25.0353 0.0000 -10.7388 -16.2196 -179.3254 0.2687 -10.6909 -0.1078 13.5989 59.4987 -5.9051 0.0000 25.1572 -0.0001 
-4.7569 90.5809 -10.2571 8.1407 0.4839 0.1519 -0.3143 2.9670 -1.1068 -0.3146 2.9693 -1.1077 -0.3153 2.9759 -1.1102 14.9963 80.7265 -86.4814 55.5746 61.4924 26.1228 29.4115 16.5714 83.5572 -0.8764 0.6631 -1.4329 0.0000 0.0000 0.0001 0.0000 0.0000 0.0000 0.0000 -0.0013 -0.0008 0.0000 -0.0004 0.0001 0.0000 0.0000 0.0000 0.0000 0.0000 0.0000 0.0000 0.0003 0.0000 0.0000 -0.0006 0.0003 0.0000 0.0004 -0.0006 0.0000 0.0000 0.0001 0.0000 0.0000 0.0000 0.0000 -0.0010 -0.0002 0.0000 0.0003 30.0001 -0.0001 0.0005 -29.9998 0.0000 0.0000 0.0000 -14.7399 6.1779 5.3819 -14.7399 6.1779 5.3819 4.9875 82.7753 111.0301 -52.8031 57.7478 -25.6961 -26.1192 28.7280 -85.4620 0.9573 0.2923 1.7643 0.0000 -0.0001 0.0001 0.0000 0.0000 0.0000 0.0000 -0.0006 0.0003 0.0000 -0.0001 0.0001 0.0000 0.0000 0.0000 0.0000 0.0000 0.0000 0.0000 0.0007 0.0001 0.0000 -0.0012 0.0001 0.0000 -0.0008 0.0003 0.0000 0.0001 0.0000 0.0000 0.0000 0.0000 0.0000 -0.0008 0.0000 0.0000 0.0002 -29.9997 -0.0001 -0.0003 29.9996 0.0000 0.0000 0.0000 -6.0716 11.7953 177.4352 0.0000 0.0001 0.0828 -4.6002 76.2115 -4.1003 0.0000 25.0352 0.0000 -10.6939 -16.2552 -179.3018 0.2714 -10.7982 -0.1083 13.6494 59.5628 -5.8717 0.0000 25.1819 -0.0001 
-4.7729 90.5753 -10.2302 8.1009 0.4937 0.1402 -0.3208 2.9591 -1.1063 -0.3211 2.9614 -1.1072 -0.3219 2.9680 -1.1097 15.1037 80.7380 -86.3883 55.6006 61.5204 26.1387 29.4164 16.5826 83.5481 -0.8747 0.6613 -1.4316 0.0000 0.0000 0.0001 0.0000 0.0000 0.0000 0.0000 -0.0013 -0.0008 0.0000 -0.0004 0.0001 0.0000 0.0000 0.0000 0.0000 0.0000 0.0000 0.0000 0.0002 0.0000 0.0000 -0.0006 0.0003 0.0000 0.0004 -0.0006 0.0000 0.0000 0.0001 0.0000 0.0000 0.0000 0.0000 -0.0010 -0.0002 0.0000 0.0002 30.0001 -0.0001 0.0005 -29.9998 0.0000 0.0000 0.0000 -14.7246 6.2121 5.3725 -14.7246 6.2121 5.3725 4.9717 82.7800 111.0122 -52.6964 57.7519 -25.6379 -26.1339 28.7513 -85.4367 0.9592 0.2937 1.7659 0.0000 -0.0001 0.0001 0.0000 0.0000 0.0000 0.0000 -0.0006 0.0003 0.0000 -0.0001 0.0001 0.0000 0.0000 0.0000 0.0000 0.0000 0.0000 0.0000 0.0007 0.0001 0.0000 -0.0012 0.0001 0.0000 -0.0008 0.0003 0.0000 0.0001 0.0000 0.0000 0.0000 0.0000 0.0000 -0.0009 0.0000 0.0000 0.0002 -29.9997 -0.0001 -0.0003 29.9996 0.0000 0.0000 0.0000 -6.0490 11.8074 177.4543 0.0000 0.0001 0.0828 -4.6559 76.2241 -4.1351 0.0000 25.0352 0.0000 -10.6518 -16.3293 -179.2790 0.2781 -10.9560 -0.1093 13.7317 59.6310 -5.7965 0.0000 25.2250 -0.0001 
-4.7931 90.5711 -10.2085 8.0649 0.5077 0.1329 -0.3254 2.9512 -1.1078 -0.3257 2.9535 -1.1087 -0.3265 2.9601 -1.1112 15.2221 80.7543 -86.2842 55.6278 61.5505 26.1669 29.4113 16.5902 83.5356 -0.8731 0.6596 -1.4307 0.0000 0.0000 0.0001 0.0000 0.0000 0.0000 0.0000 -0.0013 -0.0008 0.0000 -0.0004 0.0001 0.0000 0.0000 0.0000 0.0000 0.0000 0.0000 0.0000 0.0002 0.0000 0.0000 -0.0006 0.0003 0.0000 0.0004 -0.0006 0.0000 0.0000 0.0001 0.0000 0.0000 0.0000 0.0000 -0.0010 -0.0002 0.0000 0.0002 30.0001 -0.0001 0.0005 -29.9998 0.0000 0.0000 0.0000 -14.7120 6.2401 5.3646 -14.7120 6.2401 5.3646 4.9433 82.7780 110.9853 -52.5960 57.7563 -25.5775 -26.1588 28.7768 -85.4126 0.9608 0.2948 1.7671 0.0000 -0.0001 0.0001 0.0000 0.0000 0.0000 0.0000 -0.0006 0.0003 0.0000 -0.0001 0.0001 0.0000 0.0000 0.0000 0.0000 0.0000 0.0000 0.0000 0.0007 0.0001 0.0000 -0.0011 0.0001 0.0000 -0.0008 0.0003 0.0000 0.0001 0.0000 0.0000 0.0000 0.0000 0.0000 -0.0009 0.0000 0.0000 0.0002 -29.9996 -0.0001 -0.0003 29.9996 0.0000 0.0000 0.0000 -6.0333 11.8106 177.4713 0.0000 0.0001 0.0828 -4.7156 76.2326 -4.1697 0.0000 25.0351 0.0000 -10.6323 -16.4266 -179.2567 0.2867 -11.1412 -0.1106 13.8298 59.6918 -5.6777 0.0000 25.2857 -0.0001 
-4.8104 90.5686 -10.1876 8.0322 0.5248 0.1293 -0.3280 2.9435 -1.1104 -0.3283 2.9458 -1.1112 -0.3291 2.9524 -1.1137 15.3302 80.7742 -86.1906 55.6481 61.5773 26.1959 29.4003 16.5981 83.5202 -0.8717 0.6582 -1.4300 0.0000 0.0000 0.0001 0.0000 0.0000 0.0000 0.0000 -0.0013 -0.0008 0.0000 -0.0004 0.0001 0.0000 0.0000 0.0000 0.0000 0.0000 0.0000 0.0000 0.0003 0.0000 0.0000 -0.0006 0.0003 0.0000 0.0004 -0.0006 0.0000 0.0000 0.0001 0.0000 0.0000 0.0000 0.0000 -0.0010 -0.0002 0.0000 0.0003 30.0001 -0.0001 0.0005 -29.9998 0.0000 0.0000 0.0000 -14.7019 6.2639 5.3577 -14.7019 6.2639 5.3577 4.8909 82.7718 110.9343 -52.5048 57.7640 -25.5180 -26.1903 28.8034 -85.3899 0.9621 0.2956 1.7681 0.0000 -0.0001 0.0001 0.0000 0.0000 0.0000 0.0000 -0.0006 0.0003 0.0000 -0.0001 0.0001 0.0000 0.0000 0.0000 0.0000 0.0000 0.0000 0.0000 0.0007 0.0001 0.0000 -0.0011 0.0001 0.0000 -0.0008 0.0003 0.0000 0.0001 0.0000 0.0000 0.0000 0.0000 0.0000 -0.0008 0.0000 0.0000 0.0002 -29.9996 -0.0001 -0.0003 29.9996 0.0000 0.0000 0.0000 -6.0213 11.7847 177.4826 -0.0002 -0.0485 0.0828 -4.7640 76.2655 -4.1890 0.0000 25.0350 0.0000 -10.6379 -16.5398 -179.2384 0.2954 -11.3473 -0.1120 13.9466 59.7476 -5.5109 0.0000 25.3609 -0.0001 
-4.8217 90.5689 -10.1677 8.0057 0.5441 0.1296 -0.3287 2.9367 -1.1130 -0.3290 2.9390 -1.1138 -0.3298 2.9455 -1.1164 15.4022 80.7968 -86.1350 55.6530 61.5950 26.2168 29.3858 16.6078 83.5019 -0.8707 0.6572 -1.4295 0.0000 0.0000 0.0001 0.0000 0.0000 0.0000 0.0000 -0.0013 -0.0008 0.0000 -0.0004 0.0001 0.0000 0.0000 0.0000 0.0000 0.0000 0.0000 0.0000 0.0002 0.0000 0.0000 -0.0006 0.0003 0.0000 0.0004 -0.0006 0.0000 0.0000 0.0001 0.0000 0.0000 0.0000 0.0000 -0.0010 -0.0002 0.0000 0.0002 30.0001 -0.0001 0.0005 -29.9998 0.0000 0.0000 0.0000 -14.6940 6.2837 5.3508 -14.6940 6.2837 5.3508 4.7893 82.7615 110.8280 -52.4283 57.7742 -25.4592 -26.2290 28.8298 -85.3748 0.9632 0.2962 1.7685 0.0000 -0.0001 0.0001 0.0000 0.0000 0.0000 0.0000 -0.0006 0.0003 0.0000 -0.0001 0.0001 0.0000 0.0000 0.0000 0.0000 0.0000 0.0000 0.0000 0.0007 0.0001 0.0000 -0.0011 0.0001 0.0000 -0.0008 0.0003 0.0000 0.0001 0.0000 0.0000 0.0000 0.0000 0.0000 -0.0008 0.0000 0.0000 0.0002 -29.9996 -0.0001 -0.0003 29.9996 0.0000 0.0000 0.0000 -6.0294 11.7783 177.4821 -0.0002 -0.0487 0.0828 -4.7661 76.2750 -4.1401 0.0000 25.0348 0.0000 -10.6803 -16.6640 -179.2258 0.3024 -11.5679 -0.1132 14.0849 59.7950 -5.2871 0.0000 25.4489 -0.0001 
-4.8279 90.5718 -10.1559 7.9861 0.5621 0.1333 -0.3287 2.9311 -1.1151 -0.3289 2.9334 -1.1160 -0.3297 2.9399 -1.1185 15.4527 80.8203 -86.1057 55.6498 61.6050 26.2304 29.3732 16.6158 83.4876 -0.8698 0.6564 -1.4290 0.0000 0.0000 0.0001 0.0000 0.0000 0.0000 0.0000 -0.0013 -0.0008 0.0000 -0.0004 0.0001 0.0000 0.0000 0.0000 0.0000 0.0000 0.0000 0.0000 0.0002 0.0000 0.0000 -0.0006 0.0003 0.0000 0.0004 -0.0006 0.0000 0.0000 0.0001 0.0000 0.0000 0.0000 0.0000 -0.0010 -0.0002 0.0000 0.0002 30.0001 -0.0001 0.0005 -29.9998 0.0000 0.0000 0.0000 -14.6866 6.3025 5.3415 -14.6866 6.3025 5.3415 4.6676 82.7500 110.6944 -52.3571 57.7824 -25.3951 -26.2656 28.8461 -85.3706 0.9647 0.2975 1.7690 0.0000 -0.0001 0.0001 0.0000 0.0000 0.0000 0.0000 -0.0006 0.0003 0.0000 -0.0001 0.0001 0.0000 0.0000 0.0000 0.0000 0.0000 0.0000 0.0000 0.0007 0.0001 0.0000 -0.0011 0.0001 0.0000 -0.0008 0.0003 0.0000 0.0001 0.0000 0.0000 0.0000 0.0000 0.0000 -0.0008 0.0000 0.0000 0.0002 -29.9996 -0.0001 -0.0003 29.9996 0.0000 0.0000 0.0000 -6.0630 11.7818 177.4683 -0.0001 -0.0162 0.0828 -4.7296 76.2628 -4.0273 0.0000 25.0345 0.0000 -10.7431 -16.7793 -179.2177 0.3070 -11.7635 -0.1142 14.2292 59.8216 -5.0452 0.0000 25.5355 -0.0001 
-4.8310 90.5773 -10.1565 7.9722 0.5771 0.1396 -0.3277 2.9267 -1.1168 -0.3280 2.9290 -1.1177 -0.3288 2.9356 -1.1202 15.4920 80.8422 -86.0918 55.6466 61.6087 26.2413 29.3631 16.6209 83.4797 -0.8692 0.6557 -1.4287 0.0000 0.0000 0.0001 0.0000 0.0000 0.0000 0.0000 -0.0013 -0.0008 0.0000 -0.0004 0.0001 0.0000 0.0000 0.0000 0.0000 0.0000 0.0000 0.0000 0.0002 0.0000 0.0000 -0.0006 0.0003 0.0000 0.0004 -0.0006 0.0000 0.0000 0.0001 0.0000 0.0000 0.0000 0.0000 -0.0010 -0.0002 0.0000 0.0002 30.0001 -0.0001 0.0005 -29.9998 0.0000 0.0000 0.0000 -14.6791 6.3209 5.3298 -14.6791 6.3209 5.3298 4.5375 82.7385 110.5496 -52.2900 57.7866 -25.3289 -26.2969 28.8509 -85.3757 0.9666 0.2994 1.7698 0.0000 -0.0001 0.0001 0.0000 0.0000 0.0000 0.0000 -0.0006 0.0003 0.0000 -0.0001 0.0001 0.0000 0.0000 0.0000 0.0000 0.0000 0.0000 0.0000 0.0007 0.0001 0.0000 -0.0011 0.0001 0.0000 -0.0008 0.0003 0.0000 0.0001 0.0000 0.0000 0.0000 0.0000 0.0000 -0.0009 0.0000 0.0000 0.0002 -29.9996 -0.0001 -0.0003 29.9996 0.0000 0.0000 0.0000 -6.1176 11.7614 177.4446 -0.0001 -0.0163 0.0828 -4.6705 76.2576 -3.8702 0.0000 25.0341 0.0000 -10.8168 -16.8798 -179.2121 0.3097 -11.9198 -0.1149 14.3687 59.8230 -4.8078 0.0000 25.6094 -0.0001 
-4.8329 90.5842 -10.1760 7.9649 0.5859 0.1479 -0.3260 2.9244 -1.1165 -0.3262 2.9267 -1.1173 -0.3270 2.9332 -1.1199 15.5003 80.8576 -86.1140 55.6413 61.6114 26.2410 29.3602 16.6194 83.4812 -0.8686 0.6549 -1.4288 0.0000 0.0000 0.0001 0.0000 0.0000 0.0000 0.0000 -0.0013 -0.0008 0.0000 -0.0004 0.0001 0.0000 0.0000 0.0000 0.0000 0.0000 0.0000 0.0000 0.0003 0.0000 0.0000 -0.0006 0.0003 0.0000 0.0004 -0.0006 0.0000 0.0000 0.0001 0.0000 0.0000 0.0000 0.0000 -0.0010 -0.0002 0.0000 0.0002 30.0001 -0.0001 0.0005 -29.9998 0.0000 0.0000 0.0000 -14.6696 6.3357 5.3137 -14.6696 6.3357 5.3137 4.3778 82.7275 110.3729 -52.2239 57.7863 -25.2631 -26.3216 28.8381 -85.3913 0.9695 0.3023 1.7715 0.0000 -0.0001 0.0001 0.0000 0.0000 0.0000 0.0000 -0.0006 0.0003 0.0000 -0.0001 0.0001 0.0000 0.0000 0.0000 0.0000 0.0000 0.0000 0.0000 0.0007 0.0001 0.0000 -0.0011 0.0001 0.0000 -0.0008 0.0003 0.0000 0.0001 0.0000 0.0000 0.0000 0.0000 0.0000 -0.0009 0.0000 0.0000 0.0002 -29.9996 -0.0001 -0.0003 29.9996 0.0000 0.0000 0.0000 -6.1928 11.7322 177.4124 -0.0001 -0.0163 0.0828 -4.5793 76.2353 -3.6606 0.0000 25.0337 0.0000 -10.8890 -16.9603 -179.2087 0.3109 -12.0238 -0.1153 14.4997 59.7928 -4.5959 0.0000 25.6653 -0.0001 
-4.8379 90.5895 -10.2039 7.9613 0.5878 0.1551 -0.3238 2.9248 -1.1144 -0.3240 2.9270 -1.1152 -0.3248 2.9336 -1.1177 15.4877 80.8656 -86.1616 55.6362 61.6186 26.2335 29.3624 16.6139 83.4875 -0.8679 0.6538 -1.4294 0.0000 0.0000 0.0001 0.0000 0.0000 0.0000 0.0000 -0.0013 -0.0008 0.0000 -0.0004 0.0001 0.0000 0.0000 0.0000 0.0000 0.0000 0.0000 0.0000 0.0002 0.0000 0.0000 -0.0006 0.0003 0.0000 0.0004 -0.0006 0.0000 0.0000 0.0001 0.0000 0.0000 0.0000 0.0000 -0.0010 -0.0002 0.0000 0.0002 30.0001 -0.0001 0.0005 -29.9998 0.0000 0.0000 0.0000 -14.6579 6.3455 5.2954 -14.6579 6.3455 5.2954 4.2034 82.7130 110.1812 -52.1460 57.7855 -25.1898 -26.3486 28.8191 -85.4067 0.9728 0.3057 1.7737 0.0000 -0.0001 0.0001 0.0000 0.0000 0.0000 0.0000 -0.0006 0.0003 0.0000 -0.0001 0.0001 0.0000 0.0000 0.0000 0.0000 0.0000 0.0000 0.0000 0.0007 0.0001 0.0000 -0.0012 0.0001 0.0000 -0.0008 0.0003 0.0000 0.0001 0.0000 0.0000 0.0000 0.0000 0.0000 -0.0009 0.0000 0.0000 0.0002 -29.9996 -0.0001 -0.0003 29.9996 0.0000 0.0000 0.0000 -6.2716 11.7122 177.3827 0.0000 0.0000 0.0828 -4.4819 76.1952 -3.4441 0.0000 25.0333 0.0000 -10.9405 -17.0367 -179.2064 0.3132 -12.1217 -0.1158 14.6388 59.7609 -4.4046 0.0000 25.7046 -0.0001 
-4.8490 90.5924 -10.2300 7.9597 0.5849 0.1604 -0.3194 2.9273 -1.1110 -0.3196 2.9295 -1.1119 -0.3204 2.9361 -1.1144 15.4695 80.8676 -86.2137 55.6349 61.6313 26.2256 29.3674 16.6034 83.4960 -0.8671 0.6526 -1.4303 0.0000 0.0000 0.0001 0.0000 0.0000 0.0000 0.0000 -0.0013 -0.0008 0.0000 -0.0004 0.0001 0.0000 0.0000 0.0000 0.0000 0.0000 0.0000 0.0000 0.0002 0.0000 0.0000 -0.0006 0.0003 0.0000 0.0004 -0.0006 0.0000 0.0000 0.0001 0.0000 0.0000 0.0000 0.0000 -0.0010 -0.0002 0.0000 0.0002 30.0001 -0.0001 0.0005 -29.9998 0.0000 0.0000 0.0000 -14.6466 6.3513 5.2769 -14.6466 6.3513 5.2769 4.0411 82.6943 110.0047 -52.0606 57.7872 -25.1127 -26.3756 28.7977 -85.4169 0.9762 0.3092 1.7763 0.0000 -0.0001 0.0001 0.0000 0.0000 0.0000 0.0000 -0.0006 0.0003 0.0000 -0.0001 0.0001 0.0000 0.0000 0.0000 0.0000 0.0000 0.0000 0.0000 0.0007 0.0001 0.0000 -0.0011 0.0001 0.0000 -0.0008 0.0003 0.0000 0.0001 0.0000 0.0000 0.0000 0.0000 0.0000 -0.0009 0.0000 0.0000 0.0002 -29.9997 -0.0001 -0.0003 29.9996 0.0000 0.0000 0.0000 -6.3476 11.6822 177.3601 -0.0001 -0.0163 0.0828 -4.4116 76.1693 -3.2637 0.0000 25.0328 0.0000 -10.9704 -17.1151 -179.2030 0.3173 -12.2358 -0.1166 14.7919 59.7436 -4.2249 0.0000 25.7364 -0.0001 
-4.8682 90.5915 -10.2376 7.9601 0.5783 0.1618 -0.3133 2.9319 -1.1056 -0.3136 2.9342 -1.1065 -0.3143 2.9407 -1.1090 15.4528 80.8641 -86.2653 55.6515 61.6525 26.2341 29.3651 16.5873 83.5023 -0.8660 0.6512 -1.4317 0.0000 0.0000 0.0001 0.0000 0.0000 0.0000 0.0000 -0.0013 -0.0008 0.0000 -0.0004 0.0001 0.0000 0.0000 0.0000 0.0000 0.0000 0.0000 0.0000 0.0002 -0.0001 0.0000 -0.0006 0.0003 0.0000 0.0004 -0.0006 0.0000 0.0000 0.0001 0.0000 0.0000 0.0000 0.0000 -0.0010 -0.0002 0.0000 0.0002 30.0001 -0.0001 0.0005 -29.9998 0.0000 0.0000 0.0000 -14.6348 6.3522 5.2584 -14.6348 6.3522 5.2584 3.9055 82.6709 109.8563 -51.9801 57.7882 -25.0434 -26.3973 28.7832 -85.4182 0.9793 0.3122 1.7788 0.0000 -0.0001 0.0001 0.0000 0.0000 0.0000 0.0000 -0.0006 0.0003 0.0000 -0.0001 0.0001 0.0000 0.0000 0.0000 0.0000 0.0000 0.0000 0.0000 0.0007 0.0001 0.0000 -0.0012 0.0001 0.0000 -0.0008 0.0003 0.0000 0.0001 0.0000 0.0000 0.0000 0.0000 0.0000 -0.0009 0.0000 0.0000 0.0002 -29.9996 -0.0001 -0.0003 29.9996 0.0000 0.0000 0.0000 -6.4019 11.6785 177.3540 -0.0001 -0.0163 0.0828 -4.3711 76.1454 -3.1471 0.0000 25.0325 0.0000 -10.9734 -17.1990 -179.1967 0.3246 -12.3956 -0.1178 14.9811 59.7646 -4.0355 0.0000 25.7816 -0.0001 
-4.8915 90.5891 -10.2269 7.9635 0.5732 0.1597 -0.3064 2.9362 -1.0982 -0.3066 2.9385 -1.0990 -0.3074 2.9451 -1.1015 15.4304 80.8614 -86.3191 55.6731 61.6828 26.2490 29.3551 16.5709 83.5004 -0.8648 0.6495 -1.4334 0.0000 0.0000 0.0001 0.0000 0.0000 0.0000 0.0000 -0.0013 -0.0008 0.0000 -0.0004 0.0001 0.0000 0.0000 0.0000 0.0000 0.0000 0.0000 0.0000 0.0002 0.0000 0.0000 -0.0006 0.0003 0.0000 0.0004 -0.0006 0.0000 0.0000 0.0001 0.0000 0.0000 0.0000 0.0000 -0.0010 -0.0002 0.0000 0.0002 30.0001 -0.0002 0.0005 -29.9998 0.0000 0.0000 0.0000 -14.6249 6.3504 5.2396 -14.6248 6.3504 5.2396 3.7865 82.6484 109.7297 -51.9109 57.7864 -24.9862 -26.4189 28.7808 -85.4135 0.9820 0.3146 1.7811 0.0000 -0.0001 0.0001 0.0000 0.0000 0.0000 0.0000 -0.0006 0.0003 0.0000 -0.0001 0.0001 0.0000 0.0000 0.0000 0.0000 0.0000 0.0000 0.0000 0.0007 0.0001 0.0000 -0.0012 0.0001 0.0000 -0.0008 0.0003 0.0000 0.0001 0.0000 0.0000 0.0000 0.0000 0.0000 -0.0009 0.0000 0.0000 0.0002 -29.9996 -0.0001 -0.0003 29.9996 0.0000 0.0000 0.0000 -6.4275 11.6715 177.3637 -0.0002 -0.0487 0.0828 -4.3576 76.1499 -3.0975 0.0000 25.0322 0.0000 -10.9782 -17.2885 -179.1850 0.3343 -12.5903 -0.1195 15.1884 59.8153 -3.8251 0.0000 25.8366 -0.0001 
-4.9163 90.5867 -10.2074 7.9711 0.5713 0.1554 -0.2993 2.9398 -1.0892 -0.2996 2.9421 -1.0900 -0.3003 2.9487 -1.0925 15.4041 80.8604 -86.3740 55.6892 61.7197 26.2623 29.3420 16.5601 83.4914 -0.8634 0.6475 -1.4352 0.0000 0.0000 0.0001 0.0000 0.0000 0.0000 0.0000 -0.0013 -0.0008 0.0000 -0.0004 0.0001 0.0000 0.0000 0.0000 0.0000 0.0000 0.0000 0.0000 0.0002 0.0000 0.0000 -0.0006 0.0003 0.0000 0.0004 -0.0006 0.0000 0.0000 0.0001 0.0000 0.0000 0.0000 0.0000 -0.0010 -0.0002 0.0000 0.0002 30.0001 -0.0001 0.0005 -29.9998 0.0000 0.0000 0.0000 -14.6172 6.3470 5.2201 -14.6172 6.3470 5.2201 3.6815 82.6260 109.6185 -51.8452 57.7840 -24.9329 -26.4440 28.7910 -85.4023 0.9841 0.3164 1.7825 0.0000 -0.0001 0.0001 0.0000 0.0000 0.0000 0.0000 -0.0006 0.0003 0.0000 -0.0001 0.0001 0.0000 0.0000 0.0000 0.0000 0.0000 0.0000 0.0000 0.0007 0.0001 0.0000 -0.0012 0.0001 0.0000 -0.0008 0.0003 0.0000 0.0001 0.0000 0.0000 0.0000 0.0000 0.0000 -0.0008 0.0000 0.0000 0.0002 -29.9996 -0.0001 -0.0003 29.9996 0.0000 0.0000 0.0000 -6.4337 11.7014 177.3841 -0.0001 -0.0163 0.0828 -4.3460 76.1298 -3.0799 0.0000 25.0319 0.0000 -10.9928 -17.3847 -179.1696 0.3450 -12.8061 -0.1213 15.4054 59.8816 -3.5955 0.0000 25.8890 -0.0001 
-4.9375 90.5856 -10.1884 7.9849 0.5745 0.1493 -0.2914 2.9421 -1.0788 -0.2917 2.9443 -1.0797 -0.2924 2.9510 -1.0821 15.3792 80.8616 -86.4214 55.6917 61.7617 26.2681 29.3273 16.5563 83.4760 -0.8620 0.6456 -1.4371 0.0000 0.0000 0.0001 0.0000 0.0000 0.0000 0.0000 -0.0013 -0.0008 0.0000 -0.0004 0.0001 0.0000 0.0000 0.0000 0.0000 0.0000 0.0000 0.0000 0.0002 -0.0001 0.0000 -0.0006 0.0003 0.0000 0.0004 -0.0006 0.0000 0.0000 0.0001 0.0000 0.0000 0.0000 0.0000 -0.0010 -0.0002 0.0000 0.0002 30.0001 -0.0001 0.0005 -29.9998 0.0000 0.0000 0.0000 -14.6156 6.3430 5.2017 -14.6156 6.3430 5.2017 3.6026 82.6055 109.5358 -51.7883 57.7831 -24.8847 -26.4743 28.8142 -85.3860 0.9851 0.3173 1.7827 0.0000 -0.0001 0.0001 0.0000 0.0000 0.0000 0.0000 -0.0006 0.0003 0.0000 -0.0001 0.0001 0.0000 0.0000 0.0000 0.0000 0.0000 0.0000 0.0000 0.0007 0.0001 0.0000 -0.0012 0.0001 0.0000 -0.0008 0.0003 0.0000 0.0001 0.0000 0.0000 0.0000 0.0000 0.0000 -0.0009 0.0000 0.0000 0.0002 -29.9997 -0.0001 -0.0003 29.9996 0.0000 0.0000 0.0000 -6.4219 11.7188 177.4108 0.0000 0.0001 0.0828 -4.3315 76.1218 -3.0873 0.0000 25.0318 0.0000 -11.0303 -17.4955 -179.1532 0.3552 -13.0419 -0.1232 15.6286 59.9555 -3.3392 0.0000 25.9188 -0.0001 
-4.9498 90.5844 -10.1728 8.0020 0.5806 0.1432 -0.2838 2.9431 -1.0676 -0.2840 2.9453 -1.0684 -0.2847 2.9519 -1.0709 15.3597 80.8641 -86.4637 55.6902 61.8051 26.2694 29.3082 16.5497 83.4611 -0.8607 0.6438 -1.4388 0.0000 0.0000 0.0001 0.0000 0.0000 0.0000 0.0000 -0.0013 -0.0008 0.0000 -0.0004 0.0001 0.0000 0.0000 0.0000 0.0000 0.0000 0.0000 0.0000 0.0002 0.0000 0.0000 -0.0006 0.0003 0.0000 0.0004 -0.0006 0.0000 0.0000 0.0001 0.0000 0.0000 0.0000 0.0000 -0.0010 -0.0002 0.0000 0.0002 30.0001 -0.0001 0.0005 -29.9998 0.0000 0.0000 0.0000 -14.6169 6.3394 5.1841 -14.6169 6.3394 5.1841 3.5334 82.5866 109.4620 -51.7437 57.7781 -24.8417 -26.5048 28.8417 -85.3719 0.9859 0.3180 1.7824 0.0000 -0.0001 0.0001 0.0000 0.0000 0.0000 0.0000 -0.0006 0.0003 0.0000 -0.0001 0.0001 0.0000 0.0000 0.0000 0.0000 0.0000 0.0000 0.0000 0.0007 0.0001 0.0000 -0.0012 0.0001 0.0000 -0.0008 0.0003 0.0000 0.0001 0.0000 0.0000 0.0000 0.0000 0.0000 -0.0008 0.0000 0.0000 0.0002 -29.9997 -0.0001 -0.0003 29.9996 0.0000 0.0000 0.0000 -6.4127 11.7230 177.4309 0.0000 0.0000 0.0828 -4.2920 76.1238 -3.0687 0.0000 25.0317 0.0000 -11.0891 -17.6146 -179.1403 0.3628 -13.2842 -0.1248 15.8432 60.0295 -3.0708 0.0000 25.9347 -0.0001 
-4.9512 90.5822 -10.1595 8.0203 0.5875 0.1377 -0.2760 2.9437 -1.0557 -0.2762 2.9459 -1.0565 -0.2769 2.9526 -1.0589 15.3378 80.8654 -86.5078 55.6833 61.8479 26.2641 29.2901 16.5395 83.4492 -0.8597 0.6424 -1.4409 0.0000 0.0000 0.0001 0.0000 0.0000 0.0000 0.0000 -0.0013 -0.0008 0.0000 -0.0004 0.0001 0.0000 0.0000 0.0000 0.0000 0.0000 0.0000 0.0000 0.0002 0.0000 0.0000 -0.0006 0.0003 0.0000 0.0004 -0.0006 0.0000 0.0000 0.0001 0.0000 0.0000 0.0000 0.0000 -0.0010 -0.0002 0.0000 0.0002 30.0001 -0.0001 0.0005 -29.9998 0.0000 0.0000 0.0000 -14.6203 6.3356 5.1673 -14.6203 6.3356 5.1673 3.4562 82.5677 109.3804 -51.7065 57.7711 -24.8005 -26.5355 28.8653 -85.3627 0.9867 0.3188 1.7819 0.0000 -0.0001 0.0001 0.0000 0.0000 0.0000 0.0000 -0.0006 0.0003 0.0000 -0.0001 0.0001 0.0000 0.0000 0.0000 0.0000 0.0000 0.0000 0.0000 0.0007 0.0001 0.0000 -0.0012 0.0001 0.0000 -0.0008 0.0003 0.0000 0.0001 0.0000 0.0000 0.0000 0.0000 0.0000 -0.0008 0.0000 0.0000 0.0002 -29.9996 -0.0001 -0.0003 29.9996 0.0000 0.0000 0.0000 -6.4114 11.7246 177.4408 0.0000 0.0000 0.0828 -4.2190 76.1272 -3.0069 0.0000 25.0316 0.0000 -11.1633 -17.7293 -179.1324 0.3674 -13.5132 -0.1261 16.0408 60.0957 -2.8041 0.0000 25.9546 -0.0001 
-4.9424 90.5817 -10.1573 8.0378 0.5935 0.1333 -0.2662 2.9448 -1.0437 -0.2664 2.9470 -1.0445 -0.2670 2.9537 -1.0469 15.3161 80.8604 -86.5466 55.6650 61.8874 26.2439 29.2793 16.5303 83.4434 -0.8591 0.6412 -1.4430 0.0000 0.0000 0.0001 0.0000 0.0000 0.0000 0.0000 -0.0013 -0.0008 0.0000 -0.0004 0.0001 0.0000 0.0000 0.0000 0.0000 0.0000 0.0000 0.0000 0.0002 0.0000 0.0000 -0.0006 0.0003 0.0000 0.0004 -0.0006 0.0000 0.0000 0.0001 0.0000 0.0000 0.0000 0.0000 -0.0010 -0.0002 0.0000 0.0002 30.0001 -0.0001 0.0005 -29.9998 0.0000 0.0000 0.0000 -14.6282 6.3311 5.1549 -14.6282 6.3311 5.1549 3.3695 82.5486 109.2932 -51.6694 57.7665 -24.7554 -26.5636 28.8745 -85.3592 0.9875 0.3198 1.7815 0.0000 -0.0001 0.0001 0.0000 0.0000 0.0000 0.0000 -0.0006 0.0003 0.0000 -0.0001 0.0001 0.0000 0.0000 0.0000 0.0000 0.0000 0.0000 0.0000 0.0007 0.0001 0.0000 -0.0012 0.0001 0.0000 -0.0008 0.0003 0.0000 0.0001 0.0000 0.0000 0.0000 0.0000 0.0000 -0.0008 0.0000 0.0000 0.0002 -29.9997 -0.0001 -0.0003 29.9996 0.0000 0.0000 0.0000 -6.4321 11.7184 177.4362 0.0000 0.0001 0.0828 -4.1195 76.1240 -2.8902 0.0000 25.0314 0.0000 -11.2452 -17.8153 -179.1283 0.3679 -13.6736 -0.1267 16.1942 60.1278 -2.5779 0.0000 25.9743 -0.0001 
-4.9339 90.5847 -10.1711 8.0534 0.5980 0.1293 -0.2560 2.9468 -1.0319 -0.2562 2.9491 -1.0327 -0.2568 2.9557 -1.0350 15.2985 80.8486 -86.5829 55.6429 61.9232 26.2198 29.2745 16.5220 83.4402 -0.8590 0.6405 -1.4457 0.0000 0.0000 0.0001 0.0000 0.0000 0.0000 0.0000 -0.0013 -0.0008 0.0000 -0.0004 0.0001 0.0000 0.0000 0.0000 0.0000 0.0000 0.0000 0.0000 0.0002 0.0000 0.0000 -0.0006 0.0003 0.0000 0.0004 -0.0006 0.0000 0.0000 0.0001 0.0000 0.0000 0.0000 0.0000 -0.0010 -0.0002 0.0000 0.0002 30.0001 -0.0001 0.0005 -29.9998 0.0000 0.0000 0.0000 -14.6362 6.3253 5.1482 -14.6362 6.3253 5.1482 3.2774 82.5307 109.1988 -51.6255 57.7676 -24.7061 -26.5848 28.8753 -85.3568 0.9888 0.3212 1.7820 0.0000 -0.0001 0.0001 0.0000 0.0000 0.0000 0.0000 -0.0006 0.0003 0.0000 -0.0001 0.0001 0.0000 0.0000 0.0000 0.0000 0.0000 0.0000 0.0000 0.0007 0.0001 0.0000 -0.0012 0.0001 0.0000 -0.0008 0.0003 0.0000 0.0001 0.0000 0.0000 0.0000 0.0000 0.0000 -0.0008 0.0000 0.0000 0.0002 -29.9997 -0.0001 -0.0003 29.9996 0.0000 0.0000 0.0000 -6.4685 11.6772 177.4268 -0.0002 -0.0487 0.0828 -4.0295 76.1331 -2.7620 0.0000 25.0312 0.0000 -11.3177 -17.8674 -179.1230 0.3655 -13.7496 -0.1266 16.2978 60.1192 -2.4193 0.0000 25.9768 -0.0001 
-4.9308 90.5895 -10.1923 8.0680 0.6024 0.1261 -0.2464 2.9494 -1.0212 -0.2466 2.9517 -1.0219 -0.2473 2.9583 -1.0242 15.2962 80.8317 -86.6049 55.6239 61.9562 26.1996 29.2724 16.5138 83.4384 -0.8592 0.6401 -1.4485 0.0000 0.0000 0.0001 0.0000 0.0000 0.0000 0.0000 -0.0013 -0.0008 0.0000 -0.0004 0.0001 0.0000 0.0000 0.0000 0.0000 0.0000 0.0000 0.0000 0.0002 0.0000 0.0000 -0.0006 0.0003 0.0000 0.0004 -0.0006 0.0000 0.0000 0.0001 0.0000 0.0000 0.0000 0.0000 -0.0010 -0.0002 0.0000 0.0003 30.0001 -0.0001 0.0005 -29.9998 0.0000 0.0000 0.0000 -14.6432 6.3187 5.1475 -14.6432 6.3188 5.1475 3.2027 82.5140 109.1215 -51.5774 57.7724 -24.6567 -26.5984 28.8756 -85.3530 0.9901 0.3225 1.7830 0.0000 -0.0001 0.0001 0.0000 0.0000 0.0000 0.0000 -0.0006 0.0003 0.0000 -0.0001 0.0001 0.0000 0.0000 0.0000 0.0000 0.0000 0.0000 0.0000 0.0007 0.0001 0.0000 -0.0012 0.0001 0.0000 -0.0008 0.0003 0.0000 0.0001 0.0000 0.0000 0.0000 0.0000 0.0000 -0.0008 0.0000 0.0000 0.0002 -29.9996 -0.0001 -0.0003 29.9996 0.0000 0.0000 0.0000 -6.5143 11.6708 177.4182 -0.0001 -0.0163 0.0828 -3.9449 76.0956 -2.6302 0.0000 25.0309 0.0000 -11.3758 -17.8990 -179.1150 0.3622 -13.7758 -0.1263 16.3623 60.0930 -2.3220 0.0000 25.9624 -0.0001 
-4.9384 90.5916 -10.2014 8.0846 0.6081 0.1257 -0.2396 2.9521 -1.0132 -0.2398 2.9544 -1.0139 -0.2404 2.9611 -1.0162 15.3116 80.8097 -86.6080 55.6128 61.9843 26.1898 29.2731 16.5103 83.4352 -0.8595 0.6398 -1.4512 0.0000 0.0000 0.0001 0.0000 0.0000 0.0000 0.0000 -0.0013 -0.0008 0.0000 -0.0004 0.0001 0.0000 0.0000 0.0000 0.0000 0.0000 0.0000 0.0000 0.0002 0.0000 0.0000 -0.0006 0.0003 0.0000 0.0004 -0.0006 0.0000 0.0000 0.0001 0.0000 0.0000 0.0000 0.0000 -0.0010 -0.0002 0.0000 0.0002 30.0001 -0.0001 0.0005 -29.9998 0.0000 0.0000 0.0000 -14.6469 6.3124 5.1548 -14.6469 6.3124 5.1548 3.1650 82.5010 109.0809 -51.5228 57.7830 -24.6117 -26.6040 28.8775 -85.3450 0.9915 0.3233 1.7848 0.0000 -0.0001 0.0001 0.0000 0.0000 0.0000 0.0000 -0.0006 0.0003 0.0000 -0.0001 0.0001 0.0000 0.0000 0.0000 0.0000 0.0000 0.0000 0.0000 0.0007 0.0001 0.0000 -0.0012 0.0001 0.0000 -0.0008 0.0003 0.0000 0.0001 0.0000 0.0000 0.0000 0.0000 0.0000 -0.0009 0.0000 0.0000 0.0002 -29.9997 -0.0001 -0.0002 29.9996 0.0000 0.0000 0.0000 -6.5609 11.6628 177.4152 0.0000 0.0001 0.0828 -3.9000 76.0735 -2.5423 0.0000 25.0308 0.0000 -11.4087 -17.9186 -179.1054 0.3602 -13.7908 -0.1261 16.3980 60.0836 -2.2863 0.0000 25.9585 -0.0001 
-4.9492 90.5901 -10.1888 8.1061 0.6161 0.1287 -0.2371 2.9543 -1.0078 -0.2373 2.9566 -1.0085 -0.2379 2.9632 -1.0108 15.3270 80.7861 -86.6106 55.6038 62.0058 26.1848 29.2755 16.5172 83.4285 -0.8599 0.6395 -1.4538 0.0000 0.0000 0.0001 0.0000 0.0000 0.0000 0.0000 -0.0013 -0.0008 0.0000 -0.0004 0.0001 0.0000 0.0000 0.0000 0.0000 0.0000 0.0000 0.0000 0.0003 0.0000 0.0000 -0.0006 0.0003 0.0000 0.0004 -0.0006 0.0000 0.0000 0.0001 0.0000 0.0000 0.0000 0.0000 -0.0010 -0.0002 0.0000 0.0003 30.0001 -0.0001 0.0005 -29.9998 0.0000 0.0000 0.0000 -14.6492 6.3071 5.1663 -14.6492 6.3071 5.1663 3.1497 82.4919 109.0618 -51.4683 57.7948 -24.5742 -26.6090 28.8826 -85.3369 0.9927 0.3238 1.7868 0.0000 -0.0001 0.0001 0.0000 0.0000 0.0000 0.0000 -0.0006 0.0003 0.0000 -0.0001 0.0001 0.0000 0.0000 0.0000 0.0000 0.0000 0.0000 0.0000 0.0007 0.0001 0.0000 -0.0012 0.0001 0.0000 -0.0008 0.0003 0.0000 0.0001 0.0000 0.0000 0.0000 0.0000 0.0000 -0.0009 0.0000 0.0000 0.0002 -29.9996 -0.0001 -0.0003 29.9996 0.0000 0.0000 0.0000 -6.5990 11.6593 177.4152 0.0000 0.0001 0.0828 -3.8703 76.0761 -2.4865 0.0000 25.0306 0.0000 -11.4261 -17.9384 -179.0989 0.3609 -13.8310 -0.1263 16.4405 60.1071 -2.2616 0.0000 25.9821 -0.0001 
-4.9590 90.5881 -10.1672 8.1325 0.6258 0.1346 -0.2388 2.9560 -1.0046 -0.2390 2.9583 -1.0053 -0.2396 2.9649 -1.0076 15.3387 80.7634 -86.6168 55.5972 62.0214 26.1840 29.2780 16.5312 83.4190 -0.8605 0.6393 -1.4562 0.0000 0.0000 0.0001 0.0000 0.0000 0.0000 0.0000 -0.0013 -0.0008 0.0000 -0.0004 0.0001 0.0000 0.0000 0.0000 0.0000 0.0000 0.0000 0.0000 0.0002 0.0000 0.0000 -0.0006 0.0003 0.0000 0.0004 -0.0006 0.0000 0.0000 0.0001 0.0000 0.0000 0.0000 0.0000 -0.0010 -0.0002 0.0000 0.0002 30.0001 -0.0001 0.0005 -29.9998 0.0000 0.0000 0.0000 -14.6511 6.3025 5.1798 -14.6511 6.3025 5.1798 3.1490 82.4852 109.0583 -51.4197 57.8048 -24.5452 -26.6172 28.8903 -85.3314 0.9937 0.3239 1.7887 0.0000 -0.0001 0.0001 0.0000 0.0000 0.0000 0.0000 -0.0006 0.0003 0.0000 -0.0001 0.0001 0.0000 0.0000 0.0000 0.0000 0.0000 0.0000 0.0000 0.0007 0.0001 0.0000 -0.0012 0.0001 0.0000 -0.0008 0.0003 0.0000 0.0001 0.0000 0.0000 0.0000 0.0000 0.0000 -0.0009 0.0000 0.0000 0.0002 -29.9996 -0.0001 -0.0003 29.9996 0.0000 0.0000 0.0000 -6.6275 11.6605 177.4158 0.0000 0.0000 0.0828 -3.8370 76.0875 -2.4447 0.0000 25.0304 0.0000 -11.4331 -17.9563 -179.0977 0.3630 -13.8764 -0.1267 16.4822 60.1451 -2.2508 0.0000 26.0060 -0.0001 
-4.9664 90.5889 -10.1562 8.1635 0.6371 0.1449 -0.2454 2.9575 -1.0041 -0.2456 2.9597 -1.0049 -0.2462 2.9664 -1.0072 15.3438 80.7432 -86.6263 55.5905 62.0285 26.1845 29.2756 16.5491 83.4075 -0.8611 0.6392 -1.4580 0.0000 0.0000 0.0001 0.0000 0.0000 0.0000 0.0000 -0.0013 -0.0008 0.0000 -0.0004 0.0001 0.0000 0.0000 0.0000 0.0000 0.0000 0.0000 0.0000 0.0002 0.0000 0.0000 -0.0006 0.0003 0.0000 0.0004 -0.0006 0.0000 0.0000 0.0001 0.0000 0.0000 0.0000 0.0000 -0.0010 -0.0002 0.0000 0.0003 30.0001 -0.0001 0.0005 -29.9998 0.0000 0.0000 0.0000 -14.6535 6.2983 5.1927 -14.6535 6.2983 5.1927 3.1711 82.4792 109.0786 -51.3842 57.8109 -24.5279 -26.6306 28.8996 -85.3276 0.9942 0.3236 1.7902 0.0000 -0.0001 0.0001 0.0000 0.0000 0.0000 0.0000 -0.0006 0.0003 0.0000 -0.0001 0.0001 0.0000 0.0000 0.0000 0.0000 0.0000 0.0000 0.0000 0.0007 0.0001 0.0000 -0.0011 0.0001 0.0000 -0.0008 0.0003 0.0000 0.0001 0.0000 0.0000 0.0000 0.0000 0.0000 -0.0009 0.0000 0.0000 0.0002 -29.9997 -0.0001 -0.0003 29.9996 0.0000 0.0000 0.0000 -6.6394 11.6288 177.4156 -0.0002 -0.0485 0.0828 -3.7958 76.1193 -2.4175 0.0000 25.0304 0.0000 -11.4263 -17.9653 -179.1048 0.3651 -13.8869 -0.1270 16.5123 60.1654 -2.2690 0.0000 26.0094 -0.0001 
-4.9711 90.5919 -10.1674 8.1922 0.6485 0.1576 -0.2533 2.9590 -1.0044 -0.2535 2.9613 -1.0052 -0.2541 2.9679 -1.0075 15.3313 80.7247 -86.6483 55.5779 62.0307 26.1787 29.2703 16.5639 83.3945 -0.8619 0.6396 -1.4598 0.0000 0.0000 0.0001 0.0000 0.0000 0.0000 0.0000 -0.0013 -0.0008 0.0000 -0.0004 0.0001 0.0000 0.0000 0.0000 0.0000 0.0000 0.0000 0.0000 0.0002 0.0000 0.0000 -0.0006 0.0003 0.0000 0.0004 -0.0006 0.0000 0.0000 0.0001 0.0000 0.0000 0.0000 0.0000 -0.0010 -0.0002 0.0000 0.0002 30.0001 -0.0001 0.0005 -29.9998 0.0000 0.0000 0.0000 -14.6579 6.2939 5.2012 -14.6579 6.2939 5.2012 3.1846 82.4729 109.0913 -51.3553 57.8140 -24.5120 -26.6488 28.9039 -85.3236 0.9945 0.3236 1.7909 0.0000 -0.0001 0.0001 0.0000 0.0000 0.0000 0.0000 -0.0006 0.0003 0.0000 -0.0001 0.0001 0.0000 0.0000 0.0000 0.0000 0.0000 0.0000 0.0000 0.0007 0.0001 0.0000 -0.0012 0.0001 0.0000 -0.0008 0.0003 0.0000 0.0001 0.0000 0.0000 0.0000 0.0000 0.0000 -0.0009 0.0000 0.0000 0.0002 -29.9996 -0.0001 -0.0003 29.9996 0.0000 0.0000 0.0000 -6.6496 11.6225 177.4107 -0.0001 -0.0163 0.0828 -3.7363 76.0984 -2.3721 0.0000 25.0303 0.0000 -11.4143 -17.9653 -179.1161 0.3658 -13.8487 -0.1270 16.5258 60.1485 -2.3089 0.0000 25.9997 -0.0001 
-4.9712 90.5954 -10.1943 8.2138 0.6594 0.1713 -0.2609 2.9606 -1.0042 -0.2611 2.9629 -1.0050 -0.2618 2.9695 -1.0072 15.3025 80.7074 -86.6838 55.5579 62.0291 26.1642 29.2672 16.5758 83.3820 -0.8626 0.6400 -1.4608 0.0000 0.0000 0.0001 0.0000 0.0000 0.0000 0.0000 -0.0013 -0.0008 0.0000 -0.0004 0.0001 0.0000 0.0000 0.0000 0.0000 0.0000 0.0000 0.0000 0.0002 0.0000 0.0000 -0.0006 0.0003 0.0000 0.0004 -0.0006 0.0000 0.0000 0.0001 0.0000 0.0000 0.0000 0.0000 -0.0010 -0.0002 0.0000 0.0003 30.0001 -0.0001 0.0005 -29.9998 0.0000 0.0000 0.0000 -14.6631 6.2885 5.2045 -14.6631 6.2885 5.2045 3.1779 82.4679 109.0828 -51.3266 57.8142 -24.4914 -26.6696 28.9020 -85.3215 0.9949 0.3240 1.7911 0.0000 -0.0001 0.0001 0.0000 0.0000 0.0000 0.0000 -0.0006 0.0003 0.0000 -0.0001 0.0001 0.0000 0.0000 0.0000 0.0000 0.0000 0.0000 0.0000 0.0007 0.0001 0.0000 -0.0012 0.0001 0.0000 -0.0008 0.0003 0.0000 0.0001 0.0000 0.0000 0.0000 0.0000 0.0000 -0.0008 0.0000 0.0000 0.0002 -29.9997 -0.0001 -0.0003 29.9996 0.0000 0.0000 0.0000 -6.6589 11.5985 177.3998 0.0000 0.0001 0.0828 -3.6691 76.0751 -2.3118 0.0000 25.0302 0.0000 -11.4009 -17.9617 -179.1302 0.3651 -13.7810 -0.1267 16.5277 60.1052 -2.3560 0.0000 25.9862 -0.0001 
-4.9613 90.5975 -10.2293 8.2176 0.6682 0.1831 -0.2652 2.9629 -1.0019 -0.2655 2.9652 -1.0027 -0.2661 2.9719 -1.0050 15.2560 80.6899 -86.7324 55.5288 62.0249 26.1398 29.2698 16.5869 83.3726 -0.8635 0.6407 -1.4621 0.0000 0.0000 0.0001 0.0000 0.0000 0.0000 0.0000 -0.0013 -0.0008 0.0000 -0.0004 0.0001 0.0000 0.0000 0.0000 0.0000 0.0000 0.0000 0.0000 0.0003 0.0000 0.0000 -0.0006 0.0003 0.0000 0.0004 -0.0006 0.0000 0.0000 0.0001 0.0000 0.0000 0.0000 0.0000 -0.0010 -0.0002 0.0000 0.0002 30.0001 -0.0001 0.0005 -29.9998 0.0000 0.0000 0.0000 -14.6680 6.2802 5.2013 -14.6680 6.2802 5.2013 3.1440 82.4608 109.0475 -51.2949 57.8098 -24.4590 -26.6904 28.8910 -85.3263 0.9957 0.3252 1.7911 0.0000 -0.0001 0.0001 0.0000 0.0000 0.0000 0.0000 -0.0006 0.0003 0.0000 -0.0001 0.0001 0.0000 0.0000 0.0000 0.0000 0.0000 0.0000 0.0000 0.0007 0.0001 0.0000 -0.0012 0.0001 0.0000 -0.0008 0.0003 0.0000 0.0001 0.0000 0.0000 0.0000 0.0000 0.0000 -0.0009 0.0000 0.0000 0.0002 -29.9997 -0.0001 -0.0003 29.9996 0.0000 0.0000 0.0000 -6.6640 11.5399 177.3799 -0.0002 -0.0485 0.0828 -3.5922 76.0787 -2.2262 0.0000 25.0301 0.0000 -11.3888 -17.9577 -179.1461 0.3622 -13.7024 -0.1261 16.5236 60.0469 -2.3919 0.0000 25.9764 -0.0001 
-4.9496 90.5983 -10.2586 8.2042 0.6750 0.1913 -0.2652 2.9663 -0.9981 -0.2655 2.9686 -0.9989 -0.2661 2.9753 -1.0012 15.2051 80.6693 -86.7793 55.5027 62.0208 26.1151 29.2740 16.5956 83.3670 -0.8645 0.6414 -1.4632 0.0000 0.0000 0.0001 0.0000 0.0000 0.0000 0.0000 -0.0013 -0.0008 0.0000 -0.0004 0.0001 0.0000 0.0000 0.0000 0.0000 0.0000 0.0000 0.0000 0.0002 0.0000 0.0000 -0.0006 0.0003 0.0000 0.0004 -0.0006 0.0000 0.0000 0.0001 0.0000 0.0000 0.0000 0.0000 -0.0010 -0.0002 0.0000 0.0002 30.0001 -0.0001 0.0005 -29.9998 0.0000 0.0000 0.0000 -14.6715 6.2682 5.1953 -14.6715 6.2682 5.1953 3.1106 82.4525 109.0179 -51.2575 57.8023 -24.4198 -26.7073 28.8776 -85.3340 0.9968 0.3267 1.7915 0.0000 -0.0001 0.0001 0.0000 0.0000 0.0000 0.0000 -0.0006 0.0003 0.0000 -0.0001 0.0001 0.0000 0.0000 0.0000 0.0000 0.0000 0.0000 0.0000 0.0007 0.0001 0.0000 -0.0012 0.0001 0.0000 -0.0008 0.0003 0.0000 0.0001 0.0000 0.0000 0.0000 0.0000 0.0000 -0.0009 0.0000 0.0000 0.0002 -29.9996 -0.0001 -0.0003 29.9996 0.0000 0.0000 0.0000 -6.6688 11.5290 177.3581 -0.0001 -0.0163 0.0828 -3.5189 76.0442 -2.1287 0.0000 25.0300 0.0000 -11.3828 -17.9531 -179.1556 0.3585 -13.6323 -0.1254 16.5077 59.9946 -2.4197 0.0000 25.9718 -0.0001 
-4.9426 90.5990 -10.2815 8.1769 0.6803 0.1965 -0.2631 2.9705 -0.9932 -0.2633 2.9728 -0.9939 -0.2639 2.9795 -0.9962 15.1511 80.6455 -86.8265 55.4840 62.0174 26.0939 29.2792 16.6013 83.3648 -0.8654 0.6421 -1.4645 0.0000 0.0000 0.0001 0.0000 0.0000 0.0000 0.0000 -0.0013 -0.0008 0.0000 -0.0004 0.0001 0.0000 0.0000 0.0000 0.0000 0.0000 0.0000 0.0000 0.0002 0.0000 0.0000 -0.0006 0.0003 0.0000 0.0004 -0.0006 0.0000 0.0000 0.0001 0.0000 0.0000 0.0000 0.0000 -0.0010 -0.0002 0.0000 0.0002 30.0001 -0.0001 0.0005 -29.9998 0.0000 0.0000 0.0000 -14.6712 6.2533 5.1872 -14.6712 6.2533 5.1871 3.0759 82.4424 108.9883 -51.2132 57.7941 -24.3759 -26.7221 28.8654 -85.3412 0.9983 0.3284 1.7925 0.0000 -0.0001 0.0001 0.0000 0.0000 0.0000 0.0000 -0.0006 0.0003 0.0000 -0.0001 0.0001 0.0000 0.0000 0.0000 0.0000 0.0000 0.0000 0.0000 0.0007 0.0001 0.0000 -0.0012 0.0001 0.0000 -0.0008 0.0003 0.0000 0.0001 0.0000 0.0000 0.0000 0.0000 0.0000 -0.0009 0.0000 0.0000 0.0002 -29.9997 -0.0001 -0.0003 29.9996 0.0000 0.0000 0.0000 -6.6719 11.5168 177.3402 0.0000 0.0000 0.0828 -3.4771 76.0210 -2.0514 0.0000 25.0299 0.0000 -11.3833 -17.9439 -179.1554 0.3554 -13.5642 -0.1248 16.4725 59.9483 -2.4510 0.0000 25.9693 -0.0001 
-4.9454 90.6003 -10.2965 8.1338 0.6853 0.1976 -0.2599 2.9747 -0.9875 -0.2601 2.9770 -0.9883 -0.2608 2.9837 -0.9905 15.1041 80.6200 -86.8645 55.4764 62.0156 26.0789 29.2868 16.6053 83.3671 -0.8661 0.6425 -1.4657 0.0000 0.0000 0.0001 0.0000 0.0000 0.0000 0.0000 -0.0013 -0.0008 0.0000 -0.0004 0.0001 0.0000 0.0000 0.0000 0.0000 0.0000 0.0000 0.0000 0.0003 0.0000 0.0000 -0.0006 0.0003 0.0000 0.0004 -0.0006 0.0000 0.0000 0.0001 0.0000 0.0000 0.0000 0.0000 -0.0010 -0.0002 0.0000 0.0002 30.0001 -0.0001 0.0005 -29.9998 0.0000 0.0000 0.0000 -14.6641 6.2360 5.1774 -14.6641 6.2360 5.1774 3.0593 82.4331 108.9759 -51.1586 57.7869 -24.3296 -26.7332 28.8587 -85.3437 1.0000 0.3300 1.7938 0.0000 -0.0001 0.0001 0.0000 0.0000 0.0000 0.0000 -0.0006 0.0003 0.0000 -0.0001 0.0001 0.0000 0.0000 0.0000 0.0000 0.0000 0.0000 0.0000 0.0007 0.0001 0.0000 -0.0012 0.0001 0.0000 -0.0008 0.0003 0.0000 0.0001 0.0000 0.0000 0.0000 0.0000 0.0000 -0.0009 0.0000 0.0000 0.0002 -29.9997 -0.0001 -0.0003 29.9996 0.0000 0.0000 0.0000 -6.6694 11.5032 177.3315 0.0000 0.0001 0.0828 -3.4824 76.0103 -2.0134 0.0000 25.0298 0.0000 -11.3880 -17.9274 -179.1405 0.3539 -13.4932 -0.1244 16.4088 59.9085 -2.4965 0.0000 25.9649 -0.0001 
-4.9478 90.6013 -10.3061 8.0834 0.6909 0.1963 -0.2579 2.9778 -0.9823 -0.2581 2.9801 -0.9831 -0.2587 2.9868 -0.9853 15.0772 80.5983 -86.8806 55.4744 62.0165 26.0695 29.2921 16.6131 83.3680 -0.8668 0.6428 -1.4668 0.0000 0.0000 0.0001 0.0000 0.0000 0.0000 0.0000 -0.0013 -0.0008 0.0000 -0.0004 0.0001 0.0000 0.0000 0.0000 0.0000 0.0000 0.0000 0.0000 0.0002 0.0000 0.0000 -0.0006 0.0003 0.0000 0.0004 -0.0006 0.0000 0.0000 0.0001 0.0000 0.0000 0.0000 0.0000 -0.0010 -0.0002 0.0000 0.0003 30.0001 -0.0001 0.0005 -29.9998 0.0000 0.0000 0.0000 -14.6519 6.2190 5.1671 -14.6519 6.2190 5.1671 3.0755 82.4297 108.9948 -51.0989 57.7796 -24.2881 -26.7395 28.8588 -85.3425 1.0016 0.3313 1.7954 0.0000 -0.0001 0.0001 0.0000 0.0000 0.0000 0.0000 -0.0006 0.0003 0.0000 -0.0001 0.0001 0.0000 0.0000 0.0000 0.0000 0.0000 0.0000 0.0000 0.0007 0.0001 0.0000 -0.0012 0.0001 0.0000 -0.0008 0.0003 0.0000 0.0001 0.0000 0.0000 0.0000 0.0000 0.0000 -0.0008 0.0000 0.0000 0.0002 -29.9996 -0.0001 -0.0003 29.9996 0.0000 0.0000 0.0000 -6.6573 11.4694 177.3259 -0.0002 -0.0487 0.0828 -3.4983 76.0270 -1.9894 0.0000 25.0298 0.0000 -11.3887 -17.9108 -179.1227 0.3529 -13.4280 -0.1241 16.3440 59.8755 -2.5414 0.0000 25.9594 -0.0001 
-4.9472 90.6011 -10.3100 8.0292 0.6970 0.1932 -0.2567 2.9798 -0.9776 -0.2569 2.9821 -0.9783 -0.2576 2.9888 -0.9805 15.0699 80.5807 -86.8728 55.4769 62.0220 26.0665 29.2933 16.6260 83.3637 -0.8671 0.6428 -1.4674 0.0000 0.0000 0.0001 0.0000 0.0000 0.0000 0.0000 -0.0013 -0.0008 0.0000 -0.0004 0.0001 0.0000 0.0000 0.0000 0.0000 0.0000 0.0000 0.0000 0.0002 0.0000 0.0000 -0.0006 0.0003 0.0000 0.0004 -0.0006 0.0000 0.0000 0.0001 0.0000 0.0000 0.0000 0.0000 -0.0010 -0.0002 0.0000 0.0002 30.0001 -0.0001 0.0005 -29.9998 0.0000 0.0000 0.0000 -14.6373 6.2031 5.1558 -14.6373 6.2031 5.1558 3.1192 82.4321 109.0425 -51.0365 57.7720 -24.2515 -26.7420 28.8634 -85.3385 1.0032 0.3323 1.7970 0.0000 -0.0001 0.0001 0.0000 0.0000 0.0000 0.0000 -0.0006 0.0002 0.0000 -0.0001 0.0001 0.0000 0.0000 0.0000 0.0000 0.0000 0.0000 0.0000 0.0007 0.0001 0.0000 -0.0012 0.0001 0.0000 -0.0008 0.0003 0.0000 0.0001 0.0000 0.0000 0.0000 0.0000 0.0000 -0.0008 0.0000 0.0000 0.0002 -29.9996 -0.0001 -0.0003 29.9996 0.0000 0.0000 0.0000 -6.6400 11.4888 177.3204 0.0000 0.0000 0.0828 -3.4972 75.9995 -1.9524 0.0000 25.0297 0.0000 -11.3839 -17.8992 -179.1054 0.3520 -13.3788 -0.1238 16.2915 59.8526 -2.5761 0.0000 25.9570 -0.0001 
-4.9413 90.5988 -10.3080 7.9723 0.7039 0.1881 -0.2575 2.9794 -0.9736 -0.2577 2.9817 -0.9743 -0.2584 2.9884 -0.9765 15.0823 80.5711 -86.8455 55.4762 62.0269 26.0678 29.2890 16.6516 83.3525 -0.8675 0.6427 -1.4677 0.0000 0.0000 0.0001 0.0000 0.0000 0.0000 0.0000 -0.0013 -0.0008 0.0000 -0.0004 0.0001 0.0000 0.0000 0.0000 0.0000 0.0000 0.0000 0.0000 0.0002 0.0000 0.0000 -0.0006 0.0003 0.0000 0.0004 -0.0006 0.0000 0.0000 0.0001 0.0000 0.0000 0.0000 0.0000 -0.0010 -0.0002 0.0000 0.0003 30.0001 -0.0001 0.0005 -29.9998 0.0000 0.0000 0.0000 -14.6205 6.1897 5.1427 -14.6205 6.1897 5.1427 3.1988 82.4424 109.1258 -50.9686 57.7679 -24.2159 -26.7402 28.8734 -85.3249 1.0041 0.3330 1.7979 0.0000 -0.0001 0.0001 0.0000 0.0000 0.0000 0.0000 -0.0006 0.0003 0.0000 -0.0001 0.0001 0.0000 0.0000 0.0000 0.0000 0.0000 0.0000 0.0000 0.0007 0.0001 0.0000 -0.0012 0.0001 0.0000 -0.0008 0.0003 0.0000 0.0001 0.0000 0.0000 0.0000 0.0000 0.0000 -0.0009 0.0000 0.0000 0.0002 -29.9996 -0.0001 -0.0003 29.9996 0.0000 0.0000 0.0000 -6.6124 11.4881 177.3150 0.0000 0.0001 0.0828 -3.4861 76.0011 -1.9122 0.0000 25.0297 0.0000 -11.3642 -17.8993 -179.0918 0.3513 -13.3576 -0.1237 16.2704 59.8442 -2.5910 0.0000 25.9576 -0.0001 
-4.9365 90.5962 -10.3063 7.9135 0.7104 0.1814 -0.2600 2.9773 -0.9701 -0.2602 2.9796 -0.9709 -0.2608 2.9863 -0.9731 15.0991 80.5682 -86.8143 55.4658 62.0331 26.0654 29.2811 16.6856 83.3364 -0.8677 0.6425 -1.4679 0.0000 0.0000 0.0001 0.0000 0.0000 0.0000 0.0000 -0.0013 -0.0008 0.0000 -0.0004 0.0001 0.0000 0.0000 0.0000 0.0000 0.0000 0.0000 0.0000 0.0003 0.0000 0.0000 -0.0006 0.0003 0.0000 0.0004 -0.0006 0.0000 0.0000 0.0001 0.0000 0.0000 0.0000 0.0000 -0.0010 -0.0002 0.0000 0.0003 30.0001 -0.0001 0.0005 -29.9998 0.0000 0.0000 0.0000 -14.6024 6.1793 5.1285 -14.6024 6.1793 5.1285 3.3156 82.4593 109.2416 -50.8879 57.7704 -24.1698 -26.7345 28.8908 -85.3007 1.0045 0.3333 1.7980 0.0000 -0.0001 0.0001 0.0000 0.0000 0.0000 0.0000 -0.0006 0.0003 0.0000 -0.0001 0.0001 0.0000 0.0000 0.0000 0.0000 0.0000 0.0000 0.0000 0.0007 0.0001 0.0000 -0.0011 0.0001 0.0000 -0.0008 0.0003 0.0000 0.0001 0.0000 0.0000 0.0000 0.0000 0.0000 -0.0008 0.0000 0.0000 0.0002 -29.9996 -0.0001 -0.0003 29.9996 0.0000 0.0000 0.0000 -6.5810 11.4636 177.3122 -0.0002 -0.0487 0.0828 -3.4823 76.0270 -1.8800 0.0000 25.0296 0.0000 -11.3265 -17.9037 -179.0788 0.3510 -13.3443 -0.1236 16.2682 59.8382 -2.6045 0.0000 25.9542 -0.0001 
-4.9318 90.5941 -10.3054 7.8530 0.7158 0.1740 -0.2637 2.9737 -0.9672 -0.2640 2.9760 -0.9679 -0.2646 2.9827 -0.9701 15.1069 80.5707 -86.7919 55.4419 62.0393 26.0538 29.2697 16.7310 83.3158 -0.8681 0.6421 -1.4682 0.0000 0.0000 0.0001 0.0000 0.0000 0.0000 0.0000 -0.0013 -0.0008 0.0000 -0.0004 0.0001 0.0000 0.0000 0.0000 0.0000 0.0000 0.0000 0.0000 0.0002 0.0000 0.0000 -0.0006 0.0003 0.0000 0.0004 -0.0006 0.0000 0.0000 0.0001 0.0000 0.0000 0.0000 0.0000 -0.0010 -0.0002 0.0000 0.0002 30.0001 -0.0001 0.0005 -29.9998 0.0000 0.0000 0.0000 -14.5835 6.1718 5.1139 -14.5835 6.1718 5.1139 3.4700 82.4825 109.3884 -50.7904 57.7802 -24.1075 -26.7229 28.9241 -85.2667 1.0044 0.3332 1.7975 0.0000 -0.0001 0.0001 0.0000 0.0000 0.0000 0.0000 -0.0006 0.0003 0.0000 -0.0001 0.0001 0.0000 0.0000 0.0000 0.0000 0.0000 0.0000 0.0000 0.0007 0.0001 0.0000 -0.0011 0.0001 0.0000 -0.0008 0.0003 0.0000 0.0001 0.0000 0.0000 0.0000 0.0000 0.0000 -0.0008 0.0000 0.0000 0.0002 -29.9997 -0.0001 -0.0003 29.9996 0.0000 0.0000 0.0000 -6.5498 11.4885 177.3096 0.0000 0.0000 0.0828 -3.4653 76.0041 -1.8331 0.0000 25.0295 0.0000 -11.2735 -17.9063 -179.0676 0.3504 -13.3273 -0.1235 16.2759 59.8293 -2.6224 0.0000 25.9450 -0.0001 
-4.9254 90.5927 -10.3019 7.7939 0.7194 0.1665 -0.2680 2.9690 -0.9649 -0.2682 2.9713 -0.9657 -0.2689 2.9780 -0.9679 15.0862 80.5760 -86.7968 55.3958 62.0474 26.0201 29.2569 16.7972 83.2886 -0.8680 0.6411 -1.4679 0.0000 0.0000 0.0001 0.0000 0.0000 0.0000 0.0000 -0.0013 -0.0008 0.0000 -0.0004 0.0001 0.0000 0.0000 0.0000 0.0000 0.0000 0.0000 0.0000 0.0002 0.0000 0.0000 -0.0006 0.0003 0.0000 0.0004 -0.0006 0.0000 0.0000 0.0001 0.0000 0.0000 0.0000 0.0000 -0.0010 -0.0002 0.0000 0.0002 30.0001 -0.0001 0.0005 -29.9998 0.0000 0.0000 0.0000 -14.5645 6.1677 5.1004 -14.5645 6.1677 5.1004 3.6729 82.5099 109.5767 -50.6728 57.8006 -24.0195 -26.7036 28.9843 -85.2241 1.0037 0.3320 1.7964 0.0000 -0.0001 0.0001 0.0000 0.0000 0.0000 0.0000 -0.0006 0.0003 0.0000 -0.0001 0.0001 0.0000 0.0000 0.0000 0.0000 0.0000 0.0000 0.0000 0.0007 0.0001 0.0000 -0.0012 0.0001 0.0000 -0.0008 0.0003 0.0000 0.0001 0.0000 0.0000 0.0000 0.0000 0.0000 -0.0009 0.0000 0.0000 0.0002 -29.9996 -0.0001 -0.0003 29.9996 0.0000 0.0000 0.0000 -6.5167 11.4925 177.3059 0.0000 0.0000 0.0828 -3.4472 76.0076 -1.7868 0.0000 25.0295 0.0000 -11.2074 -17.8995 -179.0603 0.3494 -13.2990 -0.1233 16.2919 59.8166 -2.6450 0.0000 25.9412 -0.0001 
-4.9195 90.5916 -10.2966 7.7457 0.7211 0.1599 -0.2711 2.9653 -0.9632 -0.2714 2.9676 -0.9639 -0.2720 2.9743 -0.9661 15.0575 80.5809 -86.8161 55.3532 62.0506 25.9899 29.2464 16.8558 83.2672 -0.8683 0.6404 -1.4682 0.0000 0.0000 0.0001 0.0000 0.0000 0.0000 0.0000 -0.0013 -0.0008 0.0000 -0.0004 0.0001 0.0000 0.0000 0.0000 0.0000 0.0000 0.0000 0.0000 0.0002 0.0000 0.0000 -0.0006 0.0003 0.0000 0.0004 -0.0006 0.0000 0.0000 0.0001 0.0000 0.0000 0.0000 0.0000 -0.0010 -0.0002 0.0000 0.0002 30.0001 -0.0001 0.0005 -29.9998 0.0000 0.0000 0.0000 -14.5495 6.1644 5.0902 -14.5495 6.1644 5.0902 3.8432 82.5312 109.7351 -50.5741 57.8196 -23.9424 -26.6872 29.0373 -85.1870 1.0030 0.3309 1.7953 0.0000 -0.0001 0.0001 0.0000 0.0000 0.0000 0.0000 -0.0006 0.0003 0.0000 -0.0001 0.0001 0.0000 0.0000 0.0000 0.0000 0.0000 0.0000 0.0000 0.0007 0.0001 0.0000 -0.0012 0.0001 0.0000 -0.0008 0.0003 0.0000 0.0001 0.0000 0.0000 0.0000 0.0000 0.0000 -0.0009 0.0000 0.0000 0.0002 -29.9996 -0.0001 -0.0003 29.9996 0.0000 0.0000 0.0000 -6.4886 11.4904 177.3029 -0.0001 -0.0163 0.0828 -3.4318 76.0202 -1.7487 0.0000 25.0294 0.0000 -11.1485 -17.8912 -179.0560 0.3485 -13.2764 -0.1231 16.3108 59.8078 -2.6612 0.0000 25.9405 -0.0001 
-4.9195 90.5916 -10.2966 7.7457 0.7211 0.1599 -0.2711 2.9653 -0.9632 -0.2714 2.9676 -0.9639 -0.2720 2.9743 -0.9661 15.0575 80.5809 -86.8161 55.3532 62.0506 25.9899 29.2464 16.8558 83.2672 -0.8683 0.6404 -1.4682 0.0000 0.0000 0.0001 0.0000 0.0000 0.0000 0.0000 -0.0013 -0.0008 0.0000 -0.0004 0.0001 0.0000 0.0000 0.0000 0.0000 0.0000 0.0000 0.0000 0.0002 0.0000 0.0000 -0.0006 0.0003 0.0000 0.0004 -0.0006 0.0000 0.0000 0.0001 0.0000 0.0000 0.0000 0.0000 -0.0010 -0.0002 0.0000 0.0002 30.0001 -0.0001 0.0005 -29.9998 0.0000 0.0000 0.0000 -14.5495 6.1644 5.0902 -14.5495 6.1644 5.0902 3.8432 82.5312 109.7351 -50.5741 57.8196 -23.9424 -26.6872 29.0373 -85.1870 1.0030 0.3309 1.7953 0.0000 -0.0001 0.0001 0.0000 0.0000 0.0000 0.0000 -0.0006 0.0003 0.0000 -0.0001 0.0001 0.0000 0.0000 0.0000 0.0000 0.0000 0.0000 0.0000 0.0007 0.0001 0.0000 -0.0012 0.0001 0.0000 -0.0008 0.0003 0.0000 0.0001 0.0000 0.0000 0.0000 0.0000 0.0000 -0.0009 0.0000 0.0000 0.0002 -29.9996 -0.0001 -0.0003 29.9996 0.0000 0.0000 0.0000 -6.4886 11.4904 177.3029 -0.0001 -0.0163 0.0828 -3.4318 76.0202 -1.7487 0.0000 25.3510 0.0000 -11.1485 -17.8912 -179.0560 0.3485 -13.2764 -0.1231 16.3108 59.8078 -2.6612 0.0000 25.3508 -0.0001 